timestamp,level,price_touch,harm_value,accel_hz,wyckoff_ratio,outcome,future_delta,lookahead_used
1998-06-16 00:00:00,34,293.7,293.59103,260.262,1886.8041,HIT/DEFESA,5.3,5
1998-06-16 02:00:00,34,293.7,293.59726,166.1475,1886.8041,HIT/DEFESA,1.6,5
1998-06-17 00:00:00,34,293.5,293.5917,159.2246,3636.8182,HIT/DEFESA,1.8,5
1998-06-17 02:00:00,34,293.5,293.58646,-6.8097,3636.8182,HIT/DEFESA,-0.4,5
1998-06-22 02:00:00,34,295.3,294.31099,-123.7458,9729.0909,HIT/DEFESA,-1.2,5
1998-06-24 00:00:00,34,294.1,294.17217,-40.6366,3121.8182,BREAK/RUPTURA,3.1,5
1998-06-24 02:00:00,34,294.1,294.16805,34.118,3121.8182,HIT/DEFESA,2.6,5
1998-06-25 00:00:00,34,294.1,294.16416,34.118,5824.7059,HIT/DEFESA,2.6,5
1998-07-01 00:00:00,34,294.1,294.7057,-104.3069,3485.4545,BREAK/RUPTURA,1.1,5
1998-07-01 02:00:00,34,294.1,294.67109,-87.6306,3485.4545,HIT/DEFESA,-0.6,5
1998-07-02 00:00:00,34,295.1,294.6956,-53.9265,1688.125,HIT/DEFESA,-1.6,5
1998-07-02 02:00:00,34,295.1,294.71871,34.002,1688.125,BREAK/RUPTURA,-2.75,5
1998-07-06 00:00:00,34,295.2,294.74621,37.4022,2556.1111,BREAK/RUPTURA,-2.85,5
1998-07-06 02:00:00,34,295.2,294.77214,3.3887,2556.1111,BREAK/RUPTURA,-4.1,5
1998-07-13 00:00:00,34,293.4,293.97872,35.9159,2318.0095,HIT/DEFESA,0.1,5
1998-07-13 02:00:00,34,293.4,293.94565,79.0106,2318.0095,HIT/DEFESA,1.35,5
1998-07-14 00:00:00,34,294.0,293.94875,99.6221,4048.5714,HIT/DEFESA,0.75,5
1998-07-14 02:00:00,34,294.0,293.95168,20.4499,4048.5714,HIT/DEFESA,1.1,5
1998-07-15 00:00:00,34,293.5,293.92587,3.4083,21670.0,HIT/DEFESA,1.6,5
1998-07-16 02:00:00,34,294.75,293.99573,42.5894,1546.0606,BREAK/RUPTURA,-1.35,5
1998-07-20 02:00:00,34,295.1,294.11833,11.8745,11804.0,BREAK/RUPTURA,-3.4,5
1998-07-21 00:00:00,34,294.5,294.14014,-8.4818,39010.0,HIT/DEFESA,-2.8,5
1998-07-21 02:00:00,34,294.5,294.1607,-20.3321,39010.0,HIT/DEFESA,-2.5,5
1998-07-22 00:00:00,34,293.4,294.11723,-57.6076,14502.5,HIT/DEFESA,-1.4,5
1998-07-22 02:00:00,34,293.4,294.07625,-37.3514,14502.5,HIT/DEFESA,-3.1,5
1998-09-08 00:00:00,34,284.5,284.01952,-90.5608,3945.0,BREAK/RUPTURA,9.5,5
1998-09-08 02:00:00,34,284.5,284.04697,-62.8711,3945.0,BREAK/RUPTURA,5.7,5
1998-09-09 02:00:00,134,290.7,291.00561,217.9262,1500.1471,BREAK/RUPTURA,-2.8,5
1998-09-14 02:00:00,134,290.2,291.06739,-129.2517,9934.6667,BREAK/RUPTURA,1.5,5
1998-09-16 00:00:00,134,291.2,290.97758,34.459,1366.0976,BREAK/RUPTURA,-3.3,5
1998-09-16 02:00:00,134,291.2,290.98088,114.6231,1366.0976,BREAK/RUPTURA,-1.7,5
1998-09-17 00:00:00,134,291.7,290.99153,131.9903,11668.3333,BREAK/RUPTURA,-2.2,5
1998-09-17 02:00:00,134,291.7,291.00203,17.1703,11668.3333,HIT/DEFESA,2.4,5
1998-09-21 00:00:00,34,287.9,287.54244,-113.3242,12502.5,BREAK/RUPTURA,6.2,5
1998-09-21 02:00:00,34,287.9,287.56287,-130.2708,12502.5,BREAK/RUPTURA,6.5,5
1998-10-19 00:00:00,34,296.5,296.15546,-73.6525,6334.6667,HIT/DEFESA,-4.0,5
1998-10-19 02:00:00,34,296.5,296.17515,-123.2512,6334.6667,HIT/DEFESA,-3.4,5
1998-10-20 00:00:00,34,295.5,296.13657,-156.5623,15002.5,HIT/DEFESA,-2.4,5
1998-10-20 02:00:00,34,295.5,296.10019,-33.7268,15002.5,HIT/DEFESA,-1.5,5
1998-10-21 00:00:00,134,292.5,293.39684,-134.9073,2909.5455,BREAK/RUPTURA,1.5,5
1998-10-22 02:00:00,134,293.1,293.37521,20.5128,11002.5,HIT/DEFESA,0.8,5
1998-10-26 02:00:00,134,294.0,293.39359,30.7062,1000.4762,BREAK/RUPTURA,-1.2,5
1998-10-27 02:00:00,134,293.3,293.39084,-23.8095,6001.4286,HIT/DEFESA,-4.1,5
1998-10-28 00:00:00,134,293.9,293.39838,-3.4014,3901.0,HIT/DEFESA,-4.7,5
1998-10-28 02:00:00,134,293.9,293.40581,20.4569,3901.0,BREAK/RUPTURA,-2.7,5
1998-10-29 00:00:00,134,292.8,293.39683,-17.0474,10001.6667,HIT/DEFESA,-1.6,5
1998-10-29 02:00:00,134,292.8,293.38799,-37.4277,10001.6667,BREAK/RUPTURA,1.5,5
1998-11-05 02:00:00,34,293.4,293.7659,-30.581,14502.5,BREAK/RUPTURA,3.7,5
1998-11-05 02:00:00,134,293.4,293.24114,-30.581,14502.5,BREAK/RUPTURA,3.7,5
1998-11-09 00:00:00,34,293.9,293.77357,-13.5916,2851.5528,BREAK/RUPTURA,3.2,5
1998-11-09 00:00:00,134,293.9,293.2509,-13.5916,2851.5528,BREAK/RUPTURA,3.2,5
1998-11-09 02:00:00,34,293.9,293.78079,17.0416,2851.5528,HIT/DEFESA,2.3,5
1998-11-09 02:00:00,134,293.9,293.26052,17.0416,2851.5528,HIT/DEFESA,2.3,5
1998-11-10 00:00:00,34,293.3,293.75332,-3.4083,25005.0,BREAK/RUPTURA,2.9,5
1998-11-10 00:00:00,134,293.3,293.2611,-3.4083,25005.0,BREAK/RUPTURA,2.9,5
1998-11-10 02:00:00,34,293.3,293.72741,-20.4151,25005.0,BREAK/RUPTURA,1.1,5
1998-11-10 02:00:00,134,293.3,293.26168,-20.4151,25005.0,BREAK/RUPTURA,1.1,5
1998-11-16 00:00:00,34,294.4,294.33851,-90.8785,29673.3333,BREAK/RUPTURA,1.5,5
1998-11-16 00:00:00,134,294.4,293.47162,-90.8785,29673.3333,BREAK/RUPTURA,1.5,5
1998-11-16 02:00:00,34,294.4,294.34202,-60.7698,29673.3333,BREAK/RUPTURA,2.0,5
1998-11-16 02:00:00,134,294.4,293.48538,-60.7698,29673.3333,BREAK/RUPTURA,2.0,5
1998-11-25 00:00:00,34,296.4,295.43777,-3.3727,2335.0,HIT/DEFESA,-2.4,5
1998-11-25 02:00:00,34,296.4,295.49276,-18.5216,2335.0,HIT/DEFESA,-3.1,5
1998-11-26 00:00:00,34,296.55,295.55317,-13.4703,4876.25,HIT/DEFESA,-3.25,5
1998-11-26 02:00:00,34,296.55,295.61013,5.0607,4876.25,BREAK/RUPTURA,-4.45,5
1998-11-30 00:00:00,134,294.0,294.07549,-80.9717,2053.2164,HIT/DEFESA,-1.9,5
1998-11-30 02:00:00,134,294.0,294.07437,-85.9889,2053.2164,HIT/DEFESA,-1.3,5
1998-12-01 00:00:00,134,293.3,294.0629,-109.5937,11502.5,HIT/DEFESA,-0.6,5
1998-12-07 00:00:00,34,293.85,294.56878,59.911,5106.3158,HIT/DEFESA,0.65,5
1998-12-07 00:00:00,134,293.85,293.95457,59.911,5106.3158,HIT/DEFESA,0.65,5
1998-12-07 02:00:00,34,293.85,294.52771,39.2894,5106.3158,BREAK/RUPTURA,-2.75,5
1998-12-07 02:00:00,134,293.85,293.95302,39.2894,5106.3158,BREAK/RUPTURA,-2.75,5
1998-12-08 00:00:00,34,293.9,294.49184,40.9976,95020.0,BREAK/RUPTURA,-2.8,5
1998-12-08 00:00:00,134,293.9,293.95223,40.9976,95020.0,BREAK/RUPTURA,-2.8,5
1998-12-09 00:00:00,34,294.5,294.46042,22.1201,5858.5714,BREAK/RUPTURA,-1.4,5
1998-12-09 00:00:00,134,294.5,293.95959,22.1201,5858.5714,BREAK/RUPTURA,-1.4,5
1998-12-09 02:00:00,34,294.5,294.46268,20.4151,5858.5714,BREAK/RUPTURA,-7.3,5
1998-12-09 02:00:00,134,294.5,293.96759,20.4151,5858.5714,BREAK/RUPTURA,-7.3,5
1998-12-14 00:00:00,34,293.1,294.03282,-47.5382,2000.5556,HIT/DEFESA,-5.2,5
1998-12-14 00:00:00,134,293.1,293.87165,-47.5382,2000.5556,HIT/DEFESA,-5.2,5
1998-12-14 02:00:00,34,293.1,293.97952,68.7049,2000.5556,BREAK/RUPTURA,-1.15,5
1998-12-14 02:00:00,134,293.1,293.86022,68.7049,2000.5556,BREAK/RUPTURA,-1.15,5
1999-01-06 00:00:00,34,291.95,292.59629,165.39,1390.4878,BREAK/RUPTURA,-3.15,5
1999-01-06 02:00:00,34,291.95,292.55936,140.6738,1390.4878,BREAK/RUPTURA,-5.15,5
1999-01-07 00:00:00,34,291.6,292.50454,128.5168,8202.0,BREAK/RUPTURA,-4.8,5
1999-01-07 02:00:00,34,291.6,292.45285,-11.9884,8202.0,HIT/DEFESA,-4.9,5
1999-02-02 00:00:00,34,287.9,287.80045,52.3743,8287.1429,HIT/DEFESA,0.9,5
1999-02-04 00:00:00,34,288.8,288.07164,31.2609,4648.2353,BREAK/RUPTURA,-1.4,5
1999-02-04 02:00:00,34,288.8,288.11326,-34.5066,4648.2353,HIT/DEFESA,-1.1,5
1999-02-08 00:00:00,34,288.0,288.10679,-62.1118,8168.3333,HIT/DEFESA,-0.3,5
1999-02-08 02:00:00,34,288.0,288.10069,-27.7008,8168.3333,BREAK/RUPTURA,1.8,5
1999-02-09 00:00:00,34,287.4,288.06065,-48.4765,23005.0,BREAK/RUPTURA,2.4,5
1999-02-09 02:00:00,34,287.4,288.0229,-20.8333,23005.0,HIT/DEFESA,-2.1,5
1999-02-10 00:00:00,34,287.7,288.00445,-10.4167,1308.4615,HIT/DEFESA,-2.4,5
1999-02-10 02:00:00,34,287.7,287.98705,10.4384,1308.4615,BREAK/RUPTURA,-2.7,5
1999-02-11 00:00:00,134,289.8,290.7093,83.5073,3000.4762,BREAK/RUPTURA,-4.8,5
1999-02-11 02:00:00,134,289.8,290.69583,72.9927,3000.4762,BREAK/RUPTURA,-3.1,5
1999-02-17 00:00:00,34,286.7,287.50076,49.0712,1452.2581,HIT/DEFESA,0.5,5
1999-02-17 02:00:00,34,286.7,287.455,59.6491,1452.2581,HIT/DEFESA,1.5,5
1999-02-22 00:00:00,34,287.2,287.56029,17.4398,1572.381,HIT/DEFESA,1.0,5
1999-02-23 00:00:00,34,288.2,287.57743,-13.86,4913.913,HIT/DEFESA,-0.9,5
1999-02-23 02:00:00,34,288.2,287.61301,34.8189,4913.913,BREAK/RUPTURA,-1.2,5
1999-02-24 00:00:00,34,288.2,287.64655,34.8189,7287.1429,BREAK/RUPTURA,-1.2,5
1999-02-25 00:00:00,34,287.3,287.65656,-31.2283,5890.0,HIT/DEFESA,-0.4,5
1999-02-25 02:00:00,34,287.3,287.63619,-31.2283,5890.0,BREAK/RUPTURA,1.2,5
1999-03-01 00:00:00,34,287.0,287.59984,-41.6378,9858.5714,BREAK/RUPTURA,1.5,5
1999-03-01 02:00:00,34,287.0,287.56556,-10.442,9858.5714,BREAK/RUPTURA,1.2,5
1999-03-02 00:00:00,34,286.9,287.52753,-13.9227,2556.6667,BREAK/RUPTURA,1.3,5
1999-03-02 02:00:00,34,286.9,287.49167,-3.4843,2556.6667,BREAK/RUPTURA,5.4,5
1999-03-03 00:00:00,34,288.5,287.54929,52.2648,2143.3333,HIT/DEFESA,3.8,5
1999-03-03 02:00:00,34,288.5,287.60361,55.7686,2143.3333,HIT/DEFESA,4.2,5
1999-03-04 00:00:00,34,288.2,287.63769,45.312,1435.6522,HIT/DEFESA,4.5,5
1999-03-04 02:00:00,34,288.2,287.66982,-10.3986,1435.6522,BREAK/RUPTURA,5.9,5
1999-04-14 02:00:00,34,283.8,283.06317,74.5474,2619.5238,HIT/DEFESA,0.3,5
1999-04-20 00:00:00,34,284.1,283.42746,-14.0598,41010000.0,HIT/DEFESA,-0.3,5
1999-04-20 02:00:00,34,284.1,283.46589,-21.0748,41010000.0,HIT/DEFESA,-1.6,5
1999-04-21 00:00:00,34,283.3,283.45641,-49.1746,2802.0,HIT/DEFESA,-0.8,5
1999-04-21 02:00:00,34,283.3,283.44747,-28.1591,2802.0,HIT/DEFESA,-0.1,5
1999-04-22 00:00:00,34,283.8,283.46762,-10.5597,7402.0,HIT/DEFESA,-0.6,5
1999-04-22 02:00:00,34,283.8,283.48661,17.6491,7402.0,HIT/DEFESA,2.5,5
1999-04-26 00:00:00,34,282.5,283.43023,-28.2386,2813.125,BREAK/RUPTURA,3.8,5
1999-04-26 02:00:00,34,282.5,283.37708,-45.8069,2813.125,BREAK/RUPTURA,4.3,5
1999-04-27 00:00:00,34,283.2,283.36696,-21.1416,2286.4286,BREAK/RUPTURA,3.6,5
1999-04-27 02:00:00,34,283.2,283.35742,24.7788,2286.4286,HIT/DEFESA,2.7,5
1999-04-28 02:00:00,134,286.3,286.23659,109.4633,1378.6486,HIT/DEFESA,1.2,5
1999-04-29 00:00:00,134,286.8,286.24494,127.1186,5923.8462,HIT/DEFESA,0.7,5
1999-04-29 02:00:00,134,286.8,286.25316,17.4642,5923.8462,HIT/DEFESA,3.0,5
1999-05-03 00:00:00,134,285.9,286.24793,-13.9714,13336.6667,BREAK/RUPTURA,3.9,5
1999-05-03 02:00:00,134,285.9,286.24278,-31.3808,13336.6667,HIT/DEFESA,-2.9,5
1999-07-01 00:00:00,34,263.0,262.67684,66.9856,3003.3333,BREAK/RUPTURA,-5.4,5
1999-07-01 02:00:00,34,263.0,262.69531,-34.1038,3003.3333,HIT/DEFESA,-5.8,5
1999-07-29 00:00:00,34,256.2,256.53803,74.7149,52010000.0,HIT/DEFESA,0.2,5
1999-07-29 02:00:00,34,256.2,256.51871,-15.5885,52010000.0,HIT/DEFESA,-0.5,5
1999-08-02 00:00:00,34,256.4,256.51193,-7.7942,1976.0976,HIT/DEFESA,-0.7,5
1999-08-04 00:00:00,34,255.7,256.44845,-27.3011,9001.6667,BREAK/RUPTURA,1.6,5
1999-08-04 02:00:00,34,255.7,256.40568,-27.3011,9001.6667,BREAK/RUPTURA,3.5,5
1999-08-05 00:00:00,34,255.7,256.36536,-27.3011,1901.0,BREAK/RUPTURA,3.5,5
1999-08-09 00:00:00,34,257.3,256.38292,62.5733,7336.6667,HIT/DEFESA,4.0,5
1999-08-09 02:00:00,34,257.3,256.43532,62.5733,7336.6667,HIT/DEFESA,3.6,5
1999-08-18 00:00:00,34,259.0,258.29575,-84.2266,24204.0,HIT/DEFESA,-5.9,5
1999-08-18 02:00:00,34,259.0,258.336,-34.6287,24204.0,HIT/DEFESA,-6.4,5
1999-08-19 00:00:00,34,257.6,258.29394,-88.4956,9202.0,HIT/DEFESA,-5.0,5
1999-08-19 02:00:00,34,257.6,258.25428,-54.0541,9202.0,HIT/DEFESA,-4.4,5
1999-08-30 02:00:00,34,256.0,256.34228,78.7402,2372.0,BREAK/RUPTURA,-1.5,5
1999-09-01 02:00:00,34,255.7,256.05954,59.0087,2514.0541,HIT/DEFESA,0.5,5
1999-09-06 00:00:00,34,256.2,255.90432,19.5542,2636.9697,HIT/DEFESA,1.3,5
1999-09-06 02:00:00,34,256.2,255.92122,66.7976,2636.9697,HIT/DEFESA,0.6,5
1999-09-07 00:00:00,34,256.2,255.93715,66.7976,2001.4286,HIT/DEFESA,0.6,5
1999-09-09 00:00:00,34,256.8,256.16264,23.4192,23673.3333,HIT/DEFESA,0.2,5
1999-09-09 02:00:00,34,256.8,256.19906,-27.1845,23673.3333,HIT/DEFESA,-0.5,5
1999-09-13 00:00:00,34,257.0,256.24483,-19.4175,1435.6522,HIT/DEFESA,-0.7,5
1999-09-13 02:00:00,34,257.0,256.28798,7.7882,1435.6522,BREAK/RUPTURA,-2.0,5
1999-09-14 00:00:00,34,257.0,256.32867,7.7882,95020.0,BREAK/RUPTURA,-2.0,5
1999-09-15 00:00:00,34,256.3,256.3632,-27.2374,38010.0,BREAK/RUPTURA,5.0,5
1999-09-15 02:00:00,34,256.3,256.35959,-27.2374,38010.0,BREAK/RUPTURA,8.5,5
1999-09-20 00:00:00,134,261.3,260.7868,195.0839,1118.6667,HIT/DEFESA,4.6,5
1999-09-20 02:00:00,134,261.3,260.7944,247.0588,1118.6667,HIT/DEFESA,7.7,5
1999-10-20 00:00:00,34,305.7,304.87925,-125.969,50336.6667,HIT/DEFESA,-14.6,5
1999-10-20 02:00:00,34,305.7,304.92615,-52.0664,50336.6667,HIT/DEFESA,-11.2,5
1999-10-21 00:00:00,34,303.9,304.86752,-110.6411,11000.8696,HIT/DEFESA,-9.4,5
1999-10-21 02:00:00,34,303.9,304.81223,-58.8813,11000.8696,HIT/DEFESA,-3.4,5
1999-11-09 00:00:00,34,298.8,297.83265,246.9136,1624.2553,BREAK/RUPTURA,-7.0,5
1999-11-09 02:00:00,34,298.8,297.88793,211.8934,1624.2553,BREAK/RUPTURA,-3.5,5
1999-11-16 02:00:00,34,295.6,296.58012,10.1592,2790.9524,HIT/DEFESA,2.7,5
1999-11-18 00:00:00,34,295.5,296.27972,-3.3829,2429.0476,BREAK/RUPTURA,3.9,5
1999-11-18 02:00:00,34,295.5,296.23517,40.7747,2429.0476,HIT/DEFESA,3.38,5
1999-11-25 00:00:00,34,297.62,297.05647,-59.4522,6453.4247,HIT/DEFESA,-7.42,5
1999-11-25 02:00:00,34,297.62,297.08867,-42.1574,6453.4247,HIT/DEFESA,-12.12,5
2000-01-12 00:00:00,34,284.5,285.28138,28.1988,1552.2255,HIT/DEFESA,4.6,5
2000-01-12 02:00:00,34,284.5,285.23673,60.1132,1552.2255,HIT/DEFESA,5.2,5
2000-01-13 00:00:00,34,284.6,285.20035,63.6492,9101.6667,HIT/DEFESA,5.1,5
2000-01-13 02:00:00,34,284.6,285.16604,3.5149,9101.6667,HIT/DEFESA,4.35,5
2000-01-24 00:00:00,34,286.5,286.71242,-84.7898,23002.0,BREAK/RUPTURA,1.1,5
2000-01-24 00:00:00,134,286.5,286.41495,-84.7898,23002.0,BREAK/RUPTURA,1.1,5
2000-01-24 02:00:00,34,286.5,286.70028,-103.6269,23002.0,HIT/DEFESA,-3.75,5
2000-01-24 02:00:00,134,286.5,286.41621,-103.6269,23002.0,HIT/DEFESA,-3.75,5
2000-01-25 00:00:00,34,286.55,286.69169,-101.8998,7316.8421,HIT/DEFESA,-3.8,5
2000-01-25 00:00:00,134,286.55,286.4182,-101.8998,7316.8421,HIT/DEFESA,-3.8,5
2000-01-25 02:00:00,34,286.55,286.6836,1.7452,7316.8421,BREAK/RUPTURA,-3.65,5
2000-01-25 02:00:00,134,286.55,286.42015,1.7452,7316.8421,BREAK/RUPTURA,-3.65,5
2000-01-26 00:00:00,34,287.6,286.73596,38.3944,1148.5185,BREAK/RUPTURA,-4.7,5
2000-01-26 02:00:00,34,287.6,286.78534,36.6428,1148.5185,BREAK/RUPTURA,-2.4,5
2000-02-01 00:00:00,34,285.2,285.91253,86.649,2081.3514,HIT/DEFESA,25.6,5
2000-02-01 02:00:00,34,285.2,285.87182,81.3008,2081.3514,HIT/DEFESA,14.9,5
2000-02-22 00:00:00,34,300.8,299.96469,-161.897,3183.1429,HIT/DEFESA,-6.3,5
2000-02-22 02:00:00,34,300.8,300.01242,-160.2879,3183.1429,HIT/DEFESA,-8.1,5
2000-02-23 00:00:00,34,299.1,299.96028,-215.8979,5177.0588,HIT/DEFESA,-6.4,5
2000-02-23 02:00:00,34,299.1,299.91113,-56.516,5177.0588,HIT/DEFESA,-9.3,5
2000-02-28 00:00:00,134,292.7,292.04589,-213.9753,12501.6667,HIT/DEFESA,-3.45,5
2000-02-28 02:00:00,134,292.7,292.05558,-61.1205,12501.6667,HIT/DEFESA,-3.7,5
2000-03-08 00:00:00,134,291.7,291.77781,-68.0967,3815.1852,HIT/DEFESA,-2.3,5
2000-03-08 02:00:00,134,291.7,291.77665,110.9185,3815.1852,BREAK/RUPTURA,-2.2,5
2000-04-13 00:00:00,34,283.1,283.64217,14.1493,6737.3684,BREAK/RUPTURA,-1.9,5
2000-04-13 02:00:00,34,283.1,283.61119,24.7875,6737.3684,BREAK/RUPTURA,-2.8,5
2000-05-03 00:00:00,34,280.2,279.54604,181.686,5455.0,BREAK/RUPTURA,-2.7,5
2000-05-03 02:00:00,34,280.2,279.58341,79.1367,5455.0,BREAK/RUPTURA,-2.2,5
2000-05-04 00:00:00,34,279.2,279.5615,43.1655,11890.0,BREAK/RUPTURA,-1.2,5
2000-05-04 02:00:00,34,279.2,279.54084,-35.6888,11890.0,HIT/DEFESA,-2.8,5
2000-06-01 00:00:00,134,281.4,281.21194,322.8173,1428.6813,HIT/DEFESA,6.4,5
2000-06-01 02:00:00,134,281.4,281.21473,303.918,1428.6813,HIT/DEFESA,3.3,5
2000-06-22 00:00:00,34,283.4,284.14863,-104.7486,5000.6061,BREAK/RUPTURA,9.6,5
2000-06-22 00:00:00,134,283.4,282.98829,-104.7486,5000.6061,BREAK/RUPTURA,9.6,5
2000-06-22 02:00:00,34,283.4,284.10585,-87.4432,5000.6061,BREAK/RUPTURA,6.25,5
2000-06-22 02:00:00,134,283.4,282.99439,-87.4432,5000.6061,BREAK/RUPTURA,6.25,5
2000-07-04 00:00:00,134,284.5,283.87563,-165.9177,4158.4211,HIT/DEFESA,-0.5,5
2000-07-04 02:00:00,134,284.5,283.88488,-131.8071,4158.4211,HIT/DEFESA,-1.7,5
2000-07-05 00:00:00,134,283.9,283.8851,-152.6188,99010.0,HIT/DEFESA,-1.1,5
2000-07-05 02:00:00,134,283.9,283.88532,-21.0896,99010.0,HIT/DEFESA,-3.0,5
2000-07-06 00:00:00,134,284.0,283.88702,-17.5747,8126.25,HIT/DEFESA,-3.1,5
2000-07-06 02:00:00,134,284.0,283.8887,3.5224,8126.25,BREAK/RUPTURA,-3.25,5
2000-07-17 00:00:00,134,282.9,283.60036,76.5806,14252.5,BREAK/RUPTURA,-2.4,5
2000-07-17 02:00:00,134,282.9,283.58998,56.8788,14252.5,BREAK/RUPTURA,-2.3,5
2000-08-15 02:00:00,34,277.7,277.06094,101.8552,1515.4545,BREAK/RUPTURA,-3.7,5
2000-08-16 00:00:00,34,277.9,277.10888,109.1306,19252.5,BREAK/RUPTURA,-3.9,5
2000-08-16 02:00:00,34,277.9,277.15409,7.202,19252.5,BREAK/RUPTURA,-6.4,5
2000-08-17 00:00:00,34,277.15,277.15385,-19.8055,25004.0,HIT/DEFESA,-5.65,5
2000-08-17 02:00:00,34,277.15,277.15363,-26.9881,25004.0,HIT/DEFESA,-3.95,5
2000-09-04 00:00:00,34,276.1,275.82333,-75.4853,9287.1429,HIT/DEFESA,-2.0,5
2000-09-04 02:00:00,34,276.1,275.83914,-32.491,9287.1429,HIT/DEFESA,-2.7,5
2000-09-05 00:00:00,34,275.0,275.79119,-72.2022,19502.5,HIT/DEFESA,-1.6,5
2000-09-05 02:00:00,34,275.0,275.74598,-39.8406,19502.5,HIT/DEFESA,-1.7,5
2000-09-21 00:00:00,34,272.4,273.36291,103.8576,5900.5,HIT/DEFESA,6.3,5
2000-09-21 02:00:00,34,272.4,273.30789,47.9528,5900.5,HIT/DEFESA,2.7,5
2000-09-27 02:00:00,34,275.1,274.15239,-129.1712,1906.5625,HIT/DEFESA,-3.75,5
2000-09-28 00:00:00,34,274.5,274.17225,-150.6997,7616.1538,HIT/DEFESA,-3.15,5
2000-09-28 02:00:00,34,274.5,274.19098,-21.8103,7616.1538,HIT/DEFESA,-4.3,5
2000-10-09 00:00:00,34,273.0,272.94301,103.6269,2862.4138,HIT/DEFESA,3.55,5
2000-10-11 00:00:00,134,276.55,276.26358,130.0366,1000.1515,BREAK/RUPTURA,-5.05,5
2000-10-11 02:00:00,134,276.55,276.26782,197.2714,1000.1515,BREAK/RUPTURA,-5.55,5
2000-10-12 00:00:00,34,272.9,273.15835,62.6844,2781.0959,BREAK/RUPTURA,-1.9,5
2000-10-12 02:00:00,34,272.9,273.14359,-131.9834,2781.0959,HIT/DEFESA,-1.75,5
2000-10-19 00:00:00,34,271.8,272.52269,29.5203,11101.0,BREAK/RUPTURA,-4.8,5
2000-10-19 02:00:00,34,271.8,272.48139,23.972,11101.0,BREAK/RUPTURA,-6.3,5
2000-11-16 00:00:00,34,266.0,266.74471,20.7195,37673.3333,HIT/DEFESA,0.8,5
2000-11-21 02:00:00,34,266.8,266.65359,26.3059,3215.0,HIT/DEFESA,3.1,5
2000-11-28 00:00:00,34,266.8,266.90447,26.3059,3348.2609,HIT/DEFESA,2.8,5
2000-11-28 02:00:00,34,266.8,266.8985,-114.8574,3348.2609,BREAK/RUPTURA,4.05,5
2000-11-29 00:00:00,134,270.7,271.05915,29.6406,1772.9545,HIT/DEFESA,0.15,5
2000-11-29 02:00:00,134,270.7,271.05383,146.1769,1772.9545,HIT/DEFESA,4.25,5
2000-12-04 00:00:00,134,270.85,271.00868,5.5412,38340.0,HIT/DEFESA,3.15,5
2000-12-04 02:00:00,134,270.85,271.00633,46.365,38340.0,HIT/DEFESA,2.15,5
2001-01-01 00:00:00,34,269.55,269.70372,-162.4088,3815.1852,HIT/DEFESA,-1.75,5
2001-01-01 02:00:00,34,269.55,269.69494,-126.3736,3815.1852,HIT/DEFESA,-1.15,5
2001-01-04 00:00:00,34,268.4,269.29278,3.7272,4392.1739,BREAK/RUPTURA,-3.2,5
2001-01-04 02:00:00,34,268.4,269.24176,22.4048,4392.1739,BREAK/RUPTURA,-3.5,5
2001-01-22 00:00:00,34,266.8,266.67353,56.5398,94010000.0,BREAK/RUPTURA,-1.6,5
2001-01-22 02:00:00,34,266.8,266.68076,67.9245,94010000.0,BREAK/RUPTURA,-3.25,5
2001-01-29 00:00:00,34,266.1,266.07611,33.9367,1788.1818,HIT/DEFESA,2.5,5
2001-01-29 02:00:00,34,266.1,266.07748,96.7558,1788.1818,HIT/DEFESA,1.7,5
2001-01-30 00:00:00,34,266.55,266.10448,113.8304,6158.9474,HIT/DEFESA,1.25,5
2001-01-30 02:00:00,34,266.55,266.12994,16.9109,6158.9474,BREAK/RUPTURA,-2.55,5
2001-01-31 00:00:00,134,268.6,269.02951,93.9496,2267.0,BREAK/RUPTURA,-4.6,5
2001-01-31 02:00:00,134,268.6,269.02315,76.9086,2267.0,BREAK/RUPTURA,-5.0,5
2001-02-22 00:00:00,34,261.8,261.47188,112.0124,1900.3333,HIT/DEFESA,5.6,5
2001-02-22 02:00:00,34,261.8,261.49063,96.4134,1900.3333,HIT/DEFESA,4.1,5
2001-02-27 00:00:00,134,267.4,266.40143,213.9037,23252.5,BREAK/RUPTURA,-4.3,5
2001-02-27 02:00:00,134,267.4,266.41622,-40.9683,23252.5,HIT/DEFESA,-6.4,5
2001-02-28 00:00:00,134,265.9,266.40858,-96.8343,6801.0,HIT/DEFESA,-4.9,5
2001-02-28 02:00:00,134,265.9,266.40104,-56.0957,6801.0,HIT/DEFESA,-3.4,5
2001-03-01 00:00:00,34,263.1,263.17389,-160.8078,2783.0435,HIT/DEFESA,-0.6,5
2001-03-01 02:00:00,34,263.1,263.16967,-105.3027,2783.0435,BREAK/RUPTURA,3.2,5
2001-03-06 00:00:00,34,262.5,262.90429,-22.805,2762.381,BREAK/RUPTURA,9.5,5
2001-03-06 02:00:00,34,262.5,262.88119,57.4713,2762.381,HIT/DEFESA,5.9,5
2001-03-07 00:00:00,134,266.3,266.04452,203.0651,2024.6341,HIT/DEFESA,2.1,5
2001-03-07 02:00:00,134,266.3,266.04831,144.7619,2024.6341,BREAK/RUPTURA,-2.9,5
2001-03-20 02:00:00,34,263.05,263.36686,47.7464,1972.0,BREAK/RUPTURA,-1.25,5
2001-03-21 02:00:00,34,262.3,263.24842,-28.5117,22003.3333,HIT/DEFESA,-2.0,5
2001-03-22 00:00:00,34,262.6,263.21137,-17.107,7251.25,HIT/DEFESA,-2.3,5
2001-03-22 02:00:00,34,262.6,263.17643,11.4373,7251.25,BREAK/RUPTURA,-3.4,5
2001-04-05 00:00:00,34,260.3,260.82429,61.8477,2650.5,BREAK/RUPTURA,-1.25,5
2001-04-05 02:00:00,34,260.3,260.79433,57.9598,2650.5,HIT/DEFESA,0.1,5
2001-04-11 00:00:00,34,260.4,260.30592,102.8128,3051.7949,HIT/DEFESA,0.9,5
2001-04-11 02:00:00,34,260.4,260.31129,52.1135,3051.7949,HIT/DEFESA,1.1,5
2001-04-12 00:00:00,34,259.5,260.26493,17.3712,7752.5,HIT/DEFESA,2.0,5
2001-04-12 02:00:00,34,259.5,260.22122,-34.5622,7752.5,BREAK/RUPTURA,5.7,5
2001-04-16 02:00:00,34,261.3,260.34099,69.3642,3952.8571,HIT/DEFESA,3.6,5
2001-04-23 02:00:00,134,264.4,263.5938,-18.875,5101.0,HIT/DEFESA,-0.5,5
2001-04-24 00:00:00,34,262.5,261.80067,-90.6002,4429.2857,BREAK/RUPTURA,1.4,5
2001-04-24 02:00:00,34,262.5,261.84064,-71.8608,4429.2857,BREAK/RUPTURA,1.9,5
2001-04-25 02:00:00,134,264.4,263.58628,72.381,2450.5,HIT/DEFESA,0.85,5
2001-04-26 00:00:00,134,263.9,263.59093,53.3333,83010000.0,HIT/DEFESA,1.35,5
2001-04-26 02:00:00,134,263.9,263.59551,-18.9107,83010000.0,BREAK/RUPTURA,2.6,5
2001-04-30 02:00:00,134,264.4,263.61917,18.9466,1091.8182,HIT/DEFESA,2.0,5
2001-05-28 00:00:00,34,274.1,273.96094,-189.6922,2857.4286,HIT/DEFESA,-8.0,5
2001-05-28 02:00:00,34,274.1,273.96888,-136.7398,2857.4286,HIT/DEFESA,-6.8,5
2001-06-04 02:00:00,134,266.5,267.49819,-29.9289,5701.0,BREAK/RUPTURA,7.5,5
2001-06-05 00:00:00,134,266.5,267.4834,-29.9289,13002.0,BREAK/RUPTURA,7.5,5
2001-06-06 00:00:00,134,266.8,267.45892,11.257,1770.0,HIT/DEFESA,5.2,5
2001-06-06 02:00:00,134,266.8,267.44916,11.257,1770.0,HIT/DEFESA,5.8,5
2001-06-14 00:00:00,34,271.8,271.60119,-29.347,3176.7647,BREAK/RUPTURA,1.2,5
2001-06-14 02:00:00,34,271.8,271.61255,-161.086,3176.7647,BREAK/RUPTURA,1.4,5
2001-06-21 00:00:00,34,272.9,272.17062,-3.663,45005.0,HIT/DEFESA,-0.05,5
2001-06-21 02:00:00,34,272.9,272.2123,-10.981,45005.0,HIT/DEFESA,-3.4,5
2001-06-26 00:00:00,34,272.85,272.68709,-1.8322,3117.9412,HIT/DEFESA,-1.75,5
2001-06-26 02:00:00,34,272.85,272.6964,-128.437,3117.9412,HIT/DEFESA,-4.85,5
2001-06-27 00:00:00,134,269.5,269.16406,-249.6382,5105.614,HIT/DEFESA,-1.5,5
2001-06-27 02:00:00,134,269.5,269.16904,-122.7781,5105.614,HIT/DEFESA,-1.3,5
2001-07-03 00:00:00,134,268.2,269.17512,-106.9716,4715.7143,HIT/DEFESA,-1.7,5
2001-07-03 02:00:00,134,268.2,269.16067,7.4627,4715.7143,BREAK/RUPTURA,-1.6,5
2001-07-10 00:00:00,134,268.7,268.90764,82.5516,2731.1538,BREAK/RUPTURA,-1.1,5
2001-07-16 00:00:00,134,268.1,268.80409,37.4392,1741.4815,HIT/DEFESA,1.7,5
2001-07-16 02:00:00,34,268.1,269.09362,18.6846,1741.4815,HIT/DEFESA,2.2,5
2001-07-16 02:00:00,134,268.1,268.79366,18.6846,1741.4815,HIT/DEFESA,2.2,5
2001-07-18 00:00:00,34,269.8,269.33354,63.4092,9737.8947,HIT/DEFESA,0.2,5
2001-07-18 00:00:00,134,269.8,268.8725,63.4092,9737.8947,HIT/DEFESA,0.2,5
2001-07-18 02:00:00,34,269.8,269.36019,-44.2804,9737.8947,HIT/DEFESA,-1.6,5
2001-07-18 02:00:00,134,269.8,268.88624,-44.2804,9737.8947,HIT/DEFESA,-1.6,5
2001-07-19 00:00:00,34,270.3,269.4139,-25.8303,3516.7742,HIT/DEFESA,-2.1,5
2001-07-19 02:00:00,34,270.3,269.46453,18.5322,3516.7742,BREAK/RUPTURA,-3.6,5
2001-07-23 00:00:00,34,270.0,269.49513,7.4129,2857.8571,BREAK/RUPTURA,-3.3,5
2001-07-23 02:00:00,34,270.0,269.52398,-11.0988,2857.8571,HIT/DEFESA,-2.2,5
2001-07-24 00:00:00,134,268.2,268.9481,-77.6915,4385.3846,HIT/DEFESA,-0.4,5
2001-07-24 02:00:00,134,268.2,268.93702,-66.6667,4385.3846,HIT/DEFESA,-1.1,5
2001-07-31 00:00:00,34,268.2,268.70319,14.9365,3188.125,HIT/DEFESA,0.6,5
2001-07-31 00:00:00,134,268.2,268.77984,14.9365,3188.125,HIT/DEFESA,0.6,5
2001-08-01 02:00:00,34,268.3,268.63286,3.7286,7168.3333,HIT/DEFESA,0.3,5
2001-08-01 02:00:00,134,268.3,268.75739,3.7286,7168.3333,HIT/DEFESA,0.3,5
2001-08-02 02:00:00,34,268.8,268.65142,18.6359,5601.0,HIT/DEFESA,5.1,5
2001-08-02 02:00:00,134,268.8,268.75864,18.6359,5601.0,HIT/DEFESA,5.1,5
2001-08-06 00:00:00,34,267.9,268.60848,-14.9087,6201.3333,BREAK/RUPTURA,6.0,5
2001-08-06 00:00:00,134,267.9,268.74592,-14.9087,6201.3333,BREAK/RUPTURA,6.0,5
2001-08-06 02:00:00,34,267.9,268.568,-33.4821,6201.3333,BREAK/RUPTURA,6.9,5
2001-08-06 02:00:00,134,267.9,268.73339,-33.4821,6201.3333,BREAK/RUPTURA,6.9,5
2001-08-07 00:00:00,34,268.6,268.56983,-7.4405,4834.1667,BREAK/RUPTURA,6.2,5
2001-08-07 00:00:00,134,268.6,268.73141,-7.4405,4834.1667,BREAK/RUPTURA,6.2,5
2001-08-07 02:00:00,34,268.6,268.57155,26.1292,4834.1667,HIT/DEFESA,7.9,5
2001-08-07 02:00:00,134,268.6,268.72947,26.1292,4834.1667,HIT/DEFESA,7.9,5
2001-08-23 02:00:00,34,273.1,273.32138,-90.7112,3800.5,BREAK/RUPTURA,1.95,5
2001-08-27 00:00:00,34,272.55,273.2773,-110.6676,62010000.0,BREAK/RUPTURA,2.5,5
2001-08-27 02:00:00,34,272.55,273.23574,-20.1391,62010000.0,BREAK/RUPTURA,2.15,5
2001-08-28 00:00:00,34,273.9,273.2737,29.2933,2316.3158,HIT/DEFESA,0.8,5
2001-08-28 02:00:00,34,273.9,273.30949,49.5322,2316.3158,BREAK/RUPTURA,-1.5,5
2001-09-05 00:00:00,34,273.4,273.36738,36.7107,3250.625,HIT/DEFESA,13.6,5
2001-09-05 02:00:00,34,273.4,273.36925,40.3966,3250.625,HIT/DEFESA,5.1,5
2001-09-06 00:00:00,34,273.4,273.37101,40.3966,13202.0,HIT/DEFESA,5.1,5
2001-10-08 00:00:00,34,288.25,287.5264,-63.7711,2529.7059,HIT/DEFESA,-6.75,5
2001-10-08 02:00:00,34,288.25,287.56774,-101.3049,2529.7059,HIT/DEFESA,-3.55,5
2001-10-17 00:00:00,134,279.7,278.96014,-67.4716,4600.4,HIT/DEFESA,-3.5,5
2001-10-17 02:00:00,134,279.7,278.97111,-106.1196,4600.4,HIT/DEFESA,-4.1,5
2001-10-18 00:00:00,134,279.9,278.98487,-99.0449,17287.1429,HIT/DEFESA,-4.3,5
2001-10-18 02:00:00,134,279.9,278.99842,7.1505,17287.1429,BREAK/RUPTURA,-2.4,5
2001-10-30 00:00:00,134,279.75,278.81809,77.4496,17802.0,HIT/DEFESA,0.45,5
2001-11-01 00:00:00,34,280.2,281.04295,16.0858,3348.6957,HIT/DEFESA,0.8,5
2001-11-01 02:00:00,34,280.2,280.99478,10.7181,3348.6957,BREAK/RUPTURA,-2.9,5
2001-11-05 00:00:00,34,280.4,280.9608,17.8635,1429.0476,BREAK/RUPTURA,-3.1,5
2001-11-05 02:00:00,34,280.4,280.92875,7.1378,1429.0476,BREAK/RUPTURA,-2.45,5
2001-11-06 00:00:00,34,281.0,280.93282,28.551,7001.3333,BREAK/RUPTURA,-3.05,5
2001-11-06 02:00:00,34,281.0,280.93666,21.398,7001.3333,BREAK/RUPTURA,-3.2,5
2001-11-08 02:00:00,134,277.95,278.92724,23.4403,7348.6957,BREAK/RUPTURA,-2.35,5
2001-11-13 00:00:00,134,278.0,278.88084,1.7989,9001.4286,BREAK/RUPTURA,-2.9,5
2001-11-13 02:00:00,134,278.0,278.86779,7.1994,9001.4286,BREAK/RUPTURA,-4.25,5
2001-12-03 02:00:00,34,276.0,275.90418,49.1535,4455.4545,BREAK/RUPTURA,-1.2,5
2001-12-05 00:00:00,34,275.05,275.72932,-34.4203,5400.8,HIT/DEFESA,-1.95,5
2001-12-05 02:00:00,34,275.05,275.6905,12.7412,5400.8,HIT/DEFESA,3.95,5
2001-12-06 00:00:00,34,274.8,275.63962,3.6403,5251.25,HIT/DEFESA,4.2,5
2001-12-06 02:00:00,34,274.8,275.59164,-9.0893,5251.25,BREAK/RUPTURA,3.9,5
2002-01-21 00:00:00,34,281.85,281.64768,-86.1766,17002.2222,HIT/DEFESA,-2.35,5
2002-01-21 02:00:00,34,281.85,281.65924,-68.7104,17002.2222,HIT/DEFESA,-2.65,5
2002-01-22 00:00:00,134,279.5,279.07298,-151.5152,4632.1053,HIT/DEFESA,-0.3,5
2002-01-22 02:00:00,134,279.5,279.07931,-83.3777,4632.1053,BREAK/RUPTURA,2.2,5
2002-01-23 00:00:00,134,279.5,279.08554,-83.3777,11002.0,BREAK/RUPTURA,2.2,5
2002-01-24 00:00:00,134,279.2,279.09329,-10.7335,2053.6842,BREAK/RUPTURA,3.0,5
2002-01-24 02:00:00,134,279.2,279.09487,-10.7335,2053.6842,BREAK/RUPTURA,3.75,5
2002-01-28 00:00:00,34,281.7,281.0246,78.712,1684.4737,HIT/DEFESA,1.25,5
2002-01-28 02:00:00,34,281.7,281.06319,89.5415,1684.4737,HIT/DEFESA,4.8,5
2002-02-18 00:00:00,34,293.35,292.99833,-228.1812,2542.4096,HIT/DEFESA,-0.35,5
2002-02-18 02:00:00,34,293.35,293.01843,-159.3425,2542.4096,HIT/DEFESA,-0.35,5
2002-02-20 00:00:00,34,293.0,292.87937,-11.9311,4500.5556,BREAK/RUPTURA,5.0,5
2002-02-20 02:00:00,34,293.0,292.88626,44.5663,4500.5556,HIT/DEFESA,3.6,5
2002-02-21 00:00:00,34,293.0,292.89276,44.5663,15082.0,HIT/DEFESA,3.6,5
2002-03-04 00:00:00,34,294.55,294.6134,-75.8086,5293.1707,HIT/DEFESA,-4.75,5
2002-03-04 02:00:00,34,294.55,294.60978,-129.0214,5293.1707,HIT/DEFESA,-4.55,5
2002-03-05 00:00:00,34,293.75,294.56065,-155.8311,137020.0,HIT/DEFESA,-3.75,5
2002-03-11 00:00:00,34,294.1,293.57941,148.3782,1822.1918,BREAK/RUPTURA,-2.6,5
2002-03-11 02:00:00,34,294.1,293.60916,141.3793,1822.1918,BREAK/RUPTURA,-3.8,5
2002-03-12 00:00:00,34,293.6,293.60864,124.1379,59010000.0,BREAK/RUPTURA,-3.3,5
2002-03-12 02:00:00,34,293.6,293.60814,-17.001,59010000.0,HIT/DEFESA,-0.15,5
2002-03-18 02:00:00,34,293.45,293.07913,108.5084,4566.087,HIT/DEFESA,4.55,5
2002-03-19 00:00:00,34,292.6,293.05175,79.2284,13860.0,HIT/DEFESA,5.4,5
2002-03-19 02:00:00,34,292.6,293.02593,-28.9658,13860.0,BREAK/RUPTURA,4.4,5
2002-03-20 00:00:00,34,293.4,293.04731,-1.7039,2923.8462,BREAK/RUPTURA,3.6,5
2002-03-20 02:00:00,34,293.4,293.06746,27.3411,2923.8462,HIT/DEFESA,9.1,5
2002-04-08 00:00:00,34,298.8,298.75087,-81.3278,3207.5862,BREAK/RUPTURA,4.1,5
2002-04-08 02:00:00,34,298.8,298.75367,-49.95,3207.5862,BREAK/RUPTURA,3.1,5
2002-04-15 00:00:00,34,299.25,299.72441,-120.5018,18145.7143,BREAK/RUPTURA,4.65,5
2002-04-15 02:00:00,34,299.25,299.6973,-87.7774,18145.7143,BREAK/RUPTURA,3.35,5
2002-05-13 00:00:00,34,307.9,307.43135,-61.3299,2769.6154,BREAK/RUPTURA,2.2,5
2002-05-13 02:00:00,34,307.9,307.45813,-109.2194,2769.6154,BREAK/RUPTURA,3.4,5
2002-06-13 00:00:00,34,319.6,319.83702,3.1299,5541.0811,HIT/DEFESA,1.5,5
2002-06-13 02:00:00,34,319.6,319.82348,37.6884,5541.0811,HIT/DEFESA,4.6,5
2002-06-17 00:00:00,34,319.8,319.82214,43.9698,1290.6452,HIT/DEFESA,4.4,5
2002-06-17 02:00:00,34,319.8,319.82087,6.2578,1290.6452,HIT/DEFESA,5.1,5
2002-06-24 00:00:00,34,321.7,320.97323,-77.1129,20501.25,HIT/DEFESA,-3.2,5
2002-06-24 02:00:00,34,321.7,321.01476,-98.4918,20501.25,HIT/DEFESA,-7.0,5
2002-07-02 02:00:00,134,311.4,310.794,-57.4713,6462.3077,BREAK/RUPTURA,5.5,5
2002-07-03 00:00:00,134,311.0,310.79705,-70.2427,35010.0,BREAK/RUPTURA,5.9,5
2002-07-03 02:00:00,134,311.0,310.80006,-12.8452,35010.0,BREAK/RUPTURA,5.3,5
2002-07-04 00:00:00,134,311.8,310.81487,12.8452,1400.8,HIT/DEFESA,4.5,5
2002-07-04 02:00:00,134,311.8,310.82946,25.7235,1400.8,HIT/DEFESA,5.0,5
2002-07-09 02:00:00,34,316.3,316.81312,-18.9334,75010.0,BREAK/RUPTURA,2.2,5
2002-07-10 00:00:00,34,316.8,316.81237,-3.1556,8637.2727,BREAK/RUPTURA,1.7,5
2002-07-10 02:00:00,34,316.8,316.81167,15.8078,8637.2727,HIT/DEFESA,1.2,5
2002-07-11 02:00:00,34,316.3,316.75486,-15.7828,54010000.0,BREAK/RUPTURA,1.4,5
2002-07-16 00:00:00,34,318.0,317.00869,53.7464,72010000.0,HIT/DEFESA,6.2,5
2002-07-16 02:00:00,34,318.0,317.06533,-15.6986,72010000.0,HIT/DEFESA,-4.75,5
2002-07-17 00:00:00,34,317.7,317.1016,-25.1177,3144.2857,HIT/DEFESA,-4.45,5
2002-07-17 02:00:00,34,317.7,317.13579,-9.434,3144.2857,HIT/DEFESA,-6.2,5
2002-07-22 00:00:00,134,313.25,312.40978,-140.0692,1611.5026,HIT/DEFESA,-2.65,5
2002-07-22 02:00:00,134,313.25,312.42223,-337.7545,1611.5026,HIT/DEFESA,-9.25,5
2002-07-23 00:00:00,134,311.5,312.40857,-391.7335,17429.2857,HIT/DEFESA,-7.5,5
2002-07-23 02:00:00,134,311.5,312.39511,-55.8659,17429.2857,HIT/DEFESA,-6.15,5
2002-08-07 00:00:00,34,310.9,311.11815,140.2479,2517.5862,HIT/DEFESA,4.5,5
2002-08-07 00:00:00,134,310.9,311.28788,140.2479,2517.5862,HIT/DEFESA,4.5,5
2002-08-07 02:00:00,34,310.9,311.10568,-108.1769,2517.5862,BREAK/RUPTURA,1.1,5
2002-08-07 02:00:00,134,310.9,311.28213,-108.1769,2517.5862,BREAK/RUPTURA,1.1,5
2002-08-13 00:00:00,34,312.0,311.95007,-88.9454,3235.5882,BREAK/RUPTURA,2.2,5
2002-08-13 00:00:00,134,312.0,311.51101,-88.9454,3235.5882,BREAK/RUPTURA,2.2,5
2002-08-13 02:00:00,34,312.0,311.95293,-107.7996,3235.5882,HIT/DEFESA,-2.7,5
2002-08-13 02:00:00,134,312.0,311.51826,-107.7996,3235.5882,HIT/DEFESA,-2.7,5
2002-08-27 00:00:00,34,310.5,311.02617,104.1328,2900.5,HIT/DEFESA,2.5,5
2002-08-27 00:00:00,134,310.5,311.32888,104.1328,2900.5,HIT/DEFESA,2.5,5
2002-08-27 02:00:00,34,310.5,310.99611,-79.8722,2900.5,BREAK/RUPTURA,3.9,5
2002-08-27 02:00:00,134,310.5,311.3166,-79.8722,2900.5,BREAK/RUPTURA,3.9,5
2002-09-26 00:00:00,34,319.95,319.03745,-71.3732,34005.0,BREAK/RUPTURA,2.4,5
2002-09-26 02:00:00,34,319.95,319.0896,-3.1245,34005.0,BREAK/RUPTURA,1.7,5
2002-10-08 00:00:00,34,320.05,320.10694,-68.27,2125.625,HIT/DEFESA,-3.3,5
2002-10-08 02:00:00,34,320.05,320.10369,56.5593,2125.625,BREAK/RUPTURA,-7.15,5
2002-10-10 00:00:00,134,316.75,315.75205,-103.1089,23550.0,HIT/DEFESA,-2.4,5
2002-10-10 02:00:00,134,316.75,315.76684,-3.1561,23550.0,HIT/DEFESA,-5.2,5
2002-10-29 00:00:00,34,316.37,315.46685,106.0533,6001.6667,HIT/DEFESA,2.38,5
2002-10-29 02:00:00,34,316.37,315.51846,-11.9968,6001.6667,BREAK/RUPTURA,1.38,5
2002-11-12 00:00:00,34,319.17,318.2713,-58.5579,2886.6812,BREAK/RUPTURA,1.38,5
2002-11-12 02:00:00,34,319.17,318.32266,-162.7369,2886.6812,HIT/DEFESA,-0.42,5
2002-11-13 02:00:00,34,318.35,318.32569,-25.6916,7890.2778,HIT/DEFESA,-0.5,5
2002-11-18 00:00:00,34,318.75,318.58277,12.5648,7335.0,BREAK/RUPTURA,-1.1,5
2002-11-18 02:00:00,34,318.75,318.59233,-56.1535,7335.0,BREAK/RUPTURA,2.3,5
2002-11-19 00:00:00,34,317.85,318.54991,-84.2302,11602.0,BREAK/RUPTURA,3.2,5
2002-11-20 02:00:00,34,317.65,318.41444,-6.2923,12870.0,HIT/DEFESA,-0.4,5
2002-11-26 02:00:00,134,317.25,316.69933,-18.8768,4800.8333,BREAK/RUPTURA,3.5,5
2002-11-27 02:00:00,34,317.85,318.3929,18.9125,9752.0833,HIT/DEFESA,4.3,5
2002-11-28 00:00:00,34,318.15,318.37902,28.3688,24336.6667,HIT/DEFESA,4.0,5
2002-11-28 02:00:00,34,318.15,318.36593,9.4384,24336.6667,HIT/DEFESA,6.42,5
2003-02-10 00:00:00,34,363.45,363.18905,-183.6597,12572.619,HIT/DEFESA,-6.9,5
2003-02-10 02:00:00,34,363.45,363.20396,-170.3854,12572.619,HIT/DEFESA,-11.9,5
2003-03-03 00:00:00,34,353.15,354.01965,208.1226,2259.7297,HIT/DEFESA,3.1,5
2003-03-03 02:00:00,34,353.15,353.96996,91.4416,2259.7297,BREAK/RUPTURA,-2.4,5
2003-03-04 00:00:00,34,353.55,353.94596,102.8718,22644.6429,BREAK/RUPTURA,-2.8,5
2003-03-04 02:00:00,34,353.55,353.92334,11.3266,22644.6429,BREAK/RUPTURA,-2.9,5
2003-06-24 00:00:00,134,348.95,349.57465,-210.4082,8001.0,HIT/DEFESA,-3.5,5
2003-06-24 02:00:00,134,348.95,349.5654,72.1605,8001.0,HIT/DEFESA,2.3,5
2003-07-17 00:00:00,34,347.35,348.10912,104.7273,2867.0,HIT/DEFESA,12.9,5
2003-07-17 02:00:00,34,347.35,348.06575,69.5753,2867.0,HIT/DEFESA,14.7,5
2003-08-04 02:00:00,34,352.1,353.03163,158.6844,3800.4,HIT/DEFESA,4.7,5
2003-08-05 00:00:00,34,352.0,352.97268,155.7992,59005.0,HIT/DEFESA,4.8,5
2003-08-05 02:00:00,34,352.0,352.9171,-2.8401,59005.0,BREAK/RUPTURA,6.6,5
2003-08-06 00:00:00,34,353.0,352.92184,25.5609,8334.1667,HIT/DEFESA,5.6,5
2003-08-06 02:00:00,34,353.0,352.9263,28.4091,8334.1667,HIT/DEFESA,9.6,5
2003-11-04 00:00:00,34,381.6,380.88579,-62.5,5800.5,BREAK/RUPTURA,1.7,5
2003-11-04 02:00:00,34,381.6,380.92661,52.687,5800.5,HIT/DEFESA,6.2,5
2003-11-05 00:00:00,34,380.3,380.8908,18.4405,9834.1667,HIT/DEFESA,7.5,5
2003-11-05 02:00:00,34,380.3,380.85704,-34.0671,9834.1667,BREAK/RUPTURA,14.0,5
2004-01-20 00:00:00,34,410.7,411.19313,108.2944,8750.625,BREAK/RUPTURA,-3.2,5
2004-01-20 02:00:00,34,410.7,411.16495,-43.6364,8750.625,HIT/DEFESA,-1.1,5
2004-01-26 00:00:00,34,409.6,410.52765,4.8852,5343.1429,BREAK/RUPTURA,-10.5,5
2004-01-26 02:00:00,34,409.6,410.47464,51.5337,5343.1429,BREAK/RUPTURA,-8.0,5
2004-02-09 00:00:00,34,406.1,405.48575,218.923,125010.0,HIT/DEFESA,6.9,5
2004-02-09 02:00:00,34,406.1,405.52085,76.9231,125010.0,HIT/DEFESA,3.5,5
2004-02-18 00:00:00,34,409.1,408.56707,-149.2897,3400.4,HIT/DEFESA,-5.2,5
2004-02-18 02:00:00,34,409.1,408.59753,-63.1528,3400.4,HIT/DEFESA,-13.9,5
2004-03-04 00:00:00,34,401.0,400.28248,229.5918,1682.4706,BREAK/RUPTURA,-1.4,5
2004-03-09 02:00:00,34,399.6,400.58627,-104.0119,3190.7143,BREAK/RUPTURA,2.3,5
2004-03-10 00:00:00,34,400.3,400.56991,-86.6766,14715.7143,BREAK/RUPTURA,1.6,5
2004-03-10 02:00:00,34,400.3,400.55449,17.5175,14715.7143,HIT/DEFESA,6.2,5
2004-04-12 00:00:00,134,406.5,405.8506,-305.2707,1909.1736,HIT/DEFESA,-7.9,5
2004-04-12 02:00:00,134,406.5,405.86022,-339.8289,1909.1736,HIT/DEFESA,-6.0,5
2004-05-20 00:00:00,34,384.5,384.90636,65.445,2238.254,HIT/DEFESA,4.1,5
2004-05-20 02:00:00,34,384.5,384.88314,169.2674,2238.254,HIT/DEFESA,10.0,5
2004-06-02 00:00:00,34,387.8,388.43125,-164.8491,3133.6667,BREAK/RUPTURA,2.8,5
2004-06-02 02:00:00,34,387.8,388.39518,-89.4454,3133.6667,HIT/DEFESA,-3.7,5
2004-06-15 00:00:00,34,387.1,386.9615,78.1047,2581.6279,HIT/DEFESA,0.7,5
2004-06-15 02:00:00,34,387.1,386.96942,112.3302,2581.6279,HIT/DEFESA,7.2,5
2004-06-21 00:00:00,134,393.1,392.97316,136.6684,6834.1667,HIT/DEFESA,0.9,5
2004-06-21 02:00:00,134,393.1,392.97504,-30.4337,6834.1667,BREAK/RUPTURA,8.9,5
2004-06-22 02:00:00,134,394.0,393.00518,22.8949,7890.0,HIT/DEFESA,7.1,5
2004-06-23 00:00:00,134,394.0,393.01992,22.8949,85010.0,HIT/DEFESA,7.1,5
2004-06-30 00:00:00,134,394.1,393.6537,-142.5713,2714.6429,BREAK/RUPTURA,3.7,5
2004-06-30 02:00:00,134,394.1,393.66031,66.4112,2714.6429,BREAK/RUPTURA,-1.8,5
2004-07-21 00:00:00,134,396.1,396.43166,-219.7531,3875.3125,HIT/DEFESA,-6.8,5
2004-07-21 02:00:00,134,396.1,396.42675,-87.5876,3875.3125,HIT/DEFESA,-5.5,5
2004-08-03 00:00:00,34,393.1,393.55777,66.5813,5889.4444,BREAK/RUPTURA,-1.6,5
2004-08-03 02:00:00,34,393.1,393.53161,51.1378,5889.4444,HIT/DEFESA,5.7,5
2004-08-11 00:00:00,34,394.6,394.75776,-125.1251,2886.0,BREAK/RUPTURA,3.5,5
2004-08-11 00:00:00,134,394.6,395.03145,-125.1251,2886.0,BREAK/RUPTURA,3.5,5
2004-08-11 02:00:00,34,394.6,394.74874,-80.4424,2886.0,BREAK/RUPTURA,6.7,5
2004-08-11 02:00:00,134,394.6,395.02506,-80.4424,2886.0,BREAK/RUPTURA,6.7,5
2004-08-24 00:00:00,34,401.6,401.08312,-257.1567,1078.0519,BREAK/RUPTURA,4.9,5
2004-08-27 00:00:00,34,402.3,402.30159,-117.9071,2850.25,BREAK/RUPTURA,7.3,5
2004-08-27 02:00:00,34,402.3,402.30149,-103.321,2850.25,BREAK/RUPTURA,5.5,5
2004-09-02 00:00:00,34,405.0,404.06601,-112.3047,1500.3571,HIT/DEFESA,-7.2,5
2004-09-02 02:00:00,34,405.0,404.11938,-68.6611,1500.3571,HIT/DEFESA,-6.4,5
2004-09-03 00:00:00,134,399.8,398.85694,-196.1746,1905.8491,HIT/DEFESA,-1.2,5
2004-09-03 02:00:00,134,399.8,398.87091,-128.3951,1905.8491,HIT/DEFESA,-2.0,5
2004-09-08 00:00:00,134,398.6,398.83587,-30.015,12751.25,BREAK/RUPTURA,3.7,5
2004-09-08 02:00:00,134,398.6,398.83237,20.1106,12751.25,HIT/DEFESA,4.7,5
2004-09-10 00:00:00,34,402.3,401.99991,92.8249,1133.5556,HIT/DEFESA,2.8,5
2004-09-10 02:00:00,34,402.3,402.01706,113.1222,1133.5556,HIT/DEFESA,2.3,5
2004-09-16 02:00:00,34,403.8,402.84048,-19.7726,13802.0,BREAK/RUPTURA,5.5,5
2004-10-12 00:00:00,34,414.8,414.20953,-177.5989,1923.2308,BREAK/RUPTURA,2.5,5
2004-10-12 02:00:00,34,414.8,414.24327,-161.2903,1923.2308,BREAK/RUPTURA,3.5,5
2004-10-13 00:00:00,34,415.3,414.30365,-149.4307,27002.0,BREAK/RUPTURA,3.0,5
2004-10-18 00:00:00,34,415.3,415.10016,-47.9272,2214.6429,BREAK/RUPTURA,8.0,5
2004-10-18 02:00:00,34,415.3,415.11158,-71.7189,2214.6429,BREAK/RUPTURA,8.0,5
2004-12-17 00:00:00,34,441.0,441.3748,15.8983,1212.9787,HIT/DEFESA,0.1,5
2004-12-17 02:00:00,34,441.0,441.35338,98.4658,1212.9787,BREAK/RUPTURA,-1.8,5
2004-12-20 00:00:00,34,441.8,441.3789,116.785,5601.0,BREAK/RUPTURA,-2.6,5
2004-12-21 00:00:00,34,441.1,441.38565,2.2676,5667.7778,HIT/DEFESA,0.7,5
2004-12-21 02:00:00,34,441.1,441.36933,-15.8443,5667.7778,BREAK/RUPTURA,3.2,5
2004-12-23 00:00:00,34,441.8,441.16686,15.8694,1320.4,HIT/DEFESA,1.5,5
2004-12-23 02:00:00,34,441.8,441.20304,59.1985,1320.4,BREAK/RUPTURA,-6.0,5
2005-01-28 02:00:00,34,426.5,425.55625,11.7371,13802.0,BREAK/RUPTURA,-5.8,5
2005-01-30 00:00:00,34,425.8,425.57018,-4.6948,10000.0,HIT/DEFESA,-5.1,5
2005-01-30 02:00:00,34,425.8,425.58331,-16.4127,10000.0,HIT/DEFESA,-4.6,5
2005-02-14 02:00:00,134,424.6,424.98547,97.503,1545.6818,HIT/DEFESA,1.6,5
2005-02-15 00:00:00,134,425.0,424.98569,107.0155,35005.0,HIT/DEFESA,1.2,5
2005-02-15 02:00:00,134,425.0,424.9859,9.4206,35005.0,HIT/DEFESA,1.8,5
2005-02-16 02:00:00,134,424.6,424.97455,-9.4118,14602.0,BREAK/RUPTURA,9.2,5
2005-03-03 00:00:00,34,428.8,428.95607,-76.3712,1727.5758,BREAK/RUPTURA,5.0,5
2005-03-03 02:00:00,34,428.8,428.94715,-76.3712,1727.5758,BREAK/RUPTURA,5.5,5
2005-03-21 00:00:00,134,431.0,430.62433,-173.2786,1561.0976,HIT/DEFESA,-5.9,5
2005-03-21 02:00:00,134,431.0,430.62989,-177.7575,1561.0976,HIT/DEFESA,-7.2,5
2005-04-11 00:00:00,34,428.2,427.30797,49.2842,3211.0526,HIT/DEFESA,0.1,5
2005-04-11 00:00:00,134,428.2,428.71602,49.2842,3211.0526,HIT/DEFESA,0.1,5
2005-04-11 02:00:00,34,428.2,427.35894,49.2842,3211.0526,BREAK/RUPTURA,-5.4,5
2005-04-11 02:00:00,134,428.2,428.70837,49.2842,3211.0526,BREAK/RUPTURA,-5.4,5
2005-04-12 00:00:00,34,427.5,427.367,32.8561,25003.3333,BREAK/RUPTURA,-4.7,5
2005-04-12 02:00:00,34,427.5,427.3746,-16.3475,25003.3333,HIT/DEFESA,-3.7,5
2005-04-13 00:00:00,34,428.3,427.42748,2.3354,4401.0,BREAK/RUPTURA,-4.5,5
2005-04-13 00:00:00,134,428.3,428.66731,2.3354,4401.0,BREAK/RUPTURA,-4.5,5
2005-04-13 02:00:00,34,428.3,427.47734,18.7135,4401.0,BREAK/RUPTURA,-1.8,5
2005-04-13 02:00:00,134,428.3,428.66187,18.7135,4401.0,BREAK/RUPTURA,-1.8,5
2005-04-18 00:00:00,34,426.5,426.60131,87.5118,3174.3478,HIT/DEFESA,7.1,5
2005-04-18 02:00:00,34,426.5,426.59552,63.7093,3174.3478,HIT/DEFESA,5.2,5
2005-04-28 00:00:00,34,431.1,430.83066,-119.184,9001.4286,BREAK/RUPTURA,2.9,5
2005-04-28 02:00:00,34,431.1,430.84605,-20.8333,9001.4286,HIT/DEFESA,-2.8,5
2005-05-04 00:00:00,134,429.3,429.55438,23.3481,2700.5,BREAK/RUPTURA,-4.0,5
2005-05-04 02:00:00,134,429.3,429.55061,75.0997,2700.5,BREAK/RUPTURA,-4.0,5
2005-05-05 00:00:00,34,429.7,430.4046,84.4872,16502.5,BREAK/RUPTURA,-4.4,5
2005-05-05 00:00:00,134,429.7,429.55282,84.4872,16502.5,BREAK/RUPTURA,-4.4,5
2005-05-05 02:00:00,34,429.7,430.36433,9.3175,16502.5,BREAK/RUPTURA,-4.2,5
2005-05-05 02:00:00,134,429.7,429.555,9.3175,16502.5,BREAK/RUPTURA,-4.2,5
2005-06-06 00:00:00,134,425.6,424.93242,102.065,1686.0,BREAK/RUPTURA,-2.5,5
2005-06-06 02:00:00,134,425.6,424.94231,90.0901,1686.0,BREAK/RUPTURA,-2.3,5
2005-06-07 02:00:00,134,424.3,424.92342,-30.5451,4077.6923,BREAK/RUPTURA,2.3,5
2005-06-30 00:00:00,34,434.3,434.50079,-22.9727,2600.4,HIT/DEFESA,-7.8,5
2005-06-30 02:00:00,34,434.3,434.48932,-57.2344,2600.4,HIT/DEFESA,-11.2,5
2005-07-21 00:00:00,34,425.3,424.51038,143.0956,1214.6429,HIT/DEFESA,0.3,5
2005-07-21 02:00:00,34,425.3,424.5555,63.8902,1214.6429,BREAK/RUPTURA,-2.5,5
2005-07-22 00:00:00,34,424.5,424.55233,44.9598,3910.0,BREAK/RUPTURA,-1.7,5
2005-07-22 02:00:00,34,424.5,424.54934,-18.8103,3910.0,HIT/DEFESA,-0.3,5
2005-07-25 00:00:00,34,425.6,424.60938,7.0538,4401.0,BREAK/RUPTURA,-1.4,5
2005-07-25 02:00:00,34,425.6,424.66599,25.9128,4401.0,HIT/DEFESA,1.7,5
2005-07-27 00:00:00,34,424.2,424.44403,-32.8947,5334.1667,BREAK/RUPTURA,5.1,5
2005-07-27 02:00:00,34,424.2,424.43009,33.1126,5334.1667,HIT/DEFESA,6.9,5
2005-07-28 00:00:00,134,427.3,426.57423,106.4333,2133.6667,HIT/DEFESA,3.8,5
2005-07-28 02:00:00,134,427.3,426.58499,73.0787,2133.6667,HIT/DEFESA,4.3,5
2005-08-22 00:00:00,34,437.6,436.85698,-22.7998,4875.625,HIT/DEFESA,-0.3,5
2005-08-22 02:00:00,34,437.6,436.89944,41.3034,4875.625,HIT/DEFESA,0.2,5
2005-08-24 00:00:00,34,437.3,437.12127,-6.8556,4263.6842,HIT/DEFESA,-0.1,5
2005-08-24 02:00:00,34,437.3,437.13149,-34.1841,4263.6842,HIT/DEFESA,-1.0,5
2005-08-25 00:00:00,34,437.8,437.16969,-22.7894,6715.7143,HIT/DEFESA,-1.5,5
2005-08-25 02:00:00,34,437.8,437.2057,11.4338,6715.7143,BREAK/RUPTURA,-6.7,5
2005-08-26 00:00:00,34,437.2,437.20538,-2.2868,11001.6667,HIT/DEFESA,-6.1,5
2005-08-26 02:00:00,34,437.2,437.20507,-13.7049,11001.6667,HIT/DEFESA,-2.6,5
2005-08-29 00:00:00,34,436.3,437.15335,-34.2622,3889.4444,HIT/DEFESA,-1.7,5
2005-08-29 02:00:00,34,436.3,437.10459,-20.5855,3889.4444,BREAK/RUPTURA,6.0,5
2005-08-30 00:00:00,134,431.1,431.98733,-139.5242,2176.6667,BREAK/RUPTURA,11.2,5
2005-08-30 02:00:00,134,431.1,431.97418,-119.184,2176.6667,BREAK/RUPTURA,12.7,5
2005-11-04 00:00:00,134,456.3,456.84792,-138.3186,3182.0455,BREAK/RUPTURA,3.8,5
2005-11-04 02:00:00,134,456.3,456.83981,-93.3565,3182.0455,BREAK/RUPTURA,10.7,5
2005-12-23 00:00:00,34,502.3,502.281,153.6285,11201.0,HIT/DEFESA,14.2,5
2005-12-23 02:00:00,34,502.3,502.28209,-23.8332,11201.0,BREAK/RUPTURA,11.7,5
2006-02-17 00:00:00,34,551.6,551.88515,248.9781,4282.3077,HIT/DEFESA,2.6,5
2006-02-17 02:00:00,34,551.6,551.86886,65.6934,4282.3077,BREAK/RUPTURA,-3.9,5
2006-02-27 00:00:00,34,553.0,552.52306,96.7683,1464.4643,HIT/DEFESA,9.0,5
2006-02-27 02:00:00,34,553.0,552.55032,-98.4781,1464.4643,BREAK/RUPTURA,15.7,5
2006-03-08 00:00:00,134,539.2,539.0304,-260.1156,1326.0,BREAK/RUPTURA,1.3,5
2006-03-12 00:00:00,134,540.2,539.27458,-97.1586,16010000.0,BREAK/RUPTURA,10.4,5
2006-03-12 02:00:00,134,540.2,539.28829,-5.5504,16010000.0,BREAK/RUPTURA,12.4,5
2006-03-14 00:00:00,34,550.6,550.10623,192.5213,5731.9512,HIT/DEFESA,4.0,5
2006-03-14 02:00:00,34,550.6,550.13444,89.7929,5731.9512,HIT/DEFESA,3.0,5
2006-03-21 00:00:00,34,551.7,551.47035,-34.3208,8790.0,HIT/DEFESA,-2.2,5
2006-03-21 02:00:00,34,551.7,551.48347,-36.1206,8790.0,BREAK/RUPTURA,7.9,5
2006-06-07 00:00:00,134,626.7,625.81983,-124.4879,8793.4483,HIT/DEFESA,-19.6,5
2006-06-07 02:00:00,134,626.7,625.83287,-47.6417,8793.4483,HIT/DEFESA,-21.0,5
2006-07-21 00:00:00,134,619.2,619.93233,-343.1067,2981.0476,HIT/DEFESA,-3.6,5
2006-07-21 02:00:00,134,619.2,619.92148,-171.4286,2981.0476,HIT/DEFESA,-0.5,5
2006-08-21 00:00:00,134,626.7,626.18442,203.5168,1666.75,BREAK/RUPTURA,-5.0,5
2006-08-21 02:00:00,134,626.7,626.19206,205.1783,1666.75,BREAK/RUPTURA,-6.7,5
2006-08-31 00:00:00,134,625.7,624.71598,190.5537,1368.5526,HIT/DEFESA,13.5,5
2006-08-31 02:00:00,134,625.7,624.73056,121.32,1368.5526,HIT/DEFESA,7.4,5
2006-09-01 00:00:00,134,624.7,624.73011,105.144,11000.7692,HIT/DEFESA,8.4,5
2006-09-01 02:00:00,134,624.7,624.72966,-15.9821,11000.7692,HIT/DEFESA,-7.5,5
2006-10-02 00:00:00,34,595.7,595.06787,-33.4616,21174.3478,HIT/DEFESA,-29.2,5
2006-10-02 02:00:00,34,595.7,595.10399,-33.4616,21174.3478,HIT/DEFESA,-23.0,5
2006-10-19 00:00:00,134,599.1,599.43115,176.6604,1947.4737,BREAK/RUPTURA,-8.9,5
2006-10-19 02:00:00,134,599.1,599.42624,162.8499,1947.4737,BREAK/RUPTURA,-17.9,5
2006-11-16 00:00:00,34,618.1,617.71329,-54.7064,3163.4694,BREAK/RUPTURA,3.5,5
2006-11-16 02:00:00,34,618.1,617.73539,-73.8718,3163.4694,BREAK/RUPTURA,5.0,5
2006-12-21 00:00:00,134,618.5,619.15843,-59.4664,4412.3529,BREAK/RUPTURA,6.1,5
2006-12-21 02:00:00,134,618.5,619.14867,-41.8612,4412.3529,BREAK/RUPTURA,8.0,5
2006-12-22 00:00:00,134,619.2,619.14943,-30.5909,10668.3333,BREAK/RUPTURA,7.3,5
2006-12-22 02:00:00,134,619.2,619.15018,11.3177,10668.3333,HIT/DEFESA,15.0,5
2006-12-26 00:00:00,34,624.6,623.76224,98.6257,117010.0,HIT/DEFESA,9.6,5
2006-12-26 02:00:00,34,624.6,623.81011,87.2093,117010.0,HIT/DEFESA,11.6,5
2007-03-14 00:00:00,134,644.2,644.88331,-73.9599,12000.7143,BREAK/RUPTURA,8.5,5
2007-03-14 02:00:00,134,644.2,644.87319,23.339,12000.7143,HIT/DEFESA,10.1,5
2007-03-16 00:00:00,34,652.7,652.14592,131.9466,3130.6522,HIT/DEFESA,5.5,5
2007-03-16 02:00:00,34,652.7,652.17759,72.5309,3130.6522,HIT/DEFESA,10.8,5
2007-05-09 02:00:00,34,679.9,680.84618,-70.1037,3638.5106,HIT/DEFESA,-10.9,5
2007-06-15 03:00:00,34,655.05,655.85837,32.93,1782.2222,HIT/DEFESA,5.95,5
2007-06-17 03:00:00,34,656.15,655.87504,20.617,398.4615,HIT/DEFESA,4.85,5
2007-06-18 00:00:00,34,655.7,655.86503,13.7447,21502.5,HIT/DEFESA,5.1,5
2007-06-18 02:00:00,34,655.7,655.8556,9.9229,21502.5,BREAK/RUPTURA,-1.4,5
2007-06-18 03:00:00,34,656.85,655.91243,10.6683,5473.8462,BREAK/RUPTURA,-2.55,5
2007-06-19 00:00:00,134,661.0,660.84907,80.8296,2111.2963,BREAK/RUPTURA,-6.8,5
2007-06-19 02:00:00,134,661.0,660.85131,80.8296,2111.2963,BREAK/RUPTURA,-9.5,5
2007-06-19 03:00:00,134,660.8,660.85055,60.1355,1069.4872,BREAK/RUPTURA,-9.3,5
2007-06-29 03:00:00,34,649.35,650.12201,15.4238,3002.7273,HIT/DEFESA,3.35,5
2007-07-01 03:00:00,34,650.35,650.13504,19.2574,346.0,HIT/DEFESA,2.35,5
2007-07-02 00:00:00,134,657.4,657.00014,127.8694,1817.0423,BREAK/RUPTURA,-3.85,5
2007-07-02 02:00:00,134,657.4,657.00606,123.9701,1817.0423,BREAK/RUPTURA,-2.9,5
2007-07-02 03:00:00,134,656.2,656.99412,89.9516,844.9153,BREAK/RUPTURA,-1.7,5
2007-07-06 03:00:00,134,655.65,656.31861,100.909,623.1008,HIT/DEFESA,7.95,5
2007-07-26 00:00:00,134,662.9,663.49333,-182.1682,1770.5738,HIT/DEFESA,-2.0,5
2007-07-26 02:00:00,134,662.9,663.48454,-182.1682,1770.5738,HIT/DEFESA,-1.75,5
2007-07-26 03:00:00,134,662.65,663.47217,-192.4073,597.6062,BREAK/RUPTURA,2.25,5
2007-07-31 00:00:00,134,663.6,663.3943,-19.5518,7143.5714,BREAK/RUPTURA,1.75,5
2007-07-31 02:00:00,134,663.6,663.39735,-19.5518,7143.5714,BREAK/RUPTURA,1.8,5
2007-07-31 03:00:00,134,663.75,663.40258,-21.0479,4178.6207,BREAK/RUPTURA,1.65,5
2007-08-13 02:00:00,34,668.9,669.19598,-55.0104,1552.069,HIT/DEFESA,-2.7,5
2007-08-13 03:00:00,34,668.9,669.17906,-25.3504,2844.5161,HIT/DEFESA,-2.7,5
2007-08-14 00:00:00,34,669.4,669.19169,7.475,15572.8571,BREAK/RUPTURA,-1.5,5
2007-08-14 02:00:00,34,669.4,669.20359,7.475,15572.8571,BREAK/RUPTURA,-17.7,5
2007-08-14 03:00:00,34,669.65,669.2291,11.2124,6210.0,BREAK/RUPTURA,-17.95,5
2007-08-15 00:00:00,134,666.2,665.70129,-47.804,4394.2424,HIT/DEFESA,-17.3,5
2007-08-15 02:00:00,134,666.2,665.70868,-47.804,4394.2424,HIT/DEFESA,-9.0,5
2007-08-15 03:00:00,34,667.9,668.83608,-26.1331,3942.3529,HIT/DEFESA,-10.7,5
2007-08-28 03:00:00,34,662.35,663.01088,-56.2979,1378.7013,BREAK/RUPTURA,2.35,5
2007-08-30 00:00:00,134,664.7,663.99397,-32.9885,3286.1905,BREAK/RUPTURA,7.3,5
2007-08-30 02:00:00,34,664.7,663.73247,-32.9885,3286.1905,BREAK/RUPTURA,7.2,5
2007-08-30 02:00:00,134,664.7,664.00443,-32.9885,3286.1905,BREAK/RUPTURA,7.2,5
2007-11-28 00:00:00,34,804.1,803.3048,-232.0214,1410.0,HIT/DEFESA,-21.4,5
2007-12-11 02:00:00,34,800.6,799.65736,-86.6766,4363.7879,HIT/DEFESA,-6.5,5
2007-12-18 02:00:00,34,800.2,799.54359,93.3401,6363.8636,HIT/DEFESA,9.4,5
2008-02-04 00:00:00,34,903.1,902.3416,-20.9945,10653.0435,HIT/DEFESA,-4.3,5
2008-02-12 02:00:00,34,906.6,907.51691,-176.085,1986.5541,HIT/DEFESA,-4.55,5
2008-02-13 02:00:00,34,906.9,907.40262,11.5913,57402.0,BREAK/RUPTURA,-4.0,5
2008-02-14 00:00:00,34,907.75,907.42247,12.6848,11810.5882,BREAK/RUPTURA,-4.85,5
2008-02-14 02:00:00,34,907.85,907.4469,19.8665,11811.0526,BREAK/RUPTURA,-3.35,5
2008-04-11 00:00:00,34,924.95,925.38785,-90.5292,4180.8451,HIT/DEFESA,-1.1,5
2008-04-11 02:00:00,34,925.1,925.3714,-35.0083,7428.8571,BREAK/RUPTURA,2.4,5
2008-04-14 00:00:00,34,923.95,924.74886,-12.4311,3811.2871,BREAK/RUPTURA,20.05,5
2008-04-14 02:00:00,34,923.85,924.69749,39.6653,9579.403,HIT/DEFESA,14.45,5
2008-05-27 00:00:00,34,905.75,906.40732,-197.5108,970.9934,HIT/DEFESA,-28.3,5
2008-05-27 00:00:00,134,905.75,905.68934,-197.5108,970.9934,HIT/DEFESA,-28.3,5
2008-05-27 02:00:00,34,905.9,906.37833,-242.3524,1356.0879,HIT/DEFESA,-19.35,5
2008-05-27 02:00:00,134,905.9,905.69246,-242.3524,1356.0879,HIT/DEFESA,-19.35,5
2008-06-06 00:00:00,134,901.05,901.16937,249.6872,1099.1753,BREAK/RUPTURA,-8.55,5
2008-06-06 02:00:00,134,901.2,901.16982,277.6986,1060.7484,BREAK/RUPTURA,-34.95,5
2008-06-24 00:00:00,34,889.05,888.93275,-167.5514,3584.2975,BREAK/RUPTURA,27.8,5
2008-06-24 02:00:00,34,889.3,888.95374,71.3477,2865.7143,HIT/DEFESA,37.4,5
2008-07-23 00:00:00,134,920.3,920.86504,-463.2124,1219.1389,BREAK/RUPTURA,9.45,5
2008-07-23 02:00:00,134,920.45,920.85889,-268.5415,1473.6204,BREAK/RUPTURA,8.15,5
2008-08-31 00:00:00,34,833.1,832.21134,-9.7133,3134.0,HIT/DEFESA,-27.89,5
2008-08-31 02:00:00,34,833.1,832.26212,36.7448,3134.0,BREAK/RUPTURA,-32.15,5
2008-11-14 00:00:00,34,744.75,743.77623,459.0905,3696.4045,BREAK/RUPTURA,-6.93,5
2008-11-14 02:00:00,34,743.75,743.77473,107.3588,6989.2517,BREAK/RUPTURA,-5.85,5
2009-01-08 00:00:00,34,856.4,855.50493,-74.5222,2848.8727,HIT/DEFESA,-4.8,5
2009-01-16 00:00:00,34,840.35,840.87154,357.6843,1373.5541,BREAK/RUPTURA,-5.25,5
2009-01-18 00:00:00,34,841.5,840.6439,298.239,3100.5,HIT/DEFESA,15.03,5
2009-01-18 02:00:00,34,841.5,840.69282,13.6848,3100.5,HIT/DEFESA,11.95,5
2009-02-09 02:00:00,34,895.09,895.46769,-122.5999,1926.7472,BREAK/RUPTURA,51.06,5
2009-02-25 00:00:00,34,953.5,953.1665,-384.5184,5301.5205,HIT/DEFESA,-11.87,5
2009-02-25 02:00:00,34,952.51,953.12899,-99.6778,5864.8566,HIT/DEFESA,-4.91,5
2009-03-06 00:00:00,34,938.6,939.06743,364.7426,5106.4748,BREAK/RUPTURA,-17.37,5
2009-03-06 02:00:00,34,938.78,939.05101,76.5309,3095.5119,BREAK/RUPTURA,-41.33,5
2009-06-11 02:00:00,34,954.6,955.48076,6.2893,105402.8571,BREAK/RUPTURA,-26.7,5
2009-06-24 00:00:00,134,931.25,931.03913,95.9454,3721.1966,HIT/DEFESA,9.05,5
2009-06-24 02:00:00,134,931.8,931.0504,69.1593,4906.4063,HIT/DEFESA,4.35,5
2009-06-29 00:00:00,34,937.45,938.04702,-30.3095,125686.6667,BREAK/RUPTURA,2.95,5
2009-06-29 02:00:00,34,937.8,938.03291,17.6254,11000.7143,BREAK/RUPTURA,-8.4,5
2009-07-03 00:00:00,134,932.15,931.86962,-87.7286,3052.1429,HIT/DEFESA,-7.35,5
2009-07-14 00:00:00,34,925.25,924.4993,125.3009,2860.0,HIT/DEFESA,11.65,5
2009-07-14 02:00:00,34,925.3,924.54506,59.2488,3355.7778,HIT/DEFESA,10.4,5
2009-07-30 00:00:00,134,934.05,933.621,-33.6108,3024.0,BREAK/RUPTURA,18.78,5
2009-07-30 02:00:00,134,934.3,933.63106,51.1,2230.9615,HIT/DEFESA,22.2,5
2009-08-20 00:00:00,134,940.45,940.11279,20.7778,15015.6522,HIT/DEFESA,13.2,5
2009-08-24 00:00:00,134,941.45,940.90617,-125.3409,1689.6364,BREAK/RUPTURA,3.75,5
2009-10-30 00:00:00,34,1045.2,1044.48551,180.189,12649.697,HIT/DEFESA,13.8,5
2009-10-30 02:00:00,34,1045.0,1044.51491,-17.1953,22000.8333,BREAK/RUPTURA,39.05,5
2010-02-15 00:00:00,134,1100.5,1100.74462,75.071,2012.5161,HIT/DEFESA,8.2,5
2010-02-15 02:00:00,134,1100.9,1100.74692,52.2289,2891.0909,HIT/DEFESA,7.35,5
2010-02-23 00:00:00,34,1103.15,1103.13025,-199.5363,3288.7466,BREAK/RUPTURA,4.05,5
2010-02-23 00:00:00,134,1103.15,1103.16245,-199.5363,3288.7466,BREAK/RUPTURA,4.05,5
2010-02-23 02:00:00,34,1103.0,1103.12281,-99.1876,3152.4762,BREAK/RUPTURA,13.6,5
2010-02-23 02:00:00,134,1103.0,1103.16005,-99.1876,3152.4762,BREAK/RUPTURA,13.6,5
2010-03-10 02:00:00,134,1108.4,1109.25311,-117.2485,2755.8015,HIT/DEFESA,-3.85,5
2010-03-11 00:00:00,134,1109.2,1109.25232,-107.9105,26719.0476,HIT/DEFESA,-4.65,5
2010-03-11 02:00:00,134,1109.5,1109.25599,12.6342,36001.6667,BREAK/RUPTURA,-1.4,5
2010-03-15 00:00:00,134,1108.1,1108.90761,51.7054,3207.8667,HIT/DEFESA,16.9,5
2010-03-15 02:00:00,134,1108.8,1108.90602,38.4772,1438.4932,HIT/DEFESA,18.25,5
2010-03-26 00:00:00,134,1108.6,1108.40134,195.8981,1215.1762,HIT/DEFESA,0.4,5
2010-03-26 02:00:00,134,1108.8,1108.40724,171.0774,1386.4205,BREAK/RUPTURA,-5.45,5
2010-03-29 00:00:00,134,1109.45,1108.46913,5.8622,30160.0,HIT/DEFESA,3.95,5
2010-03-29 02:00:00,134,1109.0,1108.47699,-9.099,3612.449,BREAK/RUPTURA,17.5,5
2010-04-20 02:00:00,34,1140.2,1139.34639,41.3915,4860.6977,HIT/DEFESA,15.7,5
2010-06-10 02:00:00,34,1217.3,1218.04852,-129.3331,1483.7255,BREAK/RUPTURA,3.7,5
2010-06-14 00:00:00,34,1221.0,1220.29103,-44.0313,2787.234,BREAK/RUPTURA,9.9,5
2010-06-21 02:00:00,34,1231.6,1232.0881,-222.6809,1529.4485,BREAK/RUPTURA,11.63,5
2010-06-28 00:00:00,34,1238.75,1238.73279,-123.1861,1857.5,BREAK/RUPTURA,2.95,5
2010-08-03 00:00:00,34,1185.94,1185.49921,41.829,7336.0856,HIT/DEFESA,8.66,5
2010-08-03 02:00:00,34,1185.4,1185.49354,23.5071,5788.1818,HIT/DEFESA,19.76,5
2010-08-11 00:00:00,134,1197.85,1197.66559,-26.2281,3988.746,BREAK/RUPTURA,16.75,5
2010-08-11 02:00:00,134,1197.3,1197.66017,-55.9782,3457.2857,BREAK/RUPTURA,17.33,5
2010-10-25 00:00:00,34,1339.69,1339.47834,92.587,2755.5377,BREAK/RUPTURA,-14.89,5
2010-10-25 02:00:00,34,1339.8,1339.49672,59.6914,4737.8689,HIT/DEFESA,4.05,5
2010-10-26 00:00:00,34,1340.25,1339.53976,63.0702,53798.1132,HIT/DEFESA,3.65,5
2010-10-26 02:00:00,34,1339.8,1339.55463,0.8211,103670.0,HIT/DEFESA,17.72,5
2010-11-29 00:00:00,34,1366.08,1365.18255,21.8619,18501.4778,HIT/DEFESA,20.42,5
2010-12-09 00:00:00,34,1386.71,1385.96975,-99.8786,6528.6869,HIT/DEFESA,-6.3,5
2010-12-09 02:00:00,34,1387.0,1386.02862,38.1406,4577.1154,HIT/DEFESA,6.77,5
2010-12-10 00:00:00,34,1386.6,1386.06127,41.2774,262276.9231,HIT/DEFESA,7.6,5
2010-12-10 02:00:00,34,1386.4,1386.08063,-2.2355,39801.0,BREAK/RUPTURA,9.51,5
2010-12-24 02:00:00,34,1383.0,1383.39326,24.2089,3285.1515,HIT/DEFESA,22.64,5
2011-01-07 00:00:00,134,1368.75,1369.51038,-67.1263,14755.1867,BREAK/RUPTURA,12.25,5
2011-01-07 02:00:00,134,1368.6,1369.49689,-18.8159,22909.5455,BREAK/RUPTURA,18.98,5
2011-01-19 00:00:00,134,1369.66,1369.94651,63.6297,16313.4503,BREAK/RUPTURA,-27.06,5
2011-01-19 02:00:00,134,1370.2,1369.95027,16.2283,11348.2609,BREAK/RUPTURA,-36.41,5
2011-02-04 00:00:00,34,1349.05,1348.81967,106.7576,5119.8783,HIT/DEFESA,14.75,5
2011-02-04 02:00:00,34,1348.7,1348.81283,-38.6283,3966.8333,BREAK/RUPTURA,14.65,5
2011-02-14 02:00:00,134,1361.4,1360.43383,37.7503,6158.1579,HIT/DEFESA,22.3,5
2011-03-10 02:00:00,34,1411.0,1410.07484,-136.5228,1860.05,HIT/DEFESA,-15.65,5
2011-03-29 00:00:00,34,1418.08,1418.93064,-65.2935,11862.0321,BREAK/RUPTURA,13.62,5
2011-03-29 02:00:00,34,1418.3,1418.89461,-12.1828,11300.5,BREAK/RUPTURA,9.0,5
2011-06-10 00:00:00,34,1530.56,1530.23664,-43.1954,1947.8388,HIT/DEFESA,-6.96,5
2011-06-10 02:00:00,34,1530.9,1530.27455,-81.5684,2266.75,HIT/DEFESA,-0.35,5
2011-06-16 00:00:00,34,1529.11,1528.34781,36.1643,35235.9551,HIT/DEFESA,10.59,5
2011-06-16 02:00:00,34,1528.2,1528.33936,-15.354,13625.625,BREAK/RUPTURA,17.8,5
2011-06-24 00:00:00,134,1499.74,1498.85769,-307.3741,1605.979,BREAK/RUPTURA,1.86,5
2011-06-30 00:00:00,134,1500.08,1499.29018,-10.1225,2316.4872,HIT/DEFESA,-4.88,5
2011-06-30 02:00:00,134,1500.3,1499.30514,-79.0213,1891.0,BREAK/RUPTURA,15.7,5
2011-09-07 00:00:00,34,1816.95,1816.9312,-431.5656,1224.5868,BREAK/RUPTURA,38.75,5
2011-09-07 02:00:00,34,1817.0,1816.93513,-309.0749,2230.221,HIT/DEFESA,-2.2,5
2011-11-28 02:00:00,134,1710.8,1710.28163,163.4903,1644.1017,HIT/DEFESA,33.55,5
2012-01-19 00:00:00,134,1658.3,1657.32642,41.1747,21941.3953,HIT/DEFESA,17.6,5
2012-04-10 00:00:00,34,1659.7,1659.31263,179.7105,2606.0154,HIT/DEFESA,15.0,5
2012-04-10 02:00:00,34,1660.1,1659.35762,121.6352,2034.1951,BREAK/RUPTURA,-2.0,5
2012-04-11 00:00:00,34,1658.8,1659.32576,114.6341,226230.0,BREAK/RUPTURA,-2.9,5
2012-06-08 00:00:00,34,1592.87,1592.41129,-168.6829,11315.1832,BREAK/RUPTURA,16.83,5
2012-06-14 00:00:00,134,1623.51,1622.77935,85.7924,4992.3437,HIT/DEFESA,4.39,5
2012-06-14 02:00:00,134,1622.9,1622.78114,37.3564,6255.098,BREAK/RUPTURA,-4.64,5
2012-06-20 00:00:00,34,1607.21,1607.14453,-127.0963,4547.4396,HIT/DEFESA,-34.61,5
2012-07-13 02:00:00,34,1587.9,1587.57648,105.3234,2853.7195,BREAK/RUPTURA,-14.65,5
2012-07-16 02:00:00,34,1587.9,1587.68243,-6.9226,9500.3125,HIT/DEFESA,-6.6,5
2012-07-20 00:00:00,34,1584.1,1585.04288,70.5658,12355.7143,BREAK/RUPTURA,-3.4,5
2012-08-03 00:00:00,134,1603.31,1603.55785,21.3138,1977.4817,HIT/DEFESA,8.19,5
2012-10-09 00:00:00,34,1764.05,1763.95928,-93.5026,3472.093,BREAK/RUPTURA,3.15,5
2012-10-09 02:00:00,34,1763.6,1763.93875,-62.8258,2254.322,HIT/DEFESA,-10.05,5
2012-10-23 00:00:00,134,1707.3,1707.92129,-85.9416,1886.6194,BREAK/RUPTURA,2.9,5
2012-10-23 02:00:00,134,1707.3,1707.91208,-122.364,1422.0642,BREAK/RUPTURA,3.69,5
2012-10-30 02:00:00,134,1709.0,1708.01644,-0.4681,101005.0,HIT/DEFESA,-31.38,5
2012-11-06 02:00:00,34,1716.4,1716.86264,188.285,1414.0446,HIT/DEFESA,14.88,5
2012-11-07 00:00:00,34,1717.48,1716.89792,193.3646,32178.7879,HIT/DEFESA,13.72,5
2012-11-07 02:00:00,34,1716.8,1716.89232,5.3617,113402.0,HIT/DEFESA,11.3,5
2012-12-03 00:00:00,134,1715.81,1715.99289,-55.5813,18549.2462,HIT/DEFESA,-21.71,5
2012-12-03 02:00:00,134,1715.7,1715.98855,11.0281,11235.8824,BREAK/RUPTURA,-16.0,5
2013-01-14 00:00:00,34,1667.55,1668.49602,-39.7205,9610.3292,BREAK/RUPTURA,11.65,5
2013-01-21 00:00:00,134,1689.84,1690.07095,18.0223,12653.6199,BREAK/RUPTURA,-4.34,5
2013-01-21 02:00:00,134,1689.2,1690.05805,32.0107,1600.1667,BREAK/RUPTURA,-21.44,5
2013-02-07 00:00:00,34,1671.36,1671.97448,-7.4136,16922.1667,HIT/DEFESA,-23.26,5
2013-03-15 00:00:00,34,1591.9,1592.52515,27.7165,30881.4634,HIT/DEFESA,20.6,5
2013-03-26 00:00:00,34,1599.85,1600.46281,-46.351,13486.5306,HIT/DEFESA,-3.35,5
2013-04-09 00:00:00,34,1585.35,1586.08623,39.5795,6381.1523,BREAK/RUPTURA,-24.95,5
2013-04-09 02:00:00,34,1585.3,1586.0413,76.9133,2259.9213,BREAK/RUPTURA,-102.32,5
2013-04-25 00:00:00,34,1467.67,1467.23151,386.1722,3230.1767,HIT/DEFESA,8.73,5
2013-04-25 02:00:00,34,1467.1,1467.22399,248.4754,1363.1564,HIT/DEFESA,9.3,5
2013-05-02 00:00:00,34,1466.76,1467.18196,-67.9848,9232.0975,BREAK/RUPTURA,2.84,5
2013-05-02 02:00:00,34,1467.1,1467.17728,66.0043,4131.4141,BREAK/RUPTURA,-14.7,5
2013-06-05 00:00:00,34,1402.93,1403.45706,-59.307,22265.4135,HIT/DEFESA,-24.93,5
2013-08-01 00:00:00,34,1310.1,1310.10276,-119.1643,5921.0959,HIT/DEFESA,-7.6,5
2013-08-01 02:00:00,34,1309.3,1310.05689,-116.2527,2086.1589,HIT/DEFESA,-26.45,5
2013-09-10 00:00:00,134,1363.55,1362.78116,-181.1046,2146.8113,HIT/DEFESA,-42.85,5
2013-10-23 00:00:00,134,1333.2,1334.01085,134.5496,8115.2308,HIT/DEFESA,18.1,5
2013-10-23 02:00:00,134,1333.1,1333.99735,-49.6361,3030.4545,BREAK/RUPTURA,19.2,5
2014-01-22 00:00:00,34,1236.88,1237.81221,-133.3759,10825.2983,BREAK/RUPTURA,31.02,5
2014-01-22 02:00:00,34,1236.8,1237.75437,-34.4861,2952.619,BREAK/RUPTURA,19.94,5
2014-01-27 00:00:00,134,1256.74,1256.28229,-50.3523,6013.3172,BREAK/RUPTURA,10.46,5
2014-01-27 02:00:00,134,1256.6,1256.287,-100.2891,2983.2773,HIT/DEFESA,-13.28,5
2014-01-28 00:00:00,134,1256.48,1256.28986,-90.0702,263333.3333,HIT/DEFESA,-13.08,5
2014-01-28 02:00:00,134,1256.4,1256.29149,-2.7054,84336.6667,HIT/DEFESA,-12.18,5
2014-03-26 00:00:00,134,1304.17,1304.21638,-31.5677,9993.2836,HIT/DEFESA,-11.77,5
2014-03-26 02:00:00,134,1304.0,1304.21318,-51.5731,4130.5797,HIT/DEFESA,-20.24,5
2014-04-25 02:00:00,134,1302.0,1301.40375,69.7613,2244.5556,BREAK/RUPTURA,-10.73,5
2014-05-02 02:00:00,34,1298.0,1297.15758,108.5619,3156.0993,BREAK/RUPTURA,-8.36,5
2014-05-12 00:00:00,34,1295.74,1296.3552,51.5088,9767.3813,HIT/DEFESA,9.86,5
2014-05-12 02:00:00,34,1295.4,1296.30062,59.0935,6900.1667,HIT/DEFESA,0.47,5
2014-05-26 02:00:00,34,1294.1,1294.67851,14.0836,6334.1667,BREAK/RUPTURA,-38.69,5
2014-07-16 00:00:00,134,1298.94,1299.04182,-59.3862,11318.0769,BREAK/RUPTURA,11.36,5
2014-07-16 02:00:00,134,1298.8,1299.03823,39.2666,3078.6275,HIT/DEFESA,13.36,5
2014-07-21 00:00:00,34,1312.16,1312.47685,-49.5943,21740.7583,HIT/DEFESA,-7.96,5
2014-07-21 02:00:00,34,1312.1,1312.45531,11.216,12750.625,BREAK/RUPTURA,-18.73,5
2014-08-15 00:00:00,34,1304.48,1305.45173,-60.3475,10696.8605,HIT/DEFESA,-9.08,5
2014-10-08 02:00:00,34,1220.6,1219.62305,97.4504,2226.9748,HIT/DEFESA,15.0,5
2014-11-27 02:00:00,34,1190.5,1190.18692,-60.0322,3272.8788,BREAK/RUPTURA,7.39,5
2015-02-06 02:00:00,134,1235.2,1235.34256,-231.2486,1727.3064,HIT/DEFESA,-16.45,5
2015-03-26 00:00:00,134,1204.64,1204.55292,98.4156,6840.3808,BREAK/RUPTURA,-19.04,5
2015-03-26 02:00:00,134,1204.5,1204.55214,76.8838,4685.5056,BREAK/RUPTURA,-21.21,5
2015-03-30 00:00:00,34,1185.88,1185.38373,-154.587,3620.8866,BREAK/RUPTURA,17.92,5
2015-03-30 02:00:00,34,1185.6,1185.39609,-105.9009,1630.8462,BREAK/RUPTURA,16.84,5
2015-04-01 00:00:00,134,1203.84,1203.22006,153.8462,2850.7834,HIT/DEFESA,10.77,5
2015-04-01 02:00:00,134,1203.8,1203.22865,173.3303,1738.9655,HIT/DEFESA,10.8,5
2015-04-02 00:00:00,134,1202.44,1203.21697,164.328,33995.7746,HIT/DEFESA,6.5,5
2015-04-09 00:00:00,34,1194.63,1195.33947,-118.0412,6419.9457,BREAK/RUPTURA,3.87,5
2015-04-09 02:00:00,34,1194.4,1195.28579,-65.9553,1609.878,HIT/DEFESA,-1.86,5
2015-04-15 00:00:00,134,1202.38,1203.09965,32.3738,5244.8171,HIT/DEFESA,1.72,5
2015-04-15 02:00:00,134,1202.3,1203.0878,81.8421,2140.1,BREAK/RUPTURA,-6.59,5
2015-04-21 00:00:00,134,1202.04,1202.7541,-17.1082,5583.3566,HIT/DEFESA,-8.34,5
2015-04-21 02:00:00,134,1202.1,1202.74441,53.4411,2613.0645,BREAK/RUPTURA,-23.0,5
2015-04-27 00:00:00,134,1201.67,1201.34024,66.7672,2453.114,HIT/DEFESA,2.73,5
2015-04-27 02:00:00,134,1201.7,1201.34557,191.6716,1565.0673,BREAK/RUPTURA,-17.66,5
2015-05-05 00:00:00,34,1192.98,1193.64501,127.1647,8299.6303,BREAK/RUPTURA,-8.88,5
2015-05-05 02:00:00,34,1193.0,1193.60815,43.5247,4714.4898,BREAK/RUPTURA,-5.12,5
2015-05-22 02:00:00,34,1204.9,1204.29449,-6.9667,18143.5714,HIT/DEFESA,-17.29,5
2015-05-25 02:00:00,34,1204.6,1204.45448,-10.449,28002.5,HIT/DEFESA,-16.55,5
2015-06-15 02:00:00,34,1186.2,1186.10612,41.1397,5555.7407,HIT/DEFESA,15.05,5
2015-06-17 02:00:00,34,1185.2,1185.53922,29.0243,6892.1622,HIT/DEFESA,0.39,5
2015-09-16 00:00:00,34,1119.2,1118.34727,95.6161,4913.1915,HIT/DEFESA,20.2,5
2015-09-16 02:00:00,34,1119.1,1118.39029,127.8768,1885.7857,HIT/DEFESA,13.94,5
2015-10-29 00:00:00,134,1145.63,1146.10929,-179.7531,15182.549,HIT/DEFESA,-12.43,5
2015-10-29 02:00:00,134,1145.6,1146.10174,-88.5078,2475.8252,HIT/DEFESA,-28.06,5
2015-12-11 00:00:00,34,1074.4,1075.16098,18.6498,35080.1444,BREAK/RUPTURA,-13.6,5
2015-12-16 00:00:00,34,1071.94,1072.10482,115.5044,7703.5199,BREAK/RUPTURA,-6.04,5
2015-12-16 02:00:00,34,1072.2,1072.11025,106.8944,2026.1739,HIT/DEFESA,5.88,5
2015-12-23 00:00:00,34,1070.02,1070.4815,-73.1051,19778.8845,HIT/DEFESA,-1.02,5
2015-12-23 02:00:00,34,1070.1,1070.4597,-18.9343,5083.75,HIT/DEFESA,-1.33,5
2016-01-13 00:00:00,134,1093.34,1092.66884,-5.1193,13780.9816,HIT/DEFESA,-5.64,5
2016-01-13 02:00:00,134,1093.3,1092.67819,66.0142,4016.0317,BREAK/RUPTURA,-4.42,5
2016-04-05 00:00:00,34,1231.07,1231.1809,64.3394,6200.8254,HIT/DEFESA,9.03,5
2016-04-05 02:00:00,34,1231.1,1231.17627,131.1761,1802.6115,HIT/DEFESA,7.61,5
2016-04-25 00:00:00,34,1237.62,1238.46122,-81.5836,15450.431,BREAK/RUPTURA,7.98,5
2016-04-25 02:00:00,34,1237.5,1238.40629,40.405,3920.2,HIT/DEFESA,28.43,5
2016-05-02 23:00:00,34,1289.5,1288.57102,-6.2001,5572.8571,BREAK/RUPTURA,4.7,5
2016-05-03 07:00:00,34,1289.4,1289.74582,-37.0885,2034.8276,BREAK/RUPTURA,5.6,5
2016-05-03 15:00:00,34,1292.5,1291.90807,-19.305,3385.0,HIT/DEFESA,-6.5,5
2016-05-04 15:00:00,34,1285.0,1284.63115,65.0114,10401.0,BREAK/RUPTURA,-6.1,5
2016-05-05 01:00:00,34,1282.5,1282.08336,25.0137,2334.1667,BREAK/RUPTURA,-2.0,5
2016-05-05 04:00:00,34,1281.6,1281.87645,-7.0175,2143.3333,HIT/DEFESA,-5.6,5
2016-05-05 07:00:00,34,1281.3,1281.71467,-2.3408,5001.1111,HIT/DEFESA,-3.4,5
2016-05-05 15:00:00,34,1280.3,1280.84824,18.7808,1766.1702,BREAK/RUPTURA,-6.0,5
2016-05-05 19:00:00,134,1271.8,1271.72273,-39.9405,2500.2273,BREAK/RUPTURA,15.78,5
2016-05-06 02:00:00,34,1278.5,1279.28014,12.5303,3000.7692,BREAK/RUPTURA,-2.2,5
2016-05-06 05:00:00,34,1278.3,1279.12754,-1.5643,9002.5,BREAK/RUPTURA,3.2,5
2016-05-06 08:00:00,34,1279.3,1278.93286,7.8229,1322.9032,HIT/DEFESA,0.2,5
2016-05-06 09:00:00,34,1278.5,1278.90812,3.1296,3223.3333,HIT/DEFESA,13.3,5
2016-05-06 13:00:00,34,1279.5,1279.23333,-15.6067,3910.0,BREAK/RUPTURA,15.3,5
2016-05-09 05:00:00,34,1283.7,1283.52333,-12.4485,2412.3529,HIT/DEFESA,-4.8,5
2016-05-09 06:00:00,34,1284.4,1283.57343,-15.5473,2251.25,HIT/DEFESA,-7.4,5
2016-05-09 11:00:00,134,1277.0,1276.57021,-21.0987,3600.5,HIT/DEFESA,-9.9,5
2016-05-09 12:00:00,134,1275.7,1276.55732,-23.4613,5167.5,HIT/DEFESA,-11.3,5
2016-05-10 20:00:00,34,1267.1,1266.77456,65.1362,3706.4706,BREAK/RUPTURA,-2.4,5
2016-05-10 23:00:00,34,1266.2,1266.63849,-7.1028,7001.0,BREAK/RUPTURA,3.7,5
2016-05-11 07:00:00,134,1272.2,1271.49287,18.1117,2889.4444,HIT/DEFESA,1.5,5
2016-05-11 09:00:00,134,1271.7,1271.51356,11.021,3910.0,HIT/DEFESA,4.1,5
2016-05-11 10:00:00,134,1271.7,1271.51632,-3.9302,47010.0,BREAK/RUPTURA,4.7,5
2016-05-11 11:00:00,134,1272.2,1271.52645,-3.9287,5002.5,BREAK/RUPTURA,2.2,5
2016-05-11 18:00:00,134,1272.6,1271.87016,-29.7712,4053.1579,BREAK/RUPTURA,4.9,5
2016-05-12 04:00:00,34,1272.3,1272.59052,-39.1451,1800.4,HIT/DEFESA,-0.6,5
2016-05-12 04:00:00,134,1272.3,1272.28285,-39.1451,1800.4,HIT/DEFESA,-0.6,5
2016-05-12 05:00:00,34,1271.9,1272.55106,-48.5095,10336.6667,HIT/DEFESA,-1.2,5
2016-05-12 05:00:00,134,1271.9,1272.27718,-48.5095,10336.6667,HIT/DEFESA,-1.2,5
2016-05-12 07:00:00,34,1272.4,1272.45886,0.786,2200.6667,BREAK/RUPTURA,-5.6,5
2016-05-12 07:00:00,134,1272.4,1272.26036,0.786,2200.6667,BREAK/RUPTURA,-5.6,5
2016-05-12 14:00:00,34,1271.2,1271.38261,25.2366,1956.7391,BREAK/RUPTURA,-1.5,5
2016-05-12 14:00:00,134,1271.2,1271.97005,25.2366,1956.7391,BREAK/RUPTURA,-1.5,5
2016-05-12 16:00:00,34,1272.6,1271.84641,45.7847,1600.1667,BREAK/RUPTURA,-4.5,5
2016-05-12 16:00:00,134,1272.6,1272.07761,45.7847,1600.1667,BREAK/RUPTURA,-4.5,5
2016-05-12 18:00:00,34,1270.9,1271.64975,-60.9995,2222.7778,HIT/DEFESA,-2.8,5
2016-05-13 00:00:00,134,1272.7,1271.73584,36.2747,9031.7787,BREAK/RUPTURA,-3.6,5
2016-05-13 05:00:00,34,1269.1,1269.88596,13.4133,2130.8696,HIT/DEFESA,6.1,5
2016-05-13 06:00:00,134,1271.1,1271.40603,40.2844,2238.5714,HIT/DEFESA,2.4,5
2016-05-13 16:00:00,34,1271.2,1270.86233,-31.3676,2122.9825,BREAK/RUPTURA,2.1,5
2016-05-13 16:00:00,134,1271.2,1271.52867,-31.3676,2122.9825,BREAK/RUPTURA,2.1,5
2016-05-13 17:00:00,34,1270.1,1270.81877,30.8008,3834.1667,HIT/DEFESA,2.9,5
2016-05-13 18:00:00,34,1270.9,1270.82341,40.2907,5287.1429,HIT/DEFESA,2.4,5
2016-05-13 18:00:00,134,1270.9,1271.4985,40.2907,5287.1429,HIT/DEFESA,2.4,5
2016-05-16 19:00:00,134,1273.0,1273.28722,-5.4958,3286.1905,BREAK/RUPTURA,5.69,5
2016-05-16 20:00:00,134,1272.5,1273.27556,-20.3906,9502.5,BREAK/RUPTURA,2.3,5
2016-05-16 22:00:00,134,1273.7,1273.2968,5.4988,4202.0,HIT/DEFESA,5.4,5
2016-05-16 23:00:00,134,1274.3,1273.31166,14.1454,1706.4706,HIT/DEFESA,5.7,5
2016-05-17 01:00:00,34,1274.8,1275.75138,8.6363,31010.0,HIT/DEFESA,3.7,5
2016-05-17 02:00:00,34,1276.0,1275.76559,13.3407,3308.4615,HIT/DEFESA,0.8,5
2016-05-17 07:00:00,34,1276.8,1276.46432,-25.0,2111.6667,HIT/DEFESA,-3.1,5
2016-05-17 09:00:00,134,1273.5,1273.83502,-39.1083,2765.2941,HIT/DEFESA,-0.4,5
2016-05-17 12:00:00,134,1273.7,1273.7627,1.5705,4693.0769,HIT/DEFESA,5.5,5
2016-05-17 13:00:00,134,1272.9,1273.74992,20.4676,3445.5556,HIT/DEFESA,2.8,5
2016-05-17 14:00:00,134,1273.1,1273.74029,4.7151,123010.0,HIT/DEFESA,2.2,5
2016-05-17 18:00:00,34,1275.7,1275.90719,-11.7444,1944.7222,BREAK/RUPTURA,3.3,5
2016-05-17 19:00:00,34,1275.3,1275.8725,-43.7193,10602.0,HIT/DEFESA,-16.99,5
2016-05-17 20:00:00,34,1276.8,1275.9255,-18.7617,4857.8571,BREAK/RUPTURA,2.4,5
2016-05-18 04:00:00,34,1275.8,1275.9055,-26.5791,2467.3333,HIT/DEFESA,-3.3,5
2016-05-18 05:00:00,134,1274.6,1274.27017,-39.8531,3364.5455,HIT/DEFESA,-3.9,5
2016-05-18 06:00:00,34,1275.6,1275.8177,-14.0911,1910.0,HIT/DEFESA,-4.2,5
2016-05-18 07:00:00,134,1273.6,1274.27965,-17.2441,2158.4211,HIT/DEFESA,-1.7,5
2016-05-18 13:00:00,34,1274.8,1274.69031,32.2657,1428.9286,BREAK/RUPTURA,-2.5,5
2016-05-18 13:00:00,134,1274.8,1274.10846,32.2657,1428.9286,BREAK/RUPTURA,-2.5,5
2016-05-18 17:00:00,134,1273.0,1273.96901,11.0098,1171.7143,BREAK/RUPTURA,-14.9,5
2016-05-18 19:00:00,34,1273.4,1273.93214,29.9307,2000.8333,BREAK/RUPTURA,-19.03,5
2016-05-18 19:00:00,134,1273.4,1273.93622,29.9307,2000.8333,BREAK/RUPTURA,-19.03,5
2016-05-20 01:00:00,34,1256.9,1257.32591,20.7287,10202.0,BREAK/RUPTURA,-2.9,5
2016-05-20 02:00:00,34,1256.4,1257.273,17.5411,6001.6667,BREAK/RUPTURA,-2.2,5
2016-05-20 10:00:00,34,1256.4,1256.28301,17.5411,1710.0,BREAK/RUPTURA,-2.7,5
2016-05-20 11:00:00,34,1256.1,1256.27256,11.158,9502.5,BREAK/RUPTURA,-4.1,5
2016-05-20 12:00:00,34,1255.8,1256.24555,19.1479,7502.5,BREAK/RUPTURA,-6.1,5
2016-05-20 13:00:00,34,1256.9,1256.28295,3.9796,4201.0,BREAK/RUPTURA,-6.4,5
2016-05-23 02:00:00,34,1253.6,1254.01448,9.5816,2750.625,BREAK/RUPTURA,-3.6,5
2016-05-23 03:00:00,34,1255.0,1254.07079,49.8086,2467.3333,BREAK/RUPTURA,-3.9,5
2016-05-23 04:00:00,34,1254.1,1254.07246,17.5733,2401.0,BREAK/RUPTURA,-2.7,5
2016-05-23 05:00:00,34,1254.2,1254.07975,4.7862,12005.0,BREAK/RUPTURA,-4.4,5
2016-05-23 06:00:00,34,1254.5,1254.10376,-3.9841,11005.0,HIT/DEFESA,-3.6,5
2016-05-23 20:00:00,34,1250.5,1251.16402,32.8947,5002.0,BREAK/RUPTURA,-1.2,5
2016-05-24 01:00:00,34,1249.3,1249.46614,3.2028,12005.0,BREAK/RUPTURA,-3.6,5
2016-05-26 02:00:00,34,1226.7,1226.87552,22.0588,1700.5,HIT/DEFESA,3.0,5
2016-05-26 08:00:00,34,1228.5,1227.76408,-4.8816,3910.0,HIT/DEFESA,-0.5,5
2016-05-26 09:00:00,34,1227.1,1227.72613,-15.4597,3308.4615,BREAK/RUPTURA,2.0,5
2016-05-26 10:00:00,34,1227.0,1227.68464,-21.9566,24005.0,HIT/DEFESA,-0.6,5
2016-05-26 11:00:00,34,1227.3,1227.66266,-9.768,9005.0,HIT/DEFESA,-5.1,5
2016-05-26 12:00:00,34,1228.2,1227.69337,8.9642,4601.0,BREAK/RUPTURA,-6.2,5
2016-05-26 13:00:00,34,1228.0,1227.71089,8.15,13670.0,BREAK/RUPTURA,-7.9,5
2016-05-27 09:00:00,34,1222.1,1222.30352,41.0813,3834.1667,BREAK/RUPTURA,-5.5,5
2016-05-27 10:00:00,34,1221.4,1222.25189,9.0142,7335.0,BREAK/RUPTURA,-5.7,5
2016-05-31 01:00:00,34,1209.7,1209.13663,39.8373,8502.5,HIT/DEFESA,2.6,5
2016-05-31 09:00:00,34,1211.0,1210.29808,-10.7234,2750.625,HIT/DEFESA,-1.0,5
2016-05-31 10:00:00,34,1210.8,1210.32676,-18.9597,41010.0,BREAK/RUPTURA,1.7,5
2016-05-31 12:00:00,34,1210.7,1210.41669,-2.4773,3001.25,BREAK/RUPTURA,3.9,5
2016-05-31 14:00:00,34,1210.0,1210.45663,-13.2057,5400.6667,BREAK/RUPTURA,6.7,5
2016-06-01 00:00:00,34,1212.79,1212.26842,-16.5459,27979.7357,BREAK/RUPTURA,1.31,5
2016-06-01 05:00:00,34,1214.1,1213.36918,-27.1069,1696.087,BREAK/RUPTURA,1.5,5
2016-06-01 06:00:00,34,1214.0,1213.40522,-38.5657,40010000.0,BREAK/RUPTURA,1.4,5
2016-06-01 15:00:00,34,1214.5,1214.49376,-12.3355,2290.6452,HIT/DEFESA,-4.0,5
2016-06-01 22:00:00,34,1212.7,1213.17707,16.5194,13005.0,HIT/DEFESA,0.7,5
2016-06-01 23:00:00,34,1213.0,1213.16695,20.6526,1461.9231,HIT/DEFESA,2.2,5
2016-06-02 01:00:00,34,1213.3,1213.04271,4.9476,27010.0,HIT/DEFESA,2.3,5
2016-06-02 02:00:00,34,1212.7,1213.02313,-2.4732,7802.0,BREAK/RUPTURA,1.9,5
2016-06-02 03:00:00,34,1213.4,1213.04467,22.1356,12001.6667,HIT/DEFESA,2.8,5
2016-06-02 14:00:00,34,1214.4,1214.10439,-4.9383,4177.0588,HIT/DEFESA,-3.4,5
2016-06-03 10:00:00,34,1212.0,1212.9538,7.4313,2668.3333,HIT/DEFESA,28.5,5
2016-06-07 07:00:00,34,1241.7,1240.84105,-15.2782,1333.8889,HIT/DEFESA,-1.0,5
2016-06-07 10:00:00,34,1241.2,1241.0777,-4.0267,1300.5,HIT/DEFESA,-0.4,5
2016-06-07 11:00:00,34,1241.2,1241.08469,-12.0705,23010.0,HIT/DEFESA,-0.2,5
2016-06-07 15:00:00,34,1240.8,1240.73403,0.806,2130.8696,HIT/DEFESA,3.1,5
2016-06-07 16:00:00,34,1241.0,1240.74923,28.2828,13670.0,HIT/DEFESA,2.7,5
2016-06-07 17:00:00,34,1241.0,1240.76356,19.3767,51010.0,HIT/DEFESA,3.4,5
2016-06-08 01:00:00,34,1243.8,1242.90611,-4.8216,29010.0,BREAK/RUPTURA,4.5,5
2016-06-08 02:00:00,34,1243.1,1242.91719,-4.8243,5335.0,BREAK/RUPTURA,5.7,5
2016-06-09 13:00:00,34,1258.0,1257.58204,-15.0806,2778.8889,BREAK/RUPTURA,10.5,5
2016-06-14 06:00:00,34,1279.2,1279.83137,-24.1753,3335.0,HIT/DEFESA,-0.5,5
2016-06-14 07:00:00,34,1279.5,1279.81243,-15.6067,22005.0,BREAK/RUPTURA,1.4,5
2016-06-14 08:00:00,34,1279.5,1279.79458,-1.5629,49010.0,BREAK/RUPTURA,4.2,5
2016-06-14 10:00:00,34,1279.8,1279.70359,2.3447,4000.5556,HIT/DEFESA,6.3,5
2016-06-14 11:00:00,34,1278.7,1279.64624,-6.2524,4001.0,BREAK/RUPTURA,7.0,5
2016-06-14 17:00:00,34,1281.0,1280.89442,-35.0058,1458.5417,BREAK/RUPTURA,8.8,5
2016-06-14 18:00:00,34,1281.9,1280.95189,-32.6569,5251.25,BREAK/RUPTURA,3.3,5
2016-06-15 02:00:00,34,1283.4,1282.94792,-14.0056,5667.7778,BREAK/RUPTURA,2.2,5
2016-06-15 03:00:00,34,1283.2,1282.96233,-64.2664,11003.3333,BREAK/RUPTURA,2.5,5
2016-06-15 05:00:00,34,1283.6,1283.06006,1.5584,5502.5,BREAK/RUPTURA,-1.8,5
2016-06-15 14:00:00,34,1282.8,1282.83449,6.2402,1700.25,HIT/DEFESA,1.6,5
2016-06-15 15:00:00,34,1283.5,1282.87252,21.863,9251.25,HIT/DEFESA,7.7,5
2016-06-15 16:00:00,34,1282.9,1282.87409,32.8459,7287.1429,HIT/DEFESA,11.6,5
2016-06-17 01:00:00,134,1281.8,1281.12408,31.3038,10002.5,HIT/DEFESA,1.4,5
2016-06-17 13:00:00,34,1287.9,1288.54311,24.9085,19670.0,HIT/DEFESA,2.2,5
2016-06-17 14:00:00,34,1287.5,1288.48351,26.4777,25670.0,HIT/DEFESA,5.8,5
2016-06-17 16:00:00,34,1288.4,1288.60354,3.8823,5000.4,HIT/DEFESA,9.4,5
2016-06-17 17:00:00,34,1288.1,1288.57477,4.6602,21502.5,HIT/DEFESA,5.0,5
2016-06-20 00:00:00,34,1289.7,1290.27461,-62.4133,144101.2821,HIT/DEFESA,-6.2,5
2016-06-20 05:00:00,134,1283.5,1283.20959,-14.0045,3875.625,BREAK/RUPTURA,4.2,5
2016-06-20 07:00:00,134,1283.1,1283.18156,8.5803,2778.3333,BREAK/RUPTURA,-2.8,5
2016-06-20 08:00:00,134,1284.1,1283.19516,4.6747,3445.5556,BREAK/RUPTURA,-3.8,5
2016-06-20 09:00:00,34,1287.1,1287.85874,44.4826,2355.1613,BREAK/RUPTURA,-4.4,5
2016-06-20 10:00:00,34,1287.7,1287.84967,35.8507,5287.1429,BREAK/RUPTURA,-6.0,5
2016-06-20 11:00:00,134,1283.2,1283.31713,-7.0088,2285.9524,BREAK/RUPTURA,3.3,5
2016-06-20 14:00:00,134,1282.7,1283.22057,-3.8965,2360.4,BREAK/RUPTURA,5.5,5
2016-06-20 16:00:00,34,1286.5,1286.27911,48.4262,2673.6735,HIT/DEFESA,3.4,5
2016-06-20 18:00:00,34,1287.2,1286.24665,42.9118,1518.8889,HIT/DEFESA,2.7,5
2016-06-20 20:00:00,34,1286.4,1286.36066,13.2327,2790.0,HIT/DEFESA,1.4,5
2016-06-21 04:00:00,34,1286.6,1286.34624,-9.3182,3125.625,HIT/DEFESA,-4.6,5
2016-06-21 05:00:00,34,1285.7,1286.30931,-39.5104,7001.0,HIT/DEFESA,-4.0,5
2016-06-21 06:00:00,34,1286.0,1286.29164,-17.853,14005.0,HIT/DEFESA,-5.3,5
2016-06-21 07:00:00,134,1283.0,1283.81634,-27.9807,1483.1034,HIT/DEFESA,-4.7,5
2016-06-21 08:00:00,134,1283.4,1283.81017,-17.8891,9002.0,HIT/DEFESA,-12.5,5
2016-06-23 11:00:00,34,1266.6,1266.91496,12.6482,3000.3125,BREAK/RUPTURA,-3.1,5
2016-06-24 01:00:00,34,1267.3,1266.55719,88.3617,1977.3864,HIT/DEFESA,69.9,5
2016-06-27 17:00:00,34,1319.4,1318.41172,-74.4753,2276.8085,BREAK/RUPTURA,4.8,5
2016-06-28 03:00:00,34,1319.6,1320.34061,62.989,1652.3913,BREAK/RUPTURA,-3.1,5
2016-06-28 04:00:00,34,1319.8,1320.30971,-35.4851,17670.0,HIT/DEFESA,-6.2,5
2016-06-29 02:00:00,34,1315.8,1315.35192,27.4348,2684.7368,HIT/DEFESA,4.7,5
2016-06-29 12:00:00,34,1317.3,1317.03109,-24.9886,3500.8333,BREAK/RUPTURA,8.3,5
2016-06-29 13:00:00,34,1318.0,1317.08646,-13.6384,9001.6667,BREAK/RUPTURA,6.8,5
2016-06-29 22:00:00,34,1318.7,1319.13021,-46.796,2200.6667,HIT/DEFESA,-2.2,5
2016-06-30 10:00:00,34,1317.5,1317.6252,11.3982,1167.5,HIT/DEFESA,3.0,5
2016-06-30 12:00:00,34,1317.1,1317.49147,11.4016,2067.3333,HIT/DEFESA,2.3,5
2016-06-30 14:00:00,34,1318.3,1317.53813,19.7613,11287.1429,HIT/DEFESA,0.7,5
2016-07-05 08:00:00,34,1344.5,1345.11267,5.2091,1818.6364,HIT/DEFESA,4.2,5
2016-07-05 09:00:00,34,1345.7,1345.14623,19.3582,4077.6923,HIT/DEFESA,3.3,5
2016-07-05 10:00:00,34,1344.8,1345.12645,17.8784,7501.25,HIT/DEFESA,5.4,5
2016-07-06 20:00:00,34,1362.9,1362.19471,-26.3447,3000.2174,BREAK/RUPTURA,3.2,5
2016-07-07 12:00:00,34,1364.2,1364.61045,-21.2128,1889.4444,HIT/DEFESA,-8.2,5
2016-07-07 13:00:00,34,1363.6,1364.55271,-26.3312,11858.5714,HIT/DEFESA,-2.9,5
2016-07-11 08:00:00,34,1362.4,1361.61451,-43.1192,15003.3333,HIT/DEFESA,-5.2,5
2016-07-11 14:00:00,134,1352.9,1353.88222,-44.1534,1381.1905,BREAK/RUPTURA,1.5,5
2016-07-11 17:00:00,34,1359.6,1360.01805,49.5232,3770.0,BREAK/RUPTURA,-4.4,5
2016-07-11 18:00:00,34,1359.0,1359.95987,16.2146,11002.0,BREAK/RUPTURA,-4.8,5
2016-07-11 19:00:00,134,1354.4,1354.14869,-27.9782,1444.6667,HIT/DEFESA,-21.38,5
2016-07-11 21:00:00,134,1354.2,1354.14728,-35.3201,13670.0,HIT/DEFESA,-1.2,5
2016-07-11 23:00:00,134,1354.2,1354.16342,1.4771,13670.0,HIT/DEFESA,1.6,5
2016-07-12 01:00:00,134,1354.3,1353.85685,-6.6411,2000.8333,HIT/DEFESA,-0.4,5
2016-07-12 02:00:00,134,1353.0,1353.84416,-8.8613,4429.2857,BREAK/RUPTURA,2.6,5
2016-07-12 03:00:00,34,1356.6,1356.69704,176.8916,2028.8571,BREAK/RUPTURA,-2.0,5
2016-07-12 04:00:00,34,1355.8,1356.64578,11.0758,5445.5556,HIT/DEFESA,0.5,5
2016-07-12 06:00:00,134,1353.9,1353.94215,-19.9027,1762.381,HIT/DEFESA,-3.3,5
2016-07-12 07:00:00,34,1355.6,1356.4002,-1.4751,2000.5556,HIT/DEFESA,-4.1,5
2016-07-12 08:00:00,134,1354.6,1353.97609,-9.5877,6112.2222,HIT/DEFESA,-6.5,5
2016-07-12 09:00:00,34,1356.3,1356.29749,17.7266,2778.3333,BREAK/RUPTURA,-9.3,5
2016-07-13 08:00:00,34,1341.8,1342.60819,47.9257,1788.1818,BREAK/RUPTURA,-1.2,5
2016-07-13 09:00:00,34,1342.6,1342.60772,40.3829,8334.4444,BREAK/RUPTURA,-1.4,5
2016-07-13 14:00:00,34,1341.2,1341.84714,22.4182,16602.0,HIT/DEFESA,1.8,5
2016-07-13 17:00:00,34,1341.7,1341.70049,3.728,2314.5714,HIT/DEFESA,0.5,5
2016-07-13 18:00:00,34,1342.5,1341.74617,-4.4673,5445.5556,BREAK/RUPTURA,1.1,5
2016-07-14 03:00:00,34,1342.5,1342.14321,60.7768,4028.8571,BREAK/RUPTURA,-10.0,5
2016-07-14 21:00:00,34,1333.5,1334.43245,5.2521,1235.8824,BREAK/RUPTURA,-1.2,5
2016-07-14 22:00:00,34,1334.7,1334.44774,22.5276,2637.2727,BREAK/RUPTURA,-5.5,5
2016-07-14 23:00:00,34,1333.5,1334.39358,12.0129,1235.8824,BREAK/RUPTURA,-4.3,5
2016-07-15 01:00:00,34,1335.1,1334.53882,2.9969,2693.0769,BREAK/RUPTURA,-5.5,5
2016-07-15 07:00:00,34,1333.1,1333.30177,29.341,2176.7647,HIT/DEFESA,1.1,5
2016-07-15 08:00:00,34,1332.9,1333.27881,31.6098,59010.0,HIT/DEFESA,1.0,5
2016-07-15 09:00:00,34,1332.4,1333.2286,21.059,7668.3333,BREAK/RUPTURA,-3.2,5
2016-07-15 10:00:00,34,1332.8,1333.2041,-2.2504,11670.0,HIT/DEFESA,-5.3,5
2016-07-15 11:00:00,34,1332.3,1333.15244,-4.5015,9335.0,HIT/DEFESA,-7.1,5
2016-07-15 12:00:00,34,1334.2,1333.2123,13.5095,2400.5,BREAK/RUPTURA,-6.4,5
2016-07-15 13:00:00,34,1333.9,1333.2516,8.2533,13502.5,BREAK/RUPTURA,-3.5,5
2016-07-18 16:00:00,34,1330.3,1329.57938,35.4556,2704.0741,HIT/DEFESA,0.2,5
2016-07-18 19:00:00,34,1328.4,1329.3054,-14.2825,9802.0,BREAK/RUPTURA,3.03,5
2016-07-18 22:00:00,34,1328.5,1329.26251,0.7528,1632.1053,HIT/DEFESA,0.6,5
2016-07-19 01:00:00,34,1328.6,1329.40429,0.7527,1923.8462,HIT/DEFESA,1.2,5
2016-07-19 02:00:00,34,1328.6,1329.35834,-14.2803,51010.0,HIT/DEFESA,-0.9,5
2016-07-19 04:00:00,34,1328.8,1329.31251,1.5053,32005.0,HIT/DEFESA,0.4,5
2016-07-19 05:00:00,34,1328.7,1329.27751,0.7527,30010000.0,HIT/DEFESA,5.1,5
2016-07-19 06:00:00,34,1329.8,1329.30737,5.2667,2500.8333,HIT/DEFESA,2.2,5
2016-07-19 08:00:00,34,1329.6,1329.23749,6.7735,4333.8889,HIT/DEFESA,2.7,5
2016-07-19 14:00:00,34,1330.0,1329.89775,-15.015,2417.0833,BREAK/RUPTURA,3.0,5
2016-07-19 16:00:00,34,1330.5,1329.99694,-13.5105,8715.7143,BREAK/RUPTURA,1.6,5
2016-07-19 22:00:00,34,1331.6,1330.63504,-10.5026,4002.5,BREAK/RUPTURA,1.4,5
2016-07-20 04:00:00,34,1331.3,1330.38603,-9.7554,1125.625,HIT/DEFESA,-4.2,5
2016-07-21 00:00:00,134,1330.67,1330.96345,130.7195,5763.6301,BREAK/RUPTURA,-15.97,5
2016-07-21 10:00:00,34,1321.0,1320.19738,35.7061,2417.0833,BREAK/RUPTURA,-3.5,5
2016-07-21 12:00:00,34,1319.5,1320.25465,7.5844,2461.9231,HIT/DEFESA,9.8,5
2016-07-21 19:00:00,134,1328.9,1328.11641,48.3932,4455.4545,BREAK/RUPTURA,-7.59,5
2016-07-22 04:00:00,134,1327.8,1328.3442,-33.0281,2565.6522,HIT/DEFESA,-4.8,5
2016-07-22 07:00:00,34,1325.7,1325.2361,-15.8156,1706.4706,HIT/DEFESA,-0.5,5
2016-07-22 08:00:00,34,1325.9,1325.27404,-4.5232,19670.0,HIT/DEFESA,-1.5,5
2016-07-22 11:00:00,34,1325.8,1325.10916,-0.7542,2263.6842,HIT/DEFESA,-3.9,5
2016-07-22 12:00:00,34,1325.2,1325.11435,16.6289,12430.0,BREAK/RUPTURA,-2.4,5
2016-07-22 13:00:00,34,1324.4,1325.07353,4.5324,8715.7143,BREAK/RUPTURA,-1.3,5
2016-07-22 14:00:00,34,1324.2,1325.02361,-12.0682,65010.0,HIT/DEFESA,-1.0,5
2016-07-22 23:00:00,34,1323.2,1324.07546,4.5365,6202.0,BREAK/RUPTURA,-6.3,5
2016-07-25 01:00:00,34,1323.2,1323.53701,4.5365,1875.625,BREAK/RUPTURA,-5.8,5
2016-07-25 17:00:00,34,1319.4,1319.11572,26.5978,1264.3396,BREAK/RUPTURA,-4.2,5
2016-07-25 18:00:00,34,1320.1,1319.17196,49.4823,8668.3333,BREAK/RUPTURA,-5.8,5
2016-07-26 06:00:00,34,1319.1,1318.15179,5.3095,1944.7222,HIT/DEFESA,2.6,5
2016-07-26 07:00:00,34,1318.9,1318.19454,22.7981,9670.0,HIT/DEFESA,1.8,5
2016-07-26 08:00:00,34,1318.4,1318.20628,21.2831,16668.3333,HIT/DEFESA,1.0,5
2016-07-26 21:00:00,34,1319.6,1319.18518,-3.0303,5002.0,HIT/DEFESA,-2.8,5
2016-07-26 22:00:00,34,1320.0,1319.23174,-3.0294,6336.6667,HIT/DEFESA,-1.7,5
2016-07-26 23:00:00,34,1319.6,1319.25278,-4.5448,5002.0,HIT/DEFESA,-3.5,5
2016-07-27 06:00:00,34,1319.7,1319.67457,10.6197,1737.3684,HIT/DEFESA,0.3,5
2016-07-27 08:00:00,34,1318.6,1319.50139,6.8301,1910.0,HIT/DEFESA,0.7,5
2016-07-27 09:00:00,34,1319.2,1319.48417,-3.7887,5001.4286,BREAK/RUPTURA,3.4,5
2016-07-27 10:00:00,34,1319.6,1319.49079,15.1791,9670.0,HIT/DEFESA,8.1,5
2016-07-27 11:00:00,34,1320.0,1319.51989,10.6173,7402.0,HIT/DEFESA,7.0,5
2016-07-27 12:00:00,34,1320.5,1319.57589,9.8545,4001.6667,HIT/DEFESA,6.0,5
2016-07-27 13:00:00,34,1319.3,1319.56013,-2.2734,2693.0769,BREAK/RUPTURA,7.6,5
2016-07-27 14:00:00,134,1322.6,1322.15771,19.697,2000.3125,HIT/DEFESA,4.6,5
2016-07-28 17:00:00,34,1334.05,1334.49445,-65.5323,2258.7629,BREAK/RUPTURA,1.6,5
2016-07-28 18:00:00,34,1334.63,1334.5022,-51.8787,6201.7857,BREAK/RUPTURA,2.13,5
2016-07-28 19:00:00,34,1334.31,1334.49122,-19.9704,29736.0,BREAK/RUPTURA,15.9,5
2016-07-28 20:00:00,34,1335.12,1334.52715,8.0207,2911.6279,HIT/DEFESA,0.92,5
2016-07-28 22:00:00,34,1335.65,1334.71161,10.0426,2418.1818,HIT/DEFESA,3.18,5
2016-07-29 01:00:00,34,1336.04,1335.72659,2.9199,15957.1429,HIT/DEFESA,0.97,5
2016-07-29 06:00:00,34,1337.01,1336.37454,-13.594,2116.6667,HIT/DEFESA,-3.34,5
2016-07-29 12:00:00,34,1335.29,1335.54774,18.1563,1451.4451,HIT/DEFESA,13.99,5
2016-07-29 13:00:00,34,1334.71,1335.49987,28.3258,4561.0169,HIT/DEFESA,11.88,5
2016-08-02 05:00:00,34,1349.19,1349.54312,-22.7765,3130.7692,BREAK/RUPTURA,9.92,5
2016-08-02 06:00:00,34,1349.24,1349.5258,9.2731,23962.5,HIT/DEFESA,10.59,5
2016-08-03 00:00:00,34,1357.81,1357.65975,-48.956,11184.2803,BREAK/RUPTURA,6.31,5
2016-08-04 08:00:00,134,1349.88,1349.85802,-14.2033,2126.4706,BREAK/RUPTURA,8.72,5
2016-08-04 11:00:00,134,1350.9,1349.91649,7.5562,14023.0769,HIT/DEFESA,12.15,5
2016-08-05 12:00:00,34,1360.48,1359.59833,-20.9779,2223.6364,HIT/DEFESA,-21.19,5
2016-08-10 16:00:00,134,1344.57,1344.85195,-61.2776,1262.7854,BREAK/RUPTURA,1.95,5
2016-08-10 17:00:00,34,1345.29,1345.5657,-80.2991,11451.4286,BREAK/RUPTURA,1.11,5
2016-08-10 17:00:00,134,1345.29,1344.85844,-80.2991,11451.4286,BREAK/RUPTURA,1.11,5
2016-08-10 18:00:00,34,1344.84,1345.52423,-29.9508,7412.0,BREAK/RUPTURA,1.68,5
2016-08-10 18:00:00,134,1344.84,1344.85817,-29.9508,7412.0,BREAK/RUPTURA,1.68,5
2016-08-10 20:00:00,34,1346.48,1345.6492,8.8457,8938.4615,HIT/DEFESA,0.94,5
2016-08-10 22:00:00,34,1346.4,1345.73902,-3.1927,6762.963,HIT/DEFESA,-3.04,5
2016-08-10 23:00:00,34,1346.52,1345.78365,0.2971,48757.1429,BREAK/RUPTURA,-2.95,5
2016-08-11 02:00:00,34,1345.67,1345.48719,-6.3126,1921.4689,HIT/DEFESA,-2.74,5
2016-08-11 02:00:00,134,1345.67,1344.93005,-6.3126,1921.4689,HIT/DEFESA,-2.74,5
2016-08-11 09:00:00,34,1345.73,1344.75393,24.9557,2037.0968,HIT/DEFESA,0.5,5
2016-08-11 09:00:00,134,1345.73,1344.76578,24.9557,2037.0968,HIT/DEFESA,0.5,5
2016-08-11 10:00:00,34,1344.96,1344.76571,15.1162,4534.8315,HIT/DEFESA,1.3,5
2016-08-11 10:00:00,134,1344.96,1344.76865,15.1162,4534.8315,HIT/DEFESA,1.3,5
2016-08-11 11:00:00,34,1344.84,1344.76995,16.7587,15700.0,HIT/DEFESA,6.47,5
2016-08-11 11:00:00,134,1344.84,1344.76971,16.7587,15700.0,HIT/DEFESA,6.47,5
2016-08-11 13:00:00,34,1345.12,1344.86754,1.1896,2748.6957,HIT/DEFESA,0.35,5
2016-08-11 13:00:00,134,1345.12,1344.79592,1.1896,2748.6957,HIT/DEFESA,0.35,5
2016-08-11 18:00:00,34,1345.47,1345.47235,-5.8681,2513.3333,HIT/DEFESA,-6.74,5
2016-08-11 18:00:00,134,1345.47,1344.9725,-5.8681,2513.3333,HIT/DEFESA,-6.74,5
2016-08-15 08:00:00,34,1339.83,1339.98828,7.6187,6950.0,HIT/DEFESA,0.07,5
2016-08-15 09:00:00,34,1340.44,1340.01409,16.8886,7761.1111,BREAK/RUPTURA,-3.3,5
2016-08-15 11:00:00,34,1339.03,1339.8946,-5.9709,28760.0,BREAK/RUPTURA,2.16,5
2016-08-15 13:00:00,34,1339.9,1339.83755,7.9173,3633.6735,HIT/DEFESA,1.34,5
2016-08-15 15:00:00,34,1339.74,1339.68664,6.797,1948.8095,HIT/DEFESA,0.39,5
2016-08-15 17:00:00,134,1342.51,1342.2779,40.1603,2883.1933,BREAK/RUPTURA,-3.34,5
2016-08-15 19:00:00,34,1340.95,1340.05795,-1.7895,8963.1579,BREAK/RUPTURA,4.73,5
2016-08-15 21:00:00,34,1339.37,1340.02252,-13.9423,2507.7922,BREAK/RUPTURA,6.27,5
2016-08-15 22:00:00,34,1339.17,1339.97381,-13.2742,4324.0,BREAK/RUPTURA,4.51,5
2016-08-15 23:00:00,34,1339.63,1339.95416,-3.731,995.6522,BREAK/RUPTURA,5.02,5
2016-08-16 01:00:00,34,1340.96,1340.32013,13.3665,9054.2857,HIT/DEFESA,3.96,5
2016-08-16 15:00:00,134,1343.36,1343.19541,-67.5786,1951.1384,BREAK/RUPTURA,5.3,5
2016-08-16 22:00:00,34,1345.77,1345.57851,-29.1176,6591.1765,HIT/DEFESA,-0.73,5
2016-08-16 23:00:00,34,1345.57,1345.57803,-22.9116,3455.0,HIT/DEFESA,-0.84,5
2016-08-17 02:00:00,34,1346.64,1345.88281,7.952,4279.798,BREAK/RUPTURA,-3.02,5
2016-08-17 03:00:00,34,1345.04,1345.83465,-23.8826,2063.4731,HIT/DEFESA,-3.05,5
2016-08-17 04:00:00,134,1344.73,1343.84019,-21.149,4743.5897,HIT/DEFESA,-0.35,5
2016-08-17 05:00:00,134,1344.07,1343.84359,-19.0845,3107.0423,HIT/DEFESA,-1.54,5
2016-08-17 06:00:00,134,1342.87,1343.82917,-16.1333,3704.3165,HIT/DEFESA,-0.47,5
2016-08-17 07:00:00,134,1343.62,1343.82607,-8.2544,7459.4937,HIT/DEFESA,-0.92,5
2016-08-17 13:00:00,134,1343.5,1343.74843,7.2252,7037.6812,HIT/DEFESA,0.66,5
2016-08-17 14:00:00,34,1343.62,1344.609,9.0882,131650.0,HIT/DEFESA,0.09,5
2016-08-17 14:00:00,134,1343.62,1343.74652,9.0882,131650.0,HIT/DEFESA,0.09,5
2016-08-17 15:00:00,134,1343.11,1343.73709,3.0535,12011.3208,HIT/DEFESA,2.8,5
2016-08-17 17:00:00,34,1344.77,1344.65632,8.559,1368.1373,HIT/DEFESA,3.63,5
2016-08-17 17:00:00,134,1344.77,1343.79608,8.559,1368.1373,HIT/DEFESA,3.63,5
2016-08-17 18:00:00,34,1344.16,1344.62796,7.8177,4327.7778,HIT/DEFESA,4.43,5
2016-08-17 18:00:00,134,1344.16,1343.80147,7.8177,4327.7778,HIT/DEFESA,4.43,5
2016-08-17 19:00:00,34,1343.71,1344.57551,-22.4247,5763.4921,BREAK/RUPTURA,8.13,5
2016-08-17 19:00:00,134,1343.71,1343.80011,-22.4247,5763.4921,BREAK/RUPTURA,8.13,5
2016-08-19 01:00:00,34,1349.95,1349.45292,-14.7934,2677.439,HIT/DEFESA,-3.07,5
2016-08-19 03:00:00,134,1347.07,1346.28149,49.6863,20720.0,HIT/DEFESA,1.59,5
2016-08-19 06:00:00,134,1346.88,1346.3116,-1.4105,8850.0,HIT/DEFESA,-1.66,5
2016-08-19 08:00:00,34,1348.66,1348.75414,12.5467,2095.4128,BREAK/RUPTURA,-5.56,5
2016-08-19 09:00:00,134,1347.22,1346.37657,2.5244,3428.2895,BREAK/RUPTURA,-9.15,5
2016-08-19 10:00:00,34,1347.61,1348.60611,0.7421,11434.4828,BREAK/RUPTURA,-1.09,5
2016-08-19 12:00:00,134,1345.78,1346.36858,-10.6887,7659.5745,HIT/DEFESA,-2.69,5
2016-08-19 15:00:00,34,1346.52,1347.35127,5.4987,1231.1218,BREAK/RUPTURA,-3.94,5
2016-08-19 15:00:00,134,1346.52,1346.20271,5.4987,1231.1218,BREAK/RUPTURA,-3.94,5
2016-08-19 16:00:00,134,1346.16,1346.20207,22.7831,14572.0,BREAK/RUPTURA,-5.39,5
2016-08-22 16:00:00,34,1338.42,1338.91883,16.3894,3783.7349,HIT/DEFESA,0.01,5
2016-08-22 18:00:00,34,1338.88,1338.92045,16.2339,10624.0,HIT/DEFESA,0.42,5
2016-08-22 19:00:00,34,1338.19,1338.87871,-1.7184,2640.5063,HIT/DEFESA,-1.33,5
2016-08-22 20:00:00,34,1338.43,1338.85307,-4.1823,18240.0,HIT/DEFESA,-0.99,5
2016-08-22 23:00:00,34,1339.3,1338.85264,6.5002,1004.0,BREAK/RUPTURA,-2.02,5
2016-08-23 03:00:00,34,1337.9,1338.63032,7.7794,2405.7143,HIT/DEFESA,1.07,5
2016-08-23 06:00:00,34,1338.46,1338.42159,4.1857,1868.6364,HIT/DEFESA,0.99,5
2016-08-23 08:00:00,34,1338.97,1338.47655,20.6554,40762.5,HIT/DEFESA,2.36,5
2016-08-23 11:00:00,34,1339.45,1338.62515,3.5848,5545.098,HIT/DEFESA,1.72,5
2016-08-23 12:00:00,34,1338.66,1338.62714,-9.2544,2182.9545,HIT/DEFESA,-0.63,5
2016-08-23 15:00:00,134,1342.77,1342.08599,30.7023,4926.6667,BREAK/RUPTURA,-3.73,5
2016-08-23 16:00:00,134,1341.17,1342.07242,-1.1928,1442.3313,HIT/DEFESA,-2.73,5
2016-08-23 18:00:00,134,1341.02,1341.99783,-13.0328,1137.8007,HIT/DEFESA,-3.57,5
2016-08-23 20:00:00,34,1339.04,1339.44664,7.5484,1358.7879,BREAK/RUPTURA,-1.36,5
2016-08-24 01:00:00,34,1337.68,1338.24873,3.5896,8418.9189,BREAK/RUPTURA,-1.4,5
2016-08-24 02:00:00,34,1338.67,1338.27281,9.1218,2958.9474,BREAK/RUPTURA,-1.71,5
2016-08-24 03:00:00,34,1338.48,1338.28465,110.8165,14821.0526,BREAK/RUPTURA,-1.12,5
2016-08-24 04:00:00,34,1337.62,1338.24667,-0.4485,3540.9091,HIT/DEFESA,-0.98,5
2016-08-24 05:00:00,34,1337.82,1338.22228,-6.3496,19744.4444,BREAK/RUPTURA,1.25,5
2016-08-24 08:00:00,34,1337.36,1338.00634,-3.4384,9018.1818,HIT/DEFESA,-0.45,5
2016-08-24 11:00:00,34,1336.96,1337.93445,-2.991,1501.8605,HIT/DEFESA,-10.26,5
2016-08-24 12:00:00,34,1337.38,1337.90276,5.5363,6924.2424,BREAK/RUPTURA,-11.33,5
2016-08-24 13:00:00,34,1336.91,1337.84603,-16.1306,4501.8868,HIT/DEFESA,-9.91,5
2016-08-26 05:00:00,34,1323.78,1324.60637,7.0303,4557.1429,HIT/DEFESA,0.97,5
2016-08-26 06:00:00,34,1323.8,1324.56029,5.7443,51400.0,HIT/DEFESA,2.13,5
2016-08-26 07:00:00,34,1324.13,1324.5357,5.2137,8446.1538,HIT/DEFESA,0.59,5
2016-08-26 08:00:00,34,1324.16,1324.51423,2.8706,56260.0,HIT/DEFESA,3.48,5
2016-08-26 09:00:00,34,1324.11,1324.49113,2.3417,26927.2727,HIT/DEFESA,6.81,5
2016-08-26 10:00:00,34,1324.75,1324.50593,4.6823,3927.8689,HIT/DEFESA,5.23,5
2016-08-26 12:00:00,34,1324.72,1324.59488,4.6069,3309.2308,BREAK/RUPTURA,-1.33,5
2016-08-26 16:00:00,134,1333.16,1332.20355,41.5775,11371.8499,BREAK/RUPTURA,-12.44,5
2016-08-26 18:00:00,34,1326.63,1325.75458,-25.1883,5114.557,HIT/DEFESA,-5.91,5
2016-08-29 14:00:00,34,1320.48,1321.05159,16.6124,4839.3162,HIT/DEFESA,3.79,5
2016-08-29 15:00:00,34,1320.8,1321.03721,9.7764,21837.5,HIT/DEFESA,3.16,5
2016-08-29 16:00:00,34,1321.91,1321.08708,20.5428,3258.4158,HIT/DEFESA,1.14,5
2016-08-30 07:00:00,34,1322.48,1321.90924,-5.819,3298.8764,HIT/DEFESA,-2.66,5
2016-08-30 10:00:00,34,1321.15,1321.72455,-10.0569,2656.7568,HIT/DEFESA,-2.69,5
2016-09-01 15:00:00,34,1309.8,1309.61728,25.4118,1183.0476,HIT/DEFESA,3.82,5
2016-09-02 05:00:00,34,1313.11,1312.32492,-13.1575,2617.1429,HIT/DEFESA,-2.44,5
2016-09-02 06:00:00,34,1313.19,1312.37435,-1.5228,100866.6667,HIT/DEFESA,-1.34,5
2016-09-02 07:00:00,34,1312.26,1312.36782,-8.3755,2076.0,HIT/DEFESA,-1.62,5
2016-09-02 09:00:00,34,1311.22,1312.19675,-15.0016,6204.6875,BREAK/RUPTURA,12.88,5
2016-09-02 11:00:00,34,1311.85,1312.09467,10.9889,2481.3084,HIT/DEFESA,5.72,5
2016-09-02 16:00:00,134,1317.57,1316.95002,27.1689,1800.4498,HIT/DEFESA,8.31,5
2016-09-06 03:00:00,34,1325.04,1325.74981,-181.5433,2712.1951,BREAK/RUPTURA,2.68,5
2016-09-06 06:00:00,34,1326.27,1325.94876,9.2827,1286.9565,HIT/DEFESA,4.34,5
2016-09-06 07:00:00,34,1326.61,1325.98655,-3.9936,8773.913,BREAK/RUPTURA,5.34,5
2016-09-07 17:00:00,34,1343.48,1343.71292,-54.8527,5298.8764,BREAK/RUPTURA,1.48,5
2016-09-07 21:00:00,34,1344.68,1343.94273,1.8595,16794.1176,HIT/DEFESA,1.44,5
2016-09-07 22:00:00,34,1344.96,1344.00086,-5.2762,7587.5,BREAK/RUPTURA,1.62,5
2016-09-07 23:00:00,34,1344.96,1344.05567,3.6446,2340.0,HIT/DEFESA,1.5,5
2016-09-08 01:00:00,34,1344.24,1343.74156,-5.3533,46472.0,BREAK/RUPTURA,2.28,5
2016-09-08 14:00:00,34,1345.77,1345.42325,-14.3948,9028.2353,HIT/DEFESA,-8.58,5
2016-09-08 16:00:00,34,1344.79,1345.32547,-12.3287,16305.1282,HIT/DEFESA,-7.47,5
2016-09-09 08:00:00,134,1335.6,1335.44585,-20.9951,2275.2252,HIT/DEFESA,-1.73,5
2016-09-09 09:00:00,134,1335.19,1335.44206,-24.8782,6710.4167,HIT/DEFESA,-0.78,5
2016-09-09 10:00:00,134,1335.59,1335.44425,-15.9972,9128.125,HIT/DEFESA,-4.52,5
2016-09-09 11:00:00,134,1335.89,1335.45085,2.1713,8678.2609,BREAK/RUPTURA,-2.38,5
2016-09-09 14:00:00,134,1334.41,1335.37755,-11.0788,16423.5294,HIT/DEFESA,-2.7,5
2016-09-12 20:00:00,34,1329.01,1328.7713,52.1133,2551.8519,HIT/DEFESA,0.96,5
2016-09-13 02:00:00,34,1328.43,1328.03643,12.8889,1407.7844,HIT/DEFESA,0.61,5
2016-09-13 07:00:00,34,1329.04,1328.49581,-9.847,3883.0508,HIT/DEFESA,-3.36,5
2016-09-13 08:00:00,34,1328.82,1328.51433,-11.2004,5732.4324,HIT/DEFESA,-4.22,5
2016-09-13 09:00:00,34,1329.51,1328.57123,-0.3761,5918.3333,HIT/DEFESA,-4.95,5
2016-09-13 10:00:00,34,1329.61,1328.63059,4.2888,351100.0,BREAK/RUPTURA,-5.78,5
2016-09-13 11:00:00,34,1328.52,1328.62427,-2.2576,2912.605,HIT/DEFESA,-3.11,5
2016-09-14 10:00:00,34,1322.42,1322.95065,5.5989,1215.6425,HIT/DEFESA,0.19,5
2016-09-14 12:00:00,34,1322.01,1322.8974,9.7674,3898.0392,HIT/DEFESA,1.96,5
2016-09-14 15:00:00,34,1322.61,1322.75841,4.5385,7346.3415,HIT/DEFESA,0.71,5
2016-09-14 16:00:00,34,1322.28,1322.73107,0.6051,17711.6279,HIT/DEFESA,0.17,5
2016-09-14 18:00:00,34,1322.48,1322.78348,-0.9829,2581.1321,HIT/DEFESA,-0.38,5
2016-09-14 19:00:00,34,1322.34,1322.75814,0.4538,14472.7273,BREAK/RUPTURA,-7.96,5
2016-09-14 20:00:00,34,1323.32,1322.79024,-4.9095,5707.6923,HIT/DEFESA,-0.64,5
2016-09-14 22:00:00,34,1322.71,1322.76733,2.7981,13360.0,HIT/DEFESA,2.21,5
2016-09-14 23:00:00,34,1322.1,1322.72919,-9.2192,2403.3333,BREAK/RUPTURA,2.81,5
2016-09-15 01:00:00,34,1322.68,1322.27655,-0.2268,22610.0,HIT/DEFESA,-1.08,5
2016-09-15 02:00:00,34,1322.75,1322.3036,4.9164,107800.0,BREAK/RUPTURA,-1.18,5
2016-09-15 05:00:00,34,1322.81,1322.60588,0.4536,1729.3578,BREAK/RUPTURA,-2.57,5
2016-09-15 06:00:00,34,1321.6,1322.5484,-25.0581,1824.8,HIT/DEFESA,-0.29,5
2016-09-15 07:00:00,34,1321.57,1322.49249,-25.2093,21387.5,HIT/DEFESA,-1.02,5
2016-09-15 13:00:00,34,1321.85,1321.92314,12.1948,1826.0163,BREAK/RUPTURA,-5.9,5
2016-09-15 16:00:00,34,1320.69,1321.2054,-8.7756,1621.3519,HIT/DEFESA,-6.77,5
2016-09-19 00:00:00,34,1312.73,1312.80573,15.9464,16183.8384,HIT/DEFESA,1.86,5
2016-09-19 11:00:00,34,1314.28,1313.76104,-13.2217,1517.2222,HIT/DEFESA,-0.57,5
2016-09-19 12:00:00,34,1313.95,1313.77184,-19.8244,5343.1818,HIT/DEFESA,-0.36,5
2016-09-19 13:00:00,34,1313.86,1313.77688,-15.9579,30787.5,HIT/DEFESA,-0.13,5
2016-09-19 15:00:00,34,1314.62,1313.80421,5.0991,4964.2857,BREAK/RUPTURA,-1.03,5
2016-09-19 16:00:00,34,1313.71,1313.79883,-1.1417,4816.3043,HIT/DEFESA,-0.46,5
2016-09-19 18:00:00,34,1313.73,1313.78365,-6.77,39933.3333,HIT/DEFESA,-0.48,5
2016-09-19 19:00:00,34,1314.06,1313.79944,2.6642,11364.0,HIT/DEFESA,0.35,5
2016-09-19 21:00:00,34,1313.25,1313.75676,-3.6537,5018.6047,BREAK/RUPTURA,1.17,5
2016-09-19 22:00:00,34,1312.8,1313.70209,-9.5886,2298.1481,BREAK/RUPTURA,2.7,5
2016-09-19 23:00:00,34,1313.25,1313.67625,-2.5883,5018.6047,BREAK/RUPTURA,2.76,5
2016-09-20 00:00:00,34,1314.41,1313.71818,8.833,20648.1481,HIT/DEFESA,1.03,5
2016-09-20 01:00:00,34,1313.8,1313.72286,7.6173,2876.4706,HIT/DEFESA,2.48,5
2016-09-20 02:00:00,34,1314.42,1313.76269,8.9092,5403.8462,HIT/DEFESA,1.15,5
2016-09-20 11:00:00,34,1314.93,1314.6133,-15.5659,2501.2048,HIT/DEFESA,-1.02,5
2016-09-20 19:00:00,34,1314.0,1314.44191,0.685,2464.6341,HIT/DEFESA,20.69,5
2016-09-20 20:00:00,34,1314.3,1314.4338,-1.6736,9920.0,BREAK/RUPTURA,1.6,5
2016-09-20 23:00:00,34,1314.65,1314.44893,2.663,1005.0,HIT/DEFESA,1.34,5
2016-09-21 01:00:00,34,1315.9,1315.62238,10.8789,2573.6842,BREAK/RUPTURA,-4.58,5
2016-09-21 04:00:00,34,1315.99,1315.54875,0.6839,2249.0446,HIT/DEFESA,3.96,5
2016-09-21 05:00:00,34,1315.27,1315.53282,1.0645,4118.1818,HIT/DEFESA,4.18,5
2016-09-21 07:00:00,34,1314.31,1315.23597,-12.7661,2270.1031,BREAK/RUPTURA,5.83,5
2016-09-23 06:00:00,34,1334.62,1333.74772,-2.0975,6624.1379,BREAK/RUPTURA,1.87,5
2016-09-23 08:00:00,34,1334.68,1333.85822,2.3232,10412.5,HIT/DEFESA,3.7,5
2016-09-23 10:00:00,34,1334.95,1333.98267,1.0488,64214.2857,HIT/DEFESA,3.62,5
2016-09-26 03:00:00,34,1335.64,1336.49086,-14.5038,1222.8296,HIT/DEFESA,-0.35,5
2016-09-26 08:00:00,34,1335.29,1335.90767,10.1204,1891.3793,HIT/DEFESA,1.48,5
2016-09-26 09:00:00,34,1335.56,1335.8878,18.829,18439.1304,HIT/DEFESA,3.24,5
2016-09-26 11:00:00,34,1336.5,1335.83616,9.0617,1509.0909,HIT/DEFESA,4.15,5
2016-09-26 13:00:00,34,1336.77,1335.97647,18.6618,5346.5517,HIT/DEFESA,3.3,5
2016-09-26 20:00:00,34,1337.22,1337.15954,-15.2323,1551.3208,HIT/DEFESA,-0.03,5
2016-09-26 22:00:00,34,1337.85,1337.19579,-15.0761,3798.7179,HIT/DEFESA,-1.74,5
2016-09-26 23:00:00,34,1337.1,1337.19031,-0.8974,11717.8571,HIT/DEFESA,-1.65,5
2016-09-27 01:00:00,34,1337.19,1336.63804,-4.9333,2011.9565,HIT/DEFESA,-1.82,5
2016-09-27 02:00:00,34,1337.41,1336.68215,2.3185,24561.1111,BREAK/RUPTURA,-3.16,5
2016-09-27 03:00:00,34,1336.11,1336.64945,69.1064,4308.209,BREAK/RUPTURA,-1.73,5
2016-09-27 11:00:00,34,1336.76,1336.20144,17.836,1650.2793,BREAK/RUPTURA,-10.08,5
2016-09-27 12:00:00,34,1337.19,1336.25793,-0.9721,6641.6667,HIT/DEFESA,-10.34,5
2016-09-27 13:00:00,34,1336.12,1336.25005,9.4392,3804.6729,BREAK/RUPTURA,-9.17,5
2016-09-29 02:00:00,34,1324.19,1325.12178,10.2053,5969.6629,BREAK/RUPTURA,-1.22,5
2016-09-29 03:00:00,34,1324.46,1325.08397,35.0803,23114.8148,BREAK/RUPTURA,-3.83,5
2016-09-29 04:00:00,34,1324.87,1325.07174,11.1078,10770.0,BREAK/RUPTURA,-3.4,5
2016-09-29 05:00:00,34,1324.54,1325.04136,2.6431,6469.697,BREAK/RUPTURA,-3.03,5
2016-09-29 06:00:00,34,1324.76,1325.02528,2.2651,5378.5714,BREAK/RUPTURA,-3.22,5
2016-09-29 18:00:00,34,1321.75,1322.53396,18.4186,1517.3804,BREAK/RUPTURA,-1.3,5
2016-09-29 20:00:00,34,1321.65,1322.55921,29.3676,1963.3188,HIT/DEFESA,0.38,5
2016-09-30 01:00:00,34,1322.03,1321.89438,12.7239,20554.5455,HIT/DEFESA,1.62,5
2016-09-30 05:00:00,34,1322.13,1322.19895,-9.7475,2507.483,BREAK/RUPTURA,3.82,5
2016-09-30 08:00:00,34,1323.31,1322.42349,8.925,10110.8696,HIT/DEFESA,1.95,5
2016-09-30 09:00:00,134,1325.62,1326.15286,14.8831,1579.638,HIT/DEFESA,1.68,5
2016-09-30 10:00:00,134,1325.95,1326.14985,16.0898,11492.0,BREAK/RUPTURA,-3.45,5
2016-09-30 11:00:00,134,1326.47,1326.15459,23.8795,7788.3721,BREAK/RUPTURA,-4.05,5
2016-09-30 12:00:00,134,1325.95,1326.15156,2.4894,4354.902,BREAK/RUPTURA,-6.56,5
2016-09-30 13:00:00,134,1325.26,1326.13835,-5.2038,5072.0588,HIT/DEFESA,-7.57,5
2016-09-30 15:00:00,34,1322.5,1323.46481,-26.0191,1906.263,HIT/DEFESA,-7.23,5
2016-09-30 16:00:00,34,1322.42,1323.40511,-21.4298,73838.8889,HIT/DEFESA,-5.07,5
2016-10-03 11:00:00,34,1317.43,1318.2705,13.4533,2178.3654,BREAK/RUPTURA,-5.45,5
2016-10-03 12:00:00,34,1317.93,1318.25104,12.4593,3086.0,BREAK/RUPTURA,-6.31,5
2016-10-03 13:00:00,34,1317.26,1318.19441,14.597,4153.0303,BREAK/RUPTURA,-6.13,5
2016-10-04 07:00:00,34,1311.05,1312.04735,14.7427,28566.6667,BREAK/RUPTURA,-2.0,5
2016-10-07 15:00:00,34,1259.39,1258.87039,14.3927,4080.1444,BREAK/RUPTURA,-7.46,5
2016-10-07 22:00:00,34,1257.52,1257.08753,31.43,1246.1864,HIT/DEFESA,2.33,5
2016-10-08 00:00:00,34,1257.52,1257.00893,18.7226,1246.1864,HIT/DEFESA,1.12,5
2016-10-09 23:00:00,34,1256.96,1257.00614,-4.4532,5020.0,BREAK/RUPTURA,5.51,5
2016-10-10 13:00:00,34,1259.62,1259.79096,-28.9722,1413.6364,HIT/DEFESA,-1.71,5
2016-10-10 14:00:00,34,1259.25,1259.76004,-26.2166,23257.5758,HIT/DEFESA,-0.16,5
2016-10-10 15:00:00,34,1259.91,1259.76861,-16.4028,8916.9492,HIT/DEFESA,-0.66,5
2016-10-10 17:00:00,34,1259.49,1259.76408,1.9059,11081.6327,HIT/DEFESA,0.02,5
2016-10-10 19:00:00,34,1259.09,1259.62567,-7.0636,2463.3333,HIT/DEFESA,-7.0,5
2016-10-10 20:00:00,34,1259.25,1259.6042,-1.9055,19920.0,HIT/DEFESA,-0.87,5
2016-10-10 21:00:00,34,1259.57,1259.60225,13.1965,6650.0,BREAK/RUPTURA,-2.92,5
2016-10-10 23:00:00,34,1259.9,1259.61429,5.1618,1003.4483,BREAK/RUPTURA,-2.07,5
2016-10-11 01:00:00,34,1258.38,1259.13837,-8.9717,2554.2857,HIT/DEFESA,-0.14,5
2016-10-11 03:00:00,34,1258.7,1258.97925,52.7917,1470.0935,HIT/DEFESA,2.23,5
2016-10-11 05:00:00,34,1258.76,1258.90481,16.7907,1516.4835,BREAK/RUPTURA,-1.55,5
2016-10-11 06:00:00,34,1258.24,1258.86682,-3.6546,2011.5385,HIT/DEFESA,-1.53,5
2016-10-11 07:00:00,34,1258.17,1258.827,2.7031,18068.75,BREAK/RUPTURA,-3.08,5
2016-10-11 09:00:00,34,1259.44,1258.97533,9.5371,3972.4138,BREAK/RUPTURA,-3.96,5
2016-10-11 17:00:00,34,1257.26,1257.74177,14.1778,2641.6084,BREAK/RUPTURA,-4.75,5
2016-10-12 04:00:00,34,1256.46,1256.21756,16.4222,17166.6667,BREAK/RUPTURA,-1.12,5
2016-10-12 06:00:00,34,1256.21,1256.27868,-0.1592,1757.3913,HIT/DEFESA,-0.51,5
2016-10-12 08:00:00,34,1255.81,1256.19163,-12.3274,3329.8507,HIT/DEFESA,-2.58,5
2016-10-12 09:00:00,34,1255.34,1256.14296,-6.9256,10993.617,HIT/DEFESA,-1.77,5
2016-10-12 10:00:00,34,1255.49,1256.10565,2.6291,47906.6667,HIT/DEFESA,2.03,5
2016-10-12 11:00:00,34,1255.7,1256.08247,-0.8759,20360.0,HIT/DEFESA,-3.05,5
2016-10-12 21:00:00,34,1255.05,1255.05897,25.2418,2454.6667,BREAK/RUPTURA,-1.37,5
2016-10-12 22:00:00,34,1255.67,1255.09389,25.3094,7968.3333,HIT/DEFESA,0.53,5
2016-10-12 23:00:00,34,1255.75,1255.13138,11.7997,1007.1429,HIT/DEFESA,3.44,5
2016-10-13 10:00:00,34,1257.23,1256.54103,-29.1853,2573.3813,BREAK/RUPTURA,3.89,5
2016-10-13 14:00:00,34,1256.58,1256.90624,-17.5565,4188.0208,BREAK/RUPTURA,1.18,5
2016-10-13 17:00:00,34,1257.23,1257.15786,5.1728,57012.5,HIT/DEFESA,0.92,5
2016-10-13 19:00:00,34,1257.76,1257.13258,3.9769,1376.8817,BREAK/RUPTURA,-7.21,5
2016-10-13 21:00:00,34,1258.11,1257.27126,16.4006,3425.7576,BREAK/RUPTURA,-1.1,5
2016-10-14 01:00:00,34,1256.73,1256.97865,-11.2864,3071.7647,HIT/DEFESA,-1.39,5
2016-10-14 02:00:00,34,1257.01,1256.98044,-11.2045,13805.0,HIT/DEFESA,-1.32,5
2016-10-14 03:00:00,34,1257.54,1257.01242,55.8954,7175.0,BREAK/RUPTURA,-1.42,5
2016-10-14 04:00:00,34,1257.16,1257.02085,3.4216,5095.5556,BREAK/RUPTURA,-1.04,5
2016-10-14 08:00:00,34,1256.12,1256.76243,1.1147,7478.5714,BREAK/RUPTURA,-2.3,5
2016-10-14 09:00:00,34,1256.12,1256.72572,6.2135,181800.0,BREAK/RUPTURA,-4.53,5
2016-10-14 10:00:00,34,1256.78,1256.72882,8.6805,3574.6269,BREAK/RUPTURA,-4.96,5
2016-10-14 18:00:00,34,1255.11,1255.36859,26.2817,2597.7876,BREAK/RUPTURA,-3.79,5
2016-10-17 05:00:00,34,1253.47,1253.87188,14.4608,10887.1795,BREAK/RUPTURA,-1.02,5
2016-10-17 07:00:00,34,1254.84,1253.94811,14.445,3823.2143,BREAK/RUPTURA,-1.1,5
2016-10-17 08:00:00,34,1254.66,1253.98879,9.4936,11039.2857,BREAK/RUPTURA,-1.03,5
2016-10-17 11:00:00,34,1253.78,1253.8041,-7.0139,1569.8529,BREAK/RUPTURA,1.06,5
2016-10-17 12:00:00,34,1253.74,1253.80044,12.1384,30864.2857,HIT/DEFESA,1.69,5
2016-10-17 13:00:00,34,1253.63,1253.7907,9.4215,46150.0,HIT/DEFESA,2.45,5
2016-10-17 14:00:00,34,1254.82,1253.84952,8.2949,3974.5763,HIT/DEFESA,1.35,5
2016-10-17 21:00:00,34,1254.49,1254.35932,-12.6584,3613.9785,BREAK/RUPTURA,1.29,5
2016-10-17 23:00:00,34,1255.3,1254.49555,-1.0355,10000.0,BREAK/RUPTURA,3.72,5
2016-10-18 01:00:00,34,1255.81,1254.99869,-0.637,4380.4878,BREAK/RUPTURA,2.29,5
2016-10-18 02:00:00,34,1255.78,1255.04333,3.8238,115950.0,HIT/DEFESA,2.41,5
2016-10-18 05:00:00,134,1258.66,1257.89848,22.934,24672.0,HIT/DEFESA,3.58,5
2016-10-18 06:00:00,134,1258.1,1257.90147,-9.2118,10142.2222,BREAK/RUPTURA,4.19,5
2016-10-18 07:00:00,134,1258.19,1257.90574,-6.5924,12960.0,BREAK/RUPTURA,4.03,5
2016-10-18 15:00:00,34,1257.65,1257.80209,-36.206,4719.2593,BREAK/RUPTURA,4.84,5
2016-10-18 15:00:00,134,1257.65,1258.25372,-36.206,4719.2593,BREAK/RUPTURA,4.84,5
2016-10-19 06:00:00,34,1260.7,1260.82384,-28.3954,1320.9091,BREAK/RUPTURA,9.86,5
2016-10-19 07:00:00,34,1261.59,1260.86762,-9.8192,2256.25,BREAK/RUPTURA,7.76,5
2016-10-19 08:00:00,34,1261.76,1260.91861,-9.5015,6530.0,BREAK/RUPTURA,8.66,5
2016-10-20 00:00:00,34,1265.14,1265.59207,-32.5384,9413.4146,BREAK/RUPTURA,7.18,5
2016-10-20 09:00:00,34,1268.44,1267.62736,-25.635,1882.4242,BREAK/RUPTURA,1.59,5
2016-10-21 07:00:00,134,1264.05,1263.47955,10.4535,1495.2128,HIT/DEFESA,1.65,5
2016-10-21 08:00:00,134,1263.39,1263.47823,10.8556,3049.3333,HIT/DEFESA,2.77,5
2016-10-21 09:00:00,134,1262.96,1263.47055,4.5945,12817.5,HIT/DEFESA,3.86,5
2016-10-21 10:00:00,134,1264.42,1263.48461,2.9271,3160.0,HIT/DEFESA,1.59,5
2016-10-21 11:00:00,134,1264.37,1263.49773,7.7569,19227.7778,HIT/DEFESA,1.65,5
2016-10-21 12:00:00,34,1265.7,1265.66966,21.6951,2229.1045,BREAK/RUPTURA,-1.88,5
2016-10-21 15:00:00,34,1266.01,1265.776,2.4492,3501.0989,HIT/DEFESA,1.36,5
2016-10-21 17:00:00,134,1263.82,1263.68994,-23.6813,1928.4314,BREAK/RUPTURA,2.67,5
2016-10-21 21:00:00,34,1266.85,1265.9036,7.0302,2731.746,BREAK/RUPTURA,-3.08,5
2016-10-21 22:00:00,34,1266.49,1265.93711,-2.0525,3480.4348,HIT/DEFESA,-0.34,5
2016-10-21 23:00:00,34,1266.85,1265.98927,-4.103,2731.746,HIT/DEFESA,-0.2,5
2016-10-22 00:00:00,34,1266.49,1266.01789,-2.8417,3480.4348,HIT/DEFESA,-2.37,5
2016-10-23 23:00:00,34,1265.85,1266.00829,-5.0533,1259.7701,HIT/DEFESA,-2.92,5
2016-10-24 00:00:00,134,1263.77,1264.01074,-24.3123,25743.7956,HIT/DEFESA,-0.16,5
2016-10-24 01:00:00,34,1266.15,1265.8958,-2.6846,8289.4737,HIT/DEFESA,-1.7,5
2016-10-24 02:00:00,34,1266.65,1265.93889,6.3199,3093.617,BREAK/RUPTURA,-1.72,5
2016-10-24 03:00:00,134,1264.12,1264.08164,2.7695,1735.102,HIT/DEFESA,1.93,5
2016-10-24 05:00:00,134,1263.61,1264.05785,-24.0003,2300.0,BREAK/RUPTURA,2.25,5
2016-10-24 06:00:00,134,1264.45,1264.06366,2.6105,1995.6989,HIT/DEFESA,1.73,5
2016-10-24 08:00:00,34,1266.05,1265.49038,19.3098,3280.6122,BREAK/RUPTURA,-1.11,5
2016-10-24 09:00:00,34,1265.44,1265.4875,7.8295,4392.7273,HIT/DEFESA,5.93,5
2016-10-24 11:00:00,34,1266.18,1265.54714,1.0268,9837.5,BREAK/RUPTURA,-3.48,5
2016-10-24 12:00:00,34,1264.76,1265.50216,-5.3736,1595.9184,HIT/DEFESA,-2.0,5
2016-10-24 12:00:00,134,1264.76,1264.18982,-5.3736,1595.9184,HIT/DEFESA,-2.0,5
2016-10-24 13:00:00,34,1264.94,1265.47004,-7.2678,37422.2222,HIT/DEFESA,-1.38,5
2016-10-24 13:00:00,134,1264.94,1264.20093,-7.2678,37422.2222,HIT/DEFESA,-1.38,5
2016-10-24 15:00:00,34,1265.38,1265.78277,4.9021,1218.3362,BREAK/RUPTURA,-1.72,5
2016-10-24 18:00:00,134,1263.56,1264.26558,-14.383,3560.8696,BREAK/RUPTURA,1.56,5
2016-10-24 21:00:00,34,1264.28,1265.05932,5.6982,1603.125,BREAK/RUPTURA,-1.56,5
2016-10-24 21:00:00,134,1264.28,1264.2366,5.6982,1603.125,BREAK/RUPTURA,-1.56,5
2016-10-24 22:00:00,34,1264.64,1265.03536,14.1743,3639.3939,HIT/DEFESA,0.2,5
2016-10-24 22:00:00,134,1264.64,1264.24258,14.1743,3639.3939,HIT/DEFESA,0.2,5
2016-10-25 03:00:00,34,1264.84,1265.18814,-62.227,1441.0891,BREAK/RUPTURA,1.91,5
2016-10-25 03:00:00,134,1264.84,1264.34942,-62.227,1441.0891,BREAK/RUPTURA,1.91,5
2016-10-25 04:00:00,34,1264.92,1265.17282,12.348,22533.3333,HIT/DEFESA,3.23,5
2016-10-25 04:00:00,134,1264.92,1264.35787,12.348,22533.3333,HIT/DEFESA,3.23,5
2016-10-25 05:00:00,34,1265.48,1265.19038,21.8576,1891.1765,HIT/DEFESA,3.83,5
2016-10-25 06:00:00,34,1266.23,1265.24978,10.9895,2755.4054,HIT/DEFESA,2.96,5
2016-10-26 00:00:00,134,1266.24,1265.82145,-56.9302,5757.4594,BREAK/RUPTURA,8.61,5
2016-10-26 12:00:00,34,1271.3,1271.60771,-29.176,2104.9231,HIT/DEFESA,-3.54,5
2016-10-26 13:00:00,34,1272.09,1271.63527,-12.4051,6539.3443,HIT/DEFESA,-5.9,5
2016-10-26 14:00:00,34,1271.22,1271.61154,-27.0658,3296.9388,HIT/DEFESA,-4.37,5
2016-10-26 15:00:00,34,1272.05,1271.63659,5.8995,7859.4595,BREAK/RUPTURA,-5.5,5
2016-10-26 17:00:00,134,1267.76,1267.4486,-27.2179,3297.2222,HIT/DEFESA,-0.82,5
2016-10-26 20:00:00,134,1266.55,1267.40846,-9.5444,5154.5455,HIT/DEFESA,-0.08,5
2016-10-27 00:00:00,134,1267.46,1267.38594,6.7108,77284.0,BREAK/RUPTURA,-1.01,5
2016-10-27 03:00:00,134,1266.38,1267.33604,-8.521,6939.5833,BREAK/RUPTURA,1.88,5
2016-10-27 04:00:00,134,1266.36,1267.32158,-0.8686,29383.3333,BREAK/RUPTURA,2.86,5
2016-10-27 05:00:00,134,1266.45,1267.30866,4.4238,45833.3333,HIT/DEFESA,1.74,5
2016-10-27 06:00:00,134,1267.31,1267.30868,7.3438,3222.3529,HIT/DEFESA,2.45,5
2016-10-27 07:00:00,34,1268.28,1268.76762,15.1616,1643.299,HIT/DEFESA,1.68,5
2016-10-27 07:00:00,134,1268.28,1267.32307,15.1616,1643.299,HIT/DEFESA,1.68,5
2016-10-27 08:00:00,34,1268.26,1268.73861,14.2919,36820.0,HIT/DEFESA,0.79,5
2016-10-27 08:00:00,134,1268.26,1267.33695,14.2919,36820.0,HIT/DEFESA,0.79,5
2016-10-27 09:00:00,34,1269.22,1268.76612,15.0713,2554.4444,HIT/DEFESA,2.9,5
2016-10-27 10:00:00,34,1268.19,1268.7332,-0.7096,2026.0,HIT/DEFESA,-0.93,5
2016-10-27 10:00:00,134,1268.19,1267.37707,-0.7096,2026.0,HIT/DEFESA,-0.93,5
2016-10-27 11:00:00,34,1269.76,1268.79187,11.8272,2821.8978,BREAK/RUPTURA,-2.56,5
2016-10-27 15:00:00,134,1267.26,1267.53847,-21.2605,1380.5556,BREAK/RUPTURA,2.81,5
2016-10-27 16:00:00,134,1267.2,1267.53345,-14.5778,84630000.0,BREAK/RUPTURA,1.85,5
2016-10-27 17:00:00,34,1269.01,1268.86155,-24.4474,2564.3617,HIT/DEFESA,-0.56,5
2016-10-27 19:00:00,34,1269.31,1268.8844,16.6509,7217.6471,HIT/DEFESA,5.11,5
2016-10-27 22:00:00,34,1268.45,1268.92873,-6.7753,4452.9412,BREAK/RUPTURA,1.77,5
2016-10-27 22:00:00,134,1268.45,1267.66892,-6.7753,4452.9412,BREAK/RUPTURA,1.77,5
2016-10-27 23:00:00,34,1268.46,1268.90194,-12.6765,3004.0,BREAK/RUPTURA,2.17,5
2016-10-27 23:00:00,134,1268.46,1267.68064,-12.6765,3004.0,BREAK/RUPTURA,2.17,5
2016-10-28 01:00:00,34,1269.43,1269.22942,7.726,3150.0,HIT/DEFESA,1.56,5
2016-10-28 03:00:00,34,1270.22,1269.26127,-32.9562,2668.2759,HIT/DEFESA,-1.14,5
2016-10-28 07:00:00,34,1268.69,1269.49393,-15.268,1894.7137,HIT/DEFESA,-3.0,5
2016-10-28 07:00:00,134,1268.69,1268.00264,-15.268,1894.7137,HIT/DEFESA,-3.0,5
2016-10-28 08:00:00,34,1269.08,1269.47028,-17.9336,9720.5128,HIT/DEFESA,-2.94,5
2016-10-28 09:00:00,134,1267.37,1268.00899,-28.4817,2345.0,HIT/DEFESA,-1.72,5
2016-10-28 10:00:00,134,1267.01,1267.99419,-13.242,16633.3333,BREAK/RUPTURA,5.12,5
2016-10-28 17:00:00,134,1267.57,1267.99234,15.1701,1606.3232,HIT/DEFESA,7.92,5
2016-10-31 11:00:00,34,1273.67,1274.00408,-17.1649,6686.0,HIT/DEFESA,-0.45,5
2016-10-31 15:00:00,34,1274.86,1273.92974,6.7504,2363.6872,HIT/DEFESA,0.28,5
2016-10-31 16:00:00,34,1273.22,1273.88918,5.4223,2814.2857,HIT/DEFESA,4.8,5
2016-10-31 17:00:00,34,1274.06,1273.89894,7.462,3811.3924,HIT/DEFESA,3.14,5
2016-10-31 18:00:00,34,1272.97,1273.84586,-14.8252,2878.3019,BREAK/RUPTURA,4.39,5
2016-10-31 19:00:00,34,1273.54,1273.82838,2.5133,7556.25,HIT/DEFESA,13.89,5
2016-11-03 15:00:00,34,1295.51,1295.96473,16.3136,1960.3333,HIT/DEFESA,5.06,5
2016-11-04 05:00:00,34,1298.8,1298.98726,-34.8336,1417.6,BREAK/RUPTURA,2.53,5
2016-11-04 06:00:00,34,1298.87,1298.98056,-25.7253,15500.0,BREAK/RUPTURA,3.6,5
2016-11-04 09:00:00,34,1298.64,1298.65634,-1.7708,1356.4246,BREAK/RUPTURA,5.53,5
2016-11-04 19:00:00,34,1301.21,1300.50991,-11.1311,1310.5839,BREAK/RUPTURA,3.81,5
2016-11-06 23:00:00,34,1300.41,1301.38639,-35.3251,1737.3684,HIT/DEFESA,-8.58,5
2016-11-07 03:00:00,134,1291.74,1291.50881,87.4631,1039.5349,BREAK/RUPTURA,-3.11,5
2016-11-07 04:00:00,134,1291.83,1291.51356,-7.8895,36210000.0,HIT/DEFESA,-6.6,5
2016-11-08 16:00:00,34,1284.27,1284.76292,31.5568,7237.6744,BREAK/RUPTURA,-8.97,5
2016-11-10 02:00:00,34,1286.45,1285.66659,93.5247,1204.8235,HIT/DEFESA,1.09,5
2016-11-10 04:00:00,34,1285.66,1285.73051,59.9374,3592.5,HIT/DEFESA,2.9,5
2016-11-10 07:00:00,134,1287.54,1287.933,14.6228,9201.5385,BREAK/RUPTURA,-7.06,5
2016-11-10 09:00:00,134,1288.56,1287.88635,12.8992,2720.8426,BREAK/RUPTURA,-12.37,5
2016-11-15 01:00:00,34,1227.71,1227.05426,53.4729,1934.5771,BREAK/RUPTURA,-3.66,5
2016-11-15 02:00:00,34,1227.44,1227.0763,78.2488,25973.5294,BREAK/RUPTURA,-1.06,5
2016-11-15 07:00:00,34,1226.38,1226.58501,6.8541,2311.6592,HIT/DEFESA,0.71,5
2016-11-15 10:00:00,34,1225.62,1226.49863,-6.1971,4315.7635,HIT/DEFESA,-0.35,5
2016-11-15 12:00:00,34,1227.09,1226.46138,-4.643,2988.9535,HIT/DEFESA,-3.76,5
2016-11-15 15:00:00,34,1225.27,1226.13833,-14.8318,4831.8996,HIT/DEFESA,-2.0,5
2016-11-15 18:00:00,34,1226.34,1225.86605,8.7328,1228.3217,HIT/DEFESA,1.7,5
2016-11-16 08:00:00,34,1227.33,1227.38493,-17.4871,3170.614,HIT/DEFESA,-1.94,5
2016-11-16 09:00:00,34,1227.82,1227.4098,-22.1852,7331.0345,HIT/DEFESA,-0.27,5
2016-11-16 14:00:00,34,1227.55,1227.01523,12.7244,3675.2294,BREAK/RUPTURA,-3.71,5
2016-11-16 15:00:00,34,1227.37,1227.0355,35.6497,80733.3333,BREAK/RUPTURA,-1.93,5
2016-11-16 17:00:00,34,1227.4,1226.91541,-1.2219,1964.6259,HIT/DEFESA,-2.43,5
2016-11-16 18:00:00,34,1226.38,1226.88482,-8.066,3776.6355,HIT/DEFESA,-1.57,5
2016-11-17 04:00:00,34,1226.01,1226.03379,-9.7783,2087.9121,BREAK/RUPTURA,3.39,5
2016-11-17 05:00:00,34,1225.13,1225.98214,-23.4526,3291.5789,BREAK/RUPTURA,2.37,5
2016-11-17 06:00:00,34,1226.7,1226.02316,-8.6336,1971.2418,BREAK/RUPTURA,3.52,5
2016-11-17 07:00:00,34,1226.26,1226.03669,2.0391,5243.75,HIT/DEFESA,3.99,5
2016-11-17 16:00:00,34,1227.11,1226.73309,-11.0707,4058.046,HIT/DEFESA,-8.76,5
2016-11-17 17:00:00,34,1226.15,1226.69977,13.8838,9313.5417,BREAK/RUPTURA,-9.75,5
2016-11-21 00:00:00,34,1213.05,1212.05744,45.7963,12288.4892,BREAK/RUPTURA,-2.27,5
2016-11-21 02:00:00,34,1212.63,1211.88341,42.3181,1587.3303,HIT/DEFESA,0.91,5
2016-11-21 03:00:00,34,1211.83,1211.88036,-10.0573,4643.2432,BREAK/RUPTURA,3.28,5
2016-11-21 05:00:00,34,1210.78,1211.75388,-15.2561,32788.8889,BREAK/RUPTURA,4.45,5
2016-11-21 06:00:00,34,1212.11,1211.77423,2.3106,2479.1367,HIT/DEFESA,2.57,5
2016-11-21 15:00:00,34,1213.34,1213.02504,-22.7775,5596.3303,HIT/DEFESA,-1.38,5
2016-11-21 20:00:00,34,1211.96,1212.7446,3.1364,1259.0674,HIT/DEFESA,6.05,5
2016-11-21 21:00:00,34,1212.25,1212.71633,1.4025,7731.5789,HIT/DEFESA,7.4,5
2016-11-21 23:00:00,34,1212.25,1212.761,2.3928,7731.5789,HIT/DEFESA,5.61,5
2016-11-22 07:00:00,34,1215.13,1214.27362,-22.4164,2010.7266,BREAK/RUPTURA,2.08,5
2016-11-22 13:00:00,34,1214.63,1214.95331,-26.5219,2058.871,HIT/DEFESA,-2.43,5
2016-11-22 14:00:00,34,1214.32,1214.91712,-20.0533,18916.6667,HIT/DEFESA,-1.97,5
2016-11-23 05:00:00,34,1213.38,1212.40489,-1.3185,6285.7143,HIT/DEFESA,-0.87,5
2016-11-23 08:00:00,34,1213.37,1212.53913,-0.0824,2558.9474,HIT/DEFESA,-4.43,5
2016-11-23 09:00:00,34,1212.13,1212.51575,1.7328,5308.4746,BREAK/RUPTURA,-16.45,5
2016-11-23 10:00:00,34,1212.51,1212.51542,-14.9877,16864.5161,HIT/DEFESA,-24.31,5
2016-11-23 11:00:00,34,1212.09,1212.49111,-10.5491,6923.5294,HIT/DEFESA,-28.13,5
2016-11-25 13:00:00,34,1187.12,1186.3496,-4.8834,12833.9623,HIT/DEFESA,-6.1,5
2016-11-25 14:00:00,34,1187.37,1186.40791,-20.5913,24304.0,HIT/DEFESA,-3.35,5
2016-11-25 15:00:00,34,1185.86,1186.3766,-14.7355,5373.8562,HIT/DEFESA,-4.84,5
2016-11-28 11:00:00,34,1190.01,1189.05918,-27.0692,2172.973,HIT/DEFESA,-0.39,5
2016-11-28 16:00:00,34,1189.62,1188.82975,13.8049,2376.3006,HIT/DEFESA,3.75,5
2016-11-28 18:00:00,34,1189.05,1188.96627,24.0263,2055.5024,HIT/DEFESA,4.32,5
2016-11-29 04:00:00,34,1190.03,1190.26721,-19.7085,2806.1135,HIT/DEFESA,-1.41,5
2016-11-29 06:00:00,34,1191.07,1190.38274,-11.3215,7792.0,HIT/DEFESA,-3.17,5
2016-11-29 17:00:00,34,1188.2,1188.86115,54.3248,5319.0909,BREAK/RUPTURA,-1.77,5
2016-11-29 19:00:00,34,1188.94,1188.76161,15.5,2624.8731,BREAK/RUPTURA,-16.46,5
2016-11-29 20:00:00,34,1188.58,1188.75123,3.1981,8930.5556,HIT/DEFESA,1.75,5
2016-11-29 21:00:00,34,1188.36,1188.72888,12.0479,9688.4615,HIT/DEFESA,5.01,5
2016-11-29 23:00:00,34,1188.36,1188.58394,-1.8509,9688.4615,BREAK/RUPTURA,1.48,5
2016-11-30 02:00:00,134,1193.37,1194.30664,42.1589,1802.9605,BREAK/RUPTURA,-4.34,5
2016-11-30 05:00:00,34,1189.36,1188.47157,-33.6023,11990.6977,HIT/DEFESA,-3.69,5
2016-11-30 07:00:00,34,1189.03,1188.57075,-6.8076,5152.1739,HIT/DEFESA,-3.64,5
2016-11-30 08:00:00,34,1188.67,1188.57642,-5.8014,10396.9697,HIT/DEFESA,-6.11,5
2016-11-30 09:00:00,34,1187.95,1188.54062,-14.8775,9015.0685,HIT/DEFESA,-3.67,5
2016-11-30 11:00:00,34,1187.63,1188.33392,-8.7493,3145.5497,HIT/DEFESA,-11.48,5
2016-12-01 20:00:00,34,1171.98,1172.94992,37.5988,40552.381,HIT/DEFESA,2.28,5
2016-12-02 06:00:00,34,1173.84,1173.24127,-4.2577,10928.125,HIT/DEFESA,-2.41,5
2016-12-02 07:00:00,34,1173.64,1173.26406,-7.9178,16573.3333,HIT/DEFESA,-2.69,5
2016-12-02 20:00:00,34,1174.42,1173.45564,-5.7017,19295.8333,HIT/DEFESA,-4.79,5
2016-12-05 07:00:00,34,1174.3,1174.48682,-20.1416,1555.5556,HIT/DEFESA,-8.67,5
2016-12-05 20:00:00,34,1170.65,1170.8409,31.0189,3912.0805,HIT/DEFESA,1.23,5
2016-12-05 21:00:00,34,1169.85,1170.78428,-35.519,5612.9412,BREAK/RUPTURA,4.9,5
2016-12-05 23:00:00,34,1169.85,1170.64068,-6.8338,5612.9412,BREAK/RUPTURA,2.85,5
2016-12-06 05:00:00,34,1171.64,1171.15595,-26.4737,2062.2642,HIT/DEFESA,-0.88,5
2016-12-06 07:00:00,34,1170.55,1171.10538,-18.3338,21047.8261,HIT/DEFESA,-0.14,5
2016-12-06 10:00:00,34,1170.76,1171.23583,1.794,2267.4419,HIT/DEFESA,1.47,5
2016-12-06 12:00:00,34,1170.41,1171.18186,-13.9926,5381.4286,HIT/DEFESA,-0.68,5
2016-12-06 14:00:00,34,1171.61,1171.26495,4.2695,7857.1429,BREAK/RUPTURA,-3.12,5
2016-12-06 15:00:00,34,1172.23,1171.3201,15.5501,17860.6557,BREAK/RUPTURA,-3.85,5
2016-12-06 16:00:00,34,1171.39,1171.32409,-7.5068,7975.0,HIT/DEFESA,-2.39,5
2016-12-07 09:00:00,34,1170.84,1169.93304,34.9686,1711.3712,HIT/DEFESA,5.23,5
2016-12-07 18:00:00,134,1175.43,1174.89806,-24.5264,1852.451,HIT/DEFESA,-2.49,5
2016-12-07 19:00:00,134,1174.2,1174.88772,-33.5271,3812.3967,HIT/DEFESA,-4.17,5
2016-12-07 21:00:00,34,1172.94,1172.37602,-21.1837,5217.284,BREAK/RUPTURA,3.15,5
2016-12-07 22:00:00,34,1173.1,1172.41739,-9.3681,19508.6957,BREAK/RUPTURA,3.99,5
2016-12-07 23:00:00,34,1172.94,1172.44725,-6.2198,5217.284,BREAK/RUPTURA,5.0,5
2016-12-08 01:00:00,134,1174.63,1174.71575,13.0424,15262.5,HIT/DEFESA,2.05,5
2016-12-08 08:00:00,134,1175.44,1174.89436,-10.1136,13305.0,HIT/DEFESA,-2.78,5
2016-12-08 11:00:00,134,1175.72,1174.94006,2.3821,14806.8966,BREAK/RUPTURA,-4.67,5
2016-12-09 10:00:00,34,1170.61,1170.32123,11.2889,2867.3611,BREAK/RUPTURA,-7.24,5
2016-12-12 14:00:00,34,1159.27,1160.12232,36.6221,2097.5669,HIT/DEFESA,3.51,5
2016-12-12 16:00:00,34,1159.6,1160.03308,38.2624,18547.2727,HIT/DEFESA,2.57,5
2016-12-12 22:00:00,34,1161.76,1160.77115,-8.7721,3422.7273,BREAK/RUPTURA,1.77,5
2016-12-13 05:00:00,34,1161.81,1161.20373,-10.0604,2945.8333,HIT/DEFESA,-3.57,5
2016-12-13 06:00:00,34,1160.65,1161.17209,-24.7523,2185.4839,HIT/DEFESA,-2.44,5
2016-12-13 07:00:00,34,1161.52,1161.19197,-8.2582,2420.6897,HIT/DEFESA,-3.43,5
2016-12-13 08:00:00,34,1161.37,1161.20214,-3.7872,20764.2857,HIT/DEFESA,-2.75,5
2016-12-13 21:00:00,34,1158.53,1159.42698,15.9941,2967.6056,HIT/DEFESA,1.81,5
2016-12-13 23:00:00,34,1158.53,1159.24928,13.0508,2967.6056,HIT/DEFESA,1.76,5
2016-12-14 01:00:00,34,1158.58,1158.29946,12.9637,34769.2308,HIT/DEFESA,1.66,5
2016-12-14 17:00:00,134,1163.35,1163.8819,10.0673,2696.4286,BREAK/RUPTURA,-21.54,5
2016-12-14 18:00:00,34,1161.36,1160.44132,-11.5249,1945.5,HIT/DEFESA,-18.87,5
2016-12-14 19:00:00,34,1161.24,1160.48696,-10.3231,130275.0,HIT/DEFESA,-33.28,5
2016-12-16 10:00:00,34,1134.93,1135.06677,13.5876,2675.1152,BREAK/RUPTURA,-3.53,5
2016-12-16 11:00:00,34,1134.5,1135.03439,2.3805,8269.5652,BREAK/RUPTURA,-6.12,5
2016-12-16 12:00:00,34,1134.45,1135.00099,15.0077,85520.0,HIT/DEFESA,3.99,5
2016-12-16 20:00:00,34,1134.23,1134.68599,-36.9804,3671.0,BREAK/RUPTURA,3.18,5
2016-12-16 22:00:00,34,1134.49,1134.59904,-6.3424,2641.1215,BREAK/RUPTURA,3.86,5
2016-12-17 00:00:00,34,1134.49,1134.52174,10.677,2641.1215,HIT/DEFESA,3.59,5
2016-12-19 11:00:00,34,1137.62,1136.71043,-22.4526,3495.2381,BREAK/RUPTURA,1.81,5
2016-12-19 15:00:00,34,1137.2,1137.06815,-9.7513,1847.449,BREAK/RUPTURA,1.83,5
2016-12-19 19:00:00,34,1138.36,1137.61174,-9.3907,4562.3457,HIT/DEFESA,-7.06,5
2016-12-20 01:00:00,34,1137.24,1137.46313,-5.5367,1655.2846,HIT/DEFESA,-2.29,5
2016-12-20 02:00:00,34,1137.95,1137.49095,-9.8326,2465.2174,HIT/DEFESA,-4.03,5
2016-12-21 03:00:00,34,1133.91,1133.32553,26.4387,3730.3371,HIT/DEFESA,1.92,5
2016-12-21 09:00:00,34,1133.54,1133.88798,-12.8634,2198.2609,BREAK/RUPTURA,2.19,5
2016-12-21 11:00:00,34,1134.46,1133.93747,-12.0617,5842.8571,HIT/DEFESA,-3.46,5
2016-12-21 12:00:00,34,1133.81,1133.93019,2.3819,3772.3077,BREAK/RUPTURA,-2.69,5
2016-12-21 13:00:00,34,1134.71,1133.97475,4.4966,3995.6044,BREAK/RUPTURA,-2.66,5
2016-12-21 15:00:00,34,1134.58,1134.1039,6.7913,4076.5217,BREAK/RUPTURA,-3.36,5
2016-12-22 02:00:00,34,1132.14,1132.66198,6.3637,1833.3333,BREAK/RUPTURA,-1.2,5
2016-12-22 09:00:00,34,1131.43,1132.00643,21.5235,6020.0,BREAK/RUPTURA,-2.89,5
2016-12-22 15:00:00,34,1131.9,1131.49265,18.3213,2138.2789,BREAK/RUPTURA,-3.4,5
2016-12-23 02:00:00,34,1129.95,1130.53886,11.9617,2409.1667,HIT/DEFESA,1.07,5
2016-12-23 04:00:00,34,1131.38,1130.60585,23.6553,2366.6667,HIT/DEFESA,0.2,5
2016-12-23 05:00:00,34,1131.18,1130.63866,10.8854,6844.4444,HIT/DEFESA,0.21,5
2016-12-23 06:00:00,34,1131.53,1130.68959,5.6593,3220.5882,BREAK/RUPTURA,-1.06,5
2016-12-23 08:00:00,34,1131.0,1130.72513,-1.5913,17088.8889,HIT/DEFESA,-0.29,5
2016-12-23 09:00:00,34,1131.58,1130.77398,0.4419,2477.9412,BREAK/RUPTURA,-1.47,5
2016-12-23 10:00:00,34,1131.39,1130.80918,3.2714,8109.0909,HIT/DEFESA,1.8,5
2016-12-23 11:00:00,34,1130.47,1130.7898,-4.6861,2123.913,BREAK/RUPTURA,4.93,5
2016-12-23 12:00:00,34,1131.7,1130.84181,1.0605,1174.7967,HIT/DEFESA,0.77,5
2016-12-23 13:00:00,34,1130.71,1130.83428,-6.0103,1506.1224,BREAK/RUPTURA,1.6,5
2016-12-23 14:00:00,34,1130.11,1130.79289,-3.1845,2738.75,BREAK/RUPTURA,1.94,5
2016-12-23 16:00:00,134,1135.4,1135.06047,41.4784,2710.3774,BREAK/RUPTURA,-3.28,5
2016-12-23 18:00:00,34,1132.31,1131.31879,-7.7657,12926.3158,HIT/DEFESA,-0.19,5
2016-12-23 21:00:00,34,1132.12,1131.47344,-1.678,4951.9231,HIT/DEFESA,-0.5,5
2016-12-23 23:00:00,34,1132.12,1131.58455,-4.6793,4951.9231,BREAK/RUPTURA,5.26,5
2016-12-27 01:00:00,34,1131.62,1132.00082,-4.4165,1251.4793,BREAK/RUPTURA,5.82,5
2016-12-27 02:00:00,134,1134.19,1134.75777,11.8286,1491.4063,HIT/DEFESA,5.19,5
2016-12-27 16:00:00,34,1136.7,1136.74139,-47.4556,2211.3208,BREAK/RUPTURA,2.24,5
2016-12-27 16:00:00,134,1136.7,1135.79426,-47.4556,2211.3208,BREAK/RUPTURA,2.24,5
2016-12-27 17:00:00,34,1136.51,1136.72817,-43.7144,19878.9474,BREAK/RUPTURA,2.17,5
2016-12-27 17:00:00,134,1136.51,1135.80487,-43.7144,19878.9474,BREAK/RUPTURA,2.17,5
2016-12-27 18:00:00,34,1137.22,1136.75627,-9.4001,3128.5714,BREAK/RUPTURA,1.72,5
2016-12-28 11:00:00,34,1139.19,1139.33999,-29.2334,1250.6173,HIT/DEFESA,-1.31,5
2016-12-28 13:00:00,34,1139.39,1139.3019,-12.3597,3658.2278,HIT/DEFESA,-1.05,5
2016-12-28 14:00:00,34,1138.86,1139.27665,-2.8968,6411.7647,BREAK/RUPTURA,2.33,5
2016-12-28 15:00:00,34,1138.33,1139.22256,-2.1957,13627.2727,BREAK/RUPTURA,3.41,5
2016-12-28 16:00:00,134,1137.88,1137.03558,-13.2527,10968.1818,BREAK/RUPTURA,3.84,5
2016-12-28 17:00:00,34,1138.7,1139.12036,-1.4049,3672.1519,BREAK/RUPTURA,2.33,5
2016-12-28 18:00:00,34,1138.34,1139.07577,0.0878,8342.1053,HIT/DEFESA,3.38,5
2016-12-30 17:00:00,34,1155.91,1155.14176,-8.8164,2461.9048,HIT/DEFESA,-7.33,5
2017-01-03 10:00:00,134,1148.02,1147.29582,-80.2724,1532.0588,BREAK/RUPTURA,5.67,5
2017-01-03 11:00:00,134,1146.7,1147.28699,-54.1225,1787.218,BREAK/RUPTURA,8.23,5
2017-01-03 15:00:00,34,1153.69,1152.93081,45.2768,4691.8831,HIT/DEFESA,5.33,5
2017-01-06 07:00:00,34,1174.38,1174.74908,-32.0839,2995.1515,BREAK/RUPTURA,2.84,5
2017-01-06 08:00:00,34,1174.54,1174.73714,-24.2908,14130.0,BREAK/RUPTURA,1.31,5
2017-01-06 13:00:00,34,1175.85,1175.40341,-19.268,1806.6667,HIT/DEFESA,-2.06,5
2017-01-06 15:00:00,34,1176.35,1175.36303,-7.3903,4106.8592,HIT/DEFESA,-4.12,5
2017-01-06 16:00:00,34,1175.43,1175.36686,-3.5719,5865.625,HIT/DEFESA,-2.68,5
2017-01-09 02:00:00,34,1175.39,1174.68802,23.7078,2185.7143,BREAK/RUPTURA,-1.4,5
2017-01-09 03:00:00,34,1175.13,1174.71328,-46.5853,16057.8947,HIT/DEFESA,-1.25,5
2017-01-09 04:00:00,34,1174.57,1174.70509,4.2587,3738.9831,HIT/DEFESA,3.26,5
2017-01-09 05:00:00,34,1174.41,1174.68823,-8.3377,9443.75,BREAK/RUPTURA,1.46,5
2017-01-09 07:00:00,34,1173.99,1174.587,-4.938,5857.7778,BREAK/RUPTURA,5.66,5
2017-01-09 08:00:00,34,1173.88,1174.5466,-4.5129,296100.0,BREAK/RUPTURA,4.41,5
2017-01-10 13:00:00,34,1181.99,1181.6178,-16.1331,3079.397,BREAK/RUPTURA,2.11,5
2017-01-12 20:00:00,34,1196.07,1196.76193,-51.0726,1112.8125,HIT/DEFESA,-2.19,5
2017-01-13 00:00:00,34,1197.2,1196.55679,16.3146,38698.8806,BREAK/RUPTURA,-3.05,5
2017-01-13 07:00:00,34,1195.44,1195.55409,25.0744,2247.7273,HIT/DEFESA,1.36,5
2017-01-13 08:00:00,34,1196.17,1195.58928,16.9158,5398.7179,HIT/DEFESA,1.67,5
2017-01-13 09:00:00,34,1195.64,1195.59218,16.0003,6840.3226,HIT/DEFESA,0.65,5
2017-01-13 11:00:00,34,1196.43,1195.71106,2.1736,7136.7347,BREAK/RUPTURA,-2.21,5
2017-01-13 14:00:00,34,1196.29,1195.91416,-1.1701,5522.9299,HIT/DEFESA,-0.34,5
2017-01-13 17:00:00,34,1194.46,1195.40176,-15.2973,22226.6667,BREAK/RUPTURA,2.67,5
2017-01-13 18:00:00,34,1196.34,1195.45538,59.5328,2418.0851,HIT/DEFESA,1.82,5
2017-01-13 19:00:00,34,1195.95,1195.48364,14.4864,12575.8621,HIT/DEFESA,1.18,5
2017-01-18 09:00:00,34,1212.21,1211.44285,1.0725,4955.4545,HIT/DEFESA,1.03,5
2017-01-18 11:00:00,34,1212.1,1211.61332,8.1743,2815.6069,HIT/DEFESA,3.21,5
2017-01-18 18:00:00,34,1212.61,1212.2474,-13.9997,1624.3478,HIT/DEFESA,-7.12,5
2017-01-19 04:00:00,134,1201.81,1202.30271,-14.7061,3947.3118,BREAK/RUPTURA,1.24,5
2017-01-19 05:00:00,134,1203.21,1202.31615,40.9747,1417.2932,HIT/DEFESA,0.94,5
2017-01-19 06:00:00,134,1202.29,1202.31577,10.9078,4091.5663,HIT/DEFESA,0.15,5
2017-01-19 07:00:00,134,1201.86,1202.30901,0.416,5689.5833,HIT/DEFESA,0.95,5
2017-01-19 09:00:00,134,1203.05,1202.27768,6.3213,1842.1196,BREAK/RUPTURA,-1.56,5
2017-01-19 11:00:00,134,1202.44,1202.30741,25.2624,2398.8304,BREAK/RUPTURA,-2.92,5
2017-01-19 12:00:00,134,1202.81,1202.31486,-1.9949,5357.1429,HIT/DEFESA,-2.99,5
2017-01-19 14:00:00,134,1201.49,1202.3319,-7.9006,3351.9435,HIT/DEFESA,-0.89,5
2017-01-19 21:00:00,34,1204.52,1204.26863,38.8379,3521.978,HIT/DEFESA,2.7,5
2017-01-19 22:00:00,34,1204.71,1204.29385,34.2329,8994.4444,HIT/DEFESA,2.13,5
2017-01-19 23:00:00,34,1204.52,1204.30677,-7.715,3521.978,BREAK/RUPTURA,3.36,5
2017-01-20 01:00:00,134,1203.34,1202.37743,-11.372,36844.4444,BREAK/RUPTURA,3.27,5
2017-01-20 08:00:00,34,1205.82,1205.33396,-11.5142,3030.3571,HIT/DEFESA,-5.62,5
2017-01-20 09:00:00,134,1202.1,1202.8255,-37.3774,1732.5137,BREAK/RUPTURA,1.68,5
2017-01-20 14:00:00,34,1203.78,1204.13924,33.9249,1051.6949,HIT/DEFESA,2.19,5
2017-01-20 16:00:00,34,1203.5,1203.91257,27.4954,2168.3168,HIT/DEFESA,3.8,5
2017-01-20 16:00:00,134,1203.5,1202.68516,27.4954,2168.3168,HIT/DEFESA,3.8,5
2017-01-20 17:00:00,34,1203.36,1203.88099,-3.489,26061.5385,BREAK/RUPTURA,6.55,5
2017-01-20 17:00:00,134,1203.36,1202.69516,-3.489,26061.5385,BREAK/RUPTURA,6.55,5
2017-01-24 07:00:00,34,1214.66,1213.85336,-20.2936,2830.1724,HIT/DEFESA,-0.94,5
2017-01-24 08:00:00,34,1213.05,1213.80745,-20.1563,3472.327,HIT/DEFESA,-0.04,5
2017-01-24 09:00:00,34,1213.59,1213.79503,-18.5878,3654.8387,HIT/DEFESA,-0.18,5
2017-01-24 10:00:00,34,1212.92,1213.74503,-14.325,4464.3836,BREAK/RUPTURA,3.79,5
2017-01-24 12:00:00,34,1213.72,1213.64796,1.0712,1499.4595,BREAK/RUPTURA,-1.37,5
2017-01-24 14:00:00,34,1213.41,1213.59999,11.8815,10794.7368,BREAK/RUPTURA,-3.22,5
2017-01-24 16:00:00,34,1214.0,1213.79041,8.1615,2085.2273,BREAK/RUPTURA,-4.31,5
2017-01-24 22:00:00,134,1208.53,1208.67953,-13.7169,1598.2301,HIT/DEFESA,-1.01,5
2017-01-24 23:00:00,134,1209.69,1208.6945,20.4602,1619.3548,BREAK/RUPTURA,-4.24,5
2017-01-25 01:00:00,134,1208.88,1208.57064,2.8961,12027.2727,BREAK/RUPTURA,-5.58,5
2017-01-25 02:00:00,134,1208.11,1208.56381,-13.0612,4244.5946,HIT/DEFESA,-4.82,5
2017-01-27 16:00:00,34,1187.65,1188.01616,46.3554,2835.124,HIT/DEFESA,2.95,5
2017-01-27 17:00:00,34,1187.75,1188.00095,31.757,84442.8571,HIT/DEFESA,3.63,5
2017-01-27 18:00:00,34,1188.4,1188.02376,25.9,4220.3125,HIT/DEFESA,2.2,5
2017-01-30 08:00:00,34,1191.35,1190.6697,-18.9342,4927.7778,HIT/DEFESA,-0.37,5
2017-01-30 09:00:00,34,1189.85,1190.62286,-23.6444,2208.7248,BREAK/RUPTURA,3.35,5
2017-01-30 11:00:00,34,1191.39,1190.56418,0.3358,1573.6842,HIT/DEFESA,6.67,5
2017-01-30 12:00:00,34,1190.43,1190.55651,4.8746,2223.3333,HIT/DEFESA,4.39,5
2017-01-30 13:00:00,34,1190.98,1190.58071,19.012,5231.1475,HIT/DEFESA,6.04,5
2017-01-30 18:00:00,134,1197.02,1196.32189,34.8742,1904.1284,BREAK/RUPTURA,-1.44,5
2017-01-30 21:00:00,134,1195.58,1196.27075,-12.0299,6387.5,BREAK/RUPTURA,1.78,5
2017-01-30 23:00:00,134,1195.58,1196.24401,4.1001,6387.5,HIT/DEFESA,5.44,5
2017-01-31 01:00:00,134,1196.38,1196.4468,10.3754,13405.0,HIT/DEFESA,4.66,5
2017-01-31 02:00:00,134,1197.36,1196.46033,14.8882,2612.1212,HIT/DEFESA,2.22,5
2017-01-31 09:00:00,34,1196.41,1196.01186,-38.5499,1169.9387,BREAK/RUPTURA,7.45,5
2017-01-31 09:00:00,134,1196.41,1196.81112,-38.5499,1169.9387,BREAK/RUPTURA,7.45,5
2017-02-02 23:00:00,34,1215.34,1214.45796,-5.181,2954.6875,HIT/DEFESA,-3.32,5
2017-02-03 02:00:00,34,1215.54,1214.72032,1.6456,2662.4,BREAK/RUPTURA,-2.54,5
2017-02-03 08:00:00,34,1213.78,1214.26112,3.4615,5494.8052,BREAK/RUPTURA,-2.13,5
2017-02-03 09:00:00,34,1213.4,1214.21191,1.9783,10752.7778,HIT/DEFESA,1.84,5
2017-02-03 10:00:00,34,1213.64,1214.17923,5.2762,7864.0,HIT/DEFESA,2.05,5
2017-02-07 10:00:00,34,1228.84,1228.65506,-33.9813,1395.0192,BREAK/RUPTURA,1.86,5
2017-02-07 12:00:00,34,1228.89,1228.75119,-20.7075,2777.2727,BREAK/RUPTURA,4.12,5
2017-02-08 01:00:00,34,1231.74,1231.33263,-13.5397,33300.0,BREAK/RUPTURA,1.01,5
2017-02-08 05:00:00,34,1232.69,1231.86321,-8.9156,1651.0753,BREAK/RUPTURA,2.74,5
2017-02-08 06:00:00,34,1232.75,1231.91388,-14.1758,28157.1429,BREAK/RUPTURA,3.62,5
2017-02-08 08:00:00,34,1231.57,1231.83368,-9.0858,5725.0,BREAK/RUPTURA,8.1,5
2017-02-09 12:00:00,34,1238.79,1238.31521,-24.0783,2917.3285,HIT/DEFESA,-7.49,5
2017-02-09 13:00:00,34,1238.54,1238.32806,-31.6305,14814.2857,HIT/DEFESA,-5.39,5
2017-02-09 15:00:00,34,1237.81,1238.36699,-7.9109,7506.2857,HIT/DEFESA,-6.21,5
2017-02-10 15:00:00,134,1228.08,1228.04558,11.1681,2706.25,HIT/DEFESA,4.76,5
2017-02-10 16:00:00,34,1229.88,1229.59756,31.2385,4472.1591,HIT/DEFESA,3.93,5
2017-02-13 01:00:00,34,1230.36,1230.6092,-27.9622,17337.5,HIT/DEFESA,-0.92,5
2017-02-13 03:00:00,34,1229.57,1230.56387,45.0141,1569.9187,HIT/DEFESA,2.02,5
2017-02-13 03:00:00,134,1229.57,1228.67403,45.0141,1569.9187,HIT/DEFESA,2.02,5
2017-02-13 04:00:00,134,1228.99,1228.67871,-11.135,3360.9375,BREAK/RUPTURA,1.55,5
2017-02-13 06:00:00,34,1229.44,1230.3516,-1.0573,18189.4737,BREAK/RUPTURA,1.29,5
2017-02-13 06:00:00,134,1229.44,1228.69905,-1.0573,18189.4737,BREAK/RUPTURA,1.29,5
2017-02-13 09:00:00,34,1230.54,1230.46457,8.9472,2424.0385,BREAK/RUPTURA,-5.24,5
2017-02-13 10:00:00,134,1229.36,1228.81059,-13.7281,2769.4444,HIT/DEFESA,-7.28,5
2017-02-13 11:00:00,34,1230.73,1230.42022,-6.9828,1806.7164,HIT/DEFESA,-7.79,5
2017-02-13 12:00:00,34,1230.11,1230.4025,-3.4944,3101.6667,HIT/DEFESA,-6.44,5
2017-02-13 13:00:00,134,1228.73,1228.85596,-5.1246,1884.507,HIT/DEFESA,-4.97,5
2017-02-14 00:00:00,34,1226.82,1227.77823,8.1578,35117.5,HIT/DEFESA,1.68,5
2017-02-14 04:00:00,34,1226.54,1227.35576,9.3031,1224.0964,HIT/DEFESA,1.46,5
2017-02-14 09:00:00,34,1228.0,1227.61377,-11.6314,3161.3139,BREAK/RUPTURA,4.74,5
2017-02-14 09:00:00,134,1228.0,1228.12644,-11.6314,3161.3139,BREAK/RUPTURA,4.74,5
2017-02-14 10:00:00,34,1227.96,1227.63356,-13.0128,86520.0,BREAK/RUPTURA,2.18,5
2017-02-14 10:00:00,134,1227.96,1228.12398,-13.0128,86520.0,BREAK/RUPTURA,2.18,5
2017-02-14 11:00:00,34,1228.25,1227.66878,13.6151,15262.963,BREAK/RUPTURA,-4.96,5
2017-02-14 11:00:00,134,1228.25,1228.12584,13.6151,15262.963,BREAK/RUPTURA,-4.96,5
2017-02-14 12:00:00,134,1228.8,1228.13583,6.5147,5475.0,BREAK/RUPTURA,-3.69,5
2017-02-14 22:00:00,34,1228.44,1227.71971,23.1723,1279.5082,BREAK/RUPTURA,-2.12,5
2017-02-14 22:00:00,134,1228.44,1228.09547,23.1723,1279.5082,BREAK/RUPTURA,-2.12,5
2017-02-14 23:00:00,34,1227.24,1227.6923,-19.1121,1390.3084,HIT/DEFESA,-1.15,5
2017-02-14 23:00:00,134,1227.24,1228.0828,-19.1121,1390.3084,HIT/DEFESA,-1.15,5
2017-02-15 09:00:00,34,1226.2,1227.09601,6.6918,4427.2727,BREAK/RUPTURA,-6.44,5
2017-02-15 11:00:00,34,1226.09,1226.97947,6.1208,13388.2353,BREAK/RUPTURA,-1.24,5
2017-02-15 12:00:00,34,1226.18,1226.93379,-0.1631,25511.1111,BREAK/RUPTURA,3.82,5
2017-02-15 13:00:00,34,1225.94,1226.877,-0.4894,10191.6667,BREAK/RUPTURA,4.87,5
2017-02-17 00:00:00,34,1234.79,1235.46247,-36.3111,10319.2118,BREAK/RUPTURA,3.58,5
2017-02-17 08:00:00,34,1236.81,1236.27181,-12.5972,6002.0408,BREAK/RUPTURA,4.9,5
2017-02-17 17:00:00,34,1238.25,1237.9925,-27.7845,4174.7368,HIT/DEFESA,-3.53,5
2017-02-17 18:00:00,34,1238.49,1238.02093,-28.5017,12873.913,HIT/DEFESA,-3.03,5
2017-02-17 19:00:00,34,1238.06,1238.02316,-8.3932,8136.5854,HIT/DEFESA,-3.34,5
2017-02-20 00:00:00,34,1237.25,1237.28942,20.4905,11145.815,BREAK/RUPTURA,-2.73,5
2017-02-20 03:00:00,134,1233.49,1233.17514,-30.39,2862.5,BREAK/RUPTURA,1.19,5
2017-02-20 04:00:00,134,1234.04,1233.18795,-12.7871,2317.5439,BREAK/RUPTURA,1.47,5
2017-02-20 06:00:00,134,1233.99,1233.21927,4.0535,3011.7647,HIT/DEFESA,1.55,5
2017-02-20 07:00:00,134,1234.02,1233.23114,-0.1621,305600.0,BREAK/RUPTURA,2.21,5
2017-02-20 09:00:00,34,1235.51,1236.13057,12.3178,3377.9221,HIT/DEFESA,2.56,5
2017-02-20 10:00:00,34,1236.5,1236.15168,20.0969,2811.6505,HIT/DEFESA,0.66,5
2017-02-20 11:00:00,34,1235.54,1236.11672,6.9654,2084.375,HIT/DEFESA,1.5,5
2017-02-20 12:00:00,34,1236.23,1236.1232,5.8276,1801.4286,HIT/DEFESA,1.65,5
2017-02-20 15:00:00,34,1237.16,1236.30139,7.5229,3495.4545,HIT/DEFESA,0.14,5
2017-02-20 16:00:00,34,1237.04,1236.3436,5.1763,16315.3846,HIT/DEFESA,0.29,5
2017-02-20 18:00:00,34,1237.3,1236.48103,1.1316,2190.1639,BREAK/RUPTURA,-2.29,5
2017-02-20 19:00:00,34,1237.33,1236.52954,2.3443,800.0,BREAK/RUPTURA,-2.82,5
2017-02-20 20:00:00,34,1237.3,1236.57357,-4.6854,2190.1639,HIT/DEFESA,-3.34,5
2017-02-20 21:00:00,34,1237.33,1236.61679,0.2425,800.0,BREAK/RUPTURA,-4.55,5
2017-02-21 00:00:00,134,1234.67,1233.91125,-21.4979,14707.0922,HIT/DEFESA,-1.52,5
2017-02-21 03:00:00,134,1233.96,1233.93651,-5.7505,3883.6364,HIT/DEFESA,-0.06,5
2017-02-21 05:00:00,134,1233.15,1233.90797,-11.0165,4700.0,HIT/DEFESA,-3.4,5
2017-02-21 06:00:00,134,1233.47,1233.90149,-3.971,5472.7273,HIT/DEFESA,-4.4,5
2017-02-21 07:00:00,34,1234.75,1235.63282,15.9801,2221.2598,BREAK/RUPTURA,-3.91,5
2017-02-21 07:00:00,134,1234.75,1233.91406,15.9801,2221.2598,BREAK/RUPTURA,-3.91,5
2017-02-21 08:00:00,134,1233.9,1233.91385,6.082,2227.907,BREAK/RUPTURA,-4.04,5
2017-02-21 15:00:00,34,1233.05,1233.80164,17.9552,2013.371,HIT/DEFESA,3.35,5
2017-02-21 15:00:00,134,1233.05,1233.56604,17.9552,2013.371,HIT/DEFESA,3.35,5
2017-02-21 16:00:00,34,1233.85,1233.8044,32.4427,4976.5432,HIT/DEFESA,2.25,5
2017-02-21 16:00:00,134,1233.85,1233.57025,32.4427,4976.5432,HIT/DEFESA,2.25,5
2017-02-22 04:00:00,34,1235.07,1235.06245,-10.0298,1970.4348,BREAK/RUPTURA,1.26,5
2017-02-22 05:00:00,34,1235.49,1235.08688,-13.3372,4385.2941,BREAK/RUPTURA,1.41,5
2017-02-22 06:00:00,34,1234.75,1235.06763,-12.1335,3206.8493,BREAK/RUPTURA,2.7,5
2017-02-22 06:00:00,134,1234.75,1234.05653,-12.1335,3206.8493,BREAK/RUPTURA,2.7,5
2017-02-22 07:00:00,34,1234.44,1235.03177,-5.1009,9193.1034,BREAK/RUPTURA,3.23,5
2017-02-22 07:00:00,134,1234.44,1234.06221,-5.1009,9193.1034,BREAK/RUPTURA,3.23,5
2017-02-22 08:00:00,34,1234.42,1234.99681,-8.6605,260600.0,BREAK/RUPTURA,3.7,5
2017-02-22 08:00:00,134,1234.42,1234.06751,-8.6605,260600.0,BREAK/RUPTURA,3.7,5
2017-02-22 16:00:00,134,1233.68,1234.39832,-35.8608,2566.9444,BREAK/RUPTURA,4.29,5
2017-02-22 18:00:00,134,1233.58,1234.35587,-30.3878,2571.0744,BREAK/RUPTURA,4.39,5
2017-02-23 01:00:00,34,1236.8,1236.54123,-4.8489,35344.4444,HIT/DEFESA,-0.39,5
2017-02-23 02:00:00,34,1236.99,1236.56687,-7.9162,10388.4615,HIT/DEFESA,-0.62,5
2017-02-23 03:00:00,34,1236.58,1236.56762,-95.3159,5706.25,HIT/DEFESA,-0.11,5
2017-02-23 04:00:00,34,1236.59,1236.5689,-1.6979,14942.8571,BREAK/RUPTURA,1.06,5
2017-02-23 05:00:00,34,1237.4,1236.61639,3.3145,1328.0,HIT/DEFESA,0.01,5
2017-02-23 06:00:00,34,1236.41,1236.6046,-1.3748,2426.4368,BREAK/RUPTURA,1.33,5
2017-02-23 07:00:00,34,1236.37,1236.59119,-1.7791,36016.6667,BREAK/RUPTURA,2.61,5
2017-02-23 08:00:00,34,1236.47,1236.58427,-7.5158,21288.8889,BREAK/RUPTURA,6.57,5
2017-02-23 10:00:00,34,1237.41,1236.68887,8.4117,6575.0,HIT/DEFESA,10.39,5
2017-02-23 11:00:00,34,1237.74,1236.74894,10.2712,4470.9677,HIT/DEFESA,11.85,5
2017-02-27 00:00:00,34,1251.99,1252.48351,-39.0644,11256.9149,BREAK/RUPTURA,4.14,5
2017-02-27 09:00:00,34,1254.68,1254.09788,-22.1081,3177.551,BREAK/RUPTURA,1.75,5
2017-02-27 10:00:00,34,1255.07,1254.15343,-16.4659,6790.0,BREAK/RUPTURA,1.96,5
2017-02-27 12:00:00,34,1254.95,1254.29736,2.1519,1450.5051,HIT/DEFESA,7.93,5
2017-02-27 20:00:00,34,1254.92,1255.67648,-63.0305,1899.5614,HIT/DEFESA,-2.61,5
2017-02-28 00:00:00,134,1247.13,1246.67859,-30.0586,9969.1358,BREAK/RUPTURA,6.09,5
2017-02-28 05:00:00,34,1253.22,1254.12006,1.9953,2140.0,BREAK/RUPTURA,-2.36,5
2017-02-28 06:00:00,34,1253.88,1254.10634,7.103,2568.6567,BREAK/RUPTURA,-2.05,5
2017-02-28 07:00:00,34,1253.72,1254.08426,7.3436,14006.6667,BREAK/RUPTURA,-1.05,5
2017-02-28 12:00:00,34,1252.67,1253.57341,6.8701,5312.9032,HIT/DEFESA,3.33,5
2017-02-28 13:00:00,34,1253.26,1253.5555,19.1868,6165.5172,HIT/DEFESA,2.84,5
2017-02-28 22:00:00,134,1247.87,1248.45504,-21.5902,1082.2222,HIT/DEFESA,-0.82,5
2017-03-01 00:00:00,134,1248.57,1248.50001,-22.7741,88934.9398,HIT/DEFESA,-5.82,5
2017-03-01 18:00:00,34,1246.8,1247.10087,39.6982,2160.2837,HIT/DEFESA,2.73,5
2017-03-01 18:00:00,134,1246.8,1247.45297,39.6982,2160.2837,HIT/DEFESA,2.73,5
2017-03-01 20:00:00,34,1247.43,1247.19883,16.3,4726.9565,HIT/DEFESA,0.22,5
2017-03-01 20:00:00,134,1247.43,1247.46894,16.3,4726.9565,HIT/DEFESA,0.22,5
2017-03-02 01:00:00,34,1247.65,1246.77,-11.6883,4082.1429,HIT/DEFESA,-1.73,5
2017-03-02 01:00:00,134,1247.65,1247.34078,-11.6883,4082.1429,HIT/DEFESA,-1.73,5
2017-03-02 02:00:00,34,1245.96,1246.72371,-28.5707,1240.2367,HIT/DEFESA,-1.62,5
2017-03-02 04:00:00,34,1246.58,1246.6792,-8.5761,2781.3559,HIT/DEFESA,-1.92,5
2017-03-02 04:00:00,134,1246.58,1247.29081,-8.5761,2781.3559,HIT/DEFESA,-1.92,5
2017-03-02 05:00:00,34,1246.67,1246.67867,5.6984,19585.7143,BREAK/RUPTURA,-2.81,5
2017-03-02 05:00:00,134,1246.67,1247.28161,5.6984,19585.7143,BREAK/RUPTURA,-2.81,5
2017-03-02 06:00:00,34,1245.92,1246.63532,-1.0433,2638.3562,HIT/DEFESA,-2.7,5
2017-03-02 08:00:00,34,1245.65,1246.45535,-8.1818,1935.8779,HIT/DEFESA,-5.55,5
2017-03-06 02:00:00,34,1233.45,1232.62542,-7.4532,1974.8571,HIT/DEFESA,-1.29,5
2017-03-06 04:00:00,34,1233.73,1232.75828,-12.6286,9600.0,HIT/DEFESA,-0.03,5
2017-03-06 05:00:00,34,1233.26,1232.78695,-1.5404,2972.549,HIT/DEFESA,-0.27,5
2017-03-06 06:00:00,34,1233.33,1232.81798,-4.7815,16216.6667,HIT/DEFESA,-1.28,5
2017-03-06 07:00:00,34,1232.16,1232.78039,-12.7256,1560.1695,HIT/DEFESA,-1.54,5
2017-03-06 10:00:00,34,1232.99,1232.78296,6.7361,3808.0,BREAK/RUPTURA,-1.76,5
2017-03-06 11:00:00,34,1232.05,1232.74108,3.4913,4240.0,BREAK/RUPTURA,-3.31,5
2017-03-06 13:00:00,34,1231.7,1232.56731,-10.4624,2391.8182,HIT/DEFESA,-5.79,5
2017-03-06 14:00:00,34,1233.14,1232.60004,8.847,3593.7931,BREAK/RUPTURA,-5.74,5
2017-03-10 16:00:00,34,1201.87,1201.70745,39.6786,3869.1729,HIT/DEFESA,2.25,5
2017-03-10 18:00:00,34,1201.46,1201.5927,-14.2125,2362.2642,BREAK/RUPTURA,2.66,5
2017-03-10 19:00:00,34,1201.94,1201.61255,0.5824,6661.7021,HIT/DEFESA,2.43,5
2017-03-10 20:00:00,34,1202.03,1201.6364,18.2524,15721.4286,HIT/DEFESA,1.39,5
2017-03-13 17:00:00,34,1204.73,1204.69584,11.8008,5341.7582,BREAK/RUPTURA,-1.11,5
2017-03-13 20:00:00,34,1204.21,1204.60303,-4.3163,3640.9836,HIT/DEFESA,-2.17,5
2017-03-13 21:00:00,34,1204.46,1204.59486,-1.3282,6580.7692,HIT/DEFESA,-1.89,5
2017-03-13 22:00:00,34,1203.62,1204.53915,0.4985,1183.5294,HIT/DEFESA,0.54,5
2017-03-14 03:00:00,34,1204.16,1203.96144,52.5099,2298.1013,BREAK/RUPTURA,-2.59,5
2017-03-14 04:00:00,34,1203.77,1203.9505,14.3922,5461.1111,BREAK/RUPTURA,-2.6,5
2017-03-14 05:00:00,34,1203.59,1203.9299,8.4818,6922.2222,HIT/DEFESA,0.06,5
2017-03-14 11:00:00,34,1203.01,1203.52985,11.9843,1915.625,HIT/DEFESA,1.39,5
2017-03-14 12:00:00,34,1203.19,1203.51043,16.8169,15623.0769,HIT/DEFESA,2.53,5
2017-03-14 13:00:00,34,1204.45,1203.56412,6.6465,3126.7717,HIT/DEFESA,0.15,5
2017-03-14 15:00:00,34,1203.35,1203.55489,1.3298,19754.1667,BREAK/RUPTURA,-1.85,5
2017-03-14 16:00:00,34,1204.4,1203.60319,-0.4151,7130.7692,HIT/DEFESA,-5.81,5
2017-03-14 18:00:00,34,1204.6,1203.7742,10.3877,2339.2157,BREAK/RUPTURA,-6.01,5
2017-03-14 19:00:00,34,1202.96,1203.72767,-11.9562,1521.4286,BREAK/RUPTURA,15.72,5
2017-03-15 06:00:00,34,1202.19,1202.84226,12.4928,5001.1236,HIT/DEFESA,0.43,5
2017-03-15 07:00:00,34,1202.88,1202.84441,15.4868,2157.8125,BREAK/RUPTURA,-1.77,5
2017-03-15 09:00:00,34,1203.82,1202.96296,13.5586,21276.9231,BREAK/RUPTURA,-3.82,5
2017-03-15 10:00:00,34,1203.43,1202.98965,4.5724,8220.5128,BREAK/RUPTURA,-3.59,5
2017-03-15 11:00:00,34,1202.62,1202.96852,-11.5448,2745.122,HIT/DEFESA,-2.98,5
2017-03-15 19:00:00,34,1201.31,1202.08505,13.9208,9164.2105,HIT/DEFESA,24.08,5
2017-03-20 13:00:00,34,1231.18,1230.29539,-11.3583,1080.4124,BREAK/RUPTURA,1.72,5
2017-03-20 15:00:00,34,1231.32,1230.45655,-14.6781,3604.878,BREAK/RUPTURA,2.4,5
2017-03-21 10:00:00,34,1230.95,1231.29467,18.7197,1333.0827,HIT/DEFESA,8.17,5
2017-03-21 11:00:00,34,1231.82,1231.32469,15.3667,3100.0,HIT/DEFESA,8.87,5
2017-03-21 12:00:00,34,1232.01,1231.36385,30.2043,7796.5517,HIT/DEFESA,10.99,5
2017-03-23 00:00:00,34,1244.41,1244.78045,-25.8089,15310.2757,BREAK/RUPTURA,1.58,5
2017-03-23 03:00:00,34,1245.58,1244.93828,9.402,9431.4286,HIT/DEFESA,1.61,5
2017-03-23 04:00:00,34,1245.14,1244.94981,-5.2176,5491.1111,BREAK/RUPTURA,1.43,5
2017-03-23 05:00:00,34,1245.99,1245.00925,0.6421,2286.9048,HIT/DEFESA,2.28,5
2017-03-23 07:00:00,34,1245.77,1245.1465,5.0597,1480.6122,HIT/DEFESA,1.86,5
2017-03-23 11:00:00,34,1246.04,1245.53603,-9.2207,1649.7738,BREAK/RUPTURA,1.85,5
2017-03-23 17:00:00,34,1245.44,1246.32437,-52.3167,4102.0325,HIT/DEFESA,-0.18,5
2017-03-23 19:00:00,34,1246.27,1246.23321,-12.9819,2730.1887,HIT/DEFESA,-1.24,5
2017-03-23 21:00:00,34,1246.09,1246.16343,11.2478,5725.5102,BREAK/RUPTURA,-2.35,5
2017-03-23 22:00:00,34,1245.26,1246.11181,-8.1042,2765.8824,HIT/DEFESA,-1.68,5
2017-03-23 23:00:00,34,1246.09,1246.11056,8.0315,5725.5102,BREAK/RUPTURA,-3.16,5
2017-03-24 01:00:00,34,1245.49,1246.01688,1.847,1776.4045,BREAK/RUPTURA,-1.75,5
2017-03-24 11:00:00,34,1243.98,1244.80233,12.6367,2328.4483,HIT/DEFESA,3.32,5
2017-03-24 12:00:00,34,1244.15,1244.76505,3.8595,9616.6667,HIT/DEFESA,3.4,5
2017-03-24 13:00:00,34,1245.57,1244.81105,21.9658,2294.2029,HIT/DEFESA,2.49,5
2017-03-24 14:00:00,34,1245.13,1244.82927,9.2445,5991.3043,HIT/DEFESA,2.88,5
2017-03-24 22:00:00,34,1245.49,1245.84047,-20.1921,1762.3377,BREAK/RUPTURA,9.27,5
2017-03-25 00:00:00,34,1245.49,1245.92063,-17.7126,1762.3377,BREAK/RUPTURA,11.05,5
2017-03-27 18:00:00,34,1253.64,1252.90867,-32.9944,5874.6269,BREAK/RUPTURA,1.46,5
2017-03-27 22:00:00,34,1254.13,1253.31828,-9.4001,1812.2449,HIT/DEFESA,-0.49,5
2017-03-28 01:00:00,34,1252.83,1253.23174,-10.3658,1604.717,BREAK/RUPTURA,1.35,5
2017-03-28 02:00:00,34,1253.58,1253.25164,-12.1106,2121.3333,HIT/DEFESA,-0.21,5
2017-03-28 03:00:00,34,1253.64,1253.27383,24.7091,50371.4286,BREAK/RUPTURA,-2.03,5
2017-03-28 06:00:00,34,1254.18,1253.39415,4.3075,5053.3333,BREAK/RUPTURA,-1.21,5
2017-03-28 09:00:00,34,1253.09,1253.27941,-8.6909,1976.8707,BREAK/RUPTURA,4.05,5
2017-03-28 10:00:00,34,1253.71,1253.30402,2.7127,3120.6349,HIT/DEFESA,3.51,5
2017-03-28 11:00:00,34,1252.97,1253.28493,10.866,3297.1831,HIT/DEFESA,3.97,5
2017-03-28 12:00:00,34,1253.97,1253.32408,7.0226,2210.2041,HIT/DEFESA,0.66,5
2017-03-28 17:00:00,34,1254.63,1254.06523,-19.966,1420.3463,HIT/DEFESA,-3.24,5
2017-03-28 18:00:00,34,1254.19,1254.07236,-24.1008,6158.8235,HIT/DEFESA,-3.94,5
2017-03-29 00:00:00,34,1252.38,1253.09762,17.0366,30930.0546,BREAK/RUPTURA,-3.94,5
2017-03-29 03:00:00,134,1247.62,1247.31604,-38.0076,1086.4754,BREAK/RUPTURA,2.41,5
2017-03-29 11:00:00,34,1251.65,1251.61226,12.9597,1740.3361,HIT/DEFESA,0.27,5
2017-03-29 12:00:00,34,1251.57,1251.60985,9.6772,46371.4286,HIT/DEFESA,0.03,5
2017-03-29 17:00:00,34,1251.6,1251.81469,-10.3759,13570.0,BREAK/RUPTURA,1.36,5
2017-03-29 19:00:00,34,1252.32,1251.86594,3.1951,61700.0,BREAK/RUPTURA,-10.78,5
2017-03-29 21:00:00,34,1252.81,1251.99554,4.6317,3102.2222,BREAK/RUPTURA,-1.79,5
2017-03-29 22:00:00,34,1252.96,1252.05065,5.1105,13305.0,BREAK/RUPTURA,-2.54,5
2017-03-29 23:00:00,34,1252.81,1252.09404,-3.6704,3102.2222,HIT/DEFESA,-4.05,5
2017-03-30 01:00:00,34,1252.43,1251.54461,-4.23,4624.5283,HIT/DEFESA,-2.84,5
2017-03-30 02:00:00,34,1251.02,1251.51463,-14.2879,1880.0,HIT/DEFESA,-1.21,5
2017-03-30 04:00:00,134,1248.76,1248.46175,-29.303,1733.9394,BREAK/RUPTURA,2.04,5
2017-03-30 09:00:00,34,1250.8,1251.01477,9.6832,60020.0,BREAK/RUPTURA,-3.13,5
2017-03-30 10:00:00,34,1250.5,1250.98535,5.5208,10279.3103,BREAK/RUPTURA,-1.56,5
2017-03-30 11:00:00,134,1249.41,1248.62371,-11.592,1816.2162,HIT/DEFESA,-0.84,5
2017-03-30 12:00:00,34,1250.07,1250.84817,-5.8363,4658.5714,HIT/DEFESA,-1.59,5
2017-03-30 13:00:00,34,1250.09,1250.80484,-3.2787,236600.0,HIT/DEFESA,-2.7,5
2017-03-30 14:00:00,134,1247.67,1248.65178,-13.9266,2766.2447,HIT/DEFESA,-1.92,5
2017-03-30 15:00:00,134,1248.94,1248.65605,-9.0395,9719.0476,HIT/DEFESA,-4.65,5
2017-03-30 16:00:00,134,1248.57,1248.65477,-12.1591,22911.1111,HIT/DEFESA,-4.24,5
2017-03-30 17:00:00,134,1248.48,1248.65218,6.4921,40762.5,BREAK/RUPTURA,-5.21,5
2017-03-31 00:00:00,34,1248.95,1248.68063,37.1284,6704.6852,BREAK/RUPTURA,-7.91,5
2017-03-31 00:00:00,134,1248.95,1248.33701,37.1284,6704.6852,BREAK/RUPTURA,-7.91,5
2017-03-31 15:00:00,34,1244.53,1244.92082,16.6605,2565.8892,HIT/DEFESA,5.41,5
2017-03-31 16:00:00,134,1247.05,1247.10483,37.1852,1295.5823,HIT/DEFESA,0.08,5
2017-03-31 17:00:00,134,1246.65,1247.09809,44.9612,9066.6667,HIT/DEFESA,2.22,5
2017-04-03 01:00:00,134,1248.09,1247.34342,7.6977,1859.1667,HIT/DEFESA,0.32,5
2017-04-03 03:00:00,134,1248.06,1247.36931,-39.3459,4692.8571,HIT/DEFESA,-1.43,5
2017-04-03 04:00:00,134,1247.99,1247.37851,-0.8012,24262.5,HIT/DEFESA,-2.25,5
2017-04-03 06:00:00,134,1248.41,1247.41162,2.8044,8672.2222,BREAK/RUPTURA,-2.28,5
2017-04-03 07:00:00,34,1247.48,1247.16688,-4.0866,1816.3043,HIT/DEFESA,-2.05,5
2017-04-03 07:00:00,134,1247.48,1247.41263,-4.0866,1816.3043,HIT/DEFESA,-2.05,5
2017-04-03 08:00:00,34,1246.63,1247.1362,-15.7777,2269.0476,HIT/DEFESA,-0.39,5
2017-04-03 08:00:00,134,1246.63,1247.40104,-15.7777,2269.0476,HIT/DEFESA,-0.39,5
2017-04-03 11:00:00,34,1246.13,1246.93902,-4.0108,8053.3333,BREAK/RUPTURA,6.01,5
2017-04-03 13:00:00,34,1246.24,1246.81777,3.0501,3945.0,HIT/DEFESA,6.04,5
2017-04-03 14:00:00,34,1246.44,1246.79619,2.4877,31372.7273,HIT/DEFESA,5.87,5
2017-04-03 14:00:00,134,1246.44,1247.27916,2.4877,31372.7273,HIT/DEFESA,5.87,5
2017-04-03 15:00:00,34,1247.56,1246.83983,17.1025,3658.9744,HIT/DEFESA,4.42,5
2017-04-03 15:00:00,134,1247.56,1247.28332,17.1025,3658.9744,HIT/DEFESA,4.42,5
2017-04-05 01:00:00,34,1255.46,1254.75369,-4.8564,16610.0,HIT/DEFESA,-0.68,5
2017-04-05 03:00:00,34,1254.45,1254.79432,-0.3189,2539.7163,BREAK/RUPTURA,1.06,5
2017-04-05 04:00:00,34,1254.6,1254.78322,-6.8501,14633.3333,BREAK/RUPTURA,1.84,5
2017-04-05 05:00:00,34,1255.19,1254.80646,-5.0962,2062.0,HIT/DEFESA,-0.58,5
2017-04-05 06:00:00,34,1254.78,1254.80495,2.6306,3808.3333,BREAK/RUPTURA,-2.41,5
2017-04-05 07:00:00,34,1254.7,1254.79895,0.7971,23800.0,BREAK/RUPTURA,-1.96,5
2017-04-05 08:00:00,34,1255.51,1254.83959,2.5494,3410.3896,BREAK/RUPTURA,-3.1,5
2017-04-05 10:00:00,34,1254.61,1254.91269,-0.7173,1289.011,HIT/DEFESA,-9.05,5
2017-04-05 20:00:00,34,1252.29,1252.31727,33.4906,2249.7087,HIT/DEFESA,5.85,5
2017-04-06 00:00:00,134,1251.42,1251.13538,-37.6547,11344.4706,BREAK/RUPTURA,2.44,5
2017-04-06 04:00:00,34,1254.35,1253.43733,-30.1238,6702.5,HIT/DEFESA,-0.4,5
2017-04-06 05:00:00,34,1253.86,1253.46148,-21.0107,4168.75,HIT/DEFESA,-0.12,5
2017-04-06 06:00:00,34,1253.47,1253.46197,-10.2012,4526.8293,HIT/DEFESA,-0.05,5
2017-04-06 07:00:00,34,1254.12,1253.49957,-1.8336,2856.4516,HIT/DEFESA,-3.08,5
2017-04-06 08:00:00,34,1253.44,1253.49617,-3.3497,3538.2353,HIT/DEFESA,-1.22,5
2017-04-06 10:00:00,34,1253.74,1253.53455,-3.03,15385.7143,HIT/DEFESA,-1.58,5
2017-04-06 11:00:00,34,1253.42,1253.528,-0.1596,7358.0645,HIT/DEFESA,-0.96,5
2017-04-06 14:00:00,34,1253.12,1253.30783,-2.3935,5053.125,HIT/DEFESA,-1.24,5
2017-04-06 15:00:00,134,1252.16,1251.66944,8.9526,4601.0526,HIT/DEFESA,0.74,5
2017-04-06 19:00:00,134,1251.88,1251.6933,-4.6309,4368.3333,BREAK/RUPTURA,2.1,5
2017-04-06 20:00:00,34,1252.9,1252.99228,11.1066,2407.8431,BREAK/RUPTURA,-1.45,5
2017-04-06 21:00:00,134,1251.57,1251.70909,-7.2656,1250.7463,HIT/DEFESA,-0.51,5
2017-04-06 22:00:00,134,1251.72,1251.70925,-1.2781,7340.0,BREAK/RUPTURA,12.51,5
2017-04-06 23:00:00,134,1251.57,1251.70718,-10.6154,1250.7463,BREAK/RUPTURA,12.97,5
2017-04-07 01:00:00,134,1251.45,1251.73655,-2.157,34620.0,BREAK/RUPTURA,11.89,5
2017-04-07 02:00:00,134,1251.06,1251.72652,-4.0749,4705.4054,BREAK/RUPTURA,14.28,5
2017-04-07 18:00:00,34,1260.31,1259.73177,-48.0105,1114.7273,HIT/DEFESA,-5.96,5
2017-04-07 22:00:00,134,1254.31,1254.3866,6.8611,22011.1111,BREAK/RUPTURA,-1.12,5
2017-04-07 23:00:00,134,1254.35,1254.38606,-10.9101,1613.6986,HIT/DEFESA,-1.74,5
2017-04-08 00:00:00,134,1254.31,1254.38493,-0.3189,22011.1111,HIT/DEFESA,-1.19,5
2017-04-10 00:00:00,134,1253.37,1254.3699,-7.4942,92990.6977,HIT/DEFESA,-0.07,5
2017-04-10 01:00:00,134,1254.95,1254.37849,4.7834,4309.2308,BREAK/RUPTURA,-1.95,5
2017-04-10 07:00:00,134,1254.07,1254.27944,7.5811,3635.5769,BREAK/RUPTURA,-1.81,5
2017-04-10 08:00:00,134,1253.73,1254.2713,3.4309,6277.4194,BREAK/RUPTURA,-3.58,5
2017-04-10 10:00:00,134,1253.55,1254.23871,-4.1465,1942.8571,HIT/DEFESA,-3.87,5
2017-04-10 11:00:00,134,1253.8,1254.23221,0.5583,8753.8462,BREAK/RUPTURA,-2.28,5
2017-04-10 17:00:00,34,1254.27,1254.4143,42.9978,1526.0073,HIT/DEFESA,0.36,5
2017-04-10 17:00:00,134,1254.27,1253.9681,42.9978,1526.0073,HIT/DEFESA,0.36,5
2017-04-10 18:00:00,134,1253.33,1253.95864,29.2075,7418.5567,HIT/DEFESA,1.03,5
2017-04-10 20:00:00,34,1253.76,1254.22785,-4.0661,3081.25,BREAK/RUPTURA,2.14,5
2017-04-10 20:00:00,134,1253.76,1253.93689,-4.0661,3081.25,BREAK/RUPTURA,2.14,5
2017-04-10 21:00:00,34,1254.36,1254.2354,8.2181,4137.2881,HIT/DEFESA,0.71,5
2017-04-10 21:00:00,134,1254.36,1253.94316,8.2181,4137.2881,HIT/DEFESA,0.71,5
2017-04-10 23:00:00,34,1254.36,1254.26378,4.7856,4137.2881,HIT/DEFESA,1.12,5
2017-04-10 23:00:00,134,1254.36,1253.95936,4.7856,4137.2881,HIT/DEFESA,1.12,5
2017-04-11 01:00:00,34,1255.9,1255.38937,10.1225,11315.3846,HIT/DEFESA,0.1,5
2017-04-11 02:00:00,34,1255.07,1255.37112,5.6603,4905.9524,HIT/DEFESA,1.52,5
2017-04-11 02:00:00,134,1255.07,1254.28397,5.6603,4905.9524,HIT/DEFESA,1.52,5
2017-04-11 03:00:00,134,1254.22,1254.28302,-150.7751,3911.9048,BREAK/RUPTURA,2.74,5
2017-04-11 04:00:00,34,1255.48,1255.31532,-3.3442,2374.8031,BREAK/RUPTURA,1.96,5
2017-04-11 05:00:00,34,1255.47,1255.32416,3.1871,87300.0,HIT/DEFESA,1.39,5
2017-04-11 06:00:00,34,1256.0,1255.36278,14.1921,2110.9091,HIT/DEFESA,0.73,5
2017-04-11 11:00:00,34,1256.73,1255.75902,-1.8298,14537.5,BREAK/RUPTURA,15.81,5
2017-04-17 00:00:00,34,1283.49,1283.39299,-30.4487,5875.6996,BREAK/RUPTURA,7.3,5
2017-04-17 13:00:00,34,1286.2,1286.84014,-22.3415,1327.2727,BREAK/RUPTURA,2.96,5
2017-04-17 14:00:00,34,1286.52,1286.82185,-23.806,13570.0,BREAK/RUPTURA,3.15,5
2017-04-18 09:00:00,34,1284.73,1285.53599,19.7317,1689.5522,HIT/DEFESA,0.25,5
2017-04-18 10:00:00,34,1284.63,1285.48422,7.4786,22788.8889,BREAK/RUPTURA,-5.18,5
2017-04-18 11:00:00,34,1286.31,1285.53141,27.831,2302.994,HIT/DEFESA,1.6,5
2017-04-18 12:00:00,34,1285.89,1285.5519,9.0291,4388.6364,HIT/DEFESA,4.69,5
2017-04-18 14:00:00,34,1284.98,1285.45069,-10.3397,4912.3288,BREAK/RUPTURA,6.32,5
2017-04-19 00:00:00,134,1279.04,1278.85744,-84.6538,4779.4574,BREAK/RUPTURA,7.3,5
2017-04-19 03:00:00,34,1286.67,1286.78598,59.6541,1447.1698,BREAK/RUPTURA,-2.27,5
2017-04-19 04:00:00,34,1287.22,1286.81078,-14.119,2823.2143,HIT/DEFESA,-2.56,5
2017-04-19 05:00:00,34,1286.34,1286.78388,-14.9038,1983.7209,HIT/DEFESA,-3.55,5
2017-04-19 06:00:00,34,1286.82,1286.78594,1.1658,2786.3636,BREAK/RUPTURA,-5.27,5
2017-04-19 14:00:00,34,1285.25,1285.55014,28.8713,1078.2353,BREAK/RUPTURA,-4.99,5
2017-04-19 16:00:00,134,1279.72,1279.99593,-16.5387,4649.1429,HIT/DEFESA,-0.88,5
2017-04-19 19:00:00,134,1280.26,1280.00365,4.2197,1680.7453,HIT/DEFESA,0.62,5
2017-04-20 00:00:00,134,1280.88,1279.99843,15.952,33453.6424,BREAK/RUPTURA,-2.07,5
2017-04-20 03:00:00,134,1279.3,1279.96138,-12.3353,6069.697,BREAK/RUPTURA,1.11,5
2017-04-20 07:00:00,134,1279.32,1279.91915,-1.2505,548100.0,HIT/DEFESA,-1.28,5
2017-04-20 08:00:00,134,1280.41,1279.92642,12.5116,4200.0,BREAK/RUPTURA,-1.28,5
2017-04-20 13:00:00,134,1279.13,1279.83039,4.4581,1805.7143,HIT/DEFESA,1.41,5
2017-04-20 14:00:00,134,1279.13,1279.82001,2.2677,84157.1429,HIT/DEFESA,0.38,5
2017-04-20 15:00:00,34,1281.79,1280.82896,29.3418,3746.5909,BREAK/RUPTURA,-1.15,5
2017-04-20 19:00:00,134,1279.51,1279.86653,-22.6137,5361.5385,BREAK/RUPTURA,3.82,5
2017-04-20 20:00:00,34,1280.64,1280.67695,19.2461,3263.5593,HIT/DEFESA,0.2,5
2017-04-20 20:00:00,134,1280.64,1279.87799,19.2461,3263.5593,HIT/DEFESA,0.2,5
2017-04-20 21:00:00,34,1280.93,1280.69141,3.0456,12950.0,HIT/DEFESA,0.39,5
2017-04-20 23:00:00,34,1280.93,1280.74214,2.2645,12950.0,BREAK/RUPTURA,-1.45,5
2017-04-20 23:00:00,134,1280.93,1279.93062,2.2645,12950.0,BREAK/RUPTURA,-1.45,5
2017-04-21 01:00:00,34,1280.84,1280.88716,-4.2142,7976.9231,HIT/DEFESA,-1.12,5
2017-04-21 01:00:00,134,1280.84,1279.99371,-4.2142,7976.9231,HIT/DEFESA,-1.12,5
2017-04-21 02:00:00,34,1281.32,1280.91189,3.0447,4479.5455,BREAK/RUPTURA,-1.3,5
2017-04-21 03:00:00,34,1280.6,1280.89407,-21.2728,1809.589,HIT/DEFESA,-1.27,5
2017-04-21 03:00:00,134,1280.6,1280.02205,-21.2728,1809.589,HIT/DEFESA,-1.27,5
2017-04-21 05:00:00,34,1279.87,1280.75937,-11.3165,4880.4878,BREAK/RUPTURA,1.29,5
2017-04-21 05:00:00,134,1279.87,1280.01188,-11.3165,4880.4878,BREAK/RUPTURA,1.29,5
2017-04-21 06:00:00,34,1279.72,1280.69997,-6.8718,4350.0,BREAK/RUPTURA,1.04,5
2017-04-21 06:00:00,134,1279.72,1280.00756,-6.8718,4350.0,BREAK/RUPTURA,1.04,5
2017-04-21 07:00:00,34,1280.02,1280.66112,4.2205,5632.2581,HIT/DEFESA,2.64,5
2017-04-21 07:00:00,134,1280.02,1280.00774,4.2205,5632.2581,HIT/DEFESA,2.64,5
2017-04-21 08:00:00,134,1279.33,1279.9977,-4.2192,1935.2941,BREAK/RUPTURA,4.05,5
2017-04-21 09:00:00,34,1280.07,1280.55562,2.735,5156.338,HIT/DEFESA,2.18,5
2017-04-21 09:00:00,134,1280.07,1279.99877,2.735,5156.338,HIT/DEFESA,2.18,5
2017-04-21 10:00:00,34,1281.16,1280.59016,8.9061,2051.8519,HIT/DEFESA,1.59,5
2017-04-21 11:00:00,34,1280.76,1280.59986,11.1777,5637.8378,HIT/DEFESA,3.09,5
2017-04-21 11:00:00,134,1280.76,1280.027,11.1777,5637.8378,HIT/DEFESA,3.09,5
2017-04-24 17:00:00,34,1274.83,1275.81267,39.2172,2564.9194,HIT/DEFESA,0.45,5
2017-04-24 19:00:00,34,1275.34,1275.72572,23.4998,7762.6866,BREAK/RUPTURA,-12.72,5
2017-04-24 20:00:00,34,1275.53,1275.71453,5.4909,23950.0,HIT/DEFESA,1.74,5
2017-04-24 21:00:00,34,1276.03,1275.73256,10.4338,6838.4615,HIT/DEFESA,0.21,5
2017-04-24 22:00:00,34,1275.28,1275.7067,-0.4705,2961.3333,HIT/DEFESA,-1.4,5
2017-04-24 23:00:00,34,1276.03,1275.72517,3.9199,6838.4615,BREAK/RUPTURA,-1.64,5
2017-04-25 04:00:00,34,1274.39,1275.05779,-22.5481,4835.2941,HIT/DEFESA,-3.64,5
2017-04-25 05:00:00,34,1274.03,1274.99906,-17.3165,4738.8889,HIT/DEFESA,-4.26,5
2017-04-26 19:00:00,34,1264.79,1265.71032,13.142,3918.5841,BREAK/RUPTURA,-1.63,5
2017-04-27 03:00:00,34,1266.2,1266.33925,24.0666,1503.125,BREAK/RUPTURA,-1.95,5
2017-04-27 04:00:00,34,1265.87,1266.31243,-11.6779,5874.1935,HIT/DEFESA,-1.82,5
2017-04-27 05:00:00,34,1266.7,1266.33458,-11.434,2650.0,HIT/DEFESA,-2.66,5
2017-04-27 06:00:00,34,1266.39,1266.33775,1.5006,3803.3333,BREAK/RUPTURA,-2.0,5
2017-04-27 07:00:00,34,1267.01,1266.37616,9.0057,2558.0645,BREAK/RUPTURA,-2.74,5
2017-04-27 17:00:00,34,1265.82,1265.48258,6.324,7781.3953,BREAK/RUPTURA,-1.64,5
2017-04-27 19:00:00,34,1264.68,1265.40102,-5.295,61844.4444,BREAK/RUPTURA,2.1,5
2017-04-27 20:00:00,34,1264.78,1265.36553,-8.216,19554.5455,HIT/DEFESA,-0.88,5
2017-04-27 21:00:00,34,1264.67,1265.32579,-1.1859,22257.1429,HIT/DEFESA,-0.95,5
2017-04-28 03:00:00,34,1264.49,1265.11034,-18.0773,3494.7368,BREAK/RUPTURA,1.27,5
2017-04-28 04:00:00,34,1264.75,1265.08975,6.7252,9042.3077,HIT/DEFESA,0.72,5
2017-04-28 05:00:00,34,1265.0,1265.08462,10.1288,4895.6522,HIT/DEFESA,1.9,5
2017-04-28 06:00:00,34,1265.57,1265.11235,8.541,1675.0,HIT/DEFESA,0.67,5
2017-04-28 07:00:00,34,1264.96,1265.10365,1.6604,2493.3333,HIT/DEFESA,1.48,5
2017-04-28 08:00:00,34,1265.76,1265.14115,6.0079,3613.5802,HIT/DEFESA,1.59,5
2017-04-28 09:00:00,34,1265.47,1265.15994,-0.7902,45317.8571,BREAK/RUPTURA,1.02,5
2017-04-28 11:00:00,34,1266.24,1265.31541,3.7922,34296.875,HIT/DEFESA,0.41,5
2017-04-28 14:00:00,34,1266.49,1265.54928,1.9743,47336.9565,HIT/DEFESA,0.72,5
2017-04-28 15:00:00,34,1266.3,1265.59218,-1.1055,196650.0,BREAK/RUPTURA,1.19,5
2017-04-28 16:00:00,34,1266.65,1265.65262,-5.5233,141111.1111,BREAK/RUPTURA,1.6,5
2017-04-28 18:00:00,34,1266.74,1265.79166,3.4747,57897.0588,HIT/DEFESA,1.51,5
2017-04-28 21:00:00,134,1268.25,1269.03985,11.9204,19941.5584,HIT/DEFESA,1.91,5
2017-04-28 23:00:00,134,1268.25,1269.00552,5.9961,19941.5584,BREAK/RUPTURA,-4.43,5
2017-05-01 02:00:00,34,1267.18,1266.85088,-6.1516,4937.2881,HIT/DEFESA,-4.53,5
2017-05-01 14:00:00,34,1264.48,1265.01401,13.7796,24283.9506,BREAK/RUPTURA,-9.23,5
2017-05-01 15:00:00,34,1264.68,1264.99493,14.9669,129428.5714,BREAK/RUPTURA,-7.74,5
2017-05-03 00:00:00,34,1256.26,1257.21775,-2.7853,1095620.0,HIT/DEFESA,-0.17,5
2017-05-03 02:00:00,34,1256.4,1257.12804,-1.6712,190600.0,HIT/DEFESA,-0.96,5
2017-05-03 03:00:00,34,1256.23,1257.07672,-0.2388,68368.75,HIT/DEFESA,-1.32,5
2017-05-03 04:00:00,34,1256.02,1257.01634,-3.1836,36477.2727,HIT/DEFESA,-2.43,5
2017-05-03 05:00:00,34,1256.09,1256.96341,-2.4674,112916.6667,HIT/DEFESA,-2.19,5
2017-05-05 07:00:00,34,1233.11,1233.90511,41.6124,63075.7576,HIT/DEFESA,0.49,5
2017-05-05 09:00:00,34,1233.47,1233.76737,9.1695,14293.4132,BREAK/RUPTURA,-4.15,5
2017-05-05 10:00:00,34,1233.04,1233.72581,-0.5677,52440.4762,HIT/DEFESA,-5.59,5
2017-05-05 11:00:00,34,1234.33,1233.76033,20.4577,17244.3609,BREAK/RUPTURA,-6.07,5
2017-05-05 12:00:00,34,1233.6,1233.75117,1.0539,23013.6986,BREAK/RUPTURA,-5.27,5
2017-05-08 03:00:00,34,1231.1,1231.19014,30.8805,16045.1128,BREAK/RUPTURA,-1.49,5
2017-05-08 06:00:00,34,1231.38,1231.12169,2.2744,10904.7619,HIT/DEFESA,1.37,5
2017-05-08 09:00:00,34,1231.33,1230.97688,-0.406,12505.814,HIT/DEFESA,-1.18,5
2017-05-09 04:00:00,34,1228.16,1229.15787,3.9098,75027.7778,BREAK/RUPTURA,-1.43,5
2017-05-10 00:00:00,34,1223.53,1223.46757,31.5657,33104.4199,BREAK/RUPTURA,-1.29,5
2017-05-10 01:00:00,34,1223.29,1223.45742,58.6272,67096.1538,BREAK/RUPTURA,-1.15,5
2017-05-10 06:00:00,34,1222.14,1223.13354,4.1748,142437.5,HIT/DEFESA,1.2,5
2017-05-10 07:00:00,34,1222.24,1223.08248,3.11,127166.6667,HIT/DEFESA,2.23,5
2017-05-10 09:00:00,34,1222.59,1222.96693,3.6821,14928.5714,HIT/DEFESA,0.71,5
2017-05-10 10:00:00,34,1222.93,1222.96482,5.6454,67454.5455,HIT/DEFESA,0.84,5
2017-05-10 11:00:00,34,1223.34,1222.98625,15.3914,42928.5714,BREAK/RUPTURA,-2.75,5
2017-05-10 13:00:00,34,1223.5,1223.09555,4.6609,21147.9592,BREAK/RUPTURA,-3.19,5
2017-05-10 14:00:00,34,1223.3,1223.10724,-0.327,146095.2381,HIT/DEFESA,-4.34,5
2017-05-10 15:00:00,34,1223.77,1223.14511,-5.7168,69041.6667,HIT/DEFESA,-6.22,5
2017-05-11 04:00:00,34,1220.61,1221.02755,24.8854,15764.0449,HIT/DEFESA,0.65,5
2017-05-11 07:00:00,34,1221.17,1220.88706,4.5879,8003.7879,HIT/DEFESA,1.49,5
2017-05-11 08:00:00,34,1221.9,1220.94495,20.995,23253.3333,HIT/DEFESA,1.79,5
2017-05-11 10:00:00,34,1221.13,1220.97249,-0.3276,90615.3846,BREAK/RUPTURA,2.04,5
2017-05-11 11:00:00,34,1221.34,1220.9935,-4.583,45826.087,BREAK/RUPTURA,3.33,5
2017-05-11 14:00:00,34,1220.97,1221.22209,-3.0295,12627.7372,BREAK/RUPTURA,2.73,5
2017-05-12 08:00:00,134,1227.51,1227.9847,7.1741,18096.7742,HIT/DEFESA,0.49,5
2017-05-12 09:00:00,134,1228.37,1227.9904,15.0833,19735.6322,HIT/DEFESA,2.82,5
2017-05-12 10:00:00,134,1228.79,1228.00225,17.8542,32750.0,HIT/DEFESA,0.88,5
2017-05-12 12:00:00,134,1228.66,1228.02773,2.3609,32477.2727,HIT/DEFESA,0.62,5
2017-05-12 13:00:00,134,1228.0,1228.02731,-6.4291,22132.8125,HIT/DEFESA,-0.99,5
2017-05-12 20:00:00,134,1227.78,1228.12183,-12.2023,105700000.0,BREAK/RUPTURA,1.35,5
2017-05-12 21:00:00,134,1227.55,1228.11336,4.4009,69619.0476,HIT/DEFESA,2.07,5
2017-05-12 22:00:00,134,1227.78,1228.10842,0.0814,41409.0909,HIT/DEFESA,0.29,5
2017-05-12 23:00:00,34,1227.55,1226.57145,-1.8733,69619.0476,BREAK/RUPTURA,1.96,5
2017-05-12 23:00:00,134,1227.55,1228.10015,-1.8733,69619.0476,BREAK/RUPTURA,1.96,5
2017-05-13 00:00:00,134,1228.41,1228.10474,7.0058,8905.8824,HIT/DEFESA,1.14,5
2017-05-15 02:00:00,134,1228.07,1228.14108,-2.7678,8753.2468,BREAK/RUPTURA,3.7,5
2017-05-15 19:00:00,34,1229.64,1230.04581,-34.4439,12252.6882,BREAK/RUPTURA,1.31,5
2017-05-15 19:00:00,134,1229.64,1228.9222,-34.4439,12252.6882,BREAK/RUPTURA,1.31,5
2017-05-15 22:00:00,34,1230.7,1230.16029,8.6204,63266.6667,HIT/DEFESA,3.73,5
2017-05-15 23:00:00,34,1230.86,1230.20028,1.3001,57131.8182,HIT/DEFESA,3.47,5
2017-05-16 00:00:00,34,1230.95,1230.24312,0.7312,166850.0,HIT/DEFESA,2.76,5
2017-05-16 01:00:00,34,1231.28,1230.30237,4.7128,26583.3333,HIT/DEFESA,2.26,5
2017-05-18 17:00:00,34,1255.6,1254.74206,-12.7267,17767.6349,HIT/DEFESA,-7.17,5
2017-05-18 18:00:00,34,1254.4,1254.72252,-19.2549,34725.0,HIT/DEFESA,-5.37,5
2017-05-19 09:00:00,34,1250.61,1251.46888,18.9065,44395.8333,HIT/DEFESA,2.36,5
2017-05-19 11:00:00,34,1252.33,1251.43518,17.518,10714.2857,HIT/DEFESA,0.36,5
2017-05-19 15:00:00,34,1252.57,1251.73559,-2.1551,107511.9048,BREAK/RUPTURA,1.78,5
2017-05-19 16:00:00,34,1252.69,1251.79013,-3.4314,389545.4545,BREAK/RUPTURA,2.24,5
2017-05-19 17:00:00,34,1252.19,1251.81298,-6.2252,62634.6154,BREAK/RUPTURA,2.16,5
2017-05-19 18:00:00,34,1251.96,1251.82138,-4.87,117391.3043,BREAK/RUPTURA,2.97,5
2017-05-22 03:00:00,34,1254.33,1253.35354,-21.0029,21532.6087,HIT/DEFESA,-0.13,5
2017-05-22 04:00:00,34,1252.65,1253.31333,-34.2891,11479.2899,BREAK/RUPTURA,1.82,5
2017-05-22 05:00:00,34,1252.76,1253.28171,-19.7572,94083.3333,BREAK/RUPTURA,2.18,5
2017-05-22 06:00:00,34,1252.36,1253.22904,-15.7056,28292.6829,BREAK/RUPTURA,3.67,5
2017-05-22 07:00:00,34,1253.34,1253.23539,5.5083,13888.8889,HIT/DEFESA,2.59,5
2017-05-22 08:00:00,34,1254.2,1253.29051,11.4946,23209.3023,HIT/DEFESA,2.45,5
2017-05-23 10:00:00,34,1259.94,1259.0819,-21.0676,164555.5556,BREAK/RUPTURA,2.06,5
2017-05-23 12:00:00,34,1259.96,1259.22464,-1.2697,27625.0,HIT/DEFESA,-3.93,5
2017-05-23 13:00:00,34,1259.43,1259.23638,-4.0478,38784.3137,HIT/DEFESA,-5.95,5
2017-05-24 01:00:00,134,1250.99,1251.93131,-17.1569,11857.1429,BREAK/RUPTURA,1.01,5
2017-05-24 02:00:00,134,1252.74,1251.94329,7.1894,13268.5714,BREAK/RUPTURA,-3.78,5
2017-05-24 03:00:00,134,1251.8,1251.94117,-2.396,21104.1667,HIT/DEFESA,-1.98,5
2017-05-24 04:00:00,134,1251.94,1251.94115,7.594,90928.5714,BREAK/RUPTURA,-1.56,5
2017-05-24 05:00:00,134,1251.69,1251.93743,-8.3816,39000.0,HIT/DEFESA,-0.26,5
2017-05-24 10:00:00,134,1251.43,1251.83543,19.7765,22142.8571,HIT/DEFESA,1.18,5
2017-05-24 11:00:00,134,1251.89,1251.83624,16.5624,40755.5556,HIT/DEFESA,0.33,5
2017-05-24 12:00:00,134,1252.29,1251.84296,15.2754,42095.2381,BREAK/RUPTURA,-1.14,5
2017-05-24 15:00:00,134,1252.61,1251.87892,2.5553,100741.9355,HIT/DEFESA,2.79,5
2017-05-24 16:00:00,134,1252.22,1251.88397,-1.9162,89461.5385,BREAK/RUPTURA,4.95,5
2017-05-24 17:00:00,134,1251.15,1251.8731,-14.127,26453.7037,BREAK/RUPTURA,4.25,5
2017-05-24 18:00:00,134,1252.01,1251.87512,-4.79,23928.5714,BREAK/RUPTURA,5.16,5
2017-05-24 19:00:00,34,1253.68,1253.62361,11.6593,13826.3473,HIT/DEFESA,3.68,5
2017-05-25 15:00:00,34,1256.27,1256.1772,-2.7852,24237.037,HIT/DEFESA,-0.5,5
2017-05-25 20:00:00,34,1255.77,1256.14233,-11.4539,46625.0,HIT/DEFESA,-0.58,5
2017-05-25 21:00:00,34,1255.97,1256.13249,-3.8998,85400.0,HIT/DEFESA,-1.24,5
2017-05-25 22:00:00,34,1255.77,1256.11177,3.1863,53444.4444,HIT/DEFESA,0.52,5
2017-05-25 23:00:00,34,1255.97,1256.10367,1.5926,85400.0,HIT/DEFESA,2.18,5
2017-05-26 00:00:00,34,1255.8,1256.08632,-1.3535,95934.3284,BREAK/RUPTURA,1.34,5
2017-05-26 01:00:00,34,1255.19,1256.0351,-4.6187,36029.1139,BREAK/RUPTURA,3.02,5
2017-05-26 03:00:00,34,1256.29,1255.97935,3.9019,12767.7419,HIT/DEFESA,4.84,5
2017-05-26 05:00:00,34,1257.14,1256.16262,19.2073,11504.8544,HIT/DEFESA,6.35,5
2017-05-29 15:00:00,34,1265.77,1265.30772,-11.9153,24121.6216,BREAK/RUPTURA,1.02,5
2017-05-29 21:00:00,34,1266.68,1265.8615,-0.8683,1014.2857,BREAK/RUPTURA,3.01,5
2017-05-29 22:00:00,34,1266.68,1265.90827,-8.5978,10000.0,BREAK/RUPTURA,3.49,5
2017-05-30 00:00:00,34,1266.68,1265.95237,-0.8683,53758.0645,BREAK/RUPTURA,1.3,5
2017-05-30 01:00:00,34,1266.72,1265.99624,0.3158,57418.6047,HIT/DEFESA,1.05,5
2017-05-30 07:00:00,34,1267.72,1266.73161,-19.2888,154166.6667,HIT/DEFESA,-4.43,5
2017-05-30 14:00:00,134,1261.68,1260.97288,-14.2464,32921.7391,BREAK/RUPTURA,1.26,5
2017-05-31 07:00:00,134,1261.62,1261.22145,12.0625,6519.7368,HIT/DEFESA,2.77,5
2017-05-31 08:00:00,134,1261.86,1261.23091,13.8082,89375.0,HIT/DEFESA,2.34,5
2017-05-31 09:00:00,34,1262.73,1263.18772,20.9509,21651.1628,HIT/DEFESA,3.39,5
2017-05-31 10:00:00,34,1263.32,1263.19528,13.4747,30653.8462,HIT/DEFESA,1.87,5
2017-05-31 13:00:00,34,1264.2,1263.39756,6.9658,82736.8421,HIT/DEFESA,5.55,5
2017-06-01 02:00:00,34,1267.18,1266.26144,-6.6245,10721.8543,HIT/DEFESA,-0.14,5
2017-06-01 07:00:00,34,1267.04,1266.81952,-20.8712,15165.1376,HIT/DEFESA,-0.79,5
2017-06-01 08:00:00,34,1267.0,1266.82983,-11.9825,466250.0,HIT/DEFESA,-0.26,5
2017-06-01 09:00:00,34,1266.97,1266.83784,-9.0685,592333.3333,HIT/DEFESA,-2.85,5
2017-06-01 10:00:00,34,1266.69,1266.82939,-2.7623,58678.5714,HIT/DEFESA,-1.75,5
2017-06-01 11:00:00,34,1266.5,1266.81057,-3.9463,79421.0526,HIT/DEFESA,-2.02,5
2017-06-01 12:00:00,34,1266.25,1266.77854,-5.6828,67920.0,HIT/DEFESA,-2.38,5
2017-06-01 13:00:00,34,1266.74,1266.77634,0.3947,26571.4286,BREAK/RUPTURA,-2.94,5
2017-06-01 14:00:00,134,1264.12,1263.43477,-18.7919,16374.0458,BREAK/RUPTURA,2.4,5
2017-06-01 17:00:00,134,1263.87,1263.47812,-1.9777,45161.2903,BREAK/RUPTURA,3.87,5
2017-06-01 18:00:00,134,1263.8,1263.48289,-9.0123,181909.0909,BREAK/RUPTURA,4.18,5
2017-06-02 00:00:00,34,1265.74,1266.46366,-17.6659,48724.1071,HIT/DEFESA,-4.49,5
2017-06-02 01:00:00,134,1264.77,1263.82231,-23.4275,13652.8846,HIT/DEFESA,-3.74,5
2017-06-02 02:00:00,134,1263.44,1263.81664,-35.805,12691.129,HIT/DEFESA,-3.05,5
2017-06-02 11:00:00,134,1262.97,1263.50518,18.9595,9421.3198,HIT/DEFESA,13.6,5
2017-06-02 12:00:00,134,1262.77,1263.49429,6.9737,55727.2727,HIT/DEFESA,13.73,5
2017-06-07 12:00:00,34,1289.71,1289.88963,-20.5051,9427.1186,HIT/DEFESA,-0.55,5
2017-06-07 13:00:00,34,1288.87,1289.83137,-32.1725,20607.1429,BREAK/RUPTURA,1.98,5
2017-06-07 17:00:00,34,1289.16,1290.10488,-17.1136,12129.3375,HIT/DEFESA,-5.96,5
2017-06-07 18:00:00,34,1290.85,1290.14746,-7.8955,19323.5294,HIT/DEFESA,-3.82,5
2017-06-08 07:00:00,34,1288.62,1287.91363,12.1206,8274.3902,BREAK/RUPTURA,-4.3,5
2017-06-08 08:00:00,34,1287.02,1287.86256,23.5202,12617.284,BREAK/RUPTURA,-3.76,5
2017-06-09 01:00:00,134,1279.93,1280.65176,7.506,9494.9074,BREAK/RUPTURA,-4.93,5
2017-06-12 10:00:00,34,1269.92,1270.6406,22.2555,8849.6503,BREAK/RUPTURA,-2.63,5
2017-06-12 11:00:00,34,1269.64,1270.58343,25.1094,69892.8571,BREAK/RUPTURA,-2.98,5
2017-06-13 18:00:00,34,1265.05,1265.44193,25.7569,7837.3206,HIT/DEFESA,1.66,5
2017-06-13 23:00:00,34,1266.71,1265.77621,-0.7894,133100.0,BREAK/RUPTURA,2.51,5
2017-06-14 00:00:00,34,1266.3,1265.80614,-3.2367,233378.8889,BREAK/RUPTURA,3.03,5
2017-06-14 09:00:00,34,1267.01,1266.88919,-12.5335,10366.1972,BREAK/RUPTURA,9.31,5
2017-06-14 12:00:00,34,1267.37,1267.04941,2.8413,20760.5634,HIT/DEFESA,8.98,5
2017-06-14 13:00:00,34,1266.32,1267.00773,-15.2178,20776.699,BREAK/RUPTURA,9.32,5
2017-06-16 12:00:00,34,1256.21,1256.78542,11.556,24693.5484,BREAK/RUPTURA,-1.77,5
2017-06-16 14:00:00,34,1255.67,1256.6201,0.6372,42105.2632,BREAK/RUPTURA,-1.88,5
2017-06-19 01:00:00,34,1254.66,1254.88847,4.7845,63121.2121,BREAK/RUPTURA,-1.98,5
2017-06-20 10:00:00,34,1246.99,1247.95998,8.0257,84866.6667,BREAK/RUPTURA,-4.56,5
2017-06-21 01:00:00,34,1244.88,1245.49994,7.8784,67700.0,HIT/DEFESA,1.58,5
2017-06-21 02:00:00,34,1245.1,1245.47709,20.1191,63142.8571,HIT/DEFESA,0.55,5
2017-06-21 05:00:00,34,1246.23,1245.54777,9.0756,15238.0952,HIT/DEFESA,0.06,5
2017-06-21 06:00:00,34,1246.46,1245.5999,4.7356,34521.7391,HIT/DEFESA,0.89,5
2017-06-21 07:00:00,34,1245.65,1245.60276,0.2408,11620.2532,HIT/DEFESA,1.59,5
2017-06-21 08:00:00,34,1245.33,1245.58717,-7.2218,39031.25,HIT/DEFESA,-0.4,5
2017-06-21 09:00:00,34,1245.53,1245.58391,-7.4611,86285.7143,HIT/DEFESA,-2.51,5
2017-06-21 10:00:00,34,1246.29,1245.62425,5.1379,25486.8421,BREAK/RUPTURA,-3.19,5
2017-06-21 16:00:00,34,1244.79,1245.42148,-1.1246,20370.5882,BREAK/RUPTURA,1.4,5
2017-06-21 18:00:00,34,1245.34,1245.34832,18.0195,17333.3333,HIT/DEFESA,0.85,5
2017-06-21 19:00:00,34,1245.64,1245.36499,6.8285,64586.2069,HIT/DEFESA,0.43,5
2017-06-21 20:00:00,34,1246.34,1245.4207,17.6024,24000.0,HIT/DEFESA,2.58,5
2017-06-21 21:00:00,34,1246.19,1245.46466,6.8254,98882.3529,HIT/DEFESA,4.62,5
2017-06-21 22:00:00,34,1246.34,1245.51468,5.6196,91793.3333,HIT/DEFESA,6.38,5
2017-06-21 23:00:00,34,1246.19,1245.55327,-1.2035,93276.4706,BREAK/RUPTURA,6.86,5
2017-06-22 00:00:00,34,1246.07,1245.5828,-0.9629,163239.8058,BREAK/RUPTURA,6.11,5
2017-06-22 02:00:00,134,1250.81,1251.69791,37.073,10312.5,HIT/DEFESA,3.18,5
2017-06-22 06:00:00,134,1252.64,1251.75282,-0.6386,23181.8182,HIT/DEFESA,-1.22,5
2017-06-22 09:00:00,134,1252.77,1251.81783,1.0378,99809.5238,HIT/DEFESA,0.85,5
2017-06-22 10:00:00,134,1251.96,1251.81993,-16.1883,18097.561,HIT/DEFESA,-1.02,5
2017-06-22 11:00:00,134,1251.42,1251.81401,-12.3706,34433.9623,HIT/DEFESA,-1.13,5
2017-06-22 15:00:00,134,1250.94,1251.7949,2.0789,11717.4721,BREAK/RUPTURA,-1.78,5
2017-06-22 16:00:00,34,1250.29,1249.37727,-3.0384,44393.4426,HIT/DEFESA,-0.18,5
2017-06-22 18:00:00,134,1250.81,1251.73992,-1.0392,66321.4286,HIT/DEFESA,-0.7,5
2017-06-22 20:00:00,34,1249.16,1249.44139,-10.7956,26544.3038,BREAK/RUPTURA,2.32,5
2017-06-22 22:00:00,34,1249.16,1249.46134,5.7672,13378.9474,HIT/DEFESA,2.09,5
2017-06-22 23:00:00,34,1250.11,1249.4984,7.6051,18463.1579,HIT/DEFESA,0.88,5
2017-06-23 00:00:00,34,1250.42,1249.55107,2.4798,171174.026,HIT/DEFESA,1.74,5
2017-06-23 01:00:00,134,1251.48,1251.5539,18.5725,10518.1818,HIT/DEFESA,0.56,5
2017-06-23 02:00:00,134,1250.97,1251.54525,6.8794,31784.3137,HIT/DEFESA,1.75,5
2017-06-23 03:00:00,134,1251.25,1251.54088,6.6378,58321.4286,HIT/DEFESA,2.38,5
2017-06-23 04:00:00,134,1250.99,1251.53272,-3.9154,39153.8462,BREAK/RUPTURA,3.12,5
2017-06-23 05:00:00,134,1252.16,1251.54201,9.5126,9461.5385,HIT/DEFESA,4.98,5
2017-06-23 06:00:00,134,1252.04,1251.54939,6.3137,80909.0909,HIT/DEFESA,4.43,5
2017-06-26 05:00:00,34,1254.97,1253.9962,-8.0415,14500.0,HIT/DEFESA,-12.42,5
2017-06-26 06:00:00,34,1254.13,1254.00385,-13.4573,13482.3529,HIT/DEFESA,-12.61,5
2017-06-26 07:00:00,34,1254.43,1254.0282,-9.4774,35870.9677,HIT/DEFESA,-11.54,5
2017-06-26 08:00:00,34,1254.74,1254.06887,-1.8327,34896.5517,HIT/DEFESA,-13.1,5
2017-06-26 09:00:00,34,1253.85,1254.05637,-2.2326,16011.236,HIT/DEFESA,-10.61,5
2017-06-27 08:00:00,134,1250.68,1250.22413,48.6088,7001.8116,BREAK/RUPTURA,-1.9,5
2017-06-27 09:00:00,134,1250.68,1250.23089,44.735,489750.0,BREAK/RUPTURA,-1.59,5
2017-06-27 11:00:00,134,1250.4,1250.24856,-2.2388,20942.5287,HIT/DEFESA,-2.48,5
2017-06-27 15:00:00,134,1250.24,1250.22516,-8.3913,30419.6429,HIT/DEFESA,-0.04,5
2017-06-27 16:00:00,34,1247.92,1247.96843,-6.8867,14473.913,BREAK/RUPTURA,1.11,5
2017-06-27 21:00:00,34,1249.03,1248.06292,18.5286,10777.7778,HIT/DEFESA,0.24,5
2017-06-27 22:00:00,134,1250.2,1250.05503,13.5361,11818.9655,HIT/DEFESA,0.55,5
2017-06-27 23:00:00,34,1249.03,1248.23332,-9.3585,12998.9011,BREAK/RUPTURA,3.31,5
2017-06-28 00:00:00,34,1248.12,1248.22685,-7.2857,73576.3889,BREAK/RUPTURA,4.33,5
2017-06-28 01:00:00,34,1249.26,1248.28588,-7.5188,15010.6383,BREAK/RUPTURA,2.12,5
2017-06-28 01:00:00,134,1249.26,1250.00027,-7.5188,15010.6383,BREAK/RUPTURA,2.12,5
2017-06-28 02:00:00,34,1249.27,1248.34212,1.9215,471000.0,HIT/DEFESA,2.09,5
2017-06-28 02:00:00,134,1249.27,1249.98946,1.9215,471000.0,HIT/DEFESA,2.09,5
2017-06-28 03:00:00,134,1250.75,1250.00072,21.0717,14744.9664,HIT/DEFESA,0.22,5
2017-06-28 08:00:00,134,1250.97,1250.1221,-11.8168,60368.4211,BREAK/RUPTURA,1.6,5
2017-06-28 19:00:00,34,1249.54,1250.4006,-17.4958,127892.8571,HIT/DEFESA,-0.59,5
2017-06-28 19:00:00,134,1249.54,1250.36831,-17.4958,127892.8571,HIT/DEFESA,-0.59,5
2017-06-28 22:00:00,34,1249.29,1250.26399,-2.0007,15675.0,BREAK/RUPTURA,2.95,5
2017-06-28 23:00:00,34,1250.09,1250.25405,6.4036,14731.25,HIT/DEFESA,1.67,5
2017-06-28 23:00:00,134,1250.09,1250.32917,6.4036,14731.25,HIT/DEFESA,1.67,5
2017-06-29 01:00:00,34,1249.68,1250.15099,3.1218,14601.1905,HIT/DEFESA,1.75,5
2017-06-29 01:00:00,134,1249.68,1250.29942,3.1218,14601.1905,HIT/DEFESA,1.75,5
2017-06-29 02:00:00,34,1249.78,1250.12979,-2.4798,170500.0,BREAK/RUPTURA,2.74,5
2017-06-29 02:00:00,134,1249.78,1250.29173,-2.4798,170500.0,BREAK/RUPTURA,2.74,5
2017-06-29 06:00:00,34,1251.43,1250.47364,-6.4684,31724.1379,HIT/DEFESA,-4.31,5
2017-06-29 08:00:00,34,1251.52,1250.64369,-1.5978,35730.0,HIT/DEFESA,-6.43,5
2017-06-30 04:00:00,34,1246.96,1246.8885,4.0114,18275.3623,BREAK/RUPTURA,-3.56,5
2017-06-30 05:00:00,34,1246.67,1246.87602,12.3682,104724.1379,BREAK/RUPTURA,-2.24,5
2017-06-30 06:00:00,34,1246.36,1246.84653,11.8083,81387.0968,BREAK/RUPTURA,-2.8,5
2017-07-03 01:00:00,34,1241.78,1242.4317,3.3834,127900.0,BREAK/RUPTURA,-4.01,5
2017-07-05 00:00:00,34,1226.71,1226.10372,28.8592,18821.831,HIT/DEFESA,0.96,5
2017-07-05 06:00:00,34,1225.98,1226.34776,-16.9373,16392.8571,HIT/DEFESA,-5.79,5
2017-07-05 07:00:00,34,1225.34,1226.29017,-16.6208,60976.7442,HIT/DEFESA,-5.22,5
2017-07-05 08:00:00,34,1225.82,1226.2633,-15.0692,46242.4242,HIT/DEFESA,-4.4,5
2017-07-05 18:00:00,34,1223.14,1224.10831,24.5052,237153.8462,HIT/DEFESA,2.08,5
2017-07-05 19:00:00,34,1223.55,1224.07641,17.6848,81064.1026,HIT/DEFESA,3.25,5
2017-07-05 20:00:00,34,1223.24,1224.02861,-1.1444,180757.1429,BREAK/RUPTURA,3.28,5
2017-07-05 22:00:00,34,1223.24,1224.04774,-2.5336,13602.5641,BREAK/RUPTURA,1.53,5
2017-07-06 07:00:00,34,1225.42,1224.90465,-3.5893,28048.913,HIT/DEFESA,-1.3,5
2017-07-06 08:00:00,34,1224.95,1224.90724,-16.8701,65542.5532,HIT/DEFESA,-1.67,5
2017-07-06 09:00:00,34,1224.28,1224.8714,-16.798,66556.6038,BREAK/RUPTURA,1.06,5
2017-07-06 11:00:00,34,1224.37,1224.83567,-4.7349,151181.8182,HIT/DEFESA,-0.6,5
2017-07-06 14:00:00,34,1225.34,1224.74432,7.9224,30033.9806,BREAK/RUPTURA,-1.42,5
2017-07-06 15:00:00,34,1225.53,1224.78921,11.5185,163700.0,BREAK/RUPTURA,-1.02,5
2017-07-06 16:00:00,34,1223.77,1224.73097,4.0056,37503.6496,HIT/DEFESA,0.86,5
2017-07-06 19:00:00,34,1223.92,1224.60397,1.2257,78818.1818,HIT/DEFESA,0.82,5
2017-07-06 20:00:00,34,1224.51,1224.5986,0.3267,34776.3158,BREAK/RUPTURA,-1.77,5
2017-07-06 21:00:00,34,1224.63,1224.6004,9.3994,223708.3333,BREAK/RUPTURA,-2.22,5
2017-07-06 22:00:00,34,1224.51,1224.59523,4.8206,1919500.0,BREAK/RUPTURA,-4.79,5
2017-07-06 23:00:00,34,1224.63,1224.59722,0.98,223708.3333,BREAK/RUPTURA,-4.13,5
2017-07-07 00:00:00,34,1224.74,1224.60538,0.8982,125970.1754,BREAK/RUPTURA,-4.01,5
2017-07-07 13:00:00,34,1222.48,1222.90697,8.8423,32482.5581,BREAK/RUPTURA,-10.96,5
2017-07-10 17:00:00,34,1212.95,1212.95266,23.8831,38829.0598,HIT/DEFESA,0.93,5
2017-07-10 19:00:00,34,1213.87,1212.94028,16.1728,14748.8152,HIT/DEFESA,0.3,5
2017-07-10 22:00:00,34,1213.88,1213.1042,0.0824,243625.0,BREAK/RUPTURA,-1.82,5
2017-07-10 23:00:00,34,1214.1,1213.1611,1.8124,106061.9048,BREAK/RUPTURA,-2.61,5
2017-07-11 00:00:00,34,1214.17,1213.21875,0.5766,404714.2857,BREAK/RUPTURA,-2.0,5
2017-07-11 01:00:00,34,1213.65,1213.2434,-1.8948,45166.6667,HIT/DEFESA,-2.7,5
2017-07-11 02:00:00,34,1212.75,1213.2152,-11.1193,41357.9545,HIT/DEFESA,-1.37,5
2017-07-11 05:00:00,34,1212.17,1213.00384,-4.7825,28740.5063,HIT/DEFESA,-1.91,5
2017-07-11 14:00:00,34,1211.98,1212.09264,12.8881,25503.1646,HIT/DEFESA,3.05,5
2017-07-12 02:00:00,134,1219.2,1219.11383,24.5021,26135.4167,HIT/DEFESA,0.73,5
2017-07-12 04:00:00,134,1219.31,1219.10719,11.7417,31925.2874,BREAK/RUPTURA,-1.16,5
2017-07-12 06:00:00,134,1219.72,1219.13193,10.3409,56886.3636,BREAK/RUPTURA,-1.18,5
2017-07-12 07:00:00,134,1219.93,1219.14375,5.0848,70941.1765,BREAK/RUPTURA,-2.88,5
2017-07-12 09:00:00,134,1218.15,1219.11409,-12.8718,214800.0,BREAK/RUPTURA,6.51,5
2017-07-12 10:00:00,134,1218.46,1219.10439,-12.0499,85319.4444,BREAK/RUPTURA,2.52,5
2017-07-12 11:00:00,134,1218.54,1219.09603,3.4479,397000.0,HIT/DEFESA,4.36,5
2017-07-12 12:00:00,34,1217.05,1216.09139,-9.0301,19097.3154,BREAK/RUPTURA,3.92,5
2017-07-12 20:00:00,134,1220.2,1219.28727,-6.3065,36473.6842,HIT/DEFESA,-1.19,5
2017-07-12 22:00:00,134,1220.2,1219.31148,4.8376,64583.3333,HIT/DEFESA,1.57,5
2017-07-12 23:00:00,134,1220.02,1219.32198,-1.4752,78388.8889,BREAK/RUPTURA,2.87,5
2017-07-13 00:00:00,134,1220.2,1219.33499,1.4754,47818.018,HIT/DEFESA,3.18,5
2017-07-13 01:00:00,34,1219.01,1218.4276,-9.7525,181112.5,BREAK/RUPTURA,4.16,5
2017-07-13 01:00:00,134,1219.01,1219.33017,-9.7525,181112.5,BREAK/RUPTURA,4.16,5
2017-07-13 02:00:00,134,1220.24,1219.34365,1.8032,15963.1148,HIT/DEFESA,2.93,5
2017-07-13 13:00:00,34,1220.18,1220.30937,-10.8064,9753.2468,HIT/DEFESA,-2.26,5
2017-07-13 13:00:00,134,1220.18,1219.79745,-10.8064,9753.2468,HIT/DEFESA,-2.26,5
2017-07-13 14:00:00,34,1220.38,1220.3134,-14.0741,130142.8571,HIT/DEFESA,-1.78,5
2017-07-13 14:00:00,134,1220.38,1219.80608,-14.0741,130142.8571,HIT/DEFESA,-1.78,5
2017-07-13 15:00:00,34,1219.71,1220.27892,-22.7405,47558.8235,HIT/DEFESA,-1.35,5
2017-07-13 15:00:00,134,1219.71,1219.80466,-22.7405,47558.8235,HIT/DEFESA,-1.35,5
2017-07-14 07:00:00,34,1218.11,1218.54464,10.6014,5898.6486,HIT/DEFESA,2.13,5
2017-07-14 08:00:00,34,1217.93,1218.50952,9.0399,88500.0,HIT/DEFESA,4.42,5
2017-07-14 09:00:00,34,1217.72,1218.4644,8.5479,75608.6957,HIT/DEFESA,14.0,5
2017-07-14 10:00:00,34,1219.07,1218.49901,7.8811,10623.0769,HIT/DEFESA,12.33,5
2017-07-14 10:00:00,134,1219.07,1219.27408,7.8811,10623.0769,HIT/DEFESA,12.33,5
2017-07-14 11:00:00,34,1219.42,1218.55164,12.2339,35944.4444,HIT/DEFESA,9.4,5
2017-07-14 11:00:00,134,1219.42,1219.27624,12.2339,35944.4444,HIT/DEFESA,9.4,5
2017-07-14 12:00:00,134,1220.24,1219.29052,20.6944,13134.1463,HIT/DEFESA,8.2,5
2017-07-19 08:00:00,34,1239.93,1239.1389,-11.6805,69800.0,BREAK/RUPTURA,1.93,5
2017-07-19 10:00:00,34,1238.69,1239.04381,-7.5023,18788.8889,BREAK/RUPTURA,3.4,5
2017-07-19 11:00:00,34,1240.01,1239.09902,0.6452,11083.3333,HIT/DEFESA,1.76,5
2017-07-19 12:00:00,34,1239.89,1239.14422,16.4802,114909.0909,HIT/DEFESA,1.04,5
2017-07-20 00:00:00,34,1241.14,1240.45909,-3.3023,479775.0,HIT/DEFESA,-3.39,5
2017-07-20 01:00:00,34,1241.32,1240.50828,-2.9798,21016.6667,HIT/DEFESA,-2.59,5
2017-07-20 02:00:00,34,1240.45,1240.50495,-8.8599,14252.8736,HIT/DEFESA,-2.35,5
2017-07-20 08:00:00,34,1239.54,1239.95901,14.4617,9349.3151,BREAK/RUPTURA,-2.09,5
2017-07-25 01:00:00,34,1253.65,1253.68805,-10.1202,9853.8462,BREAK/RUPTURA,2.36,5
2017-07-25 02:00:00,34,1253.39,1253.67102,-12.5104,49076.9231,BREAK/RUPTURA,3.35,5
2017-07-25 03:00:00,34,1253.73,1253.67439,-12.507,37866.6667,BREAK/RUPTURA,2.98,5
2017-07-25 09:00:00,34,1253.97,1254.24305,-16.2419,8277.3723,HIT/DEFESA,-2.72,5
2017-07-25 15:00:00,34,1254.38,1253.57856,26.8581,9674.1214,BREAK/RUPTURA,-4.27,5
2017-07-26 04:00:00,134,1247.78,1246.91805,8.5023,16918.0328,BREAK/RUPTURA,-2.51,5
2017-07-26 05:00:00,134,1247.29,1246.92356,-12.4915,26478.2609,HIT/DEFESA,-2.02,5
2017-07-26 06:00:00,134,1246.94,1246.9238,-11.4549,25580.6452,HIT/DEFESA,-0.86,5
2017-07-26 11:00:00,134,1246.08,1246.81836,8.4335,18768.2927,HIT/DEFESA,1.89,5
2017-07-26 12:00:00,134,1247.56,1246.82935,18.3896,10000.0,HIT/DEFESA,0.39,5
2017-07-26 13:00:00,134,1246.94,1246.83099,13.4107,32250.0,HIT/DEFESA,1.15,5
2017-07-26 14:00:00,134,1246.74,1246.82964,5.2966,114238.0952,HIT/DEFESA,3.68,5
2017-07-26 17:00:00,34,1247.95,1248.94578,9.7053,1102500.0,HIT/DEFESA,8.31,5
2017-07-26 18:00:00,34,1248.09,1248.89688,1.2821,117000.0,HIT/DEFESA,12.93,5
2017-07-27 16:00:00,34,1257.64,1257.99376,-30.2033,7149.3849,BREAK/RUPTURA,2.28,5
2017-07-27 17:00:00,34,1257.56,1257.96898,-46.382,207615.3846,BREAK/RUPTURA,3.34,5
2017-07-27 23:00:00,34,1258.03,1258.5513,-22.7615,7313.1313,BREAK/RUPTURA,1.6,5
2017-07-28 00:00:00,34,1258.56,1258.55179,-10.7943,338731.25,HIT/DEFESA,-0.57,5
2017-07-28 05:00:00,34,1257.99,1258.75319,-15.0807,8430.303,BREAK/RUPTURA,1.11,5
2017-07-28 06:00:00,34,1257.76,1258.69643,-13.1807,47043.4783,BREAK/RUPTURA,1.46,5
2017-07-28 07:00:00,34,1259.44,1258.73892,-1.5084,8970.2381,HIT/DEFESA,-0.42,5
2017-07-28 08:00:00,34,1258.86,1258.74584,6.9158,41035.0877,HIT/DEFESA,0.59,5
2017-07-28 09:00:00,34,1259.73,1258.80208,15.6628,28692.3077,HIT/DEFESA,3.83,5
2017-07-28 10:00:00,34,1259.1,1258.8191,-2.6996,30926.4706,BREAK/RUPTURA,6.58,5
2017-07-28 11:00:00,34,1259.22,1258.84201,2.8597,157750.0,HIT/DEFESA,7.17,5
2017-07-28 12:00:00,34,1259.02,1258.85218,-5.6361,123923.0769,BREAK/RUPTURA,10.02,5
2017-07-28 13:00:00,34,1259.45,1258.88634,2.7798,41533.3333,HIT/DEFESA,9.23,5
2017-07-31 19:00:00,34,1267.36,1266.61071,-11.1919,33133.3333,BREAK/RUPTURA,2.06,5
2017-08-01 01:00:00,34,1267.49,1267.4006,-18.9779,10049.4505,BREAK/RUPTURA,2.58,5
2017-08-01 08:00:00,34,1268.12,1268.03631,-11.3425,11202.7027,HIT/DEFESA,-2.13,5
2017-08-01 10:00:00,34,1268.61,1268.14364,-7.7977,22617.284,BREAK/RUPTURA,2.03,5
2017-08-01 11:00:00,34,1267.41,1268.10172,-5.5988,14434.1085,BREAK/RUPTURA,5.49,5
2017-08-01 14:00:00,34,1267.4,1267.88223,-0.0789,26085.1064,BREAK/RUPTURA,5.31,5
2017-08-01 21:00:00,34,1268.97,1269.15227,-29.6995,6311.7284,HIT/DEFESA,-1.19,5
2017-08-01 23:00:00,34,1268.97,1269.30659,-25.4675,6311.7284,HIT/DEFESA,-2.28,5
2017-08-02 00:00:00,34,1268.93,1269.28507,-0.3152,282947.619,HIT/DEFESA,-3.0,5
2017-08-02 12:00:00,34,1267.19,1267.89663,3.4735,10300.7519,HIT/DEFESA,4.05,5
2017-08-02 13:00:00,34,1266.94,1267.84197,2.6054,60760.0,HIT/DEFESA,5.08,5
2017-08-02 20:00:00,34,1268.09,1268.44547,-24.779,9686.6359,HIT/DEFESA,-5.07,5
2017-08-02 22:00:00,34,1268.09,1268.3268,-17.3975,7510.2041,HIT/DEFESA,-4.37,5
2017-08-03 03:00:00,134,1263.72,1264.01243,-20.0591,11067.7966,HIT/DEFESA,-1.76,5
2017-08-03 04:00:00,134,1263.17,1263.99995,1.1876,25017.8571,BREAK/RUPTURA,-1.97,5
2017-08-03 11:00:00,134,1263.33,1263.8228,10.8561,13977.6119,HIT/DEFESA,5.79,5
2017-08-04 04:00:00,34,1267.48,1267.11787,-13.001,14548.7805,BREAK/RUPTURA,1.85,5
2017-08-04 05:00:00,34,1267.9,1267.16257,-8.3533,19581.3953,BREAK/RUPTURA,1.18,5
2017-08-04 06:00:00,34,1268.05,1267.21328,-1.9711,45882.3529,BREAK/RUPTURA,1.42,5
2017-08-04 13:00:00,34,1267.92,1267.82082,-9.1405,20060.0,HIT/DEFESA,-10.64,5
2017-08-07 18:00:00,34,1258.97,1259.54263,8.1084,55761.9048,BREAK/RUPTURA,-1.83,5
2017-08-07 20:00:00,34,1258.49,1259.43169,-5.1623,85000.0,HIT/DEFESA,-0.86,5
2017-08-07 22:00:00,34,1258.49,1259.25441,-0.874,8059.7015,BREAK/RUPTURA,1.55,5
2017-08-08 02:00:00,34,1258.15,1258.92253,8.0341,31538.4615,HIT/DEFESA,1.89,5
2017-08-08 05:00:00,34,1259.86,1259.11031,13.5914,20795.9184,HIT/DEFESA,0.8,5
2017-08-08 06:00:00,34,1260.08,1259.16572,0.3175,34954.5455,HIT/DEFESA,0.67,5
2017-08-08 07:00:00,34,1260.04,1259.21568,-2.539,211666.6667,BREAK/RUPTURA,3.94,5
2017-08-08 08:00:00,34,1259.81,1259.24964,-0.3969,74904.7619,BREAK/RUPTURA,3.98,5
2017-08-08 09:00:00,34,1260.16,1259.30166,0.6349,39171.4286,HIT/DEFESA,2.04,5
2017-08-08 14:00:00,134,1262.2,1261.89928,11.5011,17402.5157,BREAK/RUPTURA,-5.75,5
2017-08-08 15:00:00,134,1262.5,1261.90818,-11.709,73035.7143,HIT/DEFESA,-6.55,5
2017-08-08 21:00:00,134,1260.97,1261.41027,38.4511,7413.8614,HIT/DEFESA,5.1,5
2017-08-08 23:00:00,134,1260.97,1261.32405,39.9697,7413.8614,HIT/DEFESA,4.02,5
2017-08-09 00:00:00,134,1260.8,1261.31629,-1.3482,111800.0,BREAK/RUPTURA,4.3,5
2017-08-09 01:00:00,134,1261.9,1261.32494,47.3745,597000.0,HIT/DEFESA,2.73,5
2017-08-14 02:00:00,34,1286.75,1285.91306,-28.5949,13669.9029,HIT/DEFESA,-0.74,5
2017-08-14 06:00:00,34,1286.55,1286.22985,-7.9995,12062.9371,HIT/DEFESA,-5.64,5
2017-08-14 07:00:00,34,1286.01,1286.21729,-13.0466,38924.5283,HIT/DEFESA,-5.33,5
2017-08-14 08:00:00,34,1286.88,1286.25515,-8.3854,25428.5714,HIT/DEFESA,-5.93,5
2017-08-14 16:00:00,34,1284.07,1284.62631,24.3569,19915.2542,BREAK/RUPTURA,-2.09,5
2017-08-14 17:00:00,34,1284.58,1284.62366,23.7215,57448.9796,BREAK/RUPTURA,-2.35,5
2017-08-14 18:00:00,34,1285.05,1284.64802,21.4458,47276.5957,BREAK/RUPTURA,-3.07,5
2017-08-15 02:00:00,134,1278.3,1277.62309,-28.7056,27727.2727,HIT/DEFESA,-4.73,5
2017-08-16 15:00:00,34,1272.72,1273.14648,18.0254,12634.375,HIT/DEFESA,9.71,5
2017-08-16 16:00:00,34,1272.19,1273.09182,10.7804,53803.5714,HIT/DEFESA,9.46,5
2017-08-16 17:00:00,34,1273.58,1273.11972,31.9806,20488.8889,HIT/DEFESA,8.85,5
2017-08-16 18:00:00,134,1274.63,1275.30257,15.0072,25561.9048,HIT/DEFESA,7.02,5
2017-08-18 17:00:00,34,1288.99,1289.03496,-57.6184,12059.5668,HIT/DEFESA,-1.15,5
2017-08-18 19:00:00,34,1289.25,1288.90043,-40.5562,15609.4276,HIT/DEFESA,-4.61,5
2017-08-18 20:00:00,34,1287.84,1288.83984,-8.9217,28189.781,BREAK/RUPTURA,3.88,5
2017-08-18 22:00:00,34,1287.84,1288.64586,-10.9366,15006.4935,HIT/DEFESA,-4.74,5
2017-08-21 02:00:00,134,1283.1,1282.48708,-11.9878,60846.1538,BREAK/RUPTURA,1.67,5
2017-08-21 08:00:00,34,1286.67,1287.27338,6.3771,15875.6757,HIT/DEFESA,0.95,5
2017-08-21 09:00:00,34,1288.01,1287.31548,17.7331,24774.4361,HIT/DEFESA,0.16,5
2017-08-21 10:00:00,34,1287.87,1287.34716,24.1288,130764.7059,HIT/DEFESA,3.89,5
2017-08-21 11:00:00,34,1288.1,1287.39018,11.114,80750.0,HIT/DEFESA,3.4,5
2017-08-21 12:00:00,34,1287.32,1287.38617,-5.3571,25947.3684,BREAK/RUPTURA,2.42,5
2017-08-21 13:00:00,34,1287.62,1287.39953,-1.9412,85821.4286,BREAK/RUPTURA,3.81,5
2017-08-21 14:00:00,34,1288.17,1287.44356,0.5434,55236.3636,HIT/DEFESA,4.62,5
2017-08-22 02:00:00,34,1290.04,1289.43495,-12.1554,16737.5,HIT/DEFESA,-2.18,5
2017-08-22 03:00:00,34,1288.99,1289.40953,-20.2848,25637.2549,HIT/DEFESA,-3.92,5
2017-08-22 05:00:00,34,1289.0,1289.31396,-8.0618,12307.6923,HIT/DEFESA,-4.04,5
2017-08-22 06:00:00,34,1288.65,1289.27601,-2.6377,33029.4118,HIT/DEFESA,-3.36,5
2017-08-22 08:00:00,134,1285.07,1284.83476,-30.4888,11728.2609,BREAK/RUPTURA,1.2,5
2017-08-22 09:00:00,134,1284.65,1284.83202,-31.0402,72975.6098,BREAK/RUPTURA,1.86,5
2017-08-22 10:00:00,134,1284.96,1284.83392,-22.518,67393.9394,HIT/DEFESA,-1.18,5
2017-08-22 11:00:00,134,1285.29,1284.84068,1.712,76483.871,HIT/DEFESA,0.25,5
2017-08-22 16:00:00,134,1285.54,1284.89794,-5.6753,27005.7143,HIT/DEFESA,-0.02,5
2017-08-22 17:00:00,34,1287.0,1287.58878,3.8088,24165.5172,BREAK/RUPTURA,-1.71,5
2017-08-22 20:00:00,134,1285.29,1284.96424,-13.2867,47871.7949,HIT/DEFESA,-2.08,5
2017-08-22 21:00:00,134,1285.52,1284.97247,-5.6754,78208.3333,HIT/DEFESA,-1.16,5
2017-08-22 22:00:00,134,1285.29,1284.97717,-2.9557,50120.0,HIT/DEFESA,-1.59,5
2017-08-22 23:00:00,134,1285.52,1284.98522,1.7895,78208.3333,HIT/DEFESA,0.01,5
2017-08-23 02:00:00,134,1284.36,1284.95026,-9.0236,19120.6897,BREAK/RUPTURA,1.1,5
2017-08-23 04:00:00,34,1285.53,1286.32321,18.0797,8088.8889,HIT/DEFESA,0.45,5
2017-08-23 04:00:00,134,1285.53,1284.9406,18.0797,8088.8889,HIT/DEFESA,0.45,5
2017-08-23 05:00:00,34,1285.73,1286.28931,10.6668,121200.0,HIT/DEFESA,0.45,5
2017-08-23 05:00:00,134,1285.73,1284.95229,10.6668,121200.0,HIT/DEFESA,0.45,5
2017-08-23 06:00:00,34,1285.49,1286.24364,13.9441,61360.0,HIT/DEFESA,1.52,5
2017-08-23 06:00:00,134,1285.49,1284.96026,13.9441,61360.0,HIT/DEFESA,1.52,5
2017-08-23 07:00:00,34,1285.46,1286.19886,-0.5445,506000.0,BREAK/RUPTURA,1.83,5
2017-08-23 07:00:00,134,1285.46,1284.96766,-0.5445,506000.0,BREAK/RUPTURA,1.83,5
2017-08-23 08:00:00,34,1286.18,1286.19778,3.5,27472.2222,HIT/DEFESA,3.62,5
2017-08-23 09:00:00,34,1285.98,1286.18534,3.8118,150950.0,HIT/DEFESA,3.17,5
2017-08-23 09:00:00,134,1285.98,1285.00035,3.8118,150950.0,HIT/DEFESA,3.17,5
2017-08-23 10:00:00,34,1286.18,1286.18503,5.6011,80086.9565,HIT/DEFESA,1.07,5
2017-08-23 11:00:00,34,1287.01,1286.23217,6.4532,19964.7059,HIT/DEFESA,2.12,5
2017-08-23 12:00:00,34,1287.29,1286.29262,10.1868,53413.7931,HIT/DEFESA,0.59,5
2017-08-23 15:00:00,34,1287.25,1286.67945,-0.3107,20314.1361,BREAK/RUPTURA,2.57,5
2017-08-23 17:00:00,34,1287.88,1286.88008,-9.8515,25420.6349,BREAK/RUPTURA,1.94,5
2017-08-23 18:00:00,34,1287.53,1286.91722,2.1752,56057.1429,HIT/DEFESA,2.64,5
2017-08-24 02:00:00,34,1288.2,1287.9953,-15.2693,9965.6652,BREAK/RUPTURA,1.65,5
2017-08-24 03:00:00,34,1288.33,1288.01443,-16.1189,195300.0,HIT/DEFESA,-0.82,5
2017-08-24 04:00:00,34,1288.2,1288.02503,-17.9772,132545.4545,HIT/DEFESA,-0.82,5
2017-08-24 05:00:00,34,1288.13,1288.03103,-0.5434,211500.0,HIT/DEFESA,-2.27,5
2017-08-24 06:00:00,34,1288.49,1288.05726,1.2419,31916.6667,BREAK/RUPTURA,-2.26,5
2017-08-24 08:00:00,34,1287.51,1288.12257,-4.8132,11660.9442,HIT/DEFESA,-0.03,5
2017-08-24 09:00:00,34,1287.38,1288.08014,-8.6147,193923.0769,HIT/DEFESA,-0.43,5
2017-08-24 10:00:00,134,1285.86,1286.10151,-30.9338,17704.698,BREAK/RUPTURA,3.22,5
2017-08-24 16:00:00,34,1286.78,1287.7334,-5.437,19513.0435,HIT/DEFESA,-0.63,5
2017-08-24 16:00:00,134,1286.78,1286.19381,-5.437,19513.0435,HIT/DEFESA,-0.63,5
2017-08-24 17:00:00,34,1287.42,1287.71549,3.652,58206.3492,BREAK/RUPTURA,-1.75,5
2017-08-24 18:00:00,34,1287.25,1287.68889,-14.1962,121800.0,HIT/DEFESA,-1.1,5
2017-08-24 19:00:00,134,1286.35,1286.22917,-3.3417,25533.3333,HIT/DEFESA,-0.12,5
2017-08-24 21:00:00,134,1286.15,1286.21984,-8.5453,36117.6471,HIT/DEFESA,-0.57,5
2017-08-24 23:00:00,134,1286.15,1286.21078,3.7335,36117.6471,HIT/DEFESA,0.08,5
2017-08-25 00:00:00,34,1286.23,1287.19817,0.622,649390.9091,HIT/DEFESA,0.51,5
2017-08-25 00:00:00,134,1286.23,1286.21107,0.622,649390.9091,HIT/DEFESA,0.51,5
2017-08-25 01:00:00,34,1286.63,1287.1657,7.4669,12586.9565,HIT/DEFESA,0.26,5
2017-08-25 01:00:00,134,1286.63,1286.21727,7.4669,12586.9565,HIT/DEFESA,0.26,5
2017-08-25 02:00:00,134,1285.58,1286.20783,-4.4318,17105.7692,BREAK/RUPTURA,1.57,5
2017-08-25 05:00:00,34,1286.74,1286.94361,9.0232,21019.2308,HIT/DEFESA,0.72,5
2017-08-25 05:00:00,134,1286.74,1286.2096,9.0232,21019.2308,HIT/DEFESA,0.72,5
2017-08-25 06:00:00,34,1286.89,1286.94054,8.7886,44166.6667,HIT/DEFESA,0.93,5
2017-08-25 06:00:00,134,1286.89,1286.21968,8.7886,44166.6667,HIT/DEFESA,0.93,5
2017-08-25 07:00:00,34,1287.15,1286.95251,7.1527,44600.0,HIT/DEFESA,0.59,5
2017-08-25 07:00:00,134,1287.15,1286.23346,7.1527,44600.0,HIT/DEFESA,0.59,5
2017-08-25 08:00:00,34,1286.5,1286.92665,-1.8652,30234.375,BREAK/RUPTURA,1.01,5
2017-08-25 08:00:00,134,1286.5,1286.23741,-1.8652,30234.375,BREAK/RUPTURA,1.01,5
2017-08-25 09:00:00,34,1286.87,1286.92342,-0.1554,72250.0,HIT/DEFESA,-0.26,5
2017-08-25 09:00:00,134,1286.87,1286.24678,-0.1554,72250.0,HIT/DEFESA,-0.26,5
2017-08-25 10:00:00,34,1287.46,1286.95408,2.4084,40967.2131,BREAK/RUPTURA,-6.83,5
2017-08-25 11:00:00,34,1287.82,1287.00356,10.2604,61133.3333,HIT/DEFESA,2.49,5
2017-08-25 12:00:00,34,1287.74,1287.04564,6.7606,228625.0,HIT/DEFESA,2.68,5
2017-08-25 13:00:00,34,1287.51,1287.07218,0.3884,79636.3636,HIT/DEFESA,5.14,5
2017-08-25 14:00:00,34,1286.61,1287.04577,-9.3957,40651.1628,BREAK/RUPTURA,5.65,5
2017-08-25 14:00:00,134,1286.61,1286.33129,-9.3957,40651.1628,BREAK/RUPTURA,5.65,5
2017-08-30 03:00:00,34,1311.86,1311.21404,18.6342,12024.5614,BREAK/RUPTURA,-4.51,5
2017-08-30 06:00:00,34,1311.76,1311.44457,-0.7623,9480.6202,HIT/DEFESA,-0.87,5
2017-08-30 10:00:00,34,1310.08,1310.95548,-2.8997,18940.3974,HIT/DEFESA,-2.93,5
2017-08-30 11:00:00,34,1310.89,1310.95174,27.0777,31777.7778,BREAK/RUPTURA,-2.9,5
2017-08-30 12:00:00,34,1311.44,1310.97964,22.0855,39483.871,BREAK/RUPTURA,-2.65,5
2017-08-31 03:00:00,134,1302.88,1302.18278,-40.4382,9013.363,BREAK/RUPTURA,1.22,5
2017-08-31 04:00:00,134,1301.94,1302.17918,-39.9339,25237.1134,BREAK/RUPTURA,4.96,5
2017-08-31 05:00:00,134,1303.04,1302.19193,-32.9675,14580.3571,BREAK/RUPTURA,4.27,5
2017-08-31 07:00:00,134,1302.99,1302.22197,8.0649,35586.9565,HIT/DEFESA,3.97,5
2017-08-31 09:00:00,34,1306.9,1307.37935,26.5451,13797.153,HIT/DEFESA,2.02,5
2017-08-31 10:00:00,34,1307.31,1307.37539,33.1545,62717.9487,HIT/DEFESA,4.47,5
2017-08-31 12:00:00,34,1306.96,1307.25438,0.4591,20654.6763,HIT/DEFESA,10.75,5
2017-08-31 13:00:00,34,1306.35,1307.2027,-7.3433,40360.6557,BREAK/RUPTURA,10.52,5
2017-09-05 09:00:00,34,1331.76,1332.61227,-33.8998,9709.5116,HIT/DEFESA,-0.61,5
2017-09-05 11:00:00,34,1331.59,1332.49663,-30.5465,530500.0,BREAK/RUPTURA,4.88,5
2017-09-05 12:00:00,34,1332.31,1332.48596,4.1299,45032.2581,HIT/DEFESA,2.9,5
2017-09-06 09:00:00,34,1337.45,1336.80098,-7.322,47064.5161,BREAK/RUPTURA,1.85,5
2017-09-06 15:00:00,34,1338.47,1337.49002,-2.0168,47493.9759,HIT/DEFESA,-5.37,5
2017-09-07 06:00:00,34,1334.87,1335.757,5.3217,220333.3333,HIT/DEFESA,4.91,5
2017-09-07 07:00:00,34,1336.27,1335.78632,13.7136,11876.8116,HIT/DEFESA,2.81,5
2017-09-07 08:00:00,34,1335.6,1335.77567,5.9184,35492.7536,HIT/DEFESA,3.01,5
2017-09-08 17:00:00,34,1347.83,1347.18156,-7.6361,10973.262,HIT/DEFESA,-0.99,5
2017-09-08 20:00:00,34,1346.84,1347.12823,-7.3451,519200.0,HIT/DEFESA,-19.46,5
2017-09-08 21:00:00,34,1346.68,1347.10262,-1.7076,108588.2353,HIT/DEFESA,-8.97,5
2017-09-08 22:00:00,34,1346.84,1347.08761,0.2227,61904.7619,BREAK/RUPTURA,-9.6,5
2017-09-08 23:00:00,34,1346.68,1347.06432,-1.188,108588.2353,HIT/DEFESA,-10.07,5
2017-09-09 00:00:00,34,1346.33,1347.02236,-2.599,33236.6667,HIT/DEFESA,-8.87,5
2017-09-11 01:00:00,134,1337.71,1336.7687,-66.6083,10199.2883,HIT/DEFESA,-0.28,5
2017-09-11 03:00:00,134,1336.61,1336.77322,69.5355,56196.4286,BREAK/RUPTURA,-1.07,5
2017-09-11 04:00:00,134,1337.46,1336.7834,-1.8689,24776.4706,HIT/DEFESA,-0.27,5
2017-09-11 05:00:00,134,1337.52,1336.79431,2.0939,357600.0,HIT/DEFESA,0.58,5
2017-09-11 06:00:00,134,1337.43,1336.80373,6.1349,151750.0,HIT/DEFESA,0.68,5
2017-09-11 09:00:00,134,1337.19,1336.80116,-1.7945,21505.9524,HIT/DEFESA,-4.52,5
2017-09-11 12:00:00,134,1336.81,1336.83907,-2.8418,15496.2406,HIT/DEFESA,-3.7,5
2017-09-11 13:00:00,134,1335.94,1336.82575,-16.1423,35848.8372,HIT/DEFESA,-2.52,5
2017-09-13 01:00:00,34,1330.85,1330.01819,0.2254,13085.4701,HIT/DEFESA,0.04,5
2017-09-13 02:00:00,34,1330.77,1330.06115,-5.4075,348500.0,HIT/DEFESA,-0.08,5
2017-09-13 06:00:00,34,1330.89,1330.39769,-8.3333,15026.3158,BREAK/RUPTURA,1.87,5
2017-09-13 07:00:00,34,1330.69,1330.4144,-11.5596,111833.3333,BREAK/RUPTURA,3.79,5
2017-09-13 08:00:00,34,1329.98,1330.38957,-12.6158,32304.3478,BREAK/RUPTURA,3.22,5
2017-09-13 10:00:00,134,1332.38,1333.07186,12.7002,191923.0769,BREAK/RUPTURA,-5.08,5
2017-09-13 11:00:00,134,1332.76,1333.06724,20.9026,47657.8947,BREAK/RUPTURA,-9.51,5
2017-09-13 13:00:00,134,1333.2,1333.08983,6.1544,19976.0,BREAK/RUPTURA,-11.74,5
2017-09-13 14:00:00,34,1331.6,1331.09973,-8.7037,20560.0,HIT/DEFESA,-8.14,5
2017-09-14 09:00:00,34,1324.14,1324.99524,15.2027,11481.4815,HIT/DEFESA,0.44,5
2017-09-14 14:00:00,34,1324.58,1324.53775,10.9589,22713.964,HIT/DEFESA,4.48,5
2017-09-14 15:00:00,34,1325.17,1324.57388,-0.1509,104215.6863,BREAK/RUPTURA,1.61,5
2017-09-14 16:00:00,34,1324.78,1324.58566,35.0718,91179.4872,HIT/DEFESA,2.62,5
2017-09-14 17:00:00,34,1325.1,1324.61505,3.9258,81516.129,HIT/DEFESA,1.68,5
2017-09-14 18:00:00,34,1324.68,1324.61876,-3.6976,27823.5294,BREAK/RUPTURA,2.72,5
2017-09-14 19:00:00,134,1329.06,1329.55961,32.3073,6215.4567,HIT/DEFESA,0.52,5
2017-09-15 05:00:00,134,1329.56,1329.55787,-15.9947,11992.7536,HIT/DEFESA,-1.99,5
2017-09-15 06:00:00,134,1329.53,1329.55746,-9.2428,441333.3333,HIT/DEFESA,-5.65,5
2017-09-15 08:00:00,134,1329.87,1329.57949,2.3316,31625.0,BREAK/RUPTURA,-7.59,5
2017-09-15 09:00:00,34,1327.23,1327.50384,-17.2993,14724.8062,HIT/DEFESA,-0.8,5
2017-09-15 10:00:00,34,1327.57,1327.50762,-23.8963,53897.4359,HIT/DEFESA,-2.96,5
2017-09-15 14:00:00,34,1326.43,1326.83329,19.2616,13577.1889,BREAK/RUPTURA,-4.91,5
2017-09-19 20:00:00,34,1309.58,1310.15456,0.7637,15562.963,HIT/DEFESA,1.17,5
2017-09-19 22:00:00,34,1309.58,1310.16566,10.9315,7256.7568,HIT/DEFESA,2.19,5
2017-09-19 23:00:00,34,1310.97,1310.21162,10.6141,11697.8417,HIT/DEFESA,1.28,5
2017-09-20 00:00:00,34,1310.93,1310.25267,-0.3051,775600.0,BREAK/RUPTURA,1.12,5
2017-09-20 01:00:00,34,1310.75,1310.28109,8.9342,102485.7143,HIT/DEFESA,1.7,5
2017-09-20 02:00:00,34,1310.14,1310.27303,-6.3312,27508.1967,BREAK/RUPTURA,3.58,5
2017-09-20 14:00:00,34,1311.26,1311.74982,-28.0619,9415.0327,BREAK/RUPTURA,1.76,5
2017-09-20 15:00:00,34,1311.7,1311.74697,-26.3844,67119.0476,HIT/DEFESA,-10.7,5
2017-09-20 17:00:00,34,1311.57,1311.85663,2.3641,10404.1667,BREAK/RUPTURA,-10.57,5
2017-09-22 08:00:00,34,1297.77,1296.82834,11.34,917000.0,BREAK/RUPTURA,-2.44,5
2017-09-22 09:00:00,34,1296.61,1296.81586,-8.4765,24386.5546,HIT/DEFESA,-1.85,5
2017-09-22 10:00:00,34,1295.88,1296.76238,-14.7943,34236.1111,HIT/DEFESA,-0.48,5
2017-09-22 17:00:00,34,1295.98,1296.45926,9.4226,29210.5263,HIT/DEFESA,0.46,5
2017-09-22 20:00:00,34,1296.44,1296.29233,3.5494,10371.4286,HIT/DEFESA,13.97,5
2017-09-22 21:00:00,34,1296.88,1296.32591,16.8379,45969.697,BREAK/RUPTURA,-4.87,5
2017-09-22 22:00:00,34,1296.44,1296.33243,10.8105,23186.0465,BREAK/RUPTURA,-4.37,5
2017-09-22 23:00:00,34,1296.88,1296.36372,3.3939,45969.697,BREAK/RUPTURA,-4.38,5
2017-09-23 00:00:00,34,1296.89,1296.39379,0.0771,401700.0,BREAK/RUPTURA,-5.41,5
2017-09-25 11:00:00,34,1295.2,1295.12587,24.6126,14142.8571,HIT/DEFESA,3.03,5
2017-09-25 12:00:00,34,1294.43,1295.08611,20.4368,27597.4026,HIT/DEFESA,10.46,5
2017-09-26 09:00:00,34,1305.23,1304.31094,-57.663,7782.2014,HIT/DEFESA,-6.55,5
2017-09-26 09:00:00,134,1305.23,1304.45104,-57.663,7782.2014,HIT/DEFESA,-6.55,5
2017-09-28 19:00:00,34,1286.39,1285.93289,21.2673,25217.3913,HIT/DEFESA,0.72,5
2017-09-28 23:00:00,34,1286.09,1286.12766,-12.3478,12715.1899,HIT/DEFESA,-1.92,5
2017-09-29 00:00:00,34,1287.11,1286.1838,7.931,93730.9091,BREAK/RUPTURA,-2.2,5
2017-09-29 01:00:00,34,1286.95,1286.22758,-5.6691,33514.2857,HIT/DEFESA,-1.6,5
2017-09-29 02:00:00,34,1286.52,1286.24429,3.3435,47904.7619,BREAK/RUPTURA,-2.27,5
2017-09-29 06:00:00,34,1285.35,1285.94196,5.0595,21800.0,HIT/DEFESA,2.68,5
2017-09-29 13:00:00,34,1287.31,1286.44387,0.233,10978.1421,BREAK/RUPTURA,-3.98,5
2017-10-03 16:00:00,34,1273.3,1272.76949,23.0641,25944.4444,BREAK/RUPTURA,-1.39,5
2017-10-03 17:00:00,34,1273.68,1272.82152,26.529,62108.1081,BREAK/RUPTURA,-1.8,5
2017-10-03 18:00:00,34,1273.06,1272.83515,8.0186,29354.8387,BREAK/RUPTURA,-1.15,5
2017-10-03 19:00:00,34,1271.99,1272.78685,-10.2882,13923.8095,HIT/DEFESA,-0.38,5
2017-10-03 21:00:00,34,1271.91,1272.68789,-9.0334,411000.0,BREAK/RUPTURA,3.34,5
2017-10-03 22:00:00,34,1271.88,1272.64172,-0.8648,139600000.0,BREAK/RUPTURA,3.15,5
2017-10-03 23:00:00,34,1271.91,1272.59991,0.2359,411000.0,HIT/DEFESA,3.38,5
2017-10-04 00:00:00,34,1271.61,1272.54335,-2.3587,955406.25,BREAK/RUPTURA,3.68,5
2017-10-04 01:00:00,34,1272.43,1272.53687,4.3243,41388.8889,HIT/DEFESA,2.89,5
2017-10-04 12:00:00,134,1279.68,1280.57559,29.4689,6806.1538,BREAK/RUPTURA,-6.22,5
2017-10-04 13:00:00,134,1280.94,1280.58099,42.4925,19872.0,BREAK/RUPTURA,-7.27,5
2017-10-04 15:00:00,34,1275.23,1274.81261,-34.7743,19005.0,HIT/DEFESA,-0.74,5
2017-10-05 00:00:00,34,1274.68,1274.70187,-4.0778,240502.9412,HIT/DEFESA,-1.05,5
2017-10-05 03:00:00,34,1273.63,1274.59849,-8.2374,12887.7551,BREAK/RUPTURA,1.24,5
2017-10-05 04:00:00,34,1274.53,1274.59458,4.3957,12977.5281,HIT/DEFESA,0.78,5
2017-10-05 05:00:00,34,1273.63,1274.53946,-7.6886,6461.5385,BREAK/RUPTURA,4.78,5
2017-10-05 06:00:00,34,1274.91,1274.56063,10.05,10254.902,HIT/DEFESA,2.8,5
2017-10-05 07:00:00,34,1274.93,1274.58174,3.1384,263666.6667,HIT/DEFESA,3.57,5
2017-10-05 08:00:00,34,1274.87,1274.59821,9.736,369500.0,HIT/DEFESA,1.8,5
2017-10-05 09:00:00,34,1275.31,1274.63889,3.1375,50127.6596,HIT/DEFESA,1.47,5
2017-10-05 10:00:00,134,1278.41,1279.04271,27.2956,6300.9709,BREAK/RUPTURA,-3.79,5
2017-10-05 12:00:00,134,1278.5,1279.01521,25.0135,14949.3671,BREAK/RUPTURA,-5.77,5
2017-10-05 15:00:00,34,1274.62,1275.34053,-30.3481,19703.1963,HIT/DEFESA,-5.73,5
2017-10-06 23:00:00,134,1274.58,1275.56121,6.5162,17505.8824,HIT/DEFESA,5.73,5
2017-10-07 00:00:00,134,1276.21,1275.57082,12.7885,7262.3457,HIT/DEFESA,7.47,5
2017-10-09 01:00:00,134,1276.61,1275.70501,15.9268,160985.7143,HIT/DEFESA,6.05,5
2017-10-09 02:00:00,134,1275.93,1275.70834,-2.194,18073.5294,BREAK/RUPTURA,8.31,5
2017-10-11 04:00:00,34,1288.12,1287.22977,-11.399,41178.5714,BREAK/RUPTURA,1.11,5
2017-10-11 05:00:00,34,1287.42,1287.24064,-20.9283,15542.8571,BREAK/RUPTURA,2.47,5
2017-10-11 06:00:00,34,1287.41,1287.25032,-9.7775,1143000.0,BREAK/RUPTURA,1.95,5
2017-10-11 07:00:00,34,1288.3,1287.3103,1.3974,11415.7303,HIT/DEFESA,1.46,5
2017-10-11 16:00:00,34,1288.55,1288.18058,-13.4079,26250.0,BREAK/RUPTURA,4.1,5
2017-10-11 17:00:00,34,1288.14,1288.17826,-12.5605,60857.1429,BREAK/RUPTURA,1.58,5
2017-10-12 14:00:00,34,1292.17,1291.92293,-13.602,12063.6042,BREAK/RUPTURA,2.48,5
2017-10-12 15:00:00,34,1291.19,1291.88105,-26.7254,30329.8969,BREAK/RUPTURA,2.29,5
2017-10-12 17:00:00,34,1292.26,1292.00609,0.6965,12123.3766,HIT/DEFESA,1.22,5
2017-10-13 00:00:00,34,1293.3,1292.53037,-1.3916,535038.8889,BREAK/RUPTURA,2.72,5
2017-10-13 10:00:00,34,1294.45,1293.82894,-12.4993,16788.6179,BREAK/RUPTURA,7.11,5
2017-10-13 11:00:00,34,1293.76,1293.825,-24.1347,27585.7143,BREAK/RUPTURA,5.43,5
2017-10-13 12:00:00,34,1293.4,1293.80071,-17.5199,45171.4286,BREAK/RUPTURA,6.63,5
2017-10-17 02:00:00,134,1293.78,1293.59093,-6.334,14525.0,HIT/DEFESA,-1.89,5
2017-10-17 03:00:00,134,1292.76,1293.57862,-14.1357,22660.0,HIT/DEFESA,-3.19,5
2017-10-17 04:00:00,134,1293.56,1293.57834,-10.8883,19518.9873,HIT/DEFESA,-3.22,5
2017-10-17 05:00:00,134,1293.08,1293.57096,-5.4105,24395.8333,HIT/DEFESA,-3.75,5
2017-10-17 06:00:00,134,1292.66,1293.55746,-0.7735,25418.6047,HIT/DEFESA,-4.03,5
2017-10-19 08:00:00,34,1281.31,1282.07192,20.9599,9422.0963,HIT/DEFESA,5.38,5
2017-10-19 15:00:00,134,1287.25,1287.69229,10.8877,14496.2406,BREAK/RUPTURA,-1.04,5
2017-10-19 16:00:00,134,1287.69,1287.69226,7.7719,85869.5652,HIT/DEFESA,0.56,5
2017-10-19 17:00:00,134,1287.64,1287.69148,23.743,691800.0,BREAK/RUPTURA,-1.43,5
2017-10-19 18:00:00,134,1287.64,1287.69072,3.0297,2410000.0,HIT/DEFESA,0.61,5
2017-10-19 19:00:00,134,1288.01,1287.69545,2.4851,52257.1429,HIT/DEFESA,1.41,5
2017-10-19 21:00:00,134,1288.25,1287.68198,4.7373,11316.8317,HIT/DEFESA,1.09,5
2017-10-19 23:00:00,134,1288.25,1287.66891,15.8606,11316.8317,BREAK/RUPTURA,-4.64,5
2017-10-20 05:00:00,34,1284.49,1285.37636,-37.6161,18465.9091,HIT/DEFESA,-3.28,5
2017-10-20 13:00:00,34,1283.49,1284.24493,17.7957,17917.8082,BREAK/RUPTURA,-3.08,5
2017-10-23 00:00:00,34,1281.97,1282.37924,20.9491,43480.2273,BREAK/RUPTURA,-5.6,5
2017-10-23 17:00:00,34,1278.79,1278.04756,44.9308,6895.1965,HIT/DEFESA,0.97,5
2017-10-24 01:00:00,134,1282.63,1283.3574,22.4261,19150.9434,HIT/DEFESA,0.31,5
2017-10-24 02:00:00,134,1283.0,1283.35211,5.693,41750.0,BREAK/RUPTURA,-1.97,5
2017-10-24 04:00:00,134,1282.46,1283.30777,-1.3254,10300.813,HIT/DEFESA,-3.13,5
2017-10-24 05:00:00,134,1282.55,1283.29654,-3.5074,154333.3333,HIT/DEFESA,-4.56,5
2017-10-24 06:00:00,134,1282.94,1283.29126,13.4247,26157.8947,BREAK/RUPTURA,-3.52,5
2017-10-24 07:00:00,34,1281.03,1280.12399,-11.1504,7244.7917,HIT/DEFESA,-2.66,5
2017-10-24 08:00:00,34,1280.74,1280.15919,-14.1125,71928.5714,HIT/DEFESA,-4.14,5
2017-10-24 09:00:00,34,1279.33,1280.11181,-28.1385,16901.4085,HIT/DEFESA,-1.97,5
2017-10-24 11:00:00,34,1279.42,1279.95796,-10.3065,11524.4755,HIT/DEFESA,-5.13,5
2017-10-25 15:00:00,34,1275.86,1275.66936,21.2071,14676.2178,HIT/DEFESA,1.56,5
2017-10-25 16:00:00,34,1275.9,1275.68254,16.722,1254750.0,HIT/DEFESA,1.59,5
2017-10-25 17:00:00,34,1276.13,1275.70811,29.5512,159136.3636,HIT/DEFESA,1.29,5
2017-10-25 19:00:00,34,1276.45,1275.88207,4.3107,15911.7647,HIT/DEFESA,0.98,5
2017-10-26 01:00:00,134,1279.26,1279.93145,14.404,29741.9355,HIT/DEFESA,0.63,5
2017-10-26 02:00:00,134,1279.18,1279.92032,13.2291,175862.5,HIT/DEFESA,2.15,5
2017-10-26 04:00:00,134,1279.36,1279.91771,0.7817,12645.8333,BREAK/RUPTURA,-2.41,5
2017-10-26 05:00:00,134,1279.7,1279.91448,4.0651,29393.9394,BREAK/RUPTURA,-1.77,5
2017-10-26 06:00:00,134,1279.89,1279.91412,-3.2805,39631.5789,HIT/DEFESA,-2.04,5
2017-10-26 08:00:00,134,1280.22,1279.93931,4.0635,19531.5315,BREAK/RUPTURA,-4.54,5
2017-10-26 10:00:00,34,1277.93,1277.64198,-26.5349,20500.0,HIT/DEFESA,-3.74,5
2017-10-26 11:00:00,34,1277.85,1277.65387,-18.5124,230285.7143,HIT/DEFESA,-4.03,5
2017-10-26 12:00:00,34,1278.18,1277.68393,9.6323,47454.5455,BREAK/RUPTURA,-4.54,5
2017-10-26 14:00:00,34,1277.9,1277.58831,0.3913,26547.0852,BREAK/RUPTURA,-10.46,5
2017-10-27 16:00:00,34,1269.37,1269.7528,23.2149,17047.8873,HIT/DEFESA,3.43,5
2017-10-27 18:00:00,34,1269.96,1269.82268,32.2305,28081.3953,HIT/DEFESA,2.84,5
2017-10-27 19:00:00,34,1270.81,1269.87909,11.3442,15790.6977,HIT/DEFESA,2.66,5
2017-10-30 00:00:00,134,1276.28,1275.51062,28.9172,44975.8105,BREAK/RUPTURA,-4.61,5
2017-10-30 01:00:00,34,1271.97,1271.02223,-6.5211,61820.5128,HIT/DEFESA,-0.8,5
2017-10-30 02:00:00,34,1271.36,1271.04153,-16.5689,38145.1613,HIT/DEFESA,-1.61,5
2017-10-30 03:00:00,34,1270.88,1271.0323,-42.3105,36083.3333,HIT/DEFESA,-1.11,5
2017-10-30 04:00:00,34,1271.38,1271.05217,-4.6385,24320.0,HIT/DEFESA,-0.85,5
2017-10-30 06:00:00,34,1271.17,1271.09219,2.2819,19220.0,HIT/DEFESA,0.54,5
2017-10-30 09:00:00,34,1270.53,1270.92064,-5.0347,29157.8947,BREAK/RUPTURA,3.01,5
2017-10-30 10:00:00,34,1270.99,1270.92461,9.7657,34382.9787,HIT/DEFESA,2.18,5
2017-10-30 11:00:00,34,1271.71,1270.96949,15.2784,30722.2222,HIT/DEFESA,2.65,5
2017-10-30 12:00:00,34,1270.66,1270.9518,1.0232,14811.3208,HIT/DEFESA,7.42,5
2017-10-30 13:00:00,34,1270.1,1270.90313,-7.0024,55375.0,BREAK/RUPTURA,6.54,5
2017-10-30 16:00:00,134,1274.36,1274.65353,33.5407,27720.339,HIT/DEFESA,1.59,5
2017-10-31 02:00:00,134,1275.33,1274.77821,-5.9557,20419.7531,BREAK/RUPTURA,1.97,5
2017-10-31 10:00:00,134,1275.51,1274.93193,-14.0139,21492.9577,HIT/DEFESA,-6.35,5
2017-10-31 12:00:00,34,1273.62,1274.17904,-20.4509,22986.6667,HIT/DEFESA,-4.46,5
2017-11-01 00:00:00,134,1274.53,1274.21152,32.0356,58158.1081,BREAK/RUPTURA,-5.11,5
2017-11-01 06:00:00,34,1272.28,1271.73069,20.7933,6161.4035,HIT/DEFESA,6.52,5
2017-11-01 07:00:00,134,1274.79,1273.85032,37.3214,11243.0279,HIT/DEFESA,1.81,5
2017-11-01 14:00:00,34,1273.16,1273.34254,-44.1038,16066.3265,BREAK/RUPTURA,1.29,5
2017-11-01 14:00:00,134,1273.16,1274.08708,-44.1038,16066.3265,BREAK/RUPTURA,1.29,5
2017-11-01 19:00:00,34,1274.45,1274.05214,-16.998,44585.7143,BREAK/RUPTURA,1.43,5
2017-11-01 19:00:00,134,1274.45,1274.23802,-16.998,44585.7143,BREAK/RUPTURA,1.43,5
2017-11-01 20:00:00,134,1275.25,1274.25301,-11.3574,34362.5,BREAK/RUPTURA,2.15,5
2017-11-01 21:00:00,34,1274.45,1274.13941,-10.9731,25772.1519,BREAK/RUPTURA,5.88,5
2017-11-01 21:00:00,134,1274.45,1274.25593,-10.9731,25772.1519,BREAK/RUPTURA,5.88,5
2017-11-01 22:00:00,134,1275.25,1274.27066,6.2772,34362.5,HIT/DEFESA,4.25,5
2017-11-02 09:00:00,34,1275.94,1276.06706,-19.7112,19279.661,BREAK/RUPTURA,1.23,5
2017-11-02 10:00:00,34,1276.19,1276.07409,-20.3317,82916.6667,BREAK/RUPTURA,3.31,5
2017-11-02 11:00:00,34,1275.88,1276.063,-9.7876,48516.129,BREAK/RUPTURA,2.79,5
2017-11-02 11:00:00,134,1275.88,1274.8864,-9.7876,48516.129,BREAK/RUPTURA,2.79,5
2017-11-02 12:00:00,134,1274.7,1274.88364,-9.7183,17355.9322,BREAK/RUPTURA,1.69,5
2017-11-02 13:00:00,34,1276.4,1276.00882,1.6455,25864.7059,HIT/DEFESA,0.65,5
2017-11-02 17:00:00,34,1276.39,1276.40694,-6.1073,14039.3013,HIT/DEFESA,-0.22,5
2017-11-02 19:00:00,34,1277.45,1276.50119,-9.5412,46225.0,HIT/DEFESA,-7.76,5
2017-11-02 20:00:00,34,1276.17,1276.48227,-1.7236,18484.375,BREAK/RUPTURA,1.87,5
2017-11-03 02:00:00,34,1277.31,1276.34191,-1.0959,19625.0,HIT/DEFESA,-1.84,5
2017-11-03 03:00:00,34,1276.57,1276.35494,54.1865,19959.4595,BREAK/RUPTURA,-1.66,5
2017-11-03 04:00:00,34,1276.65,1276.3718,-10.876,113625.0,HIT/DEFESA,-0.9,5
2017-11-03 05:00:00,34,1277.16,1276.41684,-1.1743,13529.4118,HIT/DEFESA,-1.96,5
2017-11-03 06:00:00,34,1276.98,1276.44902,3.2117,50470.5882,BREAK/RUPTURA,-1.68,5
2017-11-03 07:00:00,34,1275.47,1276.39308,-9.2429,10060.0,HIT/DEFESA,-1.11,5
2017-11-03 07:00:00,134,1275.47,1275.32883,-9.2429,10060.0,HIT/DEFESA,-1.11,5
2017-11-03 08:00:00,134,1274.91,1275.32262,-17.6172,29428.5714,BREAK/RUPTURA,1.67,5
2017-11-03 09:00:00,34,1275.75,1276.27643,-9.6321,17927.7108,BREAK/RUPTURA,1.29,5
2017-11-03 09:00:00,134,1275.75,1275.32896,-9.6321,17927.7108,BREAK/RUPTURA,1.29,5
2017-11-03 10:00:00,134,1275.2,1275.32704,-2.1169,24890.9091,HIT/DEFESA,-8.75,5
2017-11-03 11:00:00,34,1275.3,1276.16264,3.059,138700.0,BREAK/RUPTURA,-6.7,5
2017-11-03 11:00:00,134,1275.3,1275.32664,3.059,138700.0,BREAK/RUPTURA,-6.7,5
2017-11-03 12:00:00,134,1274.36,1275.31232,-10.8956,15372.3404,HIT/DEFESA,-5.91,5
2017-11-03 13:00:00,34,1276.58,1276.08936,10.8218,24162.1622,BREAK/RUPTURA,-8.4,5
2017-11-03 14:00:00,34,1277.04,1276.14369,13.6438,77177.7778,BREAK/RUPTURA,-8.2,5
2017-11-06 11:00:00,34,1271.96,1271.85476,23.4044,11194.6309,HIT/DEFESA,0.97,5
2017-11-06 12:00:00,34,1272.19,1271.87392,10.2291,65916.6667,HIT/DEFESA,6.81,5
2017-11-06 13:00:00,34,1271.25,1271.83827,6.1395,20505.3763,HIT/DEFESA,9.61,5
2017-11-06 14:00:00,34,1271.68,1271.82922,-2.2013,66410.2564,BREAK/RUPTURA,9.89,5
2017-11-06 15:00:00,34,1271.87,1271.83155,-2.5153,134111.1111,BREAK/RUPTURA,8.78,5
2017-11-06 16:00:00,134,1272.93,1273.76545,13.2153,24923.8095,HIT/DEFESA,7.92,5
2017-11-07 09:00:00,34,1276.52,1276.70471,-18.1414,11253.1646,BREAK/RUPTURA,1.46,5
2017-11-07 11:00:00,34,1277.0,1276.68577,-14.7784,18010.4167,HIT/DEFESA,-1.27,5
2017-11-07 12:00:00,34,1276.08,1276.65116,-3.4469,18369.5652,HIT/DEFESA,-0.63,5
2017-11-07 12:00:00,134,1276.08,1275.15453,-3.4469,18369.5652,HIT/DEFESA,-0.63,5
2017-11-07 13:00:00,34,1277.05,1276.67395,7.9151,16752.5773,BREAK/RUPTURA,-2.14,5
2017-11-07 18:00:00,134,1274.91,1275.24706,-11.9082,43528.3019,BREAK/RUPTURA,1.3,5
2017-11-07 20:00:00,34,1276.38,1276.41222,7.2915,10758.3893,HIT/DEFESA,0.42,5
2017-11-07 21:00:00,34,1276.21,1276.40067,10.1968,109250.0,HIT/DEFESA,0.65,5
2017-11-07 21:00:00,134,1276.21,1275.27273,10.1968,109250.0,HIT/DEFESA,0.65,5
2017-11-07 22:00:00,34,1276.38,1276.39949,11.6873,56444.4444,HIT/DEFESA,0.62,5
2017-11-07 23:00:00,34,1276.21,1276.38866,-1.3319,156208.3333,BREAK/RUPTURA,1.37,5
2017-11-07 23:00:00,134,1276.21,1275.30277,-1.3319,156208.3333,BREAK/RUPTURA,1.37,5
2017-11-08 00:00:00,134,1275.28,1275.30244,-7.2872,47392.7083,BREAK/RUPTURA,3.35,5
2017-11-08 01:00:00,34,1276.8,1276.35243,3.2906,20171.0526,HIT/DEFESA,1.12,5
2017-11-08 02:00:00,34,1276.86,1276.38144,5.0932,298666.6667,HIT/DEFESA,0.35,5
2017-11-08 03:00:00,34,1277.0,1276.41678,13.4872,96071.4286,HIT/DEFESA,0.61,5
2017-11-08 07:00:00,34,1277.21,1276.71124,-2.8961,25239.4366,BREAK/RUPTURA,2.26,5
2017-11-08 08:00:00,34,1277.61,1276.7626,-7.9773,50550.0,BREAK/RUPTURA,3.13,5
2017-11-09 01:00:00,34,1280.78,1279.97033,-10.3735,15320.7547,BREAK/RUPTURA,2.82,5
2017-11-09 03:00:00,34,1280.84,1280.09544,-2.7318,29037.7358,BREAK/RUPTURA,3.48,5
2017-11-09 16:00:00,34,1282.27,1282.32239,-35.7456,16410.9589,BREAK/RUPTURA,3.81,5
2017-11-10 06:00:00,34,1284.78,1284.31729,-4.4346,110416.6667,HIT/DEFESA,-0.19,5
2017-11-10 08:00:00,34,1283.75,1284.35991,-7.1614,13173.4694,BREAK/RUPTURA,1.2,5
2017-11-10 10:00:00,34,1284.77,1284.34186,-7.3111,17258.3333,HIT/DEFESA,-0.6,5
2017-11-10 12:00:00,34,1283.79,1284.3237,1.5581,20814.8148,BREAK/RUPTURA,-8.03,5
2017-11-10 13:00:00,34,1284.95,1284.35949,1.401,16444.4444,BREAK/RUPTURA,-8.93,5
2017-11-10 15:00:00,34,1284.17,1284.36108,2.96,70024.3902,BREAK/RUPTURA,-9.01,5
2017-11-10 16:00:00,34,1283.67,1284.32159,-9.9615,59180.0,HIT/DEFESA,-8.01,5
2017-11-13 11:00:00,34,1278.74,1278.75875,17.548,11771.1864,HIT/DEFESA,0.06,5
2017-11-13 11:00:00,134,1278.74,1279.29408,17.548,11771.1864,HIT/DEFESA,0.06,5
2017-11-13 13:00:00,34,1277.91,1278.71086,2.7396,17895.3488,HIT/DEFESA,1.04,5
2017-11-13 16:00:00,34,1278.8,1278.57018,6.9645,17493.5065,BREAK/RUPTURA,-1.23,5
2017-11-13 16:00:00,134,1278.8,1279.20263,6.9645,17493.5065,BREAK/RUPTURA,-1.23,5
2017-11-13 17:00:00,34,1278.0,1278.53759,4.8537,27587.5,HIT/DEFESA,0.86,5
2017-11-13 18:00:00,34,1278.95,1278.56116,13.2314,15515.7895,BREAK/RUPTURA,-1.38,5
2017-11-13 18:00:00,134,1278.95,1279.18133,13.2314,15515.7895,BREAK/RUPTURA,-1.38,5
2017-11-13 20:00:00,34,1278.86,1278.59164,6.7293,213333.3333,BREAK/RUPTURA,-1.36,5
2017-11-13 20:00:00,134,1278.86,1279.17115,6.7293,213333.3333,BREAK/RUPTURA,-1.36,5
2017-11-13 21:00:00,34,1277.57,1278.53326,-10.7901,10515.625,HIT/DEFESA,-0.7,5
2017-11-13 22:00:00,34,1278.86,1278.55194,0.391,6669.2308,BREAK/RUPTURA,-2.2,5
2017-11-13 22:00:00,134,1278.86,1279.14317,0.391,6669.2308,BREAK/RUPTURA,-2.2,5
2017-11-13 23:00:00,34,1277.57,1278.49582,-10.0871,127954.5455,HIT/DEFESA,-1.26,5
2017-11-14 00:00:00,34,1277.97,1278.46578,3.1309,2611700.0,BREAK/RUPTURA,-1.61,5
2017-11-14 01:00:00,34,1277.5,1278.41059,-10.6345,52933.3333,HIT/DEFESA,-0.75,5
2017-11-14 16:00:00,134,1278.56,1278.23267,30.9899,10717.3913,HIT/DEFESA,1.61,5
2017-11-14 17:00:00,134,1278.2,1278.23218,53.3262,76166.6667,HIT/DEFESA,3.07,5
2017-11-15 21:00:00,134,1278.54,1279.34011,6.1044,31791.0448,HIT/DEFESA,0.32,5
2017-11-16 00:00:00,134,1278.39,1279.29336,-1.1732,665613.3333,HIT/DEFESA,-1.89,5
2017-11-16 01:00:00,134,1278.34,1279.27924,3.5997,15567.5676,BREAK/RUPTURA,-2.0,5
2017-11-16 02:00:00,34,1278.86,1279.81491,2.5029,26372.549,BREAK/RUPTURA,-1.3,5
2017-11-16 02:00:00,134,1278.86,1279.27303,2.5029,26372.549,BREAK/RUPTURA,-1.3,5
2017-11-16 03:00:00,134,1278.43,1279.26054,0.3129,31309.5238,BREAK/RUPTURA,-2.53,5
2017-11-16 04:00:00,134,1278.4,1279.24779,0.4694,292666.6667,BREAK/RUPTURA,-1.38,5
2017-11-16 11:00:00,34,1278.06,1278.79073,16.9292,67538.4615,HIT/DEFESA,1.93,5
2017-11-16 11:00:00,134,1278.06,1279.02885,16.9292,67538.4615,HIT/DEFESA,1.93,5
2017-11-16 12:00:00,34,1278.16,1278.75469,8.927,195111.1111,HIT/DEFESA,1.65,5
2017-11-16 12:00:00,134,1278.16,1279.01598,8.927,195111.1111,HIT/DEFESA,1.65,5
2017-11-16 16:00:00,134,1279.99,1279.03042,22.394,83813.9535,BREAK/RUPTURA,-1.53,5
2017-11-16 17:00:00,34,1279.81,1278.92608,2.8137,145529.4118,BREAK/RUPTURA,-1.42,5
2017-11-16 17:00:00,134,1279.81,1279.04197,2.8137,145529.4118,BREAK/RUPTURA,-1.42,5
2017-11-16 19:00:00,34,1278.56,1278.97811,-11.172,12232.5581,HIT/DEFESA,-0.22,5
2017-11-16 19:00:00,134,1278.56,1279.0529,-11.172,12232.5581,HIT/DEFESA,-0.22,5
2017-11-16 20:00:00,34,1278.39,1278.9445,-11.0954,100888.8889,BREAK/RUPTURA,1.49,5
2017-11-16 20:00:00,134,1278.39,1279.04308,-11.0954,100888.8889,BREAK/RUPTURA,1.49,5
2017-11-16 21:00:00,34,1278.46,1278.91681,-14.2156,172000.0,BREAK/RUPTURA,4.71,5
2017-11-16 21:00:00,134,1278.46,1279.03444,-14.2156,172000.0,BREAK/RUPTURA,4.71,5
2017-11-16 22:00:00,34,1278.39,1278.88671,-1.3296,99000.0,BREAK/RUPTURA,4.82,5
2017-11-16 22:00:00,134,1278.39,1279.02489,-1.3296,99000.0,BREAK/RUPTURA,4.82,5
2017-11-16 23:00:00,34,1278.46,1278.86233,0.5476,113500.0,HIT/DEFESA,4.62,5
2017-11-16 23:00:00,134,1278.46,1279.01652,0.5476,113500.0,HIT/DEFESA,4.62,5
2017-11-17 00:00:00,34,1278.34,1278.83248,-0.9386,2025427.2727,BREAK/RUPTURA,4.28,5
2017-11-17 00:00:00,134,1278.34,1279.0065,-0.9386,2025427.2727,BREAK/RUPTURA,4.28,5
2017-11-17 01:00:00,34,1279.88,1278.89234,11.6553,27984.8485,HIT/DEFESA,1.96,5
2017-11-17 01:00:00,134,1279.88,1279.01944,11.6553,27984.8485,HIT/DEFESA,1.96,5
2017-11-20 14:00:00,34,1289.44,1289.00404,-15.8731,8827.2727,HIT/DEFESA,-13.18,5
2017-11-21 15:00:00,134,1282.66,1282.10253,38.1127,7532.6633,BREAK/RUPTURA,-1.95,5
2017-11-21 16:00:00,34,1281.51,1281.5051,28.7203,29666.6667,BREAK/RUPTURA,-1.86,5
2017-11-21 16:00:00,134,1281.51,1282.09375,28.7203,29666.6667,BREAK/RUPTURA,-1.86,5
2017-11-21 17:00:00,134,1282.65,1282.102,46.6832,21818.9655,BREAK/RUPTURA,-1.94,5
2017-11-21 18:00:00,34,1282.28,1281.61107,-2.9626,68216.2162,HIT/DEFESA,-2.63,5
2017-11-21 18:00:00,134,1282.28,1282.10463,-2.9626,68216.2162,HIT/DEFESA,-2.63,5
2017-11-21 19:00:00,34,1281.49,1281.60415,-0.1561,33269.2308,HIT/DEFESA,-1.09,5
2017-11-21 19:00:00,134,1281.49,1282.09553,-0.1561,33269.2308,HIT/DEFESA,-1.09,5
2017-11-21 22:00:00,34,1280.71,1281.40235,-6.0867,11451.9231,HIT/DEFESA,-1.4,5
2017-11-22 02:00:00,34,1281.29,1281.27766,12.816,34953.4884,HIT/DEFESA,1.31,5
2017-11-22 02:00:00,134,1281.29,1281.94721,12.816,34953.4884,HIT/DEFESA,1.31,5
2017-11-22 05:00:00,34,1280.34,1281.04559,-7.4144,22038.4615,BREAK/RUPTURA,2.79,5
2017-11-22 06:00:00,34,1281.6,1281.07727,17.9003,9748.0315,HIT/DEFESA,2.31,5
2017-11-22 06:00:00,134,1281.6,1281.85066,17.9003,9748.0315,HIT/DEFESA,2.31,5
2017-11-22 07:00:00,134,1282.6,1281.86177,21.7218,16257.4257,HIT/DEFESA,1.02,5
2017-11-23 10:00:00,34,1288.51,1287.77166,-8.2973,17741.9355,BREAK/RUPTURA,2.64,5
2017-11-24 01:00:00,34,1290.06,1289.49055,-6.8941,13087.3016,BREAK/RUPTURA,1.52,5
2017-11-24 07:00:00,34,1290.73,1290.13918,-7.6642,15593.0233,HIT/DEFESA,-3.54,5
2017-11-24 08:00:00,34,1291.14,1290.19637,-4.4901,54190.4762,HIT/DEFESA,-2.65,5
2017-11-24 09:00:00,34,1290.85,1290.23372,-5.652,81965.5172,HIT/DEFESA,-2.54,5
2017-11-24 11:00:00,34,1289.21,1290.14108,-14.948,57078.9474,HIT/DEFESA,-0.52,5
2017-11-24 12:00:00,134,1287.19,1286.28962,-28.3534,14004.9261,BREAK/RUPTURA,1.16,5
2017-11-24 15:00:00,34,1289.99,1289.80857,21.7528,19215.5689,BREAK/RUPTURA,-1.84,5
2017-11-24 21:00:00,34,1288.48,1289.37627,2.5618,24863.6364,HIT/DEFESA,1.02,5
2017-11-24 22:00:00,34,1288.38,1289.31934,0.2329,3643.75,HIT/DEFESA,1.43,5
2017-11-27 01:00:00,134,1287.1,1286.72013,-10.7103,59727.2727,BREAK/RUPTURA,3.11,5
2017-11-27 02:00:00,34,1289.05,1289.43942,5.2003,10581.6327,HIT/DEFESA,1.1,5
2017-11-27 03:00:00,34,1289.5,1289.44288,-37.3936,45488.8889,BREAK/RUPTURA,1.31,5
2017-11-27 04:00:00,34,1289.81,1289.46386,21.0551,37200.0,HIT/DEFESA,1.88,5
2017-11-27 05:00:00,34,1290.32,1289.51278,9.8522,20960.7843,HIT/DEFESA,1.7,5
2017-11-27 06:00:00,34,1290.21,1289.55262,5.506,101363.6364,HIT/DEFESA,3.89,5
2017-11-27 07:00:00,34,1290.15,1289.58676,2.636,208714.2857,HIT/DEFESA,4.15,5
2017-11-28 03:00:00,34,1293.81,1292.96988,-3.7086,82368.4211,HIT/DEFESA,-0.87,5
2017-11-28 08:00:00,34,1292.94,1293.18845,-7.8056,26666.6667,BREAK/RUPTURA,2.52,5
2017-11-28 09:00:00,34,1293.08,1293.18225,-9.4259,156266.6667,BREAK/RUPTURA,2.19,5
2017-11-28 10:00:00,34,1293.66,1293.20955,-1.5458,33596.4912,HIT/DEFESA,-0.94,5
2017-11-28 11:00:00,34,1293.16,1293.20672,1.7015,34980.3922,HIT/DEFESA,1.78,5
2017-11-28 15:00:00,34,1292.72,1293.46552,-13.5962,12808.5938,HIT/DEFESA,-0.59,5
2017-11-28 18:00:00,34,1294.45,1293.71653,13.3826,24508.0645,BREAK/RUPTURA,-1.12,5
2017-11-28 21:00:00,34,1293.33,1293.70159,-8.6523,15858.3333,HIT/DEFESA,-0.13,5
2017-11-28 23:00:00,34,1293.33,1293.59569,9.287,172750.0,HIT/DEFESA,2.17,5
2017-11-29 00:00:00,34,1293.85,1293.61022,4.0206,652177.1429,HIT/DEFESA,1.67,5
2017-11-29 01:00:00,34,1293.83,1293.62278,13.1566,137666.6667,HIT/DEFESA,1.17,5
2017-11-29 02:00:00,34,1293.2,1293.59862,-1.0052,23281.25,BREAK/RUPTURA,2.22,5
2017-11-29 10:00:00,34,1294.49,1294.24684,-7.1791,12208.0537,HIT/DEFESA,-10.51,5
2017-11-29 11:00:00,34,1294.69,1294.27216,-8.3348,78380.9524,HIT/DEFESA,-9.3,5
2017-11-29 12:00:00,34,1294.55,1294.28804,-11.0341,116857.1429,HIT/DEFESA,-9.33,5
2017-11-29 13:00:00,34,1294.41,1294.29501,-0.618,99705.8824,HIT/DEFESA,-11.82,5
2017-12-01 17:00:00,134,1283.87,1284.39987,86.3396,8989.5397,BREAK/RUPTURA,-1.54,5
2017-12-01 18:00:00,134,1283.65,1284.38876,70.0546,220178.5714,BREAK/RUPTURA,-3.01,5
2017-12-02 00:00:00,34,1279.87,1279.07744,-6.0126,10258.9744,HIT/DEFESA,-5.37,5
2017-12-02 01:00:00,34,1279.81,1279.1193,-19.6517,1888.7324,HIT/DEFESA,-5.35,5
2017-12-04 16:00:00,34,1275.24,1276.16568,13.4272,681285.7143,HIT/DEFESA,1.07,5
2017-12-04 20:00:00,34,1275.28,1275.7983,9.89,30114.7541,HIT/DEFESA,1.04,5
2017-12-04 22:00:00,34,1275.28,1275.79625,4.864,13326.9231,HIT/DEFESA,0.56,5
2017-12-04 23:00:00,34,1276.31,1275.82561,8.0767,168041.6667,BREAK/RUPTURA,-1.01,5
2017-12-05 00:00:00,34,1276.02,1275.83672,-2.2722,567992.3077,HIT/DEFESA,-1.69,5
2017-12-05 02:00:00,34,1275.96,1275.8698,-2.7423,34594.5946,HIT/DEFESA,-0.48,5
2017-12-05 03:00:00,34,1275.84,1275.8681,-1.4106,65538.4615,HIT/DEFESA,-0.28,5
2017-12-05 06:00:00,34,1275.85,1275.75534,0.0784,7437.9085,HIT/DEFESA,0.08,5
2017-12-05 07:00:00,34,1275.48,1275.7396,1.4114,28973.6842,HIT/DEFESA,0.32,5
2017-12-05 08:00:00,34,1275.56,1275.72934,9.6521,271714.2857,BREAK/RUPTURA,-1.72,5
2017-12-05 09:00:00,34,1275.37,1275.70881,-3.7622,89052.6316,HIT/DEFESA,-1.51,5
2017-12-05 10:00:00,34,1275.88,1275.71859,3.1361,27254.902,BREAK/RUPTURA,-9.01,5
2017-12-05 11:00:00,34,1275.93,1275.73067,2.9007,309200.0,BREAK/RUPTURA,-11.95,5
2017-12-05 12:00:00,34,1275.8,1275.73463,3.3716,110500.0,BREAK/RUPTURA,-12.0,5
2017-12-11 03:00:00,34,1248.37,1249.24561,50.6409,54666.6667,HIT/DEFESA,1.33,5
2017-12-11 04:00:00,34,1248.56,1249.20644,9.9413,37521.7391,HIT/DEFESA,1.17,5
2017-12-11 05:00:00,34,1248.68,1249.17635,3.7654,26800.0,HIT/DEFESA,2.05,5
2017-12-11 06:00:00,34,1249.54,1249.19713,9.3722,10395.3488,HIT/DEFESA,1.57,5
2017-12-11 07:00:00,34,1249.76,1249.2293,9.6111,40956.5217,HIT/DEFESA,0.45,5
2017-12-11 08:00:00,34,1249.7,1249.25619,8.1686,279400.0,HIT/DEFESA,0.7,5
2017-12-11 09:00:00,34,1249.73,1249.28327,1.5206,533333.3333,BREAK/RUPTURA,-2.36,5
2017-12-11 12:00:00,34,1250.21,1249.50814,3.8408,12450.5495,BREAK/RUPTURA,-3.67,5
2017-12-11 13:00:00,34,1250.4,1249.5591,-2.6385,82105.2632,HIT/DEFESA,-4.74,5
2017-12-12 07:00:00,34,1245.7,1246.13772,11.7341,9631.5789,BREAK/RUPTURA,-2.61,5
2017-12-12 20:00:00,34,1243.0,1243.59485,41.7666,9836.2069,HIT/DEFESA,0.39,5
2017-12-12 21:00:00,34,1244.38,1243.63972,42.6116,12038.7597,BREAK/RUPTURA,-1.45,5
2017-12-12 22:00:00,34,1243.0,1243.60316,18.6994,7350.365,HIT/DEFESA,0.47,5
2017-12-13 00:00:00,34,1243.84,1243.65855,-4.3395,1103388.2353,HIT/DEFESA,-0.37,5
2017-12-13 01:00:00,34,1243.39,1243.64321,3.1376,386000.0,HIT/DEFESA,0.66,5
2017-12-13 03:00:00,34,1243.47,1243.59488,-2.9747,12648.1481,HIT/DEFESA,-1.7,5
2017-12-13 04:00:00,34,1244.02,1243.61918,5.0668,23250.0,BREAK/RUPTURA,-1.96,5
2017-12-13 05:00:00,34,1243.47,1243.61065,4.3446,11109.0909,BREAK/RUPTURA,-2.39,5
2017-12-13 06:00:00,34,1244.05,1243.63576,4.6644,9842.1053,BREAK/RUPTURA,-2.54,5
2017-12-13 07:00:00,34,1243.54,1243.63028,-3.8585,14519.2308,HIT/DEFESA,-2.52,5
2017-12-13 15:00:00,34,1243.49,1243.09342,19.903,25660.7143,HIT/DEFESA,13.15,5
2017-12-14 15:00:00,34,1251.47,1252.06984,-41.9339,16143.4426,BREAK/RUPTURA,3.62,5
2017-12-14 15:00:00,134,1251.47,1251.98171,-41.9339,16143.4426,BREAK/RUPTURA,3.62,5
2017-12-14 17:00:00,34,1252.83,1252.20057,-8.2146,35200.0,BREAK/RUPTURA,2.26,5
2017-12-14 17:00:00,134,1252.83,1252.01921,-8.2146,35200.0,BREAK/RUPTURA,2.26,5
2017-12-14 21:00:00,34,1253.04,1252.6241,-11.4789,7760.9756,BREAK/RUPTURA,1.1,5
2017-12-14 21:00:00,134,1253.04,1252.14796,-11.4789,7760.9756,BREAK/RUPTURA,1.1,5
2017-12-14 23:00:00,34,1253.04,1252.78072,-16.3335,126807.6923,BREAK/RUPTURA,1.45,5
2017-12-14 23:00:00,134,1253.04,1252.20411,-16.3335,126807.6923,BREAK/RUPTURA,1.45,5
2017-12-15 00:00:00,34,1252.52,1252.76582,-4.1499,525262.8571,BREAK/RUPTURA,2.0,5
2017-12-15 00:00:00,134,1252.52,1252.20879,-4.1499,525262.8571,BREAK/RUPTURA,2.0,5
2017-12-15 01:00:00,34,1253.2,1252.79063,-15.0587,50047.619,BREAK/RUPTURA,1.82,5
2017-12-15 01:00:00,134,1253.2,1252.22348,-15.0587,50047.619,BREAK/RUPTURA,1.82,5
2017-12-15 16:00:00,34,1254.35,1254.88228,-28.1424,27167.6647,BREAK/RUPTURA,1.29,5
2017-12-15 18:00:00,34,1254.04,1254.84803,-15.6846,18112.1495,BREAK/RUPTURA,1.6,5
2017-12-15 18:00:00,134,1254.04,1253.06672,-15.6846,18112.1495,BREAK/RUPTURA,1.6,5
2017-12-15 19:00:00,34,1254.32,1254.81786,-0.2392,50264.7059,BREAK/RUPTURA,1.03,5
2017-12-15 21:00:00,34,1255.64,1254.93607,12.7588,34428.5714,HIT/DEFESA,6.35,5
2017-12-15 23:00:00,34,1255.64,1255.04116,-3.9804,360400.0,HIT/DEFESA,-2.03,5
2017-12-16 00:00:00,34,1255.35,1255.05881,-2.3096,28116.6667,HIT/DEFESA,-0.63,5
2017-12-16 01:00:00,34,1255.24,1255.06916,-7.1648,3945.7143,HIT/DEFESA,-0.52,5
2017-12-18 01:00:00,134,1254.11,1253.44653,-9.8777,44851.8519,BREAK/RUPTURA,1.59,5
2017-12-18 02:00:00,134,1253.61,1253.44895,-12.9856,28156.8627,BREAK/RUPTURA,2.89,5
2017-12-18 03:00:00,34,1254.72,1255.25335,-57.6074,9973.2143,BREAK/RUPTURA,2.45,5
2017-12-18 04:00:00,34,1254.72,1255.22287,4.864,923000.0,HIT/DEFESA,2.28,5
2017-12-18 05:00:00,34,1255.4,1255.233,14.2788,11088.2353,HIT/DEFESA,2.03,5
2017-12-18 06:00:00,34,1255.7,1255.25968,7.8105,27448.2759,HIT/DEFESA,2.65,5
2017-12-19 14:00:00,34,1261.62,1261.0947,-12.9823,13894.7368,HIT/DEFESA,-0.7,5
2017-12-19 16:00:00,34,1261.13,1261.10724,-17.3353,132400.0,BREAK/RUPTURA,1.09,5
2017-12-19 20:00:00,34,1261.65,1261.04336,7.7736,20301.3699,HIT/DEFESA,0.39,5
2017-12-19 22:00:00,34,1261.65,1261.14142,5.7894,12812.5,HIT/DEFESA,2.09,5
2017-12-20 00:00:00,34,1261.7,1261.23145,-4.1197,3254916.6667,BREAK/RUPTURA,2.16,5
2017-12-20 01:00:00,34,1262.04,1261.27765,3.0912,26000.0,HIT/DEFESA,1.24,5
2017-12-20 14:00:00,34,1263.8,1262.88988,-10.5917,9893.9394,BREAK/RUPTURA,1.81,5
2017-12-20 15:00:00,34,1263.21,1262.90817,-15.6498,41271.1864,BREAK/RUPTURA,2.68,5
2017-12-21 07:00:00,34,1265.7,1264.96821,-13.8073,34233.3333,HIT/DEFESA,-0.67,5
2017-12-21 08:00:00,34,1265.35,1264.99003,-17.1988,46923.0769,HIT/DEFESA,-0.91,5
2017-12-21 10:00:00,34,1265.39,1265.02743,-2.4492,76428.5714,HIT/DEFESA,-0.9,5
2017-12-21 12:00:00,34,1265.03,1265.05519,-1.8178,19666.6667,BREAK/RUPTURA,2.3,5
2017-12-21 13:00:00,34,1264.44,1265.02004,-7.5076,25189.6552,BREAK/RUPTURA,2.66,5
2017-12-21 14:00:00,34,1265.56,1265.05089,0.158,20184.6154,HIT/DEFESA,0.91,5
2017-12-21 15:00:00,34,1264.49,1265.01884,-4.2687,24745.283,BREAK/RUPTURA,2.29,5
2017-12-21 16:00:00,34,1265.36,1265.03834,7.2759,26351.6484,HIT/DEFESA,2.13,5
2017-12-22 00:00:00,34,1266.53,1265.77068,-7.574,5461700.0,HIT/DEFESA,-0.18,5
2017-12-22 01:00:00,34,1265.99,1265.78322,-6.2363,12311.4583,BREAK/RUPTURA,1.01,5
2017-12-22 03:00:00,34,1265.97,1265.8018,-4.4215,128000.0,BREAK/RUPTURA,2.01,5
2017-12-22 04:00:00,34,1265.93,1265.80912,-0.4739,133750.0,BREAK/RUPTURA,2.19,5
2017-12-22 05:00:00,34,1266.35,1265.84003,3.3177,11696.9697,HIT/DEFESA,1.41,5
2017-12-22 07:00:00,34,1266.92,1265.96424,7.8203,104428.5714,HIT/DEFESA,1.48,5
2018-01-03 20:00:00,34,1312.95,1313.56813,-30.6003,14364.2173,HIT/DEFESA,-3.74,5
2018-01-03 22:00:00,34,1312.95,1313.6078,-24.0859,10064.3564,HIT/DEFESA,-5.96,5
2018-01-04 00:00:00,34,1312.81,1313.63506,-16.3503,1652585.7143,HIT/DEFESA,-4.85,5
2018-01-04 09:00:00,34,1311.67,1311.81041,12.0602,15000.0,HIT/DEFESA,3.12,5
2018-01-04 12:00:00,34,1312.91,1312.05979,9.4536,22163.9344,HIT/DEFESA,6.26,5
2018-01-05 07:00:00,34,1318.32,1317.81129,-22.8556,9638.2979,HIT/DEFESA,-1.31,5
2018-01-05 08:00:00,34,1318.24,1317.83578,-27.612,205571.4286,HIT/DEFESA,-0.82,5
2018-01-05 09:00:00,34,1318.02,1317.84631,-16.437,69095.2381,BREAK/RUPTURA,2.76,5
2018-01-05 11:00:00,34,1317.43,1317.76076,-6.1446,15493.5065,BREAK/RUPTURA,1.47,5
2018-01-05 12:00:00,34,1317.01,1317.71786,-7.663,32181.8182,BREAK/RUPTURA,4.48,5
2018-01-05 13:00:00,34,1317.42,1317.70084,5.4682,34547.619,HIT/DEFESA,3.2,5
2018-01-08 05:00:00,34,1320.21,1319.32814,-4.8454,58636.3636,HIT/DEFESA,-3.11,5
2018-01-08 07:00:00,34,1318.83,1319.2265,-11.2095,16329.4118,BREAK/RUPTURA,1.56,5
2018-01-08 14:00:00,34,1319.97,1318.97443,-0.606,18718.1208,HIT/DEFESA,-1.06,5
2018-01-08 16:00:00,34,1319.75,1319.01851,9.6323,34294.8718,HIT/DEFESA,0.3,5
2018-01-08 18:00:00,34,1318.12,1318.84064,-6.4444,13377.6224,BREAK/RUPTURA,1.93,5
2018-01-08 19:00:00,34,1318.91,1318.8446,-6.3648,17474.359,BREAK/RUPTURA,1.41,5
2018-01-08 20:00:00,34,1319.04,1318.85577,18.0,79642.8571,BREAK/RUPTURA,-1.12,5
2018-01-08 22:00:00,34,1319.04,1318.93064,0.9857,5370.0,HIT/DEFESA,0.29,5
2018-01-09 03:00:00,34,1319.33,1318.96261,-7.4982,11475.8621,HIT/DEFESA,-1.97,5
2018-01-09 04:00:00,34,1318.99,1318.96417,8.1189,26181.8182,BREAK/RUPTURA,-4.52,5
2018-01-09 05:00:00,34,1318.78,1318.95365,6.8291,29727.2727,BREAK/RUPTURA,-3.38,5
2018-01-09 07:00:00,34,1318.02,1318.92057,-7.3541,8924.812,HIT/DEFESA,-3.05,5
2018-01-09 20:00:00,134,1313.69,1313.15498,20.4423,17363.6364,BREAK/RUPTURA,-3.37,5
2018-01-09 21:00:00,134,1313.89,1313.16587,16.1614,63090.9091,BREAK/RUPTURA,-2.7,5
2018-01-09 22:00:00,134,1313.69,1313.17364,7.5417,39954.5455,BREAK/RUPTURA,-1.37,5
2018-01-09 23:00:00,134,1313.89,1313.18425,1.5224,120576.9231,BREAK/RUPTURA,-3.34,5
2018-01-10 00:00:00,134,1312.62,1313.17589,-9.666,538063.8298,HIT/DEFESA,-2.14,5
2018-01-10 03:00:00,134,1312.32,1313.09316,-2.2855,11035.0877,HIT/DEFESA,-1.02,5
2018-01-10 09:00:00,34,1314.05,1313.62971,33.5202,8245.4874,HIT/DEFESA,5.65,5
2018-01-10 10:00:00,34,1314.55,1313.6823,34.6562,36274.5098,HIT/DEFESA,3.17,5
2018-01-10 23:00:00,34,1317.41,1316.51939,-13.7202,189791.6667,BREAK/RUPTURA,1.69,5
2018-01-11 06:00:00,34,1317.89,1317.1271,-16.7412,47875.0,BREAK/RUPTURA,1.48,5
2018-01-11 07:00:00,34,1317.88,1317.17013,-9.2487,339200.0,BREAK/RUPTURA,1.29,5
2018-01-11 08:00:00,34,1316.7,1317.14326,-6.2238,16664.0,BREAK/RUPTURA,2.71,5
2018-01-11 09:00:00,34,1317.22,1317.14765,-5.0839,37078.4314,BREAK/RUPTURA,3.72,5
2018-01-16 00:00:00,34,1337.99,1338.12865,-14.5529,123824.3243,BREAK/RUPTURA,3.1,5
2018-01-16 08:00:00,34,1339.3,1339.00471,-13.3474,32373.494,HIT/DEFESA,-3.58,5
2018-01-17 00:00:00,34,1338.44,1337.64069,-9.5542,1502000.0,HIT/DEFESA,-3.52,5
2018-01-17 04:00:00,34,1337.49,1338.2444,-32.641,10750.0,HIT/DEFESA,-2.17,5
2018-01-17 11:00:00,34,1338.19,1337.24656,29.6049,10024.0,BREAK/RUPTURA,-2.07,5
2018-01-17 12:00:00,34,1337.12,1337.23932,13.4799,17394.2308,BREAK/RUPTURA,-3.54,5
2018-01-17 16:00:00,34,1336.12,1336.91309,1.8714,79000.0,BREAK/RUPTURA,-7.03,5
2018-01-17 18:00:00,34,1335.83,1336.67162,0.9733,9682.8194,BREAK/RUPTURA,-6.74,5
2018-01-18 14:00:00,134,1330.0,1330.87292,1.2032,29450.3817,BREAK/RUPTURA,-3.07,5
2018-01-18 15:00:00,34,1330.84,1331.10318,11.1332,55684.2105,BREAK/RUPTURA,-2.15,5
2018-01-18 15:00:00,134,1330.84,1330.87244,11.1332,55684.2105,BREAK/RUPTURA,-2.15,5
2018-01-19 02:00:00,34,1330.65,1329.69121,34.1598,9048.3384,HIT/DEFESA,1.44,5
2018-01-19 02:00:00,134,1330.65,1330.46371,34.1598,9048.3384,HIT/DEFESA,1.44,5
2018-01-19 03:00:00,34,1329.66,1329.68943,19.2147,23190.0,HIT/DEFESA,5.25,5
2018-01-19 03:00:00,134,1329.66,1330.4518,19.2147,23190.0,HIT/DEFESA,5.25,5
2018-01-19 04:00:00,134,1331.43,1330.46629,30.8135,11714.2857,HIT/DEFESA,5.62,5
2018-01-19 21:00:00,34,1332.17,1332.44711,-12.5951,6826.6667,BREAK/RUPTURA,1.38,5
2018-01-19 21:00:00,134,1332.17,1331.25812,-12.5951,6826.6667,BREAK/RUPTURA,1.38,5
2018-01-19 23:00:00,34,1332.17,1332.53649,-16.7116,123750.0,HIT/DEFESA,-0.91,5
2018-01-19 23:00:00,134,1332.17,1331.31749,-16.7116,123750.0,HIT/DEFESA,-0.91,5
2018-01-20 00:00:00,34,1331.75,1332.49155,-3.1528,45202.381,HIT/DEFESA,-0.05,5
2018-01-20 00:00:00,134,1331.75,1331.3239,-3.1528,45202.381,HIT/DEFESA,-0.05,5
2018-01-20 01:00:00,34,1331.64,1332.44289,-20.6835,6682.0513,HIT/DEFESA,-0.46,5
2018-01-20 01:00:00,134,1331.64,1331.32858,-20.6835,6682.0513,HIT/DEFESA,-0.46,5
2018-01-22 01:00:00,34,1333.53,1332.56466,13.3659,17108.3333,BREAK/RUPTURA,-1.85,5
2018-01-22 02:00:00,134,1331.26,1331.39164,-2.8536,11455.7522,HIT/DEFESA,-2.43,5
2018-01-22 03:00:00,34,1331.7,1332.44496,-13.8727,50780.4878,HIT/DEFESA,-0.41,5
2018-01-22 03:00:00,134,1331.7,1331.39621,-13.8727,50780.4878,HIT/DEFESA,-0.41,5
2018-01-22 04:00:00,134,1331.18,1331.393,-17.6224,17622.6415,BREAK/RUPTURA,1.04,5
2018-01-22 05:00:00,34,1331.48,1332.32167,1.6526,38310.3448,HIT/DEFESA,1.01,5
2018-01-22 05:00:00,134,1331.48,1331.39429,1.6526,38310.3448,HIT/DEFESA,1.01,5
2018-01-22 06:00:00,34,1331.68,1332.285,-0.1502,56450.0,BREAK/RUPTURA,1.92,5
2018-01-22 06:00:00,134,1331.68,1331.39852,-0.1502,56450.0,BREAK/RUPTURA,1.92,5
2018-01-22 09:00:00,34,1332.22,1332.05217,4.055,22731.1828,HIT/DEFESA,1.71,5
2018-01-22 09:00:00,134,1332.22,1331.37218,4.055,22731.1828,HIT/DEFESA,1.71,5
2018-01-22 13:00:00,34,1332.16,1332.18852,-2.4766,33530.6122,HIT/DEFESA,-0.12,5
2018-01-22 13:00:00,134,1332.16,1331.44993,-2.4766,33530.6122,HIT/DEFESA,-0.12,5
2018-01-22 15:00:00,34,1331.85,1332.263,-5.7781,11596.1538,BREAK/RUPTURA,1.07,5
2018-01-22 15:00:00,134,1331.85,1331.49205,-5.7781,11596.1538,BREAK/RUPTURA,1.07,5
2018-01-22 17:00:00,34,1331.8,1332.36677,-15.9679,9243.9024,BREAK/RUPTURA,1.12,5
2018-01-22 17:00:00,134,1331.8,1331.54315,-15.9679,9243.9024,BREAK/RUPTURA,1.12,5
2018-01-22 18:00:00,34,1332.04,1332.3481,1.4266,122391.3043,HIT/DEFESA,2.6,5
2018-01-22 18:00:00,134,1332.04,1331.55051,1.4266,122391.3043,HIT/DEFESA,2.6,5
2018-01-22 19:00:00,34,1331.98,1332.32706,-20.2296,258166.6667,BREAK/RUPTURA,1.9,5
2018-01-22 19:00:00,134,1331.98,1331.55687,-20.2296,258166.6667,BREAK/RUPTURA,1.9,5
2018-01-22 20:00:00,34,1332.92,1332.36094,8.4097,20642.8571,HIT/DEFESA,1.27,5
2018-01-22 22:00:00,34,1332.92,1332.51568,7.0572,4441.1765,HIT/DEFESA,3.33,5
2018-01-23 15:00:00,34,1334.14,1334.69197,-19.0023,18973.3333,BREAK/RUPTURA,6.44,5
2018-01-25 15:00:00,34,1355.03,1355.25672,-30.9732,12040.7767,HIT/DEFESA,-7.33,5
2018-01-26 02:00:00,34,1352.88,1353.81723,34.3408,7161.9256,HIT/DEFESA,1.3,5
2018-01-26 07:00:00,34,1354.18,1353.49766,16.5688,13103.2609,BREAK/RUPTURA,-3.76,5
2018-01-26 10:00:00,34,1354.29,1353.73902,0.8123,37532.0513,BREAK/RUPTURA,-1.06,5
2018-01-26 11:00:00,34,1353.79,1353.74194,-14.015,48020.4082,HIT/DEFESA,-1.77,5
2018-01-26 15:00:00,34,1353.23,1353.27441,20.8083,41109.0909,BREAK/RUPTURA,-2.78,5
2018-01-26 17:00:00,34,1352.42,1353.158,6.289,110868.4211,BREAK/RUPTURA,-1.97,5
2018-01-26 18:00:00,34,1353.31,1353.16669,0.5912,37909.0909,BREAK/RUPTURA,-3.85,5
2018-01-26 19:00:00,34,1353.41,1353.18059,10.2809,527200.0,BREAK/RUPTURA,-3.59,5
2018-01-29 01:00:00,34,1350.75,1351.46913,6.8898,156066.6667,BREAK/RUPTURA,-2.68,5
2018-01-29 08:00:00,134,1347.54,1346.75663,-6.3779,38644.7368,HIT/DEFESA,-4.29,5
2018-01-29 09:00:00,134,1346.21,1346.74853,-13.7975,20781.0219,HIT/DEFESA,-1.67,5
2018-01-29 10:00:00,134,1347.34,1346.75729,-7.2683,25026.3158,HIT/DEFESA,-4.08,5
2018-01-29 11:00:00,134,1347.11,1346.76252,-3.191,112772.7273,HIT/DEFESA,-5.77,5
2018-01-29 12:00:00,134,1346.45,1346.75789,1.7828,34863.6364,BREAK/RUPTURA,-6.42,5
2018-01-30 11:00:00,134,1344.02,1344.81285,58.9759,141272.7273,BREAK/RUPTURA,-2.67,5
2018-01-30 12:00:00,134,1345.15,1344.81785,48.9317,21910.7143,BREAK/RUPTURA,-7.52,5
2018-01-30 13:00:00,134,1344.07,1344.80677,2.7536,24678.8991,BREAK/RUPTURA,-5.47,5
2018-01-30 15:00:00,134,1345.68,1344.83566,3.9401,208571.4286,BREAK/RUPTURA,-5.6,5
2018-01-31 04:00:00,34,1341.23,1340.61753,13.9619,8685.7923,HIT/DEFESA,0.62,5
2018-01-31 05:00:00,34,1340.67,1340.62053,14.7906,30236.8421,HIT/DEFESA,2.51,5
2018-01-31 06:00:00,134,1342.93,1343.68051,39.9976,8704.8458,HIT/DEFESA,0.05,5
2018-01-31 07:00:00,134,1344.1,1343.68672,21.3983,22931.0345,BREAK/RUPTURA,-1.59,5
2018-01-31 09:00:00,34,1341.85,1341.08426,-8.0421,30283.7838,BREAK/RUPTURA,1.46,5
2018-01-31 10:00:00,134,1343.18,1343.63664,-6.8447,16278.626,BREAK/RUPTURA,1.16,5
2018-01-31 13:00:00,134,1343.56,1343.60962,2.8291,19311.3208,BREAK/RUPTURA,-3.87,5
2018-01-31 14:00:00,134,1343.31,1343.60518,2.4572,166423.0769,BREAK/RUPTURA,-2.98,5
2018-01-31 16:00:00,34,1342.37,1341.79402,-8.8571,17456.8528,BREAK/RUPTURA,3.32,5
2018-01-31 17:00:00,34,1341.43,1341.77322,-13.9953,37494.8454,BREAK/RUPTURA,3.42,5
2018-01-31 20:00:00,134,1343.47,1343.46113,15.2077,34875.3994,HIT/DEFESA,2.47,5
2018-02-01 02:00:00,34,1342.71,1342.64,-22.1448,11960.815,HIT/DEFESA,-1.18,5
2018-02-01 02:00:00,134,1342.71,1343.58775,-22.1448,11960.815,HIT/DEFESA,-1.18,5
2018-02-01 03:00:00,34,1343.38,1342.68229,-10.9306,29289.8551,HIT/DEFESA,-4.67,5
2018-02-01 03:00:00,134,1343.38,1343.58468,-10.9306,29289.8551,HIT/DEFESA,-4.67,5
2018-02-01 04:00:00,134,1343.94,1343.58994,-14.8595,33098.2143,HIT/DEFESA,-4.07,5
2018-02-01 06:00:00,134,1344.1,1343.61691,5.3596,18750.0,BREAK/RUPTURA,-4.88,5
2018-02-01 15:00:00,34,1341.92,1341.73162,31.8467,27166.6667,HIT/DEFESA,4.81,5
2018-02-01 16:00:00,34,1342.17,1341.75667,17.1658,92583.3333,HIT/DEFESA,7.64,5
2018-02-01 16:00:00,134,1342.17,1343.14293,17.1658,92583.3333,HIT/DEFESA,7.64,5
2018-02-01 17:00:00,34,1342.26,1341.78543,13.8765,405000.0,HIT/DEFESA,6.23,5
2018-02-01 17:00:00,134,1342.26,1343.12985,13.8765,405000.0,HIT/DEFESA,6.23,5
2018-02-01 18:00:00,34,1341.44,1341.76569,-3.577,36576.9231,BREAK/RUPTURA,8.37,5
2018-02-02 10:00:00,34,1345.85,1345.45151,-9.5758,12654.2553,HIT/DEFESA,-14.09,5
2018-02-02 11:00:00,34,1345.29,1345.44228,-24.396,39156.8627,HIT/DEFESA,-15.38,5
2018-02-02 12:00:00,34,1344.81,1345.40615,-21.4439,42489.5833,HIT/DEFESA,-14.47,5
2018-02-02 12:00:00,134,1344.81,1344.14442,-21.4439,42489.5833,HIT/DEFESA,-14.47,5
2018-02-02 13:00:00,34,1345.4,1345.4058,-3.3436,28977.2727,HIT/DEFESA,-10.62,5
2018-02-05 09:00:00,34,1335.01,1335.76777,19.3631,9478.8732,HIT/DEFESA,1.75,5
2018-02-05 11:00:00,34,1336.59,1335.76207,33.0283,12130.2083,BREAK/RUPTURA,-1.1,5
2018-02-05 14:00:00,34,1336.76,1335.86374,1.2719,37542.5532,BREAK/RUPTURA,-2.26,5
2018-02-05 17:00:00,34,1335.67,1335.73328,-8.154,143526.3158,BREAK/RUPTURA,3.6,5
2018-02-05 18:00:00,34,1334.84,1335.68224,6.972,28859.5506,HIT/DEFESA,1.16,5
2018-02-05 21:00:00,34,1336.0,1335.57449,8.6902,65562.0915,HIT/DEFESA,4.61,5
2018-02-05 22:00:00,134,1339.27,1339.90334,35.7437,11048.2866,HIT/DEFESA,5.26,5
2018-02-05 23:00:00,34,1336.0,1335.79791,11.5402,953681.8182,HIT/DEFESA,7.71,5
2018-02-06 00:00:00,134,1340.3,1339.85225,32.1856,208126.7943,HIT/DEFESA,2.07,5
2018-02-06 01:00:00,134,1339.87,1339.85251,4.4801,105156.25,HIT/DEFESA,3.42,5
2018-02-06 02:00:00,134,1340.61,1339.86373,34.506,52094.5946,HIT/DEFESA,3.3,5
2018-02-06 09:00:00,134,1340.64,1340.18098,-19.7277,14352.6971,HIT/DEFESA,-6.65,5
2018-02-08 17:00:00,34,1316.6,1317.33274,12.8526,18423.5808,HIT/DEFESA,1.9,5
2018-02-08 19:00:00,34,1317.67,1317.48602,25.5647,22153.4884,HIT/DEFESA,4.18,5
2018-02-08 20:00:00,34,1317.59,1317.49196,7.5194,366750.0,HIT/DEFESA,2.45,5
2018-02-08 21:00:00,34,1317.32,1317.48213,-18.942,82166.6667,BREAK/RUPTURA,1.98,5
2018-02-08 23:00:00,34,1317.32,1317.52771,-2.0492,22421.6418,HIT/DEFESA,-0.08,5
2018-02-09 03:00:00,34,1317.95,1317.98197,-29.5041,23340.7407,HIT/DEFESA,-0.4,5
2018-02-09 04:00:00,34,1317.24,1317.93957,-21.2115,36064.2857,HIT/DEFESA,-2.88,5
2018-02-09 05:00:00,34,1317.62,1317.92131,-12.734,43333.3333,HIT/DEFESA,-1.5,5
2018-02-09 06:00:00,34,1317.85,1317.91723,-0.7588,78904.7619,HIT/DEFESA,-2.96,5
2018-02-09 08:00:00,34,1317.55,1318.01601,-0.5313,10255.814,HIT/DEFESA,-1.13,5
2018-02-09 13:00:00,34,1316.42,1317.32497,2.2794,14110.5263,BREAK/RUPTURA,-3.96,5
2018-02-09 17:00:00,34,1317.26,1317.00461,10.3351,25502.7933,BREAK/RUPTURA,-2.87,5
2018-02-10 00:00:00,34,1315.61,1316.18043,6.6173,31835.2273,HIT/DEFESA,8.36,5
2018-02-10 01:00:00,34,1315.58,1316.14612,9.0536,5367.3267,HIT/DEFESA,8.57,5
2018-02-12 00:00:00,34,1316.15,1316.14634,10.7246,153738.2022,HIT/DEFESA,7.77,5
2018-02-12 01:00:00,34,1316.78,1316.18255,8.8932,36734.6939,HIT/DEFESA,6.68,5
2018-02-12 03:00:00,134,1323.97,1324.06523,59.4157,135571.4286,BREAK/RUPTURA,-2.47,5
2018-02-12 04:00:00,134,1324.15,1324.06648,55.9699,157750.0,BREAK/RUPTURA,-2.51,5
2018-02-12 05:00:00,134,1323.92,1324.06431,1.0576,60500.0,BREAK/RUPTURA,-2.63,5
2018-02-12 06:00:00,134,1323.46,1324.05536,-3.8521,34318.1818,HIT/DEFESA,-2.81,5
2018-02-12 07:00:00,134,1323.76,1324.05099,-2.9453,58222.2222,HIT/DEFESA,-3.18,5
2018-02-12 13:00:00,34,1318.85,1319.11456,-18.4668,15827.5862,BREAK/RUPTURA,5.68,5
2018-02-12 14:00:00,34,1319.06,1319.11145,-12.0395,159928.5714,BREAK/RUPTURA,4.21,5
2018-02-12 16:00:00,134,1324.28,1323.68886,41.1722,22433.1395,BREAK/RUPTURA,-3.11,5
2018-02-12 18:00:00,134,1324.53,1323.69754,14.8954,25655.9633,BREAK/RUPTURA,-3.36,5
2018-02-12 19:00:00,134,1323.27,1323.69121,-7.6268,21160.0,HIT/DEFESA,-0.93,5
2018-02-12 21:00:00,34,1321.17,1320.42949,-25.3675,17686.9919,BREAK/RUPTURA,1.85,5
2018-02-12 23:00:00,34,1321.17,1320.58013,-9.1502,2273000.0,BREAK/RUPTURA,2.69,5
2018-02-13 02:00:00,134,1323.02,1323.53928,14.0027,48705.8824,HIT/DEFESA,2.57,5
2018-02-13 03:00:00,134,1322.95,1323.53055,4.613,269083.3333,HIT/DEFESA,4.17,5
2018-02-13 04:00:00,134,1323.86,1323.53543,10.0565,12283.3333,HIT/DEFESA,4.72,5
2018-02-14 12:00:00,34,1330.12,1329.32797,-10.9644,10627.2727,BREAK/RUPTURA,16.46,5
2018-02-16 15:00:00,34,1353.75,1353.81923,-30.7821,36094.2029,HIT/DEFESA,-6.25,5
2018-02-16 17:00:00,34,1353.0,1353.85489,-16.0128,13635.9833,HIT/DEFESA,-5.89,5
2018-02-16 18:00:00,34,1353.5,1353.83461,-1.8467,71265.9574,HIT/DEFESA,-5.0,5
2018-02-20 01:00:00,134,1343.72,1343.52159,-21.1649,11486.5772,HIT/DEFESA,-3.17,5
2018-02-22 14:00:00,34,1326.86,1326.37771,26.069,12713.141,HIT/DEFESA,3.04,5
2018-02-22 15:00:00,34,1327.16,1326.42241,30.8371,144655.1724,HIT/DEFESA,3.38,5
2018-02-23 03:00:00,34,1329.15,1328.35854,-9.0202,9846.1538,HIT/DEFESA,-1.99,5
2018-02-23 04:00:00,34,1328.31,1328.35576,-13.4576,18686.747,BREAK/RUPTURA,1.1,5
2018-02-23 06:00:00,34,1327.52,1328.23388,-12.2635,27892.8571,BREAK/RUPTURA,1.1,5
2018-02-23 08:00:00,34,1327.16,1328.07964,1.3565,28580.0,HIT/DEFESA,3.02,5
2018-02-23 10:00:00,34,1327.74,1328.13191,9.2725,8768.0723,HIT/DEFESA,0.46,5
2018-02-23 11:00:00,34,1328.62,1328.1598,11.0009,19028.7356,HIT/DEFESA,0.19,5
2018-02-23 21:00:00,34,1329.18,1328.5798,-6.3157,60320.0,HIT/DEFESA,-2.28,5
2018-02-23 23:00:00,34,1329.18,1328.6335,1.806,1576500.0,HIT/DEFESA,4.5,5
2018-02-24 00:00:00,34,1328.57,1328.62988,-4.5893,14768.8525,BREAK/RUPTURA,8.16,5
2018-02-24 01:00:00,34,1328.8,1328.6396,-1.0535,2881.0811,BREAK/RUPTURA,7.99,5
2018-02-26 01:00:00,34,1328.44,1328.53447,-0.9785,12202.7972,BREAK/RUPTURA,11.27,5
2018-02-26 15:00:00,34,1333.77,1333.51455,-29.9005,16908.9069,HIT/DEFESA,-1.12,5
2018-02-26 15:00:00,134,1333.77,1333.17894,-29.9005,16908.9069,HIT/DEFESA,-1.12,5
2018-02-26 20:00:00,34,1332.65,1333.09992,14.2024,11922.7642,HIT/DEFESA,2.27,5
2018-02-26 20:00:00,134,1332.65,1333.08513,14.2024,11922.7642,HIT/DEFESA,2.27,5
2018-02-26 21:00:00,34,1333.08,1333.09878,6.2301,32051.2821,HIT/DEFESA,2.48,5
2018-02-26 21:00:00,134,1333.08,1333.08505,6.2301,32051.2821,HIT/DEFESA,2.48,5
2018-02-26 22:00:00,34,1333.14,1333.10114,12.9185,102500.0,HIT/DEFESA,1.08,5
2018-02-26 22:00:00,134,1333.14,1333.08586,12.9185,102500.0,HIT/DEFESA,1.08,5
2018-02-27 00:00:00,34,1332.05,1333.03993,-7.7265,524460.7843,HIT/DEFESA,-0.04,5
2018-02-27 06:00:00,34,1332.9,1333.22378,-9.8934,14288.8889,HIT/DEFESA,-0.5,5
2018-02-27 06:00:00,134,1332.9,1333.12759,-9.8934,14288.8889,HIT/DEFESA,-0.5,5
2018-02-27 07:00:00,34,1332.8,1333.19956,-1.3504,214444.4444,HIT/DEFESA,-0.53,5
2018-02-27 07:00:00,134,1332.8,1333.12274,-1.3504,214444.4444,HIT/DEFESA,-0.53,5
2018-02-27 08:00:00,34,1333.61,1333.22302,12.0119,22288.2353,BREAK/RUPTURA,-1.43,5
2018-02-27 08:00:00,134,1333.61,1333.12996,12.0119,22288.2353,BREAK/RUPTURA,-1.43,5
2018-02-27 09:00:00,34,1333.44,1333.23542,4.0513,79826.087,BREAK/RUPTURA,-5.54,5
2018-02-27 09:00:00,134,1333.44,1333.13455,4.0513,79826.087,BREAK/RUPTURA,-5.54,5
2018-02-27 10:00:00,34,1333.57,1333.25453,5.7773,371375.0,BREAK/RUPTURA,-7.83,5
2018-02-27 10:00:00,134,1333.57,1333.141,5.7773,371375.0,BREAK/RUPTURA,-7.83,5
2018-02-27 11:00:00,34,1332.4,1333.2057,-9.0731,14410.2564,HIT/DEFESA,-14.56,5
2018-02-27 11:00:00,134,1332.4,1333.13002,-9.0731,14410.2564,HIT/DEFESA,-14.56,5
2018-02-27 12:00:00,34,1332.27,1333.15223,-8.7743,118153.8462,HIT/DEFESA,-16.62,5
2018-02-27 12:00:00,134,1332.27,1333.11728,-8.7743,118153.8462,HIT/DEFESA,-16.62,5
2018-02-27 13:00:00,34,1332.18,1333.09668,-10.4231,184000.0,HIT/DEFESA,-16.85,5
2018-02-27 13:00:00,134,1332.18,1333.1034,-10.4231,184000.0,HIT/DEFESA,-16.85,5
2018-03-01 23:00:00,34,1314.88,1314.07695,-7.9791,40509.8684,BREAK/RUPTURA,1.78,5
2018-03-02 10:00:00,34,1316.25,1315.43969,-5.6948,19989.1304,BREAK/RUPTURA,6.59,5
2018-03-02 12:00:00,134,1321.74,1321.82188,34.6956,13219.5946,BREAK/RUPTURA,-3.76,5
2018-03-02 17:00:00,34,1317.98,1317.32167,-51.7798,18048.3092,BREAK/RUPTURA,4.3,5
2018-03-02 19:00:00,134,1322.24,1321.77455,16.742,16000.0,HIT/DEFESA,0.04,5
2018-03-02 21:00:00,134,1321.68,1321.7852,9.4666,24603.2609,BREAK/RUPTURA,-1.84,5
2018-03-02 22:00:00,134,1322.28,1321.79253,0.3025,19550.8475,HIT/DEFESA,0.69,5
2018-03-02 23:00:00,134,1321.68,1321.79086,-6.956,2449000.0,BREAK/RUPTURA,2.26,5
2018-03-03 00:00:00,134,1322.28,1321.79811,4.5397,19550.8475,HIT/DEFESA,3.49,5
2018-03-03 01:00:00,134,1322.05,1321.80184,-1.7394,6613.8889,BREAK/RUPTURA,3.37,5
2018-03-05 00:00:00,34,1319.84,1319.09944,-13.9217,69858.4211,BREAK/RUPTURA,6.74,5
2018-03-05 14:00:00,34,1323.3,1322.52869,-16.5222,80704.5455,HIT/DEFESA,-4.17,5
2018-03-05 14:00:00,134,1323.3,1322.42589,-16.5222,80704.5455,HIT/DEFESA,-4.17,5
2018-03-05 17:00:00,34,1321.42,1322.31825,-14.2069,55650.0,HIT/DEFESA,-1.9,5
2018-03-05 17:00:00,134,1321.42,1322.37339,-14.2069,55650.0,HIT/DEFESA,-1.9,5
2018-03-06 01:00:00,34,1320.79,1321.27758,9.6247,14495.0,HIT/DEFESA,2.42,5
2018-03-06 02:00:00,34,1322.09,1321.32401,18.9453,11678.8321,HIT/DEFESA,0.79,5
2018-03-06 02:00:00,134,1322.09,1322.05161,18.9453,11678.8321,HIT/DEFESA,0.79,5
2018-03-06 04:00:00,34,1321.86,1321.4153,8.1012,23008.3333,BREAK/RUPTURA,-1.38,5
2018-03-06 04:00:00,134,1321.86,1322.05458,8.1012,23008.3333,BREAK/RUPTURA,-1.38,5
2018-03-06 07:00:00,134,1322.88,1322.08346,7.7164,42437.5,HIT/DEFESA,1.98,5
2018-03-06 08:00:00,34,1322.31,1321.66643,2.0423,27793.1034,HIT/DEFESA,5.22,5
2018-03-06 08:00:00,134,1322.31,1322.08682,2.0423,27793.1034,HIT/DEFESA,5.22,5
2018-03-06 10:00:00,34,1322.15,1321.63014,-5.5183,10733.5329,BREAK/RUPTURA,9.88,5
2018-03-06 10:00:00,134,1322.15,1322.0643,-5.5183,10733.5329,BREAK/RUPTURA,9.88,5
2018-03-07 13:00:00,34,1330.85,1330.8205,-9.9086,11658.4158,HIT/DEFESA,-6.68,5
2018-03-07 14:00:00,34,1331.63,1330.86676,-11.7013,27386.0759,HIT/DEFESA,-6.16,5
2018-03-07 15:00:00,34,1331.13,1330.8818,-13.0545,66637.2549,HIT/DEFESA,-5.54,5
2018-03-07 19:00:00,134,1325.47,1325.88338,-31.2119,21129.771,HIT/DEFESA,-0.5,5
2018-03-07 20:00:00,134,1325.59,1325.87903,-10.2491,269000000.0,HIT/DEFESA,-1.2,5
2018-03-07 22:00:00,134,1324.97,1325.82953,-3.7722,13532.0513,BREAK/RUPTURA,1.78,5
2018-03-08 00:00:00,134,1324.97,1325.78148,11.7877,1245519.0476,HIT/DEFESA,2.72,5
2018-03-08 02:00:00,134,1326.05,1325.76515,19.9485,14698.7952,HIT/DEFESA,0.72,5
2018-03-08 03:00:00,134,1326.75,1325.77974,13.4343,31280.8219,HIT/DEFESA,1.25,5
2018-03-08 04:00:00,34,1327.33,1328.05748,22.1989,28745.614,HIT/DEFESA,0.77,5
2018-03-08 05:00:00,34,1327.69,1328.03649,12.3676,32777.7778,BREAK/RUPTURA,-1.56,5
2018-03-08 06:00:00,34,1327.33,1327.99611,4.3716,28013.1579,BREAK/RUPTURA,-2.32,5
2018-03-08 07:00:00,134,1326.77,1325.86647,-4.219,24008.7719,HIT/DEFESA,-1.38,5
2018-03-08 08:00:00,34,1328.0,1327.93028,2.3349,13125.0,BREAK/RUPTURA,-3.32,5
2018-03-08 09:00:00,34,1328.1,1327.93998,5.8011,193200.0,BREAK/RUPTURA,-3.73,5
2018-03-08 10:00:00,134,1326.13,1325.93365,-4.8237,8487.3737,HIT/DEFESA,-0.85,5
2018-03-08 11:00:00,134,1325.01,1325.91996,-22.5151,19055.0459,HIT/DEFESA,-3.09,5
2018-03-08 12:00:00,134,1325.39,1325.91211,-20.4051,38802.6316,HIT/DEFESA,-6.19,5
2018-03-08 15:00:00,134,1325.28,1325.86252,-0.8299,38036.4583,HIT/DEFESA,-3.96,5
2018-03-09 16:00:00,34,1320.8,1321.02295,6.0606,8844.1815,HIT/DEFESA,2.48,5
2018-03-09 19:00:00,134,1322.85,1323.84019,15.5209,30054.4554,HIT/DEFESA,0.5,5
2018-03-09 20:00:00,34,1322.01,1321.38175,-1.6639,39879.5181,BREAK/RUPTURA,1.31,5
2018-03-09 21:00:00,134,1323.28,1323.80518,-4.6831,18011.7188,HIT/DEFESA,-0.64,5
2018-03-10 00:00:00,134,1323.35,1323.78422,0.529,311562.5,BREAK/RUPTURA,-1.14,5
2018-03-10 01:00:00,134,1323.32,1323.77735,-0.2267,223000.0,HIT/DEFESA,-0.1,5
2018-03-12 06:00:00,34,1322.86,1322.19586,4.916,84153.8462,BREAK/RUPTURA,-2.1,5
2018-03-12 06:00:00,134,1322.86,1323.68209,4.916,84153.8462,BREAK/RUPTURA,-2.1,5
2018-03-12 07:00:00,134,1323.59,1323.68072,2.7962,16013.5135,BREAK/RUPTURA,-6.14,5
2018-03-12 08:00:00,34,1322.49,1322.28778,-3.9304,11817.757,HIT/DEFESA,-5.7,5
2018-03-12 09:00:00,34,1322.62,1322.30676,-1.8143,106961.5385,HIT/DEFESA,-7.05,5
2018-03-12 10:00:00,34,1322.01,1322.28981,-11.9372,36033.3333,HIT/DEFESA,-3.94,5
2018-03-12 20:00:00,34,1320.36,1320.48526,8.5656,10927.5362,HIT/DEFESA,3.0,5
2018-03-12 21:00:00,134,1323.19,1322.87358,39.7587,8821.0526,HIT/DEFESA,1.69,5
2018-03-12 22:00:00,134,1323.53,1322.88331,39.8246,51867.6471,HIT/DEFESA,0.56,5
2018-03-12 23:00:00,134,1323.19,1322.88785,21.4335,37117.6471,HIT/DEFESA,0.57,5
2018-03-13 01:00:00,134,1323.36,1322.90422,-1.2844,21297.8723,HIT/DEFESA,-2.2,5
2018-03-13 04:00:00,134,1323.76,1322.96261,3.0226,32847.2222,BREAK/RUPTURA,-4.59,5
2018-03-13 05:00:00,34,1322.66,1321.75939,-16.7562,9968.4685,HIT/DEFESA,-4.98,5
2018-03-13 05:00:00,134,1322.66,1322.95813,-16.7562,9968.4685,HIT/DEFESA,-4.98,5
2018-03-13 06:00:00,34,1321.16,1321.72514,-22.1284,10706.6667,HIT/DEFESA,-2.93,5
2018-03-13 17:00:00,134,1323.06,1322.54032,31.9978,23588.3621,HIT/DEFESA,2.66,5
2018-03-14 10:00:00,34,1324.7,1324.60392,-21.5433,15962.406,HIT/DEFESA,-1.85,5
2018-03-14 11:00:00,34,1324.75,1324.61227,-29.2781,567400.0,HIT/DEFESA,-1.18,5
2018-03-14 12:00:00,34,1324.21,1324.58928,-13.6499,41377.7778,HIT/DEFESA,-0.37,5
2018-03-14 12:00:00,134,1324.21,1323.471,-13.6499,41377.7778,HIT/DEFESA,-0.37,5
2018-03-14 13:00:00,34,1325.5,1324.64132,6.0391,12109.375,BREAK/RUPTURA,-1.07,5
2018-03-14 15:00:00,134,1322.85,1323.52861,-10.2703,14541.6667,BREAK/RUPTURA,1.69,5
2018-03-14 16:00:00,34,1323.57,1324.55515,-14.5605,54154.9296,BREAK/RUPTURA,1.85,5
2018-03-14 16:00:00,134,1323.57,1323.52923,-14.5605,54154.9296,BREAK/RUPTURA,1.85,5
2018-03-14 17:00:00,34,1323.84,1324.51428,-16.666,184421.0526,BREAK/RUPTURA,1.18,5
2018-03-14 17:00:00,134,1323.84,1323.53383,-16.666,184421.0526,BREAK/RUPTURA,1.18,5
2018-03-14 18:00:00,34,1324.43,1324.50947,11.9439,53550.0,HIT/DEFESA,0.99,5
2018-03-14 18:00:00,134,1324.43,1323.54711,11.9439,53550.0,HIT/DEFESA,0.99,5
2018-03-14 19:00:00,34,1323.56,1324.45521,-0.0756,29051.1364,BREAK/RUPTURA,1.46,5
2018-03-14 19:00:00,134,1323.56,1323.5473,-0.0756,29051.1364,BREAK/RUPTURA,1.46,5
2018-03-14 20:00:00,34,1324.54,1324.46006,5.2876,22688.7755,BREAK/RUPTURA,-1.04,5
2018-03-14 20:00:00,134,1324.54,1323.56201,5.2876,22688.7755,BREAK/RUPTURA,-1.04,5
2018-03-14 22:00:00,34,1325.02,1324.54377,11.0309,39755.814,HIT/DEFESA,1.71,5
2018-03-14 23:00:00,34,1325.42,1324.59384,6.6438,25625.0,HIT/DEFESA,1.15,5
2018-03-15 00:00:00,34,1325.02,1324.6182,-3.0179,637792.6829,BREAK/RUPTURA,1.13,5
2018-03-15 01:00:00,134,1323.5,1323.65567,-11.4715,11353.2609,BREAK/RUPTURA,2.96,5
2018-03-15 02:00:00,34,1325.09,1324.58491,-2.4898,7541.1392,BREAK/RUPTURA,1.68,5
2018-03-15 09:00:00,34,1325.3,1325.15222,-8.7451,14635.2941,HIT/DEFESA,-3.19,5
2018-03-15 10:00:00,34,1324.66,1325.12409,-15.9033,32039.6825,HIT/DEFESA,-5.5,5
2018-03-15 10:00:00,134,1324.66,1323.94733,-15.9033,32039.6825,HIT/DEFESA,-5.5,5
2018-03-15 11:00:00,134,1323.08,1323.93448,-23.1497,12843.75,HIT/DEFESA,-4.36,5
2018-03-15 12:00:00,134,1323.12,1323.92241,-16.4491,193050.0,HIT/DEFESA,-5.02,5
2018-03-16 11:00:00,34,1318.3,1319.03767,8.731,40034.0909,BREAK/RUPTURA,-5.19,5
2018-03-16 12:00:00,34,1319.69,1319.07495,17.3067,13693.4307,BREAK/RUPTURA,-9.72,5
2018-03-19 00:00:00,34,1316.71,1316.43418,30.3185,83214.0468,BREAK/RUPTURA,-4.87,5
2018-03-19 16:00:00,34,1313.25,1313.25554,14.718,20630.7692,HIT/DEFESA,4.8,5
2018-03-19 17:00:00,34,1313.04,1313.24323,23.8948,129636.3636,HIT/DEFESA,3.69,5
2018-03-19 18:00:00,134,1317.98,1318.47708,45.809,7201.6293,HIT/DEFESA,0.07,5
2018-03-19 21:00:00,134,1318.05,1318.44566,0.5311,67478.2609,BREAK/RUPTURA,-1.15,5
2018-03-19 23:00:00,134,1318.05,1318.41476,1.973,7496.2406,BREAK/RUPTURA,-2.07,5
2018-03-20 07:00:00,34,1315.41,1315.20943,-4.3314,11683.908,HIT/DEFESA,-2.38,5
2018-03-20 08:00:00,34,1315.11,1315.20375,-9.8753,43565.2174,HIT/DEFESA,-1.9,5
2018-03-20 09:00:00,34,1315.99,1315.24868,-2.507,12793.8144,HIT/DEFESA,-4.43,5
2018-03-20 10:00:00,34,1315.11,1315.24076,-2.2807,20148.3516,HIT/DEFESA,-3.35,5
2018-03-20 11:00:00,34,1314.98,1315.22586,-0.9885,121400.0,HIT/DEFESA,-5.57,5
2018-03-21 04:00:00,34,1313.1,1312.56103,14.9488,8788.2883,HIT/DEFESA,1.49,5
2018-03-21 05:00:00,34,1313.05,1312.58897,24.2007,439000.0,HIT/DEFESA,3.26,5
2018-03-21 07:00:00,34,1313.39,1312.70538,2.2085,13264.7059,HIT/DEFESA,3.04,5
2018-03-21 08:00:00,34,1313.02,1312.72336,-0.2285,21092.1053,BREAK/RUPTURA,2.5,5
2018-03-21 10:00:00,134,1316.31,1316.24597,22.2325,12532.1637,HIT/DEFESA,2.2,5
2018-03-21 11:00:00,134,1316.48,1316.24943,26.3515,74403.8462,HIT/DEFESA,3.85,5
2018-03-21 12:00:00,134,1316.43,1316.25211,13.9968,284750.0,HIT/DEFESA,5.13,5
2018-03-21 13:00:00,134,1315.52,1316.24126,-6.0016,16134.4086,BREAK/RUPTURA,9.24,5
2018-03-22 19:00:00,34,1326.74,1326.45994,-23.9112,22134.0782,BREAK/RUPTURA,1.5,5
2018-03-22 20:00:00,34,1326.64,1326.47023,-28.7119,257045.4545,BREAK/RUPTURA,4.16,5
2018-03-22 21:00:00,34,1326.92,1326.49593,-12.0435,79607.1429,BREAK/RUPTURA,5.63,5
2018-03-22 23:00:00,34,1326.92,1326.61413,2.1106,11034.3511,HIT/DEFESA,10.5,5
2018-03-26 10:00:00,34,1344.61,1343.74655,-23.5202,41526.3158,BREAK/RUPTURA,4.15,5
2018-03-27 12:00:00,34,1351.12,1350.71795,-13.1569,7723.565,HIT/DEFESA,-8.97,5
2018-03-28 05:00:00,34,1346.11,1346.90204,6.0953,34764.1509,BREAK/RUPTURA,-5.0,5
2018-03-28 06:00:00,34,1346.33,1346.86935,7.1356,61454.5455,BREAK/RUPTURA,-4.49,5
2018-03-28 07:00:00,34,1346.06,1346.8231,3.4929,38384.6154,BREAK/RUPTURA,-4.51,5
2018-03-28 13:00:00,134,1339.8,1339.71909,-9.768,10508.5227,HIT/DEFESA,-9.39,5
2018-04-02 06:00:00,34,1329.15,1328.19566,19.5242,20916.6667,HIT/DEFESA,2.45,5
2018-04-02 08:00:00,34,1329.31,1328.32207,-3.3841,155333.3333,BREAK/RUPTURA,2.8,5
2018-04-02 14:00:00,134,1333.34,1333.32955,13.067,17504.0984,HIT/DEFESA,5.75,5
2018-04-02 16:00:00,134,1334.0,1333.3554,14.188,80478.2609,HIT/DEFESA,7.9,5
2018-04-03 11:00:00,34,1337.03,1336.4448,-16.651,16731.3433,HIT/DEFESA,-3.04,5
2018-04-03 12:00:00,34,1337.32,1336.49481,-26.6241,59732.1429,HIT/DEFESA,-8.07,5
2018-04-03 13:00:00,34,1336.26,1336.48139,-15.6162,16971.4286,HIT/DEFESA,-4.38,5
2018-04-04 05:00:00,34,1334.51,1334.3201,11.1776,9796.2963,HIT/DEFESA,4.89,5
2018-04-04 05:00:00,134,1334.51,1334.58459,11.1776,9796.2963,HIT/DEFESA,4.89,5
2018-04-04 06:00:00,34,1334.46,1334.3281,15.8367,190642.8571,HIT/DEFESA,7.45,5
2018-04-04 06:00:00,134,1334.46,1334.58274,15.8367,190642.8571,HIT/DEFESA,7.45,5
2018-04-04 07:00:00,34,1335.01,1334.36706,16.1307,19125.0,HIT/DEFESA,7.66,5
2018-04-04 07:00:00,134,1335.01,1334.58907,16.1307,19125.0,HIT/DEFESA,7.66,5
2018-04-04 08:00:00,34,1334.38,1334.3678,-0.9741,28096.7742,BREAK/RUPTURA,8.35,5
2018-04-04 08:00:00,134,1334.38,1334.58598,-0.9741,28096.7742,BREAK/RUPTURA,8.35,5
2018-04-04 09:00:00,34,1334.2,1334.35821,-1.9484,99575.0,BREAK/RUPTURA,12.4,5
2018-04-04 09:00:00,134,1334.2,1334.58026,-1.9484,99575.0,BREAK/RUPTURA,12.4,5
2018-04-04 17:00:00,134,1335.75,1335.44172,-80.5733,9556.1889,HIT/DEFESA,-2.56,5
2018-04-04 19:00:00,34,1336.16,1337.07102,-42.9236,13691.2568,HIT/DEFESA,-2.97,5
2018-04-04 19:00:00,134,1336.16,1335.43555,-42.9236,13691.2568,HIT/DEFESA,-2.97,5
2018-04-04 20:00:00,134,1335.97,1335.44346,1.647,123472.2222,BREAK/RUPTURA,-1.86,5
2018-04-06 01:00:00,34,1328.81,1329.19182,17.4142,7017.0213,HIT/DEFESA,1.35,5
2018-04-06 04:00:00,134,1332.44,1332.83262,27.3177,11567.7083,BREAK/RUPTURA,-7.87,5
2018-04-06 06:00:00,34,1330.16,1329.63807,-2.7057,23864.8649,HIT/DEFESA,-6.27,5
2018-04-06 15:00:00,34,1328.34,1327.88891,19.5361,15288.2883,HIT/DEFESA,3.53,5
2018-04-06 16:00:00,134,1331.31,1331.83601,58.3262,22907.4675,HIT/DEFESA,1.29,5
2018-04-06 17:00:00,134,1331.49,1331.83088,65.7701,303062.5,HIT/DEFESA,1.5,5
2018-04-06 18:00:00,134,1332.15,1331.83561,28.6824,59941.1765,HIT/DEFESA,0.45,5
2018-04-06 19:00:00,134,1331.23,1331.82664,-0.6009,35488.0952,BREAK/RUPTURA,1.76,5
2018-04-06 20:00:00,134,1331.87,1331.82728,2.8539,50000.0,HIT/DEFESA,0.77,5
2018-04-06 21:00:00,134,1332.6,1331.83873,3.378,38291.6667,HIT/DEFESA,3.64,5
2018-04-07 01:00:00,134,1332.64,1331.89466,-2.6257,24394.7368,HIT/DEFESA,-1.27,5
2018-04-09 02:00:00,134,1332.35,1331.98819,-2.1761,18204.1667,HIT/DEFESA,-0.08,5
2018-04-09 03:00:00,34,1331.3,1330.55431,-36.9694,19495.098,BREAK/RUPTURA,1.62,5
2018-04-09 03:00:00,134,1331.3,1331.978,-36.9694,19495.098,BREAK/RUPTURA,1.62,5
2018-04-09 04:00:00,34,1331.37,1330.60092,-16.4222,220050.0,HIT/DEFESA,-0.11,5
2018-04-09 04:00:00,134,1331.37,1331.96899,-16.4222,220050.0,HIT/DEFESA,-0.11,5
2018-04-09 06:00:00,134,1332.37,1331.99012,8.0373,20558.8235,BREAK/RUPTURA,-3.64,5
2018-04-09 07:00:00,134,1332.27,1331.99427,6.76,137500.0,BREAK/RUPTURA,-4.85,5
2018-04-09 08:00:00,134,1332.92,1332.00798,-0.6752,21765.625,HIT/DEFESA,-4.7,5
2018-04-09 09:00:00,34,1331.26,1331.04184,-8.331,15133.3333,HIT/DEFESA,-1.81,5
2018-04-09 09:00:00,134,1331.26,1331.9969,-8.331,15133.3333,HIT/DEFESA,-1.81,5
2018-04-09 14:00:00,34,1329.45,1330.43721,5.4187,17173.3871,HIT/DEFESA,5.68,5
2018-04-09 16:00:00,134,1332.01,1331.78652,28.5344,25677.0833,HIT/DEFESA,5.12,5
2018-04-09 17:00:00,134,1332.08,1331.79087,19.7826,419437.5,HIT/DEFESA,5.0,5
2018-04-10 05:00:00,34,1333.63,1333.31777,-20.2793,33233.7662,BREAK/RUPTURA,3.5,5
2018-04-10 06:00:00,34,1334.18,1333.36704,-25.7173,28222.2222,BREAK/RUPTURA,2.02,5
2018-04-10 07:00:00,34,1333.75,1333.38893,-4.8711,29828.9474,BREAK/RUPTURA,1.39,5
2018-04-10 08:00:00,134,1332.24,1332.49167,-10.4227,13124.1611,BREAK/RUPTURA,3.32,5
2018-04-10 09:00:00,34,1333.21,1333.3168,-7.2704,19056.6038,BREAK/RUPTURA,3.11,5
2018-04-10 09:00:00,134,1333.21,1332.50232,-7.2704,19056.6038,BREAK/RUPTURA,3.11,5
2018-04-12 10:00:00,34,1348.67,1348.21073,-4.7432,18000.0,HIT/DEFESA,-5.61,5
2018-04-12 12:00:00,34,1347.44,1348.08152,-20.4414,41308.2192,HIT/DEFESA,-9.39,5
2018-04-12 16:00:00,134,1339.77,1340.19077,-41.1061,16202.9851,HIT/DEFESA,-3.15,5
2018-04-13 06:00:00,134,1340.22,1339.72436,19.2128,78000.0,HIT/DEFESA,0.73,5
2018-04-13 07:00:00,134,1340.3,1339.73288,14.645,84615.3846,HIT/DEFESA,0.15,5
2018-04-13 10:00:00,134,1339.69,1339.67235,-4.5512,10042.1456,HIT/DEFESA,-1.19,5
2018-04-13 11:00:00,34,1340.95,1341.22291,20.1007,16626.9841,HIT/DEFESA,2.69,5
2018-04-13 12:00:00,34,1340.45,1341.17874,25.2042,30294.1176,HIT/DEFESA,4.79,5
2018-04-13 12:00:00,134,1340.45,1339.70252,25.2042,30294.1176,HIT/DEFESA,4.79,5
2018-04-13 13:00:00,134,1338.85,1339.68989,-6.2701,10223.2704,BREAK/RUPTURA,6.15,5
2018-04-16 01:00:00,34,1342.1,1342.59253,-16.4397,9864.3032,BREAK/RUPTURA,5.05,5
2018-04-16 08:00:00,34,1344.18,1343.64734,-29.004,10552.795,HIT/DEFESA,-1.23,5
2018-04-16 09:00:00,34,1343.25,1343.62464,-28.95,29315.2174,HIT/DEFESA,-0.03,5
2018-04-16 12:00:00,34,1343.93,1343.77586,5.0623,17980.3922,HIT/DEFESA,5.2,5
2018-04-16 13:00:00,34,1342.95,1343.72867,-13.831,18464.2857,BREAK/RUPTURA,4.11,5
2018-04-16 14:00:00,34,1343.22,1343.69961,-13.1599,71173.0769,BREAK/RUPTURA,4.56,5
2018-04-17 00:00:00,34,1346.01,1345.12721,-2.8966,1229419.0476,HIT/DEFESA,-0.06,5
2018-04-17 05:00:00,34,1345.95,1345.64205,-14.4669,11817.5182,HIT/DEFESA,-3.23,5
2018-04-17 06:00:00,34,1344.86,1345.59736,-24.2558,16034.4828,HIT/DEFESA,-2.63,5
2018-04-17 07:00:00,34,1344.6,1345.54037,-20.2623,37185.1852,HIT/DEFESA,-2.68,5
2018-04-17 08:00:00,34,1345.87,1345.55921,-0.5944,11371.0938,HIT/DEFESA,-3.27,5
2018-04-17 10:00:00,134,1342.72,1342.57833,-13.9819,5820.9765,HIT/DEFESA,-3.99,5
2018-04-17 11:00:00,134,1342.23,1342.57317,-27.0457,50117.6471,HIT/DEFESA,-0.2,5
2018-04-17 13:00:00,134,1342.6,1342.56403,-0.8937,28000.0,BREAK/RUPTURA,1.68,5
2018-04-17 14:00:00,134,1341.86,1342.5536,-2.7566,30176.9231,BREAK/RUPTURA,4.72,5
2018-04-17 16:00:00,134,1342.03,1342.49004,-4.2455,12218.3735,BREAK/RUPTURA,4.29,5
2018-04-17 17:00:00,134,1342.88,1342.49582,7.6014,49011.3636,HIT/DEFESA,4.25,5
2018-04-17 18:00:00,34,1344.28,1344.26011,41.4572,22194.2446,HIT/DEFESA,2.04,5
2018-04-18 03:00:00,34,1344.91,1345.09904,-16.4795,14784.5528,HIT/DEFESA,-1.83,5
2018-04-18 04:00:00,134,1343.75,1343.01269,-20.201,15978.2609,BREAK/RUPTURA,1.56,5
2018-04-18 05:00:00,34,1343.97,1344.96184,-15.9718,47630.4348,BREAK/RUPTURA,1.99,5
2018-04-18 05:00:00,134,1343.97,1343.02687,-15.9718,47630.4348,BREAK/RUPTURA,1.99,5
2018-04-18 06:00:00,34,1344.55,1344.9383,-2.6768,18598.2143,HIT/DEFESA,-0.41,5
2018-04-18 07:00:00,134,1343.33,1343.05359,-3.1256,8781.746,BREAK/RUPTURA,1.67,5
2018-04-18 08:00:00,134,1343.08,1343.05398,-6.6222,46857.1429,BREAK/RUPTURA,5.93,5
2018-04-18 09:00:00,34,1345.31,1344.77772,5.6524,12405.4054,HIT/DEFESA,4.63,5
2018-04-18 11:00:00,34,1344.14,1344.80498,7.8923,14060.4396,HIT/DEFESA,7.68,5
2018-04-18 11:00:00,134,1344.14,1343.14492,7.8923,14060.4396,HIT/DEFESA,7.68,5
2018-04-18 12:00:00,34,1345.0,1344.81612,-2.3043,30928.5714,BREAK/RUPTURA,5.58,5
2018-04-19 00:00:00,34,1348.34,1347.49886,-9.3361,294251.0204,BREAK/RUPTURA,2.81,5
2018-04-19 04:00:00,34,1348.66,1347.94912,-16.212,78270.8333,BREAK/RUPTURA,4.76,5
2018-04-19 12:00:00,34,1348.52,1349.30332,-36.2046,9835.1648,HIT/DEFESA,-2.73,5
2018-04-19 19:00:00,134,1346.22,1345.56192,-13.6492,10705.8047,HIT/DEFESA,-0.42,5
2018-04-19 22:00:00,134,1345.8,1345.56217,-3.1198,22606.8376,HIT/DEFESA,-1.12,5
2018-04-19 23:00:00,134,1344.63,1345.54836,-12.256,12366.9725,HIT/DEFESA,-2.29,5
2018-04-20 00:00:00,134,1345.8,1345.55209,8.7013,759974.2857,BREAK/RUPTURA,-3.98,5
2018-04-20 01:00:00,134,1345.45,1345.55058,-2.6007,19626.5823,HIT/DEFESA,-2.48,5
2018-04-20 03:00:00,134,1344.68,1345.51913,-8.3222,50921.0526,HIT/DEFESA,-1.85,5
2018-04-24 11:00:00,34,1327.46,1328.18941,5.5777,10084.5411,HIT/DEFESA,2.04,5
2018-04-24 17:00:00,34,1327.72,1327.81333,9.9517,21751.4124,HIT/DEFESA,3.63,5
2018-04-25 04:00:00,34,1328.88,1329.28791,-13.8271,11840.2367,HIT/DEFESA,-4.25,5
2018-04-25 05:00:00,34,1328.64,1329.25088,-21.6294,55909.0909,HIT/DEFESA,-5.19,5
2018-04-26 04:00:00,34,1323.86,1324.40254,14.0696,29196.9697,HIT/DEFESA,1.04,5
2018-04-26 06:00:00,34,1323.54,1324.28631,2.6451,26630.9524,BREAK/RUPTURA,-1.35,5
2018-04-26 07:00:00,34,1323.24,1324.22652,-4.6833,28046.875,HIT/DEFESA,-0.36,5
2018-04-26 08:00:00,34,1324.27,1324.22901,8.389,11920.7921,HIT/DEFESA,0.31,5
2018-04-26 09:00:00,34,1324.9,1324.26735,10.2755,33007.6923,BREAK/RUPTURA,-2.02,5
2018-04-26 10:00:00,34,1323.43,1324.2195,1.4359,19297.2973,HIT/DEFESA,1.13,5
2018-04-26 13:00:00,34,1324.58,1324.06483,8.6895,10377.193,BREAK/RUPTURA,-8.3,5
2018-04-26 15:00:00,34,1324.56,1324.02929,12.6996,28593.0233,BREAK/RUPTURA,-7.39,5
2018-04-27 13:00:00,34,1319.48,1319.29338,15.8647,16712.5749,HIT/DEFESA,2.07,5
2018-04-27 14:00:00,34,1318.3,1319.23661,15.4224,18575.0,HIT/DEFESA,3.27,5
2018-04-30 05:00:00,34,1322.02,1321.32118,-8.8423,6099.5851,HIT/DEFESA,-4.48,5
2018-04-30 06:00:00,34,1321.05,1321.30569,-24.014,14057.8947,HIT/DEFESA,-4.0,5
2018-04-30 07:00:00,34,1321.46,1321.3145,-22.3494,23250.0,HIT/DEFESA,-4.19,5
2018-04-30 08:00:00,34,1321.72,1321.33768,-2.2693,43782.6087,HIT/DEFESA,-5.34,5
2018-04-30 20:00:00,34,1317.69,1318.41143,30.9067,47012.6582,BREAK/RUPTURA,-1.93,5
2018-04-30 21:00:00,34,1318.0,1318.38792,21.2133,101571.4286,BREAK/RUPTURA,-2.98,5
2018-04-30 23:00:00,34,1318.0,1318.14119,2.3526,4048.8827,BREAK/RUPTURA,-5.53,5
2018-05-02 04:00:00,34,1309.16,1309.51133,35.0302,8211.1486,HIT/DEFESA,0.46,5
2018-05-02 05:00:00,34,1309.3,1309.49925,29.9527,136458.3333,HIT/DEFESA,0.49,5
2018-05-02 07:00:00,34,1310.01,1309.59206,6.4927,15766.129,HIT/DEFESA,0.38,5
2018-05-02 09:00:00,34,1309.62,1309.53482,-8.0874,22328.9474,HIT/DEFESA,-0.46,5
2018-05-02 10:00:00,34,1309.79,1309.5494,-1.6794,116590.9091,HIT/DEFESA,-1.06,5
2018-05-02 11:00:00,34,1309.83,1309.56543,10.1643,313857.1429,BREAK/RUPTURA,-4.91,5
2018-05-02 12:00:00,34,1310.39,1309.61255,5.8796,35842.1053,BREAK/RUPTURA,-4.51,5
2018-05-02 13:00:00,34,1309.8,1309.62326,0.0763,30525.8621,BREAK/RUPTURA,-3.13,5
2018-05-02 14:00:00,34,1309.16,1309.59679,-5.1152,27134.9206,HIT/DEFESA,-4.06,5
2018-05-02 15:00:00,34,1308.73,1309.54726,-12.668,87284.0909,HIT/DEFESA,-2.86,5
2018-05-02 21:00:00,34,1309.25,1308.60579,19.7448,20021.49,BREAK/RUPTURA,-3.57,5
2018-05-02 23:00:00,34,1309.25,1308.41439,25.8831,4026.694,HIT/DEFESA,0.12,5
2018-05-03 03:00:00,34,1308.17,1307.93319,29.1328,7788.0,HIT/DEFESA,1.01,5
2018-05-03 05:00:00,34,1308.57,1308.04699,22.1341,17037.037,HIT/DEFESA,0.53,5
2018-05-03 06:00:00,34,1308.47,1308.07116,2.2933,134833.3333,HIT/DEFESA,1.66,5
2018-05-03 08:00:00,34,1309.18,1308.20235,4.6616,74650.0,HIT/DEFESA,2.31,5
2018-05-03 09:00:00,34,1308.88,1308.24107,3.1334,83844.8276,HIT/DEFESA,8.65,5
2018-05-03 10:00:00,34,1309.1,1308.29015,-1.7566,124090.9091,BREAK/RUPTURA,6.25,5
2018-05-03 15:00:00,134,1315.35,1314.5352,24.1583,17391.2037,BREAK/RUPTURA,-2.22,5
2018-05-03 16:00:00,134,1314.83,1314.53957,25.4672,68911.7647,BREAK/RUPTURA,-1.11,5
2018-05-03 21:00:00,134,1313.72,1314.44663,0.2284,46941.1765,BREAK/RUPTURA,-1.06,5
2018-05-04 00:00:00,34,1311.08,1310.96214,-20.0956,241172.549,BREAK/RUPTURA,2.34,5
2018-05-04 03:00:00,34,1311.93,1311.18908,6.4832,21972.973,HIT/DEFESA,0.78,5
2018-05-04 04:00:00,134,1313.55,1314.24134,7.695,10588.0503,BREAK/RUPTURA,-2.49,5
2018-05-04 05:00:00,134,1313.42,1314.22917,5.7898,103428.5714,BREAK/RUPTURA,-3.38,5
2018-05-04 06:00:00,134,1313.32,1314.2157,10.5951,133722.2222,BREAK/RUPTURA,-4.67,5
2018-05-04 07:00:00,34,1312.57,1311.6092,-7.4607,10452.7027,HIT/DEFESA,-3.42,5
2018-05-04 13:00:00,34,1310.68,1311.2202,4.8853,9738.5621,HIT/DEFESA,0.61,5
2018-05-04 14:00:00,34,1311.19,1311.21847,19.4093,35670.0,HIT/DEFESA,1.99,5
2018-05-04 15:00:00,134,1313.1,1313.81284,30.1722,31521.164,HIT/DEFESA,0.69,5
2018-05-04 17:00:00,34,1311.12,1311.22823,-0.5339,28037.037,BREAK/RUPTURA,2.71,5
2018-05-04 18:00:00,34,1311.29,1311.23176,-13.7842,137071.4286,BREAK/RUPTURA,3.18,5
2018-05-04 19:00:00,134,1313.18,1313.67009,26.3413,13291.4439,HIT/DEFESA,0.65,5
2018-05-04 20:00:00,134,1313.79,1313.67186,20.3643,32690.4762,HIT/DEFESA,0.73,5
2018-05-04 22:00:00,134,1313.83,1313.68585,4.9498,25190.9091,HIT/DEFESA,0.79,5
2018-05-04 23:00:00,134,1314.47,1313.69747,5.1759,15250.0,HIT/DEFESA,0.05,5
2018-05-05 00:00:00,134,1313.83,1313.69943,-4.8689,25190.9091,BREAK/RUPTURA,3.49,5
2018-05-05 01:00:00,134,1314.52,1313.71159,5.2518,11598.5915,HIT/DEFESA,2.75,5
2018-05-07 00:00:00,134,1314.15,1313.71809,-2.4344,244551.2195,BREAK/RUPTURA,3.77,5
2018-05-07 01:00:00,134,1314.62,1313.73145,6.013,23625.641,HIT/DEFESA,2.65,5
2018-05-07 08:00:00,34,1314.73,1313.76826,-24.2048,13657.2581,HIT/DEFESA,-2.04,5
2018-05-07 08:00:00,134,1314.73,1313.9981,-24.2048,13657.2581,HIT/DEFESA,-2.04,5
2018-05-07 09:00:00,34,1313.29,1313.74093,-30.214,18521.1268,HIT/DEFESA,-2.48,5
2018-05-07 09:00:00,134,1313.29,1313.98761,-30.214,18521.1268,HIT/DEFESA,-2.48,5
2018-05-07 10:00:00,34,1313.0,1313.69859,-22.3414,67935.4839,HIT/DEFESA,-0.09,5
2018-05-07 10:00:00,134,1313.0,1313.97298,-22.3414,67935.4839,HIT/DEFESA,-0.09,5
2018-05-07 11:00:00,34,1313.42,1313.68267,-9.964,51232.5581,HIT/DEFESA,-1.54,5
2018-05-07 11:00:00,134,1313.42,1313.96479,-9.964,51232.5581,HIT/DEFESA,-1.54,5
2018-05-07 13:00:00,34,1312.69,1313.61611,-2.361,19957.8313,BREAK/RUPTURA,1.05,5
2018-05-07 15:00:00,34,1312.91,1313.42457,-4.4918,13194.7115,BREAK/RUPTURA,1.48,5
2018-05-07 15:00:00,134,1312.91,1313.8782,-4.4918,13194.7115,BREAK/RUPTURA,1.48,5
2018-05-07 17:00:00,34,1313.35,1313.33709,19.3773,20935.8108,HIT/DEFESA,0.75,5
2018-05-07 17:00:00,134,1313.35,1313.84121,19.3773,20935.8108,HIT/DEFESA,0.75,5
2018-05-07 18:00:00,34,1313.74,1313.36012,6.3218,76971.4286,HIT/DEFESA,0.02,5
2018-05-07 18:00:00,134,1313.74,1313.83971,6.3218,76971.4286,HIT/DEFESA,0.02,5
2018-05-07 19:00:00,34,1313.72,1313.38068,14.0257,227450.0,HIT/DEFESA,0.38,5
2018-05-07 19:00:00,134,1313.72,1313.83794,14.0257,227450.0,HIT/DEFESA,0.38,5
2018-05-07 21:00:00,34,1313.76,1313.45673,0.1522,23048.3871,HIT/DEFESA,1.89,5
2018-05-07 21:00:00,134,1313.76,1313.84484,0.1522,23048.3871,HIT/DEFESA,1.89,5
2018-05-07 22:00:00,34,1314.1,1313.49349,2.8925,41881.5789,HIT/DEFESA,1.35,5
2018-05-07 22:00:00,134,1314.1,1313.84862,2.8925,41881.5789,HIT/DEFESA,1.35,5
2018-05-07 23:00:00,34,1313.76,1313.50872,-4.7931,32453.125,HIT/DEFESA,-0.24,5
2018-05-07 23:00:00,134,1313.76,1313.84731,-4.7931,32453.125,HIT/DEFESA,-0.24,5
2018-05-08 01:00:00,34,1313.67,1313.54979,-3.2722,25750.0,HIT/DEFESA,-1.69,5
2018-05-08 01:00:00,134,1313.67,1313.84837,-3.2722,25750.0,HIT/DEFESA,-1.69,5
2018-05-08 04:00:00,34,1313.52,1313.75716,-1.1418,10729.1667,HIT/DEFESA,-0.56,5
2018-05-08 04:00:00,134,1313.52,1313.89279,-1.1418,10729.1667,HIT/DEFESA,-0.56,5
2018-05-08 09:00:00,34,1312.96,1313.42645,7.4696,48163.4615,BREAK/RUPTURA,-2.01,5
2018-05-08 09:00:00,134,1312.96,1313.79025,7.4696,48163.4615,BREAK/RUPTURA,-2.01,5
2018-05-08 10:00:00,34,1313.78,1313.44666,19.2182,32902.439,BREAK/RUPTURA,-3.99,5
2018-05-08 10:00:00,134,1313.78,1313.7901,19.2182,32902.439,BREAK/RUPTURA,-3.99,5
2018-05-08 19:00:00,134,1313.81,1313.31795,53.6425,12925.3049,HIT/DEFESA,0.47,5
2018-05-08 20:00:00,34,1313.08,1312.11492,42.216,32988.2353,HIT/DEFESA,1.81,5
2018-05-08 20:00:00,134,1313.08,1313.31442,42.216,32988.2353,HIT/DEFESA,1.81,5
2018-05-08 22:00:00,134,1314.28,1313.35026,3.5774,55404.7619,BREAK/RUPTURA,-1.24,5
2018-05-09 00:00:00,134,1314.28,1313.38505,-3.8789,1281027.2727,HIT/DEFESA,-3.34,5
2018-05-09 03:00:00,34,1313.04,1312.95347,-9.4348,7714.511,HIT/DEFESA,-2.28,5
2018-05-09 03:00:00,134,1313.04,1313.44281,-9.4348,7714.511,HIT/DEFESA,-2.28,5
2018-05-09 14:00:00,34,1311.21,1311.06514,39.8159,12242.2481,HIT/DEFESA,0.93,5
2018-05-09 16:00:00,134,1313.74,1312.81172,38.8183,153115.3846,BREAK/RUPTURA,-1.09,5
2018-05-09 18:00:00,134,1313.21,1312.85525,-2.0556,14566.8203,HIT/DEFESA,-0.56,5
2018-05-09 19:00:00,34,1312.14,1311.69898,-12.179,26202.8302,HIT/DEFESA,-0.52,5
2018-05-09 19:00:00,134,1312.14,1312.84465,-12.179,26202.8302,HIT/DEFESA,-0.52,5
2018-05-09 20:00:00,134,1312.91,1312.84562,-18.8537,28646.6667,HIT/DEFESA,-0.59,5
2018-05-09 21:00:00,34,1312.65,1311.81857,-4.2644,41867.6471,HIT/DEFESA,-0.37,5
2018-05-09 21:00:00,134,1312.65,1312.84272,-4.2644,41867.6471,HIT/DEFESA,-0.37,5
2018-05-09 22:00:00,34,1311.62,1311.80723,-3.963,19119.0476,HIT/DEFESA,-0.38,5
2018-05-09 23:00:00,34,1312.65,1311.85539,-1.9803,9612.7451,BREAK/RUPTURA,1.66,5
2018-05-09 23:00:00,134,1312.65,1312.82202,-1.9803,9612.7451,BREAK/RUPTURA,1.66,5
2018-05-10 00:00:00,34,1311.62,1311.84193,-7.8467,500947.2727,BREAK/RUPTURA,1.54,5
2018-05-10 01:00:00,34,1312.32,1311.86925,5.3369,63468.75,HIT/DEFESA,1.47,5
2018-05-10 01:00:00,134,1312.32,1312.79704,5.3369,63468.75,HIT/DEFESA,1.47,5
2018-05-10 02:00:00,34,1312.28,1311.89272,-2.8187,307400.0,BREAK/RUPTURA,2.77,5
2018-05-10 02:00:00,134,1312.28,1312.78938,-2.8187,307400.0,BREAK/RUPTURA,2.77,5
2018-05-10 03:00:00,34,1311.24,1311.85543,-2.8972,18617.6471,BREAK/RUPTURA,2.06,5
2018-05-10 05:00:00,134,1313.16,1312.79479,6.7059,13487.2881,BREAK/RUPTURA,-1.59,5
2018-05-10 06:00:00,134,1313.79,1312.80953,19.4472,21745.614,HIT/DEFESA,1.09,5
2018-05-10 08:00:00,34,1313.3,1312.38169,1.0661,9205.0562,HIT/DEFESA,2.92,5
2018-05-10 08:00:00,134,1313.3,1312.8495,1.0661,9205.0562,HIT/DEFESA,2.92,5
2018-05-10 09:00:00,34,1312.63,1312.39588,-8.8294,48842.5926,BREAK/RUPTURA,4.95,5
2018-05-10 09:00:00,134,1312.63,1312.84624,-8.8294,48842.5926,BREAK/RUPTURA,4.95,5
2018-05-10 10:00:00,34,1311.57,1312.34869,-26.4629,25747.7064,BREAK/RUPTURA,10.19,5
2018-05-11 21:00:00,34,1319.82,1320.19562,-14.3752,15017.3611,HIT/DEFESA,-6.48,5
2018-05-14 01:00:00,34,1318.73,1319.49352,-1.4406,18900.0,BREAK/RUPTURA,1.4,5
2018-05-14 05:00:00,34,1320.72,1319.79074,5.9852,32342.8571,HIT/DEFESA,0.36,5
2018-05-14 07:00:00,34,1319.2,1319.77526,-14.3064,10845.7447,BREAK/RUPTURA,1.02,5
2018-05-14 08:00:00,34,1320.31,1319.80582,-3.1044,13482.1429,HIT/DEFESA,-0.72,5
2018-05-14 09:00:00,34,1319.53,1319.79006,-4.545,26759.2593,HIT/DEFESA,-0.85,5
2018-05-14 13:00:00,34,1319.59,1319.91234,-11.2787,31000.0,HIT/DEFESA,-0.19,5
2018-05-14 16:00:00,34,1320.49,1319.81473,6.8203,15856.7568,BREAK/RUPTURA,-6.85,5
2018-05-14 17:00:00,34,1319.85,1319.81675,8.8725,38681.8182,BREAK/RUPTURA,-6.57,5
2018-05-14 18:00:00,34,1319.4,1319.79293,5.6876,44569.7674,BREAK/RUPTURA,-5.76,5
2018-05-14 19:00:00,34,1319.01,1319.74819,-11.208,58096.7742,HIT/DEFESA,-5.73,5
2018-05-17 21:00:00,34,1290.95,1291.34024,18.7033,49017.2414,BREAK/RUPTURA,-1.57,5
2018-05-17 22:00:00,34,1290.9,1291.31508,-2.4783,133000.0,HIT/DEFESA,-1.12,5
2018-05-17 23:00:00,34,1290.95,1291.29422,2.3244,184750.0,BREAK/RUPTURA,-2.37,5
2018-05-18 00:00:00,34,1290.9,1291.27169,-0.3873,667983.3333,HIT/DEFESA,-2.44,5
2018-05-18 01:00:00,34,1290.4,1291.22188,-3.8733,58611.1111,HIT/DEFESA,-1.83,5
2018-05-18 08:00:00,34,1289.71,1290.45912,9.7015,9432.8358,BREAK/RUPTURA,-2.83,5
2018-05-18 09:00:00,34,1289.99,1290.43231,11.02,77660.7143,BREAK/RUPTURA,-1.46,5
2018-05-18 10:00:00,34,1289.4,1290.37333,8.15,29396.8254,BREAK/RUPTURA,-2.21,5
2018-05-18 16:00:00,34,1288.62,1289.57412,13.5211,23273.0496,HIT/DEFESA,5.07,5
2018-05-19 00:00:00,34,1291.54,1290.58984,-16.6191,5542.0561,HIT/DEFESA,-1.87,5
2018-05-21 01:00:00,34,1290.46,1290.78725,-8.3621,93178.5714,HIT/DEFESA,-2.13,5
2018-05-21 02:00:00,34,1291.0,1290.7994,-11.5281,24971.1538,HIT/DEFESA,-3.06,5
2018-05-21 04:00:00,34,1289.9,1290.68716,-4.3395,82708.3333,HIT/DEFESA,-6.76,5
2018-05-21 16:00:00,34,1288.16,1288.18442,30.6801,25397.6378,HIT/DEFESA,3.64,5
2018-05-21 17:00:00,34,1287.99,1288.17331,27.7166,201666.6667,HIT/DEFESA,4.05,5
2018-05-22 05:00:00,34,1290.58,1289.8557,-13.696,54884.6154,BREAK/RUPTURA,1.71,5
2018-05-22 06:00:00,34,1290.25,1289.87823,-15.4769,27823.5294,BREAK/RUPTURA,3.35,5
2018-05-22 07:00:00,34,1289.32,1289.84633,-11.6979,12016.6667,BREAK/RUPTURA,5.47,5
2018-05-22 08:00:00,34,1290.2,1289.86654,-2.9444,14440.4762,BREAK/RUPTURA,3.43,5
2018-05-22 12:00:00,134,1294.79,1294.41737,48.1926,14702.4793,BREAK/RUPTURA,-2.76,5
2018-05-22 13:00:00,134,1293.63,1294.4057,10.3692,14284.4828,BREAK/RUPTURA,-1.15,5
2018-05-22 14:00:00,134,1295.16,1294.41688,12.0594,12359.4771,BREAK/RUPTURA,-1.16,5
2018-05-22 15:00:00,134,1293.83,1294.40818,-7.4143,25811.9658,HIT/DEFESA,-1.43,5
2018-05-22 17:00:00,34,1292.03,1291.20855,-24.1669,24417.9104,HIT/DEFESA,-0.31,5
2018-05-22 19:00:00,134,1294.0,1294.32495,4.9484,14016.3399,BREAK/RUPTURA,-2.28,5
2018-05-22 21:00:00,34,1291.68,1291.50238,-6.1897,19885.1351,BREAK/RUPTURA,1.64,5
2018-05-22 22:00:00,34,1291.72,1291.51481,-17.6198,1402500.0,BREAK/RUPTURA,1.15,5
2018-05-22 23:00:00,34,1291.68,1291.52425,-5.571,444500.0,BREAK/RUPTURA,1.43,5
2018-05-23 00:00:00,34,1291.72,1291.53544,0.3097,541436.5079,HIT/DEFESA,0.67,5
2018-05-23 01:00:00,34,1291.97,1291.56027,1.9354,14970.5882,HIT/DEFESA,0.85,5
2018-05-23 02:00:00,134,1293.32,1294.10197,12.6966,8799.2424,BREAK/RUPTURA,-1.09,5
2018-05-23 04:00:00,134,1293.11,1294.06929,8.8237,113652.1739,BREAK/RUPTURA,-3.0,5
2018-05-23 06:00:00,34,1292.82,1291.89788,-0.3867,33886.3636,HIT/DEFESA,-0.37,5
2018-05-23 07:00:00,34,1292.23,1291.91686,-6.8053,17408.3333,BREAK/RUPTURA,5.0,5
2018-05-23 10:00:00,134,1293.07,1293.87693,6.5004,12250.8475,BREAK/RUPTURA,-1.04,5
2018-05-23 11:00:00,34,1292.45,1291.84358,16.1194,39812.5,BREAK/RUPTURA,-2.97,5
2018-05-23 15:00:00,34,1292.03,1292.61723,-40.0854,7780.4054,HIT/DEFESA,-2.69,5
2018-05-23 18:00:00,34,1291.55,1292.31352,-3.7151,74951.2195,BREAK/RUPTURA,2.66,5
2018-05-23 21:00:00,134,1294.21,1293.7059,20.5954,9433.7474,HIT/DEFESA,0.56,5
2018-05-23 22:00:00,34,1293.04,1292.20972,21.2354,17741.5254,HIT/DEFESA,1.85,5
2018-05-23 22:00:00,134,1293.04,1293.69604,21.2354,17741.5254,HIT/DEFESA,1.85,5
2018-05-24 00:00:00,34,1293.04,1292.36493,-9.0403,345515.9091,BREAK/RUPTURA,1.38,5
2018-05-24 00:00:00,134,1293.04,1293.69382,-9.0403,345515.9091,BREAK/RUPTURA,1.38,5
2018-05-24 01:00:00,134,1293.66,1293.69332,4.7949,153285.7143,HIT/DEFESA,1.22,5
2018-05-24 04:00:00,134,1294.06,1293.7317,3.092,30865.8537,HIT/DEFESA,1.81,5
2018-05-24 05:00:00,134,1294.42,1293.74189,-2.7032,54705.8824,BREAK/RUPTURA,1.32,5
2018-05-24 08:00:00,34,1294.07,1293.16178,-2.7039,16762.8866,BREAK/RUPTURA,1.7,5
2018-05-24 08:00:00,134,1294.07,1293.78192,-2.7039,16762.8866,BREAK/RUPTURA,1.7,5
2018-05-25 21:00:00,34,1302.81,1302.17813,-8.8193,44666.6667,HIT/DEFESA,-4.7,5
2018-05-25 23:00:00,34,1302.81,1302.10712,-2.8392,5328.8973,HIT/DEFESA,-4.17,5
2018-05-28 00:00:00,134,1298.11,1297.79295,-36.0759,123036.5854,HIT/DEFESA,-0.37,5
2018-05-28 01:00:00,134,1297.38,1297.78684,-21.6122,8455.2846,BREAK/RUPTURA,1.13,5
2018-05-28 03:00:00,134,1298.76,1297.81371,5.0073,60060.6061,BREAK/RUPTURA,-1.64,5
2018-05-28 04:00:00,134,1298.29,1297.82076,7.0141,42260.4167,BREAK/RUPTURA,-1.57,5
2018-05-28 05:00:00,134,1297.74,1297.81957,-6.9303,27483.6066,HIT/DEFESA,-0.45,5
2018-05-28 06:00:00,134,1298.51,1297.82979,-1.9249,16743.4211,HIT/DEFESA,-1.31,5
2018-05-28 11:00:00,134,1297.2,1297.79941,0.6168,209875.0,HIT/DEFESA,0.55,5
2018-05-28 12:00:00,134,1298.52,1297.81009,13.8812,16234.8485,HIT/DEFESA,0.09,5
2018-05-28 13:00:00,134,1298.07,1297.81394,6.0125,48347.8261,HIT/DEFESA,0.39,5
2018-05-28 14:00:00,34,1298.92,1299.61741,13.2593,19586.2069,BREAK/RUPTURA,-1.01,5
2018-05-28 17:00:00,34,1298.61,1299.37199,-2.3866,21345.2381,HIT/DEFESA,-0.89,5
2018-05-28 17:00:00,134,1298.61,1297.84171,-2.3866,21345.2381,HIT/DEFESA,-0.89,5
2018-05-28 18:00:00,34,1298.46,1299.31988,4.3147,83857.1429,HIT/DEFESA,0.44,5
2018-05-28 18:00:00,134,1298.46,1297.85087,4.3147,83857.1429,HIT/DEFESA,0.44,5
2018-05-28 20:00:00,34,1298.46,1299.19478,-1.1551,22584.9057,HIT/DEFESA,-0.57,5
2018-05-28 20:00:00,134,1298.46,1297.86075,-1.1551,22584.9057,HIT/DEFESA,-0.57,5
2018-05-28 21:00:00,134,1297.91,1297.86148,-4.2358,18945.4545,BREAK/RUPTURA,2.02,5
2018-05-28 22:00:00,134,1297.72,1297.85939,-1.4639,2790.4762,BREAK/RUPTURA,1.21,5
2018-05-29 01:00:00,134,1297.33,1297.86673,-4.4687,25315.2174,HIT/DEFESA,-0.01,5
2018-05-29 03:00:00,34,1299.93,1298.93634,7.9298,13300.995,BREAK/RUPTURA,-1.92,5
2018-05-29 04:00:00,34,1298.93,1298.93598,12.333,26198.0198,BREAK/RUPTURA,-2.32,5
2018-05-29 05:00:00,34,1298.66,1298.92021,5.9327,51788.4615,BREAK/RUPTURA,-1.64,5
2018-05-29 05:00:00,134,1298.66,1297.924,5.9327,51788.4615,BREAK/RUPTURA,-1.64,5
2018-05-29 06:00:00,134,1297.32,1297.91505,-20.078,11707.4074,BREAK/RUPTURA,6.49,5
2018-05-29 07:00:00,134,1297.74,1297.91246,-9.1614,33675.6757,BREAK/RUPTURA,5.0,5
2018-05-29 08:00:00,34,1298.01,1298.72332,-5.0052,48673.0769,BREAK/RUPTURA,5.49,5
2018-05-29 08:00:00,134,1298.01,1297.9139,-5.0052,48673.0769,BREAK/RUPTURA,5.49,5
2018-05-29 15:00:00,134,1297.8,1298.17375,-37.9201,11624.1218,BREAK/RUPTURA,3.03,5
2018-05-29 22:00:00,34,1299.99,1299.85936,-15.0543,9191.9192,BREAK/RUPTURA,1.74,5
2018-05-30 00:00:00,34,1299.99,1300.03334,-22.7177,652006.5789,HIT/DEFESA,-0.51,5
2018-05-30 01:00:00,34,1300.42,1300.05544,3.3077,7147.9821,BREAK/RUPTURA,-1.86,5
2018-05-30 04:00:00,34,1300.54,1300.26959,0.9228,19360.6557,BREAK/RUPTURA,-2.91,5
2018-05-30 05:00:00,34,1299.48,1300.22447,-18.9715,19414.2857,HIT/DEFESA,-2.1,5
2018-05-30 05:00:00,134,1299.48,1298.68383,-18.9715,19414.2857,HIT/DEFESA,-2.1,5
2018-05-30 07:00:00,134,1298.51,1298.67945,-15.6089,175555.5556,HIT/DEFESA,-0.89,5
2018-05-30 08:00:00,34,1299.13,1299.985,-2.6934,35322.0339,HIT/DEFESA,-1.84,5
2018-05-30 08:00:00,134,1299.13,1298.68612,-2.6934,35322.0339,HIT/DEFESA,-1.84,5
2018-05-30 11:00:00,34,1298.8,1299.65731,-2.5402,19715.2778,BREAK/RUPTURA,1.83,5
2018-05-30 11:00:00,134,1298.8,1298.65356,-2.5402,19715.2778,BREAK/RUPTURA,1.83,5
2018-05-31 04:00:00,34,1301.48,1300.69323,-4.3009,12575.9494,BREAK/RUPTURA,3.31,5
2018-05-31 15:00:00,134,1299.57,1299.83478,-43.364,8947.9592,BREAK/RUPTURA,1.36,5
2018-05-31 16:00:00,34,1302.63,1302.0525,-9.2803,15104.5016,HIT/DEFESA,-2.13,5
2018-05-31 19:00:00,34,1301.69,1302.08355,-7.2162,23409.0909,HIT/DEFESA,-2.47,5
2018-05-31 20:00:00,134,1300.93,1299.99564,-26.6023,39426.4706,HIT/DEFESA,-1.14,5
2018-05-31 21:00:00,134,1300.5,1300.00311,-2.3063,46521.2766,HIT/DEFESA,-1.26,5
2018-05-31 23:00:00,134,1300.5,1299.99905,-3.3053,12328.5714,HIT/DEFESA,-1.49,5
2018-06-01 00:00:00,134,1299.22,1299.9875,-9.8424,4498825.0,HIT/DEFESA,-1.17,5
2018-06-01 01:00:00,134,1299.79,1299.98458,4.3872,12190.4255,BREAK/RUPTURA,-1.44,5
2018-06-01 02:00:00,134,1299.24,1299.97355,-9.6886,19675.0,HIT/DEFESA,-0.77,5
2018-06-01 04:00:00,134,1299.01,1299.94959,-6.001,66027.7778,HIT/DEFESA,-0.15,5
2018-06-01 08:00:00,134,1299.02,1299.86431,7.4727,24083.3333,BREAK/RUPTURA,-1.13,5
2018-06-01 09:00:00,134,1298.86,1299.84943,3.9281,115323.5294,BREAK/RUPTURA,-4.04,5
2018-06-01 10:00:00,134,1299.09,1299.83818,4.7749,82041.6667,BREAK/RUPTURA,-6.83,5
2018-06-01 11:00:00,134,1299.16,1299.82813,1.0777,133115.3846,BREAK/RUPTURA,-5.95,5
2018-06-01 12:00:00,34,1299.3,1300.24608,3.3876,106857.1429,BREAK/RUPTURA,-4.5,5
2018-06-01 12:00:00,134,1299.3,1299.82031,3.3876,106857.1429,BREAK/RUPTURA,-4.5,5
2018-06-04 12:00:00,34,1293.8,1294.63256,20.0587,65435.4839,HIT/DEFESA,0.92,5
2018-06-04 16:00:00,34,1295.2,1294.87313,2.5485,22746.4286,BREAK/RUPTURA,-2.81,5
2018-06-04 17:00:00,34,1294.72,1294.86438,-13.1901,57458.3333,HIT/DEFESA,-3.05,5
2018-06-04 18:00:00,34,1293.87,1294.80756,-20.9781,32724.1379,HIT/DEFESA,-1.48,5
2018-06-05 09:00:00,34,1293.01,1293.13437,9.3668,11040.6977,BREAK/RUPTURA,-1.81,5
2018-06-05 12:00:00,34,1292.37,1292.98076,-4.9497,76027.7778,BREAK/RUPTURA,1.21,5
2018-06-05 15:00:00,34,1293.21,1292.77139,6.4997,14797.9798,HIT/DEFESA,5.81,5
2018-06-05 16:00:00,34,1292.32,1292.74559,14.1807,32325.5814,HIT/DEFESA,4.85,5
2018-06-05 17:00:00,34,1293.58,1292.79327,18.4325,24557.2519,HIT/DEFESA,3.01,5
2018-06-06 01:00:00,134,1296.74,1296.08812,1.1569,17054.3478,HIT/DEFESA,0.54,5
2018-06-06 02:00:00,134,1296.76,1296.09807,-3.1607,457333.3333,HIT/DEFESA,-0.22,5
2018-06-06 05:00:00,134,1297.07,1296.15444,2.3906,13689.3939,HIT/DEFESA,0.96,5
2018-06-06 07:00:00,134,1296.54,1296.17658,-9.1699,10680.0,HIT/DEFESA,-1.65,5
2018-06-06 11:00:00,34,1296.74,1295.76557,-13.4003,17150.0,BREAK/RUPTURA,3.66,5
2018-06-06 11:00:00,134,1296.74,1296.26593,-13.4003,17150.0,BREAK/RUPTURA,3.66,5
2018-06-06 12:00:00,34,1294.89,1295.71554,-21.3461,13641.6667,BREAK/RUPTURA,4.13,5
2018-06-06 13:00:00,34,1294.66,1295.65522,-25.9624,78386.3636,BREAK/RUPTURA,4.97,5
2018-06-06 14:00:00,34,1295.84,1295.66578,-6.9405,16419.3548,BREAK/RUPTURA,1.53,5
2018-06-06 14:00:00,134,1295.84,1296.2164,-6.9405,16419.3548,BREAK/RUPTURA,1.53,5
2018-06-06 19:00:00,34,1297.37,1296.47885,-23.3005,8993.5065,HIT/DEFESA,-0.44,5
2018-06-06 19:00:00,134,1297.37,1296.40765,-23.3005,8993.5065,HIT/DEFESA,-0.44,5
2018-06-06 21:00:00,34,1295.77,1296.36244,-29.7008,18500.0,BREAK/RUPTURA,1.35,5
2018-06-06 21:00:00,134,1295.77,1296.37868,-29.7008,18500.0,BREAK/RUPTURA,1.35,5
2018-06-06 22:00:00,34,1296.93,1296.39487,-3.3915,11286.3248,HIT/DEFESA,-0.93,5
2018-06-06 22:00:00,134,1296.93,1296.38684,-3.3915,11286.3248,HIT/DEFESA,-0.93,5
2018-06-06 23:00:00,34,1295.77,1296.35916,5.4051,6057.5221,HIT/DEFESA,1.19,5
2018-06-06 23:00:00,134,1295.77,1296.3777,5.4051,6057.5221,HIT/DEFESA,1.19,5
2018-06-07 03:00:00,34,1296.0,1296.44156,-7.1708,11991.3793,BREAK/RUPTURA,1.22,5
2018-06-07 03:00:00,134,1296.0,1296.40029,-7.1708,11991.3793,BREAK/RUPTURA,1.22,5
2018-06-07 05:00:00,34,1296.77,1296.48826,-2.6983,60795.4545,BREAK/RUPTURA,1.62,5
2018-06-07 05:00:00,134,1296.77,1296.41394,-2.6983,60795.4545,BREAK/RUPTURA,1.62,5
2018-06-07 06:00:00,34,1296.78,1296.50493,6.0185,347000.0,HIT/DEFESA,1.23,5
2018-06-07 06:00:00,134,1296.78,1296.41936,6.0185,347000.0,HIT/DEFESA,1.23,5
2018-06-07 07:00:00,34,1297.11,1296.5395,1.1566,39206.8966,HIT/DEFESA,1.61,5
2018-06-07 07:00:00,134,1297.11,1296.42959,1.1566,39206.8966,HIT/DEFESA,1.61,5
2018-06-07 08:00:00,34,1297.22,1296.57839,3.4702,94615.3846,HIT/DEFESA,0.83,5
2018-06-07 08:00:00,134,1297.22,1296.4413,3.4702,94615.3846,HIT/DEFESA,0.83,5
2018-06-07 09:00:00,34,1297.24,1296.6162,3.5472,1881000.0,HIT/DEFESA,2.3,5
2018-06-07 09:00:00,134,1297.24,1296.45313,3.5472,1881000.0,HIT/DEFESA,2.3,5
2018-06-07 17:00:00,34,1297.58,1297.29323,-15.0823,19076.1589,HIT/DEFESA,-0.88,5
2018-06-07 17:00:00,134,1297.58,1296.6769,-15.0823,19076.1589,HIT/DEFESA,-0.88,5
2018-06-07 18:00:00,34,1297.89,1297.32733,-25.4381,78810.3448,HIT/DEFESA,-0.98,5
2018-06-07 20:00:00,34,1297.29,1297.32804,-2.2349,222066.6667,HIT/DEFESA,-0.54,5
2018-06-07 20:00:00,134,1297.29,1296.71369,-2.2349,222066.6667,HIT/DEFESA,-0.54,5
2018-06-07 23:00:00,34,1296.91,1297.24908,-2.9292,48928.5714,HIT/DEFESA,-0.32,5
2018-06-07 23:00:00,134,1296.91,1296.71922,-2.9292,48928.5714,HIT/DEFESA,-0.32,5
2018-06-08 00:00:00,34,1296.7,1297.2177,-1.6192,1371416.6667,HIT/DEFESA,-0.05,5
2018-06-08 00:00:00,134,1296.7,1296.71894,-1.6192,1371416.6667,HIT/DEFESA,-0.05,5
2018-06-08 03:00:00,34,1296.78,1297.16421,0.617,56483.3333,BREAK/RUPTURA,-1.09,5
2018-06-08 03:00:00,134,1296.78,1296.72629,0.617,56483.3333,BREAK/RUPTURA,-1.09,5
2018-06-08 04:00:00,34,1296.59,1297.13139,-1.2339,78055.5556,HIT/DEFESA,-1.82,5
2018-06-08 04:00:00,134,1296.59,1296.72427,-1.2339,78055.5556,HIT/DEFESA,-1.82,5
2018-06-08 05:00:00,34,1296.65,1297.10389,-3.7005,92666.6667,BREAK/RUPTURA,1.61,5
2018-06-08 05:00:00,134,1296.65,1296.72317,-3.7005,92666.6667,BREAK/RUPTURA,1.61,5
2018-06-08 06:00:00,34,1296.38,1297.06252,-3.0846,36793.1034,BREAK/RUPTURA,1.68,5
2018-06-08 06:00:00,134,1296.38,1296.71809,-3.0846,36793.1034,BREAK/RUPTURA,1.68,5
2018-06-08 07:00:00,34,1296.67,1297.04009,0.617,33678.5714,HIT/DEFESA,2.39,5
2018-06-08 07:00:00,134,1296.67,1296.71737,0.617,33678.5714,HIT/DEFESA,2.39,5
2018-06-08 22:00:00,34,1298.32,1297.68152,2.9277,42966.6667,HIT/DEFESA,0.19,5
2018-06-08 23:00:00,34,1298.67,1297.73801,2.3876,23837.8378,HIT/DEFESA,0.34,5
2018-06-09 01:00:00,34,1298.55,1297.81576,1.7715,31940.0,HIT/DEFESA,1.92,5
2018-06-11 01:00:00,34,1298.51,1297.97742,1.4634,7646.8254,HIT/DEFESA,0.63,5
2018-06-11 03:00:00,34,1299.02,1298.09263,-8.1533,108187.5,HIT/DEFESA,-0.56,5
2018-06-11 06:00:00,34,1299.14,1298.35069,0.9238,26000.0,BREAK/RUPTURA,-3.32,5
2018-06-11 07:00:00,34,1298.84,1298.37865,-12.5339,23785.7143,HIT/DEFESA,-3.46,5
2018-06-11 08:00:00,34,1298.46,1298.3833,-8.2337,36397.4359,HIT/DEFESA,-3.14,5
2018-06-11 09:00:00,134,1297.18,1297.31983,-15.0869,17283.4646,HIT/DEFESA,-0.41,5
2018-06-11 10:00:00,134,1296.55,1297.30843,-17.6311,27230.1587,BREAK/RUPTURA,2.14,5
2018-06-11 14:00:00,34,1296.77,1297.71671,7.3313,10825.1748,HIT/DEFESA,3.3,5
2018-06-11 14:00:00,134,1296.77,1297.22262,7.3313,10825.1748,HIT/DEFESA,3.3,5
2018-06-11 15:00:00,34,1298.69,1297.77232,25.5523,12704.1885,HIT/DEFESA,0.53,5
2018-06-12 01:00:00,34,1299.3,1298.73666,-7.2294,35431.0345,HIT/DEFESA,-2.01,5
2018-06-12 02:00:00,34,1298.04,1298.69685,-12.2343,11180.0,HIT/DEFESA,-1.3,5
2018-06-12 02:00:00,134,1298.04,1297.62835,-12.2343,11180.0,HIT/DEFESA,-1.3,5
2018-06-12 03:00:00,34,1298.44,1298.68217,-13.8436,58059.5238,HIT/DEFESA,-0.46,5
2018-06-12 03:00:00,134,1298.44,1297.64038,-13.8436,58059.5238,HIT/DEFESA,-0.46,5
2018-06-12 04:00:00,34,1297.65,1298.62319,-12.6991,23097.4026,HIT/DEFESA,-0.19,5
2018-06-12 04:00:00,134,1297.65,1297.64052,-12.6991,23097.4026,HIT/DEFESA,-0.19,5
2018-06-12 07:00:00,134,1296.74,1297.63528,-7.0127,20490.7407,BREAK/RUPTURA,1.11,5
2018-06-12 08:00:00,34,1297.98,1298.41423,-4.4665,14786.8852,HIT/DEFESA,-0.66,5
2018-06-12 08:00:00,134,1297.98,1297.64039,-4.4665,14786.8852,HIT/DEFESA,-0.66,5
2018-06-12 09:00:00,34,1297.46,1298.3597,1.3104,40188.8889,HIT/DEFESA,0.17,5
2018-06-12 09:00:00,134,1297.46,1297.63772,1.3104,40188.8889,HIT/DEFESA,0.17,5
2018-06-12 10:00:00,34,1297.8,1298.32772,8.1743,52530.303,BREAK/RUPTURA,-2.37,5
2018-06-12 10:00:00,134,1297.8,1297.64012,8.1743,52530.303,BREAK/RUPTURA,-2.37,5
2018-06-12 12:00:00,34,1297.85,1298.25906,3.0059,63086.2069,HIT/DEFESA,1.34,5
2018-06-12 12:00:00,134,1297.85,1297.64206,3.0059,63086.2069,HIT/DEFESA,1.34,5
2018-06-12 14:00:00,34,1297.63,1298.17252,0.5395,46878.7879,BREAK/RUPTURA,-1.2,5
2018-06-12 14:00:00,134,1297.63,1297.63718,0.5395,46878.7879,BREAK/RUPTURA,-1.2,5
2018-06-12 16:00:00,34,1298.36,1298.03547,8.0165,10979.5918,BREAK/RUPTURA,-3.02,5
2018-06-12 16:00:00,134,1298.36,1297.61568,8.0165,10979.5918,BREAK/RUPTURA,-3.02,5
2018-06-12 18:00:00,34,1297.84,1298.0865,18.6039,13862.3188,BREAK/RUPTURA,-2.5,5
2018-06-12 18:00:00,134,1297.84,1297.64198,18.6039,13862.3188,BREAK/RUPTURA,-2.5,5
2018-06-13 15:00:00,34,1296.46,1295.91606,15.76,8697.026,HIT/DEFESA,1.19,5
2018-06-13 15:00:00,134,1296.46,1296.96569,15.76,8697.026,HIT/DEFESA,1.19,5
2018-06-13 16:00:00,34,1295.78,1295.90829,7.9552,38294.1176,HIT/DEFESA,3.72,5
2018-06-13 17:00:00,34,1296.65,1295.95067,22.2605,22816.092,HIT/DEFESA,3.24,5
2018-06-13 17:00:00,134,1296.65,1296.94371,22.2605,22816.092,HIT/DEFESA,3.24,5
2018-06-13 18:00:00,134,1297.59,1296.95329,8.716,20700.0,HIT/DEFESA,1.91,5
2018-06-13 20:00:00,134,1297.65,1296.97874,7.7122,47430.5556,HIT/DEFESA,1.85,5
2018-06-14 04:00:00,34,1298.16,1297.36937,-10.3117,26712.1212,BREAK/RUPTURA,4.25,5
2018-06-14 04:00:00,134,1298.16,1297.23915,-10.3117,26712.1212,BREAK/RUPTURA,4.25,5
2018-06-14 05:00:00,34,1298.18,1297.41569,-7.851,1360500.0,BREAK/RUPTURA,4.68,5
2018-06-14 05:00:00,134,1298.18,1297.25309,-7.851,1360500.0,BREAK/RUPTURA,4.68,5
2018-06-15 02:00:00,34,1302.22,1301.43005,-4.5287,25053.1915,HIT/DEFESA,-0.72,5
2018-06-15 03:00:00,34,1301.24,1301.41919,-8.7532,24658.1633,HIT/DEFESA,-1.07,5
2018-06-15 04:00:00,34,1302.36,1301.47295,-2.61,15276.3158,HIT/DEFESA,-2.94,5
2018-06-15 05:00:00,34,1301.8,1301.49164,-3.2253,21410.7143,HIT/DEFESA,-2.01,5
2018-06-15 06:00:00,34,1301.12,1301.4704,-0.9222,18884.058,HIT/DEFESA,-1.65,5
2018-06-15 07:00:00,34,1301.5,1301.47209,-6.6034,20525.641,HIT/DEFESA,-2.76,5
2018-06-15 09:00:00,134,1299.42,1299.02277,-13.0657,31308.642,HIT/DEFESA,-1.33,5
2018-06-15 10:00:00,134,1299.79,1299.03414,-13.1387,79569.4444,HIT/DEFESA,-7.65,5
2018-06-15 11:00:00,134,1299.47,1299.04059,-5.3839,67300.0,HIT/DEFESA,-15.84,5
2018-06-15 12:00:00,134,1298.74,1299.03614,-5.2331,26363.0137,HIT/DEFESA,-18.39,5
2018-06-15 13:00:00,134,1299.43,1299.04198,-2.7697,31800.0,HIT/DEFESA,-21.83,5
2018-06-15 14:00:00,134,1298.09,1299.02787,-10.6197,14155.0388,HIT/DEFESA,-21.71,5
2018-06-19 02:00:00,34,1281.08,1281.82953,16.0278,8573.8095,HIT/DEFESA,1.87,5
2018-06-19 03:00:00,34,1281.42,1281.80613,24.6427,46855.5556,HIT/DEFESA,1.08,5
2018-06-19 07:00:00,34,1282.95,1282.10055,0.3118,13425.3731,BREAK/RUPTURA,-3.42,5
2018-06-19 08:00:00,34,1282.5,1282.12338,-6.5454,36863.6364,HIT/DEFESA,-3.43,5
2018-06-19 10:00:00,34,1281.79,1281.99801,-9.0417,15560.241,HIT/DEFESA,-8.43,5
2018-06-20 15:00:00,34,1275.06,1275.66123,22.5595,31409.5745,BREAK/RUPTURA,-4.13,5
2018-06-21 18:00:00,34,1267.42,1268.32869,13.4311,36926.6667,HIT/DEFESA,1.06,5
2018-06-21 19:00:00,34,1268.69,1268.34934,28.9321,15313.9535,BREAK/RUPTURA,-1.47,5
2018-06-21 20:00:00,34,1269.32,1268.4048,21.1583,30843.75,BREAK/RUPTURA,-1.81,5
2018-06-21 21:00:00,34,1268.48,1268.4091,8.3634,21901.3158,BREAK/RUPTURA,-1.28,5
2018-06-21 23:00:00,34,1268.48,1268.34909,-6.6177,7907.2581,HIT/DEFESA,-1.28,5
2018-06-22 01:00:00,34,1267.51,1268.24031,2.2885,8302.1978,HIT/DEFESA,0.24,5
2018-06-22 02:00:00,34,1267.2,1268.18086,-10.0908,31250.0,HIT/DEFESA,-0.01,5
2018-06-22 03:00:00,34,1268.34,1268.18995,8.8382,13000.0,HIT/DEFESA,0.53,5
2018-06-22 04:00:00,34,1267.2,1268.13339,-2.4457,16814.6552,BREAK/RUPTURA,2.89,5
2018-06-22 05:00:00,34,1267.36,1268.08919,1.2626,97562.5,HIT/DEFESA,1.38,5
2018-06-22 06:00:00,34,1267.75,1268.06981,-4.6517,28666.6667,BREAK/RUPTURA,1.96,5
2018-06-22 07:00:00,34,1267.19,1268.01953,-0.0789,17881.3559,BREAK/RUPTURA,2.12,5
2018-06-22 08:00:00,34,1268.87,1268.06813,11.9145,7673.6527,HIT/DEFESA,0.32,5
2018-06-22 18:00:00,34,1268.35,1268.54789,-0.5519,20528.5714,BREAK/RUPTURA,1.09,5
2018-06-22 19:00:00,34,1268.47,1268.54344,-5.5154,143909.0909,BREAK/RUPTURA,1.56,5
2018-06-22 21:00:00,34,1269.44,1268.61927,8.5938,35219.5122,BREAK/RUPTURA,-4.09,5
2018-06-22 23:00:00,34,1269.44,1268.74218,3.4673,16542.3729,HIT/DEFESA,1.38,5
2018-06-23 01:00:00,34,1269.16,1268.83544,-6.8502,10126.4368,BREAK/RUPTURA,1.26,5
2018-06-25 05:00:00,34,1269.17,1269.13441,-12.9837,10056.0,HIT/DEFESA,-1.93,5
2018-06-25 12:00:00,34,1269.28,1268.56769,28.8394,39000.0,BREAK/RUPTURA,-2.58,5
2018-06-25 14:00:00,34,1269.24,1268.5238,-3.2292,8090.9091,HIT/DEFESA,-3.44,5
2018-06-25 16:00:00,34,1267.55,1268.39629,4.0251,81426.4706,HIT/DEFESA,0.18,5
2018-06-25 21:00:00,34,1267.73,1267.94572,12.2415,11774.3363,BREAK/RUPTURA,-1.89,5
2018-06-25 23:00:00,34,1267.73,1267.78923,9.0796,4457.1429,BREAK/RUPTURA,-2.55,5
2018-06-26 03:00:00,34,1266.45,1267.39969,9.3261,27031.746,BREAK/RUPTURA,-2.86,5
2018-06-27 14:00:00,34,1259.13,1259.09533,24.6809,30027.7778,BREAK/RUPTURA,-4.89,5
2018-06-29 08:00:00,34,1251.4,1250.77161,21.6225,41779.4118,BREAK/RUPTURA,-1.09,5
2018-06-29 09:00:00,34,1251.01,1250.78523,12.4054,55737.5,HIT/DEFESA,0.11,5
2018-06-29 10:00:00,34,1249.73,1250.72494,-10.3914,17116.0,BREAK/RUPTURA,2.05,5
2018-06-29 13:00:00,34,1250.31,1250.70419,4.641,33581.8182,HIT/DEFESA,1.87,5
2018-06-29 14:00:00,34,1251.12,1250.72795,3.838,19808.642,HIT/DEFESA,4.01,5
2018-06-29 15:00:00,34,1251.78,1250.78807,7.3549,39723.8806,HIT/DEFESA,1.57,5
2018-06-29 16:00:00,34,1250.84,1250.79103,4.2389,31604.3956,HIT/DEFESA,1.28,5
2018-06-29 17:00:00,34,1251.16,1250.81212,0.3197,76272.7273,HIT/DEFESA,1.19,5
2018-06-29 21:00:00,34,1252.12,1251.30845,-0.4792,11454.918,HIT/DEFESA,-10.37,5
2018-06-29 23:00:00,34,1252.12,1251.41094,-9.8137,56595.2381,BREAK/RUPTURA,1.09,5
2018-06-30 00:00:00,34,1252.35,1251.4646,1.8369,57461.5385,BREAK/RUPTURA,-1.04,5
2018-07-02 03:00:00,34,1251.31,1251.21373,76.9881,8973.4043,BREAK/RUPTURA,-2.14,5
2018-07-02 04:00:00,34,1251.23,1251.21466,-13.4088,635666.6667,HIT/DEFESA,-2.1,5
2018-07-02 05:00:00,34,1250.65,1251.18239,-20.4275,30836.5385,HIT/DEFESA,-2.96,5
2018-07-02 06:00:00,34,1250.78,1251.1594,-4.2356,71566.6667,HIT/DEFESA,-2.27,5
2018-07-02 07:00:00,34,1250.67,1251.13143,-4.4756,143625.0,HIT/DEFESA,-2.29,5
2018-07-03 10:00:00,34,1245.01,1244.28802,53.213,8645.6311,HIT/DEFESA,5.11,5
2018-07-03 11:00:00,34,1244.58,1244.30471,40.4172,46321.4286,HIT/DEFESA,7.16,5
2018-07-03 16:00:00,134,1251.74,1251.98988,42.8434,16849.6933,HIT/DEFESA,1.04,5
2018-07-03 19:00:00,134,1252.62,1252.10054,7.0302,6432.5397,HIT/DEFESA,0.06,5
2018-07-03 21:00:00,134,1252.78,1252.12636,-28.7331,25328.9474,BREAK/RUPTURA,1.97,5
2018-07-03 22:00:00,134,1252.68,1252.13456,0.479,90150.0,HIT/DEFESA,4.61,5
2018-07-03 23:00:00,134,1252.78,1252.14412,-3.1919,84450.0,BREAK/RUPTURA,6.5,5
2018-07-04 00:00:00,134,1252.68,1252.15206,-0.7982,335060.9375,BREAK/RUPTURA,6.15,5
2018-07-05 04:00:00,34,1255.73,1254.90787,-8.9112,46593.75,HIT/DEFESA,-0.4,5
2018-07-05 05:00:00,34,1255.92,1254.96571,-7.0814,90078.9474,HIT/DEFESA,-2.7,5
2018-07-05 06:00:00,34,1255.88,1255.01796,-2.6269,202166.6667,HIT/DEFESA,-2.35,5
2018-07-05 07:00:00,34,1254.94,1255.0135,-6.2912,11943.299,HIT/DEFESA,-3.2,5
2018-07-05 08:00:00,34,1254.69,1254.99501,-9.7936,64733.3333,HIT/DEFESA,-2.93,5
2018-07-05 08:00:00,134,1254.69,1253.74334,-9.7936,64733.3333,HIT/DEFESA,-2.93,5
2018-07-05 09:00:00,34,1255.33,1255.01416,-4.3794,38955.2239,HIT/DEFESA,-1.75,5
2018-07-05 10:00:00,134,1253.22,1253.75875,-13.7058,11026.8293,BREAK/RUPTURA,2.23,5
2018-07-05 11:00:00,134,1253.53,1253.75536,-9.2453,46864.8649,BREAK/RUPTURA,1.05,5
2018-07-05 14:00:00,34,1253.58,1254.43845,0.3989,9306.0109,HIT/DEFESA,3.74,5
2018-07-05 14:00:00,134,1253.58,1253.69466,0.3989,9306.0109,HIT/DEFESA,3.74,5
2018-07-05 15:00:00,34,1255.45,1254.49625,29.6387,15524.0642,HIT/DEFESA,1.08,5
2018-07-05 16:00:00,34,1254.58,1254.50104,22.5283,42086.2069,HIT/DEFESA,0.66,5
2018-07-05 16:00:00,134,1254.58,1253.73339,22.5283,42086.2069,HIT/DEFESA,0.66,5
2018-07-05 21:00:00,34,1255.24,1255.03973,-15.6696,21756.4103,BREAK/RUPTURA,1.91,5
2018-07-05 23:00:00,34,1255.24,1255.15248,-10.2664,5738.2353,HIT/DEFESA,-1.6,5
2018-07-06 04:00:00,134,1253.64,1254.17213,-29.6651,7740.7407,BREAK/RUPTURA,2.69,5
2018-07-06 05:00:00,134,1253.89,1254.16795,-25.9317,57371.4286,BREAK/RUPTURA,1.77,5
2018-07-06 06:00:00,134,1253.64,1254.16013,-23.635,78604.1667,BREAK/RUPTURA,1.43,5
2018-07-06 08:00:00,34,1255.32,1255.21918,11.4045,32125.0,BREAK/RUPTURA,-1.05,5
2018-07-06 13:00:00,34,1254.27,1255.1872,-11.0699,87294.1176,HIT/DEFESA,-0.37,5
2018-07-06 13:00:00,134,1254.27,1254.25332,-11.0699,87294.1176,HIT/DEFESA,-0.37,5
2018-07-06 14:00:00,134,1253.99,1254.24942,-8.6051,48879.3103,BREAK/RUPTURA,1.16,5
2018-07-06 18:00:00,134,1253.9,1254.29078,-8.2872,16324.6269,BREAK/RUPTURA,1.13,5
2018-07-06 19:00:00,34,1255.15,1255.08565,-5.0964,12932.0,HIT/DEFESA,-0.33,5
2018-07-06 19:00:00,134,1255.15,1254.30351,-5.0964,12932.0,HIT/DEFESA,-0.33,5
2018-07-06 21:00:00,34,1255.03,1255.02936,9.0119,12529.0698,HIT/DEFESA,2.44,5
2018-07-06 21:00:00,134,1255.03,1254.3113,9.0119,12529.0698,HIT/DEFESA,2.44,5
2018-07-06 23:00:00,34,1255.03,1255.01812,7.4157,45229.1667,HIT/DEFESA,1.22,5
2018-07-06 23:00:00,134,1255.03,1254.32937,7.4157,45229.1667,HIT/DEFESA,1.22,5
2018-07-07 00:00:00,34,1254.82,1255.0068,-1.6733,38825.0,BREAK/RUPTURA,1.75,5
2018-07-07 00:00:00,134,1254.82,1254.33664,-1.6733,38825.0,BREAK/RUPTURA,1.75,5
2018-07-07 01:00:00,34,1254.55,1254.9807,-2.1517,41833.3333,BREAK/RUPTURA,3.91,5
2018-07-07 01:00:00,134,1254.55,1254.3398,-2.1517,41833.3333,BREAK/RUPTURA,3.91,5
2018-07-09 01:00:00,34,1255.78,1255.16049,7.6505,10784.9462,HIT/DEFESA,2.95,5
2018-07-09 18:00:00,34,1259.86,1258.8775,-25.2563,11467.9144,HIT/DEFESA,-0.77,5
2018-07-09 19:00:00,34,1258.89,1258.87822,-25.908,18618.8119,HIT/DEFESA,-0.83,5
2018-07-09 20:00:00,34,1258.88,1258.87832,-22.7462,749833.3333,HIT/DEFESA,-0.88,5
2018-07-09 21:00:00,34,1259.09,1258.89042,-6.1118,51211.5385,HIT/DEFESA,-0.88,5
2018-07-09 22:00:00,34,1258.06,1258.84296,-6.5931,11676.4706,HIT/DEFESA,-0.13,5
2018-07-10 00:00:00,34,1258.06,1258.81153,-8.1805,964664.5161,BREAK/RUPTURA,1.72,5
2018-07-10 03:00:00,34,1257.93,1258.68752,-1.0333,57107.1429,HIT/DEFESA,-0.75,5
2018-07-10 04:00:00,34,1258.88,1258.69852,6.9952,20288.0435,BREAK/RUPTURA,-1.76,5
2018-07-10 06:00:00,34,1258.92,1258.76945,7.8701,13441.8605,BREAK/RUPTURA,-6.52,5
2018-07-10 07:00:00,34,1258.77,1258.76948,-0.8738,67552.6316,HIT/DEFESA,-5.99,5
2018-07-10 08:00:00,134,1257.18,1256.32636,-20.6385,10686.3354,HIT/DEFESA,-7.3,5
2018-07-10 09:00:00,134,1257.12,1256.33812,-14.298,251450000.0,HIT/DEFESA,-8.59,5
2018-07-10 10:00:00,134,1256.49,1256.34037,-18.1129,31742.4242,HIT/DEFESA,-2.53,5
2018-07-10 22:00:00,34,1255.29,1256.05691,8.2918,27302.3256,BREAK/RUPTURA,-2.04,5
2018-07-10 22:00:00,134,1255.29,1255.87047,8.2918,27302.3256,BREAK/RUPTURA,-2.04,5
2018-07-10 23:00:00,134,1254.87,1255.85565,-7.0078,21500.0,HIT/DEFESA,-3.74,5
2018-07-11 00:00:00,34,1255.29,1255.94914,3.347,1348250.0,BREAK/RUPTURA,-3.61,5
2018-07-11 00:00:00,134,1255.29,1255.84727,3.347,1348250.0,BREAK/RUPTURA,-3.61,5
2018-07-11 01:00:00,134,1254.87,1255.83279,-3.3458,26397.2603,HIT/DEFESA,-4.22,5
2018-07-11 02:00:00,34,1255.77,1255.88076,7.1721,20862.6374,BREAK/RUPTURA,-4.8,5
2018-07-11 02:00:00,134,1255.77,1255.83186,7.1721,20862.6374,BREAK/RUPTURA,-4.8,5
2018-07-12 16:00:00,34,1245.67,1246.2318,22.4479,24311.4035,HIT/DEFESA,0.39,5
2018-07-12 17:00:00,34,1246.74,1246.26084,19.5289,24825.4717,HIT/DEFESA,0.07,5
2018-07-12 18:00:00,34,1247.28,1246.31908,22.0967,42676.4706,BREAK/RUPTURA,-1.22,5
2018-07-12 19:00:00,34,1246.67,1246.33913,8.0278,28578.125,HIT/DEFESA,0.14,5
2018-07-12 20:00:00,34,1246.72,1246.36089,-0.1604,1025750.0,HIT/DEFESA,-0.5,5
2018-07-12 21:00:00,34,1246.06,1246.3437,-9.7813,25865.6716,HIT/DEFESA,-0.22,5
2018-07-13 00:00:00,34,1246.81,1246.37875,6.019,3411477.7778,HIT/DEFESA,0.12,5
2018-07-13 01:00:00,34,1246.22,1246.36968,-4.7321,10318.1818,HIT/DEFESA,-0.1,5
2018-07-13 02:00:00,34,1245.84,1246.33941,-1.7656,38250.0,HIT/DEFESA,-1.22,5
2018-07-13 03:00:00,34,1246.55,1246.35144,-2.0853,20300.0,HIT/DEFESA,-0.86,5
2018-07-13 04:00:00,34,1247.01,1246.38908,6.3392,47921.0526,BREAK/RUPTURA,-2.36,5
2018-07-13 05:00:00,34,1246.93,1246.41999,8.7491,190214.2857,BREAK/RUPTURA,-5.34,5
2018-07-13 06:00:00,34,1246.12,1246.40284,-3.4495,14719.5122,HIT/DEFESA,-5.35,5
2018-07-13 08:00:00,34,1245.69,1246.26605,-9.9444,12909.5238,HIT/DEFESA,-4.94,5
2018-07-16 03:00:00,34,1242.21,1242.78392,9.9922,13096.7742,HIT/DEFESA,2.61,5
2018-07-16 04:00:00,34,1242.84,1242.78712,10.6321,41245.4545,HIT/DEFESA,0.86,5
2018-07-16 05:00:00,34,1242.32,1242.76043,10.7979,40394.2308,HIT/DEFESA,0.37,5
2018-07-16 06:00:00,34,1243.25,1242.78841,8.3722,13058.5106,HIT/DEFESA,0.49,5
2018-07-16 07:00:00,34,1243.83,1242.84793,7.9656,12991.5254,HIT/DEFESA,0.16,5
2018-07-16 10:00:00,34,1242.69,1242.98499,-9.1652,20230.0,HIT/DEFESA,-0.83,5
2018-07-16 11:00:00,34,1243.74,1243.02813,-8.676,15376.1905,HIT/DEFESA,-2.7,5
2018-07-16 12:00:00,34,1243.99,1243.0831,2.3318,66057.6923,BREAK/RUPTURA,-4.18,5
2018-07-16 13:00:00,34,1244.1,1243.1412,11.3464,148050.0,BREAK/RUPTURA,-4.66,5
2018-07-16 14:00:00,34,1243.42,1243.15714,-2.5729,23514.9254,HIT/DEFESA,-4.66,5
2018-07-17 06:00:00,34,1241.39,1241.39579,18.8854,14117.9245,HIT/DEFESA,3.14,5
2018-07-17 07:00:00,34,1241.16,1241.38231,11.6963,72416.6667,HIT/DEFESA,1.88,5
2018-07-17 08:00:00,34,1240.93,1241.35647,4.4341,56630.4348,HIT/DEFESA,0.79,5
2018-07-17 13:00:00,34,1241.72,1241.80944,-16.3216,13263.3588,HIT/DEFESA,-14.36,5
2018-07-19 00:00:00,34,1227.55,1228.32256,2.037,1146318.9189,BREAK/RUPTURA,-2.98,5
2018-07-19 02:00:00,34,1227.2,1228.15375,-0.8148,12061.7284,HIT/DEFESA,-2.63,5
2018-07-19 03:00:00,34,1227.14,1228.09582,-3.34,311800.0,HIT/DEFESA,-4.0,5
2018-07-19 21:00:00,34,1222.36,1222.4998,52.3853,11094.2029,HIT/DEFESA,0.94,5
2018-07-19 23:00:00,34,1222.36,1222.49074,-28.1447,107107.1429,HIT/DEFESA,-5.22,5
2018-07-20 00:00:00,34,1222.48,1222.49013,0.9817,370075.1938,BREAK/RUPTURA,-4.27,5
2018-07-20 01:00:00,34,1222.94,1222.51584,3.7628,1330500.0,BREAK/RUPTURA,-4.26,5
2018-07-20 02:00:00,34,1223.3,1222.56065,7.69,36812.5,BREAK/RUPTURA,-1.52,5
2018-07-20 07:00:00,34,1221.78,1221.79468,38.1222,7347.7564,HIT/DEFESA,3.61,5
2018-07-20 08:00:00,34,1221.97,1221.8047,30.865,110250.0,HIT/DEFESA,2.16,5
2018-07-20 11:00:00,34,1222.49,1221.99278,4.2554,33159.0909,HIT/DEFESA,6.76,5
2018-07-20 20:00:00,134,1230.42,1230.69283,17.2596,18302.8846,HIT/DEFESA,1.01,5
2018-07-20 21:00:00,134,1229.91,1230.68123,8.1373,43250.0,BREAK/RUPTURA,-5.43,5
2018-07-20 22:00:00,134,1230.45,1230.6778,8.7036,30455.3571,HIT/DEFESA,1.33,5
2018-07-20 23:00:00,134,1229.91,1230.66643,-4.1449,21801.8868,BREAK/RUPTURA,2.77,5
2018-07-21 00:00:00,134,1230.45,1230.66322,4.3906,30455.3571,HIT/DEFESA,3.43,5
2018-07-21 01:00:00,134,1231.43,1230.67458,7.9646,9828.2828,HIT/DEFESA,1.52,5
2018-07-23 05:00:00,134,1231.68,1230.72744,-8.1124,13595.2381,HIT/DEFESA,-0.9,5
2018-07-23 07:00:00,134,1231.61,1230.7623,-10.8682,20611.1111,HIT/DEFESA,-2.83,5
2018-07-23 10:00:00,134,1230.78,1230.73408,-6.7391,23855.8559,HIT/DEFESA,-4.51,5
2018-07-23 11:00:00,34,1228.32,1228.42306,-12.603,8412.6016,HIT/DEFESA,-3.29,5
2018-07-23 12:00:00,34,1228.78,1228.44346,-7.4002,42902.1739,HIT/DEFESA,-4.06,5
2018-07-23 13:00:00,134,1230.53,1230.66783,-2.0312,11392.6554,HIT/DEFESA,-5.62,5
2018-07-23 14:00:00,134,1231.27,1230.67675,24.0165,31825.0,BREAK/RUPTURA,-7.78,5
2018-07-24 10:00:00,34,1224.01,1224.7302,41.6759,7489.6694,HIT/DEFESA,1.1,5
2018-07-24 12:00:00,34,1224.76,1224.67155,46.0981,13422.4138,HIT/DEFESA,3.48,5
2018-07-24 14:00:00,134,1227.68,1228.60126,33.2622,28305.5556,BREAK/RUPTURA,-2.58,5
2018-07-24 15:00:00,34,1225.11,1224.96682,2.8577,12712.3016,HIT/DEFESA,0.21,5
2018-07-24 16:00:00,134,1228.15,1228.54361,11.0042,11718.0328,BREAK/RUPTURA,-3.86,5
2018-07-24 17:00:00,134,1228.24,1228.53912,4.5614,260045.4545,BREAK/RUPTURA,-3.21,5
2018-07-24 19:00:00,34,1225.1,1225.25185,-24.8341,22539.3258,HIT/DEFESA,-0.07,5
2018-07-24 20:00:00,34,1225.32,1225.25574,-23.7739,65637.931,HIT/DEFESA,-0.68,5
2018-07-24 21:00:00,34,1224.29,1225.20056,0.7352,13885.7143,HIT/DEFESA,0.7,5
2018-07-24 23:00:00,34,1224.29,1225.13934,-8.406,10787.6712,BREAK/RUPTURA,1.17,5
2018-07-25 01:00:00,34,1224.64,1225.10491,-3.1836,14631.5789,HIT/DEFESA,-0.68,5
2018-07-25 02:00:00,34,1224.99,1225.09835,5.7176,31573.5294,BREAK/RUPTURA,-1.01,5
2018-07-25 03:00:00,34,1225.66,1225.13044,5.1427,26719.697,HIT/DEFESA,0.57,5
2018-07-25 04:00:00,34,1225.46,1225.14927,6.6958,129526.3158,HIT/DEFESA,1.87,5
2018-07-25 05:00:00,34,1224.78,1225.12817,-1.7143,24702.7027,BREAK/RUPTURA,1.22,5
2018-07-25 09:00:00,134,1227.33,1227.79623,27.5336,22361.6071,HIT/DEFESA,4.77,5
2018-07-25 10:00:00,34,1226.0,1225.24484,16.5035,14942.3077,HIT/DEFESA,6.23,5
2018-07-25 11:00:00,134,1228.31,1227.77762,16.9626,10371.7391,HIT/DEFESA,3.05,5
2018-07-25 17:00:00,134,1228.89,1228.04853,-26.0531,15923.0769,BREAK/RUPTURA,2.95,5
2018-07-25 18:00:00,134,1228.3,1228.05225,-31.8934,44942.623,BREAK/RUPTURA,3.65,5
2018-07-25 19:00:00,134,1228.83,1228.06377,-20.5464,38066.0377,BREAK/RUPTURA,3.01,5
2018-07-26 08:00:00,34,1229.6,1229.67081,-18.5083,11402.2346,HIT/DEFESA,-1.39,5
2018-07-26 08:00:00,134,1229.6,1228.73456,-18.5083,11402.2346,HIT/DEFESA,-1.39,5
2018-07-26 09:00:00,34,1229.57,1229.66505,-12.7524,668250.0,HIT/DEFESA,-1.71,5
2018-07-26 09:00:00,134,1229.57,1228.74694,-12.7524,668250.0,HIT/DEFESA,-1.71,5
2018-07-26 12:00:00,134,1228.16,1228.71185,-11.4674,147884.6154,HIT/DEFESA,-1.84,5
2018-07-26 13:00:00,134,1228.21,1228.70442,4.2356,195875.0,BREAK/RUPTURA,-2.06,5
2018-07-26 14:00:00,134,1227.86,1228.69191,-0.9772,53314.2857,HIT/DEFESA,-1.13,5
2018-07-26 16:00:00,34,1228.11,1229.03067,-0.8142,25748.3221,HIT/DEFESA,-4.81,5
2018-07-26 16:00:00,134,1228.11,1228.65276,-0.8142,25748.3221,HIT/DEFESA,-4.81,5
2018-07-27 16:00:00,34,1224.77,1224.22472,49.0651,20985.3801,BREAK/RUPTURA,-2.06,5
2018-07-27 17:00:00,34,1224.74,1224.25416,44.8629,2927000.0,BREAK/RUPTURA,-1.71,5
2018-07-27 18:00:00,134,1226.4,1226.92207,27.1446,13493.865,BREAK/RUPTURA,-3.69,5
2018-07-27 19:00:00,134,1225.91,1226.90708,9.3079,35760.0,BREAK/RUPTURA,-2.88,5
2018-07-27 20:00:00,34,1224.53,1224.46814,-1.7146,14151.5152,HIT/DEFESA,-1.65,5
2018-07-30 01:00:00,34,1222.97,1223.85754,-0.4906,5931.9527,HIT/DEFESA,-2.86,5
2018-07-30 10:00:00,34,1221.93,1222.68288,12.8651,11956.7308,HIT/DEFESA,1.06,5
2018-07-30 11:00:00,34,1221.74,1222.629,6.2245,87289.4737,HIT/DEFESA,2.45,5
2018-07-30 12:00:00,34,1222.06,1222.59649,18.0349,48439.3939,HIT/DEFESA,2.29,5
2018-07-30 14:00:00,34,1221.93,1222.48855,1.5552,25975.8065,HIT/DEFESA,1.4,5
2018-07-30 18:00:00,34,1223.41,1222.75194,3.4342,17994.5652,BREAK/RUPTURA,-1.18,5
2018-07-30 19:00:00,34,1223.33,1222.78498,-7.0251,175777.7778,HIT/DEFESA,-2.21,5
2018-07-30 20:00:00,34,1222.75,1222.78298,-13.0682,21042.3729,HIT/DEFESA,-1.02,5
2018-07-30 23:00:00,34,1222.23,1222.63369,-4.2527,7460.5263,HIT/DEFESA,-0.29,5
2018-07-31 02:00:00,34,1222.36,1222.49247,1.0636,13378.7879,HIT/DEFESA,0.05,5
2018-07-31 04:00:00,34,1221.94,1222.44999,1.7189,54614.2857,HIT/DEFESA,0.09,5
2018-07-31 07:00:00,34,1222.41,1222.29522,3.8463,20164.1221,BREAK/RUPTURA,-3.92,5
2018-07-31 08:00:00,34,1222.06,1222.28178,9.6652,30812.5,BREAK/RUPTURA,-3.71,5
2018-07-31 09:00:00,34,1222.03,1222.26739,7.6161,1344250.0,BREAK/RUPTURA,-1.95,5
2018-07-31 16:00:00,34,1221.03,1221.25998,21.997,28631.5789,HIT/DEFESA,4.16,5
2018-07-31 17:00:00,34,1221.22,1221.2577,9.3436,119888.8889,HIT/DEFESA,3.24,5
2018-07-31 18:00:00,134,1223.8,1224.14357,39.7883,9603.8462,HIT/DEFESA,1.39,5
2018-07-31 20:00:00,134,1224.46,1224.17316,26.5308,14283.6879,BREAK/RUPTURA,-1.04,5
2018-07-31 22:00:00,134,1224.46,1224.19225,-11.3391,16986.4865,HIT/DEFESA,-1.57,5
2018-07-31 23:00:00,134,1225.19,1224.20704,5.9618,12635.1351,BREAK/RUPTURA,-1.92,5
2018-08-01 00:00:00,134,1224.46,1224.21078,-5.9583,954572.7273,HIT/DEFESA,-2.3,5
2018-08-01 01:00:00,34,1223.42,1222.50144,-8.4935,38348.4848,HIT/DEFESA,-1.78,5
2018-08-01 01:00:00,134,1223.42,1224.19907,-8.4935,38348.4848,HIT/DEFESA,-1.78,5
2018-08-01 02:00:00,134,1223.75,1224.19242,-11.7533,39954.5455,HIT/DEFESA,-3.07,5
2018-08-01 03:00:00,34,1222.89,1222.59092,-12.822,18241.3793,HIT/DEFESA,-2.44,5
2018-08-01 04:00:00,34,1223.27,1222.62972,-1.2261,58423.913,HIT/DEFESA,-2.14,5
2018-08-01 04:00:00,134,1223.27,1224.15974,-1.2261,58423.913,HIT/DEFESA,-2.14,5
2018-08-01 05:00:00,34,1222.16,1222.60288,-12.9928,16157.6577,HIT/DEFESA,-1.04,5
2018-08-01 06:00:00,34,1221.64,1222.54786,-10.2217,27636.3636,BREAK/RUPTURA,1.4,5
2018-08-01 11:00:00,34,1223.04,1222.2422,21.2217,11635.8974,BREAK/RUPTURA,-4.25,5
2018-08-01 11:00:00,134,1223.04,1223.89237,21.2217,11635.8974,BREAK/RUPTURA,-4.25,5
2018-08-01 12:00:00,34,1222.32,1222.24664,9.7451,22287.8788,BREAK/RUPTURA,-5.06,5
2018-08-01 13:00:00,134,1223.47,1223.86316,19.2446,13107.7586,BREAK/RUPTURA,-4.65,5
2018-08-01 14:00:00,34,1222.2,1222.30989,-6.8681,11960.9375,HIT/DEFESA,-4.11,5
2018-08-01 15:00:00,34,1221.38,1222.25675,-7.6903,32548.1928,HIT/DEFESA,-2.08,5
2018-08-02 04:00:00,34,1220.01,1219.9321,25.7215,13370.5882,BREAK/RUPTURA,-1.93,5
2018-08-02 05:00:00,34,1218.89,1219.87255,10.5946,15063.6364,BREAK/RUPTURA,-1.64,5
2018-08-02 06:00:00,34,1219.42,1219.84669,9.0288,24298.0769,BREAK/RUPTURA,-1.74,5
2018-08-02 08:00:00,34,1219.5,1219.74678,5.0046,14178.5714,BREAK/RUPTURA,-3.45,5
2018-08-02 15:00:00,34,1217.73,1218.6832,17.1102,8575.2841,BREAK/RUPTURA,-6.04,5
2018-08-03 14:00:00,34,1211.57,1211.24436,35.7838,10308.2192,HIT/DEFESA,4.1,5
2018-08-03 17:00:00,134,1218.66,1218.13644,58.5191,11588.0282,BREAK/RUPTURA,-5.28,5
2018-08-03 18:00:00,134,1217.52,1218.12731,27.5083,19608.6957,BREAK/RUPTURA,-2.96,5
2018-08-04 00:00:00,34,1213.38,1212.94098,-9.7155,10351.6949,BREAK/RUPTURA,1.65,5
2018-08-04 01:00:00,34,1213.12,1212.95121,-2.1428,26241.3793,BREAK/RUPTURA,3.92,5
2018-08-06 01:00:00,34,1213.56,1212.6826,1.4835,517000.0,HIT/DEFESA,2.34,5
2018-08-06 04:00:00,134,1217.04,1217.43406,28.676,14366.1616,BREAK/RUPTURA,-3.73,5
2018-08-06 08:00:00,34,1213.92,1213.59568,-16.6127,8006.8027,HIT/DEFESA,-4.13,5
2018-08-06 09:00:00,34,1213.31,1213.57936,-21.3011,60987.5,HIT/DEFESA,-4.75,5
2018-08-06 11:00:00,34,1212.46,1213.43731,-12.0272,46882.3529,HIT/DEFESA,-3.85,5
2018-08-07 05:00:00,34,1209.54,1210.43929,8.4401,12264.9573,HIT/DEFESA,0.86,5
2018-08-07 06:00:00,34,1209.7,1210.39705,3.5559,278750.0,HIT/DEFESA,3.9,5
2018-08-07 07:00:00,34,1210.46,1210.40064,17.2131,14318.1818,HIT/DEFESA,4.88,5
2018-08-07 08:00:00,34,1210.84,1210.42575,10.7479,34236.1111,HIT/DEFESA,3.94,5
2018-08-07 10:00:00,34,1210.4,1210.55112,-0.4957,9314.0496,BREAK/RUPTURA,2.75,5
2018-08-07 12:00:00,134,1215.34,1214.85728,21.1085,10589.5954,BREAK/RUPTURA,-4.16,5
2018-08-07 13:00:00,134,1214.78,1214.85614,36.1864,28166.6667,BREAK/RUPTURA,-2.49,5
2018-08-07 14:00:00,134,1214.93,1214.85723,10.9591,126461.5385,BREAK/RUPTURA,-3.43,5
2018-08-07 17:00:00,34,1211.18,1211.56563,-30.866,11684.375,HIT/DEFESA,-1.21,5
2018-08-07 18:00:00,34,1212.29,1211.60702,-7.089,15545.4545,HIT/DEFESA,-2.33,5
2018-08-07 19:00:00,34,1211.5,1211.60091,-10.4719,15810.1266,HIT/DEFESA,-1.53,5
2018-08-08 01:00:00,34,1211.43,1211.17825,12.0664,13787.6712,HIT/DEFESA,1.59,5
2018-08-08 03:00:00,34,1210.91,1211.22066,7.7688,11335.7664,HIT/DEFESA,2.33,5
2018-08-08 05:00:00,34,1212.3,1211.4073,0.4125,12666.6667,HIT/DEFESA,2.17,5
2018-08-08 07:00:00,134,1213.49,1214.13287,-0.412,19782.6087,HIT/DEFESA,-2.04,5
2018-08-08 08:00:00,134,1213.24,1214.11964,7.7539,52604.1667,BREAK/RUPTURA,-3.42,5
2018-08-08 09:00:00,134,1213.54,1214.11106,4.2868,73672.4138,BREAK/RUPTURA,-4.02,5
2018-08-08 10:00:00,134,1214.47,1214.11637,8.0759,22768.4211,BREAK/RUPTURA,-6.26,5
2018-08-08 11:00:00,34,1212.29,1211.98159,-7.8303,8318.6047,HIT/DEFESA,-2.79,5
2018-08-08 12:00:00,34,1211.45,1211.95121,-17.2223,17632.5301,HIT/DEFESA,-1.34,5
2018-08-08 19:00:00,34,1210.69,1211.18943,9.8388,15841.8367,HIT/DEFESA,2.63,5
2018-08-08 21:00:00,134,1212.83,1213.60537,25.7913,14164.8936,HIT/DEFESA,0.33,5
2018-08-08 22:00:00,134,1213.32,1213.60114,21.7231,23160.0,HIT/DEFESA,0.91,5
2018-08-09 00:00:00,134,1213.32,1213.58572,4.0401,905136.3636,HIT/DEFESA,1.26,5
2018-08-09 01:00:00,134,1213.45,1213.58371,1.0714,47956.5217,HIT/DEFESA,1.3,5
2018-08-09 02:00:00,134,1213.16,1213.57743,2.7209,27392.8571,HIT/DEFESA,1.02,5
2018-08-09 03:00:00,134,1214.23,1213.5871,7.5001,13495.3271,HIT/DEFESA,0.64,5
2018-08-09 05:00:00,134,1214.58,1213.59543,11.705,11347.2222,BREAK/RUPTURA,-3.07,5
2018-08-09 11:00:00,34,1212.65,1212.61369,-18.2736,15885.9649,BREAK/RUPTURA,2.14,5
2018-08-09 11:00:00,134,1212.65,1213.59673,-18.2736,15885.9649,BREAK/RUPTURA,2.14,5
2018-08-09 14:00:00,134,1214.37,1213.62733,14.1838,83029.4118,BREAK/RUPTURA,-1.75,5
2018-08-09 15:00:00,134,1214.55,1213.641,4.9425,165823.5294,BREAK/RUPTURA,-1.78,5
2018-08-09 17:00:00,34,1213.67,1213.11858,-5.7643,18881.8182,HIT/DEFESA,-1.86,5
2018-08-09 17:00:00,134,1213.67,1213.6582,-5.7643,18881.8182,HIT/DEFESA,-1.86,5
2018-08-09 18:00:00,34,1213.68,1213.15066,-7.1631,1975500.0,HIT/DEFESA,-1.45,5
2018-08-09 18:00:00,134,1213.68,1213.65852,-7.1631,1975500.0,HIT/DEFESA,-1.45,5
2018-08-09 19:00:00,34,1212.62,1213.12034,-17.8632,16087.963,HIT/DEFESA,-0.81,5
2018-08-09 20:00:00,34,1212.77,1213.10032,-7.4155,106718.75,HIT/DEFESA,-1.1,5
2018-08-09 20:00:00,134,1212.77,1213.6302,-7.4155,106718.75,HIT/DEFESA,-1.1,5
2018-08-09 21:00:00,34,1212.23,1213.05058,-11.9471,21648.1481,HIT/DEFESA,-0.27,5
2018-08-10 02:00:00,34,1211.96,1212.75554,-2.2273,43428.5714,HIT/DEFESA,-0.92,5
2018-08-10 03:00:00,34,1212.84,1212.76036,8.4997,15733.3333,BREAK/RUPTURA,-5.04,5
2018-08-10 03:00:00,134,1212.84,1213.47661,8.4997,15733.3333,BREAK/RUPTURA,-5.04,5
2018-08-10 04:00:00,34,1212.8,1212.76263,9.326,282083.3333,BREAK/RUPTURA,-4.28,5
2018-08-10 04:00:00,134,1212.8,1213.46659,9.326,282083.3333,BREAK/RUPTURA,-4.28,5
2018-08-10 05:00:00,34,1212.24,1212.73276,2.3103,23981.8182,BREAK/RUPTURA,-3.45,5
2018-08-10 06:00:00,34,1211.94,1212.68746,-7.4206,38096.7742,HIT/DEFESA,-2.83,5
2018-08-10 14:00:00,134,1213.26,1213.02386,34.3228,7872.6415,BREAK/RUPTURA,-1.74,5
2018-08-10 18:00:00,34,1211.91,1212.10719,-4.2065,6678.2407,HIT/DEFESA,-0.34,5
2018-08-10 19:00:00,34,1211.52,1212.07364,-25.933,53107.1429,HIT/DEFESA,-0.4,5
2018-08-10 20:00:00,34,1211.51,1212.04143,-38.5627,144750.0,HIT/DEFESA,-0.2,5
2018-08-10 21:00:00,34,1211.57,1212.01449,-2.8055,431000.0,HIT/DEFESA,-18.1,5
2018-08-10 22:00:00,34,1211.12,1211.96338,-3.3016,43845.2381,BREAK/RUPTURA,1.25,5
2018-08-10 23:00:00,34,1211.57,1211.9409,0.4952,24640.0,HIT/DEFESA,0.57,5
2018-08-11 00:00:00,34,1211.12,1211.89399,-3.7142,43845.2381,HIT/DEFESA,-2.15,5
2018-08-11 01:00:00,34,1211.31,1211.86062,1.5688,45125.0,BREAK/RUPTURA,-2.85,5
2018-08-13 01:00:00,134,1212.37,1212.61035,10.321,15901.9417,BREAK/RUPTURA,-4.81,5
2018-08-13 02:00:00,134,1212.14,1212.60338,6.8521,72000.0,BREAK/RUPTURA,-4.09,5
2018-08-14 16:00:00,34,1196.81,1197.76486,17.4098,55125.0,BREAK/RUPTURA,-2.73,5
2018-08-14 17:00:00,34,1197.78,1197.76572,23.4314,24906.25,BREAK/RUPTURA,-3.66,5
2018-08-16 14:00:00,34,1180.47,1180.05164,0.6777,10570.0,BREAK/RUPTURA,-2.9,5
2018-08-16 16:00:00,34,1179.87,1179.84021,11.7949,10953.3898,BREAK/RUPTURA,-4.21,5
2018-08-16 17:00:00,34,1179.47,1179.81905,-8.4712,86662.5,HIT/DEFESA,-5.91,5
2018-08-16 18:00:00,34,1179.18,1179.78253,24.3131,86535.7143,BREAK/RUPTURA,-3.52,5
2018-08-17 03:00:00,34,1177.2,1177.96613,31.0167,14941.7476,BREAK/RUPTURA,-2.05,5
2018-08-17 10:00:00,34,1176.63,1177.3142,0.425,12115.566,HIT/DEFESA,1.2,5
2018-08-17 11:00:00,34,1177.67,1177.33453,21.4441,26123.7624,HIT/DEFESA,0.72,5
2018-08-17 12:00:00,34,1176.33,1177.27713,15.24,20635.3383,HIT/DEFESA,2.38,5
2018-08-17 13:00:00,34,1177.34,1177.28073,6.0342,22715.6863,HIT/DEFESA,0.54,5
2018-08-17 18:00:00,34,1177.88,1177.43486,0.4245,28219.5122,HIT/DEFESA,2.77,5
2018-08-17 19:00:00,34,1177.07,1177.41401,-11.2017,23574.0741,BREAK/RUPTURA,6.99,5
2018-08-17 20:00:00,34,1177.3,1177.4075,-11.9622,65800.0,BREAK/RUPTURA,6.93,5
2018-08-20 10:00:00,134,1187.79,1187.15981,17.9647,14223.7569,BREAK/RUPTURA,-2.13,5
2018-08-20 11:00:00,134,1188.07,1187.1733,18.1294,74783.3333,BREAK/RUPTURA,-3.19,5
2018-08-20 13:00:00,134,1187.33,1187.19177,-3.8727,21141.3043,HIT/DEFESA,-0.82,5
2018-08-20 14:00:00,134,1186.22,1187.17737,-15.5715,20090.9091,BREAK/RUPTURA,2.66,5
2018-08-20 18:00:00,134,1186.51,1187.08103,7.169,16953.9474,HIT/DEFESA,3.42,5
2018-08-21 15:00:00,34,1190.6,1190.05921,-23.0444,16357.9235,BREAK/RUPTURA,3.04,5
2018-08-21 17:00:00,34,1189.27,1190.07827,-26.5841,11997.5,BREAK/RUPTURA,4.41,5
2018-08-21 17:00:00,134,1189.27,1188.55395,-26.5841,11997.5,BREAK/RUPTURA,4.41,5
2018-08-21 18:00:00,34,1189.33,1190.03551,-10.6669,503900.0,BREAK/RUPTURA,3.38,5
2018-08-21 18:00:00,134,1189.33,1188.56545,-10.6669,503900.0,BREAK/RUPTURA,3.38,5
2018-08-22 09:00:00,34,1193.55,1192.68528,-14.223,13700.0,BREAK/RUPTURA,5.64,5
2018-08-22 21:00:00,34,1195.13,1194.53759,-5.0179,55955.3571,HIT/DEFESA,-0.19,5
2018-08-22 23:00:00,34,1195.13,1194.66478,-4.5999,9463.4146,HIT/DEFESA,-2.73,5
2018-08-23 02:00:00,34,1194.94,1194.8383,-1.5898,10474.5763,HIT/DEFESA,-3.4,5
2018-08-23 05:00:00,134,1190.54,1191.22074,-36.8219,12087.766,HIT/DEFESA,-1.62,5
2018-08-23 06:00:00,134,1191.02,1191.21777,-16.3458,33604.1667,HIT/DEFESA,-2.19,5
2018-08-23 07:00:00,134,1191.54,1191.22254,-7.2123,29603.7736,HIT/DEFESA,-3.14,5
2018-08-23 08:00:00,134,1191.49,1191.2265,7.9796,261583.3333,BREAK/RUPTURA,-1.09,5
2018-08-23 13:00:00,134,1190.4,1191.08987,12.4483,9145.7286,BREAK/RUPTURA,-1.56,5
2018-08-23 15:00:00,134,1190.96,1191.06459,21.5416,21356.6434,BREAK/RUPTURA,-3.84,5
2018-08-23 16:00:00,134,1191.12,1191.06541,6.0484,221593.75,BREAK/RUPTURA,-5.9,5
2018-08-24 07:00:00,34,1187.9,1188.77662,23.2038,10752.0661,HIT/DEFESA,3.08,5
2018-08-24 08:00:00,34,1188.06,1188.73567,15.0049,122323.5294,HIT/DEFESA,3.55,5
2018-08-24 09:00:00,34,1189.19,1188.76164,20.8981,19522.3214,HIT/DEFESA,2.62,5
2018-08-24 09:00:00,134,1189.19,1190.06862,20.8981,19522.3214,HIT/DEFESA,2.62,5
2018-08-24 10:00:00,34,1188.84,1188.76611,7.9131,56391.8919,HIT/DEFESA,4.85,5
2018-08-24 11:00:00,134,1190.4,1190.0556,19.696,12680.1242,HIT/DEFESA,6.05,5
2018-08-24 12:00:00,134,1190.98,1190.0693,15.0523,31758.6207,HIT/DEFESA,14.87,5
2018-08-28 17:00:00,34,1209.57,1208.86894,-24.0827,10661.3372,HIT/DEFESA,-8.58,5
2018-08-28 18:00:00,34,1208.59,1208.853,-22.2079,22956.5217,HIT/DEFESA,-7.92,5
2018-08-28 21:00:00,134,1200.67,1200.35409,-65.5309,8696.7213,BREAK/RUPTURA,1.85,5
2018-08-28 22:00:00,134,1200.99,1200.36351,-54.7367,91387.0968,BREAK/RUPTURA,1.29,5
2018-08-28 23:00:00,134,1200.67,1200.36805,-35.5201,46500.0,BREAK/RUPTURA,2.0,5
2018-08-29 00:00:00,134,1200.99,1200.37727,2.6652,2321092.8571,HIT/DEFESA,2.36,5
2018-08-29 15:00:00,34,1203.94,1204.65424,-3.8193,16898.9071,BREAK/RUPTURA,1.31,5
2018-08-29 16:00:00,34,1204.0,1204.61685,10.3096,450812.5,HIT/DEFESA,1.44,5
2018-08-29 17:00:00,34,1203.64,1204.56103,12.7276,100151.5152,HIT/DEFESA,2.51,5
2018-08-29 18:00:00,34,1204.05,1204.53183,0.9137,54548.7805,HIT/DEFESA,1.39,5
2018-08-29 20:00:00,34,1205.25,1204.63473,13.3761,45650.0,HIT/DEFESA,0.95,5
2018-08-29 21:00:00,34,1205.44,1204.68074,11.5444,89433.3333,HIT/DEFESA,1.59,5
2018-08-29 23:00:00,34,1205.44,1204.80329,1.5764,14898.5507,HIT/DEFESA,0.04,5
2018-08-30 04:00:00,34,1205.48,1205.16289,-5.9692,30462.963,HIT/DEFESA,-2.78,5
2018-08-30 05:00:00,34,1204.62,1205.13186,-19.9664,18600.0,HIT/DEFESA,-1.5,5
2018-08-30 06:00:00,34,1204.11,1205.07347,-18.0719,30394.2308,HIT/DEFESA,-1.64,5
2018-08-30 09:00:00,134,1202.7,1201.81522,-11.7099,11115.0,BREAK/RUPTURA,1.26,5
2018-08-30 11:00:00,134,1202.47,1201.84396,14.4912,34246.1538,BREAK/RUPTURA,-5.1,5
2018-08-30 13:00:00,34,1204.0,1204.33451,7.3143,24810.1266,BREAK/RUPTURA,-5.0,5
2018-08-30 14:00:00,34,1203.96,1204.31311,12.3912,275500.0,BREAK/RUPTURA,-4.86,5
2018-08-30 15:00:00,34,1205.07,1204.35636,15.2922,28912.844,BREAK/RUPTURA,-5.69,5
2018-08-31 04:00:00,34,1202.22,1201.94475,21.3394,11387.6221,HIT/DEFESA,1.6,5
2018-08-31 04:00:00,134,1202.22,1201.58085,21.3394,11387.6221,HIT/DEFESA,1.6,5
2018-08-31 05:00:00,34,1201.51,1201.91991,14.7532,25159.7222,HIT/DEFESA,6.34,5
2018-08-31 05:00:00,134,1201.51,1201.5798,14.7532,25159.7222,HIT/DEFESA,6.34,5
2018-08-31 06:00:00,34,1202.51,1201.95363,28.438,13737.6238,HIT/DEFESA,3.63,5
2018-08-31 06:00:00,134,1202.51,1201.59358,28.438,13737.6238,HIT/DEFESA,3.63,5
2018-08-31 14:00:00,34,1203.88,1203.33474,-18.7375,9961.9772,HIT/DEFESA,-4.04,5
2018-08-31 15:00:00,34,1202.55,1203.2899,-37.0334,22577.2358,HIT/DEFESA,-0.8,5
2018-08-31 15:00:00,134,1202.55,1202.05316,-37.0334,22577.2358,HIT/DEFESA,-0.8,5
2018-08-31 16:00:00,34,1202.5,1203.24476,-33.0711,766500.0,HIT/DEFESA,-4.01,5
2018-08-31 16:00:00,134,1202.5,1202.05978,-33.0711,766500.0,HIT/DEFESA,-4.01,5
2018-08-31 20:00:00,134,1201.75,1202.02618,-22.0027,10050.8021,HIT/DEFESA,-0.97,5
2018-09-03 00:00:00,34,1201.24,1201.90909,22.9455,218492.5,BREAK/RUPTURA,-1.82,5
2018-09-03 00:00:00,134,1201.24,1201.81642,22.9455,218492.5,BREAK/RUPTURA,-1.82,5
2018-09-03 08:00:00,34,1200.65,1200.92264,10.255,15567.0103,HIT/DEFESA,0.77,5
2018-09-03 08:00:00,134,1200.65,1201.52493,10.255,15567.0103,HIT/DEFESA,0.77,5
2018-09-03 10:00:00,134,1202.1,1201.49864,20.0885,7994.9153,BREAK/RUPTURA,-1.84,5
2018-09-03 12:00:00,34,1200.8,1201.00144,13.8433,8815.9091,HIT/DEFESA,0.83,5
2018-09-03 12:00:00,134,1200.8,1201.51005,13.8433,8815.9091,HIT/DEFESA,0.83,5
2018-09-03 13:00:00,34,1201.42,1201.02536,-5.6568,28838.4615,HIT/DEFESA,-0.69,5
2018-09-03 13:00:00,134,1201.42,1201.50872,-5.6568,28838.4615,HIT/DEFESA,-0.69,5
2018-09-03 18:00:00,34,1200.73,1200.91024,3.9158,12738.6364,BREAK/RUPTURA,-9.35,5
2018-09-03 18:00:00,134,1200.73,1201.43936,3.9158,12738.6364,BREAK/RUPTURA,-9.35,5
2018-09-03 20:00:00,34,1200.73,1200.91124,-7.4898,184000.0,HIT/DEFESA,-0.12,5
2018-09-03 20:00:00,134,1200.73,1201.42419,-7.4898,184000.0,HIT/DEFESA,-0.12,5
2018-09-03 21:00:00,34,1201.12,1200.92317,3.248,20682.9268,BREAK/RUPTURA,-1.44,5
2018-09-03 21:00:00,134,1201.12,1201.41968,3.248,20682.9268,BREAK/RUPTURA,-1.44,5
2018-09-04 01:00:00,34,1200.86,1200.39864,-2.1646,52178.9474,HIT/DEFESA,-1.31,5
2018-09-04 01:00:00,134,1200.86,1201.2558,-2.1646,52178.9474,HIT/DEFESA,-1.31,5
2018-09-04 02:00:00,34,1200.61,1200.41071,-1.499,32703.125,HIT/DEFESA,-0.99,5
2018-09-04 02:00:00,134,1200.61,1201.24624,-1.499,32703.125,HIT/DEFESA,-0.99,5
2018-09-04 04:00:00,34,1201.06,1200.40845,1.6655,21322.4638,BREAK/RUPTURA,-5.77,5
2018-09-04 04:00:00,134,1201.06,1201.22062,1.6655,21322.4638,BREAK/RUPTURA,-5.77,5
2018-09-04 05:00:00,34,1199.9,1200.37939,-5.9137,13987.2881,HIT/DEFESA,-5.26,5
2018-09-04 06:00:00,34,1199.55,1200.332,-1.0836,41393.9394,HIT/DEFESA,-3.98,5
2018-09-04 07:00:00,34,1199.62,1200.29131,-11.9894,211312.5,HIT/DEFESA,-5.04,5
2018-09-04 08:00:00,34,1199.67,1200.25581,-1.9168,327700.0,HIT/DEFESA,-5.39,5
2018-09-05 05:00:00,34,1194.26,1195.15148,20.1366,22269.2308,BREAK/RUPTURA,-1.16,5
2018-09-05 11:00:00,34,1194.55,1194.62189,9.7202,15611.1111,HIT/DEFESA,2.51,5
2018-09-05 13:00:00,34,1194.56,1194.54444,12.237,14541.9847,HIT/DEFESA,2.02,5
2018-09-05 19:00:00,34,1195.29,1194.92244,-14.7862,10933.5938,BREAK/RUPTURA,1.54,5
2018-09-05 20:00:00,34,1195.45,1194.95258,-7.857,112937.5,BREAK/RUPTURA,1.39,5
2018-09-05 23:00:00,34,1196.01,1195.16787,4.6844,8957.8313,HIT/DEFESA,2.46,5
2018-09-06 03:00:00,134,1198.69,1197.99715,15.5411,13446.3277,BREAK/RUPTURA,-2.38,5
2018-09-06 04:00:00,134,1198.47,1198.00415,13.6192,123375.0,BREAK/RUPTURA,-1.31,5
2018-09-06 06:00:00,134,1198.03,1198.01819,-5.506,17263.7363,BREAK/RUPTURA,4.72,5
2018-09-06 07:00:00,134,1197.3,1198.00755,-9.7624,15568.1818,BREAK/RUPTURA,5.91,5
2018-09-06 08:00:00,34,1196.31,1196.16772,-21.936,16892.8571,BREAK/RUPTURA,8.97,5
2018-09-06 09:00:00,34,1197.16,1196.22442,-7.2619,23356.3218,BREAK/RUPTURA,7.48,5
2018-09-06 09:00:00,134,1197.16,1197.97022,-7.2619,23356.3218,BREAK/RUPTURA,7.48,5
2018-09-06 10:00:00,134,1198.81,1197.98266,12.6117,14742.3313,HIT/DEFESA,4.87,5
2018-09-06 21:00:00,34,1199.75,1199.05533,7.8411,46462.5,HIT/DEFESA,1.22,5
2018-09-06 22:00:00,34,1199.44,1199.07731,6.2568,44133.3333,HIT/DEFESA,2.77,5
2018-09-06 22:00:00,134,1199.44,1198.64241,6.2568,44133.3333,HIT/DEFESA,2.77,5
2018-09-06 23:00:00,34,1199.75,1199.11575,3.1683,35268.2927,HIT/DEFESA,2.37,5
2018-09-07 00:00:00,34,1199.44,1199.13428,-2.5839,1260903.8462,BREAK/RUPTURA,2.75,5
2018-09-07 00:00:00,134,1199.44,1198.67039,-2.5839,1260903.8462,BREAK/RUPTURA,2.75,5
2018-09-07 01:00:00,34,1200.11,1199.19003,5.5859,11279.2208,HIT/DEFESA,0.23,5
2018-09-07 08:00:00,34,1200.49,1199.91785,-14.1409,23733.3333,BREAK/RUPTURA,1.05,5
2018-09-07 09:00:00,34,1200.67,1199.96083,2.7492,158944.4444,HIT/DEFESA,0.45,5
2018-09-07 10:00:00,34,1199.57,1199.93849,-15.2322,23761.4679,HIT/DEFESA,-5.21,5
2018-09-07 10:00:00,134,1199.57,1198.99227,-15.2322,23761.4679,HIT/DEFESA,-5.21,5
2018-09-07 11:00:00,34,1200.7,1199.98201,1.7493,18618.1818,BREAK/RUPTURA,-2.4,5
2018-09-07 12:00:00,34,1200.1,1199.98875,-4.7473,39279.661,HIT/DEFESA,-2.58,5
2018-09-07 14:00:00,34,1201.12,1200.13697,3.498,52869.0476,BREAK/RUPTURA,-5.31,5
2018-09-07 16:00:00,134,1198.3,1199.02003,-26.9654,11614.7959,HIT/DEFESA,-2.37,5
2018-09-10 15:00:00,34,1195.55,1195.76049,12.3946,9247.5248,HIT/DEFESA,0.01,5
2018-09-10 17:00:00,34,1196.85,1195.85451,36.2255,58244.898,BREAK/RUPTURA,-1.59,5
2018-09-10 17:00:00,134,1196.85,1197.68818,36.2255,58244.898,BREAK/RUPTURA,-1.59,5
2018-09-10 19:00:00,34,1196.17,1195.91271,-1.5046,35500.0,HIT/DEFESA,-0.91,5
2018-09-10 20:00:00,34,1195.56,1195.89255,-10.7783,29385.2459,HIT/DEFESA,-0.21,5
2018-09-10 21:00:00,34,1195.68,1195.88041,-7.6885,76093.75,HIT/DEFESA,-0.81,5
2018-09-10 22:00:00,34,1195.26,1195.84495,-7.6076,26000.0,HIT/DEFESA,-1.16,5
2018-09-10 23:00:00,34,1195.68,1195.83553,1.0037,19850.0,BREAK/RUPTURA,-1.82,5
2018-09-11 00:00:00,34,1195.26,1195.80264,-3.5126,1595388.2353,HIT/DEFESA,-1.54,5
2018-09-11 01:00:00,34,1195.35,1195.77678,0.753,122071.4286,BREAK/RUPTURA,-1.55,5
2018-09-11 02:00:00,34,1194.87,1195.72496,-6.7744,14351.8519,HIT/DEFESA,-1.05,5
2018-09-11 08:00:00,34,1195.13,1195.2411,11.8118,9412.8788,BREAK/RUPTURA,-1.17,5
2018-09-11 09:00:00,34,1195.64,1195.2639,15.413,34375.0,BREAK/RUPTURA,-1.54,5
2018-09-11 10:00:00,34,1195.78,1195.29339,16.4179,242062.5,BREAK/RUPTURA,-7.12,5
2018-09-11 11:00:00,34,1194.76,1195.26291,-3.0959,19897.0588,HIT/DEFESA,-6.4,5
2018-09-11 14:00:00,34,1194.1,1195.02401,-5.5241,112666.6667,BREAK/RUPTURA,1.24,5
2018-09-11 20:00:00,134,1197.23,1196.56962,46.4043,11489.3048,HIT/DEFESA,0.3,5
2018-09-11 21:00:00,134,1195.93,1196.56014,4.601,10893.1298,HIT/DEFESA,0.91,5
2018-09-11 22:00:00,134,1195.98,1196.55155,5.3541,256875.0,HIT/DEFESA,0.78,5
2018-09-11 23:00:00,134,1195.93,1196.54234,-10.8584,295500.0,HIT/DEFESA,-1.57,5
2018-09-12 00:00:00,134,1195.98,1196.53401,0.4181,136600.0,BREAK/RUPTURA,-1.74,5
2018-09-12 01:00:00,134,1197.53,1196.54876,12.9601,5651.6129,BREAK/RUPTURA,-3.6,5
2018-09-12 02:00:00,134,1196.84,1196.55308,7.6091,12653.3333,BREAK/RUPTURA,-3.36,5
2018-09-12 03:00:00,134,1196.76,1196.55614,6.5218,250857.1429,BREAK/RUPTURA,-2.46,5
2018-09-12 04:00:00,34,1194.36,1195.09033,-26.4712,7272.541,HIT/DEFESA,-1.13,5
2018-09-12 05:00:00,34,1194.24,1195.04174,-21.7239,143090.9091,BREAK/RUPTURA,1.89,5
2018-09-12 08:00:00,34,1194.3,1194.85874,0.5024,18643.75,HIT/DEFESA,1.06,5
2018-09-12 10:00:00,134,1196.13,1196.32702,22.204,8313.7931,BREAK/RUPTURA,-1.88,5
2018-09-12 11:00:00,34,1195.37,1194.87371,8.9592,32449.3671,HIT/DEFESA,0.55,5
2018-09-12 11:00:00,134,1195.37,1196.31284,8.9592,32449.3671,HIT/DEFESA,0.55,5
2018-09-12 12:00:00,134,1196.89,1196.32139,30.673,16415.0327,HIT/DEFESA,0.87,5
2018-09-12 13:00:00,34,1195.36,1195.01013,-6.4374,14950.9804,BREAK/RUPTURA,6.69,5
2018-09-12 13:00:00,134,1195.36,1196.30715,-6.4374,14950.9804,BREAK/RUPTURA,6.69,5
2018-09-12 15:00:00,34,1194.25,1194.90472,-22.0572,83488.3721,BREAK/RUPTURA,12.88,5
2018-09-12 16:00:00,34,1195.92,1194.96274,4.6848,19368.9024,HIT/DEFESA,11.91,5
2018-09-12 16:00:00,134,1195.92,1196.2362,4.6848,19368.9024,HIT/DEFESA,11.91,5
2018-09-13 17:00:00,34,1203.06,1203.19828,-22.558,8424.6479,HIT/DEFESA,-1.31,5
2018-09-13 18:00:00,34,1202.68,1203.16866,-56.8802,72773.8095,HIT/DEFESA,-0.78,5
2018-09-13 19:00:00,34,1203.35,1203.17903,-56.2736,31795.4545,HIT/DEFESA,-1.6,5
2018-09-13 23:00:00,34,1201.9,1202.88691,2.7464,94500.0,HIT/DEFESA,1.86,5
2018-09-14 01:00:00,34,1202.07,1202.77897,2.6628,46288.4615,HIT/DEFESA,3.12,5
2018-09-14 02:00:00,34,1201.94,1202.73103,0.3328,66900.0,HIT/DEFESA,3.03,5
2018-09-14 03:00:00,34,1202.79,1202.7344,8.654,18186.0465,HIT/DEFESA,1.84,5
2018-09-14 04:00:00,34,1203.76,1202.79301,14.0591,17381.1881,HIT/DEFESA,2.01,5
2018-09-14 14:00:00,34,1204.4,1204.05882,-18.8948,9193.6275,HIT/DEFESA,-9.54,5
2018-09-14 16:00:00,134,1201.35,1200.45631,-42.2728,65928.5714,HIT/DEFESA,-6.81,5
2018-09-17 12:00:00,34,1197.32,1197.77195,15.7264,31408.3333,HIT/DEFESA,5.95,5
2018-09-17 13:00:00,34,1197.56,1197.75984,8.0227,91659.0909,HIT/DEFESA,5.23,5
2018-09-17 14:00:00,34,1197.39,1197.73871,5.515,96190.4762,HIT/DEFESA,4.94,5
2018-09-17 15:00:00,134,1199.28,1199.01012,16.3699,15356.383,HIT/DEFESA,1.77,5
2018-09-17 22:00:00,134,1200.23,1199.27082,-17.4661,28518.5185,HIT/DEFESA,-1.5,5
2018-09-18 00:00:00,34,1200.23,1199.24763,-4.4971,286194.1176,HIT/DEFESA,-2.89,5
2018-09-18 00:00:00,134,1200.23,1199.30691,-4.4971,286194.1176,HIT/DEFESA,-2.89,5
2018-09-18 01:00:00,34,1199.38,1199.25519,-7.082,16308.5106,HIT/DEFESA,-0.62,5
2018-09-18 01:00:00,134,1199.38,1199.30799,-7.082,16308.5106,HIT/DEFESA,-0.62,5
2018-09-18 02:00:00,34,1198.23,1199.19661,-21.1531,15806.0345,HIT/DEFESA,-0.12,5
2018-09-18 07:00:00,34,1198.11,1198.93111,2.1706,19338.4615,HIT/DEFESA,0.92,5
2018-09-18 08:00:00,34,1199.63,1198.97105,19.1257,10879.085,HIT/DEFESA,0.3,5
2018-09-18 08:00:00,134,1199.63,1199.21662,19.1257,10879.085,HIT/DEFESA,0.3,5
2018-09-18 09:00:00,34,1199.19,1198.98356,3.587,50677.7778,HIT/DEFESA,2.83,5
2018-09-18 09:00:00,134,1199.19,1199.21623,3.587,50677.7778,HIT/DEFESA,2.83,5
2018-09-18 11:00:00,34,1198.72,1198.88157,-7.5857,17081.4815,BREAK/RUPTURA,2.87,5
2018-09-18 11:00:00,134,1198.72,1199.18193,-7.5857,17081.4815,BREAK/RUPTURA,2.87,5
2018-09-18 17:00:00,34,1199.85,1199.38884,-18.0529,22355.4913,HIT/DEFESA,-1.67,5
2018-09-18 17:00:00,134,1199.85,1199.30009,-18.0529,22355.4913,HIT/DEFESA,-1.67,5
2018-09-18 18:00:00,34,1199.01,1199.36719,-15.6551,27123.5294,HIT/DEFESA,-1.43,5
2018-09-18 18:00:00,134,1199.01,1199.29579,-15.6551,27123.5294,HIT/DEFESA,-1.43,5
2018-09-19 00:00:00,34,1198.18,1198.95164,5.0101,1107686.3636,HIT/DEFESA,0.99,5
2018-09-19 01:00:00,34,1199.03,1198.95612,7.0941,10765.4321,HIT/DEFESA,1.91,5
2018-09-19 01:00:00,134,1199.03,1199.18028,7.0941,10765.4321,HIT/DEFESA,1.91,5
2018-09-19 02:00:00,34,1199.35,1198.97862,14.7798,24151.5152,HIT/DEFESA,2.45,5
2018-09-19 02:00:00,134,1199.35,1199.18279,14.7798,24151.5152,HIT/DEFESA,2.45,5
2018-09-19 03:00:00,34,1198.85,1198.97127,5.5918,28204.0816,HIT/DEFESA,4.85,5
2018-09-19 03:00:00,134,1198.85,1199.17786,5.5918,28204.0816,HIT/DEFESA,4.85,5
2018-09-19 04:00:00,34,1198.34,1198.9352,-5.7547,27259.6154,BREAK/RUPTURA,3.84,5
2018-09-19 04:00:00,134,1198.34,1199.16545,-5.7547,27259.6154,BREAK/RUPTURA,3.84,5
2018-09-19 05:00:00,34,1199.17,1198.94862,-1.5008,16443.75,BREAK/RUPTURA,3.66,5
2018-09-19 05:00:00,134,1199.17,1199.16551,-1.5008,16443.75,BREAK/RUPTURA,3.66,5
2018-09-20 09:00:00,34,1202.79,1202.93207,-18.5059,8650.2058,BREAK/RUPTURA,2.66,5
2018-09-20 10:00:00,34,1202.08,1202.88338,-27.8736,33246.3768,BREAK/RUPTURA,4.79,5
2018-09-20 11:00:00,134,1201.33,1200.71658,-32.2763,24064.9351,BREAK/RUPTURA,4.78,5
2018-09-20 12:00:00,34,1202.59,1202.78292,-1.6628,14881.8898,BREAK/RUPTURA,1.73,5
2018-09-20 13:00:00,34,1203.09,1202.80047,8.4021,31460.0,HIT/DEFESA,0.36,5
2018-09-20 17:00:00,34,1204.32,1203.39924,-9.3741,20451.7045,BREAK/RUPTURA,2.71,5
2018-09-20 18:00:00,34,1203.45,1203.40214,-28.3378,28104.6512,BREAK/RUPTURA,2.99,5
2018-09-24 11:00:00,34,1199.06,1199.55568,31.6244,14997.0414,HIT/DEFESA,3.33,5
2018-09-24 12:00:00,34,1198.65,1199.50393,11.5262,45202.7027,HIT/DEFESA,4.38,5
2018-09-24 14:00:00,34,1199.62,1199.45324,4.6703,14237.7049,HIT/DEFESA,1.26,5
2018-09-24 18:00:00,134,1201.36,1201.05111,29.2188,19177.7108,BREAK/RUPTURA,-2.18,5
2018-09-24 19:00:00,34,1200.88,1199.8879,-12.5583,37775.5102,HIT/DEFESA,-2.19,5
2018-09-24 19:00:00,134,1200.88,1201.04857,-12.5583,37775.5102,HIT/DEFESA,-2.19,5
2018-09-24 20:00:00,34,1199.48,1199.8646,-29.5088,14021.5827,HIT/DEFESA,-0.6,5
2018-09-24 21:00:00,34,1199.18,1199.82548,-18.1461,44183.3333,HIT/DEFESA,-0.05,5
2018-09-24 23:00:00,34,1199.18,1199.72741,-2.5011,14367.3469,HIT/DEFESA,-1.04,5
2018-09-25 02:00:00,34,1199.13,1199.59492,-0.417,25218.75,HIT/DEFESA,-0.71,5
2018-09-25 07:00:00,34,1198.42,1199.26844,2.337,45812.5,HIT/DEFESA,1.13,5
2018-09-25 08:00:00,34,1198.86,1199.2451,1.3348,24941.8605,HIT/DEFESA,1.09,5
2018-09-25 09:00:00,34,1200.0,1199.28824,15.1897,19336.2832,HIT/DEFESA,1.17,5
2018-09-25 09:00:00,134,1200.0,1200.62937,15.1897,19336.2832,HIT/DEFESA,1.17,5
2018-09-25 10:00:00,34,1199.46,1199.29806,8.6781,57431.3725,HIT/DEFESA,1.22,5
2018-09-25 11:00:00,34,1199.62,1199.31645,6.3394,154966.6667,HIT/DEFESA,2.04,5
2018-09-25 11:00:00,134,1199.62,1200.59735,6.3394,154966.6667,HIT/DEFESA,2.04,5
2018-09-25 12:00:00,34,1199.55,1199.3298,-3.75,241214.2857,BREAK/RUPTURA,2.57,5
2018-09-25 13:00:00,34,1199.95,1199.36524,4.0852,33619.0476,HIT/DEFESA,1.12,5
2018-09-25 13:00:00,134,1199.95,1200.57248,4.0852,33619.0476,HIT/DEFESA,1.12,5
2018-09-25 18:00:00,134,1201.07,1200.62793,3.2482,26264.7059,HIT/DEFESA,0.06,5
2018-09-25 19:00:00,34,1200.83,1199.92685,-6.9071,63211.5385,HIT/DEFESA,-0.02,5
2018-09-25 19:00:00,134,1200.83,1200.63093,-6.9071,63211.5385,HIT/DEFESA,-0.02,5
2018-09-25 20:00:00,34,1200.41,1199.95446,-14.2249,42023.8095,BREAK/RUPTURA,1.27,5
2018-09-25 20:00:00,134,1200.41,1200.62765,-14.2249,42023.8095,BREAK/RUPTURA,1.27,5
2018-09-25 22:00:00,34,1200.81,1200.06668,-0.1666,27014.7059,HIT/DEFESA,-0.88,5
2018-09-25 22:00:00,134,1200.81,1200.63769,-0.1666,27014.7059,HIT/DEFESA,-0.88,5
2018-09-25 23:00:00,134,1201.13,1200.64498,5.998,17270.2703,HIT/DEFESA,0.12,5
2018-09-26 03:00:00,34,1199.93,1200.27851,-7.3284,11617.3913,BREAK/RUPTURA,1.76,5
2018-09-26 03:00:00,134,1199.93,1200.65781,-7.3284,11617.3913,BREAK/RUPTURA,1.76,5
2018-09-26 04:00:00,34,1201.25,1200.33402,-3.5783,13427.9661,HIT/DEFESA,-1.76,5
2018-09-26 04:00:00,134,1201.25,1200.66659,-3.5783,13427.9661,HIT/DEFESA,-1.76,5
2018-09-26 05:00:00,134,1201.43,1200.67789,2.9973,65605.2632,BREAK/RUPTURA,-1.48,5
2018-09-26 06:00:00,134,1201.58,1200.69126,13.7508,68500.0,BREAK/RUPTURA,-2.04,5
2018-09-26 08:00:00,134,1201.69,1200.72253,2.1641,68423.0769,BREAK/RUPTURA,-3.32,5
2018-09-26 10:00:00,34,1199.95,1200.50959,-15.5597,49588.8889,HIT/DEFESA,-4.38,5
2018-09-26 10:00:00,134,1199.95,1200.6931,-15.5597,49588.8889,HIT/DEFESA,-4.38,5
2018-09-26 11:00:00,34,1199.54,1200.45418,-17.8915,45653.8462,HIT/DEFESA,-3.35,5
2018-09-26 21:00:00,34,1197.93,1198.6089,28.4631,53022.2222,BREAK/RUPTURA,-1.62,5
2018-09-26 23:00:00,34,1197.93,1198.34334,14.9648,6117.8161,BREAK/RUPTURA,-1.41,5
2018-09-27 05:00:00,34,1197.19,1197.65901,7.356,19919.1176,BREAK/RUPTURA,-1.09,5
2018-09-27 06:00:00,34,1197.89,1197.67221,14.1281,19702.8986,BREAK/RUPTURA,-1.5,5
2018-09-27 07:00:00,34,1197.91,1197.6858,11.617,101850000.0,BREAK/RUPTURA,-2.2,5
2018-09-27 11:00:00,34,1196.39,1197.30555,3.1772,68444.4444,BREAK/RUPTURA,-12.23,5
2018-09-28 16:00:00,34,1186.99,1186.84044,37.0367,25627.8195,HIT/DEFESA,4.92,5
2018-10-01 03:00:00,34,1189.87,1189.14601,9.7585,26147.4359,BREAK/RUPTURA,-1.31,5
2018-10-01 04:00:00,34,1188.95,1189.13481,-19.7263,20560.4396,HIT/DEFESA,-1.57,5
2018-10-01 05:00:00,34,1188.74,1189.11225,-16.7963,65727.2727,HIT/DEFESA,-2.09,5
2018-10-01 06:00:00,34,1188.73,1189.09041,-9.5809,401500.0,HIT/DEFESA,-3.02,5
2018-10-01 07:00:00,34,1188.28,1189.0441,-5.6352,25100.0,HIT/DEFESA,-2.21,5
2018-10-01 08:00:00,34,1188.56,1189.01644,-1.5142,44887.0968,HIT/DEFESA,-2.49,5
2018-10-01 16:00:00,34,1187.56,1188.35369,12.5625,11637.0482,HIT/DEFESA,1.7,5
2018-10-01 17:00:00,34,1187.76,1188.31976,7.3301,211950.0,HIT/DEFESA,1.61,5
2018-10-01 18:00:00,34,1188.1,1188.3072,-23.3441,90814.2857,BREAK/RUPTURA,1.16,5
2018-10-01 19:00:00,34,1188.76,1188.33308,10.1048,33198.6301,HIT/DEFESA,0.61,5
2018-10-01 20:00:00,34,1188.51,1188.34319,6.3144,88608.6957,HIT/DEFESA,0.68,5
2018-10-01 22:00:00,34,1189.37,1188.45126,5.1314,119300.0,HIT/DEFESA,0.54,5
2018-10-01 23:00:00,34,1189.26,1188.49747,6.3104,76272.7273,HIT/DEFESA,0.64,5
2018-10-02 00:00:00,34,1189.37,1188.54733,0.9249,315803.9474,HIT/DEFESA,1.77,5
2018-10-02 01:00:00,34,1189.19,1188.58406,-1.5134,46972.2222,BREAK/RUPTURA,2.03,5
2018-10-02 02:00:00,34,1188.86,1188.59982,-3.3634,35529.4118,BREAK/RUPTURA,3.56,5
2018-10-02 05:00:00,134,1191.14,1192.08357,19.178,10448.0,HIT/DEFESA,1.84,5
2018-10-02 06:00:00,134,1191.22,1192.07077,11.0092,122357.1429,HIT/DEFESA,1.8,5
2018-10-02 08:00:00,134,1191.79,1192.07171,5.457,22778.6885,BREAK/RUPTURA,-2.13,5
2018-10-02 09:00:00,134,1192.78,1192.0822,13.0958,25439.3939,BREAK/RUPTURA,-2.26,5
2018-10-02 10:00:00,134,1192.98,1192.0955,4.6963,111740.0,HIT/DEFESA,4.78,5
2018-10-02 11:00:00,134,1193.02,1192.1092,10.3206,173115.3846,HIT/DEFESA,10.43,5
2018-10-02 12:00:00,134,1192.29,1192.11188,-4.1081,28442.8571,BREAK/RUPTURA,14.79,5
2018-10-02 13:00:00,34,1189.66,1190.04668,-27.8295,8354.9618,BREAK/RUPTURA,14.92,5
2018-10-02 14:00:00,34,1190.52,1190.07372,-20.9552,24813.9535,BREAK/RUPTURA,13.21,5
2018-10-03 17:00:00,34,1201.16,1200.95742,-9.4818,21589.8058,HIT/DEFESA,-2.85,5
2018-10-04 05:00:00,134,1196.71,1196.33133,-8.8498,13330.0971,BREAK/RUPTURA,3.16,5
2018-10-04 06:00:00,134,1196.3,1196.33087,-17.8565,31987.5,BREAK/RUPTURA,2.78,5
2018-10-04 07:00:00,134,1196.49,1196.33322,-10.6031,71250.0,BREAK/RUPTURA,2.57,5
2018-10-04 10:00:00,34,1199.87,1199.08517,28.2493,13169.0141,HIT/DEFESA,3.37,5
2018-10-04 11:00:00,34,1199.08,1199.08488,9.1821,22980.7692,HIT/DEFESA,3.86,5
2018-10-04 12:00:00,34,1199.06,1199.08346,11.1043,1613000.0,HIT/DEFESA,4.72,5
2018-10-04 13:00:00,34,1198.39,1199.04383,-12.3347,22750.0,BREAK/RUPTURA,2.57,5
2018-10-04 23:00:00,34,1198.77,1199.61624,3.3379,24287.5,HIT/DEFESA,0.52,5
2018-10-05 03:00:00,34,1198.77,1199.50246,-3.5024,128653.8462,HIT/DEFESA,-0.6,5
2018-10-05 04:00:00,34,1199.29,1199.49032,-1.6674,30450.9804,HIT/DEFESA,-0.89,5
2018-10-05 07:00:00,134,1198.22,1197.29991,-8.9219,18950.0,BREAK/RUPTURA,3.23,5
2018-10-05 08:00:00,134,1198.17,1197.3128,-8.0058,183916.6667,BREAK/RUPTURA,3.78,5
2018-10-05 09:00:00,34,1198.4,1199.23727,-2.3359,93833.3333,BREAK/RUPTURA,4.07,5
2018-10-05 10:00:00,34,1199.0,1199.22371,6.5097,37152.5424,HIT/DEFESA,5.14,5
2018-10-05 11:00:00,34,1198.94,1199.2075,6.4265,133181.8182,HIT/DEFESA,4.83,5
2018-10-05 18:00:00,34,1200.96,1200.27647,-26.4089,37930.8511,BREAK/RUPTURA,2.56,5
2018-10-05 19:00:00,34,1201.16,1200.32696,-21.6819,129125.0,BREAK/RUPTURA,1.76,5
2018-10-05 20:00:00,34,1201.36,1200.38599,-4.7424,88650.0,BREAK/RUPTURA,1.37,5
2018-10-09 07:00:00,34,1191.15,1192.09688,9.2433,35467.7419,BREAK/RUPTURA,-4.07,5
2018-10-09 21:00:00,34,1189.16,1189.75188,1.3457,9361.7647,HIT/DEFESA,0.54,5
2018-10-09 22:00:00,34,1190.0,1189.76605,17.4253,14300.0,HIT/DEFESA,0.19,5
2018-10-09 23:00:00,34,1189.16,1189.73142,14.8223,10228.9157,HIT/DEFESA,0.33,5
2018-10-10 04:00:00,34,1189.49,1189.71017,5.4675,28115.942,HIT/DEFESA,0.85,5
2018-10-10 05:00:00,34,1189.07,1189.67359,-5.2955,37697.6744,HIT/DEFESA,-0.41,5
2018-10-10 06:00:00,34,1189.33,1189.65396,-7.2257,39796.2963,HIT/DEFESA,-2.86,5
2018-10-10 07:00:00,34,1189.45,1189.6423,-0.3363,47911.7647,HIT/DEFESA,-2.86,5
2018-10-10 08:00:00,34,1190.11,1189.66903,8.7463,18545.4545,BREAK/RUPTURA,-1.3,5
2018-10-10 09:00:00,34,1190.34,1189.70737,8.4922,86666.6667,BREAK/RUPTURA,-4.16,5
2018-10-10 10:00:00,34,1188.66,1189.64752,-6.6417,13860.119,HIT/DEFESA,-1.97,5
2018-10-10 13:00:00,34,1188.81,1189.27351,1.2619,8159.1928,HIT/DEFESA,0.36,5
2018-10-10 16:00:00,34,1188.29,1188.92097,-4.3741,21476.9737,BREAK/RUPTURA,3.42,5
2018-10-10 18:00:00,34,1189.17,1188.86565,20.8985,18558.4416,HIT/DEFESA,2.54,5
2018-10-10 19:00:00,34,1189.91,1188.92533,13.633,23746.4789,HIT/DEFESA,2.94,5
2018-10-10 21:00:00,134,1191.71,1192.69717,21.3594,21363.6364,HIT/DEFESA,2.03,5
2018-10-10 22:00:00,134,1192.85,1192.69943,24.7078,20975.0,HIT/DEFESA,0.12,5
2018-10-10 23:00:00,134,1191.71,1192.68478,9.9956,15706.1404,HIT/DEFESA,1.78,5
2018-10-11 05:00:00,134,1192.61,1192.73189,-9.466,24400.0,BREAK/RUPTURA,4.77,5
2018-10-11 06:00:00,134,1193.22,1192.73912,2.0956,22786.8852,HIT/DEFESA,4.74,5
2018-10-11 07:00:00,134,1192.89,1192.74135,-5.0273,40375.0,BREAK/RUPTURA,10.59,5
2018-10-11 08:00:00,134,1192.88,1192.74341,2.2639,164944.4444,HIT/DEFESA,10.56,5
2018-10-16 07:00:00,34,1225.81,1224.82766,-16.5331,17688.5246,BREAK/RUPTURA,2.43,5
2018-10-16 08:00:00,34,1225.34,1224.85693,-3.5896,29771.7391,BREAK/RUPTURA,4.02,5
2018-10-16 20:00:00,34,1225.87,1226.73263,-22.8701,9861.4719,HIT/DEFESA,-0.72,5
2018-10-16 23:00:00,34,1225.65,1226.49925,-1.7946,13838.0952,HIT/DEFESA,-1.58,5
2018-10-17 13:00:00,34,1225.16,1225.1145,28.3212,15148.5507,HIT/DEFESA,1.2,5
2018-10-17 14:00:00,34,1225.68,1225.14681,-10.8394,45294.1176,HIT/DEFESA,-1.24,5
2018-10-17 17:00:00,34,1225.86,1225.40497,1.4686,22536.5854,BREAK/RUPTURA,-2.61,5
2018-10-17 18:00:00,34,1226.36,1225.45954,-4.5643,68287.5,HIT/DEFESA,-3.68,5
2018-10-17 19:00:00,34,1224.44,1225.40128,-25.01,12502.6042,HIT/DEFESA,-1.19,5
2018-10-17 20:00:00,34,1224.38,1225.34292,-12.0732,2175500.0,HIT/DEFESA,-1.7,5
2018-10-18 12:00:00,34,1223.05,1223.67011,21.3857,230150000.0,HIT/DEFESA,1.7,5
2018-10-18 13:00:00,34,1223.11,1223.63811,6.4631,276214.2857,HIT/DEFESA,6.08,5
2018-10-18 14:00:00,34,1224.37,1223.67993,10.629,19500.0,HIT/DEFESA,3.24,5
2018-10-18 15:00:00,34,1223.27,1223.65651,1.7988,29435.7798,HIT/DEFESA,3.99,5
2018-10-18 16:00:00,34,1222.75,1223.6047,-2.9433,79132.0755,BREAK/RUPTURA,3.46,5
2018-10-19 00:00:00,34,1224.93,1224.6161,-10.4387,352795.082,BREAK/RUPTURA,2.63,5
2018-10-19 01:00:00,34,1225.37,1224.65918,3.592,13815.2174,HIT/DEFESA,1.71,5
2018-10-19 02:00:00,34,1225.7,1224.71865,-4.1592,22316.6667,BREAK/RUPTURA,1.56,5
2018-10-19 03:00:00,34,1225.22,1224.7473,2.3675,31552.0833,HIT/DEFESA,3.34,5
2018-10-19 11:00:00,34,1226.33,1225.70008,-18.1513,53971.4286,BREAK/RUPTURA,1.51,5
2018-10-19 18:00:00,34,1226.63,1226.34368,-11.2377,35588.6076,HIT/DEFESA,-0.76,5
2018-10-19 19:00:00,34,1227.16,1226.39033,-5.5382,49583.3333,HIT/DEFESA,-0.99,5
2018-10-19 21:00:00,34,1225.87,1226.3428,-6.1958,71277.7778,HIT/DEFESA,-3.89,5
2018-10-19 23:00:00,34,1225.87,1226.30647,-1.5497,29086.2069,BREAK/RUPTURA,1.29,5
2018-10-20 00:00:00,34,1226.17,1226.29868,2.4472,35827.5862,HIT/DEFESA,0.84,5
2018-10-20 01:00:00,34,1226.42,1226.30561,2.0389,26403.8462,HIT/DEFESA,0.84,5
2018-10-22 00:00:00,134,1221.98,1222.17195,-31.7326,37488.1974,BREAK/RUPTURA,5.73,5
2018-10-22 01:00:00,34,1227.03,1226.11395,7.0137,21530.2326,HIT/DEFESA,1.0,5
2018-10-22 02:00:00,34,1227.16,1226.17372,6.0338,48235.7143,HIT/DEFESA,0.29,5
2018-10-22 04:00:00,34,1227.26,1226.28085,1.8744,80068.1818,BREAK/RUPTURA,-1.18,5
2018-10-22 07:00:00,34,1227.45,1226.5145,1.5482,15422.4138,BREAK/RUPTURA,-4.98,5
2018-10-22 08:00:00,34,1226.59,1226.51881,-9.1227,13506.25,HIT/DEFESA,-3.46,5
2018-10-22 09:00:00,34,1226.08,1226.49374,-15.8791,43343.1373,HIT/DEFESA,-3.61,5
2018-10-22 10:00:00,34,1226.59,1226.49924,-7.0064,31616.0714,HIT/DEFESA,-3.8,5
2018-10-22 11:00:00,134,1223.23,1222.85822,-27.393,6575.8929,HIT/DEFESA,-1.25,5
2018-10-22 12:00:00,134,1222.47,1222.85247,-29.4434,22759.7403,HIT/DEFESA,-1.5,5
2018-10-22 13:00:00,134,1223.13,1222.85658,-28.2083,20395.5224,HIT/DEFESA,-1.84,5
2018-10-22 14:00:00,134,1222.47,1222.85085,-6.2131,25661.5385,HIT/DEFESA,-0.53,5
2018-10-22 16:00:00,134,1221.98,1222.83706,-9.4021,45725.0,HIT/DEFESA,-0.61,5
2018-10-23 00:00:00,134,1222.58,1222.72487,9.9069,563558.9744,HIT/DEFESA,0.8,5
2018-10-23 02:00:00,134,1222.18,1222.70126,6.6319,12305.7692,HIT/DEFESA,1.58,5
2018-10-23 03:00:00,134,1222.45,1222.69753,-1.0633,51384.6154,BREAK/RUPTURA,2.27,5
2018-10-23 04:00:00,34,1223.64,1223.7286,16.2075,12659.6639,HIT/DEFESA,5.69,5
2018-10-23 04:00:00,134,1223.64,1222.7115,16.2075,12659.6639,HIT/DEFESA,5.69,5
2018-10-23 05:00:00,34,1223.38,1223.70868,9.8185,46700.0,HIT/DEFESA,8.56,5
2018-10-23 05:00:00,134,1223.38,1222.7214,9.8185,46700.0,HIT/DEFESA,8.56,5
2018-10-23 06:00:00,34,1223.49,1223.69618,8.5075,87136.3636,HIT/DEFESA,12.03,5
2018-10-23 06:00:00,134,1223.49,1222.73279,8.5075,87136.3636,HIT/DEFESA,12.03,5
2018-10-23 07:00:00,34,1223.76,1223.69983,0.9807,35545.4545,HIT/DEFESA,10.69,5
2018-10-23 08:00:00,34,1224.72,1223.75812,10.9533,10737.1134,HIT/DEFESA,9.52,5
2018-10-23 22:00:00,34,1229.86,1228.97964,-8.2056,55711.5385,BREAK/RUPTURA,1.06,5
2018-10-24 00:00:00,34,1229.86,1229.09085,-2.0323,272185.7143,BREAK/RUPTURA,3.05,5
2018-10-24 09:00:00,34,1231.15,1230.18906,0.3249,12145.1613,BREAK/RUPTURA,-3.36,5
2018-10-24 13:00:00,34,1230.47,1230.28659,-8.2015,78368.4211,HIT/DEFESA,-2.26,5
2018-10-24 17:00:00,34,1230.28,1230.11633,20.2803,148454.5455,HIT/DEFESA,2.37,5
2018-10-24 20:00:00,34,1230.33,1229.89667,0.4064,9977.8598,HIT/DEFESA,3.11,5
2018-10-24 21:00:00,34,1230.07,1229.90657,15.144,91750.0,HIT/DEFESA,5.01,5
2018-10-24 23:00:00,34,1230.07,1230.06372,-2.1133,6436.4754,BREAK/RUPTURA,6.52,5
2018-10-25 10:00:00,34,1231.74,1232.56903,-40.4289,9494.2857,BREAK/RUPTURA,1.19,5
2018-10-25 11:00:00,34,1232.71,1232.57709,-38.3851,26791.6667,HIT/DEFESA,-2.08,5
2018-10-25 12:00:00,34,1231.73,1232.52868,-28.3348,19701.0309,HIT/DEFESA,-2.41,5
2018-10-25 13:00:00,34,1233.06,1232.55904,10.7165,10522.7273,BREAK/RUPTURA,-3.49,5
2018-10-25 14:00:00,34,1231.79,1232.5151,-7.4632,14382.8125,HIT/DEFESA,-1.89,5
2018-10-25 15:00:00,34,1232.93,1232.53881,9.7424,28191.9643,BREAK/RUPTURA,-3.76,5
2018-10-25 20:00:00,134,1229.17,1228.312,-1.2202,27763.1579,BREAK/RUPTURA,2.32,5
2018-10-25 21:00:00,134,1228.83,1228.31967,-6.0184,50954.5455,BREAK/RUPTURA,2.79,5
2018-10-25 23:00:00,134,1228.83,1228.35176,-2.7661,13558.3333,BREAK/RUPTURA,2.69,5
2018-10-26 01:00:00,34,1231.49,1231.32375,12.1138,7424.6575,HIT/DEFESA,0.64,5
2018-10-26 02:00:00,34,1231.62,1231.34068,22.7045,102633.3333,HIT/DEFESA,0.03,5
2018-10-26 03:00:00,34,1230.94,1231.31778,7.6423,27968.254,HIT/DEFESA,1.14,5
2018-10-26 05:00:00,34,1231.81,1231.3568,1.5427,41333.3333,HIT/DEFESA,4.42,5
2018-10-26 06:00:00,34,1232.13,1231.40099,9.6674,46546.875,HIT/DEFESA,5.12,5
2018-10-26 07:00:00,34,1231.65,1231.41521,1.0556,30434.7826,HIT/DEFESA,4.9,5
2018-10-26 08:00:00,34,1232.08,1231.4532,2.1919,31738.6364,HIT/DEFESA,4.28,5
2018-10-26 09:00:00,34,1231.18,1231.43759,-7.7102,23044.9438,BREAK/RUPTURA,3.99,5
2018-10-26 20:00:00,34,1233.78,1233.75163,-75.2134,459687.5,HIT/DEFESA,-0.28,5
2018-10-27 00:00:00,34,1233.78,1233.87157,-9.0696,24327.2727,HIT/DEFESA,-1.37,5
2018-10-27 01:00:00,34,1233.5,1233.85033,-2.2694,43821.4286,BREAK/RUPTURA,1.27,5
2018-10-29 00:00:00,134,1229.31,1230.21392,-45.2668,49583.8496,BREAK/RUPTURA,5.05,5
2018-10-29 05:00:00,34,1234.36,1233.57027,13.7913,40872.093,BREAK/RUPTURA,-3.82,5
2018-10-29 06:00:00,34,1233.39,1233.55997,7.9519,14778.3505,BREAK/RUPTURA,-4.35,5
2018-10-29 07:00:00,34,1232.94,1233.52454,-14.8206,30536.5854,HIT/DEFESA,-4.51,5
2018-10-29 08:00:00,34,1233.56,1233.52657,-6.4811,24709.6774,HIT/DEFESA,-4.04,5
2018-10-29 09:00:00,134,1230.57,1230.57267,-22.8638,6824.9158,HIT/DEFESA,-1.93,5
2018-10-29 15:00:00,134,1230.63,1230.47799,17.909,16969.8492,BREAK/RUPTURA,-4.24,5
2018-10-29 16:00:00,134,1229.71,1230.46661,1.5453,37054.3478,BREAK/RUPTURA,-1.42,5
2018-10-29 17:00:00,134,1230.65,1230.46932,16.3596,31833.3333,BREAK/RUPTURA,-1.69,5
2018-10-29 18:00:00,134,1230.14,1230.46445,-3.9817,47186.2745,HIT/DEFESA,-1.85,5
2018-10-30 01:00:00,134,1229.62,1230.23787,5.3704,17031.25,BREAK/RUPTURA,-1.9,5
2018-10-30 02:00:00,34,1229.92,1230.61477,13.2705,36903.2258,BREAK/RUPTURA,-2.32,5
2018-10-30 02:00:00,134,1229.92,1230.23316,13.2705,36903.2258,BREAK/RUPTURA,-2.32,5
2018-11-01 04:00:00,34,1217.3,1218.02511,18.5178,17091.7431,HIT/DEFESA,4.6,5
2018-11-01 05:00:00,34,1217.02,1217.96767,9.6229,44053.5714,HIT/DEFESA,7.14,5
2018-11-01 06:00:00,34,1217.65,1217.94952,12.0047,19379.0323,HIT/DEFESA,8.02,5
2018-11-01 07:00:00,34,1218.14,1217.9604,6.9005,23112.2449,HIT/DEFESA,5.94,5
2018-11-01 08:00:00,34,1217.69,1217.94495,5.5053,26030.6122,HIT/DEFESA,4.75,5
2018-11-01 10:00:00,134,1224.16,1224.08668,49.4196,13843.75,HIT/DEFESA,4.79,5
2018-11-01 12:00:00,134,1224.08,1224.10969,17.8411,16054.4872,HIT/DEFESA,8.67,5
2018-11-01 14:00:00,134,1224.85,1224.09629,-6.6902,7746.9136,BREAK/RUPTURA,8.95,5
2018-11-02 15:00:00,34,1230.79,1230.05935,-38.7672,13819.6721,BREAK/RUPTURA,1.11,5
2018-11-02 18:00:00,34,1231.36,1230.39256,4.6312,85363.6364,HIT/DEFESA,0.66,5
2018-11-05 06:00:00,34,1232.2,1231.64744,-6.9745,26441.1765,HIT/DEFESA,-0.77,5
2018-11-05 08:00:00,34,1230.71,1231.58809,-9.4166,16952.381,BREAK/RUPTURA,1.22,5
2018-11-05 09:00:00,34,1232.35,1231.63162,1.2173,13400.0,BREAK/RUPTURA,-3.72,5
2018-11-05 10:00:00,34,1232.17,1231.66239,5.1155,60027.7778,BREAK/RUPTURA,-3.61,5
2018-11-05 11:00:00,34,1231.43,1231.64911,5.8503,30560.0,HIT/DEFESA,0.16,5
2018-11-05 12:00:00,34,1231.87,1231.66173,-3.895,35255.814,HIT/DEFESA,-0.66,5
2018-11-05 13:00:00,34,1231.93,1231.67706,-1.9478,156550.0,HIT/DEFESA,-2.21,5
2018-11-05 14:00:00,134,1228.63,1228.48492,-22.7378,7587.6133,BREAK/RUPTURA,1.25,5
2018-11-05 15:00:00,134,1228.56,1228.48603,-26.8697,807250.0,BREAK/RUPTURA,2.16,5
2018-11-05 16:00:00,34,1231.59,1231.34936,-2.7599,10483.4983,HIT/DEFESA,-1.6,5
2018-11-05 22:00:00,34,1230.27,1231.03258,3.171,39960.0,HIT/DEFESA,0.13,5
2018-11-06 00:00:00,34,1230.27,1230.93283,2.2764,116838.0,BREAK/RUPTURA,-1.06,5
2018-11-06 01:00:00,34,1230.87,1230.92924,4.877,17586.2069,BREAK/RUPTURA,-2.29,5
2018-11-06 04:00:00,34,1230.14,1230.82519,-5.9308,55720.0,BREAK/RUPTURA,1.58,5
2018-11-06 05:00:00,134,1229.21,1228.83014,-9.1032,14130.4348,BREAK/RUPTURA,4.56,5
2018-11-06 06:00:00,134,1228.58,1228.82644,-14.7919,18140.625,BREAK/RUPTURA,5.23,5
2018-11-06 07:00:00,34,1229.85,1230.56645,-2.3575,9353.1746,BREAK/RUPTURA,5.37,5
2018-11-06 08:00:00,34,1230.17,1230.54379,7.8099,40818.1818,HIT/DEFESA,5.45,5
2018-11-06 16:00:00,34,1230.74,1231.67921,-39.4943,12914.1221,HIT/DEFESA,-5.09,5
2018-11-06 17:00:00,134,1228.82,1229.38567,-46.5749,17205.7292,HIT/DEFESA,-2.65,5
2018-11-07 02:00:00,34,1230.34,1229.53698,38.2654,12430.5019,BREAK/RUPTURA,-1.59,5
2018-11-07 05:00:00,34,1229.42,1229.24234,-7.4776,12870.155,BREAK/RUPTURA,1.72,5
2018-11-07 05:00:00,134,1229.42,1228.97219,-7.4776,12870.155,BREAK/RUPTURA,1.72,5
2018-11-07 06:00:00,34,1229.31,1229.2462,20.8681,268550.0,HIT/DEFESA,4.06,5
2018-11-07 06:00:00,134,1229.31,1228.9772,20.8681,268550.0,HIT/DEFESA,4.06,5
2018-11-07 07:00:00,34,1228.75,1229.21785,15.7317,36654.5455,HIT/DEFESA,4.84,5
2018-11-07 07:00:00,134,1228.75,1228.97383,15.7317,36654.5455,HIT/DEFESA,4.84,5
2018-11-07 08:00:00,134,1228.04,1228.96,-11.2248,29650.0,BREAK/RUPTURA,4.67,5
2018-11-07 15:00:00,134,1228.49,1229.22501,-41.3427,8898.2558,HIT/DEFESA,-1.26,5
2018-11-07 16:00:00,134,1228.29,1229.21116,-35.856,180472.2222,HIT/DEFESA,-0.94,5
2018-11-07 19:00:00,134,1228.38,1229.14471,0.7327,12133.3333,BREAK/RUPTURA,-2.31,5
2018-11-13 17:00:00,34,1203.44,1203.79564,27.3297,18158.3969,BREAK/RUPTURA,-1.93,5
2018-11-14 04:00:00,34,1203.11,1202.92577,1.9952,31275.8621,BREAK/RUPTURA,-1.4,5
2018-11-14 05:00:00,34,1203.46,1202.95629,11.3135,42586.2069,BREAK/RUPTURA,-2.7,5
2018-11-14 06:00:00,34,1202.6,1202.93593,-9.3045,14179.7753,HIT/DEFESA,-4.47,5
2018-11-14 07:00:00,34,1201.94,1202.87902,-9.7248,22623.0769,HIT/DEFESA,-1.86,5
2018-11-14 08:00:00,34,1203.38,1202.90765,-0.6647,10351.7241,HIT/DEFESA,-3.69,5
2018-11-14 16:00:00,34,1201.71,1201.87961,16.8377,11757.622,HIT/DEFESA,9.75,5
2018-11-14 17:00:00,34,1201.64,1201.86592,5.8288,842125.0,HIT/DEFESA,10.21,5
2018-11-15 01:00:00,134,1210.82,1210.44075,-8.4994,12331.6327,BREAK/RUPTURA,1.07,5
2018-11-15 04:00:00,134,1210.03,1210.40749,-6.5245,11516.8919,BREAK/RUPTURA,1.82,5
2018-11-15 05:00:00,134,1210.51,1210.40901,0.3305,30900.0,HIT/DEFESA,2.86,5
2018-11-15 11:00:00,134,1210.48,1210.54861,-23.9824,12576.2411,BREAK/RUPTURA,1.44,5
2018-11-15 12:00:00,134,1210.78,1210.55203,-8.8295,123134.6154,BREAK/RUPTURA,2.48,5
2018-11-15 13:00:00,134,1210.25,1210.54756,-25.7135,46816.3265,BREAK/RUPTURA,3.34,5
2018-11-15 14:00:00,134,1210.21,1210.54256,-2.2305,271050000.0,BREAK/RUPTURA,2.82,5
2018-11-19 07:00:00,34,1218.2,1218.58364,-24.4026,13341.9118,BREAK/RUPTURA,3.58,5
2018-11-19 08:00:00,34,1219.01,1218.608,-11.226,17203.7037,BREAK/RUPTURA,2.66,5
2018-11-19 15:00:00,34,1219.81,1219.32098,-16.124,39793.1034,BREAK/RUPTURA,4.09,5
2018-11-20 03:00:00,34,1221.95,1221.19436,-8.6671,26754.386,BREAK/RUPTURA,1.38,5
2018-11-20 04:00:00,34,1221.77,1221.22726,-17.7296,74555.5556,BREAK/RUPTURA,2.72,5
2018-11-20 05:00:00,34,1221.61,1221.24913,-7.3619,67400.0,BREAK/RUPTURA,3.11,5
2018-11-20 11:00:00,34,1222.0,1221.83124,-10.872,9470.8029,BREAK/RUPTURA,2.68,5
2018-11-20 17:00:00,34,1223.19,1222.6266,-17.4647,27066.6667,HIT/DEFESA,-1.08,5
2018-11-20 18:00:00,34,1223.46,1222.67422,-25.9245,80035.7143,HIT/DEFESA,-2.37,5
2018-11-21 00:00:00,34,1222.11,1222.3446,8.3532,6038333.3333,BREAK/RUPTURA,-1.62,5
2018-11-21 01:00:00,34,1221.51,1222.29691,-4.9095,20228.0702,HIT/DEFESA,-0.84,5
2018-11-21 04:00:00,34,1221.11,1222.06517,-3.2746,93115.3846,BREAK/RUPTURA,1.56,5
2018-11-21 07:00:00,34,1221.08,1221.85369,-0.2457,21093.0233,BREAK/RUPTURA,1.47,5
2018-11-21 08:00:00,34,1222.16,1221.8712,13.683,14865.7407,HIT/DEFESA,1.07,5
2018-11-21 09:00:00,34,1222.67,1221.91684,16.3844,45206.5217,HIT/DEFESA,1.34,5
2018-11-21 12:00:00,34,1222.55,1222.21115,-0.9815,11126.1905,BREAK/RUPTURA,4.24,5
2018-11-21 13:00:00,34,1223.23,1222.26937,-7.1889,40075.0,BREAK/RUPTURA,2.03,5
2018-11-22 19:00:00,34,1227.21,1226.23084,-3.9912,24054.3478,HIT/DEFESA,-0.55,5
2018-11-23 07:00:00,34,1227.39,1226.63076,-1.7107,10675.3247,HIT/DEFESA,-5.41,5
2018-11-23 08:00:00,34,1225.92,1226.59015,-15.7998,8630.137,HIT/DEFESA,-4.69,5
2018-11-23 11:00:00,134,1222.25,1222.43393,-29.9367,38240.7407,BREAK/RUPTURA,1.4,5
2018-11-23 14:00:00,134,1222.68,1222.41348,3.5181,13305.5556,HIT/DEFESA,0.72,5
2018-11-23 17:00:00,134,1222.67,1222.43758,-0.0818,22545.4545,HIT/DEFESA,-0.05,5
2018-11-26 00:00:00,134,1222.23,1222.45362,1.4729,93963.0303,HIT/DEFESA,1.58,5
2018-11-26 01:00:00,34,1224.18,1224.2362,6.3757,28204.878,HIT/DEFESA,0.2,5
2018-11-26 02:00:00,134,1222.83,1222.48439,1.7176,10906.7164,HIT/DEFESA,2.62,5
2018-11-26 03:00:00,34,1223.35,1224.10979,9.1636,30122.807,HIT/DEFESA,1.57,5
2018-11-26 03:00:00,134,1223.35,1222.49721,9.1636,30122.807,HIT/DEFESA,1.57,5
2018-11-26 04:00:00,134,1222.69,1222.50007,-12.1714,22238.4615,BREAK/RUPTURA,4.4,5
2018-11-26 05:00:00,34,1223.81,1224.01617,8.0142,9967.8899,HIT/DEFESA,1.85,5
2018-11-26 06:00:00,34,1224.38,1224.03696,8.4195,20437.5,HIT/DEFESA,1.69,5
2018-11-26 08:00:00,34,1224.92,1224.16355,9.07,26320.7547,HIT/DEFESA,1.24,5
2018-11-26 14:00:00,34,1225.01,1224.69779,-8.6455,15315.7895,HIT/DEFESA,-2.71,5
2018-11-26 15:00:00,34,1224.88,1224.7082,-9.3799,222250.0,HIT/DEFESA,-2.12,5
2018-11-26 16:00:00,134,1223.08,1222.94422,-25.1191,16818.4358,HIT/DEFESA,-1.21,5
2018-11-26 17:00:00,134,1222.78,1222.94179,-18.2039,89758.6207,HIT/DEFESA,-0.49,5
2018-11-26 18:00:00,134,1222.04,1222.92843,-23.1859,27466.2162,HIT/DEFESA,-0.17,5
2018-11-26 19:00:00,134,1222.3,1222.91912,-6.3773,60055.5556,HIT/DEFESA,-0.01,5
2018-11-26 20:00:00,134,1222.76,1222.91676,-0.1636,36311.1111,HIT/DEFESA,-0.27,5
2018-11-26 22:00:00,134,1222.29,1222.8922,-0.0818,24406.9767,HIT/DEFESA,-0.79,5
2018-11-27 07:00:00,134,1221.95,1222.77344,2.7013,44625.0,HIT/DEFESA,1.86,5
2018-11-27 11:00:00,34,1221.67,1222.6316,8.8482,29078.5714,BREAK/RUPTURA,-1.18,5
2018-11-27 11:00:00,134,1221.67,1222.65982,8.8482,29078.5714,BREAK/RUPTURA,-1.18,5
2018-11-27 13:00:00,34,1223.35,1222.73614,19.4106,31875.0,BREAK/RUPTURA,-11.02,5
2018-11-27 13:00:00,134,1223.35,1222.68683,19.4106,31875.0,BREAK/RUPTURA,-11.02,5
2018-11-27 15:00:00,34,1221.85,1222.75091,-16.0156,14719.8068,HIT/DEFESA,-7.99,5
2018-11-27 15:00:00,134,1221.85,1222.69287,-16.0156,14719.8068,HIT/DEFESA,-7.99,5
2018-11-28 22:00:00,134,1220.02,1219.86199,-8.4354,7400.0,BREAK/RUPTURA,1.73,5
2018-11-29 00:00:00,134,1220.02,1219.89991,-18.6534,256587.3418,BREAK/RUPTURA,3.3,5
2018-11-29 01:00:00,134,1220.84,1219.91384,6.7212,14180.0,HIT/DEFESA,4.07,5
2018-11-30 03:00:00,34,1224.09,1223.14421,2.3697,151750000.0,HIT/DEFESA,0.11,5
2018-11-30 07:00:00,34,1224.24,1223.45881,-5.225,21236.8421,HIT/DEFESA,-2.36,5
2018-11-30 08:00:00,34,1224.2,1223.50116,-3.9194,229700.0,HIT/DEFESA,-2.04,5
2018-11-30 09:00:00,34,1224.21,1223.54167,-5.0619,303900.0,HIT/DEFESA,-2.49,5
2018-11-30 10:00:00,34,1224.21,1223.57986,-0.245,1882000.0,HIT/DEFESA,-4.14,5
2018-11-30 11:00:00,34,1222.66,1223.52729,-12.5796,10366.0131,HIT/DEFESA,-5.75,5
2018-11-30 11:00:00,134,1222.66,1221.77695,-12.5796,10366.0131,HIT/DEFESA,-5.75,5
2018-11-30 12:00:00,134,1221.88,1221.77848,-19.0327,24518.9873,HIT/DEFESA,-3.16,5
2018-11-30 13:00:00,134,1222.16,1221.78413,-16.7455,47200.0,HIT/DEFESA,-0.8,5
2018-11-30 14:00:00,134,1221.72,1221.78318,-7.6882,38883.7209,HIT/DEFESA,-1.24,5
2018-11-30 20:00:00,134,1220.64,1221.60618,15.7542,131031.25,HIT/DEFESA,1.33,5
2018-11-30 21:00:00,134,1220.76,1221.59364,-4.9126,109363.6364,BREAK/RUPTURA,10.03,5
2018-11-30 22:00:00,34,1221.68,1222.11816,9.8322,14100.0,HIT/DEFESA,0.26,5
2018-11-30 22:00:00,134,1221.68,1221.59492,9.8322,14100.0,HIT/DEFESA,0.26,5
2018-11-30 23:00:00,134,1220.76,1221.58255,0.9831,9432.9268,HIT/DEFESA,1.87,5
2018-12-01 00:00:00,34,1221.68,1222.01995,7.5363,14100.0,HIT/DEFESA,1.58,5
2018-12-01 00:00:00,134,1221.68,1221.58399,7.5363,14100.0,HIT/DEFESA,1.58,5
2018-12-01 01:00:00,34,1221.97,1222.0171,2.3738,16753.8462,HIT/DEFESA,2.05,5
2018-12-01 01:00:00,134,1221.97,1221.58971,2.3738,16753.8462,HIT/DEFESA,2.05,5
2018-12-03 01:00:00,34,1221.94,1222.48535,2.1282,3116.6667,HIT/DEFESA,3.08,5
2018-12-03 01:00:00,134,1221.94,1221.72918,2.1282,3116.6667,HIT/DEFESA,3.08,5
2018-12-03 02:00:00,34,1222.63,1222.49362,5.4011,4171.4286,HIT/DEFESA,3.97,5
2018-12-03 02:00:00,134,1222.63,1221.74253,5.4011,4171.4286,HIT/DEFESA,3.97,5
2018-12-03 03:00:00,34,1223.26,1222.53741,-61.1802,4800.0,BREAK/RUPTURA,3.51,5
2018-12-05 02:00:00,34,1236.58,1235.84303,-15.5026,1636.7347,HIT/DEFESA,-1.56,5
2018-12-05 03:00:00,34,1235.94,1235.84858,-8.246,5147.619,HIT/DEFESA,-0.31,5
2018-12-05 04:00:00,34,1234.84,1235.79094,-30.0349,2252.2523,HIT/DEFESA,-0.86,5
2018-12-05 07:00:00,34,1235.02,1235.66153,1.4577,7486.1111,HIT/DEFESA,1.04,5
2018-12-05 08:00:00,34,1235.63,1235.65972,2.5904,4688.5246,HIT/DEFESA,1.56,5
2018-12-05 10:00:00,34,1235.63,1235.56753,4.9392,2202.381,HIT/DEFESA,2.33,5
2018-12-05 11:00:00,34,1235.57,1235.56767,-0.4856,80633.3333,BREAK/RUPTURA,1.26,5
2018-12-05 12:00:00,34,1236.06,1235.5958,16.856,4543.75,HIT/DEFESA,1.06,5
2018-12-05 16:00:00,34,1236.83,1235.97949,-2.9098,3471.5517,HIT/DEFESA,-0.52,5
2018-12-05 20:00:00,34,1236.38,1236.25439,-5.9816,1375.2747,BREAK/RUPTURA,1.73,5
2018-12-05 21:00:00,34,1236.31,1236.25756,-9.6969,11618.1818,BREAK/RUPTURA,2.85,5
2018-12-05 22:00:00,34,1237.0,1236.29999,-9.6915,1360.8696,BREAK/RUPTURA,2.99,5
2018-12-05 23:00:00,34,1237.03,1236.3417,5.2573,76300.0,HIT/DEFESA,1.98,5
2018-12-06 11:00:00,34,1237.39,1237.13993,11.732,3684.6154,HIT/DEFESA,6.4,5
2018-12-06 13:00:00,34,1236.23,1237.02813,-1.4558,15328.5714,BREAK/RUPTURA,4.69,5
2018-12-06 14:00:00,34,1236.17,1236.97909,-9.8595,39257.1429,BREAK/RUPTURA,3.26,5
2018-12-06 15:00:00,34,1236.95,1236.97743,7.4432,7063.2911,HIT/DEFESA,0.6,5
2018-12-06 20:00:00,34,1237.55,1237.86108,-30.8528,2405.8201,HIT/DEFESA,-0.31,5
2018-12-06 21:00:00,34,1236.82,1237.80159,-33.04,5153.3333,BREAK/RUPTURA,1.4,5
2018-12-06 23:00:00,34,1237.69,1237.80968,1.1313,2595.7447,HIT/DEFESA,1.1,5
2018-12-07 02:00:00,34,1238.22,1238.38054,4.2822,2328.7129,HIT/DEFESA,1.04,5
2018-12-07 04:00:00,34,1238.79,1238.4233,12.5279,50950.0,HIT/DEFESA,1.15,5
2018-12-07 07:00:00,34,1239.26,1238.61513,3.794,3786.2745,HIT/DEFESA,1.56,5
2018-12-07 08:00:00,34,1239.42,1238.66112,-3.3069,12537.5,BREAK/RUPTURA,1.72,5
2018-12-10 15:00:00,34,1245.02,1245.30281,-10.5109,2970.6897,HIT/DEFESA,-2.29,5
2018-12-10 16:00:00,34,1246.29,1245.35922,6.3428,4082.9457,BREAK/RUPTURA,-3.48,5
2018-12-10 17:00:00,34,1245.01,1245.33927,-14.1165,4500.7752,HIT/DEFESA,-0.94,5
2018-12-10 18:00:00,34,1245.86,1245.36902,6.7469,6325.0,BREAK/RUPTURA,-1.82,5
2018-12-10 22:00:00,34,1244.07,1244.91945,6.9176,2230.1587,HIT/DEFESA,1.26,5
2018-12-10 23:00:00,34,1244.04,1244.8692,10.5413,32075.0,HIT/DEFESA,1.21,5
2018-12-11 01:00:00,34,1243.98,1244.70636,-0.7234,1626.9841,BREAK/RUPTURA,2.41,5
2018-12-11 02:00:00,34,1244.32,1244.68429,2.2507,5145.9459,HIT/DEFESA,2.6,5
2018-12-11 03:00:00,34,1245.33,1244.72118,20.4379,3087.2549,HIT/DEFESA,0.54,5
2018-12-11 04:00:00,34,1245.25,1244.7514,10.2092,19509.0909,HIT/DEFESA,1.82,5
2018-12-11 05:00:00,34,1245.64,1244.80218,10.6082,4784.2105,HIT/DEFESA,2.64,5
2018-12-11 08:00:00,34,1245.87,1245.05796,1.8464,2282.4074,HIT/DEFESA,1.3,5
2018-12-11 14:00:00,34,1246.13,1245.76545,-19.942,3663.8095,HIT/DEFESA,-2.06,5
2018-12-11 15:00:00,34,1246.53,1245.80914,-8.8167,12982.5,HIT/DEFESA,-3.58,5
2018-12-11 16:00:00,34,1245.25,1245.77719,-15.3949,4574.2188,HIT/DEFESA,-3.14,5
2018-12-12 03:00:00,34,1245.21,1244.74547,0.1606,2317.6471,BREAK/RUPTURA,-2.19,5
2018-12-12 04:00:00,34,1244.71,1244.74344,13.9182,4307.6923,BREAK/RUPTURA,-2.59,5
2018-12-12 06:00:00,34,1244.13,1244.70335,-8.6732,3207.4074,HIT/DEFESA,-0.39,5
2018-12-12 09:00:00,134,1242.12,1241.26974,-16.1559,3955.6818,BREAK/RUPTURA,2.47,5
2018-12-12 10:00:00,34,1243.89,1244.38412,1.5277,2315.7303,HIT/DEFESA,0.92,5
2018-12-12 11:00:00,34,1243.74,1244.34732,5.7923,32955.5556,HIT/DEFESA,2.0,5
2018-12-12 12:00:00,34,1244.36,1244.34804,18.0337,4363.9344,HIT/DEFESA,1.48,5
2018-12-12 13:00:00,34,1244.23,1244.3413,2.7334,19630.7692,HIT/DEFESA,0.78,5
2018-12-12 14:00:00,34,1244.59,1244.35551,6.8342,12438.2353,HIT/DEFESA,1.22,5
2018-12-12 18:00:00,34,1245.01,1244.56499,1.6067,4880.0,HIT/DEFESA,0.35,5
2018-12-12 20:00:00,34,1244.46,1244.62607,-11.0769,2540.0,BREAK/RUPTURA,1.46,5
2018-12-12 21:00:00,34,1245.05,1244.65029,0.3213,4931.6667,HIT/DEFESA,0.18,5
2018-12-12 22:00:00,34,1245.66,1244.70799,-1.204,3903.3333,HIT/DEFESA,-0.77,5
2018-12-12 23:00:00,34,1245.36,1244.74525,7.2321,4168.5714,BREAK/RUPTURA,-1.04,5
2018-12-13 00:00:00,134,1241.71,1241.95537,-26.8262,38936.9146,BREAK/RUPTURA,2.8,5
2018-12-13 02:00:00,34,1245.23,1244.68205,-1.0439,2634.2857,HIT/DEFESA,-0.49,5
2018-12-13 03:00:00,34,1244.89,1244.69393,25.6098,7425.0,HIT/DEFESA,0.7,5
2018-12-13 04:00:00,34,1244.32,1244.67257,-12.8419,3466.1017,BREAK/RUPTURA,1.63,5
2018-12-13 05:00:00,34,1244.51,1244.66328,-5.7821,6636.3636,BREAK/RUPTURA,1.25,5
2018-12-13 07:00:00,34,1244.74,1244.64001,3.3753,2503.4483,BREAK/RUPTURA,-3.28,5
2018-12-13 08:00:00,34,1245.59,1244.69429,8.6781,2444.0476,BREAK/RUPTURA,-3.8,5
2018-12-13 10:00:00,34,1245.76,1244.82284,8.1945,18210.5263,BREAK/RUPTURA,-3.37,5
2018-12-13 11:00:00,34,1244.65,1244.81297,-7.5466,2615.0442,HIT/DEFESA,-2.15,5
2018-12-13 13:00:00,134,1241.79,1242.403,-31.8681,8912.5,BREAK/RUPTURA,1.01,5
2018-12-13 15:00:00,134,1242.39,1242.39619,7.4912,12632.5581,HIT/DEFESA,0.42,5
2018-12-13 17:00:00,134,1242.08,1242.39302,1.0467,13002.5641,HIT/DEFESA,0.72,5
2018-12-13 19:00:00,134,1242.47,1242.4001,-0.2414,9884.375,HIT/DEFESA,-4.84,5
2018-12-14 01:00:00,34,1242.3,1243.13442,-4.0232,2068.6275,HIT/DEFESA,-0.83,5
2018-12-14 01:00:00,134,1242.3,1242.32476,-4.0232,2068.6275,HIT/DEFESA,-0.83,5
2018-12-14 03:00:00,34,1242.49,1243.04348,39.2686,6724.3243,BREAK/RUPTURA,-2.64,5
2018-12-14 03:00:00,134,1242.49,1242.32437,39.2686,6724.3243,BREAK/RUPTURA,-2.64,5
2018-12-14 04:00:00,34,1242.21,1242.99585,-0.7245,8370.3704,HIT/DEFESA,-3.78,5
2018-12-14 04:00:00,134,1242.21,1242.32267,-0.7245,8370.3704,HIT/DEFESA,-3.78,5
2018-12-14 05:00:00,134,1241.86,1242.31582,-2.1737,5152.9412,HIT/DEFESA,-3.8,5
2018-12-14 06:00:00,134,1241.47,1242.30329,-8.2093,3743.5897,HIT/DEFESA,-2.54,5
2018-12-14 18:00:00,34,1239.83,1240.2673,44.8841,1268.3544,BREAK/RUPTURA,-1.87,5
2018-12-14 19:00:00,34,1239.62,1240.23031,39.5225,15485.7143,HIT/DEFESA,5.83,5
2018-12-17 09:00:00,34,1238.73,1239.00501,15.5238,1835.7664,HIT/DEFESA,0.98,5
2018-12-17 10:00:00,34,1237.95,1238.94472,9.7029,3833.7662,HIT/DEFESA,3.47,5
2018-12-17 11:00:00,34,1238.25,1238.90502,7.1119,8090.0,HIT/DEFESA,3.5,5
2018-12-17 12:00:00,34,1239.61,1238.94531,7.1041,2092.7007,HIT/DEFESA,2.68,5
2018-12-17 13:00:00,34,1239.75,1238.99129,14.5402,17869.2308,HIT/DEFESA,2.85,5
2018-12-17 14:00:00,34,1239.71,1239.03236,11.7908,54580.0,HIT/DEFESA,6.82,5
2018-12-17 15:00:00,134,1241.42,1240.78946,14.6014,2508.284,HIT/DEFESA,4.64,5
2018-12-17 16:00:00,134,1241.75,1240.80369,16.1323,14060.6061,HIT/DEFESA,3.76,5
2018-12-19 00:00:00,134,1242.45,1243.23106,-49.8927,24035.7047,BREAK/RUPTURA,7.89,5
2018-12-19 11:00:00,34,1247.95,1247.87443,-12.325,1237.2951,BREAK/RUPTURA,7.63,5
2018-12-19 12:00:00,34,1247.7,1247.86446,-15.2848,14737.5,BREAK/RUPTURA,6.55,5
2018-12-19 13:00:00,34,1248.17,1247.88192,-17.6746,6189.1304,BREAK/RUPTURA,6.92,5
2018-12-19 14:00:00,34,1247.65,1247.86867,-2.4039,5420.0,BREAK/RUPTURA,4.91,5
2018-12-19 15:00:00,34,1248.21,1247.88817,4.0875,6665.4545,HIT/DEFESA,3.37,5
2018-12-20 02:00:00,134,1244.47,1245.18697,12.7929,4558.9286,HIT/DEFESA,0.39,5
2018-12-20 03:00:00,134,1244.93,1245.18317,-115.2099,7513.3333,BREAK/RUPTURA,1.8,5
2018-12-20 05:00:00,134,1244.42,1245.15693,-0.4018,11560.0,BREAK/RUPTURA,4.84,5
2018-12-20 06:00:00,134,1245.09,1245.15593,1.2852,4008.6957,HIT/DEFESA,11.67,5
2018-12-20 07:00:00,134,1244.86,1245.15155,5.6263,13413.6364,HIT/DEFESA,10.91,5
2018-12-20 08:00:00,34,1246.73,1247.42871,18.5629,1761.0811,HIT/DEFESA,9.15,5
2018-12-20 09:00:00,34,1248.44,1247.4865,26.9057,2544.7059,HIT/DEFESA,5.91,5
2018-12-21 12:00:00,34,1257.6,1256.79016,-29.1767,16096.1538,BREAK/RUPTURA,1.37,5
2018-12-21 16:00:00,34,1257.86,1257.36028,-17.1426,2045.7447,HIT/DEFESA,-2.66,5
2018-12-21 18:00:00,34,1257.43,1257.45099,-25.6215,3623.5294,HIT/DEFESA,-2.07,5
2018-12-21 19:00:00,34,1256.89,1257.41893,-7.7115,8235.1852,BREAK/RUPTURA,11.36,5
2018-12-24 12:00:00,34,1259.89,1259.9116,-20.199,1269.5238,BREAK/RUPTURA,5.82,5
2018-12-24 13:00:00,34,1260.79,1259.9618,-20.3426,2731.0345,BREAK/RUPTURA,7.01,5
2018-12-26 19:00:00,34,1269.72,1269.28123,-35.7067,904.48,BREAK/RUPTURA,5.11,5
2018-12-27 01:00:00,34,1268.97,1269.04273,22.668,1107.8341,HIT/DEFESA,0.48,5
2018-12-27 04:00:00,34,1269.93,1269.22887,7.5652,6546.5116,BREAK/RUPTURA,-3.32,5
2018-12-27 05:00:00,34,1269.16,1269.22493,-8.817,3123.6842,BREAK/RUPTURA,2.46,5
2018-12-27 06:00:00,34,1269.45,1269.23779,-7.3993,7959.2593,BREAK/RUPTURA,3.03,5
2018-12-27 07:00:00,34,1268.71,1269.20763,-9.6068,4378.6667,BREAK/RUPTURA,3.62,5
2018-12-27 08:00:00,34,1268.63,1269.17463,-4.176,38450.0,BREAK/RUPTURA,2.26,5
2018-12-31 04:00:00,34,1277.93,1277.51628,-13.2851,3104.2553,BREAK/RUPTURA,2.97,5
2018-12-31 05:00:00,34,1277.38,1277.50849,-13.9154,3003.5714,BREAK/RUPTURA,3.05,5
2018-12-31 06:00:00,34,1277.94,1277.53315,-4.1456,2585.1852,BREAK/RUPTURA,4.0,5
2018-12-31 20:00:00,34,1280.12,1279.53425,-1.4059,2773.7705,HIT/DEFESA,-0.15,5
2019-01-02 02:00:00,34,1279.97,1280.05168,-11.5494,1472.7273,BREAK/RUPTURA,6.09,5
2019-01-02 03:00:00,34,1279.65,1280.02873,-35.8186,10190.625,BREAK/RUPTURA,6.04,5
2019-01-02 16:00:00,34,1283.42,1282.79878,-22.2347,8345.7143,HIT/DEFESA,-2.07,5
2019-01-02 19:00:00,34,1283.89,1283.12786,3.6621,3686.5546,HIT/DEFESA,9.98,5
2019-01-02 22:00:00,34,1282.93,1282.82073,-7.4773,1810.8974,BREAK/RUPTURA,5.19,5
2019-01-03 13:00:00,34,1287.05,1286.15938,-19.464,3941.4894,BREAK/RUPTURA,2.04,5
2019-01-04 10:00:00,34,1291.61,1291.05443,-28.6416,1597.1326,HIT/DEFESA,-4.05,5
2019-01-04 12:00:00,34,1290.94,1290.98946,-27.7321,3590.625,HIT/DEFESA,-7.53,5
2019-01-04 13:00:00,34,1291.12,1290.99692,-3.7937,16193.75,HIT/DEFESA,-5.74,5
2019-01-04 14:00:00,34,1290.98,1290.99595,7.8296,19133.3333,BREAK/RUPTURA,-6.76,5
2019-01-07 03:00:00,34,1288.71,1287.77016,0.388,1008.0402,HIT/DEFESA,0.96,5
2019-01-07 05:00:00,34,1288.65,1287.891,30.5903,5195.2381,HIT/DEFESA,2.06,5
2019-01-07 06:00:00,34,1288.68,1287.93609,-0.2328,218300.0,BREAK/RUPTURA,2.49,5
2019-01-07 17:00:00,34,1288.68,1289.32412,-26.3914,2150.5051,HIT/DEFESA,-0.08,5
2019-01-07 21:00:00,34,1288.18,1289.04016,4.5822,12935.0,HIT/DEFESA,0.67,5
2019-01-07 22:00:00,34,1288.6,1289.01501,4.27,7287.1795,BREAK/RUPTURA,-2.47,5
2019-01-07 23:00:00,34,1288.63,1288.99301,4.8136,32133.3333,BREAK/RUPTURA,-3.58,5
2019-01-08 00:00:00,134,1284.88,1284.52739,-25.6175,51377.3936,HIT/DEFESA,-1.21,5
2019-01-08 01:00:00,34,1288.68,1288.75352,0.6208,5242.8571,BREAK/RUPTURA,-5.87,5
2019-01-08 02:00:00,34,1288.85,1288.75904,1.7072,12942.1053,BREAK/RUPTURA,-6.02,5
2019-01-08 04:00:00,134,1285.05,1284.67951,-28.1684,3001.8349,HIT/DEFESA,-2.47,5
2019-01-08 05:00:00,134,1283.67,1284.66455,-40.1909,2283.0882,HIT/DEFESA,-0.75,5
2019-01-08 16:00:00,34,1284.75,1285.6325,12.3133,1253.9352,HIT/DEFESA,0.19,5
2019-01-08 16:00:00,134,1284.75,1284.39528,12.3133,1253.9352,HIT/DEFESA,0.19,5
2019-01-08 17:00:00,34,1284.91,1285.59122,20.6666,41407.1429,HIT/DEFESA,0.17,5
2019-01-08 17:00:00,134,1284.91,1284.4029,20.6666,41407.1429,HIT/DEFESA,0.17,5
2019-01-08 18:00:00,134,1284.25,1284.40064,29.2071,7855.7377,HIT/DEFESA,0.72,5
2019-01-08 19:00:00,34,1286.22,1285.55488,11.4419,1985.7868,HIT/DEFESA,6.43,5
2019-01-08 21:00:00,34,1284.94,1285.47638,5.3728,12410.5263,HIT/DEFESA,0.24,5
2019-01-08 21:00:00,134,1284.94,1284.43989,5.3728,12410.5263,HIT/DEFESA,0.24,5
2019-01-08 23:00:00,34,1284.97,1285.42609,1.7124,9910.0,BREAK/RUPTURA,-1.01,5
2019-01-08 23:00:00,134,1284.97,1284.45708,1.7124,9910.0,BREAK/RUPTURA,-1.01,5
2019-01-09 01:00:00,34,1284.99,1285.79038,-0.7003,7700.0,HIT/DEFESA,-3.02,5
2019-01-09 01:00:00,134,1284.99,1284.58456,-0.7003,7700.0,HIT/DEFESA,-3.02,5
2019-01-09 02:00:00,34,1285.18,1285.7555,1.6343,11523.8095,BREAK/RUPTURA,-2.79,5
2019-01-09 02:00:00,134,1285.18,1284.59338,1.6343,11523.8095,BREAK/RUPTURA,-2.79,5
2019-01-09 03:00:00,34,1285.63,1285.74833,-54.307,7084.7826,HIT/DEFESA,-3.54,5
2019-01-09 04:00:00,134,1283.96,1284.59913,-8.0156,1856.2874,HIT/DEFESA,-1.68,5
2019-01-09 15:00:00,34,1284.49,1283.97026,29.6715,1588.7821,HIT/DEFESA,6.27,5
2019-01-09 15:00:00,134,1284.49,1284.22527,29.6715,1588.7821,HIT/DEFESA,6.27,5
2019-01-10 00:00:00,34,1286.12,1286.52619,-41.8883,23097.6501,BREAK/RUPTURA,10.61,5
2019-01-10 15:00:00,34,1289.74,1290.72016,-23.7467,1388.25,HIT/DEFESA,-2.09,5
2019-01-10 16:00:00,34,1291.6,1290.77043,-10.364,2949.4624,HIT/DEFESA,-4.27,5
2019-01-10 17:00:00,34,1289.92,1290.72184,-29.3727,3127.2189,HIT/DEFESA,-3.79,5
2019-01-10 19:00:00,134,1287.82,1286.90556,-29.266,3638.1818,HIT/DEFESA,-0.83,5
2019-01-10 22:00:00,134,1286.13,1286.91097,-13.123,1882.6446,BREAK/RUPTURA,3.56,5
2019-01-10 23:00:00,134,1286.05,1286.89821,-12.4257,15477.7778,BREAK/RUPTURA,4.83,5
2019-01-11 00:00:00,134,1286.99,1286.89957,-2.6411,269436.2069,BREAK/RUPTURA,4.18,5
2019-01-11 01:00:00,134,1287.8,1286.91291,12.9847,1277.6786,HIT/DEFESA,4.81,5
2019-01-11 02:00:00,134,1287.78,1286.92576,13.452,125700.0,HIT/DEFESA,6.02,5
2019-01-11 03:00:00,34,1289.69,1289.35375,20.9792,1948.1675,HIT/DEFESA,3.24,5
2019-01-11 13:00:00,34,1291.35,1290.71911,-10.5978,1945.7317,HIT/DEFESA,-2.11,5
2019-01-11 16:00:00,134,1288.36,1287.85567,-23.1541,1803.6082,HIT/DEFESA,-0.43,5
2019-01-11 17:00:00,34,1290.11,1290.68806,-13.6237,3205.7471,HIT/DEFESA,-1.96,5
2019-01-11 19:00:00,34,1290.03,1290.57244,12.9622,4046.8354,HIT/DEFESA,1.02,5
2019-01-11 20:00:00,134,1288.42,1287.9476,-13.0997,1771.7791,HIT/DEFESA,-0.47,5
2019-01-11 21:00:00,134,1287.93,1287.94734,-10.161,3867.3469,BREAK/RUPTURA,1.02,5
2019-01-11 22:00:00,134,1288.15,1287.95034,-14.5733,10233.3333,BREAK/RUPTURA,4.0,5
2019-01-11 23:00:00,134,1287.36,1287.9416,-8.2271,1106.25,BREAK/RUPTURA,2.76,5
2019-01-14 01:00:00,134,1287.95,1287.98709,-1.5526,4912.9032,BREAK/RUPTURA,2.37,5
2019-01-14 02:00:00,34,1288.95,1289.90052,12.3509,1757.4257,HIT/DEFESA,2.64,5
2019-01-14 02:00:00,134,1288.95,1288.00136,12.3509,1757.4257,HIT/DEFESA,2.64,5
2019-01-14 04:00:00,34,1290.12,1290.03426,16.8485,1407.3529,HIT/DEFESA,2.88,5
2019-01-14 05:00:00,34,1290.78,1290.07687,14.1976,3838.4615,HIT/DEFESA,2.76,5
2019-01-14 06:00:00,34,1290.32,1290.09076,-14.1624,3000.0,BREAK/RUPTURA,3.29,5
2019-01-14 08:00:00,34,1291.23,1290.23664,3.4863,8067.5676,HIT/DEFESA,4.2,5
2019-01-14 15:00:00,134,1289.68,1288.79142,-41.0042,1005.5556,BREAK/RUPTURA,1.76,5
2019-01-14 16:00:00,34,1292.01,1291.39877,-26.4005,2308.1197,HIT/DEFESA,-0.32,5
2019-01-14 18:00:00,34,1290.44,1291.28479,5.8929,36850.0,HIT/DEFESA,0.86,5
2019-01-14 19:00:00,34,1291.54,1291.29937,-3.6377,2640.5405,HIT/DEFESA,-2.62,5
2019-01-14 22:00:00,34,1291.42,1291.33445,-0.9291,6186.2069,BREAK/RUPTURA,1.44,5
2019-01-14 23:00:00,34,1291.3,1291.33248,-1.0841,9233.3333,BREAK/RUPTURA,1.13,5
2019-01-15 00:00:00,134,1288.92,1289.06833,-21.4448,59158.5859,BREAK/RUPTURA,2.23,5
2019-01-15 01:00:00,34,1291.35,1291.20351,-0.542,2309.6154,HIT/DEFESA,-0.26,5
2019-01-15 05:00:00,34,1291.15,1291.34333,0.7746,2135.1563,BREAK/RUPTURA,-2.43,5
2019-01-15 06:00:00,34,1291.09,1291.32885,-13.6906,18340000.0,HIT/DEFESA,-2.51,5
2019-01-15 07:00:00,34,1291.12,1291.31692,-10.1359,45416.6667,HIT/DEFESA,-2.23,5
2019-01-15 09:00:00,134,1289.44,1289.33654,-12.7799,2671.4286,BREAK/RUPTURA,1.24,5
2019-01-15 10:00:00,134,1288.72,1289.3274,-18.5885,5509.0909,BREAK/RUPTURA,4.09,5
2019-01-15 11:00:00,134,1288.58,1289.31633,-15.1874,26673.3333,BREAK/RUPTURA,5.66,5
2019-01-15 12:00:00,134,1288.89,1289.31001,-4.2654,12017.8571,BREAK/RUPTURA,2.11,5
2019-01-15 13:00:00,34,1290.98,1290.78565,17.5368,1494.7115,BREAK/RUPTURA,-3.24,5
2019-01-15 14:00:00,34,1290.68,1290.77962,16.297,12817.2414,BREAK/RUPTURA,-2.87,5
2019-01-15 17:00:00,34,1291.0,1291.08179,2.4793,1729.8462,BREAK/RUPTURA,-2.16,5
2019-01-15 21:00:00,34,1290.14,1290.56369,18.6373,2576.3975,HIT/DEFESA,0.39,5
2019-01-15 21:00:00,134,1290.14,1289.44599,18.6373,2576.3975,HIT/DEFESA,0.39,5
2019-01-15 22:00:00,134,1288.84,1289.43701,7.9981,2467.8571,HIT/DEFESA,0.2,5
2019-01-15 23:00:00,134,1288.89,1289.42891,2.8715,49250.0,HIT/DEFESA,0.44,5
2019-01-16 01:00:00,134,1289.45,1289.48265,4.7329,10990.0,HIT/DEFESA,0.02,5
2019-01-16 02:00:00,34,1290.53,1290.47209,12.7241,1969.3694,HIT/DEFESA,0.94,5
2019-01-16 03:00:00,134,1289.04,1289.49138,-31.3203,2282.1918,BREAK/RUPTURA,1.89,5
2019-01-16 05:00:00,134,1288.63,1289.47627,-14.7226,3375.7143,BREAK/RUPTURA,2.01,5
2019-01-16 06:00:00,34,1289.47,1290.18897,3.3358,2082.7586,HIT/DEFESA,0.22,5
2019-01-16 06:00:00,134,1289.47,1289.47617,3.3358,2082.7586,HIT/DEFESA,0.22,5
2019-01-16 08:00:00,34,1290.93,1290.30033,17.8484,5383.6364,BREAK/RUPTURA,-2.39,5
2019-01-16 10:00:00,34,1290.64,1290.27986,-6.4268,3515.7407,HIT/DEFESA,-0.68,5
2019-01-16 11:00:00,34,1289.69,1290.24615,-9.6055,3107.3684,BREAK/RUPTURA,2.64,5
2019-01-16 11:00:00,134,1289.69,1289.54595,-9.6055,3107.3684,BREAK/RUPTURA,2.64,5
2019-01-16 12:00:00,34,1289.23,1290.18808,-2.559,5888.6364,BREAK/RUPTURA,3.6,5
2019-01-16 12:00:00,134,1289.23,1289.54127,-2.559,5888.6364,BREAK/RUPTURA,3.6,5
2019-01-16 13:00:00,134,1288.54,1289.52644,-16.271,4159.4203,BREAK/RUPTURA,5.98,5
2019-01-16 14:00:00,134,1288.69,1289.51405,-7.7538,29266.6667,BREAK/RUPTURA,4.95,5
2019-01-16 15:00:00,34,1289.96,1290.01062,5.6623,3143.3071,HIT/DEFESA,3.29,5
2019-01-16 15:00:00,134,1289.96,1289.52065,5.6623,3143.3071,HIT/DEFESA,3.29,5
2019-01-17 05:00:00,34,1292.31,1291.78406,-11.4393,2908.1395,BREAK/RUPTURA,1.49,5
2019-01-17 06:00:00,34,1291.31,1291.75697,-25.2592,2400.0,BREAK/RUPTURA,2.72,5
2019-01-17 07:00:00,34,1292.45,1291.79657,-5.5677,1826.5487,BREAK/RUPTURA,1.6,5
2019-01-17 08:00:00,34,1292.43,1291.83277,0.9286,22040000.0,HIT/DEFESA,1.44,5
2019-01-17 09:00:00,34,1292.71,1291.8829,10.8417,12751.7241,HIT/DEFESA,0.96,5
2019-01-17 17:00:00,134,1290.18,1290.58672,-26.9775,18348.3871,BREAK/RUPTURA,1.43,5
2019-01-17 18:00:00,34,1291.39,1292.07074,0.3098,3682.6087,HIT/DEFESA,0.36,5
2019-01-17 18:00:00,134,1291.39,1290.59862,0.3098,3682.6087,HIT/DEFESA,0.36,5
2019-01-17 19:00:00,34,1291.81,1292.05584,9.9184,6400.0,BREAK/RUPTURA,-10.88,5
2019-01-17 22:00:00,34,1291.61,1291.95728,-1.5482,3887.1287,HIT/DEFESA,-0.91,5
2019-01-17 22:00:00,134,1291.61,1290.65324,-1.5482,3887.1287,HIT/DEFESA,-0.91,5
2019-01-17 23:00:00,34,1291.75,1291.94543,-3.0182,7342.8571,HIT/DEFESA,-0.58,5
2019-01-18 03:00:00,34,1290.7,1291.30184,76.2727,13260.8696,HIT/DEFESA,1.17,5
2019-01-18 03:00:00,134,1290.7,1290.55692,76.2727,13260.8696,HIT/DEFESA,1.17,5
2019-01-18 04:00:00,34,1291.17,1291.29431,-7.5069,4626.0,HIT/DEFESA,-1.28,5
2019-01-18 04:00:00,134,1291.17,1290.566,-7.5069,4626.0,HIT/DEFESA,-1.28,5
2019-01-18 05:00:00,34,1291.53,1291.30778,4.6478,5240.5405,BREAK/RUPTURA,-3.06,5
2019-01-18 05:00:00,134,1291.53,1290.58028,4.6478,5240.5405,BREAK/RUPTURA,-3.06,5
2019-01-18 06:00:00,34,1291.79,1291.33533,8.445,5628.0,BREAK/RUPTURA,-6.83,5
2019-01-18 07:00:00,34,1290.97,1291.31446,-1.549,1908.5366,HIT/DEFESA,-5.22,5
2019-01-18 07:00:00,134,1290.97,1290.60371,-1.549,1908.5366,HIT/DEFESA,-5.22,5
2019-01-18 08:00:00,34,1291.87,1291.3462,2.6325,2436.2637,BREAK/RUPTURA,-7.25,5
2019-01-18 09:00:00,134,1289.89,1290.61162,-14.7083,1530.8081,HIT/DEFESA,-4.24,5
2019-01-22 09:00:00,34,1281.08,1280.86513,28.4945,1372.4806,HIT/DEFESA,1.95,5
2019-01-22 15:00:00,34,1282.56,1281.58543,-8.6471,7414.8936,BREAK/RUPTURA,1.74,5
2019-01-22 16:00:00,34,1281.44,1281.57712,-8.1872,3909.5652,BREAK/RUPTURA,3.67,5
2019-01-23 00:00:00,34,1282.42,1282.30913,-20.9321,55326.0163,BREAK/RUPTURA,1.39,5
2019-01-23 01:00:00,134,1284.41,1285.31801,1.2459,3046.6667,BREAK/RUPTURA,-1.16,5
2019-01-23 02:00:00,134,1284.31,1285.30307,-4.5918,18136.3636,HIT/DEFESA,-0.43,5
2019-01-23 05:00:00,34,1283.81,1282.82714,-3.8931,4071.6981,BREAK/RUPTURA,2.34,5
2019-01-23 06:00:00,34,1283.25,1282.85131,-12.9192,3804.1667,BREAK/RUPTURA,1.69,5
2019-01-23 09:00:00,134,1284.37,1285.18143,8.7278,7638.8889,HIT/DEFESA,0.49,5
2019-01-23 10:00:00,134,1286.15,1285.19578,17.6808,1875.8427,BREAK/RUPTURA,-5.48,5
2019-01-23 11:00:00,134,1284.94,1285.19199,7.2429,2110.5691,BREAK/RUPTURA,-5.31,5
2019-01-23 12:00:00,134,1284.8,1285.18618,3.3479,14020.0,BREAK/RUPTURA,-2.87,5
2019-01-23 13:00:00,134,1285.28,1285.18757,-6.7644,4826.087,HIT/DEFESA,-0.39,5
2019-01-23 14:00:00,134,1284.86,1285.18272,-0.6226,4534.8837,HIT/DEFESA,-0.35,5
2019-01-23 18:00:00,134,1284.89,1284.98714,32.9515,1657.9661,BREAK/RUPTURA,-2.53,5
2019-01-23 19:00:00,134,1284.51,1284.98007,38.136,10955.5556,BREAK/RUPTURA,-3.75,5
2019-01-23 20:00:00,34,1283.42,1283.31678,11.6231,2863.2075,HIT/DEFESA,0.16,5
2019-01-23 22:00:00,34,1282.94,1283.29758,-12.2226,4706.9767,BREAK/RUPTURA,1.38,5
2019-01-24 01:00:00,34,1283.58,1283.12937,4.9885,879.1667,BREAK/RUPTURA,-2.07,5
2019-01-24 02:00:00,134,1284.29,1284.77973,15.0504,3002.8169,BREAK/RUPTURA,-2.76,5
2019-01-24 03:00:00,134,1284.32,1284.77292,27.796,91533.3333,BREAK/RUPTURA,-3.16,5
2019-01-24 04:00:00,34,1283.21,1283.25708,-2.8826,2362.5,HIT/DEFESA,-3.19,5
2019-01-24 05:00:00,34,1282.74,1283.22754,-12.0689,3993.617,HIT/DEFESA,-3.96,5
2019-01-24 16:00:00,134,1283.26,1284.06244,28.9946,2020.1389,BREAK/RUPTURA,-3.5,5
2019-01-24 17:00:00,34,1282.1,1281.88442,24.4728,4285.8333,BREAK/RUPTURA,-1.37,5
2019-01-24 18:00:00,34,1281.91,1281.88588,12.4188,25238.8889,BREAK/RUPTURA,-1.22,5
2019-01-24 23:00:00,34,1280.69,1281.46523,7.3452,39950.0,HIT/DEFESA,0.86,5
2019-01-25 04:00:00,34,1281.55,1282.27288,2.888,1406.3953,HIT/DEFESA,2.88,5
2019-01-25 05:00:00,34,1281.63,1282.23615,7.3398,38671.4286,HIT/DEFESA,1.93,5
2019-01-25 06:00:00,34,1281.83,1282.21294,15.7053,7026.3158,HIT/DEFESA,1.32,5
2019-01-25 07:00:00,34,1282.15,1282.20934,4.6818,5455.8824,HIT/DEFESA,1.52,5
2019-01-25 08:00:00,134,1283.45,1283.73125,14.2007,1952.7132,HIT/DEFESA,0.96,5
2019-01-25 10:00:00,134,1283.56,1283.73891,10.9972,3875.0,HIT/DEFESA,4.9,5
2019-01-25 11:00:00,34,1283.15,1282.50809,-2.3374,6538.0952,BREAK/RUPTURA,10.29,5
2019-01-25 11:00:00,134,1283.15,1283.73019,-2.3374,6538.0952,BREAK/RUPTURA,10.29,5
2019-01-25 12:00:00,134,1283.67,1283.72929,-5.917,4032.6923,BREAK/RUPTURA,13.67,5
2019-01-25 13:00:00,134,1284.41,1283.73938,6.6222,3193.1507,HIT/DEFESA,14.42,5
2019-01-25 14:00:00,134,1283.97,1283.74279,6.3905,5476.1905,HIT/DEFESA,13.47,5
2019-01-30 15:00:00,34,1311.12,1310.43423,-12.0363,5635.6322,HIT/DEFESA,-0.95,5
2019-01-30 16:00:00,34,1310.52,1310.43913,-20.3322,7001.4706,BREAK/RUPTURA,9.2,5
2019-01-30 18:00:00,34,1311.3,1310.56919,1.3729,5182.3529,HIT/DEFESA,8.2,5
2019-01-30 19:00:00,34,1310.93,1310.5898,3.1285,6408.1081,HIT/DEFESA,10.06,5
2019-01-30 20:00:00,34,1310.17,1310.56582,-13.4915,3287.013,BREAK/RUPTURA,8.96,5
2019-02-01 06:00:00,34,1318.19,1318.76105,0.3035,8905.0,HIT/DEFESA,1.03,5
2019-02-01 07:00:00,34,1317.71,1318.70099,-0.0759,4123.4043,BREAK/RUPTURA,3.53,5
2019-02-01 09:00:00,34,1317.97,1318.60152,-1.669,9044.4444,BREAK/RUPTURA,2.94,5
2019-02-01 10:00:00,34,1318.48,1318.59457,5.8435,6422.449,HIT/DEFESA,1.31,5
2019-02-01 11:00:00,34,1319.22,1318.63031,12.0671,3886.3014,HIT/DEFESA,2.25,5
2019-02-01 15:00:00,34,1319.79,1319.08001,-10.9745,5138.5965,HIT/DEFESA,-2.19,5
2019-02-01 23:00:00,34,1317.7,1318.64208,0.759,18100.0,BREAK/RUPTURA,-2.62,5
2019-02-04 10:00:00,134,1311.88,1310.9885,-5.4853,2122.9299,HIT/DEFESA,-0.23,5
2019-02-04 11:00:00,134,1310.92,1310.98748,-13.4077,3032.9787,HIT/DEFESA,-0.4,5
2019-02-04 12:00:00,134,1310.53,1310.9807,-22.0796,6000.0,BREAK/RUPTURA,3.19,5
2019-02-04 13:00:00,134,1310.6,1310.97506,-9.757,33700.0,BREAK/RUPTURA,4.01,5
2019-02-04 14:00:00,134,1311.01,1310.97558,0.6865,6246.3415,HIT/DEFESA,3.23,5
2019-02-04 15:00:00,134,1311.65,1310.98557,8.5462,4852.2388,HIT/DEFESA,1.85,5
2019-02-04 16:00:00,134,1310.52,1310.97867,-0.6104,4174.5614,BREAK/RUPTURA,2.87,5
2019-02-04 17:00:00,34,1313.72,1314.58681,20.6711,1590.9091,BREAK/RUPTURA,-1.87,5
2019-02-04 18:00:00,34,1314.61,1314.58814,22.567,4261.7978,BREAK/RUPTURA,-2.67,5
2019-02-04 19:00:00,34,1314.24,1314.56824,28.3857,8322.8571,HIT/DEFESA,0.69,5
2019-02-04 23:00:00,134,1311.94,1311.2086,-11.8767,8150.0,BREAK/RUPTURA,2.4,5
2019-02-05 01:00:00,134,1311.6,1311.26872,-1.9057,3220.0,BREAK/RUPTURA,2.78,5
2019-02-05 02:00:00,134,1312.08,1311.28073,1.0671,4078.0,HIT/DEFESA,2.94,5
2019-02-05 04:00:00,34,1314.34,1313.89748,20.8905,916.1677,BREAK/RUPTURA,-1.51,5
2019-02-05 05:00:00,34,1314.56,1313.93534,18.9013,7726.087,BREAK/RUPTURA,-2.41,5
2019-02-05 06:00:00,34,1314.38,1313.96075,12.9506,6284.6154,BREAK/RUPTURA,-3.13,5
2019-02-05 07:00:00,34,1315.02,1314.02128,5.1737,2217.1875,BREAK/RUPTURA,-1.49,5
2019-02-05 10:00:00,134,1312.15,1311.55603,-21.8248,4063.8889,BREAK/RUPTURA,2.25,5
2019-02-05 11:00:00,134,1311.25,1311.5515,-20.5487,3331.3953,BREAK/RUPTURA,2.68,5
2019-02-05 12:00:00,34,1313.53,1313.68856,5.332,1209.1304,HIT/DEFESA,0.92,5
2019-02-05 13:00:00,34,1314.38,1313.72807,16.995,2633.3333,BREAK/RUPTURA,-1.13,5
2019-02-05 14:00:00,34,1313.48,1313.7139,17.0067,3549.4253,HIT/DEFESA,1.21,5
2019-02-05 17:00:00,34,1314.45,1313.80246,7.385,11204.5455,HIT/DEFESA,0.63,5
2019-02-05 18:00:00,34,1313.25,1313.77089,-8.7492,3135.8333,BREAK/RUPTURA,1.53,5
2019-02-05 19:00:00,34,1314.69,1313.82341,5.7842,2115.7534,BREAK/RUPTURA,-8.49,5
2019-02-05 21:00:00,34,1314.22,1313.87229,7.3863,20537.5,HIT/DEFESA,0.84,5
2019-02-05 23:00:00,34,1314.78,1313.98922,3.576,3434.4828,HIT/DEFESA,0.12,5
2019-02-06 03:00:00,34,1313.31,1313.67571,54.4327,1343.4286,HIT/DEFESA,0.05,5
2019-02-06 07:00:00,34,1313.93,1313.78128,-7.377,11136.3636,HIT/DEFESA,-0.73,5
2019-02-06 08:00:00,34,1313.36,1313.75721,-6.0115,2414.0351,HIT/DEFESA,-1.34,5
2019-02-06 09:00:00,34,1314.76,1313.81451,7.0785,1962.4113,BREAK/RUPTURA,-1.67,5
2019-02-06 10:00:00,34,1314.77,1313.86911,6.393,28790000.0,BREAK/RUPTURA,-1.34,5
2019-02-06 11:00:00,34,1313.7,1313.85945,2.5888,2418.8679,BREAK/RUPTURA,-1.48,5
2019-02-06 12:00:00,34,1313.2,1313.82177,-11.8653,4053.1915,HIT/DEFESA,-1.24,5
2019-02-06 12:00:00,134,1313.2,1312.26952,-11.8653,4053.1915,HIT/DEFESA,-1.24,5
2019-02-06 13:00:00,134,1312.02,1312.26583,-20.9162,1809.2437,HIT/DEFESA,-0.18,5
2019-02-06 14:00:00,34,1313.09,1313.68288,-4.6434,2333.3333,HIT/DEFESA,-0.82,5
2019-02-06 14:00:00,134,1313.09,1312.27804,-4.6434,2333.3333,HIT/DEFESA,-0.82,5
2019-02-06 15:00:00,34,1313.43,1313.66843,1.7514,9714.7059,BREAK/RUPTURA,-3.88,5
2019-02-06 16:00:00,134,1312.22,1312.29399,1.5244,3529.5082,BREAK/RUPTURA,-5.37,5
2019-02-06 17:00:00,134,1311.96,1312.28904,-8.6057,16112.0,HIT/DEFESA,-5.5,5
2019-02-06 18:00:00,134,1311.84,1312.28239,-12.1057,29008.3333,HIT/DEFESA,-5.54,5
2019-02-06 19:00:00,134,1312.27,1312.28221,0.381,5465.9091,BREAK/RUPTURA,-2.41,5
2019-02-07 14:00:00,34,1308.91,1308.26372,23.8168,1415.0,HIT/DEFESA,1.77,5
2019-02-07 15:00:00,34,1308.99,1308.30523,18.7518,112375.0,HIT/DEFESA,1.49,5
2019-02-07 16:00:00,34,1309.3,1308.36207,21.1245,15659.375,HIT/DEFESA,0.99,5
2019-02-07 19:00:00,134,1310.68,1310.61471,10.54,6607.4074,HIT/DEFESA,3.21,5
2019-02-07 21:00:00,134,1310.29,1310.60794,1.2213,14010.0,HIT/DEFESA,0.05,5
2019-02-07 23:00:00,34,1309.9,1308.90175,-4.4259,2076.9231,HIT/DEFESA,-0.25,5
2019-02-07 23:00:00,134,1309.9,1310.58128,-4.4259,2076.9231,HIT/DEFESA,-0.25,5
2019-02-08 01:00:00,134,1310.29,1310.62526,6.0328,4609.0909,BREAK/RUPTURA,-1.17,5
2019-02-08 03:00:00,34,1309.62,1309.32972,-32.4989,2816.2162,HIT/DEFESA,-1.12,5
2019-02-08 03:00:00,134,1309.62,1310.6062,-32.4989,2816.2162,HIT/DEFESA,-1.12,5
2019-02-08 04:00:00,34,1309.65,1309.34802,-4.8844,86000.0,HIT/DEFESA,-0.81,5
2019-02-08 04:00:00,134,1309.65,1310.59203,-4.8844,86000.0,HIT/DEFESA,-0.81,5
2019-02-08 05:00:00,34,1308.56,1309.30299,-13.5843,1485.0467,BREAK/RUPTURA,1.09,5
2019-02-08 06:00:00,34,1309.12,1309.29253,-3.8179,2212.1212,HIT/DEFESA,-0.05,5
2019-02-08 07:00:00,34,1309.44,1309.30096,-1.6035,3994.1176,BREAK/RUPTURA,1.61,5
2019-02-08 08:00:00,34,1308.5,1309.25519,-0.4585,1332.9787,BREAK/RUPTURA,3.56,5
2019-02-08 09:00:00,34,1308.84,1309.23147,-2.1388,6929.7297,BREAK/RUPTURA,4.42,5
2019-02-08 10:00:00,34,1309.65,1309.25538,1.6037,4032.5,HIT/DEFESA,4.91,5
2019-02-08 10:00:00,134,1309.65,1310.45762,1.6037,4032.5,HIT/DEFESA,4.91,5
2019-02-08 11:00:00,34,1309.07,1309.24479,4.3561,4020.6897,HIT/DEFESA,5.05,5
2019-02-08 12:00:00,134,1311.05,1310.44614,16.8852,1265.8163,HIT/DEFESA,2.51,5
2019-02-11 04:00:00,34,1311.93,1311.68448,-12.0288,1132.948,HIT/DEFESA,-0.85,5
2019-02-11 04:00:00,134,1311.93,1311.04672,-12.0288,1132.948,HIT/DEFESA,-0.85,5
2019-02-11 05:00:00,34,1311.61,1311.68022,-8.5318,5560.0,HIT/DEFESA,-2.23,5
2019-02-11 05:00:00,134,1311.61,1311.05506,-8.5318,5560.0,HIT/DEFESA,-2.23,5
2019-02-11 06:00:00,34,1310.83,1311.63164,-21.4669,1862.8205,HIT/DEFESA,-4.13,5
2019-02-11 06:00:00,134,1310.83,1311.05173,-21.4669,1862.8205,HIT/DEFESA,-4.13,5
2019-02-11 07:00:00,34,1310.71,1311.57897,-9.2993,12325.0,HIT/DEFESA,-4.25,5
2019-02-11 07:00:00,134,1310.71,1311.04667,-9.2993,12325.0,HIT/DEFESA,-4.25,5
2019-02-11 08:00:00,34,1311.47,1311.57275,-1.0674,2461.8421,HIT/DEFESA,-3.98,5
2019-02-11 08:00:00,134,1311.47,1311.05294,-1.0674,2461.8421,HIT/DEFESA,-3.98,5
2019-02-11 09:00:00,34,1311.08,1311.54459,1.9072,6668.5714,BREAK/RUPTURA,-4.93,5
2019-02-11 09:00:00,134,1311.08,1311.05334,1.9072,6668.5714,BREAK/RUPTURA,-4.93,5
2019-02-11 18:00:00,34,1309.12,1309.74973,33.7237,4321.4286,BREAK/RUPTURA,-1.11,5
2019-02-12 00:00:00,134,1310.45,1310.37139,16.9695,111454.902,BREAK/RUPTURA,-3.03,5
2019-02-12 04:00:00,34,1308.55,1309.00843,7.1887,3196.25,HIT/DEFESA,3.04,5
2019-02-12 06:00:00,34,1308.11,1308.87151,2.8293,2223.1884,HIT/DEFESA,4.16,5
2019-02-12 07:00:00,34,1308.65,1308.85886,0.7642,3730.0,HIT/DEFESA,4.57,5
2019-02-12 17:00:00,34,1309.65,1310.1438,-26.5016,5700.0,BREAK/RUPTURA,1.22,5
2019-02-12 17:00:00,134,1309.65,1310.35743,-26.5016,5700.0,BREAK/RUPTURA,1.22,5
2019-02-12 18:00:00,34,1309.28,1310.09444,-18.6015,5552.5,BREAK/RUPTURA,1.24,5
2019-02-12 19:00:00,34,1310.32,1310.10733,0.3053,2359.2233,BREAK/RUPTURA,-4.56,5
2019-02-12 19:00:00,134,1310.32,1310.34115,0.3053,2359.2233,BREAK/RUPTURA,-4.56,5
2019-02-12 21:00:00,34,1310.72,1310.15433,10.9984,4510.2564,BREAK/RUPTURA,-1.09,5
2019-02-12 21:00:00,134,1310.72,1310.3466,10.9984,4510.2564,BREAK/RUPTURA,-1.09,5
2019-02-12 22:00:00,34,1310.87,1310.19523,4.1974,11078.5714,HIT/DEFESA,0.76,5
2019-02-12 22:00:00,134,1310.87,1310.35435,4.1974,11078.5714,HIT/DEFESA,0.76,5
2019-02-12 23:00:00,34,1310.52,1310.21379,1.45,2640.0,HIT/DEFESA,1.54,5
2019-02-12 23:00:00,134,1310.52,1310.35681,1.45,2640.0,HIT/DEFESA,1.54,5
2019-02-13 01:00:00,34,1310.11,1309.9679,-5.7977,1743.8356,BREAK/RUPTURA,2.89,5
2019-02-13 01:00:00,134,1310.11,1310.28606,-5.7977,1743.8356,BREAK/RUPTURA,2.89,5
2019-02-13 02:00:00,34,1309.63,1309.94859,-6.7912,5380.0,BREAK/RUPTURA,3.7,5
2019-02-13 02:00:00,134,1309.63,1310.27634,-6.7912,5380.0,BREAK/RUPTURA,3.7,5
2019-02-13 09:00:00,34,1311.6,1310.82332,-10.6626,1737.1795,HIT/DEFESA,-2.59,5
2019-02-13 12:00:00,34,1311.03,1311.0048,-4.3458,1578.5714,BREAK/RUPTURA,3.36,5
2019-02-13 12:00:00,134,1311.03,1310.56381,-4.3458,1578.5714,BREAK/RUPTURA,3.36,5
2019-02-13 13:00:00,34,1310.89,1310.99824,-12.0384,14443.75,BREAK/RUPTURA,1.92,5
2019-02-13 13:00:00,134,1310.89,1310.56865,-12.0384,14443.75,BREAK/RUPTURA,1.92,5
2019-02-13 20:00:00,34,1310.54,1311.24855,-29.2912,2322.3301,HIT/DEFESA,-3.1,5
2019-02-13 20:00:00,134,1310.54,1310.68153,-29.2912,2322.3301,HIT/DEFESA,-3.1,5
2019-02-14 07:00:00,34,1308.95,1309.74403,6.7275,4185.0,BREAK/RUPTURA,-2.79,5
2019-02-14 09:00:00,34,1309.2,1309.61198,4.8909,2474.8201,BREAK/RUPTURA,-5.0,5
2019-02-14 16:00:00,134,1310.64,1309.91076,36.22,17291.8919,HIT/DEFESA,2.04,5
2019-02-14 17:00:00,34,1309.23,1308.82759,38.5677,4328.3688,HIT/DEFESA,3.32,5
2019-02-14 17:00:00,134,1309.23,1309.90067,38.5677,4328.3688,HIT/DEFESA,3.32,5
2019-02-15 03:00:00,34,1311.59,1310.72,-71.5345,4232.8358,BREAK/RUPTURA,2.72,5
2019-02-15 04:00:00,34,1311.72,1310.77714,-0.3049,15407.1429,BREAK/RUPTURA,2.6,5
2019-02-19 06:00:00,34,1323.78,1323.58574,-5.7378,2354.6512,BREAK/RUPTURA,5.16,5
2019-02-19 07:00:00,34,1323.88,1323.60256,-6.7181,17154.5455,BREAK/RUPTURA,5.13,5
2019-02-19 08:00:00,34,1322.86,1323.56013,-13.513,1873.5294,BREAK/RUPTURA,5.86,5
2019-02-21 04:00:00,34,1338.85,1338.72217,-11.6382,3189.5425,HIT/DEFESA,-0.04,5
2019-02-21 05:00:00,34,1339.76,1338.78147,-3.5814,5484.9462,HIT/DEFESA,-3.93,5
2019-02-21 07:00:00,34,1338.78,1338.84489,-0.5228,4825.641,HIT/DEFESA,-3.12,5
2019-02-21 09:00:00,34,1338.81,1338.76397,-8.5823,4393.75,HIT/DEFESA,-3.97,5
2019-02-22 00:00:00,134,1327.79,1328.77105,11.0078,64288.0998,BREAK/RUPTURA,-2.6,5
2019-02-22 15:00:00,34,1328.66,1328.38796,45.1353,1811.3636,HIT/DEFESA,1.28,5
2019-02-22 15:00:00,134,1328.66,1328.01473,45.1353,1811.3636,HIT/DEFESA,1.28,5
2019-02-22 16:00:00,34,1329.06,1328.42636,46.2606,22583.3333,BREAK/RUPTURA,-1.44,5
2019-02-22 21:00:00,134,1327.62,1328.17102,-22.4709,2140.9483,BREAK/RUPTURA,1.81,5
2019-02-22 22:00:00,34,1328.23,1328.78137,-32.8678,7408.0645,BREAK/RUPTURA,2.0,5
2019-02-22 22:00:00,134,1328.23,1328.17189,-32.8678,7408.0645,BREAK/RUPTURA,2.0,5
2019-02-22 23:00:00,134,1327.61,1328.16357,-17.5196,2157.377,BREAK/RUPTURA,3.64,5
2019-02-25 01:00:00,34,1327.6,1328.54437,-4.7432,2787.7551,BREAK/RUPTURA,3.31,5
2019-02-25 01:00:00,134,1327.6,1328.13444,-4.7432,2787.7551,BREAK/RUPTURA,3.31,5
2019-02-25 02:00:00,34,1329.43,1328.59498,13.7088,2257.377,HIT/DEFESA,1.0,5
2019-02-25 09:00:00,34,1330.21,1329.28385,-5.2596,25476.1905,HIT/DEFESA,-0.28,5
2019-02-25 10:00:00,134,1328.22,1328.39879,-16.6112,2768.5,BREAK/RUPTURA,2.58,5
2019-02-25 11:00:00,34,1329.34,1329.22974,-8.1928,4527.2727,BREAK/RUPTURA,1.62,5
2019-02-25 11:00:00,134,1329.34,1328.41273,-8.1928,4527.2727,BREAK/RUPTURA,1.62,5
2019-02-25 12:00:00,34,1329.63,1329.25261,-4.3602,15296.7742,HIT/DEFESA,-0.48,5
2019-02-25 14:00:00,34,1329.93,1329.34937,4.4383,13164.2857,BREAK/RUPTURA,-3.81,5
2019-02-25 17:00:00,34,1329.15,1329.49844,-5.865,4690.2174,HIT/DEFESA,-2.27,5
2019-02-25 17:00:00,134,1329.15,1328.56015,-5.865,4690.2174,HIT/DEFESA,-2.27,5
2019-02-26 00:00:00,34,1328.33,1328.75658,3.1629,418014.4737,HIT/DEFESA,0.6,5
2019-02-26 00:00:00,134,1328.33,1328.43197,3.1629,418014.4737,HIT/DEFESA,0.6,5
2019-02-26 03:00:00,34,1327.58,1328.53074,-5.6462,11315.2174,HIT/DEFESA,-0.06,5
2019-02-26 03:00:00,134,1327.58,1328.38493,-5.6462,11315.2174,HIT/DEFESA,-0.06,5
2019-02-26 04:00:00,34,1329.5,1328.58612,16.0468,2566.8394,BREAK/RUPTURA,-4.76,5
2019-02-26 05:00:00,34,1328.93,1328.60577,13.6386,6410.5263,BREAK/RUPTURA,-3.99,5
2019-02-26 05:00:00,134,1328.93,1328.40928,13.6386,6410.5263,BREAK/RUPTURA,-3.99,5
2019-02-26 06:00:00,34,1328.84,1328.61916,9.491,17909.0909,BREAK/RUPTURA,-2.51,5
2019-02-26 06:00:00,134,1328.84,1328.41566,9.491,17909.0909,BREAK/RUPTURA,-2.51,5
2019-02-26 07:00:00,34,1328.39,1328.60606,-8.349,8422.7273,HIT/DEFESA,-2.62,5
2019-02-26 07:00:00,134,1328.39,1328.41528,-8.349,8422.7273,HIT/DEFESA,-2.62,5
2019-02-26 08:00:00,134,1327.52,1328.40201,-10.61,5056.3218,HIT/DEFESA,-2.54,5
2019-02-26 17:00:00,34,1327.05,1327.33727,24.3991,5904.0816,HIT/DEFESA,1.77,5
2019-02-26 17:00:00,134,1327.05,1328.04462,24.3991,5904.0816,HIT/DEFESA,1.77,5
2019-02-26 18:00:00,34,1326.36,1327.28142,-2.5627,11192.6471,BREAK/RUPTURA,2.27,5
2019-02-26 20:00:00,34,1326.53,1327.14412,-3.9185,4572.0,BREAK/RUPTURA,2.56,5
2019-02-26 22:00:00,134,1328.82,1327.99147,24.8203,11937.5,HIT/DEFESA,0.14,5
2019-02-26 23:00:00,134,1328.63,1328.00093,15.8308,7527.7778,HIT/DEFESA,0.47,5
2019-02-27 02:00:00,134,1328.69,1327.90451,0.4516,6085.3659,BREAK/RUPTURA,-1.19,5
2019-02-27 05:00:00,34,1327.07,1327.36813,-12.1925,725.5208,HIT/DEFESA,-0.52,5
2019-02-27 05:00:00,134,1327.07,1327.92477,-12.1925,725.5208,HIT/DEFESA,-0.52,5
2019-02-27 06:00:00,34,1327.85,1327.39566,-8.3524,4389.7436,HIT/DEFESA,-1.23,5
2019-02-27 06:00:00,134,1327.85,1327.92366,-8.3524,4389.7436,HIT/DEFESA,-1.23,5
2019-02-27 07:00:00,34,1327.5,1327.40163,-12.0382,9820.5882,HIT/DEFESA,-0.98,5
2019-02-27 07:00:00,134,1327.5,1327.91739,-12.0382,9820.5882,HIT/DEFESA,-0.98,5
2019-02-27 09:00:00,34,1326.55,1327.29576,-9.7903,24008.6957,HIT/DEFESA,-0.39,5
2019-02-27 10:00:00,34,1326.55,1327.25315,-7.1563,100516.6667,HIT/DEFESA,-0.47,5
2019-02-27 11:00:00,34,1326.62,1327.21697,2.1111,54562.5,BREAK/RUPTURA,-3.7,5
2019-02-27 12:00:00,34,1326.52,1327.17714,-0.2262,39920.0,HIT/DEFESA,-3.16,5
2019-02-27 13:00:00,34,1326.8,1327.15559,1.8846,16593.1034,BREAK/RUPTURA,-6.2,5
2019-02-27 14:00:00,34,1326.16,1327.0987,-3.4675,8121.5385,HIT/DEFESA,-6.98,5
2019-02-27 15:00:00,34,1326.08,1327.04049,-3.3169,101537.5,HIT/DEFESA,-6.8,5
2019-02-28 09:00:00,34,1321.74,1322.06662,23.5091,3476.5306,HIT/DEFESA,2.66,5
2019-02-28 13:00:00,134,1325.8,1325.73913,18.0594,3848.9362,BREAK/RUPTURA,-10.7,5
2019-03-06 01:00:00,34,1287.78,1287.59416,-2.329,3614.0351,HIT/DEFESA,-0.7,5
2019-03-06 02:00:00,34,1288.06,1287.62078,5.5929,15506.6667,HIT/DEFESA,0.17,5
2019-03-06 03:00:00,34,1287.76,1287.62873,18.9836,16700.0,HIT/DEFESA,2.48,5
2019-03-06 06:00:00,34,1287.08,1287.50293,-5.2805,21550.0,HIT/DEFESA,-1.21,5
2019-03-06 07:00:00,34,1288.23,1287.54448,13.4473,3188.6957,BREAK/RUPTURA,-3.04,5
2019-03-06 10:00:00,34,1287.37,1287.74878,-6.6758,3361.9632,HIT/DEFESA,-2.88,5
2019-03-06 19:00:00,34,1286.11,1286.95682,3.578,10436.5385,BREAK/RUPTURA,-1.79,5
2019-03-06 22:00:00,34,1287.29,1286.84278,9.175,2393.6709,HIT/DEFESA,0.38,5
2019-03-06 23:00:00,34,1286.11,1286.8009,3.4223,1417.7966,HIT/DEFESA,0.57,5
2019-03-07 01:00:00,34,1286.96,1286.67633,-2.5635,2009.6774,HIT/DEFESA,-1.03,5
2019-03-07 02:00:00,34,1287.39,1286.71711,9.9525,7842.8571,BREAK/RUPTURA,-3.23,5
2019-03-07 03:00:00,34,1287.67,1286.77156,26.0838,13158.6207,BREAK/RUPTURA,-3.19,5
2019-03-07 04:00:00,34,1286.68,1286.76633,-2.1757,4254.6392,HIT/DEFESA,-2.48,5
2019-03-07 05:00:00,34,1286.46,1286.74882,-7.2239,13809.5238,HIT/DEFESA,-0.22,5
2019-03-07 10:00:00,34,1286.24,1286.3062,16.1974,3721.1823,BREAK/RUPTURA,-1.62,5
2019-03-07 12:00:00,34,1286.15,1286.28239,15.1846,31850.0,HIT/DEFESA,0.42,5
2019-03-07 13:00:00,34,1286.44,1286.2914,1.5549,13676.6667,BREAK/RUPTURA,-1.6,5
2019-03-07 17:00:00,34,1286.57,1286.2124,-7.1457,6111.5385,HIT/DEFESA,-0.85,5
2019-03-07 19:00:00,34,1285.27,1286.08461,1.7898,14670.4545,HIT/DEFESA,10.82,5
2019-03-07 20:00:00,34,1285.92,1286.0752,-5.0522,6512.1212,HIT/DEFESA,-0.1,5
2019-03-07 21:00:00,34,1285.4,1286.03662,4.3585,8864.8148,HIT/DEFESA,0.9,5
2019-03-07 22:00:00,34,1285.72,1286.01853,3.5012,12623.3333,HIT/DEFESA,0.52,5
2019-03-07 23:00:00,34,1285.27,1285.97575,-5.0547,4108.8889,BREAK/RUPTURA,1.75,5
2019-03-08 01:00:00,34,1285.82,1286.51178,0.7778,8175.0,HIT/DEFESA,2.02,5
2019-03-08 02:00:00,34,1286.3,1286.49968,8.0139,8018.75,HIT/DEFESA,4.28,5
2019-03-08 03:00:00,34,1286.24,1286.48484,-75.9978,91140.0,BREAK/RUPTURA,5.93,5
2019-03-08 04:00:00,34,1287.02,1286.51542,9.3326,4838.961,HIT/DEFESA,6.66,5
2019-03-08 05:00:00,34,1286.99,1286.54254,5.3642,77340.0,HIT/DEFESA,7.18,5
2019-03-08 10:00:00,134,1294.17,1293.54445,27.817,11423.5294,HIT/DEFESA,3.72,5
2019-03-08 11:00:00,134,1294.02,1293.5515,14.317,40607.6923,HIT/DEFESA,1.52,5
2019-03-08 12:00:00,134,1293.11,1293.54496,-4.406,5308.7912,BREAK/RUPTURA,3.71,5
2019-03-08 13:00:00,134,1293.03,1293.53733,-8.8087,71783.3333,BREAK/RUPTURA,5.63,5
2019-03-08 14:00:00,134,1293.1,1293.53085,-7.1096,38741.6667,BREAK/RUPTURA,4.83,5
2019-03-11 00:00:00,34,1292.37,1292.79197,-52.0348,35755.7114,BREAK/RUPTURA,4.3,5
2019-03-11 13:00:00,34,1295.72,1294.89627,-4.2429,6029.8507,HIT/DEFESA,-3.03,5
2019-03-11 14:00:00,34,1294.73,1294.88677,-9.1056,4980.2083,HIT/DEFESA,-3.62,5
2019-03-11 14:00:00,134,1294.73,1294.56343,-9.1056,4980.2083,HIT/DEFESA,-3.62,5
2019-03-11 15:00:00,34,1295.06,1294.89667,-10.3363,20855.8824,HIT/DEFESA,-4.2,5
2019-03-11 15:00:00,134,1295.06,1294.57079,-10.3363,20855.8824,HIT/DEFESA,-4.2,5
2019-03-11 16:00:00,34,1293.94,1294.842,-13.7375,7745.9459,HIT/DEFESA,-1.64,5
2019-03-11 16:00:00,134,1293.94,1294.56144,-13.7375,7745.9459,HIT/DEFESA,-1.64,5
2019-03-11 23:00:00,34,1293.23,1293.9961,18.3599,4428.9474,HIT/DEFESA,1.43,5
2019-03-12 03:00:00,34,1293.22,1294.06667,-48.3263,5444.3038,BREAK/RUPTURA,3.72,5
2019-03-12 04:00:00,34,1294.66,1294.10057,14.9296,3313.1944,HIT/DEFESA,1.62,5
2019-03-12 04:00:00,134,1294.66,1294.34686,14.9296,3313.1944,HIT/DEFESA,1.62,5
2019-03-12 10:00:00,34,1294.53,1294.66683,-15.8878,3126.5896,BREAK/RUPTURA,3.58,5
2019-03-12 10:00:00,134,1294.53,1294.49074,-15.8878,3126.5896,BREAK/RUPTURA,3.58,5
2019-03-12 11:00:00,34,1295.45,1294.71158,-11.4886,6473.6264,BREAK/RUPTURA,2.23,5
2019-03-12 11:00:00,134,1295.45,1294.50495,-11.4886,6473.6264,BREAK/RUPTURA,2.23,5
2019-03-14 05:00:00,34,1305.2,1304.95622,-31.0099,5177.2152,HIT/DEFESA,-3.08,5
2019-03-14 06:00:00,34,1304.08,1304.90615,-30.7316,3602.7027,HIT/DEFESA,-2.38,5
2019-03-14 08:00:00,34,1304.41,1304.76971,-6.0527,2778.6667,HIT/DEFESA,-6.38,5
2019-03-15 05:00:00,34,1298.78,1299.19889,21.9146,1203.5885,HIT/DEFESA,4.61,5
2019-03-15 05:00:00,134,1298.78,1298.77416,21.9146,1203.5885,HIT/DEFESA,4.61,5
2019-03-15 06:00:00,134,1297.94,1298.7618,18.9891,8406.3291,HIT/DEFESA,4.62,5
2019-03-15 07:00:00,134,1297.92,1298.74933,25.4901,291800.0,HIT/DEFESA,4.37,5
2019-03-15 08:00:00,34,1298.93,1299.05067,1.1549,3012.8713,HIT/DEFESA,4.03,5
2019-03-15 08:00:00,134,1298.93,1298.752,1.1549,3012.8713,HIT/DEFESA,4.03,5
2019-03-15 21:00:00,34,1301.72,1300.9513,-0.3073,4590.1408,HIT/DEFESA,-1.26,5
2019-03-15 22:00:00,34,1301.71,1300.99465,-5.2979,145500.0,HIT/DEFESA,-2.52,5
2019-03-15 23:00:00,34,1301.97,1301.05038,-3.5319,6317.3913,HIT/DEFESA,-2.72,5
2019-03-18 01:00:00,34,1302.03,1301.24104,2.4583,11560.0,BREAK/RUPTURA,-3.08,5
2019-03-18 02:00:00,34,1300.46,1301.1964,-11.5978,1291.8239,HIT/DEFESA,-0.9,5
2019-03-18 02:00:00,134,1300.46,1299.61219,-11.5978,1291.8239,HIT/DEFESA,-0.9,5
2019-03-18 03:00:00,134,1299.19,1299.60594,-33.4471,3339.0625,HIT/DEFESA,-0.74,5
2019-03-18 04:00:00,134,1299.25,1299.60066,-21.3513,79583.3333,BREAK/RUPTURA,4.13,5
2019-03-18 05:00:00,134,1299.03,1299.59221,-10.9961,20140.0,BREAK/RUPTURA,4.85,5
2019-03-18 06:00:00,134,1298.95,1299.5827,-1.8473,46671.4286,BREAK/RUPTURA,4.8,5
2019-03-18 07:00:00,134,1299.56,1299.58236,2.386,3386.6667,HIT/DEFESA,5.74,5
2019-03-18 19:00:00,34,1302.88,1302.39971,-17.6221,5055.3571,BREAK/RUPTURA,3.57,5
2019-03-18 22:00:00,34,1302.6,1302.45824,-2.1491,44600.0,BREAK/RUPTURA,2.13,5
2019-03-18 23:00:00,34,1303.31,1302.50691,2.0721,2254.2857,HIT/DEFESA,2.3,5
2019-03-19 01:00:00,34,1303.17,1302.75725,4.3759,6284.2105,HIT/DEFESA,4.19,5
2019-03-19 02:00:00,34,1303.29,1302.78769,-0.1535,18436.3636,BREAK/RUPTURA,4.26,5
2019-03-19 10:00:00,34,1304.45,1304.00133,-23.7085,4504.0404,BREAK/RUPTURA,3.84,5
2019-03-19 19:00:00,34,1306.09,1305.40077,-28.2488,4728.5714,BREAK/RUPTURA,6.38,5
2019-03-19 22:00:00,34,1306.26,1305.63074,1.3016,4228.7879,BREAK/RUPTURA,-1.7,5
2019-03-19 23:00:00,34,1306.33,1305.6707,-7.802,20833.3333,HIT/DEFESA,-1.51,5
2019-03-20 01:00:00,34,1306.59,1306.08956,2.5263,1151.3514,BREAK/RUPTURA,-1.87,5
2019-03-20 02:00:00,34,1306.04,1306.08673,-2.22,4541.0714,HIT/DEFESA,-1.34,5
2019-03-20 05:00:00,34,1304.98,1305.87768,-8.1161,20381.25,HIT/DEFESA,-1.75,5
2019-03-20 08:00:00,34,1305.59,1305.73898,4.6744,2812.2222,BREAK/RUPTURA,-1.03,5
2019-03-20 10:00:00,134,1303.23,1302.78335,-11.267,3472.3164,BREAK/RUPTURA,4.28,5
2019-03-20 11:00:00,134,1302.0,1302.77175,-27.4971,4763.1148,BREAK/RUPTURA,4.01,5
2019-03-20 13:00:00,34,1304.56,1305.18255,10.2054,2926.6234,BREAK/RUPTURA,-4.15,5
2019-03-20 14:00:00,34,1304.69,1305.1544,20.6605,28043.75,BREAK/RUPTURA,-4.02,5
2019-03-20 16:00:00,34,1306.01,1305.33021,11.1149,5381.3333,HIT/DEFESA,8.35,5
2019-03-20 17:00:00,134,1303.41,1302.95214,-9.8108,3156.1538,BREAK/RUPTURA,10.73,5
2019-03-21 16:00:00,34,1312.84,1312.55022,-10.0444,1928.0665,HIT/DEFESA,-4.1,5
2019-03-21 19:00:00,134,1305.84,1306.34532,-53.3195,2011.3082,BREAK/RUPTURA,7.7,5
2019-03-22 04:00:00,34,1309.88,1310.84579,7.1814,3285.1351,HIT/DEFESA,1.07,5
2019-03-22 09:00:00,34,1310.95,1310.4422,15.2029,2210.9453,HIT/DEFESA,1.53,5
2019-03-22 11:00:00,34,1311.52,1310.60819,19.7872,10760.4651,HIT/DEFESA,2.62,5
2019-03-22 15:00:00,34,1311.62,1310.9793,-12.488,9593.9759,BREAK/RUPTURA,1.05,5
2019-03-22 19:00:00,34,1311.88,1311.38741,-17.1976,6219.5122,BREAK/RUPTURA,9.92,5
2019-03-22 21:00:00,34,1312.19,1311.50238,-7.0063,10844.6809,HIT/DEFESA,-0.71,5
2019-03-22 22:00:00,34,1312.29,1311.54738,3.1253,45560.0,HIT/DEFESA,1.12,5
2019-03-25 01:00:00,34,1312.34,1312.21733,0.381,1317.7966,HIT/DEFESA,2.87,5
2019-03-25 02:00:00,34,1311.48,1312.1752,-11.3483,2498.8506,BREAK/RUPTURA,4.1,5
2019-03-26 08:00:00,34,1317.85,1318.21376,-19.6903,2525.4144,HIT/DEFESA,-3.38,5
2019-03-26 09:00:00,34,1318.11,1318.20783,-16.5115,18065.3846,HIT/DEFESA,-4.62,5
2019-03-26 19:00:00,34,1315.83,1316.82574,13.2411,5093.7008,BREAK/RUPTURA,-6.94,5
2019-03-27 02:00:00,34,1316.26,1316.14411,9.2773,31542.8571,BREAK/RUPTURA,-1.59,5
2019-03-27 03:00:00,34,1317.16,1316.20217,63.1833,5357.7778,BREAK/RUPTURA,-1.98,5
2019-03-27 05:00:00,34,1316.63,1316.28415,2.811,7548.2759,BREAK/RUPTURA,-2.87,5
2019-03-27 06:00:00,34,1316.23,1316.28105,-7.0606,6565.7895,HIT/DEFESA,-0.19,5
2019-03-27 08:00:00,34,1315.18,1316.13133,-11.013,6729.4118,BREAK/RUPTURA,3.01,5
2019-03-27 09:00:00,34,1316.56,1316.15583,2.5072,2976.9231,HIT/DEFESA,0.62,5
2019-03-27 10:00:00,134,1313.76,1313.16722,-6.9219,2275.9857,BREAK/RUPTURA,1.26,5
2019-03-27 11:00:00,34,1316.04,1316.02013,6.539,2973.1278,BREAK/RUPTURA,-3.74,5
2019-03-27 14:00:00,34,1317.18,1316.28814,8.6624,5669.6078,BREAK/RUPTURA,-5.42,5
2019-03-28 08:00:00,34,1311.3,1311.64496,8.9304,4689.0411,BREAK/RUPTURA,-5.17,5
2019-03-29 17:00:00,34,1295.23,1295.75074,16.8594,2767.0984,BREAK/RUPTURA,-3.24,5
2019-03-29 18:00:00,34,1295.26,1295.72269,-15.4171,101977.7778,HIT/DEFESA,-3.17,5
2019-03-29 19:00:00,34,1295.15,1295.68997,-30.6359,60225.0,HIT/DEFESA,-7.51,5
2019-04-01 06:00:00,34,1293.16,1293.86718,12.6982,7702.6316,BREAK/RUPTURA,-2.62,5
2019-04-01 17:00:00,34,1291.99,1292.83515,16.9017,3179.2453,BREAK/RUPTURA,-4.95,5
2019-04-02 00:00:00,34,1292.17,1291.58091,31.5969,23430.7932,BREAK/RUPTURA,-5.1,5
2019-04-02 14:00:00,34,1288.7,1289.19582,18.3466,3394.7368,HIT/DEFESA,0.73,5
2019-04-02 15:00:00,34,1289.02,1289.18577,5.5888,21730.303,HIT/DEFESA,1.6,5
2019-04-02 16:00:00,34,1289.17,1289.18487,17.0166,42500.0,HIT/DEFESA,1.99,5
2019-04-02 18:00:00,34,1289.67,1289.27429,5.0426,9412.1212,HIT/DEFESA,2.58,5
2019-04-02 19:00:00,34,1289.43,1289.28319,2.0168,21487.5,HIT/DEFESA,0.34,5
2019-04-03 00:00:00,34,1289.77,1289.72813,-10.7655,175865.4762,BREAK/RUPTURA,2.52,5
2019-04-03 12:00:00,34,1291.69,1290.96013,-4.3335,6580.7018,HIT/DEFESA,-1.47,5
2019-04-03 15:00:00,34,1291.52,1291.18436,-1.3161,6021.4815,HIT/DEFESA,-0.94,5
2019-04-03 17:00:00,34,1290.22,1291.02342,-20.3427,8580.5825,HIT/DEFESA,-0.38,5
2019-04-03 18:00:00,34,1290.1,1290.97065,-10.9948,43906.6667,HIT/DEFESA,-0.5,5
2019-04-03 19:00:00,34,1290.68,1290.95404,11.3247,8683.0508,HIT/DEFESA,1.51,5
2019-04-03 20:00:00,34,1290.58,1290.93267,2.7902,27406.6667,HIT/DEFESA,0.25,5
2019-04-03 21:00:00,34,1290.12,1290.88623,0.155,7642.2222,HIT/DEFESA,1.52,5
2019-04-03 22:00:00,34,1289.84,1290.82645,-6.5082,11488.8889,BREAK/RUPTURA,2.03,5
2019-04-04 01:00:00,34,1290.83,1290.83781,7.6754,1781.3333,HIT/DEFESA,1.39,5
2019-04-04 02:00:00,34,1291.64,1290.88365,15.8189,2306.25,HIT/DEFESA,0.81,5
2019-04-04 04:00:00,34,1290.86,1290.93544,0.2324,2905.8824,HIT/DEFESA,1.99,5
2019-04-04 05:00:00,34,1290.47,1290.90884,-9.0583,6538.4615,BREAK/RUPTURA,2.12,5
2019-04-04 11:00:00,34,1291.1,1291.32256,-12.7635,2900.6623,HIT/DEFESA,-8.65,5
2019-04-04 12:00:00,34,1291.02,1291.30527,-14.1548,69966.6667,HIT/DEFESA,-3.77,5
2019-04-04 13:00:00,34,1291.0,1291.28783,-12.3009,373700.0,HIT/DEFESA,-3.36,5
2019-04-04 20:00:00,34,1290.65,1289.96396,26.4129,2503.2086,HIT/DEFESA,2.09,5
2019-04-04 22:00:00,134,1292.96,1293.7212,32.5116,4563.1579,BREAK/RUPTURA,-1.56,5
2019-04-05 01:00:00,134,1292.74,1293.65396,-1.7015,5960.0,HIT/DEFESA,-4.97,5
2019-04-05 03:00:00,34,1291.4,1290.69316,-1.084,7280.3279,HIT/DEFESA,-2.76,5
2019-04-05 04:00:00,34,1290.47,1290.68041,-17.5596,2352.6882,HIT/DEFESA,-2.02,5
2019-04-05 10:00:00,34,1290.04,1290.18161,5.6619,3558.4906,HIT/DEFESA,0.46,5
2019-04-05 12:00:00,34,1289.64,1290.06598,9.2359,4233.6634,HIT/DEFESA,2.33,5
2019-04-05 13:00:00,34,1289.75,1290.04793,-2.248,36600.0,BREAK/RUPTURA,2.04,5
2019-04-05 15:00:00,34,1290.5,1289.93594,6.6685,3726.8212,HIT/DEFESA,1.09,5
2019-04-05 23:00:00,34,1291.45,1290.46093,-1.0839,6617.3913,BREAK/RUPTURA,4.62,5
2019-04-08 01:00:00,134,1292.93,1292.76642,9.8323,1621.3115,HIT/DEFESA,2.96,5
2019-04-08 02:00:00,34,1291.6,1291.00392,1.1615,1196.9925,HIT/DEFESA,4.49,5
2019-04-08 03:00:00,134,1293.69,1292.76308,-27.4427,1966.3507,BREAK/RUPTURA,2.57,5
2019-04-09 09:00:00,34,1297.76,1297.22709,-12.0063,4025.0,BREAK/RUPTURA,3.82,5
2019-04-10 04:00:00,34,1302.4,1301.61592,-15.1796,4563.8298,BREAK/RUPTURA,2.5,5
2019-04-10 05:00:00,34,1302.02,1301.63901,-18.8581,9550.0,BREAK/RUPTURA,1.16,5
2019-04-10 06:00:00,34,1302.48,1301.68707,-6.6751,6727.6596,BREAK/RUPTURA,1.65,5
2019-04-10 07:00:00,34,1302.31,1301.72267,-0.691,15187.5,BREAK/RUPTURA,2.05,5
2019-04-10 08:00:00,34,1302.66,1301.77623,4.9154,7415.3846,HIT/DEFESA,0.62,5
2019-04-10 13:00:00,34,1303.28,1302.32924,0.7674,2694.2857,HIT/DEFESA,4.77,5
2019-04-10 15:00:00,34,1302.34,1302.39185,-15.4865,7184.8739,BREAK/RUPTURA,6.78,5
2019-04-11 10:00:00,34,1305.1,1305.07662,-14.6135,4448.8372,HIT/DEFESA,-9.78,5
2019-04-11 11:00:00,34,1304.53,1305.04538,-23.9359,9022.807,HIT/DEFESA,-6.05,5
2019-04-11 12:00:00,34,1304.46,1305.01193,-14.6971,50357.1429,HIT/DEFESA,-8.14,5
2019-04-11 13:00:00,34,1304.64,1304.99068,-3.5246,18889.4737,HIT/DEFESA,-9.86,5
2019-04-11 14:00:00,134,1300.78,1300.19072,-28.746,1576.5464,HIT/DEFESA,-8.08,5
2019-04-15 19:00:00,34,1289.34,1289.41905,35.1019,4557.3333,BREAK/RUPTURA,-11.89,5
2019-04-16 01:00:00,34,1287.86,1288.39461,0.7765,16500.0,BREAK/RUPTURA,-2.69,5
2019-04-16 02:00:00,34,1288.31,1288.38977,5.2033,3617.3913,BREAK/RUPTURA,-3.47,5
2019-04-16 09:00:00,34,1286.51,1287.42503,10.4266,1681.8605,BREAK/RUPTURA,-2.01,5
2019-04-18 10:00:00,34,1275.19,1275.23409,24.921,1285.4651,BREAK/RUPTURA,-1.54,5
2019-04-18 12:00:00,34,1275.56,1275.28321,29.9587,12879.1667,HIT/DEFESA,0.11,5
2019-04-18 13:00:00,34,1275.4,1275.28988,1.6468,16552.6316,BREAK/RUPTURA,-1.64,5
2019-04-18 14:00:00,34,1276.24,1275.34417,3.4488,2992.3077,BREAK/RUPTURA,-2.81,5
2019-04-18 16:00:00,34,1275.6,1275.26751,1.5681,3787.5648,BREAK/RUPTURA,-1.65,5
2019-04-18 17:00:00,34,1275.67,1275.29051,-4.4662,47954.5455,HIT/DEFESA,-0.63,5
2019-04-18 20:00:00,34,1274.49,1275.06678,-9.25,2761.165,HIT/DEFESA,-0.8,5
2019-04-18 22:00:00,34,1275.04,1275.00508,12.643,1734.8624,HIT/DEFESA,1.64,5
2019-04-18 23:00:00,34,1275.45,1275.03051,7.5324,2372.5,HIT/DEFESA,0.5,5
2019-04-19 00:00:00,34,1275.66,1275.06648,13.4228,10000.0,HIT/DEFESA,2.46,5
2019-04-22 03:00:00,34,1275.95,1275.20215,17.7437,2990.411,HIT/DEFESA,2.67,5
2019-04-22 15:00:00,34,1276.77,1276.8298,-19.3083,2148.227,HIT/DEFESA,-1.37,5
2019-04-23 01:00:00,34,1274.93,1275.86246,0.7844,1946.1538,HIT/DEFESA,0.2,5
2019-04-23 03:00:00,34,1275.63,1275.77954,20.6599,2223.5849,BREAK/RUPTURA,-2.63,5
2019-04-23 04:00:00,34,1275.5,1275.76357,4.4708,20561.5385,BREAK/RUPTURA,-2.94,5
2019-04-23 05:00:00,34,1275.06,1275.72336,3.8444,4177.2727,BREAK/RUPTURA,-1.44,5
2019-04-23 06:00:00,34,1275.13,1275.68946,-3.9196,19257.1429,HIT/DEFESA,-1.9,5
2019-04-23 19:00:00,34,1272.6,1273.57709,21.9718,2871.5596,HIT/DEFESA,2.74,5
2019-04-24 10:00:00,34,1272.24,1272.06917,18.6633,1561.4583,BREAK/RUPTURA,-1.37,5
2019-04-24 12:00:00,34,1273.12,1272.20739,22.0417,6940.0,HIT/DEFESA,0.9,5
2019-04-24 13:00:00,34,1271.29,1272.15496,-7.4671,1726.087,BREAK/RUPTURA,5.9,5
2019-04-24 16:00:00,34,1272.46,1272.18876,9.2033,3250.0,HIT/DEFESA,2.67,5
2019-04-24 18:00:00,134,1277.19,1276.69177,49.7297,1571.7949,BREAK/RUPTURA,-1.67,5
2019-04-24 20:00:00,134,1277.07,1276.68319,23.94,2673.5294,BREAK/RUPTURA,-2.31,5
2019-04-24 22:00:00,134,1275.75,1276.6467,0.2352,4090.625,BREAK/RUPTURA,-1.31,5
2019-04-25 03:00:00,34,1274.44,1273.66906,-4.0786,14716.6667,BREAK/RUPTURA,1.84,5
2019-04-25 04:00:00,34,1274.55,1273.7194,-1.6474,38400.0,BREAK/RUPTURA,1.85,5
2019-04-25 05:00:00,134,1276.24,1276.48485,12.7097,1443.5294,HIT/DEFESA,1.52,5
2019-04-25 06:00:00,134,1276.3,1276.48211,14.5946,24314.2857,HIT/DEFESA,0.76,5
2019-04-25 07:00:00,134,1275.55,1276.4683,7.8459,1988.0,HIT/DEFESA,1.24,5
2019-04-25 08:00:00,134,1276.28,1276.46551,0.3134,3143.2432,HIT/DEFESA,0.59,5
2019-04-25 11:00:00,134,1277.06,1276.49227,6.1115,4722.8571,HIT/DEFESA,4.75,5
2019-04-25 12:00:00,134,1276.79,1276.49668,3.0555,11388.4615,HIT/DEFESA,2.83,5
2019-04-25 13:00:00,134,1276.87,1276.50221,-6.9653,26957.1429,BREAK/RUPTURA,1.08,5
2019-04-25 14:00:00,134,1275.98,1276.49447,-8.4569,3882.5581,BREAK/RUPTURA,1.75,5
2019-04-25 15:00:00,134,1277.13,1276.50389,2.6629,5100.0,HIT/DEFESA,0.38,5
2019-04-25 21:00:00,134,1277.16,1276.68285,-6.1818,4677.7778,BREAK/RUPTURA,1.37,5
2019-04-25 23:00:00,34,1277.2,1276.23159,-2.4266,124900.0,BREAK/RUPTURA,2.48,5
2019-04-25 23:00:00,134,1277.2,1276.69836,-2.4266,124900.0,BREAK/RUPTURA,2.48,5
2019-04-29 00:00:00,134,1279.46,1278.56758,-54.6448,15021.9481,BREAK/RUPTURA,6.95,5
2019-04-29 09:00:00,34,1283.47,1283.14346,-18.5092,2366.9421,HIT/DEFESA,-2.25,5
2019-04-29 11:00:00,34,1282.33,1282.99819,-18.3702,3429.4118,HIT/DEFESA,-3.65,5
2019-04-29 12:00:00,34,1282.31,1282.95887,-9.038,226900.0,HIT/DEFESA,-2.63,5
2019-04-29 16:00:00,134,1278.68,1279.59203,-18.8121,2190.8127,BREAK/RUPTURA,1.29,5
2019-04-29 19:00:00,134,1278.91,1279.56667,1.7987,7243.1818,HIT/DEFESA,4.37,5
2019-04-29 20:00:00,134,1279.04,1279.55886,-5.0013,23736.3636,BREAK/RUPTURA,1.21,5
2019-04-29 21:00:00,134,1279.97,1279.56496,11.8111,2427.6596,HIT/DEFESA,0.37,5
2019-04-29 22:00:00,134,1279.88,1279.56962,7.5846,17050.0,HIT/DEFESA,1.96,5
2019-04-29 23:00:00,134,1279.57,1279.56963,4.1437,2700.0,HIT/DEFESA,2.59,5
2019-04-30 01:00:00,134,1280.25,1279.63386,2.8909,1813.4615,HIT/DEFESA,2.48,5
2019-04-30 02:00:00,134,1280.34,1279.64432,6.0176,8200.0,HIT/DEFESA,3.01,5
2019-04-30 03:00:00,34,1281.84,1281.41813,-11.2212,1153.6424,BREAK/RUPTURA,1.05,5
2019-04-30 04:00:00,34,1282.16,1281.46052,14.919,8700.0,HIT/DEFESA,0.44,5
2019-04-30 05:00:00,34,1281.69,1281.47364,10.5441,2687.7551,HIT/DEFESA,1.87,5
2019-04-30 09:00:00,34,1282.6,1281.7698,-1.0135,10517.2414,BREAK/RUPTURA,3.17,5
2019-04-30 16:00:00,34,1282.15,1282.39324,-21.0918,7474.4444,BREAK/RUPTURA,1.72,5
2019-04-30 17:00:00,34,1281.76,1282.35706,-31.1875,19040.0,BREAK/RUPTURA,1.88,5
2019-04-30 19:00:00,34,1283.47,1282.47685,10.2952,39833.3333,BREAK/RUPTURA,-6.96,5
2019-04-30 22:00:00,34,1283.64,1282.69676,1.3245,9809.0909,BREAK/RUPTURA,-1.11,5
2019-04-30 23:00:00,34,1283.29,1282.73066,-5.6853,3689.4737,HIT/DEFESA,-1.86,5
2019-05-01 01:00:00,34,1282.59,1282.38747,-8.1799,1355.5556,HIT/DEFESA,-2.18,5
2019-05-01 02:00:00,34,1283.1,1282.42819,-1.4806,1938.0,HIT/DEFESA,-3.04,5
2019-05-01 03:00:00,34,1282.53,1282.434,47.1598,2155.1724,BREAK/RUPTURA,-2.98,5
2019-05-01 04:00:00,34,1281.43,1282.37663,-9.0442,1351.8519,HIT/DEFESA,-3.43,5
2019-05-01 04:00:00,134,1281.43,1280.64827,-9.0442,1351.8519,HIT/DEFESA,-3.43,5
2019-05-01 07:00:00,134,1280.06,1280.62302,-10.6912,2461.7647,BREAK/RUPTURA,2.35,5
2019-05-01 14:00:00,34,1282.54,1281.69914,12.4908,13673.3333,BREAK/RUPTURA,-1.65,5
2019-05-01 15:00:00,134,1280.51,1280.65611,-14.8159,2903.9216,BREAK/RUPTURA,2.36,5
2019-05-01 16:00:00,34,1280.64,1281.57455,-13.9579,40083.3333,HIT/DEFESA,-4.4,5
2019-05-01 16:00:00,134,1280.64,1280.65588,-13.9579,40083.3333,HIT/DEFESA,-4.4,5
2019-05-01 17:00:00,34,1281.88,1281.592,-5.146,5579.0323,HIT/DEFESA,-6.38,5
2019-05-01 18:00:00,34,1282.0,1281.61532,11.636,28469.2308,BREAK/RUPTURA,-5.51,5
2019-05-01 19:00:00,34,1280.89,1281.57387,1.9521,2675.6757,BREAK/RUPTURA,-10.87,5
2019-05-01 19:00:00,134,1280.89,1280.69656,1.9521,2675.6757,BREAK/RUPTURA,-10.87,5
2019-05-03 00:00:00,134,1278.57,1277.98275,58.5306,16309.8504,BREAK/RUPTURA,-7.44,5
2019-05-03 15:00:00,134,1275.82,1276.6545,44.6404,1490.5051,HIT/DEFESA,4.26,5
2019-05-06 15:00:00,134,1277.75,1278.04836,-31.674,2284.1751,BREAK/RUPTURA,3.55,5
2019-05-06 16:00:00,34,1278.2,1279.16845,-28.1633,17493.75,BREAK/RUPTURA,2.94,5
2019-05-06 16:00:00,134,1278.2,1278.0506,-28.1633,17493.75,BREAK/RUPTURA,2.94,5
2019-05-06 22:00:00,34,1280.04,1279.62031,-12.1723,3314.1509,BREAK/RUPTURA,2.83,5
2019-05-06 23:00:00,34,1280.24,1279.65572,-8.2728,5678.9474,BREAK/RUPTURA,2.44,5
2019-05-07 09:00:00,34,1281.89,1280.97453,-8.6516,13931.4286,HIT/DEFESA,-1.78,5
2019-05-07 11:00:00,34,1281.9,1281.08536,-2.8075,26423.0769,HIT/DEFESA,-0.88,5
2019-05-07 12:00:00,34,1281.69,1281.11991,-1.5602,13100.0,BREAK/RUPTURA,2.47,5
2019-05-07 13:00:00,34,1281.18,1281.12334,-6.786,3577.551,BREAK/RUPTURA,2.69,5
2019-05-07 14:00:00,34,1280.11,1281.06544,-13.9636,3018.6916,BREAK/RUPTURA,3.98,5
2019-05-07 15:00:00,134,1279.34,1279.08877,-18.3352,7610.6667,BREAK/RUPTURA,5.33,5
2019-05-07 16:00:00,34,1281.02,1280.96988,-1.2488,4145.4545,BREAK/RUPTURA,3.98,5
2019-05-08 00:00:00,134,1280.59,1279.64893,-34.3191,55611.9863,BREAK/RUPTURA,5.14,5
2019-05-08 16:00:00,34,1285.62,1285.19997,-32.2536,2388.5645,HIT/DEFESA,-5.08,5
2019-05-08 18:00:00,134,1281.04,1281.23506,-67.3784,4985.0299,HIT/DEFESA,-0.53,5
2019-05-08 22:00:00,134,1280.79,1281.19282,5.312,10828.0,HIT/DEFESA,1.05,5
2019-05-09 00:00:00,34,1283.87,1283.73815,26.0047,44844.0104,BREAK/RUPTURA,-2.84,5
2019-05-09 01:00:00,134,1281.11,1281.22085,2.4985,3964.0,HIT/DEFESA,0.06,5
2019-05-09 02:00:00,134,1281.26,1281.22143,5.857,6981.25,HIT/DEFESA,1.12,5
2019-05-09 04:00:00,134,1280.76,1281.22362,-2.732,2564.2202,BREAK/RUPTURA,1.84,5
2019-05-09 05:00:00,134,1281.03,1281.22075,-1.7951,10914.8148,BREAK/RUPTURA,3.75,5
2019-05-09 06:00:00,134,1281.17,1281.22,-5.2269,15607.1429,BREAK/RUPTURA,3.59,5
2019-05-09 07:00:00,34,1282.38,1282.94522,12.6487,1288.6179,HIT/DEFESA,1.79,5
2019-05-09 08:00:00,34,1282.03,1282.89292,7.8062,7494.5946,HIT/DEFESA,0.76,5
2019-05-09 08:00:00,134,1282.03,1281.24893,7.8062,7494.5946,HIT/DEFESA,0.76,5
2019-05-09 13:00:00,34,1282.79,1283.12785,-15.489,1909.7222,BREAK/RUPTURA,2.48,5
2019-05-09 14:00:00,34,1282.39,1283.08568,-18.447,6529.7297,BREAK/RUPTURA,1.24,5
2019-05-09 14:00:00,134,1282.39,1281.44792,-18.447,6529.7297,BREAK/RUPTURA,1.24,5
2019-05-09 15:00:00,34,1282.53,1283.05393,-12.7709,45973.3333,BREAK/RUPTURA,2.45,5
2019-05-09 19:00:00,34,1283.63,1283.44542,-17.8083,4998.7805,BREAK/RUPTURA,2.19,5
2019-05-09 22:00:00,34,1283.78,1283.62033,1.1686,2366.3717,HIT/DEFESA,0.59,5
2019-05-09 23:00:00,34,1283.43,1283.60945,-12.0624,3717.1429,BREAK/RUPTURA,1.44,5
2019-05-10 01:00:00,34,1284.34,1283.7703,4.3621,12614.2857,HIT/DEFESA,0.6,5
2019-05-10 02:00:00,34,1283.71,1283.76685,2.1817,2927.4194,HIT/DEFESA,2.84,5
2019-05-10 03:00:00,34,1284.37,1283.80132,-11.2769,8027.5362,BREAK/RUPTURA,1.75,5
2019-05-10 05:00:00,34,1284.15,1283.87882,3.4276,3365.7534,HIT/DEFESA,0.57,5
2019-05-10 09:00:00,34,1283.98,1284.19187,-7.4712,1589.6226,BREAK/RUPTURA,1.63,5
2019-05-10 10:00:00,34,1284.72,1284.22205,-14.2241,4560.8108,BREAK/RUPTURA,3.51,5
2019-05-10 11:00:00,34,1285.17,1284.27622,-7.3866,7126.6667,BREAK/RUPTURA,1.18,5
2019-05-10 12:00:00,34,1285.28,1284.33358,10.1248,18521.4286,HIT/DEFESA,2.31,5
2019-05-10 21:00:00,34,1285.89,1285.42069,-20.4885,4873.6842,BREAK/RUPTURA,1.25,5
2019-05-10 22:00:00,34,1285.93,1285.44979,-15.3737,200150.0,BREAK/RUPTURA,1.49,5
2019-05-10 23:00:00,34,1285.66,1285.4618,-7.6944,4070.3704,HIT/DEFESA,-0.67,5
2019-05-13 02:00:00,34,1287.14,1286.39007,11.5116,6728.5714,BREAK/RUPTURA,-3.17,5
2019-05-13 03:00:00,34,1287.42,1286.44893,-94.9406,8107.6923,HIT/DEFESA,-3.04,5
2019-05-13 05:00:00,134,1284.4,1283.4898,-21.2875,6267.2414,HIT/DEFESA,-0.66,5
2019-05-13 06:00:00,134,1283.63,1283.49187,-29.4387,2385.7143,HIT/DEFESA,-0.19,5
2019-05-13 07:00:00,134,1283.97,1283.49896,-7.9378,4231.4286,HIT/DEFESA,-0.5,5
2019-05-13 08:00:00,134,1284.38,1283.51201,-0.1557,3805.0,HIT/DEFESA,-0.96,5
2019-05-13 10:00:00,134,1283.74,1283.50003,-1.7913,2281.25,BREAK/RUPTURA,7.66,5
2019-05-13 11:00:00,134,1283.44,1283.49914,-7.3187,8956.6667,BREAK/RUPTURA,13.9,5
2019-05-13 12:00:00,134,1283.47,1283.49871,7.8755,106150.0,HIT/DEFESA,14.39,5
2019-05-13 13:00:00,134,1283.42,1283.49755,-2.4927,34566.6667,BREAK/RUPTURA,14.38,5
2019-05-13 14:00:00,134,1284.14,1283.50706,5.4541,3061.1111,HIT/DEFESA,16.1,5
2019-05-14 17:00:00,34,1295.79,1295.69099,-23.7897,2937.6744,BREAK/RUPTURA,1.02,5
2019-05-14 20:00:00,34,1294.84,1295.57167,-7.3314,3320.0,BREAK/RUPTURA,1.9,5
2019-05-14 21:00:00,34,1295.77,1295.58301,11.4348,2260.2151,HIT/DEFESA,1.2,5
2019-05-15 01:00:00,34,1296.74,1295.80786,-0.5398,2348.5714,HIT/DEFESA,-1.1,5
2019-05-15 04:00:00,34,1296.82,1296.00621,0.6169,5604.0,BREAK/RUPTURA,-3.26,5
2019-05-15 06:00:00,34,1295.64,1295.98656,-12.9498,4612.1951,BREAK/RUPTURA,3.09,5
2019-05-15 07:00:00,34,1294.95,1295.92733,-14.4199,1924.2857,BREAK/RUPTURA,3.26,5
2019-05-15 08:00:00,34,1295.44,1295.89948,-4.5524,3692.1569,BREAK/RUPTURA,2.53,5
2019-05-15 10:00:00,34,1296.52,1295.80889,12.124,1377.027,HIT/DEFESA,2.53,5
2019-05-15 17:00:00,34,1296.38,1296.64361,-20.323,3508.4677,HIT/DEFESA,-0.14,5
2019-05-15 22:00:00,34,1296.24,1296.62554,-11.9434,6581.8182,HIT/DEFESA,-0.02,5
2019-05-15 23:00:00,34,1296.3,1296.60693,-3.6244,17160.0,HIT/DEFESA,-0.27,5
2019-05-16 03:00:00,34,1296.22,1296.09458,76.1021,11925.0,HIT/DEFESA,0.24,5
2019-05-16 05:00:00,34,1295.29,1296.04513,-8.7163,2782.4324,BREAK/RUPTURA,3.23,5
2019-05-16 06:00:00,34,1296.04,1296.04484,-1.3887,2078.9474,HIT/DEFESA,-0.1,5
2019-05-16 07:00:00,34,1296.33,1296.06113,2.3148,3410.7143,BREAK/RUPTURA,-1.17,5
2019-05-16 08:00:00,34,1296.46,1296.08392,9.0327,10653.8462,BREAK/RUPTURA,-2.55,5
2019-05-16 09:00:00,34,1296.52,1296.10884,3.7036,60625.0,BREAK/RUPTURA,-2.78,5
2019-05-16 11:00:00,34,1295.94,1296.2291,-4.0109,1479.845,HIT/DEFESA,-4.95,5
2019-05-20 22:00:00,34,1277.83,1278.59548,13.8708,8165.2174,BREAK/RUPTURA,-1.69,5
2019-05-21 01:00:00,34,1277.51,1278.27351,-2.5042,15275.0,HIT/DEFESA,-1.97,5
2019-05-21 02:00:00,34,1277.36,1278.22131,-1.9568,7333.3333,HIT/DEFESA,-1.84,5
2019-05-21 23:00:00,34,1274.7,1275.42129,3.139,11771.4286,BREAK/RUPTURA,-1.15,5
2019-05-22 01:00:00,34,1274.47,1275.24132,-1.1768,5746.6667,HIT/DEFESA,-0.53,5
2019-05-22 02:00:00,34,1274.55,1275.20182,-1.1767,9266.6667,HIT/DEFESA,-0.91,5
2019-05-22 12:00:00,34,1273.7,1274.51033,1.7275,2634.8485,HIT/DEFESA,1.48,5
2019-05-22 13:00:00,34,1273.93,1274.47717,6.2051,6395.6522,HIT/DEFESA,1.78,5
2019-05-22 15:00:00,34,1275.58,1274.61577,14.7601,14246.6667,BREAK/RUPTURA,-1.28,5
2019-05-22 17:00:00,34,1275.18,1274.62399,-5.4864,5167.6471,HIT/DEFESA,-1.47,5
2019-05-22 19:00:00,34,1274.66,1274.68456,3.8456,1987.8505,HIT/DEFESA,8.62,5
2019-05-22 20:00:00,34,1274.3,1274.66259,-6.901,4255.5556,HIT/DEFESA,-0.56,5
2019-05-23 02:00:00,34,1274.15,1274.87841,5.4969,3346.3415,BREAK/RUPTURA,-1.14,5
2019-05-23 08:00:00,34,1274.35,1274.51408,7.2246,790.2985,HIT/DEFESA,3.19,5
2019-05-23 09:00:00,34,1273.92,1274.48013,7.3842,4693.1818,HIT/DEFESA,3.27,5
2019-05-23 10:00:00,34,1274.44,1274.47784,11.2332,6881.25,HIT/DEFESA,8.27,5
2019-05-24 11:00:00,34,1282.06,1281.13305,-8.6505,2141.5929,HIT/DEFESA,-0.16,5
2019-05-24 12:00:00,34,1281.55,1281.15687,-11.8466,4080.3922,BREAK/RUPTURA,2.38,5
2019-05-24 13:00:00,34,1281.54,1281.17877,-12.8586,18580000.0,BREAK/RUPTURA,2.21,5
2019-05-24 14:00:00,34,1282.09,1281.23084,0.234,3881.8182,HIT/DEFESA,2.37,5
2019-05-24 16:00:00,34,1281.9,1281.37301,2.8091,4985.2713,HIT/DEFESA,2.38,5
2019-05-27 15:00:00,34,1285.48,1284.48727,-4.1213,35580.0,HIT/DEFESA,-0.56,5
2019-05-27 16:00:00,34,1285.5,1284.54514,-2.0999,81650.0,HIT/DEFESA,-6.54,5
2019-05-27 19:00:00,34,1284.92,1284.61488,-4.5119,28225.0,HIT/DEFESA,-0.45,5
2019-05-27 20:00:00,34,1284.92,1284.63231,-1.5563,30000.0,HIT/DEFESA,-2.14,5
2019-05-28 01:00:00,34,1285.18,1284.358,2.0235,3680.9524,BREAK/RUPTURA,-2.17,5
2019-05-28 03:00:00,34,1284.47,1284.43616,43.0819,1536.8852,BREAK/RUPTURA,-1.44,5
2019-05-28 06:00:00,134,1283.01,1282.12568,-11.3666,27250.0,BREAK/RUPTURA,1.68,5
2019-05-28 08:00:00,134,1283.03,1282.14629,0.4677,3775.6098,HIT/DEFESA,0.72,5
2019-05-28 09:00:00,134,1282.94,1282.15805,-0.5456,31044.4444,HIT/DEFESA,-0.35,5
2019-05-28 10:00:00,34,1283.31,1283.93946,5.3796,10562.8571,BREAK/RUPTURA,-4.22,5
2019-05-28 11:00:00,34,1284.69,1283.98235,12.9381,2174.1259,BREAK/RUPTURA,-6.14,5
2019-05-28 12:00:00,34,1283.34,1283.94565,3.1178,2565.7143,BREAK/RUPTURA,-4.65,5
2019-05-28 13:00:00,34,1283.75,1283.93447,3.4286,6564.1026,BREAK/RUPTURA,-4.32,5
2019-05-28 14:00:00,134,1282.59,1282.25662,-16.3464,2218.8034,HIT/DEFESA,-4.83,5
2019-05-29 03:00:00,34,1280.88,1281.38056,10.4725,2955.6604,HIT/DEFESA,0.29,5
2019-05-29 03:00:00,134,1280.88,1281.70592,10.4725,2955.6604,HIT/DEFESA,0.29,5
2019-05-29 07:00:00,34,1281.31,1281.13335,11.4858,720.442,HIT/DEFESA,1.64,5
2019-05-29 07:00:00,134,1281.31,1281.61748,11.4858,720.442,HIT/DEFESA,1.64,5
2019-05-29 08:00:00,34,1281.17,1281.13545,8.906,11892.8571,HIT/DEFESA,1.93,5
2019-05-29 08:00:00,134,1281.17,1281.61085,8.906,11892.8571,HIT/DEFESA,1.93,5
2019-05-29 15:00:00,34,1282.65,1281.94058,-2.3384,4292.3664,HIT/DEFESA,-1.2,5
2019-05-29 15:00:00,134,1282.65,1281.80395,-2.3384,4292.3664,HIT/DEFESA,-1.2,5
2019-05-29 16:00:00,34,1282.23,1281.95712,-6.7805,17050.0,HIT/DEFESA,-0.08,5
2019-05-29 16:00:00,134,1282.23,1281.81027,-6.7805,17050.0,HIT/DEFESA,-0.08,5
2019-05-29 17:00:00,34,1282.16,1281.96871,-13.9414,78066.6667,HIT/DEFESA,-1.83,5
2019-05-29 17:00:00,134,1282.16,1281.81545,-13.9414,78066.6667,HIT/DEFESA,-1.83,5
2019-05-29 19:00:00,34,1282.28,1282.04853,0.3899,5204.5977,HIT/DEFESA,5.9,5
2019-05-29 19:00:00,134,1282.28,1281.84137,0.3899,5204.5977,HIT/DEFESA,5.9,5
2019-05-29 20:00:00,34,1281.45,1282.01433,-5.5375,6648.7805,HIT/DEFESA,-1.6,5
2019-05-29 20:00:00,134,1281.45,1281.83557,-5.5375,6648.7805,HIT/DEFESA,-1.6,5
2019-05-29 21:00:00,34,1282.15,1282.02208,-7.5597,5392.9577,HIT/DEFESA,-2.36,5
2019-05-29 21:00:00,134,1282.15,1281.84023,-7.5597,5392.9577,HIT/DEFESA,-2.36,5
2019-05-30 15:00:00,134,1281.2,1281.12168,36.8194,1355.3009,HIT/DEFESA,6.71,5
2019-05-30 16:00:00,134,1280.81,1281.11706,32.1138,11656.4103,HIT/DEFESA,7.22,5
2019-06-04 17:00:00,34,1321.06,1320.29019,-17.0028,3154.4872,BREAK/RUPTURA,5.34,5
2019-06-05 18:00:00,34,1328.72,1328.65569,-89.652,2071.3499,BREAK/RUPTURA,1.34,5
2019-06-05 19:00:00,34,1328.66,1328.65594,-64.6821,71100.0,BREAK/RUPTURA,6.49,5
2019-06-05 20:00:00,34,1329.32,1328.69388,-23.1911,4452.381,BREAK/RUPTURA,3.11,5
2019-06-05 21:00:00,34,1328.6,1328.68852,-0.9031,3613.8889,BREAK/RUPTURA,2.27,5
2019-06-06 03:00:00,34,1329.0,1329.40498,-46.0622,1007.4866,BREAK/RUPTURA,3.33,5
2019-06-06 04:00:00,34,1328.75,1329.36755,-27.6187,10776.0,BREAK/RUPTURA,3.71,5
2019-06-06 05:00:00,34,1330.35,1329.42369,-3.9072,1017.1779,BREAK/RUPTURA,4.39,5
2019-06-06 21:00:00,34,1334.24,1333.31326,-30.5605,1372.0339,HIT/DEFESA,-0.88,5
2019-06-06 22:00:00,34,1333.69,1333.33479,-40.549,5945.4545,HIT/DEFESA,-0.57,5
2019-06-07 02:00:00,34,1333.36,1333.88082,-15.5006,797.0238,HIT/DEFESA,-0.4,5
2019-06-07 03:00:00,34,1333.12,1333.83734,-53.199,8825.0,HIT/DEFESA,-1.08,5
2019-06-07 04:00:00,34,1333.33,1333.80835,-12.9582,7866.6667,HIT/DEFESA,-2.07,5
2019-06-07 05:00:00,34,1333.29,1333.77873,-0.525,35300.0,BREAK/RUPTURA,1.99,5
2019-06-07 06:00:00,34,1333.04,1333.73652,-0.6001,5880.0,BREAK/RUPTURA,2.74,5
2019-06-07 07:00:00,34,1332.96,1333.69214,-2.775,31475.0,HIT/DEFESA,-0.05,5
2019-06-07 12:00:00,34,1332.91,1333.6495,12.3943,676.1246,HIT/DEFESA,12.02,5
2019-06-07 13:00:00,34,1332.98,1333.61124,-17.2249,21112.5,BREAK/RUPTURA,7.1,5
2019-06-10 03:00:00,34,1335.42,1336.12815,57.5397,5552.1739,BREAK/RUPTURA,-8.47,5
2019-06-10 10:00:00,134,1325.91,1325.25442,-16.4146,2912.3596,BREAK/RUPTURA,3.21,5
2019-06-10 14:00:00,134,1325.06,1325.35858,-14.3184,642.5743,BREAK/RUPTURA,2.15,5
2019-06-11 00:00:00,134,1326.62,1325.71473,-8.2849,145161.5385,BREAK/RUPTURA,2.22,5
2019-06-11 04:00:00,34,1328.93,1329.88057,4.7429,8243.2432,BREAK/RUPTURA,-3.83,5
2019-06-11 05:00:00,34,1328.84,1329.82111,-2.6332,13450.0,HIT/DEFESA,-6.02,5
2019-06-11 07:00:00,34,1328.74,1329.69408,-1.4297,3207.6923,HIT/DEFESA,-6.39,5
2019-06-11 08:00:00,34,1328.71,1329.63785,-0.9783,35700.0,HIT/DEFESA,-6.46,5
2019-06-11 09:00:00,134,1325.1,1326.04072,-26.4186,938.9356,HIT/DEFESA,-4.72,5
2019-06-11 17:00:00,134,1325.8,1325.69469,41.0488,2857.8231,HIT/DEFESA,0.91,5
2019-06-11 18:00:00,134,1325.69,1325.69462,14.8823,35709.0909,HIT/DEFESA,0.92,5
2019-06-11 21:00:00,34,1327.29,1327.07161,12.0692,3704.0,HIT/DEFESA,0.39,5
2019-06-11 22:00:00,34,1326.71,1327.05095,-12.1206,2748.2143,HIT/DEFESA,-0.2,5
2019-06-11 22:00:00,134,1326.71,1325.80027,-12.1206,2748.2143,HIT/DEFESA,-0.2,5
2019-06-11 23:00:00,34,1326.61,1327.02575,-8.8869,4511.1111,BREAK/RUPTURA,2.14,5
2019-06-11 23:00:00,134,1326.61,1325.81226,-8.8869,4511.1111,BREAK/RUPTURA,2.14,5
2019-06-12 01:00:00,34,1326.94,1327.36158,1.7336,17200.0,HIT/DEFESA,5.39,5
2019-06-12 02:00:00,34,1327.68,1327.37978,8.0657,1205.4795,HIT/DEFESA,4.6,5
2019-06-12 03:00:00,34,1326.51,1327.33008,-51.2994,1323.9316,BREAK/RUPTURA,8.51,5
2019-06-12 03:00:00,134,1326.51,1325.97286,-51.2994,1323.9316,BREAK/RUPTURA,8.51,5
2019-06-12 19:00:00,34,1332.44,1331.49173,1.0508,1136.2369,HIT/DEFESA,9.69,5
2019-06-13 01:00:00,34,1332.83,1332.40934,-0.3751,551.0204,BREAK/RUPTURA,1.33,5
2019-06-13 15:00:00,34,1335.36,1334.40894,-12.4157,1862.4277,BREAK/RUPTURA,5.82,5
2019-06-17 06:00:00,34,1342.16,1343.03744,24.2735,1745.5696,BREAK/RUPTURA,-7.92,5
2019-06-17 14:00:00,134,1335.74,1336.22103,11.2424,1478.8732,HIT/DEFESA,3.85,5
2019-06-17 15:00:00,34,1339.78,1340.38529,44.2319,1263.0273,BREAK/RUPTURA,-1.02,5
2019-06-17 16:00:00,34,1340.56,1340.39527,52.1896,7636.25,BREAK/RUPTURA,-1.64,5
2019-06-17 18:00:00,34,1340.76,1340.28221,7.3146,1077.305,BREAK/RUPTURA,-1.34,5
2019-06-17 19:00:00,34,1339.59,1340.24266,-7.2358,1675.2137,BREAK/RUPTURA,6.85,5
2019-06-17 23:00:00,34,1339.42,1340.04006,4.9299,1027.451,HIT/DEFESA,2.4,5
2019-06-18 02:00:00,34,1339.61,1340.29534,1.4185,2053.6585,HIT/DEFESA,2.14,5
2019-06-18 03:00:00,34,1339.55,1340.25275,-51.172,22500.0,BREAK/RUPTURA,6.3,5
2019-06-18 05:00:00,34,1341.15,1340.38846,11.4959,2126.8657,HIT/DEFESA,3.33,5
2019-06-18 06:00:00,34,1340.85,1340.41483,9.7048,4434.6154,HIT/DEFESA,4.69,5
2019-06-19 01:00:00,34,1345.63,1345.1345,-2.8974,1201.4925,HIT/DEFESA,-1.41,5
2019-06-19 05:00:00,34,1344.17,1344.98385,-9.2165,2194.3396,HIT/DEFESA,-0.59,5
2019-06-19 06:00:00,34,1344.22,1344.9402,-6.6909,32580.0,HIT/DEFESA,-2.37,5
2019-06-19 07:00:00,34,1345.41,1344.96704,16.9753,984.8739,BREAK/RUPTURA,-3.22,5
2019-06-19 08:00:00,34,1345.73,1345.01064,11.6057,7629.4118,BREAK/RUPTURA,-2.66,5
2019-06-19 09:00:00,34,1345.55,1345.04146,9.8942,17631.5789,BREAK/RUPTURA,-3.51,5
2019-06-19 16:00:00,34,1343.62,1344.28649,4.0951,9762.7451,HIT/DEFESA,8.4,5
2019-06-19 17:00:00,34,1343.97,1344.2684,14.3811,14618.1818,HIT/DEFESA,11.19,5
2019-06-19 18:00:00,34,1344.89,1344.30392,13.1783,3334.7826,HIT/DEFESA,14.69,5
2019-06-19 20:00:00,34,1345.27,1344.44404,9.6728,4936.5079,HIT/DEFESA,13.8,5
2019-06-21 10:00:00,34,1384.28,1384.83982,-138.4189,1123.5512,BREAK/RUPTURA,12.53,5
2019-06-25 20:00:00,34,1422.39,1421.51785,-58.014,4846.4516,HIT/DEFESA,-5.41,5
2019-06-25 22:00:00,34,1422.11,1421.70535,-23.7111,1526.7281,HIT/DEFESA,-7.39,5
2019-06-26 18:00:00,34,1413.97,1413.2392,33.0658,1229.7505,BREAK/RUPTURA,-5.33,5
2019-06-26 19:00:00,34,1412.91,1413.22039,49.8613,4459.375,BREAK/RUPTURA,-3.23,5
2019-06-27 15:00:00,134,1400.92,1400.06446,-26.6257,1849.0338,BREAK/RUPTURA,5.97,5
2019-06-27 19:00:00,34,1407.49,1407.61684,33.2901,1910.5263,HIT/DEFESA,1.98,5
2019-06-27 20:00:00,34,1406.89,1407.5753,13.2382,5970.0,HIT/DEFESA,1.61,5
2019-06-27 21:00:00,34,1407.82,1407.58928,14.5828,2663.0435,HIT/DEFESA,3.2,5
2019-06-27 22:00:00,34,1408.09,1407.6179,4.2629,8724.0,HIT/DEFESA,6.15,5
2019-06-28 01:00:00,34,1408.5,1407.84185,2.9117,1300.0,HIT/DEFESA,11.18,5
2019-06-28 09:00:00,34,1411.69,1411.14104,-56.2803,2027.0833,BREAK/RUPTURA,1.7,5
2019-06-28 15:00:00,34,1412.89,1411.92302,-1.4861,8132.0,HIT/DEFESA,-3.43,5
2019-06-28 17:00:00,34,1411.5,1411.80171,-13.3721,4512.9496,HIT/DEFESA,-0.37,5
2019-06-28 18:00:00,34,1411.38,1411.77761,-10.6873,29491.6667,HIT/DEFESA,-1.53,5
2019-06-28 22:00:00,34,1411.13,1411.43687,12.2037,2572.8571,BREAK/RUPTURA,-15.21,5
2019-07-02 10:00:00,34,1392.44,1392.88285,13.8078,2937.3016,BREAK/RUPTURA,-1.1,5
2019-07-02 12:00:00,34,1392.82,1392.90981,11.4287,4731.746,HIT/DEFESA,1.2,5
2019-07-02 14:00:00,34,1392.62,1392.86794,-5.9564,15836.8421,BREAK/RUPTURA,12.32,5
2019-07-02 16:00:00,34,1392.62,1392.77145,1.2927,4708.4746,HIT/DEFESA,15.79,5
2019-07-03 16:00:00,34,1413.87,1414.099,-84.5764,2305.6122,BREAK/RUPTURA,4.43,5
2019-07-04 00:00:00,34,1415.79,1415.39581,-17.6972,16231.4879,BREAK/RUPTURA,3.72,5
2019-07-04 08:00:00,34,1416.29,1416.49413,-22.6839,1504.8507,HIT/DEFESA,-1.66,5
2019-07-04 12:00:00,34,1415.09,1415.78394,6.7179,945.4839,HIT/DEFESA,1.27,5
2019-07-04 16:00:00,34,1415.0,1415.51487,2.6155,3158.4746,BREAK/RUPTURA,-16.0,5
2019-07-04 17:00:00,34,1416.36,1415.56317,12.8664,2202.2059,HIT/DEFESA,6.56,5
2019-07-04 18:00:00,34,1415.54,1415.56184,12.1656,3734.1463,HIT/DEFESA,5.31,5
2019-07-04 19:00:00,34,1415.22,1415.54231,1.5548,5503.0303,HIT/DEFESA,0.49,5
2019-07-04 20:00:00,34,1415.71,1415.55189,-4.5892,45.2381,BREAK/RUPTURA,2.89,5
2019-07-05 03:00:00,34,1415.71,1415.4279,119.4425,790.9091,HIT/DEFESA,0.25,5
2019-07-05 08:00:00,34,1415.96,1415.93494,-9.7365,2050.7042,HIT/DEFESA,-1.31,5
2019-07-05 13:00:00,34,1414.65,1415.463,7.711,2939.6552,BREAK/RUPTURA,-17.93,5
2019-07-08 09:00:00,34,1405.07,1404.21816,46.1887,11953.4884,HIT/DEFESA,0.5,5
2019-07-08 10:00:00,134,1406.34,1407.08649,48.0848,4042.5197,BREAK/RUPTURA,-2.67,5
2019-07-08 12:00:00,34,1405.12,1404.46433,0.3559,3223.9437,BREAK/RUPTURA,-8.59,5
2019-07-08 13:00:00,34,1404.43,1404.46237,-13.5814,3044.9275,HIT/DEFESA,-9.71,5
2019-07-08 15:00:00,34,1403.67,1404.47676,-10.3194,3406.8421,HIT/DEFESA,-7.23,5
2019-07-09 22:00:00,34,1396.61,1396.00284,-1.1455,2566.3866,HIT/DEFESA,-3.74,5
2019-07-10 12:00:00,34,1395.52,1395.38694,34.298,2048.0769,HIT/DEFESA,12.51,5
2019-07-10 13:00:00,34,1395.15,1395.3734,23.4214,5307.1429,HIT/DEFESA,14.91,5
2019-07-10 14:00:00,34,1395.16,1395.36121,12.1998,212200.0,HIT/DEFESA,16.78,5
2019-07-11 16:00:00,34,1414.15,1413.70895,-46.6645,6649.1667,HIT/DEFESA,-6.5,5
2019-07-11 20:00:00,134,1405.5,1406.48993,-25.9021,1707.3077,HIT/DEFESA,-0.9,5
2019-07-11 22:00:00,134,1406.76,1406.51087,-27.7173,2591.2088,HIT/DEFESA,-0.03,5
2019-07-12 03:00:00,134,1406.73,1406.53707,-61.9569,1093.2143,HIT/DEFESA,-1.23,5
2019-07-12 07:00:00,134,1407.52,1406.64447,-12.4178,6186.3636,HIT/DEFESA,-1.61,5
2019-07-12 10:00:00,34,1409.99,1409.92269,17.5486,3174.4681,BREAK/RUPTURA,-4.06,5
2019-07-12 12:00:00,134,1405.91,1406.7248,-18.034,1712.3377,BREAK/RUPTURA,2.39,5
2019-07-12 14:00:00,134,1407.57,1406.75185,-9.7236,23946.1538,BREAK/RUPTURA,3.62,5
2019-07-12 15:00:00,134,1405.93,1406.73967,0.1423,4519.5122,HIT/DEFESA,6.7,5
2019-07-12 17:00:00,34,1408.3,1409.10001,5.1862,21323.3333,HIT/DEFESA,6.57,5
2019-07-12 18:00:00,34,1408.07,1409.04115,15.2212,21943.4783,HIT/DEFESA,6.88,5
2019-07-15 04:00:00,34,1412.38,1411.53003,-35.1357,1791.9094,BREAK/RUPTURA,1.43,5
2019-07-15 06:00:00,34,1411.9,1411.49083,-25.1508,1226.8456,BREAK/RUPTURA,4.43,5
2019-07-15 07:00:00,34,1411.39,1411.48507,-7.0094,3078.4314,BREAK/RUPTURA,4.66,5
2019-07-15 16:00:00,34,1413.63,1412.63218,-12.223,4517.8808,HIT/DEFESA,-0.9,5
2019-07-15 18:00:00,34,1412.14,1412.48594,0.2833,2991.716,HIT/DEFESA,1.48,5
2019-07-15 19:00:00,34,1412.9,1412.5096,-5.164,3357.1429,HIT/DEFESA,-6.83,5
2019-07-15 20:00:00,34,1412.34,1412.49991,13.471,4130.3571,HIT/DEFESA,3.97,5
2019-07-15 21:00:00,34,1412.73,1412.51306,4.1781,5557.5,HIT/DEFESA,2.65,5
2019-07-16 06:00:00,34,1413.17,1412.8738,-7.7779,13110.0,BREAK/RUPTURA,1.06,5
2019-07-16 09:00:00,34,1413.25,1413.04535,0.5661,2721.2121,HIT/DEFESA,0.83,5
2019-07-16 10:00:00,34,1413.69,1413.08219,-2.5459,6909.7561,HIT/DEFESA,-2.94,5
2019-07-16 13:00:00,34,1413.76,1413.29549,0.4952,1521.6216,BREAK/RUPTURA,-9.41,5
2019-07-16 14:00:00,34,1414.08,1413.34032,-1.0606,8637.5,HIT/DEFESA,-5.04,5
2019-07-16 15:00:00,134,1410.75,1410.11342,-31.7261,2713.253,HIT/DEFESA,-3.16,5
2019-07-16 16:00:00,134,1409.83,1410.10922,-27.7982,12490.5263,HIT/DEFESA,-6.29,5
2019-07-16 17:00:00,134,1410.1,1410.10908,-28.1455,35857.1429,HIT/DEFESA,-6.8,5
2019-07-16 19:00:00,134,1409.04,1410.00919,-5.6035,1685.8369,BREAK/RUPTURA,17.35,5
2019-07-18 13:00:00,34,1418.97,1418.78151,-7.6054,1869.0987,BREAK/RUPTURA,9.66,5
2019-07-18 16:00:00,34,1418.13,1418.80496,-5.9198,11712.6761,BREAK/RUPTURA,19.6,5
2019-07-22 08:00:00,34,1428.02,1429.01991,2.6617,5509.6154,BREAK/RUPTURA,-1.27,5
2019-07-22 17:00:00,34,1427.11,1428.00634,13.3314,5445.6376,BREAK/RUPTURA,-2.03,5
2019-07-22 20:00:00,34,1428.19,1427.8172,7.5677,1183.7838,BREAK/RUPTURA,-3.97,5
2019-07-22 21:00:00,34,1428.11,1427.83393,11.4267,11768.75,BREAK/RUPTURA,-4.45,5
2019-07-23 02:00:00,134,1423.66,1422.67872,-6.9491,2475.9259,HIT/DEFESA,-7.05,5
2019-07-23 14:00:00,34,1422.37,1422.61249,32.4453,1640.0641,BREAK/RUPTURA,-2.95,5
2019-07-23 14:00:00,134,1422.37,1422.01547,32.4453,1640.0641,BREAK/RUPTURA,-2.95,5
2019-07-23 17:00:00,34,1424.04,1423.06541,11.741,5465.3631,BREAK/RUPTURA,-6.85,5
2019-07-23 18:00:00,34,1422.81,1423.05081,-25.9374,6495.8678,HIT/DEFESA,-5.24,5
2019-07-23 18:00:00,134,1422.81,1422.17531,-25.9374,6495.8678,HIT/DEFESA,-5.24,5
2019-07-24 05:00:00,34,1421.64,1421.30044,32.7452,1103.8674,HIT/DEFESA,1.99,5
2019-07-24 05:00:00,134,1421.64,1421.74276,32.7452,1103.8674,HIT/DEFESA,1.99,5
2019-07-24 06:00:00,34,1420.54,1421.25699,10.2178,1428.1818,HIT/DEFESA,4.64,5
2019-07-24 08:00:00,34,1420.67,1421.15626,-6.8231,3253.0303,BREAK/RUPTURA,5.63,5
2019-07-24 09:00:00,34,1421.7,1421.18733,8.1659,3764.0,HIT/DEFESA,4.19,5
2019-07-24 09:00:00,134,1421.7,1421.68452,8.1659,3764.0,HIT/DEFESA,4.19,5
2019-07-24 18:00:00,34,1422.25,1422.74239,-18.1775,4048.9362,BREAK/RUPTURA,2.82,5
2019-07-24 18:00:00,134,1422.25,1422.10496,-18.1775,4048.9362,BREAK/RUPTURA,2.82,5
2019-07-24 19:00:00,34,1422.36,1422.72054,-33.5634,34009.0909,HIT/DEFESA,-7.88,5
2019-07-24 19:00:00,134,1422.36,1422.10874,-33.5634,34009.0909,HIT/DEFESA,-7.88,5
2019-07-24 20:00:00,34,1423.07,1422.74051,-4.5655,6778.2609,BREAK/RUPTURA,2.98,5
2019-07-24 20:00:00,134,1423.07,1422.12298,-4.5655,6778.2609,BREAK/RUPTURA,2.98,5
2019-07-24 21:00:00,34,1423.16,1422.76448,6.3983,80600.0,HIT/DEFESA,2.08,5
2019-07-25 04:00:00,34,1423.44,1422.92456,-18.3023,14100.0,BREAK/RUPTURA,1.78,5
2019-07-25 05:00:00,34,1422.67,1422.91002,-18.0321,1589.6104,BREAK/RUPTURA,2.85,5
2019-07-25 05:00:00,134,1422.67,1422.25025,-18.0321,1589.6104,BREAK/RUPTURA,2.85,5
2019-07-25 06:00:00,34,1422.23,1422.87116,-10.255,3877.2727,BREAK/RUPTURA,4.48,5
2019-07-25 06:00:00,134,1422.23,1422.24995,-10.255,3877.2727,BREAK/RUPTURA,4.48,5
2019-07-25 07:00:00,34,1422.23,1422.83452,-8.5005,89000.0,BREAK/RUPTURA,3.94,5
2019-07-25 07:00:00,134,1422.23,1422.24966,-8.5005,89000.0,BREAK/RUPTURA,3.94,5
2019-07-25 08:00:00,34,1423.11,1422.85026,3.0928,2342.5287,HIT/DEFESA,3.17,5
2019-07-25 08:00:00,134,1423.11,1422.2624,3.0928,2342.5287,HIT/DEFESA,3.17,5
2019-07-25 15:00:00,34,1424.45,1424.12081,-12.0603,1881.8571,HIT/DEFESA,-8.73,5
2019-07-26 09:00:00,34,1418.51,1418.86716,15.3919,1010.705,HIT/DEFESA,1.69,5
2019-07-26 10:00:00,34,1419.38,1418.89646,25.9234,4611.4943,HIT/DEFESA,0.39,5
2019-07-26 12:00:00,34,1418.6,1418.8156,0.6345,2019.1011,HIT/DEFESA,1.73,5
2019-07-26 13:00:00,34,1418.8,1418.81471,-4.0863,8665.0,HIT/DEFESA,-0.11,5
2019-07-26 14:00:00,134,1420.2,1420.95946,17.5635,1468.3453,BREAK/RUPTURA,-1.67,5
2019-07-26 16:00:00,134,1421.08,1420.94388,16.0699,7910.5691,BREAK/RUPTURA,-2.35,5
2019-07-26 17:00:00,134,1420.33,1420.93479,0.9154,12285.3333,BREAK/RUPTURA,-3.68,5
2019-07-26 18:00:00,34,1418.69,1419.11261,-7.6069,4143.2258,HIT/DEFESA,-0.21,5
2019-07-26 19:00:00,34,1418.53,1419.07932,-17.9441,24993.3333,BREAK/RUPTURA,8.33,5
2019-07-26 21:00:00,34,1418.73,1419.0567,0.282,7648.2759,HIT/DEFESA,1.33,5
2019-07-26 23:00:00,34,1418.48,1418.89408,-3.8759,642.8571,BREAK/RUPTURA,4.3,5
2019-07-29 01:00:00,34,1419.52,1419.35903,20.2591,2802.2222,HIT/DEFESA,0.99,5
2019-07-29 03:00:00,134,1421.23,1420.78084,-39.4573,1736.7521,HIT/DEFESA,-1.23,5
2019-07-29 05:00:00,134,1421.76,1420.82452,11.9713,1796.0784,BREAK/RUPTURA,-3.44,5
2019-07-29 06:00:00,34,1420.51,1419.84921,-5.066,1123.8095,HIT/DEFESA,-1.91,5
2019-07-29 06:00:00,134,1420.51,1420.81986,-5.066,1123.8095,HIT/DEFESA,-1.91,5
2019-07-29 07:00:00,34,1419.96,1419.85554,-19.8204,2083.6364,HIT/DEFESA,-1.3,5
2019-07-29 07:00:00,134,1419.96,1420.80712,-19.8204,2083.6364,HIT/DEFESA,-1.3,5
2019-07-29 08:00:00,34,1420.0,1419.86379,-12.379,31633.3333,HIT/DEFESA,-0.57,5
2019-07-29 08:00:00,134,1420.0,1420.79517,-12.379,31633.3333,HIT/DEFESA,-0.57,5
2019-07-29 12:00:00,34,1418.66,1419.58844,0.3525,30516.6667,HIT/DEFESA,1.78,5
2019-07-29 13:00:00,34,1419.43,1419.57939,7.8262,3155.2632,HIT/DEFESA,1.34,5
2019-07-29 14:00:00,34,1420.47,1419.63028,13.182,2616.5049,HIT/DEFESA,0.06,5
2019-07-29 14:00:00,134,1420.47,1420.64404,13.182,2616.5049,HIT/DEFESA,0.06,5
2019-07-29 15:00:00,34,1419.67,1419.63255,7.1194,4918.75,HIT/DEFESA,1.5,5
2019-07-29 15:00:00,134,1419.67,1420.62961,7.1194,4918.75,HIT/DEFESA,1.5,5
2019-07-29 17:00:00,34,1420.44,1419.66778,-0.2112,4528.0,BREAK/RUPTURA,5.33,5
2019-07-29 17:00:00,134,1420.44,1420.60929,-0.2112,4528.0,BREAK/RUPTURA,5.33,5
2019-07-29 18:00:00,134,1420.77,1420.61167,7.7483,11625.8065,HIT/DEFESA,5.89,5
2019-07-29 19:00:00,34,1420.53,1419.77643,7.7496,11409.5238,HIT/DEFESA,10.24,5
2019-07-29 19:00:00,134,1420.53,1420.61046,7.7496,11409.5238,HIT/DEFESA,10.24,5
2019-07-29 20:00:00,134,1421.17,1420.61875,5.1393,3204.6875,HIT/DEFESA,3.38,5
2019-07-30 08:00:00,34,1422.94,1422.42661,-3.8637,879.5238,BREAK/RUPTURA,3.64,5
2019-07-31 16:00:00,34,1428.16,1428.34376,-21.729,1982.3377,HIT/DEFESA,-9.97,5
2019-07-31 17:00:00,34,1427.58,1428.30012,-23.6902,12069.4915,HIT/DEFESA,-15.25,5
2019-07-31 18:00:00,34,1427.98,1428.28183,-28.003,10083.6735,HIT/DEFESA,-15.74,5
2019-07-31 19:00:00,134,1424.49,1424.34051,-25.6974,1946.7236,BREAK/RUPTURA,20.42,5
2019-07-31 20:00:00,34,1427.89,1428.05514,2.1715,1793.4718,BREAK/RUPTURA,-13.1,5
2019-08-01 18:00:00,34,1415.17,1414.86527,63.8605,7446.6667,HIT/DEFESA,29.7,5
2019-08-09 15:00:00,34,1499.52,1500.33236,-25.3437,2844.0945,HIT/DEFESA,-0.58,5
2019-08-09 19:00:00,34,1499.85,1500.45188,15.2247,1991.1905,HIT/DEFESA,11.17,5
2019-08-12 02:00:00,34,1500.69,1500.31751,24.8502,580.9633,BREAK/RUPTURA,-3.94,5
2019-08-14 04:00:00,134,1495.35,1495.27495,-41.0254,2454.7315,BREAK/RUPTURA,1.91,5
2019-08-15 09:00:00,34,1513.87,1513.72134,-43.6696,2511.5663,BREAK/RUPTURA,1.1,5
2019-08-15 14:00:00,34,1514.97,1514.43523,-6.3327,2086.055,BREAK/RUPTURA,5.36,5
2019-08-15 16:00:00,34,1514.97,1514.30334,-35.7143,4379.7101,BREAK/RUPTURA,7.74,5
2019-08-16 05:00:00,34,1517.7,1518.11985,-57.7133,1477.6413,HIT/DEFESA,-2.45,5
2019-08-16 08:00:00,34,1519.26,1518.52696,10.2787,1667.7291,BREAK/RUPTURA,-6.88,5
2019-08-16 20:00:00,34,1514.43,1515.114,63.6608,2659.7403,BREAK/RUPTURA,-4.82,5
2019-08-16 21:00:00,34,1514.08,1515.05491,29.1452,11205.7143,BREAK/RUPTURA,-4.77,5
2019-08-19 06:00:00,134,1508.79,1507.85383,-7.6162,16950.0,HIT/DEFESA,-7.78,5
2019-08-19 08:00:00,134,1507.08,1507.86011,-12.3265,2051.0204,HIT/DEFESA,-7.18,5
2019-08-19 09:00:00,134,1507.26,1507.85122,-10.1406,26805.2632,HIT/DEFESA,-13.2,5
2019-08-20 00:00:00,134,1506.9,1506.14777,78.183,6566.8519,BREAK/RUPTURA,-10.98,5
2019-08-20 12:00:00,134,1504.28,1504.74419,50.1747,1708.6957,BREAK/RUPTURA,-1.58,5
2019-08-20 13:00:00,134,1504.63,1504.7425,34.6129,7558.3333,BREAK/RUPTURA,-1.21,5
2019-08-20 15:00:00,134,1504.1,1504.74228,-1.1966,5024.812,BREAK/RUPTURA,1.52,5
2019-08-20 16:00:00,134,1504.53,1504.73914,-0.6646,21829.5455,BREAK/RUPTURA,1.44,5
2019-08-20 17:00:00,34,1502.7,1501.92136,-17.8028,5023.7569,BREAK/RUPTURA,5.26,5
2019-08-20 19:00:00,134,1504.68,1504.68969,0.997,2445.2381,BREAK/RUPTURA,-2.26,5
2019-08-20 20:00:00,134,1505.62,1504.70347,19.4317,3205.2632,HIT/DEFESA,0.76,5
2019-08-21 00:00:00,34,1502.42,1503.08658,-23.5728,12608.7591,BREAK/RUPTURA,1.09,5
2019-08-21 04:00:00,134,1504.9,1504.83862,-9.8249,2678.8321,HIT/DEFESA,-5.32,5
2019-08-21 05:00:00,34,1503.51,1503.66421,-17.3293,2004.3165,HIT/DEFESA,-6.26,5
2019-08-21 06:00:00,34,1502.8,1503.61482,-23.037,4030.4348,HIT/DEFESA,-3.88,5
2019-08-21 07:00:00,34,1503.14,1503.58769,-11.6951,4089.2857,HIT/DEFESA,-2.99,5
2019-08-21 08:00:00,34,1502.63,1503.53297,-5.853,5507.8431,HIT/DEFESA,-1.21,5
2019-08-21 16:00:00,34,1503.02,1502.29155,10.6566,2330.4688,HIT/DEFESA,0.21,5
2019-08-21 22:00:00,34,1502.88,1502.66302,-21.0484,16221.4286,HIT/DEFESA,-1.44,5
2019-08-21 23:00:00,34,1502.3,1502.64227,-6.9844,1700.0,BREAK/RUPTURA,1.02,5
2019-08-22 01:00:00,34,1502.69,1502.39381,-1.2642,16622.2222,HIT/DEFESA,-1.21,5
2019-08-22 02:00:00,34,1502.53,1502.40159,1.531,3316.6667,BREAK/RUPTURA,-2.91,5
2019-08-22 03:00:00,34,1501.44,1502.34664,23.0978,1454.1284,BREAK/RUPTURA,-1.08,5
2019-08-22 04:00:00,34,1503.32,1502.40226,4.1925,1857.5269,BREAK/RUPTURA,-2.27,5
2019-08-22 04:00:00,134,1503.32,1503.94755,4.1925,1857.5269,BREAK/RUPTURA,-2.27,5
2019-08-22 05:00:00,34,1501.65,1502.35928,-5.8568,1002.2989,HIT/DEFESA,-3.22,5
2019-08-22 06:00:00,34,1501.48,1502.30903,0.2664,8806.25,BREAK/RUPTURA,-3.2,5
2019-08-22 09:00:00,34,1501.05,1501.99548,-2.8638,4115.942,HIT/DEFESA,-8.28,5
2019-08-22 16:00:00,134,1502.43,1503.11112,41.2361,1705.852,BREAK/RUPTURA,-3.39,5
2019-08-22 17:00:00,34,1500.31,1500.4961,50.5101,4386.7925,BREAK/RUPTURA,-1.21,5
2019-08-22 18:00:00,34,1500.63,1500.50375,26.7937,17487.5,BREAK/RUPTURA,-2.49,5
2019-08-23 15:00:00,134,1502.3,1501.71789,39.5621,2034.4615,HIT/DEFESA,25.07,5
2019-08-27 01:00:00,34,1527.12,1527.69448,-10.989,3777.5,BREAK/RUPTURA,1.83,5
2019-08-27 03:00:00,34,1528.32,1527.7747,-92.2498,16888.8889,BREAK/RUPTURA,3.21,5
2019-08-27 04:00:00,34,1528.23,1527.80071,7.2686,53063.6364,HIT/DEFESA,4.69,5
2019-08-27 05:00:00,34,1527.52,1527.78467,-6.5423,3721.1268,BREAK/RUPTURA,4.68,5
2019-08-27 07:00:00,34,1527.69,1527.84205,-3.5335,826.1905,BREAK/RUPTURA,3.49,5
2019-08-27 15:00:00,34,1529.51,1529.06725,-10.9066,4274.3421,BREAK/RUPTURA,11.37,5
2019-08-28 05:00:00,34,1534.64,1535.50432,-57.2088,1272.1519,BREAK/RUPTURA,6.82,5
2019-08-28 06:00:00,34,1536.1,1535.53836,-48.8456,2632.1918,BREAK/RUPTURA,3.96,5
2019-08-28 07:00:00,34,1535.38,1535.52931,-41.1875,2726.3889,BREAK/RUPTURA,6.86,5
2019-08-28 16:00:00,34,1536.84,1537.72317,-38.8248,2550.5447,BREAK/RUPTURA,5.2,5
2019-08-28 17:00:00,34,1537.95,1537.73613,-47.4348,8123.8938,BREAK/RUPTURA,1.35,5
2019-08-28 18:00:00,34,1537.69,1537.73349,-24.3926,27354.1667,BREAK/RUPTURA,3.26,5
2019-08-29 01:00:00,34,1538.24,1537.71513,-6.8862,1900.0,BREAK/RUPTURA,4.42,5
2019-08-29 02:00:00,34,1538.64,1537.76798,-14.9908,3277.7778,BREAK/RUPTURA,4.21,5
2019-08-29 11:00:00,34,1539.71,1539.75082,-28.56,6977.6786,HIT/DEFESA,-0.35,5
2019-08-29 16:00:00,34,1539.36,1539.52603,19.2006,4001.506,BREAK/RUPTURA,-17.96,5
2019-08-29 17:00:00,34,1539.03,1539.49769,14.3152,29296.9697,BREAK/RUPTURA,-10.54,5
2019-08-29 19:00:00,134,1528.46,1529.16068,-70.8086,1311.375,HIT/DEFESA,-8.27,5
2019-08-29 22:00:00,134,1528.49,1529.00885,0.1963,658.2048,BREAK/RUPTURA,-3.84,5
2019-08-30 02:00:00,134,1528.69,1528.82528,11.8542,1565.0,BREAK/RUPTURA,-2.65,5
2019-08-30 08:00:00,134,1529.52,1528.57219,35.7595,1040.2266,BREAK/RUPTURA,-3.94,5
2019-08-30 09:00:00,134,1528.56,1528.57201,28.2762,9034.375,BREAK/RUPTURA,-4.58,5
2019-08-30 15:00:00,134,1528.18,1528.29381,17.962,1650.7143,BREAK/RUPTURA,-9.27,5
2019-08-30 16:00:00,134,1527.85,1528.28723,14.8796,24802.5,BREAK/RUPTURA,-2.51,5
2019-08-30 17:00:00,134,1528.37,1528.28846,28.8062,16792.3077,BREAK/RUPTURA,-4.29,5
2019-08-30 18:00:00,134,1527.56,1528.27767,-4.0571,11665.4321,HIT/DEFESA,-6.83,5
2019-09-02 12:00:00,34,1525.6,1526.38163,19.3741,726.7735,HIT/DEFESA,1.11,5
2019-09-02 16:00:00,134,1527.33,1527.30885,21.0613,1500.0,HIT/DEFESA,19.57,5
2019-09-02 18:00:00,134,1527.5,1527.30294,24.4788,5498.7342,BREAK/RUPTURA,-1.29,5
2019-09-03 08:00:00,34,1526.52,1526.62835,25.6796,1453.4247,HIT/DEFESA,3.74,5
2019-09-03 08:00:00,134,1526.52,1527.33633,25.6796,1453.4247,HIT/DEFESA,3.74,5
2019-09-03 09:00:00,34,1526.58,1526.62558,20.4139,89700.0,HIT/DEFESA,4.69,5
2019-09-03 09:00:00,134,1526.58,1527.32513,20.4139,89700.0,HIT/DEFESA,4.69,5
2019-09-04 11:00:00,34,1538.64,1538.47783,-19.654,1842.0814,BREAK/RUPTURA,7.5,5
2019-09-04 12:00:00,34,1538.29,1538.4671,5.0081,10768.5714,HIT/DEFESA,8.26,5
2019-09-05 04:00:00,34,1542.6,1543.10489,-60.1827,1513.7815,BREAK/RUPTURA,5.41,5
2019-09-05 05:00:00,34,1543.95,1543.15319,-46.5455,4227.7778,HIT/DEFESA,-1.8,5
2019-09-05 11:00:00,34,1542.65,1543.55106,-13.853,10459.6154,HIT/DEFESA,-14.52,5
2019-09-05 14:00:00,34,1542.8,1543.25307,0.9724,3029.3233,BREAK/RUPTURA,-27.41,5
2019-09-05 15:00:00,134,1536.81,1536.08595,-25.8309,1749.8333,HIT/DEFESA,-16.85,5
2019-09-06 17:00:00,34,1520.0,1520.52727,97.655,2660.9091,BREAK/RUPTURA,-14.62,5
2019-09-06 18:00:00,34,1521.04,1520.55657,33.5763,6861.9048,BREAK/RUPTURA,-14.61,5
2019-09-09 14:00:00,34,1511.35,1512.24179,21.218,2165.1163,BREAK/RUPTURA,-8.09,5
2019-09-10 16:00:00,34,1497.86,1498.62565,18.0583,4895.7806,BREAK/RUPTURA,-6.98,5
2019-09-11 00:00:00,34,1496.92,1496.00441,40.513,6858.935,BREAK/RUPTURA,-6.24,5
2019-09-11 11:00:00,34,1493.76,1493.65743,-3.1454,957.9221,HIT/DEFESA,-1.86,5
2019-09-11 13:00:00,34,1493.25,1493.57448,22.8211,4873.913,HIT/DEFESA,1.23,5
2019-09-11 19:00:00,34,1493.63,1493.38978,11.596,5192.7711,HIT/DEFESA,5.47,5
2019-09-12 04:00:00,34,1493.07,1494.03188,-24.4533,1163.3218,BREAK/RUPTURA,7.96,5
2019-09-12 06:00:00,34,1493.42,1493.92839,21.7423,4743.0769,HIT/DEFESA,10.93,5
2019-09-12 11:00:00,134,1504.35,1504.93505,43.7979,3039.4737,HIT/DEFESA,11.85,5
2019-09-12 23:00:00,34,1498.98,1499.84804,4.3382,9085.7143,BREAK/RUPTURA,-2.21,5
2019-09-13 07:00:00,34,1497.8,1498.58502,6.8815,5082.1429,HIT/DEFESA,8.31,5
2019-09-13 15:00:00,34,1500.36,1500.68657,-38.1778,1289.6597,HIT/DEFESA,-8.72,5
2019-09-13 16:00:00,134,1503.83,1503.93454,-8.3052,2379.023,HIT/DEFESA,-17.38,5
2019-09-16 06:00:00,134,1502.99,1502.68425,-16.7385,19225.0,HIT/DEFESA,-0.59,5
2019-09-16 10:00:00,134,1503.63,1502.76913,-3.7229,4355.2239,HIT/DEFESA,-2.21,5
2019-09-16 11:00:00,134,1502.4,1502.76366,-9.4426,4456.5574,HIT/DEFESA,-5.03,5
2019-09-16 12:00:00,134,1503.74,1502.77813,-8.1065,3840.8451,HIT/DEFESA,-4.34,5
2019-09-16 19:00:00,134,1503.09,1502.6665,38.2003,6455.4054,BREAK/RUPTURA,-1.97,5
2019-09-16 20:00:00,134,1502.15,1502.65885,18.3407,4027.957,BREAK/RUPTURA,-3.11,5
2019-09-16 21:00:00,34,1501.73,1501.13566,-13.9643,10124.3243,HIT/DEFESA,-3.74,5
2019-09-16 21:00:00,134,1501.73,1502.64509,-13.9643,10124.3243,HIT/DEFESA,-3.74,5
2019-09-17 00:00:00,34,1501.12,1500.864,-4.062,34768.3258,HIT/DEFESA,-2.63,5
2019-09-17 04:00:00,34,1499.69,1500.3613,4.3361,2043.75,BREAK/RUPTURA,-5.41,5
2019-09-17 13:00:00,34,1498.89,1499.23585,7.411,3558.6207,HIT/DEFESA,5.91,5
2019-09-17 14:00:00,134,1500.95,1501.67312,22.436,1797.561,HIT/DEFESA,4.78,5
2019-09-17 16:00:00,134,1501.52,1501.68934,17.5463,9377.7778,HIT/DEFESA,0.93,5
2019-09-17 17:00:00,134,1501.76,1501.69039,5.3966,37220.8333,HIT/DEFESA,0.27,5
2019-09-17 21:00:00,134,1502.45,1501.83106,-15.6167,3452.6786,HIT/DEFESA,-1.71,5
2019-09-17 22:00:00,134,1502.03,1501.83401,-24.5728,5381.3953,HIT/DEFESA,-0.92,5
2019-09-17 23:00:00,34,1501.29,1500.78201,-15.0975,1724.3243,BREAK/RUPTURA,1.63,5
2019-09-17 23:00:00,134,1501.29,1501.82595,-15.0975,1724.3243,BREAK/RUPTURA,1.63,5
2019-09-18 01:00:00,34,1501.16,1500.41935,-5.7922,58250.0,BREAK/RUPTURA,1.66,5
2019-09-18 01:00:00,134,1501.16,1501.69675,-5.7922,58250.0,BREAK/RUPTURA,1.66,5
2019-09-18 02:00:00,34,1500.74,1500.43767,-3.6635,3090.6977,BREAK/RUPTURA,1.54,5
2019-09-18 02:00:00,134,1500.74,1501.68258,-3.6635,3090.6977,BREAK/RUPTURA,1.54,5
2019-09-18 03:00:00,34,1501.11,1500.47609,49.9448,5467.6471,HIT/DEFESA,0.98,5
2019-09-18 03:00:00,134,1501.11,1501.6741,49.9448,5467.6471,HIT/DEFESA,0.98,5
2019-09-18 08:00:00,134,1502.09,1501.72631,1.1985,8857.8947,BREAK/RUPTURA,-1.01,5
2019-09-18 09:00:00,34,1501.57,1500.99827,-8.3177,5986.0,HIT/DEFESA,-0.07,5
2019-09-18 09:00:00,134,1501.57,1501.72399,-8.3177,5986.0,HIT/DEFESA,-0.07,5
2019-09-18 10:00:00,34,1501.57,1501.03094,-4.7261,57975.0,BREAK/RUPTURA,2.95,5
2019-09-18 10:00:00,134,1501.57,1501.72171,-4.7261,57975.0,BREAK/RUPTURA,2.95,5
2019-09-18 11:00:00,34,1501.62,1501.0646,-3.129,58533.3333,BREAK/RUPTURA,2.94,5
2019-09-18 11:00:00,134,1501.62,1501.72021,-3.129,58533.3333,BREAK/RUPTURA,2.94,5
2019-09-18 12:00:00,134,1502.51,1501.73191,6.2601,2073.6264,HIT/DEFESA,4.49,5
2019-09-18 13:00:00,34,1501.08,1501.14335,-3.2633,1463.0137,BREAK/RUPTURA,6.7,5
2019-09-18 13:00:00,134,1501.08,1501.72225,-3.2633,1463.0137,BREAK/RUPTURA,6.7,5
2019-09-18 14:00:00,34,1501.5,1501.16373,-0.7991,4367.4419,BREAK/RUPTURA,6.97,5
2019-09-18 14:00:00,134,1501.5,1501.71896,-0.7991,4367.4419,BREAK/RUPTURA,6.97,5
2019-09-19 11:00:00,34,1497.28,1497.82849,5.1453,1733.5878,HIT/DEFESA,3.75,5
2019-09-19 14:00:00,134,1501.3,1500.44747,26.8487,1840.3636,BREAK/RUPTURA,-2.1,5
2019-09-19 16:00:00,134,1501.03,1500.50386,16.4825,3452.6316,BREAK/RUPTURA,-1.64,5
2019-09-19 17:00:00,134,1500.47,1500.50336,-5.5285,14089.0909,HIT/DEFESA,-1.87,5
2019-09-19 18:00:00,34,1498.46,1498.59191,-34.9799,2901.4423,HIT/DEFESA,-0.02,5
2019-09-19 19:00:00,34,1499.2,1498.62666,-12.1916,5030.6667,BREAK/RUPTURA,17.31,5
2019-09-19 20:00:00,134,1500.26,1500.45135,-1.3996,6002.9703,HIT/DEFESA,-2.2,5
2019-09-19 21:00:00,34,1499.39,1498.75828,6.2064,4700.0,HIT/DEFESA,0.18,5
2019-09-19 23:00:00,34,1498.44,1498.73156,-12.1312,6950.0,BREAK/RUPTURA,3.5,5
2019-09-20 02:00:00,34,1499.57,1499.64642,7.5412,919.4631,HIT/DEFESA,4.86,5
2019-09-20 02:00:00,134,1499.57,1500.56538,7.5412,919.4631,HIT/DEFESA,4.86,5
2019-09-20 03:00:00,34,1499.55,1499.64091,-111.8357,26250000.0,BREAK/RUPTURA,6.11,5
2019-09-20 15:00:00,34,1501.39,1501.43134,-13.8347,2738.9937,BREAK/RUPTURA,8.64,5
2019-09-20 15:00:00,134,1501.39,1500.9965,-13.8347,2738.9937,BREAK/RUPTURA,8.64,5
2019-09-20 16:00:00,34,1501.79,1501.45184,-13.4325,16474.359,BREAK/RUPTURA,10.71,5
2019-09-20 16:00:00,134,1501.79,1501.00825,-13.4325,16474.359,BREAK/RUPTURA,10.71,5
2019-09-20 18:00:00,34,1502.21,1501.647,5.4616,2313.4328,HIT/DEFESA,14.24,5
2019-09-27 19:00:00,34,1502.14,1502.08439,69.1772,1287.5,BREAK/RUPTURA,-29.75,5
2019-10-02 01:00:00,34,1478.49,1477.73355,-18.7677,1411.3043,HIT/DEFESA,-1.4,5
2019-10-02 04:00:00,34,1478.09,1478.0723,-2.7055,1862.1212,HIT/DEFESA,-1.6,5
2019-10-02 05:00:00,34,1477.4,1478.03389,-27.4727,3521.4286,BREAK/RUPTURA,3.76,5
2019-10-02 06:00:00,34,1477.09,1477.97995,-20.4713,4846.6667,BREAK/RUPTURA,4.96,5
2019-10-02 08:00:00,34,1478.07,1477.88866,4.535,897.8261,HIT/DEFESA,6.51,5
2019-10-04 15:00:00,134,1496.46,1497.37238,-85.2696,1065.7558,BREAK/RUPTURA,8.02,5
2019-10-04 18:00:00,34,1503.61,1504.04634,47.7794,2936.1842,HIT/DEFESA,0.98,5
2019-10-04 20:00:00,34,1504.48,1504.29868,-14.4028,1377.7188,BREAK/RUPTURA,1.44,5
2019-10-04 22:00:00,34,1505.5,1504.50856,-18.3654,2665.7534,BREAK/RUPTURA,2.86,5
2019-10-04 23:00:00,34,1504.59,1504.51321,0.7311,1557.7778,HIT/DEFESA,3.05,5
2019-10-07 07:00:00,34,1505.68,1504.96242,-13.0005,1682.1782,HIT/DEFESA,-2.94,5
2019-10-07 08:00:00,34,1505.28,1504.98057,-16.1834,5641.6667,HIT/DEFESA,-5.68,5
2019-10-07 09:00:00,34,1506.02,1505.03996,-4.3805,3297.4026,HIT/DEFESA,-7.25,5
2019-10-07 13:00:00,134,1499.6,1499.36997,-21.2936,1028.3439,HIT/DEFESA,-1.0,5
2019-10-07 17:00:00,34,1502.73,1503.51092,26.4217,6263.2075,BREAK/RUPTURA,-9.96,5
2019-10-07 18:00:00,134,1498.6,1499.41673,2.2693,1550.6083,BREAK/RUPTURA,-5.36,5
2019-10-07 19:00:00,134,1499.6,1499.41944,-13.8512,4015.1515,BREAK/RUPTURA,5.78,5
2019-10-08 10:00:00,34,1496.77,1496.99138,38.2276,1228.8165,HIT/DEFESA,6.84,5
2019-10-08 11:00:00,134,1498.47,1498.10372,51.9209,4075.1412,HIT/DEFESA,7.64,5
2019-10-08 19:00:00,34,1500.05,1499.21362,-40.2361,3152.9412,BREAK/RUPTURA,5.4,5
2019-10-09 19:00:00,34,1504.65,1503.9695,-20.0309,1512.3288,HIT/DEFESA,-10.76,5
2019-10-09 23:00:00,34,1505.43,1504.53783,-10.0866,1133.9623,BREAK/RUPTURA,3.34,5
2019-10-10 08:00:00,34,1506.38,1506.09731,-18.6193,1575.7282,HIT/DEFESA,-0.02,5
2019-10-10 09:00:00,34,1506.72,1506.13289,-13.9182,19237.1429,BREAK/RUPTURA,1.58,5
2019-10-10 13:00:00,34,1506.36,1506.51827,-16.1056,2180.8743,HIT/DEFESA,-12.07,5
2019-10-10 15:00:00,134,1502.62,1502.45897,-37.6583,1580.4965,HIT/DEFESA,-5.54,5
2019-10-11 09:00:00,34,1498.82,1498.77262,23.8086,2359.4982,BREAK/RUPTURA,-16.06,5
2019-10-11 11:00:00,34,1498.88,1498.97527,18.8495,1755.493,BREAK/RUPTURA,-16.02,5
2019-10-14 00:00:00,34,1492.92,1492.07993,59.43,13190.3052,BREAK/RUPTURA,-6.2,5
2019-10-14 10:00:00,34,1489.89,1489.70896,21.3221,1997.3913,HIT/DEFESA,1.67,5
2019-10-14 11:00:00,34,1489.91,1489.72045,15.5957,28880000.0,HIT/DEFESA,1.4,5
2019-10-14 21:00:00,34,1491.35,1490.9888,-6.433,1596.0526,HIT/DEFESA,-0.21,5
2019-10-15 02:00:00,34,1491.14,1490.65342,-11.9898,2400.0,BREAK/RUPTURA,2.62,5
2019-10-15 04:00:00,134,1494.85,1495.34571,20.781,2239.5122,BREAK/RUPTURA,-4.46,5
2019-10-15 05:00:00,134,1494.42,1495.33199,21.9966,5471.4286,BREAK/RUPTURA,-1.79,5
2019-10-15 06:00:00,134,1494.42,1495.31848,10.9862,14850000.0,HIT/DEFESA,0.15,5
2019-10-15 08:00:00,34,1491.36,1491.51297,-20.4762,887.5519,BREAK/RUPTURA,3.87,5
2019-10-15 11:00:00,134,1494.57,1495.11946,21.524,2372.8205,BREAK/RUPTURA,-7.02,5
2019-10-15 13:00:00,134,1495.23,1495.10549,17.4189,3686.7257,BREAK/RUPTURA,-14.0,5
2019-10-16 15:00:00,134,1490.56,1491.39014,57.3526,1247.4771,BREAK/RUPTURA,-1.48,5
2019-10-16 17:00:00,34,1485.27,1485.41085,23.1469,6940.8759,HIT/DEFESA,4.21,5
2019-10-17 00:00:00,134,1491.69,1491.05385,15.3753,55036.9128,BREAK/RUPTURA,-3.43,5
2019-10-17 01:00:00,134,1490.58,1491.04683,7.3851,1761.0169,BREAK/RUPTURA,-2.23,5
2019-10-17 03:00:00,134,1491.72,1491.04124,0.2011,1657.0552,BREAK/RUPTURA,-1.58,5
2019-10-17 04:00:00,34,1488.19,1487.48838,-16.034,1539.6552,BREAK/RUPTURA,2.73,5
2019-10-17 05:00:00,34,1488.26,1487.53247,-11.5438,40940.0,HIT/DEFESA,-0.63,5
2019-10-17 07:00:00,34,1487.53,1487.57638,-4.4349,1537.037,HIT/DEFESA,-1.69,5
2019-10-17 08:00:00,134,1490.14,1490.85875,12.6322,819.3916,BREAK/RUPTURA,-3.41,5
2019-10-17 09:00:00,134,1490.92,1490.85965,17.2674,4568.75,BREAK/RUPTURA,-2.62,5
2019-10-17 10:00:00,34,1487.63,1487.88981,0.6723,1426.7477,HIT/DEFESA,2.42,5
2019-10-17 11:00:00,34,1488.41,1487.91954,-11.6096,6131.6456,BREAK/RUPTURA,4.83,5
2019-10-17 14:00:00,34,1488.3,1487.77155,-0.739,3702.6316,BREAK/RUPTURA,6.32,5
2019-10-17 15:00:00,134,1490.05,1490.60122,28.3341,4449.1713,HIT/DEFESA,5.23,5
2019-10-17 17:00:00,134,1491.33,1490.65053,20.3588,4973.2984,HIT/DEFESA,0.4,5
2019-10-18 00:00:00,34,1490.01,1489.92693,-14.2079,39794.5946,BREAK/RUPTURA,2.0,5
2019-10-18 00:00:00,134,1490.01,1490.8957,-14.2079,39794.5946,BREAK/RUPTURA,2.0,5
2019-10-18 04:00:00,134,1491.83,1490.98082,-5.5605,6189.3617,HIT/DEFESA,-1.63,5
2019-10-18 07:00:00,34,1491.46,1490.67207,-2.4802,1322.2222,HIT/DEFESA,-3.02,5
2019-10-18 07:00:00,134,1491.46,1491.02153,-2.4802,1322.2222,HIT/DEFESA,-3.02,5
2019-10-18 09:00:00,34,1490.2,1490.72364,-13.8715,2062.6943,HIT/DEFESA,-1.25,5
2019-10-18 09:00:00,134,1490.2,1491.02554,-13.8715,2062.6943,HIT/DEFESA,-1.25,5
2019-10-18 16:00:00,34,1490.38,1490.04288,26.7086,36486.9565,HIT/DEFESA,0.7,5
2019-10-18 16:00:00,134,1490.38,1490.78639,26.7086,36486.9565,HIT/DEFESA,0.7,5
2019-10-18 18:00:00,34,1491.05,1490.14768,3.086,44431.25,BREAK/RUPTURA,-1.01,5
2019-10-18 18:00:00,134,1491.05,1490.79224,3.086,44431.25,BREAK/RUPTURA,-1.01,5
2019-10-18 21:00:00,34,1491.08,1490.31127,0.2012,6444.4444,HIT/DEFESA,0.41,5
2019-10-18 21:00:00,134,1491.08,1490.80876,0.2012,6444.4444,HIT/DEFESA,0.41,5
2019-10-18 22:00:00,34,1490.61,1490.32834,-8.3118,9993.5484,HIT/DEFESA,-0.13,5
2019-10-18 22:00:00,134,1490.61,1490.80582,-8.3118,9993.5484,HIT/DEFESA,-0.13,5
2019-10-18 23:00:00,34,1490.04,1490.31186,-3.6898,1900.0,HIT/DEFESA,-0.52,5
2019-10-18 23:00:00,134,1490.04,1490.79447,-3.6898,1900.0,HIT/DEFESA,-0.52,5
2019-10-21 02:00:00,134,1491.49,1490.71558,9.7313,4015.1515,BREAK/RUPTURA,-1.9,5
2019-10-21 03:00:00,34,1490.48,1490.13625,42.177,2447.0588,HIT/DEFESA,1.66,5
2019-10-21 03:00:00,134,1490.48,1490.71209,42.177,2447.0588,HIT/DEFESA,1.66,5
2019-10-21 04:00:00,34,1489.52,1490.10104,-10.9981,3507.1429,BREAK/RUPTURA,2.22,5
2019-10-21 05:00:00,34,1490.2,1490.10669,-8.6491,1982.6087,HIT/DEFESA,-1.77,5
2019-10-21 05:00:00,134,1490.2,1490.6871,-8.6491,1982.6087,HIT/DEFESA,-1.77,5
2019-10-21 06:00:00,34,1490.31,1490.11831,-1.1406,6784.6154,HIT/DEFESA,-0.71,5
2019-10-21 06:00:00,134,1490.31,1490.68151,-1.1406,6784.6154,HIT/DEFESA,-0.71,5
2019-10-21 07:00:00,34,1489.59,1490.08812,0.47,1059.4203,HIT/DEFESA,1.97,5
2019-10-21 11:00:00,34,1489.6,1490.15308,-17.0225,3156.7797,BREAK/RUPTURA,2.21,5
2019-10-21 12:00:00,134,1491.56,1490.66671,-1.2066,1428.7179,HIT/DEFESA,-3.26,5
2019-10-21 13:00:00,134,1491.37,1490.67713,19.7524,10421.0526,BREAK/RUPTURA,-6.46,5
2019-10-21 14:00:00,34,1489.97,1490.27966,2.4839,1761.3793,BREAK/RUPTURA,-5.54,5
2019-10-21 14:00:00,134,1489.97,1490.66665,2.4839,1761.3793,BREAK/RUPTURA,-5.54,5
2019-10-22 12:00:00,34,1487.71,1486.93284,13.3268,7604.878,BREAK/RUPTURA,-3.6,5
2019-10-22 13:00:00,34,1487.65,1486.97382,3.4294,22070000.0,BREAK/RUPTURA,-3.49,5
2019-10-22 14:00:00,34,1487.25,1486.9896,-5.9135,6576.9231,HIT/DEFESA,-3.22,5
2019-10-22 15:00:00,34,1486.82,1486.97991,-5.9823,13125.5814,HIT/DEFESA,-1.78,5
2019-10-22 22:00:00,34,1487.46,1486.55022,23.1127,120200.0,HIT/DEFESA,1.22,5
2019-10-23 01:00:00,34,1487.92,1486.97408,3.0925,3412.5,HIT/DEFESA,1.2,5
2019-10-23 01:00:00,134,1487.92,1488.85573,3.0925,3412.5,HIT/DEFESA,1.2,5
2019-10-23 02:00:00,134,1488.72,1488.85372,6.9235,1557.6923,HIT/DEFESA,0.93,5
2019-10-23 04:00:00,134,1489.12,1488.85513,8.0649,9997.561,HIT/DEFESA,2.23,5
2019-10-23 05:00:00,134,1489.49,1488.86454,5.1722,6825.641,HIT/DEFESA,3.19,5
2019-10-23 06:00:00,134,1489.12,1488.86832,2.9556,4637.1429,HIT/DEFESA,5.47,5
2019-10-23 07:00:00,134,1489.65,1488.8799,3.5591,2275.4717,HIT/DEFESA,3.55,5
2019-10-23 08:00:00,134,1489.21,1488.88479,-1.8798,5676.1905,BREAK/RUPTURA,1.9,5
2019-10-24 02:00:00,34,1492.01,1491.42098,2.0111,2555.2632,HIT/DEFESA,0.68,5
2019-10-24 03:00:00,34,1491.54,1491.42778,-80.8012,2386.0,BREAK/RUPTURA,1.23,5
2019-10-24 05:00:00,34,1492.55,1491.58685,3.6193,2259.375,BREAK/RUPTURA,-2.81,5
2019-10-24 06:00:00,34,1492.23,1491.62361,4.6261,3375.0,BREAK/RUPTURA,-2.44,5
2019-10-24 09:00:00,34,1491.93,1491.75705,-2.0104,3062.6506,HIT/DEFESA,-1.17,5
2019-10-24 10:00:00,134,1489.74,1490.15756,-19.763,2481.2785,BREAK/RUPTURA,2.85,5
2019-10-24 11:00:00,134,1489.79,1490.15211,-19.9629,356700.0,BREAK/RUPTURA,9.06,5
2019-10-24 13:00:00,134,1490.18,1490.13089,2.9535,1135.0993,HIT/DEFESA,9.5,5
2019-10-24 14:00:00,34,1490.76,1491.27299,6.511,3224.1379,HIT/DEFESA,10.19,5
2019-10-24 14:00:00,134,1490.76,1490.14021,6.511,3224.1379,HIT/DEFESA,10.19,5
2019-10-25 19:00:00,34,1502.5,1502.73709,-77.7927,4767.9104,HIT/DEFESA,-10.13,5
2019-10-25 20:00:00,34,1503.62,1502.78754,-53.1208,3986.6071,HIT/DEFESA,-0.48,5
2019-10-28 06:00:00,34,1504.07,1503.09545,-4.1205,1889.011,BREAK/RUPTURA,2.38,5
2019-10-28 07:00:00,34,1503.59,1503.12371,-14.4776,2510.6383,BREAK/RUPTURA,2.32,5
2019-10-28 13:00:00,34,1504.46,1503.90975,-7.1735,1724.8322,HIT/DEFESA,-14.21,5
2019-10-28 14:00:00,34,1503.29,1503.87434,-20.9765,2504.2017,HIT/DEFESA,-10.66,5
2019-10-28 15:00:00,134,1497.86,1497.36001,-53.456,1223.6462,HIT/DEFESA,-4.96,5
2019-10-30 00:00:00,134,1495.38,1494.77852,36.1747,10072.5437,BREAK/RUPTURA,-7.05,5
2019-10-30 11:00:00,34,1490.27,1490.52958,17.4097,1814.0845,HIT/DEFESA,1.83,5
2019-10-30 12:00:00,34,1490.68,1490.53818,11.5517,5780.0,HIT/DEFESA,1.11,5
2019-10-30 13:00:00,134,1492.96,1493.78142,27.6052,1391.2281,HIT/DEFESA,1.57,5
2019-10-30 14:00:00,134,1493.45,1493.77651,21.3384,5557.1429,HIT/DEFESA,0.52,5
2019-10-30 17:00:00,34,1491.79,1491.03524,-11.1152,22930.303,BREAK/RUPTURA,4.38,5
2019-10-30 18:00:00,134,1494.53,1493.71451,14.5407,2053.6232,HIT/DEFESA,1.04,5
2019-10-30 19:00:00,134,1493.97,1493.71829,12.5327,6506.6667,HIT/DEFESA,18.74,5
2019-10-30 20:00:00,134,1493.6,1493.71654,12.1331,8015.3846,HIT/DEFESA,1.92,5
2019-10-31 03:00:00,134,1494.55,1494.05276,-120.0494,3157.377,BREAK/RUPTURA,3.62,5
2019-11-01 15:00:00,34,1507.82,1507.80174,-26.788,3838.3065,BREAK/RUPTURA,1.27,5
2019-11-01 17:00:00,34,1508.78,1507.99008,-9.9981,7293.5065,BREAK/RUPTURA,4.19,5
2019-11-01 20:00:00,34,1509.09,1508.31971,2.0546,3368.1529,HIT/DEFESA,3.72,5
2019-11-01 21:00:00,34,1508.19,1508.3123,-14.698,4310.0,BREAK/RUPTURA,3.34,5
2019-11-04 00:00:00,34,1509.62,1508.92414,9.4816,15535.7143,HIT/DEFESA,2.41,5
2019-11-04 11:00:00,34,1510.63,1510.33358,-8.7965,5596.1538,HIT/DEFESA,-0.67,5
2019-11-04 12:00:00,34,1510.41,1510.33794,-20.6141,12540.0,HIT/DEFESA,-1.42,5
2019-11-04 15:00:00,34,1510.21,1510.53742,-1.3241,3100.4878,HIT/DEFESA,-2.8,5
2019-11-04 16:00:00,34,1509.96,1510.50442,-15.9353,16597.2973,HIT/DEFESA,-1.79,5
2019-11-04 19:00:00,34,1509.63,1510.20164,-2.1855,1171.4859,HIT/DEFESA,-26.22,5
2019-11-04 23:00:00,34,1509.45,1509.82956,13.5331,1376.0417,BREAK/RUPTURA,-3.75,5
2019-11-05 05:00:00,134,1504.9,1503.90762,-14.6638,1991.25,HIT/DEFESA,-0.6,5
2019-11-05 08:00:00,134,1504.61,1503.98035,-1.927,1530.2083,HIT/DEFESA,-0.94,5
2019-11-05 10:00:00,134,1504.3,1504.01807,-14.9348,2215.3846,HIT/DEFESA,-12.78,5
2019-11-05 11:00:00,134,1504.94,1504.03172,2.1933,4725.3968,BREAK/RUPTURA,-10.65,5
2019-11-05 12:00:00,134,1503.91,1504.02992,-15.469,2007.767,HIT/DEFESA,-18.18,5
2019-11-05 13:00:00,134,1503.67,1504.02459,-4.188,15438.4615,HIT/DEFESA,-22.23,5
2019-11-06 19:00:00,34,1489.57,1490.5345,16.6095,1488.2736,BREAK/RUPTURA,-21.27,5
2019-11-06 21:00:00,34,1490.9,1490.54706,-11.5903,5337.7778,HIT/DEFESA,-0.45,5
2019-11-06 22:00:00,34,1491.06,1490.57637,10.0029,10666.6667,HIT/DEFESA,0.03,5
2019-11-11 09:00:00,34,1464.7,1465.43707,15.7276,2620.6897,BREAK/RUPTURA,-2.27,5
2019-11-11 10:00:00,34,1464.74,1465.39724,16.823,83200.0,BREAK/RUPTURA,-3.99,5
2019-11-11 11:00:00,34,1465.74,1465.41683,15.1689,3266.0,BREAK/RUPTURA,-6.22,5
2019-11-11 12:00:00,34,1465.42,1465.41701,4.9157,5537.5,BREAK/RUPTURA,-16.51,5
2019-11-11 13:00:00,34,1464.39,1465.35832,-2.3895,1933.0097,HIT/DEFESA,-9.7,5
2019-11-12 23:00:00,34,1456.28,1456.26198,23.8158,758.5153,HIT/DEFESA,1.96,5
2019-11-13 03:00:00,34,1457.81,1456.92703,-37.9264,4656.701,BREAK/RUPTURA,3.76,5
2019-11-13 19:00:00,34,1460.86,1460.2347,-12.5795,2966.4122,BREAK/RUPTURA,10.28,5
2019-11-14 03:00:00,34,1461.59,1461.77372,-64.9156,1429.0909,BREAK/RUPTURA,3.66,5
2019-11-14 04:00:00,34,1462.83,1461.83408,-4.3049,2810.3448,BREAK/RUPTURA,3.55,5
2019-11-14 09:00:00,134,1466.38,1467.26157,11.2649,4733.3333,HIT/DEFESA,1.71,5
2019-11-14 12:00:00,134,1468.22,1467.34353,12.5479,3584.5588,HIT/DEFESA,1.14,5
2019-11-14 13:00:00,134,1467.51,1467.34599,-14.2216,4461.7647,BREAK/RUPTURA,5.78,5
2019-11-14 14:00:00,134,1468.09,1467.35701,-10.2749,5883.9286,BREAK/RUPTURA,4.14,5
2019-11-14 15:00:00,134,1468.1,1467.36802,-0.8173,675600.0,BREAK/RUPTURA,5.68,5
2019-11-14 16:00:00,134,1467.61,1467.37161,0.6814,15152.0833,HIT/DEFESA,3.72,5
2019-11-15 00:00:00,34,1467.82,1467.02661,-23.856,21881.4024,HIT/DEFESA,-1.73,5
2019-11-15 00:00:00,134,1467.82,1467.79663,-23.856,21881.4024,HIT/DEFESA,-1.73,5
2019-11-15 02:00:00,34,1466.95,1467.13771,-27.0577,1378.7611,HIT/DEFESA,-3.08,5
2019-11-15 02:00:00,134,1466.95,1467.80413,-27.0577,1378.7611,HIT/DEFESA,-3.08,5
2019-11-15 03:00:00,34,1467.69,1467.16927,-0.8857,5310.5263,HIT/DEFESA,-3.23,5
2019-11-15 03:00:00,134,1467.69,1467.80244,-0.8857,5310.5263,HIT/DEFESA,-3.23,5
2019-11-15 04:00:00,34,1467.08,1467.16417,-14.2257,3704.918,HIT/DEFESA,-2.81,5
2019-11-15 04:00:00,134,1467.08,1467.79174,-14.2257,3704.918,HIT/DEFESA,-2.81,5
2019-11-15 06:00:00,34,1466.45,1467.06549,-8.4487,3058.3333,HIT/DEFESA,-3.1,5
2019-11-15 10:00:00,34,1466.32,1466.58687,16.7365,1811.2195,HIT/DEFESA,1.47,5
2019-11-15 15:00:00,134,1467.79,1467.42666,16.7197,2252.5974,HIT/DEFESA,0.23,5
2019-11-15 18:00:00,34,1465.94,1466.40789,-12.604,1882.4903,BREAK/RUPTURA,1.38,5
2019-11-15 19:00:00,134,1467.62,1467.40119,11.5968,1583.3333,HIT/DEFESA,3.67,5
2019-11-15 21:00:00,34,1466.22,1466.54559,1.91,1087.7778,HIT/DEFESA,1.23,5
2019-11-15 22:00:00,34,1466.7,1466.55441,-6.2687,3925.0,HIT/DEFESA,-1.24,5
2019-11-15 22:00:00,134,1466.7,1467.38246,-6.2687,3925.0,HIT/DEFESA,-1.24,5
2019-11-15 23:00:00,34,1467.32,1466.59816,-4.7683,1487.2727,HIT/DEFESA,-1.46,5
2019-11-15 23:00:00,134,1467.32,1467.38154,-4.7683,1487.2727,HIT/DEFESA,-1.46,5
2019-11-18 02:00:00,34,1467.45,1467.01135,0.886,1502.649,BREAK/RUPTURA,-2.4,5
2019-11-18 02:00:00,134,1467.45,1467.4615,0.886,1502.649,BREAK/RUPTURA,-2.4,5
2019-11-18 05:00:00,34,1465.85,1466.80415,-10.9033,15840000.0,HIT/DEFESA,-5.94,5
2019-11-18 06:00:00,34,1466.19,1466.76905,4.9814,3182.3529,BREAK/RUPTURA,-7.83,5
2019-11-18 15:00:00,34,1464.4,1464.35503,44.378,1103.7634,HIT/DEFESA,7.51,5
2019-11-19 09:00:00,34,1469.39,1468.735,-6.0533,1599.5816,HIT/DEFESA,-1.67,5
2019-11-19 13:00:00,34,1467.4,1468.2921,-3.8148,1459.9034,BREAK/RUPTURA,3.76,5
2019-11-19 13:00:00,134,1467.4,1467.58268,-3.8148,1459.9034,BREAK/RUPTURA,3.76,5
2019-11-19 14:00:00,34,1467.72,1468.25941,12.6888,6660.7143,HIT/DEFESA,6.65,5
2019-11-19 14:00:00,134,1467.72,1467.58472,12.6888,6660.7143,HIT/DEFESA,6.65,5
2019-11-19 15:00:00,34,1468.7,1468.28458,22.9982,6107.3684,HIT/DEFESA,5.82,5
2019-11-19 16:00:00,34,1469.18,1468.33575,12.1303,14482.4561,HIT/DEFESA,3.84,5
2019-11-20 14:00:00,34,1473.38,1472.78333,-19.644,5855.8824,HIT/DEFESA,-2.03,5
2019-11-20 15:00:00,34,1471.83,1472.72885,-27.1034,3400.0,HIT/DEFESA,-1.58,5
2019-11-20 16:00:00,34,1472.51,1472.71635,-10.3796,9883.5821,HIT/DEFESA,-1.28,5
2019-11-20 17:00:00,134,1469.27,1469.54006,-27.895,2520.5521,BREAK/RUPTURA,3.54,5
2019-11-20 19:00:00,34,1471.35,1472.21448,-7.8777,1631.6923,HIT/DEFESA,-7.11,5
2019-11-20 20:00:00,134,1470.25,1469.55628,6.67,10564.486,HIT/DEFESA,4.12,5
2019-11-20 21:00:00,34,1471.23,1472.05238,21.3201,7120.5882,HIT/DEFESA,3.67,5
2019-11-20 22:00:00,34,1472.81,1472.09568,9.9229,2459.2593,HIT/DEFESA,2.15,5
2019-11-20 23:00:00,34,1471.08,1472.03764,5.6453,795.2663,HIT/DEFESA,1.29,5
2019-11-21 04:00:00,34,1472.37,1472.11906,-13.5651,2175.0958,HIT/DEFESA,-1.25,5
2019-11-21 05:00:00,34,1471.49,1472.08311,-23.1202,2112.6437,BREAK/RUPTURA,1.76,5
2019-11-21 07:00:00,134,1470.31,1469.88229,-13.991,3553.0303,HIT/DEFESA,-2.04,5
2019-11-21 08:00:00,134,1470.47,1469.89099,-6.9317,17826.6667,HIT/DEFESA,-1.1,5
2019-11-21 11:00:00,134,1470.6,1469.96819,0.8841,1453.7879,BREAK/RUPTURA,-2.95,5
2019-11-21 13:00:00,134,1469.37,1469.93455,-26.3363,1842.4779,HIT/DEFESA,-0.1,5
2019-11-21 14:00:00,134,1470.32,1469.94026,-1.904,3783.7209,HIT/DEFESA,-5.09,5
2019-11-21 15:00:00,134,1469.88,1469.93936,10.9653,17958.6957,BREAK/RUPTURA,-5.25,5
2019-11-21 17:00:00,134,1468.98,1469.89174,-9.1137,8997.6563,HIT/DEFESA,-4.11,5
2019-11-21 18:00:00,134,1469.27,1469.88253,-4.15,33404.5455,HIT/DEFESA,-4.95,5
2019-11-22 08:00:00,34,1467.33,1467.51648,16.6565,954.902,HIT/DEFESA,3.92,5
2019-11-22 09:00:00,34,1467.01,1467.48754,13.7201,9796.875,HIT/DEFESA,2.79,5
2019-11-22 10:00:00,34,1466.88,1467.45282,7.368,49253.3333,HIT/DEFESA,1.75,5
2019-11-22 14:00:00,134,1469.8,1468.96987,-9.1086,2825.0,HIT/DEFESA,-7.26,5
2019-11-22 15:00:00,34,1468.63,1468.161,-14.007,5371.5517,HIT/DEFESA,-5.59,5
2019-11-22 15:00:00,134,1468.63,1468.96484,-14.007,5371.5517,HIT/DEFESA,-5.59,5
2019-11-26 08:00:00,34,1457.09,1457.91119,18.0823,1344.8529,HIT/DEFESA,0.77,5
2019-11-26 10:00:00,34,1457.3,1457.74474,10.785,2415.4696,BREAK/RUPTURA,-1.86,5
2019-11-26 11:00:00,34,1457.39,1457.72447,2.0589,32781.8182,BREAK/RUPTURA,-2.44,5
2019-11-26 12:00:00,34,1458.19,1457.75107,18.6881,2548.7805,HIT/DEFESA,0.39,5
2019-11-26 13:00:00,34,1457.86,1457.7573,3.8427,5094.2857,HIT/DEFESA,0.21,5
2019-11-26 18:00:00,34,1458.07,1457.50731,18.0701,9163.2653,HIT/DEFESA,3.22,5
2019-11-26 20:00:00,134,1461.99,1462.95484,23.3789,1098.9744,BREAK/RUPTURA,-1.57,5
2019-11-26 22:00:00,134,1462.29,1462.92711,15.4105,1443.1034,BREAK/RUPTURA,-2.64,5
2019-11-27 04:00:00,34,1459.24,1458.59134,-8.0799,2297.561,HIT/DEFESA,-0.98,5
2019-11-27 05:00:00,34,1459.44,1458.63983,-2.877,5627.7778,HIT/DEFESA,-0.09,5
2019-11-27 06:00:00,34,1459.16,1458.66956,-3.357,1907.1429,HIT/DEFESA,-0.25,5
2019-11-27 07:00:00,34,1458.84,1458.6793,-2.7412,4426.6667,BREAK/RUPTURA,1.03,5
2019-11-27 09:00:00,34,1458.26,1458.71356,-6.1679,1004.6667,HIT/DEFESA,-0.44,5
2019-11-27 10:00:00,34,1459.35,1458.74993,3.4959,2638.3178,BREAK/RUPTURA,-4.26,5
2019-11-27 11:00:00,34,1458.91,1458.75908,-5.8229,3897.7778,HIT/DEFESA,-4.85,5
2019-11-27 13:00:00,34,1458.64,1458.81213,-4.8652,1747.541,HIT/DEFESA,-3.51,5
2019-11-27 14:00:00,34,1457.82,1458.75543,-7.4713,2524.0964,HIT/DEFESA,-1.89,5
2019-11-28 03:00:00,34,1457.15,1457.0333,8.8607,7991.6667,BREAK/RUPTURA,-1.45,5
2019-11-28 05:00:00,34,1456.01,1456.93694,-10.4971,3305.8824,BREAK/RUPTURA,1.05,5
2019-11-28 07:00:00,34,1456.97,1456.90505,4.3946,1927.2727,HIT/DEFESA,0.39,5
2019-11-28 09:00:00,34,1456.77,1456.83241,3.1587,1971.6981,BREAK/RUPTURA,-1.27,5
2019-11-28 11:00:00,34,1456.89,1456.84796,8.1748,7829.4118,BREAK/RUPTURA,-1.23,5
2019-11-28 12:00:00,34,1457.36,1456.87722,4.0501,2100.0,BREAK/RUPTURA,-1.75,5
2019-11-28 13:00:00,34,1456.25,1456.84138,-5.5591,1059.8214,HIT/DEFESA,-1.13,5
2019-11-28 15:00:00,34,1456.48,1456.74846,-6.0383,1480.5825,HIT/DEFESA,-0.72,5
2019-11-28 19:00:00,34,1455.76,1456.49427,0.687,893.75,HIT/DEFESA,1.24,5
2019-11-28 20:00:00,34,1455.76,1456.45231,1.0305,125.0,HIT/DEFESA,1.5,5
2019-11-29 01:00:00,34,1456.0,1456.83042,1.6486,2175.0,HIT/DEFESA,2.06,5
2019-11-29 02:00:00,34,1455.78,1456.7704,0.1374,5937.5,HIT/DEFESA,2.56,5
2019-11-29 04:00:00,34,1457.26,1456.81075,8.6538,4450.0,HIT/DEFESA,1.05,5
2019-11-29 10:00:00,34,1456.3,1457.04937,-13.9885,1454.6392,HIT/DEFESA,-2.9,5
2019-11-29 12:00:00,34,1456.28,1456.95587,-13.9202,11369.2308,BREAK/RUPTURA,5.15,5
2019-11-29 13:00:00,34,1456.53,1456.93153,1.5793,5714.2857,HIT/DEFESA,7.52,5
2019-11-29 14:00:00,34,1455.92,1456.87373,-1.4422,2723.8806,BREAK/RUPTURA,7.96,5
2019-11-29 16:00:00,34,1457.07,1456.69779,3.7074,1521.7033,HIT/DEFESA,5.14,5
2019-12-02 03:00:00,134,1460.51,1459.57644,-11.6262,3451.5625,HIT/DEFESA,-0.39,5
2019-12-02 04:00:00,34,1459.59,1458.81825,-14.7768,1781.4433,HIT/DEFESA,-0.8,5
2019-12-02 04:00:00,134,1459.59,1459.57664,-14.7768,1781.4433,HIT/DEFESA,-0.8,5
2019-12-02 05:00:00,34,1458.95,1458.82578,-14.9883,1631.25,HIT/DEFESA,-3.59,5
2019-12-02 05:00:00,134,1458.95,1459.56736,-14.9883,1631.25,HIT/DEFESA,-3.59,5
2019-12-02 06:00:00,34,1459.56,1458.86773,-6.5046,1103.2258,HIT/DEFESA,-3.78,5
2019-12-02 06:00:00,134,1459.56,1459.56725,-6.5046,1103.2258,HIT/DEFESA,-3.78,5
2019-12-02 07:00:00,34,1459.55,1458.90672,-0.274,89800.0,HIT/DEFESA,-2.83,5
2019-12-02 07:00:00,134,1459.55,1459.56699,-0.274,89800.0,HIT/DEFESA,-2.83,5
2019-12-02 08:00:00,134,1460.12,1459.57518,8.0195,1913.1148,BREAK/RUPTURA,-1.49,5
2019-12-02 09:00:00,34,1458.79,1458.96542,-5.2756,2308.209,HIT/DEFESA,-0.9,5
2019-12-02 09:00:00,134,1458.79,1459.56355,-5.2756,2308.209,HIT/DEFESA,-0.9,5
2019-12-02 13:00:00,34,1458.63,1458.49077,22.4687,1824.8705,HIT/DEFESA,4.7,5
2019-12-02 13:00:00,134,1458.63,1459.39427,22.4687,1824.8705,HIT/DEFESA,4.7,5
2019-12-02 14:00:00,34,1457.89,1458.45644,14.4939,3102.7027,HIT/DEFESA,5.58,5
2019-12-02 15:00:00,34,1458.58,1458.4635,12.7684,7804.1096,HIT/DEFESA,5.41,5
2019-12-02 15:00:00,134,1458.58,1459.36025,12.7684,7804.1096,HIT/DEFESA,5.41,5
2019-12-02 16:00:00,34,1458.16,1458.44616,-3.2222,12812.0,BREAK/RUPTURA,4.11,5
2019-12-03 02:00:00,34,1461.61,1461.11777,-5.8805,2770.8333,HIT/DEFESA,-0.64,5
2019-12-03 05:00:00,34,1461.56,1461.2894,-0.3421,2382.3529,BREAK/RUPTURA,1.74,5
2019-12-03 06:00:00,34,1460.84,1461.26372,-13.6038,1155.5556,BREAK/RUPTURA,5.19,5
2019-12-03 06:00:00,134,1460.84,1460.14372,-13.6038,1155.5556,BREAK/RUPTURA,5.19,5
2019-12-03 07:00:00,34,1460.97,1461.24694,-8.5486,11570.0,BREAK/RUPTURA,9.15,5
2019-12-03 07:00:00,134,1460.97,1460.15596,-8.5486,11570.0,BREAK/RUPTURA,9.15,5
2019-12-03 08:00:00,34,1460.96,1461.23054,-4.1052,64450.0,BREAK/RUPTURA,9.39,5
2019-12-03 08:00:00,134,1460.96,1460.16788,-4.1052,64450.0,BREAK/RUPTURA,9.39,5
2019-12-04 16:00:00,34,1475.09,1474.71626,-3.1852,3543.9331,HIT/DEFESA,-1.04,5
2019-12-04 19:00:00,34,1473.94,1474.49639,-7.7961,3457.5,BREAK/RUPTURA,1.92,5
2019-12-04 20:00:00,34,1473.94,1474.46459,7.1968,183800.0,HIT/DEFESA,1.58,5
2019-12-04 21:00:00,34,1474.05,1474.4409,5.8377,22809.0909,HIT/DEFESA,1.4,5
2019-12-04 22:00:00,34,1474.88,1474.46599,6.3775,3218.5185,HIT/DEFESA,0.97,5
2019-12-04 23:00:00,34,1474.3,1474.45651,2.4424,1991.9355,HIT/DEFESA,1.06,5
2019-12-05 01:00:00,34,1475.52,1474.5929,4.3393,1400.0,HIT/DEFESA,0.22,5
2019-12-05 02:00:00,34,1475.45,1474.64187,7.8003,21985.7143,HIT/DEFESA,2.21,5
2019-12-05 04:00:00,34,1475.36,1474.748,-1.0844,4434.7826,HIT/DEFESA,-1.05,5
2019-12-05 06:00:00,34,1475.74,1474.8646,-0.7453,5525.0,HIT/DEFESA,-1.65,5
2019-12-05 09:00:00,34,1474.31,1475.10397,-9.6901,1628.2313,BREAK/RUPTURA,1.96,5
2019-12-05 10:00:00,34,1474.58,1475.07403,-20.8438,16887.5,HIT/DEFESA,-0.42,5
2019-12-05 11:00:00,34,1474.09,1475.0178,-21.4586,5594.0,BREAK/RUPTURA,2.52,5
2019-12-05 12:00:00,34,1474.24,1474.97335,-0.4748,30412.5,BREAK/RUPTURA,1.95,5
2019-12-05 13:00:00,34,1474.84,1474.96573,1.7632,3608.0645,HIT/DEFESA,4.12,5
2019-12-05 15:00:00,34,1474.16,1474.98996,-0.5427,4066.6667,BREAK/RUPTURA,2.06,5
2019-12-05 21:00:00,34,1476.24,1475.64723,-18.3913,157950.0,HIT/DEFESA,-1.2,5
2019-12-06 05:00:00,34,1475.75,1475.0051,4.8134,3251.7241,BREAK/RUPTURA,-1.02,5
2019-12-06 06:00:00,34,1475.44,1475.02995,-4.1327,2310.0,HIT/DEFESA,-0.71,5
2019-12-06 10:00:00,34,1474.73,1474.79599,-2.305,1934.2657,HIT/DEFESA,-6.88,5
2019-12-06 11:00:00,34,1474.73,1474.79222,14.6002,35866.6667,BREAK/RUPTURA,-13.12,5
2019-12-06 12:00:00,34,1475.28,1474.82009,13.5752,2809.0909,BREAK/RUPTURA,-13.48,5
2019-12-06 13:00:00,34,1475.5,1474.85894,5.2213,7295.6522,BREAK/RUPTURA,-15.04,5
2019-12-06 14:00:00,34,1475.2,1474.87843,3.187,8522.2222,BREAK/RUPTURA,-13.86,5
2019-12-09 13:00:00,34,1463.89,1464.88726,10.2572,1350.0,BREAK/RUPTURA,-2.75,5
2019-12-09 14:00:00,34,1464.66,1464.87428,16.8925,2562.8205,BREAK/RUPTURA,-4.8,5
2019-12-09 15:00:00,34,1464.11,1464.8306,8.6817,6855.5556,BREAK/RUPTURA,-4.56,5
2019-12-10 00:00:00,34,1464.16,1463.3989,26.8449,55613.8211,BREAK/RUPTURA,-3.99,5
2019-12-10 08:00:00,34,1462.15,1462.56502,13.5601,1909.3333,HIT/DEFESA,4.25,5
2019-12-10 09:00:00,34,1462.2,1462.54416,6.6382,187800.0,HIT/DEFESA,4.43,5
2019-12-10 13:00:00,134,1466.4,1466.19663,16.0514,1597.9592,BREAK/RUPTURA,-2.67,5
2019-12-10 14:00:00,134,1466.63,1466.20305,15.912,11003.8462,BREAK/RUPTURA,-3.55,5
2019-12-10 15:00:00,134,1466.98,1466.21456,14.6775,19190.0,BREAK/RUPTURA,-2.96,5
2019-12-10 16:00:00,134,1465.44,1466.20309,-6.5466,5181.2903,HIT/DEFESA,-0.13,5
2019-12-10 19:00:00,34,1463.08,1463.60414,-16.1044,4932.3077,BREAK/RUPTURA,11.4,5
2019-12-10 20:00:00,34,1464.02,1463.6279,-3.0728,2821.7391,HIT/DEFESA,-0.25,5
2019-12-10 21:00:00,134,1465.31,1466.05386,10.7943,1670.8661,BREAK/RUPTURA,-1.24,5
2019-12-11 01:00:00,34,1463.77,1464.37593,-5.4624,2758.0645,HIT/DEFESA,-0.32,5
2019-12-11 02:00:00,34,1464.07,1464.35845,-1.5707,4121.875,HIT/DEFESA,-1.02,5
2019-12-11 03:00:00,34,1464.12,1464.34483,-70.2621,122600.0,HIT/DEFESA,-0.7,5
2019-12-11 04:00:00,34,1464.02,1464.32627,1.7079,7722.2222,HIT/DEFESA,1.2,5
2019-12-11 05:00:00,34,1463.44,1464.27562,-4.3031,991.3793,BREAK/RUPTURA,3.11,5
2019-12-11 06:00:00,34,1463.45,1464.22844,-4.5761,69600.0,BREAK/RUPTURA,3.56,5
2019-12-11 08:00:00,34,1463.42,1464.11875,-0.1367,1887.8049,BREAK/RUPTURA,3.04,5
2019-12-11 09:00:00,134,1465.22,1465.84395,12.0947,842.2857,HIT/DEFESA,1.23,5
2019-12-11 10:00:00,134,1466.55,1465.85441,23.9226,3808.3969,HIT/DEFESA,0.48,5
2019-12-11 12:00:00,134,1466.87,1465.88632,11.2611,16771.4286,HIT/DEFESA,2.66,5
2019-12-11 13:00:00,134,1466.46,1465.89482,-0.6137,3668.2927,BREAK/RUPTURA,4.58,5
2019-12-11 14:00:00,134,1466.45,1465.90305,-3.8173,109250.0,BREAK/RUPTURA,3.88,5
2019-12-12 18:00:00,134,1467.86,1468.29196,-100.0209,5528.8,BREAK/RUPTURA,1.55,5
2019-12-12 19:00:00,134,1467.69,1468.28304,-7.4211,34781.25,BREAK/RUPTURA,7.91,5
2019-12-12 20:00:00,134,1468.01,1468.279,9.5458,12346.875,BREAK/RUPTURA,-2.98,5
2019-12-13 03:00:00,134,1468.56,1468.35886,-47.7094,1344.7273,HIT/DEFESA,-1.61,5
2019-12-13 04:00:00,134,1469.13,1468.37029,27.9858,3100.0,HIT/DEFESA,0.19,5
2019-12-13 05:00:00,134,1467.8,1468.36184,13.4395,1464.7059,HIT/DEFESA,4.81,5
2019-12-13 07:00:00,134,1467.84,1468.33671,-8.7807,1586.3636,BREAK/RUPTURA,3.28,5
2019-12-13 09:00:00,34,1469.32,1469.63911,14.6541,1953.75,HIT/DEFESA,4.3,5
2019-12-13 09:00:00,134,1469.32,1468.33104,14.6541,1953.75,HIT/DEFESA,4.3,5
2019-12-13 15:00:00,134,1468.28,1468.58949,-19.305,1820.0,BREAK/RUPTURA,8.4,5
2019-12-16 17:00:00,34,1474.74,1474.79407,-18.41,1439.9417,BREAK/RUPTURA,1.51,5
2019-12-16 18:00:00,34,1474.57,1474.78126,-22.1944,26305.8824,BREAK/RUPTURA,1.42,5
2019-12-17 01:00:00,34,1475.24,1475.10931,-6.8417,1553.012,BREAK/RUPTURA,1.94,5
2019-12-17 02:00:00,34,1475.32,1475.12135,-4.5393,30440.0,BREAK/RUPTURA,1.61,5
2019-12-17 03:00:00,34,1474.9,1475.1087,-6.9109,3079.0698,BREAK/RUPTURA,2.34,5
2019-12-17 04:00:00,34,1475.98,1475.15849,5.0161,885.1852,HIT/DEFESA,0.47,5
2019-12-17 09:00:00,34,1476.45,1475.58054,-4.9418,2410.8434,BREAK/RUPTURA,2.48,5
2019-12-17 15:00:00,34,1476.15,1476.43009,-26.2157,2008.5409,HIT/DEFESA,-0.06,5
2019-12-17 16:00:00,34,1476.35,1476.42551,-18.5924,24605.2632,HIT/DEFESA,-0.9,5
2019-12-17 19:00:00,34,1477.08,1476.42145,4.9446,2871.6216,BREAK/RUPTURA,-1.92,5
2019-12-18 01:00:00,34,1475.57,1476.19703,-1.965,1216.3265,BREAK/RUPTURA,1.44,5
2019-12-18 02:00:00,34,1475.56,1476.16062,-2.7778,108400.0,BREAK/RUPTURA,1.43,5
2019-12-18 03:00:00,34,1475.87,1476.14402,4.813,4587.8788,HIT/DEFESA,1.15,5
2019-12-18 04:00:00,34,1476.13,1476.14322,3.7951,3926.9231,HIT/DEFESA,1.61,5
2019-12-18 05:00:00,34,1476.52,1476.16475,6.506,1756.4103,HIT/DEFESA,0.96,5
2019-12-18 06:00:00,34,1477.01,1476.21305,7.7243,1046.0,HIT/DEFESA,1.74,5
2019-12-18 07:00:00,34,1476.99,1476.25744,5.826,30800.0,HIT/DEFESA,1.79,5
2019-12-18 13:00:00,34,1476.75,1476.70609,-4.9408,1433.3333,HIT/DEFESA,-1.58,5
2019-12-18 14:00:00,34,1476.0,1476.66575,-18.5968,4051.3158,HIT/DEFESA,-1.4,5
2019-12-18 17:00:00,34,1475.84,1476.25585,-1.084,3350.2793,HIT/DEFESA,-0.05,5
2019-12-18 19:00:00,134,1474.6,1473.76813,3.7312,4496.4912,HIT/DEFESA,3.99,5
2019-12-18 20:00:00,134,1474.42,1473.77779,-9.6216,9025.0,BREAK/RUPTURA,1.27,5
2019-12-18 21:00:00,34,1475.04,1475.95134,-0.8813,2195.0,HIT/DEFESA,-0.11,5
2019-12-18 22:00:00,34,1475.79,1475.94212,8.07,2092.3077,HIT/DEFESA,1.4,5
2019-12-18 23:00:00,34,1475.42,1475.91229,6.7823,3091.8919,HIT/DEFESA,2.22,5
2019-12-19 01:00:00,34,1475.69,1476.04385,-0.6776,862.1622,BREAK/RUPTURA,1.91,5
2019-12-19 02:00:00,134,1474.93,1473.96067,-3.3211,2016.9014,BREAK/RUPTURA,1.21,5
2019-12-19 07:00:00,34,1476.14,1476.30166,-10.1513,539.726,HIT/DEFESA,-1.82,5
2019-12-19 08:00:00,34,1476.36,1476.30499,-9.5414,6442.8571,HIT/DEFESA,-1.84,5
2019-12-19 09:00:00,34,1475.96,1476.28528,-11.0991,5512.1951,HIT/DEFESA,-1.85,5
2019-12-19 10:00:00,34,1475.23,1476.22498,-6.1647,4866.6667,BREAK/RUPTURA,1.04,5
2019-12-19 10:00:00,134,1475.23,1474.27013,-6.1647,4866.6667,BREAK/RUPTURA,1.04,5
2019-12-19 11:00:00,134,1474.12,1474.2679,-15.1725,1980.3571,BREAK/RUPTURA,2.33,5
2019-12-19 12:00:00,134,1474.32,1474.26867,-11.1114,7542.8571,BREAK/RUPTURA,1.87,5
2019-12-19 13:00:00,134,1474.52,1474.2724,-4.8128,6635.0,BREAK/RUPTURA,4.17,5
2019-12-19 14:00:00,134,1474.11,1474.26999,-0.0678,5392.6829,BREAK/RUPTURA,5.67,5
2019-12-19 15:00:00,34,1476.27,1475.84069,13.2264,2073.2057,HIT/DEFESA,4.68,5
2019-12-19 16:00:00,34,1476.45,1475.87551,13.089,18480.7692,HIT/DEFESA,3.24,5
2019-12-19 17:00:00,34,1476.19,1475.89348,14.1102,18347.8261,HIT/DEFESA,3.1,5
2019-12-20 10:00:00,34,1477.68,1477.67533,-9.6004,4737.0968,BREAK/RUPTURA,2.32,5
2019-12-20 11:00:00,34,1478.19,1477.70474,-4.7333,2542.3077,BREAK/RUPTURA,1.37,5
2019-12-20 12:00:00,34,1477.37,1477.68562,-6.2234,1727.1605,BREAK/RUPTURA,1.79,5
2019-12-20 19:00:00,34,1477.24,1477.96512,-15.6803,5393.3333,BREAK/RUPTURA,8.3,5
2019-12-20 20:00:00,34,1477.41,1477.9334,-11.831,11266.6667,BREAK/RUPTURA,1.01,5
2019-12-20 21:00:00,34,1477.93,1477.9332,2.6395,2490.1961,HIT/DEFESA,1.07,5
2019-12-20 22:00:00,34,1477.52,1477.90959,1.8954,3448.7805,HIT/DEFESA,2.07,5
2019-12-20 23:00:00,34,1477.9,1477.90904,3.3166,1947.3684,HIT/DEFESA,2.01,5
2019-12-23 01:00:00,34,1478.42,1478.34938,6.0913,2224.5283,HIT/DEFESA,2.32,5
2019-12-23 02:00:00,34,1479.0,1478.38656,7.443,2372.1311,HIT/DEFESA,2.08,5
2019-12-30 10:00:00,34,1512.52,1511.59532,-17.358,1478.2051,HIT/DEFESA,-0.14,5
2019-12-30 12:00:00,34,1511.98,1511.68921,-13.8698,1583.1461,BREAK/RUPTURA,1.78,5
2019-12-30 13:00:00,34,1510.82,1511.63954,-11.2395,1246.6102,BREAK/RUPTURA,4.63,5
2019-12-30 14:00:00,34,1512.43,1511.68471,-3.3048,817.3913,BREAK/RUPTURA,2.61,5
2019-12-30 15:00:00,34,1512.38,1511.72444,2.6455,57016.6667,HIT/DEFESA,2.52,5
2019-12-31 21:00:00,34,1519.65,1519.01574,-13.7343,2496.0784,HIT/DEFESA,-0.33,5
2020-01-02 02:00:00,34,1518.55,1519.5001,-8.6192,5617.8571,BREAK/RUPTURA,1.64,5
2020-01-02 03:00:00,34,1519.32,1519.48981,-63.8292,4317.284,BREAK/RUPTURA,1.5,5
2020-01-02 04:00:00,34,1520.52,1519.54867,14.8855,1933.8983,BREAK/RUPTURA,-1.41,5
2020-01-02 05:00:00,34,1520.27,1519.58989,11.3266,5708.0,HIT/DEFESA,0.45,5
2020-01-02 06:00:00,34,1519.46,1519.58247,0.9215,948.1013,HIT/DEFESA,1.15,5
2020-01-02 09:00:00,34,1519.11,1519.65301,-2.3034,1651.1628,BREAK/RUPTURA,3.94,5
2020-01-02 11:00:00,34,1520.61,1519.76518,-1.3808,23660.0,BREAK/RUPTURA,5.65,5
2020-01-07 01:00:00,34,1563.68,1563.86055,-11.8171,1351.3333,HIT/DEFESA,-4.52,5
2020-01-07 02:00:00,34,1564.21,1563.88052,-9.0698,5152.9412,HIT/DEFESA,-1.81,5
2020-01-07 07:00:00,34,1562.4,1562.77846,22.3874,972.4458,HIT/DEFESA,3.2,5
2020-01-08 13:00:00,34,1577.16,1577.67396,-23.7205,1542.9799,HIT/DEFESA,-18.34,5
2020-01-08 15:00:00,34,1576.67,1577.48707,-25.1164,7553.4351,HIT/DEFESA,-20.73,5
2020-01-08 21:00:00,134,1554.05,1554.91984,-30.6001,2182.0106,BREAK/RUPTURA,2.52,5
2020-01-09 07:00:00,134,1555.25,1555.28191,-33.4515,1053.4202,HIT/DEFESA,-7.9,5
2020-01-09 14:00:00,134,1554.66,1554.53051,54.3897,923.5759,BREAK/RUPTURA,-5.49,5
2020-01-10 16:00:00,134,1553.3,1553.15345,17.348,1993.1034,HIT/DEFESA,5.47,5
2020-01-13 06:00:00,34,1555.6,1555.14324,-6.9378,768.2243,HIT/DEFESA,-7.75,5
2020-01-13 07:00:00,34,1555.09,1555.1402,-6.2337,2778.4314,HIT/DEFESA,-4.0,5
2020-01-13 08:00:00,34,1555.14,1555.14019,-9.8287,22163.6364,HIT/DEFESA,-2.31,5
2020-01-13 13:00:00,134,1552.83,1553.80564,16.2548,1027.4286,BREAK/RUPTURA,-2.27,5
2020-01-13 14:00:00,34,1554.88,1554.12135,45.4178,1060.4878,BREAK/RUPTURA,-5.23,5
2020-01-13 15:00:00,34,1554.63,1554.15042,22.8227,17218.5185,BREAK/RUPTURA,-5.18,5
2020-01-13 15:00:00,134,1554.63,1553.83354,22.8227,17218.5185,BREAK/RUPTURA,-5.18,5
2020-01-14 20:00:00,34,1545.63,1545.72661,17.7589,3104.1284,HIT/DEFESA,3.84,5
2020-01-14 21:00:00,34,1546.02,1545.74337,23.5999,13020.5128,HIT/DEFESA,3.05,5
2020-01-14 23:00:00,34,1546.25,1545.83679,4.0113,911.3924,HIT/DEFESA,5.85,5
2020-01-15 01:00:00,134,1549.47,1550.39316,16.3549,629.2208,HIT/DEFESA,2.47,5
2020-01-15 03:00:00,34,1547.3,1546.76786,-56.1682,2323.8636,BREAK/RUPTURA,3.45,5
2020-01-15 08:00:00,134,1550.75,1550.4469,-8.2473,1752.3013,BREAK/RUPTURA,1.19,5
2020-01-15 14:00:00,134,1550.69,1550.60209,-15.7745,1791.3386,BREAK/RUPTURA,3.26,5
2020-01-15 16:00:00,34,1549.6,1549.62405,-15.0779,1998.2558,BREAK/RUPTURA,5.72,5
2020-01-15 17:00:00,34,1548.86,1549.58039,-11.8012,9120.2703,BREAK/RUPTURA,7.17,5
2020-01-16 07:00:00,134,1551.64,1551.4577,-27.2515,653.6946,BREAK/RUPTURA,3.02,5
2020-01-16 08:00:00,34,1552.82,1552.67825,-22.9377,1600.8333,BREAK/RUPTURA,3.32,5
2020-01-16 09:00:00,34,1553.41,1552.72006,-14.9126,2845.614,BREAK/RUPTURA,3.17,5
2020-01-16 10:00:00,34,1553.77,1552.78006,13.7274,6742.5,HIT/DEFESA,0.41,5
2020-01-16 15:00:00,34,1554.18,1553.41492,-3.0875,2965.272,HIT/DEFESA,-3.83,5
2020-01-16 16:00:00,34,1553.77,1553.43521,-15.23,17256.0976,HIT/DEFESA,-2.11,5
2020-01-16 18:00:00,134,1550.81,1551.80568,-21.6835,28242.1053,BREAK/RUPTURA,1.62,5
2020-01-16 19:00:00,134,1551.51,1551.8013,-14.5453,3793.0556,BREAK/RUPTURA,5.53,5
2020-01-16 21:00:00,134,1551.66,1551.77803,5.481,1451.1278,BREAK/RUPTURA,-1.74,5
2020-01-16 23:00:00,34,1552.43,1552.83922,13.4163,764.4628,HIT/DEFESA,1.19,5
2020-01-16 23:00:00,134,1552.43,1551.81369,13.4163,764.4628,HIT/DEFESA,1.19,5
2020-01-17 01:00:00,34,1552.13,1553.02503,-9.2047,37420.0,BREAK/RUPTURA,3.47,5
2020-01-17 01:00:00,134,1552.13,1551.89466,-9.2047,37420.0,BREAK/RUPTURA,3.47,5
2020-01-17 03:00:00,34,1553.06,1552.85973,-25.5613,961.1111,BREAK/RUPTURA,3.68,5
2020-01-17 04:00:00,34,1553.62,1552.90318,9.5997,3873.0159,HIT/DEFESA,1.8,5
2020-01-17 15:00:00,34,1555.31,1554.38577,-9.0575,2026.7956,BREAK/RUPTURA,4.64,5
2020-01-20 01:00:00,34,1556.93,1556.12789,-0.578,1337.2414,BREAK/RUPTURA,2.54,5
2020-01-20 02:00:00,34,1556.75,1556.16344,-0.7708,7982.3529,BREAK/RUPTURA,5.04,5
2020-01-21 00:00:00,34,1558.11,1558.75854,-17.6185,68194.382,BREAK/RUPTURA,8.63,5
2020-01-21 11:00:00,134,1555.79,1556.1393,-61.517,3140.7407,HIT/DEFESA,-3.56,5
2020-01-21 13:00:00,134,1555.58,1556.10927,5.5959,3285.4167,HIT/DEFESA,1.61,5
2020-01-21 14:00:00,134,1556.48,1556.11477,4.435,3443.3333,HIT/DEFESA,0.53,5
2020-01-21 19:00:00,134,1557.01,1556.0813,30.7944,12723.5294,HIT/DEFESA,1.73,5
2020-01-21 20:00:00,34,1558.58,1558.62967,0.9625,3389.1026,BREAK/RUPTURA,-2.15,5
2020-01-21 21:00:00,34,1558.17,1558.60341,6.2934,6210.6383,BREAK/RUPTURA,-1.6,5
2020-01-21 22:00:00,34,1558.21,1558.58093,7.7071,114000.0,BREAK/RUPTURA,-3.59,5
2020-01-21 23:00:00,34,1557.93,1558.54373,-4.1705,5176.9231,HIT/DEFESA,-6.81,5
2020-01-22 00:00:00,34,1558.74,1558.55495,3.6581,557212.5,BREAK/RUPTURA,-6.79,5
2020-01-22 01:00:00,134,1556.43,1556.24552,-11.4234,650.0,HIT/DEFESA,-3.52,5
2020-01-22 02:00:00,134,1556.57,1556.25032,-8.7295,19536.3636,HIT/DEFESA,-5.68,5
2020-01-22 11:00:00,34,1556.98,1556.3952,31.4413,3172.9412,HIT/DEFESA,0.9,5
2020-01-22 14:00:00,34,1556.02,1556.4345,-6.1658,5388.5714,BREAK/RUPTURA,1.64,5
2020-01-22 14:00:00,134,1556.02,1555.93564,-6.1658,5388.5714,BREAK/RUPTURA,1.64,5
2020-01-22 15:00:00,34,1556.03,1556.41138,-14.9516,75600.0,BREAK/RUPTURA,1.03,5
2020-01-22 15:00:00,134,1556.03,1555.93704,-14.9516,75600.0,BREAK/RUPTURA,1.03,5
2020-01-22 17:00:00,34,1557.01,1556.52472,6.3624,7063.4409,HIT/DEFESA,1.77,5
2020-01-22 18:00:00,34,1556.0,1556.49473,-0.1928,4517.8947,BREAK/RUPTURA,2.57,5
2020-01-22 18:00:00,134,1556.0,1555.98157,-0.1928,4517.8947,BREAK/RUPTURA,2.57,5
2020-01-22 20:00:00,34,1557.06,1556.58982,0.3211,3504.8387,HIT/DEFESA,4.31,5
2020-01-22 21:00:00,34,1557.53,1556.64354,9.8329,4748.9362,HIT/DEFESA,4.23,5
2020-01-23 04:00:00,134,1555.94,1556.42139,-34.7772,1062.6904,HIT/DEFESA,-1.9,5
2020-01-23 05:00:00,34,1558.69,1557.76234,-19.6573,802.1739,HIT/DEFESA,-2.76,5
2020-01-23 06:00:00,34,1558.8,1557.82163,-6.8595,14977.7778,HIT/DEFESA,-4.63,5
2020-01-23 07:00:00,34,1557.8,1557.8204,11.9542,3433.6735,BREAK/RUPTURA,-3.21,5
2020-01-23 08:00:00,34,1557.28,1557.78952,-9.0461,6809.434,HIT/DEFESA,-4.48,5
2020-01-23 08:00:00,134,1557.28,1556.52057,-9.0461,6809.434,HIT/DEFESA,-4.48,5
2020-01-23 15:00:00,34,1556.76,1556.78269,13.9587,3034.104,HIT/DEFESA,5.46,5
2020-01-23 15:00:00,134,1556.76,1556.34713,13.9587,3034.104,HIT/DEFESA,5.46,5
2020-01-24 01:00:00,34,1560.83,1559.97152,-8.8976,664.7059,HIT/DEFESA,-1.25,5
2020-01-24 02:00:00,34,1560.97,1560.02858,-11.6458,14293.75,HIT/DEFESA,-0.55,5
2020-01-24 06:00:00,34,1559.58,1560.25084,-14.0226,674.7573,BREAK/RUPTURA,1.58,5
2020-01-24 08:00:00,34,1560.6,1560.27991,-6.4037,7886.6667,HIT/DEFESA,-1.55,5
2020-01-24 09:00:00,34,1559.47,1560.23363,-0.7053,1809.7345,HIT/DEFESA,-1.44,5
2020-01-24 10:00:00,134,1558.36,1557.77827,-13.2016,3692.0354,BREAK/RUPTURA,2.94,5
2020-01-24 11:00:00,34,1561.16,1560.18562,3.5884,1092.5267,HIT/DEFESA,3.13,5
2020-01-24 12:00:00,34,1560.58,1560.20815,7.1178,2862.069,HIT/DEFESA,9.43,5
2020-01-24 14:00:00,134,1558.03,1557.88875,-20.0492,2368.2692,BREAK/RUPTURA,13.55,5
2020-01-28 08:00:00,34,1578.84,1577.87328,-4.4317,10412.5,HIT/DEFESA,-0.77,5
2020-01-28 09:00:00,34,1577.05,1577.82624,-15.3848,2198.2558,HIT/DEFESA,-3.08,5
2020-01-28 13:00:00,34,1578.07,1578.09256,-13.7321,2470.6897,HIT/DEFESA,-9.84,5
2020-01-28 18:00:00,134,1568.23,1568.66389,-42.099,3376.4103,HIT/DEFESA,-0.47,5
2020-01-28 20:00:00,134,1569.53,1568.69257,-4.1397,16064.0,HIT/DEFESA,-1.14,5
2020-01-28 22:00:00,134,1569.02,1568.70307,-4.6504,55650.0,HIT/DEFESA,-3.28,5
2020-01-28 23:00:00,134,1567.76,1568.6891,-11.2773,1726.9841,HIT/DEFESA,-2.64,5
2020-01-29 01:00:00,134,1568.39,1568.7994,-4.0152,1106.9149,HIT/DEFESA,-3.02,5
2020-01-29 02:00:00,134,1568.28,1568.79171,3.3168,22055.5556,BREAK/RUPTURA,-1.33,5
2020-01-29 09:00:00,134,1567.93,1568.5326,16.354,6451.2821,HIT/DEFESA,3.52,5
2020-01-29 10:00:00,134,1568.86,1568.53745,12.1893,5374.4444,HIT/DEFESA,0.83,5
2020-01-29 11:00:00,34,1570.65,1571.26207,19.9039,1752.4324,HIT/DEFESA,1.28,5
2020-01-29 13:00:00,34,1571.8,1571.24906,18.7397,2006.6667,BREAK/RUPTURA,-1.37,5
2020-01-29 16:00:00,34,1571.93,1571.21418,0.8271,3202.6667,HIT/DEFESA,4.62,5
2020-01-29 17:00:00,134,1569.74,1568.76306,-10.8817,4296.7593,BREAK/RUPTURA,7.08,5
2020-01-29 18:00:00,34,1570.43,1571.08994,4.7143,6235.2941,HIT/DEFESA,6.64,5
2020-01-29 19:00:00,34,1570.82,1571.07452,-7.0614,4658.9744,BREAK/RUPTURA,3.42,5
2020-01-29 20:00:00,34,1570.16,1571.02226,2.6756,3488.3333,HIT/DEFESA,6.82,5
2020-01-31 04:00:00,134,1572.21,1572.62081,-18.1579,2398.125,BREAK/RUPTURA,4.1,5
2020-01-31 05:00:00,134,1572.11,1572.61324,-13.4035,17344.4444,BREAK/RUPTURA,5.91,5
2020-01-31 07:00:00,134,1572.31,1572.59382,0.636,2179.1667,HIT/DEFESA,6.89,5
2020-01-31 08:00:00,134,1573.59,1572.60858,9.4141,1406.2016,HIT/DEFESA,6.95,5
2020-01-31 09:00:00,34,1576.31,1576.39241,30.0333,1177.4436,HIT/DEFESA,2.48,5
2020-02-03 05:00:00,34,1580.23,1581.16567,-37.7627,1618.5039,HIT/DEFESA,-4.65,5
2020-02-03 06:00:00,34,1580.84,1581.14706,-9.1639,3393.8462,HIT/DEFESA,-2.08,5
2020-02-03 09:00:00,134,1576.31,1575.54164,-28.6557,1791.0035,BREAK/RUPTURA,3.22,5
2020-02-03 10:00:00,134,1575.58,1575.54221,-25.5758,7550.6849,BREAK/RUPTURA,2.78,5
2020-02-03 12:00:00,34,1580.76,1580.32981,28.2305,1862.0,BREAK/RUPTURA,-5.28,5
2020-02-03 14:00:00,34,1579.53,1580.16181,4.8772,1882.9787,BREAK/RUPTURA,-4.1,5
2020-02-03 16:00:00,134,1574.83,1575.78285,-20.4682,2278.3476,BREAK/RUPTURA,2.82,5
2020-02-03 19:00:00,134,1575.43,1575.80549,3.8099,2540.4669,BREAK/RUPTURA,-22.66,5
2020-02-03 20:00:00,134,1576.39,1575.81415,5.776,6297.9167,HIT/DEFESA,2.32,5
2020-02-04 02:00:00,34,1578.3,1577.32452,12.5609,5012.1951,BREAK/RUPTURA,-5.76,5
2020-02-04 03:00:00,134,1575.62,1575.59915,147.1564,2762.1324,BREAK/RUPTURA,-4.39,5
2020-02-04 04:00:00,34,1576.37,1577.17814,-14.8222,5280.0,HIT/DEFESA,-4.42,5
2020-02-04 04:00:00,134,1576.37,1575.61057,-14.8222,5280.0,HIT/DEFESA,-4.42,5
2020-02-04 05:00:00,134,1575.36,1575.60686,-18.6276,3152.9412,HIT/DEFESA,-7.38,5
2020-02-04 06:00:00,134,1575.08,1575.59906,-3.4272,6110.7143,HIT/DEFESA,-7.04,5
2020-02-05 18:00:00,34,1558.03,1558.89947,23.5465,3748.5714,BREAK/RUPTURA,-1.71,5
2020-02-06 00:00:00,134,1566.42,1567.3721,60.8887,18075.2437,BREAK/RUPTURA,-12.18,5
2020-02-06 08:00:00,34,1557.46,1557.64115,20.7175,2583.0986,HIT/DEFESA,7.22,5
2020-02-06 09:00:00,34,1558.53,1557.69194,34.9623,3537.7358,HIT/DEFESA,7.61,5
2020-02-06 18:00:00,134,1565.43,1565.67093,10.4873,2754.6296,HIT/DEFESA,0.99,5
2020-02-06 19:00:00,134,1565.2,1565.66396,14.524,25206.25,HIT/DEFESA,4.86,5
2020-02-06 22:00:00,134,1566.03,1565.69456,5.3028,2538.8235,HIT/DEFESA,1.34,5
2020-02-06 23:00:00,134,1566.42,1565.70531,1.8517,2533.3333,HIT/DEFESA,1.19,5
2020-02-07 01:00:00,134,1565.72,1565.76908,-1.9795,3153.3333,HIT/DEFESA,-0.1,5
2020-02-07 05:00:00,134,1566.55,1565.86653,-11.2223,2483.3333,HIT/DEFESA,-1.46,5
2020-02-07 06:00:00,134,1565.62,1565.86288,-11.1652,1482.6087,BREAK/RUPTURA,2.34,5
2020-02-07 07:00:00,134,1565.95,1565.86417,-10.5894,7015.0,BREAK/RUPTURA,3.11,5
2020-02-07 08:00:00,34,1564.08,1563.75707,-15.7671,2232.9787,BREAK/RUPTURA,4.39,5
2020-02-07 09:00:00,134,1566.6,1565.84903,6.2595,2184.0467,BREAK/RUPTURA,-1.33,5
2020-02-07 10:00:00,134,1565.09,1565.83779,-5.4919,2916.9935,BREAK/RUPTURA,3.79,5
2020-02-07 14:00:00,34,1565.27,1564.74937,-17.156,1063.75,BREAK/RUPTURA,3.77,5
2020-02-07 14:00:00,134,1565.27,1565.94419,-17.156,1063.75,BREAK/RUPTURA,3.77,5
2020-02-07 17:00:00,34,1566.22,1565.47268,6.0692,1303.9755,HIT/DEFESA,3.74,5
2020-02-07 17:00:00,134,1566.22,1566.08939,6.0692,1303.9755,HIT/DEFESA,3.74,5
2020-02-10 23:00:00,34,1571.77,1571.62278,-28.4219,661.7021,HIT/DEFESA,-4.14,5
2020-02-11 01:00:00,34,1571.88,1571.43313,-11.2477,4108.6957,HIT/DEFESA,-3.25,5
2020-02-11 02:00:00,34,1571.21,1571.42038,-3.5629,2345.5882,HIT/DEFESA,-2.93,5
2020-02-11 03:00:00,34,1570.4,1571.36207,16.3921,4040.4762,BREAK/RUPTURA,-3.38,5
2020-02-11 05:00:00,134,1568.49,1568.48247,-17.3115,1795.2381,HIT/DEFESA,-0.53,5
2020-02-11 06:00:00,134,1568.63,1568.48465,-11.271,3850.0,HIT/DEFESA,-0.16,5
2020-02-11 09:00:00,134,1568.38,1568.45878,-1.5937,2374.8148,BREAK/RUPTURA,1.21,5
2020-02-11 10:00:00,134,1567.96,1568.45139,-2.0405,10510.8696,BREAK/RUPTURA,3.96,5
2020-02-11 11:00:00,134,1568.47,1568.45167,9.2532,6775.9259,HIT/DEFESA,2.92,5
2020-02-11 12:00:00,134,1567.59,1568.4389,-5.037,2701.1628,HIT/DEFESA,-3.63,5
2020-02-11 13:00:00,134,1568.52,1568.4401,3.5715,2423.3333,BREAK/RUPTURA,-2.25,5
2020-02-11 14:00:00,34,1569.59,1569.89342,7.1407,2656.0748,BREAK/RUPTURA,-3.89,5
2020-02-11 22:00:00,34,1568.47,1569.14453,17.6918,43644.4444,BREAK/RUPTURA,-1.45,5
2020-02-11 22:00:00,134,1568.47,1568.40143,17.6918,43644.4444,BREAK/RUPTURA,-1.45,5
2020-02-11 23:00:00,134,1567.65,1568.3903,-0.7016,1054.878,HIT/DEFESA,-0.13,5
2020-02-12 02:00:00,34,1567.92,1568.71748,1.7223,2434.0426,BREAK/RUPTURA,-2.57,5
2020-02-12 02:00:00,134,1567.92,1568.32579,1.7223,2434.0426,BREAK/RUPTURA,-2.57,5
2020-02-12 04:00:00,134,1567.52,1568.2948,3.4461,5767.3077,BREAK/RUPTURA,-2.33,5
2020-02-12 05:00:00,34,1567.8,1568.5143,-0.7653,5610.0,HIT/DEFESA,-5.44,5
2020-02-12 05:00:00,134,1567.8,1568.28747,-0.7653,5610.0,HIT/DEFESA,-5.44,5
2020-02-12 13:00:00,34,1567.09,1567.41108,30.2747,3072.0588,HIT/DEFESA,2.35,5
2020-02-12 13:00:00,134,1567.09,1567.98159,30.2747,3072.0588,HIT/DEFESA,2.35,5
2020-02-12 15:00:00,34,1566.7,1567.28742,1.7875,4687.9518,HIT/DEFESA,0.54,5
2020-02-12 17:00:00,34,1566.99,1567.11485,7.1526,2935.1351,HIT/DEFESA,0.07,5
2020-02-12 17:00:00,134,1566.99,1567.86629,7.1526,2935.1351,HIT/DEFESA,0.07,5
2020-02-12 19:00:00,34,1568.08,1567.29528,23.5234,2098.5507,HIT/DEFESA,7.82,5
2020-02-12 19:00:00,134,1568.08,1567.89242,23.5234,2098.5507,HIT/DEFESA,7.82,5
2020-02-12 20:00:00,34,1567.24,1567.29212,1.5954,3164.2857,HIT/DEFESA,2.49,5
2020-02-12 20:00:00,134,1567.24,1567.88275,1.5954,3164.2857,HIT/DEFESA,2.49,5
2020-02-12 22:00:00,34,1567.06,1567.17907,-6.5048,1903.7267,BREAK/RUPTURA,2.64,5
2020-02-12 22:00:00,134,1567.06,1567.83491,-6.5048,1903.7267,BREAK/RUPTURA,2.64,5
2020-02-14 04:00:00,34,1574.27,1574.04325,-18.7038,1120.1754,BREAK/RUPTURA,1.06,5
2020-02-14 05:00:00,34,1574.19,1574.05164,-12.1185,25063.6364,BREAK/RUPTURA,1.34,5
2020-02-14 06:00:00,34,1574.57,1574.08126,-12.6858,2902.7027,BREAK/RUPTURA,2.16,5
2020-02-14 07:00:00,34,1574.9,1574.12804,4.0019,5278.125,HIT/DEFESA,0.92,5
2020-02-14 14:00:00,34,1575.58,1574.69571,-7.2936,3706.3492,BREAK/RUPTURA,7.98,5
2020-02-17 09:00:00,34,1580.05,1579.71913,-18.068,983.5165,BREAK/RUPTURA,1.35,5
2020-02-17 10:00:00,34,1580.22,1579.74775,-14.0921,13800.0,BREAK/RUPTURA,1.31,5
2020-02-17 12:00:00,34,1580.24,1579.83096,1.2025,1692.4528,HIT/DEFESA,0.76,5
2020-02-17 13:00:00,34,1580.31,1579.85833,0.5695,48400.0,HIT/DEFESA,1.29,5
2020-02-17 17:00:00,34,1581.0,1580.15569,-2.5294,7125.0,BREAK/RUPTURA,3.19,5
2020-02-17 19:00:00,34,1581.01,1580.28232,-1.3281,1633.8983,BREAK/RUPTURA,4.41,5
2020-02-17 20:00:00,34,1581.01,1580.32391,0.0633,10000.0,HIT/DEFESA,5.62,5
2020-02-20 08:00:00,34,1606.57,1605.7895,-21.8621,1655.8824,BREAK/RUPTURA,10.85,5
2020-02-24 22:00:00,34,1659.53,1660.36342,-89.1039,1967.8451,HIT/DEFESA,-4.45,5
2020-02-25 04:00:00,34,1657.54,1657.6913,22.554,2736.8421,BREAK/RUPTURA,-16.91,5
2020-02-26 13:00:00,34,1647.3,1647.19166,-24.7066,3370.1571,HIT/DEFESA,-7.66,5
2020-02-26 16:00:00,134,1635.05,1635.0719,-74.3641,4358.2492,BREAK/RUPTURA,13.15,5
2020-02-26 22:00:00,134,1636.03,1635.6057,-24.6939,789.701,BREAK/RUPTURA,13.27,5
2020-02-27 00:00:00,34,1644.7,1644.12527,-21.2353,92545.679,BREAK/RUPTURA,6.01,5
2020-02-27 01:00:00,34,1643.49,1644.08897,45.5982,1714.539,HIT/DEFESA,8.76,5
2020-02-27 10:00:00,34,1645.98,1646.1017,-37.6468,5868.5,BREAK/RUPTURA,5.71,5
2020-02-27 11:00:00,34,1647.15,1646.1616,-5.0365,7349.5726,BREAK/RUPTURA,5.68,5
2020-02-28 03:00:00,34,1642.34,1643.02013,358.8256,4209.0062,BREAK/RUPTURA,-9.36,5
2020-02-28 04:00:00,34,1642.72,1643.00298,-17.7439,21837.1429,HIT/DEFESA,-15.05,5
2020-02-28 05:00:00,134,1638.85,1638.74279,-40.8369,2342.3773,HIT/DEFESA,-3.33,5
2020-02-28 06:00:00,134,1638.74,1638.74275,-21.9199,44566.6667,HIT/DEFESA,-11.11,5
2020-03-02 11:00:00,34,1609.02,1608.41714,42.8799,3567.9558,BREAK/RUPTURA,-10.06,5
2020-03-02 12:00:00,34,1609.33,1608.4693,71.8465,73169.2308,BREAK/RUPTURA,-15.7,5
2020-03-03 12:00:00,34,1599.53,1600.40131,29.03,2268.9922,HIT/DEFESA,34.32,5
2020-03-05 01:00:00,34,1636.57,1636.40998,-10.3768,3570.5882,BREAK/RUPTURA,3.12,5
2020-03-05 09:00:00,34,1637.28,1637.32776,-14.6979,1280.9195,BREAK/RUPTURA,15.17,5
2020-03-09 11:00:00,34,1675.26,1675.82627,72.9953,1532.7181,BREAK/RUPTURA,-3.69,5
2020-03-09 14:00:00,34,1675.73,1675.4001,2.8055,2531.6,BREAK/RUPTURA,-4.03,5
2020-03-10 20:00:00,134,1657.77,1657.18591,-4.281,3202.3622,HIT/DEFESA,-4.83,5
2020-03-11 03:00:00,134,1656.98,1656.36566,136.2941,1289.2632,HIT/DEFESA,4.56,5
2020-03-11 04:00:00,34,1658.29,1659.12988,32.3666,7639.6825,HIT/DEFESA,4.7,5
2020-03-11 05:00:00,134,1657.05,1656.40388,29.3548,4917.2414,HIT/DEFESA,5.25,5
2020-03-11 06:00:00,34,1658.87,1659.00297,11.4063,2737.7778,BREAK/RUPTURA,-1.9,5
2020-03-11 11:00:00,134,1656.97,1656.78729,-27.5046,1749.3433,BREAK/RUPTURA,5.7,5
2020-03-11 12:00:00,34,1660.37,1659.60114,-15.7548,1954.1176,HIT/DEFESA,-7.38,5
2020-03-13 15:00:00,34,1594.85,1594.66918,78.7417,903.5201,BREAK/RUPTURA,-72.74,5
2020-03-18 08:00:00,34,1518.65,1518.15225,-78.074,864.3255,HIT/DEFESA,-22.91,5
2020-03-20 04:00:00,34,1481.87,1481.78042,98.6786,737.8641,HIT/DEFESA,17.78,5
2020-03-20 07:00:00,34,1482.3,1482.11024,2.9017,2607.874,HIT/DEFESA,25.72,5
2020-03-20 16:00:00,34,1489.66,1489.68363,-136.7922,3296.8974,HIT/DEFESA,-8.57,5
2020-03-20 18:00:00,34,1490.23,1490.2238,-24.3662,1517.8733,BREAK/RUPTURA,8.53,5
2020-03-20 22:00:00,34,1489.25,1489.17414,14.323,1112.1437,HIT/DEFESA,5.62,5
2020-03-23 04:00:00,34,1492.39,1493.01984,24.1807,3456.0,BREAK/RUPTURA,-4.71,5
2020-03-23 05:00:00,34,1493.23,1493.03185,12.069,7412.0482,BREAK/RUPTURA,-3.08,5
2020-03-23 06:00:00,34,1493.36,1493.0506,-10.1012,38533.3333,HIT/DEFESA,-2.66,5
2020-03-23 12:00:00,34,1492.25,1492.51389,30.719,4267.3469,HIT/DEFESA,35.63,5
2020-03-23 13:00:00,34,1492.68,1492.52338,16.9782,13897.4359,HIT/DEFESA,50.17,5
2020-03-26 06:00:00,34,1605.32,1605.80971,11.9121,730.8219,BREAK/RUPTURA,-1.9,5
2020-03-27 23:00:00,34,1622.39,1621.50057,-5.4827,608.2569,HIT/DEFESA,-2.53,5
2020-03-30 00:00:00,34,1621.92,1621.52454,-22.6992,6668.4411,HIT/DEFESA,-5.05,5
2020-03-30 13:00:00,34,1620.31,1620.77567,-8.3864,544.1221,HIT/DEFESA,-0.05,5
2020-03-30 15:00:00,34,1621.49,1620.74021,-33.3759,16465.8879,HIT/DEFESA,-3.96,5
2020-03-30 16:00:00,34,1620.75,1620.74077,2.7155,31975.6757,BREAK/RUPTURA,-6.91,5
2020-03-30 17:00:00,34,1620.16,1620.70759,4.9402,20689.8305,HIT/DEFESA,2.35,5
2020-03-30 18:00:00,34,1620.26,1620.68201,-7.5856,60986.6667,HIT/DEFESA,-0.03,5
2020-03-30 23:00:00,34,1620.23,1619.94399,16.6921,482.0175,BREAK/RUPTURA,-5.91,5
2020-03-31 01:00:00,34,1617.88,1617.39811,-28.536,407.3469,HIT/DEFESA,-3.45,5
2020-03-31 14:00:00,134,1601.42,1602.09691,-52.7359,4146.789,HIT/DEFESA,-3.79,5
2020-04-01 10:00:00,34,1595.97,1595.71818,57.6625,747.3684,BREAK/RUPTURA,-12.11,5
2020-04-01 11:00:00,34,1595.01,1595.67771,47.3704,2662.5,BREAK/RUPTURA,-13.91,5
2020-04-01 12:00:00,34,1594.79,1595.62698,51.3031,51557.1429,BREAK/RUPTURA,-8.37,5
2020-04-01 18:00:00,34,1592.46,1593.219,54.2977,4531.3233,BREAK/RUPTURA,-1.43,5
2020-04-01 23:00:00,34,1591.03,1591.71391,54.728,1774.569,BREAK/RUPTURA,-5.5,5
2020-04-02 01:00:00,34,1593.41,1592.9275,28.8894,2229.397,BREAK/RUPTURA,-8.11,5
2020-04-02 09:00:00,34,1591.24,1590.68161,37.4692,9160.4167,HIT/DEFESA,3.7,5
2020-04-02 12:00:00,34,1589.66,1590.45777,-9.9294,5036.1905,BREAK/RUPTURA,18.78,5
2020-04-02 14:00:00,134,1594.94,1595.53795,53.2622,3912.5,HIT/DEFESA,17.94,5
2020-04-06 01:00:00,34,1614.54,1614.24419,-44.0898,718.3133,BREAK/RUPTURA,2.5,5
2020-04-07 10:00:00,34,1645.96,1646.02763,-76.6875,477.4106,BREAK/RUPTURA,10.68,5
2020-04-07 20:00:00,34,1649.18,1648.94641,-10.7211,3912.9555,HIT/DEFESA,-1.73,5
2020-04-08 02:00:00,34,1648.11,1648.63094,8.8057,1915.1515,HIT/DEFESA,1.44,5
2020-04-08 04:00:00,34,1648.37,1648.40909,5.5844,768.7166,BREAK/RUPTURA,-1.69,5
2020-04-08 05:00:00,34,1648.59,1648.41942,2.9124,5695.4545,HIT/DEFESA,1.56,5
2020-04-08 06:00:00,34,1648.58,1648.4286,23.0425,18440.0,HIT/DEFESA,0.57,5
2020-04-08 11:00:00,34,1649.15,1648.39034,21.39,6813.1313,HIT/DEFESA,3.11,5
2020-04-08 13:00:00,34,1648.41,1648.5784,-10.5445,1075.3623,HIT/DEFESA,-0.59,5
2020-04-08 19:00:00,34,1649.61,1648.99163,-16.0386,4643.7158,BREAK/RUPTURA,31.69,5
2020-04-08 20:00:00,34,1648.66,1648.97268,-10.8455,6664.5455,HIT/DEFESA,-1.0,5
2020-04-09 06:00:00,34,1648.82,1649.77035,6.9796,1807.4468,HIT/DEFESA,9.28,5
2020-04-15 20:00:00,34,1717.93,1718.49083,-17.7805,4754.1667,HIT/DEFESA,-2.4,5
2020-04-15 21:00:00,34,1718.19,1718.47364,28.4243,166833.3333,BREAK/RUPTURA,-2.2,5
2020-04-16 18:00:00,34,1721.95,1721.00161,-15.7132,13116.4179,HIT/DEFESA,-3.96,5
2020-04-17 03:00:00,34,1717.54,1716.81823,215.3045,1565.2672,BREAK/RUPTURA,-23.27,5
2020-04-17 16:00:00,134,1700.09,1699.6466,76.5779,7534.687,BREAK/RUPTURA,-16.78,5
2020-04-20 19:00:00,134,1694.13,1694.45142,26.7517,5362.5,BREAK/RUPTURA,-9.18,5
2020-04-20 21:00:00,34,1689.62,1689.43669,-54.6236,9042.2442,BREAK/RUPTURA,1.38,5
2020-04-20 23:00:00,134,1694.47,1694.3738,11.3438,2191.8699,BREAK/RUPTURA,-4.94,5
2020-04-21 04:00:00,34,1689.53,1689.9191,-13.0044,33728.5714,BREAK/RUPTURA,4.6,5
2020-04-21 08:00:00,34,1689.22,1689.56836,3.4347,2223.9437,BREAK/RUPTURA,-10.29,5
2020-04-21 09:00:00,134,1694.13,1693.69116,31.8579,2581.7073,BREAK/RUPTURA,-27.46,5
2020-04-21 11:00:00,134,1693.35,1693.71835,24.4492,5337.3494,BREAK/RUPTURA,-14.25,5
2020-04-21 22:00:00,34,1684.66,1684.097,69.3942,6812.4122,HIT/DEFESA,2.64,5
2020-04-22 01:00:00,34,1685.58,1685.6101,5.461,4553.0612,BREAK/RUPTURA,-2.73,5
2020-04-22 05:00:00,34,1685.36,1685.87843,-13.0958,3012.5,BREAK/RUPTURA,6.96,5
2020-04-22 07:00:00,34,1685.09,1685.67021,-14.3998,3841.4097,BREAK/RUPTURA,16.91,5
2020-04-24 17:00:00,34,1725.15,1724.43001,-31.7224,13118.1034,BREAK/RUPTURA,3.23,5
2020-04-24 20:00:00,34,1724.07,1723.48202,-6.2603,7192.0213,HIT/DEFESA,-1.36,5
2020-04-27 01:00:00,34,1722.71,1723.36609,-32.8053,1992.278,HIT/DEFESA,-0.84,5
2020-04-27 03:00:00,34,1724.37,1723.49263,58.2718,23456.5217,BREAK/RUPTURA,-2.59,5
2020-04-27 04:00:00,34,1722.52,1723.43705,-1.1029,5394.5946,HIT/DEFESA,-7.78,5
2020-04-27 05:00:00,34,1722.4,1723.37779,-13.0461,103814.2857,HIT/DEFESA,-1.89,5
2020-04-27 11:00:00,34,1722.02,1722.42312,1.3939,24830.719,BREAK/RUPTURA,-6.5,5
2020-04-27 17:00:00,134,1712.26,1711.78322,-15.3363,16853.9877,BREAK/RUPTURA,5.02,5
2020-04-27 19:00:00,134,1712.02,1711.76975,-20.402,20344.2857,HIT/DEFESA,-3.95,5
2020-04-28 01:00:00,134,1711.67,1711.85173,-32.6679,36928.5714,HIT/DEFESA,-13.45,5
2020-04-28 14:00:00,34,1709.63,1710.17404,43.3544,55775.0,BREAK/RUPTURA,-4.27,5
2020-04-28 14:00:00,134,1709.63,1710.40424,43.3544,55775.0,BREAK/RUPTURA,-4.27,5
2020-04-28 15:00:00,34,1710.45,1710.18981,14.4029,45022.2222,BREAK/RUPTURA,-2.42,5
2020-04-28 15:00:00,134,1710.45,1710.40492,14.4029,45022.2222,BREAK/RUPTURA,-2.42,5
2020-04-28 20:00:00,34,1708.03,1708.44367,49.3043,12918.7943,BREAK/RUPTURA,-3.47,5
2020-04-28 22:00:00,34,1708.49,1708.34914,18.3539,16687.931,BREAK/RUPTURA,-2.39,5
2020-04-28 23:00:00,34,1707.83,1708.31947,-1.1709,3610.1449,BREAK/RUPTURA,3.6,5
2020-04-29 05:00:00,34,1709.06,1708.25336,25.3999,1487.1795,BREAK/RUPTURA,-4.29,5
2020-04-29 05:00:00,134,1709.06,1709.63673,25.3999,1487.1795,BREAK/RUPTURA,-4.29,5
2020-04-29 06:00:00,134,1710.04,1709.64271,23.0936,1706.1224,BREAK/RUPTURA,-5.87,5
2020-04-29 07:00:00,134,1710.1,1709.64948,-7.7713,16554.5455,HIT/DEFESA,-3.69,5
2020-04-29 14:00:00,134,1709.03,1709.37142,28.5183,6033.0341,BREAK/RUPTURA,-9.23,5
2020-05-01 17:00:00,34,1688.41,1689.29136,50.8971,13011.5894,HIT/DEFESA,10.41,5
2020-05-04 01:00:00,34,1692.95,1692.69118,-34.5534,613.6622,BREAK/RUPTURA,7.13,5
2020-05-04 06:00:00,134,1700.08,1701.07065,26.1257,1207.2165,HIT/DEFESA,4.94,5
2020-05-04 15:00:00,134,1701.16,1701.36696,-34.3288,2675.4955,BREAK/RUPTURA,6.91,5
2020-05-04 17:00:00,134,1701.58,1701.42606,-30.5835,11580.7163,BREAK/RUPTURA,2.24,5
2020-05-04 23:00:00,34,1701.11,1700.66503,-40.7477,509.3633,HIT/DEFESA,-1.29,5
2020-05-04 23:00:00,134,1701.11,1701.79343,-40.7477,509.3633,HIT/DEFESA,-1.29,5
2020-05-05 01:00:00,134,1701.97,1701.83788,-10.858,8444.4444,HIT/DEFESA,-3.61,5
2020-05-05 09:00:00,34,1700.34,1700.65868,11.6583,1608.5044,BREAK/RUPTURA,-5.17,5
2020-05-05 11:00:00,34,1699.79,1700.47819,-23.4185,8196.7949,HIT/DEFESA,-2.37,5
2020-05-05 18:00:00,134,1701.66,1701.17651,34.8518,6290.2542,HIT/DEFESA,2.93,5
2020-05-06 03:00:00,34,1701.61,1700.84272,93.0649,1486.0987,HIT/DEFESA,2.27,5
2020-05-06 03:00:00,134,1701.61,1701.39274,93.0649,1486.0987,HIT/DEFESA,2.27,5
2020-05-06 06:00:00,134,1702.31,1701.46674,4.1138,7114.2857,HIT/DEFESA,1.45,5
2020-05-06 12:00:00,34,1700.98,1701.90736,-22.4658,3105.4608,HIT/DEFESA,-11.77,5
2020-05-06 12:00:00,134,1700.98,1701.651,-22.4658,3105.4608,HIT/DEFESA,-11.77,5
2020-05-06 13:00:00,34,1701.66,1701.89323,-21.9888,11239.7059,HIT/DEFESA,-12.53,5
2020-05-06 13:00:00,134,1701.66,1701.65114,-21.9888,11239.7059,HIT/DEFESA,-12.53,5
2020-05-06 14:00:00,34,1701.82,1701.88904,-11.3866,28659.0909,HIT/DEFESA,-15.35,5
2020-05-06 14:00:00,134,1701.82,1701.65364,-11.3866,28659.0909,HIT/DEFESA,-15.35,5
2020-05-07 12:00:00,34,1693.28,1693.96696,40.5588,5929.5918,HIT/DEFESA,2.96,5
2020-05-07 13:00:00,34,1693.7,1693.9517,29.2522,19405.0,HIT/DEFESA,14.85,5
2020-05-07 15:00:00,134,1697.79,1698.56511,26.6347,5246.1883,HIT/DEFESA,21.91,5
2020-05-07 16:00:00,134,1697.66,1698.5517,23.3808,85019.0476,HIT/DEFESA,21.27,5
2020-05-08 21:00:00,134,1704.66,1704.09621,-60.4075,5656.1485,BREAK/RUPTURA,1.75,5
2020-05-11 01:00:00,134,1704.14,1704.01198,-15.1167,3419.0909,BREAK/RUPTURA,3.49,5
2020-05-11 03:00:00,134,1704.2,1704.04977,37.9323,1045.3744,HIT/DEFESA,0.69,5
2020-05-11 05:00:00,34,1709.44,1708.67742,17.7566,11012.1212,BREAK/RUPTURA,-2.55,5
2020-05-11 06:00:00,34,1707.63,1708.61756,20.1267,1171.5847,BREAK/RUPTURA,-3.96,5
2020-05-11 08:00:00,134,1704.89,1704.29091,-26.6169,8052.7273,HIT/DEFESA,-5.32,5
2020-05-11 16:00:00,134,1704.43,1704.21147,28.5955,31398.7952,BREAK/RUPTURA,-7.13,5
2020-05-12 00:00:00,34,1702.22,1703.19875,28.9872,32707.1575,BREAK/RUPTURA,-3.86,5
2020-05-12 08:00:00,34,1701.21,1701.48222,16.7809,1588.3562,HIT/DEFESA,2.26,5
2020-05-12 10:00:00,134,1703.5,1702.86923,21.8262,3846.0241,BREAK/RUPTURA,-2.26,5
2020-05-12 13:00:00,134,1703.47,1702.93655,-0.1761,11566.6667,BREAK/RUPTURA,2.91,5
2020-05-12 15:00:00,34,1701.24,1702.03493,-21.7602,5485.5124,BREAK/RUPTURA,2.41,5
2020-05-12 19:00:00,34,1702.4,1702.99751,-36.8118,4480.4124,BREAK/RUPTURA,13.74,5
2020-05-12 19:00:00,134,1702.4,1703.15116,-36.8118,4480.4124,BREAK/RUPTURA,13.74,5
2020-05-13 01:00:00,34,1704.07,1703.66405,13.1035,3536.6337,BREAK/RUPTURA,-1.47,5
2020-05-13 01:00:00,134,1704.07,1703.31621,13.1035,3536.6337,BREAK/RUPTURA,-1.47,5
2020-05-13 02:00:00,134,1702.45,1703.30338,1.9388,3066.0494,HIT/DEFESA,0.8,5
2020-05-13 05:00:00,134,1702.36,1703.31457,-0.5286,5291.8919,HIT/DEFESA,-0.87,5
2020-05-13 06:00:00,34,1702.6,1703.52595,-15.5988,14320.8333,HIT/DEFESA,-0.57,5
2020-05-13 06:00:00,134,1702.6,1703.30398,-15.5988,14320.8333,HIT/DEFESA,-0.57,5
2020-05-13 07:00:00,34,1703.25,1703.51018,0.8807,2580.0,BREAK/RUPTURA,-2.39,5
2020-05-13 07:00:00,134,1703.25,1703.30318,0.8807,2580.0,BREAK/RUPTURA,-2.39,5
2020-05-13 08:00:00,34,1704.42,1703.56217,12.1008,2579.661,HIT/DEFESA,0.48,5
2020-05-13 09:00:00,34,1703.58,1703.56319,5.7559,9332.5301,HIT/DEFESA,4.55,5
2020-05-13 09:00:00,134,1703.58,1703.32358,5.7559,9332.5301,HIT/DEFESA,4.55,5
2020-05-14 07:00:00,34,1711.8,1710.80762,-15.6316,1803.8961,BREAK/RUPTURA,6.66,5
2020-05-18 15:00:00,34,1748.91,1749.22294,-80.9333,2278.4379,HIT/DEFESA,-17.02,5
2020-05-19 09:00:00,134,1728.87,1728.7472,-47.2059,2215.414,BREAK/RUPTURA,7.11,5
2020-05-19 16:00:00,34,1738.28,1738.57385,20.0599,13485.5799,HIT/DEFESA,7.32,5
2020-05-20 23:00:00,34,1747.08,1746.54385,-12.2911,991.453,HIT/DEFESA,-3.33,5
2020-05-21 03:00:00,34,1745.2,1745.64059,100.18,1825.2252,BREAK/RUPTURA,-3.77,5
2020-05-21 14:00:00,134,1736.0,1736.66158,10.5526,12657.6389,BREAK/RUPTURA,-12.07,5
2020-05-21 15:00:00,134,1737.24,1736.67015,26.2597,17436.5854,BREAK/RUPTURA,-15.09,5
2020-05-22 09:00:00,134,1734.65,1734.47145,42.2031,2040.625,BREAK/RUPTURA,-4.43,5
2020-05-22 12:00:00,134,1735.2,1734.53601,3.1707,4741.5493,HIT/DEFESA,0.39,5
2020-05-22 15:00:00,134,1734.6,1734.48883,-3.4578,4275.4587,HIT/DEFESA,-0.44,5
2020-05-22 19:00:00,134,1735.36,1734.47522,4.2661,4569.5431,BREAK/RUPTURA,-7.58,5
2020-05-22 20:00:00,34,1734.16,1733.3885,-8.2393,9177.5,HIT/DEFESA,-2.48,5
2020-05-22 20:00:00,134,1734.16,1734.47055,-8.2393,9177.5,HIT/DEFESA,-2.48,5
2020-05-22 21:00:00,134,1734.87,1734.47647,19.6944,11022.5352,BREAK/RUPTURA,-4.3,5
2020-05-22 22:00:00,134,1735.1,1734.48571,-1.4982,51786.3636,HIT/DEFESA,-5.99,5
2020-05-22 23:00:00,134,1735.46,1734.50014,7.4964,3886.8421,BREAK/RUPTURA,-8.33,5
2020-05-25 12:00:00,34,1730.62,1730.76952,28.3939,3062.2093,HIT/DEFESA,1.16,5
2020-05-25 18:00:00,34,1729.32,1730.12675,7.6389,1352.2449,HIT/DEFESA,2.14,5
2020-05-26 03:00:00,134,1731.46,1732.40973,122.9515,1246.2475,HIT/DEFESA,2.8,5
2020-05-26 04:00:00,134,1731.89,1732.40203,28.5473,19673.1707,BREAK/RUPTURA,-1.62,5
2020-05-26 07:00:00,134,1732.05,1732.45277,0.9238,1745.8955,BREAK/RUPTURA,-10.44,5
2020-05-26 09:00:00,34,1730.27,1730.02151,-25.7676,2883.9599,HIT/DEFESA,-4.37,5
2020-05-26 10:00:00,34,1729.77,1730.00714,-13.1636,26890.0,HIT/DEFESA,-3.73,5
2020-05-28 02:00:00,34,1710.91,1711.31824,9.3605,3832.2222,HIT/DEFESA,5.05,5
2020-05-28 14:00:00,134,1720.98,1721.80702,5.0578,5722.2656,BREAK/RUPTURA,-1.08,5
2020-05-28 15:00:00,134,1722.26,1721.81373,-11.3675,16230.2326,HIT/DEFESA,-9.58,5
2020-05-28 16:00:00,134,1721.94,1721.8156,-9.2832,107634.375,HIT/DEFESA,-5.74,5
2020-05-28 17:00:00,134,1721.97,1721.81789,5.7525,1440000.0,BREAK/RUPTURA,-2.64,5
2020-05-28 21:00:00,34,1716.2,1716.46423,-41.8357,3644.6328,BREAK/RUPTURA,5.53,5
2020-05-29 03:00:00,34,1718.79,1717.84718,-59.4539,1743.75,BREAK/RUPTURA,2.39,5
2020-05-29 07:00:00,134,1721.47,1721.48823,6.1613,1062.8931,HIT/DEFESA,4.35,5
2020-05-29 08:00:00,134,1721.18,1721.48366,8.4898,15561.7647,HIT/DEFESA,6.42,5
2020-05-29 09:00:00,134,1721.21,1721.47961,7.7331,210166.6667,HIT/DEFESA,8.41,5
2020-06-01 15:00:00,34,1733.1,1732.81072,-16.7626,12637.7049,BREAK/RUPTURA,3.39,5
2020-06-01 16:00:00,34,1732.54,1732.79525,-10.321,43292.8571,BREAK/RUPTURA,4.57,5
2020-06-02 00:00:00,134,1726.86,1727.5265,-59.0061,15792.981,BREAK/RUPTURA,12.1,5
2020-06-02 07:00:00,34,1736.48,1736.04109,-28.7112,728.6738,BREAK/RUPTURA,3.06,5
2020-06-02 09:00:00,34,1736.64,1736.2315,-15.1213,2114.7826,BREAK/RUPTURA,3.13,5
2020-06-02 10:00:00,34,1735.54,1736.19199,-5.4132,9600.0,BREAK/RUPTURA,5.69,5
2020-06-02 18:00:00,134,1729.55,1730.21441,-67.079,4272.7445,HIT/DEFESA,-2.07,5
2020-06-03 01:00:00,134,1730.46,1729.53362,13.8305,584.8259,BREAK/RUPTURA,-5.31,5
2020-06-03 04:00:00,134,1728.5,1729.40867,-11.3265,1909.0116,HIT/DEFESA,-7.27,5
2020-06-05 05:00:00,34,1711.31,1710.4212,-5.198,3365.5738,HIT/DEFESA,-1.93,5
2020-06-05 08:00:00,34,1709.32,1710.15577,-11.6285,6931.1688,HIT/DEFESA,-3.9,5
2020-06-05 10:00:00,34,1709.38,1710.0427,4.9165,17734.0,BREAK/RUPTURA,-22.42,5
2020-06-05 11:00:00,34,1711.1,1710.10312,10.4135,8369.7674,BREAK/RUPTURA,-31.25,5
2020-06-08 00:00:00,34,1697.65,1697.84382,90.7643,14396.875,BREAK/RUPTURA,-10.4,5
2020-06-08 11:00:00,34,1693.18,1693.42408,16.031,14090.404,BREAK/RUPTURA,-3.09,5
2020-06-08 17:00:00,34,1692.82,1693.17844,5.7925,25893.75,HIT/DEFESA,5.61,5
2020-06-09 05:00:00,34,1695.53,1696.02343,-9.722,3087.7119,BREAK/RUPTURA,6.13,5
2020-06-09 06:00:00,34,1695.26,1695.97981,-28.9968,11590.3226,BREAK/RUPTURA,10.38,5
2020-06-09 09:00:00,34,1695.37,1696.13743,0.6489,2770.915,HIT/DEFESA,12.11,5
2020-06-09 11:00:00,134,1705.64,1705.48926,42.451,3612.8141,HIT/DEFESA,13.08,5
2020-06-10 19:00:00,34,1714.18,1714.77963,-54.5376,1979.4203,BREAK/RUPTURA,12.43,5
2020-06-10 20:00:00,34,1713.89,1714.72879,-28.7985,18040.625,BREAK/RUPTURA,21.67,5
2020-06-11 21:00:00,34,1728.7,1728.70977,-39.1818,2359.1463,HIT/DEFESA,-2.2,5
2020-06-11 23:00:00,34,1728.61,1728.64913,-19.5727,1570.9677,HIT/DEFESA,-3.4,5
2020-06-12 01:00:00,34,1729.08,1728.75299,8.0454,1121.2598,BREAK/RUPTURA,-3.16,5
2020-06-12 07:00:00,34,1727.93,1728.04217,15.7662,822.7273,HIT/DEFESA,3.21,5
2020-06-12 08:00:00,34,1727.29,1727.99919,11.5342,3040.5063,HIT/DEFESA,9.68,5
2020-06-12 20:00:00,34,1732.64,1731.64339,-32.9046,7091.1765,HIT/DEFESA,-2.34,5
2020-06-12 22:00:00,34,1730.99,1731.62527,-15.4009,5971.2871,BREAK/RUPTURA,1.08,5
2020-06-15 01:00:00,34,1730.3,1731.18487,-3.9862,4600.0,HIT/DEFESA,-1.17,5
2020-06-15 03:00:00,34,1732.07,1731.3063,35.8658,4668.9655,BREAK/RUPTURA,-10.06,5
2020-06-15 08:00:00,134,1722.01,1722.73683,-41.5223,761.2903,HIT/DEFESA,-12.33,5
2020-06-15 09:00:00,134,1722.91,1722.7394,-35.9718,7435.8025,HIT/DEFESA,-10.72,5
2020-06-15 19:00:00,134,1721.14,1721.68288,77.0501,10470.0,HIT/DEFESA,6.15,5
2020-06-15 20:00:00,134,1722.19,1721.69039,33.0319,7340.367,HIT/DEFESA,4.83,5
2020-06-16 02:00:00,34,1724.07,1724.12707,-6.3183,575.2542,BREAK/RUPTURA,1.84,5
2020-06-16 07:00:00,34,1725.91,1725.12864,-18.9684,839.6154,BREAK/RUPTURA,3.97,5
2020-06-16 09:00:00,34,1726.25,1725.25583,-13.1326,528200.0,BREAK/RUPTURA,1.52,5
2020-06-16 15:00:00,34,1725.97,1726.17815,-22.6027,4898.9071,BREAK/RUPTURA,3.02,5
2020-06-16 16:00:00,134,1723.88,1723.10957,-37.1034,4243.379,BREAK/RUPTURA,1.86,5
2020-06-16 21:00:00,34,1725.74,1726.2937,2.0285,1848.0,HIT/DEFESA,0.64,5
2020-06-16 23:00:00,34,1726.33,1726.29881,-15.3847,42100.0,HIT/DEFESA,-2.02,5
2020-06-17 00:00:00,34,1727.12,1726.34573,7.9966,229696.9231,BREAK/RUPTURA,-3.21,5
2020-06-17 03:00:00,34,1726.36,1726.30594,-4.4004,113400.0,BREAK/RUPTURA,1.74,5
2020-06-17 04:00:00,134,1724.31,1723.65131,-6.9545,1341.7476,BREAK/RUPTURA,3.96,5
2020-06-17 05:00:00,134,1723.91,1723.65514,-14.3074,6447.8261,HIT/DEFESA,-0.1,5
2020-06-17 06:00:00,34,1726.25,1726.07226,-0.6372,966.2393,HIT/DEFESA,-6.33,5
2020-06-17 07:00:00,34,1725.89,1726.06185,9.1631,5968.75,BREAK/RUPTURA,-10.83,5
2020-06-17 10:00:00,134,1723.81,1723.85658,-12.0518,1229.49,HIT/DEFESA,-2.99,5
2020-06-17 16:00:00,34,1724.36,1724.20882,30.8892,2058.0737,HIT/DEFESA,2.33,5
2020-06-17 16:00:00,134,1724.36,1723.48046,30.8892,2058.0737,HIT/DEFESA,2.33,5
2020-06-17 18:00:00,34,1724.43,1724.36592,20.9784,2743.2653,HIT/DEFESA,1.66,5
2020-06-17 18:00:00,134,1724.43,1723.54429,20.9784,2743.2653,HIT/DEFESA,1.66,5
2020-06-18 00:00:00,134,1723.22,1723.7817,-20.0963,59199.6183,BREAK/RUPTURA,2.92,5
2020-06-18 04:00:00,34,1725.01,1725.30298,-11.2337,1503.3457,BREAK/RUPTURA,1.1,5
2020-06-18 05:00:00,34,1726.14,1725.35081,-7.1207,2848.9362,BREAK/RUPTURA,1.11,5
2020-06-18 06:00:00,34,1725.87,1725.38048,-10.5921,6342.8571,BREAK/RUPTURA,7.04,5
2020-06-18 09:00:00,34,1726.11,1725.57928,1.3906,3730.4878,BREAK/RUPTURA,-4.1,5
2020-06-18 12:00:00,34,1725.74,1726.0683,-2.1435,1243.1978,HIT/DEFESA,-3.81,5
2020-06-18 13:00:00,34,1726.54,1726.09525,-4.1106,8081.0127,HIT/DEFESA,-4.29,5
2020-06-18 15:00:00,34,1725.27,1725.82799,-2.7235,2471.118,HIT/DEFESA,-1.33,5
2020-06-18 15:00:00,134,1725.27,1724.33699,-2.7235,2471.118,HIT/DEFESA,-1.33,5
2020-06-18 21:00:00,34,1724.97,1725.05618,15.7933,3129.703,BREAK/RUPTURA,-1.72,5
2020-06-18 21:00:00,134,1724.97,1724.23635,15.7933,3129.703,BREAK/RUPTURA,-1.72,5
2020-06-19 03:00:00,134,1723.69,1724.44728,-110.786,2793.1818,BREAK/RUPTURA,4.12,5
2020-06-19 04:00:00,34,1725.67,1725.52619,13.5203,1610.7143,HIT/DEFESA,4.63,5
2020-06-19 05:00:00,34,1725.14,1725.50412,10.9676,3481.6667,HIT/DEFESA,6.72,5
2020-06-19 05:00:00,134,1725.14,1724.47539,10.9676,3481.6667,HIT/DEFESA,6.72,5
2020-06-19 06:00:00,34,1725.81,1725.5216,12.2992,2976.4706,HIT/DEFESA,4.31,5
2020-06-19 07:00:00,34,1725.9,1725.54323,1.3328,21044.4444,HIT/DEFESA,5.45,5
2020-06-23 05:00:00,34,1750.51,1750.40966,-27.1752,1243.6759,BREAK/RUPTURA,4.97,5
2020-06-23 06:00:00,34,1751.37,1750.46453,-11.8054,2198.8889,BREAK/RUPTURA,4.74,5
2020-06-23 09:00:00,34,1749.85,1750.64768,-8.6789,1880.8594,BREAK/RUPTURA,7.93,5
2020-06-24 15:00:00,34,1766.78,1765.89014,-65.0044,990.5405,HIT/DEFESA,-1.27,5
2020-06-24 18:00:00,34,1767.02,1766.51408,1.3584,1806.7251,BREAK/RUPTURA,-5.72,5
2020-06-24 19:00:00,34,1766.26,1766.49956,-12.4967,9330.7692,HIT/DEFESA,-2.35,5
2020-06-24 20:00:00,34,1765.51,1766.44301,-46.9603,9902.7027,HIT/DEFESA,-1.59,5
2020-06-25 15:00:00,34,1764.23,1764.00487,15.0433,1820.9256,BREAK/RUPTURA,-1.74,5
2020-06-25 19:00:00,34,1762.99,1763.46354,6.4137,3295.9391,HIT/DEFESA,8.07,5
2020-06-25 20:00:00,34,1762.49,1763.40791,15.7981,9380.0,HIT/DEFESA,1.54,5
2020-06-25 21:00:00,34,1762.81,1763.37374,10.3351,9850.0,HIT/DEFESA,2.84,5
2020-06-25 23:00:00,34,1763.71,1763.39814,6.922,3754.1667,BREAK/RUPTURA,-2.8,5
2020-06-26 01:00:00,34,1764.03,1763.84705,3.1756,1570.7317,BREAK/RUPTURA,-3.42,5
2020-06-26 03:00:00,34,1762.95,1763.89293,-45.7918,723.0769,HIT/DEFESA,-3.44,5
2020-06-26 10:00:00,34,1763.16,1762.93492,11.6972,1137.2611,BREAK/RUPTURA,-2.04,5
2020-06-26 11:00:00,34,1763.96,1762.9935,25.2911,5393.4211,BREAK/RUPTURA,-14.31,5
2020-06-26 12:00:00,34,1762.72,1762.97787,15.2838,2334.8837,BREAK/RUPTURA,-7.32,5
2020-06-26 13:00:00,34,1762.14,1762.92999,-5.7851,3655.5556,BREAK/RUPTURA,4.35,5
2020-06-26 14:00:00,34,1762.34,1762.89628,-9.1839,12839.3939,BREAK/RUPTURA,5.07,5
2020-06-26 17:00:00,134,1755.4,1755.71282,-39.3795,1942.2609,BREAK/RUPTURA,15.7,5
2020-06-29 19:00:00,34,1769.71,1768.91673,-11.063,2886.1842,BREAK/RUPTURA,9.93,5
2020-06-29 20:00:00,34,1769.62,1768.95692,-18.2756,39925.0,BREAK/RUPTURA,3.57,5
2020-06-30 04:00:00,34,1770.91,1770.33109,-12.8582,1419.883,BREAK/RUPTURA,1.88,5
2020-06-30 06:00:00,34,1770.61,1770.42563,7.6869,1193.8596,HIT/DEFESA,1.04,5
2020-06-30 08:00:00,34,1770.53,1770.46092,-7.1115,4106.5217,HIT/DEFESA,-0.82,5
2020-06-30 12:00:00,34,1770.37,1770.77912,-13.6508,1825.7812,BREAK/RUPTURA,10.62,5
2020-06-30 16:00:00,34,1770.87,1770.38016,6.5547,4219.8895,HIT/DEFESA,11.47,5
2020-07-01 15:00:00,34,1779.36,1779.2792,-42.3074,4069.4175,HIT/DEFESA,-10.8,5
2020-07-01 20:00:00,134,1768.56,1768.78328,17.6159,3487.5,HIT/DEFESA,0.86,5
2020-07-02 00:00:00,34,1774.84,1775.42706,25.1923,28429.588,BREAK/RUPTURA,-6.85,5
2020-07-02 01:00:00,134,1769.42,1768.97068,-17.0387,1652.459,HIT/DEFESA,-0.63,5
2020-07-02 02:00:00,134,1768.05,1768.95704,-10.2268,743.2624,HIT/DEFESA,-0.45,5
2020-07-02 03:00:00,134,1768.56,1768.95116,-35.3835,3308.5106,HIT/DEFESA,-2.49,5
2020-07-02 04:00:00,134,1769.24,1768.95544,-1.0173,3974.6479,HIT/DEFESA,-1.41,5
2020-07-02 06:00:00,134,1768.79,1768.9389,1.3005,1448.8889,HIT/DEFESA,3.35,5
2020-07-02 10:00:00,134,1768.93,1768.86236,7.5243,3319.0909,BREAK/RUPTURA,-8.65,5
2020-07-02 11:00:00,34,1772.14,1772.20239,34.3701,962.4224,HIT/DEFESA,1.33,5
2020-07-02 12:00:00,34,1772.91,1772.24282,28.7358,4739.726,HIT/DEFESA,2.54,5
2020-07-02 13:00:00,34,1771.93,1772.22495,16.9594,2345.9184,HIT/DEFESA,6.06,5
2020-07-02 14:00:00,34,1772.57,1772.24466,2.4264,4612.5,HIT/DEFESA,3.92,5
2020-07-03 00:00:00,34,1773.34,1773.24089,-20.6527,28226.1719,BREAK/RUPTURA,3.34,5
2020-07-03 08:00:00,34,1774.22,1773.9806,-13.846,21425.0,BREAK/RUPTURA,1.4,5
2020-07-03 12:00:00,34,1774.69,1774.27487,-4.3369,1378.0303,HIT/DEFESA,-0.21,5
2020-07-03 15:00:00,34,1775.32,1774.48024,3.5499,5474.4186,BREAK/RUPTURA,-1.89,5
2020-07-03 16:00:00,34,1773.81,1774.44195,-10.1936,1666.8874,BREAK/RUPTURA,10.25,5
2020-07-03 17:00:00,34,1774.48,1774.44412,-6.9268,4453.8462,HIT/DEFESA,-0.15,5
2020-07-03 19:00:00,34,1774.77,1774.49107,5.4121,9528.5714,HIT/DEFESA,0.84,5
2020-07-06 01:00:00,34,1774.33,1774.94352,-2.4792,623.301,HIT/DEFESA,-2.28,5
2020-07-06 02:00:00,34,1775.16,1774.95589,9.7551,1214.1026,BREAK/RUPTURA,-2.75,5
2020-07-06 03:00:00,34,1775.61,1774.99327,-47.3639,1888.6364,HIT/DEFESA,-2.98,5
2020-07-06 06:00:00,134,1772.05,1771.55818,-20.0494,909.3023,BREAK/RUPTURA,4.67,5
2020-07-06 07:00:00,134,1772.41,1771.5708,-1.6923,3069.4444,BREAK/RUPTURA,2.75,5
2020-07-06 12:00:00,34,1775.16,1774.75166,-7.7679,1629.4872,BREAK/RUPTURA,7.16,5
2020-07-06 13:00:00,34,1775.74,1774.80814,-0.8446,3542.1875,BREAK/RUPTURA,7.86,5
2020-07-07 10:00:00,34,1780.69,1781.49782,-16.7631,2082.9146,HIT/DEFESA,-2.13,5
2020-07-07 13:00:00,134,1776.2,1775.31164,-25.2149,5467.7966,BREAK/RUPTURA,18.89,5
2020-07-09 17:00:00,34,1806.08,1806.52256,-10.4537,2208.0808,HIT/DEFESA,-2.44,5
2020-07-10 16:00:00,34,1803.33,1803.79164,-27.5395,1695.1031,HIT/DEFESA,-3.67,5
2020-07-10 19:00:00,134,1794.38,1794.44291,-49.6304,1895.1567,BREAK/RUPTURA,7.94,5
2020-07-13 00:00:00,34,1802.32,1802.0833,14.7806,55665.8451,HIT/DEFESA,1.82,5
2020-07-13 03:00:00,34,1800.85,1801.80914,-8.1562,1806.9307,BREAK/RUPTURA,6.32,5
2020-07-13 04:00:00,34,1802.19,1801.83091,9.9422,1938.0597,HIT/DEFESA,4.7,5
2020-07-14 03:00:00,134,1797.5,1798.31402,-62.747,564.346,HIT/DEFESA,-0.47,5
2020-07-14 04:00:00,134,1798.41,1798.31544,-22.1372,4022.8571,BREAK/RUPTURA,2.69,5
2020-07-14 05:00:00,134,1798.62,1798.31995,-20.1415,8873.913,BREAK/RUPTURA,1.72,5
2020-07-14 06:00:00,134,1797.47,1798.30736,-0.1669,1535.7143,BREAK/RUPTURA,3.64,5
2020-07-14 12:00:00,134,1799.05,1798.4082,-11.3819,1780.8824,BREAK/RUPTURA,8.58,5
2020-07-14 15:00:00,34,1801.24,1801.76193,12.1731,8876.5432,HIT/DEFESA,8.35,5
2020-07-15 07:00:00,34,1805.77,1805.70253,-18.0207,490.2685,BREAK/RUPTURA,2.67,5
2020-07-15 09:00:00,34,1806.68,1805.89672,-11.3891,1623.8994,HIT/DEFESA,-1.54,5
2020-07-15 13:00:00,34,1807.57,1806.73782,-22.5209,4086.0465,BREAK/RUPTURA,2.84,5
2020-07-15 15:00:00,34,1806.96,1806.66443,-8.1838,2663.2184,BREAK/RUPTURA,4.24,5
2020-07-16 08:00:00,34,1808.13,1808.45337,-7.8473,879.932,HIT/DEFESA,-1.96,5
2020-07-16 16:00:00,34,1806.5,1807.48303,1.8271,5233.3333,BREAK/RUPTURA,-9.91,5
2020-07-16 17:00:00,34,1807.99,1807.512,14.4013,3726.4901,BREAK/RUPTURA,-12.8,5
2020-07-17 11:00:00,34,1802.45,1802.24437,15.0021,1494.9153,HIT/DEFESA,4.81,5
2020-07-17 11:00:00,134,1802.45,1802.5744,15.0021,1494.9153,HIT/DEFESA,4.81,5
2020-07-17 12:00:00,134,1803.5,1802.58811,24.2895,2202.8571,HIT/DEFESA,5.27,5
2020-07-20 04:00:00,34,1807.24,1806.44886,-12.8208,4704.3478,BREAK/RUPTURA,3.35,5
2020-07-28 16:00:00,34,1934.76,1934.68453,35.0622,2831.4943,HIT/DEFESA,20.82,5
2020-07-30 00:00:00,34,1955.64,1955.00729,-56.2363,15796.6831,BREAK/RUPTURA,10.61,5
2020-07-30 08:00:00,34,1958.65,1958.40656,-38.6523,1650.0,HIT/DEFESA,-5.73,5
2020-07-30 22:00:00,34,1956.0,1955.22364,33.2904,2324.537,HIT/DEFESA,2.35,5
2020-07-31 01:00:00,34,1956.28,1956.48295,1.4315,1402.8846,HIT/DEFESA,12.86,5
2020-07-31 02:00:00,34,1956.83,1956.50278,-3.3717,3107.1429,BREAK/RUPTURA,10.22,5
2020-08-03 12:00:00,34,1971.04,1971.4102,-6.8445,1469.3694,BREAK/RUPTURA,2.86,5
2020-08-03 19:00:00,34,1970.55,1970.58622,34.1167,2377.2926,HIT/DEFESA,48.85,5
2020-08-04 02:00:00,34,1975.18,1974.2862,-3.8463,448.1675,HIT/DEFESA,-0.64,5
2020-08-04 04:00:00,34,1975.02,1974.24644,8.6656,1383.6134,BREAK/RUPTURA,-2.16,5
2020-08-04 06:00:00,34,1973.76,1974.31043,5.0183,871.8894,HIT/DEFESA,2.66,5
2020-08-04 07:00:00,34,1974.54,1974.32355,-2.4304,2676.4706,HIT/DEFESA,-0.02,5
2020-08-04 12:00:00,34,1974.52,1974.62344,8.4142,2327.6042,HIT/DEFESA,17.17,5
2020-08-04 13:00:00,34,1974.24,1974.60153,-17.0408,13184.6154,BREAK/RUPTURA,20.72,5
2020-08-10 17:00:00,34,2036.25,2037.13182,25.8987,1340.5211,BREAK/RUPTURA,-11.31,5
2020-08-11 01:00:00,34,2028.02,2027.61346,15.2103,3097.8261,BREAK/RUPTURA,-7.82,5
2020-08-11 02:00:00,34,2028.14,2027.64355,2.9099,27883.3333,BREAK/RUPTURA,-9.54,5
2020-08-11 03:00:00,134,2019.61,2020.3362,565.5215,616.1712,BREAK/RUPTURA,-10.89,5
2020-08-11 05:00:00,134,2019.35,2020.34062,-43.3402,1794.8718,HIT/DEFESA,-24.32,5
2020-08-11 06:00:00,134,2020.2,2020.33854,2.9214,4981.1765,BREAK/RUPTURA,-30.96,5
2020-08-12 18:00:00,34,1941.24,1941.2813,21.5791,1810.6969,BREAK/RUPTURA,-22.36,5
2020-08-13 04:00:00,34,1936.84,1935.99858,110.8791,1252.3333,BREAK/RUPTURA,-3.23,5
2020-08-13 05:00:00,34,1936.87,1936.04837,78.7307,142966.6667,BREAK/RUPTURA,-6.96,5
2020-08-13 11:00:00,34,1933.67,1934.56111,25.7687,1518.2058,HIT/DEFESA,7.05,5
2020-08-14 12:00:00,34,1945.51,1945.38246,14.4644,4367.4121,HIT/DEFESA,1.85,5
2020-08-14 15:00:00,34,1945.7,1945.65151,0.9766,9591.9414,BREAK/RUPTURA,-3.67,5
2020-08-21 03:00:00,34,1950.76,1949.89013,52.873,4588.5417,BREAK/RUPTURA,-3.43,5
2020-08-21 06:00:00,34,1949.76,1949.48,-5.1262,1926.2821,HIT/DEFESA,-15.24,5
2020-08-21 09:00:00,34,1948.65,1949.22682,-5.693,12604.5455,HIT/DEFESA,-32.63,5
2020-08-25 04:00:00,34,1934.48,1935.31736,29.7084,2129.4382,BREAK/RUPTURA,-4.07,5
2020-08-25 05:00:00,34,1934.6,1935.27637,26.068,57433.3333,HIT/DEFESA,0.28,5
2020-08-25 06:00:00,34,1936.01,1935.31829,30.6721,3012.2302,BREAK/RUPTURA,-10.56,5
2020-08-25 10:00:00,34,1934.88,1934.69712,9.2598,2676.9058,BREAK/RUPTURA,-8.88,5
2020-08-25 21:00:00,34,1928.55,1928.94641,48.3517,1860.7192,HIT/DEFESA,0.95,5
2020-08-25 22:00:00,34,1929.11,1928.95576,68.3713,23101.7857,BREAK/RUPTURA,-2.75,5
2020-08-26 02:00:00,34,1929.5,1930.10823,13.3892,1919.2857,BREAK/RUPTURA,-6.31,5
2020-08-26 04:00:00,34,1929.0,1929.84296,4.8754,3774.7126,BREAK/RUPTURA,-11.83,5
2020-08-26 05:00:00,34,1928.98,1929.79365,-2.695,298900.0,HIT/DEFESA,-11.78,5
2020-08-26 18:00:00,134,1940.24,1939.38765,150.5124,14306.701,HIT/DEFESA,12.89,5
2020-08-27 05:00:00,134,1941.0,1940.46184,-63.2247,4129.2419,BREAK/RUPTURA,5.21,5
2020-08-27 13:00:00,134,1940.03,1940.66492,-31.754,3250.4902,HIT/DEFESA,-11.36,5
2020-08-27 14:00:00,134,1940.68,1940.66514,-9.1636,15583.871,HIT/DEFESA,-20.16,5
2020-08-27 15:00:00,34,1939.66,1938.68202,-12.5637,26393.3333,HIT/DEFESA,-8.98,5
2020-08-27 15:00:00,134,1939.66,1940.65025,-12.5637,26393.3333,HIT/DEFESA,-8.98,5
2020-08-27 16:00:00,134,1940.91,1940.6541,4.536,59616.8,BREAK/RUPTURA,-10.58,5
2020-08-28 04:00:00,34,1935.54,1935.2074,43.2752,1859.9676,HIT/DEFESA,9.38,5
2020-08-28 05:00:00,34,1935.54,1935.22641,39.8369,78420000.0,HIT/DEFESA,12.62,5
2020-08-31 10:00:00,34,1958.4,1959.34418,-60.1447,2096.1367,BREAK/RUPTURA,9.12,5
2020-08-31 11:00:00,34,1959.74,1959.3668,-49.5052,6664.3836,BREAK/RUPTURA,9.16,5
2020-09-01 17:00:00,34,1977.03,1976.73601,-60.6307,9068.5662,HIT/DEFESA,-6.85,5
2020-09-02 02:00:00,34,1972.48,1972.96738,8.9815,2862.6087,BREAK/RUPTURA,-9.7,5
2020-09-02 12:00:00,34,1970.2,1969.43777,23.7595,2502.3857,BREAK/RUPTURA,-27.14,5
2020-09-04 04:00:00,34,1939.48,1938.61343,44.0191,2710.6472,BREAK/RUPTURA,-5.01,5
2020-09-04 13:00:00,34,1938.37,1937.86052,14.2073,9171.875,BREAK/RUPTURA,-17.69,5
2020-09-04 22:00:00,34,1934.96,1934.52301,41.8288,14072.6316,BREAK/RUPTURA,-2.08,5
2020-09-07 02:00:00,34,1934.17,1934.23951,6.2598,1096.2963,HIT/DEFESA,0.79,5
2020-09-07 06:00:00,34,1935.48,1934.70183,13.4514,2304.721,BREAK/RUPTURA,-4.34,5
2020-09-07 07:00:00,34,1934.96,1934.71658,-23.0995,9342.8571,HIT/DEFESA,-6.25,5
2020-09-08 00:00:00,34,1931.28,1931.95976,11.3006,278634.6154,BREAK/RUPTURA,-5.07,5
2020-09-08 10:00:00,34,1931.31,1930.48581,27.5701,56088.2353,BREAK/RUPTURA,-17.34,5
2020-09-09 02:00:00,34,1930.13,1929.37294,-6.679,3250.0,HIT/DEFESA,-0.81,5
2020-09-09 03:00:00,34,1928.6,1929.32878,-90.6363,3643.4211,HIT/DEFESA,-0.65,5
2020-09-09 06:00:00,34,1930.04,1929.10899,7.4666,960.6195,HIT/DEFESA,1.65,5
2020-09-09 12:00:00,34,1928.95,1929.22248,10.6908,2581.1594,HIT/DEFESA,16.52,5
2020-09-09 15:00:00,134,1935.71,1935.89621,35.045,1752.7888,HIT/DEFESA,10.13,5
2020-09-10 23:00:00,34,1945.88,1946.51039,-52.3994,1102.6549,HIT/DEFESA,-0.09,5
2020-09-11 01:00:00,34,1945.28,1946.07531,14.2599,4475.0,BREAK/RUPTURA,-4.8,5
2020-09-11 04:00:00,34,1945.79,1946.09489,2.6217,3805.9937,BREAK/RUPTURA,-1.18,5
2020-09-11 06:00:00,134,1940.48,1941.08571,-42.8462,162200.0,BREAK/RUPTURA,4.6,5
2020-09-11 10:00:00,134,1941.16,1941.13945,5.7731,3401.7391,HIT/DEFESA,4.56,5
2020-09-11 11:00:00,34,1945.08,1944.76589,14.8285,2881.8414,HIT/DEFESA,6.27,5
2020-09-11 14:00:00,34,1944.47,1944.92832,-3.1361,4774.6269,HIT/DEFESA,-1.92,5
2020-09-11 15:00:00,34,1945.72,1944.97356,-4.0585,16012.0968,HIT/DEFESA,-6.05,5
2020-09-11 19:00:00,134,1942.55,1941.84813,-45.097,2043.733,BREAK/RUPTURA,13.62,5
2020-09-11 21:00:00,134,1940.91,1941.80244,-45.8497,11579.5082,BREAK/RUPTURA,1.87,5
2020-09-11 22:00:00,134,1942.23,1941.80878,-1.6473,9954.1353,HIT/DEFESA,-2.07,5
2020-09-14 01:00:00,134,1941.37,1941.9899,-4.4279,3216.0305,BREAK/RUPTURA,7.62,5
2020-09-14 02:00:00,134,1942.78,1942.00161,12.8847,1693.8462,HIT/DEFESA,3.64,5
2020-09-14 07:00:00,34,1946.42,1945.42106,-10.5211,1360.3113,HIT/DEFESA,-4.78,5
2020-09-14 09:00:00,34,1944.56,1945.48009,-22.7297,2986.7596,HIT/DEFESA,-0.56,5
2020-09-14 10:00:00,34,1945.4,1945.47552,-5.2404,8296.4286,BREAK/RUPTURA,10.53,5
2020-09-14 11:00:00,34,1945.84,1945.49635,-8.1646,12988.6364,BREAK/RUPTURA,12.36,5
2020-09-14 12:00:00,134,1941.64,1942.53528,-15.0163,1882.1429,BREAK/RUPTURA,16.69,5
2020-09-14 13:00:00,34,1944.47,1945.22993,-4.7805,2257.2438,BREAK/RUPTURA,14.03,5
2020-09-15 19:00:00,34,1957.92,1957.63436,9.5601,1855.0794,HIT/DEFESA,1.06,5
2020-09-16 04:00:00,34,1956.08,1956.48495,6.548,2477.4854,HIT/DEFESA,5.28,5
2020-09-17 01:00:00,34,1959.14,1959.48003,4.4427,7264.5161,BREAK/RUPTURA,-19.49,5
2020-09-17 02:00:00,34,1959.69,1959.49202,3.5222,4705.4545,BREAK/RUPTURA,-19.32,5
2020-09-17 22:00:00,34,1948.09,1949.06191,17.1229,2595.935,HIT/DEFESA,2.82,5
2020-09-18 00:00:00,134,1950.03,1950.52321,28.8518,34517.6806,HIT/DEFESA,1.83,5
2020-09-18 03:00:00,134,1950.91,1950.41206,4.5128,1788.4021,HIT/DEFESA,3.3,5
2020-09-18 13:00:00,34,1951.56,1950.72213,-11.1581,2093.662,BREAK/RUPTURA,1.21,5
2020-09-18 13:00:00,134,1951.56,1950.79175,-11.1581,2093.662,BREAK/RUPTURA,1.21,5
2020-09-18 14:00:00,34,1950.64,1950.71744,-23.6286,10526.087,BREAK/RUPTURA,7.98,5
2020-09-18 14:00:00,134,1950.64,1950.7895,-23.6286,10526.087,BREAK/RUPTURA,7.98,5
2020-09-18 15:00:00,34,1951.36,1950.75416,-15.6057,20501.3889,BREAK/RUPTURA,3.02,5
2020-09-18 15:00:00,134,1951.36,1950.79795,-15.6057,20501.3889,BREAK/RUPTURA,3.02,5
2020-09-18 21:00:00,34,1951.4,1951.46819,-7.0157,3162.3333,HIT/DEFESA,-3.05,5
2020-09-18 21:00:00,134,1951.4,1950.99153,-7.0157,3162.3333,HIT/DEFESA,-3.05,5
2020-09-21 01:00:00,34,1949.98,1949.16077,-3.281,19650.0,BREAK/RUPTURA,3.06,5
2020-09-21 01:00:00,134,1949.98,1950.39339,-3.281,19650.0,BREAK/RUPTURA,3.06,5
2020-09-21 02:00:00,34,1948.35,1949.11444,-10.4594,1810.303,BREAK/RUPTURA,5.02,5
2020-09-21 03:00:00,134,1950.8,1950.36959,202.9822,2030.0,HIT/DEFESA,1.27,5
2020-09-21 09:00:00,34,1950.71,1950.06271,-11.9301,7399.2366,HIT/DEFESA,-17.84,5
2020-09-21 09:00:00,134,1950.71,1950.5166,-11.9301,7399.2366,HIT/DEFESA,-17.84,5
2020-09-25 01:00:00,34,1867.42,1867.08774,-5.78,3197.3214,BREAK/RUPTURA,1.69,5
2020-09-25 02:00:00,34,1867.67,1867.12101,-4.87,12416.0,BREAK/RUPTURA,5.2,5
2020-09-25 05:00:00,34,1867.37,1866.98668,-1.6063,2736.7688,BREAK/RUPTURA,5.9,5
2020-09-25 08:00:00,34,1866.94,1867.40885,-2.3027,1844.4257,HIT/DEFESA,-11.76,5
2020-09-25 20:00:00,34,1864.72,1865.48896,11.9732,5845.6522,HIT/DEFESA,0.13,5
2020-09-25 21:00:00,34,1864.66,1865.44159,25.5928,160457.1429,BREAK/RUPTURA,-2.09,5
2020-09-28 01:00:00,34,1864.85,1865.84922,11.7574,1776.0331,BREAK/RUPTURA,-3.69,5
2020-09-28 21:00:00,134,1881.59,1882.58581,46.5059,3165.3731,HIT/DEFESA,0.98,5
2020-09-28 23:00:00,134,1881.75,1882.55349,18.6877,6548.0769,HIT/DEFESA,2.86,5
2020-09-29 02:00:00,134,1882.57,1882.7353,4.3576,1566.1088,BREAK/RUPTURA,-1.24,5
2020-09-29 03:00:00,134,1883.19,1882.74204,-75.8857,10375.7576,HIT/DEFESA,-4.78,5
2020-09-29 06:00:00,134,1882.67,1882.77466,-2.7613,8528.5714,HIT/DEFESA,-0.93,5
2020-09-29 10:00:00,134,1883.07,1882.71165,9.2488,28491.25,HIT/DEFESA,0.88,5
2020-09-29 11:00:00,134,1881.74,1882.69726,17.7278,12830.0752,HIT/DEFESA,4.38,5
2020-09-30 08:00:00,34,1887.52,1887.05682,-26.8414,2940.4494,HIT/DEFESA,-2.61,5
2020-09-30 10:00:00,34,1887.46,1887.18832,-14.443,9210.559,BREAK/RUPTURA,7.69,5
2020-09-30 12:00:00,134,1884.62,1885.12148,-23.5566,9371.1864,BREAK/RUPTURA,7.37,5
2020-09-30 13:00:00,134,1884.91,1885.11834,-13.5102,32864.5161,BREAK/RUPTURA,11.03,5
2020-09-30 16:00:00,134,1885.49,1885.25174,3.0771,3922.2107,HIT/DEFESA,4.57,5
2020-09-30 22:00:00,134,1886.32,1885.86602,-60.0721,6307.5472,HIT/DEFESA,-1.26,5
2020-09-30 23:00:00,134,1885.19,1885.856,-40.6785,3655.7522,BREAK/RUPTURA,2.49,5
2020-10-01 01:00:00,34,1888.68,1889.29092,12.5111,771.3768,HIT/DEFESA,3.65,5
2020-10-02 04:00:00,34,1897.8,1898.62525,-40.8275,2622.1402,BREAK/RUPTURA,14.76,5
2020-10-02 07:00:00,134,1891.2,1890.74572,-34.7771,2120.6154,BREAK/RUPTURA,16.27,5
2020-10-02 19:00:00,34,1901.25,1901.83327,-8.671,25172.5,BREAK/RUPTURA,11.78,5
2020-10-02 20:00:00,34,1900.81,1901.7748,-14.9187,35068.1818,HIT/DEFESA,-0.68,5
2020-10-05 02:00:00,34,1902.85,1902.3078,12.2598,1594.8529,BREAK/RUPTURA,-9.75,5
2020-10-05 08:00:00,134,1894.51,1894.47536,-24.537,3128.8732,BREAK/RUPTURA,5.52,5
2020-10-05 12:00:00,34,1900.6,1899.63575,39.7767,3059.2199,HIT/DEFESA,16.19,5
2020-10-05 13:00:00,34,1900.03,1899.65828,41.6457,11276.2712,HIT/DEFESA,13.97,5
2020-10-06 20:00:00,134,1900.64,1900.33628,-55.1492,4642.1725,HIT/DEFESA,-24.72,5
2020-10-08 08:00:00,34,1888.62,1889.23563,6.57,1588.7097,HIT/DEFESA,4.72,5
2020-10-08 09:00:00,134,1894.04,1894.45542,47.3712,2137.6384,BREAK/RUPTURA,-1.6,5
2020-10-08 13:00:00,134,1893.34,1894.31966,13.5394,8689.011,BREAK/RUPTURA,-4.68,5
2020-10-08 16:00:00,134,1894.44,1894.34988,5.8098,7709.2896,BREAK/RUPTURA,-1.91,5
2020-10-08 22:00:00,134,1894.22,1893.95584,47.6865,3914.2045,HIT/DEFESA,4.99,5
2020-10-08 23:00:00,134,1893.46,1893.94849,8.616,3308.2192,HIT/DEFESA,12.98,5
2020-10-09 02:00:00,134,1895.12,1894.51235,8.767,2011.9266,HIT/DEFESA,13.86,5
2020-10-12 13:00:00,34,1919.89,1919.53965,-32.2413,3683.1169,BREAK/RUPTURA,3.08,5
2020-10-13 10:00:00,34,1918.46,1918.40733,33.6817,7929.7674,BREAK/RUPTURA,-9.03,5
2020-10-13 15:00:00,134,1909.43,1909.70554,-60.229,2846.611,HIT/DEFESA,-19.07,5
2020-10-14 18:00:00,34,1903.07,1902.68541,-23.4333,7063.4085,HIT/DEFESA,-2.75,5
2020-10-14 20:00:00,34,1902.54,1902.5933,-23.7014,9803.5971,HIT/DEFESA,-3.43,5
2020-10-14 21:00:00,34,1902.61,1902.59426,-2.4171,178200.0,HIT/DEFESA,-4.44,5
2020-10-15 07:00:00,34,1901.08,1900.99939,21.2963,1892.6667,BREAK/RUPTURA,-4.47,5
2020-10-15 17:00:00,34,1899.6,1899.09139,42.8763,11452.5926,HIT/DEFESA,6.89,5
2020-10-15 18:00:00,134,1903.5,1903.45908,43.7419,8031.7949,HIT/DEFESA,4.34,5
2020-10-15 19:00:00,134,1903.56,1903.46057,42.1509,231085.7143,BREAK/RUPTURA,-3.13,5
2020-10-16 00:00:00,34,1900.43,1900.97384,-27.7062,21762.5326,BREAK/RUPTURA,7.95,5
2020-10-16 16:00:00,34,1905.78,1904.84621,-13.2055,34532.3529,HIT/DEFESA,-2.27,5
2020-10-16 21:00:00,34,1903.51,1904.21872,11.1497,3442.5926,BREAK/RUPTURA,-2.85,5
2020-10-16 21:00:00,134,1903.51,1904.22093,11.1497,3442.5926,BREAK/RUPTURA,-2.85,5
2020-10-19 00:00:00,34,1903.79,1903.64674,1.471,43608.3969,BREAK/RUPTURA,-1.8,5
2020-10-19 00:00:00,134,1903.79,1904.06319,1.471,43608.3969,BREAK/RUPTURA,-1.8,5
2020-10-19 07:00:00,34,1902.92,1902.90943,7.2573,2468.4211,HIT/DEFESA,8.19,5
2020-10-19 07:00:00,134,1902.92,1903.79971,7.2573,2468.4211,HIT/DEFESA,8.19,5
2020-10-19 20:00:00,34,1905.59,1906.37361,-14.7244,1757.4627,HIT/DEFESA,-2.32,5
2020-10-19 20:00:00,134,1905.59,1904.80879,-14.7244,1757.4627,HIT/DEFESA,-2.32,5
2020-10-20 00:00:00,134,1904.46,1904.69621,8.3558,689462.5,BREAK/RUPTURA,-3.57,5
2020-10-20 14:00:00,134,1905.06,1904.23822,18.4586,20556.0976,HIT/DEFESA,3.58,5
2020-10-20 15:00:00,134,1905.19,1904.25232,-4.5119,200245.4545,BREAK/RUPTURA,7.73,5
2020-10-22 09:00:00,34,1917.7,1916.78422,21.5303,2906.25,BREAK/RUPTURA,-3.61,5
2020-10-22 11:00:00,34,1916.86,1916.91547,12.3793,4064.4737,BREAK/RUPTURA,-15.39,5
2020-10-22 12:00:00,34,1917.79,1916.96544,0.4693,18424.7312,BREAK/RUPTURA,-18.75,5
2020-10-22 13:00:00,34,1916.92,1916.96285,-11.5677,11836.7816,HIT/DEFESA,-16.71,5
2020-10-23 10:00:00,34,1908.75,1908.39983,16.1097,3940.5063,HIT/DEFESA,1.39,5
2020-10-23 10:00:00,134,1908.75,1909.08887,16.1097,3940.5063,HIT/DEFESA,1.39,5
2020-10-23 12:00:00,34,1909.04,1908.5695,13.7956,3188.5246,BREAK/RUPTURA,-11.16,5
2020-10-23 12:00:00,134,1909.04,1909.11414,13.7956,3188.5246,BREAK/RUPTURA,-11.16,5
2020-10-23 15:00:00,134,1910.14,1909.16717,5.7621,46314.8148,BREAK/RUPTURA,-7.06,5
2020-10-26 12:00:00,34,1902.72,1902.13193,26.7173,2141.704,HIT/DEFESA,1.06,5
2020-10-26 21:00:00,34,1903.27,1902.73899,-5.4088,6004.7619,HIT/DEFESA,-1.12,5
2020-10-26 22:00:00,34,1902.41,1902.72019,-8.5083,12340.2299,BREAK/RUPTURA,2.7,5
2020-10-27 01:00:00,34,1902.45,1902.89786,0.2103,8052.0,HIT/DEFESA,5.08,5
2020-10-27 02:00:00,34,1902.15,1902.85513,2.9449,7077.7778,HIT/DEFESA,5.39,5
2020-10-27 03:00:00,134,1905.11,1905.97801,-11.8488,1312.628,BREAK/RUPTURA,2.52,5
2020-10-27 04:00:00,134,1906.76,1905.9896,22.655,5596.6667,HIT/DEFESA,1.8,5
2020-10-27 10:00:00,34,1904.08,1904.39897,-18.1385,1860.7143,BREAK/RUPTURA,1.55,5
2020-10-27 14:00:00,34,1902.84,1903.77864,8.7841,2406.9444,HIT/DEFESA,6.37,5
2020-10-27 15:00:00,134,1905.63,1905.82762,24.7247,3047.1223,HIT/DEFESA,2.91,5
2020-10-27 16:00:00,134,1906.62,1905.83936,31.252,15137.0,HIT/DEFESA,1.23,5
2020-10-27 17:00:00,134,1905.68,1905.837,14.9251,14093.6842,HIT/DEFESA,1.91,5
2020-10-28 01:00:00,34,1904.56,1903.7148,-15.8839,1640.6143,BREAK/RUPTURA,2.08,5
2020-10-28 02:00:00,134,1905.13,1905.57378,-11.1679,4140.7407,BREAK/RUPTURA,2.96,5
2020-10-28 05:00:00,134,1905.56,1905.60317,2.2571,4467.9612,HIT/DEFESA,0.54,5
2020-10-28 09:00:00,134,1906.25,1905.70153,-2.0455,4312.6263,HIT/DEFESA,-14.81,5
2020-10-28 10:00:00,134,1906.1,1905.70744,-10.4293,45853.3333,HIT/DEFESA,-23.87,5
2020-10-28 11:00:00,34,1903.96,1904.858,-22.3768,6425.6281,HIT/DEFESA,-27.78,5
2020-10-30 00:00:00,34,1878.32,1877.92726,49.9738,20291.7822,BREAK/RUPTURA,-3.88,5
2020-10-30 06:00:00,34,1876.13,1876.02937,48.31,2811.1765,BREAK/RUPTURA,-6.79,5
2020-10-30 12:00:00,34,1873.69,1874.59464,18.179,3684.5977,HIT/DEFESA,5.73,5
2020-10-30 22:00:00,34,1877.6,1877.16423,-20.6751,4266.3677,BREAK/RUPTURA,3.54,5
2020-11-02 11:00:00,134,1886.81,1887.42491,15.2872,4193.8525,HIT/DEFESA,3.24,5
2020-11-02 12:00:00,134,1888.23,1887.43684,22.2394,5293.7063,HIT/DEFESA,2.81,5
2020-11-02 14:00:00,134,1888.29,1887.46572,7.8439,38248.0,HIT/DEFESA,5.24,5
2020-11-03 09:00:00,34,1890.59,1889.91716,-5.3394,3091.1032,BREAK/RUPTURA,9.38,5
2020-11-04 02:00:00,34,1899.62,1899.17123,-48.1973,1250.9871,HIT/DEFESA,-3.36,5
2020-11-04 04:00:00,134,1893.44,1892.55527,-109.021,4000.3741,HIT/DEFESA,-1.88,5
2020-11-04 06:00:00,34,1898.71,1898.82734,-14.1475,7882.0896,HIT/DEFESA,-8.41,5
2020-11-04 08:00:00,34,1899.37,1898.72003,14.0771,4327.6527,HIT/DEFESA,2.75,5
2020-11-04 10:00:00,134,1893.1,1892.84217,-16.6644,14008.5526,BREAK/RUPTURA,12.69,5
2020-11-04 19:00:00,134,1894.43,1893.70568,-42.5225,2552.766,BREAK/RUPTURA,54.79,5
2020-11-04 20:00:00,34,1898.25,1898.75511,-21.29,2860.4712,BREAK/RUPTURA,6.48,5
2020-11-04 21:00:00,34,1899.39,1898.79139,-10.8338,6203.6036,BREAK/RUPTURA,5.32,5
2020-11-11 08:00:00,34,1883.0,1883.80319,12.7619,3147.1698,BREAK/RUPTURA,-6.17,5
2020-11-12 14:00:00,34,1870.5,1871.39371,-0.9622,35042.8571,BREAK/RUPTURA,6.76,5
2020-11-13 01:00:00,34,1875.64,1874.86086,0.6931,2491.8033,HIT/DEFESA,1.53,5
2020-11-13 14:00:00,134,1885.76,1886.51803,27.9713,1115.456,HIT/DEFESA,4.65,5
2020-11-13 21:00:00,134,1886.58,1886.86659,-23.3739,3105.2239,BREAK/RUPTURA,2.64,5
2020-11-16 16:00:00,134,1887.63,1887.46139,98.9765,8154.8193,BREAK/RUPTURA,-1.5,5
2020-11-16 20:00:00,34,1886.69,1887.09861,-17.3548,1408.2031,BREAK/RUPTURA,3.09,5
2020-11-16 20:00:00,134,1886.69,1887.62258,-17.3548,1408.2031,BREAK/RUPTURA,3.09,5
2020-11-16 21:00:00,34,1886.13,1887.04326,-47.8577,5746.4286,BREAK/RUPTURA,2.15,5
2020-11-16 22:00:00,34,1887.41,1887.06422,-9.6336,3215.2542,BREAK/RUPTURA,1.23,5
2020-11-16 22:00:00,134,1887.41,1887.59765,-9.6336,3215.2542,BREAK/RUPTURA,1.23,5
2020-11-16 23:00:00,134,1888.61,1887.61265,10.1766,854.1667,HIT/DEFESA,2.38,5
2020-11-17 02:00:00,134,1888.28,1887.54873,-1.7473,2119.3333,HIT/DEFESA,-1.56,5
2020-11-17 06:00:00,34,1888.45,1887.55095,-1.006,1278.2609,BREAK/RUPTURA,1.65,5
2020-11-17 06:00:00,134,1888.45,1887.66762,-1.006,1278.2609,BREAK/RUPTURA,1.65,5
2020-11-17 07:00:00,34,1886.72,1887.50347,-22.5808,1957.3034,BREAK/RUPTURA,1.8,5
2020-11-17 07:00:00,134,1886.72,1887.65358,-22.5808,1957.3034,BREAK/RUPTURA,1.8,5
2020-11-17 09:00:00,34,1887.11,1887.55245,-7.0958,2633.7143,HIT/DEFESA,-0.48,5
2020-11-17 09:00:00,134,1887.11,1887.6627,-7.0958,2633.7143,HIT/DEFESA,-0.48,5
2020-11-17 12:00:00,34,1888.52,1887.90286,7.4717,3132.2785,HIT/DEFESA,0.06,5
2020-11-17 12:00:00,134,1888.52,1887.75407,7.4717,3132.2785,HIT/DEFESA,0.06,5
2020-11-17 13:00:00,34,1888.63,1887.94441,-10.737,30116.6667,HIT/DEFESA,-2.97,5
2020-11-17 13:00:00,134,1888.63,1887.76705,-10.737,30116.6667,HIT/DEFESA,-2.97,5
2020-11-17 17:00:00,34,1888.58,1888.21969,10.3359,4806.4039,BREAK/RUPTURA,-7.47,5
2020-11-17 17:00:00,134,1888.58,1887.85183,10.3359,4806.4039,BREAK/RUPTURA,-7.47,5
2020-11-17 19:00:00,134,1886.81,1887.8044,-20.1521,3565.2174,HIT/DEFESA,-14.53,5
2020-11-18 10:00:00,34,1883.38,1883.61697,19.7908,6131.068,BREAK/RUPTURA,-7.55,5
2020-11-18 17:00:00,34,1881.67,1880.95253,60.3083,2264.2857,BREAK/RUPTURA,-11.51,5
2020-11-18 18:00:00,34,1880.03,1880.89982,22.3901,3903.6364,BREAK/RUPTURA,-8.13,5
2020-11-19 22:00:00,34,1866.54,1867.29399,20.2925,2420.7407,BREAK/RUPTURA,-1.72,5
2020-11-19 23:00:00,34,1866.79,1867.26519,16.2037,4156.0,BREAK/RUPTURA,-2.84,5
2020-11-20 08:00:00,34,1866.97,1866.76403,11.744,2861.7021,BREAK/RUPTURA,-1.09,5
2020-11-20 09:00:00,34,1865.96,1866.71809,-8.2463,7444.6602,BREAK/RUPTURA,1.23,5
2020-11-20 11:00:00,34,1866.92,1866.75667,-0.2678,24937.5,BREAK/RUPTURA,8.53,5
2020-11-20 13:00:00,34,1865.88,1866.63671,-7.1764,11033.3333,BREAK/RUPTURA,6.69,5
2020-11-20 14:00:00,34,1867.19,1866.66833,1.4462,4102.3256,HIT/DEFESA,4.99,5
2020-11-20 15:00:00,34,1867.27,1866.70271,9.7027,45261.1111,HIT/DEFESA,6.4,5
2020-11-20 16:00:00,134,1875.45,1875.63761,51.2895,1791.6769,BREAK/RUPTURA,-1.91,5
2020-11-23 08:00:00,134,1873.84,1874.61734,3.8439,10450.0,BREAK/RUPTURA,-7.66,5
2020-11-23 09:00:00,134,1874.66,1874.61797,5.8178,5888.8889,BREAK/RUPTURA,-6.27,5
2020-11-23 10:00:00,34,1868.92,1869.75824,-24.9787,909.0435,HIT/DEFESA,-2.02,5
2020-11-23 11:00:00,34,1868.86,1869.70691,-26.5764,59488.8889,HIT/DEFESA,-27.29,5
2020-11-23 14:00:00,34,1868.39,1869.22844,-2.5149,2892.3077,HIT/DEFESA,-28.75,5
2020-11-25 15:00:00,34,1814.11,1815.07836,30.8538,13285.3659,BREAK/RUPTURA,-8.0,5
2020-11-26 03:00:00,34,1811.08,1811.79262,19.1412,1439.4495,HIT/DEFESA,1.08,5
2020-11-26 04:00:00,34,1811.21,1811.75933,17.0342,20800.0,HIT/DEFESA,3.73,5
2020-11-26 05:00:00,34,1810.74,1811.70108,9.3972,2605.6604,HIT/DEFESA,5.22,5
2020-11-26 08:00:00,34,1812.16,1811.49209,7.8421,994.8087,HIT/DEFESA,2.01,5
2020-11-26 14:00:00,34,1813.09,1812.35036,-4.6859,4540.0,HIT/DEFESA,-4.19,5
2020-11-27 07:00:00,34,1809.99,1810.02434,6.1364,2086.0577,BREAK/RUPTURA,-2.67,5
2020-11-27 09:00:00,34,1809.82,1809.94724,11.1184,7062.7451,BREAK/RUPTURA,-3.29,5
2020-11-27 10:00:00,34,1809.13,1809.90054,-4.7514,7677.027,HIT/DEFESA,-30.75,5
2020-12-01 04:00:00,34,1782.87,1783.14666,23.5004,1193.4837,HIT/DEFESA,8.11,5
2020-12-01 06:00:00,34,1784.15,1783.2753,29.5126,7906.4516,HIT/DEFESA,10.73,5
2020-12-01 13:00:00,134,1806.43,1805.72637,70.9145,1106.9106,HIT/DEFESA,3.89,5
2020-12-04 15:00:00,34,1837.38,1837.25358,-12.5022,4110.7769,HIT/DEFESA,-2.01,5
2020-12-04 21:00:00,34,1836.75,1836.75865,19.693,1513.7681,HIT/DEFESA,0.07,5
2020-12-04 22:00:00,34,1836.53,1836.74558,13.4128,10213.6364,HIT/DEFESA,0.98,5
2020-12-07 03:00:00,34,1837.51,1838.026,-133.8567,8484.058,BREAK/RUPTURA,1.75,5
2020-12-07 04:00:00,34,1839.07,1838.08566,21.0876,2131.1688,BREAK/RUPTURA,-1.24,5
2020-12-07 05:00:00,34,1837.62,1838.05905,4.3554,2290.0709,BREAK/RUPTURA,-9.7,5
2020-12-07 06:00:00,34,1838.81,1838.10196,7.0748,1514.2857,BREAK/RUPTURA,-7.12,5
2020-12-07 08:00:00,34,1839.26,1838.37546,8.9246,1160.9665,BREAK/RUPTURA,-8.91,5
2020-12-07 09:00:00,34,1837.83,1838.34429,-5.3295,3277.0833,HIT/DEFESA,-4.22,5
2020-12-07 10:00:00,134,1827.92,1826.93479,-76.1693,1242.6842,BREAK/RUPTURA,11.34,5
2020-12-11 03:00:00,34,1840.05,1839.99125,4.676,2099.6633,BREAK/RUPTURA,-5.4,5
2020-12-11 16:00:00,134,1841.23,1841.21287,45.2279,10481.5287,BREAK/RUPTURA,-2.58,5
2020-12-11 18:00:00,134,1842.27,1841.27592,12.99,4714.6119,BREAK/RUPTURA,-2.63,5
2020-12-11 19:00:00,134,1841.84,1841.28428,3.313,9920.9302,BREAK/RUPTURA,-14.97,5
2020-12-11 20:00:00,134,1840.58,1841.27384,-21.036,4654.6875,HIT/DEFESA,-2.7,5
2020-12-11 21:00:00,34,1838.65,1838.71746,-19.6497,2354.4041,HIT/DEFESA,-3.12,5
2020-12-11 22:00:00,34,1839.19,1838.74446,-14.3878,7217.5439,HIT/DEFESA,-3.94,5
2020-12-11 23:00:00,34,1839.64,1838.79563,-5.1071,2187.7551,HIT/DEFESA,-2.6,5
2020-12-14 01:00:00,34,1837.88,1838.10079,-7.1227,3442.1053,HIT/DEFESA,-2.14,5
2020-12-14 04:00:00,34,1837.04,1837.75599,-4.5705,1952.7778,HIT/DEFESA,-3.98,5
2020-12-14 16:00:00,34,1833.07,1834.06595,31.5217,25806.7797,BREAK/RUPTURA,-7.86,5
2020-12-15 04:00:00,34,1832.15,1832.09483,26.5968,2177.6471,HIT/DEFESA,10.45,5
2020-12-15 07:00:00,134,1838.48,1837.50425,34.5496,2021.2766,HIT/DEFESA,7.71,5
2020-12-16 15:00:00,34,1851.66,1851.86277,-61.1363,3544.4068,BREAK/RUPTURA,3.33,5
2020-12-18 12:00:00,34,1878.83,1878.0279,-10.0493,9330.8824,BREAK/RUPTURA,7.15,5
2020-12-18 22:00:00,34,1881.17,1880.24075,-15.3392,2555.6604,BREAK/RUPTURA,15.4,5
2020-12-18 23:00:00,34,1880.44,1880.25214,-8.0236,2704.6154,BREAK/RUPTURA,16.55,5
2020-12-21 11:00:00,34,1886.38,1887.00034,-68.548,1373.1537,HIT/DEFESA,-6.03,5
2020-12-22 03:00:00,34,1881.48,1880.81915,116.1909,3616.7382,BREAK/RUPTURA,-11.64,5
2020-12-22 05:00:00,34,1880.16,1880.91461,5.2683,1672.4684,BREAK/RUPTURA,-8.89,5
2020-12-22 06:00:00,34,1880.58,1880.89549,-4.7835,8754.7619,HIT/DEFESA,-8.67,5
2020-12-22 08:00:00,134,1869.84,1870.64673,-54.8889,2193.3665,BREAK/RUPTURA,2.53,5
2020-12-22 10:00:00,134,1871.27,1870.63061,-24.4688,3849.5798,BREAK/RUPTURA,7.42,5
2020-12-23 00:00:00,34,1872.73,1872.5455,43.7634,13801.0682,BREAK/RUPTURA,-8.03,5
2020-12-23 11:00:00,34,1868.6,1869.58852,16.8323,12916.3934,HIT/DEFESA,7.78,5
2020-12-23 11:00:00,134,1868.6,1869.55644,16.8323,12916.3934,HIT/DEFESA,7.78,5
2020-12-23 15:00:00,34,1868.5,1868.63173,15.7593,2337.8523,HIT/DEFESA,4.63,5
2020-12-23 15:00:00,134,1868.5,1869.29206,15.7593,2337.8523,HIT/DEFESA,4.63,5
2020-12-24 12:00:00,34,1872.55,1873.36371,-20.0925,1200.0,BREAK/RUPTURA,4.82,5
2020-12-24 14:00:00,34,1874.42,1873.57634,-18.7439,3472.7778,BREAK/RUPTURA,5.1,5
2020-12-24 15:00:00,34,1873.7,1873.58341,6.1414,9933.3333,HIT/DEFESA,5.34,5
2020-12-28 17:00:00,34,1880.93,1881.8708,24.4091,1153.8462,BREAK/RUPTURA,-7.53,5
2020-12-28 21:00:00,134,1876.01,1875.08793,-18.8874,32115.3846,BREAK/RUPTURA,2.38,5
2020-12-29 05:00:00,34,1879.54,1879.44635,6.1223,4053.6145,BREAK/RUPTURA,-1.87,5
2020-12-29 08:00:00,34,1878.39,1879.12526,-6.1185,3495.5696,HIT/DEFESA,-1.24,5
2020-12-29 09:00:00,34,1879.54,1879.14896,12.9454,3251.3043,BREAK/RUPTURA,-1.35,5
2020-12-29 15:00:00,34,1879.7,1879.00275,11.7177,8083.6601,BREAK/RUPTURA,-1.94,5
2020-12-29 16:00:00,34,1878.31,1878.96316,6.1796,7474.1007,HIT/DEFESA,0.22,5
2020-12-29 19:00:00,34,1878.92,1879.06018,3.2476,3281.7143,HIT/DEFESA,15.19,5
2020-12-29 21:00:00,34,1878.53,1878.95983,-11.4851,3482.5,BREAK/RUPTURA,1.12,5
2020-12-29 22:00:00,34,1878.84,1878.95298,-0.4258,7616.129,BREAK/RUPTURA,4.07,5
2020-12-29 23:00:00,34,1877.97,1878.89681,1.1184,1289.8876,HIT/DEFESA,5.08,5
2020-12-30 02:00:00,34,1879.65,1879.69883,8.9458,2454.3689,HIT/DEFESA,1.92,5
2020-12-30 07:00:00,34,1881.57,1880.63932,-7.8596,1363.7333,HIT/DEFESA,-2.53,5
2020-12-30 14:00:00,34,1880.13,1880.13523,10.5956,1811.1111,HIT/DEFESA,8.59,5
2020-12-31 08:00:00,34,1887.41,1887.16882,-8.2056,3069.2593,BREAK/RUPTURA,6.51,5
2021-01-06 05:00:00,34,1942.06,1941.55196,-51.3299,4402.2099,BREAK/RUPTURA,10.71,5
2021-01-06 13:00:00,34,1945.46,1944.55903,-37.434,949.1877,HIT/DEFESA,-37.51,5
2021-01-06 21:00:00,134,1918.34,1918.64507,54.4564,2172.9313,HIT/DEFESA,0.53,5
2021-01-06 23:00:00,134,1918.66,1918.6385,38.6129,7740.0,BREAK/RUPTURA,-2.56,5
2021-01-07 02:00:00,134,1918.87,1918.65132,1.0945,963.9604,HIT/DEFESA,1.86,5
2021-01-07 03:00:00,134,1918.0,1918.64167,21.4746,10556.5217,HIT/DEFESA,8.3,5
2021-01-07 05:00:00,134,1917.9,1918.59359,-5.0551,2953.0055,HIT/DEFESA,-0.07,5
2021-01-07 06:00:00,134,1917.69,1918.5802,-1.6163,20531.5789,HIT/DEFESA,-2.07,5
2021-01-07 10:00:00,134,1917.83,1918.74134,-15.0984,4607.554,HIT/DEFESA,-4.67,5
2021-01-07 13:00:00,134,1918.29,1918.59021,2.3985,2094.8438,BREAK/RUPTURA,-5.26,5
2021-01-08 01:00:00,34,1916.57,1915.80309,16.6197,1942.4528,BREAK/RUPTURA,-7.39,5
2021-01-08 01:00:00,134,1916.57,1916.88896,16.6197,1942.4528,BREAK/RUPTURA,-7.39,5
2021-01-12 00:00:00,34,1854.33,1854.34593,40.9907,23850.2123,BREAK/RUPTURA,-4.59,5
2021-01-13 11:00:00,34,1855.25,1854.78038,-21.2994,5462.5,BREAK/RUPTURA,3.09,5
2021-01-13 12:00:00,34,1854.22,1854.74835,-17.067,6591.1765,BREAK/RUPTURA,3.67,5
2021-01-13 19:00:00,34,1855.62,1855.31059,-14.6367,6823.3918,HIT/DEFESA,-9.52,5
2021-01-13 20:00:00,34,1854.65,1855.27284,-17.4391,8774.2268,HIT/DEFESA,-6.42,5
2021-01-14 18:00:00,34,1848.02,1847.08022,23.4855,40828.5714,BREAK/RUPTURA,-1.63,5
2021-01-14 22:00:00,34,1847.1,1847.4334,-43.8221,2419.0311,BREAK/RUPTURA,4.96,5
2021-01-14 23:00:00,34,1846.39,1847.37378,-16.0596,2633.8028,BREAK/RUPTURA,5.96,5
2021-01-15 01:00:00,34,1846.72,1846.27752,-2.0573,12066.6667,BREAK/RUPTURA,6.52,5
2021-01-15 13:00:00,34,1848.98,1849.07355,-10.913,1191.5811,HIT/DEFESA,-17.78,5
2021-01-18 14:00:00,34,1835.64,1835.55328,21.9478,3477.2727,HIT/DEFESA,1.28,5
2021-01-18 15:00:00,34,1835.11,1835.52795,13.915,16369.2308,HIT/DEFESA,4.7,5
2021-01-19 05:00:00,34,1837.28,1836.6522,-10.9824,2150.7317,BREAK/RUPTURA,6.38,5
2021-01-19 07:00:00,34,1837.67,1836.86757,-9.188,2036.1702,BREAK/RUPTURA,6.97,5
2021-01-19 14:00:00,34,1837.77,1838.4237,-28.9187,1483.2994,BREAK/RUPTURA,4.81,5
2021-01-19 17:00:00,34,1839.28,1838.40615,8.2165,4000.2874,HIT/DEFESA,0.92,5
2021-01-19 21:00:00,34,1839.21,1838.92516,-10.9167,1996.1039,BREAK/RUPTURA,4.27,5
2021-01-19 23:00:00,34,1839.53,1839.02841,-6.6277,1760.0,BREAK/RUPTURA,10.18,5
2021-01-20 01:00:00,34,1840.87,1840.89553,3.6409,1960.0,HIT/DEFESA,8.6,5
2021-01-20 13:00:00,134,1848.51,1847.96611,-36.3293,969.0802,BREAK/RUPTURA,18.2,5
2021-01-20 15:00:00,134,1848.8,1847.90467,-26.0032,3194.3973,BREAK/RUPTURA,19.49,5
2021-01-21 16:00:00,34,1864.11,1863.49818,-36.985,6153.9877,BREAK/RUPTURA,5.12,5
2021-01-21 17:00:00,34,1863.96,1863.52457,-16.871,89213.3333,BREAK/RUPTURA,4.94,5
2021-01-21 18:00:00,34,1863.68,1863.53345,15.4234,45271.4286,HIT/DEFESA,5.96,5
2021-01-22 00:00:00,134,1855.61,1855.58864,-72.8642,15413.9068,BREAK/RUPTURA,5.94,5
2021-01-22 03:00:00,34,1864.34,1864.59448,47.0465,3411.8421,BREAK/RUPTURA,-2.99,5
2021-01-22 06:00:00,34,1863.83,1864.18842,-2.7356,1269.5067,HIT/DEFESA,-5.15,5
2021-01-22 17:00:00,134,1855.91,1856.024,68.4099,3285.9232,BREAK/RUPTURA,-1.78,5
2021-01-22 19:00:00,134,1855.53,1856.00013,27.1818,11016.129,HIT/DEFESA,0.21,5
2021-01-22 20:00:00,134,1856.02,1856.00042,0.5927,12869.5652,HIT/DEFESA,0.83,5
2021-01-22 21:00:00,134,1855.58,1855.99419,3.7199,5948.4375,HIT/DEFESA,2.59,5
2021-01-25 00:00:00,134,1855.74,1855.94327,0.8623,881952.0,BREAK/RUPTURA,-2.01,5
2021-01-25 01:00:00,34,1856.85,1857.75414,14.67,100833.3333,BREAK/RUPTURA,-2.56,5
2021-01-25 01:00:00,134,1856.85,1855.95671,14.67,100833.3333,BREAK/RUPTURA,-2.56,5
2021-01-25 02:00:00,34,1858.17,1857.7779,19.2494,3109.0164,BREAK/RUPTURA,-5.09,5
2021-01-25 16:00:00,134,1855.76,1856.12715,-38.7551,1646.3816,HIT/DEFESA,-0.88,5
2021-01-25 20:00:00,34,1856.93,1857.1004,27.5945,4819.4915,BREAK/RUPTURA,-1.58,5
2021-01-25 20:00:00,134,1856.93,1856.09394,27.5945,4819.4915,BREAK/RUPTURA,-1.58,5
2021-01-25 22:00:00,134,1855.69,1856.07024,-13.4002,3967.5,BREAK/RUPTURA,2.56,5
2021-01-25 23:00:00,134,1855.79,1856.06609,-6.1392,13580.0,BREAK/RUPTURA,4.69,5
2021-01-26 06:00:00,34,1856.28,1856.82083,-10.6014,885.09,HIT/DEFESA,-3.75,5
2021-01-26 06:00:00,134,1856.28,1856.11876,-10.6014,885.09,HIT/DEFESA,-3.75,5
2021-01-26 07:00:00,34,1857.16,1856.84021,-17.8449,4474.7126,HIT/DEFESA,-7.99,5
2021-01-26 14:00:00,34,1855.38,1855.49967,15.3844,2308.209,BREAK/RUPTURA,-2.81,5
2021-01-26 14:00:00,134,1855.38,1855.80977,15.3844,2308.209,BREAK/RUPTURA,-2.81,5
2021-01-26 16:00:00,34,1856.28,1855.62402,19.3231,15865.8228,BREAK/RUPTURA,-4.75,5
2021-01-26 16:00:00,134,1856.28,1855.83382,19.3231,15865.8228,BREAK/RUPTURA,-4.75,5
2021-01-27 07:00:00,34,1851.0,1851.87348,17.2637,1036.3889,BREAK/RUPTURA,-4.49,5
2021-01-27 09:00:00,34,1850.83,1851.62778,18.5124,1735.3909,BREAK/RUPTURA,-10.01,5
2021-01-27 17:00:00,34,1848.86,1848.64598,43.6762,1716.3823,BREAK/RUPTURA,-8.24,5
2021-01-28 21:00:00,34,1843.72,1844.08616,-10.7818,2599.6774,HIT/DEFESA,-3.21,5
2021-01-29 03:00:00,34,1843.0,1843.8174,-24.0873,3481.5261,BREAK/RUPTURA,7.05,5
2021-01-29 06:00:00,34,1842.81,1843.56555,-1.0309,3181.0526,BREAK/RUPTURA,8.74,5
2021-01-29 20:00:00,34,1851.52,1850.77381,-37.0211,31336.3636,BREAK/RUPTURA,4.24,5
2021-01-29 21:00:00,34,1849.75,1850.71531,-42.4732,7384.4828,BREAK/RUPTURA,4.48,5
2021-01-29 21:00:00,134,1849.75,1850.04515,-42.4732,7384.4828,BREAK/RUPTURA,4.48,5
2021-02-01 03:00:00,34,1852.18,1851.1836,-45.3612,7317.3267,BREAK/RUPTURA,13.2,5
2021-02-01 22:00:00,34,1858.77,1858.1741,-32.1755,9849.1525,BREAK/RUPTURA,3.92,5
2021-02-02 01:00:00,34,1857.54,1857.15216,-6.6173,1250.4098,HIT/DEFESA,-3.59,5
2021-02-02 02:00:00,34,1856.89,1857.13718,-18.8669,8324.6154,HIT/DEFESA,-0.7,5
2021-02-02 05:00:00,34,1857.02,1857.49945,0.7001,5102.2727,BREAK/RUPTURA,-7.19,5
2021-02-02 06:00:00,134,1853.95,1853.33586,-46.9214,1196.129,HIT/DEFESA,-3.85,5
2021-02-05 00:00:00,34,1813.95,1813.13807,105.8525,10782.8689,BREAK/RUPTURA,-19.01,5
2021-02-05 12:00:00,34,1807.35,1806.45525,48.4255,12256.6667,BREAK/RUPTURA,-1.6,5
2021-02-05 17:00:00,34,1805.75,1805.49326,19.9761,5267.0927,HIT/DEFESA,5.33,5
2021-02-08 04:00:00,34,1810.74,1809.75266,-39.4409,1371.3666,BREAK/RUPTURA,4.15,5
2021-02-08 05:00:00,34,1810.67,1809.80508,-12.1355,43442.8571,HIT/DEFESA,-1.59,5
2021-02-08 06:00:00,34,1810.67,1809.8545,-25.6703,105650.0,BREAK/RUPTURA,3.02,5
2021-02-09 20:00:00,34,1834.75,1834.19105,-24.4665,1651.8272,BREAK/RUPTURA,1.31,5
2021-02-10 01:00:00,34,1836.06,1835.15015,1.2528,936.1607,HIT/DEFESA,7.72,5
2021-02-10 14:00:00,34,1838.33,1838.60281,-5.3824,3079.9197,BREAK/RUPTURA,3.8,5
2021-02-11 02:00:00,34,1839.61,1839.62915,-14.6555,917.9039,HIT/DEFESA,-2.7,5
2021-02-11 03:00:00,34,1838.63,1839.57206,74.2433,3139.7959,HIT/DEFESA,3.8,5
2021-02-11 12:00:00,34,1840.42,1839.78935,-13.8364,3617.6744,HIT/DEFESA,-2.02,5
2021-02-12 23:00:00,34,1824.1,1824.52219,10.0974,526.7606,HIT/DEFESA,0.84,5
2021-02-15 04:00:00,34,1824.94,1824.10583,22.5721,1709.7436,BREAK/RUPTURA,-7.9,5
2021-02-15 07:00:00,34,1824.82,1824.15771,-0.6576,1266.6667,HIT/DEFESA,-6.46,5
2021-02-16 05:00:00,134,1826.19,1826.72479,25.0325,1772.8346,BREAK/RUPTURA,-2.55,5
2021-02-16 07:00:00,34,1821.01,1820.90935,-14.6955,1551.6129,BREAK/RUPTURA,1.76,5
2021-02-16 09:00:00,34,1820.51,1821.02072,-21.6502,2773.7024,HIT/DEFESA,-13.13,5
2021-02-18 12:00:00,34,1784.95,1785.91332,16.9479,3313.1356,BREAK/RUPTURA,-6.65,5
2021-02-18 15:00:00,34,1786.02,1785.72123,5.9946,8027.0,BREAK/RUPTURA,-11.79,5
2021-02-22 10:00:00,134,1794.22,1793.33532,27.1045,66400.0,HIT/DEFESA,3.11,5
2021-02-23 20:00:00,34,1803.79,1804.33895,-16.7145,2158.0756,BREAK/RUPTURA,1.89,5
2021-02-23 21:00:00,34,1803.61,1804.29729,-19.0918,27633.3333,BREAK/RUPTURA,3.72,5
2021-02-23 22:00:00,34,1804.57,1804.31288,-11.7895,6332.6316,BREAK/RUPTURA,7.32,5
2021-02-23 23:00:00,34,1804.98,1804.351,6.5972,3490.9091,HIT/DEFESA,5.15,5
2021-02-24 00:00:00,34,1804.68,1804.3698,5.9325,699475.6757,HIT/DEFESA,4.03,5
2021-02-24 10:00:00,34,1805.9,1806.03326,-19.0676,180450.0,HIT/DEFESA,-15.36,5
2021-02-24 14:00:00,34,1806.42,1806.15204,12.2491,4293.7799,BREAK/RUPTURA,-8.25,5
2021-02-24 22:00:00,34,1802.43,1802.54383,23.6908,1133.5863,BREAK/RUPTURA,-5.57,5
2021-02-25 07:00:00,34,1800.7,1800.03967,24.3832,2649.47,BREAK/RUPTURA,-6.03,5
2021-02-25 07:00:00,134,1800.7,1799.74232,24.3832,2649.47,BREAK/RUPTURA,-6.03,5
2021-03-04 14:00:00,34,1718.59,1718.34842,20.0566,3476.3514,BREAK/RUPTURA,-18.3,5
2021-03-04 17:00:00,34,1718.63,1718.03253,0.2327,6185.1117,BREAK/RUPTURA,-21.28,5
2021-03-05 23:00:00,34,1700.66,1700.69467,11.3025,481.8182,HIT/DEFESA,8.33,5
2021-03-10 05:00:00,134,1712.46,1711.7058,-16.9061,5057.6087,BREAK/RUPTURA,2.21,5
2021-03-10 07:00:00,134,1712.74,1711.74001,-3.7353,19806.6667,HIT/DEFESA,-1.72,5
2021-03-10 12:00:00,134,1711.02,1711.90079,-24.4285,1787.7743,BREAK/RUPTURA,7.93,5
2021-03-10 13:00:00,134,1711.74,1711.89841,-17.0878,9369.2308,BREAK/RUPTURA,7.54,5
2021-03-10 14:00:00,134,1712.71,1711.91043,-8.8087,6905.1546,BREAK/RUPTURA,6.51,5
2021-03-11 17:00:00,34,1725.31,1725.35693,-60.9486,9524.6032,HIT/DEFESA,-1.81,5
2021-03-11 20:00:00,34,1724.31,1725.14885,-5.7961,19314.0845,HIT/DEFESA,-1.74,5
2021-03-12 02:00:00,34,1724.36,1724.83055,12.0189,1523.4286,BREAK/RUPTURA,-6.39,5
2021-03-12 03:00:00,34,1724.81,1724.82938,-13.317,12813.3333,HIT/DEFESA,-13.03,5
2021-03-12 05:00:00,134,1718.24,1718.28012,-35.4914,6766.3866,HIT/DEFESA,-11.95,5
2021-03-12 06:00:00,134,1718.73,1718.28678,-35.2503,5191.8367,HIT/DEFESA,-17.42,5
2021-03-12 07:00:00,134,1717.97,1718.28209,-8.4912,8932.4324,HIT/DEFESA,-14.8,5
2021-03-15 10:00:00,34,1722.58,1721.75836,-23.5717,7039.6226,BREAK/RUPTURA,8.53,5
2021-03-15 17:00:00,34,1723.84,1724.26225,-33.5906,1929.0837,BREAK/RUPTURA,7.01,5
2021-03-16 19:00:00,34,1730.44,1730.10044,-22.5445,6643.787,BREAK/RUPTURA,14.58,5
2021-03-16 21:00:00,34,1730.34,1730.05053,9.1974,8581.1189,HIT/DEFESA,1.21,5
2021-03-17 01:00:00,34,1731.75,1731.15784,-4.2713,5042.1053,BREAK/RUPTURA,4.05,5
2021-03-17 02:00:00,34,1731.55,1731.18025,-1.2126,9250.0,BREAK/RUPTURA,5.21,5
2021-03-17 17:00:00,34,1731.9,1732.3396,14.6875,4742.8184,HIT/DEFESA,13.25,5
2021-03-17 18:00:00,134,1727.15,1726.20617,-11.2198,2174.3158,BREAK/RUPTURA,17.27,5
2021-03-18 14:00:00,134,1731.08,1730.56192,-29.7768,3624.5033,HIT/DEFESA,-0.1,5
2021-03-18 15:00:00,134,1729.63,1730.54812,-39.7918,13762.069,BREAK/RUPTURA,4.96,5
2021-03-18 18:00:00,134,1730.44,1730.40635,4.6831,7606.6351,HIT/DEFESA,5.96,5
2021-03-18 19:00:00,134,1730.98,1730.41485,46.6644,36740.7407,HIT/DEFESA,14.06,5
2021-03-18 23:00:00,34,1736.4,1736.33419,10.4347,1534.5029,BREAK/RUPTURA,-5.27,5
2021-03-19 03:00:00,134,1730.65,1731.01414,-82.4623,1133.0317,BREAK/RUPTURA,3.75,5
2021-03-19 04:00:00,134,1731.13,1731.01585,-21.3853,17697.9167,BREAK/RUPTURA,9.15,5
2021-03-19 05:00:00,134,1730.86,1731.01354,-24.3791,20333.3333,BREAK/RUPTURA,10.7,5
2021-03-19 06:00:00,134,1731.55,1731.02149,5.2004,10734.2857,HIT/DEFESA,12.02,5
2021-03-19 08:00:00,34,1734.4,1735.32199,20.4523,10609.7561,HIT/DEFESA,2.4,5
2021-03-19 12:00:00,34,1736.89,1736.41032,-19.4796,1270.6587,HIT/DEFESA,-1.41,5
2021-03-19 13:00:00,34,1736.8,1736.43259,-27.3318,69155.5556,BREAK/RUPTURA,3.11,5
2021-03-19 16:00:00,34,1735.93,1736.75148,-5.0092,11185.5305,BREAK/RUPTURA,6.45,5
2021-03-22 01:00:00,34,1738.0,1738.42841,-25.5388,558.0966,BREAK/RUPTURA,2.59,5
2021-03-22 02:00:00,34,1738.1,1738.40964,-39.8269,25540.0,BREAK/RUPTURA,4.44,5
2021-03-22 05:00:00,34,1738.82,1738.32519,4.1425,1607.8261,BREAK/RUPTURA,-9.62,5
2021-03-22 13:00:00,134,1733.26,1733.49725,23.4791,4943.3155,HIT/DEFESA,4.9,5
2021-03-22 14:00:00,34,1736.16,1736.60661,36.5352,6168.9655,HIT/DEFESA,4.14,5
2021-03-22 16:00:00,134,1733.11,1733.50853,-0.8654,16107.4766,BREAK/RUPTURA,6.15,5
2021-03-23 03:00:00,34,1737.02,1736.89052,59.942,3666.6667,HIT/DEFESA,0.51,5
2021-03-23 04:00:00,134,1733.35,1734.1484,-34.8967,4737.931,BREAK/RUPTURA,4.8,5
2021-03-23 05:00:00,134,1734.27,1734.1502,-28.461,23511.1111,BREAK/RUPTURA,3.16,5
2021-03-23 06:00:00,34,1735.59,1736.49516,-8.2325,8110.7438,BREAK/RUPTURA,3.66,5
2021-03-23 07:00:00,34,1735.72,1736.45087,13.6729,189860.0,HIT/DEFESA,2.12,5
2021-03-23 10:00:00,34,1737.43,1736.65318,9.8518,20173.8636,HIT/DEFESA,1.77,5
2021-03-23 12:00:00,34,1737.84,1736.86091,-1.7835,13112.4183,HIT/DEFESA,-7.97,5
2021-03-24 05:00:00,34,1731.94,1732.56311,28.6045,13265.7718,BREAK/RUPTURA,-3.18,5
2021-03-24 07:00:00,34,1733.38,1732.55952,17.3372,5229.878,HIT/DEFESA,1.24,5
2021-03-24 07:00:00,134,1733.38,1733.55509,17.3372,5229.878,HIT/DEFESA,1.24,5
2021-03-24 15:00:00,34,1732.11,1732.07321,-14.47,9525.1232,BREAK/RUPTURA,2.88,5
2021-03-24 17:00:00,34,1732.09,1731.9684,11.5601,12982.3834,HIT/DEFESA,0.83,5
2021-03-24 18:00:00,134,1733.58,1733.23406,8.4868,14707.8947,HIT/DEFESA,0.11,5
2021-03-24 23:00:00,134,1733.69,1733.28839,-7.4928,6048.5294,BREAK/RUPTURA,1.33,5
2021-03-25 01:00:00,134,1733.89,1733.2973,-2.537,5060.8696,BREAK/RUPTURA,1.3,5
2021-03-25 03:00:00,134,1733.81,1733.32099,0.6922,12324.6154,HIT/DEFESA,0.15,5
2021-03-25 08:00:00,34,1733.96,1733.24376,-6.1094,7159.0361,HIT/DEFESA,-2.61,5
2021-03-25 08:00:00,134,1733.96,1733.4103,-6.1094,7159.0361,HIT/DEFESA,-2.61,5
2021-03-25 09:00:00,34,1733.51,1733.25897,-9.6819,24706.25,HIT/DEFESA,-5.19,5
2021-03-25 09:00:00,134,1733.51,1733.41178,-9.6819,24706.25,HIT/DEFESA,-5.19,5
2021-03-25 10:00:00,34,1732.99,1733.2436,-14.8079,20946.875,HIT/DEFESA,-3.07,5
2021-03-25 10:00:00,134,1732.99,1733.40553,-14.8079,20946.875,HIT/DEFESA,-3.07,5
2021-03-26 12:00:00,34,1730.04,1729.53893,11.2841,5965.7778,HIT/DEFESA,1.01,5
2021-03-26 16:00:00,34,1728.64,1728.8139,17.501,7110.0264,HIT/DEFESA,2.61,5
2021-03-26 17:00:00,134,1731.05,1731.65161,34.9561,10907.3593,HIT/DEFESA,0.62,5
2021-03-26 19:00:00,134,1732.21,1731.69153,20.6521,7377.7778,BREAK/RUPTURA,-1.16,5
2021-03-26 21:00:00,134,1731.25,1731.68541,-14.8228,28356.1404,HIT/DEFESA,-0.15,5
2021-03-26 22:00:00,134,1731.67,1731.68518,-3.1174,51600.0,HIT/DEFESA,-0.15,5
2021-03-29 01:00:00,134,1731.05,1731.68956,-1.1552,4434.3137,HIT/DEFESA,-1.74,5
2021-03-29 02:00:00,34,1730.91,1730.02418,-4.3888,14312.5,HIT/DEFESA,-3.15,5
2021-03-29 02:00:00,134,1730.91,1731.67801,-4.3888,14312.5,HIT/DEFESA,-3.15,5
2021-03-29 03:00:00,134,1731.1,1731.66945,-8.8305,182550.0,HIT/DEFESA,-2.63,5
2021-03-29 04:00:00,134,1731.52,1731.66723,2.7151,47066.6667,BREAK/RUPTURA,-6.28,5
2021-03-29 05:00:00,134,1731.78,1731.6689,5.0263,66318.75,BREAK/RUPTURA,-5.57,5
2021-03-29 06:00:00,34,1729.31,1730.20549,-10.3402,4043.9689,HIT/DEFESA,-4.57,5
2021-03-31 19:00:00,134,1711.82,1711.51234,86.3796,4777.2603,BREAK/RUPTURA,-4.14,5
2021-03-31 20:00:00,134,1710.76,1711.5012,40.3195,14737.3913,BREAK/RUPTURA,-3.42,5
2021-04-01 04:00:00,134,1710.55,1711.14862,16.8064,3868.9373,HIT/DEFESA,4.69,5
2021-04-01 05:00:00,134,1712.0,1711.16123,27.2939,9217.6471,HIT/DEFESA,6.42,5
2021-04-01 07:00:00,134,1711.13,1711.18337,3.3907,4169.5122,HIT/DEFESA,3.56,5
2021-04-07 05:00:00,34,1736.18,1735.77321,-40.0422,10071.2963,BREAK/RUPTURA,4.7,5
2021-04-07 12:00:00,34,1737.66,1736.82726,-20.4454,31856.6667,BREAK/RUPTURA,3.46,5
2021-04-07 15:00:00,34,1737.82,1736.8231,0.9208,7596.2963,HIT/DEFESA,2.41,5
2021-04-07 22:00:00,34,1737.27,1737.81648,-17.7549,5272.1925,HIT/DEFESA,-1.09,5
2021-04-07 23:00:00,34,1737.47,1737.79668,-15.86,23330.7692,HIT/DEFESA,-0.76,5
2021-04-08 02:00:00,34,1736.76,1737.67189,-2.9356,20047.619,BREAK/RUPTURA,3.07,5
2021-04-08 05:00:00,34,1736.71,1737.45923,-0.2879,20204.5455,BREAK/RUPTURA,8.39,5
2021-04-09 09:00:00,34,1748.74,1748.84305,-24.5288,8408.0,HIT/DEFESA,-4.07,5
2021-04-12 07:00:00,134,1738.42,1737.52479,-4.6572,20173.913,BREAK/RUPTURA,2.84,5
2021-04-12 08:00:00,134,1738.33,1737.53672,-5.3471,70892.8571,BREAK/RUPTURA,2.22,5
2021-04-12 11:00:00,134,1737.8,1737.60905,-3.0489,7504.5802,HIT/DEFESA,-4.45,5
2021-04-12 14:00:00,34,1742.26,1742.61713,25.6646,7223.6025,BREAK/RUPTURA,-9.39,5
2021-04-12 15:00:00,134,1738.74,1737.7877,-14.4723,4180.6094,HIT/DEFESA,-7.12,5
2021-04-13 15:00:00,134,1736.33,1735.72163,58.1011,4025.7261,HIT/DEFESA,8.57,5
2021-04-14 13:00:00,34,1742.22,1741.35874,-13.7566,9240.7767,HIT/DEFESA,-5.8,5
2021-04-15 03:00:00,34,1738.61,1739.25078,14.5731,3418.9744,HIT/DEFESA,2.96,5
2021-04-15 03:00:00,134,1738.61,1738.05001,14.5731,3418.9744,HIT/DEFESA,2.96,5
2021-04-15 05:00:00,34,1738.22,1738.96986,9.6744,3644.3709,HIT/DEFESA,7.27,5
2021-04-15 05:00:00,134,1738.22,1738.00991,9.6744,3644.3709,HIT/DEFESA,7.27,5
2021-04-15 06:00:00,34,1738.38,1738.93615,-1.3229,135212.5,BREAK/RUPTURA,9.4,5
2021-04-15 06:00:00,134,1738.38,1738.01539,-1.3229,135212.5,BREAK/RUPTURA,9.4,5
2021-04-15 07:00:00,34,1739.66,1738.97751,26.1076,4127.9661,HIT/DEFESA,7.56,5
2021-04-19 15:00:00,34,1776.06,1775.34123,-68.9447,3888.8158,HIT/DEFESA,-4.66,5
2021-04-19 17:00:00,34,1775.72,1775.26906,-35.2972,14675.0,HIT/DEFESA,-4.93,5
2021-04-20 06:00:00,34,1773.13,1773.05854,25.7269,3187.8104,BREAK/RUPTURA,-5.0,5
2021-04-20 07:00:00,34,1772.23,1773.01119,10.9587,5542.0561,BREAK/RUPTURA,-2.2,5
2021-04-20 10:00:00,34,1771.82,1772.70348,-2.3135,11898.1013,HIT/DEFESA,-2.38,5
2021-04-20 14:00:00,34,1773.2,1772.27659,28.6744,6838.9381,HIT/DEFESA,4.7,5
2021-04-21 11:00:00,34,1778.32,1777.49754,-35.6366,3456.4516,BREAK/RUPTURA,17.53,5
2021-04-22 12:00:00,34,1787.22,1788.02734,-25.0042,4756.8093,HIT/DEFESA,-2.39,5
2021-04-22 16:00:00,34,1787.03,1787.56251,11.7091,20509.0426,BREAK/RUPTURA,-4.48,5
2021-04-23 06:00:00,34,1785.95,1785.84761,11.4356,5837.8788,BREAK/RUPTURA,-1.39,5
2021-04-23 07:00:00,34,1784.79,1785.78718,-21.5247,5762.2047,BREAK/RUPTURA,1.6,5
2021-04-23 09:00:00,34,1784.89,1785.67626,-5.9352,202516.6667,BREAK/RUPTURA,6.1,5
2021-04-23 11:00:00,34,1784.56,1785.46236,-0.6724,7972.7273,HIT/DEFESA,-3.12,5
2021-04-23 12:00:00,34,1786.39,1785.51537,8.4039,7035.6322,BREAK/RUPTURA,-12.28,5
2021-04-23 19:00:00,134,1777.44,1777.0631,-22.4537,11127.2727,HIT/DEFESA,-2.89,5
2021-04-23 20:00:00,134,1777.45,1777.06883,18.8263,79015.3846,BREAK/RUPTURA,-2.69,5
2021-04-23 21:00:00,134,1776.59,1777.06173,1.4637,9041.2371,HIT/DEFESA,1.7,5
2021-04-23 22:00:00,134,1776.27,1777.05001,-6.5825,20233.3333,BREAK/RUPTURA,4.24,5
2021-04-23 23:00:00,134,1776.41,1777.04052,-5.8511,80666.6667,BREAK/RUPTURA,4.12,5
2021-04-26 06:00:00,34,1780.94,1781.53463,14.902,36376.6667,BREAK/RUPTURA,-1.51,5
2021-04-26 12:00:00,34,1781.07,1780.84744,28.0391,8449.0066,BREAK/RUPTURA,-3.44,5
2021-04-26 14:00:00,134,1776.41,1777.34274,-16.9717,4553.6184,BREAK/RUPTURA,2.28,5
2021-04-26 15:00:00,134,1776.48,1777.32996,-25.771,254375.0,BREAK/RUPTURA,3.02,5
2021-04-26 17:00:00,134,1777.63,1777.31485,6.8678,16097.3856,HIT/DEFESA,3.24,5
2021-04-26 20:00:00,34,1779.5,1779.75849,10.5196,12064.6154,HIT/DEFESA,0.44,5
2021-04-26 21:00:00,34,1779.66,1779.75286,4.7222,232700.0,HIT/DEFESA,1.56,5
2021-04-27 02:00:00,34,1779.94,1779.98164,-5.2222,1392.8105,BREAK/RUPTURA,1.46,5
2021-04-27 06:00:00,34,1779.72,1779.65986,-8.4212,5570.6587,HIT/DEFESA,-0.59,5
2021-04-27 09:00:00,34,1780.0,1779.94712,1.5733,4955.3055,HIT/DEFESA,2.42,5
2021-04-27 10:00:00,134,1778.0,1777.83816,-19.0861,5749.0476,BREAK/RUPTURA,4.88,5
2021-04-27 11:00:00,34,1779.13,1779.79552,-21.649,13122.5806,BREAK/RUPTURA,3.72,5
2021-04-27 17:00:00,34,1780.96,1780.45308,-8.1911,12837.4359,HIT/DEFESA,-4.49,5
2021-04-27 18:00:00,134,1778.02,1778.20928,-27.2593,5587.5,HIT/DEFESA,-1.53,5
2021-04-27 19:00:00,134,1778.1,1778.20766,-26.6427,1171600.0,HIT/DEFESA,-2.75,5
2021-04-28 16:00:00,34,1773.6,1773.60394,45.0259,7502.934,HIT/DEFESA,7.88,5
2021-04-28 18:00:00,34,1774.37,1773.55429,27.9753,8993.6441,HIT/DEFESA,7.01,5
2021-04-28 19:00:00,34,1774.55,1773.61119,5.3563,121270.0,HIT/DEFESA,8.24,5
2021-04-28 20:00:00,34,1773.63,1773.61226,9.933,9991.9192,HIT/DEFESA,10.15,5
2021-04-29 09:00:00,34,1778.32,1778.72646,-34.1289,2242.0268,HIT/DEFESA,-2.51,5
2021-04-29 09:00:00,134,1778.32,1777.47828,-34.1289,2242.0268,HIT/DEFESA,-2.51,5
2021-04-29 11:00:00,134,1777.23,1777.52732,-43.0832,3510.0737,HIT/DEFESA,-19.73,5
2021-04-29 22:00:00,34,1774.69,1775.04483,34.6042,6066.6667,BREAK/RUPTURA,-6.08,5
2021-04-30 09:00:00,34,1771.88,1772.65948,32.4435,4728.479,BREAK/RUPTURA,-1.49,5
2021-05-03 03:00:00,34,1770.68,1770.29496,10.1759,4099.3711,HIT/DEFESA,3.46,5
2021-05-03 06:00:00,134,1774.76,1774.0496,23.042,2219.0635,HIT/DEFESA,0.72,5
2021-05-03 07:00:00,134,1774.13,1774.05079,14.5635,8026.0274,HIT/DEFESA,3.49,5
2021-05-03 08:00:00,134,1774.14,1774.05212,13.9416,45326.6667,HIT/DEFESA,3.86,5
2021-05-04 13:00:00,34,1783.58,1784.39767,-18.021,21525.8065,HIT/DEFESA,-8.05,5
2021-05-04 14:00:00,34,1783.44,1784.34295,-12.8239,75425.0,HIT/DEFESA,-7.57,5
2021-05-04 23:00:00,134,1779.17,1779.10189,4.6673,5893.8776,HIT/DEFESA,1.84,5
2021-05-05 01:00:00,134,1778.55,1779.09371,5.9635,5124.4898,HIT/DEFESA,4.02,5
2021-05-05 02:00:00,134,1778.49,1779.08477,2.1934,9051.5152,HIT/DEFESA,2.0,5
2021-05-05 03:00:00,134,1778.51,1779.07625,-3.7096,37946.6667,HIT/DEFESA,-0.31,5
2021-05-05 04:00:00,134,1779.15,1779.07735,3.3735,13617.6471,BREAK/RUPTURA,-3.14,5
2021-05-05 06:00:00,34,1782.57,1782.24993,22.8281,5348.9051,BREAK/RUPTURA,-7.52,5
2021-05-05 08:00:00,134,1778.2,1779.16257,-15.7776,2820.0803,HIT/DEFESA,-1.32,5
2021-05-05 12:00:00,134,1778.34,1779.02438,13.1193,3767.5079,HIT/DEFESA,4.53,5
2021-05-05 14:00:00,134,1778.21,1778.98101,17.8023,8092.623,HIT/DEFESA,5.9,5
2021-05-05 16:00:00,34,1781.27,1780.59534,24.7062,51291.6667,HIT/DEFESA,3.25,5
2021-05-06 03:00:00,34,1783.31,1782.47824,-23.887,3523.8579,BREAK/RUPTURA,8.76,5
2021-05-11 03:00:00,34,1833.8,1832.89458,-8.9896,4572.1519,BREAK/RUPTURA,3.05,5
2021-05-11 09:00:00,34,1833.47,1833.7206,-6.6496,5100.8721,BREAK/RUPTURA,5.93,5
2021-05-11 18:00:00,34,1833.26,1833.70868,37.1206,5997.5477,HIT/DEFESA,3.45,5
2021-05-12 02:00:00,34,1835.42,1834.52634,-12.0264,1576.2195,HIT/DEFESA,-5.49,5
2021-05-12 03:00:00,34,1834.21,1834.50827,-13.6113,6183.4646,HIT/DEFESA,-4.49,5
2021-05-12 10:00:00,34,1832.99,1833.08802,16.722,11655.2448,HIT/DEFESA,6.78,5
2021-05-12 11:00:00,34,1833.26,1833.09784,19.3472,103692.3077,HIT/DEFESA,0.14,5
2021-05-12 14:00:00,34,1833.67,1833.29989,2.2365,14756.3218,BREAK/RUPTURA,-13.41,5
2021-05-12 16:00:00,34,1833.4,1833.65421,-5.5059,7202.8302,HIT/DEFESA,-12.62,5
2021-05-12 19:00:00,134,1820.26,1819.92577,-71.6701,5924.0099,HIT/DEFESA,-3.39,5
2021-05-12 21:00:00,134,1820.78,1819.97103,-18.8574,13576.3889,HIT/DEFESA,-2.3,5
2021-05-12 22:00:00,134,1819.85,1819.96924,-2.2524,22498.0392,BREAK/RUPTURA,2.09,5
2021-05-13 05:00:00,134,1819.84,1819.842,12.985,5969.6833,BREAK/RUPTURA,-5.23,5
2021-05-13 07:00:00,134,1819.12,1819.79332,-15.478,4406.1798,HIT/DEFESA,-7.82,5
2021-05-13 16:00:00,34,1821.79,1821.95673,43.7189,5977.4127,HIT/DEFESA,3.57,5
2021-05-13 20:00:00,34,1822.08,1822.44339,-10.1977,4465.8416,BREAK/RUPTURA,2.87,5
2021-05-14 04:00:00,34,1823.91,1823.5121,-10.3516,9773.4043,BREAK/RUPTURA,10.7,5
2021-05-14 07:00:00,34,1823.54,1823.37466,-2.0286,4988.3929,BREAK/RUPTURA,9.85,5
2021-05-19 23:00:00,34,1870.05,1869.55068,-49.5381,4058.7302,BREAK/RUPTURA,4.3,5
2021-05-20 14:00:00,34,1871.13,1870.6307,-5.5017,5683.1858,BREAK/RUPTURA,11.38,5
2021-05-20 15:00:00,34,1871.31,1870.66952,19.3286,254912.5,HIT/DEFESA,5.29,5
2021-05-21 02:00:00,34,1873.91,1873.55838,-24.222,1337.561,BREAK/RUPTURA,2.07,5
2021-05-21 03:00:00,34,1874.52,1873.61333,-14.1702,17343.75,BREAK/RUPTURA,1.28,5
2021-05-21 06:00:00,34,1874.4,1873.46093,-0.6402,3758.5,BREAK/RUPTURA,1.67,5
2021-05-21 09:00:00,34,1873.41,1873.71201,-5.2817,5720.8661,BREAK/RUPTURA,5.14,5
2021-05-21 18:00:00,34,1875.26,1875.36455,-62.2678,17934.3511,BREAK/RUPTURA,6.35,5
2021-05-24 15:00:00,34,1879.9,1879.49753,-6.6449,16788.2353,BREAK/RUPTURA,2.97,5
2021-05-24 23:00:00,34,1881.18,1880.79104,-8.9757,1722.1154,HIT/DEFESA,-3.85,5
2021-05-25 01:00:00,34,1880.61,1880.7807,-13.0638,4039.1304,HIT/DEFESA,-1.44,5
2021-05-25 06:00:00,34,1879.17,1879.86524,2.6615,3695.9302,HIT/DEFESA,3.39,5
2021-05-25 07:00:00,34,1879.5,1879.84437,33.2038,14769.2308,HIT/DEFESA,4.02,5
2021-05-27 05:00:00,34,1896.33,1897.05724,1.5295,6227.6243,HIT/DEFESA,3.33,5
2021-05-27 20:00:00,34,1896.48,1896.12128,37.2597,2838.3367,HIT/DEFESA,1.46,5
2021-05-27 23:00:00,34,1896.34,1896.30943,-0.7382,1889.1566,HIT/DEFESA,-3.32,5
2021-05-28 01:00:00,34,1896.16,1896.30089,-7.8518,3805.3571,HIT/DEFESA,-2.55,5
2021-05-28 03:00:00,34,1896.75,1896.41486,2.1621,5247.7273,BREAK/RUPTURA,-5.72,5
2021-05-28 17:00:00,34,1894.68,1894.51114,18.7189,8033.0508,HIT/DEFESA,9.05,5
2021-05-28 18:00:00,34,1895.56,1894.57108,14.6874,22571.831,HIT/DEFESA,7.52,5
2021-06-01 13:00:00,34,1906.13,1906.62841,-34.0367,18679.0323,HIT/DEFESA,-6.47,5
2021-06-02 06:00:00,134,1897.85,1897.0891,-4.74,4885.3333,HIT/DEFESA,-1.55,5
2021-06-02 09:00:00,134,1897.36,1897.09888,-2.5819,16415.9292,BREAK/RUPTURA,3.74,5
2021-06-02 11:00:00,134,1896.3,1897.10443,-10.9041,5935.2381,BREAK/RUPTURA,6.78,5
2021-06-02 12:00:00,134,1897.13,1897.1048,-1.2122,12317.5676,BREAK/RUPTURA,4.19,5
2021-06-02 14:00:00,34,1901.1,1900.8647,25.3125,2285.7143,HIT/DEFESA,5.26,5
2021-06-02 17:00:00,34,1901.32,1901.19575,1.1572,10705.4348,HIT/DEFESA,7.55,5
2021-06-03 06:00:00,34,1904.82,1904.22151,-17.3468,4672.1649,HIT/DEFESA,-10.65,5
2021-06-03 07:00:00,34,1903.54,1904.18257,-22.434,2079.4521,HIT/DEFESA,-10.53,5
2021-06-04 16:00:00,134,1891.2,1890.31761,112.0712,4923.5294,HIT/DEFESA,0.23,5
2021-06-04 20:00:00,134,1890.01,1890.38349,-19.9073,10747.2973,HIT/DEFESA,-0.73,5
2021-06-04 23:00:00,134,1891.41,1890.43457,7.4074,4538.0,BREAK/RUPTURA,-4.36,5
2021-06-07 01:00:00,134,1889.75,1890.42443,-8.8822,4853.3333,HIT/DEFESA,-2.58,5
2021-06-07 03:00:00,134,1890.66,1890.41121,-3.9653,4200.7407,HIT/DEFESA,-7.28,5
2021-06-07 07:00:00,34,1885.8,1884.8517,-6.5182,2628.4722,HIT/DEFESA,-1.55,5
2021-06-07 09:00:00,34,1884.22,1884.73631,-15.6319,19175.7576,BREAK/RUPTURA,2.8,5
2021-06-07 10:00:00,34,1884.44,1884.71938,-7.2118,175075.0,BREAK/RUPTURA,2.66,5
2021-06-07 11:00:00,34,1884.53,1884.70855,6.106,392266.6667,HIT/DEFESA,4.07,5
2021-06-07 12:00:00,34,1884.25,1884.68235,0.1592,23156.0976,HIT/DEFESA,7.55,5
2021-06-07 13:00:00,34,1884.72,1884.6845,1.4859,25277.5,HIT/DEFESA,9.2,5
2021-06-07 16:00:00,134,1888.6,1889.59865,20.5866,19878.0142,HIT/DEFESA,10.18,5
2021-06-08 11:00:00,34,1892.5,1892.42819,-13.1399,89247.0588,HIT/DEFESA,-4.76,5
2021-06-08 12:00:00,34,1892.38,1892.42544,-20.7245,44620.0,BREAK/RUPTURA,2.13,5
2021-06-08 18:00:00,134,1891.14,1891.4142,-9.4035,3497.4359,BREAK/RUPTURA,1.83,5
2021-06-08 19:00:00,34,1892.29,1892.64161,24.1029,9059.434,HIT/DEFESA,0.27,5
2021-06-08 19:00:00,134,1892.29,1891.42718,24.1029,9059.434,HIT/DEFESA,0.27,5
2021-06-08 21:00:00,34,1893.18,1892.66959,10.7871,19967.3469,HIT/DEFESA,1.79,5
2021-06-08 23:00:00,34,1892.97,1892.72449,2.0078,5433.3333,HIT/DEFESA,1.72,5
2021-06-09 01:00:00,34,1892.56,1892.71509,-3.2749,4752.381,BREAK/RUPTURA,1.84,5
2021-06-09 04:00:00,34,1892.87,1892.87413,1.638,5160.2679,BREAK/RUPTURA,-1.5,5
2021-06-09 07:00:00,34,1893.82,1893.10263,5.0188,4411.7647,BREAK/RUPTURA,-3.84,5
2021-06-09 08:00:00,34,1893.14,1893.10477,-8.1808,7563.2911,HIT/DEFESA,-3.8,5
2021-06-09 09:00:00,134,1891.37,1891.76205,-15.9945,6475.8065,HIT/DEFESA,-0.04,5
2021-06-09 10:00:00,34,1892.08,1892.95275,-9.1878,14265.0794,BREAK/RUPTURA,1.53,5
2021-06-09 10:00:00,134,1892.08,1891.76676,-9.1878,14265.0794,BREAK/RUPTURA,1.53,5
2021-06-09 17:00:00,134,1891.0,1891.72147,-1.7448,7230.6358,HIT/DEFESA,-1.3,5
2021-06-09 18:00:00,34,1891.39,1892.37612,-11.7236,39867.8571,HIT/DEFESA,-2.64,5
2021-06-09 18:00:00,134,1891.39,1891.71656,-11.7236,39867.8571,HIT/DEFESA,-2.64,5
2021-06-09 19:00:00,134,1891.09,1891.70728,-17.4199,16547.619,HIT/DEFESA,-2.16,5
2021-06-09 20:00:00,134,1891.16,1891.69917,0.8461,509850.0,BREAK/RUPTURA,-2.54,5
2021-06-10 15:00:00,134,1890.7,1890.12472,53.4924,2386.6941,HIT/DEFESA,3.83,5
2021-06-11 11:00:00,34,1895.08,1894.23329,-26.9445,3385.2732,HIT/DEFESA,-14.12,5
2021-06-11 12:00:00,134,1892.52,1891.87239,-43.5606,5184.5283,HIT/DEFESA,-8.94,5
2021-06-11 13:00:00,134,1891.15,1891.86169,-42.8057,7019.863,HIT/DEFESA,-10.96,5
2021-06-15 09:00:00,34,1866.65,1867.37549,17.3337,19189.0625,BREAK/RUPTURA,-2.57,5
2021-06-16 09:00:00,34,1860.39,1861.10501,13.7256,20801.9231,BREAK/RUPTURA,-5.57,5
2021-06-16 10:00:00,34,1860.18,1861.05215,1.6668,43088.4615,BREAK/RUPTURA,-2.55,5
2021-06-16 12:00:00,34,1860.32,1860.94662,-0.3763,18977.1429,HIT/DEFESA,-3.96,5
2021-06-16 18:00:00,34,1859.77,1859.84076,11.5201,3334.4311,BREAK/RUPTURA,-49.76,5
2021-06-16 19:00:00,34,1859.2,1859.80414,1.3986,15988.0597,BREAK/RUPTURA,-40.43,5
2021-06-22 09:00:00,34,1783.12,1782.91633,-32.0318,8536.5,HIT/DEFESA,-2.63,5
2021-06-22 21:00:00,34,1779.97,1780.73501,19.1944,5336.0248,BREAK/RUPTURA,-1.39,5
2021-06-23 04:00:00,34,1779.06,1779.9793,0.787,34211.4286,HIT/DEFESA,3.53,5
2021-06-23 08:00:00,34,1781.34,1780.35918,-6.9001,13657.377,BREAK/RUPTURA,1.5,5
2021-06-23 19:00:00,34,1783.21,1782.57472,-61.6407,3269.2308,HIT/DEFESA,-3.71,5
2021-06-23 20:00:00,34,1782.55,1782.57331,-40.3404,13760.5263,HIT/DEFESA,-5.31,5
2021-06-24 11:00:00,34,1779.63,1779.57537,17.6189,5043.8017,HIT/DEFESA,3.93,5
2021-06-25 04:00:00,34,1777.54,1778.36806,9.3475,3182.0,HIT/DEFESA,2.15,5
2021-06-25 05:00:00,34,1777.34,1778.30931,12.337,22872.7273,HIT/DEFESA,5.11,5
2021-06-25 06:00:00,34,1777.66,1778.27221,20.9138,21576.1905,HIT/DEFESA,4.87,5
2021-06-25 22:00:00,34,1779.34,1779.85925,13.3373,4761.157,BREAK/RUPTURA,-6.05,5
2021-06-25 23:00:00,34,1780.9,1779.91872,22.0035,1358.3333,BREAK/RUPTURA,-1.76,5
2021-06-28 03:00:00,34,1780.48,1780.19613,-2.3584,4079.0541,BREAK/RUPTURA,5.13,5
2021-06-28 05:00:00,34,1779.14,1779.7637,-15.2089,2312.6516,BREAK/RUPTURA,4.01,5
2021-06-28 07:00:00,34,1780.64,1779.77478,41.4484,3505.0,BREAK/RUPTURA,-4.66,5
2021-06-28 16:00:00,34,1780.06,1779.55986,11.5861,9583.9506,BREAK/RUPTURA,-1.18,5
2021-06-28 19:00:00,34,1779.42,1779.52363,-3.5954,6380.8219,HIT/DEFESA,-1.77,5
2021-06-28 20:00:00,34,1779.64,1779.53028,10.8567,51357.1429,BREAK/RUPTURA,-1.66,5
2021-06-28 21:00:00,34,1778.88,1779.49313,-10.6695,6068.6047,HIT/DEFESA,-3.19,5
2021-06-28 22:00:00,34,1779.24,1779.47866,-1.0116,22944.0,HIT/DEFESA,-4.84,5
2021-06-28 23:00:00,34,1778.93,1779.44731,-3.9896,5409.3023,HIT/DEFESA,-3.19,5
2021-06-29 08:00:00,34,1778.17,1778.1897,13.6844,2531.768,BREAK/RUPTURA,-9.24,5
2021-07-01 03:00:00,34,1766.13,1765.52125,-19.3269,2974.0566,BREAK/RUPTURA,10.62,5
2021-07-01 05:00:00,134,1774.31,1775.05989,35.5198,2822.7119,HIT/DEFESA,2.44,5
2021-07-01 06:00:00,134,1775.91,1775.07249,55.3753,4532.2368,BREAK/RUPTURA,-1.46,5
2021-07-01 07:00:00,134,1774.41,1775.06267,17.7274,3103.1056,HIT/DEFESA,1.14,5
2021-07-01 11:00:00,134,1774.45,1775.14048,-12.945,4319.5122,BREAK/RUPTURA,5.26,5
2021-07-01 12:00:00,134,1775.55,1775.14655,-12.2628,8937.3832,HIT/DEFESA,-1.38,5
2021-07-01 18:00:00,34,1770.89,1771.42126,-37.7475,5749.2447,BREAK/RUPTURA,5.55,5
2021-07-01 19:00:00,34,1771.69,1771.43662,-45.0635,14368.0556,BREAK/RUPTURA,4.41,5
2021-07-01 21:00:00,134,1774.74,1775.12554,21.7405,5322.069,HIT/DEFESA,2.47,5
2021-07-01 22:00:00,134,1776.01,1775.13864,24.3835,4950.0,HIT/DEFESA,2.08,5
2021-07-02 01:00:00,134,1776.1,1775.17188,7.6631,2146.6667,HIT/DEFESA,2.68,5
2021-07-02 02:00:00,134,1775.47,1775.17629,-3.0405,3007.0588,BREAK/RUPTURA,2.4,5
2021-07-02 09:00:00,134,1775.73,1775.42598,-17.1466,4159.2742,BREAK/RUPTURA,10.09,5
2021-07-06 21:00:00,34,1796.67,1797.14783,0.5566,6705.9829,BREAK/RUPTURA,-1.52,5
2021-07-06 22:00:00,34,1796.48,1797.10966,12.7634,16225.8065,HIT/DEFESA,5.81,5
2021-07-06 23:00:00,34,1796.96,1797.10111,8.8004,8537.1429,HIT/DEFESA,2.96,5
2021-07-07 07:00:00,34,1797.79,1797.51185,-24.9682,2304.893,BREAK/RUPTURA,8.63,5
2021-07-07 19:00:00,34,1801.62,1801.11727,-27.7312,6162.3037,BREAK/RUPTURA,3.59,5
2021-07-08 23:00:00,34,1802.25,1803.17364,14.7811,151500.0,HIT/DEFESA,4.06,5
2021-07-09 01:00:00,34,1802.91,1803.15857,15.499,37220.0,HIT/DEFESA,2.25,5
2021-07-09 02:00:00,34,1803.63,1803.18551,7.9903,14576.9231,BREAK/RUPTURA,-2.47,5
2021-07-09 11:00:00,34,1802.49,1802.9631,13.0545,5502.8571,HIT/DEFESA,1.21,5
2021-07-09 13:00:00,34,1802.91,1803.03425,-8.8667,6118.1818,BREAK/RUPTURA,4.89,5
2021-07-09 15:00:00,34,1802.31,1802.83908,-11.2507,7622.3301,BREAK/RUPTURA,8.17,5
2021-07-09 16:00:00,34,1803.7,1802.88828,4.3818,14674.8031,HIT/DEFESA,8.36,5
2021-07-12 04:00:00,34,1805.42,1805.4528,-12.889,4254.023,HIT/DEFESA,-4.65,5
2021-07-12 05:00:00,34,1805.2,1805.43835,-6.4218,32358.0645,HIT/DEFESA,-1.31,5
2021-07-12 10:00:00,34,1803.89,1804.70137,5.3802,3863.4304,BREAK/RUPTURA,-1.22,5
2021-07-13 08:00:00,34,1806.49,1805.80185,-28.9226,2420.7547,BREAK/RUPTURA,2.04,5
2021-07-13 15:00:00,134,1800.26,1801.21366,-43.9661,3024.9727,BREAK/RUPTURA,7.05,5
2021-07-13 20:00:00,34,1807.31,1807.72835,-29.8997,3667.2249,HIT/DEFESA,-1.35,5
2021-07-13 21:00:00,34,1807.43,1807.7113,-31.6573,508000.0,HIT/DEFESA,-0.19,5
2021-07-13 23:00:00,34,1807.07,1807.7123,-1.3279,2016.7832,BREAK/RUPTURA,4.49,5
2021-07-14 01:00:00,34,1807.54,1807.70245,0.6086,61533.3333,HIT/DEFESA,4.99,5
2021-07-14 03:00:00,34,1807.24,1807.58215,0.9407,6055.2632,HIT/DEFESA,5.62,5
2021-07-15 15:00:00,34,1823.25,1822.74478,-47.1101,7643.9216,BREAK/RUPTURA,6.26,5
2021-07-16 04:00:00,34,1826.23,1825.26406,-19.6194,4718.3871,HIT/DEFESA,-2.44,5
2021-07-16 07:00:00,34,1826.34,1825.50974,0.6023,3435.3982,BREAK/RUPTURA,-2.63,5
2021-07-16 08:00:00,34,1824.49,1825.45147,-12.2077,4547.6684,HIT/DEFESA,-5.04,5
2021-07-16 16:00:00,34,1824.89,1824.2215,29.8991,11163.4615,BREAK/RUPTURA,-11.68,5
2021-07-16 19:00:00,134,1815.15,1815.0643,-53.3731,5212.8631,HIT/DEFESA,-3.29,5
2021-07-19 02:00:00,134,1815.62,1814.8472,29.3874,1387.4317,BREAK/RUPTURA,-3.36,5
2021-07-19 03:00:00,134,1814.72,1814.84532,18.2731,8887.3418,BREAK/RUPTURA,-3.76,5
2021-07-19 22:00:00,34,1812.0,1811.94649,18.1344,1813.544,HIT/DEFESA,5.49,5
2021-07-19 23:00:00,34,1812.65,1811.98669,28.6034,5901.8519,HIT/DEFESA,4.03,5
2021-07-19 23:00:00,134,1812.65,1813.24625,28.6034,5901.8519,HIT/DEFESA,4.03,5
2021-07-20 01:00:00,34,1811.98,1811.98631,24.8411,2398.7013,HIT/DEFESA,5.09,5
2021-07-20 02:00:00,34,1811.29,1811.94652,-3.9183,3260.0,BREAK/RUPTURA,6.34,5
2021-07-20 03:00:00,134,1813.24,1813.1994,3.2549,3049.1018,HIT/DEFESA,1.95,5
2021-07-20 10:00:00,34,1813.73,1813.35759,-21.4565,9093.7931,BREAK/RUPTURA,9.0,5
2021-07-20 10:00:00,134,1813.73,1813.4858,-21.4565,9093.7931,BREAK/RUPTURA,9.0,5
2021-07-20 11:00:00,34,1813.0,1813.33715,-12.0649,11353.8462,BREAK/RUPTURA,10.72,5
2021-07-20 11:00:00,134,1813.0,1813.4786,-12.0649,11353.8462,BREAK/RUPTURA,10.72,5
2021-07-21 09:00:00,134,1812.37,1812.86902,20.9003,3146.3542,BREAK/RUPTURA,-11.87,5
2021-07-22 15:00:00,34,1802.76,1802.37512,35.069,3917.5355,HIT/DEFESA,3.95,5
2021-07-23 01:00:00,134,1807.36,1808.3405,3.487,9688.2353,BREAK/RUPTURA,-4.38,5
2021-07-23 04:00:00,34,1803.99,1804.09607,-18.646,3168.0412,BREAK/RUPTURA,3.47,5
2021-07-23 05:00:00,34,1803.79,1804.07858,-18.2062,17646.5116,BREAK/RUPTURA,5.36,5
2021-07-23 07:00:00,34,1803.23,1803.9709,-4.2129,23042.8571,HIT/DEFESA,-0.86,5
2021-07-23 09:00:00,134,1807.46,1807.92773,24.8478,2334.5098,BREAK/RUPTURA,-11.81,5
2021-07-23 11:00:00,34,1804.3,1804.35782,12.0413,2191.1469,BREAK/RUPTURA,-2.21,5
2021-07-23 18:00:00,34,1802.6,1802.98682,-1.4976,2861.5202,HIT/DEFESA,-0.78,5
2021-07-23 20:00:00,34,1802.64,1802.90898,24.3011,10263.7931,BREAK/RUPTURA,-2.39,5
2021-07-23 23:00:00,34,1801.82,1802.70128,-4.5489,4320.5128,BREAK/RUPTURA,3.02,5
2021-07-26 04:00:00,134,1806.42,1806.46274,30.8184,2064.3972,HIT/DEFESA,0.87,5
2021-07-26 06:00:00,134,1806.55,1806.44034,40.9073,3937.8882,HIT/DEFESA,1.92,5
2021-07-26 07:00:00,134,1806.26,1806.43767,-0.8857,9510.0,BREAK/RUPTURA,2.05,5
2021-07-26 09:00:00,134,1807.29,1806.47456,4.0962,14495.5556,HIT/DEFESA,0.48,5
2021-07-27 19:00:00,34,1799.97,1799.57481,-2.4994,7646.4789,HIT/DEFESA,-0.79,5
2021-07-27 21:00:00,34,1799.79,1799.69514,7.117,2797.3684,BREAK/RUPTURA,-1.17,5
2021-07-27 22:00:00,34,1800.2,1799.72399,1.2778,19604.0,HIT/DEFESA,2.17,5
2021-07-28 01:00:00,34,1799.18,1799.62427,-3.3893,5347.2727,BREAK/RUPTURA,6.96,5
2021-07-28 02:00:00,34,1799.81,1799.63488,-2.1664,5415.2174,BREAK/RUPTURA,5.06,5
2021-07-28 03:00:00,34,1798.62,1799.57689,0.9453,4040.0,HIT/DEFESA,6.76,5
2021-07-28 04:00:00,134,1802.37,1803.36327,17.7303,3667.9558,HIT/DEFESA,1.57,5
2021-07-28 09:00:00,134,1803.94,1803.48146,-12.1807,4850.9091,HIT/DEFESA,-7.53,5
2021-07-28 10:00:00,34,1801.73,1801.11166,-17.3974,3904.7619,HIT/DEFESA,-2.98,5
2021-07-28 11:00:00,34,1800.89,1801.09899,-24.8701,11701.0526,HIT/DEFESA,-5.82,5
2021-07-28 17:00:00,34,1800.09,1800.22139,20.4853,3560.6855,HIT/DEFESA,8.51,5
2021-07-28 18:00:00,34,1800.82,1800.2556,11.508,19720.0,HIT/DEFESA,6.23,5
2021-07-28 19:00:00,134,1802.23,1802.92561,39.887,4679.5276,HIT/DEFESA,6.38,5
2021-07-28 21:00:00,134,1802.08,1802.85068,6.9968,8880.597,HIT/DEFESA,7.26,5
2021-07-30 16:00:00,34,1824.2,1823.813,-25.4258,14171.9424,HIT/DEFESA,-12.28,5
2021-08-02 02:00:00,134,1813.76,1812.99198,-3.0866,14552.1739,HIT/DEFESA,-3.18,5
2021-08-02 05:00:00,134,1812.04,1812.99606,-9.4831,11709.7087,HIT/DEFESA,-4.05,5
2021-08-02 17:00:00,34,1814.59,1814.43188,18.2744,3864.4828,BREAK/RUPTURA,-1.54,5
2021-08-02 18:00:00,34,1814.44,1814.43234,43.2853,52976.9231,BREAK/RUPTURA,-1.39,5
2021-08-02 22:00:00,134,1813.05,1812.68528,-26.1305,1494.8795,HIT/DEFESA,-0.83,5
2021-08-02 23:00:00,134,1813.05,1812.69068,-15.3098,24936.3636,HIT/DEFESA,-2.06,5
2021-08-03 01:00:00,134,1812.81,1812.69245,-19.05,5856.25,HIT/DEFESA,-2.07,5
2021-08-03 02:00:00,134,1812.39,1812.68797,-3.6403,6448.3871,HIT/DEFESA,-0.67,5
2021-08-03 04:00:00,134,1812.22,1812.66005,-3.2546,15029.7619,HIT/DEFESA,-3.32,5
2021-08-03 07:00:00,134,1811.72,1812.59408,-2.759,7505.7471,HIT/DEFESA,-1.49,5
2021-08-03 15:00:00,34,1812.58,1812.46258,12.9818,6920.3252,BREAK/RUPTURA,-2.61,5
2021-08-03 15:00:00,134,1812.58,1812.35883,12.9818,6920.3252,BREAK/RUPTURA,-2.61,5
2021-08-03 22:00:00,34,1811.13,1811.88262,2.5957,2527.4194,HIT/DEFESA,1.68,5
2021-08-04 02:00:00,34,1810.97,1811.66399,-0.8834,6216.0,BREAK/RUPTURA,1.3,5
2021-08-04 04:00:00,134,1812.81,1812.11417,12.593,3835.5932,HIT/DEFESA,1.26,5
2021-08-04 06:00:00,134,1813.07,1812.15001,15.08,8479.3651,BREAK/RUPTURA,-1.78,5
2021-08-04 07:00:00,34,1812.27,1811.86782,-2.9788,3115.5556,BREAK/RUPTURA,2.44,5
2021-08-04 07:00:00,134,1812.27,1812.15179,-2.9788,3115.5556,BREAK/RUPTURA,2.44,5
2021-08-04 11:00:00,34,1811.29,1812.1687,-12.7922,1937.7301,BREAK/RUPTURA,17.61,5
2021-08-04 11:00:00,134,1811.29,1812.22066,-12.7922,1937.7301,BREAK/RUPTURA,17.61,5
2021-08-04 22:00:00,134,1811.83,1812.71152,0.9936,7227.2727,BREAK/RUPTURA,-1.44,5
2021-08-05 13:00:00,134,1813.31,1812.38793,-1.599,2864.0569,HIT/DEFESA,-9.19,5
2021-08-05 14:00:00,34,1813.06,1812.19674,12.1489,33658.8235,BREAK/RUPTURA,-6.21,5
2021-08-05 14:00:00,134,1813.06,1812.39788,12.1489,33658.8235,BREAK/RUPTURA,-6.21,5
2021-08-11 08:00:00,34,1734.17,1733.56209,6.4626,4428.5714,HIT/DEFESA,3.28,5
2021-08-11 10:00:00,34,1732.59,1733.41753,0.404,23039.5833,HIT/DEFESA,12.1,5
2021-08-11 11:00:00,34,1733.05,1733.39653,-6.4584,17250.0,BREAK/RUPTURA,6.83,5
2021-08-11 12:00:00,34,1733.3,1733.39102,8.0258,51423.0769,HIT/DEFESA,12.46,5
2021-08-12 16:00:00,34,1747.49,1747.0373,-19.9317,11630.8458,BREAK/RUPTURA,4.17,5
2021-08-12 17:00:00,34,1748.02,1747.09345,-7.8884,77348.0,BREAK/RUPTURA,5.37,5
2021-08-13 09:00:00,134,1756.74,1757.10405,9.2301,14430.5556,HIT/DEFESA,2.42,5
2021-08-13 10:00:00,134,1757.54,1757.11051,13.1607,20050.9091,HIT/DEFESA,5.18,5
2021-08-17 20:00:00,34,1784.16,1784.47917,4.8786,6042.9487,HIT/DEFESA,1.92,5
2021-08-17 22:00:00,34,1785.07,1784.43593,15.036,2836.4641,HIT/DEFESA,4.73,5
2021-08-18 11:00:00,34,1787.7,1786.72822,-15.9727,3546.8401,HIT/DEFESA,-1.8,5
2021-08-18 14:00:00,34,1786.92,1786.74019,-4.3631,9393.1624,HIT/DEFESA,-4.01,5
2021-08-18 21:00:00,34,1785.56,1785.81561,10.0349,5031.1512,BREAK/RUPTURA,-1.2,5
2021-08-18 22:00:00,34,1786.44,1785.85129,19.7991,13462.5,BREAK/RUPTURA,-4.71,5
2021-08-19 07:00:00,134,1777.36,1776.92218,-24.5267,1640.5109,BREAK/RUPTURA,11.62,5
2021-08-19 16:00:00,34,1784.06,1784.9979,-27.7247,5106.0729,HIT/DEFESA,-4.09,5
2021-08-20 02:00:00,134,1779.0,1778.31034,-10.7809,2469.2308,BREAK/RUPTURA,6.82,5
2021-08-20 04:00:00,34,1782.85,1783.09863,11.343,6391.1243,HIT/DEFESA,4.56,5
2021-08-20 05:00:00,34,1783.72,1783.13413,26.5318,13965.0794,HIT/DEFESA,1.62,5
2021-08-20 19:00:00,34,1783.74,1783.58094,12.9109,6597.6923,BREAK/RUPTURA,-5.63,5
2021-08-20 20:00:00,34,1782.65,1783.52774,1.6271,5185.7143,BREAK/RUPTURA,-4.07,5
2021-08-20 21:00:00,34,1782.67,1783.47873,-11.9901,22022.2222,HIT/DEFESA,-3.59,5
2021-08-23 03:00:00,134,1779.08,1779.652,-10.1635,22313.3333,BREAK/RUPTURA,7.09,5
2021-08-25 02:00:00,34,1801.7,1801.36264,-7.8198,4911.3636,HIT/DEFESA,-7.55,5
2021-08-25 19:00:00,134,1789.78,1790.64,3.1299,13950.7692,HIT/DEFESA,1.09,5
2021-08-25 23:00:00,134,1790.24,1790.63715,5.9804,2772.7273,BREAK/RUPTURA,-1.63,5
2021-08-26 01:00:00,134,1790.87,1790.6406,-7.3095,149200.0,HIT/DEFESA,-3.07,5
2021-08-26 02:00:00,134,1791.5,1790.65333,4.1323,1843.0769,BREAK/RUPTURA,-4.57,5
2021-08-26 03:00:00,134,1790.15,1790.64587,-0.5027,2522.973,HIT/DEFESA,-3.8,5
2021-08-26 04:00:00,134,1790.19,1790.63912,-3.797,266666.6667,HIT/DEFESA,-5.74,5
2021-08-26 20:00:00,34,1791.4,1790.42936,-0.6698,12456.7901,BREAK/RUPTURA,1.98,5
2021-08-26 21:00:00,34,1790.99,1790.4614,-11.5445,12788.2353,BREAK/RUPTURA,2.89,5
2021-08-26 21:00:00,134,1790.99,1790.07696,-11.5445,12788.2353,BREAK/RUPTURA,2.89,5
2021-08-26 23:00:00,34,1791.58,1790.64162,1.0048,1769.0265,HIT/DEFESA,5.58,5
2021-08-27 13:00:00,34,1794.44,1794.33068,-39.079,2210.2459,BREAK/RUPTURA,18.46,5
2021-08-27 16:00:00,134,1792.17,1791.59597,-12.6502,4591.4992,BREAK/RUPTURA,25.38,5
2021-08-30 18:00:00,34,1810.1,1810.26211,-24.0292,6987.1166,HIT/DEFESA,-0.03,5
2021-08-30 19:00:00,34,1810.54,1810.27799,-9.1601,17180.0,HIT/DEFESA,-0.54,5
2021-08-30 21:00:00,34,1810.84,1810.28543,4.0882,5066.3158,HIT/DEFESA,1.7,5
2021-08-30 22:00:00,34,1810.51,1810.29826,-0.1657,10834.1463,BREAK/RUPTURA,2.13,5
2021-08-30 23:00:00,34,1810.07,1810.28521,1.3814,2957.1429,HIT/DEFESA,2.49,5
2021-08-31 01:00:00,34,1810.0,1810.26892,-4.6387,6860.0,BREAK/RUPTURA,5.68,5
2021-08-31 02:00:00,34,1810.35,1810.27355,-0.8837,9319.0476,BREAK/RUPTURA,4.26,5
2021-08-31 13:00:00,34,1812.22,1812.18594,-16.9669,4582.8704,HIT/DEFESA,-4.46,5
2021-08-31 14:00:00,34,1812.64,1812.21188,-12.6176,27148.5714,BREAK/RUPTURA,1.27,5
2021-09-01 03:00:00,34,1812.25,1812.42027,-10.4732,2082.1429,BREAK/RUPTURA,2.94,5
2021-09-01 04:00:00,34,1811.97,1812.39454,-10.6951,27746.1538,BREAK/RUPTURA,4.15,5
2021-09-01 12:00:00,34,1812.96,1812.85292,-17.3997,3351.5982,HIT/DEFESA,-3.21,5
2021-09-01 13:00:00,34,1813.46,1812.88761,12.2015,13847.619,HIT/DEFESA,1.89,5
2021-09-01 14:00:00,34,1812.82,1812.88374,11.7635,9889.1892,HIT/DEFESA,0.39,5
2021-09-01 19:00:00,34,1813.21,1813.17193,0.9928,3787.3874,HIT/DEFESA,0.63,5
2021-09-01 20:00:00,34,1812.65,1813.1421,16.0243,8663.6364,HIT/DEFESA,0.38,5
2021-09-01 21:00:00,34,1813.13,1813.14141,-12.229,9614.6341,BREAK/RUPTURA,1.17,5
2021-09-02 01:00:00,34,1813.84,1813.28641,3.9159,6346.6667,BREAK/RUPTURA,-2.7,5
2021-09-02 02:00:00,34,1813.03,1813.27176,-8.9824,1943.1579,HIT/DEFESA,-2.21,5
2021-09-02 04:00:00,34,1813.47,1813.33849,-2.0399,9240.4255,BREAK/RUPTURA,1.35,5
2021-09-02 05:00:00,34,1813.21,1813.33115,0.9928,17388.2353,HIT/DEFESA,1.44,5
2021-09-02 15:00:00,34,1813.62,1813.80337,-17.3385,7992.8177,HIT/DEFESA,-4.01,5
2021-09-02 19:00:00,134,1809.05,1808.17962,-18.2635,267966.6667,HIT/DEFESA,-0.06,5
2021-09-02 21:00:00,134,1809.17,1808.21517,1.4926,8761.8182,HIT/DEFESA,1.84,5
2021-09-03 01:00:00,134,1808.99,1808.26661,-0.9949,5286.3636,BREAK/RUPTURA,3.5,5
2021-09-03 03:00:00,34,1811.01,1811.95847,8.2895,2018.9189,HIT/DEFESA,1.5,5
2021-09-03 04:00:00,34,1812.87,1812.01056,21.4484,4560.3352,HIT/DEFESA,0.17,5
2021-09-03 06:00:00,34,1812.49,1812.10366,8.1722,5725.3012,BREAK/RUPTURA,-1.01,5
2021-09-03 07:00:00,34,1811.45,1812.06631,-7.8329,3142.3423,BREAK/RUPTURA,1.98,5
2021-09-03 09:00:00,34,1813.04,1812.14585,3.0345,18465.1163,HIT/DEFESA,1.59,5
2021-09-03 10:00:00,34,1811.12,1812.08723,-1.8217,3716.9154,BREAK/RUPTURA,12.21,5
2021-09-03 11:00:00,34,1811.48,1812.05253,-5.6827,15900.0,BREAK/RUPTURA,13.27,5
2021-09-06 14:00:00,34,1823.79,1822.82573,-5.7539,25052.9412,HIT/DEFESA,-0.69,5
2021-09-06 18:00:00,34,1821.88,1822.71698,-3.4019,60685.7143,BREAK/RUPTURA,4.56,5
2021-09-06 19:00:00,34,1823.1,1822.73887,-0.8227,2230.8333,BREAK/RUPTURA,2.91,5
2021-09-07 01:00:00,34,1822.5,1822.72522,4.3915,1628.0702,HIT/DEFESA,0.6,5
2021-09-07 02:00:00,34,1823.5,1822.76949,8.8919,2175.8621,BREAK/RUPTURA,-2.03,5
2021-09-07 06:00:00,34,1823.1,1823.29841,-15.2255,1975.7576,HIT/DEFESA,-8.4,5
2021-09-09 11:00:00,34,1794.61,1794.22695,39.3831,4495.1965,BREAK/RUPTURA,-4.53,5
2021-09-09 12:00:00,34,1794.61,1794.24883,35.8461,70476.9231,BREAK/RUPTURA,-5.74,5
2021-09-09 13:00:00,34,1794.69,1794.27404,13.67,649400.0,BREAK/RUPTURA,-2.51,5
2021-09-09 19:00:00,34,1793.58,1793.72426,19.5522,6243.75,HIT/DEFESA,1.59,5
2021-09-09 21:00:00,34,1794.66,1793.94344,13.8379,3368.2819,HIT/DEFESA,1.14,5
2021-09-09 23:00:00,34,1794.25,1794.06637,-14.1919,1326.9663,BREAK/RUPTURA,5.36,5
2021-09-10 02:00:00,34,1794.68,1794.1609,-6.7933,7089.4737,BREAK/RUPTURA,1.7,5
2021-09-10 04:00:00,34,1794.53,1794.2703,-3.5651,8573.7226,BREAK/RUPTURA,8.83,5
2021-09-10 08:00:00,134,1802.29,1802.63642,14.8921,1613.3791,BREAK/RUPTURA,-8.67,5
2021-09-10 09:00:00,134,1803.36,1802.64714,29.532,10017.8218,BREAK/RUPTURA,-5.83,5
2021-09-10 11:00:00,134,1801.62,1802.61635,-3.7175,341666.6667,HIT/DEFESA,-6.93,5
2021-09-10 12:00:00,34,1797.34,1796.45423,-33.3821,1819.222,HIT/DEFESA,-0.78,5
2021-09-10 17:00:00,34,1796.56,1796.13411,-5.3963,10296.4072,HIT/DEFESA,-8.81,5
2021-09-13 06:00:00,34,1792.27,1792.67954,29.3785,3085.5204,BREAK/RUPTURA,-1.42,5
2021-09-13 08:00:00,34,1792.94,1792.59639,16.6484,4229.5918,BREAK/RUPTURA,-5.03,5
2021-09-13 21:00:00,34,1792.44,1792.05165,-15.2631,22528.5714,HIT/DEFESA,-1.28,5
2021-09-14 01:00:00,34,1792.8,1792.21591,2.0084,3443.4783,BREAK/RUPTURA,-1.79,5
2021-09-14 02:00:00,34,1792.93,1792.25671,-1.1154,35200.0,HIT/DEFESA,-2.07,5
2021-09-14 05:00:00,34,1791.38,1792.0708,-8.6451,9930.9091,HIT/DEFESA,-0.87,5
2021-09-14 08:00:00,34,1792.9,1791.99906,8.4851,3102.5773,BREAK/RUPTURA,-6.28,5
2021-09-14 09:00:00,34,1792.42,1792.02312,7.8727,14423.8095,BREAK/RUPTURA,-8.12,5
2021-09-14 15:00:00,134,1797.07,1796.59108,52.0201,2079.2693,HIT/DEFESA,8.54,5
2021-09-20 11:00:00,34,1757.42,1756.67302,39.1875,4223.7342,HIT/DEFESA,0.92,5
2021-09-20 13:00:00,34,1756.95,1756.8056,15.848,4690.3061,HIT/DEFESA,4.94,5
2021-09-21 07:00:00,34,1761.17,1760.45152,-24.5256,6220.2703,BREAK/RUPTURA,5.18,5
2021-09-21 09:00:00,34,1760.57,1760.57296,-7.0949,5323.6715,BREAK/RUPTURA,7.24,5
2021-09-21 10:00:00,34,1760.54,1760.57108,-3.5772,180150.0,BREAK/RUPTURA,11.25,5
2021-09-21 15:00:00,134,1771.79,1771.92138,30.798,6230.2799,HIT/DEFESA,4.56,5
2021-09-21 16:00:00,134,1772.64,1771.93202,38.3949,27682.0,HIT/DEFESA,2.64,5
2021-09-22 03:00:00,134,1772.6,1772.40064,-7.1595,2951.1013,BREAK/RUPTURA,5.09,5
2021-09-22 14:00:00,34,1772.41,1772.10264,-17.516,3728.8136,BREAK/RUPTURA,5.57,5
2021-09-22 14:00:00,134,1772.41,1773.00729,-17.516,3728.8136,BREAK/RUPTURA,5.57,5
2021-09-22 15:00:00,34,1772.74,1772.13906,-19.7045,65712.5,BREAK/RUPTURA,3.22,5
2021-09-22 15:00:00,134,1772.74,1773.00333,-19.7045,65712.5,BREAK/RUPTURA,3.22,5
2021-09-23 11:00:00,34,1768.71,1769.07351,19.2601,5564.7059,BREAK/RUPTURA,-17.65,5
2021-09-24 13:00:00,34,1756.0,1756.88043,7.5227,4624.2775,BREAK/RUPTURA,-3.45,5
2021-09-27 10:00:00,34,1753.81,1754.49711,-28.8252,3522.6667,HIT/DEFESA,-0.07,5
2021-09-27 15:00:00,34,1753.74,1753.34235,30.7143,3918.7156,BREAK/RUPTURA,-2.07,5
2021-09-27 19:00:00,34,1752.14,1753.04996,-21.2999,9053.0612,HIT/DEFESA,-0.88,5
2021-09-28 04:00:00,34,1752.95,1752.25612,9.6502,3002.7027,BREAK/RUPTURA,-12.21,5
2021-09-28 05:00:00,34,1752.55,1752.27292,7.709,17160.0,BREAK/RUPTURA,-8.82,5
2021-09-28 07:00:00,34,1751.15,1752.07121,-10.2684,3335.9375,HIT/DEFESA,-13.04,5
2021-09-29 06:00:00,34,1740.45,1740.76143,37.2551,16373.8095,HIT/DEFESA,2.46,5
2021-09-29 09:00:00,34,1740.33,1740.53045,-0.6895,22817.7215,BREAK/RUPTURA,3.1,5
2021-09-29 10:00:00,34,1739.95,1740.49728,10.759,34926.9231,BREAK/RUPTURA,-1.7,5
2021-10-04 12:00:00,134,1750.78,1750.73698,-39.313,10340.8451,BREAK/RUPTURA,15.55,5
2021-10-04 15:00:00,34,1755.01,1754.94048,24.1607,11727.5862,HIT/DEFESA,8.97,5
2021-10-05 06:00:00,34,1759.89,1760.58307,-33.4128,4114.2857,HIT/DEFESA,-4.22,5
2021-10-05 10:00:00,34,1759.16,1760.10642,0.8528,8400.4975,BREAK/RUPTURA,-2.75,5
2021-10-05 13:00:00,134,1754.14,1753.86288,-28.5363,2319.7861,BREAK/RUPTURA,6.62,5
2021-10-05 16:00:00,134,1752.98,1753.93151,-6.6129,7190.8571,BREAK/RUPTURA,8.6,5
2021-10-05 23:00:00,34,1759.76,1759.05107,-10.7286,5500.0,HIT/DEFESA,-4.29,5
2021-10-06 01:00:00,34,1759.62,1759.08358,-11.1264,5947.8261,HIT/DEFESA,-4.11,5
2021-10-06 02:00:00,34,1759.23,1759.09195,-4.9997,2252.6316,HIT/DEFESA,-6.68,5
2021-10-06 05:00:00,134,1755.47,1754.72169,-21.373,4609.596,HIT/DEFESA,-7.76,5
2021-10-06 06:00:00,134,1755.51,1754.73337,-11.4366,71636.3636,HIT/DEFESA,-8.59,5
2021-10-06 14:00:00,134,1754.29,1754.25044,42.1885,4081.1856,HIT/DEFESA,8.04,5
2021-10-07 05:00:00,34,1758.7,1758.96257,-29.3106,2528.6458,BREAK/RUPTURA,7.2,5
2021-10-07 08:00:00,134,1756.37,1755.76291,-13.2484,2296.5779,BREAK/RUPTURA,5.78,5
2021-10-07 12:00:00,34,1759.83,1759.57591,-18.0373,9439.0,HIT/DEFESA,-3.35,5
2021-10-07 16:00:00,34,1758.69,1759.49536,-19.6351,6690.1685,HIT/DEFESA,-2.94,5
2021-10-07 17:00:00,134,1756.48,1756.32766,-27.7059,8294.9367,HIT/DEFESA,-1.07,5
2021-10-07 18:00:00,34,1758.33,1759.26631,18.6889,6843.0233,BREAK/RUPTURA,-3.51,5
2021-10-07 22:00:00,134,1755.41,1756.37743,-14.7327,13271.7391,BREAK/RUPTURA,2.99,5
2021-10-08 03:00:00,134,1755.78,1756.30978,5.4706,6759.7403,HIT/DEFESA,1.56,5
2021-10-08 04:00:00,34,1758.4,1758.00904,18.2886,4834.7826,HIT/DEFESA,0.17,5
2021-10-08 07:00:00,134,1756.55,1756.43229,-10.5209,1206.6667,BREAK/RUPTURA,2.64,5
2021-10-08 08:00:00,34,1757.34,1758.02836,-12.9006,9369.4444,BREAK/RUPTURA,2.31,5
2021-10-08 08:00:00,134,1757.34,1756.44574,-12.9006,9369.4444,BREAK/RUPTURA,2.31,5
2021-10-08 09:00:00,34,1758.57,1758.05931,-3.4675,6218.3333,BREAK/RUPTURA,3.05,5
2021-10-08 10:00:00,134,1756.28,1756.47429,-1.5371,4715.1515,BREAK/RUPTURA,19.44,5
2021-10-08 11:00:00,134,1755.73,1756.46326,-9.1616,11014.2857,BREAK/RUPTURA,16.79,5
2021-10-08 20:00:00,34,1759.51,1759.73205,3.9231,8128.7234,BREAK/RUPTURA,-5.65,5
2021-10-08 21:00:00,134,1758.01,1757.24761,-2.6728,3822.0859,HIT/DEFESA,-1.32,5
2021-10-08 22:00:00,134,1756.97,1757.24349,-8.1324,5476.9231,BREAK/RUPTURA,2.99,5
2021-10-08 23:00:00,134,1757.0,1757.23989,-14.2653,12552.9412,BREAK/RUPTURA,2.31,5
2021-10-11 05:00:00,34,1759.31,1758.77744,31.0743,9828.0,BREAK/RUPTURA,-2.23,5
2021-10-11 07:00:00,134,1756.67,1757.18813,-18.6936,3857.9832,HIT/DEFESA,-2.09,5
2021-10-11 08:00:00,134,1756.8,1757.18238,-14.267,175400.0,HIT/DEFESA,-3.19,5
2021-10-11 10:00:00,134,1757.08,1757.14945,2.334,6324.2424,BREAK/RUPTURA,-6.3,5
2021-10-11 16:00:00,34,1757.59,1756.9332,22.696,3214.1369,BREAK/RUPTURA,-2.15,5
2021-10-11 16:00:00,134,1757.59,1756.88573,22.696,3214.1369,BREAK/RUPTURA,-2.15,5
2021-10-11 17:00:00,34,1757.37,1756.95816,14.988,50245.4545,BREAK/RUPTURA,-4.05,5
2021-10-11 17:00:00,134,1757.37,1756.8929,14.988,50245.4545,BREAK/RUPTURA,-4.05,5
2021-10-11 18:00:00,34,1757.42,1756.98456,37.926,122475.0,BREAK/RUPTURA,-3.41,5
2021-10-11 18:00:00,134,1757.42,1756.90071,37.926,122475.0,BREAK/RUPTURA,-3.41,5
2021-10-11 19:00:00,34,1756.36,1756.94887,-6.9982,6059.1304,HIT/DEFESA,-2.82,5
2021-10-11 19:00:00,134,1756.36,1756.8927,-6.9982,6059.1304,HIT/DEFESA,-2.82,5
2021-10-12 04:00:00,34,1756.05,1755.82153,14.3139,3611.0843,HIT/DEFESA,5.23,5
2021-10-12 04:00:00,134,1756.05,1756.56233,14.3139,3611.0843,HIT/DEFESA,5.23,5
2021-10-12 07:00:00,134,1757.6,1756.62932,8.8266,6514.2857,HIT/DEFESA,2.39,5
2021-10-12 11:00:00,34,1757.55,1756.8119,-23.5568,16292.4051,BREAK/RUPTURA,10.86,5
2021-10-12 11:00:00,134,1757.55,1756.78182,-23.5568,16292.4051,BREAK/RUPTURA,10.86,5
2021-10-12 15:00:00,34,1757.5,1757.55059,-14.1478,5035.6979,BREAK/RUPTURA,1.82,5
2021-10-12 15:00:00,134,1757.5,1756.99036,-14.1478,5035.6979,BREAK/RUPTURA,1.82,5
2021-10-12 20:00:00,34,1759.32,1758.70673,-17.9859,6553.8462,BREAK/RUPTURA,1.01,5
2021-10-12 21:00:00,34,1759.22,1758.73606,-8.4057,26847.3684,BREAK/RUPTURA,2.11,5
2021-10-13 15:00:00,34,1761.54,1762.38107,-34.4529,2301.4925,BREAK/RUPTURA,30.15,5
2021-10-15 08:00:00,34,1792.41,1791.56751,-17.0985,4124.1935,HIT/DEFESA,-11.52,5
2021-10-15 09:00:00,34,1791.63,1791.57108,-18.4963,13959.7701,HIT/DEFESA,-13.41,5
2021-10-15 17:00:00,134,1774.9,1775.13678,-18.6704,7388.2883,HIT/DEFESA,-6.69,5
2021-10-19 04:00:00,134,1771.83,1771.88289,46.8368,2462.7273,HIT/DEFESA,6.88,5
2021-10-19 17:00:00,34,1773.04,1774.02083,-41.339,4879.3436,HIT/DEFESA,-2.94,5
2021-10-19 17:00:00,134,1773.04,1772.95503,-41.339,4879.3436,HIT/DEFESA,-2.94,5
2021-10-20 04:00:00,34,1772.34,1772.17433,19.1073,3849.1429,HIT/DEFESA,3.83,5
2021-10-20 04:00:00,134,1772.34,1772.52713,19.1073,3849.1429,HIT/DEFESA,3.83,5
2021-10-21 15:00:00,34,1782.67,1781.73784,-27.2441,5149.4033,HIT/DEFESA,-4.06,5
2021-10-21 21:00:00,34,1780.91,1781.32232,-8.4716,4355.9633,BREAK/RUPTURA,4.18,5
2021-10-26 11:00:00,34,1802.17,1801.88637,-15.8999,7460.0,HIT/DEFESA,-12.35,5
2021-10-26 12:00:00,34,1802.87,1801.94258,-7.4825,11555.7377,HIT/DEFESA,-17.02,5
2021-10-26 13:00:00,34,1801.36,1801.90929,4.9432,4031.0976,BREAK/RUPTURA,-11.61,5
2021-10-26 14:00:00,34,1802.87,1801.96419,3.8842,5866.4336,BREAK/RUPTURA,-10.95,5
2021-10-26 16:00:00,134,1789.82,1790.66049,-64.0627,2657.5026,BREAK/RUPTURA,3.71,5
2021-10-26 18:00:00,134,1789.75,1790.57679,-52.8551,3896.8254,BREAK/RUPTURA,3.17,5
2021-10-26 20:00:00,134,1790.9,1790.60118,28.2779,7131.25,HIT/DEFESA,2.61,5
2021-10-27 09:00:00,134,1790.93,1790.61884,10.6762,2456.9416,HIT/DEFESA,0.18,5
2021-10-27 14:00:00,134,1791.11,1790.44607,26.1975,6222.3404,HIT/DEFESA,3.49,5
2021-10-28 03:00:00,34,1794.62,1794.41092,-12.2439,3713.9896,BREAK/RUPTURA,7.4,5
2021-10-28 17:00:00,34,1798.65,1797.69334,-17.5933,7278.8155,HIT/DEFESA,-0.52,5
2021-10-28 22:00:00,34,1798.13,1798.35344,-14.6049,2538.4906,HIT/DEFESA,-1.42,5
2021-10-28 23:00:00,34,1798.73,1798.37496,-13.8794,9568.0851,HIT/DEFESA,-2.7,5
2021-10-29 02:00:00,34,1799.5,1798.50471,7.619,209850.0,BREAK/RUPTURA,-5.25,5
2021-10-29 03:00:00,34,1797.91,1798.47072,-4.5588,5713.4503,HIT/DEFESA,-1.5,5
2021-10-29 07:00:00,134,1794.25,1793.95621,-13.6917,2337.9562,BREAK/RUPTURA,3.87,5
2021-10-29 09:00:00,134,1793.2,1793.98082,-20.8687,4657.1429,HIT/DEFESA,-0.22,5
2021-10-29 12:00:00,34,1798.12,1797.24321,27.437,2483.9252,BREAK/RUPTURA,-21.25,5
2021-11-01 12:00:00,34,1785.81,1786.70273,19.6937,7216.1491,HIT/DEFESA,8.05,5
2021-11-01 13:00:00,34,1786.4,1786.68543,26.1542,22312.5,HIT/DEFESA,6.53,5
2021-11-01 14:00:00,34,1786.48,1786.67369,13.5646,593400.0,HIT/DEFESA,5.41,5
2021-11-02 01:00:00,134,1791.73,1790.90099,-4.8533,1443.8462,HIT/DEFESA,-0.63,5
2021-11-02 03:00:00,134,1791.27,1790.92235,-10.1501,5184.5361,BREAK/RUPTURA,2.39,5
2021-11-02 04:00:00,34,1790.08,1789.52456,-9.209,8882.8125,BREAK/RUPTURA,3.63,5
2021-11-02 04:00:00,134,1790.08,1790.90988,-9.209,8882.8125,BREAK/RUPTURA,3.63,5
2021-11-02 05:00:00,134,1790.6,1790.90528,-7.7567,16475.5556,BREAK/RUPTURA,3.5,5
2021-11-02 06:00:00,134,1791.1,1790.90817,-0.949,20475.0,BREAK/RUPTURA,3.58,5
2021-11-02 15:00:00,34,1791.04,1791.03586,-21.8945,23823.7113,HIT/DEFESA,-3.67,5
2021-11-02 15:00:00,134,1791.04,1791.18562,-21.8945,23823.7113,HIT/DEFESA,-3.67,5
2021-11-02 16:00:00,34,1790.73,1791.01839,-9.0384,63048.7179,HIT/DEFESA,-3.71,5
2021-11-02 16:00:00,134,1790.73,1791.17887,-9.0384,63048.7179,HIT/DEFESA,-3.71,5
2021-11-02 17:00:00,34,1790.66,1790.99791,3.9107,137077.7778,BREAK/RUPTURA,-2.46,5
2021-11-02 17:00:00,134,1790.66,1791.17118,3.9107,137077.7778,BREAK/RUPTURA,-2.46,5
2021-11-04 11:00:00,34,1776.35,1776.93985,9.523,9139.1026,HIT/DEFESA,19.29,5
2021-11-04 12:00:00,34,1777.23,1776.95643,25.8936,11748.75,HIT/DEFESA,19.57,5
2021-11-10 07:00:00,34,1825.65,1825.09843,-8.3189,9330.4878,HIT/DEFESA,-0.96,5
2021-11-10 09:00:00,34,1824.11,1825.10777,-12.4836,5215.859,BREAK/RUPTURA,2.27,5
2021-11-10 10:00:00,34,1825.44,1825.12675,-1.1503,9642.6357,BREAK/RUPTURA,24.17,5
2021-11-10 11:00:00,34,1825.04,1825.12179,-7.0086,19800.0,BREAK/RUPTURA,36.49,5
2021-11-10 12:00:00,34,1824.69,1825.09712,3.1796,17911.1111,HIT/DEFESA,26.68,5
2021-11-10 13:00:00,34,1824.43,1825.059,-5.5329,30805.7143,BREAK/RUPTURA,30.35,5
2021-11-12 05:00:00,34,1855.1,1854.40152,-25.7542,4346.9274,HIT/DEFESA,-1.95,5
2021-11-12 14:00:00,34,1853.37,1854.02405,2.1047,3085.4415,HIT/DEFESA,11.29,5
2021-11-12 15:00:00,34,1854.27,1854.03811,44.6363,23622.4719,HIT/DEFESA,13.48,5
2021-11-15 04:00:00,34,1859.52,1858.63956,-31.8954,12696.8421,BREAK/RUPTURA,1.28,5
2021-11-15 06:00:00,34,1858.87,1858.55308,-8.3852,2804.4776,BREAK/RUPTURA,3.37,5
2021-11-15 07:00:00,34,1858.82,1858.56833,-3.7644,69492.3077,BREAK/RUPTURA,4.35,5
2021-11-15 10:00:00,34,1858.58,1858.61921,-1.2911,4829.7414,BREAK/RUPTURA,5.59,5
2021-11-15 16:00:00,34,1860.55,1859.92137,-20.3824,5720.0,BREAK/RUPTURA,6.45,5
2021-11-16 01:00:00,34,1862.29,1861.32409,-25.2276,5147.2727,BREAK/RUPTURA,3.31,5
2021-11-16 09:00:00,34,1863.88,1862.92515,-9.2196,8749.2188,BREAK/RUPTURA,6.71,5
2021-11-16 20:00:00,134,1850.05,1849.37694,-59.3735,6064.455,BREAK/RUPTURA,4.23,5
2021-11-16 23:00:00,134,1849.88,1849.4316,-0.9189,4738.0282,BREAK/RUPTURA,3.71,5
2021-11-17 01:00:00,134,1850.26,1849.44388,-6.6973,14535.7143,BREAK/RUPTURA,3.84,5
2021-11-17 11:00:00,34,1859.26,1858.30592,23.019,11539.5349,HIT/DEFESA,6.62,5
2021-11-18 08:00:00,34,1863.67,1863.30779,-6.4348,3625.0883,HIT/DEFESA,-1.04,5
2021-11-18 11:00:00,34,1864.21,1863.70584,2.8975,13153.3333,BREAK/RUPTURA,-2.84,5
2021-11-18 13:00:00,34,1862.63,1863.50935,-12.1722,8978.1955,HIT/DEFESA,-1.0,5
2021-11-18 15:00:00,34,1864.18,1863.65008,16.0112,19670.0,BREAK/RUPTURA,-4.33,5
2021-11-19 03:00:00,34,1861.38,1861.95035,14.4726,4065.9483,BREAK/RUPTURA,-2.37,5
2021-11-19 04:00:00,34,1861.74,1861.93833,12.0462,26231.8182,BREAK/RUPTURA,-4.27,5
2021-11-19 06:00:00,34,1862.61,1862.03553,6.608,7321.7391,HIT/DEFESA,1.37,5
2021-11-19 13:00:00,34,1861.59,1861.20134,41.8593,4811.0,BREAK/RUPTURA,-5.13,5
2021-11-19 16:00:00,34,1861.61,1861.1056,0.1074,17030.0,BREAK/RUPTURA,-12.02,5
2021-11-19 17:00:00,34,1860.24,1861.05614,0.6989,12375.0,BREAK/RUPTURA,-13.37,5
2021-11-19 18:00:00,134,1856.46,1856.76474,-19.1396,3217.3469,HIT/DEFESA,-10.95,5
2021-11-25 02:00:00,34,1791.78,1792.31293,20.9728,2143.0622,HIT/DEFESA,1.02,5
2021-11-25 03:00:00,34,1791.78,1792.28248,17.8353,216280.0,HIT/DEFESA,0.8,5
2021-11-25 04:00:00,34,1792.69,1792.30577,17.3224,8670.0,HIT/DEFESA,0.54,5
2021-11-25 05:00:00,34,1792.06,1792.29172,1.5627,8320.0,HIT/DEFESA,2.22,5
2021-11-25 06:00:00,34,1791.88,1792.2682,0.5581,11529.6296,HIT/DEFESA,1.04,5
2021-11-25 07:00:00,34,1792.8,1792.29858,0.6136,6687.9518,BREAK/RUPTURA,-1.81,5
2021-11-25 08:00:00,34,1792.58,1792.31467,2.9017,28493.5484,BREAK/RUPTURA,-1.88,5
2021-11-25 09:00:00,34,1793.23,1792.36697,7.534,11963.3333,BREAK/RUPTURA,-2.54,5
2021-11-25 11:00:00,34,1792.92,1792.50164,1.8967,5659.4406,BREAK/RUPTURA,-2.29,5
2021-11-26 01:00:00,34,1792.5,1791.6052,22.7574,1419.0972,HIT/DEFESA,4.46,5
2021-11-26 02:00:00,34,1791.83,1791.61804,13.1883,12673.6111,HIT/DEFESA,5.51,5
2021-11-26 03:00:00,34,1792.36,1791.66044,20.6859,38647.3684,HIT/DEFESA,8.61,5
2021-11-26 13:00:00,134,1811.67,1811.1718,48.9783,7393.1373,BREAK/RUPTURA,-26.5,5
2021-11-26 16:00:00,34,1798.56,1798.04489,-72.3642,3652.9161,HIT/DEFESA,-3.12,5
2021-11-26 17:00:00,34,1797.5,1798.01376,-47.3409,24595.1456,HIT/DEFESA,-4.03,5
2021-11-29 01:00:00,34,1795.44,1796.08616,57.5295,1607.9125,BREAK/RUPTURA,-2.66,5
2021-11-29 04:00:00,34,1795.16,1795.85044,-1.5595,132055.5556,HIT/DEFESA,-0.6,5
2021-11-29 07:00:00,34,1795.76,1795.60514,3.3423,3870.8772,HIT/DEFESA,0.48,5
2021-11-29 08:00:00,34,1794.79,1795.55856,2.2849,10488.3495,BREAK/RUPTURA,-1.36,5
2021-11-29 12:00:00,34,1796.24,1795.86523,9.3616,3562.6667,BREAK/RUPTURA,-9.38,5
2021-11-30 09:00:00,34,1791.64,1790.66926,17.1646,10490.303,HIT/DEFESA,1.03,5
2021-11-30 13:00:00,34,1792.36,1791.47811,-2.7888,3307.0681,HIT/DEFESA,-18.2,5
2021-11-30 16:00:00,134,1802.28,1801.61613,55.346,3568.845,BREAK/RUPTURA,-26.3,5
2021-12-01 09:00:00,34,1784.7,1784.44247,30.0672,4606.7251,HIT/DEFESA,1.21,5
2021-12-01 13:00:00,34,1784.96,1784.2039,34.9686,6414.8148,HIT/DEFESA,1.0,5
2021-12-01 19:00:00,34,1784.0,1784.80277,-23.0968,8308.7379,HIT/DEFESA,-2.22,5
2021-12-02 14:00:00,34,1779.41,1780.14307,36.0968,6857.2864,BREAK/RUPTURA,-16.11,5
2021-12-03 05:00:00,34,1773.44,1773.83037,10.2166,4499.4083,BREAK/RUPTURA,-3.73,5
2021-12-03 21:00:00,134,1783.82,1784.21241,17.915,49377.7778,HIT/DEFESA,2.27,5
2021-12-06 05:00:00,134,1783.87,1784.21177,4.2622,1912.9252,BREAK/RUPTURA,-2.38,5
2021-12-06 07:00:00,134,1783.23,1784.16231,-19.5889,4953.6232,HIT/DEFESA,-1.08,5
2021-12-06 08:00:00,134,1784.45,1784.16658,3.2514,8010.4348,BREAK/RUPTURA,-4.5,5
2021-12-06 11:00:00,34,1779.73,1779.14368,-26.4507,6427.1739,HIT/DEFESA,-2.03,5
2021-12-06 13:00:00,34,1779.95,1779.35173,-8.6444,3371.3004,BREAK/RUPTURA,4.44,5
2021-12-06 14:00:00,34,1780.24,1779.40249,2.8656,41313.0435,HIT/DEFESA,0.51,5
2021-12-06 15:00:00,34,1779.03,1779.38121,-17.5069,10882.0144,HIT/DEFESA,-0.36,5
2021-12-06 18:00:00,134,1784.39,1783.66462,30.1288,1883.1169,BREAK/RUPTURA,-6.13,5
2021-12-06 20:00:00,34,1778.67,1779.5329,3.0369,4325.463,HIT/DEFESA,0.76,5
2021-12-06 22:00:00,34,1779.03,1779.43828,-9.6589,12720.0,BREAK/RUPTURA,1.01,5
2021-12-07 02:00:00,34,1779.43,1779.45347,2.2484,3082.8571,HIT/DEFESA,1.44,5
2021-12-07 03:00:00,34,1778.98,1779.42642,4.0489,16965.3061,HIT/DEFESA,4.22,5
2021-12-07 04:00:00,34,1780.04,1779.46148,-4.4923,8145.9184,BREAK/RUPTURA,2.52,5
2021-12-07 08:00:00,134,1783.2,1782.93707,31.7853,4358.7719,BREAK/RUPTURA,-1.06,5
2021-12-07 09:00:00,134,1782.56,1782.93148,27.0003,14220.0,HIT/DEFESA,0.8,5
2021-12-07 12:00:00,34,1780.45,1779.95295,-11.8369,12581.1594,BREAK/RUPTURA,1.95,5
2021-12-07 13:00:00,134,1782.14,1782.83877,2.8625,4889.5706,HIT/DEFESA,3.68,5
2021-12-07 16:00:00,34,1779.58,1779.95231,-14.3648,4717.8241,BREAK/RUPTURA,5.2,5
2021-12-07 17:00:00,134,1782.4,1782.68196,-5.3831,7125.0,BREAK/RUPTURA,2.86,5
2021-12-07 19:00:00,134,1782.97,1782.73203,19.0494,3187.8378,HIT/DEFESA,1.68,5
2021-12-08 14:00:00,34,1784.43,1785.2153,-28.722,7512.037,HIT/DEFESA,-0.13,5
2021-12-08 14:00:00,134,1784.43,1783.83748,-28.722,7512.037,HIT/DEFESA,-0.13,5
2021-12-08 15:00:00,134,1783.1,1783.82655,-49.0544,13836.9863,BREAK/RUPTURA,1.36,5
2021-12-08 20:00:00,34,1784.46,1784.57736,11.6698,163733.3333,HIT/DEFESA,0.21,5
2021-12-08 20:00:00,134,1784.46,1783.7667,11.6698,163733.3333,HIT/DEFESA,0.21,5
2021-12-08 21:00:00,34,1785.58,1784.63465,18.0659,7537.7358,BREAK/RUPTURA,-1.23,5
2021-12-08 22:00:00,34,1785.49,1784.68353,6.6693,39336.8421,BREAK/RUPTURA,-2.2,5
2021-12-09 01:00:00,134,1783.41,1783.79208,-12.1529,8087.8049,BREAK/RUPTURA,2.37,5
2021-12-09 04:00:00,134,1783.29,1783.80541,-0.6729,5482.8829,BREAK/RUPTURA,2.88,5
2021-12-09 05:00:00,34,1784.44,1784.42263,-1.2888,3612.844,HIT/DEFESA,-0.12,5
2021-12-09 05:00:00,134,1784.44,1783.81481,-1.2888,3612.844,HIT/DEFESA,-0.12,5
2021-12-09 08:00:00,34,1783.87,1784.52397,-3.1943,2772.3757,HIT/DEFESA,-3.64,5
2021-12-09 08:00:00,134,1783.87,1783.87009,-3.1943,2772.3757,HIT/DEFESA,-3.64,5
2021-12-09 10:00:00,34,1784.32,1784.601,-7.2244,4508.7629,HIT/DEFESA,-6.77,5
2021-12-09 10:00:00,134,1784.32,1783.91032,-7.2244,4508.7629,HIT/DEFESA,-6.77,5
2021-12-10 21:00:00,134,1782.15,1781.45379,-13.169,10503.5714,BREAK/RUPTURA,4.53,5
2021-12-13 15:00:00,34,1783.04,1783.19982,-21.2107,2594.5166,BREAK/RUPTURA,4.29,5
2021-12-13 15:00:00,134,1783.04,1782.33209,-21.2107,2594.5166,BREAK/RUPTURA,4.29,5
2021-12-14 05:00:00,34,1785.75,1785.37427,-11.4666,5868.5484,HIT/DEFESA,-1.04,5
2021-12-14 06:00:00,34,1785.77,1785.39688,-14.2592,359200.0,HIT/DEFESA,-2.14,5
2021-12-14 10:00:00,34,1784.71,1785.52854,-13.8765,72507.6923,HIT/DEFESA,-12.62,5
2021-12-14 11:00:00,134,1783.63,1783.42118,-24.3849,8134.8214,HIT/DEFESA,-7.91,5
2021-12-14 12:00:00,34,1784.7,1785.3789,0.9526,8481.3725,BREAK/RUPTURA,-10.63,5
2021-12-14 13:00:00,34,1784.73,1785.34182,0.1121,77290000.0,BREAK/RUPTURA,-11.34,5
2021-12-14 14:00:00,34,1784.36,1785.28572,4.0928,19689.1892,BREAK/RUPTURA,-11.91,5
2021-12-14 14:00:00,134,1784.36,1783.47258,4.0928,19689.1892,BREAK/RUPTURA,-11.91,5
2021-12-15 22:00:00,134,1777.88,1778.60354,70.0647,2970.4192,HIT/DEFESA,4.51,5
2021-12-16 01:00:00,134,1779.39,1778.59164,56.403,3618.3824,HIT/DEFESA,2.38,5
2021-12-16 02:00:00,134,1777.79,1778.57977,-0.5062,3025.2747,BREAK/RUPTURA,5.69,5
2021-12-20 01:00:00,34,1799.97,1799.37924,-8.2156,5043.2432,BREAK/RUPTURA,1.38,5
2021-12-20 11:00:00,34,1799.59,1800.09854,-13.8174,5618.0233,HIT/DEFESA,-7.78,5
2021-12-20 21:00:00,134,1790.31,1790.72664,-30.2382,3062.3693,HIT/DEFESA,-0.25,5
2021-12-20 23:00:00,134,1790.19,1790.68561,-16.5073,1887.8453,BREAK/RUPTURA,1.59,5
2021-12-21 01:00:00,134,1791.52,1790.69797,6.7586,7468.6275,HIT/DEFESA,0.46,5
2021-12-21 02:00:00,134,1790.29,1790.69193,10.2323,5482.5688,HIT/DEFESA,2.34,5
2021-12-21 04:00:00,134,1791.1,1790.68875,-2.3444,6512.5,BREAK/RUPTURA,1.98,5
2021-12-21 08:00:00,134,1790.89,1790.75409,-4.9671,4680.4469,BREAK/RUPTURA,6.84,5
2021-12-21 16:00:00,134,1792.12,1791.37765,-31.206,2819.5462,HIT/DEFESA,-4.08,5
2021-12-22 01:00:00,134,1790.38,1791.01125,13.087,2857.2581,BREAK/RUPTURA,-1.74,5
2021-12-22 12:00:00,34,1789.77,1790.55596,16.7901,5146.6667,HIT/DEFESA,5.87,5
2021-12-22 12:00:00,134,1789.77,1790.60519,16.7901,5146.6667,HIT/DEFESA,5.87,5
2021-12-22 13:00:00,34,1790.87,1790.5739,22.666,6906.6038,HIT/DEFESA,7.37,5
2021-12-22 13:00:00,134,1790.87,1790.60912,22.666,6906.6038,HIT/DEFESA,7.37,5
2021-12-22 16:00:00,34,1790.25,1790.9062,-3.462,3478.91,BREAK/RUPTURA,13.32,5
2021-12-22 16:00:00,134,1790.25,1790.69955,-3.462,3478.91,BREAK/RUPTURA,13.32,5
2021-12-27 10:00:00,34,1805.89,1805.86666,-20.5569,2421.3287,BREAK/RUPTURA,2.55,5
2021-12-27 11:00:00,34,1806.34,1805.89371,-15.6425,14824.3243,BREAK/RUPTURA,2.34,5
2021-12-27 12:00:00,34,1805.51,1805.87178,-17.5818,4786.8132,BREAK/RUPTURA,7.12,5
2021-12-27 13:00:00,34,1806.25,1805.8934,1.9935,6317.9104,HIT/DEFESA,5.13,5
2021-12-27 14:00:00,34,1806.88,1805.94977,2.9895,9472.4138,HIT/DEFESA,1.24,5
2021-12-27 20:00:00,34,1807.57,1806.98441,-27.9152,11753.125,BREAK/RUPTURA,3.76,5
2021-12-28 04:00:00,34,1809.12,1808.2763,-16.9959,4612.1212,BREAK/RUPTURA,4.63,5
2021-12-28 17:00:00,34,1811.4,1811.65189,-27.3623,5508.9796,HIT/DEFESA,-5.99,5
2021-12-29 09:00:00,134,1804.28,1803.59225,-7.5873,3218.2857,HIT/DEFESA,-10.75,5
2021-12-29 10:00:00,134,1804.15,1803.60051,-13.5061,41615.0,HIT/DEFESA,-14.36,5
2021-12-29 11:00:00,134,1802.65,1803.58643,-18.494,3321.8182,HIT/DEFESA,-6.49,5
2021-12-29 18:00:00,134,1802.58,1802.87253,71.4609,4628.7823,HIT/DEFESA,1.26,5
2021-12-29 19:00:00,34,1803.92,1804.11803,43.2033,6574.3802,HIT/DEFESA,0.57,5
2021-12-29 20:00:00,34,1804.54,1804.14214,26.7262,16386.5385,BREAK/RUPTURA,-1.24,5
2021-12-29 21:00:00,34,1805.0,1804.19116,13.4252,12900.0,BREAK/RUPTURA,-1.7,5
2021-12-29 22:00:00,34,1804.27,1804.19567,1.9402,6013.9241,BREAK/RUPTURA,-2.72,5
2021-12-29 23:00:00,34,1803.84,1804.17534,-3.8791,4913.4615,HIT/DEFESA,-2.37,5
2021-12-29 23:00:00,134,1803.84,1802.97609,-3.8791,4913.4615,HIT/DEFESA,-2.37,5
2021-12-30 01:00:00,34,1804.49,1804.19332,-2.8255,135350.0,HIT/DEFESA,-3.94,5
2021-12-30 02:00:00,34,1803.3,1804.14228,-5.3761,3848.1481,HIT/DEFESA,-4.89,5
2021-12-30 02:00:00,134,1803.3,1803.00299,-5.3761,3848.1481,HIT/DEFESA,-4.89,5
2021-12-30 03:00:00,34,1803.3,1804.09415,-2.9936,85500.0,HIT/DEFESA,-5.08,5
2021-12-30 03:00:00,134,1803.3,1803.00739,-2.9936,85500.0,HIT/DEFESA,-5.08,5
2021-12-30 13:00:00,34,1802.46,1802.45203,4.718,3421.6783,HIT/DEFESA,10.97,5
2021-12-30 13:00:00,134,1802.46,1802.64071,4.718,3421.6783,HIT/DEFESA,10.97,5
2021-12-30 15:00:00,34,1802.76,1802.58051,9.8835,7697.3684,HIT/DEFESA,10.87,5
2021-12-30 15:00:00,134,1802.76,1802.66976,9.8835,7697.3684,HIT/DEFESA,10.87,5
2022-01-03 13:00:00,34,1822.82,1822.24898,0.2194,2089.0411,BREAK/RUPTURA,-22.2,5
2022-01-03 14:00:00,34,1821.73,1822.21932,-24.7502,6535.2941,HIT/DEFESA,-22.14,5
2022-01-04 16:00:00,134,1810.12,1809.519,34.3696,7225.5973,HIT/DEFESA,4.3,5
2022-01-05 21:00:00,134,1812.81,1812.18761,-60.5858,2212.968,HIT/DEFESA,-2.74,5
2022-01-07 18:00:00,34,1793.92,1794.22583,26.8849,4199.1304,HIT/DEFESA,2.29,5
2022-01-10 01:00:00,34,1795.06,1794.73836,-8.683,42350000.0,HIT/DEFESA,-2.68,5
2022-01-10 02:00:00,34,1794.28,1794.71217,-8.5198,6161.1111,HIT/DEFESA,-1.29,5
2022-01-10 03:00:00,34,1794.89,1794.72233,-7.3488,16983.3333,HIT/DEFESA,-1.82,5
2022-01-10 04:00:00,34,1794.32,1794.69934,-4.1224,11103.125,HIT/DEFESA,-0.75,5
2022-01-10 09:00:00,34,1793.57,1794.22991,6.6392,16600.0,BREAK/RUPTURA,-1.82,5
2022-01-10 16:00:00,34,1794.1,1794.75344,-35.5457,17414.6552,BREAK/RUPTURA,6.7,5
2022-01-10 18:00:00,34,1793.84,1794.62347,5.4103,23888.3721,HIT/DEFESA,7.76,5
2022-01-10 20:00:00,134,1800.15,1801.12473,38.1418,13289.4737,HIT/DEFESA,2.48,5
2022-01-10 21:00:00,134,1800.8,1801.11992,38.7994,11490.9091,HIT/DEFESA,4.0,5
2022-01-10 22:00:00,134,1800.91,1801.11681,8.4473,106333.3333,HIT/DEFESA,4.21,5
2022-01-10 23:00:00,134,1801.6,1801.12397,8.0549,5636.0656,HIT/DEFESA,4.28,5
2022-01-11 01:00:00,134,1801.1,1801.12362,1.6659,78225.0,HIT/DEFESA,5.53,5
2022-01-13 15:00:00,34,1821.85,1821.70734,-3.2923,8888.3333,HIT/DEFESA,-1.5,5
2022-01-13 19:00:00,34,1820.52,1820.97487,11.1081,8897.9452,HIT/DEFESA,0.22,5
2022-01-13 20:00:00,34,1820.35,1820.93916,32.0744,46704.0,HIT/DEFESA,0.39,5
2022-01-13 21:00:00,34,1820.96,1820.94035,10.8302,9982.7586,HIT/DEFESA,1.39,5
2022-01-13 22:00:00,34,1821.77,1820.98776,6.8662,8646.4789,HIT/DEFESA,3.31,5
2022-01-14 01:00:00,34,1820.74,1821.05616,-1.2082,2158.7302,BREAK/RUPTURA,5.16,5
2022-01-14 02:00:00,34,1820.74,1821.03809,-5.6538,322150.0,BREAK/RUPTURA,6.92,5
2022-01-14 11:00:00,34,1823.44,1822.8108,-18.4475,11941.573,BREAK/RUPTURA,1.2,5
2022-01-14 12:00:00,34,1823.53,1822.8519,-17.1351,278966.6667,HIT/DEFESA,-2.52,5
2022-01-14 13:00:00,34,1822.35,1822.82322,-10.3057,6944.2623,HIT/DEFESA,-3.86,5
2022-01-14 22:00:00,134,1816.34,1815.46925,3.1392,4307.4866,HIT/DEFESA,1.75,5
2022-01-17 01:00:00,134,1816.28,1815.51032,-10.2302,2905.3435,BREAK/RUPTURA,2.98,5
2022-01-17 02:00:00,134,1815.5,1815.51017,-4.6247,5596.5909,BREAK/RUPTURA,3.91,5
2022-01-17 03:00:00,134,1815.99,1815.51727,-8.0882,25475.0,BREAK/RUPTURA,3.48,5
2022-01-17 06:00:00,34,1819.26,1820.06205,18.0067,9780.9524,HIT/DEFESA,2.21,5
2022-01-17 07:00:00,34,1819.41,1820.02479,7.2604,110260.0,HIT/DEFESA,1.35,5
2022-01-17 08:00:00,34,1819.47,1819.99308,3.9588,100500.0,HIT/DEFESA,1.74,5
2022-01-17 12:00:00,34,1820.76,1820.32653,-6.2572,5865.7895,HIT/DEFESA,-2.03,5
2022-01-17 13:00:00,34,1821.21,1820.37701,-6.146,16497.0588,HIT/DEFESA,-1.96,5
2022-01-17 14:00:00,34,1819.74,1820.34061,-9.4978,4405.9211,HIT/DEFESA,-0.58,5
2022-01-17 15:00:00,34,1820.9,1820.37258,0.7689,8801.8519,BREAK/RUPTURA,-2.77,5
2022-01-17 16:00:00,34,1820.04,1820.35357,-6.4243,7593.8144,HIT/DEFESA,-1.43,5
2022-01-17 19:00:00,34,1819.16,1820.14343,-4.8351,17268.75,BREAK/RUPTURA,2.85,5
2022-01-18 01:00:00,34,1818.97,1819.89148,-1.0444,5128.5714,HIT/DEFESA,-1.1,5
2022-01-18 02:00:00,34,1820.11,1819.90397,10.8903,5966.6667,BREAK/RUPTURA,-4.02,5
2022-01-18 05:00:00,134,1816.25,1816.76794,-21.2075,2087.5912,HIT/DEFESA,-4.31,5
2022-01-18 07:00:00,134,1816.09,1816.77398,-30.9596,5167.8161,HIT/DEFESA,-6.1,5
2022-01-18 08:00:00,134,1817.5,1816.78473,6.8823,6619.3103,BREAK/RUPTURA,-4.47,5
2022-01-18 09:00:00,134,1816.11,1816.77474,-9.6817,9664.4928,HIT/DEFESA,-1.19,5
2022-01-18 16:00:00,34,1818.13,1817.60357,28.1297,17157.6159,BREAK/RUPTURA,-4.22,5
2022-01-19 08:00:00,34,1814.16,1815.0971,13.7442,12508.2192,HIT/DEFESA,3.08,5
2022-01-19 10:00:00,34,1814.56,1814.8683,6.5624,3994.2122,HIT/DEFESA,9.33,5
2022-01-21 09:00:00,34,1837.93,1838.00492,-18.3565,4799.1903,HIT/DEFESA,-2.85,5
2022-01-24 03:00:00,34,1836.09,1835.64963,9.5402,4114.5833,HIT/DEFESA,1.41,5
2022-01-24 04:00:00,34,1836.52,1835.69937,10.4655,24106.0606,HIT/DEFESA,1.33,5
2022-01-24 05:00:00,34,1836.42,1835.74055,17.8928,33315.0,HIT/DEFESA,3.98,5
2022-01-25 10:00:00,34,1838.69,1839.13003,-15.7473,7079.3269,BREAK/RUPTURA,3.89,5
2022-01-25 14:00:00,34,1839.8,1838.95244,9.9566,4564.0187,HIT/DEFESA,9.84,5
2022-01-26 09:00:00,34,1843.86,1844.64537,-18.946,2988.7597,BREAK/RUPTURA,2.81,5
2022-01-26 10:00:00,34,1845.41,1844.68906,-11.2045,7211.1842,HIT/DEFESA,-1.53,5
2022-01-26 15:00:00,34,1843.88,1844.85875,-15.5408,6425.1748,HIT/DEFESA,-14.92,5
2022-01-31 12:00:00,34,1791.8,1792.29931,16.715,3748.0349,HIT/DEFESA,4.38,5
2022-01-31 13:00:00,34,1792.2,1792.29363,9.1591,25616.129,HIT/DEFESA,4.87,5
2022-01-31 14:00:00,34,1791.87,1792.26942,13.5237,25439.4737,HIT/DEFESA,4.96,5
2022-02-01 22:00:00,34,1801.01,1800.03189,-8.8206,5532.9268,HIT/DEFESA,-2.41,5
2022-02-01 23:00:00,34,1800.82,1800.07692,-0.1666,19456.5217,HIT/DEFESA,-3.26,5
2022-02-02 01:00:00,34,1800.68,1800.11139,7.2803,6803.3333,BREAK/RUPTURA,-3.23,5
2022-02-02 03:00:00,34,1800.3,1800.18243,-2.8876,3700.9804,HIT/DEFESA,-2.68,5
2022-02-02 10:00:00,34,1798.69,1799.39265,1.5569,5435.6383,HIT/DEFESA,2.36,5
2022-02-02 15:00:00,34,1801.05,1800.18875,-8.4878,5856.3467,BREAK/RUPTURA,8.01,5
2022-02-03 04:00:00,134,1806.45,1806.26001,-7.5229,1596.8182,HIT/DEFESA,-2.0,5
2022-02-03 05:00:00,134,1806.96,1806.27038,-1.9919,8293.1818,HIT/DEFESA,-1.86,5
2022-02-03 06:00:00,134,1806.43,1806.27274,-11.7221,6081.9672,HIT/DEFESA,-3.15,5
2022-02-03 07:00:00,134,1806.66,1806.27848,1.1625,23328.5714,BREAK/RUPTURA,-3.56,5
2022-02-03 08:00:00,34,1805.21,1804.4385,-9.6848,2966.6667,HIT/DEFESA,-1.12,5
2022-02-03 09:00:00,34,1804.45,1804.43916,-10.9608,6785.5556,HIT/DEFESA,-2.52,5
2022-02-03 10:00:00,34,1805.1,1804.47692,-8.6347,15491.2281,HIT/DEFESA,-2.75,5
2022-02-03 13:00:00,34,1804.09,1804.31982,-5.5953,6953.3333,BREAK/RUPTURA,2.68,5
2022-02-03 17:00:00,34,1802.97,1803.32723,5.7716,2497.8204,HIT/DEFESA,2.13,5
2022-02-03 19:00:00,34,1803.95,1803.5483,70.5629,4120.2703,HIT/DEFESA,1.68,5
2022-02-03 20:00:00,134,1805.25,1805.70654,12.6458,7320.4918,HIT/DEFESA,0.56,5
2022-02-03 21:00:00,134,1804.99,1805.69593,-9.8518,21220.0,BREAK/RUPTURA,2.1,5
2022-02-03 22:00:00,134,1805.1,1805.6871,6.3749,60600000.0,HIT/DEFESA,0.94,5
2022-02-03 23:00:00,34,1804.73,1803.85417,-2.8805,7830.0,BREAK/RUPTURA,1.68,5
2022-02-03 23:00:00,134,1804.73,1805.67292,-2.8805,7830.0,BREAK/RUPTURA,1.68,5
2022-02-04 01:00:00,134,1805.63,1805.67229,3.5457,5672.7273,HIT/DEFESA,0.82,5
2022-02-04 02:00:00,134,1805.81,1805.67433,3.9333,17288.4615,HIT/DEFESA,0.66,5
2022-02-04 04:00:00,134,1806.04,1805.70041,2.2707,3185.7143,HIT/DEFESA,1.24,5
2022-02-04 05:00:00,134,1806.41,1805.71092,3.3226,10581.4815,HIT/DEFESA,2.12,5
2022-02-04 06:00:00,134,1806.45,1805.72187,-3.5416,51650.0,BREAK/RUPTURA,4.45,5
2022-02-04 07:00:00,134,1806.47,1805.73295,2.3809,45266.6667,HIT/DEFESA,6.73,5
2022-02-04 18:00:00,134,1806.76,1805.93511,63.7773,5641.3194,HIT/DEFESA,0.99,5
2022-02-04 19:00:00,34,1806.3,1805.7294,11.7505,16261.4035,HIT/DEFESA,3.62,5
2022-02-04 19:00:00,134,1806.3,1805.94052,11.7505,16261.4035,HIT/DEFESA,3.62,5
2022-02-08 14:00:00,34,1817.63,1816.79914,-11.9793,15397.8723,BREAK/RUPTURA,9.7,5
2022-02-10 15:00:00,34,1830.41,1830.56362,-13.9119,20323.8806,BREAK/RUPTURA,4.83,5
2022-02-10 16:00:00,34,1831.33,1830.60742,-4.9666,30215.625,HIT/DEFESA,-1.74,5
2022-02-11 08:00:00,134,1822.85,1822.19702,-11.0693,6136.0947,BREAK/RUPTURA,4.31,5
2022-02-16 08:00:00,34,1855.2,1856.0301,13.5479,4410.8696,HIT/DEFESA,1.21,5
2022-02-16 09:00:00,34,1855.24,1855.98495,12.899,89866.6667,BREAK/RUPTURA,-2.23,5
2022-02-16 13:00:00,34,1856.41,1856.12291,-3.554,2253.6585,BREAK/RUPTURA,8.8,5
2022-02-21 09:00:00,34,1891.63,1892.57007,-1.2686,2054.3478,BREAK/RUPTURA,5.56,5
2022-02-22 16:00:00,34,1901.56,1900.64239,40.9758,17015.7895,HIT/DEFESA,0.04,5
2022-02-22 21:00:00,34,1901.6,1901.00605,-8.9319,3392.5373,HIT/DEFESA,-3.26,5
2022-02-22 22:00:00,34,1900.5,1900.97714,-15.4982,5500.9346,HIT/DEFESA,-0.81,5
2022-02-23 02:00:00,34,1900.48,1900.67351,-0.1052,913.7441,HIT/DEFESA,-4.15,5
2022-02-23 04:00:00,34,1899.69,1900.49159,7.4278,2526.9231,BREAK/RUPTURA,-4.8,5
2022-02-23 05:00:00,34,1899.82,1900.45321,-3.4728,18350.0,HIT/DEFESA,-6.69,5
2022-02-25 08:00:00,34,1919.29,1918.83001,25.7527,2424.5353,BREAK/RUPTURA,-20.29,5
2022-02-28 13:00:00,34,1905.71,1905.45377,27.3083,8192.5,BREAK/RUPTURA,-12.86,5
2022-03-01 01:00:00,34,1906.39,1905.8453,-0.7868,1827.7311,HIT/DEFESA,-0.78,5
2022-03-01 02:00:00,34,1905.48,1905.82442,-23.8738,3537.8049,BREAK/RUPTURA,1.69,5
2022-03-01 03:00:00,134,1903.06,1903.12263,-29.9668,2010.8787,BREAK/RUPTURA,4.77,5
2022-03-01 04:00:00,134,1903.51,1903.12837,-15.1071,7265.2174,BREAK/RUPTURA,4.26,5
2022-03-01 05:00:00,34,1905.74,1905.55447,1.3645,1249.1228,HIT/DEFESA,6.88,5
2022-03-01 06:00:00,34,1905.61,1905.55765,13.3995,14678.5714,HIT/DEFESA,10.72,5
2022-03-02 21:00:00,34,1927.97,1927.00603,47.1619,824.559,HIT/DEFESA,2.72,5
2022-03-03 05:00:00,34,1927.52,1927.51289,-9.0708,3420.6612,BREAK/RUPTURA,4.5,5
2022-03-03 08:00:00,34,1927.72,1927.25531,1.0376,2176.0163,HIT/DEFESA,4.79,5
2022-03-10 07:00:00,134,1980.92,1981.53649,30.9905,1983.3333,HIT/DEFESA,18.77,5
2022-03-10 15:00:00,34,1996.53,1997.51666,-15.8024,2661.8827,BREAK/RUPTURA,1.32,5
2022-03-10 16:00:00,34,1997.19,1997.498,-40.3932,27603.125,HIT/DEFESA,-0.9,5
2022-03-10 20:00:00,34,1997.85,1997.63154,13.1815,1912.3967,BREAK/RUPTURA,-5.37,5
2022-03-10 22:00:00,34,1997.82,1997.57003,-30.2413,5047.0968,HIT/DEFESA,-3.0,5
2022-03-10 23:00:00,34,1996.82,1997.52718,-5.1555,1788.3495,HIT/DEFESA,-5.8,5
2022-03-11 21:00:00,134,1985.52,1984.73483,-1.5107,10672.0,HIT/DEFESA,-8.26,5
2022-03-11 23:00:00,34,1988.48,1988.1596,12.3362,352.3726,BREAK/RUPTURA,-15.76,5
2022-03-17 17:00:00,134,1948.62,1948.07932,27.1181,3435.8543,BREAK/RUPTURA,-11.19,5
2022-03-17 18:00:00,134,1948.28,1948.0823,47.6006,32646.6667,BREAK/RUPTURA,-5.63,5
2022-03-18 04:00:00,34,1936.87,1936.7317,-22.6142,996.3134,HIT/DEFESA,-3.7,5
2022-03-18 13:00:00,34,1935.08,1935.58299,3.6187,3096.8153,BREAK/RUPTURA,-2.67,5
2022-03-18 15:00:00,34,1935.64,1935.82422,11.0162,1937.9863,BREAK/RUPTURA,-6.08,5
2022-03-18 17:00:00,34,1936.29,1935.73208,-19.1237,3801.8248,HIT/DEFESA,-16.14,5
2022-03-22 03:00:00,34,1931.34,1930.93968,-22.0602,823.356,BREAK/RUPTURA,5.55,5
2022-03-23 13:00:00,134,1933.33,1933.3969,65.9145,1469.5538,BREAK/RUPTURA,-3.79,5
2022-03-25 14:00:00,34,1953.27,1952.69373,-13.038,2211.9134,BREAK/RUPTURA,2.88,5
2022-03-25 17:00:00,34,1952.92,1952.68733,-1.7919,3007.2464,BREAK/RUPTURA,1.54,5
2022-03-25 20:00:00,34,1953.54,1953.1549,3.1747,2511.9231,HIT/DEFESA,3.73,5
2022-03-25 21:00:00,34,1953.3,1953.1632,-20.2324,19023.0769,BREAK/RUPTURA,4.39,5
2022-03-28 06:00:00,134,1944.71,1944.44922,-66.3026,1388.3657,HIT/DEFESA,-17.17,5
2022-03-30 16:00:00,134,1931.87,1932.08154,61.4037,3153.0043,HIT/DEFESA,0.86,5
2022-03-30 19:00:00,134,1932.22,1932.23216,1.8117,1111.2245,HIT/DEFESA,0.62,5
2022-03-30 20:00:00,134,1931.77,1932.22531,-28.6478,14386.0465,BREAK/RUPTURA,2.38,5
2022-03-30 21:00:00,134,1932.73,1932.23279,-22.5595,4535.4167,HIT/DEFESA,-0.94,5
2022-03-30 23:00:00,134,1932.59,1932.26782,4.2448,1328.655,BREAK/RUPTURA,-7.41,5
2022-03-31 01:00:00,134,1932.84,1932.27629,0.5691,3404.0,BREAK/RUPTURA,-7.71,5
2022-03-31 03:00:00,134,1931.79,1932.29644,-4.1395,2497.4468,HIT/DEFESA,-8.11,5
2022-03-31 04:00:00,34,1926.95,1927.55129,-30.4733,1169.6653,HIT/DEFESA,-0.42,5
2022-03-31 09:00:00,34,1926.53,1926.74526,7.2722,2512.5874,HIT/DEFESA,4.51,5
2022-03-31 10:00:00,134,1931.38,1931.64916,52.3075,1776.6529,HIT/DEFESA,2.78,5
2022-03-31 12:00:00,34,1926.0,1926.86402,-2.7511,8844.4444,BREAK/RUPTURA,14.18,5
2022-03-31 14:00:00,134,1931.04,1931.44924,29.4489,6815.0,HIT/DEFESA,13.41,5
2022-04-01 05:00:00,34,1934.1,1933.38988,-13.7858,1348.2234,HIT/DEFESA,-3.35,5
2022-04-01 09:00:00,134,1932.45,1932.98025,-29.9239,1702.6316,HIT/DEFESA,-3.73,5
2022-04-01 11:00:00,134,1932.23,1932.93659,-24.6772,4392.4658,HIT/DEFESA,-0.66,5
2022-04-01 12:00:00,34,1934.25,1933.73911,9.3146,3140.0,BREAK/RUPTURA,-8.21,5
2022-04-04 10:00:00,134,1929.94,1930.6766,63.4066,3974.7312,HIT/DEFESA,1.81,5
2022-04-04 11:00:00,134,1931.25,1930.6851,57.1271,6385.124,BREAK/RUPTURA,-5.77,5
2022-04-04 12:00:00,34,1926.14,1927.12925,-10.01,1119.0196,BREAK/RUPTURA,8.67,5
2022-04-04 20:00:00,134,1929.64,1930.62323,-26.721,3262.5668,BREAK/RUPTURA,1.95,5
2022-04-05 02:00:00,134,1931.59,1930.75038,-4.4503,1065.8824,HIT/DEFESA,-2.94,5
2022-04-05 04:00:00,34,1930.32,1929.6699,-15.3624,1828.8136,BREAK/RUPTURA,2.41,5
2022-04-05 04:00:00,134,1930.32,1930.76327,-15.3624,1828.8136,BREAK/RUPTURA,2.41,5
2022-04-05 06:00:00,34,1928.65,1929.54267,-17.7012,9846.1538,BREAK/RUPTURA,3.13,5
2022-04-05 07:00:00,34,1928.65,1929.49166,-8.6514,377900.0,BREAK/RUPTURA,1.06,5
2022-04-05 08:00:00,134,1930.74,1930.66807,12.1863,1436.1905,BREAK/RUPTURA,-1.88,5
2022-04-05 12:00:00,34,1929.71,1929.7484,-15.6256,3464.9038,BREAK/RUPTURA,1.16,5
2022-04-05 12:00:00,134,1929.71,1930.65678,-15.6256,3464.9038,BREAK/RUPTURA,1.16,5
2022-04-05 13:00:00,34,1928.86,1929.69763,5.9656,7904.6512,BREAK/RUPTURA,-7.86,5
2022-04-05 17:00:00,34,1930.87,1930.63891,15.6132,1533.5069,BREAK/RUPTURA,-10.33,5
2022-04-05 17:00:00,134,1930.87,1930.83153,15.6132,1533.5069,BREAK/RUPTURA,-10.33,5
2022-04-06 11:00:00,34,1926.24,1925.35353,27.3819,2177.7251,HIT/DEFESA,4.28,5
2022-04-06 12:00:00,134,1929.79,1928.91935,52.8745,2466.1891,BREAK/RUPTURA,-3.93,5
2022-04-06 18:00:00,134,1927.94,1928.66051,6.6436,5516.1137,BREAK/RUPTURA,-2.91,5
2022-04-06 19:00:00,34,1925.0,1925.69761,-28.5933,2680.0,HIT/DEFESA,-1.16,5
2022-04-06 21:00:00,34,1924.51,1925.39174,-17.791,5955.9748,BREAK/RUPTURA,1.03,5
2022-04-07 03:00:00,34,1925.54,1925.2033,2.6493,2733.1361,BREAK/RUPTURA,-2.42,5
2022-04-07 05:00:00,34,1924.95,1925.07227,5.7177,1955.7895,HIT/DEFESA,0.63,5
2022-04-07 09:00:00,34,1925.11,1924.67556,14.1491,2719.403,HIT/DEFESA,5.67,5
2022-04-07 10:00:00,34,1925.58,1924.72725,19.5648,15954.5455,HIT/DEFESA,2.13,5
2022-04-07 12:00:00,134,1927.59,1927.70178,12.8824,3692.1986,HIT/DEFESA,9.12,5
2022-04-07 15:00:00,134,1927.71,1927.73171,0.6225,3822.4026,HIT/DEFESA,7.16,5
2022-04-08 05:00:00,34,1930.27,1929.40688,-14.4331,1845.8333,BREAK/RUPTURA,1.78,5
2022-04-08 07:00:00,134,1928.37,1928.68114,-20.9582,807.6628,BREAK/RUPTURA,3.91,5
2022-04-08 09:00:00,34,1930.13,1929.61166,-4.4019,3052.1053,BREAK/RUPTURA,3.52,5
2022-04-08 15:00:00,34,1931.34,1930.46873,-4.8647,5303.2389,BREAK/RUPTURA,10.99,5
2022-04-12 11:00:00,34,1951.7,1950.70337,-25.2983,3599.4118,BREAK/RUPTURA,9.78,5
2022-04-14 08:00:00,34,1972.46,1972.95211,-26.6467,1045.3125,BREAK/RUPTURA,1.83,5
2022-04-14 09:00:00,34,1973.55,1972.98628,-1.3679,5600.0,BREAK/RUPTURA,3.71,5
2022-04-14 17:00:00,34,1972.19,1972.47107,-25.6415,1429.2201,HIT/DEFESA,-0.37,5
2022-04-14 19:00:00,34,1971.18,1972.09121,46.0209,1727.46,HIT/DEFESA,1.89,5
2022-04-14 20:00:00,34,1972.12,1972.09286,-0.3549,6933.3333,BREAK/RUPTURA,3.73,5
2022-04-14 22:00:00,34,1971.82,1971.99414,3.2468,2748.8372,HIT/DEFESA,5.38,5
2022-04-15 01:00:00,34,1973.07,1972.13944,12.7883,600.0,HIT/DEFESA,3.72,5
2022-04-15 18:00:00,34,1974.65,1973.74199,-0.1013,66.6667,BREAK/RUPTURA,4.06,5
2022-04-18 17:00:00,34,1984.03,1983.44919,-40.01,1541.5158,HIT/DEFESA,-5.74,5
2022-04-19 14:00:00,34,1980.13,1979.74909,10.4648,3205.1546,BREAK/RUPTURA,-22.63,5
2022-04-21 01:00:00,34,1955.54,1955.4702,17.93,1436.2162,BREAK/RUPTURA,-4.13,5
2022-04-21 03:00:00,34,1956.04,1955.57872,-7.5606,6344.7368,HIT/DEFESA,-2.91,5
2022-04-21 04:00:00,34,1955.12,1955.5525,-2.1477,6603.3333,HIT/DEFESA,-2.55,5
2022-04-22 02:00:00,34,1950.98,1950.20412,-0.615,2723.4043,BREAK/RUPTURA,1.25,5
2022-04-22 03:00:00,34,1950.2,1950.20389,-6.047,4713.5593,BREAK/RUPTURA,2.94,5
2022-04-22 04:00:00,34,1950.5,1950.22081,-4.3047,12446.875,BREAK/RUPTURA,2.34,5
2022-04-22 06:00:00,34,1950.4,1950.07907,1.0255,882.8283,BREAK/RUPTURA,-6.59,5
2022-04-22 10:00:00,34,1951.04,1950.54124,-6.0956,2412.234,HIT/DEFESA,-14.03,5
2022-04-26 13:00:00,34,1909.42,1908.92409,66.6393,565.7841,BREAK/RUPTURA,-7.69,5
2022-04-26 23:00:00,34,1905.16,1905.98619,23.7287,424.8139,BREAK/RUPTURA,-6.27,5
2022-04-27 02:00:00,34,1906.52,1905.94093,28.2461,521.393,BREAK/RUPTURA,-8.38,5
2022-04-28 12:00:00,34,1889.64,1889.54332,38.9415,996.7836,BREAK/RUPTURA,-2.78,5
2022-04-28 13:00:00,34,1888.63,1889.49113,19.2041,3976.1905,BREAK/RUPTURA,-2.77,5
2022-04-28 19:00:00,34,1888.71,1888.83828,-7.8299,1518.1132,BREAK/RUPTURA,4.17,5
2022-04-28 20:00:00,34,1888.93,1888.84352,10.9706,21733.3333,HIT/DEFESA,6.62,5
2022-04-29 18:00:00,134,1909.68,1909.60542,-6.0706,2920.9302,HIT/DEFESA,-12.77,5
2022-04-29 20:00:00,134,1909.97,1909.59118,-7.0632,1815.6977,HIT/DEFESA,-12.68,5
2022-05-03 19:00:00,34,1869.85,1869.47076,-7.1612,2309.5506,HIT/DEFESA,-0.99,5
2022-05-03 21:00:00,34,1869.33,1869.56019,-12.2354,1666.8367,HIT/DEFESA,-3.34,5
2022-05-04 01:00:00,34,1868.86,1869.26264,-2.5143,545.0331,HIT/DEFESA,-4.07,5
2022-05-04 02:00:00,34,1868.43,1869.21506,11.7885,3793.1034,BREAK/RUPTURA,-2.72,5
2022-05-04 09:00:00,34,1866.75,1867.73078,10.5106,829.1815,HIT/DEFESA,2.22,5
2022-05-04 11:00:00,34,1868.49,1867.94168,24.2493,1064.4628,BREAK/RUPTURA,-5.59,5
2022-05-04 13:00:00,34,1867.16,1868.00253,-19.6703,739.781,BREAK/RUPTURA,1.44,5
2022-05-04 15:00:00,34,1867.52,1868.02708,-12.728,2948.6301,HIT/DEFESA,-0.77,5
2022-05-04 17:00:00,34,1866.74,1867.6773,-11.9317,1143.0952,BREAK/RUPTURA,17.34,5
2022-05-04 18:00:00,34,1868.6,1867.73002,5.7831,1787.7551,HIT/DEFESA,12.42,5
2022-05-04 19:00:00,34,1868.54,1867.77631,30.2754,47900.0,HIT/DEFESA,14.28,5
2022-05-04 20:00:00,34,1866.75,1867.71766,0.0536,1882.4121,HIT/DEFESA,27.21,5
2022-05-04 22:00:00,134,1884.08,1883.63254,83.1665,4136.9565,HIT/DEFESA,16.47,5
2022-05-05 01:00:00,134,1882.82,1883.58238,-15.8023,1656.9767,BREAK/RUPTURA,18.43,5
2022-05-05 17:00:00,34,1886.22,1886.9027,-59.1323,1017.4365,HIT/DEFESA,-8.27,5
2022-05-05 17:00:00,134,1886.22,1886.50223,-59.1323,1017.4365,HIT/DEFESA,-8.27,5
2022-05-06 12:00:00,134,1883.18,1884.04559,52.9558,2365.942,HIT/DEFESA,2.49,5
2022-05-06 13:00:00,134,1884.83,1884.05721,57.1468,1887.7301,HIT/DEFESA,1.65,5
2022-05-06 16:00:00,34,1880.95,1880.15783,-20.5854,1669.2308,BREAK/RUPTURA,1.53,5
2022-05-06 20:00:00,34,1882.28,1881.32504,-17.9777,493.0016,HIT/DEFESA,-0.97,5
2022-05-06 22:00:00,34,1881.12,1881.37555,-40.1862,2697.1831,HIT/DEFESA,-2.71,5
2022-05-06 23:00:00,134,1883.22,1883.90425,4.9939,507.4074,BREAK/RUPTURA,-8.52,5
2022-05-09 01:00:00,34,1881.56,1881.48546,-4.8872,1164.6552,HIT/DEFESA,-6.52,5
2022-05-09 02:00:00,34,1881.31,1881.47543,1.01,10430.7692,BREAK/RUPTURA,-7.54,5
2022-05-09 03:00:00,34,1881.25,1881.46255,-10.4608,57925.0,HIT/DEFESA,-9.45,5
2022-05-10 06:00:00,34,1864.39,1864.89601,55.0648,469.697,BREAK/RUPTURA,-1.64,5
2022-05-10 15:00:00,34,1862.24,1863.19695,24.4928,3429.0503,BREAK/RUPTURA,-15.66,5
2022-05-11 10:00:00,34,1848.67,1848.60188,52.6376,897.5281,BREAK/RUPTURA,-9.21,5
2022-05-12 07:00:00,34,1851.12,1851.39558,-32.5228,888.6598,HIT/DEFESA,-3.0,5
2022-05-12 09:00:00,34,1851.94,1851.35311,-5.7744,2126.1538,HIT/DEFESA,-9.43,5
2022-05-12 10:00:00,34,1850.82,1851.32265,-1.6206,4907.9646,HIT/DEFESA,-5.62,5
2022-05-16 17:00:00,34,1812.31,1812.5869,65.537,1177.6316,HIT/DEFESA,13.94,5
2022-05-17 14:00:00,134,1834.69,1834.14374,37.3661,473.9917,BREAK/RUPTURA,-13.36,5
2022-05-17 17:00:00,34,1821.94,1822.46861,-69.494,2988.2051,HIT/DEFESA,-6.02,5
2022-05-17 19:00:00,34,1821.33,1822.20697,-13.9264,1110.1961,HIT/DEFESA,-6.94,5
2022-05-18 13:00:00,34,1817.26,1817.1794,9.4738,1248.4018,HIT/DEFESA,6.23,5
2022-05-18 20:00:00,34,1817.53,1816.68637,18.8522,890.5045,BREAK/RUPTURA,-1.47,5
2022-05-18 22:00:00,34,1816.16,1816.77017,-26.0859,1212.7413,HIT/DEFESA,-0.6,5
2022-05-18 23:00:00,34,1816.55,1816.75758,-5.3919,2520.9302,HIT/DEFESA,-0.87,5
2022-05-19 01:00:00,34,1817.21,1816.78344,-8.742,255.5556,HIT/DEFESA,-1.1,5
2022-05-19 02:00:00,34,1816.06,1816.7421,-0.5506,1241.2844,HIT/DEFESA,-0.69,5
2022-05-19 05:00:00,34,1815.68,1816.53532,-2.0924,13283.3333,HIT/DEFESA,-2.49,5
2022-05-19 06:00:00,34,1816.11,1816.51101,5.4542,2778.8462,HIT/DEFESA,6.53,5
2022-05-20 16:00:00,34,1836.39,1837.09476,-49.3633,912.8425,BREAK/RUPTURA,6.84,5
2022-05-23 19:00:00,34,1850.1,1849.84302,-23.8875,1262.6316,BREAK/RUPTURA,3.41,5
2022-05-24 03:00:00,34,1851.96,1851.09321,-6.9068,536.8421,BREAK/RUPTURA,3.1,5
2022-05-24 05:00:00,34,1850.87,1851.01671,-16.2901,1131.9588,BREAK/RUPTURA,9.16,5
2022-05-24 09:00:00,34,1851.47,1851.73119,-23.0097,700.2833,BREAK/RUPTURA,6.66,5
2022-05-25 08:00:00,34,1860.09,1860.19027,-4.7824,450.4918,HIT/DEFESA,-8.05,5
2022-05-25 20:00:00,134,1847.62,1847.70097,-15.6173,1000.0,BREAK/RUPTURA,6.4,5
2022-05-25 22:00:00,34,1855.11,1855.6731,53.9249,3883.3333,BREAK/RUPTURA,-5.45,5
2022-05-26 10:00:00,134,1847.9,1848.18988,15.1753,4197.9592,BREAK/RUPTURA,-4.59,5
2022-05-26 19:00:00,134,1847.7,1847.9483,-8.2197,1614.6552,BREAK/RUPTURA,3.61,5
2022-05-26 20:00:00,34,1849.46,1850.03667,15.4337,1475.7576,HIT/DEFESA,3.34,5
2022-05-26 23:00:00,34,1850.23,1850.25205,4.1634,300.5319,HIT/DEFESA,3.48,5
2022-05-27 01:00:00,34,1851.31,1850.3125,-2.97,471.7949,BREAK/RUPTURA,3.24,5
2022-05-27 03:00:00,34,1849.43,1850.39609,-4.3238,430.4615,BREAK/RUPTURA,4.18,5
2022-05-27 19:00:00,34,1853.22,1853.59257,-15.1398,1307.2848,HIT/DEFESA,-2.37,5
2022-05-27 20:00:00,34,1853.38,1853.58042,-7.4942,8765.0,HIT/DEFESA,-3.44,5
2022-05-27 21:00:00,34,1853.03,1853.54897,-9.1119,5179.1667,HIT/DEFESA,-2.58,5
2022-05-27 22:00:00,34,1853.48,1853.54503,1.403,3123.0769,HIT/DEFESA,3.29,5
2022-05-27 23:00:00,34,1853.15,1853.52246,-1.241,2642.8571,BREAK/RUPTURA,5.81,5
2022-05-30 01:00:00,134,1850.85,1850.03149,-11.7645,385.1613,BREAK/RUPTURA,9.73,5
2022-05-30 02:00:00,134,1849.94,1850.03014,-19.0992,926.8293,BREAK/RUPTURA,11.1,5
2022-05-30 03:00:00,134,1850.45,1850.03636,-14.5698,2032.0755,BREAK/RUPTURA,11.71,5
2022-05-30 18:00:00,34,1855.7,1855.94948,1.8325,463.3218,BREAK/RUPTURA,-9.21,5
2022-05-30 19:00:00,34,1856.34,1855.9718,-14.6848,1091.1765,HIT/DEFESA,-7.24,5
2022-05-30 20:00:00,34,1855.55,1855.9477,-16.4639,217.5,HIT/DEFESA,-4.24,5
2022-05-31 02:00:00,134,1852.44,1851.85608,-21.0091,453.2967,HIT/DEFESA,-0.87,5
2022-05-31 05:00:00,134,1851.31,1851.73061,-6.1001,734.0708,BREAK/RUPTURA,3.45,5
2022-05-31 06:00:00,134,1852.15,1851.73682,30.6528,1610.8434,HIT/DEFESA,0.46,5
2022-05-31 07:00:00,134,1851.57,1851.73435,13.3578,2232.5581,BREAK/RUPTURA,-1.35,5
2022-05-31 09:00:00,34,1854.44,1854.23406,12.364,1592.9577,BREAK/RUPTURA,-5.6,5
2022-05-31 10:00:00,34,1854.76,1854.26411,17.2286,6235.2941,BREAK/RUPTURA,-5.89,5
2022-05-31 11:00:00,134,1852.61,1851.84888,-2.3205,817.2897,HIT/DEFESA,-1.64,5
2022-05-31 16:00:00,134,1850.97,1851.68829,9.7882,2075.1196,BREAK/RUPTURA,-10.27,5
2022-06-01 20:00:00,134,1847.86,1847.33412,23.9225,5662.8571,BREAK/RUPTURA,-1.89,5
2022-06-01 22:00:00,134,1847.26,1847.35646,-1.8943,1235.2201,HIT/DEFESA,-2.37,5
2022-06-02 01:00:00,134,1847.2,1847.33332,-9.4108,297.9592,HIT/DEFESA,-2.38,5
2022-06-02 03:00:00,134,1847.28,1847.31264,7.3134,1148.0916,HIT/DEFESA,0.99,5
2022-06-02 05:00:00,34,1844.39,1843.56338,-8.5592,2648.0,BREAK/RUPTURA,6.81,5
2022-06-06 04:00:00,134,1853.15,1853.33092,5.4532,1124.0175,HIT/DEFESA,0.77,5
2022-06-06 06:00:00,34,1856.13,1856.78827,28.5816,599.3711,BREAK/RUPTURA,-4.46,5
2022-06-06 09:00:00,134,1853.92,1853.45362,-11.9065,1549.1071,HIT/DEFESA,-0.07,5
2022-06-06 12:00:00,134,1853.97,1853.41793,0.2697,813.3621,BREAK/RUPTURA,-5.76,5
2022-06-06 13:00:00,134,1852.88,1853.40997,3.4013,1893.578,BREAK/RUPTURA,-9.27,5
2022-06-06 14:00:00,134,1853.85,1853.41648,11.7732,1814.4231,BREAK/RUPTURA,-11.58,5
2022-06-06 15:00:00,134,1853.59,1853.41905,-2.0497,10751.6129,HIT/DEFESA,-11.77,5
2022-06-07 11:00:00,34,1846.58,1846.4854,42.2556,511.6854,HIT/DEFESA,4.96,5
2022-06-07 12:00:00,34,1847.36,1846.53538,31.3861,2227.2727,HIT/DEFESA,3.81,5
2022-06-07 13:00:00,134,1850.55,1850.62759,45.708,684.2767,HIT/DEFESA,0.88,5
2022-06-07 14:00:00,34,1847.27,1846.79365,3.7366,701.8237,HIT/DEFESA,3.83,5
2022-06-07 17:00:00,134,1851.17,1850.52117,21.1122,13737.931,HIT/DEFESA,3.19,5
2022-06-07 18:00:00,134,1851.43,1850.53464,34.579,9437.037,HIT/DEFESA,0.56,5
2022-06-07 19:00:00,134,1851.1,1850.54301,-2.3764,3462.7907,BREAK/RUPTURA,1.56,5
2022-06-07 20:00:00,134,1850.22,1850.53823,-5.1319,1718.8889,BREAK/RUPTURA,3.38,5
2022-06-08 03:00:00,34,1850.24,1849.27847,-9.4493,547.0238,HIT/DEFESA,-0.72,5
2022-06-08 03:00:00,134,1850.24,1850.73504,-9.4493,547.0238,HIT/DEFESA,-0.72,5
2022-06-08 08:00:00,34,1849.52,1849.05771,2.4878,477.6371,BREAK/RUPTURA,-2.09,5
2022-06-08 09:00:00,34,1849.5,1849.08298,14.7826,20770000.0,HIT/DEFESA,2.04,5
2022-06-08 10:00:00,34,1850.0,1849.13538,13.2608,5336.0,HIT/DEFESA,2.05,5
2022-06-08 10:00:00,134,1850.0,1850.54438,13.2608,5336.0,HIT/DEFESA,2.05,5
2022-06-08 12:00:00,34,1849.56,1849.06777,0.3244,692.2018,HIT/DEFESA,6.66,5
2022-06-08 12:00:00,134,1849.56,1850.48434,0.3244,692.2018,HIT/DEFESA,6.66,5
2022-06-09 03:00:00,34,1851.85,1851.45317,-7.1229,1354.023,HIT/DEFESA,-0.57,5
2022-06-09 03:00:00,134,1851.85,1851.01,-7.1229,1354.023,HIT/DEFESA,-0.57,5
2022-06-09 04:00:00,34,1851.18,1851.43756,-14.187,2617.6471,HIT/DEFESA,-0.63,5
2022-06-09 04:00:00,134,1851.18,1851.01252,-14.187,2617.6471,HIT/DEFESA,-0.63,5
2022-06-09 08:00:00,34,1851.28,1851.83246,-9.0666,623.8434,HIT/DEFESA,-2.03,5
2022-06-09 08:00:00,134,1851.28,1851.14833,-9.0666,623.8434,HIT/DEFESA,-2.03,5
2022-06-09 09:00:00,134,1850.55,1851.13947,-24.7421,3254.9296,HIT/DEFESA,-4.32,5
2022-06-09 15:00:00,34,1850.41,1850.96423,6.8139,1417.75,BREAK/RUPTURA,-1.67,5
2022-06-09 15:00:00,134,1850.41,1850.96603,6.8139,1417.75,BREAK/RUPTURA,-1.67,5
2022-06-09 21:00:00,34,1849.4,1849.83208,19.558,2416.6667,BREAK/RUPTURA,-1.71,5
2022-06-13 11:00:00,134,1853.36,1853.03044,-64.9166,1218.0879,HIT/DEFESA,-22.75,5
2022-06-13 13:00:00,34,1858.23,1858.17455,5.3305,960.7955,BREAK/RUPTURA,-29.28,5
2022-06-15 09:00:00,34,1820.47,1820.76604,26.4917,1895.2191,HIT/DEFESA,10.7,5
2022-06-15 10:00:00,34,1820.75,1820.76512,34.6107,16180.0,HIT/DEFESA,10.86,5
2022-06-16 16:00:00,34,1828.06,1827.096,45.0584,4756.2044,HIT/DEFESA,21.28,5
2022-06-17 16:00:00,34,1842.02,1841.90842,-17.3962,761.8844,HIT/DEFESA,-5.26,5
2022-06-17 18:00:00,34,1841.23,1841.7873,-54.0719,6409.4118,HIT/DEFESA,-2.42,5
2022-06-17 23:00:00,134,1838.81,1838.06766,10.1255,524.5902,HIT/DEFESA,3.61,5
2022-06-20 01:00:00,134,1839.0,1838.08147,12.1954,663.5071,HIT/DEFESA,4.84,5
2022-06-20 02:00:00,134,1838.36,1838.08559,7.2399,2395.6522,HIT/DEFESA,5.04,5
2022-06-20 03:00:00,34,1839.83,1840.49316,5.5471,1197.2222,HIT/DEFESA,2.47,5
2022-06-20 10:00:00,34,1840.09,1840.90792,-17.956,1114.1343,HIT/DEFESA,-0.99,5
2022-06-20 12:00:00,34,1840.82,1840.84159,-10.5819,2400.0,HIT/DEFESA,-2.43,5
2022-06-20 13:00:00,134,1839.09,1838.52744,-5.4345,1272.8324,HIT/DEFESA,-0.83,5
2022-06-20 14:00:00,134,1838.09,1838.52096,-9.1316,2181.9149,HIT/DEFESA,-2.22,5
2022-06-20 15:00:00,134,1839.1,1838.52954,-9.3437,2937.5,HIT/DEFESA,-2.37,5
2022-06-20 16:00:00,134,1839.41,1838.54258,1.74,8842.5,BREAK/RUPTURA,-1.38,5
2022-06-20 17:00:00,134,1838.39,1838.54032,1.6321,3656.9892,HIT/DEFESA,0.74,5
2022-06-20 18:00:00,134,1838.26,1838.53617,-4.5675,13593.75,BREAK/RUPTURA,2.76,5
2022-06-21 01:00:00,134,1838.03,1838.46397,-1.2512,327.9476,BREAK/RUPTURA,2.25,5
2022-06-21 05:00:00,34,1840.09,1839.83707,5.2199,1087.1429,BREAK/RUPTURA,-1.61,5
2022-06-21 06:00:00,34,1840.28,1839.86238,-4.0195,7800.0,HIT/DEFESA,-5.6,5
2022-06-21 07:00:00,134,1838.65,1838.60388,-15.2596,650.3106,HIT/DEFESA,-1.31,5
2022-06-21 10:00:00,34,1838.48,1839.18953,-0.9246,891.4943,HIT/DEFESA,-2.35,5
2022-06-21 10:00:00,134,1838.48,1838.49055,-0.9246,891.4943,HIT/DEFESA,-2.35,5
2022-06-21 16:00:00,34,1838.49,1838.14681,27.5439,2496.1538,BREAK/RUPTURA,-7.47,5
2022-06-21 16:00:00,134,1838.49,1838.24491,27.5439,2496.1538,BREAK/RUPTURA,-7.47,5
2022-06-22 13:00:00,34,1831.89,1831.95389,28.0276,955.5215,HIT/DEFESA,6.18,5
2022-06-22 14:00:00,134,1836.47,1836.08891,68.1454,983.0735,HIT/DEFESA,1.85,5
2022-06-23 02:00:00,134,1836.57,1836.58827,-6.4209,868.3673,HIT/DEFESA,-3.28,5
2022-06-23 03:00:00,34,1835.72,1835.50536,-11.3722,2173.2558,HIT/DEFESA,-0.93,5
2022-06-23 03:00:00,134,1835.72,1836.57541,-11.3722,2173.2558,HIT/DEFESA,-0.93,5
2022-06-23 08:00:00,34,1834.79,1835.0059,6.9266,1473.5099,BREAK/RUPTURA,-5.32,5
2022-06-23 09:00:00,34,1835.48,1835.03299,14.5132,4049.3333,BREAK/RUPTURA,-6.06,5
2022-06-23 09:00:00,134,1835.48,1836.34253,14.5132,4049.3333,BREAK/RUPTURA,-6.06,5
2022-06-23 15:00:00,34,1834.01,1834.28011,11.0809,1113.5193,BREAK/RUPTURA,-7.14,5
2022-06-24 10:00:00,34,1830.1,1829.52863,22.1241,684.041,BREAK/RUPTURA,-8.03,5
2022-06-24 12:00:00,34,1828.89,1829.31226,30.8237,994.052,BREAK/RUPTURA,-2.34,5
2022-06-24 18:00:00,34,1827.13,1827.97683,27.7706,6683.5821,BREAK/RUPTURA,-1.04,5
2022-06-24 21:00:00,34,1828.68,1827.87404,8.4832,1051.3514,HIT/DEFESA,0.25,5
2022-06-27 03:00:00,34,1828.93,1828.14963,15.5524,1003.7736,HIT/DEFESA,6.44,5
2022-06-27 14:00:00,134,1833.93,1833.09281,-30.9303,907.0796,HIT/DEFESA,-8.58,5
2022-06-27 15:00:00,34,1831.85,1831.98851,-29.7174,2458.1818,HIT/DEFESA,-7.76,5
2022-06-28 09:00:00,34,1827.08,1827.46533,5.8598,2038.5027,BREAK/RUPTURA,-1.58,5
2022-06-28 10:00:00,34,1826.98,1827.43759,8.546,179200.0,BREAK/RUPTURA,-4.57,5
2022-06-28 11:00:00,34,1826.52,1827.38516,6.958,6272.9167,BREAK/RUPTURA,-5.53,5
2022-06-30 03:00:00,34,1819.76,1820.33131,11.4982,1615.1163,BREAK/RUPTURA,-4.35,5
2022-06-30 04:00:00,34,1819.83,1820.30267,7.6439,18058.3333,BREAK/RUPTURA,-3.02,5
2022-06-30 05:00:00,34,1819.86,1820.27737,5.0579,15020000.0,BREAK/RUPTURA,-4.78,5
2022-06-30 16:00:00,34,1817.07,1817.72727,36.8427,1161.8117,BREAK/RUPTURA,-10.29,5
2022-07-04 11:00:00,34,1807.28,1807.02537,-29.9001,1464.0,BREAK/RUPTURA,1.47,5
2022-07-04 18:00:00,34,1806.5,1807.01213,-6.8041,537.6812,BREAK/RUPTURA,1.05,5
2022-07-04 19:00:00,34,1806.7,1806.9943,-11.3338,5205.0,BREAK/RUPTURA,5.05,5
2022-07-04 20:00:00,34,1806.86,1806.98662,-16.631,1125.0,BREAK/RUPTURA,2.76,5
2022-07-05 03:00:00,34,1807.55,1807.2505,3.8188,857.6471,HIT/DEFESA,4.21,5
2022-07-05 09:00:00,34,1809.19,1808.29256,-9.3876,1050.0,HIT/DEFESA,-11.05,5
2022-07-08 20:00:00,34,1743.79,1743.3401,-23.5139,1454.5455,HIT/DEFESA,-1.77,5
2022-07-11 01:00:00,34,1743.72,1743.10293,11.4254,821.3675,BREAK/RUPTURA,-1.08,5
2022-07-11 06:00:00,34,1742.64,1742.72626,5.7992,1113.0,BREAK/RUPTURA,-4.64,5
2022-07-11 07:00:00,34,1742.35,1742.70476,13.0454,4126.9231,BREAK/RUPTURA,-7.2,5
2022-07-11 16:00:00,34,1741.23,1740.61834,29.0868,1198.6364,BREAK/RUPTURA,-6.23,5
2022-07-11 17:00:00,34,1740.46,1740.60929,31.8745,4920.6897,BREAK/RUPTURA,-8.28,5
2022-07-12 14:00:00,34,1735.53,1735.97976,4.8424,2721.374,BREAK/RUPTURA,-6.03,5
2022-07-13 13:00:00,34,1729.85,1729.76575,17.5467,1084.6591,HIT/DEFESA,7.58,5
2022-07-13 14:00:00,34,1729.41,1729.74542,8.9127,5772.5,HIT/DEFESA,8.54,5
2022-07-14 02:00:00,34,1732.07,1731.53852,-6.0008,528.3505,HIT/DEFESA,-4.04,5
2022-07-14 06:00:00,34,1732.02,1731.04825,21.814,737.5465,BREAK/RUPTURA,-15.26,5
2022-07-18 01:00:00,34,1708.98,1709.47497,24.519,1299.1228,HIT/DEFESA,7.07,5
2022-07-18 02:00:00,34,1710.32,1709.52326,27.6148,863.3803,HIT/DEFESA,3.91,5
2022-07-18 03:00:00,34,1708.5,1709.46479,5.4463,769.7802,HIT/DEFESA,5.97,5
2022-07-19 08:00:00,34,1710.16,1710.73445,18.8055,1256.4246,HIT/DEFESA,6.8,5
2022-07-19 10:00:00,34,1711.65,1710.68631,19.1409,1678.4091,BREAK/RUPTURA,-2.73,5
2022-07-19 16:00:00,34,1711.03,1711.30747,-34.5378,4026.2911,HIT/DEFESA,-0.82,5
2022-07-19 19:00:00,34,1711.44,1711.56612,2.3962,798.6711,HIT/DEFESA,0.59,5
2022-07-19 20:00:00,34,1710.96,1711.53148,-11.734,4663.2653,HIT/DEFESA,-1.02,5
2022-07-19 22:00:00,34,1712.08,1711.49163,3.7395,1376.4706,BREAK/RUPTURA,-2.14,5
2022-07-20 01:00:00,34,1712.03,1711.52338,10.642,721.5909,HIT/DEFESA,0.11,5
2022-07-20 03:00:00,34,1712.2,1711.47674,4.0315,765.2174,BREAK/RUPTURA,-3.71,5
2022-07-20 05:00:00,34,1711.27,1711.38213,7.7781,1214.9254,BREAK/RUPTURA,-3.71,5
2022-07-20 06:00:00,34,1712.14,1711.42543,-0.3504,1381.6092,HIT/DEFESA,-4.15,5
2022-07-20 07:00:00,34,1711.75,1711.44398,10.5852,2835.1351,HIT/DEFESA,1.19,5
2022-07-20 17:00:00,34,1709.7,1710.35301,8.6054,13826.6667,BREAK/RUPTURA,-14.0,5
2022-07-21 17:00:00,134,1711.68,1711.21045,159.0015,1417.3913,HIT/DEFESA,8.02,5
2022-07-21 19:00:00,134,1711.76,1711.24895,35.4691,2001.3072,HIT/DEFESA,5.5,5
2022-07-25 17:00:00,134,1716.47,1717.23,-55.272,2144.8276,BREAK/RUPTURA,2.57,5
2022-07-25 18:00:00,134,1716.45,1717.21845,-48.1229,139033.3333,BREAK/RUPTURA,2.98,5
2022-07-25 21:00:00,134,1716.55,1717.25031,0.5826,653.9568,HIT/DEFESA,4.84,5
2022-07-26 03:00:00,34,1721.39,1721.29889,11.3991,976.0181,HIT/DEFESA,0.04,5
2022-07-26 07:00:00,34,1721.62,1721.95287,-31.4409,621.0526,HIT/DEFESA,-1.51,5
2022-07-26 08:00:00,34,1721.43,1721.92299,-23.2983,11200.0,HIT/DEFESA,-2.92,5
2022-07-26 11:00:00,34,1722.74,1722.28661,7.61,1561.6505,BREAK/RUPTURA,-2.71,5
2022-07-26 13:00:00,134,1718.51,1718.18997,-36.5258,2271.6981,HIT/DEFESA,-1.57,5
2022-07-26 14:00:00,134,1717.75,1718.18345,-28.9655,5483.5821,BREAK/RUPTURA,1.4,5
2022-07-26 15:00:00,134,1719.13,1718.19747,-5.6973,4263.7681,HIT/DEFESA,-1.76,5
2022-07-26 17:00:00,134,1719.1,1718.23759,7.8591,6766.6667,BREAK/RUPTURA,-1.49,5
2022-07-26 19:00:00,134,1719.15,1718.23217,-5.1162,1355.6604,HIT/DEFESA,-0.88,5
2022-07-26 22:00:00,134,1717.61,1718.19344,-8.9579,3514.2857,HIT/DEFESA,-0.49,5
2022-07-27 01:00:00,134,1718.27,1718.17789,7.0469,314.3969,BREAK/RUPTURA,-1.52,5
2022-07-27 02:00:00,134,1717.97,1718.17481,2.0959,4154.1667,BREAK/RUPTURA,-2.99,5
2022-07-27 03:00:00,34,1718.94,1719.9111,11.0073,1788.0,HIT/DEFESA,0.06,5
2022-07-27 03:00:00,134,1718.94,1718.18615,11.0073,1788.0,HIT/DEFESA,0.06,5
2022-07-27 08:00:00,34,1719.0,1719.1175,17.716,525.8621,HIT/DEFESA,0.95,5
2022-07-27 08:00:00,134,1719.0,1718.08434,17.716,525.8621,HIT/DEFESA,0.95,5
2022-07-27 09:00:00,34,1719.09,1719.11593,13.6304,17788.8889,HIT/DEFESA,1.52,5
2022-07-27 09:00:00,134,1719.09,1718.09924,13.6304,17788.8889,HIT/DEFESA,1.52,5
2022-07-27 10:00:00,34,1719.72,1719.15044,27.6388,4447.6923,BREAK/RUPTURA,-1.59,5
2022-07-27 13:00:00,34,1719.95,1719.5839,1.3374,948.2609,BREAK/RUPTURA,-1.11,5
2022-07-27 15:00:00,134,1718.13,1718.3194,-23.5746,1778.8,BREAK/RUPTURA,3.34,5
2022-07-27 18:00:00,34,1718.84,1719.12821,4.1324,2263.7363,HIT/DEFESA,14.78,5
2022-07-27 18:00:00,134,1718.84,1718.25509,4.1324,2263.7363,HIT/DEFESA,14.78,5
2022-08-01 08:00:00,34,1759.03,1758.50853,-31.6782,1579.8387,BREAK/RUPTURA,12.31,5
2022-08-03 06:00:00,34,1768.91,1768.37972,69.448,732.8691,BREAK/RUPTURA,-3.76,5
2022-08-03 07:00:00,34,1768.87,1768.40773,23.4029,74066.6667,BREAK/RUPTURA,-3.04,5
2022-08-03 09:00:00,34,1767.75,1768.42954,-6.5577,2010.3659,HIT/DEFESA,-2.21,5
2022-08-03 22:00:00,34,1765.31,1765.80062,33.3059,651.7606,HIT/DEFESA,2.94,5
2022-08-03 23:00:00,34,1764.92,1765.7503,16.4015,2420.0,HIT/DEFESA,4.26,5
2022-08-05 13:00:00,34,1785.16,1784.46152,-30.0468,1975.5102,HIT/DEFESA,-11.48,5
2022-08-05 15:00:00,134,1769.04,1768.47605,-98.1764,656.8013,BREAK/RUPTURA,6.02,5
2022-08-08 10:00:00,34,1777.75,1777.73681,32.5624,1558.4459,HIT/DEFESA,4.17,5
2022-08-08 12:00:00,34,1777.66,1777.53163,15.7195,893.1694,HIT/DEFESA,9.81,5
2022-08-10 06:00:00,34,1791.29,1790.29568,-8.2554,499.5968,BREAK/RUPTURA,1.16,5
2022-08-10 07:00:00,34,1790.42,1790.30279,-13.9994,986.2069,BREAK/RUPTURA,3.81,5
2022-08-10 10:00:00,34,1790.49,1790.14302,0.391,2333.1126,HIT/DEFESA,6.9,5
2022-08-10 13:00:00,34,1790.81,1790.51852,1.7872,714.6199,HIT/DEFESA,7.24,5
2022-08-10 23:00:00,34,1792.08,1792.37899,-14.3203,430.3371,HIT/DEFESA,-6.69,5
2022-08-11 02:00:00,34,1791.72,1792.27781,7.9316,665.9574,BREAK/RUPTURA,-6.44,5
2022-08-11 11:00:00,34,1789.63,1790.24322,17.9128,2519.3548,HIT/DEFESA,7.41,5
2022-08-11 12:00:00,34,1790.28,1790.24532,20.8782,4169.8413,HIT/DEFESA,2.28,5
2022-08-11 18:00:00,34,1790.45,1791.28247,-35.3406,3387.7358,HIT/DEFESA,-0.82,5
2022-08-12 07:00:00,34,1790.69,1790.05426,19.5278,2826.6667,BREAK/RUPTURA,-3.2,5
2022-08-12 08:00:00,34,1790.59,1790.08488,9.615,13240.0,BREAK/RUPTURA,-2.51,5
2022-08-12 14:00:00,134,1785.36,1785.30347,-11.0779,1423.0769,BREAK/RUPTURA,11.78,5
2022-08-15 06:00:00,34,1795.4,1794.6177,-32.2008,1579.7753,HIT/DEFESA,-11.86,5
2022-08-15 07:00:00,34,1794.47,1794.60926,-16.468,889.2473,HIT/DEFESA,-14.83,5
2022-08-17 07:00:00,34,1778.77,1778.19191,21.804,440.1384,BREAK/RUPTURA,-5.23,5
2022-08-18 12:00:00,34,1768.94,1768.07561,42.6358,1118.797,BREAK/RUPTURA,-6.66,5
2022-08-18 15:00:00,34,1767.29,1768.25906,-9.3276,2133.2298,HIT/DEFESA,-8.77,5
2022-08-23 11:00:00,34,1740.67,1740.17658,20.6092,1705.8577,HIT/DEFESA,6.42,5
2022-08-23 12:00:00,34,1739.44,1740.13449,19.0654,2376.4228,HIT/DEFESA,10.73,5
2022-08-24 05:00:00,34,1744.42,1743.59779,-9.3354,802.551,BREAK/RUPTURA,3.5,5
2022-08-24 13:00:00,34,1744.51,1745.05485,-19.5089,745.8065,BREAK/RUPTURA,6.7,5
2022-08-24 14:00:00,34,1745.45,1745.07743,-37.2721,4037.234,BREAK/RUPTURA,4.18,5
2022-08-24 15:00:00,34,1745.83,1745.12043,-19.266,18663.6364,BREAK/RUPTURA,3.82,5
2022-08-24 16:00:00,34,1745.81,1745.15983,7.4519,323250.0,HIT/DEFESA,3.91,5
2022-08-24 22:00:00,134,1752.16,1752.78544,14.4602,808.2305,HIT/DEFESA,3.03,5
2022-08-25 03:00:00,134,1752.88,1752.71126,11.3085,891.7526,HIT/DEFESA,4.23,5
2022-08-25 16:00:00,34,1753.45,1754.03459,-51.9684,991.1765,BREAK/RUPTURA,2.63,5
2022-08-25 16:00:00,134,1753.45,1753.86771,-51.9684,991.1765,BREAK/RUPTURA,2.63,5
2022-08-26 05:00:00,34,1755.38,1755.17899,-5.9211,500.0,HIT/DEFESA,-2.29,5
2022-08-26 07:00:00,34,1755.73,1755.33175,17.5162,718.6747,BREAK/RUPTURA,-5.82,5
2022-08-26 08:00:00,34,1756.12,1755.3768,4.2156,4358.5366,BREAK/RUPTURA,-9.2,5
2022-08-26 09:00:00,34,1755.68,1755.39412,-9.9577,8125.641,HIT/DEFESA,-10.67,5
2022-08-29 15:00:00,34,1736.25,1735.79701,75.2635,749.8834,HIT/DEFESA,1.93,5
2022-08-29 21:00:00,34,1736.99,1736.65115,-20.396,1828.8,BREAK/RUPTURA,2.54,5
2022-08-29 23:00:00,34,1736.91,1736.7273,-7.3065,872.619,HIT/DEFESA,-0.82,5
2022-08-30 01:00:00,34,1737.6,1736.77717,3.5118,301.6949,BREAK/RUPTURA,-2.61,5
2022-08-30 05:00:00,34,1736.09,1736.94857,-19.546,6055.5556,HIT/DEFESA,-4.72,5
2022-09-02 09:00:00,34,1702.76,1702.77854,18.7695,2650.0,HIT/DEFESA,3.05,5
2022-09-02 10:00:00,34,1703.69,1702.83062,25.7752,3056.4356,HIT/DEFESA,5.16,5
2022-09-05 02:00:00,34,1707.98,1707.4239,-9.5343,401.3274,BREAK/RUPTURA,4.98,5
2022-09-05 18:00:00,34,1710.45,1710.33105,-13.0205,1335.9712,BREAK/RUPTURA,13.46,5
2022-09-06 04:00:00,134,1718.34,1717.58053,31.759,539.7849,HIT/DEFESA,1.8,5
2022-09-06 06:00:00,134,1717.79,1717.61427,-35.5007,609.1371,HIT/DEFESA,-4.28,5
2022-09-06 08:00:00,134,1717.78,1717.58806,-11.0486,932.7103,HIT/DEFESA,-5.02,5
2022-09-06 11:00:00,34,1713.51,1713.6767,-24.8577,2511.7647,HIT/DEFESA,-4.73,5
2022-09-06 13:00:00,34,1712.76,1713.50166,-17.6595,3156.1151,HIT/DEFESA,-9.72,5
2022-09-07 10:00:00,34,1703.22,1704.06122,56.4458,1398.3092,BREAK/RUPTURA,-2.91,5
2022-09-07 11:00:00,34,1704.09,1704.06286,46.3381,6107.2289,HIT/DEFESA,0.02,5
2022-09-07 16:00:00,34,1704.11,1703.78351,8.1046,1813.0548,HIT/DEFESA,10.62,5
2022-09-07 17:00:00,134,1711.61,1712.21542,61.7244,1019.3333,HIT/DEFESA,5.67,5
2022-09-09 02:00:00,34,1710.69,1711.41897,22.615,503.0303,HIT/DEFESA,10.69,5
2022-09-09 03:00:00,134,1713.59,1712.85858,30.9077,691.0345,HIT/DEFESA,5.9,5
2022-09-09 17:00:00,134,1714.52,1714.41665,-37.6525,6683.4783,BREAK/RUPTURA,1.18,5
2022-09-09 18:00:00,34,1716.84,1716.82775,-11.2871,1775.1092,HIT/DEFESA,-0.31,5
2022-09-09 20:00:00,34,1716.52,1716.98324,11.6651,534.7458,HIT/DEFESA,1.97,5
2022-09-09 23:00:00,34,1716.53,1716.82352,0.0583,855.814,BREAK/RUPTURA,-2.62,5
2022-09-12 03:00:00,34,1716.94,1717.05897,2.3885,998.6301,BREAK/RUPTURA,-3.8,5
2022-09-12 04:00:00,34,1716.6,1717.03275,-17.2137,5208.8235,BREAK/RUPTURA,3.98,5
2022-09-12 05:00:00,134,1713.91,1714.80189,-26.6513,604.1353,BREAK/RUPTURA,10.47,5
2022-09-13 04:00:00,34,1723.62,1723.23334,-9.6795,3268.6957,HIT/DEFESA,-0.55,5
2022-09-13 05:00:00,34,1722.26,1723.17772,-17.7937,1309.7902,BREAK/RUPTURA,1.61,5
2022-09-13 09:00:00,34,1723.07,1722.93608,10.0503,2751.1111,HIT/DEFESA,6.66,5
2022-09-13 10:00:00,34,1723.87,1722.98945,10.9757,7006.0976,BREAK/RUPTURA,-20.07,5
2022-09-16 20:00:00,34,1671.41,1671.8762,-33.6899,1684.7059,BREAK/RUPTURA,6.51,5
2022-09-20 09:00:00,34,1672.98,1671.99585,-23.9119,1731.8386,HIT/DEFESA,-4.17,5
2022-09-20 10:00:00,34,1672.59,1672.0298,-5.4974,14869.4444,HIT/DEFESA,-4.75,5
2022-09-21 20:00:00,34,1668.55,1668.93471,2.5778,838.2716,BREAK/RUPTURA,-1.43,5
2022-09-22 01:00:00,34,1671.19,1670.3114,-87.6647,451.8018,HIT/DEFESA,-10.64,5
2022-09-22 12:00:00,34,1666.64,1666.73255,44.9014,1595.1691,HIT/DEFESA,4.3,5
2022-09-22 21:00:00,34,1670.06,1669.15258,-8.5552,2223.1579,BREAK/RUPTURA,4.24,5
2022-09-23 03:00:00,134,1674.3,1674.93731,19.7487,870.1863,BREAK/RUPTURA,-2.3,5
2022-09-23 05:00:00,34,1670.58,1670.1556,-13.0921,843.9655,HIT/DEFESA,-3.17,5
2022-09-23 06:00:00,34,1669.16,1670.09871,-30.6994,1029.7872,HIT/DEFESA,-7.55,5
2022-09-23 09:00:00,34,1670.51,1670.15613,8.0879,2502.1429,BREAK/RUPTURA,-22.74,5
2022-09-27 10:00:00,34,1637.31,1637.22836,34.6888,3236.4162,BREAK/RUPTURA,-1.95,5
2022-09-27 13:00:00,34,1637.07,1636.91691,-1.4658,1127.1605,HIT/DEFESA,-2.94,5
2022-09-27 14:00:00,34,1636.73,1636.90623,5.93,17067.7419,BREAK/RUPTURA,-7.23,5
2022-09-27 17:00:00,34,1636.16,1636.89946,-3.4826,3957.3529,HIT/DEFESA,-8.88,5
2022-09-28 13:00:00,34,1628.72,1628.95893,41.8637,1027.1748,HIT/DEFESA,30.05,5
2022-09-29 08:00:00,34,1644.04,1644.85683,-56.6708,512.7098,BREAK/RUPTURA,6.01,5
2022-09-29 10:00:00,34,1644.92,1644.98776,-44.906,2653.2787,BREAK/RUPTURA,4.49,5
2022-09-29 11:00:00,34,1644.17,1644.94103,0.7907,7517.7215,HIT/DEFESA,9.07,5
2022-09-29 12:00:00,134,1647.84,1648.38723,3.7639,1657.337,HIT/DEFESA,5.53,5
2022-09-29 15:00:00,134,1649.41,1648.47027,9.5276,4594.686,HIT/DEFESA,8.77,5
2022-09-30 21:00:00,34,1662.12,1661.79103,-55.0463,5188.5057,BREAK/RUPTURA,2.1,5
2022-09-30 22:00:00,34,1661.84,1661.79382,-13.1608,22125.9259,BREAK/RUPTURA,7.06,5
2022-10-03 07:00:00,34,1662.26,1662.6286,-39.7867,1502.4242,HIT/DEFESA,-0.6,5
2022-10-03 09:00:00,34,1663.62,1662.92077,-1.7429,1242.7374,BREAK/RUPTURA,2.64,5
2022-10-03 10:00:00,34,1663.83,1662.97273,9.445,29800.0,HIT/DEFESA,1.67,5
2022-10-03 11:00:00,34,1663.08,1662.97886,-23.5153,13522.807,BREAK/RUPTURA,5.78,5
2022-10-06 14:00:00,34,1714.91,1715.66644,4.2002,2963.9053,BREAK/RUPTURA,-3.06,5
2022-10-06 15:00:00,34,1715.43,1715.65293,3.9656,11600.0,BREAK/RUPTURA,-3.13,5
2022-10-06 22:00:00,34,1714.43,1714.52367,15.0714,2170.068,BREAK/RUPTURA,-3.7,5
2022-10-07 08:00:00,34,1712.92,1713.19699,7.069,657.958,BREAK/RUPTURA,-4.05,5
2022-10-07 11:00:00,34,1712.27,1712.81367,-3.7947,2890.411,HIT/DEFESA,-14.34,5
2022-10-07 12:00:00,34,1712.75,1712.81003,21.1804,7232.6531,BREAK/RUPTURA,-10.93,5
2022-10-07 15:00:00,134,1697.91,1698.25504,-86.6443,975.0221,BREAK/RUPTURA,2.02,5
2022-10-07 16:00:00,134,1697.93,1698.25023,-64.0189,557950.0,HIT/DEFESA,-1.26,5
2022-10-10 01:00:00,134,1697.49,1698.29032,4.833,734.5029,BREAK/RUPTURA,-8.65,5
2022-10-12 11:00:00,34,1670.06,1670.59642,2.4556,4892.5926,HIT/DEFESA,0.75,5
2022-10-12 16:00:00,34,1670.81,1670.48462,7.6668,10769.0476,HIT/DEFESA,1.97,5
2022-10-12 17:00:00,34,1670.16,1670.46607,9.8291,14054.5455,HIT/DEFESA,4.99,5
2022-10-12 18:00:00,34,1669.52,1670.41201,-12.4432,9582.0896,BREAK/RUPTURA,3.53,5
2022-10-12 19:00:00,34,1669.8,1670.37704,-6.045,16055.5556,BREAK/RUPTURA,3.84,5
2022-10-12 20:00:00,34,1670.92,1670.40806,4.5505,2806.3063,HIT/DEFESA,3.66,5
2022-10-13 04:00:00,34,1672.3,1671.50364,-8.0065,1084.5771,HIT/DEFESA,-4.67,5
2022-10-13 14:00:00,134,1678.76,1679.52476,22.6871,1479.1667,BREAK/RUPTURA,-13.01,5
2022-10-14 04:00:00,34,1668.0,1667.30798,14.4092,722.2045,HIT/DEFESA,1.62,5
2022-10-14 05:00:00,34,1668.28,1667.36352,28.9757,11788.4615,BREAK/RUPTURA,-1.24,5
2022-10-14 07:00:00,34,1667.61,1667.47063,-2.3381,1154.5455,HIT/DEFESA,-13.6,5
2022-10-14 08:00:00,34,1668.36,1667.52145,0.4795,3587.013,BREAK/RUPTURA,-12.37,5
2022-10-14 10:00:00,34,1667.04,1667.607,-3.4181,2517.5299,HIT/DEFESA,-3.74,5
2022-10-17 08:00:00,34,1653.8,1654.70711,20.6011,662.3557,HIT/DEFESA,3.26,5
2022-10-17 11:00:00,34,1655.37,1654.5616,9.4933,11772.9167,HIT/DEFESA,9.63,5
2022-10-17 19:00:00,34,1657.42,1656.94741,-45.5255,568.3051,HIT/DEFESA,-6.76,5
2022-10-18 09:00:00,34,1655.09,1654.63669,15.7338,2830.2817,BREAK/RUPTURA,-2.2,5
2022-10-19 01:00:00,34,1652.61,1653.06646,13.9975,540.0,BREAK/RUPTURA,-3.33,5
2022-10-19 02:00:00,34,1652.38,1653.02723,6.1161,3334.4828,BREAK/RUPTURA,-6.02,5
2022-10-19 03:00:00,34,1653.1,1653.03139,7.4461,2366.6667,BREAK/RUPTURA,-6.19,5
2022-10-19 04:00:00,34,1652.08,1652.97703,-3.207,2355.3398,HIT/DEFESA,-11.11,5
2022-10-20 12:00:00,34,1634.91,1635.31204,30.6765,840.6028,HIT/DEFESA,9.86,5
2022-10-20 19:00:00,34,1636.2,1636.11131,22.0507,737.2816,BREAK/RUPTURA,-9.51,5
2022-10-25 05:00:00,34,1649.33,1648.61669,-15.1952,3627.6316,HIT/DEFESA,-4.12,5
2022-10-25 08:00:00,34,1648.1,1648.82716,-7.4576,1230.3922,HIT/DEFESA,-6.47,5
2022-10-25 08:00:00,134,1648.1,1647.22543,-7.4576,1230.3922,HIT/DEFESA,-6.47,5
2022-10-26 03:00:00,34,1650.4,1650.29061,-15.9102,1033.7398,BREAK/RUPTURA,8.31,5
2022-10-27 10:00:00,34,1662.73,1662.57273,-16.0921,2692.9577,HIT/DEFESA,-2.53,5
2022-10-27 11:00:00,34,1663.49,1662.62515,-32.5957,7058.3333,HIT/DEFESA,-5.19,5
2022-10-27 14:00:00,34,1662.02,1662.48657,-8.8368,3342.0168,HIT/DEFESA,-4.07,5
2022-10-27 18:00:00,34,1661.27,1662.08427,6.445,7587.5,HIT/DEFESA,1.69,5
2022-10-27 22:00:00,34,1662.28,1661.60725,26.1166,973.5955,HIT/DEFESA,4.07,5
2022-10-28 01:00:00,34,1662.25,1661.71686,21.2815,2206.383,HIT/DEFESA,2.52,5
2022-10-28 02:00:00,34,1661.85,1661.72447,-2.5868,6086.6667,BREAK/RUPTURA,2.69,5
2022-10-28 03:00:00,34,1661.92,1661.73564,-6.2539,51875.0,HIT/DEFESA,-2.06,5
2022-10-28 09:00:00,134,1656.95,1656.19085,-46.9735,1842.3729,HIT/DEFESA,-6.55,5
2022-11-01 11:00:00,134,1647.42,1648.2976,33.5585,2503.3333,HIT/DEFESA,2.72,5
2022-11-01 18:00:00,34,1644.41,1643.94265,-58.4615,8488.5057,BREAK/RUPTURA,3.49,5
2022-11-01 20:00:00,134,1649.11,1648.38575,23.1569,717.561,BREAK/RUPTURA,-2.3,5
2022-11-01 22:00:00,134,1648.25,1648.40409,19.635,1548.3444,HIT/DEFESA,1.82,5
2022-11-01 23:00:00,134,1647.9,1648.39662,-7.3373,3241.6667,BREAK/RUPTURA,4.07,5
2022-11-02 17:00:00,34,1649.52,1649.56813,-34.1957,1543.6693,HIT/DEFESA,-12.59,5
2022-11-02 17:00:00,134,1649.52,1649.17007,-34.1957,1543.6693,HIT/DEFESA,-12.59,5
2022-11-02 20:00:00,34,1649.79,1649.31868,1.6368,1102.8571,BREAK/RUPTURA,-16.08,5
2022-11-02 20:00:00,134,1649.79,1649.11782,1.6368,1102.8571,BREAK/RUPTURA,-16.08,5
2022-11-02 21:00:00,34,1649.51,1649.32961,18.8897,63460.7143,BREAK/RUPTURA,-11.69,5
2022-11-02 21:00:00,134,1649.51,1649.12363,18.8897,63460.7143,BREAK/RUPTURA,-11.69,5
2022-11-04 04:00:00,34,1633.88,1633.30377,22.2665,871.6612,HIT/DEFESA,13.33,5
2022-11-08 06:00:00,34,1670.1,1670.95792,-20.7341,475.2727,BREAK/RUPTURA,1.4,5
2022-11-08 08:00:00,34,1670.48,1670.78902,-14.4062,1008.1448,BREAK/RUPTURA,2.09,5
2022-11-08 09:00:00,34,1670.35,1670.76393,1.4969,27053.8462,HIT/DEFESA,0.62,5
2022-11-08 11:00:00,34,1671.5,1670.60159,6.106,979.2657,HIT/DEFESA,7.73,5
2022-11-08 12:00:00,34,1670.54,1670.59807,1.1375,3780.0,HIT/DEFESA,42.55,5
2022-11-08 14:00:00,34,1670.97,1670.72556,-3.1708,2921.7391,BREAK/RUPTURA,44.01,5
2022-11-10 09:00:00,34,1705.91,1705.11911,-22.5178,1058.1633,BREAK/RUPTURA,3.49,5
2022-11-14 11:00:00,34,1757.15,1756.75339,-24.5816,1313.8144,BREAK/RUPTURA,11.98,5
2022-11-14 12:00:00,34,1757.58,1756.80062,-26.67,12500.0,BREAK/RUPTURA,13.92,5
2022-11-14 13:00:00,34,1756.36,1756.77544,-32.2919,3286.6142,BREAK/RUPTURA,13.36,5
2022-11-15 18:00:00,34,1770.59,1769.7572,-37.2494,19526.7857,BREAK/RUPTURA,8.3,5
2022-11-16 05:00:00,34,1771.88,1772.81241,-31.6174,857.8629,BREAK/RUPTURA,7.31,5
2022-11-16 06:00:00,34,1771.93,1772.76198,-14.2016,65160.0,BREAK/RUPTURA,10.96,5
2022-11-16 08:00:00,34,1773.38,1772.87154,8.4656,5868.0,HIT/DEFESA,10.06,5
2022-11-16 16:00:00,34,1775.12,1775.50499,-46.6514,3323.4414,HIT/DEFESA,-0.62,5
2022-11-16 19:00:00,34,1774.78,1775.61944,-1.9154,22237.037,HIT/DEFESA,-0.9,5
2022-11-16 21:00:00,34,1774.5,1775.41003,0.0564,3115.1899,BREAK/RUPTURA,-4.66,5
2022-11-18 05:00:00,34,1764.85,1765.16637,10.3799,1710.1942,BREAK/RUPTURA,-2.1,5
2022-11-18 07:00:00,34,1764.06,1764.96488,7.3748,2350.6757,HIT/DEFESA,1.12,5
2022-11-18 08:00:00,34,1763.93,1764.90574,-5.2129,28023.0769,HIT/DEFESA,-3.57,5
2022-11-18 09:00:00,34,1765.58,1764.94427,16.9068,3439.3939,BREAK/RUPTURA,-5.5,5
2022-11-18 11:00:00,34,1764.21,1764.78409,1.5874,5060.5442,BREAK/RUPTURA,-10.7,5
2022-11-18 12:00:00,34,1765.18,1764.80672,-2.2655,5836.9565,HIT/DEFESA,-7.88,5
2022-11-18 17:00:00,134,1757.3,1756.41425,-15.7947,2610.8753,HIT/DEFESA,-8.66,5
2022-11-22 05:00:00,34,1744.21,1744.50797,19.2434,3378.0488,HIT/DEFESA,0.41,5
2022-11-22 06:00:00,34,1745.13,1744.54352,8.8324,2497.8947,HIT/DEFESA,1.89,5
2022-11-22 15:00:00,34,1743.72,1744.68825,-13.6304,2948.6989,HIT/DEFESA,-5.0,5
2022-11-23 04:00:00,34,1741.65,1742.64574,2.4695,2087.3134,HIT/DEFESA,2.61,5
2022-11-25 12:00:00,34,1752.51,1753.39977,5.1953,3087.8981,BREAK/RUPTURA,-2.17,5
2022-11-25 14:00:00,134,1750.92,1750.20192,0.1142,28905.8824,HIT/DEFESA,2.26,5
2022-11-25 17:00:00,134,1750.34,1750.20225,-3.3125,4473.8255,BREAK/RUPTURA,1.59,5
2022-11-25 19:00:00,34,1753.18,1752.62815,7.6491,2401.1364,BREAK/RUPTURA,-2.91,5
2022-11-28 02:00:00,34,1751.93,1752.58313,-7.1299,2861.2245,HIT/DEFESA,-2.44,5
2022-11-28 05:00:00,134,1749.68,1750.29569,-12.843,4192.4242,BREAK/RUPTURA,9.59,5
2022-11-28 06:00:00,34,1751.52,1751.97482,26.619,1212.4324,HIT/DEFESA,9.43,5
2022-11-28 07:00:00,134,1749.49,1750.30162,-4.4565,1592.1569,BREAK/RUPTURA,11.15,5
2022-11-28 08:00:00,34,1751.74,1751.82753,11.7736,1797.2093,HIT/DEFESA,6.91,5
2022-11-28 09:00:00,34,1750.83,1751.77053,-3.9394,5164.7059,BREAK/RUPTURA,4.62,5
2022-11-28 09:00:00,134,1750.83,1750.33044,-3.9394,5164.7059,BREAK/RUPTURA,4.62,5
2022-11-28 15:00:00,34,1753.53,1753.57744,-40.383,4381.0256,HIT/DEFESA,-13.07,5
2022-11-29 05:00:00,134,1750.43,1749.70277,54.5685,856.3406,HIT/DEFESA,6.84,5
2022-11-29 15:00:00,34,1751.52,1751.09085,-21.8759,2466.4921,HIT/DEFESA,-0.04,5
2022-11-29 16:00:00,34,1751.96,1751.14052,-30.8414,24847.5,HIT/DEFESA,-1.66,5
2022-11-29 18:00:00,34,1751.58,1751.38273,0.3426,2340.6593,BREAK/RUPTURA,-1.76,5
2022-11-29 19:00:00,34,1750.99,1751.36029,-5.5367,7730.7692,HIT/DEFESA,-2.08,5
2022-11-29 19:00:00,134,1750.99,1750.48569,-5.5367,7730.7692,HIT/DEFESA,-2.08,5
2022-11-29 20:00:00,34,1751.48,1751.36713,-21.0236,7228.0702,HIT/DEFESA,-0.34,5
2022-11-29 20:00:00,134,1751.48,1750.50042,-21.0236,7228.0702,HIT/DEFESA,-0.34,5
2022-11-29 21:00:00,134,1750.3,1750.49745,-7.3077,3198.3193,BREAK/RUPTURA,2.54,5
2022-11-29 23:00:00,134,1749.82,1750.46132,-9.4777,1321.0526,BREAK/RUPTURA,4.95,5
2022-11-30 02:00:00,34,1751.14,1750.96772,13.896,1214.5631,HIT/DEFESA,2.69,5
2022-11-30 02:00:00,134,1751.14,1750.44874,13.896,1214.5631,HIT/DEFESA,2.69,5
2022-11-30 15:00:00,34,1755.12,1754.25894,-20.6397,2200.8803,BREAK/RUPTURA,5.14,5
2022-11-30 17:00:00,134,1752.59,1751.65265,-46.4569,2671.3953,BREAK/RUPTURA,17.27,5
2022-11-30 18:00:00,134,1752.23,1751.66121,-16.4661,18871.7949,BREAK/RUPTURA,16.12,5
2022-12-05 10:00:00,34,1797.8,1797.55858,-53.17,3350.9524,HIT/DEFESA,-5.22,5
2022-12-05 11:00:00,34,1796.83,1797.51695,-35.0498,5556.4356,HIT/DEFESA,-13.01,5
2022-12-05 14:00:00,34,1797.93,1797.225,6.1219,1459.8997,BREAK/RUPTURA,-28.07,5
2022-12-05 17:00:00,134,1777.9,1778.38302,-111.4059,2547.8405,HIT/DEFESA,-11.25,5
2022-12-06 13:00:00,34,1778.94,1779.38367,34.2949,997.6834,BREAK/RUPTURA,-6.92,5
2022-12-07 10:00:00,34,1775.45,1774.76476,13.3101,2429.3233,HIT/DEFESA,2.82,5
2022-12-07 10:00:00,134,1775.45,1775.641,13.3101,2429.3233,HIT/DEFESA,2.82,5
2022-12-07 14:00:00,34,1775.06,1774.37502,14.8384,1499.726,HIT/DEFESA,8.09,5
2022-12-07 14:00:00,134,1775.06,1775.48028,14.8384,1499.726,HIT/DEFESA,8.09,5
2022-12-12 02:00:00,34,1793.65,1793.83822,-7.7992,2530.9524,HIT/DEFESA,-6.74,5
2022-12-12 09:00:00,34,1791.23,1792.10401,21.8203,2047.1774,BREAK/RUPTURA,-1.84,5
2022-12-12 11:00:00,34,1792.28,1792.02711,19.9585,2448.3146,BREAK/RUPTURA,-4.16,5
2022-12-12 12:00:00,34,1792.41,1792.04899,6.5877,39370.0,BREAK/RUPTURA,-7.46,5
2022-12-12 17:00:00,134,1784.95,1785.60312,-24.8129,3007.837,HIT/DEFESA,-4.59,5
2022-12-13 03:00:00,134,1784.2,1785.16693,16.224,1752.5346,HIT/DEFESA,1.28,5
2022-12-13 04:00:00,134,1785.72,1785.17513,20.763,2278.1457,HIT/DEFESA,2.12,5
2022-12-13 07:00:00,134,1785.4,1785.10124,-1.792,1052.5952,BREAK/RUPTURA,1.84,5
2022-12-13 08:00:00,134,1785.48,1785.10685,16.7181,147800.0,HIT/DEFESA,2.02,5
2022-12-13 10:00:00,34,1785.73,1786.68098,1.8483,2713.5514,HIT/DEFESA,25.39,5
2022-12-13 10:00:00,134,1785.73,1785.15597,1.8483,2713.5514,HIT/DEFESA,25.39,5
2022-12-13 11:00:00,134,1784.6,1785.14774,-4.9286,4181.5789,BREAK/RUPTURA,37.38,5
2022-12-13 12:00:00,34,1787.24,1786.60081,-3.356,1697.7011,BREAK/RUPTURA,22.49,5
2022-12-13 13:00:00,34,1787.5,1786.65219,9.9119,14092.3077,HIT/DEFESA,21.4,5
2022-12-14 21:00:00,34,1805.41,1805.46182,-29.4905,4113.7019,HIT/DEFESA,-7.01,5
2022-12-15 02:00:00,34,1806.34,1805.76618,-1.0517,1727.9412,HIT/DEFESA,-13.61,5
2022-12-15 04:00:00,134,1793.88,1794.87575,-75.9566,892.1397,HIT/DEFESA,-4.95,5
2022-12-15 08:00:00,134,1795.48,1794.7715,13.4406,1413.6531,BREAK/RUPTURA,-16.59,5
2022-12-16 18:00:00,134,1788.45,1789.27944,17.2513,13667.8571,HIT/DEFESA,4.46,5
2022-12-19 15:00:00,34,1791.49,1790.71754,-23.8893,3250.2439,HIT/DEFESA,-2.49,5
2022-12-19 19:00:00,34,1790.03,1790.38707,-13.1111,2610.4167,HIT/DEFESA,-2.79,5
2022-12-19 19:00:00,134,1790.03,1790.22027,-13.1111,2610.4167,HIT/DEFESA,-2.79,5
2022-12-20 06:00:00,34,1790.37,1789.41824,20.9333,3697.7654,HIT/DEFESA,16.89,5
2022-12-20 06:00:00,134,1790.37,1789.9249,20.9333,3697.7654,HIT/DEFESA,16.89,5
2022-12-20 07:00:00,34,1788.78,1789.38177,7.4968,3775.625,HIT/DEFESA,17.77,5
2022-12-22 08:00:00,34,1814.69,1814.46962,-26.2714,1231.7204,BREAK/RUPTURA,1.18,5
2022-12-22 12:00:00,34,1814.61,1814.90209,-12.439,1871.25,HIT/DEFESA,-19.0,5
2022-12-22 13:00:00,34,1815.87,1814.9574,-11.2217,4071.6667,HIT/DEFESA,-20.46,5
2022-12-23 17:00:00,34,1800.53,1799.94799,19.0306,2079.2994,BREAK/RUPTURA,-2.85,5
2022-12-23 17:00:00,134,1800.53,1801.00564,19.0306,2079.2994,BREAK/RUPTURA,-2.85,5
2022-12-23 18:00:00,34,1800.57,1799.98354,35.1118,892500.0,BREAK/RUPTURA,-2.65,5
2022-12-23 18:00:00,134,1800.57,1800.99919,35.1118,892500.0,BREAK/RUPTURA,-2.65,5
2022-12-28 08:00:00,34,1810.04,1809.13365,-0.3315,8707.3171,HIT/DEFESA,-6.82,5
2022-12-28 13:00:00,134,1803.22,1804.20577,-0.2218,6260.0,HIT/DEFESA,-0.7,5
2022-12-28 19:00:00,34,1805.63,1806.50757,1.3294,2120.8333,HIT/DEFESA,0.14,5
2022-12-28 20:00:00,134,1803.63,1804.14498,29.4718,3097.5,HIT/DEFESA,2.72,5
2022-12-28 21:00:00,34,1805.29,1806.28296,15.3674,2445.7317,HIT/DEFESA,1.21,5
2022-12-28 22:00:00,134,1804.34,1804.16458,-7.1443,4559.375,BREAK/RUPTURA,3.35,5
2022-12-28 23:00:00,134,1804.16,1804.16451,2.9385,5966.6667,HIT/DEFESA,3.41,5
2022-12-29 01:00:00,34,1805.77,1806.04056,2.6589,534.2629,HIT/DEFESA,3.2,5
2022-12-29 02:00:00,34,1806.35,1806.05825,11.1398,3243.662,HIT/DEFESA,3.19,5
2022-12-29 03:00:00,34,1806.5,1806.08349,12.97,35250.0,HIT/DEFESA,1.83,5
2022-12-29 12:00:00,134,1805.32,1804.72724,-5.2041,1221.8935,BREAK/RUPTURA,8.29,5
2022-12-29 13:00:00,34,1806.74,1806.85439,-17.3492,3112.5874,BREAK/RUPTURA,8.89,5
2022-12-29 14:00:00,34,1806.83,1806.853,-10.4494,111525.0,BREAK/RUPTURA,12.07,5
2022-12-30 18:00:00,34,1816.22,1815.22029,-30.0818,3726.8182,BREAK/RUPTURA,13.18,5
2023-01-05 08:00:00,34,1850.75,1850.30542,-13.9209,2249.1979,HIT/DEFESA,-4.43,5
2023-01-05 09:00:00,34,1849.44,1850.25597,-13.9847,4124.0,HIT/DEFESA,-4.04,5
2023-01-05 12:00:00,34,1849.09,1849.90459,-1.8925,11365.7895,HIT/DEFESA,-22.29,5
2023-01-05 22:00:00,134,1833.11,1832.33241,-4.0352,2950.0,BREAK/RUPTURA,5.1,5
2023-01-05 23:00:00,134,1832.69,1832.33771,-17.3759,2511.1111,BREAK/RUPTURA,6.61,5
2023-01-06 01:00:00,134,1832.84,1832.34515,-8.1229,424.5399,BREAK/RUPTURA,5.15,5
2023-01-10 14:00:00,34,1871.75,1870.87224,-27.0138,2273.6842,BREAK/RUPTURA,2.53,5
2023-01-10 18:00:00,34,1871.59,1871.66787,-9.5016,1855.1313,BREAK/RUPTURA,5.31,5
2023-01-11 03:00:00,34,1873.03,1873.3765,-20.6191,834.6856,BREAK/RUPTURA,7.7,5
2023-01-11 14:00:00,34,1877.16,1877.05191,-39.8478,1096.0549,HIT/DEFESA,-3.31,5
2023-01-11 22:00:00,34,1876.5,1876.34982,14.142,3562.9032,HIT/DEFESA,7.17,5
2023-01-11 23:00:00,34,1875.51,1876.30183,-12.1419,2097.1154,BREAK/RUPTURA,8.04,5
2023-01-12 01:00:00,34,1876.92,1876.33715,-4.2073,1039.6825,BREAK/RUPTURA,7.51,5
2023-01-12 16:00:00,34,1882.42,1881.4215,-14.9053,1106.7787,BREAK/RUPTURA,15.38,5
2023-01-17 03:00:00,34,1913.02,1913.12157,-6.6343,1542.9389,HIT/DEFESA,-5.87,5
2023-01-17 17:00:00,34,1911.07,1911.56174,8.6414,5255.9184,BREAK/RUPTURA,-1.91,5
2023-01-17 18:00:00,34,1912.12,1911.59364,-4.7569,6956.3107,HIT/DEFESA,-3.63,5
2023-01-18 09:00:00,34,1907.76,1907.83319,43.6966,1949.3902,HIT/DEFESA,9.6,5
2023-01-19 05:00:00,34,1909.01,1908.44287,20.4187,2356.3452,HIT/DEFESA,3.59,5
2023-01-19 08:00:00,34,1908.57,1908.59935,-2.3049,3693.007,HIT/DEFESA,-0.45,5
2023-01-19 12:00:00,34,1909.56,1909.0848,-9.2083,6638.3721,BREAK/RUPTURA,8.47,5
2023-01-19 13:00:00,34,1908.12,1909.02967,-23.4236,3434.0278,BREAK/RUPTURA,12.67,5
2023-01-19 14:00:00,34,1908.09,1908.97597,-12.0917,113640.0,BREAK/RUPTURA,11.97,5
2023-01-20 23:00:00,34,1925.12,1924.3833,-22.4416,921.9512,BREAK/RUPTURA,5.51,5
2023-01-23 11:00:00,34,1925.95,1925.63828,17.1117,2374.4898,BREAK/RUPTURA,-9.33,5
2023-01-23 12:00:00,34,1926.35,1925.67895,31.61,12315.7895,BREAK/RUPTURA,-3.37,5
2023-01-23 13:00:00,34,1925.55,1925.67158,8.4723,5727.8481,BREAK/RUPTURA,-3.33,5
2023-01-23 14:00:00,34,1926.65,1925.72749,3.6346,4604.4643,BREAK/RUPTURA,-2.73,5
2023-01-23 19:00:00,34,1923.92,1924.68841,38.0879,3866.8639,HIT/DEFESA,7.3,5
2023-01-24 15:00:00,34,1932.44,1931.57624,-30.9013,2227.6995,BREAK/RUPTURA,2.5,5
2023-01-25 08:00:00,34,1933.43,1932.79518,8.904,580.0338,BREAK/RUPTURA,-7.52,5
2023-01-25 15:00:00,134,1922.3,1922.89635,-17.0338,2267.6399,BREAK/RUPTURA,17.7,5
2023-01-25 16:00:00,34,1930.71,1930.62761,24.9233,1462.2328,HIT/DEFESA,11.62,5
2023-01-26 15:00:00,34,1937.63,1938.60378,4.6987,13211.4583,BREAK/RUPTURA,-7.9,5
2023-01-26 23:00:00,134,1929.04,1928.35688,-3.5756,2629.6875,HIT/DEFESA,-4.35,5
2023-01-27 02:00:00,34,1933.77,1934.62417,21.2472,1284.8101,BREAK/RUPTURA,-8.68,5
2023-01-27 12:00:00,134,1928.57,1928.03912,28.4437,1288.4106,BREAK/RUPTURA,-4.47,5
2023-01-27 14:00:00,34,1930.68,1930.49881,26.4855,8883.3333,BREAK/RUPTURA,-2.13,5
2023-01-27 15:00:00,134,1928.85,1928.12104,1.4519,5368.5083,HIT/DEFESA,1.39,5
2023-01-27 18:00:00,34,1929.63,1929.66991,4.0439,1648.0427,BREAK/RUPTURA,-2.21,5
2023-01-27 19:00:00,134,1928.55,1928.02614,26.2542,6550.4762,HIT/DEFESA,0.3,5
2023-01-27 20:00:00,34,1930.24,1929.64215,31.911,2986.4706,BREAK/RUPTURA,-1.67,5
2023-01-27 21:00:00,34,1929.91,1929.65745,1.4511,8621.2121,BREAK/RUPTURA,-2.18,5
2023-01-27 23:00:00,134,1927.42,1928.05275,-14.6096,1646.4286,HIT/DEFESA,-1.17,5
2023-01-30 01:00:00,34,1928.85,1929.32834,-5.4925,2532.6923,BREAK/RUPTURA,4.55,5
2023-01-30 01:00:00,134,1928.85,1928.06456,-5.4925,2532.6923,BREAK/RUPTURA,4.55,5
2023-01-30 02:00:00,34,1928.57,1929.285,10.9527,12837.1429,HIT/DEFESA,2.84,5
2023-01-30 02:00:00,134,1928.57,1928.07205,10.9527,12837.1429,HIT/DEFESA,2.84,5
2023-01-30 03:00:00,134,1927.73,1928.06698,1.6084,5910.4651,HIT/DEFESA,3.24,5
2023-01-30 15:00:00,34,1929.14,1928.25135,-7.9765,2846.2295,HIT/DEFESA,-6.4,5
2023-01-31 03:00:00,34,1925.15,1926.03025,10.6599,2775.3086,BREAK/RUPTURA,-9.65,5
2023-01-31 04:00:00,34,1925.49,1925.99938,17.7933,18815.3846,BREAK/RUPTURA,-11.08,5
2023-01-31 15:00:00,34,1919.63,1919.15174,77.5914,1138.4058,HIT/DEFESA,9.74,5
2023-01-31 16:00:00,134,1924.65,1924.97948,107.288,2650.6903,HIT/DEFESA,4.09,5
2023-02-01 04:00:00,134,1925.29,1925.42818,-10.4809,2269.7297,HIT/DEFESA,-0.36,5
2023-02-01 06:00:00,134,1925.74,1925.45253,-7.3165,3096.1538,HIT/DEFESA,-0.7,5
2023-02-01 07:00:00,134,1926.07,1925.46168,4.0513,9697.2973,HIT/DEFESA,0.39,5
2023-02-01 09:00:00,34,1924.93,1924.10778,-4.2062,2799.4709,BREAK/RUPTURA,4.77,5
2023-02-01 09:00:00,134,1924.93,1925.47363,-4.2062,2799.4709,BREAK/RUPTURA,4.77,5
2023-02-01 10:00:00,134,1925.72,1925.47728,-1.8172,7655.6962,BREAK/RUPTURA,3.55,5
2023-02-01 11:00:00,34,1925.04,1924.24791,-9.238,7714.2857,BREAK/RUPTURA,2.65,5
2023-02-01 11:00:00,134,1925.04,1925.4708,-9.238,7714.2857,BREAK/RUPTURA,2.65,5
2023-02-01 12:00:00,134,1926.46,1925.48545,7.9483,3089.1892,HIT/DEFESA,5.42,5
2023-02-01 18:00:00,34,1925.14,1925.65304,-21.4071,1237.7219,BREAK/RUPTURA,25.03,5
2023-02-01 18:00:00,134,1925.14,1925.76296,-21.4071,1237.7219,BREAK/RUPTURA,25.03,5
2023-02-01 19:00:00,34,1925.61,1925.65058,-10.7901,19027.6596,BREAK/RUPTURA,27.43,5
2023-02-01 19:00:00,134,1925.61,1925.76069,-10.7901,19027.6596,BREAK/RUPTURA,27.43,5
2023-02-07 09:00:00,34,1876.2,1876.38041,16.4432,3226.9663,BREAK/RUPTURA,-5.74,5
2023-02-07 18:00:00,34,1874.56,1874.7616,25.0283,1990.4277,BREAK/RUPTURA,-1.75,5
2023-02-08 21:00:00,34,1876.18,1876.76806,3.8391,2725.0,HIT/DEFESA,0.75,5
2023-02-09 03:00:00,34,1876.93,1876.41067,8.9054,1938.4906,HIT/DEFESA,3.92,5
2023-02-09 15:00:00,134,1889.56,1888.91718,20.523,1353.6193,BREAK/RUPTURA,-23.21,5
2023-02-09 16:00:00,34,1879.34,1879.49334,-15.0358,1164.4118,HIT/DEFESA,-17.46,5
2023-02-10 15:00:00,34,1866.95,1867.76911,21.5789,3669.4631,BREAK/RUPTURA,-4.92,5
2023-02-10 23:00:00,34,1865.76,1865.74654,20.0319,840.2597,BREAK/RUPTURA,-6.97,5
2023-02-13 09:00:00,34,1863.93,1863.91061,32.834,3845.2381,BREAK/RUPTURA,-3.21,5
2023-02-13 13:00:00,34,1862.19,1863.11302,-1.235,1404.2373,HIT/DEFESA,-10.95,5
2023-02-14 05:00:00,34,1858.1,1858.60753,10.3438,3782.2581,HIT/DEFESA,2.01,5
2023-02-14 06:00:00,34,1858.2,1858.58425,8.564,22250.0,HIT/DEFESA,4.32,5
2023-02-14 09:00:00,34,1858.71,1858.81572,2.7446,1355.5874,HIT/DEFESA,1.34,5
2023-02-14 12:00:00,34,1859.11,1859.09786,2.152,1121.345,BREAK/RUPTURA,-6.85,5
2023-02-14 14:00:00,34,1860.05,1859.05217,-13.2616,1638.3513,HIT/DEFESA,-10.34,5
2023-02-16 09:00:00,34,1841.27,1841.50926,10.6017,1154.4148,BREAK/RUPTURA,-1.35,5
2023-02-16 14:00:00,34,1839.92,1840.55975,24.2445,1657.0312,HIT/DEFESA,2.5,5
2023-02-20 09:00:00,134,1845.98,1846.70201,18.6155,1718.932,BREAK/RUPTURA,-3.15,5
2023-02-20 15:00:00,134,1846.34,1846.48522,15.8401,1498.2659,BREAK/RUPTURA,-5.29,5
2023-02-20 16:00:00,134,1846.41,1846.4841,8.673,63971.4286,BREAK/RUPTURA,-5.23,5
2023-02-20 19:00:00,34,1840.8,1840.50687,-30.3833,989.5288,BREAK/RUPTURA,1.43,5
2023-02-20 21:00:00,34,1841.18,1840.5746,-8.303,842.8571,HIT/DEFESA,-2.84,5
2023-02-21 01:00:00,34,1841.63,1840.63491,4.5089,2771.4286,BREAK/RUPTURA,-2.54,5
2023-02-21 02:00:00,34,1841.58,1840.68891,2.8788,48380.0,BREAK/RUPTURA,-1.91,5
2023-02-21 04:00:00,34,1841.31,1840.80743,-1.7376,2855.102,HIT/DEFESA,-6.61,5
2023-02-21 07:00:00,34,1839.67,1840.52456,-8.9067,4712.5,HIT/DEFESA,-6.45,5
2023-02-21 17:00:00,34,1838.79,1838.27519,30.5478,3903.3505,BREAK/RUPTURA,-4.08,5
2023-02-22 02:00:00,34,1836.91,1837.05047,11.991,2296.1538,HIT/DEFESA,0.01,5
2023-02-22 04:00:00,34,1835.96,1836.94449,2.3426,17673.913,HIT/DEFESA,3.91,5
2023-02-22 05:00:00,34,1836.14,1836.89852,-4.1918,12704.1667,HIT/DEFESA,-1.37,5
2023-02-22 06:00:00,34,1836.48,1836.8746,1.307,5506.0606,BREAK/RUPTURA,-2.46,5
2023-02-22 07:00:00,34,1836.92,1836.8772,5.2289,6560.4651,BREAK/RUPTURA,-3.48,5
2023-02-22 14:00:00,134,1841.61,1842.07848,41.3845,2887.037,BREAK/RUPTURA,-8.45,5
2023-02-22 17:00:00,34,1836.02,1836.89201,-30.3539,107858.3333,HIT/DEFESA,-11.26,5
2023-02-23 08:00:00,34,1832.1,1832.14579,22.8127,1345.5696,BREAK/RUPTURA,-5.64,5
2023-02-24 02:00:00,34,1826.43,1827.24636,16.068,1495.7447,BREAK/RUPTURA,-1.84,5
2023-02-27 15:00:00,34,1815.23,1814.37712,25.3502,2444.6475,HIT/DEFESA,3.62,5
2023-02-27 17:00:00,34,1815.38,1814.61992,21.9166,4295.8678,HIT/DEFESA,1.87,5
2023-02-28 02:00:00,34,1816.49,1815.66096,-4.1821,3113.0435,HIT/DEFESA,-3.11,5
2023-02-28 05:00:00,34,1814.93,1815.81729,-8.588,692.4658,HIT/DEFESA,-4.3,5
2023-02-28 08:00:00,34,1815.74,1815.60854,4.463,1181.0127,BREAK/RUPTURA,-6.7,5
2023-02-28 15:00:00,34,1814.02,1813.86907,27.6947,1559.7872,HIT/DEFESA,14.14,5
2023-02-28 17:00:00,134,1824.15,1823.31176,82.3546,2434.0659,HIT/DEFESA,2.33,5
2023-03-01 02:00:00,134,1823.42,1823.7112,-16.7535,1565.445,BREAK/RUPTURA,7.69,5
2023-03-02 03:00:00,34,1833.07,1832.14858,-19.0029,2029.5019,HIT/DEFESA,-0.88,5
2023-03-02 08:00:00,34,1832.19,1832.51006,-7.0358,1766.4286,BREAK/RUPTURA,4.5,5
2023-03-02 11:00:00,34,1831.94,1832.51093,-1.3645,2689.604,BREAK/RUPTURA,4.78,5
2023-03-02 12:00:00,34,1831.65,1832.46173,0.1638,18555.5556,HIT/DEFESA,4.94,5
2023-03-02 14:00:00,34,1832.49,1832.69115,3.0023,1388.1235,HIT/DEFESA,1.26,5
2023-03-02 15:00:00,34,1832.25,1832.66595,3.2757,30180.6452,HIT/DEFESA,3.62,5
2023-03-02 19:00:00,34,1833.75,1833.30427,-16.1701,2216.8067,BREAK/RUPTURA,4.06,5
2023-03-06 13:00:00,34,1848.46,1848.38397,-26.7613,3021.3018,BREAK/RUPTURA,3.19,5
2023-03-07 03:00:00,34,1847.87,1848.40491,6.3898,1784.0,BREAK/RUPTURA,-1.06,5
2023-03-07 05:00:00,34,1847.54,1848.39347,9.1557,2109.6154,BREAK/RUPTURA,-1.16,5
2023-03-07 06:00:00,34,1847.37,1848.33499,-2.7058,10093.75,HIT/DEFESA,-3.57,5
2023-03-07 07:00:00,34,1847.42,1848.2827,-9.1395,32457.1429,HIT/DEFESA,-4.43,5
2023-03-07 09:00:00,34,1848.47,1848.21406,5.9544,2533.5329,BREAK/RUPTURA,-8.82,5
2023-03-07 14:00:00,134,1839.65,1840.19417,-22.5079,1938.326,HIT/DEFESA,-22.57,5
2023-03-09 10:00:00,34,1817.14,1817.63993,11.4045,2289.1775,HIT/DEFESA,8.03,5
2023-03-09 11:00:00,34,1817.0,1817.60336,19.9075,22114.2857,HIT/DEFESA,14.4,5
2023-03-09 12:00:00,34,1818.04,1817.62831,17.6324,2775.5556,HIT/DEFESA,10.65,5
2023-03-09 14:00:00,34,1817.92,1817.70864,5.0633,3938.8235,HIT/DEFESA,11.43,5
2023-03-09 17:00:00,134,1828.69,1828.00635,59.2435,3932.4723,HIT/DEFESA,1.87,5
2023-03-10 05:00:00,134,1829.23,1828.41521,-26.2263,28750.0,BREAK/RUPTURA,5.91,5
2023-03-15 07:00:00,34,1901.78,1900.93861,-10.0856,1954.5455,HIT/DEFESA,-5.4,5
2023-03-15 08:00:00,34,1900.18,1900.89526,-22.9451,2038.7879,BREAK/RUPTURA,8.43,5
2023-03-15 09:00:00,34,1900.39,1900.86639,-13.1904,18750.0,BREAK/RUPTURA,17.72,5
2023-03-16 04:00:00,34,1911.05,1911.50981,-47.9623,3547.6596,BREAK/RUPTURA,5.63,5
2023-03-16 05:00:00,34,1911.41,1911.50411,-50.8542,17890.0,BREAK/RUPTURA,5.29,5
2023-03-16 20:00:00,34,1916.27,1916.53065,-32.7168,6817.1429,BREAK/RUPTURA,5.07,5
2023-03-21 09:00:00,34,1973.32,1974.05361,-52.8279,520.0436,HIT/DEFESA,-7.02,5
2023-03-22 07:00:00,134,1939.33,1938.42156,-23.3041,9576.9231,BREAK/RUPTURA,4.77,5
2023-03-22 19:00:00,34,1949.08,1949.19637,31.9114,3544.7514,HIT/DEFESA,16.44,5
2023-03-24 19:00:00,34,1986.88,1986.17203,-13.4703,48260.0,HIT/DEFESA,-13.09,5
2023-03-28 04:00:00,134,1962.59,1962.52674,27.2832,1987.9257,BREAK/RUPTURA,-7.59,5
2023-03-29 06:00:00,34,1966.45,1966.23254,-20.0467,1332.0197,HIT/DEFESA,-2.15,5
2023-03-29 07:00:00,34,1966.14,1966.22725,-15.1337,8466.6667,BREAK/RUPTURA,1.25,5
2023-03-29 08:00:00,134,1963.04,1963.34907,-27.3316,1124.1158,BREAK/RUPTURA,4.76,5
2023-03-29 11:00:00,134,1964.3,1963.32012,6.4186,1446.5385,HIT/DEFESA,1.37,5
2023-03-29 14:00:00,34,1966.72,1965.79576,12.3199,4298.0392,BREAK/RUPTURA,-1.65,5
2023-03-29 15:00:00,34,1964.86,1965.74229,-12.8597,4300.5376,BREAK/RUPTURA,4.17,5
2023-03-29 16:00:00,34,1965.67,1965.73816,-10.8243,11142.5,BREAK/RUPTURA,1.24,5
2023-03-29 19:00:00,34,1965.07,1965.66435,-3.0524,1386.646,HIT/DEFESA,-0.76,5
2023-03-29 21:00:00,34,1966.91,1965.91686,25.7409,1546.9194,BREAK/RUPTURA,-5.53,5
2023-03-29 22:00:00,134,1963.13,1963.74341,-9.8724,990.4,HIT/DEFESA,-4.02,5
2023-03-29 23:00:00,134,1964.49,1963.75447,-23.057,945.1128,HIT/DEFESA,-6.16,5
2023-03-30 01:00:00,134,1964.31,1963.7627,-13.2187,2706.1224,HIT/DEFESA,-4.76,5
2023-03-30 02:00:00,134,1963.17,1963.75392,0.2038,1170.4348,BREAK/RUPTURA,-2.35,5
2023-03-30 08:00:00,34,1964.58,1964.06269,31.9149,1049.7354,HIT/DEFESA,4.27,5
2023-03-31 10:00:00,34,1975.27,1974.6224,-28.069,631.9507,BREAK/RUPTURA,4.34,5
2023-03-31 11:00:00,34,1975.16,1974.65312,-19.5046,44508.3333,BREAK/RUPTURA,4.5,5
2023-03-31 19:00:00,34,1977.13,1976.26758,-12.78,2067.9688,HIT/DEFESA,-14.65,5
2023-03-31 23:00:00,134,1968.71,1968.96035,6.862,1100.9259,BREAK/RUPTURA,-16.19,5
2023-04-03 11:00:00,34,1965.79,1966.72103,61.7281,1004.4888,HIT/DEFESA,10.16,5
2023-04-03 12:00:00,34,1966.12,1966.68669,58.2689,10211.1111,HIT/DEFESA,19.94,5
2023-04-06 08:00:00,34,2015.62,2014.94554,23.3225,1368.1159,HIT/DEFESA,4.68,5
2023-04-10 04:00:00,134,1997.07,1997.20082,-40.6936,3903.9683,HIT/DEFESA,-1.24,5
2023-04-10 10:00:00,134,1997.45,1996.90341,26.4534,1695.7831,BREAK/RUPTURA,-7.95,5
2023-04-10 11:00:00,134,1997.32,1996.90958,14.2895,38457.1429,BREAK/RUPTURA,-9.26,5
2023-04-11 05:00:00,34,1997.72,1997.12811,26.6511,631.6514,HIT/DEFESA,4.34,5
2023-04-11 06:00:00,34,1997.53,1997.15107,21.925,12147.0588,HIT/DEFESA,7.07,5
2023-04-11 15:00:00,34,1998.57,1998.9296,-29.8321,3222.5806,BREAK/RUPTURA,7.0,5
2023-04-12 16:00:00,34,2007.8,2007.88283,-4.9781,1131.5501,BREAK/RUPTURA,7.96,5
2023-04-12 17:00:00,34,2006.98,2007.83124,-4.1836,16491.6667,BREAK/RUPTURA,6.69,5
2023-04-12 19:00:00,34,2007.89,2007.72678,0.4483,2566.0287,HIT/DEFESA,7.3,5
2023-04-14 14:00:00,34,2033.28,2034.09876,-11.9369,1202.6,HIT/DEFESA,-33.72,5
2023-04-18 11:00:00,34,2003.2,2002.65085,13.4466,6117.7778,BREAK/RUPTURA,-4.11,5
2023-04-18 13:00:00,34,2003.49,2002.62279,5.9931,1906.087,HIT/DEFESA,4.98,5
2023-04-18 17:00:00,134,2009.19,2008.3464,26.3485,1364.1584,BREAK/RUPTURA,-5.08,5
2023-04-18 18:00:00,134,2008.47,2008.34823,35.8769,12433.3333,BREAK/RUPTURA,-3.28,5
2023-04-18 20:00:00,34,2004.09,2003.39589,-25.3834,1469.9346,BREAK/RUPTURA,1.68,5
2023-04-18 22:00:00,34,2004.11,2003.54037,-14.9966,2878.5124,HIT/DEFESA,-0.66,5
2023-04-19 03:00:00,134,2007.31,2008.03409,10.5726,2049.0196,BREAK/RUPTURA,-6.88,5
2023-04-19 04:00:00,34,2003.45,2004.018,-10.0226,1408.8542,HIT/DEFESA,-12.43,5
2023-04-19 05:00:00,34,2004.15,2004.02555,-8.0767,6732.3529,HIT/DEFESA,-12.84,5
2023-04-19 06:00:00,34,2003.39,2003.98923,-19.5286,4044.0,HIT/DEFESA,-23.38,5
2023-04-19 07:00:00,34,2003.86,2003.98184,2.0465,5818.4211,BREAK/RUPTURA,-29.8,5
2023-04-19 22:00:00,34,1994.46,1994.93785,-7.6153,1980.2139,BREAK/RUPTURA,1.22,5
2023-04-19 23:00:00,34,1994.93,1994.9374,4.9149,3674.4681,BREAK/RUPTURA,-3.14,5
2023-04-20 01:00:00,34,1994.47,1994.91069,-9.5173,5100.0,HIT/DEFESA,-1.71,5
2023-04-20 03:00:00,34,1995.57,1994.88368,3.2081,1921.875,BREAK/RUPTURA,-1.29,5
2023-04-20 04:00:00,34,1995.68,1994.92918,6.0668,49316.6667,HIT/DEFESA,3.49,5
2023-04-20 08:00:00,34,1994.28,1994.51144,12.5013,2579.2453,HIT/DEFESA,9.31,5
2023-04-20 18:00:00,134,2002.57,2002.40853,-21.0783,8251.4019,BREAK/RUPTURA,2.07,5
2023-04-20 22:00:00,134,2003.19,2002.57921,-13.2114,1626.7176,HIT/DEFESA,-1.16,5
2023-04-21 04:00:00,134,2002.03,2002.69619,-13.0198,1916.4706,HIT/DEFESA,-15.73,5
2023-04-21 05:00:00,134,2002.98,2002.7004,-11.4199,3267.0213,HIT/DEFESA,-16.22,5
2023-04-21 06:00:00,134,2002.09,2002.69136,-12.1724,3123.2558,HIT/DEFESA,-13.79,5
2023-04-21 07:00:00,34,2000.56,2000.75779,-7.3425,1331.3333,HIT/DEFESA,-14.42,5
2023-04-24 11:00:00,34,1985.08,1985.84778,33.004,2431.1203,BREAK/RUPTURA,-7.19,5
2023-04-24 18:00:00,34,1984.79,1984.78137,4.6374,3618.8596,HIT/DEFESA,4.21,5
2023-04-25 02:00:00,134,1994.99,1994.24104,31.4269,756.4516,BREAK/RUPTURA,-3.94,5
2023-04-25 05:00:00,134,1994.76,1994.32842,-1.1529,2165.2361,HIT/DEFESA,-4.51,5
2023-04-25 09:00:00,134,1994.29,1994.27615,7.3765,4909.322,BREAK/RUPTURA,-16.65,5
2023-04-25 10:00:00,34,1990.25,1989.38226,-4.018,2178.7654,BREAK/RUPTURA,2.71,5
2023-04-25 11:00:00,34,1988.54,1989.33413,-34.7786,3758.2353,HIT/DEFESA,-3.4,5
2023-04-25 15:00:00,134,1992.96,1993.61757,24.2438,811.5885,HIT/DEFESA,6.05,5
2023-04-26 06:00:00,134,1994.08,1993.91131,-18.7204,954.9199,BREAK/RUPTURA,3.57,5
2023-04-27 04:00:00,34,1992.64,1992.99937,12.8638,5085.8491,HIT/DEFESA,9.38,5
2023-04-28 04:00:00,34,1990.39,1990.83776,18.1701,1512.7753,BREAK/RUPTURA,-4.57,5
2023-04-28 05:00:00,34,1990.52,1990.8196,17.8664,69233.3333,BREAK/RUPTURA,-8.11,5
2023-04-28 17:00:00,134,1992.41,1991.88455,46.0855,2374.7029,BREAK/RUPTURA,-3.29,5
2023-04-28 18:00:00,134,1991.75,1991.88255,37.9494,16531.746,BREAK/RUPTURA,-2.12,5
2023-04-28 19:00:00,134,1991.52,1991.87718,24.9173,33440.0,BREAK/RUPTURA,-2.38,5
2023-04-28 21:00:00,34,1988.92,1988.67747,-14.2086,2465.5172,HIT/DEFESA,-5.02,5
2023-04-28 22:00:00,34,1989.12,1988.70276,-12.0511,21504.5455,HIT/DEFESA,-7.16,5
2023-04-28 23:00:00,34,1989.63,1988.75574,-5.1742,4606.9767,HIT/DEFESA,-7.0,5
2023-05-01 01:00:00,34,1989.14,1988.7777,1.1061,1366.2162,BREAK/RUPTURA,-5.82,5
2023-05-02 09:00:00,34,1984.71,1984.46514,13.1173,2467.0,HIT/DEFESA,1.69,5
2023-05-02 12:00:00,34,1984.13,1984.11572,-2.9223,2265.0177,BREAK/RUPTURA,24.14,5
2023-05-02 13:00:00,134,1988.26,1988.5295,35.0778,1246.6184,HIT/DEFESA,26.18,5
2023-05-08 03:00:00,134,2018.04,2018.0575,7.637,1505.8824,HIT/DEFESA,2.81,5
2023-05-08 15:00:00,34,2026.04,2025.11862,16.7602,2345.6233,BREAK/RUPTURA,-2.2,5
2023-05-08 16:00:00,34,2024.86,2025.10385,3.7053,10201.6529,BREAK/RUPTURA,-3.35,5
2023-05-08 17:00:00,34,2024.99,2025.09734,13.4997,82742.8571,BREAK/RUPTURA,-4.65,5
2023-05-09 03:00:00,134,2020.1,2019.39045,-4.5522,2550.0,BREAK/RUPTURA,5.9,5
2023-05-09 05:00:00,34,2023.72,2023.9064,12.2202,3233.3333,HIT/DEFESA,0.94,5
2023-05-09 06:00:00,34,2024.86,2023.96089,23.5632,2423.1481,HIT/DEFESA,0.47,5
2023-05-09 09:00:00,34,2024.16,2024.16641,-3.457,2545.0,BREAK/RUPTURA,6.91,5
2023-05-09 10:00:00,34,2024.66,2024.19462,-4.7393,15052.1739,BREAK/RUPTURA,2.25,5
2023-05-09 17:00:00,34,2026.06,2025.6243,-24.6668,2453.222,BREAK/RUPTURA,8.18,5
2023-05-10 07:00:00,34,2030.7,2029.70469,-10.3306,2173.4694,HIT/DEFESA,-1.67,5
2023-05-10 08:00:00,34,2029.02,2029.66557,-11.2735,1904.6784,BREAK/RUPTURA,2.23,5
2023-05-10 14:00:00,34,2029.28,2029.83499,3.8452,2845.641,BREAK/RUPTURA,-1.5,5
2023-05-10 18:00:00,134,2025.01,2024.28513,-100.7035,3289.0511,BREAK/RUPTURA,4.76,5
2023-05-10 20:00:00,34,2030.81,2030.54457,8.4767,3294.898,HIT/DEFESA,0.62,5
2023-05-10 22:00:00,34,2030.93,2030.65525,15.5342,4971.6535,HIT/DEFESA,2.54,5
2023-05-10 23:00:00,34,2029.77,2030.60466,-5.1211,1110.5263,BREAK/RUPTURA,2.41,5
2023-05-11 01:00:00,34,2030.91,2030.62211,-6.2986,906.1856,BREAK/RUPTURA,1.42,5
2023-05-11 07:00:00,34,2031.08,2031.19877,-11.7533,1981.6,HIT/DEFESA,-4.13,5
2023-05-11 08:00:00,34,2032.2,2031.25598,0.0984,2993.75,BREAK/RUPTURA,-3.18,5
2023-05-11 10:00:00,134,2025.64,2025.60555,-26.7838,4525.8242,BREAK/RUPTURA,11.82,5
2023-05-11 13:00:00,34,2029.02,2030.01164,16.6861,2623.9819,BREAK/RUPTURA,-15.41,5
2023-05-12 20:00:00,34,2014.45,2015.41684,16.1595,6708.3333,BREAK/RUPTURA,-4.86,5
2023-05-12 21:00:00,34,2014.36,2015.35645,24.1851,34250.0,BREAK/RUPTURA,-2.4,5
2023-05-15 05:00:00,34,2013.51,2014.33316,19.5065,1197.7667,HIT/DEFESA,4.88,5
2023-05-15 06:00:00,34,2013.96,2014.31183,9.9406,5839.5833,HIT/DEFESA,3.45,5
2023-05-15 07:00:00,34,2014.17,2014.30373,-16.4561,6820.8333,BREAK/RUPTURA,2.16,5
2023-05-15 13:00:00,34,2014.7,2014.99665,-18.2819,2215.1515,BREAK/RUPTURA,2.99,5
2023-05-15 19:00:00,134,2020.23,2019.58504,-2.7217,1632.1429,HIT/DEFESA,-4.29,5
2023-05-15 22:00:00,34,2014.97,2015.76849,-26.0366,10943.4783,BREAK/RUPTURA,2.66,5
2023-05-16 01:00:00,34,2015.94,2015.80262,5.6581,3560.0,HIT/DEFESA,0.98,5
2023-05-16 03:00:00,34,2015.69,2015.72223,-2.6287,1899.2,HIT/DEFESA,-3.01,5
2023-05-16 06:00:00,34,2016.92,2015.95373,6.1021,54525.0,BREAK/RUPTURA,-6.8,5
2023-05-16 07:00:00,34,2016.18,2015.96666,-7.1866,2141.6667,HIT/DEFESA,-6.65,5
2023-05-19 12:00:00,34,1967.66,1967.9775,16.4424,1622.7891,BREAK/RUPTURA,-9.13,5
2023-05-22 08:00:00,34,1973.09,1972.91526,-25.3778,1447.0405,BREAK/RUPTURA,5.05,5
2023-05-22 17:00:00,34,1973.36,1974.10613,2.1288,8715.2542,BREAK/RUPTURA,-1.26,5
2023-05-22 19:00:00,34,1974.54,1974.04331,15.1149,2652.2167,BREAK/RUPTURA,-3.24,5
2023-05-22 20:00:00,34,1974.95,1974.09512,8.0573,15781.8182,BREAK/RUPTURA,-5.18,5
2023-05-23 18:00:00,34,1967.37,1966.79004,43.8026,6505.1095,HIT/DEFESA,7.63,5
2023-05-24 07:00:00,134,1977.6,1978.59043,19.0999,2071.5517,BREAK/RUPTURA,-1.51,5
2023-05-24 08:00:00,134,1979.48,1978.60361,31.6231,2204.9724,BREAK/RUPTURA,-2.85,5
2023-05-24 09:00:00,34,1971.77,1971.57543,-23.7798,949.6114,BREAK/RUPTURA,10.15,5
2023-05-24 16:00:00,34,1972.62,1973.35444,-20.2871,1713.2231,HIT/DEFESA,-12.79,5
2023-05-26 11:00:00,34,1952.6,1951.99287,20.1162,1400.8403,BREAK/RUPTURA,-5.77,5
2023-05-26 14:00:00,34,1951.45,1952.12041,-5.8896,1987.6238,HIT/DEFESA,-7.38,5
2023-05-29 08:00:00,34,1946.91,1947.59264,9.7686,2654.5455,BREAK/RUPTURA,-1.34,5
2023-05-29 14:00:00,34,1946.3,1947.02007,4.7806,3711.3924,BREAK/RUPTURA,-2.81,5
2023-05-29 16:00:00,34,1946.6,1947.09682,5.2941,2874.5614,BREAK/RUPTURA,-3.54,5
2023-05-29 17:00:00,34,1947.03,1947.093,3.7507,9618.6047,BREAK/RUPTURA,-3.99,5
2023-05-30 04:00:00,34,1944.98,1945.72937,9.9844,2552.1368,BREAK/RUPTURA,-8.1,5
2023-05-30 05:00:00,34,1945.37,1945.70883,19.8298,12692.3077,BREAK/RUPTURA,-3.02,5
2023-05-30 13:00:00,134,1955.44,1955.68583,67.3926,2660.4743,HIT/DEFESA,6.68,5
2023-05-30 15:00:00,134,1956.39,1955.76201,17.6144,2557.5597,HIT/DEFESA,2.24,5
2023-05-31 05:00:00,134,1956.19,1956.19897,-12.2027,3706.0606,HIT/DEFESA,-0.1,5
2023-05-31 10:00:00,134,1956.09,1956.45799,-20.3054,1715.7647,BREAK/RUPTURA,6.64,5
2023-05-31 11:00:00,34,1955.36,1954.57766,-46.0191,7659.2105,BREAK/RUPTURA,14.47,5
2023-05-31 13:00:00,134,1957.25,1956.48651,5.9302,3203.4722,HIT/DEFESA,11.35,5
2023-06-01 09:00:00,34,1961.59,1961.49326,-13.2879,4575.8065,BREAK/RUPTURA,6.31,5
2023-06-01 12:00:00,34,1960.17,1960.81381,-7.239,1009.3677,BREAK/RUPTURA,16.17,5
2023-06-02 16:00:00,134,1963.48,1964.42819,-76.5681,2191.3978,HIT/DEFESA,-12.44,5
2023-06-02 17:00:00,134,1965.05,1964.43741,-69.4866,9196.0,HIT/DEFESA,-16.44,5
2023-06-05 20:00:00,134,1960.32,1959.40546,14.1503,2344.7115,HIT/DEFESA,0.87,5
2023-06-06 04:00:00,134,1960.47,1959.58673,-9.8858,7257.971,HIT/DEFESA,-1.18,5
2023-06-06 06:00:00,134,1959.19,1959.60046,-9.7394,1855.1724,BREAK/RUPTURA,1.08,5
2023-06-06 08:00:00,34,1957.84,1957.28406,-15.7578,1323.4421,BREAK/RUPTURA,5.65,5
2023-06-06 09:00:00,134,1959.29,1959.59317,0.5104,4467.1233,HIT/DEFESA,3.5,5
2023-06-06 10:00:00,34,1957.56,1957.40791,-18.5601,4577.5148,BREAK/RUPTURA,4.33,5
2023-06-06 11:00:00,134,1960.27,1959.57352,12.4116,2460.5839,BREAK/RUPTURA,-3.07,5
2023-06-06 17:00:00,134,1960.05,1959.71792,-13.9597,3609.1873,BREAK/RUPTURA,2.87,5
2023-06-07 11:00:00,34,1961.61,1961.06914,-7.8954,911.4545,BREAK/RUPTURA,7.93,5
2023-06-07 14:00:00,34,1961.3,1961.34068,-1.5803,4040.1515,HIT/DEFESA,-19.12,5
2023-06-07 14:00:00,134,1961.3,1960.50828,-1.5803,4040.1515,HIT/DEFESA,-19.12,5
2023-06-09 16:00:00,34,1961.63,1960.91357,-10.287,9550.3876,HIT/DEFESA,-0.14,5
2023-06-09 19:00:00,34,1961.21,1961.124,-2.1411,5800.0,HIT/DEFESA,-2.32,5
2023-06-09 20:00:00,34,1961.57,1961.14949,-9.2697,13753.8462,HIT/DEFESA,-1.63,5
2023-06-09 21:00:00,34,1961.49,1961.16895,-3.4656,32320.0,HIT/DEFESA,-3.15,5
2023-06-09 22:00:00,34,1960.15,1961.11072,-5.4048,2590.2985,HIT/DEFESA,-4.19,5
2023-06-09 22:00:00,134,1960.15,1959.20724,-5.4048,2590.2985,HIT/DEFESA,-4.19,5
2023-06-09 23:00:00,34,1960.95,1961.10154,-3.1607,1459.7403,HIT/DEFESA,-4.97,5
2023-06-12 01:00:00,134,1958.89,1959.22798,-13.2552,1438.3721,HIT/DEFESA,-0.46,5
2023-06-12 02:00:00,34,1959.94,1960.91601,-1.0713,1200.7634,HIT/DEFESA,-3.02,5
2023-06-12 02:00:00,134,1959.94,1959.23853,-1.0713,1200.7634,HIT/DEFESA,-3.02,5
2023-06-12 06:00:00,134,1958.43,1959.11912,0.4596,964.7773,HIT/DEFESA,6.48,5
2023-06-12 08:00:00,34,1959.15,1959.90361,16.2067,2106.8493,HIT/DEFESA,4.96,5
2023-06-12 08:00:00,134,1959.15,1959.08748,16.2067,2106.8493,HIT/DEFESA,4.96,5
2023-06-12 09:00:00,34,1960.37,1959.93026,9.9059,3670.5882,HIT/DEFESA,3.61,5
2023-06-12 10:00:00,34,1960.59,1959.96796,18.754,27169.5652,HIT/DEFESA,2.24,5
2023-06-13 01:00:00,34,1958.37,1959.00701,8.7905,496.3504,HIT/DEFESA,3.63,5
2023-06-13 01:00:00,134,1958.37,1959.04078,8.7905,496.3504,HIT/DEFESA,3.63,5
2023-06-13 02:00:00,34,1959.94,1959.06033,9.9081,694.6108,HIT/DEFESA,0.96,5
2023-06-13 02:00:00,134,1959.94,1959.0541,9.9081,694.6108,HIT/DEFESA,0.96,5
2023-06-13 05:00:00,34,1958.97,1958.88237,-4.9491,1682.0388,BREAK/RUPTURA,3.29,5
2023-06-13 05:00:00,134,1958.97,1959.00554,-4.9491,1682.0388,BREAK/RUPTURA,3.29,5
2023-06-13 08:00:00,34,1958.41,1959.12245,-2.8586,1314.1129,BREAK/RUPTURA,7.51,5
2023-06-13 08:00:00,134,1958.41,1959.06742,-2.8586,1314.1129,BREAK/RUPTURA,7.51,5
2023-06-13 15:00:00,34,1961.34,1960.53881,-9.4743,6135.5102,HIT/DEFESA,-18.75,5
2023-06-14 12:00:00,34,1951.3,1951.2092,25.9988,2986.2069,HIT/DEFESA,6.62,5
2023-06-14 16:00:00,134,1956.06,1955.95896,42.6131,9342.2018,BREAK/RUPTURA,-6.01,5
2023-06-14 18:00:00,134,1956.03,1955.98863,-5.8247,3202.1277,HIT/DEFESA,-13.82,5
2023-06-14 19:00:00,134,1955.08,1955.97517,-5.0101,4994.7368,HIT/DEFESA,-11.08,5
2023-06-16 18:00:00,34,1956.26,1955.86553,-32.2533,2752.5126,BREAK/RUPTURA,1.42,5
2023-06-16 19:00:00,34,1955.24,1955.82979,-28.8134,6273.2673,BREAK/RUPTURA,2.78,5
2023-06-16 22:00:00,34,1955.45,1956.12968,1.074,1234.7962,HIT/DEFESA,0.61,5
2023-06-19 03:00:00,34,1956.69,1956.38156,-5.057,6463.1579,HIT/DEFESA,-2.08,5
2023-06-19 04:00:00,34,1956.06,1956.36319,-10.0101,7454.2373,HIT/DEFESA,-1.79,5
2023-06-19 05:00:00,34,1955.38,1956.307,-8.5333,3709.7222,HIT/DEFESA,-0.29,5
2023-06-19 07:00:00,34,1957.0,1956.31121,4.8056,1437.5,BREAK/RUPTURA,-6.65,5
2023-06-19 08:00:00,134,1954.61,1954.42171,-3.9379,1147.7551,HIT/DEFESA,-4.9,5
2023-06-19 09:00:00,134,1954.27,1954.41947,-7.0565,11781.8182,HIT/DEFESA,-5.75,5
2023-06-19 10:00:00,34,1955.09,1956.04503,-9.7598,6422.7848,HIT/DEFESA,-2.93,5
2023-06-19 10:00:00,134,1955.09,1954.4294,-9.7598,6422.7848,HIT/DEFESA,-2.93,5
2023-06-19 11:00:00,34,1956.47,1956.06931,9.516,2986.6197,BREAK/RUPTURA,-4.48,5
2023-06-20 11:00:00,34,1953.28,1952.56247,22.7828,3090.6832,BREAK/RUPTURA,-21.38,5
2023-06-20 11:00:00,134,1953.28,1953.53941,22.7828,3090.6832,BREAK/RUPTURA,-21.38,5
2023-06-20 12:00:00,34,1952.67,1952.56862,7.2261,6363.7681,BREAK/RUPTURA,-17.75,5
2023-06-20 12:00:00,134,1952.67,1953.52653,7.2261,6363.7681,BREAK/RUPTURA,-17.75,5
2023-06-23 18:00:00,34,1921.07,1921.74037,-40.5931,1546.9388,HIT/DEFESA,-0.56,5
2023-06-23 20:00:00,34,1920.83,1921.52347,-31.6566,2187.4419,BREAK/RUPTURA,4.44,5
2023-06-23 21:00:00,34,1920.54,1921.46727,-2.7589,14676.0,BREAK/RUPTURA,5.87,5
2023-06-23 23:00:00,34,1920.51,1921.28233,-1.6659,1031.0811,BREAK/RUPTURA,4.0,5
2023-06-26 09:00:00,34,1922.76,1922.85312,-14.1263,1248.1013,BREAK/RUPTURA,8.62,5
2023-06-26 11:00:00,134,1931.76,1932.66945,26.2105,2090.9408,BREAK/RUPTURA,-6.94,5
2023-06-26 13:00:00,134,1931.9,1932.61675,15.5529,1944.9275,BREAK/RUPTURA,-6.17,5
2023-06-26 16:00:00,34,1924.82,1925.2343,-36.6479,1671.7718,HIT/DEFESA,-1.4,5
2023-06-26 18:00:00,34,1925.73,1925.15787,-29.7699,3054.5833,HIT/DEFESA,-2.59,5
2023-06-26 20:00:00,34,1924.53,1925.0456,6.4473,5372.4138,BREAK/RUPTURA,-1.95,5
2023-06-27 01:00:00,34,1924.57,1924.72737,5.9789,504.5977,HIT/DEFESA,3.83,5
2023-06-27 08:00:00,34,1925.03,1925.3523,-19.2871,1039.6501,HIT/DEFESA,-1.56,5
2023-06-27 11:00:00,34,1925.57,1925.62216,2.8052,2281.9923,BREAK/RUPTURA,-2.08,5
2023-06-27 15:00:00,34,1926.18,1925.33597,10.8623,2859.4156,BREAK/RUPTURA,-14.08,5
2023-06-29 14:00:00,34,1910.03,1909.88914,20.618,29271.4286,HIT/DEFESA,0.25,5
2023-06-30 01:00:00,34,1908.17,1908.54167,6.2402,3738.6364,HIT/DEFESA,0.13,5
2023-06-30 03:00:00,34,1908.71,1908.56197,3.6163,93566.6667,BREAK/RUPTURA,-1.6,5
2023-06-30 04:00:00,34,1907.93,1908.52586,-1.2577,6184.6154,HIT/DEFESA,-1.11,5
2023-06-30 05:00:00,34,1907.88,1908.48895,-4.5056,45562.5,HIT/DEFESA,-2.61,5
2023-06-30 06:00:00,34,1908.3,1908.47816,-2.148,4905.7692,HIT/DEFESA,-6.46,5
2023-06-30 07:00:00,34,1908.21,1908.46283,1.4676,20661.5385,BREAK/RUPTURA,-3.08,5
2023-06-30 17:00:00,134,1915.45,1916.33389,53.3252,3893.1319,HIT/DEFESA,4.58,5
2023-07-03 03:00:00,134,1917.09,1916.66604,-14.064,2368.8073,HIT/DEFESA,-0.12,5
2023-07-03 04:00:00,134,1917.27,1916.67499,-10.0563,31094.1176,HIT/DEFESA,-2.16,5
2023-07-03 08:00:00,134,1916.97,1916.72572,11.3851,1149.5146,BREAK/RUPTURA,-3.1,5
2023-07-03 12:00:00,34,1913.11,1913.72975,-10.4433,3855.1402,BREAK/RUPTURA,17.09,5
2023-07-03 13:00:00,34,1913.87,1913.73776,8.7334,4977.3333,HIT/DEFESA,12.72,5
2023-07-04 19:00:00,34,1924.17,1923.29074,-20.9521,1101.7241,HIT/DEFESA,-0.03,5
2023-07-05 04:00:00,34,1924.14,1923.86346,-10.3316,1543.1818,HIT/DEFESA,-2.05,5
2023-07-05 05:00:00,34,1924.62,1923.90669,-8.4102,6459.1837,BREAK/RUPTURA,2.83,5
2023-07-05 06:00:00,34,1924.4,1923.93488,-11.9893,9344.0,BREAK/RUPTURA,2.54,5
2023-07-05 16:00:00,34,1925.13,1925.17489,-11.3111,3454.4365,HIT/DEFESA,-9.1,5
2023-07-05 19:00:00,134,1921.56,1920.92775,-18.5442,3218.1818,HIT/DEFESA,-5.26,5
2023-07-06 08:00:00,134,1920.07,1920.39203,7.1403,1519.7248,HIT/DEFESA,4.7,5
2023-07-06 09:00:00,34,1920.46,1921.17552,11.9907,8471.7391,HIT/DEFESA,6.18,5
2023-07-06 09:00:00,134,1920.46,1920.39303,11.9907,8471.7391,HIT/DEFESA,6.18,5
2023-07-07 08:00:00,34,1914.26,1914.72633,17.793,1790.3846,HIT/DEFESA,2.01,5
2023-07-07 10:00:00,34,1914.55,1914.64102,12.9179,5695.122,HIT/DEFESA,4.3,5
2023-07-07 11:00:00,34,1915.6,1914.69582,7.0001,3895.0495,HIT/DEFESA,7.65,5
2023-07-07 14:00:00,134,1917.51,1918.03794,9.9708,3498.2759,HIT/DEFESA,9.4,5
2023-07-07 15:00:00,134,1918.85,1918.04997,14.2475,11306.4,HIT/DEFESA,8.15,5
2023-07-10 07:00:00,34,1921.26,1921.09067,-19.0656,937.5969,BREAK/RUPTURA,2.02,5
2023-07-10 08:00:00,34,1920.16,1921.03749,-25.2983,3493.3962,BREAK/RUPTURA,3.47,5
2023-07-10 08:00:00,134,1920.16,1919.55945,-25.2983,3493.3962,BREAK/RUPTURA,3.47,5
2023-07-10 17:00:00,34,1922.02,1921.62689,-13.9761,9325.8065,BREAK/RUPTURA,3.87,5
2023-07-14 09:00:00,34,1956.52,1957.11162,-30.7761,2360.5042,BREAK/RUPTURA,2.71,5
2023-07-14 11:00:00,34,1956.13,1957.04143,-14.0386,7791.5493,BREAK/RUPTURA,3.92,5
2023-07-14 13:00:00,34,1956.13,1956.92947,-3.6794,18031.8182,BREAK/RUPTURA,1.99,5
2023-07-14 15:00:00,34,1957.52,1957.08716,8.1291,5232.948,HIT/DEFESA,2.76,5
2023-07-14 18:00:00,34,1958.12,1957.46494,3.0651,4219.6172,BREAK/RUPTURA,-3.29,5
2023-07-17 11:00:00,34,1955.78,1955.5695,9.1095,1994.5245,BREAK/RUPTURA,-5.28,5
2023-07-17 18:00:00,34,1954.61,1955.12726,30.7912,10767.2414,HIT/DEFESA,0.34,5
2023-07-17 19:00:00,34,1954.58,1955.09599,20.9177,63400.0,HIT/DEFESA,0.39,5
2023-07-17 20:00:00,34,1955.24,1955.10422,6.1923,6328.5714,HIT/DEFESA,0.18,5
2023-07-17 22:00:00,34,1955.33,1955.1433,3.8371,9944.4444,HIT/DEFESA,1.78,5
2023-07-17 23:00:00,34,1954.95,1955.13225,-1.4832,3728.5714,BREAK/RUPTURA,3.99,5
2023-07-18 01:00:00,34,1954.97,1955.12298,-3.1704,687.156,BREAK/RUPTURA,4.79,5
2023-07-18 02:00:00,34,1955.42,1955.13995,0.4603,2139.1304,HIT/DEFESA,4.57,5
2023-07-18 03:00:00,34,1955.36,1955.15253,2.0972,29711.1111,HIT/DEFESA,3.85,5
2023-07-21 14:00:00,134,1965.74,1965.39002,21.7183,2508.6022,BREAK/RUPTURA,-2.24,5
2023-07-24 14:00:00,34,1964.98,1964.46448,27.5058,9232.0,BREAK/RUPTURA,-5.13,5
2023-07-24 14:00:00,134,1964.98,1964.41971,27.5058,9232.0,BREAK/RUPTURA,-5.13,5
2023-07-25 06:00:00,34,1961.56,1961.03911,32.2208,4227.1429,HIT/DEFESA,1.32,5
2023-07-25 07:00:00,34,1960.56,1961.01173,-10.4453,1874.0,BREAK/RUPTURA,1.59,5
2023-07-25 08:00:00,134,1962.59,1963.22503,1.4779,1598.0296,BREAK/RUPTURA,-3.43,5
2023-07-25 09:00:00,134,1962.38,1963.21251,4.1803,22261.9048,BREAK/RUPTURA,-1.64,5
2023-07-25 10:00:00,34,1961.2,1961.17638,3.2644,6016.5217,BREAK/RUPTURA,-1.82,5
2023-07-25 11:00:00,134,1962.88,1963.17821,1.4776,4173.6842,BREAK/RUPTURA,-6.12,5
2023-07-25 12:00:00,34,1962.15,1961.3238,-1.172,5218.9189,HIT/DEFESA,-0.42,5
2023-07-25 14:00:00,34,1960.74,1961.17386,-10.9023,4653.4591,BREAK/RUPTURA,1.64,5
2023-07-25 17:00:00,34,1961.73,1960.87671,5.0491,2164.5161,HIT/DEFESA,2.75,5
2023-07-25 19:00:00,134,1962.38,1962.9156,28.7209,2569.1892,HIT/DEFESA,2.15,5
2023-07-25 20:00:00,134,1962.23,1962.90544,2.5488,29084.6154,HIT/DEFESA,3.09,5
2023-07-25 21:00:00,134,1963.56,1962.91514,-3.5128,2479.3893,BREAK/RUPTURA,1.34,5
2023-07-26 04:00:00,134,1963.81,1963.06125,-3.665,4428.972,BREAK/RUPTURA,5.76,5
2023-07-26 06:00:00,134,1963.88,1963.08883,-5.1911,9265.3846,BREAK/RUPTURA,8.2,5
2023-07-26 07:00:00,34,1963.11,1962.53557,-3.5645,1816.0494,BREAK/RUPTURA,8.34,5
2023-07-26 07:00:00,134,1963.11,1963.08915,-3.5645,1816.0494,BREAK/RUPTURA,8.34,5
2023-07-26 16:00:00,34,1966.62,1965.70666,-25.7646,1804.8128,BREAK/RUPTURA,10.64,5
2023-07-28 14:00:00,34,1956.58,1956.15737,36.317,1537.931,HIT/DEFESA,4.54,5
2023-07-28 15:00:00,34,1955.63,1956.12723,18.8016,11979.7872,HIT/DEFESA,3.99,5
2023-07-28 16:00:00,34,1955.83,1956.11025,13.8752,47600.0,HIT/DEFESA,3.22,5
2023-07-28 18:00:00,134,1960.93,1961.74663,27.1012,10613.0435,BREAK/RUPTURA,-1.72,5
2023-07-28 19:00:00,134,1961.12,1961.73734,27.0473,29681.25,BREAK/RUPTURA,-1.07,5
2023-07-31 02:00:00,34,1958.02,1957.54459,-5.3087,863.6792,HIT/DEFESA,-3.59,5
2023-07-31 03:00:00,34,1958.19,1957.58147,-5.2062,14566.6667,HIT/DEFESA,-3.06,5
2023-07-31 04:00:00,34,1956.71,1957.53167,-17.0404,4159.8684,HIT/DEFESA,-1.87,5
2023-07-31 05:00:00,34,1956.67,1957.48244,-6.8947,400600.0,HIT/DEFESA,-1.73,5
2023-07-31 12:00:00,34,1956.85,1956.62411,10.2822,1257.2271,HIT/DEFESA,10.5,5
2023-08-01 04:00:00,34,1960.91,1961.80835,-23.8096,2010.6557,HIT/DEFESA,-3.29,5
2023-08-01 04:00:00,134,1960.91,1961.67222,-23.8096,2010.6557,HIT/DEFESA,-3.29,5
2023-08-01 06:00:00,34,1962.14,1961.75843,-6.3665,2039.2638,HIT/DEFESA,-6.33,5
2023-08-01 06:00:00,134,1962.14,1961.66248,-6.3665,2039.2638,HIT/DEFESA,-6.33,5
2023-08-02 14:00:00,34,1950.66,1951.36248,4.1542,2792.7835,BREAK/RUPTURA,-14.98,5
2023-08-04 04:00:00,34,1936.58,1937.25078,5.8901,28023.5294,BREAK/RUPTURA,-3.52,5
2023-08-04 08:00:00,34,1936.3,1936.84901,5.6842,1642.2857,BREAK/RUPTURA,-3.63,5
2023-08-07 06:00:00,34,1939.26,1939.28967,-25.5628,1433.5484,HIT/DEFESA,-3.07,5
2023-08-07 07:00:00,34,1938.81,1939.26226,-18.1226,4206.5217,HIT/DEFESA,-4.54,5
2023-08-07 15:00:00,34,1938.04,1938.15243,19.4906,3167.9348,BREAK/RUPTURA,-2.05,5
2023-08-07 21:00:00,34,1936.92,1937.13447,22.7163,3324.1758,BREAK/RUPTURA,-1.23,5
2023-08-07 22:00:00,34,1936.78,1937.11421,12.2518,13786.6667,BREAK/RUPTURA,-5.23,5
2023-08-07 23:00:00,34,1936.51,1937.07968,2.686,7158.8235,BREAK/RUPTURA,-1.57,5
2023-08-08 02:00:00,34,1936.73,1937.00207,-0.2582,1775.6757,HIT/DEFESA,-2.31,5
2023-08-08 11:00:00,34,1935.12,1935.58224,5.8946,1112.931,BREAK/RUPTURA,-8.75,5
2023-08-08 12:00:00,34,1934.92,1935.5444,9.1043,45655.5556,BREAK/RUPTURA,-7.79,5
2023-08-09 05:00:00,34,1929.58,1929.95495,20.7209,1642.246,HIT/DEFESA,0.98,5
2023-08-09 06:00:00,34,1930.05,1929.96038,26.1817,5810.8696,BREAK/RUPTURA,-2.04,5
2023-08-09 07:00:00,34,1930.27,1929.97807,13.3839,9661.1111,BREAK/RUPTURA,-4.1,5
2023-08-09 09:00:00,34,1930.23,1930.05453,0.9326,3363.3333,BREAK/RUPTURA,-5.64,5
2023-08-09 10:00:00,34,1930.56,1930.08341,1.5024,12307.1429,BREAK/RUPTURA,-5.66,5
2023-08-10 12:00:00,34,1920.92,1921.2634,15.0675,2055.8442,BREAK/RUPTURA,-5.91,5
2023-08-10 13:00:00,34,1921.76,1921.29178,12.6085,5192.6829,BREAK/RUPTURA,-1.75,5
2023-08-10 14:00:00,34,1921.85,1921.32368,12.8166,46470000.0,BREAK/RUPTURA,-1.33,5
2023-08-10 19:00:00,34,1920.52,1921.17839,-11.598,9761.8182,HIT/DEFESA,-7.85,5
2023-08-11 10:00:00,34,1917.91,1917.5275,23.3611,3279.3939,BREAK/RUPTURA,-1.88,5
2023-08-11 12:00:00,34,1917.98,1917.63,8.9236,3205.9406,HIT/DEFESA,0.63,5
2023-08-11 13:00:00,34,1917.97,1917.64943,0.3128,63275.0,BREAK/RUPTURA,-3.92,5
2023-08-14 10:00:00,34,1914.47,1914.75225,11.0335,2956.0166,BREAK/RUPTURA,-4.09,5
2023-08-14 11:00:00,34,1914.28,1914.72526,7.2142,26075.0,BREAK/RUPTURA,-10.1,5
2023-08-14 12:00:00,34,1913.99,1914.68325,9.8844,16657.1429,BREAK/RUPTURA,-5.49,5
2023-08-14 13:00:00,34,1914.42,1914.6682,-0.2612,9345.4545,HIT/DEFESA,-3.77,5
2023-08-14 14:00:00,34,1913.98,1914.62888,-1.5672,7675.0,HIT/DEFESA,-2.1,5
2023-08-16 08:00:00,34,1905.09,1905.36517,6.9862,2332.4561,HIT/DEFESA,0.93,5
2023-08-16 09:00:00,34,1905.51,1905.37344,7.5627,11621.875,BREAK/RUPTURA,-2.41,5
2023-08-16 10:00:00,34,1904.56,1905.32696,3.2564,5522.6804,BREAK/RUPTURA,-3.83,5
2023-08-16 11:00:00,34,1905.38,1905.32999,1.5222,5326.8293,BREAK/RUPTURA,-1.16,5
2023-08-16 12:00:00,34,1906.04,1905.37056,2.7814,5095.5224,BREAK/RUPTURA,-1.39,5
2023-08-16 13:00:00,34,1906.02,1905.40767,7.6658,94333.3333,BREAK/RUPTURA,-4.05,5
2023-08-16 16:00:00,34,1904.22,1904.97056,-9.4438,2476.1494,HIT/DEFESA,-9.24,5
2023-08-16 17:00:00,34,1904.65,1904.95224,8.1446,17597.619,BREAK/RUPTURA,-12.46,5
2023-08-17 13:00:00,34,1897.9,1898.23512,7.6459,1716.1765,BREAK/RUPTURA,-8.44,5
2023-08-17 14:00:00,34,1898.81,1898.26797,25.6607,4905.7471,BREAK/RUPTURA,-10.46,5
2023-08-18 04:00:00,34,1893.61,1894.4677,19.9488,15025.9259,BREAK/RUPTURA,-1.48,5
2023-08-18 08:00:00,34,1893.63,1894.14606,2.2713,1409.0278,HIT/DEFESA,0.58,5
2023-08-18 13:00:00,34,1894.21,1893.8035,8.5068,2179.1667,BREAK/RUPTURA,-2.91,5
2023-08-18 14:00:00,34,1893.78,1893.80216,9.1964,6786.3636,BREAK/RUPTURA,-4.2,5
2023-08-18 16:00:00,34,1893.84,1893.61186,-1.9533,2591.9444,HIT/DEFESA,-5.37,5
2023-08-18 17:00:00,34,1893.68,1893.61575,-0.528,50957.1429,HIT/DEFESA,-4.45,5
2023-08-21 06:00:00,34,1891.65,1891.69485,8.8361,1961.5385,BREAK/RUPTURA,-2.96,5
2023-08-21 07:00:00,34,1892.53,1891.74257,37.4442,2015.2941,BREAK/RUPTURA,-3.02,5
2023-08-22 09:00:00,134,1898.95,1898.65479,14.8724,1442.0904,HIT/DEFESA,3.25,5
2023-08-22 17:00:00,34,1895.15,1895.26436,-37.0623,1757.6687,BREAK/RUPTURA,2.45,5
2023-08-22 20:00:00,134,1897.73,1898.62776,13.6137,9616.2162,HIT/DEFESA,0.87,5
2023-08-22 22:00:00,134,1897.6,1898.59169,1.2122,4960.9756,HIT/DEFESA,4.05,5
2023-08-23 01:00:00,134,1897.94,1898.56304,3.9005,885.9375,HIT/DEFESA,3.68,5
2023-08-23 02:00:00,134,1898.6,1898.56359,5.2698,575.7143,HIT/DEFESA,4.72,5
2023-08-23 03:00:00,134,1899.02,1898.57035,9.1183,3690.9091,HIT/DEFESA,3.65,5
2023-08-25 02:00:00,34,1915.88,1915.46,-4.5911,951.0,HIT/DEFESA,-2.16,5
2023-08-25 03:00:00,34,1915.56,1915.46571,-5.5827,4956.25,HIT/DEFESA,-1.1,5
2023-08-25 05:00:00,34,1914.84,1915.51531,-5.4283,1201.8433,HIT/DEFESA,-0.62,5
2023-08-25 08:00:00,34,1914.46,1915.25337,-1.9845,3137.1429,BREAK/RUPTURA,3.28,5
2023-08-25 10:00:00,34,1914.22,1915.07884,2.6127,3364.5455,HIT/DEFESA,3.07,5
2023-08-25 12:00:00,34,1916.14,1915.15786,15.8381,3854.0541,BREAK/RUPTURA,-11.5,5
2023-08-25 16:00:00,34,1915.23,1915.56421,-13.0883,3386.6667,HIT/DEFESA,-1.88,5
2023-08-25 18:00:00,134,1907.75,1908.26594,-49.7577,3129.2994,BREAK/RUPTURA,7.29,5
2023-08-25 21:00:00,34,1913.35,1914.11315,29.354,3641.7476,HIT/DEFESA,2.41,5
2023-08-25 22:00:00,34,1914.32,1914.12497,22.5653,2952.5773,HIT/DEFESA,1.19,5
2023-08-25 23:00:00,34,1915.04,1914.17726,14.2236,1933.3333,HIT/DEFESA,0.46,5
2023-08-28 01:00:00,34,1914.85,1914.2157,7.8397,1010.7527,HIT/DEFESA,1.47,5
2023-08-28 02:00:00,34,1915.07,1914.26452,3.9178,7636.0,HIT/DEFESA,0.54,5
2023-08-28 07:00:00,34,1915.61,1914.64209,0.5221,1949.2958,BREAK/RUPTURA,-1.52,5
2023-08-28 10:00:00,34,1914.6,1914.76393,-5.2725,2181.8841,BREAK/RUPTURA,2.49,5
2023-08-28 11:00:00,34,1914.71,1914.76085,-5.1157,29110.0,BREAK/RUPTURA,3.43,5
2023-08-28 12:00:00,34,1914.09,1914.72251,-9.7601,4314.7541,BREAK/RUPTURA,4.65,5
2023-08-28 13:00:00,34,1915.2,1914.7498,3.1338,2206.3636,HIT/DEFESA,9.55,5
2023-08-28 14:00:00,34,1914.73,1914.74867,0.1045,5063.8298,HIT/DEFESA,5.92,5
2023-08-29 13:00:00,34,1920.31,1920.10455,-15.2866,740.7862,BREAK/RUPTURA,16.39,5
2023-08-31 17:00:00,34,1942.96,1941.99947,-14.031,11825.974,HIT/DEFESA,-2.92,5
2023-08-31 19:00:00,34,1941.73,1941.91245,-10.2895,4226.6667,HIT/DEFESA,-1.67,5
2023-08-31 21:00:00,34,1941.39,1941.80595,3.7101,2190.1099,BREAK/RUPTURA,-2.06,5
2023-09-01 05:00:00,34,1940.45,1941.32304,2.7836,1089.6226,HIT/DEFESA,2.68,5
2023-09-01 09:00:00,34,1940.41,1941.00826,7.4266,4214.9254,HIT/DEFESA,4.08,5
2023-09-04 02:00:00,34,1940.6,1941.34476,0.2577,856.1905,HIT/DEFESA,4.49,5
2023-09-04 03:00:00,34,1940.94,1941.32163,7.631,5100.0,HIT/DEFESA,3.62,5
2023-09-04 14:00:00,34,1941.68,1942.28498,-11.4717,2056.1404,HIT/DEFESA,-3.34,5
2023-09-05 10:00:00,134,1935.57,1935.17598,-15.4753,3914.1667,HIT/DEFESA,-1.84,5
2023-09-06 16:00:00,34,1928.1,1928.73279,8.6169,2360.9407,BREAK/RUPTURA,-10.45,5
2023-09-07 14:00:00,34,1921.83,1921.69885,15.5301,1815.6757,BREAK/RUPTURA,-3.76,5
2023-09-07 18:00:00,34,1920.96,1921.44854,-11.9589,1627.1478,HIT/DEFESA,-1.5,5
2023-09-07 21:00:00,34,1920.36,1921.05208,-3.1234,969.9482,BREAK/RUPTURA,3.34,5
2023-09-08 02:00:00,34,1920.25,1920.74586,7.6611,1445.614,HIT/DEFESA,4.3,5
2023-09-08 13:00:00,34,1923.51,1922.68385,-3.0144,1182.5581,HIT/DEFESA,-3.92,5
2023-09-08 14:00:00,34,1922.99,1922.70135,-8.8845,5063.6364,HIT/DEFESA,-3.32,5
2023-09-08 17:00:00,34,1923.84,1922.97251,4.4202,1683.1622,BREAK/RUPTURA,-4.67,5
2023-09-11 04:00:00,34,1922.42,1921.48577,21.5296,2332.1138,HIT/DEFESA,5.45,5
2023-09-11 07:00:00,134,1926.51,1925.65516,21.2753,1127.4691,BREAK/RUPTURA,-1.12,5
2023-09-11 12:00:00,134,1925.39,1925.75416,-12.8639,1189.6996,HIT/DEFESA,-2.81,5
2023-09-11 13:00:00,134,1925.77,1925.7544,-3.7374,6017.9487,HIT/DEFESA,-2.73,5
2023-09-11 14:00:00,134,1925.21,1925.74633,-13.2796,5440.678,HIT/DEFESA,-1.8,5
2023-09-11 16:00:00,134,1925.89,1925.77114,0.6231,6136.9565,BREAK/RUPTURA,-4.05,5
2023-09-11 18:00:00,34,1923.04,1923.70478,-22.1035,9678.7234,HIT/DEFESA,-0.77,5
2023-09-11 19:00:00,34,1923.41,1923.68793,-12.8772,7302.7027,HIT/DEFESA,-0.92,5
2023-09-11 20:00:00,34,1922.68,1923.63034,0.5201,3423.2877,BREAK/RUPTURA,-1.04,5
2023-09-11 22:00:00,34,1922.73,1923.48243,-3.5354,2237.5,HIT/DEFESA,-0.86,5
2023-09-12 01:00:00,34,1922.49,1923.3604,3.3822,1354.902,HIT/DEFESA,1.15,5
2023-09-12 05:00:00,34,1923.0,1923.08412,7.0773,2839.4958,BREAK/RUPTURA,-4.0,5
2023-09-12 06:00:00,34,1923.64,1923.11589,10.9808,3253.0303,BREAK/RUPTURA,-3.89,5
2023-09-12 07:00:00,34,1922.26,1923.06698,2.0293,1265.9574,BREAK/RUPTURA,-3.25,5
2023-09-13 16:00:00,34,1913.38,1914.00437,4.3921,12798.0583,BREAK/RUPTURA,-4.03,5
2023-09-14 03:00:00,34,1912.62,1912.17641,24.8969,690.2077,BREAK/RUPTURA,-4.56,5
2023-09-14 04:00:00,34,1911.13,1912.11662,11.9968,3770.5479,BREAK/RUPTURA,-3.79,5
2023-09-14 17:00:00,34,1908.5,1909.47537,5.3998,2054.7135,HIT/DEFESA,1.0,5
2023-09-14 19:00:00,34,1910.23,1909.43901,37.4124,2672.6457,HIT/DEFESA,0.14,5
2023-09-14 20:00:00,34,1908.72,1909.39792,1.1527,2776.1589,HIT/DEFESA,1.09,5
2023-09-14 22:00:00,34,1909.5,1909.34352,-3.8215,1903.3058,BREAK/RUPTURA,5.82,5
2023-09-15 01:00:00,34,1910.37,1909.46934,10.9523,4091.3043,HIT/DEFESA,5.22,5
2023-09-15 02:00:00,34,1909.81,1909.4888,1.6235,2911.4286,HIT/DEFESA,6.35,5
2023-09-15 04:00:00,134,1915.32,1915.96345,25.9112,1556.2654,HIT/DEFESA,3.31,5
2023-09-15 05:00:00,134,1915.52,1915.95688,29.8983,24461.1111,HIT/DEFESA,2.56,5
2023-09-15 06:00:00,134,1915.59,1915.95145,22.8125,25087.5,HIT/DEFESA,2.42,5
2023-09-15 07:00:00,134,1916.16,1915.95454,4.3857,2924.5614,HIT/DEFESA,1.82,5
2023-09-15 08:00:00,134,1916.22,1915.95847,3.6544,330300.0,HIT/DEFESA,0.89,5
2023-09-15 15:00:00,134,1917.1,1916.16173,-4.5882,3501.8779,BREAK/RUPTURA,7.66,5
2023-09-19 21:00:00,34,1930.8,1930.9665,-12.0013,99050.0,HIT/DEFESA,-0.11,5
2023-09-19 22:00:00,34,1931.97,1931.02384,5.5933,1517.6471,BREAK/RUPTURA,-2.01,5
2023-09-20 01:00:00,34,1931.82,1931.07829,5.2828,3080.9524,BREAK/RUPTURA,-1.22,5
2023-09-20 02:00:00,34,1931.37,1931.09496,-3.1056,2631.0345,HIT/DEFESA,-1.6,5
2023-09-20 05:00:00,34,1930.73,1930.99239,-3.3137,3231.1688,HIT/DEFESA,-2.03,5
2023-09-20 06:00:00,34,1930.6,1930.96996,-0.4662,12285.7143,HIT/DEFESA,-1.49,5
2023-09-20 08:00:00,34,1931.14,1930.91503,2.1235,1769.5652,HIT/DEFESA,1.35,5
2023-09-20 09:00:00,34,1930.4,1930.8856,-1.0359,6187.3239,BREAK/RUPTURA,1.67,5
2023-09-21 04:00:00,134,1926.82,1927.09536,-22.1635,2804.3478,BREAK/RUPTURA,1.33,5
2023-09-21 07:00:00,134,1927.93,1927.11876,5.7608,4957.1429,BREAK/RUPTURA,-3.24,5
2023-09-21 09:00:00,134,1928.15,1927.15741,-0.6742,7085.9649,HIT/DEFESA,-7.4,5
2023-09-21 10:00:00,134,1927.2,1927.15804,-3.7864,5442.268,HIT/DEFESA,-10.69,5
2023-09-22 04:00:00,34,1924.0,1924.71519,20.2071,8426.9841,HIT/DEFESA,1.54,5
2023-09-22 05:00:00,34,1923.92,1924.66975,13.1154,68716.6667,HIT/DEFESA,4.1,5
2023-09-22 06:00:00,34,1923.74,1924.61662,1.7157,30570.0,HIT/DEFESA,2.95,5
2023-09-22 07:00:00,34,1924.31,1924.5991,1.6112,3361.8182,HIT/DEFESA,1.07,5
2023-09-22 12:00:00,34,1925.38,1924.97887,-0.8309,2028.4615,BREAK/RUPTURA,2.8,5
2023-09-22 12:00:00,134,1925.38,1925.67491,-0.8309,2028.4615,BREAK/RUPTURA,2.8,5
2023-09-22 13:00:00,34,1924.61,1924.95779,-17.6865,3387.1795,BREAK/RUPTURA,3.09,5
2023-09-22 14:00:00,34,1925.51,1924.98935,-6.1245,3787.9121,HIT/DEFESA,-0.21,5
2023-09-22 14:00:00,134,1925.51,1925.65692,-6.1245,3787.9121,HIT/DEFESA,-0.21,5
2023-09-22 16:00:00,34,1926.04,1925.11138,7.4301,69046.1538,BREAK/RUPTURA,-1.05,5
2023-09-22 16:00:00,134,1926.04,1925.66965,7.4301,69046.1538,BREAK/RUPTURA,-1.05,5
2023-09-22 20:00:00,34,1925.52,1925.42337,-13.7954,11647.8261,HIT/DEFESA,-0.75,5
2023-09-22 20:00:00,134,1925.52,1925.72679,-13.7954,11647.8261,HIT/DEFESA,-0.75,5
2023-09-22 21:00:00,34,1924.99,1925.3986,-14.0582,3607.2727,HIT/DEFESA,-0.14,5
2023-09-22 21:00:00,134,1924.99,1925.71588,-14.0582,3607.2727,HIT/DEFESA,-0.14,5
2023-09-22 22:00:00,34,1925.38,1925.39754,0.4155,4952.6316,BREAK/RUPTURA,-1.69,5
2023-09-22 22:00:00,134,1925.38,1925.7109,0.4155,4952.6316,BREAK/RUPTURA,-1.69,5
2023-09-22 23:00:00,34,1924.93,1925.37082,-3.0641,2000.0,HIT/DEFESA,-1.26,5
2023-09-22 23:00:00,134,1924.93,1925.69933,-3.0641,2000.0,HIT/DEFESA,-1.26,5
2023-09-25 01:00:00,34,1925.69,1925.38906,3.6364,1691.358,BREAK/RUPTURA,-2.07,5
2023-09-25 01:00:00,134,1925.69,1925.69919,3.6364,1691.358,BREAK/RUPTURA,-2.07,5
2023-09-25 02:00:00,34,1924.77,1925.35369,-3.1682,1584.2105,HIT/DEFESA,-1.67,5
2023-09-25 02:00:00,134,1924.77,1925.68543,-3.1682,1584.2105,HIT/DEFESA,-1.67,5
2023-09-25 03:00:00,34,1924.85,1925.3249,-0.4156,25962.5,HIT/DEFESA,-3.14,5
2023-09-25 03:00:00,134,1924.85,1925.67305,-0.4156,25962.5,HIT/DEFESA,-3.14,5
2023-09-25 09:00:00,34,1924.06,1924.71884,2.2874,1582.7004,HIT/DEFESA,0.01,5
2023-09-25 13:00:00,34,1924.89,1924.41212,7.4865,1239.4231,BREAK/RUPTURA,-7.44,5
2023-09-25 13:00:00,134,1924.89,1925.33991,7.4865,1239.4231,BREAK/RUPTURA,-7.44,5
2023-09-25 14:00:00,34,1924.07,1924.39257,12.2286,3543.5294,BREAK/RUPTURA,-7.32,5
2023-09-25 15:00:00,134,1925.9,1925.32967,16.1223,2885.4054,BREAK/RUPTURA,-9.99,5
2023-09-25 16:00:00,34,1925.32,1924.52679,2.2339,17111.1111,BREAK/RUPTURA,-9.73,5
2023-09-25 16:00:00,134,1925.32,1925.32953,2.2339,17111.1111,BREAK/RUPTURA,-9.73,5
2023-09-29 11:00:00,34,1871.65,1872.17816,22.9199,2361.7801,BREAK/RUPTURA,-1.1,5
2023-09-29 13:00:00,34,1872.33,1872.2629,-6.6717,2556.3492,HIT/DEFESA,-17.57,5
2023-10-04 14:00:00,34,1824.97,1825.40244,10.8064,4143.4555,BREAK/RUPTURA,-3.98,5
2023-10-04 22:00:00,34,1823.31,1823.79251,12.7403,903.8596,HIT/DEFESA,4.74,5
2023-10-05 02:00:00,34,1822.56,1823.50394,-4.1134,4400.0,BREAK/RUPTURA,5.09,5
2023-10-05 13:00:00,34,1823.22,1823.81546,13.4558,3758.871,BREAK/RUPTURA,-7.72,5
2023-10-05 14:00:00,34,1823.02,1823.77001,17.1988,30505.5556,BREAK/RUPTURA,-4.91,5
2023-10-06 01:00:00,34,1821.18,1821.76454,5.1642,998.7654,HIT/DEFESA,2.79,5
2023-10-06 02:00:00,34,1821.28,1821.73686,5.2188,13522.2222,HIT/DEFESA,1.5,5
2023-10-06 07:00:00,34,1822.78,1822.02345,0.0549,1442.1053,BREAK/RUPTURA,-2.32,5
2023-10-06 08:00:00,34,1821.37,1821.98611,-13.4333,1496.4286,BREAK/RUPTURA,1.25,5
2023-10-06 10:00:00,34,1821.36,1821.80939,-7.7903,3060.3015,HIT/DEFESA,-6.27,5
2023-10-06 13:00:00,34,1822.62,1821.78812,6.9179,2170.5607,HIT/DEFESA,9.97,5
2023-10-06 14:00:00,34,1821.27,1821.75851,-3.5128,3553.7879,BREAK/RUPTURA,7.95,5
2023-10-06 16:00:00,34,1821.28,1821.37188,-7.3521,2915.0242,BREAK/RUPTURA,10.55,5
2023-10-12 16:00:00,34,1873.89,1873.80099,-39.7053,2678.53,HIT/DEFESA,-5.44,5
2023-10-13 03:00:00,34,1872.54,1872.22576,21.1389,1613.0653,HIT/DEFESA,4.51,5
2023-10-13 04:00:00,34,1871.94,1872.20943,12.0876,7454.5455,HIT/DEFESA,5.03,5
2023-10-17 05:00:00,34,1914.71,1913.77479,-24.3827,9968.5714,BREAK/RUPTURA,5.33,5
2023-10-17 07:00:00,34,1914.66,1913.98891,-2.0365,890.7407,BREAK/RUPTURA,8.3,5
2023-10-23 05:00:00,34,1972.62,1973.19311,5.5795,719.9005,HIT/DEFESA,6.79,5
2023-10-23 06:00:00,34,1973.62,1973.2175,37.5336,3396.1165,HIT/DEFESA,7.84,5
2023-10-23 07:00:00,34,1973.67,1973.24336,36.0524,28177.7778,HIT/DEFESA,3.95,5
2023-10-23 16:00:00,34,1974.75,1975.04613,-13.7044,5018.9286,BREAK/RUPTURA,2.77,5
2023-10-23 18:00:00,34,1975.34,1975.12617,-11.0744,12701.1765,HIT/DEFESA,-2.86,5
2023-10-23 19:00:00,34,1974.44,1975.08696,-1.5698,9367.033,HIT/DEFESA,-1.43,5
2023-10-24 03:00:00,34,1973.79,1974.75892,6.6414,12208.0,HIT/DEFESA,2.71,5
2023-10-24 07:00:00,34,1976.14,1975.18213,-2.0743,2940.2985,HIT/DEFESA,-9.58,5
2023-10-24 10:00:00,34,1975.29,1975.3812,-4.3013,3715.9483,HIT/DEFESA,-10.39,5
2023-10-24 22:00:00,34,1972.7,1972.29055,-8.0535,4187.8788,BREAK/RUPTURA,3.3,5
2023-10-25 05:00:00,34,1972.67,1972.49758,-0.5576,1132.7381,HIT/DEFESA,-1.5,5
2023-10-25 06:00:00,34,1973.26,1972.54114,-6.0776,4640.3226,HIT/DEFESA,-1.85,5
2023-10-25 07:00:00,34,1972.49,1972.53822,-17.7632,3059.2105,HIT/DEFESA,-3.0,5
2023-10-25 08:00:00,34,1972.85,1972.55604,0.9125,6909.5238,HIT/DEFESA,0.21,5
2023-10-25 11:00:00,34,1971.41,1972.35359,-7.2991,22726.9231,BREAK/RUPTURA,13.66,5
2023-10-25 13:00:00,34,1973.06,1972.23967,9.5882,1513.8028,HIT/DEFESA,8.18,5
2023-10-27 03:00:00,34,1983.47,1982.66459,-5.1399,3609.1954,BREAK/RUPTURA,5.44,5
2023-10-27 16:00:00,34,1983.03,1983.93564,11.9657,5365.5556,HIT/DEFESA,22.31,5
2023-10-27 19:00:00,34,1983.65,1983.60765,3.1265,1652.6596,HIT/DEFESA,17.69,5
2023-10-30 10:00:00,34,1993.64,1993.45543,-39.1212,3582.6316,BREAK/RUPTURA,4.37,5
2023-10-30 11:00:00,34,1993.72,1993.47055,-29.5555,97800.0,BREAK/RUPTURA,4.83,5
2023-10-30 13:00:00,34,1994.41,1993.69122,3.8623,2697.6744,HIT/DEFESA,4.75,5
2023-10-30 23:00:00,34,1995.76,1995.35236,-10.7612,19157.1429,HIT/DEFESA,-1.34,5
2023-10-31 01:00:00,34,1995.08,1995.33679,-13.8149,37200.0,HIT/DEFESA,-2.91,5
2023-10-31 02:00:00,34,1995.52,1995.34726,-1.7536,3459.0909,HIT/DEFESA,-2.8,5
2023-10-31 03:00:00,34,1995.63,1995.36342,-0.6514,9627.5862,HIT/DEFESA,-2.64,5
2023-10-31 04:00:00,34,1996.33,1995.41865,6.2654,6135.7143,BREAK/RUPTURA,-1.38,5
2023-10-31 05:00:00,34,1994.42,1995.36159,-5.5123,1346.5969,BREAK/RUPTURA,1.79,5
2023-10-31 09:00:00,34,1994.95,1994.92324,13.9546,1725.2632,HIT/DEFESA,4.98,5
2023-10-31 15:00:00,34,1995.56,1995.7576,-9.4621,2752.1839,HIT/DEFESA,-11.41,5
2023-10-31 20:00:00,134,1984.15,1984.94986,-75.0319,1471.644,HIT/DEFESA,-0.51,5
2023-10-31 21:00:00,134,1984.55,1984.94394,-48.6398,18378.0488,HIT/DEFESA,-4.59,5
2023-10-31 22:00:00,134,1984.86,1984.9427,-29.5368,16443.75,HIT/DEFESA,-5.34,5
2023-11-01 01:00:00,134,1984.75,1984.92214,1.0078,1249.3506,BREAK/RUPTURA,-7.64,5
2023-11-01 13:00:00,134,1983.2,1984.13173,30.9547,10597.5,BREAK/RUPTURA,-3.95,5
2023-11-01 14:00:00,134,1983.45,1984.12163,4.9938,19669.5652,BREAK/RUPTURA,-5.64,5
2023-11-01 15:00:00,34,1986.55,1986.34515,19.2664,3866.881,BREAK/RUPTURA,-8.82,5
2023-11-01 16:00:00,34,1985.68,1986.30714,12.505,13811.236,BREAK/RUPTURA,-10.76,5
2023-11-01 17:00:00,34,1986.57,1986.32216,15.7302,25453.4483,BREAK/RUPTURA,-8.02,5
2023-11-02 01:00:00,34,1983.76,1983.97836,44.7613,532.0158,HIT/DEFESA,1.66,5
2023-11-02 01:00:00,134,1983.76,1983.7204,44.7613,532.0158,HIT/DEFESA,1.66,5
2023-11-02 02:00:00,34,1985.0,1984.03674,32.5996,1963.4328,HIT/DEFESA,1.01,5
2023-11-02 03:00:00,34,1984.68,1984.0735,12.5114,30269.2308,HIT/DEFESA,0.69,5
2023-11-02 03:00:00,134,1984.68,1983.7533,12.5114,30269.2308,HIT/DEFESA,0.69,5
2023-11-02 05:00:00,34,1983.66,1984.1639,-6.7506,1275.0988,BREAK/RUPTURA,1.76,5
2023-11-02 05:00:00,134,1983.66,1983.78748,-6.7506,1275.0988,BREAK/RUPTURA,1.76,5
2023-11-02 08:00:00,34,1985.37,1984.39609,8.6204,4741.9355,HIT/DEFESA,3.52,5
2023-11-02 10:00:00,34,1985.42,1984.52539,-2.9708,15210.7143,BREAK/RUPTURA,4.92,5
2023-11-02 16:00:00,134,1984.3,1984.25294,-23.0782,2164.7841,BREAK/RUPTURA,1.62,5
2023-11-02 17:00:00,134,1984.38,1984.25482,-20.8697,160300.0,BREAK/RUPTURA,1.03,5
2023-11-02 22:00:00,34,1985.41,1985.07612,18.1147,7620.0,BREAK/RUPTURA,-1.52,5
2023-11-02 23:00:00,34,1985.49,1985.09977,2.3173,17925.0,HIT/DEFESA,1.88,5
2023-11-03 03:00:00,34,1985.52,1985.09868,0.1511,2475.3623,HIT/DEFESA,1.58,5
2023-11-03 04:00:00,134,1983.89,1984.27921,-4.887,2239.3939,BREAK/RUPTURA,3.77,5
2023-11-03 06:00:00,34,1985.82,1985.20088,1.5109,1103.268,HIT/DEFESA,2.78,5
2023-11-03 07:00:00,34,1985.69,1985.22883,9.0731,19010.0,HIT/DEFESA,3.39,5
2023-11-06 01:00:00,34,1988.42,1989.16808,-33.1323,1971.2329,HIT/DEFESA,-4.72,5
2023-11-06 04:00:00,134,1987.04,1986.07501,-6.9402,863.4387,HIT/DEFESA,-3.65,5
2023-11-06 10:00:00,134,1985.94,1985.93046,10.4342,2728.2353,HIT/DEFESA,0.38,5
2023-11-06 11:00:00,34,1986.81,1987.78452,13.0025,5901.1494,BREAK/RUPTURA,-2.01,5
2023-11-06 11:00:00,134,1986.81,1985.94349,13.0025,5901.1494,BREAK/RUPTURA,-2.01,5
2023-11-06 12:00:00,34,1987.26,1987.75454,19.512,9681.8182,BREAK/RUPTURA,-6.14,5
2023-11-06 13:00:00,34,1987.72,1987.75257,8.963,8426.087,BREAK/RUPTURA,-4.24,5
2023-11-06 15:00:00,134,1986.32,1985.97045,-4.7301,5060.0,HIT/DEFESA,-5.02,5
2023-11-10 06:00:00,34,1957.73,1957.33054,-6.942,1310.5263,HIT/DEFESA,-3.82,5
2023-11-10 07:00:00,34,1957.26,1957.32651,-4.9024,6506.5217,HIT/DEFESA,-3.2,5
2023-11-10 08:00:00,34,1956.94,1957.30442,-12.7587,11081.25,HIT/DEFESA,-8.7,5
2023-11-14 06:00:00,34,1944.76,1943.80291,-4.7284,29780.0,BREAK/RUPTURA,2.38,5
2023-11-14 07:00:00,34,1944.46,1943.84046,-7.0407,7150.0,BREAK/RUPTURA,2.4,5
2023-11-14 08:00:00,34,1944.65,1943.88672,-0.7713,10714.2857,BREAK/RUPTURA,1.23,5
2023-11-14 14:00:00,34,1945.13,1944.51065,-10.3228,3648.1481,BREAK/RUPTURA,17.05,5
2023-11-14 15:00:00,134,1954.33,1954.22535,38.3695,1436.205,HIT/DEFESA,8.39,5
2023-11-15 16:00:00,134,1957.44,1957.8976,-78.6132,1446.8293,BREAK/RUPTURA,4.33,5
2023-11-15 18:00:00,34,1962.34,1961.71172,-16.4837,9072.7273,HIT/DEFESA,-3.27,5
2023-11-15 21:00:00,34,1961.77,1961.63174,-2.9047,2000.7692,HIT/DEFESA,-3.32,5
2023-11-15 23:00:00,134,1959.07,1958.21074,-7.0392,2875.6757,BREAK/RUPTURA,2.38,5
2023-11-16 01:00:00,34,1960.41,1961.31409,-6.9325,1378.022,BREAK/RUPTURA,2.16,5
2023-11-16 03:00:00,134,1958.45,1958.26676,-3.1648,2757.265,BREAK/RUPTURA,8.53,5
2023-11-16 04:00:00,34,1960.78,1961.04422,1.8874,1563.2479,HIT/DEFESA,5.78,5
2023-11-16 05:00:00,34,1961.45,1961.06741,9.2364,2646.4789,HIT/DEFESA,6.05,5
2023-11-17 16:00:00,34,1980.43,1980.19538,-42.1357,2422.4771,HIT/DEFESA,-0.06,5
2023-11-17 18:00:00,34,1981.16,1980.42801,-18.1885,3034.4262,HIT/DEFESA,-0.7,5
2023-11-17 19:00:00,34,1981.14,1980.46869,3.5851,143233.3333,BREAK/RUPTURA,-6.61,5
2023-11-17 22:00:00,34,1980.81,1980.56067,-1.6657,5495.2381,BREAK/RUPTURA,2.07,5
2023-11-17 23:00:00,34,1980.46,1980.55491,-7.7699,3539.3939,BREAK/RUPTURA,1.82,5
2023-11-20 06:00:00,34,1981.44,1980.44912,1.6152,3135.5556,BREAK/RUPTURA,-2.13,5
2023-11-20 07:00:00,34,1980.64,1980.46003,-11.2967,4326.9231,HIT/DEFESA,-4.75,5
2023-11-20 08:00:00,34,1980.21,1980.44574,-10.4425,8380.0,HIT/DEFESA,-6.84,5
2023-11-20 11:00:00,34,1979.31,1980.09978,-4.545,2195.4167,HIT/DEFESA,-9.2,5
2023-11-20 16:00:00,134,1970.11,1970.3607,-16.52,5208.8398,BREAK/RUPTURA,8.36,5
2023-11-20 20:00:00,34,1977.4,1977.27571,27.5359,1840.6685,HIT/DEFESA,9.06,5
2023-11-20 22:00:00,34,1977.84,1977.3723,20.2143,3979.4118,HIT/DEFESA,12.85,5
2023-11-20 23:00:00,34,1977.76,1977.39446,1.8206,11311.1111,HIT/DEFESA,15.41,5
2023-11-23 03:00:00,34,1993.48,1994.08844,20.4583,2296.1783,HIT/DEFESA,2.7,5
2023-11-23 04:00:00,34,1994.28,1994.09939,19.0909,3058.75,HIT/DEFESA,2.13,5
2023-11-23 10:00:00,34,1994.99,1994.6922,-6.5121,2951.0791,HIT/DEFESA,-2.21,5
2023-11-23 11:00:00,34,1994.37,1994.67379,-9.0673,6073.6842,HIT/DEFESA,-0.55,5
2023-11-23 13:00:00,34,1993.89,1994.56953,-5.5138,5858.0645,HIT/DEFESA,-3.27,5
2023-11-24 02:00:00,34,1993.86,1993.84025,5.3191,6521.4286,HIT/DEFESA,0.45,5
2023-11-24 03:00:00,34,1992.89,1993.78595,3.9154,3538.7755,HIT/DEFESA,0.71,5
2023-11-24 05:00:00,34,1993.63,1993.69967,-1.1535,1871.9697,HIT/DEFESA,-0.24,5
2023-11-24 06:00:00,34,1993.72,1993.70083,4.1648,32087.5,HIT/DEFESA,0.83,5
2023-11-24 07:00:00,34,1994.31,1993.73564,9.8376,3393.3333,HIT/DEFESA,1.48,5
2023-11-24 08:00:00,34,1993.6,1993.72789,-0.1505,3297.2222,BREAK/RUPTURA,1.61,5
2023-11-24 09:00:00,34,1993.52,1993.71601,-1.0031,23850.0,BREAK/RUPTURA,1.99,5
2023-11-24 10:00:00,34,1993.39,1993.69738,-4.6131,56483.3333,BREAK/RUPTURA,6.23,5
2023-11-24 11:00:00,34,1994.55,1993.7461,4.7652,2654.2373,HIT/DEFESA,6.62,5
2023-11-30 10:00:00,34,2040.57,2040.80602,-5.7304,1431.5271,HIT/DEFESA,-3.74,5
2023-11-30 11:00:00,34,2039.95,2040.75711,-28.7901,7965.0794,HIT/DEFESA,-3.48,5
2023-11-30 18:00:00,34,2039.67,2039.77685,13.9432,4450.8475,BREAK/RUPTURA,-3.68,5
2023-12-01 05:00:00,34,2039.57,2039.30254,-11.6555,4380.303,BREAK/RUPTURA,5.81,5
2023-12-01 06:00:00,34,2040.23,2039.35554,-7.4935,2180.597,BREAK/RUPTURA,6.17,5
2023-12-01 08:00:00,34,2040.5,2039.51008,4.5598,6275.5102,BREAK/RUPTURA,-3.43,5
2023-12-01 09:00:00,34,2039.51,2039.51007,-3.529,3091.1765,HIT/DEFESA,-3.43,5
2023-12-04 09:00:00,34,2063.49,2063.8972,-105.3959,602.7481,BREAK/RUPTURA,6.29,5
2023-12-06 09:00:00,134,2034.12,2033.70639,59.8909,600.0,BREAK/RUPTURA,-7.9,5
2023-12-06 14:00:00,34,2026.22,2027.1471,24.8863,821.8557,HIT/DEFESA,3.29,5
2023-12-07 01:00:00,34,2027.09,2027.66762,-13.7939,1005.1136,HIT/DEFESA,-0.99,5
2023-12-07 02:00:00,34,2028.62,2027.72204,10.2144,1259.5092,BREAK/RUPTURA,-1.8,5
2023-12-07 05:00:00,34,2026.91,2027.66987,-8.4294,1361.7925,BREAK/RUPTURA,6.07,5
2023-12-07 07:00:00,34,2026.82,2027.53673,-10.9904,3192.7711,BREAK/RUPTURA,6.8,5
2023-12-07 13:00:00,134,2032.64,2031.92247,-1.6724,3615.534,HIT/DEFESA,-6.21,5
2023-12-07 21:00:00,34,2029.9,2029.34533,17.1237,7129.5455,HIT/DEFESA,2.27,5
2023-12-07 22:00:00,34,2029.36,2029.34617,2.6616,5044.2308,HIT/DEFESA,3.17,5
2023-12-08 02:00:00,134,2031.03,2031.56904,8.2292,1805.6537,BREAK/RUPTURA,-1.03,5
2023-12-08 03:00:00,134,2032.17,2031.57794,21.8964,6229.4118,BREAK/RUPTURA,-1.76,5
2023-12-08 04:00:00,134,2032.53,2031.59205,22.0408,12733.3333,BREAK/RUPTURA,-1.65,5
2023-12-08 05:00:00,134,2032.49,2031.60535,7.1885,108833.3333,BREAK/RUPTURA,-4.25,5
2023-12-08 06:00:00,134,2031.51,2031.60394,-3.2478,2150.5051,HIT/DEFESA,-2.89,5
2023-12-08 07:00:00,34,2030.0,2029.89871,-12.4475,1929.2208,HIT/DEFESA,-0.23,5
2023-12-08 08:00:00,34,2030.41,2029.92793,-10.2338,9000.0,HIT/DEFESA,-0.37,5
2023-12-08 09:00:00,34,2030.88,2029.98234,-3.1011,9139.1304,HIT/DEFESA,-3.31,5
2023-12-08 09:00:00,134,2030.88,2031.55273,-3.1011,9139.1304,HIT/DEFESA,-3.31,5
2023-12-08 12:00:00,34,2029.77,2029.80829,-5.4656,4553.8462,HIT/DEFESA,-20.81,5
2023-12-08 13:00:00,34,2030.04,2029.82153,8.8747,13865.3846,BREAK/RUPTURA,-27.73,5
2023-12-13 12:00:00,34,1983.23,1983.14301,20.058,3982.6667,BREAK/RUPTURA,-1.32,5
2023-12-13 13:00:00,34,1982.8,1983.12341,12.4727,5307.6923,BREAK/RUPTURA,-1.4,5
2023-12-13 19:00:00,34,1982.19,1982.85312,0.9082,4870.5882,HIT/DEFESA,50.69,5
2023-12-13 20:00:00,34,1982.18,1982.81465,1.3623,109000.0,HIT/DEFESA,55.81,5
2023-12-15 15:00:00,34,2031.41,2031.89232,-54.6857,1213.313,HIT/DEFESA,-11.74,5
2023-12-15 19:00:00,34,2032.78,2032.28266,-2.4591,3951.3761,HIT/DEFESA,-15.4,5
2023-12-15 22:00:00,134,2018.0,2017.67995,-72.7083,3931.1927,BREAK/RUPTURA,3.91,5
2023-12-18 01:00:00,134,2017.38,2017.69755,-8.6671,1243.1138,BREAK/RUPTURA,5.79,5
2023-12-18 12:00:00,134,2019.28,2018.37215,-19.0299,1038.5445,BREAK/RUPTURA,3.03,5
2023-12-18 15:00:00,34,2025.85,2025.3708,32.5363,2109.9138,HIT/DEFESA,0.69,5
2023-12-18 22:00:00,34,2026.48,2025.61648,-34.7178,13037.5,HIT/DEFESA,-1.96,5
2023-12-19 03:00:00,34,2026.13,2025.92558,-6.9542,2368.4685,HIT/DEFESA,-1.32,5
2023-12-19 08:00:00,34,2024.81,2025.48259,7.5125,5957.3529,HIT/DEFESA,1.68,5
2023-12-19 09:00:00,34,2024.81,2025.44415,3.4089,492500.0,HIT/DEFESA,4.66,5
2023-12-19 11:00:00,34,2026.29,2025.58493,7.3093,3040.9091,HIT/DEFESA,15.18,5
2023-12-19 12:00:00,34,2025.66,2025.58922,4.1979,3615.3846,HIT/DEFESA,16.19,5
2023-12-19 13:00:00,34,2026.49,2025.64069,-3.3051,2311.7647,BREAK/RUPTURA,17.9,5
2023-12-20 12:00:00,34,2035.99,2035.89336,-30.8965,672.3618,HIT/DEFESA,-3.44,5
2023-12-20 18:00:00,34,2034.79,2035.59632,-7.9061,2095.8333,HIT/DEFESA,-4.17,5
2023-12-20 19:00:00,34,2034.73,2035.54681,-16.1431,38010.0,HIT/DEFESA,-2.51,5
2023-12-20 20:00:00,34,2036.31,2035.59042,18.4989,2277.5641,BREAK/RUPTURA,-2.66,5
2023-12-21 02:00:00,34,2033.65,2034.61854,19.1155,1134.2466,HIT/DEFESA,2.54,5
2023-12-21 03:00:00,34,2035.45,2034.66606,23.7858,1867.0455,HIT/DEFESA,1.43,5
2023-12-21 09:00:00,34,2034.99,2035.18233,-6.6786,1657.5916,BREAK/RUPTURA,3.0,5
2023-12-21 11:00:00,34,2035.42,2035.26475,-7.1678,2594.6429,BREAK/RUPTURA,6.61,5
2023-12-26 16:00:00,34,2057.16,2057.3941,-31.0627,3602.4845,BREAK/RUPTURA,4.53,5
2023-12-26 17:00:00,34,2056.87,2057.36415,-24.0079,14696.4286,BREAK/RUPTURA,11.51,5
2023-12-26 19:00:00,34,2057.81,2057.50901,3.1597,1385.0,HIT/DEFESA,8.37,5
2023-12-26 20:00:00,34,2058.35,2057.55707,7.1954,4703.7037,HIT/DEFESA,7.24,5
2023-12-28 13:00:00,34,2075.49,2075.87023,-9.098,1507.3446,HIT/DEFESA,-1.28,5
2023-12-28 14:00:00,34,2076.51,2075.90679,-2.311,3741.1765,HIT/DEFESA,-1.68,5
2023-12-29 07:00:00,34,2072.29,2072.59365,17.4023,1005.2632,BREAK/RUPTURA,-7.51,5
2023-12-29 08:00:00,34,2072.78,2072.6043,15.9944,5347.2727,BREAK/RUPTURA,-5.06,5
2023-12-29 09:00:00,34,2071.95,2072.56691,9.2752,3016.092,BREAK/RUPTURA,-6.52,5
2023-12-29 23:00:00,134,2062.18,2061.63303,-12.9791,1292.0,BREAK/RUPTURA,7.47,5
2024-01-02 04:00:00,34,2067.86,2067.74582,20.0609,2539.0625,HIT/DEFESA,5.34,5
2024-01-02 13:00:00,34,2069.21,2069.94102,-19.8233,792.9851,HIT/DEFESA,-3.09,5
2024-01-02 16:00:00,34,2070.28,2069.65934,5.1711,2528.5354,BREAK/RUPTURA,-9.39,5
2024-01-02 19:00:00,134,2062.71,2063.46134,-36.5651,1456.0472,HIT/DEFESA,-3.0,5
2024-01-03 03:00:00,134,2062.49,2063.13998,18.069,1714.7321,HIT/DEFESA,1.82,5
2024-01-03 04:00:00,34,2064.69,2065.68878,24.1782,1339.1705,BREAK/RUPTURA,-1.72,5
2024-01-03 05:00:00,34,2065.11,2065.65571,23.6867,4608.6957,BREAK/RUPTURA,-5.05,5
2024-01-03 06:00:00,34,2064.85,2065.60967,11.4425,6666.6667,BREAK/RUPTURA,-8.06,5
2024-01-03 07:00:00,134,2064.1,2063.22944,-2.8576,2856.7568,HIT/DEFESA,-9.18,5
2024-01-03 09:00:00,134,2062.97,2063.24137,-9.1048,2864.7059,HIT/DEFESA,-17.29,5
2024-01-04 11:00:00,34,2048.01,2048.62711,3.7612,4093.3884,BREAK/RUPTURA,-8.63,5
2024-01-04 12:00:00,34,2047.99,2048.5907,1.8558,202700.0,BREAK/RUPTURA,-2.87,5
2024-01-05 03:00:00,34,2046.17,2045.9358,14.389,2371.0383,BREAK/RUPTURA,-3.71,5
2024-01-05 04:00:00,34,2046.17,2045.94918,9.735,124600.0,BREAK/RUPTURA,-3.05,5
2024-01-05 05:00:00,34,2045.28,2045.91094,4.5981,2618.75,BREAK/RUPTURA,-2.83,5
2024-01-05 18:00:00,34,2045.08,2044.65316,24.7054,1012.2574,HIT/DEFESA,0.24,5
2024-01-05 21:00:00,34,2045.74,2044.76797,3.2273,1816.129,BREAK/RUPTURA,-1.96,5
2024-01-05 23:00:00,34,2045.32,2044.73928,-13.9636,768.8623,HIT/DEFESA,-9.25,5
2024-01-08 01:00:00,34,2044.29,2044.71361,-7.0879,2471.4286,HIT/DEFESA,-8.49,5
2024-01-08 03:00:00,34,2043.78,2044.72795,-7.5294,1993.2039,HIT/DEFESA,-10.79,5
2024-01-09 02:00:00,34,2034.3,2033.50466,35.3207,867.507,BREAK/RUPTURA,-1.52,5
2024-01-09 04:00:00,34,2034.0,2033.46483,15.9546,1935.2273,HIT/DEFESA,1.98,5
2024-01-09 06:00:00,34,2032.85,2033.43698,3.0016,3348.4375,HIT/DEFESA,2.54,5
2024-01-09 07:00:00,34,2032.78,2033.39944,-5.998,28233.3333,BREAK/RUPTURA,2.63,5
2024-01-09 08:00:00,34,2033.18,2033.3869,-2.0653,7170.4545,BREAK/RUPTURA,1.79,5
2024-01-09 10:00:00,34,2034.27,2033.57707,7.3299,3493.4066,HIT/DEFESA,4.37,5
2024-01-09 16:00:00,34,2034.71,2034.28213,-1.2777,2523.4694,HIT/DEFESA,-5.83,5
2024-01-10 03:00:00,34,2031.74,2032.28117,9.3603,2882.8767,BREAK/RUPTURA,-7.14,5
2024-01-10 09:00:00,34,2030.99,2031.21491,6.0105,691.4861,HIT/DEFESA,0.53,5
2024-01-10 14:00:00,34,2031.52,2031.96181,-20.4845,1633.3333,HIT/DEFESA,-7.46,5
2024-01-11 03:00:00,34,2029.73,2029.10999,27.6662,1863.7838,HIT/DEFESA,4.25,5
2024-01-11 04:00:00,34,2029.65,2029.14085,14.4569,38325.0,HIT/DEFESA,4.22,5
2024-01-11 10:00:00,34,2030.86,2030.13246,-10.2806,1440.3974,HIT/DEFESA,-1.43,5
2024-01-11 16:00:00,34,2029.72,2030.5278,-22.7101,84900.0,HIT/DEFESA,-3.23,5
2024-01-11 22:00:00,34,2027.55,2027.9912,65.33,5821.9048,HIT/DEFESA,6.49,5
2024-01-11 23:00:00,34,2028.54,2028.02256,57.2635,2818.75,HIT/DEFESA,5.39,5
2024-01-12 06:00:00,134,2034.72,2035.15591,4.2284,2964.6341,HIT/DEFESA,3.41,5
2024-01-12 07:00:00,134,2036.09,2035.16975,10.0785,2384.058,HIT/DEFESA,9.79,5
2024-01-12 08:00:00,134,2035.21,2035.17035,6.2932,3848.8636,HIT/DEFESA,10.19,5
2024-01-16 03:00:00,34,2050.82,2050.30265,-16.4055,12123.0769,HIT/DEFESA,-0.34,5
2024-01-16 04:00:00,34,2050.54,2050.31621,-16.8452,16344.4444,HIT/DEFESA,-1.13,5
2024-01-16 05:00:00,34,2049.48,2050.26843,-9.0185,3438.0952,HIT/DEFESA,-6.33,5
2024-01-16 06:00:00,34,2049.38,2050.21766,-7.0216,24433.3333,HIT/DEFESA,-8.14,5
2024-01-16 08:00:00,34,2050.48,2050.14819,4.8793,1941.6216,BREAK/RUPTURA,-10.57,5
2024-01-16 09:00:00,34,2049.41,2050.10601,0.1464,5041.5094,BREAK/RUPTURA,-10.91,5
2024-01-16 10:00:00,134,2043.15,2042.98234,-26.8469,1455.6619,HIT/DEFESA,-5.53,5
2024-01-18 14:00:00,34,2015.03,2015.89028,24.1771,2882.9876,HIT/DEFESA,1.31,5
2024-01-18 18:00:00,34,2014.86,2015.229,28.7195,6945.4545,HIT/DEFESA,7.89,5
2024-01-19 09:00:00,134,2028.05,2027.86392,34.4865,1387.1734,HIT/DEFESA,4.82,5
2024-01-19 19:00:00,134,2029.08,2028.16915,-2.8084,1659.7156,HIT/DEFESA,-1.48,5
2024-01-19 20:00:00,134,2027.88,2028.16486,0.5425,4410.7438,HIT/DEFESA,1.19,5
2024-01-19 22:00:00,134,2028.33,2028.18184,-3.6963,3527.7108,BREAK/RUPTURA,1.44,5
2024-01-22 01:00:00,134,2027.6,2028.19114,-7.6879,1582.7869,HIT/DEFESA,-2.15,5
2024-01-22 02:00:00,134,2029.07,2028.20416,3.6483,2010.596,BREAK/RUPTURA,-5.9,5
2024-01-22 03:00:00,134,2029.07,2028.21699,-1.6754,559400.0,HIT/DEFESA,-8.23,5
2024-01-22 06:00:00,34,2025.45,2025.93293,-17.8407,1426.4516,HIT/DEFESA,-3.76,5
2024-01-22 17:00:00,34,2024.13,2024.85693,-27.5407,6648.0769,HIT/DEFESA,-3.28,5
2024-01-23 02:00:00,34,2022.83,2023.6438,9.7979,1093.1707,HIT/DEFESA,7.95,5
2024-01-23 04:00:00,34,2022.55,2023.47819,9.0066,6403.6145,HIT/DEFESA,9.11,5
2024-01-23 05:00:00,134,2027.49,2026.69621,23.037,1071.1111,HIT/DEFESA,1.48,5
2024-01-23 06:00:00,134,2027.67,2026.71063,29.3808,10030.0,HIT/DEFESA,1.07,5
2024-01-23 12:00:00,34,2025.14,2025.68336,-32.092,1445.9064,HIT/DEFESA,-0.01,5
2024-01-23 14:00:00,34,2025.74,2025.59105,-14.7875,2859.6685,HIT/DEFESA,-1.46,5
2024-01-23 17:00:00,34,2025.13,2025.40275,-3.0112,5394.3878,BREAK/RUPTURA,3.56,5
2024-01-23 18:00:00,34,2025.77,2025.42374,4.0001,12225.4237,HIT/DEFESA,3.19,5
2024-01-23 20:00:00,34,2025.26,2025.35276,0.6419,4956.25,HIT/DEFESA,2.1,5
2024-01-24 02:00:00,134,2027.36,2026.89375,-6.556,1385.1852,HIT/DEFESA,-2.86,5
2024-01-24 03:00:00,34,2027.18,2026.28199,-8.773,40984.6154,HIT/DEFESA,-1.2,5
2024-01-24 03:00:00,134,2027.18,2026.89799,-8.773,40984.6154,HIT/DEFESA,-1.2,5
2024-01-24 08:00:00,34,2025.98,2025.91018,5.6795,2936.0,HIT/DEFESA,7.46,5
2024-01-24 08:00:00,134,2025.98,2026.74667,5.6795,2936.0,HIT/DEFESA,7.46,5
2024-01-25 12:00:00,34,2019.2,2019.71624,16.8668,2942.4242,HIT/DEFESA,1.1,5
2024-01-25 15:00:00,34,2019.37,2019.26018,0.8419,2271.9237,BREAK/RUPTURA,-5.11,5
2024-01-25 16:00:00,134,2023.6,2024.03118,30.0863,3304.918,BREAK/RUPTURA,-5.83,5
2024-01-25 21:00:00,34,2017.77,2018.69725,15.7351,1245.3782,HIT/DEFESA,4.12,5
2024-01-26 07:00:00,134,2023.11,2023.22931,5.935,1145.9184,HIT/DEFESA,0.34,5
2024-01-26 10:00:00,34,2020.51,2020.07356,-12.8515,5977.2152,BREAK/RUPTURA,4.17,5
2024-01-26 11:00:00,34,2020.83,2020.11679,-3.6605,17485.7143,HIT/DEFESA,-0.58,5
2024-01-26 12:00:00,134,2023.45,2023.10825,10.5377,1566.1597,BREAK/RUPTURA,-6.37,5
2024-01-26 13:00:00,134,2023.46,2023.11346,14.6003,199000.0,BREAK/RUPTURA,-5.28,5
2024-01-26 14:00:00,34,2021.34,2020.53613,2.5237,1952.1531,BREAK/RUPTURA,-4.69,5
2024-01-26 16:00:00,34,2020.25,2020.74304,-15.8639,2545.2055,HIT/DEFESA,-3.19,5
2024-01-29 01:00:00,134,2021.88,2022.51387,23.8962,2611.0465,HIT/DEFESA,4.32,5
2024-01-29 02:00:00,134,2021.56,2022.49974,14.7629,11008.1081,HIT/DEFESA,3.89,5
2024-01-29 03:00:00,134,2023.24,2022.5107,25.5689,3388.7574,HIT/DEFESA,5.55,5
2024-01-29 16:00:00,34,2024.78,2024.65473,-16.8622,883.1126,BREAK/RUPTURA,2.17,5
2024-01-29 17:00:00,34,2025.48,2024.70188,-14.6909,12894.5946,BREAK/RUPTURA,7.15,5
2024-01-29 20:00:00,34,2025.84,2025.14177,1.7774,1265.2422,HIT/DEFESA,7.78,5
2024-01-30 17:00:00,34,2032.65,2032.06563,-16.4048,1178.7509,BREAK/RUPTURA,3.34,5
2024-01-30 20:00:00,34,2032.78,2032.40967,0.6396,3614.2857,HIT/DEFESA,3.35,5
2024-01-31 04:00:00,34,2033.71,2033.48942,-13.6019,4216.129,BREAK/RUPTURA,2.87,5
2024-01-31 05:00:00,34,2033.92,2033.51403,-10.8539,10643.4783,BREAK/RUPTURA,5.19,5
2024-01-31 06:00:00,34,2034.53,2033.57208,-0.6389,2146.7742,BREAK/RUPTURA,3.69,5
2024-01-31 08:00:00,34,2034.33,2033.69825,2.0158,3784.4156,HIT/DEFESA,2.92,5
2024-01-31 23:00:00,34,2039.44,2039.09802,-33.4752,1111.6631,BREAK/RUPTURA,6.88,5
2024-02-01 01:00:00,34,2039.94,2039.14613,-23.67,5040.625,BREAK/RUPTURA,5.83,5
2024-02-01 10:00:00,34,2041.96,2041.04336,-12.2282,9016.2791,HIT/DEFESA,-1.9,5
2024-02-01 11:00:00,34,2041.11,2041.04717,-11.9889,6865.8537,BREAK/RUPTURA,4.94,5
2024-02-01 12:00:00,134,2031.92,2032.86074,-53.7471,683.0044,BREAK/RUPTURA,20.01,5
2024-02-01 13:00:00,134,2033.44,2032.86933,-41.7246,4360.0,BREAK/RUPTURA,25.9,5
2024-02-01 15:00:00,34,2040.06,2039.80042,40.0606,2265.5232,HIT/DEFESA,15.67,5
2024-02-02 23:00:00,134,2039.39,2038.67504,9.5217,435.8025,BREAK/RUPTURA,-7.18,5
2024-02-05 01:00:00,134,2039.33,2038.68474,5.9368,6123.4043,BREAK/RUPTURA,-7.43,5
2024-02-05 03:00:00,134,2038.02,2038.63089,-6.7177,2369.7479,HIT/DEFESA,-7.03,5
2024-02-06 07:00:00,34,2029.49,2029.28167,17.3249,1540.1899,BREAK/RUPTURA,-5.55,5
2024-02-06 14:00:00,34,2027.79,2028.03902,20.5571,5304.7619,HIT/DEFESA,9.26,5
2024-02-07 05:00:00,134,2034.41,2033.76314,-3.1449,132450.0,HIT/DEFESA,-1.5,5
2024-02-07 07:00:00,134,2033.39,2033.77946,-5.112,1698.9362,HIT/DEFESA,-0.14,5
2024-02-07 10:00:00,34,2032.91,2032.48592,-2.3606,2046.2882,BREAK/RUPTURA,3.26,5
2024-02-07 10:00:00,134,2032.91,2033.78401,-2.3606,2046.2882,BREAK/RUPTURA,3.26,5
2024-02-07 11:00:00,134,2034.37,2033.79269,3.8848,3147.8873,HIT/DEFESA,8.14,5
2024-02-07 12:00:00,34,2033.25,2032.63109,-9.4341,3406.3063,BREAK/RUPTURA,5.13,5
2024-02-07 12:00:00,134,2033.25,2033.78465,-9.4341,3406.3063,BREAK/RUPTURA,5.13,5
2024-02-07 13:00:00,134,2034.07,2033.78887,5.7061,5049.3976,HIT/DEFESA,4.34,5
2024-02-07 14:00:00,34,2033.49,2032.7577,-4.3257,9528.0702,BREAK/RUPTURA,2.16,5
2024-02-07 14:00:00,134,2033.49,2033.78445,-4.3257,9528.0702,BREAK/RUPTURA,2.16,5
2024-02-07 20:00:00,34,2034.88,2034.17692,-17.1705,7234.6154,BREAK/RUPTURA,2.43,5
2024-02-07 20:00:00,134,2034.88,2034.11409,-17.1705,7234.6154,BREAK/RUPTURA,2.43,5
2024-02-07 22:00:00,34,2034.71,2034.28243,-4.6177,2872.619,BREAK/RUPTURA,1.42,5
2024-02-07 22:00:00,134,2034.71,2034.14417,-4.6177,2872.619,BREAK/RUPTURA,1.42,5
2024-02-07 23:00:00,34,2034.94,2034.32001,0.2949,3952.0,BREAK/RUPTURA,-2.13,5
2024-02-07 23:00:00,134,2034.94,2034.15596,0.2949,3952.0,BREAK/RUPTURA,-2.13,5
2024-02-08 07:00:00,134,2033.5,2034.24561,-12.9167,1582.8571,BREAK/RUPTURA,2.62,5
2024-02-08 08:00:00,134,2033.31,2034.23175,2.4596,7948.0,BREAK/RUPTURA,-4.24,5
2024-02-08 17:00:00,34,2031.95,2032.51585,34.2714,2644.9591,HIT/DEFESA,1.06,5
2024-02-08 18:00:00,34,2031.91,2032.48123,53.436,248933.3333,HIT/DEFESA,3.45,5
2024-02-08 19:00:00,34,2031.75,2032.43945,17.1575,31805.5556,HIT/DEFESA,2.52,5
2024-02-08 21:00:00,34,2032.59,2032.43084,3.3466,8965.2174,HIT/DEFESA,1.66,5
2024-02-08 22:00:00,34,2033.01,2032.46394,6.2016,7232.5,HIT/DEFESA,1.35,5
2024-02-08 22:00:00,134,2033.01,2033.59595,6.2016,7232.5,HIT/DEFESA,1.35,5
2024-02-09 01:00:00,134,2034.27,2033.63168,8.2653,13460.0,BREAK/RUPTURA,-1.5,5
2024-02-09 03:00:00,134,2034.25,2033.61805,-5.4536,909.2593,HIT/DEFESA,-0.38,5
2024-02-09 05:00:00,34,2033.55,2032.90488,7.2832,1318.0723,BREAK/RUPTURA,-1.17,5
2024-02-09 05:00:00,134,2033.55,2033.62787,7.2832,1318.0723,BREAK/RUPTURA,-1.17,5
2024-02-09 06:00:00,34,2032.77,2032.89718,-7.2754,1231.7647,HIT/DEFESA,-1.19,5
2024-02-09 06:00:00,134,2032.77,2033.61516,-7.2754,1231.7647,HIT/DEFESA,-1.19,5
2024-02-09 07:00:00,34,2032.9,2032.89734,-7.1767,5564.7059,HIT/DEFESA,-0.07,5
2024-02-09 07:00:00,134,2032.9,2033.60456,-7.1767,5564.7059,HIT/DEFESA,-0.07,5
2024-02-09 08:00:00,34,2033.87,2032.95292,1.5736,1335.4167,BREAK/RUPTURA,-2.31,5
2024-02-09 08:00:00,134,2033.87,2033.6085,1.5736,1335.4167,BREAK/RUPTURA,-2.31,5
2024-02-09 09:00:00,34,2033.59,2032.98932,4.0339,9858.6207,BREAK/RUPTURA,-4.8,5
2024-02-09 09:00:00,134,2033.59,2033.60822,4.0339,9858.6207,BREAK/RUPTURA,-4.8,5
2024-02-09 10:00:00,34,2032.38,2032.9545,-2.5579,3796.8992,HIT/DEFESA,-5.32,5
2024-02-09 12:00:00,34,2032.83,2032.87334,-3.7372,2543.0769,HIT/DEFESA,-10.32,5
2024-02-09 12:00:00,134,2032.83,2033.54943,-3.7372,2543.0769,HIT/DEFESA,-10.32,5
2024-02-13 07:00:00,34,2020.8,2021.58628,9.064,569.8324,HIT/DEFESA,5.83,5
2024-02-13 13:00:00,134,2027.71,2027.89432,7.7487,3381.7308,BREAK/RUPTURA,-32.81,5
2024-02-13 14:00:00,134,2028.3,2027.90033,8.0427,5425.0,BREAK/RUPTURA,-34.58,5
2024-02-15 10:00:00,34,1995.21,1994.99566,16.567,3211.7647,HIT/DEFESA,8.58,5
2024-02-15 12:00:00,34,1996.02,1995.1277,10.7831,10616.6667,HIT/DEFESA,4.76,5
2024-02-16 15:00:00,34,2001.46,2002.30989,-28.5971,1950.9398,BREAK/RUPTURA,12.44,5
2024-02-16 17:00:00,134,2007.9,2008.4925,4.9828,1294.4444,HIT/DEFESA,4.0,5
2024-02-16 18:00:00,134,2009.21,2008.50313,38.7217,6039.6947,HIT/DEFESA,3.91,5
2024-02-21 21:00:00,34,2026.01,2025.39096,10.0792,1770.8229,HIT/DEFESA,1.05,5
2024-02-21 22:00:00,34,2024.35,2025.33147,0.5434,2584.6626,HIT/DEFESA,3.42,5
2024-02-21 23:00:00,34,2025.93,2025.36567,19.8822,1299.3631,HIT/DEFESA,0.37,5
2024-02-22 01:00:00,34,2025.65,2025.38192,-1.7769,5508.3333,BREAK/RUPTURA,3.15,5
2024-02-22 05:00:00,34,2026.3,2025.70041,-0.8389,827.0833,BREAK/RUPTURA,6.99,5
2024-02-22 14:00:00,34,2028.28,2027.38565,-9.9001,5956.1644,HIT/DEFESA,-5.3,5
2024-02-22 18:00:00,134,2020.99,2020.56716,-23.3497,2540.3292,BREAK/RUPTURA,3.13,5
2024-02-23 05:00:00,34,2025.74,2025.68496,5.9273,1122.963,BREAK/RUPTURA,-6.26,5
2024-02-23 06:00:00,34,2026.11,2025.70925,-3.8976,2023.5294,HIT/DEFESA,-9.32,5
2024-02-23 08:00:00,134,2020.94,2021.19094,-23.695,1620.0,BREAK/RUPTURA,2.97,5
2024-02-23 09:00:00,134,2021.84,2021.20056,-21.0749,3716.4706,BREAK/RUPTURA,6.15,5
2024-02-23 13:00:00,34,2023.91,2024.19715,21.9363,3848.5149,HIT/DEFESA,14.46,5
2024-02-23 15:00:00,34,2025.38,2024.46909,12.0617,2776.8657,HIT/DEFESA,15.06,5
2024-02-26 13:00:00,34,2030.91,2030.74573,-15.2408,3511.3821,HIT/DEFESA,-3.11,5
2024-02-26 21:00:00,34,2029.75,2030.3172,9.6163,6417.0732,HIT/DEFESA,3.86,5
2024-02-26 23:00:00,34,2031.13,2030.47101,8.9192,639.3162,HIT/DEFESA,2.31,5
2024-02-27 01:00:00,34,2031.31,2030.51895,7.6857,1317.7419,HIT/DEFESA,2.45,5
2024-02-27 02:00:00,34,2031.52,2030.57615,-3.8872,6195.8333,BREAK/RUPTURA,2.13,5
2024-02-27 17:00:00,34,2033.79,2033.40852,-22.2242,7085.7143,HIT/DEFESA,-3.65,5
2024-02-27 18:00:00,34,2033.14,2033.39318,-11.1035,8019.1176,HIT/DEFESA,-2.91,5
2024-02-27 20:00:00,34,2032.41,2033.2781,-6.7854,42033.3333,HIT/DEFESA,-1.55,5
2024-02-28 03:00:00,34,2033.45,2032.57795,15.8603,931.4176,BREAK/RUPTURA,-4.08,5
2024-02-28 09:00:00,134,2028.1,2028.1763,-10.5898,2112.0,BREAK/RUPTURA,1.5,5
2024-02-28 12:00:00,134,2027.4,2028.09791,-3.4515,1587.1486,BREAK/RUPTURA,4.45,5
2024-02-28 13:00:00,134,2027.28,2028.0858,2.1709,130550.0,HIT/DEFESA,6.33,5
2024-02-28 16:00:00,34,2031.9,2031.01376,22.7892,2072.8426,HIT/DEFESA,0.26,5
2024-02-28 17:00:00,34,2031.85,2031.06155,11.0859,293000.0,HIT/DEFESA,1.92,5
2024-02-28 20:00:00,34,2031.6,2031.37093,-1.2304,1396.4126,BREAK/RUPTURA,2.53,5
2024-02-28 21:00:00,34,2032.16,2031.41602,-7.1302,3814.0351,BREAK/RUPTURA,4.32,5
2024-02-29 11:00:00,34,2034.64,2033.75637,-10.9972,1427.9412,BREAK/RUPTURA,13.13,5
2024-02-29 12:00:00,134,2030.82,2029.85472,-31.7579,1110.5541,BREAK/RUPTURA,17.35,5
2024-02-29 13:00:00,134,2030.29,2029.86117,-34.0169,7634.6154,BREAK/RUPTURA,14.68,5
2024-02-29 14:00:00,134,2030.25,2029.86693,-21.5763,183650.0,BREAK/RUPTURA,15.44,5
2024-03-12 07:00:00,34,2178.21,2177.81983,-20.7995,1956.962,HIT/DEFESA,-1.23,5
2024-03-12 10:00:00,34,2177.01,2177.55437,-5.5091,2690.6433,HIT/DEFESA,-7.21,5
2024-03-12 11:00:00,34,2177.84,2177.57069,7.4441,5483.1461,BREAK/RUPTURA,-17.42,5
2024-03-12 12:00:00,34,2176.98,2177.53694,7.9071,4728.7356,BREAK/RUPTURA,-14.93,5
2024-03-13 14:00:00,34,2163.98,2164.42246,26.5493,6080.9524,HIT/DEFESA,9.65,5
2024-03-13 15:00:00,34,2163.58,2164.37432,23.442,20642.5,HIT/DEFESA,10.95,5
2024-03-14 08:00:00,34,2168.82,2169.49814,-18.0877,1064.0678,BREAK/RUPTURA,1.75,5
2024-03-14 09:00:00,34,2168.73,2169.45424,-16.0665,31969.2308,HIT/DEFESA,-0.21,5
2024-03-14 10:00:00,34,2168.72,2169.41229,-13.9979,45630000.0,HIT/DEFESA,-5.91,5
2024-03-14 11:00:00,34,2169.63,2169.42473,3.7347,5172.8261,BREAK/RUPTURA,-7.15,5
2024-03-14 12:00:00,34,2170.03,2169.45931,5.9943,9751.1628,BREAK/RUPTURA,-8.01,5
2024-03-14 14:00:00,34,2168.52,2169.46548,-5.1161,1835.468,HIT/DEFESA,-9.86,5
2024-03-14 19:00:00,134,2158.66,2158.26541,-17.6649,4667.7632,BREAK/RUPTURA,2.78,5
2024-03-15 06:00:00,34,2164.63,2165.02123,8.9703,1034.5291,HIT/DEFESA,4.44,5
2024-03-15 07:00:00,34,2164.48,2164.9903,8.4156,11014.2857,HIT/DEFESA,7.35,5
2024-03-15 14:00:00,34,2166.99,2166.30201,-9.5894,1659.2105,HIT/DEFESA,-8.15,5
2024-03-15 16:00:00,134,2160.12,2159.92152,-42.226,6248.2353,HIT/DEFESA,-0.78,5
2024-03-15 18:00:00,134,2160.04,2159.98732,-8.3262,1871.2589,HIT/DEFESA,-4.39,5
2024-03-15 21:00:00,134,2159.34,2159.9153,-3.2407,1499.6016,HIT/DEFESA,-2.73,5
2024-03-18 13:00:00,34,2158.27,2157.31424,28.0173,1361.6959,HIT/DEFESA,0.11,5
2024-03-18 13:00:00,134,2158.27,2158.43673,28.0173,1361.6959,HIT/DEFESA,0.11,5
2024-03-18 15:00:00,134,2159.11,2158.4847,19.8159,4152.8205,HIT/DEFESA,0.86,5
2024-03-18 16:00:00,34,2156.68,2157.56401,-7.367,4068.3544,BREAK/RUPTURA,2.73,5
2024-03-18 17:00:00,34,2158.5,2157.6175,-11.7536,4760.8939,BREAK/RUPTURA,1.69,5
2024-03-18 17:00:00,134,2158.5,2158.45859,-11.7536,4760.8939,BREAK/RUPTURA,1.69,5
2024-03-18 18:00:00,34,2158.38,2157.66107,-3.381,182325.0,BREAK/RUPTURA,1.55,5
2024-03-18 18:00:00,134,2158.38,2158.45742,-3.381,182325.0,BREAK/RUPTURA,1.55,5
2024-03-18 21:00:00,134,2159.41,2158.51507,4.7721,6605.3571,HIT/DEFESA,1.22,5
2024-03-19 20:00:00,34,2156.9,2156.90525,9.0489,2406.7227,HIT/DEFESA,0.14,5
2024-03-19 21:00:00,34,2156.77,2156.89752,11.4654,30615.3846,HIT/DEFESA,0.37,5
2024-03-19 22:00:00,34,2157.66,2156.94109,14.6205,3817.6471,HIT/DEFESA,1.01,5
2024-03-19 22:00:00,134,2157.66,2158.10188,14.6205,3817.6471,HIT/DEFESA,1.01,5
2024-03-19 23:00:00,34,2157.26,2156.95932,1.6691,2912.1951,HIT/DEFESA,1.69,5
2024-03-19 23:00:00,134,2157.26,2158.08941,1.6691,2912.1951,HIT/DEFESA,1.69,5
2024-03-20 01:00:00,134,2158.7,2158.09845,8.9486,577.6923,HIT/DEFESA,1.16,5
2024-03-20 02:00:00,34,2157.04,2157.05771,-2.8735,722.7545,HIT/DEFESA,-0.15,5
2024-03-20 04:00:00,134,2158.67,2158.07771,-0.139,2623.3333,HIT/DEFESA,-1.68,5
2024-03-20 07:00:00,34,2156.89,2157.37617,-8.2458,761.7647,HIT/DEFESA,-2.19,5
2024-03-20 08:00:00,34,2157.43,2157.37925,-7.0405,4173.2143,HIT/DEFESA,-3.15,5
2024-03-20 08:00:00,134,2157.43,2158.08877,-7.0405,4173.2143,HIT/DEFESA,-3.15,5
2024-03-20 09:00:00,34,2156.99,2157.357,-13.2879,6932.4324,HIT/DEFESA,-3.02,5
2024-03-20 10:00:00,34,2158.27,2157.40918,6.3981,3429.4118,BREAK/RUPTURA,-5.11,5
2024-03-20 10:00:00,134,2158.27,2158.07542,6.3981,3429.4118,BREAK/RUPTURA,-5.11,5
2024-03-20 16:00:00,134,2157.92,2157.8154,16.8966,2156.9296,HIT/DEFESA,24.05,5
2024-03-20 17:00:00,34,2157.11,2156.73302,14.5777,13352.439,HIT/DEFESA,25.74,5
2024-03-20 17:00:00,134,2157.11,2157.80495,14.5777,13352.439,HIT/DEFESA,25.74,5
2024-03-20 18:00:00,34,2155.89,2156.68484,12.679,5416.129,HIT/DEFESA,30.09,5
2024-03-20 19:00:00,34,2157.71,2156.74342,-0.9732,2856.3536,BREAK/RUPTURA,43.12,5
2024-03-20 19:00:00,134,2157.71,2157.7756,-0.9732,2856.3536,BREAK/RUPTURA,43.12,5
2024-03-20 20:00:00,34,2157.42,2156.78209,1.4371,17332.1429,HIT/DEFESA,46.52,5
2024-03-20 20:00:00,134,2157.42,2157.77033,1.4371,17332.1429,HIT/DEFESA,46.52,5
2024-03-22 03:00:00,34,2184.98,2184.34214,18.1566,941.358,BREAK/RUPTURA,-10.7,5
2024-03-22 09:00:00,134,2170.08,2170.34881,-16.7455,1266.988,HIT/DEFESA,-4.0,5
2024-03-22 16:00:00,34,2178.05,2177.31246,50.111,3531.1429,BREAK/RUPTURA,-14.93,5
2024-03-25 06:00:00,134,2170.53,2169.80455,23.089,1053.6957,BREAK/RUPTURA,-4.81,5
2024-03-25 07:00:00,134,2169.38,2169.79826,-26.6645,2457.7586,HIT/DEFESA,-0.97,5
2024-03-25 08:00:00,134,2169.77,2169.79784,-24.5505,11992.1053,HIT/DEFESA,-1.32,5
2024-03-25 14:00:00,34,2170.48,2170.65488,21.9788,2381.4634,HIT/DEFESA,5.32,5
2024-03-25 14:00:00,134,2170.48,2169.59526,21.9788,2381.4634,HIT/DEFESA,5.32,5
2024-03-25 22:00:00,134,2170.96,2170.19143,-22.2447,1505.3812,HIT/DEFESA,-1.55,5
2024-03-25 23:00:00,34,2171.92,2172.17242,-12.9671,1708.4337,HIT/DEFESA,-1.18,5
2024-03-26 01:00:00,34,2171.96,2172.16028,-5.6599,3174.4186,HIT/DEFESA,-1.63,5
2024-03-26 04:00:00,134,2169.41,2170.32167,-11.7405,1653.5714,BREAK/RUPTURA,2.07,5
2024-03-26 05:00:00,134,2170.74,2170.32787,-9.9866,3283.7037,BREAK/RUPTURA,2.28,5
2024-03-26 06:00:00,134,2170.33,2170.3279,-16.2384,9980.4878,BREAK/RUPTURA,7.99,5
2024-03-26 07:00:00,34,2172.28,2171.97331,13.2294,924.2268,HIT/DEFESA,18.61,5
2024-03-26 08:00:00,34,2172.92,2172.02741,10.0427,5483.0986,HIT/DEFESA,24.82,5
2024-03-26 09:00:00,34,2171.48,2171.99613,5.2987,3226.5734,HIT/DEFESA,25.0,5
2024-03-26 10:00:00,34,2173.02,2172.05463,3.4066,3091.4474,HIT/DEFESA,14.89,5
2024-03-26 19:00:00,34,2176.8,2177.06523,-28.4013,2931.2,BREAK/RUPTURA,1.58,5
2024-03-26 20:00:00,34,2176.77,2177.04836,-11.9759,221233.3333,BREAK/RUPTURA,2.74,5
2024-03-26 22:00:00,34,2177.86,2177.12608,4.8695,16165.0,BREAK/RUPTURA,-2.76,5
2024-03-27 03:00:00,34,2177.41,2177.45916,-10.6435,1251.5,HIT/DEFESA,-0.46,5
2024-03-27 08:00:00,34,2176.95,2177.31746,4.2739,2171.831,HIT/DEFESA,16.85,5
2024-03-27 09:00:00,34,2177.64,2177.33589,-0.3674,4832.8571,BREAK/RUPTURA,10.83,5
2024-03-27 11:00:00,34,2177.38,2177.51212,1.9752,1558.589,HIT/DEFESA,15.99,5
2024-04-04 15:00:00,34,2288.17,2287.79626,-22.1085,10492.623,BREAK/RUPTURA,5.82,5
2024-04-04 16:00:00,34,2287.58,2287.7839,-30.1591,17690.9091,BREAK/RUPTURA,16.5,5
2024-04-05 01:00:00,34,2289.64,2289.38776,-62.6714,22287.5,HIT/DEFESA,-12.97,5
2024-04-05 02:00:00,34,2288.68,2289.34731,16.1489,1886.8687,BREAK/RUPTURA,-10.66,5
2024-04-09 18:00:00,34,2340.3,2340.84302,-38.6061,1181.8471,BREAK/RUPTURA,12.16,5
2024-04-10 12:00:00,34,2347.66,2348.09448,-36.0756,968.1752,HIT/DEFESA,-1.39,5
2024-04-10 13:00:00,34,2347.46,2348.05822,-23.8836,42615.3846,HIT/DEFESA,-10.41,5
2024-04-10 14:00:00,34,2347.05,2348.00061,-31.6415,12031.1111,HIT/DEFESA,-9.81,5
2024-04-10 17:00:00,34,2346.27,2346.6559,-3.3233,1517.2609,HIT/DEFESA,-16.58,5
2024-04-11 04:00:00,34,2340.61,2341.5404,20.807,1488.3424,BREAK/RUPTURA,-4.61,5
2024-04-11 08:00:00,34,2341.87,2341.8648,-8.7034,4666.055,HIT/DEFESA,-3.35,5
2024-04-16 12:00:00,34,2372.34,2371.54185,-2.8234,2046.8864,BREAK/RUPTURA,10.55,5
2024-04-17 18:00:00,34,2382.13,2382.71939,-5.1608,1391.4868,HIT/DEFESA,-22.22,5
2024-04-18 08:00:00,34,2376.77,2376.58199,15.5494,3020.2614,HIT/DEFESA,6.29,5
2024-04-18 10:00:00,34,2377.83,2376.86978,11.4521,2034.0502,HIT/DEFESA,7.66,5
2024-04-18 22:00:00,34,2380.2,2379.68328,-32.5381,2970.4225,BREAK/RUPTURA,29.08,5
2024-04-18 23:00:00,34,2379.21,2379.65624,-23.5238,1848.9362,BREAK/RUPTURA,21.26,5
2024-04-19 01:00:00,34,2379.26,2379.63359,-9.7834,1106.383,BREAK/RUPTURA,12.12,5
2024-04-19 02:00:00,34,2379.88,2379.64767,-1.3444,1817.6471,BREAK/RUPTURA,3.71,5
2024-04-19 03:00:00,34,2379.44,2379.63581,0.9667,8762.2222,HIT/DEFESA,1.92,5
2024-04-19 07:00:00,34,2383.59,2382.9727,-106.6294,932.5581,HIT/DEFESA,-2.56,5
2024-04-19 11:00:00,34,2384.23,2383.45646,12.0519,6785.4545,BREAK/RUPTURA,-5.57,5
2024-04-22 02:00:00,34,2386.53,2386.18086,-4.6071,935.9375,HIT/DEFESA,-16.84,5
2024-04-24 15:00:00,34,2323.3,2323.67523,35.3763,1295.927,HIT/DEFESA,1.12,5
2024-04-24 20:00:00,34,2324.42,2323.92303,-22.6639,8550.7042,HIT/DEFESA,-8.15,5
2024-04-26 08:00:00,134,2337.8,2337.69738,16.7102,1589.1892,HIT/DEFESA,10.28,5
2024-04-26 20:00:00,134,2338.54,2338.38142,21.2549,895.9432,BREAK/RUPTURA,-2.63,5
2024-04-26 23:00:00,134,2337.72,2338.43146,-3.5065,1113.4783,HIT/DEFESA,-13.46,5
2024-04-29 02:00:00,34,2335.91,2335.78583,-17.4786,1420.1681,HIT/DEFESA,-3.24,5
2024-04-29 10:00:00,134,2337.31,2337.48386,19.8914,1216.6253,BREAK/RUPTURA,-5.33,5
2024-04-29 11:00:00,134,2338.08,2337.4927,32.7405,7216.8831,BREAK/RUPTURA,-4.02,5
2024-04-29 14:00:00,134,2337.01,2337.62245,-4.5764,982.1256,BREAK/RUPTURA,5.77,5
2024-04-29 16:00:00,34,2334.06,2334.946,-30.6249,5109.1324,BREAK/RUPTURA,7.27,5
2024-04-29 17:00:00,134,2337.8,2337.49195,3.3804,2512.6649,BREAK/RUPTURA,-2.09,5
2024-04-29 18:00:00,134,2337.9,2337.49799,25.3862,77212.5,BREAK/RUPTURA,-2.4,5
2024-04-29 22:00:00,34,2335.71,2336.33224,-30.1778,930.3249,HIT/DEFESA,-1.65,5
2024-04-29 23:00:00,34,2335.5,2336.28468,-28.6056,5400.0,HIT/DEFESA,-4.2,5
2024-05-02 01:00:00,134,2320.86,2320.46226,-19.1372,1488.9474,HIT/DEFESA,-1.31,5
2024-05-02 05:00:00,134,2320.22,2320.61555,-15.148,973.3333,HIT/DEFESA,-10.94,5
2024-05-02 10:00:00,34,2309.28,2310.12327,-38.4352,1401.1628,HIT/DEFESA,-14.76,5
2024-05-03 20:00:00,34,2302.04,2301.46144,47.3115,1572.6619,BREAK/RUPTURA,-8.13,5
2024-05-03 22:00:00,34,2301.39,2301.34091,9.2639,1704.7393,HIT/DEFESA,7.01,5
2024-05-03 23:00:00,34,2301.55,2301.35285,-2.1285,23025.0,BREAK/RUPTURA,9.66,5
2024-05-06 01:00:00,34,2301.84,2301.38069,11.0468,1001.1561,HIT/DEFESA,7.46,5
2024-05-06 05:00:00,134,2311.21,2311.38449,75.4171,1986.5942,HIT/DEFESA,11.59,5
2024-05-07 10:00:00,34,2319.33,2318.51356,-14.38,3675.6522,HIT/DEFESA,-3.21,5
2024-05-07 11:00:00,134,2315.73,2314.98338,-25.0265,1381.1634,BREAK/RUPTURA,2.67,5
2024-05-07 13:00:00,134,2315.4,2314.9717,-16.9445,1955.1515,HIT/DEFESA,-0.6,5
2024-05-07 16:00:00,34,2318.4,2317.58524,12.9567,4302.1645,BREAK/RUPTURA,-3.9,5
2024-05-07 17:00:00,134,2314.13,2314.98935,7.4814,1816.6282,HIT/DEFESA,0.58,5
2024-05-07 18:00:00,134,2314.8,2314.98654,-5.6992,10840.0,HIT/DEFESA,-0.86,5
2024-05-07 20:00:00,134,2314.26,2314.93963,0.5618,2234.5679,HIT/DEFESA,0.89,5
2024-05-07 21:00:00,134,2314.5,2314.93312,-1.296,6073.3333,HIT/DEFESA,-0.32,5
2024-05-07 22:00:00,134,2314.71,2314.92982,9.5135,12905.0,BREAK/RUPTURA,-6.9,5
2024-05-07 23:00:00,134,2313.94,2314.91515,-1.3827,1533.3333,BREAK/RUPTURA,3.22,5
2024-05-08 01:00:00,134,2314.56,2314.90989,0.2592,794.2675,HIT/DEFESA,2.51,5
2024-05-08 02:00:00,134,2315.15,2314.91345,1.9009,1919.6078,HIT/DEFESA,4.13,5
2024-05-08 03:00:00,134,2314.18,2314.90258,1.0372,2639.8058,HIT/DEFESA,3.55,5
2024-05-08 13:00:00,34,2315.49,2314.78825,41.8503,816.0521,HIT/DEFESA,4.85,5
2024-05-08 13:00:00,134,2315.49,2314.67623,41.8503,816.0521,HIT/DEFESA,4.85,5
2024-05-08 14:00:00,34,2314.68,2314.78206,31.768,5485.0,HIT/DEFESA,2.39,5
2024-05-08 14:00:00,134,2314.68,2314.67629,31.768,5485.0,HIT/DEFESA,2.39,5
2024-05-08 17:00:00,34,2315.55,2314.55591,3.7586,1342.8829,BREAK/RUPTURA,-7.39,5
2024-05-08 17:00:00,134,2315.55,2314.61901,3.7586,1342.8829,BREAK/RUPTURA,-7.39,5
2024-05-08 20:00:00,134,2313.84,2314.72551,-7.3849,1050.0,HIT/DEFESA,-5.05,5
2024-05-09 06:00:00,34,2312.36,2312.90282,13.6844,1328.8462,BREAK/RUPTURA,-1.91,5
2024-05-09 07:00:00,134,2314.51,2314.12818,19.9576,1138.6266,BREAK/RUPTURA,-6.88,5
2024-05-09 09:00:00,134,2314.3,2314.16826,8.3897,1624.5763,HIT/DEFESA,1.65,5
2024-05-09 13:00:00,34,2311.76,2312.55035,10.2191,792.7711,HIT/DEFESA,18.64,5
2024-05-13 07:00:00,34,2354.33,2354.9002,-20.5157,779.4677,HIT/DEFESA,-14.11,5
2024-05-14 07:00:00,34,2344.09,2344.50655,9.0522,2061.7978,HIT/DEFESA,1.79,5
2024-05-14 08:00:00,34,2344.73,2344.51932,18.3727,4574.2857,HIT/DEFESA,0.99,5
2024-05-14 11:00:00,34,2343.78,2343.86997,-4.0516,919.426,BREAK/RUPTURA,10.09,5
2024-05-14 14:00:00,34,2343.55,2344.05347,-0.9813,1600.0,BREAK/RUPTURA,10.64,5
2024-05-16 15:00:00,34,2379.13,2378.46676,-26.4521,1800.1825,BREAK/RUPTURA,2.3,5
2024-05-17 01:00:00,34,2378.43,2378.48819,-5.3368,480.0971,HIT/DEFESA,-0.54,5
2024-05-17 03:00:00,34,2378.04,2378.42873,6.6907,32575.0,HIT/DEFESA,3.32,5
2024-05-17 04:00:00,34,2378.14,2378.41224,-1.2193,431200.0,BREAK/RUPTURA,7.83,5
2024-05-17 06:00:00,34,2377.89,2378.20609,-0.6308,912.6354,BREAK/RUPTURA,6.34,5
2024-05-17 07:00:00,34,2378.85,2378.24289,2.9855,1492.0792,HIT/DEFESA,3.68,5
2024-05-21 10:00:00,34,2419.32,2419.66463,28.7267,862.178,HIT/DEFESA,6.95,5
2024-05-21 11:00:00,34,2418.77,2419.61351,9.5594,9718.3333,HIT/DEFESA,8.99,5
2024-05-21 13:00:00,34,2419.8,2419.44887,1.984,1159.5989,HIT/DEFESA,3.64,5
2024-05-21 23:00:00,34,2420.5,2421.21283,2.3554,514.2857,BREAK/RUPTURA,-2.69,5
2024-05-22 01:00:00,34,2422.07,2421.26182,6.6516,1055.7522,BREAK/RUPTURA,-7.88,5
2024-05-22 02:00:00,34,2421.77,2421.29085,-6.4374,15033.3333,HIT/DEFESA,-8.87,5
2024-05-22 03:00:00,34,2420.6,2421.25138,0.4131,2454.1667,BREAK/RUPTURA,-3.5,5
2024-05-22 04:00:00,34,2421.97,2421.29244,-0.4129,4769.6296,HIT/DEFESA,-4.85,5
2024-05-27 07:00:00,34,2343.01,2342.91754,14.1471,786.9281,HIT/DEFESA,0.25,5
2024-05-27 08:00:00,34,2343.78,2342.96682,-10.0165,5139.2857,BREAK/RUPTURA,1.17,5
2024-05-27 12:00:00,34,2343.26,2342.74932,8.1149,2722.7273,HIT/DEFESA,11.1,5
2024-05-28 14:00:00,34,2347.44,2347.26985,10.7466,2264.5714,HIT/DEFESA,9.22,5
2024-05-28 23:00:00,134,2360.98,2361.539,17.2684,659.7173,BREAK/RUPTURA,-5.33,5
2024-05-30 13:00:00,34,2340.63,2340.34031,26.9455,614.5917,HIT/DEFESA,3.21,5
2024-05-30 21:00:00,34,2342.58,2341.62861,-5.3758,1983.0688,BREAK/RUPTURA,3.78,5
2024-05-30 22:00:00,34,2341.55,2341.62412,-27.0879,4098.0,BREAK/RUPTURA,5.04,5
2024-05-31 05:00:00,34,2342.58,2342.46923,-6.1859,1549.3734,HIT/DEFESA,-2.14,5
2024-05-31 08:00:00,34,2342.4,2342.6173,-0.7684,3024.2775,BREAK/RUPTURA,1.62,5
2024-05-31 11:00:00,34,2343.24,2342.70183,3.5861,1500.0,HIT/DEFESA,4.88,5
2024-05-31 12:00:00,34,2342.13,2342.66915,-16.028,3394.4954,HIT/DEFESA,-6.87,5
2024-06-03 13:00:00,34,2330.78,2331.65446,20.5072,1616.4474,HIT/DEFESA,11.99,5
2024-06-03 16:00:00,34,2332.56,2331.74866,7.6369,7319.7368,HIT/DEFESA,15.67,5
2024-06-03 18:00:00,134,2342.77,2343.75017,37.403,8407.8431,HIT/DEFESA,7.75,5
2024-06-04 09:00:00,134,2344.46,2344.61053,-5.1158,2042.5076,HIT/DEFESA,-16.48,5
2024-06-05 05:00:00,34,2333.4,2332.83987,19.6236,1772.2807,BREAK/RUPTURA,-1.83,5
2024-06-05 09:00:00,34,2332.73,2333.54611,-18.9546,1404.3011,HIT/DEFESA,-0.24,5
2024-06-05 11:00:00,34,2332.6,2333.38558,-20.2795,4252.8302,BREAK/RUPTURA,11.15,5
2024-06-05 12:00:00,34,2332.33,2333.32526,-1.7147,11163.1579,BREAK/RUPTURA,16.64,5
2024-06-05 13:00:00,34,2333.76,2333.3501,9.3928,2999.3197,HIT/DEFESA,19.93,5
2024-06-05 14:00:00,34,2332.49,2333.30095,-0.4716,2997.6562,BREAK/RUPTURA,20.14,5
2024-06-10 19:00:00,34,2312.95,2312.86961,31.7049,1013.447,BREAK/RUPTURA,-3.13,5
2024-06-10 20:00:00,34,2311.89,2312.81364,39.8661,4034.6154,BREAK/RUPTURA,-2.0,5
2024-06-11 13:00:00,34,2307.87,2308.50709,14.667,3374.8092,HIT/DEFESA,2.3,5
2024-06-11 14:00:00,34,2307.6,2308.45526,6.9384,14340.625,HIT/DEFESA,0.98,5
2024-06-11 18:00:00,34,2310.17,2309.66644,-33.6931,1599.1416,BREAK/RUPTURA,6.47,5
2024-06-12 07:00:00,34,2312.72,2311.88753,-7.6475,1991.8033,BREAK/RUPTURA,1.36,5
2024-06-12 11:00:00,34,2312.87,2312.39082,-9.3303,2105.1136,BREAK/RUPTURA,16.97,5
2024-06-12 13:00:00,34,2313.5,2312.54521,-4.7524,4808.7719,BREAK/RUPTURA,22.12,5
2024-06-12 14:00:00,34,2312.95,2312.56834,0.3459,9238.2979,HIT/DEFESA,24.75,5
2024-06-12 23:00:00,134,2324.3,2324.54946,-43.9057,859.3407,HIT/DEFESA,-10.13,5
2024-06-13 10:00:00,34,2317.09,2317.76845,22.6658,3899.2908,HIT/DEFESA,6.34,5
2024-06-13 15:00:00,134,2323.43,2322.80366,34.2908,759.3674,BREAK/RUPTURA,-21.98,5
2024-06-14 08:00:00,34,2309.88,2309.83999,13.7859,1468.2051,HIT/DEFESA,20.72,5
2024-06-17 05:00:00,34,2322.63,2322.29578,-27.4364,1641.0959,HIT/DEFESA,-5.67,5
2024-06-17 13:00:00,134,2320.51,2321.08169,15.3218,6829.4118,BREAK/RUPTURA,-7.88,5
2024-06-17 16:00:00,34,2321.01,2321.2296,2.1547,6964.7482,BREAK/RUPTURA,-3.1,5
2024-06-17 16:00:00,134,2321.01,2321.01771,2.1547,6964.7482,BREAK/RUPTURA,-3.1,5
2024-06-17 22:00:00,34,2320.21,2320.31317,13.9838,1412.069,HIT/DEFESA,2.32,5
2024-06-17 22:00:00,134,2320.21,2320.77292,13.9838,1412.069,HIT/DEFESA,2.32,5
2024-06-18 01:00:00,34,2321.04,2320.27587,13.5035,275.7576,HIT/DEFESA,3.43,5
2024-06-18 01:00:00,134,2321.04,2320.74881,13.5035,275.7576,HIT/DEFESA,3.43,5
2024-06-18 02:00:00,34,2320.76,2320.30353,2.3705,8422.2222,HIT/DEFESA,1.8,5
2024-06-18 02:00:00,134,2320.76,2320.74898,2.3705,8422.2222,HIT/DEFESA,1.8,5
2024-06-18 09:00:00,134,2320.11,2320.9603,-18.757,2207.9812,HIT/DEFESA,-6.65,5
2024-06-19 17:00:00,34,2326.19,2326.58638,-18.1941,3041.9355,BREAK/RUPTURA,3.22,5
2024-06-24 19:00:00,34,2331.67,2332.16899,15.5065,1071.393,HIT/DEFESA,0.09,5
2024-06-24 20:00:00,34,2332.07,2332.16333,5.7063,8876.1905,BREAK/RUPTURA,-1.2,5
2024-06-24 20:00:00,134,2332.07,2332.71233,5.7063,8876.1905,BREAK/RUPTURA,-1.2,5
2024-06-24 22:00:00,34,2331.74,2332.22678,0.3002,1394.6602,BREAK/RUPTURA,-5.86,5
2024-06-24 22:00:00,134,2331.74,2332.71365,0.3002,1394.6602,BREAK/RUPTURA,-5.86,5
2024-06-25 01:00:00,34,2331.76,2332.32205,-8.6983,501.2346,HIT/DEFESA,-7.61,5
2024-06-25 01:00:00,134,2331.76,2332.72545,-8.6983,501.2346,HIT/DEFESA,-7.61,5
2024-06-25 11:00:00,34,2329.58,2329.98511,19.6558,1108.3333,BREAK/RUPTURA,-3.89,5
2024-06-25 14:00:00,34,2330.18,2330.44035,2.5756,997.2603,BREAK/RUPTURA,-12.29,5
2024-06-28 03:00:00,134,2321.63,2321.3841,-25.9487,531.3356,BREAK/RUPTURA,4.11,5
2024-06-28 06:00:00,134,2321.8,2321.40875,0.7322,1891.8919,HIT/DEFESA,6.94,5
2024-06-28 07:00:00,134,2321.25,2321.4064,3.9218,3264.5161,HIT/DEFESA,9.11,5
2024-06-28 22:00:00,34,2325.05,2324.44074,-21.2018,4956.1644,BREAK/RUPTURA,2.87,5
2024-07-01 02:00:00,34,2324.97,2324.58367,-0.3441,3281.3953,HIT/DEFESA,-1.25,5
2024-07-01 03:00:00,34,2324.9,2324.60174,-6.8343,10942.4242,HIT/DEFESA,-3.01,5
2024-07-01 06:00:00,34,2324.76,2324.89024,-0.6022,1532.9843,BREAK/RUPTURA,1.13,5
2024-07-01 07:00:00,134,2323.72,2323.24593,-18.0419,3318.8235,BREAK/RUPTURA,3.71,5
2024-07-01 10:00:00,34,2323.74,2324.70225,0.0861,1764.1304,HIT/DEFESA,3.67,5
2024-07-01 10:00:00,134,2323.74,2323.2811,0.0861,1764.1304,HIT/DEFESA,3.67,5
2024-07-01 17:00:00,134,2324.1,2323.84376,-60.2603,4484.6416,BREAK/RUPTURA,6.86,5
2024-07-02 12:00:00,134,2324.83,2325.31674,-25.7847,739.9687,BREAK/RUPTURA,1.84,5
2024-07-02 15:00:00,34,2327.48,2327.9465,11.3987,1205.0613,BREAK/RUPTURA,-2.78,5
2024-07-02 18:00:00,134,2324.73,2325.41536,-11.8154,3945.641,BREAK/RUPTURA,4.48,5
2024-07-02 20:00:00,134,2324.7,2325.36746,-8.467,1925.6831,BREAK/RUPTURA,5.59,5
2024-07-02 21:00:00,34,2328.35,2327.60146,15.5717,820.7865,HIT/DEFESA,1.88,5
2024-07-03 04:00:00,34,2329.12,2328.29653,-4.12,3493.75,BREAK/RUPTURA,11.04,5
2024-07-03 05:00:00,34,2328.94,2328.3333,-5.7933,15780.9524,BREAK/RUPTURA,16.46,5
2024-07-08 13:00:00,34,2374.15,2375.12041,-15.7702,980.5353,HIT/DEFESA,-18.61,5
2024-07-08 14:00:00,34,2375.36,2375.1341,10.5358,3273.4375,BREAK/RUPTURA,-16.63,5
2024-07-08 16:00:00,34,2375.6,2375.03227,6.1074,3536.5517,BREAK/RUPTURA,-19.01,5
2024-07-08 18:00:00,134,2355.54,2355.09159,-72.5319,561.7249,BREAK/RUPTURA,3.26,5
2024-07-09 06:00:00,34,2367.71,2367.90353,24.5564,869.7548,BREAK/RUPTURA,-6.05,5
2024-07-09 07:00:00,34,2367.41,2367.87533,16.7552,9509.375,BREAK/RUPTURA,-3.14,5
2024-07-09 19:00:00,134,2357.53,2357.0444,-43.1213,1571.5536,BREAK/RUPTURA,6.88,5
2024-07-09 21:00:00,34,2364.51,2364.43768,10.2452,1264.6617,HIT/DEFESA,0.17,5
2024-07-09 22:00:00,34,2363.58,2364.38867,25.6625,2782.0,HIT/DEFESA,4.64,5
2024-07-09 23:00:00,34,2363.67,2364.34761,7.5363,14600.0,HIT/DEFESA,5.69,5
2024-07-10 01:00:00,34,2364.41,2364.35117,-0.4229,951.1628,BREAK/RUPTURA,3.8,5
2024-07-10 02:00:00,34,2365.05,2364.3911,6.2194,1579.6875,HIT/DEFESA,2.71,5
2024-07-10 03:00:00,34,2364.68,2364.40761,4.273,5955.2632,HIT/DEFESA,3.75,5
2024-07-10 22:00:00,34,2371.79,2370.85972,-25.6949,3365.0602,BREAK/RUPTURA,4.19,5
2024-07-10 23:00:00,34,2370.91,2370.86259,-9.06,1501.0989,BREAK/RUPTURA,6.52,5
2024-07-12 13:00:00,34,2400.2,2399.91056,-16.5545,871.2154,BREAK/RUPTURA,11.59,5
2024-07-17 22:00:00,34,2458.05,2459.04809,9.8549,103300.0,HIT/DEFESA,4.39,5
2024-07-17 23:00:00,34,2458.68,2459.02706,24.7083,2939.3443,HIT/DEFESA,6.95,5
2024-07-18 01:00:00,34,2459.21,2459.03751,4.9227,1339.8374,HIT/DEFESA,8.82,5
2024-07-18 03:00:00,34,2458.9,2459.15532,0.8948,1622.0472,HIT/DEFESA,8.02,5
2024-07-23 16:00:00,34,2401.96,2402.4824,-23.8402,3205.1724,BREAK/RUPTURA,3.77,5
2024-07-23 17:00:00,34,2402.99,2402.51141,-19.3964,10848.0392,BREAK/RUPTURA,4.55,5
2024-07-24 05:00:00,134,2414.19,2414.90059,23.7495,1222.1488,HIT/DEFESA,0.44,5
2024-07-24 10:00:00,134,2414.63,2415.01903,-13.4415,2190.6574,BREAK/RUPTURA,6.81,5
2024-07-29 01:00:00,134,2395.8,2394.9576,47.8108,521.9961,BREAK/RUPTURA,-1.21,5
2024-07-29 06:00:00,134,2394.59,2394.99925,-22.7495,3334.965,HIT/DEFESA,-4.24,5
2024-07-29 07:00:00,134,2394.91,2394.99793,8.4835,12312.9032,BREAK/RUPTURA,-2.09,5
2024-07-29 14:00:00,34,2387.77,2386.79123,-10.7934,1149.1701,HIT/DEFESA,-9.62,5
2024-07-29 15:00:00,134,2393.86,2394.62426,4.3463,1396.7213,BREAK/RUPTURA,-15.61,5
2024-07-30 01:00:00,34,2384.09,2385.00027,19.1213,993.2692,HIT/DEFESA,1.72,5
2024-07-30 13:00:00,134,2391.63,2391.96292,5.4804,1848.3871,BREAK/RUPTURA,-6.27,5
2024-07-30 14:00:00,34,2387.11,2386.12902,-9.6258,1076.7184,BREAK/RUPTURA,12.77,5
2024-07-30 15:00:00,34,2386.53,2386.15193,-11.0499,9614.9254,BREAK/RUPTURA,19.22,5
2024-07-30 17:00:00,134,2391.71,2391.83532,19.2702,8369.6429,HIT/DEFESA,15.32,5
2024-08-05 05:00:00,34,2442.84,2443.29293,7.5379,2632.8358,BREAK/RUPTURA,-10.83,5
2024-08-07 13:00:00,34,2397.51,2397.15807,33.9416,1694.3038,BREAK/RUPTURA,-2.97,5
2024-08-08 11:00:00,34,2394.59,2393.84781,-3.0059,2643.0493,BREAK/RUPTURA,19.54,5
2024-08-08 13:00:00,134,2405.33,2406.26633,35.4635,694.5916,HIT/DEFESA,13.34,5
2024-08-14 06:00:00,34,2460.91,2461.50622,-19.5075,5920.7921,BREAK/RUPTURA,13.52,5
2024-08-14 07:00:00,34,2461.9,2461.52872,-14.8445,3609.5238,BREAK/RUPTURA,11.0,5
2024-08-14 08:00:00,34,2462.04,2461.55794,8.4961,32066.6667,HIT/DEFESA,12.94,5
2024-08-14 20:00:00,134,2441.53,2442.49421,-35.5475,2213.806,BREAK/RUPTURA,7.94,5
2024-08-15 09:00:00,34,2456.03,2455.86694,9.6182,3662.7451,HIT/DEFESA,7.5,5
2024-08-15 10:00:00,34,2455.85,2455.86597,9.9045,28027.7778,BREAK/RUPTURA,-14.74,5
2024-08-15 11:00:00,34,2455.53,2455.84677,6.724,18842.8571,BREAK/RUPTURA,-11.08,5
2024-08-15 12:00:00,34,2456.77,2455.89953,3.013,2722.4,BREAK/RUPTURA,-4.49,5
2024-08-15 16:00:00,134,2444.45,2444.83019,-55.8948,5759.0476,BREAK/RUPTURA,13.84,5
2024-08-15 20:00:00,34,2455.48,2455.06631,13.0491,17360.6061,HIT/DEFESA,1.87,5
2024-08-15 22:00:00,34,2455.55,2455.26763,-0.6923,2040.7273,BREAK/RUPTURA,1.81,5
2024-08-16 01:00:00,34,2454.85,2455.30855,-13.9935,711.3475,HIT/DEFESA,-2.37,5
2024-08-16 05:00:00,34,2454.99,2455.65366,-9.6038,2690.2542,BREAK/RUPTURA,6.97,5
2024-08-16 08:00:00,34,2455.76,2455.34154,3.1365,1724.8344,HIT/DEFESA,8.87,5
2024-08-16 09:00:00,34,2455.04,2455.32431,10.4384,9722.5352,HIT/DEFESA,17.14,5
2024-08-21 14:00:00,34,2511.82,2510.89204,17.9075,2100.0,BREAK/RUPTURA,-4.7,5
2024-08-21 15:00:00,34,2510.56,2510.87306,19.5557,5893.6,BREAK/RUPTURA,-1.02,5
2024-08-21 20:00:00,34,2509.54,2509.67389,32.0605,2370.2929,HIT/DEFESA,3.28,5
2024-08-23 04:00:00,134,2490.91,2491.74651,23.1373,9496.5909,HIT/DEFESA,2.01,5
2024-08-23 08:00:00,134,2491.84,2491.76906,7.4297,3586.875,HIT/DEFESA,7.21,5
2024-08-27 08:00:00,34,2513.6,2512.89535,19.1726,984.8726,BREAK/RUPTURA,-4.6,5
2024-08-27 14:00:00,34,2511.42,2512.03577,1.5531,2302.1186,HIT/DEFESA,3.01,5
2024-08-27 16:00:00,34,2511.42,2511.88282,9.6453,7303.8462,HIT/DEFESA,13.03,5
2024-08-27 18:00:00,34,2512.17,2512.05424,9.2436,3374.2308,HIT/DEFESA,12.24,5
2024-08-28 04:00:00,34,2517.15,2516.33059,-33.4969,899.3036,HIT/DEFESA,-8.6,5
2024-08-28 05:00:00,34,2516.36,2516.33227,-35.4412,6703.7037,HIT/DEFESA,-6.37,5
2024-08-28 06:00:00,34,2515.94,2516.30985,-33.5524,10472.973,HIT/DEFESA,-7.72,5
2024-08-28 08:00:00,134,2505.84,2506.19993,-41.8064,1271.6287,HIT/DEFESA,-0.48,5
2024-08-28 16:00:00,134,2506.59,2506.20968,4.9095,1889.4215,HIT/DEFESA,1.43,5
2024-08-28 18:00:00,134,2506.18,2506.22997,22.1543,5917.3913,BREAK/RUPTURA,-2.7,5
2024-08-28 20:00:00,134,2505.43,2506.1555,-8.7732,1627.1429,BREAK/RUPTURA,2.7,5
2024-08-30 03:00:00,34,2517.77,2517.24511,-9.761,1561.5789,HIT/DEFESA,-3.89,5
2024-08-30 05:00:00,34,2516.12,2517.11912,-13.9306,26600.0,BREAK/RUPTURA,3.27,5
2024-09-02 11:00:00,34,2506.33,2506.02776,39.4556,707.7586,BREAK/RUPTURA,-6.4,5
2024-09-03 10:00:00,34,2500.89,2500.56055,19.6315,2344.6667,BREAK/RUPTURA,-7.65,5
2024-09-03 12:00:00,34,2500.95,2500.76758,12.2503,1815.3094,BREAK/RUPTURA,-22.65,5
2024-09-04 05:00:00,34,2495.28,2494.70135,8.2223,3105.4945,BREAK/RUPTURA,-13.08,5
2024-09-04 06:00:00,34,2495.06,2494.72184,10.6724,23961.1111,BREAK/RUPTURA,-21.78,5
2024-09-05 07:00:00,34,2494.3,2493.36337,-8.4922,5891.4894,BREAK/RUPTURA,21.22,5
2024-09-06 18:00:00,134,2505.6,2505.40261,-66.2094,13647.2441,HIT/DEFESA,-8.47,5
2024-09-09 16:00:00,34,2499.8,2500.56297,21.528,9311.3043,HIT/DEFESA,4.94,5
2024-09-09 20:00:00,34,2499.99,2500.48657,12.4555,1212.3853,HIT/DEFESA,6.79,5
2024-09-10 04:00:00,134,2503.85,2502.94509,-12.8038,5030.3571,BREAK/RUPTURA,1.24,5
2024-09-10 05:00:00,34,2503.01,2502.28278,-15.0392,6824.7059,HIT/DEFESA,-0.2,5
2024-09-10 05:00:00,134,2503.01,2502.94605,-15.0392,6824.7059,HIT/DEFESA,-0.2,5
2024-09-10 06:00:00,34,2502.64,2502.30319,-11.1358,12485.7143,HIT/DEFESA,-0.3,5
2024-09-10 06:00:00,134,2502.64,2502.94152,-11.1358,12485.7143,HIT/DEFESA,-0.3,5
2024-09-10 07:00:00,34,2501.8,2502.27444,-8.1874,3172.3684,BREAK/RUPTURA,4.25,5
2024-09-10 08:00:00,134,2503.88,2502.93876,3.4758,2736.2319,HIT/DEFESA,1.81,5
2024-09-10 10:00:00,34,2502.81,2502.5383,4.0371,2772.9258,HIT/DEFESA,11.01,5
2024-09-10 10:00:00,134,2502.81,2502.96825,4.0371,2772.9258,HIT/DEFESA,11.01,5
2024-09-10 11:00:00,34,2502.34,2502.52697,-6.1505,13710.8696,BREAK/RUPTURA,4.48,5
2024-09-10 11:00:00,134,2502.34,2502.95894,-6.1505,13710.8696,BREAK/RUPTURA,4.48,5
2024-09-11 15:00:00,134,2508.17,2507.4788,-59.8036,1086.9347,BREAK/RUPTURA,6.48,5
2024-09-11 18:00:00,34,2514.81,2514.18778,26.4735,2042.2139,BREAK/RUPTURA,-3.29,5
2024-09-11 19:00:00,34,2515.2,2514.24563,22.1945,19460.9756,BREAK/RUPTURA,-2.28,5
2024-09-11 20:00:00,34,2514.65,2514.26873,20.6418,12407.6923,BREAK/RUPTURA,-2.68,5
2024-09-12 01:00:00,34,2512.92,2513.848,5.6142,581.9588,HIT/DEFESA,2.96,5
2024-09-12 04:00:00,34,2513.17,2513.62453,0.9949,8528.1553,HIT/DEFESA,3.76,5
2024-09-17 08:00:00,34,2579.38,2578.81488,-8.5219,1654.0323,HIT/DEFESA,-6.36,5
2024-09-17 11:00:00,34,2580.18,2579.44477,3.1015,1960.7735,BREAK/RUPTURA,-6.47,5
2024-09-17 14:00:00,34,2579.8,2578.82303,-1.4728,1029.8799,HIT/DEFESA,-16.64,5
2024-09-17 15:00:00,34,2577.8,2578.76457,16.2417,6120.098,BREAK/RUPTURA,-7.85,5
2024-09-18 02:00:00,34,2574.04,2574.95169,20.9448,651.3433,BREAK/RUPTURA,-5.34,5
2024-09-18 05:00:00,34,2573.77,2574.64209,-1.0489,3734.6667,HIT/DEFESA,-2.25,5
2024-09-18 23:00:00,134,2558.84,2559.49204,-29.3799,647.8173,BREAK/RUPTURA,5.32,5
2024-09-19 01:00:00,134,2559.34,2559.48979,-63.8253,4366.2338,BREAK/RUPTURA,4.71,5
2024-09-19 02:00:00,134,2559.31,2559.48712,40.2503,313100.0,HIT/DEFESA,4.78,5
2024-09-19 03:00:00,134,2558.79,2559.47679,-0.1954,12188.6792,BREAK/RUPTURA,15.77,5
2024-09-26 16:00:00,34,2660.83,2660.93666,-44.3748,1179.551,BREAK/RUPTURA,15.08,5
2024-09-27 14:00:00,34,2666.15,2666.00145,13.3704,3612.9944,BREAK/RUPTURA,-14.36,5
2024-09-27 16:00:00,34,2665.68,2666.20336,4.9543,3195.2273,BREAK/RUPTURA,-17.68,5
2024-09-30 03:00:00,34,2661.67,2661.29566,13.3176,3195.8974,BREAK/RUPTURA,-3.83,5
2024-10-01 08:00:00,34,2643.1,2643.97547,25.2994,1263.2653,HIT/DEFESA,7.29,5
2024-10-01 08:00:00,134,2643.1,2642.55594,25.2994,1263.2653,HIT/DEFESA,7.29,5
2024-10-02 07:00:00,34,2654.18,2654.1062,-24.1674,3271.6667,HIT/DEFESA,-1.26,5
2024-10-02 12:00:00,34,2652.92,2653.5363,11.9634,12220.0,BREAK/RUPTURA,-4.83,5
2024-10-02 17:00:00,134,2648.09,2647.32067,-5.5481,1234.8999,BREAK/RUPTURA,10.51,5
2024-10-02 20:00:00,34,2652.19,2652.59331,15.4829,1938.3673,HIT/DEFESA,8.12,5
2024-10-03 07:00:00,34,2655.02,2654.68097,-12.0757,3365.4206,HIT/DEFESA,-10.14,5
2024-10-03 14:00:00,134,2647.99,2648.79552,10.6609,5849.1379,HIT/DEFESA,12.05,5
2024-10-03 18:00:00,134,2648.84,2648.69694,24.1821,6996.3235,HIT/DEFESA,7.04,5
2024-10-04 16:00:00,134,2651.9,2651.17783,-24.1506,1205.8869,HIT/DEFESA,-6.28,5
2024-10-04 22:00:00,134,2651.59,2651.13339,23.5128,774.9583,BREAK/RUPTURA,-5.4,5
2024-10-04 23:00:00,34,2653.5,2654.11979,12.9431,1087.5676,BREAK/RUPTURA,-8.22,5
2024-10-07 01:00:00,134,2650.83,2651.16343,19.6929,28540000.0,BREAK/RUPTURA,-3.41,5
2024-10-07 02:00:00,134,2650.15,2651.14842,-5.4307,3323.0769,HIT/DEFESA,-3.38,5
2024-10-08 04:00:00,34,2647.31,2647.62463,11.648,3378.9894,BREAK/RUPTURA,-10.86,5
2024-10-08 15:00:00,34,2645.89,2645.06898,16.8848,2350.4149,BREAK/RUPTURA,-31.35,5
2024-10-10 10:00:00,34,2616.68,2616.17905,10.4823,1996.8675,HIT/DEFESA,8.43,5
2024-10-10 11:00:00,34,2615.52,2616.14139,8.3801,4934.4538,HIT/DEFESA,11.22,5
2024-10-14 19:00:00,34,2648.58,2649.47419,-26.0216,2513.1429,BREAK/RUPTURA,1.47,5
2024-10-14 20:00:00,34,2648.61,2649.42481,10.999,92300.0,HIT/DEFESA,0.81,5
2024-10-14 21:00:00,34,2649.21,2649.41253,9.1432,4121.6667,BREAK/RUPTURA,-1.03,5
2024-10-14 23:00:00,34,2648.73,2649.53718,0.4531,491.9897,HIT/DEFESA,2.91,5
2024-10-15 01:00:00,34,2650.05,2649.56649,3.1708,478.5714,BREAK/RUPTURA,-4.35,5
2024-10-15 02:00:00,34,2649.42,2649.55812,-11.4234,2351.6667,HIT/DEFESA,-4.99,5
2024-10-15 08:00:00,134,2641.92,2641.4371,-36.6566,3193.1452,BREAK/RUPTURA,11.1,5
2024-10-15 16:00:00,34,2648.69,2649.31998,-16.321,33573.8095,BREAK/RUPTURA,16.4,5
2024-10-21 18:00:00,34,2720.32,2721.1718,-66.9308,2699.7988,HIT/DEFESA,-0.84,5
2024-10-22 01:00:00,34,2720.74,2720.93707,16.1983,903.75,HIT/DEFESA,10.29,5
2024-10-22 02:00:00,34,2721.54,2720.97153,5.9928,2015.5556,HIT/DEFESA,13.25,5
2024-10-23 15:00:00,34,2743.34,2742.43845,-26.8293,1737.9154,HIT/DEFESA,-26.64,5
2024-10-23 21:00:00,134,2714.12,2713.63669,-28.2899,3127.1654,BREAK/RUPTURA,7.15,5
2024-10-24 08:00:00,34,2728.94,2729.93704,20.4894,2625.3112,HIT/DEFESA,7.96,5
2024-10-24 17:00:00,34,2732.43,2732.3588,-22.4569,13932.2034,BREAK/RUPTURA,4.48,5
2024-10-25 02:00:00,34,2733.87,2733.25178,-11.1074,1902.8571,HIT/DEFESA,-7.93,5
2024-10-25 03:00:00,34,2732.47,2733.2071,-12.8655,1969.7987,HIT/DEFESA,-3.9,5
2024-10-25 09:00:00,34,2732.21,2731.83746,22.413,2184.375,BREAK/RUPTURA,-8.04,5
2024-10-25 11:00:00,134,2719.44,2720.41614,-33.4608,966.4296,BREAK/RUPTURA,8.27,5
2024-10-25 12:00:00,134,2721.25,2720.42849,-40.114,3644.6237,BREAK/RUPTURA,17.28,5
2024-10-28 01:00:00,34,2734.57,2733.73577,-27.5698,1740.0,HIT/DEFESA,-4.83,5
2024-10-28 05:00:00,34,2734.2,2733.72975,-6.1406,4387.3626,BREAK/RUPTURA,4.74,5
2024-10-28 07:00:00,34,2732.93,2733.46909,1.9397,1103.3639,BREAK/RUPTURA,-3.63,5
2024-10-28 15:00:00,34,2734.29,2733.83041,18.2831,4491.5,HIT/DEFESA,9.08,5
2024-10-31 09:00:00,34,2779.84,2779.52805,-17.1657,1741.2429,HIT/DEFESA,-0.24,5
2024-10-31 11:00:00,34,2779.11,2779.64112,-21.7939,2928.1356,HIT/DEFESA,-23.78,5
2024-10-31 14:00:00,34,2779.6,2779.63713,1.7632,4927.0677,BREAK/RUPTURA,-38.91,5
2024-10-31 16:00:00,134,2755.33,2756.09276,-92.1624,1189.9508,HIT/DEFESA,-8.36,5
2024-11-01 08:00:00,134,2755.0,2754.11325,22.7011,2786.5672,BREAK/RUPTURA,-5.35,5
2024-11-01 11:00:00,134,2753.4,2754.00816,-5.8076,2559.4667,BREAK/RUPTURA,2.72,5
2024-11-01 14:00:00,134,2752.99,2753.89111,-1.4891,1943.0723,HIT/DEFESA,-9.85,5
2024-11-01 15:00:00,134,2753.88,2753.89094,9.2319,19635.3659,BREAK/RUPTURA,-17.57,5
2024-11-05 11:00:00,34,2739.92,2739.37435,7.78,2887.1595,HIT/DEFESA,6.77,5
2024-11-05 16:00:00,134,2746.69,2746.42256,18.1273,7739.8964,BREAK/RUPTURA,-6.16,5
2024-11-05 20:00:00,34,2741.25,2740.26628,-2.8446,9894.5205,HIT/DEFESA,-3.3,5
2024-11-05 21:00:00,34,2740.53,2740.28135,5.7686,6916.9014,HIT/DEFESA,6.6,5
2024-11-06 01:00:00,134,2745.62,2745.94924,18.573,1234.0909,BREAK/RUPTURA,-3.86,5
2024-11-08 16:00:00,34,2691.71,2691.00043,-0.8544,3081.7568,HIT/DEFESA,-4.54,5
2024-11-13 13:00:00,34,2610.83,2611.76523,12.2333,3663.5838,BREAK/RUPTURA,-25.0,5
2024-11-13 15:00:00,34,2612.38,2611.68963,12.533,7384.7015,BREAK/RUPTURA,-29.64,5
2024-11-14 18:00:00,34,2574.0,2574.13837,65.8543,2860.4396,BREAK/RUPTURA,-9.61,5
2024-11-15 14:00:00,34,2569.2,2569.32365,20.2417,4893.9189,BREAK/RUPTURA,-6.19,5
2024-11-20 10:00:00,34,2624.21,2625.1025,-48.1247,3421.5827,BREAK/RUPTURA,11.86,5
2024-11-20 12:00:00,34,2625.14,2624.93317,13.5032,2007.2948,HIT/DEFESA,23.72,5
2024-11-27 17:00:00,34,2642.73,2642.11785,-32.3614,1950.3488,HIT/DEFESA,-5.69,5
2024-11-28 08:00:00,34,2636.81,2637.65777,24.7881,2216.5663,HIT/DEFESA,10.06,5
2024-11-28 09:00:00,34,2637.29,2637.63675,22.8025,10183.6735,HIT/DEFESA,8.8,5
2024-11-28 10:00:00,134,2644.1,2643.28094,40.3269,1067.4453,HIT/DEFESA,2.93,5
2024-11-28 16:00:00,34,2641.28,2640.29129,-21.1193,1225.9965,HIT/DEFESA,-2.46,5
2024-11-28 19:00:00,34,2640.91,2640.31368,-1.4008,1665.2893,BREAK/RUPTURA,16.54,5
2024-11-28 20:00:00,34,2640.77,2640.33975,9.8933,2307.6923,HIT/DEFESA,19.2,5
2024-12-02 14:00:00,34,2641.03,2641.91318,28.06,10556.6265,BREAK/RUPTURA,-2.2,5
2024-12-02 17:00:00,34,2642.33,2642.40209,4.9223,7631.8182,BREAK/RUPTURA,-5.23,5
2024-12-03 01:00:00,34,2642.19,2641.25742,17.3642,397.5207,BREAK/RUPTURA,-2.31,5
2024-12-03 02:00:00,34,2641.13,2641.25014,15.2819,3584.6154,HIT/DEFESA,0.06,5
2024-12-03 05:00:00,34,2640.53,2640.74609,-2.2718,2025.8621,BREAK/RUPTURA,4.59,5
2024-12-03 06:00:00,34,2639.88,2640.6966,12.6301,7329.6875,HIT/DEFESA,4.16,5
2024-12-03 07:00:00,34,2641.19,2640.72479,15.5474,5312.8788,HIT/DEFESA,1.66,5
2024-12-03 11:00:00,134,2644.04,2643.58362,-10.8051,8433.945,BREAK/RUPTURA,2.71,5
2024-12-03 12:00:00,134,2642.85,2643.57275,-6.7684,5037.2881,HIT/DEFESA,-2.35,5
2024-12-03 13:00:00,134,2643.65,2643.5739,-5.5574,6266.6667,BREAK/RUPTURA,4.74,5
2024-12-03 22:00:00,34,2642.15,2643.03203,-18.398,2991.7355,BREAK/RUPTURA,3.71,5
2024-12-03 23:00:00,34,2643.43,2643.05477,-8.8065,1482.906,BREAK/RUPTURA,1.05,5
2024-12-03 23:00:00,134,2643.43,2643.73379,-8.8065,1482.906,BREAK/RUPTURA,1.05,5
2024-12-04 01:00:00,34,2642.79,2643.03964,6.9672,1250.0,HIT/DEFESA,5.65,5
2024-12-04 01:00:00,134,2642.79,2643.71981,6.9672,1250.0,HIT/DEFESA,5.65,5
2024-12-04 03:00:00,34,2642.19,2642.85588,-4.6909,6306.6667,BREAK/RUPTURA,7.09,5
2024-12-04 05:00:00,134,2644.48,2643.69512,14.9591,4754.6763,BREAK/RUPTURA,-3.14,5
2024-12-04 12:00:00,34,2644.4,2643.67833,11.0165,1896.4497,HIT/DEFESA,10.68,5
2024-12-04 12:00:00,134,2644.4,2643.8266,11.0165,1896.4497,HIT/DEFESA,10.68,5
2024-12-05 03:00:00,34,2647.03,2646.69059,-10.4913,5612.0301,HIT/DEFESA,-0.08,5
2024-12-05 04:00:00,34,2646.57,2646.6837,-14.2246,12102.1277,BREAK/RUPTURA,2.2,5
2024-12-05 06:00:00,34,2646.27,2646.77732,-2.8711,1140.6977,HIT/DEFESA,-1.44,5
2024-12-05 08:00:00,34,2646.95,2647.12945,-7.2106,1155.6634,BREAK/RUPTURA,4.47,5
2024-12-05 11:00:00,134,2644.83,2645.06316,-8.0092,3740.4908,HIT/DEFESA,-4.53,5
2024-12-06 06:00:00,134,2642.28,2642.93988,94.4777,3085.6164,BREAK/RUPTURA,-1.49,5
2024-12-06 08:00:00,34,2639.41,2639.01206,-5.4149,4668.4564,HIT/DEFESA,-0.91,5
2024-12-06 09:00:00,34,2639.73,2639.05309,-9.6508,18836.3636,HIT/DEFESA,-1.18,5
2024-12-06 13:00:00,34,2638.5,2639.09003,-21.4811,1210.9589,BREAK/RUPTURA,1.91,5
2024-12-06 14:00:00,34,2638.55,2639.05917,-8.4823,147550.0,HIT/DEFESA,-3.58,5
2024-12-09 05:00:00,34,2638.78,2638.38744,29.5324,984.6049,HIT/DEFESA,10.62,5
2024-12-09 07:00:00,34,2638.34,2638.25879,-29.4769,2532.5991,BREAK/RUPTURA,19.19,5
2024-12-12 14:00:00,34,2706.7,2706.30511,-29.7263,2403.1707,HIT/DEFESA,-20.41,5
2024-12-16 13:00:00,34,2663.56,2663.97621,20.7295,1540.7563,BREAK/RUPTURA,-11.39,5
2024-12-17 03:00:00,34,2658.11,2659.05225,19.9788,2860.8997,BREAK/RUPTURA,-9.19,5
2024-12-18 10:00:00,34,2648.03,2648.15696,2.1152,2465.407,BREAK/RUPTURA,-3.98,5
2024-12-18 12:00:00,34,2648.52,2648.10567,14.6712,2922.807,BREAK/RUPTURA,-10.27,5
2024-12-20 09:00:00,34,2606.34,2606.42691,31.9858,4439.2405,BREAK/RUPTURA,-2.7,5
2024-12-20 10:00:00,34,2605.5,2606.37395,19.5738,9967.4419,HIT/DEFESA,4.11,5
2024-12-23 08:00:00,134,2631.63,2630.9068,28.772,1295.0104,BREAK/RUPTURA,-15.34,5
2024-12-23 09:00:00,134,2630.33,2630.89826,18.4728,4337.2093,BREAK/RUPTURA,-15.26,5
2024-12-23 10:00:00,134,2629.98,2630.88465,12.0298,42393.75,BREAK/RUPTURA,-12.51,5
2024-12-23 12:00:00,34,2619.44,2619.52156,-41.4016,1098.8423,HIT/DEFESA,-9.6,5
2024-12-24 01:00:00,34,2615.55,2616.40299,16.5823,324.0458,HIT/DEFESA,4.66,5
2024-12-24 02:00:00,34,2616.71,2616.42053,21.9074,1943.8596,HIT/DEFESA,2.6,5
2024-12-24 04:00:00,34,2616.88,2616.51033,5.085,8205.7971,HIT/DEFESA,1.46,5
2024-12-24 10:00:00,34,2617.29,2617.17358,-7.712,3918.2609,HIT/DEFESA,-3.07,5
2024-12-24 18:00:00,34,2616.0,2615.92595,6.8089,1548.4778,HIT/DEFESA,10.71,5
2024-12-24 20:00:00,34,2615.5,2615.95894,14.3965,1106.1644,HIT/DEFESA,11.48,5
2024-12-26 09:00:00,134,2625.4,2624.97225,-7.2698,5173.5294,BREAK/RUPTURA,1.34,5
2024-12-27 10:00:00,134,2626.21,2626.8984,-19.875,903.6775,HIT/DEFESA,-7.38,5
2024-12-27 12:00:00,134,2626.68,2626.85389,-25.9728,1728.9575,HIT/DEFESA,-8.5,5
2024-12-27 13:00:00,34,2628.7,2628.46006,9.4813,2550.9901,BREAK/RUPTURA,-10.75,5
2024-12-27 14:00:00,134,2626.3,2626.87262,8.4982,2480.0,BREAK/RUPTURA,-10.37,5
2024-12-30 01:00:00,34,2623.98,2624.12219,12.745,445.0855,BREAK/RUPTURA,-1.74,5
2024-12-30 03:00:00,34,2624.19,2624.04028,12.6293,3647.486,BREAK/RUPTURA,-5.07,5
2024-12-30 04:00:00,34,2623.95,2624.03512,-0.1143,18250.0,HIT/DEFESA,-7.01,5
2024-12-30 05:00:00,134,2626.56,2625.6545,15.3668,1365.7795,BREAK/RUPTURA,-14.56,5
2024-12-30 07:00:00,34,2623.74,2624.0498,-0.8003,3124.1611,HIT/DEFESA,-13.08,5
2024-12-30 14:00:00,34,2621.49,2621.22686,33.1441,1009.589,BREAK/RUPTURA,-16.26,5
2024-12-31 12:00:00,34,2611.76,2612.29571,-7.843,1520.8791,BREAK/RUPTURA,14.02,5
2024-12-31 14:00:00,34,2611.19,2612.16487,-15.6007,34012.5,BREAK/RUPTURA,13.05,5
2025-01-03 15:00:00,34,2649.97,2649.48899,-29.498,2198.8722,HIT/DEFESA,-8.09,5
2025-01-06 06:00:00,134,2635.43,2634.61945,-22.4506,1058.2278,HIT/DEFESA,-2.66,5
2025-01-06 07:00:00,134,2633.89,2634.60864,-40.121,4436.0,HIT/DEFESA,-0.28,5
2025-01-06 12:00:00,134,2633.61,2634.36916,25.6579,6291.7647,HIT/DEFESA,0.74,5
2025-01-06 20:00:00,134,2634.64,2634.61844,1.1008,4059.0476,HIT/DEFESA,0.42,5
2025-01-06 21:00:00,134,2634.41,2634.61535,-23.895,33504.7619,BREAK/RUPTURA,4.59,5
2025-01-06 22:00:00,134,2634.55,2634.61439,-8.2678,33575.0,BREAK/RUPTURA,4.0,5
2025-01-07 01:00:00,134,2634.6,2634.63717,0.7212,758.9286,HIT/DEFESA,3.69,5
2025-01-07 02:00:00,134,2635.06,2634.64343,1.9358,8558.8235,HIT/DEFESA,9.36,5
2025-01-07 03:00:00,34,2639.0,2638.16576,10.6593,2163.198,HIT/DEFESA,1.23,5
2025-01-07 04:00:00,34,2638.55,2638.18771,14.9928,13011.1111,HIT/DEFESA,2.01,5
2025-01-07 06:00:00,34,2638.29,2638.26965,-2.6904,2558.4,BREAK/RUPTURA,3.13,5
2025-01-08 05:00:00,34,2646.87,2646.15393,-13.7709,1913.1868,BREAK/RUPTURA,5.14,5
2025-01-08 06:00:00,34,2646.98,2646.20113,-6.9465,19700.0,BREAK/RUPTURA,6.67,5
2025-01-13 23:00:00,134,2662.91,2663.80036,13.7633,2327.2727,HIT/DEFESA,6.88,5
2025-01-14 06:00:00,34,2673.56,2672.89304,10.7088,1014.7757,BREAK/RUPTURA,-6.33,5
2025-01-14 16:00:00,134,2665.31,2664.83989,-15.0226,7078.3333,BREAK/RUPTURA,8.8,5
2025-01-14 18:00:00,34,2671.54,2670.63438,32.2575,58571.4286,HIT/DEFESA,5.56,5
2025-01-15 02:00:00,34,2672.66,2671.79026,-14.2352,672.028,BREAK/RUPTURA,6.69,5
2025-01-15 17:00:00,34,2678.51,2677.99859,-22.9079,4838.3285,BREAK/RUPTURA,17.87,5
2025-01-17 13:00:00,34,2708.09,2707.09068,-13.3495,1504.75,BREAK/RUPTURA,7.97,5
2025-01-20 11:00:00,34,2706.03,2705.44339,-20.983,8198.9583,BREAK/RUPTURA,4.46,5
2025-01-20 15:00:00,34,2705.22,2705.88809,-12.2575,4981.6667,BREAK/RUPTURA,5.39,5
2025-01-20 17:00:00,34,2707.02,2706.20071,-4.6893,2871.5517,BREAK/RUPTURA,3.44,5
2025-01-27 01:00:00,34,2767.52,2767.4963,-25.8048,1266.9903,HIT/DEFESA,-9.34,5
2025-01-27 11:00:00,34,2763.43,2763.36836,31.9462,1939.5498,BREAK/RUPTURA,-12.08,5
2025-01-28 11:00:00,134,2743.48,2744.06421,14.4916,3698.6842,HIT/DEFESA,10.02,5
2025-01-28 12:00:00,134,2743.26,2744.05229,16.9063,32575.0,HIT/DEFESA,12.05,5
2025-01-29 14:00:00,34,2756.51,2757.22224,-22.6223,4094.5946,HIT/DEFESA,-3.63,5
2025-01-29 20:00:00,134,2750.14,2749.31748,-14.7411,2732.3636,BREAK/RUPTURA,11.93,5
2025-02-03 01:00:00,34,2793.61,2794.04092,-9.0839,1245.7676,HIT/DEFESA,-12.8,5
2025-02-03 09:00:00,34,2789.35,2790.10133,30.7105,4409.8425,HIT/DEFESA,21.08,5
2025-02-06 08:00:00,34,2859.33,2859.29174,-34.9208,999.4457,BREAK/RUPTURA,6.66,5
2025-02-06 11:00:00,34,2859.36,2858.94807,0.1049,2773.0408,BREAK/RUPTURA,-17.4,5
2025-02-06 12:00:00,34,2859.3,2858.96818,12.4311,40490.4762,BREAK/RUPTURA,-8.63,5
2025-02-06 22:00:00,34,2856.49,2856.77008,14.5846,3559.6838,HIT/DEFESA,12.25,5
2025-02-06 23:00:00,34,2855.87,2856.71865,11.2176,4433.3333,HIT/DEFESA,11.4,5
2025-02-11 12:00:00,34,2902.69,2902.20346,-36.7612,24645.4545,BREAK/RUPTURA,2.05,5
2025-02-17 03:00:00,134,2895.74,2895.80945,45.1657,862.2296,HIT/DEFESA,0.84,5
2025-02-17 07:00:00,134,2896.16,2896.02665,-10.4857,2250.9615,BREAK/RUPTURA,6.65,5
2025-02-17 08:00:00,134,2896.58,2896.03485,-24.3487,15954.717,BREAK/RUPTURA,4.47,5
2025-02-17 15:00:00,134,2896.81,2896.4787,-20.6696,10856.1224,BREAK/RUPTURA,1.5,5
2025-02-17 16:00:00,34,2902.98,2903.3693,6.6528,1672.1683,BREAK/RUPTURA,-5.13,5
2025-02-18 03:00:00,134,2895.83,2896.78174,-6.9707,1812.1739,BREAK/RUPTURA,17.85,5
2025-02-19 18:00:00,34,2928.09,2928.14467,-28.0622,5034.5992,BREAK/RUPTURA,5.14,5
2025-02-20 17:00:00,34,2938.48,2938.12168,-24.2732,4245.509,HIT/DEFESA,-0.61,5
2025-02-20 21:00:00,34,2937.97,2938.66769,-17.3628,2181.5104,HIT/DEFESA,-9.12,5
2025-02-20 22:00:00,34,2937.87,2938.62211,-9.1479,104385.7143,BREAK/RUPTURA,1.33,5
2025-02-21 04:00:00,34,2939.2,2938.42265,-8.0569,839.5192,HIT/DEFESA,-9.17,5
2025-02-21 10:00:00,134,2923.29,2922.31857,-23.7863,1532.0896,BREAK/RUPTURA,7.7,5
2025-02-21 22:00:00,34,2934.77,2934.64082,-16.9742,7040.0,BREAK/RUPTURA,6.1,5
2025-02-24 07:00:00,34,2936.27,2935.37538,-15.6416,1441.8455,BREAK/RUPTURA,2.08,5
2025-02-24 16:00:00,34,2938.67,2939.14642,-30.6679,1086.1323,BREAK/RUPTURA,10.56,5
2025-02-25 09:00:00,134,2931.68,2931.2511,-17.5699,2383.6105,HIT/DEFESA,-3.06,5
2025-02-25 10:00:00,34,2941.57,2941.51241,12.083,1143.6805,BREAK/RUPTURA,-4.13,5
2025-02-25 16:00:00,134,2932.59,2931.76082,-20.7575,3510.9053,HIT/DEFESA,-20.48,5
2025-02-27 02:00:00,34,2917.14,2917.91254,2.5717,1400.4878,BREAK/RUPTURA,-26.21,5
2025-03-03 02:00:00,34,2865.92,2865.91124,39.3036,1538.5396,BREAK/RUPTURA,-2.03,5
2025-03-03 08:00:00,34,2865.5,2866.11176,2.3736,3712.3457,HIT/DEFESA,8.88,5
2025-03-03 18:00:00,134,2891.65,2891.97444,66.141,2759.6774,HIT/DEFESA,0.19,5
2025-03-03 23:00:00,134,2891.84,2891.76039,6.3322,3601.6807,BREAK/RUPTURA,-3.18,5
2025-03-04 01:00:00,134,2890.89,2891.74749,32.2738,2122.093,HIT/DEFESA,0.47,5
2025-03-04 02:00:00,134,2891.84,2891.74886,4.2898,3594.1176,BREAK/RUPTURA,-2.13,5
2025-03-04 06:00:00,134,2891.36,2891.55817,10.7331,1726.5683,HIT/DEFESA,26.64,5
2025-03-05 15:00:00,134,2899.99,2899.43722,-45.3795,1139.5306,BREAK/RUPTURA,17.49,5
2025-03-06 10:00:00,134,2904.81,2903.82989,-51.6458,2478.7072,HIT/DEFESA,-0.27,5
2025-03-06 14:00:00,134,2903.22,2903.64978,31.0618,4615.4762,HIT/DEFESA,12.31,5
2025-03-06 15:00:00,134,2904.54,2903.66297,17.9006,11323.5294,HIT/DEFESA,11.72,5
2025-03-06 23:00:00,34,2911.44,2912.12611,-16.528,1146.1538,HIT/DEFESA,-6.08,5
2025-03-07 02:00:00,134,2904.54,2904.90915,-14.6795,1225.5575,BREAK/RUPTURA,5.07,5
2025-03-07 05:00:00,134,2905.36,2904.99205,2.8232,2192.1429,HIT/DEFESA,17.11,5
2025-03-07 07:00:00,34,2909.61,2910.52159,5.0204,2371.4286,HIT/DEFESA,8.44,5
2025-03-07 15:00:00,34,2913.76,2913.31502,-14.7016,3788.1148,HIT/DEFESA,-7.13,5
2025-03-07 18:00:00,34,2914.1,2914.18288,1.1669,7656.8966,BREAK/RUPTURA,-4.51,5
2025-03-07 20:00:00,134,2906.63,2907.08682,-31.4835,8175.4839,BREAK/RUPTURA,9.52,5
2025-03-10 04:00:00,34,2912.09,2912.78503,0.4808,3841.0891,HIT/DEFESA,2.37,5
2025-03-10 10:00:00,134,2908.35,2907.80666,-9.0691,1516.5574,HIT/DEFESA,-1.69,5
2025-03-10 12:00:00,34,2911.34,2911.42666,-10.7052,845.2045,HIT/DEFESA,-3.26,5
2025-03-10 15:00:00,134,2906.66,2907.57998,-16.0751,5351.417,HIT/DEFESA,-20.61,5
2025-03-10 17:00:00,134,2908.08,2907.53222,13.5668,4155.2448,BREAK/RUPTURA,-22.56,5
2025-03-12 09:00:00,34,2912.07,2911.11566,-9.8116,1963.4085,BREAK/RUPTURA,3.26,5
2025-03-19 11:00:00,34,3025.19,3025.11138,-63.3606,767.5253,BREAK/RUPTURA,8.11,5
2025-03-19 17:00:00,34,3027.69,3027.63291,-37.5112,2040.949,BREAK/RUPTURA,20.24,5
2025-03-20 19:00:00,34,3038.27,3038.76478,18.1022,3663.9344,HIT/DEFESA,7.54,5
2025-03-21 20:00:00,134,3013.83,3013.20063,-6.3666,5256.338,BREAK/RUPTURA,10.9,5
2025-03-24 14:00:00,34,3024.81,3025.52074,-13.3384,1819.1977,HIT/DEFESA,-14.97,5
2025-03-25 03:00:00,134,3014.05,3014.77518,9.2652,675.1309,HIT/DEFESA,4.28,5
2025-03-25 06:00:00,134,3015.2,3014.65775,3.8155,793.5216,HIT/DEFESA,6.1,5
2025-03-25 07:00:00,134,3015.19,3014.66563,11.0563,95400.0,HIT/DEFESA,8.17,5
2025-03-25 08:00:00,34,3018.33,3017.50076,30.4403,1395.2681,HIT/DEFESA,5.31,5
2025-03-25 09:00:00,34,3017.86,3017.52128,8.822,9500.0,HIT/DEFESA,2.91,5
2025-03-25 22:00:00,34,3019.7,3019.78812,-11.445,3739.4495,BREAK/RUPTURA,5.17,5
2025-03-25 23:00:00,34,3019.37,3019.76423,-10.7523,5873.5294,BREAK/RUPTURA,4.86,5
2025-03-26 16:00:00,134,3016.75,3017.41126,-21.6321,1178.6965,BREAK/RUPTURA,1.58,5
2025-03-26 17:00:00,134,3017.48,3017.41228,-33.5246,15150.0,HIT/DEFESA,-0.28,5
2025-03-26 21:00:00,134,3018.33,3017.39948,7.9246,14416.2162,HIT/DEFESA,7.05,5
2025-03-26 22:00:00,134,3017.2,3017.39653,4.9408,4019.2982,HIT/DEFESA,6.43,5
2025-03-26 23:00:00,34,3019.43,3020.22046,2.3851,1261.5741,HIT/DEFESA,12.3,5
2025-03-27 01:00:00,34,3019.34,3020.17015,3.3462,1346.9136,HIT/DEFESA,14.25,5
2025-04-02 14:00:00,34,3121.3,3121.16818,-31.9038,1246.0507,BREAK/RUPTURA,10.19,5
2025-04-02 21:00:00,34,3121.99,3122.35954,-12.3806,5356.25,BREAK/RUPTURA,29.35,5
2025-04-03 08:00:00,34,3131.96,3131.87929,-42.0009,1369.0952,HIT/DEFESA,-36.4,5
2025-04-04 09:00:00,134,3101.11,3101.71885,8.7788,1144.2581,HIT/DEFESA,9.13,5
2025-04-04 13:00:00,34,3110.3,3109.34857,56.3879,832.4145,BREAK/RUPTURA,-88.42,5
2025-04-04 14:00:00,34,3110.24,3109.39951,84.2341,953050.0,BREAK/RUPTURA,-79.32,5
2025-04-08 09:00:00,34,3013.17,3012.57766,62.1796,1403.9164,HIT/DEFESA,4.16,5
2025-04-08 16:00:00,34,3010.4,3011.14141,5.1515,2188.4956,BREAK/RUPTURA,-26.85,5
2025-04-09 13:00:00,134,3042.86,3042.42066,6.1493,5857.9909,HIT/DEFESA,43.5,5
2025-04-14 17:00:00,34,3211.15,3211.55241,-38.0034,2212.6524,BREAK/RUPTURA,1.61,5
2025-04-14 23:00:00,34,3210.41,3210.75208,-11.5117,1163.4855,BREAK/RUPTURA,14.02,5
2025-04-15 03:00:00,34,3211.92,3210.99139,4.7034,5834.375,HIT/DEFESA,12.69,5
2025-04-23 13:00:00,134,3330.08,3330.86204,32.779,766.5064,BREAK/RUPTURA,-49.76,5
2025-04-24 07:00:00,134,3326.18,3325.91974,-92.6345,6461.25,BREAK/RUPTURA,9.58,5
2025-04-24 10:00:00,34,3333.73,3332.88444,22.6987,1391.3907,HIT/DEFESA,2.27,5
2025-04-24 19:00:00,34,3331.61,3331.94348,48.8021,5583.4862,HIT/DEFESA,35.38,5
2025-04-28 01:00:00,34,3310.63,3311.41012,67.2951,397.7064,BREAK/RUPTURA,-19.74,5
2025-04-29 09:00:00,134,3318.77,3318.44719,8.1723,1153.7367,BREAK/RUPTURA,-9.4,5
2025-04-29 17:00:00,34,3314.57,3314.91503,15.713,2037.1202,HIT/DEFESA,5.94,5
2025-04-29 23:00:00,134,3317.14,3317.87717,8.2972,1182.7338,BREAK/RUPTURA,-10.47,5
2025-04-30 02:00:00,34,3317.13,3316.31068,-10.1792,1606.1453,HIT/DEFESA,-9.12,5
2025-04-30 02:00:00,134,3317.13,3317.88147,-10.1792,1606.1453,HIT/DEFESA,-9.12,5
2025-04-30 20:00:00,34,3305.28,3305.89981,-14.3202,1618.8991,HIT/DEFESA,-32.53,5
2025-05-02 15:00:00,34,3250.43,3250.54733,-45.4785,1357.1313,HIT/DEFESA,-19.03,5
2025-05-02 16:00:00,34,3250.49,3250.54406,-27.6729,194209.0909,HIT/DEFESA,-24.09,5
2025-05-08 02:00:00,34,3376.49,3377.44497,13.3452,496.6206,HIT/DEFESA,5.58,5
2025-05-08 07:00:00,34,3382.07,3381.6416,-78.0072,517.7147,HIT/DEFESA,-50.05,5
2025-05-09 14:00:00,34,3333.09,3333.72869,13.5794,1055.7949,HIT/DEFESA,3.78,5
2025-05-09 14:00:00,134,3333.09,3333.23474,13.5794,1055.7949,HIT/DEFESA,3.78,5
2025-05-09 15:00:00,34,3333.57,3333.71962,25.2317,24661.9048,HIT/DEFESA,7.38,5
2025-05-09 15:00:00,134,3333.57,3333.23971,25.2317,24661.9048,HIT/DEFESA,7.38,5
2025-05-13 08:00:00,34,3256.51,3255.72972,85.4465,2243.2225,BREAK/RUPTURA,-3.59,5
2025-05-13 11:00:00,34,3255.62,3256.22723,-2.733,2368.5393,HIT/DEFESA,-28.01,5
2025-05-13 18:00:00,34,3253.41,3252.6255,35.7515,1216.5377,BREAK/RUPTURA,-3.48,5
2025-05-16 03:00:00,134,3243.16,3243.80502,10.7109,1595.1505,BREAK/RUPTURA,-24.54,5
2025-05-16 12:00:00,34,3209.25,3209.49132,-17.6055,4924.0223,HIT/DEFESA,-35.93,5
2025-05-19 18:00:00,134,3231.65,3231.62639,6.9672,4410.5263,BREAK/RUPTURA,-2.21,5
2025-05-19 19:00:00,134,3231.8,3231.62896,5.3869,59692.8571,BREAK/RUPTURA,-4.99,5
2025-05-20 02:00:00,34,3222.54,3223.2396,-32.3539,822.2222,HIT/DEFESA,-5.28,5
2025-05-20 03:00:00,34,3222.78,3223.21333,-20.6228,70490000.0,HIT/DEFESA,-8.96,5
2025-05-23 06:00:00,34,3302.09,3302.50989,3.1808,1057.0881,HIT/DEFESA,24.31,5
2025-05-26 09:00:00,34,3337.34,3336.98101,-30.7679,816.4179,HIT/DEFESA,-4.12,5
2025-05-26 10:00:00,34,3337.44,3337.00724,-37.1059,66900.0,HIT/DEFESA,-3.11,5
2025-05-27 09:00:00,134,3308.73,3307.95647,-97.4178,956.3686,HIT/DEFESA,-20.34,5
2025-05-28 14:00:00,34,3311.16,3312.07176,-31.7607,3704.4843,HIT/DEFESA,-17.68,5
2025-05-28 15:00:00,34,3312.27,3312.08308,-35.8584,9380.3419,HIT/DEFESA,-15.72,5
2025-05-29 14:00:00,134,3299.78,3300.35626,54.9708,3071.7105,HIT/DEFESA,22.51,5
2025-05-30 08:00:00,34,3303.86,3303.23458,19.9862,937.3698,BREAK/RUPTURA,-8.58,5
2025-05-30 08:00:00,134,3303.86,3302.90561,19.9862,937.3698,BREAK/RUPTURA,-8.58,5
2025-06-03 20:00:00,34,3353.21,3353.06596,20.0508,1423.0444,HIT/DEFESA,6.73,5
2025-06-03 21:00:00,34,3353.58,3353.09533,9.8499,11192.3077,BREAK/RUPTURA,-3.37,5
2025-06-03 22:00:00,34,3352.59,3353.06646,12.2443,4382.1782,HIT/DEFESA,18.28,5
2025-06-03 23:00:00,34,3353.17,3353.07237,-0.1193,4987.7551,BREAK/RUPTURA,12.4,5
2025-06-04 07:00:00,34,3354.78,3355.31316,-47.7325,1413.1519,BREAK/RUPTURA,8.23,5
2025-06-04 09:00:00,34,3355.64,3355.10215,-10.4491,2192.1397,HIT/DEFESA,-9.08,5
2025-06-04 10:00:00,34,3354.69,3355.07859,-0.2683,9044.7917,BREAK/RUPTURA,4.24,5
2025-06-05 09:00:00,34,3366.04,3365.64584,-11.0097,4836.0465,BREAK/RUPTURA,26.31,5
2025-06-06 08:00:00,34,3366.09,3365.79314,6.2426,1139.6574,BREAK/RUPTURA,-5.47,5
2025-06-06 11:00:00,34,3365.39,3365.17579,-2.0796,1483.9789,HIT/DEFESA,-22.15,5
2025-06-09 18:00:00,34,3328.69,3327.95885,25.9029,1134.5269,BREAK/RUPTURA,-3.36,5
2025-06-10 13:00:00,134,3335.41,3336.0082,15.8552,1149.6454,BREAK/RUPTURA,-8.73,5
2025-06-10 18:00:00,34,3326.68,3327.18574,-31.5533,7233.1169,HIT/DEFESA,-3.42,5
2025-06-11 18:00:00,34,3333.23,3332.30721,-10.4893,2486.3326,BREAK/RUPTURA,21.76,5
2025-06-17 13:00:00,34,3398.13,3398.87757,30.699,791.0472,BREAK/RUPTURA,-18.78,5
2025-06-18 06:00:00,34,3390.94,3390.72891,15.2698,588.1795,BREAK/RUPTURA,-7.35,5
2025-06-18 11:00:00,134,3383.59,3384.38201,-8.5339,2686.0262,BREAK/RUPTURA,8.71,5
2025-06-18 20:00:00,134,3385.12,3384.61805,-5.226,1170.7612,HIT/DEFESA,-10.04,5
2025-06-23 03:00:00,34,3365.67,3365.69039,-8.1641,1174.4475,HIT/DEFESA,-8.88,5
2025-06-25 04:00:00,34,3334.67,3334.39169,39.8019,966.1458,BREAK/RUPTURA,-3.19,5
2025-06-26 04:00:00,34,3330.23,3330.81866,-9.0003,1919.2208,BREAK/RUPTURA,9.63,5
2025-06-26 11:00:00,134,3348.21,3348.72543,42.26,3578.0952,BREAK/RUPTURA,-28.32,5
2025-06-26 19:00:00,34,3331.36,3331.95823,34.5493,1251.3178,BREAK/RUPTURA,-9.86,5
2025-06-26 20:00:00,34,3332.73,3332.00233,43.244,5503.6232,BREAK/RUPTURA,-14.01,5
2025-06-26 22:00:00,34,3331.32,3332.07636,-0.1201,1867.3835,HIT/DEFESA,-14.84,5
2025-06-30 08:00:00,34,3288.92,3288.7781,26.2781,1587.6106,BREAK/RUPTURA,-5.39,5
2025-06-30 11:00:00,34,3289.21,3289.19731,0.8817,1697.2603,BREAK/RUPTURA,-4.39,5
2025-06-30 17:00:00,34,3287.74,3287.66576,29.7744,3903.9146,HIT/DEFESA,20.91,5
2025-07-01 05:00:00,134,3316.2,3316.4213,11.1396,3989.6774,HIT/DEFESA,23.33,5
2025-07-03 12:00:00,34,3345.72,3346.12566,-47.9203,639.2788,HIT/DEFESA,-21.11,5
2025-07-03 14:00:00,34,3346.04,3346.50084,-30.1535,883.2168,HIT/DEFESA,-12.08,5
2025-07-03 16:00:00,134,3332.21,3332.4229,-62.5377,2006.9948,HIT/DEFESA,-3.12,5
2025-07-04 13:00:00,34,3336.87,3337.73675,-18.1278,1937.069,HIT/DEFESA,-4.42,5
2025-07-04 17:00:00,134,3333.27,3332.79598,-4.3782,10322.0,HIT/DEFESA,-6.77,5
2025-07-04 18:00:00,134,3332.45,3332.79085,-4.4692,3242.2222,HIT/DEFESA,-15.83,5
2025-07-07 01:00:00,134,3333.54,3332.84193,0.81,4962.1622,BREAK/RUPTURA,-22.6,5
2025-07-07 18:00:00,34,3320.88,3321.09393,34.0827,2084.669,HIT/DEFESA,15.89,5
2025-07-07 19:00:00,134,3327.45,3328.25212,33.047,1376.4438,HIT/DEFESA,12.39,5
2025-07-08 07:00:00,134,3329.64,3329.1859,-15.3235,1760.1093,HIT/DEFESA,-7.54,5
2025-07-08 15:00:00,34,3328.18,3327.72024,18.3017,2201.2862,BREAK/RUPTURA,-21.76,5
2025-07-08 15:00:00,134,3328.18,3329.09013,18.3017,2201.2862,BREAK/RUPTURA,-21.76,5
2025-07-10 01:00:00,134,3319.58,3318.71335,24.5209,365.1961,BREAK/RUPTURA,-3.85,5
2025-07-10 03:00:00,134,3317.71,3318.68224,13.0682,79416.6667,HIT/DEFESA,3.44,5
2025-07-10 05:00:00,134,3319.21,3318.74154,4.8529,1188.0952,HIT/DEFESA,1.92,5
2025-07-10 17:00:00,34,3314.96,3315.53745,-16.5339,5579.7235,BREAK/RUPTURA,9.95,5
2025-07-10 18:00:00,134,3319.67,3319.19181,-12.4856,1436.7865,BREAK/RUPTURA,4.03,5
2025-07-10 19:00:00,34,3315.11,3315.73568,6.7615,1327.6923,HIT/DEFESA,8.32,5
2025-07-15 05:00:00,34,3350.96,3350.20054,16.8594,986.6516,HIT/DEFESA,13.36,5
2025-07-15 14:00:00,34,3354.89,3354.37977,-18.387,869.6646,HIT/DEFESA,-25.56,5
2025-07-16 07:00:00,134,3338.36,3337.95978,22.3061,979.9492,HIT/DEFESA,1.68,5
2025-07-16 08:00:00,134,3338.19,3337.96319,36.0471,24300.0,BREAK/RUPTURA,-3.21,5
2025-07-16 10:00:00,134,3337.9,3337.98103,-1.3779,3307.4627,HIT/DEFESA,-3.25,5
2025-07-16 12:00:00,34,3340.04,3340.61373,2.3658,2180.829,BREAK/RUPTURA,-1.92,5
2025-07-16 14:00:00,34,3339.32,3340.23627,-8.0789,1260.8796,BREAK/RUPTURA,9.8,5
2025-07-16 17:00:00,34,3338.12,3339.11143,-3.5935,1316.3877,BREAK/RUPTURA,9.03,5
2025-07-16 17:00:00,134,3338.12,3337.83313,-3.5935,1316.3877,BREAK/RUPTURA,9.03,5
2025-07-17 06:00:00,34,3341.52,3342.47421,2.245,32030.7692,BREAK/RUPTURA,-12.72,5
2025-07-17 07:00:00,34,3342.7,3342.48711,-4.0669,2239.2,HIT/DEFESA,-17.04,5
2025-07-17 08:00:00,134,3339.41,3339.25398,-5.9556,1269.2547,HIT/DEFESA,-13.55,5
2025-07-17 18:00:00,134,3336.77,3337.53961,71.5045,3593.8931,HIT/DEFESA,1.94,5
2025-07-17 20:00:00,134,3337.46,3337.55771,9.8375,3954.2254,HIT/DEFESA,2.79,5
2025-07-18 04:00:00,34,3337.73,3337.10468,-16.6303,2446.5217,BREAK/RUPTURA,4.33,5
2025-07-18 04:00:00,134,3337.73,3337.77569,-16.6303,2446.5217,BREAK/RUPTURA,4.33,5
2025-07-18 05:00:00,34,3337.78,3337.14327,-7.3947,37442.8571,BREAK/RUPTURA,12.16,5
2025-07-18 05:00:00,134,3337.78,3337.77575,-7.3947,37442.8571,BREAK/RUPTURA,12.16,5
2025-07-18 07:00:00,34,3337.13,3337.00872,-1.7976,1156.2992,BREAK/RUPTURA,15.3,5
2025-07-18 07:00:00,134,3337.13,3337.72071,-1.7976,1156.2992,BREAK/RUPTURA,15.3,5
2025-07-23 17:00:00,34,3413.53,3414.37194,-42.8793,66977.7778,HIT/DEFESA,-23.45,5
2025-07-29 12:00:00,34,3324.59,3324.88934,22.9426,4137.4302,HIT/DEFESA,4.36,5
2025-07-29 15:00:00,34,3323.35,3324.147,-3.7298,1088.7237,BREAK/RUPTURA,4.96,5
2025-07-29 19:00:00,34,3323.18,3323.85626,15.6722,2475.8197,HIT/DEFESA,4.55,5
2025-07-29 22:00:00,34,3325.03,3324.25914,5.567,7529.4118,BREAK/RUPTURA,-1.58,5
2025-07-30 08:00:00,34,3324.96,3325.45758,-13.2757,1883.1633,BREAK/RUPTURA,3.58,5
2025-07-31 10:00:00,34,3304.66,3304.38904,19.8295,1172.4771,HIT/DEFESA,3.0,5
2025-08-01 08:00:00,34,3296.64,3297.30882,14.7032,1109.8434,HIT/DEFESA,1.75,5
2025-08-06 07:00:00,34,3372.46,3372.1505,-10.8704,1088.9401,HIT/DEFESA,-13.6,5
2025-08-06 22:00:00,34,3371.74,3371.7751,-13.0622,51366.6667,BREAK/RUPTURA,10.61,5
2025-08-07 01:00:00,34,3372.03,3371.62398,1.305,1070.679,HIT/DEFESA,7.72,5
2025-08-07 03:00:00,34,3372.18,3371.57688,10.3304,4047.7833,HIT/DEFESA,3.4,5
2025-08-08 04:00:00,34,3383.61,3384.45577,-62.1481,2642.0722,BREAK/RUPTURA,9.88,5
2025-08-11 02:00:00,34,3391.38,3391.01552,-21.4496,706.9054,HIT/DEFESA,-15.41,5
2025-08-13 05:00:00,34,3351.78,3352.35611,3.5815,7845.7831,HIT/DEFESA,2.99,5
2025-08-13 07:00:00,34,3351.79,3352.17958,2.6859,1407.5472,HIT/DEFESA,12.95,5
2025-08-13 14:00:00,134,3362.29,3361.63083,5.9221,1866.3239,BREAK/RUPTURA,-4.32,5
2025-08-13 23:00:00,34,3355.7,3355.99223,6.1127,980.3738,HIT/DEFESA,7.16,5
2025-08-14 06:00:00,134,3360.43,3361.37507,-27.2731,3048.3607,HIT/DEFESA,-14.17,5
2025-08-14 07:00:00,134,3360.5,3361.36211,-20.4906,25984.6154,HIT/DEFESA,-3.97,5
2025-08-14 08:00:00,34,3358.88,3358.38477,-11.8352,3108.6957,HIT/DEFESA,-3.84,5
2025-08-14 09:00:00,134,3362.03,3361.33578,4.7613,2192.7778,BREAK/RUPTURA,-6.57,5
2025-08-14 12:00:00,34,3356.53,3357.17302,-16.3592,870.0389,HIT/DEFESA,-15.87,5
2025-08-15 07:00:00,34,3345.43,3346.41904,17.4872,2102.4038,BREAK/RUPTURA,-2.65,5
2025-08-15 10:00:00,34,3346.26,3345.95417,2.481,1124.6575,BREAK/RUPTURA,-3.52,5
2025-08-18 03:00:00,34,3340.62,3340.94464,14.029,583.5932,HIT/DEFESA,8.93,5
2025-08-18 14:00:00,34,3345.42,3344.4377,-9.8247,3194.3089,HIT/DEFESA,-11.17,5
2025-08-18 15:00:00,34,3344.75,3344.45555,-10.1549,8027.6316,HIT/DEFESA,-11.09,5
2025-08-19 05:00:00,34,3338.13,3338.96461,21.6457,940.4255,HIT/DEFESA,2.7,5
2025-08-19 11:00:00,34,3337.93,3338.61862,5.1556,1380.8664,BREAK/RUPTURA,-4.04,5
2025-08-19 12:00:00,34,3339.33,3338.65927,9.742,2413.4752,BREAK/RUPTURA,-13.95,5
2025-08-19 14:00:00,34,3339.79,3338.99062,5.5723,1079.1005,BREAK/RUPTURA,-22.32,5
2025-08-20 12:00:00,34,3326.17,3326.03943,9.2986,3660.177,HIT/DEFESA,20.76,5
2025-08-20 13:00:00,34,3326.75,3326.08003,5.6243,7127.1186,HIT/DEFESA,14.0,5
2025-08-20 18:00:00,134,3340.75,3339.94256,-6.4016,1049.6774,BREAK/RUPTURA,6.68,5
2025-08-21 06:00:00,134,3339.99,3340.7698,-7.0011,663.1004,HIT/DEFESA,-0.31,5
2025-08-21 07:00:00,34,3338.31,3337.32714,-13.5215,1259.2814,BREAK/RUPTURA,2.43,5
2025-08-21 09:00:00,34,3336.65,3337.36834,-10.0,2628.5714,HIT/DEFESA,-3.0,5
2025-08-21 10:00:00,134,3339.72,3340.63109,4.2237,1448.3766,HIT/DEFESA,2.19,5
2025-08-21 12:00:00,134,3340.74,3340.61882,12.2578,3512.5,HIT/DEFESA,3.5,5
2025-08-21 22:00:00,34,3338.8,3338.29858,-2.9343,5903.3333,HIT/DEFESA,-4.68,5
2025-08-21 23:00:00,34,3338.67,3338.3198,4.7047,7733.3333,BREAK/RUPTURA,-4.61,5
2025-08-22 01:00:00,34,3339.02,3338.35981,-1.108,4086.3636,HIT/DEFESA,-7.07,5
2025-08-22 02:00:00,34,3338.45,3338.36497,-1.0483,2527.0833,HIT/DEFESA,-10.07,5
2025-08-22 03:00:00,134,3339.59,3340.27231,2.7556,2878.9916,BREAK/RUPTURA,-9.48,5
2025-08-22 16:00:00,34,3333.8,3333.89193,8.4359,1000.0,HIT/DEFESA,38.94,5
2025-08-27 09:00:00,34,3377.5,3378.3586,-9.1404,20857.1429,HIT/DEFESA,-0.71,5
2025-08-27 12:00:00,34,3378.19,3378.84213,2.0429,868.0315,HIT/DEFESA,8.32,5
2025-08-27 16:00:00,34,3377.87,3378.65588,6.5469,3262.4625,HIT/DEFESA,16.7,5
2025-08-28 04:00:00,34,3385.93,3385.51012,-29.1828,1226.3502,BREAK/RUPTURA,9.39,5
2025-08-29 13:00:00,34,3405.51,3405.63439,-19.4306,2739.5,BREAK/RUPTURA,40.2,5
2025-09-04 12:00:00,34,3538.73,3538.5956,7.4942,2808.0,HIT/DEFESA,7.17,5
2025-09-10 01:00:00,34,3635.46,3634.46415,-13.6522,648.4581,BREAK/RUPTURA,1.13,5
2025-09-10 02:00:00,34,3633.54,3634.41134,11.3517,2558.5635,HIT/DEFESA,9.36,5
2025-09-10 22:00:00,34,3642.01,3641.56397,-2.3608,2297.1831,HIT/DEFESA,-1.02,5
2025-09-11 04:00:00,34,3640.99,3641.69659,3.2694,2466.4336,BREAK/RUPTURA,-7.73,5
2025-09-11 18:00:00,34,3633.17,3634.07132,11.5459,3030.1676,HIT/DEFESA,0.68,5
2025-09-11 20:00:00,34,3635.01,3634.24072,15.0156,5997.7273,BREAK/RUPTURA,-3.11,5
2025-09-11 23:00:00,34,3633.85,3634.26949,-3.1912,753.2258,BREAK/RUPTURA,15.15,5
2025-09-12 01:00:00,34,3634.86,3634.30323,6.9928,641.6342,HIT/DEFESA,18.08,5
2025-09-12 22:00:00,34,3644.23,3643.56033,-13.6468,1193.1765,HIT/DEFESA,-9.77,5
2025-09-12 23:00:00,34,3643.0,3643.52831,-15.8135,3538.4615,HIT/DEFESA,-1.95,5
2025-09-15 14:00:00,34,3642.66,3642.3116,-7.6808,2765.5039,BREAK/RUPTURA,36.57,5
2025-09-17 05:00:00,34,3682.13,3681.96289,-32.8347,3898.9011,HIT/DEFESA,-15.01,5
2025-09-17 06:00:00,34,3681.76,3681.9513,-25.8716,11238.4615,HIT/DEFESA,-16.87,5
2025-09-18 13:00:00,34,3667.18,3667.41766,22.4928,1531.7982,BREAK/RUPTURA,-25.78,5
2025-09-18 14:00:00,34,3667.2,3667.40522,4.5833,49340.0,BREAK/RUPTURA,-20.98,5
2025-09-19 06:00:00,34,3653.68,3653.97569,37.2791,1166.3551,HIT/DEFESA,2.08,5
2025-09-19 06:00:00,134,3653.68,3653.18656,37.2791,1166.3551,HIT/DEFESA,2.08,5
2025-09-19 08:00:00,134,3652.51,3653.25891,14.3395,1156.1014,HIT/DEFESA,3.44,5
2025-09-19 10:00:00,34,3654.02,3653.76313,-13.1463,1150.938,HIT/DEFESA,-4.72,5
2025-09-19 10:00:00,134,3654.02,3653.17956,-13.1463,1150.938,HIT/DEFESA,-4.72,5
2025-09-24 16:00:00,34,3761.25,3761.10541,-2.6314,2168.7683,HIT/DEFESA,-37.0,5
2025-09-25 22:00:00,34,3746.72,3746.02488,34.8447,1123.3256,BREAK/RUPTURA,-7.48,5
2025-09-26 06:00:00,34,3745.58,3745.61245,-10.7478,864.4476,BREAK/RUPTURA,7.38,5
2025-10-09 21:00:00,134,3957.53,3958.03959,-142.0579,1946.7903,BREAK/RUPTURA,33.47,5
2025-10-10 13:00:00,34,3993.81,3994.29473,54.6056,5622.2222,HIT/DEFESA,4.28,5
2025-10-23 13:00:00,34,4109.13,4109.16211,36.4907,836.6234,HIT/DEFESA,32.78,5
2025-10-23 14:00:00,34,4109.6,4109.18713,-16.4465,27808.3333,BREAK/RUPTURA,23.41,5
2025-10-29 04:00:00,34,3973.65,3973.98647,101.507,8864.4578,HIT/DEFESA,4.67,5
2025-10-30 23:00:00,134,4024.02,4024.78011,48.444,12546.2963,BREAK/RUPTURA,-12.98,5
2025-10-31 03:00:00,134,4025.25,4025.14461,3.0566,1203.6123,BREAK/RUPTURA,-20.18,5
2025-10-31 06:00:00,34,3996.35,3996.00714,-71.7968,990.3951,BREAK/RUPTURA,14.03,5
2025-10-31 15:00:00,134,4023.12,4022.83205,36.5977,1084.5664,BREAK/RUPTURA,-25.37,5
2025-10-31 23:00:00,34,4002.1,4002.85413,10.8811,4494.7368,HIT/DEFESA,9.33,5
2025-11-03 08:00:00,134,4017.63,4018.38659,15.4558,2426.5193,BREAK/RUPTURA,-10.0,5
2025-11-03 19:00:00,34,4006.21,4006.61519,-41.0666,6251.3812,HIT/DEFESA,-8.99,5
2025-11-03 20:00:00,34,4006.4,4006.60289,-5.5131,56822.2222,HIT/DEFESA,-19.89,5
2025-11-05 14:00:00,34,3969.65,3969.32984,-5.69,2557.9926,BREAK/RUPTURA,12.48,5
2025-11-06 01:00:00,34,3973.66,3974.36476,-35.6081,864.9795,BREAK/RUPTURA,15.14,5
2025-11-06 20:00:00,34,3987.84,3988.23931,19.1195,7377.3585,HIT/DEFESA,0.9,5
2025-11-14 01:00:00,34,4185.97,4186.08529,52.9791,483.9388,HIT/DEFESA,17.33,5
2025-11-14 07:00:00,34,4189.92,4189.2466,-40.6227,935.7459,HIT/DEFESA,-21.98,5
2025-11-19 09:00:00,134,4086.97,4087.58793,28.9805,2609.1153,HIT/DEFESA,27.62,5
2025-11-20 21:00:00,134,4084.68,4084.56067,87.6222,749.9168,BREAK/RUPTURA,-16.16,5
2025-11-26 16:00:00,34,4141.97,4142.51078,-71.0279,1492.4282,BREAK/RUPTURA,21.34,5
2025-11-27 06:00:00,34,4150.87,4151.20634,-8.0881,2088.5714,BREAK/RUPTURA,7.75,5
2025-11-27 14:00:00,34,4154.03,4153.47011,-11.0373,1350.8671,BREAK/RUPTURA,3.77,5
2025-11-27 16:00:00,34,4153.37,4153.54466,-9.5734,5703.8462,BREAK/RUPTURA,4.63,5
2025-11-28 11:00:00,34,4165.77,4166.30014,-52.1539,3824.1758,BREAK/RUPTURA,32.49,5
2025-12-02 22:00:00,34,4210.15,4209.43867,38.7946,803.1852,HIT/DEFESA,16.49,5
2025-12-03 16:00:00,34,4212.57,4211.70611,9.005,975.588,BREAK/RUPTURA,-4.65,5
2025-12-03 19:00:00,34,4211.2,4211.32699,-3.2522,1529.5082,HIT/DEFESA,-4.06,5
2025-12-04 03:00:00,34,4209.25,4209.68302,14.227,5753.0364,BREAK/RUPTURA,-19.03,5
2025-12-04 08:00:00,134,4190.22,4190.71634,-13.2514,1744.6903,BREAK/RUPTURA,8.41,5
2025-12-04 14:00:00,134,4190.57,4191.01785,-22.5236,1330.2993,BREAK/RUPTURA,25.98,5
2025-12-04 16:00:00,34,4201.39,4201.79996,6.5736,6747.4194,HIT/DEFESA,7.63,5
2025-12-05 19:00:00,34,4217.62,4216.86015,-57.4495,4300.5952,HIT/DEFESA,-16.38,5
2025-12-08 01:00:00,134,4201.24,4200.29636,-15.2579,1091.2664,BREAK/RUPTURA,7.29,5
2025-12-08 03:00:00,134,4201.15,4200.46114,8.4334,1594.9948,HIT/DEFESA,15.88,5
2025-12-08 15:00:00,134,4201.63,4201.92484,-4.734,1190.3704,HIT/DEFESA,-14.44,5
2025-12-10 15:00:00,134,4200.78,4201.12194,17.838,2856.0364,BREAK/RUPTURA,-6.12,5
2025-12-15 20:00:00,34,4313.21,4313.07883,-11.6945,1359.9771,HIT/DEFESA,-5.35,5
2025-12-16 23:00:00,34,4302.55,4303.38325,-20.4344,1212.0833,BREAK/RUPTURA,21.22,5
2025-12-18 10:00:00,34,4326.59,4327.3307,-15.2774,1593.2927,BREAK/RUPTURA,10.01,5
2025-12-19 12:00:00,34,4327.94,4327.68411,11.9599,4992.517,HIT/DEFESA,20.26,5
2025-12-19 13:00:00,34,4327.31,4327.66274,3.0051,11943.5484,HIT/DEFESA,22.54,5
2025-12-19 14:00:00,34,4326.87,4327.61744,-6.1439,12077.4648,BREAK/RUPTURA,26.66,5
2025-12-19 15:00:00,34,4328.46,4327.66558,1.2015,8205.8824,HIT/DEFESA,20.27,5
2025-12-24 18:00:00,34,4476.93,4476.87625,-24.5769,787.9913,BREAK/RUPTURA,26.96,5
2026-01-02 10:00:00,134,4387.01,4386.96227,14.5641,1981.2352,BREAK/RUPTURA,-20.99,5
2026-01-07 09:00:00,34,4461.22,4461.22991,-8.1749,495.0442,HIT/DEFESA,-16.14,5
2026-01-07 21:00:00,34,4456.95,4457.772,-16.4192,2065.2807,HIT/DEFESA,-8.56,5
2026-01-07 23:00:00,34,4457.13,4457.42218,11.2306,774.1176,BREAK/RUPTURA,-16.75,5
2026-01-15 16:00:00,34,4611.18,4610.5301,-17.3191,755.8939,BREAK/RUPTURA,4.68,5
2026-01-16 09:00:00,34,4607.65,4607.81319,13.9528,865.2452,BREAK/RUPTURA,-5.86,5
2026-02-06 15:00:00,134,4929.12,4928.58284,103.9478,556.0333,HIT/DEFESA,33.41,5
2026-02-10 23:00:00,34,5024.84,5024.47501,23.0388,737.6812,HIT/DEFESA,29.76,5
2026-02-12 12:00:00,34,5062.14,5062.8401,-4.048,626.6063,HIT/DEFESA,-1.46,5
2026-02-16 13:00:00,134,5004.42,5004.50291,-7.368,2895.977,HIT/DEFESA,-16.28,5
2026-02-16 14:00:00,34,5002.01,5002.38918,-23.0176,2477.686,HIT/DEFESA,-10.33,5
2026-02-26 18:00:00,34,5179.73,5179.81295,25.8401,2410.9299,HIT/DEFESA,4.4,5
2026-02-27 06:00:00,34,5181.73,5181.71332,-23.8155,2023.75,HIT/DEFESA,-5.71,5
2026-03-04 13:00:00,34,5192.19,5191.99923,47.5655,4620.9607,BREAK/RUPTURA,-42.46,5
