timestamp,level,price_touch,harm_value,accel_hz,wyckoff_ratio,outcome,future_delta,lookahead_used
2024-08-14 20:00:00,34,5446.24,5437.98713,17.9344,1696.0,HIT/DEFESA,3.04,5
2024-08-14 20:00:00,134,5446.24,5436.35102,17.9344,1696.0,HIT/DEFESA,3.04,5
2024-08-14 22:00:00,34,5450.7,5439.697,11.8658,733.2703,HIT/DEFESA,9.2,5
2024-08-14 22:00:00,134,5450.7,5436.85388,11.8658,733.2703,HIT/DEFESA,9.2,5
2024-08-14 23:00:00,34,5456.95,5440.68289,19.6649,128.7415,HIT/DEFESA,8.58,5
2024-08-14 23:00:00,134,5456.95,5437.15161,19.6649,128.7415,HIT/DEFESA,8.58,5
2024-08-15 03:00:00,34,5458.03,5442.77726,1.9791,152.1176,HIT/DEFESA,3.25,5
2024-08-15 03:00:00,134,5458.03,5437.86984,1.9791,152.1176,HIT/DEFESA,3.25,5
2024-08-15 04:00:00,34,5459.9,5443.7557,12.1395,638.2857,HIT/DEFESA,1.66,5
2024-08-15 04:00:00,134,5459.9,5438.19622,12.1395,638.2857,HIT/DEFESA,1.66,5
2024-08-15 05:00:00,34,5465.53,5444.99995,29.8205,163.8261,HIT/DEFESA,0.53,5
2024-08-15 05:00:00,134,5465.53,5438.60116,29.8205,163.8261,HIT/DEFESA,0.53,5
2024-08-15 08:00:00,34,5461.28,5448.00607,-7.776,248.6667,HIT/DEFESA,-10.72,5
2024-08-15 08:00:00,134,5461.28,5439.69733,-7.776,248.6667,HIT/DEFESA,-10.72,5
2024-08-15 10:00:00,34,5466.06,5449.76797,2.7999,261.4737,HIT/DEFESA,36.5,5
2024-08-15 10:00:00,134,5466.06,5440.40698,2.7999,261.4737,HIT/DEFESA,36.5,5
2024-08-15 14:00:00,34,5463.81,5451.53448,11.452,99.7758,HIT/DEFESA,68.51,5
2024-08-15 14:00:00,134,5463.81,5441.43466,11.452,99.7758,HIT/DEFESA,68.51,5
2024-08-15 15:00:00,34,5502.56,5454.45022,76.9152,90.987,HIT/DEFESA,36.76,5
2024-08-15 15:00:00,134,5502.56,5442.34022,76.9152,90.987,HIT/DEFESA,36.76,5
2024-08-15 16:00:00,34,5514.32,5457.87135,116.9788,467.5934,HIT/DEFESA,27.5,5
2024-08-15 16:00:00,134,5514.32,5443.40658,116.9788,467.5934,HIT/DEFESA,27.5,5
2024-08-15 17:00:00,34,5521.82,5461.52556,106.1713,656.8276,HIT/DEFESA,22.21,5
2024-08-15 17:00:00,134,5521.82,5444.56826,106.1713,656.8276,HIT/DEFESA,22.21,5
2024-08-15 18:00:00,34,5529.32,5465.39953,48.6319,285.1613,HIT/DEFESA,12.21,5
2024-08-15 18:00:00,134,5529.32,5445.82385,48.6319,285.1613,HIT/DEFESA,12.21,5
2024-08-15 19:00:00,34,5532.32,5469.22356,32.6423,624.5714,HIT/DEFESA,16.12,5
2024-08-15 19:00:00,134,5532.32,5447.10527,32.6423,624.5714,HIT/DEFESA,16.12,5
2024-08-15 20:00:00,34,5539.32,5473.22907,31.6924,272.8889,HIT/DEFESA,9.87,5
2024-08-15 20:00:00,134,5539.32,5448.47141,31.6924,272.8889,HIT/DEFESA,9.87,5
2024-08-15 21:00:00,34,5541.82,5477.14855,22.6068,525.4545,HIT/DEFESA,4.12,5
2024-08-15 21:00:00,134,5541.82,5449.85436,22.6068,525.4545,HIT/DEFESA,4.12,5
2024-08-15 22:00:00,34,5544.03,5480.97035,21.1665,1030.6273,HIT/DEFESA,4.28,5
2024-08-15 22:00:00,134,5544.03,5451.24955,21.1665,1030.6273,HIT/DEFESA,4.28,5
2024-08-15 23:00:00,34,5541.53,5484.4309,3.9897,465.5,HIT/DEFESA,8.16,5
2024-08-15 23:00:00,134,5541.53,5452.58704,3.9897,465.5,HIT/DEFESA,8.16,5
2024-08-16 01:00:00,34,5548.44,5488.08856,11.9455,144.3077,HIT/DEFESA,2.75,5
2024-08-16 01:00:00,134,5548.44,5454.00708,11.9455,144.3077,HIT/DEFESA,2.75,5
2024-08-16 02:00:00,34,5549.19,5491.58007,9.3073,1215.873,HIT/DEFESA,0.25,5
2024-08-16 02:00:00,134,5549.19,5455.4172,9.3073,1215.873,HIT/DEFESA,0.25,5
2024-08-16 03:00:00,34,5545.94,5494.68635,7.9581,480.2857,HIT/DEFESA,9.0,5
2024-08-16 03:00:00,134,5545.94,5456.75828,7.9581,480.2857,HIT/DEFESA,9.0,5
2024-08-16 11:00:00,34,5548.22,5515.78704,-12.0973,824.0,HIT/DEFESA,-15.12,5
2024-08-16 11:00:00,134,5548.22,5467.34913,-12.0973,824.0,HIT/DEFESA,-15.12,5
2024-08-16 12:00:00,34,5545.47,5517.48321,-18.0003,451.2,HIT/DEFESA,-13.74,5
2024-08-16 12:00:00,134,5545.47,5468.50648,-18.0003,451.2,HIT/DEFESA,-13.74,5
2024-08-16 18:00:00,34,5543.98,5522.1592,48.5027,317.3333,HIT/DEFESA,11.71,5
2024-08-16 18:00:00,134,5543.98,5474.0347,48.5027,317.3333,HIT/DEFESA,11.71,5
2024-08-16 19:00:00,34,5558.98,5524.26325,46.7731,100.7213,HIT/DEFESA,2.94,5
2024-08-16 19:00:00,134,5558.98,5475.29315,46.7731,100.7213,HIT/DEFESA,2.94,5
2024-08-16 20:00:00,34,5556.48,5526.10421,44.7419,688.7273,HIT/DEFESA,6.06,5
2024-08-16 20:00:00,134,5556.48,5476.49592,44.7419,688.7273,HIT/DEFESA,6.06,5
2024-08-16 21:00:00,34,5556.48,5527.83997,22.547,6672.0,HIT/DEFESA,7.69,5
2024-08-16 21:00:00,134,5556.48,5477.68087,22.547,6672.0,HIT/DEFESA,7.69,5
2024-08-19 01:00:00,34,5561.92,5532.56497,9.7904,620.4,HIT/DEFESA,1.0,5
2024-08-19 01:00:00,134,5561.92,5481.15016,9.7904,620.4,HIT/DEFESA,1.0,5
2024-08-19 06:00:00,34,5562.92,5540.50219,-2.2465,335.8289,HIT/DEFESA,-8.72,5
2024-08-19 06:00:00,134,5562.92,5487.08627,-2.2465,335.8289,HIT/DEFESA,-8.72,5
2024-08-19 07:00:00,34,5556.29,5541.40435,-14.162,152.5926,HIT/DEFESA,-3.34,5
2024-08-19 07:00:00,134,5556.29,5488.11151,-14.162,152.5926,HIT/DEFESA,-3.34,5
2024-08-19 11:00:00,34,5554.2,5543.60269,3.2058,1125.3333,HIT/DEFESA,7.51,5
2024-08-19 11:00:00,134,5554.2,5491.80461,3.2058,1125.3333,HIT/DEFESA,7.51,5
2024-08-19 12:00:00,34,5552.95,5544.13682,8.1104,718.9781,HIT/DEFESA,24.76,5
2024-08-19 12:00:00,134,5552.95,5492.71047,8.1104,718.9781,HIT/DEFESA,24.76,5
2024-08-19 13:00:00,34,5552.7,5544.62614,0.9005,2545.9459,HIT/DEFESA,21.88,5
2024-08-19 13:00:00,134,5552.7,5493.5992,0.9005,2545.9459,HIT/DEFESA,21.88,5
2024-08-19 14:00:00,34,5556.95,5545.33036,4.9512,204.75,HIT/DEFESA,28.76,5
2024-08-19 14:00:00,134,5556.95,5494.53773,4.9512,204.75,HIT/DEFESA,28.76,5
2024-08-19 15:00:00,34,5560.2,5546.18006,13.0561,230.6667,HIT/DEFESA,27.51,5
2024-08-19 15:00:00,134,5560.2,5495.51051,13.0561,230.6667,HIT/DEFESA,27.51,5
2024-08-19 16:00:00,34,5561.71,5547.06748,16.2263,2658.9928,HIT/DEFESA,32.25,5
2024-08-19 16:00:00,134,5561.71,5496.49124,16.2263,2658.9928,HIT/DEFESA,32.25,5
2024-08-19 17:00:00,34,5577.71,5548.81848,37.3586,269.7143,HIT/DEFESA,30.21,5
2024-08-19 17:00:00,134,5577.71,5497.69448,37.3586,269.7143,HIT/DEFESA,30.21,5
2024-08-19 18:00:00,34,5574.58,5550.29057,25.8624,673.3728,HIT/DEFESA,27.59,5
2024-08-19 18:00:00,134,5574.58,5498.83352,25.8624,673.3728,HIT/DEFESA,27.59,5
2024-08-19 19:00:00,34,5585.71,5552.31454,43.1522,148.1818,HIT/DEFESA,21.99,5
2024-08-19 19:00:00,134,5585.71,5500.12058,43.1522,148.1818,HIT/DEFESA,21.99,5
2024-08-19 20:00:00,34,5587.71,5554.33714,17.9285,466.2222,HIT/DEFESA,18.74,5
2024-08-19 20:00:00,134,5587.71,5501.4182,17.9285,466.2222,HIT/DEFESA,18.74,5
2024-08-19 21:00:00,34,5593.96,5556.6013,34.765,169.0,HIT/DEFESA,13.24,5
2024-08-19 21:00:00,134,5593.96,5502.78919,34.765,169.0,HIT/DEFESA,13.24,5
2024-08-19 22:00:00,34,5607.92,5559.5338,39.7622,115.6228,HIT/DEFESA,1.78,5
2024-08-19 22:00:00,134,5607.92,5504.34669,39.7622,115.6228,HIT/DEFESA,1.78,5
2024-08-19 23:00:00,34,5602.17,5561.97015,25.8782,71.2727,HIT/DEFESA,12.03,5
2024-08-19 23:00:00,134,5602.17,5505.79592,25.8782,71.2727,HIT/DEFESA,12.03,5
2024-08-20 03:00:00,34,5607.2,5569.2742,8.9787,960.0,HIT/DEFESA,3.25,5
2024-08-20 03:00:00,134,5607.2,5510.23257,8.9787,960.0,HIT/DEFESA,3.25,5
2024-08-20 04:00:00,34,5609.7,5571.58425,3.5665,251.1111,HIT/DEFESA,3.53,5
2024-08-20 04:00:00,134,5609.7,5511.70617,3.5665,251.1111,HIT/DEFESA,3.53,5
2024-08-20 05:00:00,34,5614.2,5574.01943,13.8234,106.7368,HIT/DEFESA,2.53,5
2024-08-20 05:00:00,134,5614.2,5513.22459,13.8234,106.7368,HIT/DEFESA,2.53,5
2024-08-20 06:00:00,34,5607.45,5575.92975,0.4459,58.3077,HIT/DEFESA,3.53,5
2024-08-20 06:00:00,134,5607.45,5514.62052,0.4459,58.3077,HIT/DEFESA,3.53,5
2024-08-20 11:00:00,34,5610.98,5585.18149,0.9447,164.3636,HIT/DEFESA,9.26,5
2024-08-20 11:00:00,134,5610.98,5521.63381,0.9447,164.3636,HIT/DEFESA,9.26,5
2024-08-20 12:00:00,34,5610.48,5586.62712,-4.8991,805.3333,HIT/DEFESA,-13.99,5
2024-08-20 12:00:00,134,5610.48,5522.95005,-4.8991,805.3333,HIT/DEFESA,-13.99,5
2024-08-20 13:00:00,34,5612.6,5588.11128,-7.353,279.3893,HIT/DEFESA,-7.11,5
2024-08-20 13:00:00,134,5612.6,5524.2782,-7.353,279.3893,HIT/DEFESA,-7.11,5
2024-08-20 15:00:00,34,5608.23,5590.56038,-4.0104,188.2667,HIT/DEFESA,-12.49,5
2024-08-20 15:00:00,134,5608.23,5526.80562,-4.0104,188.2667,HIT/DEFESA,-12.49,5
2024-08-20 18:00:00,34,5605.49,5593.24067,-4.8857,391.2,HIT/DEFESA,-7.79,5
2024-08-20 18:00:00,134,5605.49,5530.33188,-4.8857,391.2,HIT/DEFESA,-7.79,5
2024-08-20 22:00:00,34,5598.49,5594.19432,9.8337,429.5556,HIT/DEFESA,3.15,5
2024-08-20 22:00:00,134,5598.49,5534.23388,9.8337,429.5556,HIT/DEFESA,3.15,5
2024-08-20 23:00:00,34,5597.7,5594.39465,3.5027,286.0465,HIT/DEFESA,5.69,5
2024-08-20 23:00:00,134,5597.7,5535.17412,3.5027,286.0465,HIT/DEFESA,5.69,5
2024-08-21 04:00:00,34,5601.64,5595.76696,5.3584,283.9721,HIT/DEFESA,0.78,5
2024-08-21 04:00:00,134,5601.64,5538.98073,5.3584,283.9721,HIT/DEFESA,0.78,5
2024-08-21 08:00:00,34,5604.64,5597.76917,2.2308,169.8462,HIT/DEFESA,3.28,5
2024-08-21 08:00:00,134,5604.64,5542.823,2.2308,169.8462,HIT/DEFESA,3.28,5
2024-08-21 14:00:00,34,5607.42,5599.37343,15.6287,1374.1935,HIT/DEFESA,6.26,5
2024-08-21 14:00:00,134,5607.42,5547.97738,15.6287,1374.1935,HIT/DEFESA,6.26,5
2024-08-21 15:00:00,34,5607.92,5599.8618,15.4127,980.0,HIT/DEFESA,8.13,5
2024-08-21 15:00:00,134,5607.92,5548.86542,15.4127,980.0,HIT/DEFESA,8.13,5
2024-08-21 16:00:00,34,5615.68,5600.7657,13.8376,439.1478,HIT/DEFESA,4.25,5
2024-08-21 16:00:00,134,5615.68,5549.85527,13.8376,439.1478,HIT/DEFESA,4.25,5
2024-08-21 20:00:00,34,5616.05,5602.53143,20.7336,839.1509,HIT/DEFESA,8.42,5
2024-08-21 20:00:00,134,5616.05,5553.27859,20.7336,839.1509,HIT/DEFESA,8.42,5
2024-08-21 21:00:00,34,5619.93,5603.52563,33.4751,1067.2,HIT/DEFESA,3.79,5
2024-08-21 21:00:00,134,5619.93,5554.26602,33.4751,1067.2,HIT/DEFESA,3.79,5
2024-08-21 22:00:00,34,5618.18,5604.36303,8.0161,2530.0,HIT/DEFESA,5.04,5
2024-08-21 22:00:00,134,5618.18,5555.21289,8.0161,2530.0,HIT/DEFESA,5.04,5
2024-08-22 04:00:00,34,5623.22,5609.13238,-0.6579,548.0,HIT/DEFESA,-1.72,5
2024-08-22 04:00:00,134,5623.22,5560.0891,-0.6579,548.0,HIT/DEFESA,-1.72,5
2024-08-22 08:00:00,34,5616.97,5610.38577,4.4528,373.0,HIT/DEFESA,12.4,5
2024-08-22 08:00:00,134,5616.97,5563.27448,4.4528,373.0,HIT/DEFESA,12.4,5
2024-08-22 09:00:00,34,5621.5,5611.02087,15.1969,120.1814,HIT/DEFESA,11.5,5
2024-08-22 09:00:00,134,5621.5,5564.13708,15.1969,120.1814,HIT/DEFESA,11.5,5
2024-08-22 10:00:00,34,5623.25,5611.71968,13.4088,495.5,HIT/DEFESA,11.25,5
2024-08-22 10:00:00,134,5623.25,5565.01283,13.4088,495.5,HIT/DEFESA,11.25,5
2024-08-22 11:00:00,34,5624.75,5612.46427,13.8509,396.0,HIT/DEFESA,10.88,5
2024-08-22 11:00:00,134,5624.75,5565.89782,13.8509,396.0,HIT/DEFESA,10.88,5
2024-08-22 17:00:00,34,5617.26,5617.33337,-27.9425,325.523,HIT/DEFESA,-42.0,5
2024-08-22 17:00:00,134,5617.26,5571.29479,-27.9425,325.523,HIT/DEFESA,-42.0,5
2024-08-22 18:00:00,34,5589.51,5615.74346,-79.8474,208.1071,HIT/DEFESA,-11.54,5
2024-08-22 18:00:00,134,5589.51,5571.56464,-79.8474,208.1071,HIT/DEFESA,-11.54,5
2024-08-22 19:00:00,34,5588.01,5614.15869,-84.4981,3957.6,HIT/DEFESA,-4.43,5
2024-08-22 19:00:00,134,5588.01,5571.80828,-84.4981,3957.6,HIT/DEFESA,-4.43,5
2024-08-22 23:00:00,34,5577.97,5605.59566,19.6874,281.0811,HIT/DEFESA,10.11,5
2024-08-22 23:00:00,134,5577.97,5571.88487,19.6874,281.0811,HIT/DEFESA,10.11,5
2024-08-23 01:00:00,34,5583.58,5604.33762,20.7645,168.0,HIT/DEFESA,6.75,5
2024-08-23 01:00:00,134,5583.58,5572.05813,20.7645,168.0,HIT/DEFESA,6.75,5
2024-08-23 02:00:00,34,5584.83,5603.2229,17.1651,379.0,HIT/DEFESA,7.5,5
2024-08-23 02:00:00,134,5584.83,5572.24734,17.1651,379.0,HIT/DEFESA,7.5,5
2024-08-23 03:00:00,34,5583.83,5602.11474,10.5056,714.4,HIT/DEFESA,9.25,5
2024-08-23 03:00:00,134,5583.83,5572.41894,10.5056,714.4,HIT/DEFESA,9.25,5
2024-08-23 04:00:00,34,5585.33,5601.15561,3.1342,654.4,HIT/DEFESA,8.28,5
2024-08-23 04:00:00,134,5585.33,5572.61021,3.1342,654.4,HIT/DEFESA,8.28,5
2024-08-23 05:00:00,34,5588.08,5600.40843,5.8193,165.6,HIT/DEFESA,3.03,5
2024-08-23 05:00:00,134,5588.08,5572.83939,5.8193,165.6,HIT/DEFESA,3.03,5
2024-08-23 06:00:00,34,5590.33,5599.83252,11.6408,165.9664,HIT/DEFESA,8.28,5
2024-08-23 06:00:00,134,5590.33,5573.09851,11.6408,165.9664,HIT/DEFESA,8.28,5
2024-08-23 07:00:00,34,5592.33,5599.40381,12.5328,125.7778,HIT/DEFESA,7.28,5
2024-08-23 07:00:00,134,5592.33,5573.38343,12.5328,125.7778,HIT/DEFESA,7.28,5
2024-08-23 08:00:00,34,5593.08,5599.04245,8.9476,367.0455,HIT/DEFESA,12.03,5
2024-08-23 08:00:00,134,5593.08,5573.67523,8.9476,367.0455,HIT/DEFESA,12.03,5
2024-08-23 09:00:00,34,5593.61,5598.73202,5.8673,1646.4286,HIT/DEFESA,11.25,5
2024-08-23 09:00:00,134,5593.61,5573.97056,5.8673,1646.4286,HIT/DEFESA,11.25,5
2024-08-23 11:00:00,34,5598.61,5598.31439,9.8872,102.3035,HIT/DEFESA,9.26,5
2024-08-23 11:00:00,134,5598.61,5574.58574,9.8872,102.3035,HIT/DEFESA,9.26,5
2024-08-23 12:00:00,34,5599.61,5598.38843,10.7265,587.5,HIT/DEFESA,16.51,5
2024-08-23 12:00:00,134,5599.61,5574.95647,10.7265,587.5,HIT/DEFESA,16.51,5
2024-08-23 13:00:00,34,5605.11,5598.77252,25.0398,120.9524,HIT/DEFESA,5.51,5
2024-08-23 13:00:00,134,5605.11,5575.40319,25.0398,120.9524,HIT/DEFESA,5.51,5
2024-08-23 15:00:00,34,5608.61,5599.66264,16.0725,181.1429,HIT/DEFESA,6.26,5
2024-08-23 15:00:00,134,5608.61,5576.32507,16.0725,181.1429,HIT/DEFESA,6.26,5
2024-08-23 16:00:00,34,5607.87,5600.13163,4.9241,6269.3878,HIT/DEFESA,10.75,5
2024-08-23 16:00:00,134,5607.87,5576.79241,4.9241,6269.3878,HIT/DEFESA,10.75,5
2024-08-23 17:00:00,34,5616.12,5601.04525,20.0897,1474.8362,HIT/DEFESA,16.25,5
2024-08-23 17:00:00,134,5616.12,5577.37504,20.0897,1474.8362,HIT/DEFESA,16.25,5
2024-08-23 18:00:00,34,5610.62,5601.59238,3.5838,1588.381,HIT/DEFESA,19.96,5
2024-08-23 18:00:00,134,5610.62,5577.86756,3.5838,1588.381,HIT/DEFESA,19.96,5
2024-08-23 21:00:00,34,5618.62,5603.37105,14.2587,963.4286,HIT/DEFESA,19.18,5
2024-08-23 21:00:00,134,5618.62,5579.37806,14.2587,963.4286,HIT/DEFESA,19.18,5
2024-08-23 22:00:00,34,5632.37,5605.02814,51.7546,286.8772,HIT/DEFESA,3.3,5
2024-08-23 22:00:00,134,5632.37,5580.16313,51.7546,286.8772,HIT/DEFESA,3.3,5
2024-08-23 23:00:00,34,5630.58,5606.48824,27.9793,376.9231,HIT/DEFESA,2.22,5
2024-08-23 23:00:00,134,5630.58,5580.91004,27.9793,376.9231,HIT/DEFESA,2.22,5
2024-08-26 01:00:00,34,5625.8,5607.59177,12.7789,156.6061,HIT/DEFESA,3.0,5
2024-08-26 01:00:00,134,5625.8,5581.57508,12.7789,156.6061,HIT/DEFESA,3.0,5
2024-08-26 05:00:00,34,5632.8,5613.11931,6.2175,204.3636,HIT/DEFESA,8.53,5
2024-08-26 05:00:00,134,5632.8,5584.60804,6.2175,204.3636,HIT/DEFESA,8.53,5
2024-08-26 08:00:00,34,5633.05,5616.0343,0.4438,211.0,HIT/DEFESA,12.28,5
2024-08-26 08:00:00,134,5633.05,5586.64263,0.4438,211.0,HIT/DEFESA,12.28,5
2024-08-26 09:00:00,34,5633.83,5617.05119,8.9362,1098.1132,HIT/DEFESA,8.25,5
2024-08-26 09:00:00,134,5633.83,5587.3417,8.9362,1098.1132,HIT/DEFESA,8.25,5
2024-08-26 10:00:00,34,5641.33,5618.43855,17.8112,141.6552,HIT/DEFESA,3.25,5
2024-08-26 10:00:00,134,5641.33,5588.14152,17.8112,141.6552,HIT/DEFESA,3.25,5
2024-08-26 14:00:00,34,5642.08,5623.92758,-7.527,366.7656,HIT/DEFESA,-14.74,5
2024-08-26 14:00:00,134,5642.08,5591.41833,-7.527,366.7656,HIT/DEFESA,-14.74,5
2024-08-26 15:00:00,34,5644.58,5625.10772,-0.8857,374.9091,HIT/DEFESA,-37.24,5
2024-08-26 15:00:00,134,5644.58,5592.20591,-0.8857,374.9091,HIT/DEFESA,-37.24,5
2024-08-26 16:00:00,34,5642.84,5626.12099,-4.4107,2647.651,HIT/DEFESA,-22.0,5
2024-08-26 16:00:00,134,5642.84,5592.95604,-4.4107,2647.651,HIT/DEFESA,-22.0,5
2024-08-26 17:00:00,34,5623.59,5625.97637,-32.7716,304.7179,HIT/DEFESA,-3.0,5
2024-08-26 17:00:00,134,5623.59,5593.40988,-32.7716,304.7179,HIT/DEFESA,-3.0,5
2024-08-26 19:00:00,34,5627.34,5625.30613,-27.4684,190.1333,HIT/DEFESA,-17.55,5
2024-08-26 19:00:00,134,5627.34,5594.18519,-27.4684,190.1333,HIT/DEFESA,-17.55,5
2024-08-26 22:00:00,34,5620.59,5623.88335,-11.995,28060000.0,HIT/DEFESA,-5.8,5
2024-08-26 22:00:00,134,5620.59,5595.15456,-11.995,28060000.0,HIT/DEFESA,-5.8,5
2024-08-26 23:00:00,34,5612.55,5623.23573,9.2914,59.0501,HIT/DEFESA,5.49,5
2024-08-26 23:00:00,134,5612.55,5595.41227,9.2914,59.0501,HIT/DEFESA,5.49,5
2024-08-27 04:00:00,34,5614.79,5621.11499,8.913,262.6667,HIT/DEFESA,6.03,5
2024-08-27 04:00:00,134,5614.79,5596.43513,8.913,262.6667,HIT/DEFESA,6.03,5
2024-08-27 05:00:00,34,5618.04,5620.93927,4.4519,146.5714,HIT/DEFESA,5.15,5
2024-08-27 05:00:00,134,5618.04,5596.7552,4.4519,146.5714,HIT/DEFESA,5.15,5
2024-08-27 06:00:00,34,5618.04,5620.7736,10.6913,3416.6667,HIT/DEFESA,6.53,5
2024-08-27 06:00:00,134,5618.04,5597.07053,10.6913,3416.6667,HIT/DEFESA,6.53,5
2024-08-27 07:00:00,34,5619.29,5620.68882,8.0145,219.5652,HIT/DEFESA,5.28,5
2024-08-27 07:00:00,134,5619.29,5597.39971,8.0145,219.5652,HIT/DEFESA,5.28,5
2024-08-27 12:00:00,34,5624.57,5621.29149,6.6716,2572.0,HIT/DEFESA,3.76,5
2024-08-27 12:00:00,134,5624.57,5599.23832,6.6716,2572.0,HIT/DEFESA,3.76,5
2024-08-27 18:00:00,34,5618.83,5619.7041,26.338,381.8462,HIT/DEFESA,7.58,5
2024-08-27 18:00:00,134,5618.83,5600.64978,26.338,381.8462,HIT/DEFESA,7.58,5
2024-08-27 19:00:00,34,5620.08,5619.72558,17.1644,1556.6667,HIT/DEFESA,0.37,5
2024-08-27 19:00:00,134,5620.08,5600.93763,17.1644,1556.6667,HIT/DEFESA,0.37,5
2024-08-28 04:00:00,34,5623.7,5621.57943,5.7825,597.3451,HIT/DEFESA,6.28,5
2024-08-28 04:00:00,134,5623.7,5603.64068,5.7825,597.3451,HIT/DEFESA,6.28,5
2024-08-28 05:00:00,34,5626.45,5621.85775,11.5659,225.3472,HIT/DEFESA,2.9,5
2024-08-28 05:00:00,134,5626.45,5603.9786,11.5659,225.3472,HIT/DEFESA,2.9,5
2024-08-28 06:00:00,34,5626.7,5622.13445,7.114,692.1053,HIT/DEFESA,7.03,5
2024-08-28 06:00:00,134,5626.7,5604.31521,7.114,692.1053,HIT/DEFESA,7.03,5
2024-08-28 07:00:00,34,5628.45,5622.49534,8.4464,168.7117,HIT/DEFESA,4.03,5
2024-08-28 07:00:00,134,5628.45,5604.67276,8.4464,168.7117,HIT/DEFESA,4.03,5
2024-08-28 08:00:00,34,5628.7,5622.84989,3.999,3246.1538,HIT/DEFESA,1.53,5
2024-08-28 08:00:00,134,5628.7,5605.02872,3.999,3246.1538,HIT/DEFESA,1.53,5
2024-08-28 14:00:00,34,5623.23,5624.87668,-18.6377,105.3333,HIT/DEFESA,-25.74,5
2024-08-28 14:00:00,134,5623.23,5607.15,-18.6377,105.3333,HIT/DEFESA,-25.74,5
2024-08-28 15:00:00,34,5626.73,5624.98258,-10.2086,199.4667,HIT/DEFESA,-61.74,5
2024-08-28 15:00:00,134,5626.73,5607.44008,-10.2086,199.4667,HIT/DEFESA,-61.74,5
2024-08-28 16:00:00,34,5622.74,5624.85443,-13.3032,1150.0,HIT/DEFESA,-30.25,5
2024-08-28 16:00:00,134,5622.74,5607.66674,-13.3032,1150.0,HIT/DEFESA,-30.25,5
2024-08-28 17:00:00,34,5608.49,5623.91932,-26.2127,353.4483,HIT/DEFESA,-13.25,5
2024-08-28 17:00:00,134,5608.49,5607.67894,-26.2127,353.4483,HIT/DEFESA,-13.25,5
2024-08-28 18:00:00,34,5596.49,5622.35193,-53.7435,449.0435,HIT/DEFESA,-18.42,5
2024-08-28 18:00:00,134,5596.49,5607.51318,-53.7435,449.0435,HIT/DEFESA,-18.42,5
2024-08-28 19:00:00,34,5597.49,5620.93125,-44.9069,2796.0,HIT/DEFESA,-42.14,5
2024-08-28 19:00:00,134,5597.49,5607.36468,-44.9069,2796.0,HIT/DEFESA,-42.14,5
2024-08-28 20:00:00,34,5564.99,5617.73461,-77.561,99.5984,HIT/DEFESA,-8.14,5
2024-08-28 20:00:00,134,5564.99,5606.73691,-77.561,99.5984,HIT/DEFESA,-8.14,5
2024-08-28 21:00:00,34,5592.49,5616.29206,-7.1473,137.1009,HIT/DEFESA,-24.89,5
2024-08-28 21:00:00,134,5592.49,5606.52585,-7.1473,137.1009,HIT/DEFESA,-24.89,5
2024-08-28 22:00:00,34,5595.24,5615.08908,-4.0197,1539.0769,HIT/DEFESA,-29.89,5
2024-08-28 22:00:00,134,5595.24,5606.35865,-4.0197,1539.0769,HIT/DEFESA,-29.89,5
2024-08-29 04:00:00,34,5565.35,5602.19676,18.0007,386.4,HIT/DEFESA,21.28,5
2024-08-29 04:00:00,134,5565.35,5603.35613,18.0007,386.4,HIT/DEFESA,21.28,5
2024-08-29 05:00:00,34,5573.1,5600.53409,29.2432,83.6,HIT/DEFESA,19.78,5
2024-08-29 05:00:00,134,5573.1,5602.90789,29.2432,83.6,HIT/DEFESA,19.78,5
2024-08-29 06:00:00,34,5574.35,5599.03786,12.1237,422.0,HIT/DEFESA,24.03,5
2024-08-29 06:00:00,134,5574.35,5602.48481,12.1237,422.0,HIT/DEFESA,24.03,5
2024-08-29 07:00:00,34,5577.35,5597.79855,21.562,162.5455,HIT/DEFESA,33.28,5
2024-08-29 07:00:00,134,5577.35,5602.11245,21.562,162.5455,HIT/DEFESA,33.28,5
2024-08-29 08:00:00,34,5582.35,5596.91578,16.5976,164.7541,HIT/DEFESA,22.53,5
2024-08-29 08:00:00,134,5582.35,5601.81967,16.5976,164.7541,HIT/DEFESA,22.53,5
2024-08-29 09:00:00,34,5586.63,5596.32802,22.0295,226.7108,HIT/DEFESA,22.75,5
2024-08-29 09:00:00,134,5586.63,5601.59464,22.0295,226.7108,HIT/DEFESA,22.75,5
2024-08-29 10:00:00,34,5592.88,5596.13099,27.8448,240.5,HIT/DEFESA,17.25,5
2024-08-29 10:00:00,134,5592.88,5601.46553,27.8448,240.5,HIT/DEFESA,17.25,5
2024-08-29 11:00:00,34,5598.38,5596.2595,28.7155,318.1538,HIT/DEFESA,24.38,5
2024-08-29 11:00:00,134,5598.38,5601.41982,28.7155,318.1538,HIT/DEFESA,24.38,5
2024-08-29 12:00:00,34,5610.63,5597.08067,42.9597,152.1667,HIT/DEFESA,22.26,5
2024-08-29 12:00:00,134,5610.63,5601.55627,42.9597,152.1667,HIT/DEFESA,22.26,5
2024-08-29 13:00:00,34,5604.88,5597.52635,21.4559,314.7059,HIT/DEFESA,32.01,5
2024-08-29 13:00:00,134,5604.88,5601.60551,21.4559,314.7059,HIT/DEFESA,32.01,5
2024-08-29 14:00:00,34,5609.38,5598.2037,19.6485,382.2857,HIT/DEFESA,33.76,5
2024-08-29 14:00:00,134,5609.38,5601.72068,19.6485,382.2857,HIT/DEFESA,33.76,5
2024-08-30 01:00:00,34,5600.87,5606.33876,7.5581,286.9333,HIT/DEFESA,3.63,5
2024-08-30 01:00:00,134,5600.87,5603.94508,7.5581,286.9333,HIT/DEFESA,3.63,5
2024-08-30 02:00:00,34,5600.0,5605.97654,9.1333,2476.0,HIT/DEFESA,6.5,5
2024-08-30 02:00:00,134,5600.0,5603.88663,9.1333,2476.0,HIT/DEFESA,6.5,5
2024-08-30 04:00:00,34,5601.87,5605.58151,1.7854,734.058,HIT/DEFESA,4.91,5
2024-08-30 04:00:00,134,5601.87,5603.84382,1.7854,734.058,HIT/DEFESA,4.91,5
2024-08-30 05:00:00,34,5608.12,5605.72657,14.5,95.4248,HIT/DEFESA,8.41,5
2024-08-30 05:00:00,134,5608.12,5603.90717,14.5,95.4248,HIT/DEFESA,8.41,5
2024-08-30 06:00:00,34,5604.5,5605.65648,2.6771,146.0,HIT/DEFESA,12.53,5
2024-08-30 06:00:00,134,5604.5,5603.91595,2.6771,146.0,HIT/DEFESA,12.53,5
2024-08-30 07:00:00,34,5606.5,5605.70468,8.2651,273.7143,HIT/DEFESA,12.28,5
2024-08-30 07:00:00,134,5606.5,5603.95423,8.2651,273.7143,HIT/DEFESA,12.28,5
2024-08-30 09:00:00,34,5606.78,5605.7551,4.0682,3725.0,HIT/DEFESA,10.5,5
2024-08-30 09:00:00,134,5606.78,5604.01866,4.0682,3725.0,HIT/DEFESA,10.5,5
2024-08-30 11:00:00,34,5617.03,5606.97991,20.5691,8084.6154,HIT/DEFESA,8.38,5
2024-08-30 11:00:00,134,5617.03,5604.39402,20.5691,8084.6154,HIT/DEFESA,8.38,5
2024-08-30 15:00:00,34,5612.78,5609.17059,-10.6785,388.1007,HIT/DEFESA,-15.99,5
2024-08-30 15:00:00,134,5612.78,5605.15653,-10.6785,388.1007,HIT/DEFESA,-15.99,5
2024-08-30 21:00:00,34,5615.29,5608.54783,27.6796,126.6301,HIT/DEFESA,28.82,5
2024-08-30 21:00:00,134,5615.29,5605.34455,27.6796,126.6301,HIT/DEFESA,28.82,5
2024-08-30 22:00:00,34,5643.29,5610.5331,78.5814,135.3628,HIT/DEFESA,4.07,5
2024-08-30 22:00:00,134,5643.29,5605.90671,78.5814,135.3628,HIT/DEFESA,4.07,5
2024-08-30 23:00:00,34,5639.5,5612.18835,76.3116,160.1399,HIT/DEFESA,2.86,5
2024-08-30 23:00:00,134,5639.5,5606.40439,76.3116,160.1399,HIT/DEFESA,2.86,5
2024-09-02 06:00:00,34,5641.11,5621.30842,-5.3153,387.0,HIT/DEFESA,-2.35,5
2024-09-02 06:00:00,134,5641.11,5609.52443,-5.3153,387.0,HIT/DEFESA,-2.35,5
2024-09-02 12:00:00,34,5641.39,5626.50267,6.6517,215.2,HIT/DEFESA,12.26,5
2024-09-02 12:00:00,134,5641.39,5612.03247,6.6517,215.2,HIT/DEFESA,12.26,5
2024-09-02 13:00:00,34,5641.64,5627.36766,15.9783,4220000.0,HIT/DEFESA,10.51,5
2024-09-02 13:00:00,134,5641.64,5612.4711,15.9783,4220000.0,HIT/DEFESA,10.51,5
2024-09-02 14:00:00,34,5643.14,5628.26894,7.7677,304.8,HIT/DEFESA,6.76,5
2024-09-02 14:00:00,134,5643.14,5612.92546,7.7677,304.8,HIT/DEFESA,6.76,5
2024-09-02 15:00:00,34,5645.14,5629.233,6.6473,238.2857,HIT/DEFESA,4.1,5
2024-09-02 15:00:00,134,5645.14,5613.40271,6.6473,238.2857,HIT/DEFESA,4.1,5
2024-09-03 01:00:00,34,5649.24,5634.55347,-7.8003,166.3636,HIT/DEFESA,-7.88,5
2024-09-03 01:00:00,134,5649.24,5616.04018,-7.8003,166.3636,HIT/DEFESA,-7.88,5
2024-09-03 02:00:00,34,5642.49,5635.00698,-17.0908,201.2308,HIT/DEFESA,-2.75,5
2024-09-03 02:00:00,134,5642.49,5616.43203,-17.0908,201.2308,HIT/DEFESA,-2.75,5
2024-09-03 03:00:00,34,5644.74,5635.56315,-9.1329,444.6809,HIT/DEFESA,-1.0,5
2024-09-03 03:00:00,134,5644.74,5616.85141,-9.1329,444.6809,HIT/DEFESA,-1.0,5
2024-09-03 04:00:00,34,5647.49,5636.24469,-3.0978,181.3688,HIT/DEFESA,-3.72,5
2024-09-03 04:00:00,134,5647.49,5617.30531,-3.0978,181.3688,HIT/DEFESA,-3.72,5
2024-09-03 06:00:00,34,5641.36,5636.72531,-5.9879,418.7166,HIT/DEFESA,-12.59,5
2024-09-03 06:00:00,134,5641.36,5617.98912,-5.9879,418.7166,HIT/DEFESA,-12.59,5
2024-09-03 07:00:00,34,5639.74,5636.89758,-13.7229,238.6667,HIT/DEFESA,-21.47,5
2024-09-03 07:00:00,134,5639.74,5618.31136,-13.7229,238.6667,HIT/DEFESA,-21.47,5
2024-09-03 11:00:00,34,5628.77,5637.85739,-26.525,90.0674,HIT/DEFESA,-27.62,5
2024-09-03 11:00:00,134,5628.77,5619.66634,-26.525,90.0674,HIT/DEFESA,-27.62,5
2024-09-03 12:00:00,34,5618.27,5636.73811,-45.1826,240.6316,HIT/DEFESA,-54.74,5
2024-09-03 12:00:00,134,5618.27,5619.64565,-45.1826,240.6316,HIT/DEFESA,-54.74,5
2024-09-03 13:00:00,34,5622.52,5635.92565,-49.9932,471.4667,HIT/DEFESA,-56.24,5
2024-09-03 13:00:00,134,5622.52,5619.68824,-49.9932,471.4667,HIT/DEFESA,-56.24,5
2024-09-03 14:00:00,34,5620.52,5635.04533,-14.6568,588.8,HIT/DEFESA,-61.49,5
2024-09-03 14:00:00,134,5620.52,5619.70056,-14.6568,588.8,HIT/DEFESA,-61.49,5
2024-09-03 15:00:00,34,5616.52,5633.98674,-3.1148,359.7647,HIT/DEFESA,-63.24,5
2024-09-03 15:00:00,134,5616.52,5619.65344,-3.1148,359.7647,HIT/DEFESA,-63.24,5
2024-09-03 16:00:00,34,5601.15,5632.11035,-38.0079,373.913,HIT/DEFESA,-64.62,5
2024-09-03 16:00:00,134,5601.15,5619.37931,-38.0079,373.913,HIT/DEFESA,-64.62,5
2024-09-03 17:00:00,34,5563.53,5628.19148,-101.3963,247.194,HIT/DEFESA,-31.75,5
2024-09-03 17:00:00,134,5563.53,5618.55192,-101.3963,247.194,HIT/DEFESA,-31.75,5
2024-09-03 18:00:00,34,5566.28,5624.65368,-89.4504,2017.6,HIT/DEFESA,-39.67,5
2024-09-03 18:00:00,134,5566.28,5617.77752,-89.4504,2017.6,HIT/DEFESA,-39.67,5
2024-09-03 19:00:00,34,5559.03,5620.90375,-75.1988,513.0,HIT/DEFESA,-35.59,5
2024-09-03 19:00:00,134,5559.03,5616.90718,-75.1988,513.0,HIT/DEFESA,-35.59,5
2024-09-03 20:00:00,34,5553.28,5617.03954,-18.4236,588.0,HIT/DEFESA,-31.59,5
2024-09-03 20:00:00,134,5553.28,5615.96456,-18.4236,588.0,HIT/DEFESA,-31.59,5
2024-09-03 21:00:00,34,5536.53,5612.43899,-53.4468,234.4706,HIT/DEFESA,-36.59,5
2024-09-03 21:00:00,134,5536.53,5614.78775,-53.4468,234.4706,HIT/DEFESA,-36.59,5
2024-09-03 22:00:00,34,5531.78,5607.82991,-49.0193,1216.4444,HIT/DEFESA,-23.59,5
2024-09-03 22:00:00,134,5531.78,5613.55801,-49.0193,1216.4444,HIT/DEFESA,-23.59,5
2024-09-03 23:00:00,34,5526.61,5603.18877,-48.0257,251.0163,HIT/DEFESA,-19.17,5
2024-09-03 23:00:00,134,5526.61,5612.26989,-48.0257,251.0163,HIT/DEFESA,-19.17,5
2024-09-04 01:00:00,34,5523.44,5598.6317,-23.643,406.3536,HIT/DEFESA,-19.5,5
2024-09-04 01:00:00,134,5523.44,5610.95389,-23.643,406.3536,HIT/DEFESA,-19.5,5
2024-09-04 02:00:00,34,5521.69,5594.23503,-18.2401,695.0617,HIT/DEFESA,-21.0,5
2024-09-04 02:00:00,134,5521.69,5609.63146,-18.2401,695.0617,HIT/DEFESA,-21.0,5
2024-09-04 03:00:00,34,5499.94,5588.84674,-48.2574,110.2727,HIT/DEFESA,-0.75,5
2024-09-04 03:00:00,134,5499.94,5608.0064,-48.2574,110.2727,HIT/DEFESA,-0.75,5
2024-09-04 04:00:00,34,5508.19,5584.23778,-27.6096,336.4084,HIT/DEFESA,-10.97,5
2024-09-04 04:00:00,134,5508.19,5606.52764,-27.6096,336.4084,HIT/DEFESA,-10.97,5
2024-09-04 06:00:00,34,5503.94,5575.51166,7.2728,471.547,HIT/DEFESA,7.65,5
2024-09-04 06:00:00,134,5503.94,5603.56161,7.2728,471.547,HIT/DEFESA,7.65,5
2024-09-04 10:00:00,34,5511.72,5560.18755,20.052,244.2807,HIT/DEFESA,4.25,5
2024-09-04 10:00:00,134,5511.72,5597.69084,20.052,244.2807,HIT/DEFESA,4.25,5
2024-09-04 11:00:00,34,5511.59,5557.41055,22.5488,5723.6842,HIT/DEFESA,23.26,5
2024-09-04 11:00:00,134,5511.59,5596.41527,22.5488,5723.6842,HIT/DEFESA,23.26,5
2024-09-04 12:00:00,34,5514.72,5554.97109,31.8343,430.1538,HIT/DEFESA,34.76,5
2024-09-04 12:00:00,134,5514.72,5595.20497,31.8343,430.1538,HIT/DEFESA,34.76,5
2024-09-04 15:00:00,34,5515.97,5547.83756,2.2667,190.1333,HIT/DEFESA,3.26,5
2024-09-04 15:00:00,134,5515.97,5591.50729,2.2667,190.1333,HIT/DEFESA,3.26,5
2024-09-04 19:00:00,34,5532.98,5545.38006,-3.3786,908.9091,HIT/DEFESA,-12.8,5
2024-09-04 19:00:00,134,5532.98,5588.30609,-3.3786,908.9091,HIT/DEFESA,-12.8,5
2024-09-04 20:00:00,34,5519.23,5543.88577,-54.5096,334.2963,HIT/DEFESA,-6.05,5
2024-09-04 20:00:00,134,5519.23,5587.28274,-54.5096,334.2963,HIT/DEFESA,-6.05,5
2024-09-05 02:00:00,34,5513.18,5536.68711,-8.2461,178.6517,HIT/DEFESA,-0.25,5
2024-09-05 02:00:00,134,5513.18,5582.12623,-8.2461,178.6517,HIT/DEFESA,-0.25,5
2024-09-05 05:00:00,34,5521.93,5534.54735,15.8711,402.3585,HIT/DEFESA,7.28,5
2024-09-05 05:00:00,134,5521.93,5579.55907,15.8711,402.3585,HIT/DEFESA,7.28,5
2024-09-05 11:00:00,34,5525.96,5529.66773,16.8217,449.3333,HIT/DEFESA,2.76,5
2024-09-05 11:00:00,134,5525.96,5574.26137,16.8217,449.3333,HIT/DEFESA,2.76,5
2024-09-05 13:00:00,34,5523.21,5528.77568,-10.8515,340.0,HIT/DEFESA,-39.49,5
2024-09-05 13:00:00,134,5523.21,5572.7125,-10.8515,340.0,HIT/DEFESA,-39.49,5
2024-09-05 14:00:00,34,5516.71,5528.08622,-16.7392,242.24,HIT/DEFESA,-20.49,5
2024-09-05 14:00:00,134,5516.71,5571.88284,-16.7392,242.24,HIT/DEFESA,-20.49,5
2024-09-05 17:00:00,34,5512.97,5526.48819,-6.7794,415.8904,HIT/DEFESA,-8.5,5
2024-09-05 17:00:00,134,5512.97,5569.53282,-6.7794,415.8904,HIT/DEFESA,-8.5,5
2024-09-05 23:00:00,34,5501.18,5519.37501,-27.265,397.8495,HIT/DEFESA,-2.72,5
2024-09-05 23:00:00,134,5501.18,5563.76661,-27.265,397.8495,HIT/DEFESA,-2.72,5
2024-09-06 01:00:00,34,5500.46,5518.29415,-18.6183,335.2,HIT/DEFESA,-6.25,5
2024-09-06 01:00:00,134,5500.46,5562.82874,-18.6183,335.2,HIT/DEFESA,-6.25,5
2024-09-06 02:00:00,34,5499.96,5517.24649,-8.1933,705.7471,HIT/DEFESA,-2.25,5
2024-09-06 02:00:00,134,5499.96,5561.89735,-8.1933,705.7471,HIT/DEFESA,-2.25,5
2024-09-06 04:00:00,34,5496.46,5514.39999,-7.2721,133.3659,HIT/DEFESA,-9.47,5
2024-09-06 04:00:00,134,5496.46,5559.82687,-7.2721,133.3659,HIT/DEFESA,-9.47,5
2024-09-06 05:00:00,34,5498.46,5513.48913,-2.7273,500.5714,HIT/DEFESA,-29.47,5
2024-09-06 05:00:00,134,5498.46,5558.91773,-2.7273,500.5714,HIT/DEFESA,-29.47,5
2024-09-06 08:00:00,34,5493.83,5510.53625,-8.4205,295.0413,HIT/DEFESA,-28.34,5
2024-09-06 08:00:00,134,5493.83,5556.12968,-8.4205,295.0413,HIT/DEFESA,-28.34,5
2024-09-06 09:00:00,34,5486.99,5509.19075,-13.1411,217.7083,HIT/DEFESA,-13.13,5
2024-09-06 09:00:00,134,5486.99,5555.10539,-13.1411,217.7083,HIT/DEFESA,-13.13,5
2024-09-06 12:00:00,34,5469.49,5502.45815,-31.8936,280.855,HIT/DEFESA,-40.74,5
2024-09-06 12:00:00,134,5469.49,5551.27254,-31.8936,280.855,HIT/DEFESA,-40.74,5
2024-09-06 13:00:00,34,5465.49,5500.34569,-6.3997,286.3049,HIT/DEFESA,-53.74,5
2024-09-06 13:00:00,134,5465.49,5550.00169,-6.3997,286.3049,HIT/DEFESA,-53.74,5
2024-09-06 17:00:00,34,5428.75,5494.38469,-82.4099,165.9039,HIT/DEFESA,-17.5,5
2024-09-06 17:00:00,134,5428.75,5545.52736,-82.4099,165.9039,HIT/DEFESA,-17.5,5
2024-09-06 18:00:00,34,5411.75,5489.66271,-167.5875,623.2239,HIT/DEFESA,-6.29,5
2024-09-06 18:00:00,134,5411.75,5543.54547,-167.5875,623.2239,HIT/DEFESA,-6.29,5
2024-09-06 19:00:00,34,5407.0,5484.93913,-143.5538,1057.2,HIT/DEFESA,-1.41,5
2024-09-06 19:00:00,134,5407.0,5541.52257,-143.5538,1057.2,HIT/DEFESA,-1.41,5
2024-09-06 20:00:00,34,5412.25,5480.78546,-30.3937,1055.0,HIT/DEFESA,-1.91,5
2024-09-06 20:00:00,134,5412.25,5539.60743,-30.3937,1055.0,HIT/DEFESA,-1.91,5
2024-09-06 22:00:00,34,5411.25,5473.0252,7.8602,10578.0,HIT/DEFESA,11.84,5
2024-09-06 22:00:00,134,5411.25,5535.82147,7.8602,10578.0,HIT/DEFESA,11.84,5
2024-09-09 03:00:00,34,5417.09,5459.78984,21.5153,293.2857,HIT/DEFESA,13.75,5
2024-09-09 03:00:00,134,5417.09,5528.51171,21.5153,293.2857,HIT/DEFESA,13.75,5
2024-09-09 04:00:00,34,5423.09,5457.69271,32.3739,200.3401,HIT/DEFESA,12.03,5
2024-09-09 04:00:00,134,5423.09,5526.94991,32.3739,200.3401,HIT/DEFESA,12.03,5
2024-09-09 05:00:00,34,5424.09,5455.77255,25.4143,742.0455,HIT/DEFESA,22.28,5
2024-09-09 05:00:00,134,5424.09,5525.42606,25.4143,742.0455,HIT/DEFESA,22.28,5
2024-09-09 06:00:00,34,5427.84,5454.17641,19.8446,117.4286,HIT/DEFESA,16.53,5
2024-09-09 06:00:00,134,5427.84,5523.98034,19.8446,117.4286,HIT/DEFESA,16.53,5
2024-09-09 07:00:00,34,5434.09,5453.02861,20.2836,126.1667,HIT/DEFESA,17.03,5
2024-09-09 07:00:00,134,5434.09,5522.64863,20.2836,126.1667,HIT/DEFESA,17.03,5
2024-09-09 08:00:00,34,5430.84,5451.76069,12.4445,292.8571,HIT/DEFESA,18.78,5
2024-09-09 08:00:00,134,5430.84,5521.28851,12.4445,292.8571,HIT/DEFESA,18.78,5
2024-09-09 09:00:00,34,5435.12,5450.80979,13.4123,257.3201,HIT/DEFESA,13.0,5
2024-09-09 09:00:00,134,5435.12,5520.01193,13.4123,257.3201,HIT/DEFESA,13.0,5
2024-09-09 10:00:00,34,5446.37,5450.55609,22.5981,160.6364,HIT/DEFESA,2.5,5
2024-09-09 10:00:00,134,5446.37,5518.92094,22.5981,160.6364,HIT/DEFESA,2.5,5
2024-09-09 11:00:00,34,5444.37,5450.2026,24.9133,614.1509,HIT/DEFESA,16.76,5
2024-09-09 11:00:00,134,5444.37,5517.81648,24.9133,614.1509,HIT/DEFESA,16.76,5
2024-09-09 13:00:00,34,5449.62,5450.21874,5.9673,553.6,HIT/DEFESA,18.51,5
2024-09-09 13:00:00,134,5449.62,5515.83271,5.9673,553.6,HIT/DEFESA,18.51,5
2024-09-09 14:00:00,34,5448.12,5450.09881,6.8878,842.4,HIT/DEFESA,35.01,5
2024-09-09 14:00:00,134,5448.12,5514.82956,6.8878,842.4,HIT/DEFESA,35.01,5
2024-09-09 18:00:00,34,5468.13,5451.1744,35.3468,160.6355,HIT/DEFESA,11.71,5
2024-09-09 18:00:00,134,5468.13,5511.3628,35.3468,160.6355,HIT/DEFESA,11.71,5
2024-09-09 20:00:00,34,5465.88,5453.73641,44.5639,176.0,HIT/DEFESA,14.01,5
2024-09-09 20:00:00,134,5465.88,5510.27691,44.5639,176.0,HIT/DEFESA,14.01,5
2024-09-10 03:00:00,34,5474.64,5459.82118,-9.4893,284.0,HIT/DEFESA,-10.25,5
2024-09-10 03:00:00,134,5474.64,5507.15679,-9.4893,284.0,HIT/DEFESA,-10.25,5
2024-09-10 04:00:00,34,5475.89,5460.7394,-1.8259,1075.0,HIT/DEFESA,-9.97,5
2024-09-10 04:00:00,134,5475.89,5506.69358,-1.8259,1075.0,HIT/DEFESA,-9.97,5
2024-09-10 06:00:00,34,5470.14,5461.91775,-8.2197,237.4545,HIT/DEFESA,-1.35,5
2024-09-10 06:00:00,134,5470.14,5505.65502,-8.2197,237.4545,HIT/DEFESA,-1.35,5
2024-09-10 10:00:00,34,5478.54,5463.27933,27.73,148.0194,HIT/DEFESA,11.13,5
2024-09-10 10:00:00,134,5478.54,5503.48129,27.73,148.0194,HIT/DEFESA,11.13,5
2024-09-10 11:00:00,34,5468.79,5463.59422,8.0521,151.298,HIT/DEFESA,18.14,5
2024-09-10 11:00:00,134,5468.79,5502.96734,8.0521,151.298,HIT/DEFESA,18.14,5
2024-09-10 12:00:00,34,5467.67,5463.82713,3.2017,1305.0,HIT/DEFESA,5.51,5
2024-09-10 12:00:00,134,5467.67,5502.44442,3.2017,1305.0,HIT/DEFESA,5.51,5
2024-09-10 13:00:00,34,5467.92,5464.061,-19.3847,12270000.0,HIT/DEFESA,-18.49,5
2024-09-10 13:00:00,134,5467.92,5501.93294,-19.3847,12270000.0,HIT/DEFESA,-18.49,5
2024-09-10 16:00:00,34,5486.93,5467.37538,34.7664,1538.9558,HIT/DEFESA,3.0,5
2024-09-10 16:00:00,134,5486.93,5501.16484,34.7664,1538.9558,HIT/DEFESA,3.0,5
2024-09-10 20:00:00,34,5477.68,5466.90255,8.2219,177.2579,HIT/DEFESA,13.86,5
2024-09-10 20:00:00,134,5477.68,5499.06745,8.2219,177.2579,HIT/DEFESA,13.86,5
2024-09-11 02:00:00,34,5491.54,5473.49398,-7.915,249.7143,HIT/DEFESA,-21.75,5
2024-09-11 02:00:00,134,5491.54,5498.61389,-7.915,249.7143,HIT/DEFESA,-21.75,5
2024-09-11 03:00:00,34,5486.54,5474.23947,-11.5604,215.619,HIT/DEFESA,-14.0,5
2024-09-11 03:00:00,134,5486.54,5498.43502,-11.5604,215.619,HIT/DEFESA,-14.0,5
2024-09-11 09:00:00,34,5480.82,5474.59379,15.5876,151.6999,HIT/DEFESA,9.25,5
2024-09-11 09:00:00,134,5480.82,5496.46618,15.5876,151.6999,HIT/DEFESA,9.25,5
2024-09-11 10:00:00,34,5486.07,5475.24957,29.7635,444.6721,HIT/DEFESA,2.5,5
2024-09-11 10:00:00,134,5486.07,5496.31217,29.7635,444.6721,HIT/DEFESA,2.5,5
2024-09-11 13:00:00,34,5483.32,5476.16183,-5.0127,5930.7692,HIT/DEFESA,-30.99,5
2024-09-11 13:00:00,134,5483.32,5495.63181,-5.0127,5930.7692,HIT/DEFESA,-30.99,5
2024-09-11 15:00:00,34,5488.57,5477.62021,9.5745,3020.0,HIT/DEFESA,19.01,5
2024-09-11 15:00:00,134,5488.57,5495.44602,9.5745,3020.0,HIT/DEFESA,19.01,5
2024-09-11 19:00:00,34,5480.58,5472.31208,48.1269,204.2143,HIT/DEFESA,71.57,5
2024-09-11 19:00:00,134,5480.58,5492.90877,48.1269,204.2143,HIT/DEFESA,71.57,5
2024-09-11 20:00:00,34,5507.58,5474.32739,164.2497,176.3738,HIT/DEFESA,44.07,5
2024-09-11 20:00:00,134,5507.58,5493.12612,164.2497,176.3738,HIT/DEFESA,44.07,5
2024-09-11 21:00:00,34,5524.33,5477.18468,132.0536,274.1765,HIT/DEFESA,27.57,5
2024-09-11 21:00:00,134,5524.33,5493.5884,132.0536,274.1765,HIT/DEFESA,27.57,5
2024-09-11 22:00:00,34,5550.33,5481.36442,127.2676,191.2381,HIT/DEFESA,6.07,5
2024-09-11 22:00:00,134,5550.33,5494.42902,127.2676,191.2381,HIT/DEFESA,6.07,5
2024-09-11 23:00:00,34,5551.79,5485.38873,80.2712,2113.0435,HIT/DEFESA,5.61,5
2024-09-11 23:00:00,134,5551.79,5495.27881,80.2712,2113.0435,HIT/DEFESA,5.61,5
2024-09-12 01:00:00,34,5552.15,5489.20366,50.359,3366.6667,HIT/DEFESA,10.37,5
2024-09-12 01:00:00,134,5552.15,5496.12134,50.359,3366.6667,HIT/DEFESA,10.37,5
2024-09-12 02:00:00,34,5551.65,5492.77203,2.3782,351.0,HIT/DEFESA,13.25,5
2024-09-12 02:00:00,134,5551.65,5496.94399,2.3782,351.0,HIT/DEFESA,13.25,5
2024-09-12 03:00:00,34,5551.9,5496.15077,0.1981,8810000.0,HIT/DEFESA,13.25,5
2024-09-12 03:00:00,134,5551.9,5497.75815,0.1981,8810000.0,HIT/DEFESA,13.25,5
2024-09-12 04:00:00,34,5556.4,5499.59358,7.6547,312.4706,HIT/DEFESA,5.78,5
2024-09-12 04:00:00,134,5556.4,5498.62692,7.6547,312.4706,HIT/DEFESA,5.78,5
2024-09-12 05:00:00,34,5557.4,5502.8968,10.3573,1017.3333,HIT/DEFESA,4.53,5
2024-09-12 05:00:00,134,5557.4,5499.49763,10.3573,1017.3333,HIT/DEFESA,4.53,5
2024-09-12 06:00:00,34,5562.52,5506.30384,19.1286,117.1322,HIT/DEFESA,1.66,5
2024-09-12 06:00:00,134,5562.52,5500.4313,19.1286,117.1322,HIT/DEFESA,1.66,5
2024-09-12 10:00:00,34,5561.93,5518.28879,-5.337,5290.0,HIT/DEFESA,-2.25,5
2024-09-12 10:00:00,134,5561.93,5504.0875,-5.337,5290.0,HIT/DEFESA,-2.25,5
2024-09-12 11:00:00,34,5564.18,5520.91115,-1.743,772.0,HIT/DEFESA,-18.74,5
2024-09-12 11:00:00,134,5564.18,5504.97776,-1.743,772.0,HIT/DEFESA,-18.74,5
2024-09-12 14:00:00,34,5567.68,5528.12635,6.2902,246.0,HIT/DEFESA,11.51,5
2024-09-12 14:00:00,134,5567.68,5507.62568,6.2902,246.0,HIT/DEFESA,11.51,5
2024-09-12 19:00:00,34,5579.19,5535.84507,60.8608,148.2243,HIT/DEFESA,18.72,5
2024-09-12 19:00:00,134,5579.19,5511.24663,60.8608,148.2243,HIT/DEFESA,18.72,5
2024-09-12 20:00:00,34,5599.44,5539.47906,85.5557,138.9756,HIT/DEFESA,1.22,5
2024-09-12 20:00:00,134,5599.44,5512.5532,85.5557,138.9756,HIT/DEFESA,1.22,5
2024-09-12 21:00:00,34,5594.69,5542.63397,75.1854,820.0,HIT/DEFESA,6.72,5
2024-09-12 21:00:00,134,5594.69,5513.77004,75.1854,820.0,HIT/DEFESA,6.72,5
2024-09-13 01:00:00,34,5597.91,5551.26835,5.7555,106.0,HIT/DEFESA,2.0,5
2024-09-13 01:00:00,134,5597.91,5517.37073,5.7555,106.0,HIT/DEFESA,2.0,5
2024-09-13 04:00:00,34,5598.41,5559.17271,0.8932,198.1538,HIT/DEFESA,0.78,5
2024-09-13 04:00:00,134,5598.41,5520.99551,0.8932,198.1538,HIT/DEFESA,0.78,5
2024-09-13 07:00:00,34,5599.91,5565.53619,2.6793,964.0,HIT/DEFESA,8.9,5
2024-09-13 07:00:00,134,5599.91,5524.38641,2.6793,964.0,HIT/DEFESA,8.9,5
2024-09-13 08:00:00,34,5599.16,5567.45755,6.7019,642.5287,HIT/DEFESA,11.78,5
2024-09-13 08:00:00,134,5599.16,5525.49417,6.7019,642.5287,HIT/DEFESA,11.78,5
2024-09-13 10:00:00,34,5601.69,5571.12336,3.1786,653.7778,HIT/DEFESA,6.0,5
2024-09-13 10:00:00,134,5601.69,5527.69861,3.1786,653.7778,HIT/DEFESA,6.0,5
2024-09-13 11:00:00,34,5603.69,5572.98431,8.0905,855.4286,HIT/DEFESA,11.38,5
2024-09-13 11:00:00,134,5603.69,5528.82441,8.0905,855.4286,HIT/DEFESA,11.38,5
2024-09-13 12:00:00,34,5608.81,5575.03149,17.1811,198.768,HIT/DEFESA,15.89,5
2024-09-13 12:00:00,134,5608.81,5530.00938,17.1811,198.768,HIT/DEFESA,15.89,5
2024-09-13 13:00:00,34,5610.94,5577.0834,16.5129,335.5556,HIT/DEFESA,21.76,5
2024-09-13 13:00:00,134,5610.94,5531.20836,16.5129,335.5556,HIT/DEFESA,21.76,5
2024-09-13 14:00:00,34,5607.69,5578.83235,7.1382,246.8571,HIT/DEFESA,20.26,5
2024-09-13 14:00:00,134,5607.69,5532.34142,7.1382,246.8571,HIT/DEFESA,20.26,5
2024-09-13 16:00:00,34,5615.07,5582.45785,7.3606,600.7267,HIT/DEFESA,5.13,5
2024-09-13 16:00:00,134,5615.07,5534.66676,7.3606,600.7267,HIT/DEFESA,5.13,5
2024-09-13 17:00:00,34,5624.7,5584.87169,30.3333,718.5501,HIT/DEFESA,0.5,5
2024-09-13 17:00:00,134,5624.7,5536.00059,30.3333,718.5501,HIT/DEFESA,0.5,5
2024-09-16 01:00:00,34,5623.54,5598.76741,5.9428,436.3636,HIT/DEFESA,6.5,5
2024-09-16 01:00:00,134,5623.54,5544.95835,5.9428,436.3636,HIT/DEFESA,6.5,5
2024-09-16 03:00:00,34,5626.79,5602.05359,6.0106,204.7478,HIT/DEFESA,1.25,5
2024-09-16 03:00:00,134,5626.79,5547.41246,6.0106,204.7478,HIT/DEFESA,1.25,5
2024-09-16 06:00:00,34,5630.04,5606.39838,5.7759,271.8085,HIT/DEFESA,2.03,5
2024-09-16 06:00:00,134,5630.04,5550.9799,5.7759,271.8085,HIT/DEFESA,2.03,5
2024-09-16 07:00:00,34,5629.29,5607.70647,1.3325,212.6437,HIT/DEFESA,0.53,5
2024-09-16 07:00:00,134,5629.29,5552.14005,1.3325,212.6437,HIT/DEFESA,0.53,5
2024-09-16 13:00:00,34,5628.57,5613.92251,-1.3323,1275.8929,HIT/DEFESA,-8.99,5
2024-09-16 13:00:00,134,5628.57,5558.68227,-1.3323,1275.8929,HIT/DEFESA,-8.99,5
2024-09-16 14:00:00,34,5624.32,5614.51665,-13.7605,344.0,HIT/DEFESA,-1.74,5
2024-09-16 14:00:00,134,5624.32,5559.65468,-13.7605,344.0,HIT/DEFESA,-1.74,5
2024-09-16 16:00:00,34,5631.83,5615.93288,5.7919,525.6572,HIT/DEFESA,2.25,5
2024-09-16 16:00:00,134,5631.83,5561.64032,5.7919,525.6572,HIT/DEFESA,2.25,5
2024-09-16 20:00:00,34,5632.08,5617.31597,31.8478,326.1622,HIT/DEFESA,0.72,5
2024-09-16 20:00:00,134,5632.08,5565.15099,31.8478,326.1622,HIT/DEFESA,0.72,5
2024-09-17 06:00:00,34,5629.8,5623.32434,1.1192,402.4,HIT/DEFESA,19.53,5
2024-09-17 06:00:00,134,5629.8,5573.56834,1.1192,402.4,HIT/DEFESA,19.53,5
2024-09-17 07:00:00,34,5633.8,5623.92295,5.1146,107.4742,HIT/DEFESA,21.28,5
2024-09-17 07:00:00,134,5633.8,5574.46066,5.1146,107.4742,HIT/DEFESA,21.28,5
2024-09-17 08:00:00,34,5636.05,5624.61593,9.1104,238.4977,HIT/DEFESA,15.53,5
2024-09-17 08:00:00,134,5636.05,5575.37309,9.1104,238.4977,HIT/DEFESA,15.53,5
2024-09-17 09:00:00,34,5638.58,5625.41387,15.5956,257.4561,HIT/DEFESA,20.87,5
2024-09-17 09:00:00,134,5638.58,5576.30949,15.5956,257.4561,HIT/DEFESA,20.87,5
2024-09-17 10:00:00,34,5646.08,5626.59479,21.797,219.3548,HIT/DEFESA,14.5,5
2024-09-17 10:00:00,134,5646.08,5577.34313,21.797,219.3548,HIT/DEFESA,14.5,5
2024-09-17 11:00:00,34,5649.33,5627.89395,23.5626,452.3333,HIT/DEFESA,2.51,5
2024-09-17 11:00:00,134,5649.33,5578.4096,23.5626,452.3333,HIT/DEFESA,2.51,5
2024-09-17 12:00:00,34,5655.08,5629.44744,29.2627,191.119,HIT/DEFESA,3.76,5
2024-09-17 12:00:00,134,5655.08,5579.54546,29.2627,191.119,HIT/DEFESA,3.76,5
2024-09-17 13:00:00,34,5651.58,5630.71216,9.7413,248.5333,HIT/DEFESA,5.38,5
2024-09-17 13:00:00,134,5651.58,5580.61264,9.7413,248.5333,HIT/DEFESA,5.38,5
2024-09-17 17:00:00,34,5658.84,5636.35146,-1.0778,1267.7037,HIT/DEFESA,-20.25,5
2024-09-17 17:00:00,134,5658.84,5585.07783,-1.0778,1267.7037,HIT/DEFESA,-20.25,5
2024-09-17 18:00:00,34,5656.96,5637.52909,-6.3951,2430.6723,HIT/DEFESA,-19.41,5
2024-09-17 18:00:00,134,5656.96,5586.14275,-6.3951,2430.6723,HIT/DEFESA,-19.41,5
2024-09-17 22:00:00,34,5638.59,5636.26881,23.1087,499.4783,HIT/DEFESA,5.43,5
2024-09-17 22:00:00,134,5638.59,5588.76209,23.1087,499.4783,HIT/DEFESA,5.43,5
2024-09-17 23:00:00,34,5637.55,5636.34202,7.0293,1102.5316,HIT/DEFESA,6.72,5
2024-09-17 23:00:00,134,5637.55,5589.48488,7.0293,1102.5316,HIT/DEFESA,6.72,5
2024-09-18 01:00:00,34,5639.27,5636.50934,21.2001,840.0,HIT/DEFESA,0.75,5
2024-09-18 01:00:00,134,5639.27,5590.22243,21.2001,840.0,HIT/DEFESA,0.75,5
2024-09-18 03:00:00,34,5641.77,5637.14726,7.4855,405.3333,HIT/DEFESA,0.87,5
2024-09-18 03:00:00,134,5641.77,5591.75305,7.4855,405.3333,HIT/DEFESA,0.87,5
2024-09-18 04:00:00,34,5644.02,5637.53998,8.4231,247.5,HIT/DEFESA,1.53,5
2024-09-18 04:00:00,134,5644.02,5592.52738,8.4231,247.5,HIT/DEFESA,1.53,5
2024-09-18 11:00:00,34,5640.8,5638.98698,-3.2609,762.4,HIT/DEFESA,-4.24,5
2024-09-18 11:00:00,134,5640.8,5597.42151,-3.2609,762.4,HIT/DEFESA,-4.24,5
2024-09-18 14:00:00,34,5641.3,5639.80537,0.8864,129.3333,HIT/DEFESA,1.01,5
2024-09-18 14:00:00,134,5641.3,5599.46601,0.8864,129.3333,HIT/DEFESA,1.01,5
2024-09-18 17:00:00,34,5634.43,5639.65328,-12.178,2458.5106,HIT/DEFESA,-16.37,5
2024-09-18 17:00:00,134,5634.43,5601.19882,-12.178,2458.5106,HIT/DEFESA,-16.37,5
2024-09-18 20:00:00,34,5638.81,5638.87991,7.7736,730.4615,HIT/DEFESA,17.02,5
2024-09-18 20:00:00,134,5638.81,5602.66321,7.7736,730.4615,HIT/DEFESA,17.02,5
2024-09-18 21:00:00,34,5643.06,5639.11877,36.4603,2802.8571,HIT/DEFESA,0.52,5
2024-09-18 21:00:00,134,5643.06,5603.26168,36.4603,2802.8571,HIT/DEFESA,0.52,5
2024-09-19 02:00:00,34,5655.83,5638.27404,67.2296,86.8732,HIT/DEFESA,17.87,5
2024-09-19 02:00:00,134,5655.83,5605.06713,67.2296,86.8732,HIT/DEFESA,17.87,5
2024-09-19 03:00:00,34,5643.58,5638.57724,29.875,314.88,HIT/DEFESA,31.62,5
2024-09-19 03:00:00,134,5643.58,5605.63769,29.875,314.88,HIT/DEFESA,31.62,5
2024-09-19 04:00:00,34,5649.33,5639.19168,23.5092,471.048,HIT/DEFESA,31.53,5
2024-09-19 04:00:00,134,5649.33,5606.28498,23.5092,471.048,HIT/DEFESA,31.53,5
2024-09-19 05:00:00,34,5668.08,5640.84244,21.6591,99.2485,HIT/DEFESA,21.28,5
2024-09-19 05:00:00,134,5668.08,5607.20047,21.6591,99.2485,HIT/DEFESA,21.28,5
2024-09-19 06:00:00,34,5674.83,5642.78459,55.3727,263.1976,HIT/DEFESA,19.28,5
2024-09-19 06:00:00,134,5674.83,5608.20238,55.3727,263.1976,HIT/DEFESA,19.28,5
2024-09-19 07:00:00,34,5673.7,5644.55118,43.1379,643.4783,HIT/DEFESA,30.91,5
2024-09-19 07:00:00,134,5673.7,5609.17272,43.1379,643.4783,HIT/DEFESA,30.91,5
2024-09-19 08:00:00,34,5675.2,5646.30255,12.5616,762.3457,HIT/DEFESA,35.66,5
2024-09-19 08:00:00,134,5675.2,5610.1509,12.5616,762.3457,HIT/DEFESA,35.66,5
2024-09-19 09:00:00,34,5680.86,5648.27726,10.6259,248.9619,HIT/DEFESA,30.5,5
2024-09-19 09:00:00,134,5680.86,5611.19844,10.6259,248.9619,HIT/DEFESA,30.5,5
2024-09-19 10:00:00,34,5689.36,5650.62484,27.601,283.3939,HIT/DEFESA,16.75,5
2024-09-19 10:00:00,134,5689.36,5612.35639,27.601,283.3939,HIT/DEFESA,16.75,5
2024-09-19 11:00:00,34,5694.11,5653.10971,33.3204,350.4,HIT/DEFESA,7.13,5
2024-09-19 11:00:00,134,5694.11,5613.56756,33.3204,350.4,HIT/DEFESA,7.13,5
2024-09-19 12:00:00,34,5704.61,5656.05258,41.8071,120.9756,HIT/DEFESA,0.26,5
2024-09-19 12:00:00,134,5704.61,5614.91633,41.8071,120.9756,HIT/DEFESA,0.26,5
2024-09-19 14:00:00,34,5711.36,5662.1659,30.2945,1292.0,HIT/DEFESA,9.76,5
2024-09-19 14:00:00,134,5711.36,5617.74546,30.2945,1292.0,HIT/DEFESA,9.76,5
2024-09-19 15:00:00,34,5706.11,5664.67699,2.6295,301.0,HIT/DEFESA,25.01,5
2024-09-19 15:00:00,134,5706.11,5619.05456,2.6295,301.0,HIT/DEFESA,25.01,5
2024-09-19 18:00:00,34,5709.62,5671.26802,6.1513,1022.2222,HIT/DEFESA,2.71,5
2024-09-19 18:00:00,134,5709.62,5622.83053,6.1513,1022.2222,HIT/DEFESA,2.71,5
2024-09-19 22:00:00,34,5716.12,5682.16053,-8.7395,521.2571,HIT/DEFESA,-7.21,5
2024-09-19 22:00:00,134,5716.12,5628.65503,-8.7395,521.2571,HIT/DEFESA,-7.21,5
2024-09-19 23:00:00,34,5712.33,5683.8845,-32.7859,154.4073,HIT/DEFESA,-7.67,5
2024-09-19 23:00:00,134,5712.33,5629.89466,-32.7859,154.4073,HIT/DEFESA,-7.67,5
2024-09-20 01:00:00,34,5710.66,5685.41452,-25.2571,305.0,HIT/DEFESA,-1.25,5
2024-09-20 01:00:00,134,5710.66,5631.09118,-25.2571,305.0,HIT/DEFESA,-1.25,5
2024-09-20 04:00:00,34,5708.91,5688.9614,-3.0644,127.6458,HIT/DEFESA,-3.47,5
2024-09-20 04:00:00,134,5708.91,5634.42954,-3.0644,127.6458,HIT/DEFESA,-3.47,5
2024-09-20 09:00:00,34,5705.44,5693.72878,-6.9534,256.8323,HIT/DEFESA,-3.0,5
2024-09-20 09:00:00,134,5705.44,5639.69618,-6.9534,256.8323,HIT/DEFESA,-3.0,5
2024-09-20 11:00:00,34,5703.94,5695.17223,-7.8306,207.5,HIT/DEFESA,-11.99,5
2024-09-20 11:00:00,134,5703.94,5641.66952,-7.8306,207.5,HIT/DEFESA,-11.99,5
2024-09-20 12:00:00,34,5703.19,5695.63039,-3.9436,1842.0,HIT/DEFESA,-18.74,5
2024-09-20 12:00:00,134,5703.19,5642.58093,-3.9436,1842.0,HIT/DEFESA,-18.74,5
2024-09-20 13:00:00,34,5700.44,5695.90522,-16.2005,320.3333,HIT/DEFESA,-10.49,5
2024-09-20 13:00:00,134,5700.44,5643.43811,-16.2005,320.3333,HIT/DEFESA,-10.49,5
2024-09-20 14:00:00,34,5702.44,5696.27864,-2.6298,467.4286,HIT/DEFESA,-0.24,5
2024-09-20 14:00:00,134,5702.44,5644.31221,-2.6298,467.4286,HIT/DEFESA,-0.24,5
2024-09-20 19:00:00,34,5702.2,5696.11863,18.0079,203.9167,HIT/DEFESA,2.04,5
2024-09-20 19:00:00,134,5702.2,5648.01427,18.0079,203.9167,HIT/DEFESA,2.04,5
2024-09-20 20:00:00,34,5701.7,5696.43756,30.3459,8856.0,HIT/DEFESA,6.79,5
2024-09-20 20:00:00,134,5701.7,5648.80962,30.3459,8856.0,HIT/DEFESA,6.79,5
2024-09-20 21:00:00,34,5695.2,5696.36685,9.2268,565.3333,HIT/DEFESA,23.79,5
2024-09-20 21:00:00,134,5695.2,5649.49688,9.2268,565.3333,HIT/DEFESA,23.79,5
2024-09-23 01:00:00,34,5704.24,5696.94413,15.873,3048.0,HIT/DEFESA,16.25,5
2024-09-23 01:00:00,134,5704.24,5651.70326,15.873,3048.0,HIT/DEFESA,16.25,5
2024-09-23 02:00:00,34,5708.49,5697.60389,13.2259,131.7778,HIT/DEFESA,12.5,5
2024-09-23 02:00:00,134,5708.49,5652.54455,13.2259,131.7778,HIT/DEFESA,12.5,5
2024-09-23 08:00:00,34,5716.24,5704.11044,-8.3028,75.8,HIT/DEFESA,-5.47,5
2024-09-23 08:00:00,134,5716.24,5658.28166,-8.3028,75.8,HIT/DEFESA,-5.47,5
2024-09-23 12:00:00,34,5712.89,5705.20581,1.9609,200.4902,HIT/DEFESA,8.14,5
2024-09-23 12:00:00,134,5712.89,5661.23889,1.9609,200.4902,HIT/DEFESA,8.14,5
2024-09-23 13:00:00,34,5710.77,5705.52377,8.3245,409.7778,HIT/DEFESA,7.51,5
2024-09-23 13:00:00,134,5710.77,5661.97268,8.3245,409.7778,HIT/DEFESA,7.51,5
2024-09-23 21:00:00,34,5716.03,5708.92821,-3.9347,808.0,HIT/DEFESA,-3.69,5
2024-09-23 21:00:00,134,5716.03,5667.89495,-3.9347,808.0,HIT/DEFESA,-3.69,5
2024-09-24 01:00:00,34,5712.84,5709.98834,-5.5808,81.7961,HIT/DEFESA,-2.5,5
2024-09-24 01:00:00,134,5712.84,5669.98182,-5.5808,81.7961,HIT/DEFESA,-2.5,5
2024-09-24 07:00:00,34,5715.59,5710.65938,8.7557,81.6,HIT/DEFESA,13.03,5
2024-09-24 07:00:00,134,5715.59,5673.6027,8.7557,81.6,HIT/DEFESA,13.03,5
2024-09-24 08:00:00,34,5720.34,5711.21256,18.828,165.1765,HIT/DEFESA,2.53,5
2024-09-24 08:00:00,134,5720.34,5674.29511,18.828,165.1765,HIT/DEFESA,2.53,5
2024-09-24 18:00:00,34,5727.63,5717.03544,6.1319,277.768,HIT/DEFESA,7.21,5
2024-09-24 18:00:00,134,5727.63,5681.29115,6.1319,277.768,HIT/DEFESA,7.21,5
2024-09-24 19:00:00,34,5726.0,5717.5477,19.8963,1320.2128,HIT/DEFESA,9.93,5
2024-09-24 19:00:00,134,5726.0,5681.9535,19.8963,1320.2128,HIT/DEFESA,9.93,5
2024-09-24 20:00:00,34,5726.38,5718.0524,17.9317,7752.0,HIT/DEFESA,8.8,5
2024-09-24 20:00:00,134,5726.38,5682.61167,17.9317,7752.0,HIT/DEFESA,8.8,5
2024-09-25 03:00:00,34,5728.18,5722.36934,-11.6132,81.6552,HIT/DEFESA,-6.88,5
2024-09-25 03:00:00,134,5728.18,5686.88832,-11.6132,81.6552,HIT/DEFESA,-6.88,5
2024-09-25 04:00:00,34,5724.93,5722.51567,-19.1774,247.6667,HIT/DEFESA,-7.72,5
2024-09-25 04:00:00,134,5724.93,5687.4519,-19.1774,247.6667,HIT/DEFESA,-7.72,5
2024-09-25 06:00:00,34,5726.43,5722.82901,-3.0551,229.2,HIT/DEFESA,-0.6,5
2024-09-25 06:00:00,134,5726.43,5688.56541,-3.0551,229.2,HIT/DEFESA,-0.6,5
2024-09-25 07:00:00,34,5726.18,5723.0205,2.1834,512.0,HIT/DEFESA,1.03,5
2024-09-25 07:00:00,134,5726.18,5689.12267,2.1834,512.0,HIT/DEFESA,1.03,5
2024-09-25 10:00:00,34,5726.46,5722.81659,0.489,204.4571,HIT/DEFESA,6.75,5
2024-09-25 10:00:00,134,5726.46,5690.54844,0.489,204.4571,HIT/DEFESA,6.75,5
2024-09-25 11:00:00,34,5725.83,5722.98878,7.9178,1689.3333,HIT/DEFESA,11.64,5
2024-09-25 11:00:00,134,5725.83,5691.07113,7.9178,1689.3333,HIT/DEFESA,11.64,5
2024-09-25 12:00:00,34,5727.21,5723.22999,17.491,578.6667,HIT/DEFESA,7.38,5
2024-09-25 12:00:00,134,5727.21,5691.60652,17.491,578.6667,HIT/DEFESA,7.38,5
2024-09-25 18:00:00,34,5729.97,5726.32483,-5.6513,712.6667,HIT/DEFESA,-3.54,5
2024-09-25 18:00:00,134,5729.97,5695.21054,-5.6513,712.6667,HIT/DEFESA,-3.54,5
2024-09-25 22:00:00,34,5722.97,5725.67348,1.3107,3898.0,HIT/DEFESA,18.49,5
2024-09-25 22:00:00,134,5722.97,5696.83383,1.3107,3898.0,HIT/DEFESA,18.49,5
2024-09-25 23:00:00,34,5726.43,5725.71671,2.5502,129.0404,HIT/DEFESA,16.53,5
2024-09-25 23:00:00,134,5726.43,5697.27229,2.5502,129.0404,HIT/DEFESA,16.53,5
2024-09-26 01:00:00,34,5727.46,5725.81633,8.2828,550.7937,HIT/DEFESA,21.75,5
2024-09-26 01:00:00,134,5727.46,5697.71952,8.2828,550.7937,HIT/DEFESA,21.75,5
2024-09-26 02:00:00,34,5732.46,5726.19596,16.5823,77.1111,HIT/DEFESA,18.5,5
2024-09-26 02:00:00,134,5732.46,5698.23419,16.5823,77.1111,HIT/DEFESA,18.5,5
2024-09-26 03:00:00,34,5737.83,5726.86077,19.9077,94.0952,HIT/DEFESA,20.88,5
2024-09-26 03:00:00,134,5737.83,5698.8208,19.9077,94.0952,HIT/DEFESA,20.88,5
2024-09-26 04:00:00,34,5741.46,5727.69501,24.4436,121.8667,HIT/DEFESA,22.78,5
2024-09-26 04:00:00,134,5741.46,5699.45249,24.4436,121.8667,HIT/DEFESA,22.78,5
2024-09-26 05:00:00,34,5742.96,5728.56729,18.3167,200.0,HIT/DEFESA,26.28,5
2024-09-26 05:00:00,134,5742.96,5700.09704,18.3167,200.0,HIT/DEFESA,26.28,5
2024-09-26 06:00:00,34,5749.21,5729.74688,19.8333,52.5,HIT/DEFESA,19.28,5
2024-09-26 06:00:00,134,5749.21,5700.82464,19.8333,52.5,HIT/DEFESA,19.28,5
2024-09-26 07:00:00,34,5750.96,5730.95906,16.5463,147.0,HIT/DEFESA,16.65,5
2024-09-26 07:00:00,134,5750.96,5701.56739,16.5463,147.0,HIT/DEFESA,16.65,5
2024-09-26 08:00:00,34,5758.71,5732.54482,27.4249,69.125,HIT/DEFESA,13.03,5
2024-09-26 08:00:00,134,5758.71,5702.41395,27.4249,69.125,HIT/DEFESA,13.03,5
2024-09-26 09:00:00,34,5764.24,5734.35598,26.1427,186.553,HIT/DEFESA,2.75,5
2024-09-26 09:00:00,134,5764.24,5703.32989,26.1427,186.553,HIT/DEFESA,2.75,5
2024-09-26 10:00:00,34,5769.24,5736.34935,31.786,347.1579,HIT/DEFESA,0.75,5
2024-09-26 10:00:00,134,5769.24,5704.30633,31.786,347.1579,HIT/DEFESA,0.75,5
2024-09-26 14:00:00,34,5766.99,5743.13442,-2.6003,192.2353,HIT/DEFESA,-33.24,5
2024-09-26 14:00:00,134,5766.99,5708.03868,-2.6003,192.2353,HIT/DEFESA,-33.24,5
2024-09-26 16:00:00,34,5759.0,5745.48794,-22.0731,328.9146,HIT/DEFESA,-13.25,5
2024-09-26 16:00:00,134,5759.0,5709.69786,-22.0731,328.9146,HIT/DEFESA,-13.25,5
2024-09-26 18:00:00,34,5747.5,5745.07826,-38.9775,360.0833,HIT/DEFESA,-0.17,5
2024-09-26 18:00:00,134,5747.5,5710.63813,-38.9775,360.0833,HIT/DEFESA,-0.17,5
2024-09-26 20:00:00,34,5738.75,5744.1063,5.2304,543.0476,HIT/DEFESA,10.66,5
2024-09-26 20:00:00,134,5738.75,5711.39193,5.2304,543.0476,HIT/DEFESA,10.66,5
2024-09-27 02:00:00,34,5749.41,5745.22436,5.4992,152.6154,HIT/DEFESA,2.0,5
2024-09-27 02:00:00,134,5749.41,5714.0512,5.4992,152.6154,HIT/DEFESA,2.0,5
2024-09-27 04:00:00,34,5741.91,5745.23354,-19.1208,110.0741,HIT/DEFESA,-1.6,5
2024-09-27 04:00:00,134,5741.91,5714.9727,-19.1208,110.0741,HIT/DEFESA,-1.6,5
2024-09-27 05:00:00,34,5742.66,5745.08648,-11.7403,1658.0,HIT/DEFESA,-7.22,5
2024-09-27 05:00:00,134,5742.66,5715.38288,-11.7403,1658.0,HIT/DEFESA,-7.22,5
2024-09-27 06:00:00,34,5746.41,5745.16211,-4.3487,196.2857,HIT/DEFESA,-4.22,5
2024-09-27 06:00:00,134,5746.41,5715.84254,-4.3487,196.2857,HIT/DEFESA,-4.22,5
2024-09-27 12:00:00,34,5744.69,5744.68401,7.6302,472.6236,HIT/DEFESA,15.76,5
2024-09-27 12:00:00,134,5744.69,5718.23339,7.6302,472.6236,HIT/DEFESA,15.76,5
2024-09-27 13:00:00,34,5741.44,5744.49864,10.4613,260.0,HIT/DEFESA,5.26,5
2024-09-27 13:00:00,134,5741.44,5718.5772,10.4613,260.0,HIT/DEFESA,5.26,5
2024-09-27 18:00:00,34,5746.7,5746.73967,-18.6541,274.5926,HIT/DEFESA,-12.79,5
2024-09-27 18:00:00,134,5746.7,5721.07524,-18.6541,274.5926,HIT/DEFESA,-12.79,5
2024-09-27 19:00:00,34,5743.95,5746.58026,-15.8524,807.3333,HIT/DEFESA,-3.9,5
2024-09-27 19:00:00,134,5743.95,5721.41412,-15.8524,807.3333,HIT/DEFESA,-3.9,5
2024-09-27 21:00:00,34,5744.7,5746.4658,-3.4803,1852.6667,HIT/DEFESA,-0.15,5
2024-09-27 21:00:00,134,5744.7,5722.12451,-3.4803,1852.6667,HIT/DEFESA,-0.15,5
2024-09-30 04:00:00,34,5736.3,5744.45326,-6.533,224.75,HIT/DEFESA,-3.47,5
2024-09-30 04:00:00,134,5736.3,5723.61811,-6.533,224.75,HIT/DEFESA,-3.47,5
2024-09-30 06:00:00,34,5741.55,5743.94237,-5.2223,213.2308,HIT/DEFESA,-5.97,5
2024-09-30 06:00:00,134,5741.55,5724.0944,-5.2223,213.2308,HIT/DEFESA,-5.97,5
2024-09-30 08:00:00,34,5734.55,5743.14208,-6.0996,220.9412,HIT/DEFESA,-2.72,5
2024-09-30 08:00:00,134,5734.55,5724.46758,-6.0996,220.9412,HIT/DEFESA,-2.72,5
2024-09-30 09:00:00,34,5732.83,5742.55281,-15.1875,579.9043,HIT/DEFESA,-10.25,5
2024-09-30 09:00:00,134,5732.83,5724.59147,-15.1875,579.9043,HIT/DEFESA,-10.25,5
2024-09-30 16:00:00,34,5729.09,5738.59411,-4.7803,714.7887,HIT/DEFESA,-1.0,5
2024-09-30 16:00:00,134,5729.09,5725.24983,-4.7803,714.7887,HIT/DEFESA,-1.0,5
2024-09-30 17:00:00,34,5735.34,5738.40816,22.2976,592.9231,HIT/DEFESA,28.0,5
2024-09-30 17:00:00,134,5735.34,5725.39931,22.2976,592.9231,HIT/DEFESA,28.0,5
2024-09-30 18:00:00,34,5738.34,5738.40426,23.1612,1101.0909,HIT/DEFESA,16.46,5
2024-09-30 18:00:00,134,5738.34,5725.59103,23.1612,1101.0909,HIT/DEFESA,16.46,5
2024-09-30 19:00:00,34,5738.59,5738.41488,16.582,21480000.0,HIT/DEFESA,15.42,5
2024-09-30 19:00:00,134,5738.59,5725.7836,16.582,21480000.0,HIT/DEFESA,15.42,5
2024-09-30 20:00:00,34,5738.59,5738.42488,5.6666,9492.0,HIT/DEFESA,16.92,5
2024-09-30 20:00:00,134,5738.59,5725.97333,5.6666,9492.0,HIT/DEFESA,16.92,5
2024-09-30 22:00:00,34,5763.34,5739.29179,43.1291,126.3099,HIT/DEFESA,5.42,5
2024-09-30 22:00:00,134,5763.34,5726.5578,43.1291,126.3099,HIT/DEFESA,5.42,5
2024-09-30 23:00:00,34,5754.8,5740.17797,28.2474,99.8862,HIT/DEFESA,9.21,5
2024-09-30 23:00:00,134,5754.8,5726.97621,28.2474,99.8862,HIT/DEFESA,9.21,5
2024-10-01 01:00:00,34,5754.01,5740.96837,45.2507,1122.6667,HIT/DEFESA,8.0,5
2024-10-01 01:00:00,134,5754.01,5727.37671,45.2507,1122.6667,HIT/DEFESA,8.0,5
2024-10-01 07:00:00,34,5758.51,5747.09637,-17.7681,144.2136,HIT/DEFESA,-1.85,5
2024-10-01 07:00:00,134,5758.51,5730.30216,-17.7681,144.2136,HIT/DEFESA,-1.85,5
2024-10-01 09:00:00,34,5760.04,5748.3836,-3.4189,351.3158,HIT/DEFESA,-2.0,5
2024-10-01 09:00:00,134,5760.04,5731.13618,-3.4189,351.3158,HIT/DEFESA,-2.0,5
2024-10-01 11:00:00,34,5755.54,5749.42056,-2.9875,347.2941,HIT/DEFESA,-38.87,5
2024-10-01 11:00:00,134,5755.54,5731.91958,-2.9875,347.2941,HIT/DEFESA,-38.87,5
2024-10-01 12:00:00,34,5756.66,5749.83424,-5.868,643.0657,HIT/DEFESA,-55.61,5
2024-10-01 12:00:00,134,5756.66,5732.28611,-5.868,643.0657,HIT/DEFESA,-55.61,5
2024-10-01 19:00:00,34,5704.8,5742.04468,-20.7638,12246.0,HIT/DEFESA,-8.41,5
2024-10-01 19:00:00,134,5704.8,5731.94738,-20.7638,12246.0,HIT/DEFESA,-8.41,5
2024-10-01 22:00:00,34,5706.8,5737.74454,3.5058,253.8082,HIT/DEFESA,1.97,5
2024-10-01 22:00:00,134,5706.8,5731.23124,3.5058,253.8082,HIT/DEFESA,1.97,5
2024-10-01 23:00:00,34,5706.76,5735.974,-14.0687,1768.5185,HIT/DEFESA,-1.74,5
2024-10-01 23:00:00,134,5706.76,5730.8687,-14.0687,1768.5185,HIT/DEFESA,-1.74,5
2024-10-02 02:00:00,34,5698.52,5731.70108,-14.509,758.8571,HIT/DEFESA,-0.75,5
2024-10-02 02:00:00,134,5698.52,5729.88624,-14.509,758.8571,HIT/DEFESA,-0.75,5
2024-10-02 03:00:00,34,5703.02,5730.06216,-6.5536,343.5294,HIT/DEFESA,-7.25,5
2024-10-02 03:00:00,134,5703.02,5729.48822,-6.5536,343.5294,HIT/DEFESA,-7.25,5
2024-10-02 07:00:00,34,5697.77,5724.72392,-19.2686,86.5366,HIT/DEFESA,-7.72,5
2024-10-02 07:00:00,134,5697.77,5728.05601,-19.2686,86.5366,HIT/DEFESA,-7.72,5
2024-10-02 09:00:00,34,5694.55,5721.43973,-23.1614,2146.3918,HIT/DEFESA,-3.13,5
2024-10-02 09:00:00,134,5694.55,5727.0884,-23.1614,2146.3918,HIT/DEFESA,-3.13,5
2024-10-02 15:00:00,34,5699.92,5713.98277,17.3461,275.2463,HIT/DEFESA,11.01,5
2024-10-02 15:00:00,134,5699.92,5724.46027,17.3461,275.2463,HIT/DEFESA,11.01,5
2024-10-02 17:00:00,34,5703.56,5712.13869,21.3304,488.3077,HIT/DEFESA,4.0,5
2024-10-02 17:00:00,134,5703.56,5723.65949,21.3304,488.3077,HIT/DEFESA,4.0,5
2024-10-02 18:00:00,34,5715.81,5712.34848,27.8776,326.0097,HIT/DEFESA,3.21,5
2024-10-02 18:00:00,134,5715.81,5723.54321,27.8776,326.0097,HIT/DEFESA,3.21,5
2024-10-02 19:00:00,34,5698.81,5711.57485,14.0578,178.1449,HIT/DEFESA,18.06,5
2024-10-02 19:00:00,134,5698.81,5723.17679,14.0578,178.1449,HIT/DEFESA,18.06,5
2024-10-02 20:00:00,34,5710.93,5711.538,12.9218,247.5147,HIT/DEFESA,6.94,5
2024-10-02 20:00:00,134,5710.93,5722.99535,12.9218,247.5147,HIT/DEFESA,6.94,5
2024-10-02 21:00:00,34,5709.06,5711.3964,-11.8093,1225.5,HIT/DEFESA,-0.94,5
2024-10-02 21:00:00,134,5709.06,5722.7889,-11.8093,1225.5,HIT/DEFESA,-0.94,5
2024-10-03 03:00:00,34,5708.12,5712.02791,-19.0592,155.5789,HIT/DEFESA,-12.0,5
2024-10-03 03:00:00,134,5708.12,5722.14876,-19.0592,155.5789,HIT/DEFESA,-12.0,5
2024-10-03 04:00:00,34,5704.49,5711.59717,-21.6552,376.2887,HIT/DEFESA,-4.22,5
2024-10-03 04:00:00,134,5704.49,5721.88715,-21.6552,376.2887,HIT/DEFESA,-4.22,5
2024-10-03 05:00:00,34,5701.37,5711.01276,-28.8569,291.3846,HIT/DEFESA,-20.72,5
2024-10-03 05:00:00,134,5701.37,5721.58319,-28.8569,291.3846,HIT/DEFESA,-20.72,5
2024-10-03 06:00:00,34,5699.37,5710.34746,-15.329,466.8571,HIT/DEFESA,-11.72,5
2024-10-03 06:00:00,134,5699.37,5721.2541,-15.329,466.8571,HIT/DEFESA,-11.72,5
2024-10-03 07:00:00,34,5697.12,5709.5916,-12.9196,187.5,HIT/DEFESA,-7.22,5
2024-10-03 07:00:00,134,5697.12,5720.89656,-12.9196,187.5,HIT/DEFESA,-7.22,5
2024-10-03 08:00:00,34,5696.12,5708.8218,-9.2083,519.2,HIT/DEFESA,-1.22,5
2024-10-03 08:00:00,134,5696.12,5720.5295,-9.2083,519.2,HIT/DEFESA,-1.22,5
2024-10-03 09:00:00,34,5700.27,5708.33312,1.5791,203.6364,HIT/DEFESA,3.38,5
2024-10-03 09:00:00,134,5700.27,5720.22936,1.5791,203.6364,HIT/DEFESA,3.38,5
2024-10-03 12:00:00,34,5689.9,5704.75918,-18.1921,650.0,HIT/DEFESA,-3.49,5
2024-10-03 12:00:00,134,5689.9,5718.73541,-18.1921,650.0,HIT/DEFESA,-3.49,5
2024-10-03 13:00:00,34,5694.9,5704.19579,25.0852,179.2381,HIT/DEFESA,10.01,5
2024-10-03 13:00:00,134,5694.9,5718.3823,25.0852,179.2381,HIT/DEFESA,10.01,5
2024-10-03 20:00:00,34,5690.41,5700.70841,7.0343,696.2963,HIT/DEFESA,6.89,5
2024-10-03 20:00:00,134,5690.41,5715.98215,7.0343,696.2963,HIT/DEFESA,6.89,5
2024-10-03 22:00:00,34,5697.91,5699.83201,25.5129,263.1304,HIT/DEFESA,9.39,5
2024-10-03 22:00:00,134,5697.91,5715.2974,25.5129,263.1304,HIT/DEFESA,9.39,5
2024-10-03 23:00:00,34,5695.37,5699.57704,8.7164,278.1659,HIT/DEFESA,10.55,5
2024-10-03 23:00:00,134,5695.37,5715.00218,8.7164,278.1659,HIT/DEFESA,10.55,5
2024-10-04 01:00:00,34,5696.92,5699.42521,16.7211,140.4297,HIT/DEFESA,3.88,5
2024-10-04 01:00:00,134,5696.92,5714.73429,16.7211,140.4297,HIT/DEFESA,3.88,5
2024-10-04 03:00:00,34,5696.05,5699.11784,1.194,2738.0,HIT/DEFESA,4.25,5
2024-10-04 03:00:00,134,5696.05,5714.20303,1.194,2738.0,HIT/DEFESA,4.25,5
2024-10-04 10:00:00,34,5704.7,5699.98786,9.2641,180.6484,HIT/DEFESA,42.88,5
2024-10-04 10:00:00,134,5704.7,5712.97936,9.2641,180.6484,HIT/DEFESA,42.88,5
2024-10-04 12:00:00,34,5705.83,5700.24585,18.8759,167.0,HIT/DEFESA,12.01,5
2024-10-04 12:00:00,134,5705.83,5712.66328,18.8759,167.0,HIT/DEFESA,12.01,5
2024-10-04 13:00:00,34,5708.83,5700.73637,7.2396,325.3472,HIT/DEFESA,13.51,5
2024-10-04 13:00:00,134,5708.83,5712.60649,7.2396,325.3472,HIT/DEFESA,13.51,5
2024-10-04 14:00:00,34,5713.33,5701.45601,25.8836,227.0588,HIT/DEFESA,15.51,5
2024-10-04 14:00:00,134,5713.33,5712.61721,25.8836,227.0588,HIT/DEFESA,15.51,5
2024-10-04 16:00:00,34,5719.59,5704.97728,18.848,184.1714,HIT/DEFESA,14.0,5
2024-10-04 16:00:00,134,5719.59,5713.2308,18.848,184.1714,HIT/DEFESA,14.0,5
2024-10-04 17:00:00,34,5717.84,5705.7123,7.8938,5672.0,HIT/DEFESA,30.5,5
2024-10-04 17:00:00,134,5717.84,5713.29908,7.8938,5672.0,HIT/DEFESA,30.5,5
2024-10-04 19:00:00,34,5728.84,5707.92974,16.1725,617.44,HIT/DEFESA,26.82,5
2024-10-04 19:00:00,134,5728.84,5713.66127,16.1725,617.44,HIT/DEFESA,26.82,5
2024-10-04 20:00:00,34,5720.59,5708.65318,4.8095,477.2903,HIT/DEFESA,32.32,5
2024-10-04 20:00:00,134,5720.59,5713.76392,4.8095,477.2903,HIT/DEFESA,32.32,5
2024-10-04 21:00:00,34,5733.59,5710.07814,19.6598,221.3333,HIT/DEFESA,14.82,5
2024-10-04 21:00:00,134,5733.59,5714.05764,19.6598,221.3333,HIT/DEFESA,14.82,5
2024-10-04 22:00:00,34,5748.34,5712.26453,34.0383,155.8033,HIT/DEFESA,0.32,5
2024-10-04 22:00:00,134,5748.34,5714.56553,34.0383,155.8033,HIT/DEFESA,0.32,5
2024-10-04 23:00:00,34,5743.55,5714.05228,40.1357,141.8502,HIT/DEFESA,3.61,5
2024-10-04 23:00:00,134,5743.55,5714.99493,40.1357,141.8502,HIT/DEFESA,3.61,5
2024-10-07 04:00:00,34,5748.66,5721.84774,-12.1619,14480000.0,HIT/DEFESA,-3.72,5
2024-10-07 04:00:00,134,5748.66,5717.10262,-12.1619,14480000.0,HIT/DEFESA,-3.72,5
2024-10-07 05:00:00,34,5747.16,5723.29416,-9.9949,1251.0,HIT/DEFESA,-18.72,5
2024-10-07 05:00:00,134,5747.16,5717.54792,-9.9949,1251.0,HIT/DEFESA,-18.72,5
2024-10-07 06:00:00,34,5746.91,5724.64363,-2.6094,1332.0,HIT/DEFESA,-22.47,5
2024-10-07 06:00:00,134,5746.91,5717.98291,-2.6094,1332.0,HIT/DEFESA,-22.47,5
2024-10-07 07:00:00,34,5746.66,5725.90171,-3.4791,3910000.0,HIT/DEFESA,-25.72,5
2024-10-07 07:00:00,134,5746.66,5718.40776,-3.4791,3910000.0,HIT/DEFESA,-25.72,5
2024-10-07 08:00:00,34,5742.16,5726.83076,-8.6999,165.4118,HIT/DEFESA,-17.97,5
2024-10-07 08:00:00,134,5742.16,5718.75964,-8.6999,165.4118,HIT/DEFESA,-17.97,5
2024-10-07 09:00:00,34,5744.94,5727.86557,-3.4279,321.7822,HIT/DEFESA,-18.75,5
2024-10-07 09:00:00,134,5744.94,5719.1475,-3.4279,321.7822,HIT/DEFESA,-18.75,5
2024-10-07 19:00:00,34,5725.95,5727.60127,-1.7461,412.9524,HIT/DEFESA,-33.82,5
2024-10-07 19:00:00,134,5725.95,5720.24521,-1.7461,412.9524,HIT/DEFESA,-33.82,5
2024-10-07 20:00:00,34,5723.7,5727.37834,-16.1348,854.5,HIT/DEFESA,-27.69,5
2024-10-07 20:00:00,134,5723.7,5720.29639,-16.1348,854.5,HIT/DEFESA,-27.69,5
2024-10-07 22:00:00,34,5697.2,5723.48916,-50.21,503.4551,HIT/DEFESA,-0.19,5
2024-10-07 22:00:00,134,5697.2,5719.47117,-50.21,503.4551,HIT/DEFESA,-0.19,5
2024-10-07 23:00:00,34,5700.91,5722.19892,-39.8169,199.262,HIT/DEFESA,-2.15,5
2024-10-07 23:00:00,134,5700.91,5719.19619,-39.8169,199.262,HIT/DEFESA,-2.15,5
2024-10-08 01:00:00,34,5692.13,5720.48069,8.6686,157.2056,HIT/DEFESA,3.38,5
2024-10-08 01:00:00,134,5692.13,5718.79521,8.6686,157.2056,HIT/DEFESA,3.38,5
2024-10-08 05:00:00,34,5698.76,5715.90882,4.8279,1254.0,HIT/DEFESA,1.03,5
2024-10-08 05:00:00,134,5698.76,5717.6288,4.8279,1254.0,HIT/DEFESA,1.03,5
2024-10-08 07:00:00,34,5698.51,5713.81557,2.633,158.4665,HIT/DEFESA,17.78,5
2024-10-08 07:00:00,134,5698.51,5717.02273,2.633,158.4665,HIT/DEFESA,17.78,5
2024-10-08 09:00:00,34,5696.79,5711.82948,2.2474,804.2169,HIT/DEFESA,23.5,5
2024-10-08 09:00:00,134,5696.79,5716.4017,2.2474,804.2169,HIT/DEFESA,23.5,5
2024-10-08 10:00:00,34,5699.79,5711.14151,2.2462,982.1086,HIT/DEFESA,18.0,5
2024-10-08 10:00:00,134,5699.79,5716.1556,2.2462,982.1086,HIT/DEFESA,18.0,5
2024-10-08 11:00:00,34,5704.79,5710.77857,17.1729,421.8947,HIT/DEFESA,23.51,5
2024-10-08 11:00:00,134,5704.79,5715.98722,17.1729,421.8947,HIT/DEFESA,23.51,5
2024-10-08 12:00:00,34,5716.29,5711.0935,34.2298,148.3636,HIT/DEFESA,22.76,5
2024-10-08 12:00:00,134,5716.29,5715.99171,34.2298,148.3636,HIT/DEFESA,22.76,5
2024-10-08 13:00:00,34,5720.54,5711.6333,36.4049,294.25,HIT/DEFESA,23.51,5
2024-10-08 13:00:00,134,5720.54,5716.05909,36.4049,294.25,HIT/DEFESA,23.51,5
2024-10-08 14:00:00,34,5720.29,5712.12797,27.1701,4484.0,HIT/DEFESA,19.76,5
2024-10-08 14:00:00,134,5720.29,5716.12177,27.1701,4484.0,HIT/DEFESA,19.76,5
2024-10-08 15:00:00,34,5717.79,5712.45152,2.6241,324.3636,HIT/DEFESA,20.51,5
2024-10-08 15:00:00,134,5717.79,5716.14648,2.6241,324.3636,HIT/DEFESA,20.51,5
2024-10-08 16:00:00,34,5728.3,5713.35714,13.5652,305.2936,HIT/DEFESA,20.0,5
2024-10-08 16:00:00,134,5728.3,5716.32654,13.5652,305.2936,HIT/DEFESA,20.0,5
2024-10-08 17:00:00,34,5739.05,5714.82531,32.7955,381.4545,HIT/DEFESA,13.75,5
2024-10-08 17:00:00,134,5739.05,5716.66318,32.7955,381.4545,HIT/DEFESA,13.75,5
2024-10-08 18:00:00,34,5744.05,5716.49529,45.9268,559.1579,HIT/DEFESA,6.21,5
2024-10-08 18:00:00,134,5744.05,5717.06891,45.9268,559.1579,HIT/DEFESA,6.21,5
2024-10-08 19:00:00,34,5740.05,5717.84127,20.5122,478.0,HIT/DEFESA,11.04,5
2024-10-08 19:00:00,134,5740.05,5717.40937,20.5122,478.0,HIT/DEFESA,11.04,5
2024-10-09 02:00:00,34,5747.97,5726.92209,-8.3959,104.75,HIT/DEFESA,-6.75,5
2024-10-09 02:00:00,134,5747.97,5720.04576,-8.3959,104.75,HIT/DEFESA,-6.75,5
2024-10-09 03:00:00,34,5747.72,5728.11054,-4.4172,972.0,HIT/DEFESA,-7.25,5
2024-10-09 03:00:00,134,5747.72,5720.45575,-4.4172,972.0,HIT/DEFESA,-7.25,5
2024-10-09 04:00:00,34,5747.84,5729.23794,-5.6511,11060000.0,HIT/DEFESA,-8.84,5
2024-10-09 04:00:00,134,5747.84,5720.86144,-5.6511,11060000.0,HIT/DEFESA,-8.84,5
2024-10-09 05:00:00,34,5742.97,5730.02263,-8.6987,226.7368,HIT/DEFESA,-4.22,5
2024-10-09 05:00:00,134,5742.97,5721.18898,-8.6987,226.7368,HIT/DEFESA,-4.22,5
2024-10-09 06:00:00,34,5742.47,5730.7339,-9.1341,3392.0,HIT/DEFESA,-1.97,5
2024-10-09 06:00:00,134,5742.47,5721.50425,-9.1341,3392.0,HIT/DEFESA,-1.97,5
2024-10-09 11:00:00,34,5740.5,5733.08363,0.0523,932.0,HIT/DEFESA,16.01,5
2024-10-09 11:00:00,134,5740.5,5722.83278,0.0523,932.0,HIT/DEFESA,16.01,5
2024-10-09 12:00:00,34,5746.25,5733.83599,12.6329,114.8333,HIT/DEFESA,24.01,5
2024-10-09 12:00:00,134,5746.25,5723.1797,12.6329,114.8333,HIT/DEFESA,24.01,5
2024-10-09 13:00:00,34,5750.25,5734.77393,20.0392,143.5294,HIT/DEFESA,40.51,5
2024-10-09 13:00:00,134,5750.25,5723.58074,20.0392,143.5294,HIT/DEFESA,40.51,5
2024-10-09 14:00:00,34,5748.0,5735.52971,13.0651,327.0,HIT/DEFESA,32.26,5
2024-10-09 14:00:00,134,5748.0,5723.94251,13.0651,327.0,HIT/DEFESA,32.26,5
2024-10-09 15:00:00,34,5750.0,5736.35658,6.526,502.2857,HIT/DEFESA,28.63,5
2024-10-09 15:00:00,134,5750.0,5724.32855,6.526,502.2857,HIT/DEFESA,28.63,5
2024-10-09 16:00:00,34,5756.51,5737.50821,10.8865,427.6358,HIT/DEFESA,27.25,5
2024-10-09 16:00:00,134,5756.51,5724.80531,10.8865,427.6358,HIT/DEFESA,27.25,5
2024-10-09 17:00:00,34,5770.26,5739.37974,38.7265,199.0714,HIT/DEFESA,22.5,5
2024-10-09 17:00:00,134,5770.26,5725.47871,38.7265,199.0714,HIT/DEFESA,22.5,5
2024-10-09 19:00:00,34,5780.26,5744.484,41.2576,200.186,HIT/DEFESA,10.21,5
2024-10-09 19:00:00,134,5780.26,5727.24309,41.2576,200.186,HIT/DEFESA,10.21,5
2024-10-09 20:00:00,34,5778.63,5746.4352,14.5054,959.5745,HIT/DEFESA,12.59,5
2024-10-09 20:00:00,134,5778.63,5728.00438,14.5054,959.5745,HIT/DEFESA,12.59,5
2024-10-09 23:00:00,34,5788.72,5753.24339,17.4609,124.5383,HIT/DEFESA,5.25,5
2024-10-09 23:00:00,134,5788.72,5730.65071,17.4609,124.5383,HIT/DEFESA,5.25,5
2024-10-10 01:00:00,34,5790.47,5755.37063,11.6014,340.8,HIT/DEFESA,3.75,5
2024-10-10 01:00:00,134,5790.47,5731.53692,11.6014,340.8,HIT/DEFESA,3.75,5
2024-10-10 08:00:00,34,5788.47,5767.74974,-9.4926,106.4073,HIT/DEFESA,-6.47,5
2024-10-10 08:00:00,134,5788.47,5737.54213,-9.4926,106.4073,HIT/DEFESA,-6.47,5
2024-10-10 09:00:00,34,5789.0,5768.96404,-9.009,2589.2857,HIT/DEFESA,-2.0,5
2024-10-10 09:00:00,134,5789.0,5738.30447,-9.009,2589.2857,HIT/DEFESA,-2.0,5
2024-10-10 10:00:00,34,5782.75,5769.75181,-17.6421,175.1667,HIT/DEFESA,-9.75,5
2024-10-10 10:00:00,134,5782.75,5738.96292,-17.6421,175.1667,HIT/DEFESA,-9.75,5
2024-10-10 11:00:00,34,5783.0,5770.50885,-9.4498,1364.0,HIT/DEFESA,-9.49,5
2024-10-10 11:00:00,134,5783.0,5739.61532,-9.4498,1364.0,HIT/DEFESA,-9.49,5
2024-10-10 12:00:00,34,5786.25,5771.40834,-4.7504,186.6667,HIT/DEFESA,-12.24,5
2024-10-10 12:00:00,134,5786.25,5740.3062,-4.7504,186.6667,HIT/DEFESA,-12.24,5
2024-10-10 16:00:00,34,5773.51,5772.91353,-14.6835,5706.5789,HIT/DEFESA,-1.0,5
2024-10-10 16:00:00,134,5773.51,5742.53734,-14.6835,5706.5789,HIT/DEFESA,-1.0,5
2024-10-10 19:00:00,34,5781.51,5774.34116,13.8564,324.1333,HIT/DEFESA,2.54,5
2024-10-10 19:00:00,134,5781.51,5744.2492,13.8564,324.1333,HIT/DEFESA,2.54,5
2024-10-10 20:00:00,34,5781.76,5774.7651,13.4222,29560000.0,HIT/DEFESA,6.79,5
2024-10-10 20:00:00,134,5781.76,5744.80491,13.4222,29560000.0,HIT/DEFESA,6.79,5
2024-10-10 23:00:00,34,5784.47,5775.55503,4.6872,120.6081,HIT/DEFESA,1.33,5
2024-10-10 23:00:00,134,5784.47,5746.32299,4.6872,120.6081,HIT/DEFESA,1.33,5
2024-10-11 01:00:00,34,5784.05,5776.04046,19.9913,694.0,HIT/DEFESA,3.0,5
2024-10-11 01:00:00,134,5784.05,5746.88191,19.9913,694.0,HIT/DEFESA,3.0,5
2024-10-11 05:00:00,34,5785.8,5778.31088,-4.7508,362.6667,HIT/DEFESA,-7.97,5
2024-10-11 05:00:00,134,5785.8,5749.20176,-4.7508,362.6667,HIT/DEFESA,-7.97,5
2024-10-11 07:00:00,34,5783.3,5779.06681,-6.0482,54.8571,HIT/DEFESA,-11.97,5
2024-10-11 07:00:00,134,5783.3,5750.25933,-6.0482,54.8571,HIT/DEFESA,-11.97,5
2024-10-11 08:00:00,34,5782.05,5779.23728,-6.4814,260.0,HIT/DEFESA,-2.97,5
2024-10-11 08:00:00,134,5782.05,5750.7303,-6.4814,260.0,HIT/DEFESA,-2.97,5
2024-10-11 09:00:00,34,5779.58,5779.25686,-12.9081,181.1966,HIT/DEFESA,-3.75,5
2024-10-11 09:00:00,134,5779.58,5751.1577,-12.9081,181.1966,HIT/DEFESA,-3.75,5
2024-10-11 13:00:00,34,5779.08,5778.29786,2.1634,112.5,HIT/DEFESA,35.51,5
2024-10-11 13:00:00,134,5779.08,5752.51931,2.1634,112.5,HIT/DEFESA,35.51,5
2024-10-11 14:00:00,34,5775.83,5778.15684,9.5315,189.4545,HIT/DEFESA,30.76,5
2024-10-11 14:00:00,134,5775.83,5752.86465,9.5315,189.4545,HIT/DEFESA,30.76,5
2024-10-11 15:00:00,34,5779.08,5778.20959,13.4284,627.0,HIT/DEFESA,30.26,5
2024-10-11 15:00:00,134,5779.08,5753.25303,13.4284,627.0,HIT/DEFESA,30.26,5
2024-10-11 16:00:00,34,5791.71,5778.98104,21.8547,231.5832,HIT/DEFESA,23.38,5
2024-10-11 16:00:00,134,5791.71,5753.82276,21.8547,231.5832,HIT/DEFESA,23.38,5
2024-10-11 17:00:00,34,5809.09,5780.70156,57.5848,204.1868,HIT/DEFESA,4.0,5
2024-10-11 17:00:00,134,5809.09,5754.64153,57.5848,204.1868,HIT/DEFESA,4.0,5
2024-10-11 19:00:00,34,5806.59,5784.00672,25.6919,223.871,HIT/DEFESA,7.86,5
2024-10-11 19:00:00,134,5806.59,5756.28611,25.6919,223.871,HIT/DEFESA,7.86,5
2024-10-11 20:00:00,34,5809.34,5785.45434,0.4304,472.8,HIT/DEFESA,1.86,5
2024-10-11 20:00:00,134,5809.34,5757.07209,0.4304,472.8,HIT/DEFESA,1.86,5
2024-10-14 01:00:00,34,5814.45,5791.15192,-1.1006,271.6,HIT/DEFESA,-3.0,5
2024-10-14 01:00:00,134,5814.45,5760.29355,-1.1006,271.6,HIT/DEFESA,-3.0,5
2024-10-14 03:00:00,34,5810.95,5793.36338,4.9931,1074.0,HIT/DEFESA,2.0,5
2024-10-14 03:00:00,134,5810.95,5761.78701,4.9931,1074.0,HIT/DEFESA,2.0,5
2024-10-14 06:00:00,34,5811.45,5796.1212,0.8604,445.0,HIT/DEFESA,7.28,5
2024-10-14 06:00:00,134,5811.45,5763.91472,0.8604,445.0,HIT/DEFESA,7.28,5
2024-10-14 07:00:00,34,5811.7,5797.01142,3.873,258.0,HIT/DEFESA,11.28,5
2024-10-14 07:00:00,134,5811.7,5764.62265,3.873,258.0,HIT/DEFESA,11.28,5
2024-10-14 08:00:00,34,5812.95,5797.92219,4.7331,357.5221,HIT/DEFESA,12.53,5
2024-10-14 08:00:00,134,5812.95,5765.33861,4.7331,357.5221,HIT/DEFESA,12.53,5
2024-10-14 09:00:00,34,5814.98,5798.89693,6.0742,278.0899,HIT/DEFESA,9.75,5
2024-10-14 09:00:00,134,5814.98,5766.07403,6.0742,278.0899,HIT/DEFESA,9.75,5
2024-10-14 10:00:00,34,5820.23,5800.11596,14.6773,150.4,HIT/DEFESA,8.75,5
2024-10-14 10:00:00,134,5820.23,5766.87635,14.6773,150.4,HIT/DEFESA,8.75,5
2024-10-14 11:00:00,34,5818.73,5801.17962,9.9433,566.4,HIT/DEFESA,35.51,5
2024-10-14 11:00:00,134,5818.73,5767.64455,9.9433,566.4,HIT/DEFESA,35.51,5
2024-10-14 12:00:00,34,5822.98,5802.42535,13.7576,113.6,HIT/DEFESA,27.01,5
2024-10-14 12:00:00,134,5822.98,5768.46433,13.7576,113.6,HIT/DEFESA,27.01,5
2024-10-14 13:00:00,34,5825.48,5803.74276,9.0203,204.6218,HIT/DEFESA,30.51,5
2024-10-14 13:00:00,134,5825.48,5769.30901,9.0203,204.6218,HIT/DEFESA,30.51,5
2024-10-14 14:00:00,34,5824.73,5804.94203,10.3115,836.0,HIT/DEFESA,35.01,5
2024-10-14 14:00:00,134,5824.73,5770.13006,10.3115,836.0,HIT/DEFESA,35.01,5
2024-10-14 15:00:00,34,5828.98,5806.31563,10.304,122.75,HIT/DEFESA,28.51,5
2024-10-14 15:00:00,134,5828.98,5771.00191,10.304,122.75,HIT/DEFESA,28.51,5
2024-10-14 16:00:00,34,5854.24,5809.05417,49.3693,84.5662,HIT/DEFESA,9.75,5
2024-10-14 16:00:00,134,5854.24,5772.23507,49.3693,84.5662,HIT/DEFESA,9.75,5
2024-10-14 17:00:00,34,5849.99,5811.39336,43.3668,603.1111,HIT/DEFESA,15.0,5
2024-10-14 17:00:00,134,5849.99,5773.38699,43.3668,603.1111,HIT/DEFESA,15.0,5
2024-10-14 18:00:00,34,5855.99,5813.94174,46.3374,389.3913,HIT/DEFESA,13.71,5
2024-10-14 18:00:00,134,5855.99,5774.61074,46.3374,389.3913,HIT/DEFESA,13.71,5
2024-10-14 19:00:00,34,5859.74,5816.55878,9.3949,241.25,HIT/DEFESA,8.09,5
2024-10-14 19:00:00,134,5859.74,5775.87192,9.3949,241.25,HIT/DEFESA,8.09,5
2024-10-14 20:00:00,34,5857.49,5818.89771,12.8205,338.0,HIT/DEFESA,11.59,5
2024-10-14 20:00:00,134,5857.49,5777.08107,12.8205,338.0,HIT/DEFESA,11.59,5
2024-10-14 21:00:00,34,5863.99,5821.47441,13.6612,133.9259,HIT/DEFESA,1.59,5
2024-10-14 21:00:00,134,5863.99,5778.36861,13.6612,133.9259,HIT/DEFESA,1.59,5
2024-10-14 22:00:00,34,5864.99,5823.96101,8.9594,600.0,HIT/DEFESA,4.84,5
2024-10-14 22:00:00,134,5864.99,5779.65189,8.9594,600.0,HIT/DEFESA,4.84,5
2024-10-15 01:00:00,34,5867.83,5828.93212,6.5484,648.0,HIT/DEFESA,2.5,5
2024-10-15 01:00:00,134,5867.83,5782.27252,6.5484,648.0,HIT/DEFESA,2.5,5
2024-10-15 02:00:00,34,5869.08,5831.22628,6.9736,198.2857,HIT/DEFESA,0.5,5
2024-10-15 02:00:00,134,5869.08,5783.55855,6.9736,198.2857,HIT/DEFESA,0.5,5
2024-10-15 05:00:00,34,5868.83,5837.20007,-0.426,458.6667,HIT/DEFESA,-2.97,5
2024-10-15 05:00:00,134,5868.83,5787.26039,-0.426,458.6667,HIT/DEFESA,-2.97,5
2024-10-15 07:00:00,34,5869.58,5840.83531,-0.4259,300.0,HIT/DEFESA,-9.22,5
2024-10-15 07:00:00,134,5869.58,5789.69237,-0.4259,300.0,HIT/DEFESA,-9.22,5
2024-10-15 08:00:00,34,5865.83,5842.26358,-5.1118,139.7143,HIT/DEFESA,-0.97,5
2024-10-15 08:00:00,134,5865.83,5790.82033,-5.1118,139.7143,HIT/DEFESA,-0.97,5
2024-10-15 12:00:00,34,5860.36,5846.58203,-7.2469,684.0,HIT/DEFESA,-19.49,5
2024-10-15 12:00:00,134,5860.36,5795.00077,-7.2469,684.0,HIT/DEFESA,-19.49,5
2024-10-15 13:00:00,34,5864.86,5847.62649,-1.7048,170.3529,HIT/DEFESA,-29.49,5
2024-10-15 13:00:00,134,5864.86,5796.03572,-1.7048,170.3529,HIT/DEFESA,-29.49,5
2024-10-15 16:00:00,34,5863.37,5850.42435,-2.5406,650.1433,HIT/DEFESA,-41.25,5
2024-10-15 16:00:00,134,5863.37,5799.05295,-2.5406,650.1433,HIT/DEFESA,-41.25,5
2024-10-15 17:00:00,34,5840.87,5849.87838,-40.9046,210.5934,HIT/DEFESA,-21.5,5
2024-10-15 17:00:00,134,5840.87,5799.67246,-40.9046,210.5934,HIT/DEFESA,-21.5,5
2024-10-15 18:00:00,34,5835.37,5849.04933,-53.2505,785.9048,HIT/DEFESA,-18.29,5
2024-10-15 18:00:00,134,5835.37,5800.20131,-53.2505,785.9048,HIT/DEFESA,-18.29,5
2024-10-15 19:00:00,34,5839.37,5848.49623,-40.9321,629.6,HIT/DEFESA,-19.48,5
2024-10-15 19:00:00,134,5839.37,5800.78159,-40.9321,629.6,HIT/DEFESA,-19.48,5
2024-10-15 20:00:00,34,5831.12,5847.5033,-16.6927,256.875,HIT/DEFESA,-10.98,5
2024-10-15 20:00:00,134,5831.12,5801.23105,-16.6927,256.875,HIT/DEFESA,-10.98,5
2024-10-15 21:00:00,34,5822.12,5846.05283,-22.7064,210.7027,HIT/DEFESA,-1.48,5
2024-10-15 21:00:00,134,5822.12,5801.54052,-22.7064,210.7027,HIT/DEFESA,-1.48,5
2024-10-16 02:00:00,34,5820.14,5840.41272,1.3232,4641.6667,HIT/DEFESA,4.75,5
2024-10-16 02:00:00,134,5820.14,5802.5599,1.3232,4641.6667,HIT/DEFESA,4.75,5
2024-10-16 03:00:00,34,5820.64,5839.28285,6.1199,3452.0,HIT/DEFESA,3.5,5
2024-10-16 03:00:00,134,5820.64,5802.82775,6.1199,3452.0,HIT/DEFESA,3.5,5
2024-10-16 10:00:00,34,5822.67,5833.91556,-3.8112,1489.6,HIT/DEFESA,-2.5,5
2024-10-16 10:00:00,134,5822.67,5804.8709,-3.8112,1489.6,HIT/DEFESA,-2.5,5
2024-10-16 11:00:00,34,5819.67,5833.10152,-7.675,435.6923,HIT/DEFESA,-7.49,5
2024-10-16 11:00:00,134,5819.67,5805.09014,-7.675,435.6923,HIT/DEFESA,-7.49,5
2024-10-16 12:00:00,34,5821.92,5832.46258,1.2884,414.0,HIT/DEFESA,0.26,5
2024-10-16 12:00:00,134,5821.92,5805.33947,1.2884,414.0,HIT/DEFESA,0.26,5
2024-10-16 14:00:00,34,5825.17,5831.50479,9.4507,232.2917,HIT/DEFESA,10.01,5
2024-10-16 14:00:00,134,5825.17,5805.88255,9.4507,232.2917,HIT/DEFESA,10.01,5
2024-10-16 18:00:00,34,5823.43,5829.01641,5.6012,3140.0,HIT/DEFESA,17.46,5
2024-10-16 18:00:00,134,5823.43,5806.67333,5.6012,3140.0,HIT/DEFESA,17.46,5
2024-10-16 19:00:00,34,5835.18,5829.36861,39.5721,102.5,HIT/DEFESA,4.77,5
2024-10-16 19:00:00,134,5835.18,5807.09565,39.5721,102.5,HIT/DEFESA,4.77,5
2024-10-17 01:00:00,34,5839.95,5832.44022,-9.3748,524.1379,HIT/DEFESA,-7.75,5
2024-10-17 01:00:00,134,5839.95,5809.56437,-9.3748,524.1379,HIT/DEFESA,-7.75,5
2024-10-17 02:00:00,34,5836.7,5832.68364,-11.0899,106.0897,HIT/DEFESA,-5.25,5
2024-10-17 02:00:00,134,5836.7,5809.96638,-11.0899,106.0897,HIT/DEFESA,-5.25,5
2024-10-17 08:00:00,34,5838.45,5833.27798,8.5713,94.069,HIT/DEFESA,33.03,5
2024-10-17 08:00:00,134,5838.45,5812.08455,8.5713,94.069,HIT/DEFESA,33.03,5
2024-10-17 09:00:00,34,5850.73,5834.27524,31.7719,142.6434,HIT/DEFESA,17.75,5
2024-10-17 09:00:00,134,5850.73,5812.65708,31.7719,142.6434,HIT/DEFESA,17.75,5
2024-10-17 10:00:00,34,5855.98,5835.51551,42.065,357.0632,HIT/DEFESA,20.75,5
2024-10-17 10:00:00,134,5855.98,5813.2989,42.065,357.0632,HIT/DEFESA,20.75,5
2024-10-17 16:00:00,34,5861.61,5845.42135,-16.8101,301.2008,HIT/DEFESA,-7.37,5
2024-10-17 16:00:00,134,5861.61,5818.05601,-16.8101,301.2008,HIT/DEFESA,-7.37,5
2024-10-17 17:00:00,34,5851.99,5845.7967,-28.0993,581.3,HIT/DEFESA,-8.25,5
2024-10-17 17:00:00,134,5851.99,5818.55874,-28.0993,581.3,HIT/DEFESA,-8.25,5
2024-10-17 18:00:00,34,5868.24,5847.07917,-14.4468,190.6875,HIT/DEFESA,-21.79,5
2024-10-17 18:00:00,134,5868.24,5819.29476,-14.4468,190.6875,HIT/DEFESA,-21.79,5
2024-10-17 21:00:00,34,5854.24,5849.34973,-23.8572,253.9512,HIT/DEFESA,-11.5,5
2024-10-17 21:00:00,134,5854.24,5821.13281,-23.8572,253.9512,HIT/DEFESA,-11.5,5
2024-10-17 23:00:00,34,5846.45,5848.8818,-31.1864,333.9367,HIT/DEFESA,-1.71,5
2024-10-17 23:00:00,134,5846.45,5821.83784,-31.1864,333.9367,HIT/DEFESA,-1.71,5
2024-10-18 01:00:00,34,5850.36,5848.96627,-6.6277,127.003,HIT/DEFESA,-7.62,5
2024-10-18 01:00:00,134,5850.36,5822.26039,-6.6277,127.003,HIT/DEFESA,-7.62,5
2024-10-18 08:00:00,34,5846.74,5847.67553,3.4219,238.9091,HIT/DEFESA,8.78,5
2024-10-18 08:00:00,134,5846.74,5824.53612,3.4219,238.9091,HIT/DEFESA,8.78,5
2024-10-18 09:00:00,34,5847.77,5847.68092,8.609,723.0769,HIT/DEFESA,9.75,5
2024-10-18 09:00:00,134,5847.77,5824.88033,8.609,723.0769,HIT/DEFESA,9.75,5
2024-10-18 10:00:00,34,5855.52,5848.12887,19.9526,71.0667,HIT/DEFESA,3.25,5
2024-10-18 10:00:00,134,5855.52,5825.33425,19.9526,71.0667,HIT/DEFESA,3.25,5
2024-10-18 12:00:00,34,5852.89,5848.81262,8.7555,190.0958,HIT/DEFESA,0.64,5
2024-10-18 12:00:00,134,5852.89,5826.1867,8.7555,190.0958,HIT/DEFESA,0.64,5
2024-10-18 14:00:00,34,5857.52,5849.67156,2.9885,313.0252,HIT/DEFESA,9.01,5
2024-10-18 14:00:00,134,5857.52,5827.07903,2.9885,313.0252,HIT/DEFESA,9.01,5
2024-10-18 15:00:00,34,5858.77,5850.19147,10.0463,909.3333,HIT/DEFESA,6.76,5
2024-10-18 15:00:00,134,5858.77,5827.54852,10.0463,909.3333,HIT/DEFESA,6.76,5
2024-10-18 19:00:00,34,5866.53,5851.80657,25.206,152.875,HIT/DEFESA,7.88,5
2024-10-18 19:00:00,134,5866.53,5829.29142,25.206,152.875,HIT/DEFESA,7.88,5
2024-10-18 20:00:00,34,5865.53,5852.59077,20.5005,1734.6667,HIT/DEFESA,8.75,5
2024-10-18 20:00:00,134,5865.53,5829.82829,20.5005,1734.6667,HIT/DEFESA,8.75,5
2024-10-18 21:00:00,34,5868.03,5853.47301,16.6431,496.3636,HIT/DEFESA,5.5,5
2024-10-18 21:00:00,134,5868.03,5830.39424,16.6431,496.3636,HIT/DEFESA,5.5,5
2024-10-18 23:00:00,34,5866.24,5854.81174,1.2105,160.2339,HIT/DEFESA,3.92,5
2024-10-18 23:00:00,134,5866.24,5831.42716,1.2105,160.2339,HIT/DEFESA,3.92,5
2024-10-21 04:00:00,34,5872.66,5858.76778,-2.979,910.6667,HIT/DEFESA,-11.22,5
2024-10-21 04:00:00,134,5872.66,5833.8776,-2.979,910.6667,HIT/DEFESA,-11.22,5
2024-10-21 05:00:00,34,5870.16,5859.41877,-7.0136,192.3664,HIT/DEFESA,-6.72,5
2024-10-21 05:00:00,134,5870.16,5834.41512,-7.0136,192.3664,HIT/DEFESA,-6.72,5
2024-10-21 06:00:00,34,5868.91,5859.96112,-7.8658,212.6667,HIT/DEFESA,-3.97,5
2024-10-21 06:00:00,134,5868.91,5834.92616,-7.8658,212.6667,HIT/DEFESA,-3.97,5
2024-10-21 07:00:00,34,5866.66,5860.34392,-10.2168,93.8679,HIT/DEFESA,-8.72,5
2024-10-21 07:00:00,134,5866.66,5835.39629,-10.2168,93.8679,HIT/DEFESA,-8.72,5
2024-10-21 08:00:00,34,5863.41,5860.51912,-11.4988,193.3333,HIT/DEFESA,-15.22,5
2024-10-21 08:00:00,134,5863.41,5835.81131,-11.4988,193.3333,HIT/DEFESA,-15.22,5
2024-10-21 09:00:00,34,5861.44,5860.57174,-12.7281,364.5349,HIT/DEFESA,-15.25,5
2024-10-21 09:00:00,134,5861.44,5836.19099,-12.7281,364.5349,HIT/DEFESA,-15.25,5
2024-10-21 10:00:00,34,5863.44,5860.73564,-5.4886,568.5714,HIT/DEFESA,-10.0,5
2024-10-21 10:00:00,134,5863.44,5836.59468,-5.4886,568.5714,HIT/DEFESA,-10.0,5
2024-10-21 12:00:00,34,5857.94,5860.80241,-5.9712,118.0495,HIT/DEFESA,-11.99,5
2024-10-21 12:00:00,134,5857.94,5837.32462,-5.9712,118.0495,HIT/DEFESA,-11.99,5
2024-10-21 13:00:00,34,5848.19,5860.0817,-26.0086,114.9474,HIT/DEFESA,-4.74,5
2024-10-21 13:00:00,134,5848.19,5837.48558,-26.0086,114.9474,HIT/DEFESA,-4.74,5
2024-10-21 15:00:00,34,5853.44,5858.95373,-7.6819,137.7143,HIT/DEFESA,-0.24,5
2024-10-21 15:00:00,134,5853.44,5837.84899,-7.6819,137.7143,HIT/DEFESA,-0.24,5
2024-10-21 20:00:00,34,5853.2,5856.76354,12.4017,301.6842,HIT/DEFESA,4.07,5
2024-10-21 20:00:00,134,5853.2,5838.75597,12.4017,301.6842,HIT/DEFESA,4.07,5
2024-10-21 21:00:00,34,5844.45,5856.05991,1.7113,175.2222,HIT/DEFESA,5.07,5
2024-10-21 21:00:00,134,5844.45,5838.84033,1.7113,175.2222,HIT/DEFESA,5.07,5
2024-10-22 02:00:00,34,5857.27,5856.58277,-1.5875,461.2903,HIT/DEFESA,-13.25,5
2024-10-22 02:00:00,134,5857.27,5839.98484,-1.5875,461.2903,HIT/DEFESA,-13.25,5
2024-10-22 03:00:00,34,5849.52,5856.17918,-19.8595,116.1333,HIT/DEFESA,-4.75,5
2024-10-22 03:00:00,134,5849.52,5840.1261,-19.8595,116.1333,HIT/DEFESA,-4.75,5
2024-10-22 04:00:00,34,5849.02,5855.77009,-14.9374,3416.2162,HIT/DEFESA,-4.47,5
2024-10-22 04:00:00,134,5849.02,5840.25786,-14.9374,3416.2162,HIT/DEFESA,-4.47,5
2024-10-22 05:00:00,34,5846.64,5855.24837,-18.1484,309.8592,HIT/DEFESA,-2.59,5
2024-10-22 05:00:00,134,5846.64,5840.35241,-18.1484,309.8592,HIT/DEFESA,-2.59,5
2024-10-22 06:00:00,34,5847.27,5854.79246,-3.8465,896.0,HIT/DEFESA,-9.97,5
2024-10-22 06:00:00,134,5847.27,5840.45489,-3.8465,896.0,HIT/DEFESA,-9.97,5
2024-10-22 07:00:00,34,5844.02,5854.17689,-8.5484,90.8571,HIT/DEFESA,-16.72,5
2024-10-22 07:00:00,134,5844.02,5840.50771,-8.5484,90.8571,HIT/DEFESA,-16.72,5
2024-10-22 08:00:00,34,5844.77,5853.63936,-3.1984,1352.0,HIT/DEFESA,-16.47,5
2024-10-22 08:00:00,134,5844.77,5840.57085,-3.1984,1352.0,HIT/DEFESA,-16.47,5
2024-10-22 09:00:00,34,5844.55,5853.11996,-4.6517,1521.2766,HIT/DEFESA,-13.5,5
2024-10-22 09:00:00,134,5844.55,5840.6298,-4.6517,1521.2766,HIT/DEFESA,-13.5,5
2024-10-22 11:00:00,34,5837.3,5851.7273,-12.7807,221.8462,HIT/DEFESA,-4.24,5
2024-10-22 11:00:00,134,5837.3,5840.63039,-12.7807,221.8462,HIT/DEFESA,-4.24,5
2024-10-22 15:00:00,34,5829.3,5846.97165,3.4321,565.5,HIT/DEFESA,31.26,5
2024-10-22 15:00:00,134,5829.3,5839.95657,3.4321,565.5,HIT/DEFESA,31.26,5
2024-10-22 16:00:00,34,5833.06,5846.1767,8.167,902.5641,HIT/DEFESA,18.0,5
2024-10-22 16:00:00,134,5833.06,5839.85439,8.167,902.5641,HIT/DEFESA,18.0,5
2024-10-22 17:00:00,34,5840.06,5845.82717,15.4518,559.7037,HIT/DEFESA,14.5,5
2024-10-22 17:00:00,134,5840.06,5839.85744,15.4518,559.7037,HIT/DEFESA,14.5,5
2024-10-22 18:00:00,34,5840.56,5845.52619,19.3162,8184.0,HIT/DEFESA,9.21,5
2024-10-22 18:00:00,134,5840.56,5839.86785,19.3162,8184.0,HIT/DEFESA,9.21,5
2024-10-22 19:00:00,34,5846.31,5845.57098,22.7154,322.0,HIT/DEFESA,0.5,5
2024-10-22 19:00:00,134,5846.31,5839.96329,22.7154,322.0,HIT/DEFESA,0.5,5
2024-10-23 02:00:00,34,5852.56,5847.56704,-3.4161,80.6667,HIT/DEFESA,-2.0,5
2024-10-23 02:00:00,134,5852.56,5841.03569,-3.4161,80.6667,HIT/DEFESA,-2.0,5
2024-10-23 08:00:00,34,5849.06,5847.99532,-2.1366,216.0,HIT/DEFESA,-8.72,5
2024-10-23 08:00:00,134,5849.06,5841.71259,-2.1366,216.0,HIT/DEFESA,-8.72,5
2024-10-23 09:00:00,34,5848.09,5848.00073,-1.6584,204.0984,HIT/DEFESA,-6.75,5
2024-10-23 09:00:00,134,5848.09,5841.80707,-1.6584,204.0984,HIT/DEFESA,-6.75,5
2024-10-23 11:00:00,34,5845.34,5847.98819,-6.36,117.2,HIT/DEFESA,-12.49,5
2024-10-23 11:00:00,134,5845.34,5841.9876,-6.36,117.2,HIT/DEFESA,-12.49,5
2024-10-23 12:00:00,34,5844.34,5847.77972,-6.4124,854.023,HIT/DEFESA,-19.49,5
2024-10-23 12:00:00,134,5844.34,5842.02245,-6.4124,854.023,HIT/DEFESA,-19.49,5
2024-10-23 13:00:00,34,5840.34,5847.35459,-17.5196,183.7209,HIT/DEFESA,-21.99,5
2024-10-23 13:00:00,134,5840.34,5841.99753,-17.5196,183.7209,HIT/DEFESA,-21.99,5
2024-10-23 14:00:00,34,5841.34,5847.0109,-6.8431,715.2,HIT/DEFESA,-40.24,5
2024-10-23 14:00:00,134,5841.34,5841.98779,-6.8431,715.2,HIT/DEFESA,-40.24,5
2024-10-23 15:00:00,34,5834.59,5846.30114,-16.6828,134.1429,HIT/DEFESA,-55.49,5
2024-10-23 15:00:00,134,5834.59,5841.87819,-16.6828,134.1429,HIT/DEFESA,-55.49,5
2024-10-23 16:00:00,34,5832.85,5845.5325,-12.8246,1717.4497,HIT/DEFESA,-41.0,5
2024-10-23 16:00:00,134,5832.85,5841.74444,-12.8246,1717.4497,HIT/DEFESA,-41.0,5
2024-10-23 17:00:00,34,5824.85,5844.35064,-28.2298,500.1271,HIT/DEFESA,-25.25,5
2024-10-23 17:00:00,134,5824.85,5841.49415,-28.2298,500.1271,HIT/DEFESA,-25.25,5
2024-10-23 18:00:00,34,5818.35,5842.86489,-27.834,493.12,HIT/DEFESA,-13.29,5
2024-10-23 18:00:00,134,5818.35,5841.15127,-27.834,493.12,HIT/DEFESA,-13.29,5
2024-10-23 23:00:00,34,5805.06,5830.84196,44.9205,258.7332,HIT/DEFESA,10.12,5
2024-10-23 23:00:00,134,5805.06,5837.86324,44.9205,258.7332,HIT/DEFESA,10.12,5
2024-10-24 01:00:00,34,5805.68,5829.40413,23.8784,318.7166,HIT/DEFESA,7.25,5
2024-10-24 01:00:00,134,5805.68,5837.38645,23.8784,318.7166,HIT/DEFESA,7.25,5
2024-10-24 02:00:00,34,5806.18,5828.07704,11.3456,613.3333,HIT/DEFESA,6.5,5
2024-10-24 02:00:00,134,5806.18,5836.92413,11.3456,613.3333,HIT/DEFESA,6.5,5
2024-10-24 05:00:00,34,5815.18,5825.90846,15.5007,379.2553,HIT/DEFESA,10.03,5
2024-10-24 05:00:00,134,5815.18,5835.95003,15.5007,379.2553,HIT/DEFESA,10.03,5
2024-10-24 09:00:00,34,5812.96,5823.16223,0.0516,1520.7547,HIT/DEFESA,17.87,5
2024-10-24 09:00:00,134,5812.96,5834.60909,0.0516,1520.7547,HIT/DEFESA,17.87,5
2024-10-24 10:00:00,34,5825.21,5823.27924,21.5563,106.5,HIT/DEFESA,0.75,5
2024-10-24 10:00:00,134,5825.21,5834.46985,21.5563,106.5,HIT/DEFESA,0.75,5
2024-10-24 16:00:00,34,5813.97,5823.57107,-19.7238,297.9557,HIT/DEFESA,-5.5,5
2024-10-24 16:00:00,134,5813.97,5833.61235,-19.7238,297.9557,HIT/DEFESA,-5.5,5
2024-10-24 21:00:00,34,5808.47,5819.22747,13.3604,684.0,HIT/DEFESA,8.54,5
2024-10-24 21:00:00,134,5808.47,5831.66153,13.3604,684.0,HIT/DEFESA,8.54,5
2024-10-24 22:00:00,34,5812.72,5818.85561,6.0249,430.8889,HIT/DEFESA,2.79,5
2024-10-24 22:00:00,134,5812.72,5831.38092,6.0249,430.8889,HIT/DEFESA,2.79,5
2024-10-24 23:00:00,34,5814.68,5818.61701,15.8643,211.7647,HIT/DEFESA,1.83,5
2024-10-24 23:00:00,134,5814.68,5831.13349,15.8643,211.7647,HIT/DEFESA,1.83,5
2024-10-25 05:00:00,34,5816.51,5817.88866,3.0096,246.4,HIT/DEFESA,8.28,5
2024-10-25 05:00:00,134,5816.51,5830.02528,3.0096,246.4,HIT/DEFESA,8.28,5
2024-10-25 09:00:00,34,5813.79,5816.70083,4.3536,18233.3333,HIT/DEFESA,15.0,5
2024-10-25 09:00:00,134,5813.79,5828.99008,4.3536,18233.3333,HIT/DEFESA,15.0,5
2024-10-25 10:00:00,34,5824.79,5817.16306,25.4389,103.9111,HIT/DEFESA,10.75,5
2024-10-25 10:00:00,134,5824.79,5828.92785,25.4389,103.9111,HIT/DEFESA,10.75,5
2024-10-25 11:00:00,34,5822.29,5817.45603,15.1028,483.5,HIT/DEFESA,30.38,5
2024-10-25 11:00:00,134,5822.29,5828.82951,15.1028,483.5,HIT/DEFESA,30.38,5
2024-10-25 12:00:00,34,5826.79,5817.9894,22.3606,123.5294,HIT/DEFESA,27.76,5
2024-10-25 12:00:00,134,5826.79,5828.7993,22.3606,123.5294,HIT/DEFESA,27.76,5
2024-10-25 13:00:00,34,5826.04,5818.44944,2.146,690.0,HIT/DEFESA,14.51,5
2024-10-25 13:00:00,134,5826.04,5828.75842,2.146,690.0,HIT/DEFESA,14.51,5
2024-10-25 14:00:00,34,5828.79,5819.04032,11.164,163.6667,HIT/DEFESA,10.51,5
2024-10-25 14:00:00,134,5828.79,5828.75889,11.164,163.6667,HIT/DEFESA,10.51,5
2024-10-25 19:00:00,34,5839.3,5825.5166,-22.8443,1758.0,HIT/DEFESA,-0.21,5
2024-10-25 19:00:00,134,5839.3,5829.89137,-22.8443,1758.0,HIT/DEFESA,-0.21,5
2024-10-28 02:00:00,34,5837.34,5824.26614,48.2674,420.0,HIT/DEFESA,8.5,5
2024-10-28 02:00:00,134,5837.34,5829.09718,48.2674,420.0,HIT/DEFESA,8.5,5
2024-10-28 07:00:00,34,5845.84,5828.89054,5.9908,73.2857,HIT/DEFESA,3.53,5
2024-10-28 07:00:00,134,5845.84,5830.05073,5.9908,73.2857,HIT/DEFESA,3.53,5
2024-10-28 09:00:00,34,5838.62,5829.84787,-0.8049,232.8063,HIT/DEFESA,-1.5,5
2024-10-28 09:00:00,134,5838.62,5830.26948,-0.8049,232.8063,HIT/DEFESA,-1.5,5
2024-10-28 14:00:00,34,5837.12,5833.38826,-18.8095,163.6522,HIT/DEFESA,-5.74,5
2024-10-28 14:00:00,134,5837.12,5831.24795,-18.8095,163.6522,HIT/DEFESA,-5.74,5
2024-10-28 15:00:00,34,5846.12,5834.11579,-5.5562,123.2,HIT/DEFESA,-7.99,5
2024-10-28 15:00:00,134,5846.12,5831.46827,-5.5562,123.2,HIT/DEFESA,-7.99,5
2024-10-28 16:00:00,34,5836.13,5834.23089,-11.9628,331.6222,HIT/DEFESA,-3.75,5
2024-10-28 16:00:00,134,5836.13,5831.53734,-11.9628,331.6222,HIT/DEFESA,-3.75,5
2024-10-28 19:00:00,34,5831.38,5834.19827,-8.139,2002.4,HIT/DEFESA,-3.16,5
2024-10-28 19:00:00,134,5831.38,5831.65245,-8.139,2002.4,HIT/DEFESA,-3.16,5
2024-10-28 20:00:00,34,5838.13,5834.42294,-4.7082,275.4286,HIT/DEFESA,-9.16,5
2024-10-28 20:00:00,134,5838.13,5831.74842,-4.7082,275.4286,HIT/DEFESA,-9.16,5
2024-10-28 22:00:00,34,5829.13,5834.01042,-3.8584,884.4444,HIT/DEFESA,-1.66,5
2024-10-28 22:00:00,134,5829.13,5831.71884,-3.8584,884.4444,HIT/DEFESA,-1.66,5
2024-10-28 23:00:00,34,5831.34,5833.85782,-11.6304,168.3673,HIT/DEFESA,-4.37,5
2024-10-28 23:00:00,134,5831.34,5831.71323,-11.6304,168.3673,HIT/DEFESA,-4.37,5
2024-10-29 01:00:00,34,5828.22,5833.53566,-7.1326,96.5,HIT/DEFESA,-8.75,5
2024-10-29 01:00:00,134,5828.22,5831.66148,-7.1326,96.5,HIT/DEFESA,-8.75,5
2024-10-29 02:00:00,34,5828.97,5833.27477,-0.2745,588.0,HIT/DEFESA,-4.0,5
2024-10-29 02:00:00,134,5828.97,5831.62161,-0.2745,588.0,HIT/DEFESA,-4.0,5
2024-10-29 03:00:00,34,5828.47,5833.00021,-4.9217,462.0438,HIT/DEFESA,-1.25,5
2024-10-29 03:00:00,134,5828.47,5831.57492,-4.9217,462.0438,HIT/DEFESA,-1.25,5
2024-10-29 17:00:00,34,5835.51,5829.53157,24.4965,278.3014,HIT/DEFESA,3.5,5
2024-10-29 17:00:00,134,5835.51,5830.68659,24.4965,278.3014,HIT/DEFESA,3.5,5
2024-10-29 18:00:00,34,5835.26,5829.85891,30.0975,6032.0,HIT/DEFESA,11.71,5
2024-10-29 18:00:00,134,5835.26,5830.75434,30.0975,6032.0,HIT/DEFESA,11.71,5
2024-10-29 19:00:00,34,5841.26,5830.5104,35.4429,386.56,HIT/DEFESA,13.56,5
2024-10-29 19:00:00,134,5841.26,5830.90998,35.4429,386.56,HIT/DEFESA,13.56,5
2024-10-29 20:00:00,34,5841.01,5831.11038,9.4251,4428.0,HIT/DEFESA,11.81,5
2024-10-29 20:00:00,134,5841.01,5831.05961,9.4251,4428.0,HIT/DEFESA,11.81,5
2024-10-29 21:00:00,34,5846.01,5831.96178,18.4225,302.5263,HIT/DEFESA,12.81,5
2024-10-29 21:00:00,134,5846.01,5831.2811,18.4225,302.5263,HIT/DEFESA,12.81,5
2024-10-29 23:00:00,34,5846.97,5833.19914,10.2037,325.8106,HIT/DEFESA,6.35,5
2024-10-29 23:00:00,134,5846.97,5831.62633,10.2037,325.8106,HIT/DEFESA,6.35,5
2024-10-30 06:00:00,34,5849.82,5839.64446,-15.3615,151.2,HIT/DEFESA,-0.97,5
2024-10-30 06:00:00,134,5849.82,5833.625,-15.3615,151.2,HIT/DEFESA,-0.97,5
2024-10-30 08:00:00,34,5844.32,5840.23088,-15.3759,304.0,HIT/DEFESA,-1.72,5
2024-10-30 08:00:00,134,5844.32,5833.95778,-15.3759,304.0,HIT/DEFESA,-1.72,5
2024-10-30 12:00:00,34,5850.72,5842.35713,-2.7852,413.5021,HIT/DEFESA,-5.36,5
2024-10-30 12:00:00,134,5850.72,5834.91066,-2.7852,413.5021,HIT/DEFESA,-5.36,5
2024-10-30 15:00:00,34,5837.1,5841.96092,-23.2792,539.0,HIT/DEFESA,-9.74,5
2024-10-30 15:00:00,134,5837.1,5835.13305,-23.2792,539.0,HIT/DEFESA,-9.74,5
2024-10-30 16:00:00,34,5839.73,5841.83344,-4.9122,1287.5,HIT/DEFESA,-6.62,5
2024-10-30 16:00:00,134,5839.73,5835.20115,-4.9122,1287.5,HIT/DEFESA,-6.62,5
2024-10-30 20:00:00,34,5827.36,5841.72339,-30.7937,196.5,HIT/DEFESA,-26.59,5
2024-10-30 20:00:00,134,5827.36,5835.57636,-30.7937,196.5,HIT/DEFESA,-26.59,5
2024-10-30 21:00:00,34,5833.11,5841.2312,-33.7442,386.4762,HIT/DEFESA,-32.34,5
2024-10-30 21:00:00,134,5833.11,5835.53982,-33.7442,386.4762,HIT/DEFESA,-32.34,5
2024-10-30 22:00:00,34,5820.86,5840.06713,-35.521,256.1667,HIT/DEFESA,-19.09,5
2024-10-30 22:00:00,134,5820.86,5835.32234,-35.521,256.1667,HIT/DEFESA,-19.09,5
2024-10-30 23:00:00,34,5813.57,5838.55301,-23.6642,532.3607,HIT/DEFESA,-14.05,5
2024-10-30 23:00:00,134,5813.57,5835.00008,-23.6642,532.3607,HIT/DEFESA,-14.05,5
2024-10-31 01:00:00,34,5804.02,5836.57969,-49.8705,270.7826,HIT/DEFESA,-7.0,5
2024-10-31 01:00:00,134,5804.02,5834.54112,-49.8705,270.7826,HIT/DEFESA,-7.0,5
2024-10-31 02:00:00,34,5800.77,5834.53343,-34.5138,244.0,HIT/DEFESA,-6.0,5
2024-10-31 02:00:00,134,5800.77,5834.0408,-34.5138,244.0,HIT/DEFESA,-6.0,5
2024-10-31 03:00:00,34,5800.77,5832.60409,-22.0175,5200.0,HIT/DEFESA,-9.0,5
2024-10-31 03:00:00,134,5800.77,5833.5479,-22.0175,5200.0,HIT/DEFESA,-9.0,5
2024-10-31 04:00:00,34,5801.77,5830.84214,-3.8766,707.9545,HIT/DEFESA,-18.22,5
2024-10-31 04:00:00,134,5801.77,5833.07712,-3.8766,707.9545,HIT/DEFESA,-18.22,5
2024-10-31 05:00:00,34,5799.52,5829.0523,-2.1549,245.7547,HIT/DEFESA,-23.22,5
2024-10-31 05:00:00,134,5799.52,5832.57998,-2.1549,245.7547,HIT/DEFESA,-23.22,5
2024-10-31 06:00:00,34,5797.02,5827.22189,-6.4647,170.9091,HIT/DEFESA,-22.72,5
2024-10-31 06:00:00,134,5797.02,5832.05316,-6.4647,170.9091,HIT/DEFESA,-22.72,5
2024-10-31 07:00:00,34,5794.77,5825.36749,-12.0653,174.0566,HIT/DEFESA,-19.22,5
2024-10-31 07:00:00,134,5794.77,5831.50082,-12.0653,174.0566,HIT/DEFESA,-19.22,5
2024-10-31 08:00:00,34,5791.77,5823.44764,-13.3632,149.2308,HIT/DEFESA,-13.72,5
2024-10-31 08:00:00,134,5791.77,5830.91222,-13.3632,149.2308,HIT/DEFESA,-13.72,5
2024-10-31 11:00:00,34,5774.3,5816.07225,-30.1635,1029.7143,HIT/DEFESA,-17.24,5
2024-10-31 11:00:00,134,5774.3,5828.59541,-30.1635,1029.7143,HIT/DEFESA,-17.24,5
2024-10-31 12:00:00,34,5775.55,5813.75669,-13.8323,673.3333,HIT/DEFESA,-45.24,5
2024-10-31 12:00:00,134,5775.55,5827.80955,-13.8323,673.3333,HIT/DEFESA,-45.24,5
2024-10-31 16:00:00,34,5757.06,5805.67899,-36.3271,178.9516,HIT/DEFESA,-31.5,5
2024-10-31 16:00:00,134,5757.06,5824.78463,-36.3271,178.9516,HIT/DEFESA,-31.5,5
2024-10-31 17:00:00,34,5730.31,5801.37219,-95.4793,190.0633,HIT/DEFESA,-25.5,5
2024-10-31 17:00:00,134,5730.31,5823.385,-95.4793,190.0633,HIT/DEFESA,-25.5,5
2024-10-31 18:00:00,34,5728.31,5797.19721,-93.3711,2290.8571,HIT/DEFESA,-23.54,5
2024-10-31 18:00:00,134,5728.31,5821.97648,-93.3711,2290.8571,HIT/DEFESA,-23.54,5
2024-10-31 19:00:00,34,5732.31,5793.48937,-42.9907,683.7647,HIT/DEFESA,-16.65,5
2024-10-31 19:00:00,134,5732.31,5820.64809,-42.9907,683.7647,HIT/DEFESA,-16.65,5
2024-10-31 20:00:00,34,5722.81,5789.45055,-13.0883,269.6216,HIT/DEFESA,-10.53,5
2024-10-31 20:00:00,134,5722.81,5819.19864,-13.0883,269.6216,HIT/DEFESA,-10.53,5
2024-10-31 21:00:00,34,5725.56,5785.79966,-4.8007,1174.8,HIT/DEFESA,-12.4,5
2024-10-31 21:00:00,134,5725.56,5817.8114,-4.8007,1174.8,HIT/DEFESA,-12.4,5
2024-11-01 02:00:00,34,5712.28,5769.82429,13.0942,271.5655,HIT/DEFESA,5.13,5
2024-11-01 02:00:00,134,5712.28,5811.53082,13.0942,271.5655,HIT/DEFESA,5.13,5
2024-11-01 03:00:00,34,5713.16,5766.58633,14.707,389.0909,HIT/DEFESA,9.75,5
2024-11-01 03:00:00,134,5713.16,5810.07347,14.707,389.0909,HIT/DEFESA,9.75,5
2024-11-01 05:00:00,34,5713.41,5760.52104,1.9782,334.9091,HIT/DEFESA,6.03,5
2024-11-01 05:00:00,134,5713.41,5807.1868,1.9782,334.9091,HIT/DEFESA,6.03,5
2024-11-01 06:00:00,34,5717.66,5758.07184,7.8766,106.8493,HIT/DEFESA,5.78,5
2024-11-01 06:00:00,134,5717.66,5805.86047,7.8766,106.8493,HIT/DEFESA,5.78,5
2024-11-01 07:00:00,34,5717.41,5755.7483,12.2583,594.0,HIT/DEFESA,7.78,5
2024-11-01 07:00:00,134,5717.41,5804.5501,12.2583,594.0,HIT/DEFESA,7.78,5
2024-11-01 08:00:00,34,5722.91,5753.87183,16.6275,114.8571,HIT/DEFESA,7.28,5
2024-11-01 08:00:00,134,5722.91,5803.34061,16.6275,114.8571,HIT/DEFESA,7.28,5
2024-11-01 10:00:00,34,5719.44,5749.86062,3.5506,271.3018,HIT/DEFESA,16.5,5
2024-11-01 10:00:00,134,5719.44,5800.822,3.5506,271.3018,HIT/DEFESA,16.5,5
2024-11-01 11:00:00,34,5723.44,5748.35087,0.9261,362.1176,HIT/DEFESA,25.38,5
2024-11-01 11:00:00,134,5723.44,5799.6756,0.9261,362.1176,HIT/DEFESA,25.38,5
2024-11-01 12:00:00,34,5725.19,5747.02739,16.1828,461.0,HIT/DEFESA,36.26,5
2024-11-01 12:00:00,134,5725.19,5798.57211,16.1828,461.0,HIT/DEFESA,36.26,5
2024-11-01 13:00:00,34,5730.19,5746.06526,18.7955,118.8525,HIT/DEFESA,23.26,5
2024-11-01 13:00:00,134,5730.19,5797.55904,18.7955,118.8525,HIT/DEFESA,23.26,5
2024-11-01 14:00:00,34,5730.94,5745.20096,13.104,579.0,HIT/DEFESA,15.51,5
2024-11-01 14:00:00,134,5730.94,5796.57209,13.104,579.0,HIT/DEFESA,15.51,5
2024-11-01 19:00:00,34,5746.45,5746.29732,-4.1226,490.5185,HIT/DEFESA,-24.84,5
2024-11-01 19:00:00,134,5746.45,5793.17248,-4.1226,490.5185,HIT/DEFESA,-24.84,5
2024-11-01 20:00:00,34,5732.7,5745.52033,-49.9006,272.7857,HIT/DEFESA,-11.46,5
2024-11-01 20:00:00,134,5732.7,5792.27659,-49.9006,272.7857,HIT/DEFESA,-11.46,5
2024-11-01 21:00:00,34,5737.95,5745.08774,-26.9404,588.5455,HIT/DEFESA,-6.71,5
2024-11-01 21:00:00,134,5737.95,5791.47176,-26.9404,588.5455,HIT/DEFESA,-6.71,5
2024-11-04 03:00:00,34,5731.24,5740.20311,3.6305,83.4008,HIT/DEFESA,14.75,5
2024-11-04 03:00:00,134,5731.24,5786.75617,3.6305,83.4008,HIT/DEFESA,14.75,5
2024-11-04 07:00:00,34,5743.74,5740.57166,10.4571,446.6667,HIT/DEFESA,1.03,5
2024-11-04 07:00:00,134,5743.74,5784.15321,10.4571,446.6667,HIT/DEFESA,1.03,5
2024-11-04 10:00:00,34,5735.77,5740.1926,-13.876,969.9531,HIT/DEFESA,-1.75,5
2024-11-04 10:00:00,134,5735.77,5782.14866,-13.876,969.9531,HIT/DEFESA,-1.75,5
2024-11-04 11:00:00,34,5737.02,5740.0113,-15.6109,1076.0,HIT/DEFESA,-3.99,5
2024-11-04 11:00:00,134,5737.02,5781.48008,-15.6109,1076.0,HIT/DEFESA,-3.99,5
2024-11-04 15:00:00,34,5734.02,5739.85352,-18.7127,306.8235,HIT/DEFESA,-9.24,5
2024-11-04 15:00:00,134,5734.02,5779.04443,-18.7127,306.8235,HIT/DEFESA,-9.24,5
2024-11-04 16:00:00,34,5733.03,5739.46361,-14.3522,3584.6774,HIT/DEFESA,-10.0,5
2024-11-04 16:00:00,134,5733.03,5778.36274,-14.3522,3584.6774,HIT/DEFESA,-10.0,5
2024-11-04 17:00:00,34,5734.53,5739.18168,-6.0822,2333.5,HIT/DEFESA,-18.75,5
2024-11-04 17:00:00,134,5734.53,5777.71336,-6.0822,2333.5,HIT/DEFESA,-18.75,5
2024-11-04 19:00:00,34,5722.53,5736.44403,-18.3149,196.1538,HIT/DEFESA,-6.71,5
2024-11-04 19:00:00,134,5722.53,5775.84959,-18.3149,196.1538,HIT/DEFESA,-6.71,5
2024-11-04 20:00:00,34,5724.78,5735.77751,-17.0023,1279.2,HIT/DEFESA,-11.21,5
2024-11-04 20:00:00,134,5724.78,5775.093,-17.0023,1279.2,HIT/DEFESA,-11.21,5
2024-11-04 23:00:00,34,5718.49,5733.06468,-10.9873,223.9837,HIT/DEFESA,-0.05,5
2024-11-04 23:00:00,134,5718.49,5772.64013,-10.9873,223.9837,HIT/DEFESA,-0.05,5
2024-11-05 01:00:00,34,5715.82,5732.07927,-12.5982,105.3333,HIT/DEFESA,-0.25,5
2024-11-05 01:00:00,134,5715.82,5771.79835,-12.5982,105.3333,HIT/DEFESA,-0.25,5
2024-11-05 03:00:00,34,5719.82,5730.3815,2.3258,173.6923,HIT/DEFESA,3.0,5
2024-11-05 03:00:00,134,5719.82,5770.17844,2.3258,173.6923,HIT/DEFESA,3.0,5
2024-11-05 04:00:00,34,5720.57,5729.82085,8.3103,771.5909,HIT/DEFESA,3.53,5
2024-11-05 04:00:00,134,5720.57,5769.4435,8.3103,771.5909,HIT/DEFESA,3.53,5
2024-11-05 05:00:00,34,5718.44,5729.17051,8.5236,249.0,HIT/DEFESA,7.91,5
2024-11-05 05:00:00,134,5718.44,5768.68789,8.5236,249.0,HIT/DEFESA,7.91,5
2024-11-05 08:00:00,34,5722.82,5727.58602,7.6594,126.1538,HIT/DEFESA,4.03,5
2024-11-05 08:00:00,134,5722.82,5766.52404,7.6594,126.1538,HIT/DEFESA,4.03,5
2024-11-05 09:00:00,34,5724.1,5727.38681,14.9241,381.0458,HIT/DEFESA,0.75,5
2024-11-05 09:00:00,134,5724.1,5765.89553,14.9241,381.0458,HIT/DEFESA,0.75,5
2024-11-05 11:00:00,34,5726.1,5727.25742,5.7314,4340.0,HIT/DEFESA,33.01,5
2024-11-05 11:00:00,134,5726.1,5764.72879,5.7314,4340.0,HIT/DEFESA,33.01,5
2024-11-05 12:00:00,34,5725.72,5727.16957,2.8301,6161.5385,HIT/DEFESA,33.39,5
2024-11-05 12:00:00,134,5725.72,5764.15088,2.8301,6161.5385,HIT/DEFESA,33.39,5
2024-11-05 13:00:00,34,5726.85,5727.15131,0.8732,511.2,HIT/DEFESA,46.76,5
2024-11-05 13:00:00,134,5726.85,5763.59827,0.8732,511.2,HIT/DEFESA,46.76,5
2024-11-05 16:00:00,34,5759.11,5728.65581,56.3311,95.4735,HIT/DEFESA,10.0,5
2024-11-05 16:00:00,134,5759.11,5762.38718,56.3311,95.4735,HIT/DEFESA,10.0,5
2024-11-05 17:00:00,34,5759.11,5730.39605,59.8444,36892.3077,HIT/DEFESA,26.5,5
2024-11-05 17:00:00,134,5759.11,5762.33863,59.8444,36892.3077,HIT/DEFESA,26.5,5
2024-11-05 18:00:00,34,5773.61,5732.86542,87.8157,199.6667,HIT/DEFESA,18.46,5
2024-11-05 18:00:00,134,5773.61,5762.50561,87.8157,199.6667,HIT/DEFESA,18.46,5
2024-11-05 19:00:00,34,5779.86,5735.55082,36.0299,352.6667,HIT/DEFESA,9.58,5
2024-11-05 19:00:00,134,5779.86,5762.76271,36.0299,352.6667,HIT/DEFESA,9.58,5
2024-11-05 20:00:00,34,5771.61,5737.61135,21.7047,296.9412,HIT/DEFESA,40.08,5
2024-11-05 20:00:00,134,5771.61,5762.89378,21.7047,296.9412,HIT/DEFESA,40.08,5
2024-11-05 22:00:00,34,5785.61,5742.0512,9.9483,155.7647,HIT/DEFESA,70.33,5
2024-11-05 22:00:00,134,5785.61,5763.32105,9.9483,155.7647,HIT/DEFESA,70.33,5
2024-11-05 23:00:00,34,5792.07,5744.90941,35.4494,188.4058,HIT/DEFESA,63.62,5
2024-11-05 23:00:00,134,5792.07,5763.74696,35.4494,188.4058,HIT/DEFESA,63.62,5
2024-11-06 01:00:00,34,5789.44,5747.45402,35.2394,252.9297,HIT/DEFESA,71.37,5
2024-11-06 01:00:00,134,5789.44,5764.1276,35.2394,252.9297,HIT/DEFESA,71.37,5
2024-11-06 02:00:00,34,5811.69,5751.12465,45.0774,153.5111,HIT/DEFESA,45.75,5
2024-11-06 02:00:00,134,5811.69,5764.83222,45.0774,153.5111,HIT/DEFESA,45.75,5
2024-11-06 03:00:00,34,5818.19,5754.95695,45.0961,488.5926,HIT/DEFESA,57.0,5
2024-11-06 03:00:00,134,5818.19,5765.62271,45.0961,488.5926,HIT/DEFESA,57.0,5
2024-11-06 04:00:00,34,5855.94,5760.72741,114.8643,107.2895,HIT/DEFESA,37.15,5
2024-11-06 04:00:00,134,5855.94,5766.96074,114.8643,107.2895,HIT/DEFESA,37.15,5
2024-11-06 05:00:00,34,5855.69,5766.15385,75.7095,13413.5135,HIT/DEFESA,63.15,5
2024-11-06 05:00:00,134,5855.69,5768.27525,75.7095,13413.5135,HIT/DEFESA,63.15,5
2024-11-06 06:00:00,34,5860.81,5771.56277,73.253,680.7619,HIT/DEFESA,61.16,5
2024-11-06 06:00:00,134,5860.81,5769.64614,73.253,680.7619,HIT/DEFESA,61.16,5
2024-11-06 07:00:00,34,5857.44,5776.47004,2.5615,1205.2308,HIT/DEFESA,59.03,5
2024-11-06 07:00:00,134,5857.44,5770.94679,2.5615,1205.2308,HIT/DEFESA,59.03,5
2024-11-06 08:00:00,34,5875.19,5782.11118,33.3009,202.9565,HIT/DEFESA,23.53,5
2024-11-06 08:00:00,134,5875.19,5772.49113,33.3009,202.9565,HIT/DEFESA,23.53,5
2024-11-06 09:00:00,34,5893.09,5788.45283,55.0777,271.2536,HIT/DEFESA,24.5,5
2024-11-06 09:00:00,134,5893.09,5774.27778,55.0777,271.2536,HIT/DEFESA,24.5,5
2024-11-06 14:00:00,34,5917.59,5820.55926,-7.3962,179.5107,HIT/DEFESA,-3.36,5
2024-11-06 14:00:00,134,5917.59,5784.37156,-7.3962,179.5107,HIT/DEFESA,-3.36,5
2024-11-06 18:00:00,34,5909.73,5836.70766,4.6724,259.5135,HIT/DEFESA,29.96,5
2024-11-06 18:00:00,134,5909.73,5790.92497,4.6724,259.5135,HIT/DEFESA,29.96,5
2024-11-06 19:00:00,34,5914.23,5841.13751,54.8285,590.6433,HIT/DEFESA,16.7,5
2024-11-06 19:00:00,134,5914.23,5792.75171,54.8285,590.6433,HIT/DEFESA,16.7,5
2024-11-06 20:00:00,34,5924.23,5845.88565,56.4422,260.3077,HIT/DEFESA,2.7,5
2024-11-06 20:00:00,134,5924.23,5794.69954,56.4422,260.3077,HIT/DEFESA,2.7,5
2024-11-06 21:00:00,34,5926.48,5850.49104,28.3431,1137.5,HIT/DEFESA,8.45,5
2024-11-06 21:00:00,134,5926.48,5796.65184,28.3431,1137.5,HIT/DEFESA,8.45,5
2024-11-06 22:00:00,34,5930.98,5855.09041,28.3215,750.1176,HIT/DEFESA,1.95,5
2024-11-06 22:00:00,134,5930.98,5798.64189,28.3215,750.1176,HIT/DEFESA,1.95,5
2024-11-07 01:00:00,34,5930.93,5863.98212,7.5087,152.0,HIT/DEFESA,10.0,5
2024-11-07 01:00:00,134,5930.93,5802.66036,7.5087,152.0,HIT/DEFESA,10.0,5
2024-11-07 04:00:00,34,5932.93,5874.94218,3.3722,576.0,HIT/DEFESA,2.78,5
2024-11-07 04:00:00,134,5932.93,5808.30768,3.3722,576.0,HIT/DEFESA,2.78,5
2024-11-07 05:00:00,34,5938.43,5878.57005,19.403,173.8,HIT/DEFESA,3.53,5
2024-11-07 05:00:00,134,5938.43,5810.23542,19.403,173.8,HIT/DEFESA,3.53,5
2024-11-07 06:00:00,34,5940.93,5882.13348,10.1096,241.3333,HIT/DEFESA,1.03,5
2024-11-07 06:00:00,134,5940.93,5812.17164,10.1096,241.3333,HIT/DEFESA,1.03,5
2024-11-07 07:00:00,34,5943.93,5885.66471,18.5406,201.2308,HIT/DEFESA,1.53,5
2024-11-07 07:00:00,134,5943.93,5814.12361,18.5406,201.2308,HIT/DEFESA,1.53,5
2024-11-07 08:00:00,34,5941.43,5888.8513,5.0518,266.9091,HIT/DEFESA,3.65,5
2024-11-07 08:00:00,134,5941.43,5816.00963,5.0518,266.9091,HIT/DEFESA,3.65,5
2024-11-07 11:00:00,34,5941.96,5897.12781,0.892,5444.0,HIT/DEFESA,18.51,5
2024-11-07 11:00:00,134,5941.96,5821.43504,0.892,5444.0,HIT/DEFESA,18.51,5
2024-11-07 12:00:00,34,5945.46,5899.88965,16.426,181.5427,HIT/DEFESA,23.51,5
2024-11-07 12:00:00,134,5945.46,5823.27244,16.426,181.5427,HIT/DEFESA,23.51,5
2024-11-07 13:00:00,34,5945.08,5902.47196,5.2508,5969.2308,HIT/DEFESA,27.14,5
2024-11-07 13:00:00,134,5945.08,5825.077,5.2508,5969.2308,HIT/DEFESA,27.14,5
2024-11-07 14:00:00,34,5947.46,5905.0427,9.2562,383.3333,HIT/DEFESA,27.26,5
2024-11-07 14:00:00,134,5947.46,5826.89008,9.2562,383.3333,HIT/DEFESA,27.26,5
2024-11-07 15:00:00,34,5947.71,5907.48083,3.7844,16940000.0,HIT/DEFESA,20.88,5
2024-11-07 15:00:00,134,5947.71,5828.68001,3.7844,16940000.0,HIT/DEFESA,20.88,5
2024-11-07 16:00:00,34,5960.47,5910.50879,25.887,245.1191,HIT/DEFESA,20.5,5
2024-11-07 16:00:00,134,5960.47,5830.63245,25.887,245.1191,HIT/DEFESA,20.5,5
2024-11-07 17:00:00,34,5968.97,5913.84943,36.1667,353.7143,HIT/DEFESA,8.0,5
2024-11-07 17:00:00,134,5968.97,5832.6819,36.1667,353.7143,HIT/DEFESA,8.0,5
2024-11-07 18:00:00,34,5972.22,5917.18489,41.2091,767.0,HIT/DEFESA,9.46,5
2024-11-07 18:00:00,134,5972.22,5834.74913,41.2091,767.0,HIT/DEFESA,9.46,5
2024-11-07 19:00:00,34,5974.72,5920.47261,23.9075,545.4545,HIT/DEFESA,6.43,5
2024-11-07 19:00:00,134,5974.72,5836.82277,23.9075,545.4545,HIT/DEFESA,6.43,5
2024-11-08 02:00:00,34,5977.78,5937.61251,1.3552,162.0,HIT/DEFESA,3.5,5
2024-11-08 02:00:00,134,5977.78,5848.90926,1.3552,162.0,HIT/DEFESA,3.5,5
2024-11-08 03:00:00,34,5979.28,5939.99351,-4.0123,374.8571,HIT/DEFESA,-0.38,5
2024-11-08 03:00:00,134,5979.28,5850.84068,-4.0123,374.8571,HIT/DEFESA,-0.38,5
2024-11-08 10:00:00,34,5980.06,5953.17099,-2.0397,786.0,HIT/DEFESA,-8.0,5
2024-11-08 10:00:00,134,5980.06,5863.54132,-2.0397,786.0,HIT/DEFESA,-8.0,5
2024-11-08 11:00:00,34,5980.31,5954.72179,2.3583,7900.0,HIT/DEFESA,8.26,5
2024-11-08 11:00:00,134,5980.31,5865.27123,2.3583,7900.0,HIT/DEFESA,8.26,5
2024-11-08 15:00:00,34,5972.06,5958.30561,6.7023,341.6,HIT/DEFESA,35.76,5
2024-11-08 15:00:00,134,5972.06,5871.44036,6.7023,341.6,HIT/DEFESA,35.76,5
2024-11-08 16:00:00,34,5988.57,5960.035,30.1647,161.2546,HIT/DEFESA,18.5,5
2024-11-08 16:00:00,134,5988.57,5873.17561,30.1647,161.2546,HIT/DEFESA,18.5,5
2024-11-08 17:00:00,34,5995.07,5962.037,31.8103,535.8934,HIT/DEFESA,5.5,5
2024-11-08 17:00:00,134,5995.07,5874.98145,31.8103,535.8934,HIT/DEFESA,5.5,5
2024-11-08 18:00:00,34,5996.57,5964.01032,41.0411,1664.0,HIT/DEFESA,2.71,5
2024-11-08 18:00:00,134,5996.57,5876.78276,41.0411,1664.0,HIT/DEFESA,2.71,5
2024-11-08 19:00:00,34,5998.57,5965.98515,16.6985,821.1429,HIT/DEFESA,15.37,5
2024-11-08 19:00:00,134,5998.57,5878.58702,16.6985,821.1429,HIT/DEFESA,15.37,5
2024-11-08 20:00:00,34,6007.82,5968.37572,21.2675,138.1111,HIT/DEFESA,1.62,5
2024-11-08 20:00:00,134,6007.82,5880.50158,21.2675,138.1111,HIT/DEFESA,1.62,5
2024-11-08 21:00:00,34,6007.07,5970.58682,17.51,4980.0,HIT/DEFESA,4.74,5
2024-11-08 21:00:00,134,6007.07,5882.37667,17.51,4980.0,HIT/DEFESA,4.74,5
2024-11-08 22:00:00,34,6000.57,5972.30014,3.3341,340.2963,HIT/DEFESA,9.12,5
2024-11-08 22:00:00,134,6000.57,5884.12768,3.3341,340.2963,HIT/DEFESA,9.12,5
2024-11-11 02:00:00,34,6009.44,5978.03642,14.7819,116.2218,HIT/DEFESA,3.5,5
2024-11-11 02:00:00,134,6009.44,5889.5346,14.7819,116.2218,HIT/DEFESA,3.5,5
2024-11-11 03:00:00,34,6011.81,5979.96634,20.8858,267.1756,HIT/DEFESA,2.13,5
2024-11-11 03:00:00,134,6011.81,5891.34609,20.8858,267.1756,HIT/DEFESA,2.13,5
2024-11-11 05:00:00,34,6010.69,5983.32341,2.0801,277.2727,HIT/DEFESA,6.78,5
2024-11-11 05:00:00,134,6010.69,5894.84142,2.0801,277.2727,HIT/DEFESA,6.78,5
2024-11-11 06:00:00,34,6012.94,5985.01579,1.8796,117.0,HIT/DEFESA,5.03,5
2024-11-11 06:00:00,134,6012.94,5896.59103,1.8796,117.0,HIT/DEFESA,5.03,5
2024-11-11 07:00:00,34,6012.94,5986.61146,5.4079,2200.0,HIT/DEFESA,3.28,5
2024-11-11 07:00:00,134,6012.94,5898.31471,5.4079,2200.0,HIT/DEFESA,3.28,5
2024-11-11 08:00:00,34,6013.94,5988.17309,5.407,329.5455,HIT/DEFESA,5.53,5
2024-11-11 08:00:00,134,6013.94,5900.02768,5.407,329.5455,HIT/DEFESA,5.53,5
2024-11-11 09:00:00,34,6016.22,5989.77577,5.4549,160.5809,HIT/DEFESA,11.25,5
2024-11-11 09:00:00,134,6016.22,5901.74905,5.4549,160.5809,HIT/DEFESA,11.25,5
2024-11-11 10:00:00,34,6017.47,5991.3583,7.5338,596.3768,HIT/DEFESA,1.5,5
2024-11-11 10:00:00,134,6017.47,5903.46343,7.5338,596.3768,HIT/DEFESA,1.5,5
2024-11-11 16:00:00,34,6011.98,5999.46103,-12.443,346.1326,HIT/DEFESA,-8.25,5
2024-11-11 16:00:00,134,6011.98,5913.33146,-12.443,346.1326,HIT/DEFESA,-8.25,5
2024-11-11 17:00:00,34,6017.23,6000.4764,-16.9889,536.0,HIT/DEFESA,-8.25,5
2024-11-11 17:00:00,134,6017.23,5914.8707,-16.9889,536.0,HIT/DEFESA,-8.25,5
2024-11-11 18:00:00,34,6014.98,6001.30517,-6.629,983.2,HIT/DEFESA,-9.04,5
2024-11-11 18:00:00,134,6014.98,5916.3538,-6.629,983.2,HIT/DEFESA,-9.04,5
2024-11-11 20:00:00,34,6002.98,6001.47764,-23.682,2460.0,HIT/DEFESA,-0.01,5
2024-11-11 20:00:00,134,6002.98,5918.89784,-23.682,2460.0,HIT/DEFESA,-0.01,5
2024-11-12 02:00:00,34,6002.97,6002.43881,-10.0017,807.0,HIT/DEFESA,-2.5,5
2024-11-12 02:00:00,134,6002.97,5925.11125,-10.0017,807.0,HIT/DEFESA,-2.5,5
2024-11-12 03:00:00,34,6005.22,6002.59774,-1.1988,438.0,HIT/DEFESA,-3.75,5
2024-11-12 03:00:00,134,6005.22,5926.29804,-1.1988,438.0,HIT/DEFESA,-3.75,5
2024-11-12 06:00:00,34,6003.97,6002.53193,-2.0815,144.8,HIT/DEFESA,-6.22,5
2024-11-12 06:00:00,134,6003.97,5929.61956,-2.0815,144.8,HIT/DEFESA,-6.22,5
2024-11-12 07:00:00,34,6000.47,6002.41411,-1.2497,119.7333,HIT/DEFESA,-5.47,5
2024-11-12 07:00:00,134,6000.47,5930.6692,-1.2497,119.7333,HIT/DEFESA,-5.47,5
2024-11-12 09:00:00,34,6003.75,6002.43958,-0.3664,318.2573,HIT/DEFESA,-2.75,5
2024-11-12 09:00:00,134,6003.75,5932.78524,-0.3664,318.2573,HIT/DEFESA,-2.75,5
2024-11-12 10:00:00,34,6006.5,6002.6716,10.0492,395.0,HIT/DEFESA,1.25,5
2024-11-12 10:00:00,134,6006.5,5933.87731,10.0492,395.0,HIT/DEFESA,1.25,5
2024-11-12 12:00:00,34,5995.0,6001.96806,-14.5742,587.4046,HIT/DEFESA,-1.99,5
2024-11-12 12:00:00,134,5995.0,5935.71507,-14.5742,587.4046,HIT/DEFESA,-1.99,5
2024-11-12 13:00:00,34,5998.5,6001.76989,-13.3189,320.9231,HIT/DEFESA,-13.49,5
2024-11-12 13:00:00,134,5998.5,5936.64522,-13.3189,320.9231,HIT/DEFESA,-13.49,5
2024-11-12 17:00:00,34,5993.01,6001.96672,-13.3144,178.7647,HIT/DEFESA,-3.25,5
2024-11-12 17:00:00,134,5993.01,5940.48147,-13.3144,178.7647,HIT/DEFESA,-3.25,5
2024-11-12 23:00:00,34,5989.97,5997.94043,-7.9903,9350.0,HIT/DEFESA,-7.59,5
2024-11-12 23:00:00,134,5989.97,5944.5591,-7.9903,9350.0,HIT/DEFESA,-7.59,5
2024-11-13 01:00:00,34,5985.63,5997.23698,-25.629,198.1053,HIT/DEFESA,-4.25,5
2024-11-13 01:00:00,134,5985.63,5945.16755,-25.629,198.1053,HIT/DEFESA,-4.25,5
2024-11-13 02:00:00,34,5982.38,5996.38801,-12.321,223.4667,HIT/DEFESA,-5.0,5
2024-11-13 02:00:00,134,5982.38,5945.71885,-12.321,223.4667,HIT/DEFESA,-5.0,5
2024-11-13 03:00:00,34,5982.13,5995.57326,-13.0885,1624.0,HIT/DEFESA,-8.5,5
2024-11-13 03:00:00,134,5982.13,5946.25827,-13.0885,1624.0,HIT/DEFESA,-8.5,5
2024-11-13 04:00:00,34,5984.13,5994.91936,-2.506,331.9149,HIT/DEFESA,-8.22,5
2024-11-13 04:00:00,134,5984.13,5946.81934,-2.506,331.9149,HIT/DEFESA,-8.22,5
2024-11-13 10:00:00,34,5984.78,5990.24892,12.38,159.7448,HIT/DEFESA,6.88,5
2024-11-13 10:00:00,134,5984.78,5949.59602,12.38,159.7448,HIT/DEFESA,6.88,5
2024-11-13 11:00:00,34,5986.28,5990.02212,21.1764,437.4332,HIT/DEFESA,4.89,5
2024-11-13 11:00:00,134,5986.28,5950.13949,21.1764,437.4332,HIT/DEFESA,4.89,5
2024-11-13 12:00:00,34,5979.91,5989.44429,6.6935,111.2308,HIT/DEFESA,12.01,5
2024-11-13 12:00:00,134,5979.91,5950.58053,6.6935,111.2308,HIT/DEFESA,12.01,5
2024-11-13 15:00:00,34,5991.66,5988.26578,19.6491,244.7348,HIT/DEFESA,18.26,5
2024-11-13 15:00:00,134,5991.66,5951.95248,19.6491,244.7348,HIT/DEFESA,18.26,5
2024-11-13 16:00:00,34,5991.17,5988.43174,27.6334,5810.8108,HIT/DEFESA,1.75,5
2024-11-13 16:00:00,134,5991.17,5952.53348,27.6334,5810.8108,HIT/DEFESA,1.75,5
2024-11-13 17:00:00,34,5991.92,5988.63107,21.3408,12138.0,HIT/DEFESA,1.75,5
2024-11-13 17:00:00,134,5991.92,5953.11699,21.3408,12138.0,HIT/DEFESA,1.75,5
2024-11-13 21:00:00,34,5992.92,5991.80676,-13.7473,172.7761,HIT/DEFESA,-1.86,5
2024-11-13 21:00:00,134,5992.92,5956.06198,-13.7473,172.7761,HIT/DEFESA,-1.86,5
2024-11-13 22:00:00,34,5993.67,5991.91323,-30.3564,2789.6,HIT/DEFESA,-5.61,5
2024-11-13 22:00:00,134,5993.67,5956.61914,-30.3564,2789.6,HIT/DEFESA,-5.61,5
2024-11-13 23:00:00,34,5995.88,5992.1399,-23.3614,278.8618,HIT/DEFESA,-7.07,5
2024-11-13 23:00:00,134,5995.88,5957.20078,-23.3614,278.8618,HIT/DEFESA,-7.07,5
2024-11-14 03:00:00,34,5991.06,5992.54973,-8.0389,242.75,HIT/DEFESA,-7.25,5
2024-11-14 03:00:00,134,5991.06,5958.84613,-8.0389,242.75,HIT/DEFESA,-7.25,5
2024-11-14 09:00:00,34,5991.84,5991.30625,3.3891,112.0098,HIT/DEFESA,5.0,5
2024-11-14 09:00:00,134,5991.84,5961.37425,3.3891,112.0098,HIT/DEFESA,5.0,5
2024-11-14 15:00:00,34,5992.09,5992.94071,-8.1208,489.1775,HIT/DEFESA,-33.24,5
2024-11-14 15:00:00,134,5992.09,5964.41551,-8.1208,489.1775,HIT/DEFESA,-33.24,5
2024-11-14 16:00:00,34,5983.6,5992.40696,-30.8059,467.7346,HIT/DEFESA,-10.5,5
2024-11-14 16:00:00,134,5983.6,5964.69973,-30.8059,467.7346,HIT/DEFESA,-10.5,5
2024-11-14 17:00:00,34,5981.35,5991.77513,-25.8303,2414.0,HIT/DEFESA,-26.5,5
2024-11-14 17:00:00,134,5981.35,5964.9464,-25.8303,2414.0,HIT/DEFESA,-26.5,5
2024-11-14 18:00:00,34,5976.6,5990.90798,-25.8507,719.5556,HIT/DEFESA,-24.79,5
2024-11-14 18:00:00,134,5976.6,5965.11905,-25.8507,719.5556,HIT/DEFESA,-24.79,5
2024-11-14 19:00:00,34,5970.1,5989.71896,-22.5617,565.6296,HIT/DEFESA,-24.95,5
2024-11-14 19:00:00,134,5970.1,5965.19284,-22.5617,565.6296,HIT/DEFESA,-24.95,5
2024-11-14 20:00:00,34,5958.85,5987.95501,-37.6169,275.3636,HIT/DEFESA,-18.95,5
2024-11-14 20:00:00,134,5958.85,5965.09887,-37.6169,275.3636,HIT/DEFESA,-18.95,5
2024-11-14 21:00:00,34,5973.1,5987.10616,-5.8562,181.2414,HIT/DEFESA,-38.83,5
2024-11-14 21:00:00,134,5973.1,5965.2174,-5.8562,181.2414,HIT/DEFESA,-38.83,5
2024-11-14 22:00:00,34,5954.85,5985.26295,-25.544,341.4925,HIT/DEFESA,-17.08,5
2024-11-14 22:00:00,134,5954.85,5965.06381,-25.544,341.4925,HIT/DEFESA,-17.08,5
2024-11-14 23:00:00,34,5951.81,5983.35135,-11.8144,423.2975,HIT/DEFESA,-14.66,5
2024-11-14 23:00:00,134,5951.81,5964.86746,-11.8144,423.2975,HIT/DEFESA,-14.66,5
2024-11-15 01:00:00,34,5945.15,5981.16842,-46.7931,203.4908,HIT/DEFESA,-6.75,5
2024-11-15 01:00:00,134,5945.15,5964.57535,-46.7931,203.4908,HIT/DEFESA,-6.75,5
2024-11-15 02:00:00,34,5939.9,5978.81022,-25.1056,228.4,HIT/DEFESA,-5.75,5
2024-11-15 02:00:00,134,5939.9,5964.20979,-25.1056,228.4,HIT/DEFESA,-5.75,5
2024-11-15 03:00:00,34,5934.27,5976.26507,-29.47,249.1429,HIT/DEFESA,-7.12,5
2024-11-15 03:00:00,134,5934.27,5963.76624,-29.47,249.1429,HIT/DEFESA,-7.12,5
2024-11-15 04:00:00,34,5937.77,5974.06535,-12.4135,219.8895,HIT/DEFESA,-18.09,5
2024-11-15 04:00:00,134,5937.77,5963.38111,-12.4135,219.8895,HIT/DEFESA,-18.09,5
2024-11-15 05:00:00,34,5937.15,5971.9559,-4.6297,1482.0,HIT/DEFESA,-15.97,5
2024-11-15 05:00:00,134,5937.15,5962.9925,-4.6297,1482.0,HIT/DEFESA,-15.97,5
2024-11-15 07:00:00,34,5934.15,5967.98765,-6.0966,137.75,HIT/DEFESA,-14.72,5
2024-11-15 07:00:00,134,5934.15,5962.20627,-6.0966,137.75,HIT/DEFESA,-14.72,5
2024-11-15 08:00:00,34,5927.15,5965.65407,-16.8431,196.4444,HIT/DEFESA,-3.72,5
2024-11-15 08:00:00,134,5927.15,5961.68691,-16.8431,196.4444,HIT/DEFESA,-3.72,5
2024-11-15 11:00:00,34,5917.18,5958.15254,-16.8209,289.8824,HIT/DEFESA,-12.49,5
2024-11-15 11:00:00,134,5917.18,5959.83232,-16.8209,289.8824,HIT/DEFESA,-12.49,5
2024-11-15 12:00:00,34,5919.43,5955.93983,-0.4223,310.8,HIT/DEFESA,-37.74,5
2024-11-15 12:00:00,134,5919.43,5959.23377,-0.4223,310.8,HIT/DEFESA,-37.74,5
2024-11-15 16:00:00,34,5904.69,5948.2482,-31.6371,256.9436,HIT/DEFESA,-38.25,5
2024-11-15 16:00:00,134,5904.69,5956.9382,-31.6371,256.9436,HIT/DEFESA,-38.25,5
2024-11-15 17:00:00,34,5881.69,5944.44487,-80.5136,263.3333,HIT/DEFESA,-7.0,5
2024-11-15 17:00:00,134,5881.69,5955.82341,-80.5136,263.3333,HIT/DEFESA,-7.0,5
2024-11-15 22:00:00,34,5874.69,5925.38093,5.9613,438.5143,HIT/DEFESA,16.78,5
2024-11-15 22:00:00,134,5874.69,5949.62847,5.9613,438.5143,HIT/DEFESA,16.78,5
2024-11-15 23:00:00,34,5877.65,5922.65345,27.6553,209.2251,HIT/DEFESA,13.07,5
2024-11-15 23:00:00,134,5877.65,5948.56212,27.6553,209.2251,HIT/DEFESA,13.07,5
2024-11-18 01:00:00,34,5883.97,5920.44297,29.8818,147.1515,HIT/DEFESA,9.75,5
2024-11-18 01:00:00,134,5883.97,5947.6052,29.8818,147.1515,HIT/DEFESA,9.75,5
2024-11-18 03:00:00,34,5891.47,5917.32066,23.5128,484.6667,HIT/DEFESA,3.25,5
2024-11-18 03:00:00,134,5891.47,5945.9798,23.5128,484.6667,HIT/DEFESA,3.25,5
2024-11-18 05:00:00,34,5890.72,5914.40785,-4.2422,449.0,HIT/DEFESA,-5.22,5
2024-11-18 05:00:00,134,5890.72,5944.36554,-4.2422,449.0,HIT/DEFESA,-5.22,5
2024-11-18 09:00:00,34,5883.25,5909.44869,-17.7647,99.4823,HIT/DEFESA,-3.25,5
2024-11-18 09:00:00,134,5883.25,5941.26828,-17.7647,99.4823,HIT/DEFESA,-3.25,5
2024-11-18 10:00:00,34,5885.5,5908.08019,-11.4049,1117.0,HIT/DEFESA,-5.75,5
2024-11-18 10:00:00,134,5885.5,5940.44208,-11.4049,1117.0,HIT/DEFESA,-5.75,5
2024-11-18 11:00:00,34,5876.75,5906.28989,-30.4849,351.1765,HIT/DEFESA,-1.74,5
2024-11-18 11:00:00,134,5876.75,5939.4985,-30.4849,351.1765,HIT/DEFESA,-1.74,5
2024-11-18 14:00:00,34,5880.0,5902.11996,5.5303,822.8571,HIT/DEFESA,23.76,5
2024-11-18 14:00:00,134,5880.0,5936.91794,5.5303,822.8571,HIT/DEFESA,23.76,5
2024-11-18 17:00:00,34,5899.76,5899.38812,33.6054,136.76,HIT/DEFESA,0.25,5
2024-11-18 17:00:00,134,5899.76,5934.64186,33.6054,136.76,HIT/DEFESA,0.25,5
2024-11-19 03:00:00,34,5901.03,5899.50118,4.3401,290.6667,HIT/DEFESA,6.75,5
2024-11-19 03:00:00,134,5901.03,5930.25673,4.3401,290.6667,HIT/DEFESA,6.75,5
2024-11-19 04:00:00,34,5904.78,5899.80282,12.7177,186.7769,HIT/DEFESA,2.78,5
2024-11-19 04:00:00,134,5904.78,5929.8793,12.7177,186.7769,HIT/DEFESA,2.78,5
2024-11-19 08:00:00,34,5907.78,5901.78903,-3.8071,524.0,HIT/DEFESA,-30.72,5
2024-11-19 08:00:00,134,5907.78,5928.68808,-3.8071,524.0,HIT/DEFESA,-30.72,5
2024-11-19 09:00:00,34,5907.56,5902.1188,-5.8704,1680.8511,HIT/DEFESA,-20.5,5
2024-11-19 09:00:00,134,5907.56,5928.37507,-5.8704,1680.8511,HIT/DEFESA,-20.5,5
2024-11-19 10:00:00,34,5896.43,5901.79373,-20.4789,308.8182,HIT/DEFESA,-53.87,5
2024-11-19 10:00:00,134,5896.43,5927.90181,-20.4789,308.8182,HIT/DEFESA,-53.87,5
2024-11-19 11:00:00,34,5870.56,5900.00894,-63.0017,238.6796,HIT/DEFESA,-1.49,5
2024-11-19 11:00:00,134,5870.56,5927.0523,-63.0017,238.6796,HIT/DEFESA,-1.49,5
2024-11-19 14:00:00,34,5887.06,5896.89219,28.1063,214.3415,HIT/DEFESA,22.01,5
2024-11-19 14:00:00,134,5887.06,5925.01851,28.1063,214.3415,HIT/DEFESA,22.01,5
2024-11-19 17:00:00,34,5893.82,5892.45763,11.4828,238.2857,HIT/DEFESA,25.75,5
2024-11-19 17:00:00,134,5893.82,5922.55404,11.4828,238.2857,HIT/DEFESA,25.75,5
2024-11-19 18:00:00,34,5905.32,5893.19262,107.4187,296.0889,HIT/DEFESA,13.96,5
2024-11-19 18:00:00,134,5905.32,5922.29873,107.4187,296.0889,HIT/DEFESA,13.96,5
2024-11-19 19:00:00,34,5909.07,5894.0999,68.1539,659.25,HIT/DEFESA,16.91,5
2024-11-19 19:00:00,134,5909.07,5922.10274,68.1539,659.25,HIT/DEFESA,16.91,5
2024-11-19 20:00:00,34,5926.32,5895.94105,55.1425,119.6571,HIT/DEFESA,4.66,5
2024-11-19 20:00:00,134,5926.32,5922.16522,55.1425,119.6571,HIT/DEFESA,4.66,5
2024-11-19 21:00:00,34,5912.57,5896.89128,12.2771,181.6429,HIT/DEFESA,14.16,5
2024-11-19 21:00:00,134,5912.57,5922.02307,12.2771,181.6429,HIT/DEFESA,14.16,5
2024-11-19 22:00:00,34,5919.57,5898.1872,17.7693,314.3704,HIT/DEFESA,11.28,5
2024-11-19 22:00:00,134,5919.57,5921.98673,17.7693,314.3704,HIT/DEFESA,11.28,5
2024-11-20 01:00:00,34,5925.98,5900.91179,22.6805,108.7481,HIT/DEFESA,3.0,5
2024-11-20 01:00:00,134,5925.98,5922.00638,22.6805,108.7481,HIT/DEFESA,3.0,5
2024-11-20 03:00:00,34,5926.73,5904.00712,12.586,209.466,HIT/DEFESA,8.25,5
2024-11-20 03:00:00,134,5926.73,5922.20733,12.586,209.466,HIT/DEFESA,8.25,5
2024-11-20 04:00:00,34,5930.85,5905.541,8.2181,225.323,HIT/DEFESA,3.66,5
2024-11-20 04:00:00,134,5930.85,5922.33537,8.2181,225.323,HIT/DEFESA,3.66,5
2024-11-20 06:00:00,34,5928.98,5907.95463,3.7964,107.1625,HIT/DEFESA,1.53,5
2024-11-20 06:00:00,134,5928.98,5922.47971,3.7964,107.1625,HIT/DEFESA,1.53,5
2024-11-20 07:00:00,34,5927.98,5909.09894,-4.8391,356.8,HIT/DEFESA,-2.72,5
2024-11-20 07:00:00,134,5927.98,5922.5612,-4.8391,356.8,HIT/DEFESA,-2.72,5
2024-11-20 11:00:00,34,5930.51,5914.06034,-7.5316,1620.0,HIT/DEFESA,-40.49,5
2024-11-20 11:00:00,134,5930.51,5923.15731,-7.5316,1620.0,HIT/DEFESA,-40.49,5
2024-11-20 12:00:00,34,5925.26,5914.70032,-15.5868,374.4,HIT/DEFESA,-35.74,5
2024-11-20 12:00:00,134,5925.26,5923.18846,-15.5868,374.4,HIT/DEFESA,-35.74,5
2024-11-20 13:00:00,34,5925.76,5915.3323,-9.694,2244.0,HIT/DEFESA,-26.74,5
2024-11-20 13:00:00,134,5925.76,5923.22655,-9.694,2244.0,HIT/DEFESA,-26.74,5
2024-11-21 05:00:00,34,5900.96,5908.22157,2.1187,486.8571,HIT/DEFESA,2.78,5
2024-11-21 05:00:00,134,5900.96,5919.27301,2.1187,486.8571,HIT/DEFESA,2.78,5
2024-11-21 08:00:00,34,5908.96,5908.02274,13.5571,477.4648,HIT/DEFESA,13.53,5
2024-11-21 08:00:00,134,5908.96,5918.73278,13.5571,477.4648,HIT/DEFESA,13.53,5
2024-11-21 09:00:00,34,5905.24,5907.86373,0.271,793.7028,HIT/DEFESA,25.5,5
2024-11-21 09:00:00,134,5905.24,5918.53288,0.271,793.7028,HIT/DEFESA,25.5,5
2024-11-21 13:00:00,34,5922.49,5907.78666,31.7595,144.2192,HIT/DEFESA,11.51,5
2024-11-21 13:00:00,134,5922.49,5917.87254,31.7595,144.2192,HIT/DEFESA,11.51,5
2024-11-21 14:00:00,34,5930.74,5909.09828,56.6016,314.5263,HIT/DEFESA,21.76,5
2024-11-21 14:00:00,134,5930.74,5918.06317,56.6016,314.5263,HIT/DEFESA,21.76,5
2024-11-21 15:00:00,34,5943.74,5911.07781,66.4748,236.8627,HIT/DEFESA,16.01,5
2024-11-21 15:00:00,134,5943.74,5918.44357,66.4748,236.8627,HIT/DEFESA,16.01,5
2024-11-21 17:00:00,34,5931.25,5912.27318,0.8599,531.5844,HIT/DEFESA,20.0,5
2024-11-21 17:00:00,134,5931.25,5918.53735,0.8599,531.5844,HIT/DEFESA,20.0,5
2024-11-21 23:00:00,34,5948.71,5923.94619,-18.5243,200.6079,HIT/DEFESA,-1.1,5
2024-11-21 23:00:00,134,5948.71,5921.34279,-18.5243,200.6079,HIT/DEFESA,-1.1,5
2024-11-22 02:00:00,34,5945.36,5926.35049,-9.8971,1685.3333,HIT/DEFESA,-2.5,5
2024-11-22 02:00:00,134,5945.36,5922.05644,-9.8971,1685.3333,HIT/DEFESA,-2.5,5
2024-11-22 03:00:00,34,5949.73,5927.68647,1.7147,296.6667,HIT/DEFESA,1.38,5
2024-11-22 03:00:00,134,5949.73,5922.46642,1.7147,296.6667,HIT/DEFESA,1.38,5
2024-11-22 05:00:00,34,5947.61,5930.20818,3.7845,261.21,HIT/DEFESA,3.65,5
2024-11-22 05:00:00,134,5947.61,5923.28982,3.7845,261.21,HIT/DEFESA,3.65,5
2024-11-22 07:00:00,34,5942.86,5932.03034,-17.6371,158.4242,HIT/DEFESA,-7.97,5
2024-11-22 07:00:00,134,5942.86,5923.9785,-17.6371,158.4242,HIT/DEFESA,-7.97,5
2024-11-22 14:00:00,34,5948.64,5936.42713,17.0582,294.3448,HIT/DEFESA,22.01,5
2024-11-22 14:00:00,134,5948.64,5926.09599,17.0582,294.3448,HIT/DEFESA,22.01,5
2024-11-22 15:00:00,34,5947.14,5937.0393,20.6407,1286.8613,HIT/DEFESA,20.51,5
2024-11-22 15:00:00,134,5947.14,5926.40775,20.6407,1286.8613,HIT/DEFESA,20.51,5
2024-11-22 18:00:00,34,5963.65,5942.23896,27.7612,542.303,HIT/DEFESA,8.46,5
2024-11-22 18:00:00,134,5963.65,5928.28641,27.7612,542.303,HIT/DEFESA,8.46,5
2024-11-22 21:00:00,34,5967.65,5946.50335,6.7073,8484.0,HIT/DEFESA,29.84,5
2024-11-22 21:00:00,134,5967.65,5930.05325,6.7073,8484.0,HIT/DEFESA,29.84,5
2024-11-22 23:00:00,34,5972.11,5949.11939,7.4736,148.9899,HIT/DEFESA,25.63,5
2024-11-22 23:00:00,134,5972.11,5931.2287,7.4736,148.9899,HIT/DEFESA,25.63,5
2024-11-25 01:00:00,34,5993.24,5951.64056,42.8812,352.0,HIT/DEFESA,4.75,5
2024-11-25 01:00:00,134,5993.24,5932.14738,42.8812,352.0,HIT/DEFESA,4.75,5
2024-11-25 02:00:00,34,5997.99,5954.2891,50.4197,109.6471,HIT/DEFESA,0.5,5
2024-11-25 02:00:00,134,5997.99,5933.12283,50.4197,109.6471,HIT/DEFESA,0.5,5
2024-11-25 05:00:00,34,5997.74,5961.36147,-0.4168,248.2759,HIT/DEFESA,-0.47,5
2024-11-25 05:00:00,134,5997.74,5935.96337,-0.4168,248.2759,HIT/DEFESA,-0.47,5
2024-11-25 06:00:00,34,5997.99,5963.45453,0.8337,2030000.0,HIT/DEFESA,2.53,5
2024-11-25 06:00:00,134,5997.99,5936.88228,0.8337,2030000.0,HIT/DEFESA,2.53,5
2024-11-25 11:00:00,34,6000.52,5972.21318,6.7206,222.0,HIT/DEFESA,7.51,5
2024-11-25 11:00:00,134,6000.52,5941.26101,6.7206,222.0,HIT/DEFESA,7.51,5
2024-11-25 17:00:00,34,5995.03,5981.45051,-9.5654,519.84,HIT/DEFESA,-4.25,5
2024-11-25 17:00:00,134,5995.03,5946.57583,-9.5654,519.84,HIT/DEFESA,-4.25,5
2024-11-25 19:00:00,34,5979.53,5981.66832,-47.4365,420.3871,HIT/DEFESA,-0.56,5
2024-11-25 19:00:00,134,5979.53,5947.66178,-47.4365,420.3871,HIT/DEFESA,-0.56,5
2024-11-25 20:00:00,34,5988.28,5982.04613,-11.2593,275.4118,HIT/DEFESA,-18.56,5
2024-11-25 20:00:00,134,5988.28,5948.26353,-11.2593,275.4118,HIT/DEFESA,-18.56,5
2024-11-25 21:00:00,34,5986.03,5982.27378,-2.5052,930.0,HIT/DEFESA,-5.06,5
2024-11-25 21:00:00,134,5986.03,5948.82303,-2.5052,930.0,HIT/DEFESA,-5.06,5
2024-11-26 07:00:00,34,5988.72,5984.06028,2.5053,175.7647,HIT/DEFESA,5.78,5
2024-11-26 07:00:00,134,5988.72,5953.55584,2.5053,175.7647,HIT/DEFESA,5.78,5
2024-11-26 08:00:00,34,5992.72,5984.55512,2.5037,231.2,HIT/DEFESA,12.28,5
2024-11-26 08:00:00,134,5992.72,5954.13605,2.5037,231.2,HIT/DEFESA,12.28,5
2024-11-26 12:00:00,34,5994.5,5985.58124,14.1998,404.9587,HIT/DEFESA,11.51,5
2024-11-26 12:00:00,134,5994.5,5956.17258,14.1998,404.9587,HIT/DEFESA,11.51,5
2024-11-26 13:00:00,34,6005.0,5986.69088,32.7966,123.6098,HIT/DEFESA,8.01,5
2024-11-26 13:00:00,134,6005.0,5956.89595,32.7966,123.6098,HIT/DEFESA,8.01,5
2024-11-26 14:00:00,34,6006.75,5987.83711,26.2894,704.0,HIT/DEFESA,9.51,5
2024-11-26 14:00:00,134,6006.75,5957.63453,26.2894,704.0,HIT/DEFESA,9.51,5
2024-11-26 15:00:00,34,6004.75,5988.80357,17.099,854.8571,HIT/DEFESA,12.26,5
2024-11-26 15:00:00,134,6004.75,5958.33254,17.099,854.8571,HIT/DEFESA,12.26,5
2024-11-26 16:00:00,34,6005.13,5989.7365,0.2165,5793.6508,HIT/DEFESA,10.63,5
2024-11-26 16:00:00,134,6005.13,5959.02583,0.2165,5793.6508,HIT/DEFESA,10.63,5
2024-11-26 18:00:00,34,6013.01,5991.94319,13.7558,444.7692,HIT/DEFESA,14.46,5
2024-11-26 18:00:00,134,6013.01,5960.51135,13.7558,444.7692,HIT/DEFESA,14.46,5
2024-11-26 19:00:00,34,6016.26,5993.33273,18.5342,545.6667,HIT/DEFESA,9.73,5
2024-11-26 19:00:00,134,6016.26,5961.33725,18.5342,545.6667,HIT/DEFESA,9.73,5
2024-11-26 20:00:00,34,6017.01,5994.68571,18.315,1282.0,HIT/DEFESA,8.48,5
2024-11-26 20:00:00,134,6017.01,5962.16204,18.315,1282.0,HIT/DEFESA,8.48,5
2024-11-26 21:00:00,34,6015.76,5995.88996,4.5734,2430.0,HIT/DEFESA,11.73,5
2024-11-26 21:00:00,134,6015.76,5962.95608,4.5734,2430.0,HIT/DEFESA,11.73,5
2024-11-26 22:00:00,34,6022.01,5997.38253,9.5574,267.6923,HIT/DEFESA,7.23,5
2024-11-26 22:00:00,134,6022.01,5963.83095,9.5574,267.6923,HIT/DEFESA,7.23,5
2024-11-27 06:00:00,34,6021.99,6007.07211,-9.1249,96.0,HIT/DEFESA,-8.22,5
2024-11-27 06:00:00,134,6021.99,5970.01569,-9.1249,96.0,HIT/DEFESA,-8.22,5
2024-11-27 07:00:00,34,6020.99,6007.86742,-13.6833,354.4,HIT/DEFESA,-4.97,5
2024-11-27 07:00:00,134,6020.99,5970.77087,-13.6833,354.4,HIT/DEFESA,-4.97,5
2024-11-27 08:00:00,34,6022.24,6008.68871,-5.8084,585.0,HIT/DEFESA,-6.35,5
2024-11-27 08:00:00,134,6022.24,5971.53337,-5.8084,585.0,HIT/DEFESA,-6.35,5
2024-11-27 12:00:00,34,6016.02,6010.38284,-11.6221,520.4,HIT/DEFESA,-13.74,5
2024-11-27 12:00:00,134,6016.02,5974.16169,-11.6221,520.4,HIT/DEFESA,-13.74,5
2024-11-27 17:00:00,34,6002.28,6011.45568,-24.9116,280.0656,HIT/DEFESA,-1.25,5
2024-11-27 17:00:00,134,6002.28,5977.087,-24.9116,280.0656,HIT/DEFESA,-1.25,5
2024-11-27 20:00:00,34,6002.53,6009.33401,0.4165,223.4783,HIT/DEFESA,5.59,5
2024-11-27 20:00:00,134,6002.53,5978.01301,0.4165,223.4783,HIT/DEFESA,5.59,5
2024-11-27 21:00:00,34,6000.28,6008.81664,8.7573,493.2,HIT/DEFESA,7.59,5
2024-11-27 21:00:00,134,6000.28,5978.34289,8.7573,493.2,HIT/DEFESA,7.59,5
2024-11-27 22:00:00,34,6001.03,6008.37169,6.67,3652.0,HIT/DEFESA,8.09,5
2024-11-27 22:00:00,134,6001.03,5978.679,6.67,3652.0,HIT/DEFESA,8.09,5
2024-11-28 01:00:00,34,6006.37,6007.83266,10.1495,117.4946,HIT/DEFESA,2.0,5
2024-11-28 01:00:00,134,6006.37,5979.40757,10.1495,117.4946,HIT/DEFESA,2.0,5
2024-11-28 02:00:00,34,6008.12,6007.84908,11.8146,210.6667,HIT/DEFESA,1.25,5
2024-11-28 02:00:00,134,6008.12,5979.83294,11.8146,210.6667,HIT/DEFESA,1.25,5
2024-11-28 03:00:00,34,6007.87,6007.85028,12.299,5260000.0,HIT/DEFESA,0.75,5
2024-11-28 03:00:00,134,6007.87,5980.24831,12.299,5260000.0,HIT/DEFESA,0.75,5
2024-11-28 06:00:00,34,6008.37,6008.01288,0.8322,128.0,HIT/DEFESA,1.03,5
2024-11-28 06:00:00,134,6008.37,5981.50146,0.8322,128.0,HIT/DEFESA,1.03,5
2024-11-28 07:00:00,34,6009.37,6008.09043,0.416,106.4,HIT/DEFESA,0.28,5
2024-11-28 07:00:00,134,6009.37,5981.91433,0.416,106.4,HIT/DEFESA,0.28,5
2024-11-28 11:00:00,34,6009.4,6008.18494,1.2981,263.2,HIT/DEFESA,5.01,5
2024-11-28 11:00:00,134,6009.4,5983.45646,1.2981,263.2,HIT/DEFESA,5.01,5
2024-11-28 12:00:00,34,6009.65,6008.26865,3.3291,3084.6154,HIT/DEFESA,7.13,5
2024-11-28 12:00:00,134,6009.65,5983.84452,3.3291,3084.6154,HIT/DEFESA,7.13,5
2024-11-28 13:00:00,34,6010.4,6008.39044,3.3287,638.0,HIT/DEFESA,4.51,5
2024-11-28 13:00:00,134,6010.4,5984.23793,3.3287,638.0,HIT/DEFESA,4.51,5
2024-11-28 14:00:00,34,6010.9,6008.53385,2.4961,816.0,HIT/DEFESA,5.76,5
2024-11-28 14:00:00,134,6010.9,5984.63293,2.4961,816.0,HIT/DEFESA,5.76,5
2024-11-28 15:00:00,34,6011.4,6008.69763,2.912,297.3333,HIT/DEFESA,5.02,5
2024-11-28 15:00:00,134,6011.4,5985.02947,2.912,297.3333,HIT/DEFESA,5.02,5
2024-11-28 18:00:00,34,6014.91,6009.77826,5.8389,174.8571,HIT/DEFESA,4.01,5
2024-11-28 18:00:00,134,6014.91,5986.35802,5.8389,174.8571,HIT/DEFESA,4.01,5
2024-11-28 19:00:00,34,6016.66,6010.1715,3.741,178.6667,HIT/DEFESA,3.01,5
2024-11-28 19:00:00,134,6016.66,5986.80694,3.741,178.6667,HIT/DEFESA,3.01,5
2024-11-29 11:00:00,34,6019.45,6013.46468,3.3735,755.2,HIT/DEFESA,0.01,5
2024-11-29 11:00:00,134,6019.45,5991.36388,3.3735,755.2,HIT/DEFESA,0.01,5
2024-11-29 12:00:00,34,6019.2,6013.79241,9.1458,6200.0,HIT/DEFESA,11.76,5
2024-11-29 12:00:00,134,6019.2,5991.77626,9.1458,6200.0,HIT/DEFESA,11.76,5
2024-11-29 13:00:00,34,6019.82,6014.13684,3.1074,947.1264,HIT/DEFESA,20.14,5
2024-11-29 13:00:00,134,6019.82,5992.19173,3.1074,947.1264,HIT/DEFESA,20.14,5
2024-11-29 17:00:00,34,6030.96,6015.2021,25.167,175.1111,HIT/DEFESA,2.44,5
2024-11-29 17:00:00,134,6030.96,5993.73975,25.167,175.1111,HIT/DEFESA,2.44,5
2024-12-02 01:00:00,34,6034.15,6019.82592,-9.6193,124.8235,HIT/DEFESA,-5.5,5
2024-12-02 01:00:00,134,6034.15,5996.26714,-9.6193,124.8235,HIT/DEFESA,-5.5,5
2024-12-02 02:00:00,34,6033.4,6020.60158,-7.5522,595.679,HIT/DEFESA,-5.75,5
2024-12-02 02:00:00,134,6033.4,5996.81726,-7.5522,595.679,HIT/DEFESA,-5.75,5
2024-12-02 03:00:00,34,6030.9,6021.19006,-10.8655,334.2222,HIT/DEFESA,-3.0,5
2024-12-02 03:00:00,134,6030.9,5997.32219,-10.8655,334.2222,HIT/DEFESA,-3.0,5
2024-12-02 04:00:00,34,6030.15,6021.70206,-6.6289,401.0,HIT/DEFESA,-1.97,5
2024-12-02 04:00:00,134,6030.15,5997.80852,-6.6289,401.0,HIT/DEFESA,-1.97,5
2024-12-02 06:00:00,34,6028.65,6022.44648,-3.7308,1076.0,HIT/DEFESA,-0.22,5
2024-12-02 06:00:00,134,6028.65,5998.70828,-3.7308,1076.0,HIT/DEFESA,-0.22,5
2024-12-02 10:00:00,34,6030.43,6023.73785,4.6121,226.5455,HIT/DEFESA,9.75,5
2024-12-02 10:00:00,134,6030.43,6000.43812,4.6121,226.5455,HIT/DEFESA,9.75,5
2024-12-02 11:00:00,34,6028.43,6024.00597,0.8792,268.0,HIT/DEFESA,13.88,5
2024-12-02 11:00:00,134,6028.43,6000.85282,0.8792,268.0,HIT/DEFESA,13.88,5
2024-12-02 12:00:00,34,6028.93,6024.28735,1.2442,2616.0,HIT/DEFESA,12.01,5
2024-12-02 12:00:00,134,6028.93,6001.26877,1.2442,2616.0,HIT/DEFESA,12.01,5
2024-12-02 13:00:00,34,6032.55,6024.7595,3.5155,135.0148,HIT/DEFESA,17.89,5
2024-12-02 13:00:00,134,6032.55,6001.7322,3.5155,135.0148,HIT/DEFESA,17.89,5
2024-12-02 14:00:00,34,6037.8,6025.50467,15.543,126.7578,HIT/DEFESA,11.64,5
2024-12-02 14:00:00,134,6037.8,6002.26654,15.543,126.7578,HIT/DEFESA,11.64,5
2024-12-02 15:00:00,34,6040.18,6026.34326,18.66,312.0,HIT/DEFESA,11.26,5
2024-12-02 15:00:00,134,6040.18,6002.82822,18.66,312.0,HIT/DEFESA,11.26,5
2024-12-02 16:00:00,34,6042.31,6027.25564,16.1789,1340.796,HIT/DEFESA,10.88,5
2024-12-02 16:00:00,134,6042.31,6003.41313,16.1789,1340.796,HIT/DEFESA,10.88,5
2024-12-02 17:00:00,34,6040.94,6028.03761,5.2006,1109.542,HIT/DEFESA,9.75,5
2024-12-02 17:00:00,134,6040.94,6003.96909,5.2006,1109.542,HIT/DEFESA,9.75,5
2024-12-02 18:00:00,34,6050.44,6029.31774,16.9862,202.4615,HIT/DEFESA,1.96,5
2024-12-02 18:00:00,134,6050.44,6004.65755,16.9862,202.4615,HIT/DEFESA,1.96,5
2024-12-02 19:00:00,34,6049.44,6030.46759,11.8001,896.0,HIT/DEFESA,3.47,5
2024-12-02 19:00:00,134,6049.44,6005.32099,11.8001,896.0,HIT/DEFESA,3.47,5
2024-12-02 22:00:00,34,6050.69,6033.91276,2.0663,632.8889,HIT/DEFESA,0.47,5
2024-12-02 22:00:00,134,6050.69,6007.35494,2.0663,632.8889,HIT/DEFESA,0.47,5
2024-12-02 23:00:00,34,6052.4,6034.96917,1.5864,286.2245,HIT/DEFESA,2.51,5
2024-12-02 23:00:00,134,6052.4,6008.02227,1.5864,286.2245,HIT/DEFESA,2.51,5
2024-12-03 02:00:00,34,6051.16,6036.86097,0.7768,126.0,HIT/DEFESA,4.0,5
2024-12-03 02:00:00,134,6051.16,6009.3165,0.7768,126.0,HIT/DEFESA,4.0,5
2024-12-03 10:00:00,34,6054.44,6042.91826,-1.1891,378.9137,HIT/DEFESA,-4.25,5
2024-12-03 10:00:00,134,6054.44,6014.22622,-1.1891,378.9137,HIT/DEFESA,-4.25,5
2024-12-03 12:00:00,34,6049.94,6043.91333,-2.0657,121.8447,HIT/DEFESA,-7.74,5
2024-12-03 12:00:00,134,6049.94,6015.33495,-2.0657,121.8447,HIT/DEFESA,-7.74,5
2024-12-03 13:00:00,34,6052.44,6044.40057,-3.3034,226.6667,HIT/DEFESA,-13.24,5
2024-12-03 13:00:00,134,6052.44,6015.88466,-3.3034,226.6667,HIT/DEFESA,-13.24,5
2024-12-03 14:00:00,34,6052.19,6044.84568,-2.8907,1296.0,HIT/DEFESA,-1.49,5
2024-12-03 14:00:00,134,6052.19,6016.42251,-2.8907,1296.0,HIT/DEFESA,-1.49,5
2024-12-03 19:00:00,34,6050.7,6045.08952,6.0029,115.4667,HIT/DEFESA,8.71,5
2024-12-03 19:00:00,134,6050.7,6018.53885,6.0029,115.4667,HIT/DEFESA,8.71,5
2024-12-03 20:00:00,34,6047.95,6045.25298,9.5164,372.4,HIT/DEFESA,8.71,5
2024-12-03 20:00:00,134,6047.95,6018.97457,9.5164,372.4,HIT/DEFESA,8.71,5
2024-12-03 21:00:00,34,6053.95,6045.74995,24.4238,151.68,HIT/DEFESA,2.71,5
2024-12-03 21:00:00,134,6053.95,6019.49273,24.4238,151.68,HIT/DEFESA,2.71,5
2024-12-03 22:00:00,34,6051.95,6046.10424,2.0659,562.8571,HIT/DEFESA,7.96,5
2024-12-03 22:00:00,134,6051.95,6019.97357,2.0659,562.8571,HIT/DEFESA,7.96,5
2024-12-03 23:00:00,34,6057.41,6046.75028,15.6417,99.2322,HIT/DEFESA,2.25,5
2024-12-03 23:00:00,134,6057.41,6020.52819,15.6417,99.2322,HIT/DEFESA,2.25,5
2024-12-04 01:00:00,34,6059.41,6047.47369,9.0189,171.1429,HIT/DEFESA,2.25,5
2024-12-04 01:00:00,134,6059.41,6021.10422,9.0189,171.1429,HIT/DEFESA,2.25,5
2024-12-04 02:00:00,34,6056.66,6047.99863,7.7826,203.8168,HIT/DEFESA,5.75,5
2024-12-04 02:00:00,134,6056.66,6021.63097,7.7826,203.8168,HIT/DEFESA,5.75,5
2024-12-04 04:00:00,34,6059.91,6049.14593,0.8252,93.0,HIT/DEFESA,1.78,5
2024-12-04 04:00:00,134,6059.91,6022.70933,0.8252,93.0,HIT/DEFESA,1.78,5
2024-12-04 05:00:00,34,6059.66,6049.74673,4.9532,476.0,HIT/DEFESA,6.78,5
2024-12-04 05:00:00,134,6059.66,6023.25674,4.9532,476.0,HIT/DEFESA,6.78,5
2024-12-04 06:00:00,34,6061.66,6050.42749,8.2554,65.1429,HIT/DEFESA,5.53,5
2024-12-04 06:00:00,134,6061.66,6023.82568,8.2554,65.1429,HIT/DEFESA,5.53,5
2024-12-04 07:00:00,34,6062.41,6051.11221,4.1255,252.0,HIT/DEFESA,6.28,5
2024-12-04 07:00:00,134,6062.41,6024.3973,4.1255,252.0,HIT/DEFESA,6.28,5
2024-12-04 08:00:00,34,6061.66,6051.71494,3.3005,285.0575,HIT/DEFESA,10.03,5
2024-12-04 08:00:00,134,6061.66,6024.94934,3.3005,285.0575,HIT/DEFESA,10.03,5
2024-12-04 09:00:00,34,6061.69,6052.28494,0.0495,2418.75,HIT/DEFESA,8.0,5
2024-12-04 09:00:00,134,6061.69,6025.49365,0.0495,2418.75,HIT/DEFESA,8.0,5
2024-12-04 10:00:00,34,6066.44,6053.0938,6.6475,165.0108,HIT/DEFESA,8.5,5
2024-12-04 10:00:00,134,6066.44,6026.10026,6.6475,165.0108,HIT/DEFESA,8.5,5
2024-12-04 11:00:00,34,6067.19,6053.8993,9.1229,1358.0,HIT/DEFESA,5.13,5
2024-12-04 11:00:00,134,6067.19,6026.70899,9.1229,1358.0,HIT/DEFESA,5.13,5
2024-12-04 12:00:00,34,6068.69,6054.74448,11.5479,333.3333,HIT/DEFESA,6.76,5
2024-12-04 12:00:00,134,6068.69,6027.33094,11.5479,333.3333,HIT/DEFESA,6.76,5
2024-12-04 13:00:00,34,6071.69,6055.7128,8.6542,165.8462,HIT/DEFESA,5.51,5
2024-12-04 13:00:00,134,6071.69,6027.98811,8.6542,165.8462,HIT/DEFESA,5.51,5
2024-12-04 14:00:00,34,6069.69,6056.51149,4.1205,206.2857,HIT/DEFESA,7.76,5
2024-12-04 14:00:00,134,6069.69,6028.60591,4.1205,206.2857,HIT/DEFESA,7.76,5
2024-12-04 16:00:00,34,6072.32,6058.40772,1.0376,802.5316,HIT/DEFESA,10.38,5
2024-12-04 16:00:00,134,6072.32,6029.92979,1.0376,802.5316,HIT/DEFESA,10.38,5
2024-12-04 17:00:00,34,6075.45,6059.38156,9.4898,846.0,HIT/DEFESA,13.75,5
2024-12-04 17:00:00,134,6075.45,6030.60416,9.4898,846.0,HIT/DEFESA,13.75,5
2024-12-04 18:00:00,34,6077.2,6060.39976,3.7202,766.8712,HIT/DEFESA,9.21,5
2024-12-04 18:00:00,134,6077.2,6031.29447,3.7202,766.8712,HIT/DEFESA,9.21,5
2024-12-04 19:00:00,34,6077.45,6061.37406,8.4482,1796.0,HIT/DEFESA,7.22,5
2024-12-04 19:00:00,134,6077.45,6031.97826,8.4482,1796.0,HIT/DEFESA,7.22,5
2024-12-04 21:00:00,34,6082.7,6063.22984,9.0502,114.4615,HIT/DEFESA,2.72,5
2024-12-04 21:00:00,134,6082.7,6033.33134,9.0502,114.4615,HIT/DEFESA,2.72,5
2024-12-05 05:00:00,34,6085.92,6070.65986,6.1656,82.5,HIT/DEFESA,0.28,5
2024-12-05 05:00:00,134,6085.92,6038.48906,6.1656,82.5,HIT/DEFESA,0.28,5
2024-12-05 09:00:00,34,6084.7,6073.78363,0.4602,305.4422,HIT/DEFESA,3.75,5
2024-12-05 09:00:00,134,6084.7,6041.21669,0.4602,305.4422,HIT/DEFESA,3.75,5
2024-12-05 14:00:00,34,6088.45,6076.96021,3.6969,144.3636,HIT/DEFESA,8.51,5
2024-12-05 14:00:00,134,6088.45,6044.45233,3.6969,144.3636,HIT/DEFESA,8.51,5
2024-12-05 15:00:00,34,6086.7,6077.51677,3.2869,296.5,HIT/DEFESA,0.01,5
2024-12-05 15:00:00,134,6086.7,6045.07822,3.2869,296.5,HIT/DEFESA,0.01,5
2024-12-05 17:00:00,34,6082.46,6078.49659,-9.8383,227.0303,HIT/DEFESA,-2.75,5
2024-12-05 17:00:00,134,6082.46,6046.29439,-9.8383,227.0303,HIT/DEFESA,-2.75,5
2024-12-05 21:00:00,34,6084.96,6080.81936,-9.0305,687.0,HIT/DEFESA,-11.09,5
2024-12-05 21:00:00,134,6084.96,6048.81127,-9.0305,687.0,HIT/DEFESA,-11.09,5
2024-12-05 22:00:00,34,6079.71,6080.75597,-28.2928,379.7778,HIT/DEFESA,-3.59,5
2024-12-05 22:00:00,134,6079.71,6049.26903,-28.2928,379.7778,HIT/DEFESA,-3.59,5
2024-12-05 23:00:00,34,6076.42,6080.5082,-16.9057,130.9211,HIT/DEFESA,-3.05,5
2024-12-05 23:00:00,134,6076.42,6049.67127,-16.9057,130.9211,HIT/DEFESA,-3.05,5
2024-12-06 06:00:00,34,6075.37,6078.74865,2.4696,72.8889,HIT/DEFESA,0.28,5
2024-12-06 06:00:00,134,6075.37,6051.80513,2.4696,72.8889,HIT/DEFESA,0.28,5
2024-12-06 07:00:00,34,6075.37,6078.55559,-1.2343,1608.3333,HIT/DEFESA,-3.97,5
2024-12-06 07:00:00,134,6075.37,6052.15424,-1.2343,1608.3333,HIT/DEFESA,-3.97,5
2024-12-06 10:00:00,34,6078.15,6078.24021,4.5759,284.4538,HIT/DEFESA,7.25,5
2024-12-06 10:00:00,134,6078.15,6053.22336,4.5759,284.4538,HIT/DEFESA,7.25,5
2024-12-06 11:00:00,34,6075.65,6078.0922,0.0494,230.2222,HIT/DEFESA,25.38,5
2024-12-06 11:00:00,134,6075.65,6053.5556,0.0494,230.2222,HIT/DEFESA,25.38,5
2024-12-06 15:00:00,34,6085.4,6077.75197,23.0589,178.4186,HIT/DEFESA,5.76,5
2024-12-06 15:00:00,134,6085.4,6054.86973,23.0589,178.4186,HIT/DEFESA,5.76,5
2024-12-06 20:00:00,34,6091.16,6081.44841,-10.6598,170.1429,HIT/DEFESA,-0.94,5
2024-12-06 20:00:00,134,6091.16,6057.57838,-10.6598,170.1429,HIT/DEFESA,-0.94,5
2024-12-06 22:00:00,34,6089.41,6082.04945,8.2177,190.7273,HIT/DEFESA,0.31,5
2024-12-06 22:00:00,134,6089.41,6058.43793,8.2177,190.7273,HIT/DEFESA,0.31,5
2024-12-09 07:00:00,34,6087.97,6084.70696,-2.8737,158.4,HIT/DEFESA,-1.85,5
2024-12-09 07:00:00,134,6087.97,6061.90418,-2.8737,158.4,HIT/DEFESA,-1.85,5
2024-12-09 12:00:00,34,6086.12,6086.31403,-16.2073,292.0168,HIT/DEFESA,-20.86,5
2024-12-09 12:00:00,134,6086.12,6064.00587,-16.2073,292.0168,HIT/DEFESA,-20.86,5
2024-12-09 13:00:00,34,6087.5,6086.3818,-14.3531,650.6667,HIT/DEFESA,-15.99,5
2024-12-09 13:00:00,134,6087.5,6064.35393,-14.3531,650.6667,HIT/DEFESA,-15.99,5
2024-12-09 16:00:00,34,6086.01,6086.66001,-2.4476,520.438,HIT/DEFESA,-24.5,5
2024-12-09 16:00:00,134,6086.01,6065.39605,-2.4476,520.438,HIT/DEFESA,-24.5,5
2024-12-09 17:00:00,34,6065.26,6085.43716,-39.8062,109.6023,HIT/DEFESA,-6.5,5
2024-12-09 17:00:00,134,6065.26,6065.39404,-39.8062,109.6023,HIT/DEFESA,-6.5,5
2024-12-09 18:00:00,34,6071.51,6084.64132,-28.7239,374.6667,HIT/DEFESA,-15.04,5
2024-12-09 18:00:00,134,6071.51,6065.48465,-28.7239,374.6667,HIT/DEFESA,-15.04,5
2024-12-09 19:00:00,34,6064.76,6083.50524,-34.9161,226.6154,HIT/DEFESA,-9.53,5
2024-12-09 19:00:00,134,6064.76,6065.47391,-34.9161,226.6154,HIT/DEFESA,-9.53,5
2024-12-09 21:00:00,34,6061.51,6081.6021,-16.4704,144.7179,HIT/DEFESA,-7.78,5
2024-12-09 21:00:00,134,6061.51,6065.50328,-16.4704,144.7179,HIT/DEFESA,-7.78,5
2024-12-09 22:00:00,34,6058.76,6080.29684,-9.8932,487.3333,HIT/DEFESA,-4.78,5
2024-12-09 22:00:00,134,6058.76,6065.40338,-9.8932,487.3333,HIT/DEFESA,-4.78,5
2024-12-09 23:00:00,34,6056.47,6078.9353,-24.7714,150.0,HIT/DEFESA,-0.99,5
2024-12-09 23:00:00,134,6056.47,6065.27104,-24.7714,150.0,HIT/DEFESA,-0.99,5
2024-12-10 01:00:00,34,6055.23,6077.58071,-10.3605,210.0,HIT/DEFESA,-0.75,5
2024-12-10 01:00:00,134,6055.23,6065.12228,-10.3605,210.0,HIT/DEFESA,-0.75,5
2024-12-10 02:00:00,34,6055.98,6076.34639,-4.5884,362.0,HIT/DEFESA,-1.0,5
2024-12-10 02:00:00,134,6055.98,6064.98684,-4.5884,362.0,HIT/DEFESA,-1.0,5
2024-12-10 05:00:00,34,6055.48,6072.80009,-0.8256,122.4638,HIT/DEFESA,-1.72,5
2024-12-10 05:00:00,134,6055.48,6064.52349,-0.8256,122.4638,HIT/DEFESA,-1.72,5
2024-12-10 07:00:00,34,6054.98,6070.79476,1.6518,904.0,HIT/DEFESA,4.53,5
2024-12-10 07:00:00,134,6054.98,6064.23551,1.6518,904.0,HIT/DEFESA,4.53,5
2024-12-10 09:00:00,34,6055.26,6069.02806,1.2883,507.5472,HIT/DEFESA,9.0,5
2024-12-10 09:00:00,134,6055.26,6063.96016,1.2883,507.5472,HIT/DEFESA,9.0,5
2024-12-10 12:00:00,34,6059.51,6066.85902,7.0187,72.884,HIT/DEFESA,2.01,5
2024-12-10 12:00:00,134,6059.51,6063.59139,7.0187,72.884,HIT/DEFESA,2.01,5
2024-12-10 16:00:00,34,6062.02,6065.88515,-1.2206,1020.4545,HIT/DEFESA,-13.5,5
2024-12-10 16:00:00,134,6062.02,6063.51367,-1.2206,1020.4545,HIT/DEFESA,-13.5,5
2024-12-10 17:00:00,34,6061.52,6065.63571,-4.5183,3033.3333,HIT/DEFESA,-20.75,5
2024-12-10 17:00:00,134,6061.52,6063.48414,-4.5183,3033.3333,HIT/DEFESA,-20.75,5
2024-12-10 18:00:00,34,6057.27,6065.15767,-4.5214,455.5556,HIT/DEFESA,-11.54,5
2024-12-10 18:00:00,134,6057.27,6063.39208,-4.5214,455.5556,HIT/DEFESA,-11.54,5
2024-12-10 19:00:00,34,6055.02,6064.57837,-11.5473,550.0,HIT/DEFESA,-9.51,5
2024-12-10 19:00:00,134,6055.02,6063.26804,-11.5473,550.0,HIT/DEFESA,-9.51,5
2024-12-10 20:00:00,34,6052.27,6063.87504,-15.2602,374.0,HIT/DEFESA,-7.76,5
2024-12-10 20:00:00,134,6052.27,6063.10511,-15.2602,374.0,HIT/DEFESA,-7.76,5
2024-12-10 21:00:00,34,6048.52,6062.99761,-14.4455,323.7143,HIT/DEFESA,-3.64,5
2024-12-10 21:00:00,134,6048.52,6062.88904,-14.4455,323.7143,HIT/DEFESA,-3.64,5
2024-12-10 23:00:00,34,6045.73,6060.81332,-10.8059,53.5032,HIT/DEFESA,-1.72,5
2024-12-10 23:00:00,134,6045.73,6062.31199,-10.8059,53.5032,HIT/DEFESA,-1.72,5
2024-12-11 01:00:00,34,6045.51,6059.93884,-4.9764,136.0,HIT/DEFESA,-1.0,5
2024-12-11 01:00:00,134,6045.51,6062.06307,-4.9764,136.0,HIT/DEFESA,-1.0,5
2024-12-11 02:00:00,34,6044.51,6059.05719,6.1913,358.6207,HIT/DEFESA,0.5,5
2024-12-11 02:00:00,134,6044.51,6061.80303,6.1913,358.6207,HIT/DEFESA,0.5,5
2024-12-11 04:00:00,34,6044.26,6057.44781,-2.0677,556.0,HIT/DEFESA,-2.47,5
2024-12-11 04:00:00,134,6044.26,6061.29613,-2.0677,556.0,HIT/DEFESA,-2.47,5
2024-12-11 07:00:00,34,6045.01,6055.35739,1.2408,246.6667,HIT/DEFESA,0.28,5
2024-12-11 07:00:00,134,6045.01,6060.5613,1.2408,246.6667,HIT/DEFESA,0.28,5
2024-12-11 12:00:00,34,6045.29,6052.68047,5.793,983.7838,HIT/DEFESA,34.26,5
2024-12-11 12:00:00,134,6045.29,6059.43067,5.793,983.7838,HIT/DEFESA,34.26,5
2024-12-11 13:00:00,34,6046.04,6052.30101,2.0679,594.0,HIT/DEFESA,43.76,5
2024-12-11 13:00:00,134,6046.04,6059.23229,2.0679,594.0,HIT/DEFESA,43.76,5
2024-12-11 15:00:00,34,6064.79,6052.63693,32.2565,66.9763,HIT/DEFESA,25.51,5
2024-12-11 15:00:00,134,6064.79,6059.11113,32.2565,66.9763,HIT/DEFESA,25.51,5
2024-12-11 16:00:00,34,6077.8,6054.07482,52.5303,130.4859,HIT/DEFESA,13.5,5
2024-12-11 16:00:00,134,6077.8,6059.38801,52.5303,130.4859,HIT/DEFESA,13.5,5
2024-12-11 17:00:00,34,6079.55,6055.53055,56.6722,1006.5,HIT/DEFESA,7.0,5
2024-12-11 17:00:00,134,6079.55,6059.6867,56.6722,1006.5,HIT/DEFESA,7.0,5
2024-12-11 22:00:00,34,6086.55,6064.35309,-11.0777,186.4,HIT/DEFESA,-8.41,5
2024-12-11 22:00:00,134,6086.55,6061.88271,-11.0777,186.4,HIT/DEFESA,-8.41,5
2024-12-11 23:00:00,34,6081.26,6065.3192,-14.8433,66.065,HIT/DEFESA,-2.12,5
2024-12-11 23:00:00,134,6081.26,6062.16978,-14.8433,66.065,HIT/DEFESA,-2.12,5
2024-12-12 01:00:00,34,6081.64,6066.25182,-15.8587,706.0,HIT/DEFESA,-1.75,5
2024-12-12 01:00:00,134,6081.64,6062.45823,-15.8587,706.0,HIT/DEFESA,-1.75,5
2024-12-12 05:00:00,34,6079.14,6068.87466,-0.4112,305.3333,HIT/DEFESA,-1.47,5
2024-12-12 05:00:00,134,6079.14,6063.40319,-0.4112,305.3333,HIT/DEFESA,-1.47,5
2024-12-12 09:00:00,34,6078.17,6071.14919,-2.829,180.3279,HIT/DEFESA,-3.0,5
2024-12-12 09:00:00,134,6078.17,6064.35113,-2.829,180.3279,HIT/DEFESA,-3.0,5
2024-12-12 10:00:00,34,6077.67,6071.52181,-6.117,2016.0,HIT/DEFESA,-4.75,5
2024-12-12 10:00:00,134,6077.67,6064.54844,-6.117,2016.0,HIT/DEFESA,-4.75,5
2024-12-12 11:00:00,34,6076.92,6071.83028,-4.4739,441.0,HIT/DEFESA,-3.74,5
2024-12-12 11:00:00,134,6076.92,6064.73173,-4.4739,441.0,HIT/DEFESA,-3.74,5
2024-12-12 13:00:00,34,6076.17,6072.40636,-2.4681,253.5,HIT/DEFESA,-7.24,5
2024-12-12 13:00:00,134,6076.17,6065.09367,-2.4681,253.5,HIT/DEFESA,-7.24,5
2024-12-12 15:00:00,34,6072.92,6072.58461,-8.2265,754.5,HIT/DEFESA,-4.49,5
2024-12-12 15:00:00,134,6072.92,6065.35668,-8.2265,754.5,HIT/DEFESA,-4.49,5
2024-12-12 16:00:00,34,6073.18,6072.61863,-4.9209,255400.0,HIT/DEFESA,-11.25,5
2024-12-12 16:00:00,134,6073.18,6065.47258,-4.9209,255400.0,HIT/DEFESA,-11.25,5
2024-12-12 18:00:00,34,6068.93,6072.74789,-6.5702,199.6098,HIT/DEFESA,-14.79,5
2024-12-12 18:00:00,134,6068.93,6065.72022,-6.5702,199.6098,HIT/DEFESA,-14.79,5
2024-12-12 20:00:00,34,6068.43,6072.83423,-17.2728,145.2683,HIT/DEFESA,-4.42,5
2024-12-12 20:00:00,134,6068.43,6065.95317,-17.2728,145.2683,HIT/DEFESA,-4.42,5
2024-12-12 21:00:00,34,6061.93,6072.21113,-11.5342,308.64,HIT/DEFESA,-0.92,5
2024-12-12 21:00:00,134,6061.93,6065.89356,-11.5342,308.64,HIT/DEFESA,-0.92,5
2024-12-13 03:00:00,34,6061.01,6068.90016,11.3476,156.3636,HIT/DEFESA,3.75,5
2024-12-13 03:00:00,134,6061.01,6065.40029,11.3476,156.3636,HIT/DEFESA,3.75,5
2024-12-13 06:00:00,34,6061.76,6067.45227,1.2374,51.75,HIT/DEFESA,12.53,5
2024-12-13 06:00:00,134,6061.76,6065.16088,1.2374,51.75,HIT/DEFESA,12.53,5
2024-12-13 08:00:00,34,6064.76,6066.92439,11.9686,52.5,HIT/DEFESA,10.28,5
2024-12-13 08:00:00,134,6064.76,6065.08706,11.9686,52.5,HIT/DEFESA,10.28,5
2024-12-13 09:00:00,34,6065.29,6066.831,5.8234,585.8974,HIT/DEFESA,12.0,5
2024-12-13 09:00:00,134,6065.29,6065.09007,5.8234,585.8974,HIT/DEFESA,12.0,5
2024-12-13 10:00:00,34,6069.79,6067.00008,15.3122,143.3684,HIT/DEFESA,7.25,5
2024-12-13 10:00:00,134,6069.79,6065.1597,15.3122,143.3684,HIT/DEFESA,7.25,5
2024-12-13 16:00:00,34,6070.05,6069.33043,-8.2139,326.2611,HIT/DEFESA,-18.5,5
2024-12-13 16:00:00,134,6070.05,6065.99382,-8.2139,326.2611,HIT/DEFESA,-18.5,5
2024-12-13 18:00:00,34,6046.55,6066.62623,-50.1725,1162.0,HIT/DEFESA,-0.29,5
2024-12-13 18:00:00,134,6046.55,6065.37454,-50.1725,1162.0,HIT/DEFESA,-0.29,5
2024-12-13 20:00:00,34,6049.55,6064.08389,10.342,144.3265,HIT/DEFESA,6.44,5
2024-12-13 20:00:00,134,6049.55,6064.734,10.342,144.3265,HIT/DEFESA,6.44,5
2024-12-13 21:00:00,34,6051.55,6063.36767,8.2692,578.2222,HIT/DEFESA,6.44,5
2024-12-13 21:00:00,134,6051.55,6064.53868,8.2692,578.2222,HIT/DEFESA,6.44,5
2024-12-13 22:00:00,34,6050.8,6062.64952,21.946,1811.4943,HIT/DEFESA,7.94,5
2024-12-13 22:00:00,134,6050.8,6064.33514,21.946,1811.4943,HIT/DEFESA,7.94,5
2024-12-16 01:00:00,34,6053.99,6061.27166,4.032,309.8592,HIT/DEFESA,1.5,5
2024-12-16 01:00:00,134,6053.99,6063.91807,4.032,309.8592,HIT/DEFESA,1.5,5
2024-12-16 09:00:00,34,6055.52,6059.35699,0.0495,631.9588,HIT/DEFESA,10.5,5
2024-12-16 09:00:00,134,6055.52,6063.05488,0.0495,631.9588,HIT/DEFESA,10.5,5
2024-12-16 10:00:00,34,6055.39,6059.1303,2.7256,2620.6349,HIT/DEFESA,17.63,5
2024-12-16 10:00:00,134,6055.39,6062.94133,2.7256,2620.6349,HIT/DEFESA,17.63,5
2024-12-16 11:00:00,34,6060.52,6059.20972,7.0671,194.8571,HIT/DEFESA,11.76,5
2024-12-16 11:00:00,134,6060.52,6062.90546,7.0671,194.8571,HIT/DEFESA,11.76,5
2024-12-16 12:00:00,34,6063.27,6059.44173,12.7982,292.0,HIT/DEFESA,13.51,5
2024-12-16 12:00:00,134,6063.27,6062.91086,12.7982,292.0,HIT/DEFESA,13.51,5
2024-12-16 13:00:00,34,6063.02,6059.6462,12.6003,3868.0,HIT/DEFESA,16.51,5
2024-12-16 13:00:00,134,6063.02,6062.91247,12.6003,3868.0,HIT/DEFESA,16.51,5
2024-12-16 14:00:00,34,6066.02,6060.01042,9.0751,267.4121,HIT/DEFESA,16.38,5
2024-12-16 14:00:00,134,6066.02,6062.95851,9.0751,267.4121,HIT/DEFESA,16.38,5
2024-12-16 15:00:00,34,6073.02,6060.75383,16.0804,132.4138,HIT/DEFESA,13.01,5
2024-12-16 15:00:00,134,6073.02,6063.10757,16.0804,132.4138,HIT/DEFESA,13.01,5
2024-12-16 16:00:00,34,6072.28,6061.41246,15.2729,4421.2121,HIT/DEFESA,12.75,5
2024-12-16 16:00:00,134,6072.28,6063.24346,15.2729,4421.2121,HIT/DEFESA,12.75,5
2024-12-16 17:00:00,34,6076.78,6062.29061,17.7382,1281.4118,HIT/DEFESA,1.0,5
2024-12-16 17:00:00,134,6076.78,6063.444,17.7382,1281.4118,HIT/DEFESA,1.0,5
2024-12-16 22:00:00,34,6077.78,6067.34847,-7.5957,373.6,HIT/DEFESA,-1.59,5
2024-12-16 22:00:00,134,6077.78,6064.78924,-7.5957,373.6,HIT/DEFESA,-1.59,5
2024-12-17 06:00:00,34,6073.69,6069.42128,-2.4691,520.9677,HIT/DEFESA,-11.22,5
2024-12-17 06:00:00,134,6073.69,6065.64394,-2.4691,520.9677,HIT/DEFESA,-11.22,5
2024-12-17 07:00:00,34,6070.69,6069.49378,-9.0517,151.6026,HIT/DEFESA,-8.22,5
2024-12-17 07:00:00,134,6070.69,6065.7187,-9.0517,151.6026,HIT/DEFESA,-8.22,5
2024-12-17 08:00:00,34,6066.56,6069.32614,-12.5613,136.2353,HIT/DEFESA,-6.84,5
2024-12-17 08:00:00,134,6066.56,6065.73116,-12.5613,136.2353,HIT/DEFESA,-6.84,5
2024-12-17 09:00:00,34,6060.22,6068.80578,-22.1776,161.3601,HIT/DEFESA,-4.75,5
2024-12-17 09:00:00,134,6060.22,6065.64952,-22.1776,161.3601,HIT/DEFESA,-4.75,5
2024-12-17 10:00:00,34,6057.22,6068.14374,-22.1886,810.5455,HIT/DEFESA,-2.5,5
2024-12-17 10:00:00,134,6057.22,6065.52463,-22.1886,810.5455,HIT/DEFESA,-2.5,5
2024-12-17 11:00:00,34,6062.47,6067.81953,-6.7419,361.5242,HIT/DEFESA,-9.37,5
2024-12-17 11:00:00,134,6062.47,6065.47938,-6.7419,361.5242,HIT/DEFESA,-9.37,5
2024-12-17 15:00:00,34,6054.72,6065.73795,-12.7836,5288.0,HIT/DEFESA,-2.74,5
2024-12-17 15:00:00,134,6054.72,6065.04845,-12.7836,5288.0,HIT/DEFESA,-2.74,5
2024-12-17 16:00:00,34,6053.1,6065.01578,-10.9246,3954.0146,HIT/DEFESA,-9.12,5
2024-12-17 16:00:00,134,6053.1,6064.87143,-10.9246,3954.0146,HIT/DEFESA,-9.12,5
2024-12-18 01:00:00,34,6048.45,6059.80797,7.3958,240.5751,HIT/DEFESA,12.63,5
2024-12-18 01:00:00,134,6048.45,6063.34734,7.3958,240.5751,HIT/DEFESA,12.63,5
2024-12-18 03:00:00,34,6058.08,6059.23898,12.4286,70.8148,HIT/DEFESA,3.0,5
2024-12-18 03:00:00,134,6058.08,6063.09026,12.4286,70.8148,HIT/DEFESA,3.0,5
2024-12-18 04:00:00,34,6059.58,6059.25847,18.4014,186.4,HIT/DEFESA,0.78,5
2024-12-18 04:00:00,134,6059.58,6063.03825,18.4014,186.4,HIT/DEFESA,0.78,5
2024-12-18 05:00:00,34,6055.58,6059.04827,7.4367,80.2667,HIT/DEFESA,3.78,5
2024-12-18 05:00:00,134,6055.58,6062.92776,7.4367,80.2667,HIT/DEFESA,3.78,5
2024-12-18 06:00:00,34,6061.08,6059.16437,4.9521,36.6957,HIT/DEFESA,3.53,5
2024-12-18 06:00:00,134,6061.08,6062.90038,4.9521,36.6957,HIT/DEFESA,3.53,5
2024-12-18 07:00:00,34,6061.33,6059.28812,2.888,518.0,HIT/DEFESA,8.03,5
2024-12-18 07:00:00,134,6061.33,6062.87712,2.888,518.0,HIT/DEFESA,8.03,5
2024-12-18 08:00:00,34,6061.08,6059.39052,9.0825,2930000.0,HIT/DEFESA,7.03,5
2024-12-18 08:00:00,134,6061.08,6062.8505,9.0825,2930000.0,HIT/DEFESA,7.03,5
2024-12-18 10:00:00,34,6059.36,6059.441,-3.2501,1105.3333,HIT/DEFESA,-2.5,5
2024-12-18 10:00:00,134,6059.36,6062.76244,-3.2501,1105.3333,HIT/DEFESA,-2.5,5
2024-12-18 16:00:00,34,6054.37,6060.71358,-22.643,1127.2031,HIT/DEFESA,-87.0,5
2024-12-18 16:00:00,134,6054.37,6062.87241,-22.643,1127.2031,HIT/DEFESA,-87.0,5
2024-12-18 17:00:00,34,6068.62,6061.16537,-4.9246,150.2759,HIT/DEFESA,-203.25,5
2024-12-18 17:00:00,134,6068.62,6062.95756,-4.9246,150.2759,HIT/DEFESA,-203.25,5
2024-12-18 20:00:00,34,6060.99,6061.51235,-12.5729,904.2553,HIT/DEFESA,-182.39,5
2024-12-18 20:00:00,134,6060.99,6062.97625,-12.5729,904.2553,HIT/DEFESA,-182.39,5
2024-12-18 21:00:00,34,5967.37,6056.13279,-162.7894,114.2324,HIT/DEFESA,-90.52,5
2024-12-18 21:00:00,134,5967.37,6061.55986,-162.7894,114.2324,HIT/DEFESA,-90.52,5
2024-12-19 04:00:00,34,5870.1,6001.06561,5.1133,237.6,HIT/DEFESA,16.9,5
2024-12-19 04:00:00,134,5870.1,6045.21632,5.1133,237.6,HIT/DEFESA,16.9,5
2024-12-19 09:00:00,34,5887.0,5968.52811,23.6672,130.6332,HIT/DEFESA,28.88,5
2024-12-19 09:00:00,134,5887.0,6032.8447,23.6672,130.6332,HIT/DEFESA,28.88,5
2024-12-19 10:00:00,34,5891.38,5964.11964,48.4567,641.6471,HIT/DEFESA,14.25,5
2024-12-19 10:00:00,134,5891.38,6030.74893,48.4567,641.6471,HIT/DEFESA,14.25,5
2024-12-19 11:00:00,34,5891.13,5959.94881,37.108,25630000.0,HIT/DEFESA,15.76,5
2024-12-19 11:00:00,134,5891.13,6028.6805,37.108,25630000.0,HIT/DEFESA,15.76,5
2024-12-19 12:00:00,34,5887.5,5955.80887,0.8493,412.1302,HIT/DEFESA,9.64,5
2024-12-19 12:00:00,134,5887.5,6026.58894,0.8493,412.1302,HIT/DEFESA,9.64,5
2024-12-19 13:00:00,34,5894.25,5952.29122,4.8715,223.8671,HIT/DEFESA,3.39,5
2024-12-19 13:00:00,134,5894.25,6024.62836,4.8715,223.8671,HIT/DEFESA,3.39,5
2024-12-19 15:00:00,34,5905.63,5947.66312,30.7941,268.4103,HIT/DEFESA,6.51,5
2024-12-19 15:00:00,134,5905.63,6021.2782,30.7941,268.4103,HIT/DEFESA,6.51,5
2024-12-19 17:00:00,34,5897.14,5942.57933,-31.6775,1253.0146,HIT/DEFESA,-34.75,5
2024-12-19 17:00:00,134,5897.14,6017.76958,-31.6775,1253.0146,HIT/DEFESA,-34.75,5
2024-12-19 18:00:00,34,5897.64,5940.01137,-13.5295,14341.2698,HIT/DEFESA,-30.79,5
2024-12-19 18:00:00,134,5897.64,6015.98989,-13.5295,14341.2698,HIT/DEFESA,-30.79,5
2024-12-19 19:00:00,34,5889.39,5937.11872,-29.6264,868.0,HIT/DEFESA,-28.3,5
2024-12-19 19:00:00,134,5889.39,6014.11433,-29.6264,868.0,HIT/DEFESA,-28.3,5
2024-12-19 21:00:00,34,5879.39,5932.47414,-30.9446,179.5938,HIT/DEFESA,-39.3,5
2024-12-19 21:00:00,134,5879.39,6010.63007,-30.9446,179.5938,HIT/DEFESA,-39.3,5
2024-12-19 22:00:00,34,5862.39,5928.46933,-45.8452,447.2464,HIT/DEFESA,-23.8,5
2024-12-19 22:00:00,134,5862.39,6008.43392,-45.8452,447.2464,HIT/DEFESA,-23.8,5
2024-12-19 23:00:00,34,5866.85,5924.94823,-76.6051,378.9842,HIT/DEFESA,-35.14,5
2024-12-19 23:00:00,134,5866.85,6006.33638,-76.6051,378.9842,HIT/DEFESA,-35.14,5
2024-12-20 01:00:00,34,5861.09,5921.29919,-31.1257,139.4089,HIT/DEFESA,-20.5,5
2024-12-20 01:00:00,134,5861.09,6004.18458,-31.1257,139.4089,HIT/DEFESA,-20.5,5
2024-12-20 05:00:00,34,5831.71,5903.79252,-17.3404,163.6746,HIT/DEFESA,-2.84,5
2024-12-20 05:00:00,134,5831.71,5994.55317,-17.3404,163.6746,HIT/DEFESA,-2.84,5
2024-12-20 15:00:00,34,5829.12,5869.87134,24.5061,315.8286,HIT/DEFESA,111.01,5
2024-12-20 15:00:00,134,5829.12,5971.58939,24.5061,315.8286,HIT/DEFESA,111.01,5
2024-12-20 16:00:00,34,5837.0,5867.99298,47.1287,1116.6052,HIT/DEFESA,106.88,5
2024-12-20 16:00:00,134,5837.0,5969.59548,47.1287,1116.6052,HIT/DEFESA,106.88,5
2024-12-20 17:00:00,34,5899.13,5869.77223,149.4949,183.4916,HIT/DEFESA,29.5,5
2024-12-20 17:00:00,134,5899.13,5968.55154,149.4949,183.4916,HIT/DEFESA,29.5,5
2024-12-20 20:00:00,34,5940.13,5883.66086,69.5018,278.3529,HIT/DEFESA,5.19,5
2024-12-20 20:00:00,134,5940.13,5967.99905,69.5018,278.3529,HIT/DEFESA,5.19,5
2024-12-23 01:00:00,34,5950.45,5894.71649,11.0534,386.8571,HIT/DEFESA,7.5,5
2024-12-23 01:00:00,134,5950.45,5966.16124,11.0534,386.8571,HIT/DEFESA,7.5,5
2024-12-23 02:00:00,34,5945.32,5897.60812,28.1515,389.4168,HIT/DEFESA,15.63,5
2024-12-23 02:00:00,134,5945.32,5965.85248,28.1515,389.4168,HIT/DEFESA,15.63,5
2024-12-23 03:00:00,34,5953.45,5900.79908,52.9543,162.125,HIT/DEFESA,7.0,5
2024-12-23 03:00:00,134,5953.45,5965.66874,52.9543,162.125,HIT/DEFESA,7.0,5
2024-12-23 04:00:00,34,5953.45,5903.8077,5.0416,4396.0,HIT/DEFESA,2.78,5
2024-12-23 04:00:00,134,5953.45,5965.48772,5.0416,4396.0,HIT/DEFESA,2.78,5
2024-12-23 09:00:00,34,5956.23,5917.50246,-2.8869,332.9493,HIT/DEFESA,-18.0,5
2024-12-23 09:00:00,134,5956.23,5964.9091,-2.8869,332.9493,HIT/DEFESA,-18.0,5
2024-12-23 10:00:00,34,5949.98,5919.35832,-18.4031,446.6154,HIT/DEFESA,-31.25,5
2024-12-23 10:00:00,134,5949.98,5964.68793,-18.4031,446.6154,HIT/DEFESA,-31.25,5
2024-12-23 11:00:00,34,5947.85,5920.98642,-21.1393,1039.916,HIT/DEFESA,-24.99,5
2024-12-23 11:00:00,134,5947.85,5964.43848,-21.1393,1039.916,HIT/DEFESA,-24.99,5
2024-12-23 12:00:00,34,5935.85,5921.83576,-34.2163,149.3266,HIT/DEFESA,-27.11,5
2024-12-23 12:00:00,134,5935.85,5964.01495,-34.2163,149.3266,HIT/DEFESA,-27.11,5
2024-12-23 18:00:00,34,5943.99,5923.16812,42.6781,126.338,HIT/DEFESA,21.46,5
2024-12-23 18:00:00,134,5943.99,5960.77988,42.6781,126.338,HIT/DEFESA,21.46,5
2024-12-23 19:00:00,34,5945.24,5924.42937,37.7858,2528.5714,HIT/DEFESA,21.48,5
2024-12-23 19:00:00,134,5945.24,5960.54966,37.7858,2528.5714,HIT/DEFESA,21.48,5
2024-12-23 20:00:00,34,5956.74,5926.27569,81.2356,314.7556,HIT/DEFESA,8.98,5
2024-12-23 20:00:00,134,5956.74,5960.49322,81.2356,314.7556,HIT/DEFESA,8.98,5
2024-12-23 21:00:00,34,5949.24,5927.58794,8.8325,424.5517,HIT/DEFESA,15.48,5
2024-12-23 21:00:00,134,5949.24,5960.32651,8.8325,424.5517,HIT/DEFESA,15.48,5
2024-12-24 02:00:00,34,5965.72,5935.64988,-0.8716,1233.3333,HIT/DEFESA,-1.0,5
2024-12-24 02:00:00,134,5965.72,5960.65717,-0.8716,1233.3333,HIT/DEFESA,-1.0,5
2024-12-24 06:00:00,34,5966.22,5941.92171,2.5148,287.6106,HIT/DEFESA,9.28,5
2024-12-24 06:00:00,134,5966.22,5960.94007,2.5148,287.6106,HIT/DEFESA,9.28,5
2024-12-24 08:00:00,34,5967.22,5944.59564,3.772,154.2222,HIT/DEFESA,4.28,5
2024-12-24 08:00:00,134,5967.22,5961.08828,3.772,154.2222,HIT/DEFESA,4.28,5
2024-12-24 09:00:00,34,5969.75,5946.03304,5.9166,296.4912,HIT/DEFESA,4.25,5
2024-12-24 09:00:00,134,5969.75,5961.2166,5.9166,296.4912,HIT/DEFESA,4.25,5
2024-12-24 10:00:00,34,5968.25,5947.30258,5.9181,627.4286,HIT/DEFESA,8.0,5
2024-12-24 10:00:00,134,5968.25,5961.3208,5.9181,627.4286,HIT/DEFESA,8.0,5
2024-12-24 11:00:00,34,5975.5,5948.91386,13.8758,123.46,HIT/DEFESA,14.01,5
2024-12-24 11:00:00,134,5975.5,5961.53086,13.8758,123.46,HIT/DEFESA,14.01,5
2024-12-24 12:00:00,34,5974.62,5950.38278,8.1578,649.0,HIT/DEFESA,35.14,5
2024-12-24 12:00:00,134,5974.62,5961.72477,8.1578,649.0,HIT/DEFESA,35.14,5
2024-12-24 13:00:00,34,5971.5,5951.58948,5.4455,243.0769,HIT/DEFESA,36.01,5
2024-12-24 13:00:00,134,5971.5,5961.86959,5.4455,243.0769,HIT/DEFESA,36.01,5
2024-12-24 15:00:00,34,5976.25,5954.20608,2.7282,273.4545,HIT/DEFESA,51.26,5
2024-12-24 15:00:00,134,5976.25,5962.25968,2.7282,273.4545,HIT/DEFESA,51.26,5
2024-12-24 16:00:00,34,5989.51,5956.22344,30.1599,254.5522,HIT/DEFESA,40.27,5
2024-12-24 16:00:00,134,5989.51,5962.66339,30.1599,254.5522,HIT/DEFESA,40.27,5
2024-12-24 17:00:00,34,6009.76,5959.28267,59.8594,164.55,HIT/DEFESA,18.77,5
2024-12-24 17:00:00,134,6009.76,5963.36112,59.8594,164.55,HIT/DEFESA,18.77,5
2024-12-24 18:00:00,34,6007.51,5962.03852,52.307,1145.5,HIT/DEFESA,24.27,5
2024-12-24 18:00:00,134,6007.51,5964.01518,52.307,1145.5,HIT/DEFESA,24.27,5
2024-12-24 19:00:00,34,6029.01,5965.86546,65.9486,139.1529,HIT/DEFESA,2.89,5
2024-12-24 19:00:00,134,6029.01,5964.97806,65.9486,139.1529,HIT/DEFESA,2.89,5
2024-12-24 20:00:00,34,6027.51,5969.38801,29.5353,270.9877,HIT/DEFESA,9.52,5
2024-12-24 20:00:00,134,6027.51,5965.90446,29.5353,270.9877,HIT/DEFESA,9.52,5
2024-12-26 01:00:00,34,6029.78,5972.83898,37.0703,6583.3333,HIT/DEFESA,3.25,5
2024-12-26 01:00:00,134,6029.78,5966.85077,37.0703,6583.3333,HIT/DEFESA,3.25,5
2024-12-26 04:00:00,34,6031.9,5982.21853,3.5159,1192.0,HIT/DEFESA,1.66,5
2024-12-26 04:00:00,134,6031.9,5969.64901,3.5159,1192.0,HIT/DEFESA,1.66,5
2024-12-26 08:00:00,34,6031.53,5993.0881,-9.1104,104.0,HIT/DEFESA,-22.35,5
2024-12-26 08:00:00,134,6031.53,5973.38591,-9.1104,104.0,HIT/DEFESA,-22.35,5
2024-12-26 10:00:00,34,6017.06,5996.63845,-29.7762,101.5385,HIT/DEFESA,-8.25,5
2024-12-26 10:00:00,134,6017.06,5974.9112,-29.7762,101.5385,HIT/DEFESA,-8.25,5
2024-12-26 14:00:00,34,6009.93,5999.11057,2.2801,1643.6782,HIT/DEFESA,14.14,5
2024-12-26 14:00:00,134,6009.93,5976.85113,2.2801,1643.6782,HIT/DEFESA,14.14,5
2024-12-26 15:00:00,34,6008.81,5999.66483,4.9952,1523.2,HIT/DEFESA,19.13,5
2024-12-26 15:00:00,134,6008.81,5977.32459,4.9952,1523.2,HIT/DEFESA,19.13,5
2024-12-26 16:00:00,34,6014.07,6000.48798,8.1375,893.617,HIT/DEFESA,18.0,5
2024-12-26 16:00:00,134,6014.07,5977.86897,8.1375,893.617,HIT/DEFESA,18.0,5
2024-12-26 17:00:00,34,6022.57,6001.74981,21.0319,486.4242,HIT/DEFESA,5.0,5
2024-12-26 17:00:00,134,6022.57,5978.53121,21.0319,486.4242,HIT/DEFESA,5.0,5
2024-12-26 19:00:00,34,6024.07,6004.68576,16.6277,300.4571,HIT/DEFESA,3.69,5
2024-12-26 19:00:00,134,6024.07,5979.99457,16.6277,300.4571,HIT/DEFESA,3.69,5
2024-12-26 21:00:00,34,6032.07,6007.50346,-0.8288,554.1176,HIT/DEFESA,-13.31,5
2024-12-26 21:00:00,134,6032.07,5981.46584,-0.8288,554.1176,HIT/DEFESA,-13.31,5
2024-12-26 23:00:00,34,6023.53,6009.5004,-7.3159,177.6836,HIT/DEFESA,-6.52,5
2024-12-26 23:00:00,134,6023.53,5982.76192,-7.3159,177.6836,HIT/DEFESA,-6.52,5
2024-12-27 01:00:00,34,6027.76,6010.5438,-7.1451,199.4845,HIT/DEFESA,-11.75,5
2024-12-27 01:00:00,134,6027.76,5983.42856,-7.1451,199.4845,HIT/DEFESA,-11.75,5
2024-12-27 02:00:00,34,6019.26,6011.04187,-13.7867,130.4,HIT/DEFESA,-3.75,5
2024-12-27 02:00:00,134,6019.26,5983.95939,-13.7867,130.4,HIT/DEFESA,-3.75,5
2024-12-27 03:00:00,34,6018.76,6011.48291,-7.9189,3460.0,HIT/DEFESA,-6.75,5
2024-12-27 03:00:00,134,6018.76,5984.47496,-7.9189,3460.0,HIT/DEFESA,-6.75,5
2024-12-27 04:00:00,34,6017.51,6011.82731,-17.0047,590.0,HIT/DEFESA,-7.85,5
2024-12-27 04:00:00,134,6017.51,5984.96436,-17.0047,590.0,HIT/DEFESA,-7.85,5
2024-12-27 05:00:00,34,6017.01,6012.12347,-3.738,1936.0,HIT/DEFESA,-12.47,5
2024-12-27 05:00:00,134,6017.01,5985.43911,-3.738,1936.0,HIT/DEFESA,-12.47,5
2024-12-27 06:00:00,34,6016.01,6012.34555,-4.569,335.7143,HIT/DEFESA,-11.1,5
2024-12-27 06:00:00,134,6016.01,5985.89202,-4.569,335.7143,HIT/DEFESA,-11.1,5
2024-12-27 07:00:00,34,6015.51,6012.52638,-3.3236,3975.0,HIT/DEFESA,-8.97,5
2024-12-27 07:00:00,134,6015.51,5986.3308,-3.3236,3975.0,HIT/DEFESA,-8.97,5
2024-12-27 08:00:00,34,6012.01,6012.49687,-8.3098,181.3056,HIT/DEFESA,-3.72,5
2024-12-27 08:00:00,134,6012.01,5986.71123,-8.3098,181.3056,HIT/DEFESA,-3.72,5
2024-12-27 09:00:00,34,6009.66,6012.33477,-10.5552,300.9524,HIT/DEFESA,-1.62,5
2024-12-27 09:00:00,134,6009.66,5987.05122,-10.5552,300.9524,HIT/DEFESA,-1.62,5
2024-12-27 10:00:00,34,6004.54,6011.88935,-18.2362,351.2381,HIT/DEFESA,-5.5,5
2024-12-27 10:00:00,134,6004.54,5987.31031,-18.2362,351.2381,HIT/DEFESA,-5.5,5
2024-12-27 11:00:00,34,6004.91,6011.49053,-11.8097,4044.0,HIT/DEFESA,-27.36,5
2024-12-27 11:00:00,134,6004.91,5987.57105,-11.8097,4044.0,HIT/DEFESA,-27.36,5
2024-12-27 12:00:00,34,6006.54,6011.20764,-5.1916,458.0,HIT/DEFESA,-58.24,5
2024-12-27 12:00:00,134,6006.54,5987.85207,-5.1916,458.0,HIT/DEFESA,-58.24,5
2024-12-27 15:00:00,34,5999.04,6010.19347,-12.4864,114.9714,HIT/DEFESA,-50.62,5
2024-12-27 15:00:00,134,5999.04,5988.60634,-12.4864,114.9714,HIT/DEFESA,-50.62,5
2024-12-27 16:00:00,34,5977.55,6008.32813,-51.1626,250.23,HIT/DEFESA,-14.0,5
2024-12-27 16:00:00,134,5977.55,5988.44254,-51.1626,250.23,HIT/DEFESA,-14.0,5
2024-12-27 20:00:00,34,5948.42,5993.71768,0.2017,233.0146,HIT/DEFESA,11.57,5
2024-12-27 20:00:00,134,5948.42,5985.55644,0.2017,233.0146,HIT/DEFESA,11.57,5
2024-12-30 01:00:00,34,5960.49,5987.0197,-5.1312,239.7281,HIT/DEFESA,-7.25,5
2024-12-30 01:00:00,134,5960.49,5984.18094,-5.1312,239.7281,HIT/DEFESA,-7.25,5
2024-12-30 02:00:00,34,5959.99,5985.47515,-1.7782,5100.0,HIT/DEFESA,-11.0,5
2024-12-30 02:00:00,134,5959.99,5983.82256,-1.7782,5100.0,HIT/DEFESA,-11.0,5
2024-12-30 03:00:00,34,5960.99,5984.076,-2.1301,726.5487,HIT/DEFESA,-11.25,5
2024-12-30 03:00:00,134,5960.99,5983.4843,-2.1301,726.5487,HIT/DEFESA,-11.25,5
2024-12-30 04:00:00,34,5956.11,5982.47794,-7.3484,141.4687,HIT/DEFESA,-13.47,5
2024-12-30 04:00:00,134,5956.11,5983.07875,-7.3484,141.4687,HIT/DEFESA,-13.47,5
2024-12-30 05:00:00,34,5952.74,5980.77863,-12.1644,174.7692,HIT/DEFESA,-5.35,5
2024-12-30 05:00:00,134,5952.74,5982.62929,-12.1644,174.7692,HIT/DEFESA,-5.35,5
2024-12-30 06:00:00,34,5953.24,5979.20499,-13.0012,2000.0,HIT/DEFESA,-5.6,5
2024-12-30 06:00:00,134,5953.24,5982.19389,-13.0012,2000.0,HIT/DEFESA,-5.6,5
2024-12-30 07:00:00,34,5948.99,5977.47842,-11.9541,158.1236,HIT/DEFESA,-0.6,5
2024-12-30 07:00:00,134,5948.99,5981.70198,-11.9541,158.1236,HIT/DEFESA,-0.6,5
2024-12-30 08:00:00,34,5949.74,5975.89337,-5.0397,1230.1587,HIT/DEFESA,-1.22,5
2024-12-30 08:00:00,134,5949.74,5981.22847,-5.0397,1230.1587,HIT/DEFESA,-1.22,5
2024-12-30 09:00:00,34,5942.64,5973.99318,-17.8054,221.7518,HIT/DEFESA,-36.37,5
2024-12-30 09:00:00,134,5942.64,5980.65679,-17.8054,221.7518,HIT/DEFESA,-36.37,5
2024-12-30 10:00:00,34,5947.39,5972.47299,-2.6895,446.0854,HIT/DEFESA,-62.62,5
2024-12-30 10:00:00,134,5947.39,5980.16395,-2.6895,446.0854,HIT/DEFESA,-62.62,5
2024-12-30 11:00:00,34,5947.64,5971.05397,-3.5296,2537.0968,HIT/DEFESA,-84.61,5
2024-12-30 11:00:00,134,5947.64,5979.68211,-3.5296,2537.0968,HIT/DEFESA,-84.61,5
2024-12-31 14:00:00,34,5908.27,5915.84689,-5.0751,158.3333,HIT/DEFESA,-26.24,5
2024-12-31 14:00:00,134,5908.27,5954.41474,-5.0751,158.3333,HIT/DEFESA,-26.24,5
2024-12-31 15:00:00,34,5909.14,5915.46364,-6.5618,2738.7097,HIT/DEFESA,-46.36,5
2024-12-31 15:00:00,134,5909.14,5953.744,-6.5618,2738.7097,HIT/DEFESA,-46.36,5
2024-12-31 16:00:00,34,5910.03,5915.15315,-7.5915,7590.7895,HIT/DEFESA,-36.75,5
2024-12-31 16:00:00,134,5910.03,5953.09639,-7.5915,7590.7895,HIT/DEFESA,-36.75,5
2024-12-31 17:00:00,34,5896.15,5914.06725,-20.5136,621.9731,HIT/DEFESA,-24.37,5
2024-12-31 17:00:00,134,5896.15,5952.25274,-20.5136,621.9731,HIT/DEFESA,-24.37,5
2024-12-31 18:00:00,34,5879.28,5912.07941,-50.5319,366.8235,HIT/DEFESA,-6.04,5
2024-12-31 18:00:00,134,5879.28,5951.17166,-50.5319,366.8235,HIT/DEFESA,-6.04,5
2024-12-31 19:00:00,34,5882.03,5910.3623,-47.3771,1916.8,HIT/DEFESA,-4.82,5
2024-12-31 19:00:00,134,5882.03,5950.14734,-47.3771,1916.8,HIT/DEFESA,-4.82,5
2024-12-31 23:00:00,34,5873.24,5901.99957,17.8414,788.2653,HIT/DEFESA,17.1,5
2024-12-31 23:00:00,134,5873.24,5945.52124,17.8414,788.2653,HIT/DEFESA,17.1,5
2025-01-02 01:00:00,34,5877.21,5900.58302,6.6913,254.7619,HIT/DEFESA,15.63,5
2025-01-02 01:00:00,134,5877.21,5944.50922,6.6913,254.7619,HIT/DEFESA,15.63,5
2025-01-02 02:00:00,34,5872.59,5898.98342,1.3795,710.0,HIT/DEFESA,29.25,5
2025-01-02 02:00:00,134,5872.59,5943.44375,1.3795,710.0,HIT/DEFESA,29.25,5
2025-01-02 03:00:00,34,5884.84,5898.17522,19.7506,227.0435,HIT/DEFESA,20.0,5
2025-01-02 03:00:00,134,5884.84,5942.57554,19.7506,227.0435,HIT/DEFESA,20.0,5
2025-01-02 04:00:00,34,5893.71,5897.92007,28.0745,157.5658,HIT/DEFESA,5.78,5
2025-01-02 04:00:00,134,5893.71,5941.85161,28.0745,157.5658,HIT/DEFESA,5.78,5
2025-01-02 05:00:00,34,5890.34,5897.48692,30.2252,294.4615,HIT/DEFESA,12.03,5
2025-01-02 05:00:00,134,5890.34,5941.08847,30.2252,294.4615,HIT/DEFESA,12.03,5
2025-01-02 06:00:00,34,5892.84,5897.22138,13.5943,388.0,HIT/DEFESA,17.28,5
2025-01-02 06:00:00,134,5892.84,5940.37368,13.5943,388.0,HIT/DEFESA,17.28,5
2025-01-02 07:00:00,34,5901.84,5897.4853,13.7944,116.1143,HIT/DEFESA,8.28,5
2025-01-02 07:00:00,134,5901.84,5939.80281,13.7944,116.1143,HIT/DEFESA,8.28,5
2025-01-02 08:00:00,34,5904.84,5897.90557,24.6166,275.0,HIT/DEFESA,22.53,5
2025-01-02 08:00:00,134,5904.84,5939.28485,24.6166,275.0,HIT/DEFESA,22.53,5
2025-01-02 09:00:00,34,5899.49,5897.99611,11.2849,238.7569,HIT/DEFESA,22.13,5
2025-01-02 09:00:00,134,5899.49,5938.69529,11.2849,238.7569,HIT/DEFESA,22.13,5
2025-01-02 10:00:00,34,5902.37,5898.24605,0.898,1700.7605,HIT/DEFESA,13.5,5
2025-01-02 10:00:00,134,5902.37,5938.15714,0.898,1700.7605,HIT/DEFESA,13.5,5
2025-01-02 11:00:00,34,5910.12,5898.92456,8.9418,416.875,HIT/DEFESA,2.88,5
2025-01-02 11:00:00,134,5910.12,5937.74177,8.9418,416.875,HIT/DEFESA,2.88,5
2025-01-02 16:00:00,34,5913.0,5903.66275,-24.2435,2960.8974,HIT/DEFESA,-82.37,5
2025-01-02 16:00:00,134,5913.0,5936.29176,-24.2435,2960.8974,HIT/DEFESA,-82.37,5
2025-01-02 17:00:00,34,5886.0,5902.65345,-60.1525,433.1581,HIT/DEFESA,-30.62,5
2025-01-02 17:00:00,134,5886.0,5935.5467,-60.1525,433.1581,HIT/DEFESA,-30.62,5
2025-01-02 18:00:00,34,5889.38,5901.89497,-44.7779,2870.3333,HIT/DEFESA,-31.29,5
2025-01-02 18:00:00,134,5889.38,5934.86275,-44.7779,2870.3333,HIT/DEFESA,-31.29,5
2025-01-02 22:00:00,34,5855.38,5888.48545,31.695,323.5531,HIT/DEFESA,13.49,5
2025-01-02 22:00:00,134,5855.38,5929.22678,31.695,323.5531,HIT/DEFESA,13.49,5
2025-01-02 23:00:00,34,5858.09,5886.74857,53.1308,638.7755,HIT/DEFESA,11.53,5
2025-01-02 23:00:00,134,5858.09,5928.1729,53.1308,638.7755,HIT/DEFESA,11.53,5
2025-01-03 01:00:00,34,5853.24,5884.8338,38.778,184.4749,HIT/DEFESA,12.38,5
2025-01-03 01:00:00,134,5853.24,5927.06279,38.778,184.4749,HIT/DEFESA,12.38,5
2025-01-03 03:00:00,34,5864.37,5882.75047,10.7202,295.6923,HIT/DEFESA,3.37,5
2025-01-03 03:00:00,134,5864.37,5925.27007,10.7202,295.6923,HIT/DEFESA,3.37,5
2025-01-03 04:00:00,34,5868.87,5881.9573,26.7032,188.7689,HIT/DEFESA,0.28,5
2025-01-03 04:00:00,134,5868.87,5924.43451,26.7032,188.7689,HIT/DEFESA,0.28,5
2025-01-03 06:00:00,34,5865.62,5880.35904,2.1315,86.1176,HIT/DEFESA,11.53,5
2025-01-03 06:00:00,134,5865.62,5922.76315,2.1315,86.1176,HIT/DEFESA,11.53,5
2025-01-03 08:00:00,34,5867.74,5878.85731,-3.2029,347.6415,HIT/DEFESA,-0.09,5
2025-01-03 08:00:00,134,5867.74,5921.11762,-3.2029,347.6415,HIT/DEFESA,-0.09,5
2025-01-03 09:00:00,34,5869.15,5878.30261,6.0181,696.0591,HIT/DEFESA,1.5,5
2025-01-03 09:00:00,134,5869.15,5920.34773,6.0181,696.0591,HIT/DEFESA,1.5,5
2025-01-03 10:00:00,34,5867.9,5877.70818,3.4607,1806.8571,HIT/DEFESA,1.0,5
2025-01-03 10:00:00,134,5867.9,5919.57072,3.4607,1806.8571,HIT/DEFESA,1.0,5
2025-01-03 11:00:00,34,5877.15,5877.67628,16.0368,188.6316,HIT/DEFESA,11.13,5
2025-01-03 11:00:00,134,5877.15,5918.94227,16.0368,188.6316,HIT/DEFESA,11.13,5
2025-01-03 15:00:00,34,5868.9,5875.81865,1.7042,709.3333,HIT/DEFESA,53.51,5
2025-01-03 15:00:00,134,5868.9,5916.03545,1.7042,709.3333,HIT/DEFESA,53.51,5
2025-01-03 16:00:00,34,5888.28,5876.53073,35.1589,291.2253,HIT/DEFESA,41.63,5
2025-01-03 16:00:00,134,5888.28,5915.62426,35.1589,291.2253,HIT/DEFESA,41.63,5
2025-01-03 17:00:00,34,5900.66,5877.90954,51.1187,809.1509,HIT/DEFESA,26.5,5
2025-01-03 17:00:00,134,5900.66,5915.40257,51.1187,809.1509,HIT/DEFESA,26.5,5
2025-01-03 18:00:00,34,5913.16,5879.92386,75.4145,422.5098,HIT/DEFESA,9.96,5
2025-01-03 18:00:00,134,5913.16,5915.36934,75.4145,422.5098,HIT/DEFESA,9.96,5
2025-01-03 19:00:00,34,5915.91,5881.98021,46.9237,1368.0,HIT/DEFESA,15.88,5
2025-01-03 19:00:00,134,5915.91,5915.37735,46.9237,1368.0,HIT/DEFESA,15.88,5
2025-01-03 20:00:00,34,5922.41,5884.29048,36.8603,314.2222,HIT/DEFESA,4.38,5
2025-01-03 20:00:00,134,5922.41,5915.48154,36.8603,314.2222,HIT/DEFESA,4.38,5
2025-01-03 23:00:00,34,5923.12,5891.13643,1.1988,186.5435,HIT/DEFESA,2.67,5
2025-01-03 23:00:00,134,5923.12,5915.97262,1.1988,186.5435,HIT/DEFESA,2.67,5
2025-01-06 03:00:00,34,5925.54,5897.08843,4.0857,789.2857,HIT/DEFESA,10.5,5
2025-01-06 03:00:00,134,5925.54,5916.49968,4.0857,789.2857,HIT/DEFESA,10.5,5
2025-01-06 06:00:00,34,5928.79,5901.96783,5.4847,82.1538,HIT/DEFESA,29.53,5
2025-01-06 06:00:00,134,5928.79,5916.96892,5.4847,82.1538,HIT/DEFESA,29.53,5
2025-01-06 07:00:00,34,5932.79,5903.72909,9.7013,84.9412,HIT/DEFESA,23.28,5
2025-01-06 07:00:00,134,5932.79,5917.20331,9.7013,84.9412,HIT/DEFESA,23.28,5
2025-01-06 08:00:00,34,5936.04,5905.57543,17.2973,135.7988,HIT/DEFESA,37.9,5
2025-01-06 08:00:00,134,5936.04,5917.48237,17.2973,135.7988,HIT/DEFESA,37.9,5
2025-01-06 09:00:00,34,5939.07,5907.48941,17.3391,208.7819,HIT/DEFESA,37.25,5
2025-01-06 09:00:00,134,5939.07,5917.80218,17.3391,208.7819,HIT/DEFESA,37.25,5
2025-01-06 10:00:00,34,5947.82,5909.79401,25.3338,197.294,HIT/DEFESA,34.25,5
2025-01-06 10:00:00,134,5947.82,5918.24689,25.3338,197.294,HIT/DEFESA,34.25,5
2025-01-06 11:00:00,34,5958.32,5912.56692,37.5334,102.2439,HIT/DEFESA,32.13,5
2025-01-06 11:00:00,134,5958.32,5918.84057,37.5334,102.2439,HIT/DEFESA,32.13,5
2025-01-06 12:00:00,34,5956.07,5915.05281,28.624,398.4,HIT/DEFESA,44.76,5
2025-01-06 12:00:00,134,5956.07,5919.39212,28.624,398.4,HIT/DEFESA,44.76,5
2025-01-06 13:00:00,34,5973.94,5918.4178,43.9152,159.2163,HIT/DEFESA,32.64,5
2025-01-06 13:00:00,134,5973.94,5920.20023,43.9152,159.2163,HIT/DEFESA,32.64,5
2025-01-06 14:00:00,34,5976.32,5921.72649,30.2099,670.5455,HIT/DEFESA,12.01,5
2025-01-06 14:00:00,134,5976.32,5921.03164,30.2099,670.5455,HIT/DEFESA,12.01,5
2025-01-06 19:00:00,34,5988.33,5940.13912,-3.539,189.5775,HIT/DEFESA,-20.19,5
2025-01-06 19:00:00,134,5988.33,5926.25994,-3.539,189.5775,HIT/DEFESA,-20.19,5
2025-01-06 20:00:00,34,5966.83,5941.66431,-56.6588,202.6667,HIT/DEFESA,-1.31,5
2025-01-06 20:00:00,134,5966.83,5926.86097,-56.6588,202.6667,HIT/DEFESA,-1.31,5
2025-01-06 22:00:00,34,5964.08,5943.57373,-40.4954,372.1778,HIT/DEFESA,-4.81,5
2025-01-06 22:00:00,134,5964.08,5927.79869,-40.4954,372.1778,HIT/DEFESA,-4.81,5
2025-01-07 03:00:00,34,5965.27,5948.43965,-5.4787,5090000.0,HIT/DEFESA,-11.75,5
2025-01-07 03:00:00,134,5965.27,5930.06159,-5.4787,5090000.0,HIT/DEFESA,-11.75,5
2025-01-07 09:00:00,34,5960.05,5951.41507,2.5678,195.7006,HIT/DEFESA,9.5,5
2025-01-07 09:00:00,134,5960.05,5932.50061,2.5678,195.7006,HIT/DEFESA,9.5,5
2025-01-07 10:00:00,34,5966.05,5952.25135,15.1586,341.2174,HIT/DEFESA,13.5,5
2025-01-07 10:00:00,134,5966.05,5932.99764,15.1586,341.2174,HIT/DEFESA,13.5,5
2025-01-07 11:00:00,34,5961.8,5952.79699,13.9077,407.0,HIT/DEFESA,11.88,5
2025-01-07 11:00:00,134,5961.8,5933.42434,13.9077,407.0,HIT/DEFESA,11.88,5
2025-01-07 17:00:00,34,5943.56,5956.90011,-43.5376,396.4298,HIT/DEFESA,-46.5,5
2025-01-07 17:00:00,134,5943.56,5936.29945,-43.5376,396.4298,HIT/DEFESA,-46.5,5
2025-01-07 18:00:00,34,5915.56,5954.53781,-107.0147,334.9027,HIT/DEFESA,-19.29,5
2025-01-07 18:00:00,134,5915.56,5935.9922,-107.0147,334.9027,HIT/DEFESA,-19.29,5
2025-01-07 19:00:00,34,5918.06,5952.45337,-93.1084,2543.5556,HIT/DEFESA,-16.9,5
2025-01-07 19:00:00,134,5918.06,5935.72653,-93.1084,2543.5556,HIT/DEFESA,-16.9,5
2025-01-07 20:00:00,34,5919.31,5950.55946,-40.8005,2780.6667,HIT/DEFESA,-14.4,5
2025-01-07 20:00:00,134,5919.31,5935.48333,-40.8005,2780.6667,HIT/DEFESA,-14.4,5
2025-01-08 02:00:00,34,5904.91,5938.11764,13.3117,273.3333,HIT/DEFESA,10.0,5
2025-01-08 02:00:00,134,5904.91,5933.05948,13.3117,273.3333,HIT/DEFESA,10.0,5
2025-01-08 05:00:00,34,5908.66,5933.51901,6.3506,608.8,HIT/DEFESA,1.53,5
2025-01-08 05:00:00,134,5908.66,5932.03799,6.3506,608.8,HIT/DEFESA,1.53,5
2025-01-08 07:00:00,34,5914.91,5931.06241,8.8838,79.4286,HIT/DEFESA,2.53,5
2025-01-08 07:00:00,134,5914.91,5931.42844,8.8838,79.4286,HIT/DEFESA,2.53,5
2025-01-08 08:00:00,34,5907.41,5929.71085,-2.1155,73.7931,HIT/DEFESA,-9.85,5
2025-01-08 08:00:00,134,5907.41,5931.07261,-2.1155,73.7931,HIT/DEFESA,-9.85,5
2025-01-08 09:00:00,34,5906.44,5928.38108,-2.0651,978.6885,HIT/DEFESA,-30.5,5
2025-01-08 09:00:00,134,5906.44,5930.70768,-2.0651,978.6885,HIT/DEFESA,-30.5,5
2025-01-08 10:00:00,34,5910.19,5927.34159,-7.9798,476.5133,HIT/DEFESA,-7.75,5
2025-01-08 10:00:00,134,5910.19,5930.40371,-7.9798,476.5133,HIT/DEFESA,-7.75,5
2025-01-08 15:00:00,34,5902.44,5920.56822,-25.3488,233.8148,HIT/DEFESA,-15.37,5
2025-01-08 15:00:00,134,5902.44,5928.31233,-25.3488,233.8148,HIT/DEFESA,-15.37,5
2025-01-08 17:00:00,34,5893.2,5916.97755,29.374,972.186,HIT/DEFESA,8.5,5
2025-01-08 17:00:00,134,5893.2,5927.13007,29.374,972.186,HIT/DEFESA,8.5,5
2025-01-08 21:00:00,34,5894.2,5911.40948,-15.246,1040.5732,HIT/DEFESA,-4.77,5
2025-01-08 21:00:00,134,5894.2,5925.00777,-15.246,1040.5732,HIT/DEFESA,-4.77,5
2025-01-09 01:00:00,34,5893.3,5909.22145,-1.5269,155.1546,HIT/DEFESA,-4.62,5
2025-01-09 01:00:00,134,5893.3,5923.82562,-1.5269,155.1546,HIT/DEFESA,-4.62,5
2025-01-09 13:00:00,34,5891.33,5900.40651,-4.4622,255.9561,HIT/DEFESA,-24.66,5
2025-01-09 13:00:00,134,5891.33,5918.54934,-4.4622,255.9561,HIT/DEFESA,-24.66,5
2025-01-09 14:00:00,34,5894.71,5900.081,-3.3917,471.0769,HIT/DEFESA,-16.66,5
2025-01-09 14:00:00,134,5894.71,5918.19616,-3.3917,471.0769,HIT/DEFESA,-16.66,5
2025-01-09 15:00:00,34,5890.46,5899.53123,-12.7163,343.0,HIT/DEFESA,-7.66,5
2025-01-09 15:00:00,134,5890.46,5917.78525,-12.7163,343.0,HIT/DEFESA,-7.66,5
2025-01-10 04:00:00,34,5882.8,5893.90525,14.0436,187.905,HIT/DEFESA,3.53,5
2025-01-10 04:00:00,134,5882.8,5914.88491,14.0436,187.905,HIT/DEFESA,3.53,5
2025-01-10 05:00:00,34,5886.8,5893.49924,34.3125,173.0667,HIT/DEFESA,1.9,5
2025-01-10 05:00:00,134,5886.8,5914.46884,34.3125,173.0667,HIT/DEFESA,1.9,5
2025-01-10 07:00:00,34,5889.8,5892.98079,11.8991,455.4286,HIT/DEFESA,1.28,5
2025-01-10 07:00:00,134,5889.8,5913.71413,11.8991,455.4286,HIT/DEFESA,1.28,5
2025-01-10 10:00:00,34,5888.7,5891.83528,-1.8676,846.3415,HIT/DEFESA,-41.62,5
2025-01-10 10:00:00,134,5888.7,5912.49217,-1.8676,846.3415,HIT/DEFESA,-41.62,5
2025-01-10 16:00:00,34,5834.71,5885.95526,-98.2083,834.6276,HIT/DEFESA,-8.12,5
2025-01-10 16:00:00,134,5834.71,5909.15085,-98.2083,834.6276,HIT/DEFESA,-8.12,5
2025-01-10 17:00:00,34,5815.59,5881.93439,-134.2053,582.8299,HIT/DEFESA,-5.0,5
2025-01-10 17:00:00,134,5815.59,5907.76477,-134.2053,582.8299,HIT/DEFESA,-5.0,5
2025-01-10 19:00:00,34,5820.09,5873.72146,-25.0569,228.4898,HIT/DEFESA,-13.21,5
2025-01-10 19:00:00,134,5820.09,5904.82135,-25.0569,228.4898,HIT/DEFESA,-13.21,5
2025-01-10 22:00:00,34,5810.59,5866.37417,-16.3228,438.9508,HIT/DEFESA,-20.21,5
2025-01-10 22:00:00,134,5810.59,5901.49653,-16.3228,438.9508,HIT/DEFESA,-20.21,5
2025-01-10 23:00:00,34,5804.8,5862.85564,-77.4176,299.8195,HIT/DEFESA,-20.42,5
2025-01-10 23:00:00,134,5804.8,5900.06399,-77.4176,299.8195,HIT/DEFESA,-20.42,5
2025-01-13 01:00:00,34,5806.88,5859.65704,-33.8277,817.3333,HIT/DEFESA,-18.5,5
2025-01-13 01:00:00,134,5806.88,5898.68349,-33.8277,817.3333,HIT/DEFESA,-18.5,5
2025-01-13 02:00:00,34,5805.38,5856.55549,-8.9664,645.2,HIT/DEFESA,-19.13,5
2025-01-13 02:00:00,134,5805.38,5897.30121,-8.9664,645.2,HIT/DEFESA,-19.13,5
2025-01-13 03:00:00,34,5791.88,5852.85975,-22.2574,177.2364,HIT/DEFESA,-1.25,5
2025-01-13 03:00:00,134,5791.88,5895.73942,-22.2574,177.2364,HIT/DEFESA,-1.25,5
2025-01-13 04:00:00,34,5790.38,5849.28948,-28.4146,1013.1387,HIT/DEFESA,-3.35,5
2025-01-13 04:00:00,134,5790.38,5894.17854,-28.4146,1013.1387,HIT/DEFESA,-3.35,5
2025-01-13 05:00:00,34,5784.38,5845.58036,-36.1733,264.0,HIT/DEFESA,-12.35,5
2025-01-13 05:00:00,134,5784.38,5892.55189,-36.1733,264.0,HIT/DEFESA,-12.35,5
2025-01-13 06:00:00,34,5788.38,5842.31177,-6.0429,197.6804,HIT/DEFESA,-28.72,5
2025-01-13 06:00:00,134,5788.38,5891.00861,-6.0429,197.6804,HIT/DEFESA,-28.72,5
2025-01-13 07:00:00,34,5786.25,5839.10824,-7.1325,422.8723,HIT/DEFESA,-21.84,5
2025-01-13 07:00:00,134,5786.25,5889.45663,-7.1325,422.8723,HIT/DEFESA,-21.84,5
2025-01-13 09:00:00,34,5787.03,5833.52045,-2.3323,562.0896,HIT/DEFESA,-11.62,5
2025-01-13 09:00:00,134,5787.03,5886.49679,-2.3323,562.0896,HIT/DEFESA,-11.62,5
2025-01-13 14:00:00,34,5775.41,5816.7589,27.3454,405.9429,HIT/DEFESA,27.01,5
2025-01-13 14:00:00,134,5775.41,5877.94855,27.3454,405.9429,HIT/DEFESA,27.01,5
2025-01-13 15:00:00,34,5774.66,5814.35325,17.7815,3244.0,HIT/DEFESA,33.26,5
2025-01-13 15:00:00,134,5774.66,5876.41835,17.7815,3244.0,HIT/DEFESA,33.26,5
2025-01-13 16:00:00,34,5785.42,5812.69992,32.9668,815.3187,HIT/DEFESA,27.25,5
2025-01-13 16:00:00,134,5785.42,5875.07022,32.9668,815.3187,HIT/DEFESA,27.25,5
2025-01-13 17:00:00,34,5786.04,5811.1765,18.4056,6536.4964,HIT/DEFESA,36.38,5
2025-01-13 17:00:00,134,5786.04,5873.75126,18.4056,6536.4964,HIT/DEFESA,36.38,5
2025-01-13 19:00:00,34,5802.42,5808.29169,29.3842,167.8865,HIT/DEFESA,37.97,5
2025-01-13 19:00:00,134,5802.42,5871.13526,29.3842,167.8865,HIT/DEFESA,37.97,5
2025-01-13 20:00:00,34,5807.92,5808.27045,37.8152,802.087,HIT/DEFESA,32.72,5
2025-01-13 20:00:00,134,5807.92,5870.19874,37.8152,802.087,HIT/DEFESA,32.72,5
2025-01-13 21:00:00,34,5812.67,5808.52186,79.3318,1052.6998,HIT/DEFESA,24.22,5
2025-01-13 21:00:00,134,5812.67,5869.34646,79.3318,1052.6998,HIT/DEFESA,24.22,5
2025-01-13 22:00:00,34,5822.42,5809.31604,34.4684,495.5,HIT/DEFESA,15.72,5
2025-01-13 22:00:00,134,5822.42,5868.65125,34.4684,495.5,HIT/DEFESA,15.72,5
2025-01-13 23:00:00,34,5828.13,5810.39112,34.7973,152.6316,HIT/DEFESA,7.26,5
2025-01-13 23:00:00,134,5828.13,5868.05094,34.7973,152.6316,HIT/DEFESA,7.26,5
2025-01-14 02:00:00,34,5840.64,5813.73589,31.2928,2356.0,HIT/DEFESA,3.25,5
2025-01-14 02:00:00,134,5840.64,5867.24113,31.2928,2356.0,HIT/DEFESA,3.25,5
2025-01-14 03:00:00,34,5836.89,5815.05899,15.0306,283.1429,HIT/DEFESA,4.0,5
2025-01-14 03:00:00,134,5836.89,5866.79148,15.0306,283.1429,HIT/DEFESA,4.0,5
2025-01-14 06:00:00,34,5840.14,5818.76006,5.568,111.1111,HIT/DEFESA,13.28,5
2025-01-14 06:00:00,134,5840.14,5865.52635,5.568,111.1111,HIT/DEFESA,13.28,5
2025-01-14 07:00:00,34,5843.89,5820.19606,9.849,184.2975,HIT/DEFESA,9.78,5
2025-01-14 07:00:00,134,5843.89,5865.20581,9.849,184.2975,HIT/DEFESA,9.78,5
2025-01-14 08:00:00,34,5840.89,5821.37857,9.4252,245.5128,HIT/DEFESA,3.03,5
2025-01-14 08:00:00,134,5840.89,5864.84557,9.4252,245.5128,HIT/DEFESA,3.03,5
2025-01-14 13:00:00,34,5843.92,5828.73108,-21.7701,144.2105,HIT/DEFESA,-48.87,5
2025-01-14 13:00:00,134,5843.92,5863.79682,-21.7701,144.2105,HIT/DEFESA,-48.87,5
2025-01-14 14:00:00,34,5837.42,5829.22759,-27.3344,461.12,HIT/DEFESA,-27.99,5
2025-01-14 14:00:00,134,5837.42,5863.40605,-27.3344,461.12,HIT/DEFESA,-27.99,5
2025-01-14 15:00:00,34,5845.17,5830.13859,-14.5208,750.7208,HIT/DEFESA,-1.99,5
2025-01-14 15:00:00,134,5845.17,5863.13589,-14.5208,750.7208,HIT/DEFESA,-1.99,5
2025-01-14 16:00:00,34,5830.18,5830.14095,-23.5116,554.79,HIT/DEFESA,-17.0,5
2025-01-14 16:00:00,134,5830.18,5862.64765,-23.5116,554.79,HIT/DEFESA,-17.0,5
2025-01-14 21:00:00,34,5813.18,5826.93413,31.2853,123.3613,HIT/DEFESA,22.65,5
2025-01-14 21:00:00,134,5813.18,5859.3901,31.2853,123.3613,HIT/DEFESA,22.65,5
2025-01-14 22:00:00,34,5830.43,5827.1339,36.1481,442.2545,HIT/DEFESA,1.9,5
2025-01-14 22:00:00,134,5830.43,5858.96106,36.1481,442.2545,HIT/DEFESA,1.9,5
2025-01-14 23:00:00,34,5839.64,5827.84853,-6.0583,121.8816,HIT/DEFESA,-8.06,5
2025-01-14 23:00:00,134,5839.64,5858.67482,-6.0583,121.8816,HIT/DEFESA,-8.06,5
2025-01-15 03:00:00,34,5835.83,5829.06235,-6.5244,1312.0,HIT/DEFESA,-2.25,5
2025-01-15 03:00:00,134,5835.83,5857.65279,-6.5244,1312.0,HIT/DEFESA,-2.25,5
2025-01-15 08:00:00,34,5833.58,5829.90299,3.4296,90.2857,HIT/DEFESA,17.78,5
2025-01-15 08:00:00,134,5833.58,5855.83233,3.4296,90.2857,HIT/DEFESA,17.78,5
2025-01-15 09:00:00,34,5832.86,5830.07196,0.4801,372.1649,HIT/DEFESA,17.25,5
2025-01-15 09:00:00,134,5832.86,5855.492,0.4801,372.1649,HIT/DEFESA,17.25,5
2025-01-15 10:00:00,34,5832.61,5830.21699,1.7662,2314.0,HIT/DEFESA,86.5,5
2025-01-15 10:00:00,134,5832.61,5855.15301,1.7662,2314.0,HIT/DEFESA,86.5,5
2025-01-15 11:00:00,34,5837.11,5830.61088,6.0512,186.5882,HIT/DEFESA,92.26,5
2025-01-15 11:00:00,134,5837.11,5854.8857,6.0512,186.5882,HIT/DEFESA,92.26,5
2025-01-15 12:00:00,34,5840.61,5831.18226,13.2868,222.7692,HIT/DEFESA,81.01,5
2025-01-15 12:00:00,134,5840.61,5854.67421,13.2868,222.7692,HIT/DEFESA,81.01,5
2025-01-15 13:00:00,34,5851.36,5832.33527,32.1468,86.0952,HIT/DEFESA,58.26,5
2025-01-15 13:00:00,134,5851.36,5854.62511,32.1468,86.0952,HIT/DEFESA,58.26,5
2025-01-15 14:00:00,34,5850.11,5833.35097,22.2713,1469.3333,HIT/DEFESA,69.51,5
2025-01-15 14:00:00,134,5850.11,5854.55822,22.2713,1469.3333,HIT/DEFESA,69.51,5
2025-01-15 15:00:00,34,5919.11,5838.25148,134.4038,73.7745,HIT/DEFESA,16.26,5
2025-01-15 15:00:00,134,5919.11,5855.51454,134.4038,73.7745,HIT/DEFESA,16.26,5
2025-01-15 16:00:00,34,5929.37,5843.45826,133.3194,586.8696,HIT/DEFESA,14.75,5
2025-01-15 16:00:00,134,5929.37,5856.6087,133.3194,586.8696,HIT/DEFESA,14.75,5
2025-01-15 17:00:00,34,5921.62,5847.92464,122.237,719.875,HIT/DEFESA,15.75,5
2025-01-15 17:00:00,134,5921.62,5857.57183,122.237,719.875,HIT/DEFESA,15.75,5
2025-01-15 20:00:00,34,5935.37,5859.91834,23.22,137.7419,HIT/DEFESA,11.37,5
2025-01-15 20:00:00,134,5935.37,5860.37842,23.22,137.7419,HIT/DEFESA,11.37,5
2025-01-15 22:00:00,34,5937.37,5868.88073,29.985,339.5714,HIT/DEFESA,3.37,5
2025-01-15 22:00:00,134,5937.37,5862.74127,29.985,339.5714,HIT/DEFESA,3.37,5
2025-01-16 01:00:00,34,5943.49,5876.6973,-1.0599,81.913,HIT/DEFESA,-3.5,5
2025-01-16 01:00:00,134,5943.49,5864.9897,-1.0599,81.913,HIT/DEFESA,-3.5,5
2025-01-16 03:00:00,34,5940.74,5884.13061,9.9582,105.2174,HIT/DEFESA,5.75,5
2025-01-16 03:00:00,134,5940.74,5867.3051,9.9582,105.2174,HIT/DEFESA,5.75,5
2025-01-16 08:00:00,34,5946.49,5898.55155,9.2577,113.8667,HIT/DEFESA,9.53,5
2025-01-16 08:00:00,134,5946.49,5872.57994,9.2577,113.8667,HIT/DEFESA,9.53,5
2025-01-16 12:00:00,34,5956.27,5910.88044,-15.5058,222.2857,HIT/DEFESA,-12.24,5
2025-01-16 12:00:00,134,5956.27,5877.50267,-15.5058,222.2857,HIT/DEFESA,-12.24,5
2025-01-16 13:00:00,34,5956.02,5913.45984,-2.0983,2436.0,HIT/DEFESA,-11.49,5
2025-01-16 13:00:00,134,5956.02,5878.66589,-2.0983,2436.0,HIT/DEFESA,-11.49,5
2025-01-16 14:00:00,34,5940.02,5914.97757,-18.9035,90.9538,HIT/DEFESA,-0.99,5
2025-01-16 14:00:00,134,5940.02,5879.57484,-18.9035,90.9538,HIT/DEFESA,-0.99,5
2025-01-16 15:00:00,34,5945.77,5916.73713,-17.6285,472.4689,HIT/DEFESA,-22.74,5
2025-01-16 15:00:00,134,5945.77,5880.55551,-17.6285,472.4689,HIT/DEFESA,-22.74,5
2025-01-16 18:00:00,34,5944.53,5920.53453,-2.0855,8240.0,HIT/DEFESA,-26.04,5
2025-01-16 18:00:00,134,5944.53,5883.15908,-2.0855,8240.0,HIT/DEFESA,-26.04,5
2025-01-16 21:00:00,34,5938.78,5922.65113,-9.6728,185.6774,HIT/DEFESA,-6.63,5
2025-01-16 21:00:00,134,5938.78,5885.3684,-9.6728,185.6774,HIT/DEFESA,-6.63,5
2025-01-17 03:00:00,34,5932.15,5923.38556,23.0802,83.4087,HIT/DEFESA,2.75,5
2025-01-17 03:00:00,134,5932.15,5888.24376,23.0802,83.4087,HIT/DEFESA,2.75,5
2025-01-17 04:00:00,34,5929.4,5923.72924,8.0174,213.3333,HIT/DEFESA,4.65,5
2025-01-17 04:00:00,134,5929.4,5888.85349,8.0174,213.3333,HIT/DEFESA,4.65,5
2025-01-17 05:00:00,34,5934.65,5924.35328,15.6108,97.0,HIT/DEFESA,6.28,5
2025-01-17 05:00:00,134,5934.65,5889.53195,15.6108,97.0,HIT/DEFESA,6.28,5
2025-01-17 06:00:00,34,5936.15,5925.02738,6.7429,296.319,HIT/DEFESA,9.28,5
2025-01-17 06:00:00,134,5936.15,5890.22259,6.7429,296.319,HIT/DEFESA,9.28,5
2025-01-17 07:00:00,34,5936.65,5925.69153,12.2272,2320.0,HIT/DEFESA,8.28,5
2025-01-17 07:00:00,134,5936.65,5890.9104,12.2272,2320.0,HIT/DEFESA,8.28,5
2025-01-17 08:00:00,34,5934.9,5926.21773,0.4213,321.9251,HIT/DEFESA,9.28,5
2025-01-17 08:00:00,134,5934.9,5891.5621,0.4213,321.9251,HIT/DEFESA,9.28,5
2025-01-17 10:00:00,34,5940.93,5927.48041,7.2095,242.0741,HIT/DEFESA,28.5,5
2025-01-17 10:00:00,134,5940.93,5892.9136,7.2095,242.0741,HIT/DEFESA,28.5,5
2025-01-17 11:00:00,34,5945.43,5928.50611,17.7425,256.6316,HIT/DEFESA,25.26,5
2025-01-17 11:00:00,134,5945.43,5893.69162,17.7425,256.6316,HIT/DEFESA,25.26,5
2025-01-17 12:00:00,34,5944.93,5929.44461,18.3349,1870.9677,HIT/DEFESA,44.51,5
2025-01-17 12:00:00,134,5944.93,5894.45071,18.3349,1870.9677,HIT/DEFESA,44.51,5
2025-01-17 13:00:00,34,5944.18,5930.28664,5.4705,1227.5862,HIT/DEFESA,46.76,5
2025-01-17 13:00:00,134,5944.18,5895.18744,5.4705,1227.5862,HIT/DEFESA,46.76,5
2025-01-17 14:00:00,34,5946.93,5931.23769,2.5229,468.0,HIT/DEFESA,50.13,5
2025-01-17 14:00:00,134,5946.93,5895.954,2.5229,468.0,HIT/DEFESA,50.13,5
2025-01-17 15:00:00,34,5969.43,5933.4201,41.2116,103.3846,HIT/DEFESA,24.51,5
2025-01-17 15:00:00,134,5969.43,5897.04253,41.2116,103.3846,HIT/DEFESA,24.51,5
2025-01-17 16:00:00,34,5970.69,5935.54981,44.5982,6720.7921,HIT/DEFESA,19.5,5
2025-01-17 16:00:00,134,5970.69,5898.1336,44.5982,6720.7921,HIT/DEFESA,19.5,5
2025-01-17 21:00:00,34,5990.19,5950.02928,-1.2519,558.5,HIT/DEFESA,-9.2,5
2025-01-17 21:00:00,134,5990.19,5904.9072,-1.2519,558.5,HIT/DEFESA,-9.2,5
2025-01-17 22:00:00,34,5983.69,5951.95275,-22.2943,560.5,HIT/DEFESA,-3.2,5
2025-01-17 22:00:00,134,5983.69,5906.07435,-22.2943,560.5,HIT/DEFESA,-3.2,5
2025-01-20 04:00:00,34,5980.49,5959.0906,6.2743,2540.0,HIT/DEFESA,14.28,5
2025-01-20 04:00:00,134,5980.49,5911.38549,6.2743,2540.0,HIT/DEFESA,14.28,5
2025-01-20 05:00:00,34,5983.24,5960.47056,5.0165,223.9544,HIT/DEFESA,7.28,5
2025-01-20 05:00:00,134,5983.24,5912.45,5.0165,223.9544,HIT/DEFESA,7.28,5
2025-01-20 06:00:00,34,5985.24,5961.88596,7.1058,140.8451,HIT/DEFESA,6.53,5
2025-01-20 06:00:00,134,5985.24,5913.52837,7.1058,140.8451,HIT/DEFESA,6.53,5
2025-01-20 07:00:00,34,5985.49,5963.23476,8.3605,556.0,HIT/DEFESA,5.4,5
2025-01-20 07:00:00,134,5985.49,5914.59447,8.3605,556.0,HIT/DEFESA,5.4,5
2025-01-20 08:00:00,34,5988.49,5964.67792,8.7745,135.2727,HIT/DEFESA,1.03,5
2025-01-20 08:00:00,134,5988.49,5915.68922,8.7745,135.2727,HIT/DEFESA,1.03,5
2025-01-20 10:00:00,34,5990.52,5967.7759,8.4037,423.7569,HIT/DEFESA,20.25,5
2025-01-20 10:00:00,134,5990.52,5917.95203,8.4037,423.7569,HIT/DEFESA,20.25,5
2025-01-20 11:00:00,34,5991.77,5969.14699,5.4772,617.3913,HIT/DEFESA,29.51,5
2025-01-20 11:00:00,134,5991.77,5919.04563,5.4772,617.3913,HIT/DEFESA,29.51,5
2025-01-20 15:00:00,34,6010.77,5974.2684,33.1837,123.6215,HIT/DEFESA,11.34,5
2025-01-20 15:00:00,134,6010.77,5923.34746,33.1837,123.6215,HIT/DEFESA,11.34,5
2025-01-20 18:00:00,34,6009.15,5980.41489,-2.6952,1293.4307,HIT/DEFESA,-15.67,5
2025-01-20 18:00:00,134,6009.15,5927.24816,-2.6952,1293.4307,HIT/DEFESA,-15.67,5
2025-01-20 19:00:00,34,6012.28,5982.23575,-14.947,762.0,HIT/DEFESA,-12.17,5
2025-01-20 19:00:00,134,6012.28,5928.50789,-14.947,762.0,HIT/DEFESA,-12.17,5
2025-01-21 05:00:00,34,6000.11,5985.29993,58.4722,227.1111,HIT/DEFESA,4.28,5
2025-01-21 05:00:00,134,6000.11,5933.24366,58.4722,227.1111,HIT/DEFESA,4.28,5
2025-01-21 06:00:00,34,5995.86,5985.90336,7.9284,210.0,HIT/DEFESA,19.03,5
2025-01-21 06:00:00,134,5995.86,5934.17131,7.9284,210.0,HIT/DEFESA,19.03,5
2025-01-21 09:00:00,34,6001.01,5987.5479,8.5893,228.7582,HIT/DEFESA,9.88,5
2025-01-21 09:00:00,134,6001.01,5936.87652,8.5893,228.7582,HIT/DEFESA,9.88,5
2025-01-21 10:00:00,34,6004.39,5988.51031,18.8216,698.6667,HIT/DEFESA,12.5,5
2025-01-21 10:00:00,134,6004.39,5937.87672,18.8216,698.6667,HIT/DEFESA,12.5,5
2025-01-21 11:00:00,34,6014.89,5990.01772,35.5045,156.444,HIT/DEFESA,2.01,5
2025-01-21 11:00:00,134,6014.89,5939.01766,35.5045,156.444,HIT/DEFESA,2.01,5
2025-01-21 12:00:00,34,6010.64,5991.19613,16.0473,305.2632,HIT/DEFESA,4.51,5
2025-01-21 12:00:00,134,6010.64,5940.07873,16.0473,305.2632,HIT/DEFESA,4.51,5
2025-01-21 13:00:00,34,6006.01,5992.04264,2.698,318.4932,HIT/DEFESA,19.14,5
2025-01-21 13:00:00,134,6006.01,5941.05549,2.698,318.4932,HIT/DEFESA,19.14,5
2025-01-21 15:00:00,34,6016.89,5994.47794,10.3982,262.7826,HIT/DEFESA,21.01,5
2025-01-21 15:00:00,134,6016.89,5943.19822,10.3982,262.7826,HIT/DEFESA,21.01,5
2025-01-21 16:00:00,34,6016.9,5995.7592,18.1318,10726.5306,HIT/DEFESA,16.75,5
2025-01-21 16:00:00,134,6016.9,5944.2901,18.1318,10726.5306,HIT/DEFESA,16.75,5
2025-01-21 17:00:00,34,6015.15,5996.86725,7.0871,4732.0988,HIT/DEFESA,25.25,5
2025-01-21 17:00:00,134,6015.15,5945.33988,7.0871,4732.0988,HIT/DEFESA,25.25,5
2025-01-21 18:00:00,34,6025.15,5998.4834,13.728,394.1905,HIT/DEFESA,20.21,5
2025-01-21 18:00:00,134,6025.15,5946.52225,13.728,394.1905,HIT/DEFESA,20.21,5
2025-01-21 19:00:00,34,6035.9,6000.62149,31.5777,202.7281,HIT/DEFESA,15.62,5
2025-01-21 19:00:00,134,6035.9,5947.84637,31.5777,202.7281,HIT/DEFESA,15.62,5
2025-01-21 20:00:00,34,6037.9,6002.75169,37.8212,804.8889,HIT/DEFESA,18.37,5
2025-01-21 20:00:00,134,6037.9,5949.18049,37.8212,804.8889,HIT/DEFESA,18.37,5
2025-01-21 21:00:00,34,6033.65,6004.51731,14.1075,518.5,HIT/DEFESA,21.37,5
2025-01-21 21:00:00,134,6033.65,5950.43189,14.1075,518.5,HIT/DEFESA,21.37,5
2025-01-21 22:00:00,34,6040.4,6006.56775,7.4554,286.7143,HIT/DEFESA,14.87,5
2025-01-21 22:00:00,134,6040.4,5951.76475,7.4554,286.7143,HIT/DEFESA,14.87,5
2025-01-21 23:00:00,34,6045.36,6008.78445,12.3553,211.435,HIT/DEFESA,11.91,5
2025-01-21 23:00:00,134,6045.36,5953.15135,12.3553,211.435,HIT/DEFESA,11.91,5
2025-01-22 01:00:00,34,6051.52,6011.22648,29.6172,665.019,HIT/DEFESA,8.0,5
2025-01-22 01:00:00,134,6051.52,5954.60866,29.6172,665.019,HIT/DEFESA,8.0,5
2025-01-22 02:00:00,34,6056.27,6013.8004,26.2731,181.1111,HIT/DEFESA,1.75,5
2025-01-22 02:00:00,134,6056.27,5956.11476,26.2731,181.1111,HIT/DEFESA,1.75,5
2025-01-22 05:00:00,34,6057.27,6020.61256,1.6512,179.8122,HIT/DEFESA,7.28,5
2025-01-22 05:00:00,134,6057.27,5960.48273,1.6512,179.8122,HIT/DEFESA,7.28,5
2025-01-22 06:00:00,34,6059.52,6022.83585,7.4318,116.0,HIT/DEFESA,6.28,5
2025-01-22 06:00:00,134,6059.52,5961.94995,7.4318,116.0,HIT/DEFESA,6.28,5
2025-01-22 07:00:00,34,6058.02,6024.84637,4.5415,277.6,HIT/DEFESA,8.78,5
2025-01-22 07:00:00,134,6058.02,5963.37321,4.5415,277.6,HIT/DEFESA,8.78,5
2025-01-22 10:00:00,34,6064.55,6030.23713,10.7791,126.1463,HIT/DEFESA,9.25,5
2025-01-22 10:00:00,134,6064.55,5967.51719,10.7791,126.1463,HIT/DEFESA,9.25,5
2025-01-22 11:00:00,34,6065.8,6032.2693,19.0444,618.0,HIT/DEFESA,11.51,5
2025-01-22 11:00:00,134,6065.8,5968.97323,19.0444,618.0,HIT/DEFESA,11.51,5
2025-01-22 12:00:00,34,6066.8,6034.24248,19.4053,571.2,HIT/DEFESA,10.76,5
2025-01-22 12:00:00,134,6066.8,5970.42252,19.4053,571.2,HIT/DEFESA,10.76,5
2025-01-22 13:00:00,34,6065.42,6036.02405,1.4346,566.3717,HIT/DEFESA,23.39,5
2025-01-22 13:00:00,134,6065.42,5971.82989,1.4346,566.3717,HIT/DEFESA,23.39,5
2025-01-22 14:00:00,34,6068.05,6037.85411,3.7093,446.2222,HIT/DEFESA,17.51,5
2025-01-22 14:00:00,134,6068.05,5973.25537,3.7093,446.2222,HIT/DEFESA,17.51,5
2025-01-22 15:00:00,34,6073.8,6039.90816,11.5382,139.1667,HIT/DEFESA,9.01,5
2025-01-22 15:00:00,134,6073.8,5974.74492,11.5382,139.1667,HIT/DEFESA,9.01,5
2025-01-22 16:00:00,34,6077.31,6042.0454,19.6029,942.638,HIT/DEFESA,10.75,5
2025-01-22 16:00:00,134,6077.31,5976.2644,19.6029,942.638,HIT/DEFESA,10.75,5
2025-01-22 21:00:00,34,6088.06,6052.92524,-1.2318,280.1818,HIT/DEFESA,-18.36,5
2025-01-22 21:00:00,134,6088.06,5984.05531,-1.2318,280.1818,HIT/DEFESA,-18.36,5
2025-01-22 22:00:00,34,6075.31,6054.20437,-16.8432,166.08,HIT/DEFESA,-5.36,5
2025-01-22 22:00:00,134,6075.31,5985.40723,-16.8432,166.08,HIT/DEFESA,-5.36,5
2025-01-22 23:00:00,34,6073.27,6055.29384,-15.6835,236.2445,HIT/DEFESA,-3.95,5
2025-01-22 23:00:00,134,6073.27,5986.7089,-15.6835,236.2445,HIT/DEFESA,-3.95,5
2025-01-23 02:00:00,34,6071.95,6057.15648,-5.5306,1134.0,HIT/DEFESA,-2.25,5
2025-01-23 02:00:00,134,6071.95,5989.2195,-5.5306,1134.0,HIT/DEFESA,-2.25,5
2025-01-23 03:00:00,34,6069.7,6057.87325,-5.8782,192.0,HIT/DEFESA,-1.0,5
2025-01-23 03:00:00,134,6069.7,5990.41181,-5.8782,192.0,HIT/DEFESA,-1.0,5
2025-01-23 04:00:00,34,6069.95,6058.56335,-3.7054,948.0,HIT/DEFESA,-3.97,5
2025-01-23 04:00:00,134,6069.95,5991.59015,-3.7054,948.0,HIT/DEFESA,-3.97,5
2025-01-23 05:00:00,34,6069.32,6059.17802,-4.3314,906.0,HIT/DEFESA,-8.09,5
2025-01-23 05:00:00,134,6069.32,5992.74171,-4.3314,906.0,HIT/DEFESA,-8.09,5
2025-01-23 07:00:00,34,6069.7,6060.48087,-0.4119,128.8889,HIT/DEFESA,-6.72,5
2025-01-23 07:00:00,134,6069.7,5995.04155,-0.4119,128.8889,HIT/DEFESA,-6.72,5
2025-01-23 08:00:00,34,6068.7,6060.95053,-1.0215,298.4,HIT/DEFESA,-0.22,5
2025-01-23 08:00:00,134,6068.7,5996.13278,-1.0215,298.4,HIT/DEFESA,-0.22,5
2025-01-23 13:00:00,34,6068.48,6061.92263,11.9613,137.913,HIT/DEFESA,16.01,5
2025-01-23 13:00:00,134,6068.48,6001.0636,11.9613,137.913,HIT/DEFESA,16.01,5
2025-01-23 14:00:00,34,6071.23,6062.45448,10.7177,352.0,HIT/DEFESA,17.51,5
2025-01-23 14:00:00,134,6071.23,6002.1031,10.7177,352.0,HIT/DEFESA,17.51,5
2025-01-23 15:00:00,34,6070.98,6062.94166,13.1948,14850000.0,HIT/DEFESA,18.76,5
2025-01-23 15:00:00,134,6070.98,6003.1235,13.1948,14850000.0,HIT/DEFESA,18.76,5
2025-01-23 16:00:00,34,6074.49,6063.60156,9.9036,705.6478,HIT/DEFESA,16.0,5
2025-01-23 16:00:00,134,6074.49,6004.18078,9.9036,705.6478,HIT/DEFESA,16.0,5
2025-01-23 17:00:00,34,6080.74,6064.5809,15.664,342.4615,HIT/DEFESA,29.0,5
2025-01-23 17:00:00,134,6080.74,6005.31499,15.664,342.4615,HIT/DEFESA,29.0,5
2025-01-23 18:00:00,34,6084.49,6065.71856,22.2534,912.5714,HIT/DEFESA,20.71,5
2025-01-23 18:00:00,134,6084.49,6006.48795,22.2534,912.5714,HIT/DEFESA,20.71,5
2025-01-23 19:00:00,34,6088.74,6067.03407,23.4588,337.5556,HIT/DEFESA,15.65,5
2025-01-23 19:00:00,134,6088.74,6007.7065,23.4588,337.5556,HIT/DEFESA,15.65,5
2025-01-23 20:00:00,34,6089.74,6068.33156,14.8008,1596.0,HIT/DEFESA,13.65,5
2025-01-23 20:00:00,134,6089.74,6008.92181,14.8008,1596.0,HIT/DEFESA,13.65,5
2025-01-23 21:00:00,34,6090.49,6069.59775,9.8611,1577.0,HIT/DEFESA,14.15,5
2025-01-23 21:00:00,134,6090.49,6010.13023,9.8611,1577.0,HIT/DEFESA,14.15,5
2025-01-23 22:00:00,34,6109.74,6071.8916,34.4899,110.2051,HIT/DEFESA,1.4,5
2025-01-23 22:00:00,134,6109.74,6011.60593,34.4899,110.2051,HIT/DEFESA,1.4,5
2025-01-24 02:00:00,34,6103.39,6077.13447,-10.3932,392.8571,HIT/DEFESA,-0.75,5
2025-01-24 02:00:00,134,6103.39,6015.66571,-10.3932,392.8571,HIT/DEFESA,-0.75,5
2025-01-24 03:00:00,34,6104.64,6078.70621,-0.9173,638.0,HIT/DEFESA,-1.88,5
2025-01-24 03:00:00,134,6104.64,6016.98385,-0.9173,638.0,HIT/DEFESA,-1.88,5
2025-01-24 06:00:00,34,6102.89,6083.08558,-2.8667,866.6667,HIT/DEFESA,-0.97,5
2025-01-24 06:00:00,134,6102.89,6020.87694,-2.8667,866.6667,HIT/DEFESA,-0.97,5
2025-01-24 07:00:00,34,6102.64,6084.20297,-13.909,3760000.0,HIT/DEFESA,-2.72,5
2025-01-24 07:00:00,134,6102.64,6022.08824,-13.909,3760000.0,HIT/DEFESA,-2.72,5
2025-01-24 08:00:00,34,6102.76,6085.26337,-1.6383,4630.7692,HIT/DEFESA,-1.84,5
2025-01-24 08:00:00,134,6102.76,6023.28338,-1.6383,4630.7692,HIT/DEFESA,-1.84,5
2025-01-24 10:00:00,34,6101.17,6087.02933,-2.4088,2726.0,HIT/DEFESA,-1.25,5
2025-01-24 10:00:00,134,6101.17,6025.57404,-2.4088,2726.0,HIT/DEFESA,-1.25,5
2025-01-24 17:00:00,34,6102.43,6092.51693,-0.1803,339.7482,HIT/DEFESA,-13.25,5
2025-01-24 17:00:00,134,6102.43,6033.26584,-0.1803,339.7482,HIT/DEFESA,-13.25,5
2025-01-24 19:00:00,34,6097.43,6093.52034,-26.5797,280.4848,HIT/DEFESA,-34.52,5
2025-01-24 19:00:00,134,6097.43,6035.27698,-26.5797,280.4848,HIT/DEFESA,-34.52,5
2025-01-24 20:00:00,34,6084.93,6093.02946,-28.6771,242.2857,HIT/DEFESA,-40.52,5
2025-01-24 20:00:00,134,6084.93,6036.01258,-28.6771,242.2857,HIT/DEFESA,-40.52,5
2025-01-24 21:00:00,34,6084.43,6092.53806,-35.2117,10808.0,HIT/DEFESA,-47.4,5
2025-01-24 21:00:00,134,6084.43,6036.72987,-35.2117,10808.0,HIT/DEFESA,-47.4,5
2025-01-24 22:00:00,34,6089.18,6092.34617,-13.5303,565.2,HIT/DEFESA,-51.02,5
2025-01-24 22:00:00,134,6089.18,6037.50691,-13.5303,565.2,HIT/DEFESA,-51.02,5
2025-01-27 01:00:00,34,6062.91,6090.45096,-35.369,19050.0,HIT/DEFESA,-28.25,5
2025-01-27 01:00:00,134,6062.91,6038.62591,-35.369,19050.0,HIT/DEFESA,-28.25,5
2025-01-27 02:00:00,34,6044.41,6087.82005,-73.5239,56.9067,HIT/DEFESA,-25.0,5
2025-01-27 02:00:00,134,6044.41,6038.7116,-73.5239,56.9067,HIT/DEFESA,-25.0,5
2025-01-27 03:00:00,34,6037.03,6084.91776,-84.3573,349.9345,HIT/DEFESA,-29.12,5
2025-01-27 03:00:00,134,6037.03,6038.68669,-84.3573,349.9345,HIT/DEFESA,-29.12,5
2025-01-27 04:00:00,34,6038.16,6082.24589,-40.822,1406.0,HIT/DEFESA,-49.47,5
2025-01-27 04:00:00,134,6038.16,6038.67889,-40.822,1406.0,HIT/DEFESA,-49.47,5
2025-01-27 05:00:00,34,6040.91,6079.88383,-5.7905,409.5057,HIT/DEFESA,-64.22,5
2025-01-27 05:00:00,134,6040.91,6038.71194,-5.7905,409.5057,HIT/DEFESA,-64.22,5
2025-01-27 06:00:00,34,6034.66,6077.29962,-3.9258,181.8462,HIT/DEFESA,-64.47,5
2025-01-27 06:00:00,134,6034.66,6038.65191,-3.9258,181.8462,HIT/DEFESA,-64.47,5
2025-01-27 07:00:00,34,6019.41,6073.99164,-31.0525,132.4,HIT/DEFESA,-86.47,5
2025-01-27 07:00:00,134,6019.41,6038.36684,-31.0525,132.4,HIT/DEFESA,-86.47,5
2025-01-27 08:00:00,34,6007.91,6070.21554,-54.6275,168.3404,HIT/DEFESA,-66.22,5
2025-01-27 08:00:00,134,6007.91,6037.91563,-54.6275,168.3404,HIT/DEFESA,-66.22,5
2025-01-27 09:00:00,34,5988.69,6065.55694,-76.1766,193.5568,HIT/DEFESA,-29.0,5
2025-01-27 09:00:00,134,5988.69,6037.18636,-76.1766,193.5568,HIT/DEFESA,-29.0,5
2025-01-27 10:00:00,34,5976.69,6060.47883,-70.9704,473.0381,HIT/DEFESA,-9.5,5
2025-01-27 10:00:00,134,5976.69,6036.29012,-70.9704,473.0381,HIT/DEFESA,-9.5,5
2025-01-27 15:00:00,34,5967.19,6033.49748,57.7285,639.5664,HIT/DEFESA,10.01,5
2025-01-27 15:00:00,134,5967.19,6030.40157,57.7285,639.5664,HIT/DEFESA,10.01,5
2025-01-27 17:00:00,34,5991.45,6029.11221,53.2914,1776.9531,HIT/DEFESA,15.25,5
2025-01-27 17:00:00,134,5991.45,6029.33263,53.2914,1776.9531,HIT/DEFESA,15.25,5
2025-01-27 18:00:00,34,5978.7,6026.23151,19.2888,564.7692,HIT/DEFESA,30.71,5
2025-01-27 18:00:00,134,5978.7,6028.58251,19.2888,564.7692,HIT/DEFESA,30.71,5
2025-01-27 21:00:00,34,5981.2,6018.30995,4.1815,1533.8667,HIT/DEFESA,14.73,5
2025-01-27 21:00:00,134,5981.2,6026.33066,4.1815,1533.8667,HIT/DEFESA,14.73,5
2025-01-28 02:00:00,34,6004.43,6016.2053,-3.7791,319.0968,HIT/DEFESA,-0.25,5
2025-01-28 02:00:00,134,6004.43,6025.28557,-3.7791,319.0968,HIT/DEFESA,-0.25,5
2025-01-28 06:00:00,34,6007.43,6013.49938,19.1797,340.2857,HIT/DEFESA,20.9,5
2025-01-28 06:00:00,134,6007.43,6024.00086,19.1797,340.2857,HIT/DEFESA,20.9,5
2025-01-28 09:00:00,34,6010.21,6012.18774,4.6276,241.0853,HIT/DEFESA,8.62,5
2025-01-28 09:00:00,134,6010.21,6023.18212,4.6276,241.0853,HIT/DEFESA,8.62,5
2025-01-28 12:00:00,34,6028.71,6014.66309,30.781,2736.0,HIT/DEFESA,13.76,5
2025-01-28 12:00:00,134,6028.71,6023.36831,30.781,2736.0,HIT/DEFESA,13.76,5
2025-01-28 17:00:00,34,6042.47,6016.0005,39.2767,137.6568,HIT/DEFESA,14.5,5
2025-01-28 17:00:00,134,6042.47,6023.10198,39.2767,137.6568,HIT/DEFESA,14.5,5
2025-01-28 18:00:00,34,6037.47,6017.22733,36.5891,1046.6667,HIT/DEFESA,13.46,5
2025-01-28 18:00:00,134,6037.47,6023.31484,36.5891,1046.6667,HIT/DEFESA,13.46,5
2025-01-28 20:00:00,34,6049.72,6020.87509,11.9984,2874.0,HIT/DEFESA,3.95,5
2025-01-28 20:00:00,134,6049.72,6024.10237,11.9984,2874.0,HIT/DEFESA,3.95,5
2025-01-28 23:00:00,34,6050.93,6026.70099,2.0001,146.8809,HIT/DEFESA,4.74,5
2025-01-28 23:00:00,134,6050.93,6025.5456,2.0001,146.8809,HIT/DEFESA,4.74,5
2025-01-29 03:00:00,34,6053.42,6030.79681,4.1151,954.0,HIT/DEFESA,15.5,5
2025-01-29 03:00:00,134,6053.42,6026.70155,4.1151,954.0,HIT/DEFESA,15.5,5
2025-01-29 04:00:00,34,6055.92,6032.23242,11.9861,162.2222,HIT/DEFESA,10.78,5
2025-01-29 04:00:00,134,6055.92,6027.13441,11.9861,162.2222,HIT/DEFESA,10.78,5
2025-01-29 05:00:00,34,6055.67,6033.57171,3.3038,975.6757,HIT/DEFESA,8.28,5
2025-01-29 05:00:00,134,6055.67,6027.55716,3.3038,975.6757,HIT/DEFESA,8.28,5
2025-01-29 06:00:00,34,6058.67,6035.0059,8.6728,131.2727,HIT/DEFESA,4.28,5
2025-01-29 06:00:00,134,6058.67,6028.01809,8.6728,131.2727,HIT/DEFESA,4.28,5
2025-01-29 11:00:00,34,6062.95,6042.34098,-9.837,2970.6667,HIT/DEFESA,-18.49,5
2025-01-29 11:00:00,134,6062.95,6030.58508,-9.837,2970.6667,HIT/DEFESA,-18.49,5
2025-01-29 12:00:00,34,6065.2,6043.64721,-2.4725,615.0235,HIT/DEFESA,-25.49,5
2025-01-29 12:00:00,134,6065.2,6031.09789,-2.4725,615.0235,HIT/DEFESA,-25.49,5
2025-01-29 14:00:00,34,6057.95,6045.69307,-8.2468,140.9797,HIT/DEFESA,-25.49,5
2025-01-29 14:00:00,134,6057.95,6032.01168,-8.2468,140.9797,HIT/DEFESA,-25.49,5
2025-01-29 15:00:00,34,6047.2,6045.77918,-29.6775,222.8571,HIT/DEFESA,-19.99,5
2025-01-29 15:00:00,134,6047.2,6032.23669,-29.6775,222.8571,HIT/DEFESA,-19.99,5
2025-01-29 16:00:00,34,6044.46,6045.7038,-36.2485,1868.6747,HIT/DEFESA,-9.5,5
2025-01-29 16:00:00,134,6044.46,6032.41777,-36.2485,1868.6747,HIT/DEFESA,-9.5,5
2025-01-29 17:00:00,34,6039.71,6045.3613,-30.1092,1018.2,HIT/DEFESA,-9.75,5
2025-01-29 17:00:00,134,6039.71,6032.52581,-30.1092,1018.2,HIT/DEFESA,-9.75,5
2025-01-29 19:00:00,34,6032.46,6044.02328,-19.8529,1492.5,HIT/DEFESA,-1.36,5
2025-01-29 19:00:00,134,6032.46,6032.54941,-19.8529,1492.5,HIT/DEFESA,-1.36,5
2025-01-29 21:00:00,34,6034.96,6042.59952,1.2429,1274.8731,HIT/DEFESA,16.89,5
2025-01-29 21:00:00,134,6034.96,6032.5072,1.2429,1274.8731,HIT/DEFESA,16.89,5
2025-01-29 23:00:00,34,6039.42,6041.73684,20.2581,764.0608,HIT/DEFESA,15.43,5
2025-01-29 23:00:00,134,6039.42,6032.57243,20.2581,764.0608,HIT/DEFESA,15.43,5
2025-01-30 02:00:00,34,6043.85,6041.28451,23.035,76.4054,HIT/DEFESA,8.5,5
2025-01-30 02:00:00,134,6043.85,6032.71801,23.035,76.4054,HIT/DEFESA,8.5,5
2025-01-30 04:00:00,34,6051.85,6042.45749,34.405,1972.0,HIT/DEFESA,2.78,5
2025-01-30 04:00:00,134,6051.85,6033.28069,34.405,1972.0,HIT/DEFESA,2.78,5
2025-01-30 05:00:00,34,6054.85,6043.16564,18.2003,132.3636,HIT/DEFESA,9.03,5
2025-01-30 05:00:00,134,6054.85,6033.60023,18.2003,132.3636,HIT/DEFESA,9.03,5
2025-01-30 06:00:00,34,6052.6,6043.70474,1.2393,149.3671,HIT/DEFESA,0.28,5
2025-01-30 06:00:00,134,6052.6,6033.88171,1.2393,149.3671,HIT/DEFESA,0.28,5
2025-01-30 08:00:00,34,6050.6,6044.56454,-7.0192,268.0,HIT/DEFESA,-0.97,5
2025-01-30 08:00:00,134,6050.6,6034.39894,-7.0192,268.0,HIT/DEFESA,-0.97,5
2025-01-30 11:00:00,34,6052.88,6046.59169,3.7682,149.2381,HIT/DEFESA,8.76,5
2025-01-30 11:00:00,134,6052.88,6035.39393,3.7682,149.2381,HIT/DEFESA,8.76,5
2025-01-30 12:00:00,34,6049.88,6046.7796,-7.8452,469.8182,HIT/DEFESA,-22.99,5
2025-01-30 12:00:00,134,6049.88,6035.60853,-7.8452,469.8182,HIT/DEFESA,-22.99,5
2025-01-30 15:00:00,34,6052.88,6047.18411,4.9588,388.5333,HIT/DEFESA,9.26,5
2025-01-30 15:00:00,134,6052.88,6036.20499,4.9588,388.5333,HIT/DEFESA,9.26,5
2025-01-30 16:00:00,34,6061.64,6048.01016,19.8525,543.3608,HIT/DEFESA,7.75,5
2025-01-30 16:00:00,134,6061.64,6036.58181,19.8525,543.3608,HIT/DEFESA,7.75,5
2025-01-30 18:00:00,34,6052.89,6047.15111,0.0165,208.1524,HIT/DEFESA,0.33,5
2025-01-30 18:00:00,134,6052.89,6036.68196,0.0165,208.1524,HIT/DEFESA,0.33,5
2025-01-30 20:00:00,34,6062.14,6047.9262,58.4879,178.6866,HIT/DEFESA,9.34,5
2025-01-30 20:00:00,134,6062.14,6037.18986,58.4879,178.6866,HIT/DEFESA,9.34,5
2025-01-30 21:00:00,34,6069.39,6049.1527,27.2597,366.1429,HIT/DEFESA,11.34,5
2025-01-30 21:00:00,134,6069.39,6037.6669,27.2597,366.1429,HIT/DEFESA,11.34,5
2025-01-30 22:00:00,34,6061.89,6049.88055,26.8789,943.7241,HIT/DEFESA,13.59,5
2025-01-30 22:00:00,134,6061.89,6038.02576,26.8789,943.7241,HIT/DEFESA,13.59,5
2025-01-31 01:00:00,34,6072.23,6051.33758,4.6792,354.3158,HIT/DEFESA,2.75,5
2025-01-31 01:00:00,134,6072.23,6038.75425,4.6792,354.3158,HIT/DEFESA,2.75,5
2025-01-31 02:00:00,34,6071.48,6052.48858,15.8201,5160.0,HIT/DEFESA,5.5,5
2025-01-31 02:00:00,134,6071.48,6039.23908,15.8201,5160.0,HIT/DEFESA,5.5,5
2025-01-31 03:00:00,34,6080.73,6054.10237,45.4469,154.7368,HIT/DEFESA,0.25,5
2025-01-31 03:00:00,134,6080.73,6039.85376,45.4469,154.7368,HIT/DEFESA,0.25,5
2025-01-31 04:00:00,34,6075.48,6055.32395,5.3522,139.2727,HIT/DEFESA,9.78,5
2025-01-31 04:00:00,134,6075.48,6040.38155,5.3522,139.2727,HIT/DEFESA,9.78,5
2025-01-31 05:00:00,34,6074.48,6056.41858,4.9411,689.3333,HIT/DEFESA,7.03,5
2025-01-31 05:00:00,134,6074.48,6040.88672,4.9411,689.3333,HIT/DEFESA,7.03,5
2025-01-31 07:00:00,34,6076.98,6058.59357,2.4689,306.8571,HIT/DEFESA,10.03,5
2025-01-31 07:00:00,134,6076.98,6041.91903,2.4689,306.8571,HIT/DEFESA,10.03,5
2025-01-31 08:00:00,34,6080.98,6059.87279,10.7005,123.5294,HIT/DEFESA,11.28,5
2025-01-31 08:00:00,134,6080.98,6042.49772,10.7005,123.5294,HIT/DEFESA,11.28,5
2025-01-31 09:00:00,34,6085.26,6061.32349,16.9219,219.7115,HIT/DEFESA,3.5,5
2025-01-31 09:00:00,134,6085.26,6043.13123,16.9219,219.7115,HIT/DEFESA,3.5,5
2025-01-31 10:00:00,34,6081.51,6062.477,7.4544,306.5,HIT/DEFESA,8.75,5
2025-01-31 10:00:00,134,6081.51,6043.69981,7.4544,306.5,HIT/DEFESA,8.75,5
2025-01-31 11:00:00,34,6087.51,6063.90746,10.7384,208.0,HIT/DEFESA,4.51,5
2025-01-31 11:00:00,134,6087.51,6044.34885,10.7384,208.0,HIT/DEFESA,4.51,5
2025-01-31 12:00:00,34,6087.01,6065.22761,2.8758,1321.3333,HIT/DEFESA,18.51,5
2025-01-31 12:00:00,134,6087.01,6044.98086,2.8758,1321.3333,HIT/DEFESA,18.51,5
2025-01-31 13:00:00,34,6092.26,6066.77231,17.6765,131.1891,HIT/DEFESA,7.76,5
2025-01-31 13:00:00,134,6092.26,6045.68129,17.6765,131.1891,HIT/DEFESA,7.76,5
2025-01-31 14:00:00,34,6088.76,6068.02875,2.0534,320.0,HIT/DEFESA,13.26,5
2025-01-31 14:00:00,134,6088.76,6046.3195,2.0534,320.0,HIT/DEFESA,13.26,5
2025-01-31 16:00:00,34,6092.02,6070.59745,-0.3939,1961.194,HIT/DEFESA,-45.25,5
2025-01-31 16:00:00,134,6092.02,6047.63787,-0.3939,1961.194,HIT/DEFESA,-45.25,5
2025-01-31 20:00:00,34,6064.77,6075.1247,-66.7429,192.6667,HIT/DEFESA,-131.55,5
2025-01-31 20:00:00,134,6064.77,6050.25857,-66.7429,192.6667,HIT/DEFESA,-131.55,5
2025-01-31 21:00:00,34,6046.77,6073.50443,-87.2948,513.4085,HIT/DEFESA,-119.3,5
2025-01-31 21:00:00,134,6046.77,6050.20689,-87.2948,513.4085,HIT/DEFESA,-119.3,5
2025-01-31 22:00:00,34,6028.02,6070.90532,-121.2713,535.4521,HIT/DEFESA,-115.3,5
2025-01-31 22:00:00,134,6028.02,6049.8782,-121.2713,535.4521,HIT/DEFESA,-115.3,5
2025-01-31 23:00:00,34,6025.85,6068.33073,-64.1739,1554.491,HIT/DEFESA,-111.88,5
2025-01-31 23:00:00,134,6025.85,6049.52222,-64.1739,1554.491,HIT/DEFESA,-111.88,5
2025-02-03 01:00:00,34,5933.72,6060.63869,-186.9593,614.5217,HIT/DEFESA,-24.75,5
2025-02-03 01:00:00,134,5933.72,6047.80664,-186.9593,614.5217,HIT/DEFESA,-24.75,5
2025-02-03 02:00:00,34,5933.22,6053.35762,-157.2656,8611.2903,HIT/DEFESA,-15.25,5
2025-02-03 02:00:00,134,5933.22,6046.10906,-157.2656,8611.2903,HIT/DEFESA,-15.25,5
2025-02-03 03:00:00,34,5927.47,6046.16405,-163.2633,764.3636,HIT/DEFESA,-9.75,5
2025-02-03 03:00:00,134,5927.47,6044.35144,-163.2633,764.3636,HIT/DEFESA,-9.75,5
2025-02-03 07:00:00,34,5917.97,6018.34025,8.8792,190.5143,HIT/DEFESA,27.53,5
2025-02-03 07:00:00,134,5917.97,6036.76371,8.8792,190.5143,HIT/DEFESA,27.53,5
2025-02-03 08:00:00,34,5917.72,6012.59052,6.3409,21300000.0,HIT/DEFESA,24.53,5
2025-02-03 08:00:00,134,5917.72,6035.0001,6.3409,21300000.0,HIT/DEFESA,24.53,5
2025-02-03 09:00:00,34,5925.62,6007.62077,28.1775,341.9023,HIT/DEFESA,4.0,5
2025-02-03 09:00:00,134,5925.62,6033.37966,28.1775,341.9023,HIT/DEFESA,4.0,5
2025-02-03 12:00:00,34,5945.5,5996.90599,33.5492,198.7451,HIT/DEFESA,45.26,5
2025-02-03 12:00:00,134,5945.5,6029.3524,33.5492,198.7451,HIT/DEFESA,45.26,5
2025-02-03 18:00:00,34,5984.76,5984.29001,82.9922,1708.9869,HIT/DEFESA,35.46,5
2025-02-03 18:00:00,134,5984.76,6022.81338,82.9922,1708.9869,HIT/DEFESA,35.46,5
2025-02-03 19:00:00,34,5985.76,5984.37401,90.1849,10858.6667,HIT/DEFESA,37.94,5
2025-02-03 19:00:00,134,5985.76,6022.26444,90.1849,10858.6667,HIT/DEFESA,37.94,5
2025-02-03 20:00:00,34,6000.26,5985.28178,15.8578,525.2203,HIT/DEFESA,17.19,5
2025-02-03 20:00:00,134,6000.26,6021.93845,15.8578,525.2203,HIT/DEFESA,17.19,5
2025-02-03 21:00:00,34,6009.01,5986.63767,40.5196,466.5556,HIT/DEFESA,0.19,5
2025-02-03 21:00:00,134,6009.01,6021.74692,40.5196,466.5556,HIT/DEFESA,0.19,5
2025-02-03 22:00:00,34,5988.26,5986.73038,4.1766,261.1765,HIT/DEFESA,12.94,5
2025-02-03 22:00:00,134,5988.26,6021.25081,4.1766,261.1765,HIT/DEFESA,12.94,5
2025-02-04 03:00:00,34,6009.2,5993.15149,-18.305,200.125,HIT/DEFESA,-23.88,5
2025-02-04 03:00:00,134,6009.2,6021.03742,-18.305,200.125,HIT/DEFESA,-23.88,5
2025-02-04 04:00:00,34,6001.2,5993.6114,-37.3525,164.6061,HIT/DEFESA,-17.97,5
2025-02-04 04:00:00,134,6001.2,6020.74354,-37.3525,164.6061,HIT/DEFESA,-17.97,5
2025-02-04 05:00:00,34,5996.45,5993.77361,-34.8985,273.1602,HIT/DEFESA,-26.22,5
2025-02-04 05:00:00,134,5996.45,6020.38363,-34.8985,273.1602,HIT/DEFESA,-26.22,5
2025-02-04 06:00:00,34,5995.7,5993.88369,-22.4656,769.0,HIT/DEFESA,-21.72,5
2025-02-04 06:00:00,134,5995.7,6020.01795,-22.4656,769.0,HIT/DEFESA,-21.72,5
2025-02-04 08:00:00,34,5985.32,5992.53587,-18.561,346.1333,HIT/DEFESA,-5.72,5
2025-02-04 08:00:00,134,5985.32,6018.88991,-18.561,346.1333,HIT/DEFESA,-5.72,5
2025-02-04 13:00:00,34,5979.6,5988.58768,15.6945,1565.6934,HIT/DEFESA,46.64,5
2025-02-04 13:00:00,134,5979.6,6015.87973,15.6945,1565.6934,HIT/DEFESA,46.64,5
2025-02-04 14:00:00,34,5993.85,5988.88839,33.2609,184.3077,HIT/DEFESA,28.39,5
2025-02-04 14:00:00,134,5993.85,6015.55337,33.2609,184.3077,HIT/DEFESA,28.39,5
2025-02-04 15:00:00,34,5988.73,5988.87934,17.7816,382.4,HIT/DEFESA,30.76,5
2025-02-04 15:00:00,134,5988.73,6015.15598,17.7816,382.4,HIT/DEFESA,30.76,5
2025-02-04 16:00:00,34,6002.11,5989.63537,37.6447,332.0503,HIT/DEFESA,24.88,5
2025-02-04 16:00:00,134,6002.11,6014.96271,37.6447,332.0503,HIT/DEFESA,24.88,5
2025-02-04 17:00:00,34,6015.99,5991.14135,36.9379,440.6577,HIT/DEFESA,13.75,5
2025-02-04 17:00:00,134,6015.99,6014.97793,36.9379,440.6577,HIT/DEFESA,13.75,5
2025-02-04 23:00:00,34,6012.32,6000.50886,-11.9113,215.6669,HIT/DEFESA,-8.9,5
2025-02-04 23:00:00,134,6012.32,6015.64685,-11.9113,215.6669,HIT/DEFESA,-8.9,5
2025-02-05 01:00:00,34,6009.92,6001.04664,-28.3226,768.0982,HIT/DEFESA,-4.88,5
2025-02-05 01:00:00,134,6009.92,6015.56201,-28.3226,768.0982,HIT/DEFESA,-4.88,5
2025-02-05 02:00:00,34,6017.42,6001.98226,-20.4321,194.2857,HIT/DEFESA,-16.5,5
2025-02-05 02:00:00,134,6017.42,6015.58953,-20.4321,194.2857,HIT/DEFESA,-16.5,5
2025-02-05 03:00:00,34,6009.67,6002.42156,-4.4076,225.6552,HIT/DEFESA,-10.75,5
2025-02-05 03:00:00,134,6009.67,6015.50184,-4.4076,225.6552,HIT/DEFESA,-10.75,5
2025-02-05 04:00:00,34,6006.67,6002.66433,-5.4077,442.5455,HIT/DEFESA,-7.97,5
2025-02-05 04:00:00,134,6006.67,6015.37099,-5.4077,442.5455,HIT/DEFESA,-7.97,5
2025-02-05 05:00:00,34,6003.42,6002.70751,-23.2658,233.7143,HIT/DEFESA,-6.6,5
2025-02-05 05:00:00,134,6003.42,6015.19394,-23.2658,233.7143,HIT/DEFESA,-6.6,5
2025-02-05 06:00:00,34,6005.04,6002.84079,-7.7042,489.781,HIT/DEFESA,-14.84,5
2025-02-05 06:00:00,134,6005.04,6015.04351,-7.7042,489.781,HIT/DEFESA,-14.84,5
2025-02-05 07:00:00,34,6000.92,6002.73103,-9.5727,173.8824,HIT/DEFESA,-1.72,5
2025-02-05 07:00:00,134,6000.92,6014.83428,-9.5727,173.8824,HIT/DEFESA,-1.72,5
2025-02-05 12:00:00,34,5999.2,6001.18867,0.8335,151.4737,HIT/DEFESA,18.76,5
2025-02-05 12:00:00,134,5999.2,6013.53342,0.8335,151.4737,HIT/DEFESA,18.76,5
2025-02-05 13:00:00,34,6004.2,6001.36075,12.3065,189.7541,HIT/DEFESA,35.01,5
2025-02-05 13:00:00,134,6004.2,6013.39515,12.3065,189.7541,HIT/DEFESA,35.01,5
2025-02-05 14:00:00,34,6006.45,6001.65156,27.1276,659.5,HIT/DEFESA,32.51,5
2025-02-05 14:00:00,134,6006.45,6013.29226,27.1276,659.5,HIT/DEFESA,32.51,5
2025-02-05 15:00:00,34,6012.07,6002.2469,21.4529,440.2235,HIT/DEFESA,29.89,5
2025-02-05 15:00:00,134,6012.07,6013.27415,21.4529,440.2235,HIT/DEFESA,29.89,5
2025-02-05 16:00:00,34,6012.96,6002.85908,14.5898,4489.4737,HIT/DEFESA,30.5,5
2025-02-05 16:00:00,134,6012.96,6013.26949,14.5898,4489.4737,HIT/DEFESA,30.5,5
2025-02-05 17:00:00,34,6017.96,6003.72199,19.1627,1241.5205,HIT/DEFESA,36.0,5
2025-02-05 17:00:00,134,6017.96,6013.33898,19.1627,1241.5205,HIT/DEFESA,36.0,5
2025-02-05 18:00:00,34,6039.21,6005.74987,45.1425,162.6207,HIT/DEFESA,18.71,5
2025-02-05 18:00:00,134,6039.21,6013.72226,45.1425,162.6207,HIT/DEFESA,18.71,5
2025-02-05 19:00:00,34,6038.96,6007.6476,43.2399,27850000.0,HIT/DEFESA,19.99,5
2025-02-05 19:00:00,134,6038.96,6014.09615,43.2399,27850000.0,HIT/DEFESA,19.99,5
2025-02-05 20:00:00,34,6041.96,6009.6083,39.8806,834.1818,HIT/DEFESA,18.36,5
2025-02-05 20:00:00,134,6041.96,6014.50895,39.8806,834.1818,HIT/DEFESA,18.36,5
2025-02-05 21:00:00,34,6043.46,6011.54269,7.0373,1077.1429,HIT/DEFESA,16.99,5
2025-02-05 21:00:00,134,6043.46,6014.93785,7.0373,1077.1429,HIT/DEFESA,16.99,5
2025-02-05 22:00:00,34,6053.96,6013.96653,24.8387,213.0233,HIT/DEFESA,8.49,5
2025-02-05 22:00:00,134,6053.96,6015.51596,24.8387,213.0233,HIT/DEFESA,8.49,5
2025-02-05 23:00:00,34,6057.92,6016.47816,26.4153,280.3468,HIT/DEFESA,5.28,5
2025-02-05 23:00:00,134,6057.92,6016.14417,26.4153,280.3468,HIT/DEFESA,5.28,5
2025-02-06 01:00:00,34,6058.95,6018.90512,25.631,289.0,HIT/DEFESA,8.0,5
2025-02-06 01:00:00,134,6058.95,6016.77833,25.631,289.0,HIT/DEFESA,8.0,5
2025-02-06 02:00:00,34,6060.32,6021.27169,10.5055,459.3583,HIT/DEFESA,10.88,5
2025-02-06 02:00:00,134,6060.32,6017.42339,10.5055,459.3583,HIT/DEFESA,10.88,5
2025-02-06 03:00:00,34,6060.45,6023.51045,4.1764,8370000.0,HIT/DEFESA,7.5,5
2025-02-06 03:00:00,134,6060.45,6018.06082,4.1764,8370000.0,HIT/DEFESA,7.5,5
2025-02-06 04:00:00,34,6062.45,6025.73556,5.7766,256.0,HIT/DEFESA,1.9,5
2025-02-06 04:00:00,134,6062.45,6018.71844,5.7766,256.0,HIT/DEFESA,1.9,5
2025-02-06 05:00:00,34,6063.2,6027.87639,4.7522,774.0,HIT/DEFESA,7.9,5
2025-02-06 05:00:00,134,6063.2,6019.37742,4.7522,774.0,HIT/DEFESA,7.9,5
2025-02-06 06:00:00,34,6066.95,6030.10917,10.7253,68.5,HIT/DEFESA,0.53,5
2025-02-06 06:00:00,134,6066.95,6020.0822,10.7253,68.5,HIT/DEFESA,0.53,5
2025-02-06 10:00:00,34,6071.1,6038.18667,-0.1647,216.885,HIT/DEFESA,-1.37,5
2025-02-06 10:00:00,134,6071.1,6022.89656,-0.1647,216.885,HIT/DEFESA,-1.37,5
2025-02-06 11:00:00,34,6067.48,6039.86058,-0.7746,281.8667,HIT/DEFESA,-2.24,5
2025-02-06 11:00:00,134,6067.48,6023.55706,-0.7746,281.8667,HIT/DEFESA,-2.24,5
2025-02-06 12:00:00,34,6063.73,6041.22454,-1.0224,243.0,HIT/DEFESA,-4.74,5
2025-02-06 12:00:00,134,6063.73,6024.15221,-1.0224,243.0,HIT/DEFESA,-4.74,5
2025-02-06 18:00:00,34,6063.99,6047.8956,-9.4568,587.7895,HIT/DEFESA,-1.04,5
2025-02-06 18:00:00,134,6063.99,6027.53457,-9.4568,587.7895,HIT/DEFESA,-1.04,5
2025-02-06 19:00:00,34,6068.99,6049.10099,6.1828,423.1579,HIT/DEFESA,0.95,5
2025-02-06 19:00:00,134,6068.99,6028.14873,6.1828,423.1579,HIT/DEFESA,0.95,5
2025-02-06 20:00:00,34,6064.24,6049.96608,8.6648,381.6,HIT/DEFESA,8.58,5
2025-02-06 20:00:00,134,6064.24,6028.68341,8.6648,381.6,HIT/DEFESA,8.58,5
2025-02-06 22:00:00,34,6075.74,6051.4267,11.1221,109.981,HIT/DEFESA,0.08,5
2025-02-06 22:00:00,134,6075.74,6029.68788,11.1221,109.981,HIT/DEFESA,0.08,5
2025-02-07 01:00:00,34,6069.94,6053.10545,33.3899,96.9212,HIT/DEFESA,0.13,5
2025-02-07 01:00:00,134,6069.94,6030.76967,33.3899,96.9212,HIT/DEFESA,0.13,5
2025-02-07 02:00:00,34,6072.82,6054.23199,-4.806,170.4615,HIT/DEFESA,-4.25,5
2025-02-07 02:00:00,134,6072.82,6031.39264,-4.806,170.4615,HIT/DEFESA,-4.25,5
2025-02-07 05:00:00,34,6071.94,6057.52903,-1.4491,93.25,HIT/DEFESA,-2.84,5
2025-02-07 05:00:00,134,6071.94,6033.28779,-1.4491,93.25,HIT/DEFESA,-2.84,5
2025-02-07 09:00:00,34,6070.1,6060.06411,0.0494,2614.2857,HIT/DEFESA,4.0,5
2025-02-07 09:00:00,134,6070.1,6035.39285,0.0494,2614.2857,HIT/DEFESA,4.0,5
2025-02-07 10:00:00,34,6069.1,6060.58044,0.8734,938.6667,HIT/DEFESA,9.5,5
2025-02-07 10:00:00,134,6069.1,6035.89221,0.8734,938.6667,HIT/DEFESA,9.5,5
2025-02-07 11:00:00,34,6073.85,6061.3387,6.8537,258.2222,HIT/DEFESA,15.63,5
2025-02-07 11:00:00,134,6073.85,6036.45455,6.8537,258.2222,HIT/DEFESA,15.63,5
2025-02-07 17:00:00,34,6044.86,6064.62451,-48.1388,240.5393,HIT/DEFESA,-26.5,5
2025-02-07 17:00:00,134,6044.86,6039.56685,-48.1388,240.5393,HIT/DEFESA,-26.5,5
2025-02-07 18:00:00,34,6026.11,6062.42368,-86.3521,534.0,HIT/DEFESA,-6.79,5
2025-02-07 18:00:00,134,6026.11,6039.36749,-86.3521,534.0,HIT/DEFESA,-6.79,5
2025-02-07 19:00:00,34,6031.86,6060.67718,-94.6222,1326.3333,HIT/DEFESA,-0.45,5
2025-02-07 19:00:00,134,6031.86,6039.25627,-94.6222,1326.3333,HIT/DEFESA,-0.45,5
2025-02-10 01:00:00,34,6031.41,6051.03041,16.491,83.7579,HIT/DEFESA,4.63,5
2025-02-10 01:00:00,134,6031.41,6038.06444,16.491,83.7579,HIT/DEFESA,4.63,5
2025-02-10 03:00:00,34,6035.54,6049.59998,26.9466,199.0476,HIT/DEFESA,1.75,5
2025-02-10 03:00:00,134,6035.54,6038.06857,26.9466,199.0476,HIT/DEFESA,1.75,5
2025-02-10 04:00:00,34,6035.29,6048.78227,6.433,6780000.0,HIT/DEFESA,0.53,5
2025-02-10 04:00:00,134,6035.29,6038.02741,6.433,6780000.0,HIT/DEFESA,0.53,5
2025-02-10 06:00:00,34,6036.04,6047.47537,0.8284,147.1698,HIT/DEFESA,6.78,5
2025-02-10 06:00:00,134,6036.04,6037.99815,0.8284,147.1698,HIT/DEFESA,6.78,5
2025-02-10 07:00:00,34,6039.04,6046.99335,6.2135,254.9091,HIT/DEFESA,7.53,5
2025-02-10 07:00:00,134,6039.04,6038.01359,6.2135,254.9091,HIT/DEFESA,7.53,5
2025-02-10 10:00:00,34,6039.57,6045.47425,0.8776,319.5294,HIT/DEFESA,17.25,5
2025-02-10 10:00:00,134,6039.57,6037.99422,0.8776,319.5294,HIT/DEFESA,17.25,5
2025-02-10 11:00:00,34,6042.82,6045.32258,9.1597,311.4667,HIT/DEFESA,4.51,5
2025-02-10 11:00:00,134,6042.82,6038.06572,9.1597,311.4667,HIT/DEFESA,4.51,5
2025-02-10 12:00:00,34,6046.57,6045.39386,17.8103,201.0309,HIT/DEFESA,14.76,5
2025-02-10 12:00:00,134,6046.57,6038.19171,17.8103,201.0309,HIT/DEFESA,14.76,5
2025-02-10 13:00:00,34,6049.07,6045.60392,15.7296,398.5455,HIT/DEFESA,7.51,5
2025-02-10 13:00:00,134,6049.07,6038.35287,15.7296,398.5455,HIT/DEFESA,7.51,5
2025-02-10 14:00:00,34,6050.19,6045.86599,12.1963,618.2482,HIT/DEFESA,8.14,5
2025-02-10 14:00:00,134,6050.19,6038.52823,12.1963,618.2482,HIT/DEFESA,8.14,5
2025-02-10 15:00:00,34,6056.82,6046.49193,16.9518,103.4074,HIT/DEFESA,6.26,5
2025-02-10 15:00:00,134,6056.82,6038.79922,16.9518,103.4074,HIT/DEFESA,6.26,5
2025-02-10 23:00:00,34,6058.79,6051.11813,-7.0756,320.155,HIT/DEFESA,-11.87,5
2025-02-10 23:00:00,134,6058.79,6041.02444,-7.0756,320.155,HIT/DEFESA,-11.87,5
2025-02-11 01:00:00,34,6049.67,6051.03538,-20.4715,204.0,HIT/DEFESA,-2.25,5
2025-02-11 01:00:00,134,6049.67,6041.15252,-20.4715,204.0,HIT/DEFESA,-2.25,5
2025-02-11 02:00:00,34,6052.42,6051.1145,-13.0521,233.6806,HIT/DEFESA,-3.5,5
2025-02-11 02:00:00,134,6052.42,6041.31945,-13.0521,233.6806,HIT/DEFESA,-3.5,5
2025-02-11 03:00:00,34,6048.67,6050.97482,-16.703,160.4369,HIT/DEFESA,-4.0,5
2025-02-11 03:00:00,134,6048.67,6041.42835,-16.703,160.4369,HIT/DEFESA,-4.0,5
2025-02-11 04:00:00,34,6042.54,6050.49283,-11.7858,150.4702,HIT/DEFESA,-4.84,5
2025-02-11 04:00:00,134,6042.54,6041.44482,-11.7858,150.4702,HIT/DEFESA,-4.84,5
2025-02-11 05:00:00,34,6046.92,6050.28867,-9.0873,123.2941,HIT/DEFESA,-2.22,5
2025-02-11 05:00:00,134,6046.92,6041.52593,-9.0873,123.2941,HIT/DEFESA,-2.22,5
2025-02-11 06:00:00,34,6047.42,6050.12474,-2.0666,388.0,HIT/DEFESA,-6.22,5
2025-02-11 06:00:00,134,6047.42,6041.61325,-2.0666,388.0,HIT/DEFESA,-6.22,5
2025-02-11 10:00:00,34,6044.7,6048.81055,-6.9765,251.7442,HIT/DEFESA,-12.75,5
2025-02-11 10:00:00,134,6044.7,6041.74932,-6.9765,251.7442,HIT/DEFESA,-12.75,5
2025-02-11 12:00:00,34,6038.45,6047.80848,1.2422,311.8467,HIT/DEFESA,21.01,5
2025-02-11 12:00:00,134,6038.45,6041.69243,1.2422,311.8467,HIT/DEFESA,21.01,5
2025-02-11 13:00:00,34,6045.95,6047.70228,2.0679,94.9677,HIT/DEFESA,8.26,5
2025-02-11 13:00:00,134,6045.95,6041.7555,2.0679,94.9677,HIT/DEFESA,8.26,5
2025-02-11 14:00:00,34,6045.45,6047.57358,7.035,2174.6667,HIT/DEFESA,4.26,5
2025-02-11 14:00:00,134,6045.45,6041.81024,7.035,2174.6667,HIT/DEFESA,4.26,5
2025-02-11 17:00:00,34,6059.46,6047.3318,23.1745,285.4815,HIT/DEFESA,5.75,5
2025-02-11 17:00:00,134,6059.46,6041.97955,23.1745,285.4815,HIT/DEFESA,5.75,5
2025-02-11 18:00:00,34,6054.21,6047.72484,36.9035,541.0,HIT/DEFESA,9.21,5
2025-02-11 18:00:00,134,6054.21,6042.16075,36.9035,541.0,HIT/DEFESA,9.21,5
2025-02-11 19:00:00,34,6049.71,6047.83828,7.4439,677.1765,HIT/DEFESA,15.83,5
2025-02-11 19:00:00,134,6049.71,6042.27259,7.4439,677.1765,HIT/DEFESA,15.83,5
2025-02-11 21:00:00,34,6066.71,6049.48893,20.6468,238.7059,HIT/DEFESA,1.58,5
2025-02-11 21:00:00,134,6066.71,6042.87088,20.6468,238.7059,HIT/DEFESA,1.58,5
2025-02-12 01:00:00,34,6065.54,6051.95532,-1.9286,1746.0,HIT/DEFESA,-4.75,5
2025-02-12 01:00:00,134,6065.54,6043.82786,-1.9286,1746.0,HIT/DEFESA,-4.75,5
2025-02-12 04:00:00,34,6064.79,6054.28429,-1.2365,110.6667,HIT/DEFESA,-2.72,5
2025-02-12 04:00:00,134,6064.79,6044.81483,-1.2365,110.6667,HIT/DEFESA,-2.72,5
2025-02-12 05:00:00,34,6061.16,6054.67719,-8.0448,108.2667,HIT/DEFESA,-0.09,5
2025-02-12 05:00:00,134,6061.16,6045.05698,-8.0448,108.2667,HIT/DEFESA,-0.09,5
2025-02-12 06:00:00,34,6060.79,6055.02649,-12.3593,1208.0,HIT/DEFESA,-5.6,5
2025-02-12 06:00:00,134,6060.79,6045.29007,-12.3593,1208.0,HIT/DEFESA,-5.6,5
2025-02-12 08:00:00,34,6060.54,6055.55779,-1.0229,254.4,HIT/DEFESA,-1.97,5
2025-02-12 08:00:00,134,6060.54,6045.71668,-1.0229,254.4,HIT/DEFESA,-1.97,5
2025-02-12 09:00:00,34,6062.07,6055.92991,2.1119,367.9688,HIT/DEFESA,4.0,5
2025-02-12 09:00:00,134,6062.07,6045.95895,2.1119,367.9688,HIT/DEFESA,4.0,5
2025-02-12 11:00:00,34,6055.19,6056.16457,-8.8276,240.3197,HIT/DEFESA,-29.61,5
2025-02-12 11:00:00,134,6055.19,6046.31625,-8.8276,240.3197,HIT/DEFESA,-29.61,5
2025-02-12 12:00:00,34,6059.57,6056.35916,-4.124,194.0,HIT/DEFESA,-23.49,5
2025-02-12 12:00:00,134,6059.57,6046.51261,-4.124,194.0,HIT/DEFESA,-23.49,5
2025-02-12 13:00:00,34,6058.57,6056.4855,-4.1247,825.0,HIT/DEFESA,-12.49,5
2025-02-12 13:00:00,134,6058.57,6046.69123,-4.1247,825.0,HIT/DEFESA,-12.49,5
2025-02-12 18:00:00,34,6046.08,6051.14387,69.9692,517.5385,HIT/DEFESA,6.46,5
2025-02-12 18:00:00,134,6046.08,6045.89042,69.9692,517.5385,HIT/DEFESA,6.46,5
2025-02-12 19:00:00,34,6056.08,6051.42593,50.6175,356.7619,HIT/DEFESA,1.93,5
2025-02-12 19:00:00,134,6056.08,6046.04138,50.6175,356.7619,HIT/DEFESA,1.93,5
2025-02-12 20:00:00,34,6044.08,6051.00617,13.2536,250.8085,HIT/DEFESA,14.68,5
2025-02-12 20:00:00,134,6044.08,6046.01232,13.2536,250.8085,HIT/DEFESA,14.68,5
2025-02-12 21:00:00,34,6051.08,6051.01038,8.2698,353.6296,HIT/DEFESA,6.43,5
2025-02-12 21:00:00,134,6051.08,6046.0874,8.2698,353.6296,HIT/DEFESA,6.43,5
2025-02-12 23:00:00,34,6052.54,6050.81868,13.9972,172.4832,HIT/DEFESA,7.97,5
2025-02-12 23:00:00,134,6052.54,6046.17924,13.9972,172.4832,HIT/DEFESA,7.97,5
2025-02-13 01:00:00,34,6058.01,6051.22962,11.4525,140.8526,HIT/DEFESA,2.5,5
2025-02-13 01:00:00,134,6058.01,6046.35451,11.4525,140.8526,HIT/DEFESA,2.5,5
2025-02-13 02:00:00,34,6058.76,6051.65992,21.3866,1198.4127,HIT/DEFESA,0.5,5
2025-02-13 02:00:00,134,6058.76,6046.53829,21.3866,1198.4127,HIT/DEFESA,0.5,5
2025-02-13 04:00:00,34,6057.01,6052.28083,-1.6507,2272.0,HIT/DEFESA,-5.97,5
2025-02-13 04:00:00,134,6057.01,6046.85356,-1.6507,2272.0,HIT/DEFESA,-5.97,5
2025-02-13 08:00:00,34,6057.01,6053.73927,-5.7751,339.1509,HIT/DEFESA,-12.47,5
2025-02-13 08:00:00,134,6057.01,6047.57493,-5.7751,339.1509,HIT/DEFESA,-12.47,5
2025-02-13 09:00:00,34,6051.04,6053.58502,-15.6257,202.4116,HIT/DEFESA,-7.5,5
2025-02-13 09:00:00,134,6051.04,6047.62627,-15.6257,202.4116,HIT/DEFESA,-7.5,5
2025-02-13 13:00:00,34,6044.54,6051.23534,20.3074,997.6415,HIT/DEFESA,28.76,5
2025-02-13 13:00:00,134,6044.54,6047.3103,20.3074,997.6415,HIT/DEFESA,28.76,5
2025-02-13 15:00:00,34,6058.29,6051.22386,19.0184,245.0,HIT/DEFESA,26.01,5
2025-02-13 15:00:00,134,6058.29,6047.41793,19.0184,245.0,HIT/DEFESA,26.01,5
2025-02-13 16:00:00,34,6060.3,6051.74249,26.0731,2221.5909,HIT/DEFESA,41.25,5
2025-02-13 16:00:00,134,6060.3,6047.60878,26.0731,2221.5909,HIT/DEFESA,41.25,5
2025-02-13 17:00:00,34,6083.3,6053.54578,65.7893,214.6067,HIT/DEFESA,26.0,5
2025-02-13 17:00:00,134,6083.3,6048.13754,65.7893,214.6067,HIT/DEFESA,26.0,5
2025-02-13 18:00:00,34,6073.3,6054.67459,24.776,304.6829,HIT/DEFESA,34.46,5
2025-02-13 18:00:00,134,6073.3,6048.51031,24.776,304.6829,HIT/DEFESA,34.46,5
2025-02-13 19:00:00,34,6074.05,6055.78176,22.6886,2527.0,HIT/DEFESA,33.31,5
2025-02-13 19:00:00,134,6074.05,6048.88868,22.6886,2527.0,HIT/DEFESA,33.31,5
2025-02-13 20:00:00,34,6084.3,6057.41137,1.6438,543.5,HIT/DEFESA,24.31,5
2025-02-13 20:00:00,134,6084.3,6049.41329,1.6438,543.5,HIT/DEFESA,24.31,5
2025-02-13 21:00:00,34,6101.55,6059.93358,46.5151,154.7222,HIT/DEFESA,15.31,5
2025-02-13 21:00:00,134,6101.55,6050.18569,46.5151,154.7222,HIT/DEFESA,15.31,5
2025-02-13 22:00:00,34,6109.3,6062.75452,58.0338,253.875,HIT/DEFESA,7.56,5
2025-02-13 22:00:00,134,6109.3,6051.06146,58.0338,253.875,HIT/DEFESA,7.56,5
2025-02-13 23:00:00,34,6107.76,6065.32626,38.5583,309.4972,HIT/DEFESA,9.1,5
2025-02-13 23:00:00,134,6107.76,6051.90143,38.5583,309.4972,HIT/DEFESA,9.1,5
2025-02-14 01:00:00,34,6107.36,6067.72819,9.5222,1285.4839,HIT/DEFESA,9.5,5
2025-02-14 01:00:00,134,6107.36,6052.72304,9.5222,1285.4839,HIT/DEFESA,9.5,5
2025-02-14 07:00:00,34,6113.11,6081.77703,-6.1306,91.0,HIT/DEFESA,-10.72,5
2025-02-14 07:00:00,134,6113.11,6058.04809,-6.1306,91.0,HIT/DEFESA,-10.72,5
2025-02-14 08:00:00,34,6114.61,6083.6532,-3.6784,232.5714,HIT/DEFESA,-16.47,5
2025-02-14 08:00:00,134,6114.61,6058.88605,-3.6784,232.5714,HIT/DEFESA,-16.47,5
2025-02-14 09:00:00,34,6116.64,6085.53816,-0.3597,327.6316,HIT/DEFESA,-15.0,5
2025-02-14 09:00:00,134,6116.64,6059.74166,-0.3597,327.6316,HIT/DEFESA,-15.0,5
2025-02-14 10:00:00,34,6108.89,6086.87255,-6.9032,171.7333,HIT/DEFESA,-2.5,5
2025-02-14 10:00:00,134,6108.89,6060.46978,-6.9032,171.7333,HIT/DEFESA,-2.5,5
2025-02-14 15:00:00,34,6106.39,6091.05949,6.5548,285.7143,HIT/DEFESA,7.26,5
2025-02-14 15:00:00,134,6106.39,6063.55178,6.5548,285.7143,HIT/DEFESA,7.26,5
2025-02-14 20:00:00,34,6113.65,6096.36765,-0.4089,241.0435,HIT/DEFESA,-0.42,5
2025-02-14 20:00:00,134,6113.65,6067.03095,-0.4089,241.0435,HIT/DEFESA,-0.42,5
2025-02-17 01:00:00,34,6111.23,6098.90944,0.1309,516.6667,HIT/DEFESA,10.0,5
2025-02-17 01:00:00,134,6111.23,6069.43289,0.1309,516.6667,HIT/DEFESA,10.0,5
2025-02-17 02:00:00,34,6113.23,6099.72776,13.2347,317.6,HIT/DEFESA,8.25,5
2025-02-17 02:00:00,134,6113.23,6070.08173,13.2347,317.6,HIT/DEFESA,8.25,5
2025-02-17 03:00:00,34,6115.48,6100.62789,14.9352,237.395,HIT/DEFESA,6.12,5
2025-02-17 03:00:00,134,6115.48,6070.7543,14.9352,237.395,HIT/DEFESA,6.12,5
2025-02-17 11:00:00,34,6120.01,6107.53097,-2.5974,81.6415,HIT/DEFESA,-4.74,5
2025-02-17 11:00:00,134,6120.01,6076.19334,-2.5974,81.6415,HIT/DEFESA,-4.74,5
2025-02-17 13:00:00,34,6118.88,6108.89224,5.9196,135.2113,HIT/DEFESA,2.64,5
2025-02-17 13:00:00,134,6118.88,6077.4762,5.9196,135.2113,HIT/DEFESA,2.64,5
2025-02-17 14:00:00,34,6121.01,6109.58468,1.634,155.8511,HIT/DEFESA,1.01,5
2025-02-17 14:00:00,134,6121.01,6078.12114,1.634,155.8511,HIT/DEFESA,1.01,5
2025-02-17 19:00:00,34,6122.02,6112.22282,11.0379,615.7895,HIT/DEFESA,0.3,5
2025-02-17 19:00:00,134,6122.02,6081.12438,11.0379,615.7895,HIT/DEFESA,0.3,5
2025-02-18 01:00:00,34,6118.07,6112.55695,0.0817,154.4622,HIT/DEFESA,4.25,5
2025-02-18 01:00:00,134,6118.07,6081.67172,0.0817,154.4622,HIT/DEFESA,4.25,5
2025-02-18 04:00:00,34,6121.57,6113.79492,5.7208,284.8,HIT/DEFESA,11.53,5
2025-02-18 04:00:00,134,6121.57,6083.3574,5.7208,284.8,HIT/DEFESA,11.53,5
2025-02-18 05:00:00,34,6122.32,6114.28207,5.7201,502.0,HIT/DEFESA,6.28,5
2025-02-18 05:00:00,134,6122.32,6083.93463,5.7201,502.0,HIT/DEFESA,6.28,5
2025-02-18 06:00:00,34,6122.32,6114.74138,3.6764,700.0,HIT/DEFESA,1.78,5
2025-02-18 06:00:00,134,6122.32,6084.5033,3.6764,700.0,HIT/DEFESA,1.78,5
2025-02-18 10:00:00,34,6128.6,6117.60566,13.1197,254.3529,HIT/DEFESA,4.75,5
2025-02-18 10:00:00,134,6128.6,6087.03919,13.1197,254.3529,HIT/DEFESA,4.75,5
2025-02-18 11:00:00,34,6124.1,6117.97676,-10.5537,228.9412,HIT/DEFESA,-11.74,5
2025-02-18 11:00:00,134,6124.1,6087.58824,-10.5537,228.9412,HIT/DEFESA,-11.74,5
2025-02-18 12:00:00,34,6128.85,6118.59809,-6.9296,113.0,HIT/DEFESA,-11.99,5
2025-02-18 12:00:00,134,6128.85,6088.19952,-6.9296,113.0,HIT/DEFESA,-11.99,5
2025-02-18 16:00:00,34,6112.36,6120.16253,-26.9055,145.7156,HIT/DEFESA,-2.25,5
2025-02-18 16:00:00,134,6112.36,6090.40917,-26.9055,145.7156,HIT/DEFESA,-2.25,5
2025-02-18 19:00:00,34,6114.86,6119.3522,4.0901,1309.6,HIT/DEFESA,12.38,5
2025-02-18 19:00:00,134,6114.86,6091.49402,4.0901,1309.6,HIT/DEFESA,12.38,5
2025-02-18 22:00:00,34,6124.86,6118.5852,16.3536,118.7586,HIT/DEFESA,8.88,5
2025-02-18 22:00:00,134,6124.86,6092.49536,16.3536,118.7586,HIT/DEFESA,8.88,5
2025-02-18 23:00:00,34,6121.07,6118.72718,21.6279,196.3277,HIT/DEFESA,12.67,5
2025-02-18 23:00:00,134,6121.07,6092.91869,21.6279,196.3277,HIT/DEFESA,12.67,5
2025-02-19 01:00:00,34,6127.24,6119.21363,28.0355,753.3333,HIT/DEFESA,3.5,5
2025-02-19 01:00:00,134,6127.24,6093.42716,28.0355,753.3333,HIT/DEFESA,3.5,5
2025-02-19 06:00:00,34,6130.74,6122.58312,-2.8537,79.6364,HIT/DEFESA,-3.72,5
2025-02-19 06:00:00,134,6130.74,6096.23256,-2.8537,79.6364,HIT/DEFESA,-3.72,5
2025-02-19 07:00:00,34,6130.24,6123.02066,-5.7061,948.0,HIT/DEFESA,-11.35,5
2025-02-19 07:00:00,134,6130.24,6096.73638,-5.7061,948.0,HIT/DEFESA,-11.35,5
2025-02-19 08:00:00,34,6129.49,6123.39034,-6.9289,244.0,HIT/DEFESA,-12.72,5
2025-02-19 08:00:00,134,6129.49,6097.22162,-6.9289,244.0,HIT/DEFESA,-12.72,5
2025-02-19 09:00:00,34,6127.77,6123.6406,-4.8444,334.6939,HIT/DEFESA,-9.25,5
2025-02-19 09:00:00,134,6127.77,6097.67418,-4.8444,334.6939,HIT/DEFESA,-9.25,5
2025-02-19 10:00:00,34,6129.52,6123.97657,-1.1745,563.0435,HIT/DEFESA,-16.75,5
2025-02-19 10:00:00,134,6129.52,6098.14597,-1.1745,563.0435,HIT/DEFESA,-16.75,5
2025-02-19 11:00:00,34,6127.02,6124.15048,-4.0297,201.0909,HIT/DEFESA,-16.49,5
2025-02-19 11:00:00,134,6127.02,6098.57374,-4.0297,201.0909,HIT/DEFESA,-16.49,5
2025-02-19 12:00:00,34,6118.89,6123.84988,-14.4914,93.3174,HIT/DEFESA,-6.36,5
2025-02-19 12:00:00,134,6118.89,6098.87472,-14.4914,93.3174,HIT/DEFESA,-6.36,5
2025-02-19 18:00:00,34,6128.53,6121.75797,25.7821,113.7143,HIT/DEFESA,4.71,5
2025-02-19 18:00:00,134,6128.53,6100.39802,25.7821,113.7143,HIT/DEFESA,4.71,5
2025-02-19 19:00:00,34,6127.28,6122.07351,27.4117,1442.0,HIT/DEFESA,5.65,5
2025-02-19 19:00:00,134,6127.28,6100.79627,27.4117,1442.0,HIT/DEFESA,5.65,5
2025-02-19 20:00:00,34,6126.53,6122.32817,22.9038,1504.0,HIT/DEFESA,8.65,5
2025-02-19 20:00:00,134,6126.53,6101.17751,22.9038,1504.0,HIT/DEFESA,8.65,5
2025-02-20 01:00:00,34,6132.93,6125.45148,-16.0351,532.0,HIT/DEFESA,-10.0,5
2025-02-20 01:00:00,134,6132.93,6103.27827,-16.0351,532.0,HIT/DEFESA,-10.0,5
2025-02-20 02:00:00,34,6135.18,6126.0074,-9.5261,243.2,HIT/DEFESA,-13.25,5
2025-02-20 02:00:00,134,6135.18,6103.75089,-9.5261,243.2,HIT/DEFESA,-13.25,5
2025-02-20 03:00:00,34,6125.18,6125.96012,-13.1415,108.9231,HIT/DEFESA,-3.0,5
2025-02-20 03:00:00,134,6125.18,6104.06835,-13.1415,108.9231,HIT/DEFESA,-3.0,5
2025-02-20 04:00:00,34,6127.18,6126.02983,-9.3756,457.7778,HIT/DEFESA,-6.72,5
2025-02-20 04:00:00,134,6127.18,6104.41075,-9.3756,457.7778,HIT/DEFESA,-6.72,5
2025-02-20 08:00:00,34,6122.18,6125.3788,-4.4898,1102.0,HIT/DEFESA,-0.22,5
2025-02-20 08:00:00,134,6122.18,6105.48666,-4.4898,1102.0,HIT/DEFESA,-0.22,5
2025-02-20 13:00:00,34,6121.96,6125.45445,-6.5296,111.0345,HIT/DEFESA,-36.99,5
2025-02-20 13:00:00,134,6121.96,6106.93511,-6.5296,111.0345,HIT/DEFESA,-36.99,5
2025-02-20 14:00:00,34,6125.71,6125.46906,-7.3407,340.5714,HIT/DEFESA,-34.99,5
2025-02-20 14:00:00,134,6125.71,6107.21326,-7.3407,340.5714,HIT/DEFESA,-34.99,5
2025-02-20 15:00:00,34,6124.21,6125.39711,-8.5652,529.7143,HIT/DEFESA,-27.49,5
2025-02-20 15:00:00,134,6124.21,6107.46506,-8.5652,529.7143,HIT/DEFESA,-27.49,5
2025-02-20 20:00:00,34,6096.72,6116.4669,20.9567,393.44,HIT/DEFESA,19.02,5
2025-02-20 20:00:00,134,6096.72,6106.22731,20.9567,393.44,HIT/DEFESA,19.02,5
2025-02-20 21:00:00,34,6109.22,6116.0528,39.8523,163.5294,HIT/DEFESA,2.89,5
2025-02-20 21:00:00,134,6109.22,6106.27165,39.8523,163.5294,HIT/DEFESA,2.89,5
2025-02-20 23:00:00,34,6110.93,6115.70173,23.3076,121.5859,HIT/DEFESA,0.81,5
2025-02-20 23:00:00,134,6110.93,6106.46761,23.3076,121.5859,HIT/DEFESA,0.81,5
2025-02-21 03:00:00,34,6112.11,6115.51319,1.931,340.8946,HIT/DEFESA,1.63,5
2025-02-21 03:00:00,134,6112.11,6106.82346,1.931,340.8946,HIT/DEFESA,1.63,5
2025-02-21 04:00:00,34,6113.74,6115.41187,-3.6789,271.3333,HIT/DEFESA,-2.97,5
2025-02-21 04:00:00,134,6113.74,6106.92593,-3.6789,271.3333,HIT/DEFESA,-2.97,5
2025-02-21 08:00:00,34,6113.74,6114.51904,3.2724,58.8115,HIT/DEFESA,1.53,5
2025-02-21 08:00:00,134,6113.74,6107.16926,3.2724,58.8115,HIT/DEFESA,1.53,5
2025-02-21 09:00:00,34,6110.77,6114.30481,1.2766,159.0062,HIT/DEFESA,8.25,5
2025-02-21 09:00:00,134,6110.77,6107.2226,1.2766,159.0062,HIT/DEFESA,8.25,5
2025-02-21 10:00:00,34,6113.52,6114.25997,7.4153,639.2,HIT/DEFESA,4.75,5
2025-02-21 10:00:00,134,6113.52,6107.3159,7.4153,639.2,HIT/DEFESA,4.75,5
2025-02-21 16:00:00,34,6093.9,6113.80171,-34.9453,156.6335,HIT/DEFESA,-85.12,5
2025-02-21 16:00:00,134,6093.9,6107.81305,-34.9453,156.6335,HIT/DEFESA,-85.12,5
2025-02-21 17:00:00,34,6077.03,6111.70047,-68.6221,395.5152,HIT/DEFESA,-68.25,5
2025-02-21 17:00:00,134,6077.03,6107.35701,-68.6221,395.5152,HIT/DEFESA,-68.25,5
2025-02-21 18:00:00,34,6077.03,6109.7193,-67.4047,18424.0,HIT/DEFESA,-69.04,5
2025-02-21 18:00:00,134,6077.03,6106.90772,-67.4047,18424.0,HIT/DEFESA,-69.04,5
2025-02-21 19:00:00,34,6047.03,6106.13705,-76.913,145.8151,HIT/DEFESA,-15.11,5
2025-02-21 19:00:00,134,6047.03,6106.02064,-76.913,145.8151,HIT/DEFESA,-15.11,5
2025-02-24 01:00:00,34,6031.92,6083.38195,38.5103,114.7912,HIT/DEFESA,7.75,5
2025-02-24 01:00:00,134,6031.92,6099.59995,38.5103,114.7912,HIT/DEFESA,7.75,5
2025-02-24 02:00:00,34,6033.29,6080.51955,40.7903,1919.3548,HIT/DEFESA,9.63,5
2025-02-24 02:00:00,134,6033.29,6098.61758,40.7903,1919.3548,HIT/DEFESA,9.63,5
2025-02-24 03:00:00,34,6031.92,6077.74243,39.8303,882.4,HIT/DEFESA,9.5,5
2025-02-24 03:00:00,134,6031.92,6097.62946,39.8303,882.4,HIT/DEFESA,9.5,5
2025-02-24 06:00:00,34,6039.67,6071.55849,12.8483,650.0,HIT/DEFESA,3.78,5
2025-02-24 06:00:00,134,6039.67,6095.08443,12.8483,650.0,HIT/DEFESA,3.78,5
2025-02-24 08:00:00,34,6041.42,6068.29332,1.6555,414.4,HIT/DEFESA,1.78,5
2025-02-24 08:00:00,134,6041.42,6093.52805,1.6555,414.4,HIT/DEFESA,1.78,5
2025-02-24 14:00:00,34,6040.45,6060.05299,-4.9641,540.0,HIT/DEFESA,-22.74,5
2025-02-24 14:00:00,134,6040.45,6088.98438,-4.9641,540.0,HIT/DEFESA,-22.74,5
2025-02-24 17:00:00,34,5988.21,6051.78655,-86.4836,843.4419,HIT/DEFESA,-4.25,5
2025-02-24 17:00:00,134,5988.21,6085.5155,-86.4836,843.4419,HIT/DEFESA,-4.25,5
2025-02-24 18:00:00,34,6010.96,6049.45361,-53.3492,260.6292,HIT/DEFESA,-24.04,5
2025-02-24 18:00:00,134,6010.96,6084.41097,-53.3492,260.6292,HIT/DEFESA,-24.04,5
2025-02-24 21:00:00,34,6008.96,6043.83035,-3.3273,399.4286,HIT/DEFESA,-12.87,5
2025-02-24 21:00:00,134,6008.96,6081.36421,-3.3273,399.4286,HIT/DEFESA,-12.87,5
2025-02-25 02:00:00,34,5992.09,6031.82921,13.5863,130.1714,HIT/DEFESA,1.0,5
2025-02-25 02:00:00,134,5992.09,6075.86577,13.5863,130.1714,HIT/DEFESA,1.0,5
2025-02-25 06:00:00,34,5991.34,6023.95343,-7.9218,232.9114,HIT/DEFESA,-28.72,5
2025-02-25 06:00:00,134,5991.34,6071.14267,-7.9218,232.9114,HIT/DEFESA,-28.72,5
2025-02-25 07:00:00,34,5993.09,6022.18981,-5.8367,303.3333,HIT/DEFESA,-30.22,5
2025-02-25 07:00:00,134,5993.09,6069.98634,-5.8367,303.3333,HIT/DEFESA,-30.22,5
2025-02-25 08:00:00,34,5988.09,6020.24125,-9.1765,115.4004,HIT/DEFESA,-8.97,5
2025-02-25 08:00:00,134,5988.09,6068.77306,-9.1765,115.4004,HIT/DEFESA,-8.97,5
2025-02-25 12:00:00,34,5962.87,6008.65951,-3.7719,4457.8947,HIT/DEFESA,-28.74,5
2025-02-25 12:00:00,134,5962.87,6062.76429,-3.7719,4457.8947,HIT/DEFESA,-28.74,5
2025-02-25 16:00:00,34,5963.88,6002.45042,-25.4887,276.0819,HIT/DEFESA,-0.13,5
2025-02-25 16:00:00,134,5963.88,6057.92943,-25.4887,276.0819,HIT/DEFESA,-0.13,5
2025-02-25 20:00:00,34,5958.38,5991.29972,40.8653,10846.0,HIT/DEFESA,13.6,5
2025-02-25 20:00:00,134,5958.38,6051.60455,40.8653,10846.0,HIT/DEFESA,13.6,5
2025-02-25 21:00:00,34,5963.75,5989.72545,35.1177,976.4706,HIT/DEFESA,0.98,5
2025-02-25 21:00:00,134,5963.75,6050.303,35.1177,976.4706,HIT/DEFESA,0.98,5
2025-02-25 23:00:00,34,5960.84,5986.10318,4.1286,210.804,HIT/DEFESA,10.89,5
2025-02-25 23:00:00,134,5960.84,6047.55935,4.1286,210.804,HIT/DEFESA,10.89,5
2025-02-26 01:00:00,34,5968.98,5985.12472,8.7696,1168.0,HIT/DEFESA,5.0,5
2025-02-26 01:00:00,134,5968.98,6046.39521,8.7696,1168.0,HIT/DEFESA,5.0,5
2025-02-26 02:00:00,34,5971.98,5984.37359,31.664,231.7143,HIT/DEFESA,5.75,5
2025-02-26 02:00:00,134,5971.98,6045.29276,31.664,231.7143,HIT/DEFESA,5.75,5
2025-02-26 03:00:00,34,5964.73,5983.2511,6.5259,103.4286,HIT/DEFESA,12.0,5
2025-02-26 03:00:00,134,5964.73,6044.09924,6.5259,103.4286,HIT/DEFESA,12.0,5
2025-02-26 04:00:00,34,5969.98,5982.49275,1.6753,139.7661,HIT/DEFESA,6.53,5
2025-02-26 04:00:00,134,5969.98,6043.00118,1.6753,139.7661,HIT/DEFESA,6.53,5
2025-02-26 06:00:00,34,5973.98,5981.42644,15.5078,103.2,HIT/DEFESA,7.28,5
2025-02-26 06:00:00,134,5973.98,6040.93842,15.5078,103.2,HIT/DEFESA,7.28,5
2025-02-26 07:00:00,34,5977.73,5981.21521,12.9816,118.8571,HIT/DEFESA,6.03,5
2025-02-26 07:00:00,134,5977.73,6040.002,12.9816,118.8571,HIT/DEFESA,6.03,5
2025-02-26 08:00:00,34,5976.73,5980.95891,8.3728,513.3333,HIT/DEFESA,2.53,5
2025-02-26 08:00:00,134,5976.73,6039.06463,8.3728,513.3333,HIT/DEFESA,2.53,5
2025-02-26 09:00:00,34,5976.51,5980.70469,4.235,27966.6667,HIT/DEFESA,3.0,5
2025-02-26 09:00:00,134,5976.51,6038.1379,4.235,27966.6667,HIT/DEFESA,3.0,5
2025-02-26 11:00:00,34,5981.26,5980.65859,7.5794,490.6667,HIT/DEFESA,6.76,5
2025-02-26 11:00:00,134,5981.26,6036.43592,7.5794,490.6667,HIT/DEFESA,6.76,5
2025-02-26 12:00:00,34,5983.76,5980.83581,12.1308,313.7778,HIT/DEFESA,16.01,5
2025-02-26 12:00:00,134,5983.76,6035.65553,12.1308,313.7778,HIT/DEFESA,16.01,5
2025-02-26 14:00:00,34,5979.51,5980.67515,-2.9258,2910.0,HIT/DEFESA,-12.49,5
2025-02-26 14:00:00,134,5979.51,6034.00064,-2.9258,2910.0,HIT/DEFESA,-12.49,5
2025-02-26 15:00:00,34,5976.26,5980.42285,-12.5339,552.6667,HIT/DEFESA,-39.74,5
2025-02-26 15:00:00,134,5976.26,6033.14522,-12.5339,552.6667,HIT/DEFESA,-39.74,5
2025-02-26 19:00:00,34,5967.02,5981.60155,-35.07,256.701,HIT/DEFESA,-4.31,5
2025-02-26 19:00:00,134,5967.02,6030.4389,-35.07,256.701,HIT/DEFESA,-4.31,5
2025-02-27 05:00:00,34,5957.46,5970.58613,14.2882,312.3636,HIT/DEFESA,31.03,5
2025-02-27 05:00:00,134,5957.46,6020.86394,14.2882,312.3636,HIT/DEFESA,31.03,5
2025-02-27 06:00:00,34,5958.96,5969.92178,7.1372,680.0,HIT/DEFESA,30.53,5
2025-02-27 06:00:00,134,5958.96,6019.94684,7.1372,680.0,HIT/DEFESA,30.53,5
2025-02-27 07:00:00,34,5974.46,5970.1811,24.7495,61.5082,HIT/DEFESA,14.78,5
2025-02-27 07:00:00,134,5974.46,6019.27297,24.7495,61.5082,HIT/DEFESA,14.78,5
2025-02-27 08:00:00,34,5977.96,5970.62561,34.4106,317.4556,HIT/DEFESA,17.28,5
2025-02-27 08:00:00,134,5977.96,6018.66092,34.4106,317.4556,HIT/DEFESA,17.28,5
2025-02-27 09:00:00,34,5978.74,5971.08929,33.1937,3007.5472,HIT/DEFESA,12.25,5
2025-02-27 09:00:00,134,5978.74,6018.0695,33.1937,3007.5472,HIT/DEFESA,12.25,5
2025-02-27 15:00:00,34,5970.49,5975.79528,-31.3061,230.6506,HIT/DEFESA,-22.49,5
2025-02-27 15:00:00,134,5970.49,6015.42715,-31.3061,230.6506,HIT/DEFESA,-22.49,5
2025-02-27 16:00:00,34,5935.75,5973.50698,-99.2287,233.8649,HIT/DEFESA,-32.75,5
2025-02-27 16:00:00,134,5935.75,6014.24675,-99.2287,233.8649,HIT/DEFESA,-32.75,5
2025-02-27 17:00:00,34,5945.5,5971.90658,-75.9307,1219.9,HIT/DEFESA,-83.5,5
2025-02-27 17:00:00,134,5945.5,6013.22828,-75.9307,1219.9,HIT/DEFESA,-83.5,5
2025-02-27 18:00:00,34,5935.25,5969.81192,-59.0236,761.3333,HIT/DEFESA,-70.04,5
2025-02-27 18:00:00,134,5935.25,6012.07305,-59.0236,761.3333,HIT/DEFESA,-70.04,5
2025-02-27 21:00:00,34,5903.0,5963.5585,-54.3364,170.3825,HIT/DEFESA,-41.01,5
2025-02-27 21:00:00,134,5903.0,6008.55753,-54.3364,170.3825,HIT/DEFESA,-41.01,5
2025-02-27 22:00:00,34,5862.0,5957.75516,-139.6131,209.9636,HIT/DEFESA,-7.01,5
2025-02-27 22:00:00,134,5862.0,6006.38631,-139.6131,209.9636,HIT/DEFESA,-7.01,5
2025-02-27 23:00:00,34,5865.21,5952.46687,-139.1896,644.4744,HIT/DEFESA,-14.22,5
2025-02-27 23:00:00,134,5865.21,6004.29481,-139.1896,644.4744,HIT/DEFESA,-14.22,5
2025-02-28 01:00:00,34,5871.99,5947.86819,-52.5326,900.0,HIT/DEFESA,-8.13,5
2025-02-28 01:00:00,134,5871.99,6002.33474,-52.5326,900.0,HIT/DEFESA,-8.13,5
2025-02-28 03:00:00,34,5861.99,5938.21273,-5.49,1561.1429,HIT/DEFESA,-1.88,5
2025-02-28 03:00:00,134,5861.99,5998.17434,-5.49,1561.1429,HIT/DEFESA,-1.88,5
2025-02-28 06:00:00,34,5863.86,5925.03704,3.19,130.4279,HIT/DEFESA,13.66,5
2025-02-28 06:00:00,134,5863.86,5991.97743,3.19,130.4279,HIT/DEFESA,13.66,5
2025-02-28 07:00:00,34,5864.49,5921.57721,16.2255,2204.0,HIT/DEFESA,15.03,5
2025-02-28 07:00:00,134,5864.49,5990.08872,16.2255,2204.0,HIT/DEFESA,15.03,5
2025-02-28 08:00:00,34,5860.11,5918.0648,15.5871,352.0518,HIT/DEFESA,21.16,5
2025-02-28 08:00:00,134,5860.11,5988.16311,15.5871,352.0518,HIT/DEFESA,21.16,5
2025-02-28 09:00:00,34,5868.77,5915.24795,8.3733,311.5942,HIT/DEFESA,6.5,5
2025-02-28 09:00:00,134,5868.77,5986.39433,8.3733,311.5942,HIT/DEFESA,6.5,5
2025-02-28 12:00:00,34,5879.52,5909.23173,18.3173,574.6667,HIT/DEFESA,17.51,5
2025-02-28 12:00:00,134,5879.52,5981.64924,18.3173,574.6667,HIT/DEFESA,17.51,5
2025-02-28 13:00:00,34,5881.27,5907.63392,7.2316,658.6667,HIT/DEFESA,0.51,5
2025-02-28 13:00:00,134,5881.27,5980.16214,7.2316,658.6667,HIT/DEFESA,0.51,5
2025-02-28 14:00:00,34,5875.27,5905.78455,-3.8281,649.4,HIT/DEFESA,-30.49,5
2025-02-28 14:00:00,134,5875.27,5978.60818,-3.8281,649.4,HIT/DEFESA,-30.49,5
2025-02-28 15:00:00,34,5871.27,5903.81229,-14.0318,1122.6667,HIT/DEFESA,-26.99,5
2025-02-28 15:00:00,134,5871.27,5977.01799,-14.0318,1122.6667,HIT/DEFESA,-26.99,5
2025-02-28 17:00:00,34,5897.03,5901.56422,37.0366,366.4912,HIT/DEFESA,50.75,5
2025-02-28 17:00:00,134,5897.03,5974.26051,37.0366,366.4912,HIT/DEFESA,50.75,5
2025-02-28 18:00:00,34,5881.78,5900.43369,17.9007,492.7333,HIT/DEFESA,61.96,5
2025-02-28 18:00:00,134,5881.78,5972.89043,17.9007,492.7333,HIT/DEFESA,61.96,5
2025-02-28 21:00:00,34,5889.28,5893.94377,12.7512,166.4088,HIT/DEFESA,63.3,5
2025-02-28 21:00:00,134,5889.28,5967.93253,12.7512,166.4088,HIT/DEFESA,63.3,5
2025-02-28 22:00:00,34,5947.78,5897.02013,176.2256,144.817,HIT/DEFESA,3.55,5
2025-02-28 22:00:00,134,5947.78,5967.63397,176.2256,144.817,HIT/DEFESA,3.55,5
2025-02-28 23:00:00,34,5943.74,5899.68983,170.1835,517.0163,HIT/DEFESA,8.34,5
2025-02-28 23:00:00,134,5943.74,5967.27999,170.1835,517.0163,HIT/DEFESA,8.34,5
2025-03-03 03:00:00,34,5952.58,5908.14072,14.8728,340.5,HIT/DEFESA,14.0,5
2025-03-03 03:00:00,134,5952.58,5966.6125,14.8728,340.5,HIT/DEFESA,14.0,5
2025-03-03 05:00:00,34,5952.08,5912.97847,16.4077,2517.4603,HIT/DEFESA,1.78,5
2025-03-03 05:00:00,134,5952.08,5966.17415,16.4077,2517.4603,HIT/DEFESA,1.78,5
2025-03-03 06:00:00,34,5959.33,5915.62713,11.3396,86.4516,HIT/DEFESA,10.03,5
2025-03-03 06:00:00,134,5959.33,5966.07276,11.3396,86.4516,HIT/DEFESA,10.03,5
2025-03-03 07:00:00,34,5964.58,5918.42444,22.2639,191.6357,HIT/DEFESA,4.53,5
2025-03-03 07:00:00,134,5964.58,5966.05064,22.2639,191.6357,HIT/DEFESA,4.53,5
2025-03-03 08:00:00,34,5966.58,5921.17618,24.3612,751.5556,HIT/DEFESA,9.03,5
2025-03-03 08:00:00,134,5966.58,5966.05848,24.3612,751.5556,HIT/DEFESA,9.03,5
2025-03-03 16:00:00,34,5937.37,5937.36809,-63.9935,201.2378,HIT/DEFESA,-66.75,5
2025-03-03 16:00:00,134,5937.37,5965.87541,-63.9935,201.2378,HIT/DEFESA,-66.75,5
2025-03-03 17:00:00,34,5934.37,5937.19677,-74.8272,18706.3492,HIT/DEFESA,-84.0,5
2025-03-03 17:00:00,134,5934.37,5965.40866,-74.8272,18706.3492,HIT/DEFESA,-84.0,5
2025-03-03 18:00:00,34,5940.87,5937.40667,-53.1426,1463.0,HIT/DEFESA,-78.67,5
2025-03-03 18:00:00,134,5940.87,5965.04513,-53.1426,1463.0,HIT/DEFESA,-78.67,5
2025-03-03 19:00:00,34,5930.62,5937.01886,-11.3687,663.3846,HIT/DEFESA,-72.2,5
2025-03-03 19:00:00,134,5930.62,5964.53513,-11.3687,663.3846,HIT/DEFESA,-72.2,5
2025-03-03 20:00:00,34,5902.12,5935.02464,-54.3444,317.3451,HIT/DEFESA,-36.95,5
2025-03-03 20:00:00,134,5902.12,5963.61046,-54.3444,317.3451,HIT/DEFESA,-36.95,5
2025-03-03 21:00:00,34,5870.62,5931.34438,-118.2487,282.304,HIT/DEFESA,-20.95,5
2025-03-03 21:00:00,134,5870.62,5962.23282,-118.2487,282.304,HIT/DEFESA,-20.95,5
2025-03-03 23:00:00,34,5862.2,5923.03057,-67.6367,213.3278,HIT/DEFESA,-0.28,5
2025-03-03 23:00:00,134,5862.2,5959.11818,-67.6367,213.3278,HIT/DEFESA,-0.28,5
2025-03-04 01:00:00,34,5858.42,5919.33854,-20.7815,6129.7297,HIT/DEFESA,-0.25,5
2025-03-04 01:00:00,134,5858.42,5957.62635,-20.7815,6129.7297,HIT/DEFESA,-0.25,5
2025-03-04 02:00:00,34,5865.17,5916.24319,25.2975,406.8966,HIT/DEFESA,0.87,5
2025-03-04 02:00:00,134,5865.17,5956.25663,25.2975,406.8966,HIT/DEFESA,0.87,5
2025-03-04 05:00:00,34,5861.92,5906.66873,-5.5412,748.3636,HIT/DEFESA,-5.97,5
2025-03-04 05:00:00,134,5861.92,5951.90577,-5.5412,748.3636,HIT/DEFESA,-5.97,5
2025-03-04 09:00:00,34,5851.45,5896.93761,-11.4712,252.6495,HIT/DEFESA,-39.5,5
2025-03-04 09:00:00,134,5851.45,5946.60175,-11.4712,252.6495,HIT/DEFESA,-39.5,5
2025-03-04 10:00:00,34,5855.95,5894.59546,-17.2007,1164.2105,HIT/DEFESA,-47.25,5
2025-03-04 10:00:00,134,5855.95,5945.25876,-17.2007,1164.2105,HIT/DEFESA,-47.25,5
2025-03-04 11:00:00,34,5851.2,5892.11572,-25.2982,964.4706,HIT/DEFESA,-83.74,5
2025-03-04 11:00:00,134,5851.2,5943.8653,-25.2982,964.4706,HIT/DEFESA,-83.74,5
2025-03-04 12:00:00,34,5843.95,5889.36339,-12.8173,626.8657,HIT/DEFESA,-93.49,5
2025-03-04 12:00:00,134,5843.95,5942.38507,-12.8173,626.8657,HIT/DEFESA,-93.49,5
2025-03-04 13:00:00,34,5843.95,5886.76834,-20.492,28091.6667,HIT/DEFESA,-74.49,5
2025-03-04 13:00:00,134,5843.95,5940.92678,-20.492,28091.6667,HIT/DEFESA,-74.49,5
2025-03-04 14:00:00,34,5811.95,5882.49301,-67.0803,204.5246,HIT/DEFESA,-37.24,5
2025-03-04 14:00:00,134,5811.95,5939.01601,-67.0803,204.5246,HIT/DEFESA,-37.24,5
2025-03-04 19:00:00,34,5774.71,5854.69486,12.5705,2240.8421,HIT/DEFESA,48.36,5
2025-03-04 19:00:00,134,5774.71,5927.14686,12.5705,2240.8421,HIT/DEFESA,48.36,5
2025-03-04 20:00:00,34,5812.71,5852.29573,108.2522,278.3576,HIT/DEFESA,2.86,5
2025-03-04 20:00:00,134,5812.71,5925.4515,108.2522,278.3576,HIT/DEFESA,2.86,5
2025-03-04 22:00:00,34,5778.71,5847.35886,6.9268,208.7699,HIT/DEFESA,24.36,5
2025-03-04 22:00:00,134,5778.71,5922.01153,6.9268,208.7699,HIT/DEFESA,24.36,5
2025-03-04 23:00:00,34,5813.42,5845.4195,1.2215,237.5798,HIT/DEFESA,4.15,5
2025-03-04 23:00:00,134,5813.42,5920.40276,1.2215,237.5798,HIT/DEFESA,4.15,5
2025-03-05 01:00:00,34,5823.07,5844.14238,-26.7867,336.3499,HIT/DEFESA,-7.25,5
2025-03-05 01:00:00,134,5823.07,5918.9608,-26.7867,336.3499,HIT/DEFESA,-7.25,5
2025-03-05 02:00:00,34,5815.57,5842.50968,63.7859,582.9565,HIT/DEFESA,0.5,5
2025-03-05 02:00:00,134,5815.57,5917.42908,63.7859,582.9565,HIT/DEFESA,0.5,5
2025-03-05 06:00:00,34,5815.82,5836.02377,12.0506,1280.0,HIT/DEFESA,12.9,5
2025-03-05 06:00:00,134,5815.82,5911.28334,12.0506,1280.0,HIT/DEFESA,12.9,5
2025-03-05 08:00:00,34,5814.82,5833.73707,-4.7271,1223.3577,HIT/DEFESA,-16.22,5
2025-03-05 08:00:00,134,5814.82,5908.46458,-4.7271,1223.3577,HIT/DEFESA,-16.22,5
2025-03-05 09:00:00,34,5811.1,5832.44352,-8.1158,716.1209,HIT/DEFESA,-19.75,5
2025-03-05 09:00:00,134,5811.1,5907.02214,-8.1158,716.1209,HIT/DEFESA,-19.75,5
2025-03-05 10:00:00,34,5813.47,5831.35932,-4.4704,2213.6792,HIT/DEFESA,-36.0,5
2025-03-05 10:00:00,134,5813.47,5905.63618,-4.4704,2213.6792,HIT/DEFESA,-36.0,5
2025-03-05 13:00:00,34,5798.6,5828.32911,-25.5785,283.4802,HIT/DEFESA,-30.24,5
2025-03-05 13:00:00,134,5798.6,5901.58293,-25.5785,283.4802,HIT/DEFESA,-30.24,5
2025-03-05 19:00:00,34,5816.86,5815.17926,83.8696,208.6154,HIT/DEFESA,18.18,5
2025-03-05 19:00:00,134,5816.86,5891.48177,83.8696,208.6154,HIT/DEFESA,18.18,5
2025-03-05 20:00:00,34,5824.11,5815.68959,78.7387,1703.523,HIT/DEFESA,5.43,5
2025-03-05 20:00:00,134,5824.11,5890.48367,78.7387,1703.523,HIT/DEFESA,5.43,5
2025-03-05 23:00:00,34,5834.82,5819.3517,18.3891,628.5714,HIT/DEFESA,1.35,5
2025-03-05 23:00:00,134,5834.82,5888.20306,18.3891,628.5714,HIT/DEFESA,1.35,5
2025-03-06 04:00:00,34,5830.67,5822.01191,-7.4892,433.8182,HIT/DEFESA,-16.22,5
2025-03-06 04:00:00,134,5830.67,5884.95086,-7.4892,433.8182,HIT/DEFESA,-16.22,5
2025-03-06 09:00:00,34,5814.45,5824.44098,-41.9084,103.2541,HIT/DEFESA,-39.75,5
2025-03-06 09:00:00,134,5814.45,5881.139,-41.9084,103.2541,HIT/DEFESA,-39.75,5
2025-03-06 10:00:00,34,5793.7,5822.68435,-66.8133,325.9024,HIT/DEFESA,-24.25,5
2025-03-06 10:00:00,134,5793.7,5879.8436,-66.8133,325.9024,HIT/DEFESA,-24.25,5
2025-03-06 11:00:00,34,5782.2,5820.37096,-95.8691,538.25,HIT/DEFESA,-28.74,5
2025-03-06 11:00:00,134,5782.2,5878.39703,-95.8691,538.25,HIT/DEFESA,-28.74,5
2025-03-06 13:00:00,34,5786.45,5815.79688,-12.5136,221.4144,HIT/DEFESA,-32.74,5
2025-03-06 13:00:00,134,5786.45,5875.47393,-12.5136,221.4144,HIT/DEFESA,-32.74,5
2025-03-06 14:00:00,34,5774.7,5813.44848,-12.9708,306.4027,HIT/DEFESA,-35.49,5
2025-03-06 14:00:00,134,5774.7,5873.98098,-12.9708,306.4027,HIT/DEFESA,-35.49,5
2025-03-06 15:00:00,34,5769.45,5810.93429,-3.4653,1019.2171,HIT/DEFESA,-39.49,5
2025-03-06 15:00:00,134,5769.45,5872.43237,-3.4653,1019.2171,HIT/DEFESA,-39.49,5
2025-03-06 16:00:00,34,5753.46,5807.65004,-57.0125,569.0887,HIT/DEFESA,-34.5,5
2025-03-06 16:00:00,134,5753.46,5870.66982,-57.0125,569.0887,HIT/DEFESA,-34.5,5
2025-03-06 18:00:00,34,5753.71,5803.96486,-27.2816,262.7283,HIT/DEFESA,-0.79,5
2025-03-06 18:00:00,134,5753.71,5867.85396,-27.2816,262.7283,HIT/DEFESA,-0.79,5
2025-03-07 05:00:00,34,5751.35,5778.6699,-4.3449,197.2857,HIT/DEFESA,-1.22,5
2025-03-07 05:00:00,134,5751.35,5850.9452,-4.3449,197.2857,HIT/DEFESA,-1.22,5
2025-03-07 09:00:00,34,5752.13,5772.40252,-3.4236,231.2008,HIT/DEFESA,-10.75,5
2025-03-07 09:00:00,134,5752.13,5845.02752,-3.4236,231.2008,HIT/DEFESA,-10.75,5
2025-03-07 14:00:00,34,5741.38,5767.03151,-28.6564,235.3333,HIT/DEFESA,-32.87,5
2025-03-07 14:00:00,134,5741.38,5838.30316,-28.6564,235.3333,HIT/DEFESA,-32.87,5
2025-03-10 07:00:00,34,5738.15,5748.77374,-10.8802,189.5238,HIT/DEFESA,-26.97,5
2025-03-10 07:00:00,134,5738.15,5816.56041,-10.8802,189.5238,HIT/DEFESA,-26.97,5
2025-03-10 08:00:00,34,5736.15,5748.05238,-14.7964,626.4151,HIT/DEFESA,-34.72,5
2025-03-10 08:00:00,134,5736.15,5815.36914,-14.7964,626.4151,HIT/DEFESA,-34.72,5
2025-03-10 09:00:00,34,5740.55,5747.62367,-4.736,355.6164,HIT/DEFESA,-41.75,5
2025-03-10 09:00:00,134,5740.55,5814.26071,-4.736,355.6164,HIT/DEFESA,-41.75,5
2025-03-10 10:00:00,34,5735.68,5746.94118,-4.3045,445.8,HIT/DEFESA,-42.25,5
2025-03-10 10:00:00,134,5735.68,5813.09655,-4.3045,445.8,HIT/DEFESA,-42.25,5
2025-03-10 11:00:00,34,5698.3,5744.16168,-65.985,157.8262,HIT/DEFESA,-16.61,5
2025-03-10 11:00:00,134,5698.3,5811.39586,-65.985,157.8262,HIT/DEFESA,-16.61,5
2025-03-10 12:00:00,34,5711.18,5742.27701,-51.1623,362.0,HIT/DEFESA,-63.49,5
2025-03-10 12:00:00,134,5711.18,5809.91118,-51.1623,362.0,HIT/DEFESA,-63.49,5
2025-03-10 13:00:00,34,5701.43,5739.9429,-59.7139,383.2827,HIT/DEFESA,-54.74,5
2025-03-10 13:00:00,134,5701.43,5808.30405,-59.7139,383.2827,HIT/DEFESA,-54.74,5
2025-03-10 15:00:00,34,5693.43,5735.06834,-31.0794,659.3043,HIT/DEFESA,-80.99,5
2025-03-10 15:00:00,134,5693.43,5805.00397,-31.0794,659.3043,HIT/DEFESA,-80.99,5
2025-03-10 16:00:00,34,5681.69,5732.01815,-34.6229,843.9533,HIT/DEFESA,-100.5,5
2025-03-10 16:00:00,134,5681.69,5803.17709,-34.6229,843.9533,HIT/DEFESA,-100.5,5
2025-03-10 17:00:00,34,5647.69,5727.1994,-89.6855,394.8485,HIT/DEFESA,-31.75,5
2025-03-10 17:00:00,134,5647.69,5800.87358,-89.6855,394.8485,HIT/DEFESA,-31.75,5
2025-03-10 18:00:00,34,5646.69,5722.59886,-82.0946,13647.1264,HIT/DEFESA,-25.29,5
2025-03-10 18:00:00,134,5646.69,5798.58938,-82.0946,13647.1264,HIT/DEFESA,-25.29,5
2025-03-10 19:00:00,34,5638.44,5717.78978,-76.1217,1234.1935,HIT/DEFESA,-33.85,5
2025-03-10 19:00:00,134,5638.44,5796.2168,-76.1217,1234.1935,HIT/DEFESA,-33.85,5
2025-03-10 20:00:00,34,5612.44,5711.76979,-62.4149,367.6505,HIT/DEFESA,-17.1,5
2025-03-10 20:00:00,134,5612.44,5793.49418,-62.4149,367.6505,HIT/DEFESA,-17.1,5
2025-03-10 21:00:00,34,5581.19,5704.30809,-115.9972,310.2258,HIT/DEFESA,-14.48,5
2025-03-10 21:00:00,134,5581.19,5790.34893,-115.9972,310.2258,HIT/DEFESA,-14.48,5
2025-03-10 22:00:00,34,5615.94,5699.25849,-39.9047,412.7536,HIT/DEFESA,-36.1,5
2025-03-10 22:00:00,134,5615.94,5787.76509,-39.9047,412.7536,HIT/DEFESA,-36.1,5
2025-03-11 01:00:00,34,5604.59,5689.65403,41.9265,426.6836,HIT/DEFESA,13.0,5
2025-03-11 01:00:00,134,5604.59,5782.62323,41.9265,426.6836,HIT/DEFESA,13.0,5
2025-03-11 05:00:00,34,5606.96,5668.24947,20.7673,238.7421,HIT/DEFESA,20.16,5
2025-03-11 05:00:00,134,5606.96,5771.30342,20.7673,238.7421,HIT/DEFESA,20.16,5
2025-03-11 06:00:00,34,5617.59,5665.35464,91.4005,406.9574,HIT/DEFESA,19.78,5
2025-03-11 06:00:00,134,5617.59,5769.02618,91.4005,406.9574,HIT/DEFESA,19.78,5
2025-03-11 07:00:00,34,5623.96,5662.98923,79.0704,302.2222,HIT/DEFESA,10.41,5
2025-03-11 07:00:00,134,5623.96,5766.87705,79.0704,302.2222,HIT/DEFESA,10.41,5
2025-03-11 08:00:00,34,5627.09,5660.93785,35.9018,850.3333,HIT/DEFESA,6.15,5
2025-03-11 08:00:00,134,5627.09,5764.80613,35.9018,850.3333,HIT/DEFESA,6.15,5
2025-03-11 09:00:00,34,5623.37,5658.79111,10.2891,738.9222,HIT/DEFESA,21.0,5
2025-03-11 09:00:00,134,5623.37,5762.71078,10.2891,738.9222,HIT/DEFESA,21.0,5
2025-03-11 15:00:00,34,5612.87,5650.60656,-38.1587,147.8065,HIT/DEFESA,-62.24,5
2025-03-11 15:00:00,134,5612.87,5751.47035,-38.1587,147.8065,HIT/DEFESA,-62.24,5
2025-03-11 18:00:00,34,5580.13,5639.24251,-58.3302,641.6566,HIT/DEFESA,-10.54,5
2025-03-11 18:00:00,134,5580.13,5743.99465,-58.3302,641.6566,HIT/DEFESA,-10.54,5
2025-03-11 22:00:00,34,5569.13,5625.63734,33.7815,284.9498,HIT/DEFESA,18.97,5
2025-03-11 22:00:00,134,5569.13,5734.12412,33.7815,284.9498,HIT/DEFESA,18.97,5
2025-03-11 23:00:00,34,5569.59,5622.43464,34.1583,20771.4286,HIT/DEFESA,15.51,5
2025-03-11 23:00:00,134,5569.59,5731.68658,34.1583,20771.4286,HIT/DEFESA,15.51,5
2025-03-12 01:00:00,34,5585.98,5620.35151,-66.9496,274.1818,HIT/DEFESA,-2.75,5
2025-03-12 01:00:00,134,5585.98,5729.52797,-66.9496,274.1818,HIT/DEFESA,-2.75,5
2025-03-12 03:00:00,34,5586.73,5616.67918,30.7743,1590.2857,HIT/DEFESA,4.75,5
2025-03-12 03:00:00,134,5586.73,5725.3446,30.7743,1590.2857,HIT/DEFESA,4.75,5
2025-03-12 08:00:00,34,5591.48,5609.03551,11.4233,175.367,HIT/DEFESA,16.53,5
2025-03-12 08:00:00,134,5591.48,5715.36889,11.4233,175.367,HIT/DEFESA,16.53,5
2025-03-12 10:00:00,34,5590.51,5606.23799,9.6865,251.097,HIT/DEFESA,47.5,5
2025-03-12 10:00:00,134,5590.51,5711.49609,9.6865,251.097,HIT/DEFESA,47.5,5
2025-03-12 18:00:00,34,5599.27,5605.55485,-68.7122,307.4043,HIT/DEFESA,-8.04,5
2025-03-12 18:00:00,134,5599.27,5699.53228,-68.7122,307.4043,HIT/DEFESA,-8.04,5
2025-03-12 20:00:00,34,5588.02,5604.17384,42.683,872.3721,HIT/DEFESA,27.55,5
2025-03-12 20:00:00,134,5588.02,5696.40594,42.683,872.3721,HIT/DEFESA,27.55,5
2025-03-12 23:00:00,34,5591.23,5603.89259,5.7444,367.7029,HIT/DEFESA,7.09,5
2025-03-12 23:00:00,134,5591.23,5692.30968,5.7444,367.7029,HIT/DEFESA,7.09,5
2025-03-13 01:00:00,34,5604.07,5603.90273,-29.2678,200.0,HIT/DEFESA,-20.75,5
2025-03-13 01:00:00,134,5604.07,5691.00243,-29.2678,200.0,HIT/DEFESA,-20.75,5
2025-03-13 05:00:00,34,5598.32,5604.42327,-30.7182,162.761,HIT/DEFESA,-36.1,5
2025-03-13 05:00:00,134,5598.32,5686.1145,-30.7182,162.761,HIT/DEFESA,-36.1,5
2025-03-13 06:00:00,34,5583.32,5603.21737,-40.581,124.3443,HIT/DEFESA,-8.35,5
2025-03-13 06:00:00,134,5583.32,5684.59162,-40.581,124.3443,HIT/DEFESA,-8.35,5
2025-03-13 15:00:00,34,5589.6,5594.66903,-17.8584,1225.0526,HIT/DEFESA,-81.24,5
2025-03-13 15:00:00,134,5589.6,5671.64648,-17.8584,1225.0526,HIT/DEFESA,-81.24,5
2025-03-13 16:00:00,34,5558.36,5592.59423,-64.7767,337.2768,HIT/DEFESA,-11.5,5
2025-03-13 16:00:00,134,5558.36,5669.96816,-64.7767,337.2768,HIT/DEFESA,-11.5,5
2025-03-13 17:00:00,34,5567.61,5591.16656,-32.422,1469.4737,HIT/DEFESA,-44.75,5
2025-03-13 17:00:00,134,5567.61,5668.45175,-32.422,1469.4737,HIT/DEFESA,-44.75,5
2025-03-13 21:00:00,34,5546.86,5578.451,25.7564,227.4872,HIT/DEFESA,9.72,5
2025-03-13 21:00:00,134,5546.86,5660.45227,25.7564,227.4872,HIT/DEFESA,9.72,5
2025-03-13 23:00:00,34,5533.32,5572.87698,45.3129,164.2507,HIT/DEFESA,29.76,5
2025-03-13 23:00:00,134,5533.32,5656.56062,45.3129,164.2507,HIT/DEFESA,29.76,5
2025-03-14 01:00:00,34,5547.58,5571.43144,1.298,191.3005,HIT/DEFESA,17.5,5
2025-03-14 01:00:00,134,5547.58,5654.9461,1.298,191.3005,HIT/DEFESA,17.5,5
2025-03-14 02:00:00,34,5547.7,5570.07536,44.9767,12861.5385,HIT/DEFESA,16.13,5
2025-03-14 02:00:00,134,5547.7,5653.35727,44.9767,12861.5385,HIT/DEFESA,16.13,5
2025-03-14 03:00:00,34,5556.58,5569.3042,42.0362,333.6552,HIT/DEFESA,1.0,5
2025-03-14 03:00:00,134,5556.58,5651.92353,42.0362,333.6552,HIT/DEFESA,1.0,5
2025-03-14 04:00:00,34,5556.58,5568.5771,16.2233,6492.0,HIT/DEFESA,1.4,5
2025-03-14 04:00:00,134,5556.58,5650.51103,16.2233,6492.0,HIT/DEFESA,1.4,5
2025-03-14 07:00:00,34,5563.83,5567.83817,13.0476,883.908,HIT/DEFESA,0.4,5
2025-03-14 07:00:00,134,5563.83,5646.72279,13.0476,883.908,HIT/DEFESA,0.4,5
2025-03-14 11:00:00,34,5562.36,5565.68563,8.6009,345.3333,HIT/DEFESA,27.26,5
2025-03-14 11:00:00,134,5562.36,5641.55322,8.6009,345.3333,HIT/DEFESA,27.26,5
2025-03-14 12:00:00,34,5564.23,5565.60245,11.2451,1559.2593,HIT/DEFESA,44.14,5
2025-03-14 12:00:00,134,5564.23,5640.40769,11.2451,1559.2593,HIT/DEFESA,44.14,5
2025-03-14 13:00:00,34,5568.11,5565.74574,28.8179,808.5333,HIT/DEFESA,59.01,5
2025-03-14 13:00:00,134,5568.11,5639.33662,28.8179,808.5333,HIT/DEFESA,59.01,5
2025-03-14 14:00:00,34,5570.61,5566.0237,14.8318,1202.9091,HIT/DEFESA,56.01,5
2025-03-14 14:00:00,134,5570.61,5638.31844,14.8318,1202.9091,HIT/DEFESA,56.01,5
2025-03-14 15:00:00,34,5576.61,5566.62863,22.2493,463.3043,HIT/DEFESA,35.38,5
2025-03-14 15:00:00,134,5576.61,5637.40424,22.2493,463.3043,HIT/DEFESA,35.38,5
2025-03-14 16:00:00,34,5589.62,5567.94242,38.6307,557.5415,HIT/DEFESA,34.0,5
2025-03-14 16:00:00,134,5589.62,5636.69633,38.6307,557.5415,HIT/DEFESA,34.0,5
2025-03-14 17:00:00,34,5608.37,5570.25257,67.7843,685.7143,HIT/DEFESA,25.25,5
2025-03-14 17:00:00,134,5608.37,5636.27668,67.7843,685.7143,HIT/DEFESA,25.25,5
2025-03-14 21:00:00,34,5623.62,5581.13797,-6.2199,578.0444,HIT/DEFESA,-12.05,5
2025-03-14 21:00:00,134,5623.62,5635.46613,-6.2199,578.0444,HIT/DEFESA,-12.05,5
2025-03-17 03:00:00,34,5611.57,5589.87273,-21.3565,397.5791,HIT/DEFESA,-4.0,5
2025-03-17 03:00:00,134,5611.57,5634.06105,-21.3565,397.5791,HIT/DEFESA,-4.0,5
2025-03-17 11:00:00,34,5611.35,5596.75974,6.7409,960.7235,HIT/DEFESA,53.64,5
2025-03-17 11:00:00,134,5611.35,5631.15918,6.7409,960.7235,HIT/DEFESA,53.64,5
2025-03-17 12:00:00,34,5611.98,5597.62947,14.7223,3334.6667,HIT/DEFESA,36.26,5
2025-03-17 12:00:00,134,5611.98,5630.87504,14.7223,3334.6667,HIT/DEFESA,36.26,5
2025-03-17 13:00:00,34,5625.48,5599.22093,32.9946,114.8364,HIT/DEFESA,21.01,5
2025-03-17 13:00:00,134,5625.48,5630.79512,32.9946,114.8364,HIT/DEFESA,21.01,5
2025-03-17 14:00:00,34,5622.48,5600.55002,19.8348,634.1538,HIT/DEFESA,31.76,5
2025-03-17 14:00:00,134,5622.48,5630.67193,19.8348,634.1538,HIT/DEFESA,31.76,5
2025-03-17 15:00:00,34,5639.85,5602.79573,49.6616,257.0678,HIT/DEFESA,39.64,5
2025-03-17 15:00:00,134,5639.85,5630.8079,49.6616,257.0678,HIT/DEFESA,39.64,5
2025-03-17 16:00:00,34,5664.99,5606.34969,70.234,366.7854,HIT/DEFESA,35.25,5
2025-03-17 16:00:00,134,5664.99,5631.3143,70.234,366.7854,HIT/DEFESA,35.25,5
2025-03-17 17:00:00,34,5648.24,5608.74342,45.8161,834.7587,HIT/DEFESA,30.5,5
2025-03-17 17:00:00,134,5648.24,5631.56505,45.8161,834.7587,HIT/DEFESA,30.5,5
2025-03-17 18:00:00,34,5646.49,5610.90037,11.7734,4344.4,HIT/DEFESA,31.46,5
2025-03-17 18:00:00,134,5646.49,5631.78616,11.7734,4344.4,HIT/DEFESA,31.46,5
2025-03-17 23:00:00,34,5677.95,5628.16751,-2.7115,6762.069,HIT/DEFESA,-12.61,5
2025-03-17 23:00:00,134,5677.95,5635.12883,-2.7115,6762.069,HIT/DEFESA,-12.61,5
2025-03-18 01:00:00,34,5683.97,5631.35622,-28.5427,253.4113,HIT/DEFESA,-24.75,5
2025-03-18 01:00:00,134,5683.97,5635.85241,-28.5427,253.4113,HIT/DEFESA,-24.75,5
2025-03-18 02:00:00,34,5678.22,5634.03415,-0.9157,192.3333,HIT/DEFESA,-21.5,5
2025-03-18 02:00:00,134,5678.22,5636.48007,-0.9157,192.3333,HIT/DEFESA,-21.5,5
2025-03-18 03:00:00,34,5673.97,5636.3162,-7.0096,398.4444,HIT/DEFESA,-13.5,5
2025-03-18 03:00:00,134,5673.97,5637.03548,-7.0096,398.4444,HIT/DEFESA,-13.5,5
2025-03-18 09:00:00,34,5666.0,5643.94605,11.9804,164.3939,HIT/DEFESA,2.75,5
2025-03-18 09:00:00,134,5666.0,5639.17273,11.9804,164.3939,HIT/DEFESA,2.75,5
2025-03-18 13:00:00,34,5666.37,5649.52878,-1.5528,937.1901,HIT/DEFESA,-63.61,5
2025-03-18 13:00:00,134,5666.37,5640.99607,-1.5528,937.1901,HIT/DEFESA,-63.61,5
2025-03-18 14:00:00,34,5668.75,5650.62713,-17.6095,1470.8571,HIT/DEFESA,-53.49,5
2025-03-18 14:00:00,134,5668.75,5641.40723,-17.6095,1470.8571,HIT/DEFESA,-53.49,5
2025-03-18 15:00:00,34,5653.0,5650.76273,-30.4219,184.2581,HIT/DEFESA,-37.99,5
2025-03-18 15:00:00,134,5653.0,5641.57898,-30.4219,184.2581,HIT/DEFESA,-37.99,5
2025-03-18 19:00:00,34,5615.26,5642.61217,0.2315,632.5714,HIT/DEFESA,2.8,5
2025-03-18 19:00:00,134,5615.26,5639.86218,0.2315,632.5714,HIT/DEFESA,2.8,5
2025-03-18 20:00:00,34,5615.01,5641.0349,0.4453,97670000.0,HIT/DEFESA,4.68,5
2025-03-18 20:00:00,134,5615.01,5639.494,0.4453,97670000.0,HIT/DEFESA,4.68,5
2025-03-18 21:00:00,34,5621.01,5639.89062,32.5732,1438.6087,HIT/DEFESA,12.43,5
2025-03-18 21:00:00,134,5621.01,5639.22016,32.5732,1438.6087,HIT/DEFESA,12.43,5
2025-03-18 22:00:00,34,5616.76,5638.56887,2.6713,2194.6667,HIT/DEFESA,12.68,5
2025-03-18 22:00:00,134,5616.76,5638.88742,2.6713,2194.6667,HIT/DEFESA,12.68,5
2025-03-18 23:00:00,34,5616.47,5637.30608,2.6002,2022.2222,HIT/DEFESA,10.47,5
2025-03-18 23:00:00,134,5616.47,5638.55531,2.6002,2022.2222,HIT/DEFESA,10.47,5
2025-03-19 02:00:00,34,5619.69,5635.26251,5.2165,763.3333,HIT/DEFESA,3.5,5
2025-03-19 02:00:00,134,5619.69,5637.97669,5.2165,763.3333,HIT/DEFESA,3.5,5
2025-03-19 06:00:00,34,5628.06,5634.01948,-9.5501,791.954,HIT/DEFESA,-7.47,5
2025-03-19 06:00:00,134,5628.06,5637.48167,-9.5501,791.954,HIT/DEFESA,-7.47,5
2025-03-19 12:00:00,34,5630.22,5630.37489,12.0033,234.0513,HIT/DEFESA,12.01,5
2025-03-19 12:00:00,134,5630.22,5636.13021,12.0033,234.0513,HIT/DEFESA,12.01,5
2025-03-19 13:00:00,34,5630.09,5630.35861,37.2066,18090000.0,HIT/DEFESA,35.14,5
2025-03-19 13:00:00,134,5630.09,5636.04073,37.2066,18090000.0,HIT/DEFESA,35.14,5
2025-03-19 14:00:00,34,5631.97,5630.45069,20.247,856.5,HIT/DEFESA,24.76,5
2025-03-19 14:00:00,134,5631.97,5635.98042,20.247,856.5,HIT/DEFESA,24.76,5
2025-03-19 16:00:00,34,5646.98,5631.2481,29.9995,371.1205,HIT/DEFESA,43.12,5
2025-03-19 16:00:00,134,5646.98,5636.02281,29.9995,371.1205,HIT/DEFESA,43.12,5
2025-03-19 17:00:00,34,5642.23,5631.87564,18.2174,1581.9048,HIT/DEFESA,35.25,5
2025-03-19 17:00:00,134,5642.23,5636.11477,18.2174,1581.9048,HIT/DEFESA,35.25,5
2025-03-19 18:00:00,34,5665.23,5633.7816,66.6522,211.2258,HIT/DEFESA,12.96,5
2025-03-19 18:00:00,134,5665.23,5636.54611,66.6522,211.2258,HIT/DEFESA,12.96,5
2025-03-19 19:00:00,34,5656.73,5635.09294,17.2659,533.125,HIT/DEFESA,34.56,5
2025-03-19 19:00:00,134,5656.73,5636.84513,17.2659,533.125,HIT/DEFESA,34.56,5
2025-03-19 21:00:00,34,5690.1,5638.49788,43.8994,217.5486,HIT/DEFESA,8.44,5
2025-03-19 21:00:00,134,5690.1,5637.67941,43.8994,217.5486,HIT/DEFESA,8.44,5
2025-03-19 22:00:00,34,5677.48,5640.72543,36.682,941.52,HIT/DEFESA,16.81,5
2025-03-19 22:00:00,134,5677.48,5638.26905,36.682,941.52,HIT/DEFESA,16.81,5
2025-03-19 23:00:00,34,5678.19,5642.86627,67.802,1286.4583,HIT/DEFESA,22.6,5
2025-03-19 23:00:00,134,5678.19,5638.86047,67.802,1286.4583,HIT/DEFESA,22.6,5
2025-03-20 01:00:00,34,5691.29,5645.63334,2.0914,114.2992,HIT/DEFESA,13.0,5
2025-03-20 01:00:00,134,5691.29,5639.6372,2.0914,114.2992,HIT/DEFESA,13.0,5
2025-03-20 02:00:00,34,5695.04,5648.45657,30.9292,254.8209,HIT/DEFESA,8.5,5
2025-03-20 02:00:00,134,5695.04,5640.45798,30.9292,254.8209,HIT/DEFESA,8.5,5
2025-03-20 03:00:00,34,5698.54,5651.31848,35.8389,493.5,HIT/DEFESA,6.75,5
2025-03-20 03:00:00,134,5698.54,5641.31846,35.8389,493.5,HIT/DEFESA,6.75,5
2025-03-20 04:00:00,34,5694.29,5653.774,5.2712,188.5,HIT/DEFESA,4.28,5
2025-03-20 04:00:00,134,5694.29,5642.10322,5.2712,188.5,HIT/DEFESA,4.28,5
2025-03-20 09:00:00,34,5698.57,5666.1801,-10.0275,123.9757,HIT/DEFESA,-40.38,5
2025-03-20 09:00:00,134,5698.57,5646.44539,-10.0275,123.9757,HIT/DEFESA,-40.38,5
2025-03-20 10:00:00,34,5696.94,5667.93781,-11.5718,1019.3333,HIT/DEFESA,-47.37,5
2025-03-20 10:00:00,134,5696.94,5647.19346,-11.5718,1019.3333,HIT/DEFESA,-47.37,5
2025-03-20 11:00:00,34,5701.32,5669.84536,-6.9585,469.9758,HIT/DEFESA,-28.62,5
2025-03-20 11:00:00,134,5701.32,5647.99534,-6.9585,469.9758,HIT/DEFESA,-28.62,5
2025-03-20 19:00:00,34,5664.83,5670.24534,-13.8735,350.0865,HIT/DEFESA,-1.67,5
2025-03-20 19:00:00,134,5664.83,5650.49371,-13.8735,350.0865,HIT/DEFESA,-1.67,5
2025-03-20 23:00:00,34,5664.04,5667.83705,12.3032,563.1579,HIT/DEFESA,3.24,5
2025-03-20 23:00:00,134,5664.04,5650.96185,12.3032,563.1579,HIT/DEFESA,3.24,5
2025-03-21 02:00:00,34,5662.41,5667.27495,-1.1831,2476.0,HIT/DEFESA,-3.75,5
2025-03-21 02:00:00,134,5662.41,5651.30949,-1.1831,2476.0,HIT/DEFESA,-3.75,5
2025-03-21 06:00:00,34,5661.91,5667.13438,-9.7046,286.3636,HIT/DEFESA,-22.22,5
2025-03-21 06:00:00,134,5661.91,5652.20236,-9.7046,286.3636,HIT/DEFESA,-22.22,5
2025-03-21 07:00:00,34,5658.66,5666.65013,-20.7216,282.0,HIT/DEFESA,-17.22,5
2025-03-21 07:00:00,134,5658.66,5652.29803,-20.7216,282.0,HIT/DEFESA,-17.22,5
2025-03-21 08:00:00,34,5653.41,5665.89355,-24.4738,257.2,HIT/DEFESA,-8.72,5
2025-03-21 08:00:00,134,5653.41,5652.3145,-24.4738,257.2,HIT/DEFESA,-8.72,5
2025-03-21 10:00:00,34,5650.69,5664.91952,-14.0846,147.5556,HIT/DEFESA,-36.75,5
2025-03-21 10:00:00,134,5650.69,5652.46011,-14.0846,147.5556,HIT/DEFESA,-36.75,5
2025-03-21 11:00:00,34,5639.69,5663.47784,-24.2685,462.6977,HIT/DEFESA,-20.99,5
2025-03-21 11:00:00,134,5639.69,5652.27093,-24.2685,462.6977,HIT/DEFESA,-20.99,5
2025-03-21 12:00:00,34,5641.44,5662.21853,-39.725,2023.3333,HIT/DEFESA,-6.24,5
2025-03-21 12:00:00,134,5641.44,5652.11047,-39.725,2023.3333,HIT/DEFESA,-6.24,5
2025-03-21 13:00:00,34,5644.69,5661.2169,-10.6182,884.6667,HIT/DEFESA,-30.74,5
2025-03-21 13:00:00,134,5644.69,5652.00054,-10.6182,884.6667,HIT/DEFESA,-30.74,5
2025-03-21 14:00:00,34,5642.31,5660.13651,4.6456,956.7273,HIT/DEFESA,15.39,5
2025-03-21 14:00:00,134,5642.31,5651.85697,4.6456,956.7273,HIT/DEFESA,15.39,5
2025-03-21 18:00:00,34,5613.95,5651.8362,0.0178,325.9556,HIT/DEFESA,53.71,5
2025-03-21 18:00:00,134,5613.95,5650.03837,0.0178,325.9556,HIT/DEFESA,53.71,5
2025-03-21 19:00:00,34,5657.7,5652.17128,69.4111,166.1471,HIT/DEFESA,35.49,5
2025-03-21 19:00:00,134,5657.7,5650.15188,69.4111,166.1471,HIT/DEFESA,35.49,5
2025-03-21 20:00:00,34,5649.95,5652.04435,26.1748,751.1724,HIT/DEFESA,52.74,5
2025-03-21 20:00:00,134,5649.95,5650.14889,26.1748,751.1724,HIT/DEFESA,52.74,5
2025-03-21 21:00:00,34,5646.95,5651.75324,58.7821,1918.5455,HIT/DEFESA,58.99,5
2025-03-21 21:00:00,134,5646.95,5650.1015,58.7821,1918.5455,HIT/DEFESA,58.99,5
2025-03-21 22:00:00,34,5662.45,5652.36448,8.3956,377.0159,HIT/DEFESA,42.49,5
2025-03-21 22:00:00,134,5662.45,5650.28444,8.3956,377.0159,HIT/DEFESA,42.49,5
2025-03-21 23:00:00,34,5667.66,5653.23851,31.3454,215.0268,HIT/DEFESA,38.28,5
2025-03-21 23:00:00,134,5667.66,5650.54185,31.3454,215.0268,HIT/DEFESA,38.28,5
2025-03-24 01:00:00,34,5693.19,5655.52146,81.8849,7988.0,HIT/DEFESA,11.25,5
2025-03-24 01:00:00,134,5693.19,5651.17368,81.8849,7988.0,HIT/DEFESA,11.25,5
2025-03-24 02:00:00,34,5702.69,5658.2168,71.0646,81.3333,HIT/DEFESA,2.25,5
2025-03-24 02:00:00,134,5702.69,5651.93688,71.0646,81.3333,HIT/DEFESA,2.25,5
2025-03-24 03:00:00,34,5705.94,5660.94384,67.5411,330.5714,HIT/DEFESA,0.25,5
2025-03-24 03:00:00,134,5705.94,5652.73693,67.5411,330.5714,HIT/DEFESA,0.25,5
2025-03-24 04:00:00,34,5704.94,5663.45791,20.6387,1232.0,HIT/DEFESA,9.03,5
2025-03-24 04:00:00,134,5704.94,5653.51031,20.6387,1232.0,HIT/DEFESA,9.03,5
2025-03-24 05:00:00,34,5705.94,5665.88546,5.6991,417.6991,HIT/DEFESA,10.28,5
2025-03-24 05:00:00,134,5705.94,5654.28704,5.6991,417.6991,HIT/DEFESA,10.28,5
2025-03-24 08:00:00,34,5706.19,5672.25126,0.4381,354.0,HIT/DEFESA,23.78,5
2025-03-24 08:00:00,134,5706.19,5656.51643,0.4381,354.0,HIT/DEFESA,23.78,5
2025-03-24 09:00:00,34,5713.97,5674.63519,16.7063,68.9295,HIT/DEFESA,20.25,5
2025-03-24 09:00:00,134,5713.97,5657.36759,16.7063,68.9295,HIT/DEFESA,20.25,5
2025-03-24 10:00:00,34,5716.22,5677.01146,19.7723,415.0235,HIT/DEFESA,20.5,5
2025-03-24 10:00:00,134,5716.22,5658.23948,19.7723,415.0235,HIT/DEFESA,20.5,5
2025-03-24 11:00:00,34,5726.72,5679.85195,35.9785,197.9091,HIT/DEFESA,25.51,5
2025-03-24 11:00:00,134,5726.72,5659.254,35.9785,197.9091,HIT/DEFESA,25.51,5
2025-03-24 12:00:00,34,5722.72,5682.30156,15.3133,364.3411,HIT/DEFESA,38.01,5
2025-03-24 12:00:00,134,5722.72,5660.19424,15.3133,364.3411,HIT/DEFESA,38.01,5
2025-03-24 13:00:00,34,5729.97,5685.02547,24.0544,133.6,HIT/DEFESA,34.26,5
2025-03-24 13:00:00,134,5729.97,5661.22796,24.0544,133.6,HIT/DEFESA,34.26,5
2025-03-24 14:00:00,34,5734.22,5687.83658,13.0965,283.7778,HIT/DEFESA,22.01,5
2025-03-24 14:00:00,134,5734.22,5662.30932,13.0965,283.7778,HIT/DEFESA,22.01,5
2025-03-24 15:00:00,34,5736.72,5690.62992,24.4639,544.8889,HIT/DEFESA,19.26,5
2025-03-24 15:00:00,134,5736.72,5663.4117,24.4639,544.8889,HIT/DEFESA,19.26,5
2025-03-24 16:00:00,34,5752.23,5694.14993,38.8484,288.3355,HIT/DEFESA,9.0,5
2025-03-24 16:00:00,134,5752.23,5664.72753,38.8484,288.3355,HIT/DEFESA,9.0,5
2025-03-24 17:00:00,34,5760.73,5697.9545,46.2312,472.9397,HIT/DEFESA,3.25,5
2025-03-24 17:00:00,134,5760.73,5666.14979,46.2312,472.9397,HIT/DEFESA,3.25,5
2025-03-24 19:00:00,34,5756.23,5704.85529,6.9538,375.6129,HIT/DEFESA,5.01,5
2025-03-24 19:00:00,134,5756.23,5668.91582,6.9538,375.6129,HIT/DEFESA,5.01,5
2025-03-24 22:00:00,34,5763.98,5713.86825,13.4637,733.0,HIT/DEFESA,0.26,5
2025-03-24 22:00:00,134,5763.98,5672.92344,13.4637,733.0,HIT/DEFESA,0.26,5
2025-03-25 02:00:00,34,5762.24,5721.70281,-3.0187,337.6,HIT/DEFESA,-5.0,5
2025-03-25 02:00:00,134,5762.24,5676.83721,-3.0187,337.6,HIT/DEFESA,-5.0,5
2025-03-25 05:00:00,34,5760.49,5728.41606,-3.037,153.1429,HIT/DEFESA,-3.22,5
2025-03-25 05:00:00,134,5760.49,5680.62147,-3.037,153.1429,HIT/DEFESA,-3.22,5
2025-03-25 06:00:00,34,5758.24,5730.12028,-11.9165,111.2,HIT/DEFESA,-1.72,5
2025-03-25 06:00:00,134,5758.24,5681.77137,-11.9165,111.2,HIT/DEFESA,-1.72,5
2025-03-25 09:00:00,34,5759.52,5734.67947,2.2229,195.7447,HIT/DEFESA,20.0,5
2025-03-25 09:00:00,134,5759.52,5685.12081,2.2229,195.7447,HIT/DEFESA,20.0,5
2025-03-25 10:00:00,34,5757.27,5735.97036,0.0521,363.5,HIT/DEFESA,20.5,5
2025-03-25 10:00:00,134,5757.27,5686.18969,0.0521,363.5,HIT/DEFESA,20.5,5
2025-03-25 12:00:00,34,5762.27,5738.58036,4.7747,202.0,HIT/DEFESA,21.26,5
2025-03-25 12:00:00,134,5762.27,5688.3433,4.7747,202.0,HIT/DEFESA,21.26,5
2025-03-25 13:00:00,34,5769.27,5740.33405,20.8432,140.9655,HIT/DEFESA,1.76,5
2025-03-25 13:00:00,134,5769.27,5689.54221,20.8432,140.9655,HIT/DEFESA,1.76,5
2025-03-25 19:00:00,34,5773.15,5750.85647,4.7657,1231.016,HIT/DEFESA,8.61,5
2025-03-25 19:00:00,134,5773.15,5696.93556,4.7657,1231.016,HIT/DEFESA,8.61,5
2025-03-25 22:00:00,34,5777.03,5753.70181,6.7208,216.8814,HIT/DEFESA,5.48,5
2025-03-25 22:00:00,134,5777.03,5700.05871,6.7208,216.8814,HIT/DEFESA,5.48,5
2025-03-26 05:00:00,34,5779.26,5762.26949,-8.6441,174.3333,HIT/DEFESA,-4.22,5
2025-03-26 05:00:00,134,5779.26,5707.12405,-8.6441,174.3333,HIT/DEFESA,-4.22,5
2025-03-26 06:00:00,34,5776.76,5763.09752,-15.9868,118.2222,HIT/DEFESA,-6.47,5
2025-03-26 06:00:00,134,5776.76,5708.15569,-15.9868,118.2222,HIT/DEFESA,-6.47,5
2025-03-26 07:00:00,34,5777.76,5763.93538,-8.2144,238.6667,HIT/DEFESA,-11.35,5
2025-03-26 07:00:00,134,5777.76,5709.18686,-8.2144,238.6667,HIT/DEFESA,-11.35,5
2025-03-26 11:00:00,34,5770.29,5765.72354,-1.2476,436.0,HIT/DEFESA,-9.99,5
2025-03-26 11:00:00,134,5770.29,5712.85438,-1.2476,436.0,HIT/DEFESA,-9.99,5
2025-03-26 12:00:00,34,5766.41,5765.76277,-12.3494,396.368,HIT/DEFESA,-8.36,5
2025-03-26 12:00:00,134,5766.41,5713.64779,-12.3494,396.368,HIT/DEFESA,-8.36,5
2025-03-26 16:00:00,34,5760.3,5767.56528,-28.9768,208.2932,HIT/DEFESA,-63.25,5
2025-03-26 16:00:00,134,5760.3,5717.18247,-28.9768,208.2932,HIT/DEFESA,-63.25,5
2025-03-26 17:00:00,34,5758.05,5767.02155,-38.4756,3816.6667,HIT/DEFESA,-47.0,5
2025-03-26 17:00:00,134,5758.05,5717.78792,-38.4756,3816.6667,HIT/DEFESA,-47.0,5
2025-03-26 18:00:00,34,5729.8,5764.8946,-89.0632,152.7018,HIT/DEFESA,-25.67,5
2025-03-26 18:00:00,134,5729.8,5717.96587,-89.0632,152.7018,HIT/DEFESA,-25.67,5
2025-03-26 19:00:00,34,5717.55,5762.1892,-74.2149,333.76,HIT/DEFESA,-27.53,5
2025-03-26 19:00:00,134,5717.55,5717.95971,-74.2149,333.76,HIT/DEFESA,-27.53,5
2025-03-26 20:00:00,34,5703.3,5758.8241,-95.0843,326.8571,HIT/DEFESA,-3.53,5
2025-03-26 20:00:00,134,5703.3,5717.74253,-95.0843,326.8571,HIT/DEFESA,-3.53,5
2025-03-26 22:00:00,34,5711.05,5752.76591,-11.3685,345.0526,HIT/DEFESA,-5.03,5
2025-03-26 22:00:00,134,5711.05,5717.34137,-11.3685,345.0526,HIT/DEFESA,-5.03,5
2025-03-26 23:00:00,34,5704.13,5749.98672,1.4553,157.0502,HIT/DEFESA,9.64,5
2025-03-26 23:00:00,134,5704.13,5717.14565,1.4553,157.0502,HIT/DEFESA,9.64,5
2025-03-27 04:00:00,34,5706.02,5739.50729,28.1194,410.6667,HIT/DEFESA,11.03,5
2025-03-27 04:00:00,134,5706.02,5716.13689,28.1194,410.6667,HIT/DEFESA,11.03,5
2025-03-27 09:00:00,34,5717.05,5733.87235,-3.0076,33200.0,HIT/DEFESA,-7.0,5
2025-03-27 09:00:00,134,5717.05,5716.22509,-3.0076,33200.0,HIT/DEFESA,-7.0,5
2025-03-27 10:00:00,34,5707.8,5732.3825,-22.009,219.1111,HIT/DEFESA,-3.5,5
2025-03-27 10:00:00,134,5707.8,5716.10027,-22.009,219.1111,HIT/DEFESA,-3.5,5
2025-03-27 11:00:00,34,5716.42,5731.47036,-0.6122,559.7291,HIT/DEFESA,-9.86,5
2025-03-27 11:00:00,134,5716.42,5716.10501,-0.6122,559.7291,HIT/DEFESA,-9.86,5
2025-03-27 12:00:00,34,5718.05,5730.70348,1.7492,1383.3333,HIT/DEFESA,13.01,5
2025-03-27 12:00:00,134,5718.05,5716.13382,1.7492,1383.3333,HIT/DEFESA,13.01,5
2025-03-27 13:00:00,34,5706.55,5729.32328,-2.19,182.8444,HIT/DEFESA,-3.99,5
2025-03-27 13:00:00,134,5706.55,5715.99184,-2.19,182.8444,HIT/DEFESA,-3.99,5
2025-03-27 14:00:00,34,5710.05,5728.22195,-11.1433,646.1333,HIT/DEFESA,-20.74,5
2025-03-27 14:00:00,134,5710.05,5715.90381,-11.1433,646.1333,HIT/DEFESA,-20.74,5
2025-03-27 15:00:00,34,5704.3,5726.85498,-24.0467,590.0952,HIT/DEFESA,-14.87,5
2025-03-27 15:00:00,134,5704.3,5715.7319,-24.0467,590.0952,HIT/DEFESA,-14.87,5
2025-03-27 18:00:00,34,5702.56,5724.66229,-3.0503,180.9391,HIT/DEFESA,-7.54,5
2025-03-27 18:00:00,134,5702.56,5715.6286,-3.0503,180.9391,HIT/DEFESA,-7.54,5
2025-03-27 20:00:00,34,5689.43,5720.74432,-72.6393,5885.2273,HIT/DEFESA,-0.57,5
2025-03-27 20:00:00,134,5689.43,5714.85634,-72.6393,5885.2273,HIT/DEFESA,-0.57,5
2025-03-27 21:00:00,34,5698.81,5719.49093,-6.576,561.0811,HIT/DEFESA,-4.7,5
2025-03-27 21:00:00,134,5698.81,5714.61862,-6.576,561.0811,HIT/DEFESA,-4.7,5
2025-03-27 23:00:00,34,5695.02,5716.65509,9.8252,531.1224,HIT/DEFESA,0.34,5
2025-03-27 23:00:00,134,5695.02,5714.00996,9.8252,531.1224,HIT/DEFESA,0.34,5
2025-03-28 04:00:00,34,5691.11,5711.41707,-2.635,207.6923,HIT/DEFESA,-7.97,5
2025-03-28 04:00:00,134,5691.11,5712.71547,-2.635,207.6923,HIT/DEFESA,-7.97,5
2025-03-28 10:00:00,34,5665.51,5704.44952,-54.5939,140.706,HIT/DEFESA,-0.12,5
2025-03-28 10:00:00,134,5665.51,5710.6608,-54.5939,140.706,HIT/DEFESA,-0.12,5
2025-03-28 11:00:00,34,5678.64,5702.97469,-29.3572,317.5094,HIT/DEFESA,-18.37,5
2025-03-28 11:00:00,134,5678.64,5710.18642,-29.3572,317.5094,HIT/DEFESA,-18.37,5
2025-03-28 12:00:00,34,5677.64,5701.52699,-9.6777,1084.0,HIT/DEFESA,-69.24,5
2025-03-28 12:00:00,134,5677.64,5709.70425,-9.6777,1084.0,HIT/DEFESA,-69.24,5
2025-03-28 15:00:00,34,5665.39,5697.93326,-21.5759,220.7895,HIT/DEFESA,-81.49,5
2025-03-28 15:00:00,134,5665.39,5708.38825,-21.5759,220.7895,HIT/DEFESA,-81.49,5
2025-03-28 16:00:00,34,5660.27,5695.78107,-48.5593,1779.2608,HIT/DEFESA,-78.37,5
2025-03-28 16:00:00,134,5660.27,5707.67539,-48.5593,1779.2608,HIT/DEFESA,-78.37,5
2025-03-28 17:00:00,34,5608.4,5690.78787,-136.4929,183.1667,HIT/DEFESA,-31.0,5
2025-03-28 17:00:00,134,5608.4,5706.20464,-136.4929,183.1667,HIT/DEFESA,-31.0,5
2025-03-28 18:00:00,34,5599.4,5685.56571,-116.4792,667.2,HIT/DEFESA,-42.04,5
2025-03-28 18:00:00,134,5599.4,5704.62235,-116.4792,667.2,HIT/DEFESA,-42.04,5
2025-03-28 19:00:00,34,5585.15,5679.82767,-132.7145,325.5,HIT/DEFESA,-36.05,5
2025-03-28 19:00:00,134,5585.15,5702.85239,-132.7145,325.5,HIT/DEFESA,-36.05,5
2025-03-28 20:00:00,34,5583.9,5674.34608,-43.6845,4261.0,HIT/DEFESA,-36.3,5
2025-03-28 20:00:00,134,5583.9,5701.09013,-43.6845,4261.0,HIT/DEFESA,-36.3,5
2025-03-28 21:00:00,34,5581.9,5669.06345,-31.2533,2811.3333,HIT/DEFESA,-46.55,5
2025-03-28 21:00:00,134,5581.9,5699.32435,-31.2533,2811.3333,HIT/DEFESA,-46.55,5
2025-03-28 22:00:00,34,5577.4,5663.82554,-13.8761,1214.0,HIT/DEFESA,-37.3,5
2025-03-28 22:00:00,134,5577.4,5697.51807,-13.8761,1214.0,HIT/DEFESA,-37.3,5
2025-03-28 23:00:00,34,5557.36,5657.74179,-47.5295,75.3573,HIT/DEFESA,-20.01,5
2025-03-28 23:00:00,134,5557.36,5695.44165,-47.5295,75.3573,HIT/DEFESA,-20.01,5
2025-03-31 01:00:00,34,5549.1,5651.53369,-58.7614,2118.4,HIT/DEFESA,-14.5,5
2025-03-31 01:00:00,134,5549.1,5693.27363,-58.7614,2118.4,HIT/DEFESA,-14.5,5
2025-03-31 02:00:00,34,5547.6,5645.59462,-53.4299,2030.4,HIT/DEFESA,-5.75,5
2025-03-31 02:00:00,134,5547.6,5691.1155,-53.4299,2030.4,HIT/DEFESA,-5.75,5
2025-03-31 04:00:00,34,5540.1,5633.62665,-16.2188,643.3333,HIT/DEFESA,-3.97,5
2025-03-31 04:00:00,134,5540.1,5686.60478,-16.2188,643.3333,HIT/DEFESA,-3.97,5
2025-03-31 06:00:00,34,5534.6,5622.78083,-1.3549,509.0,HIT/DEFESA,-6.97,5
2025-03-31 06:00:00,134,5534.6,5682.17443,-1.3549,509.0,HIT/DEFESA,-6.97,5
2025-03-31 11:00:00,34,5527.63,5601.0002,-22.9588,296.4912,HIT/DEFESA,-10.49,5
2025-03-31 11:00:00,134,5527.63,5671.77516,-22.9588,296.4912,HIT/DEFESA,-10.49,5
2025-03-31 15:00:00,34,5529.13,5584.95528,9.5042,258.6995,HIT/DEFESA,22.26,5
2025-03-31 15:00:00,134,5529.13,5663.23713,9.5042,258.6995,HIT/DEFESA,22.26,5
2025-03-31 17:00:00,34,5536.39,5578.5264,34.0001,519.6316,HIT/DEFESA,75.25,5
2025-03-31 17:00:00,134,5536.39,5659.22558,34.0001,519.6316,HIT/DEFESA,75.25,5
2025-03-31 18:00:00,34,5553.14,5577.07575,43.4246,467.1746,HIT/DEFESA,45.96,5
2025-03-31 18:00:00,134,5553.14,5657.65394,43.4246,467.1746,HIT/DEFESA,45.96,5
2025-03-31 19:00:00,34,5553.39,5575.72228,65.7043,7468.0,HIT/DEFESA,41.09,5
2025-03-31 19:00:00,134,5553.39,5656.10929,65.7043,7468.0,HIT/DEFESA,41.09,5
2025-03-31 20:00:00,34,5551.39,5574.33186,27.0935,3349.7143,HIT/DEFESA,39.59,5
2025-03-31 20:00:00,134,5551.39,5654.55789,27.0935,3349.7143,HIT/DEFESA,39.59,5
2025-04-01 02:00:00,34,5590.98,5579.85675,-36.8163,448.75,HIT/DEFESA,-1.75,5
2025-04-01 02:00:00,134,5590.98,5650.35096,-36.8163,448.75,HIT/DEFESA,-1.75,5
2025-04-01 06:00:00,34,5588.98,5581.65401,13.222,141.1852,HIT/DEFESA,20.28,5
2025-04-01 06:00:00,134,5588.98,5646.75226,13.222,141.1852,HIT/DEFESA,20.28,5
2025-04-01 07:00:00,34,5589.23,5582.08692,5.3703,2021.0526,HIT/DEFESA,25.53,5
2025-04-01 07:00:00,134,5589.23,5645.90008,5.3703,2021.0526,HIT/DEFESA,25.53,5
2025-04-01 12:00:00,34,5614.76,5587.50974,16.9484,341.5631,HIT/DEFESA,2.26,5
2025-04-01 12:00:00,134,5614.76,5642.80582,16.9484,341.5631,HIT/DEFESA,2.26,5
2025-04-01 17:00:00,34,5617.02,5589.64524,62.7193,518.1667,HIT/DEFESA,13.0,5
2025-04-01 17:00:00,134,5617.02,5639.39403,62.7193,518.1667,HIT/DEFESA,13.0,5
2025-04-01 19:00:00,34,5627.02,5594.2795,60.5742,863.7895,HIT/DEFESA,11.81,5
2025-04-01 19:00:00,134,5627.02,5639.16147,60.5742,863.7895,HIT/DEFESA,11.81,5
2025-04-02 03:00:00,34,5621.58,5604.3581,-8.9219,200.058,HIT/DEFESA,-2.0,5
2025-04-02 03:00:00,134,5621.58,5637.59436,-8.9219,200.058,HIT/DEFESA,-2.0,5
2025-04-02 04:00:00,34,5625.95,5605.59193,-22.8416,460.3896,HIT/DEFESA,-4.09,5
2025-04-02 04:00:00,134,5625.95,5637.42185,-22.8416,460.3896,HIT/DEFESA,-4.09,5
2025-04-02 05:00:00,34,5624.08,5606.64839,-25.7157,645.0,HIT/DEFESA,-8.72,5
2025-04-02 05:00:00,134,5624.08,5637.22419,-25.7157,645.0,HIT/DEFESA,-8.72,5
2025-04-02 07:00:00,34,5624.58,5608.47753,-2.4351,156.0,HIT/DEFESA,-14.22,5
2025-04-02 07:00:00,134,5624.58,5636.80854,-2.4351,156.0,HIT/DEFESA,-14.22,5
2025-04-02 08:00:00,34,5619.58,5609.11196,-8.0013,128.1905,HIT/DEFESA,-20.6,5
2025-04-02 08:00:00,134,5619.58,5636.5533,-8.0013,128.1905,HIT/DEFESA,-20.6,5
2025-04-02 10:00:00,34,5615.36,5610.15582,-16.3923,695.36,HIT/DEFESA,-34.75,5
2025-04-02 10:00:00,134,5615.36,5636.02487,-16.3923,695.36,HIT/DEFESA,-34.75,5
2025-04-02 11:00:00,34,5613.36,5610.33892,-11.0684,1241.6,HIT/DEFESA,-4.99,5
2025-04-02 11:00:00,134,5613.36,5635.68909,-11.0684,1241.6,HIT/DEFESA,-4.99,5
2025-04-02 16:00:00,34,5608.37,5607.09209,16.7709,322.6963,HIT/DEFESA,23.25,5
2025-04-02 16:00:00,134,5608.37,5632.96234,16.7709,322.6963,HIT/DEFESA,23.25,5
2025-04-02 17:00:00,34,5641.37,5609.05082,90.3439,302.8235,HIT/DEFESA,26.0,5
2025-04-02 17:00:00,134,5641.37,5633.0869,90.3439,302.8235,HIT/DEFESA,26.0,5
2025-04-02 21:00:00,34,5631.62,5618.29901,-20.8209,263.2,HIT/DEFESA,-143.4,5
2025-04-02 21:00:00,134,5631.62,5634.26758,-20.8209,263.2,HIT/DEFESA,-143.4,5
2025-04-02 22:00:00,34,5667.37,5621.10306,-18.4929,240.3099,HIT/DEFESA,-159.4,5
2025-04-02 22:00:00,134,5667.37,5634.75799,-18.4929,240.3099,HIT/DEFESA,-159.4,5
2025-04-02 23:00:00,34,5539.95,5616.46575,-214.4711,102.0643,HIT/DEFESA,-20.6,5
2025-04-02 23:00:00,134,5539.95,5633.35343,-214.4711,102.0643,HIT/DEFESA,-20.6,5
2025-04-03 08:00:00,34,5493.72,5572.60797,-46.4366,161.8182,HIT/DEFESA,-20.72,5
2025-04-03 08:00:00,134,5493.72,5618.20097,-46.4366,161.8182,HIT/DEFESA,-20.72,5
2025-04-03 09:00:00,34,5485.25,5567.61608,-47.3568,522.3256,HIT/DEFESA,-8.5,5
2025-04-03 09:00:00,134,5485.25,5616.23132,-47.3568,522.3256,HIT/DEFESA,-8.5,5
2025-04-03 10:00:00,34,5499.0,5563.69516,-24.8879,508.4528,HIT/DEFESA,-45.12,5
2025-04-03 10:00:00,134,5499.0,5614.49456,-24.8879,508.4528,HIT/DEFESA,-45.12,5
2025-04-03 12:00:00,34,5482.38,5556.04786,-5.2322,175.4902,HIT/DEFESA,-64.62,5
2025-04-03 12:00:00,134,5482.38,5610.98299,-5.2322,175.4902,HIT/DEFESA,-64.62,5
2025-04-03 13:00:00,34,5473.0,5551.30227,-47.2813,667.3514,HIT/DEFESA,-21.36,5
2025-04-03 13:00:00,134,5473.0,5608.93879,-47.2813,667.3514,HIT/DEFESA,-21.36,5
2025-04-03 14:00:00,34,5476.75,5547.04214,-56.7357,1436.5714,HIT/DEFESA,-25.61,5
2025-04-03 14:00:00,134,5476.75,5606.98044,-56.7357,1436.5714,HIT/DEFESA,-25.61,5
2025-04-03 15:00:00,34,5453.88,5541.71859,-51.9847,327.5455,HIT/DEFESA,-18.99,5
2025-04-03 15:00:00,134,5453.88,5604.71229,-51.9847,327.5455,HIT/DEFESA,-18.99,5
2025-04-03 16:00:00,34,5467.76,5537.49239,-9.5743,1048.3226,HIT/DEFESA,-33.12,5
2025-04-03 16:00:00,134,5467.76,5602.68336,-9.5743,1048.3226,HIT/DEFESA,-33.12,5
2025-04-03 17:00:00,34,5417.76,5530.65054,-107.7099,340.1951,HIT/DEFESA,-26.12,5
2025-04-03 17:00:00,134,5417.76,5599.94376,-107.7099,340.1951,HIT/DEFESA,-26.12,5
2025-04-03 18:00:00,34,5451.64,5526.13565,-4.1072,380.3259,HIT/DEFESA,-73.79,5
2025-04-03 18:00:00,134,5451.64,5597.74667,-4.1072,380.3259,HIT/DEFESA,-73.79,5
2025-04-03 19:00:00,34,5451.14,5521.85018,-30.3964,124960000.0,HIT/DEFESA,-74.11,5
2025-04-03 19:00:00,134,5451.14,5595.57472,-30.3964,124960000.0,HIT/DEFESA,-74.11,5
2025-04-03 21:00:00,34,5434.64,5512.18154,-31.1833,108180000.0,HIT/DEFESA,-54.73,5
2025-04-03 21:00:00,134,5434.64,5590.84525,-31.1833,108180000.0,HIT/DEFESA,-54.73,5
2025-04-03 22:00:00,34,5391.64,5505.29345,-109.1515,294.9882,HIT/DEFESA,-20.73,5
2025-04-03 22:00:00,134,5391.64,5587.89406,-109.1515,294.9882,HIT/DEFESA,-20.73,5
2025-04-03 23:00:00,34,5377.85,5498.01097,-104.9515,253.911,HIT/DEFESA,-6.44,5
2025-04-03 23:00:00,134,5377.85,5584.7823,-104.9515,253.911,HIT/DEFESA,-6.44,5
2025-04-04 01:00:00,34,5377.03,5491.09777,-106.0052,596.2222,HIT/DEFESA,-19.37,5
2025-04-04 01:00:00,134,5377.03,5581.70449,-106.0052,596.2222,HIT/DEFESA,-19.37,5
2025-04-04 02:00:00,34,5378.91,5484.68704,-23.6106,3798.6667,HIT/DEFESA,-37.0,5
2025-04-04 02:00:00,134,5378.91,5578.70012,-23.6106,3798.6667,HIT/DEFESA,-37.0,5
2025-04-04 04:00:00,34,5370.91,5472.54037,-11.3817,378.5088,HIT/DEFESA,-6.97,5
2025-04-04 04:00:00,134,5370.91,5572.72034,-11.3817,378.5088,HIT/DEFESA,-6.97,5
2025-04-04 05:00:00,34,5371.41,5466.76149,-13.9433,26690000.0,HIT/DEFESA,-15.6,5
2025-04-04 05:00:00,134,5371.41,5569.73797,-13.9433,26690000.0,HIT/DEFESA,-15.6,5
2025-04-04 06:00:00,34,5357.66,5460.52712,-41.3576,285.2593,HIT/DEFESA,-9.72,5
2025-04-04 06:00:00,134,5357.66,5566.59607,-41.3576,285.2593,HIT/DEFESA,-9.72,5
2025-04-04 11:00:00,34,5347.94,5434.22525,-55.4876,1292.0,HIT/DEFESA,-104.24,5
2025-04-04 11:00:00,134,5347.94,5551.55566,-55.4876,1292.0,HIT/DEFESA,-104.24,5
2025-04-04 12:00:00,34,5345.06,5429.13009,-35.198,1691.7676,HIT/DEFESA,-173.11,5
2025-04-04 12:00:00,134,5345.06,5548.49647,-35.198,1691.7676,HIT/DEFESA,-173.11,5
2025-04-04 13:00:00,34,5230.06,5417.75466,-234.7917,135.5251,HIT/DEFESA,-70.74,5
2025-04-04 13:00:00,134,5230.06,5543.77889,-234.7917,135.5251,HIT/DEFESA,-70.74,5
2025-04-04 14:00:00,34,5240.94,5407.65096,-200.077,1135.413,HIT/DEFESA,-110.49,5
2025-04-04 14:00:00,134,5240.94,5539.29239,-200.077,1135.413,HIT/DEFESA,-110.49,5
2025-04-04 15:00:00,34,5260.44,5399.23891,-158.3144,540.8049,HIT/DEFESA,-104.62,5
2025-04-04 15:00:00,134,5260.44,5535.16124,-158.3144,540.8049,HIT/DEFESA,-104.62,5
2025-04-04 17:00:00,34,5171.95,5377.87091,-131.6367,241.4549,HIT/DEFESA,-104.75,5
2025-04-04 17:00:00,134,5171.95,5525.52636,-131.6367,241.4549,HIT/DEFESA,-104.75,5
2025-04-04 18:00:00,34,5159.32,5365.38229,-192.2273,1494.6923,HIT/DEFESA,-104.41,5
2025-04-04 18:00:00,134,5159.32,5520.10108,-192.2273,1494.6923,HIT/DEFESA,-104.41,5
2025-04-04 19:00:00,34,5130.45,5351.95759,-215.9735,608.0357,HIT/DEFESA,-277.53,5
2025-04-04 19:00:00,134,5130.45,5514.32847,-215.9735,608.0357,HIT/DEFESA,-277.53,5
2025-04-04 20:00:00,34,5155.82,5340.74973,-31.1875,675.0588,HIT/DEFESA,-282.9,5
2025-04-04 20:00:00,134,5155.82,5509.01723,-31.1875,675.0588,HIT/DEFESA,-282.9,5
2025-04-04 21:00:00,34,5086.95,5326.24689,-140.2704,243.2319,HIT/DEFESA,-194.28,5
2025-04-04 21:00:00,134,5086.95,5502.76439,-140.2704,243.2319,HIT/DEFESA,-194.28,5
2025-04-04 22:00:00,34,5067.2,5311.44421,-123.2835,1045.5789,HIT/DEFESA,-120.66,5
2025-04-04 22:00:00,134,5067.2,5496.31158,-123.2835,1045.5789,HIT/DEFESA,-120.66,5
2025-04-04 23:00:00,34,5054.91,5296.78511,-195.7206,763.1579,HIT/DEFESA,-131.74,5
2025-04-04 23:00:00,134,5054.91,5489.7723,-195.7206,763.1579,HIT/DEFESA,-131.74,5
2025-04-07 03:00:00,34,4892.67,5228.30817,-320.9553,525.5731,HIT/DEFESA,-6.88,5
2025-04-07 03:00:00,134,4892.67,5462.7658,-320.9553,525.5731,HIT/DEFESA,-6.88,5
2025-04-07 12:00:00,34,4895.57,5086.48285,152.6768,912.7805,HIT/DEFESA,181.01,5
2025-04-07 12:00:00,134,4895.57,5390.20617,152.6768,912.7805,HIT/DEFESA,181.01,5
2025-04-07 13:00:00,34,4956.57,5079.05926,243.0693,201.0612,HIT/DEFESA,47.89,5
2025-04-07 13:00:00,134,4956.57,5383.78193,243.0693,201.0612,HIT/DEFESA,47.89,5
2025-04-07 14:00:00,34,4943.82,5071.3313,120.2644,962.6667,HIT/DEFESA,22.14,5
2025-04-07 14:00:00,134,4943.82,5377.26398,120.2644,962.6667,HIT/DEFESA,22.14,5
2025-04-07 15:00:00,34,4970.95,5065.59523,153.9759,482.0879,HIT/DEFESA,130.38,5
2025-04-07 15:00:00,134,4970.95,5371.24451,153.9759,482.0879,HIT/DEFESA,130.38,5
2025-04-07 16:00:00,34,4970.08,5060.13722,27.2568,41894.5946,HIT/DEFESA,72.75,5
2025-04-07 16:00:00,134,4970.08,5365.30134,27.2568,41894.5946,HIT/DEFESA,72.75,5
2025-04-07 18:00:00,34,5004.46,5057.84156,67.4117,208.1127,HIT/DEFESA,73.46,5
2025-04-07 18:00:00,134,5004.46,5355.74155,67.4117,208.1127,HIT/DEFESA,73.46,5
2025-04-07 20:00:00,34,5101.33,5055.37626,48.7533,136.4519,HIT/DEFESA,6.72,5
2025-04-07 20:00:00,134,5101.33,5346.2835,48.7533,136.4519,HIT/DEFESA,6.72,5
2025-04-07 21:00:00,34,5042.83,5054.65933,76.6716,308.0847,HIT/DEFESA,56.97,5
2025-04-07 21:00:00,134,5042.83,5341.78789,76.6716,308.0847,HIT/DEFESA,56.97,5
2025-04-07 22:00:00,34,5055.71,5054.71937,180.7304,1560.9811,HIT/DEFESA,88.84,5
2025-04-07 22:00:00,134,5055.71,5337.5497,180.7304,1560.9811,HIT/DEFESA,88.84,5
2025-04-08 01:00:00,34,5103.3,5058.7454,119.9128,126.9276,HIT/DEFESA,26.88,5
2025-04-08 01:00:00,134,5103.3,5330.28995,119.9128,126.9276,HIT/DEFESA,26.88,5
2025-04-08 02:00:00,34,5108.05,5061.5628,103.5265,660.3696,HIT/DEFESA,17.63,5
2025-04-08 02:00:00,134,5108.05,5326.99751,103.5265,660.3696,HIT/DEFESA,17.63,5
2025-04-08 03:00:00,34,5099.8,5063.74779,43.0885,948.0,HIT/DEFESA,22.75,5
2025-04-08 03:00:00,134,5099.8,5323.63162,43.0885,948.0,HIT/DEFESA,22.75,5
2025-04-08 05:00:00,34,5138.18,5072.35448,58.9853,475.1634,HIT/DEFESA,8.53,5
2025-04-08 05:00:00,134,5138.18,5318.27043,58.9853,475.1634,HIT/DEFESA,8.53,5
2025-04-08 06:00:00,34,5130.18,5075.6588,59.571,392.8844,HIT/DEFESA,9.9,5
2025-04-08 06:00:00,134,5130.18,5315.48391,59.571,392.8844,HIT/DEFESA,9.9,5
2025-04-08 07:00:00,34,5125.68,5078.51715,-36.6796,570.5628,HIT/DEFESA,-7.1,5
2025-04-08 07:00:00,134,5125.68,5312.672,-36.6796,570.5628,HIT/DEFESA,-7.1,5
2025-04-08 09:00:00,34,5131.33,5083.90741,2.2416,522.626,HIT/DEFESA,63.5,5
2025-04-08 09:00:00,134,5131.33,5307.21056,2.2416,522.626,HIT/DEFESA,63.5,5
2025-04-08 10:00:00,34,5146.71,5087.49613,41.0287,510.4368,HIT/DEFESA,36.87,5
2025-04-08 10:00:00,134,5146.71,5304.83277,41.0287,510.4368,HIT/DEFESA,36.87,5
2025-04-08 11:00:00,34,5140.08,5090.50092,34.2212,1039.7037,HIT/DEFESA,99.01,5
2025-04-08 11:00:00,134,5140.08,5302.39199,34.2212,1039.7037,HIT/DEFESA,99.01,5
2025-04-08 17:00:00,34,5191.34,5116.97153,-6.7182,380.0829,HIT/DEFESA,-211.87,5
2025-04-08 17:00:00,134,5191.34,5291.6569,-6.7182,380.0829,HIT/DEFESA,-211.87,5
2025-04-08 18:00:00,34,5180.34,5120.59259,-6.2505,1702.6654,HIT/DEFESA,-209.16,5
2025-04-08 18:00:00,134,5180.34,5290.00776,-6.2505,1702.6654,HIT/DEFESA,-209.16,5
2025-04-08 19:00:00,34,5082.59,5118.42101,-298.716,193.0936,HIT/DEFESA,-146.83,5
2025-04-08 19:00:00,134,5082.59,5286.93491,-298.716,193.0936,HIT/DEFESA,-146.83,5
2025-04-08 20:00:00,34,5077.84,5116.1021,-218.6333,3704.381,HIT/DEFESA,-161.08,5
2025-04-08 20:00:00,134,5077.84,5283.83721,-218.6333,3704.381,HIT/DEFESA,-161.08,5
2025-04-08 21:00:00,34,5027.34,5111.02998,-295.3474,336.8081,HIT/DEFESA,-135.2,5
2025-04-08 21:00:00,134,5027.34,5280.03725,-295.3474,336.8081,HIT/DEFESA,-135.2,5
2025-04-08 22:00:00,34,4979.47,5103.51227,-202.8887,444.3789,HIT/DEFESA,-38.96,5
2025-04-08 22:00:00,134,4979.47,5275.5844,-202.8887,444.3789,HIT/DEFESA,-38.96,5
2025-04-08 23:00:00,34,4971.18,5095.95042,-210.0499,1401.5123,HIT/DEFESA,-48.92,5
2025-04-08 23:00:00,134,4971.18,5271.0747,-210.0499,1401.5123,HIT/DEFESA,-48.92,5
2025-04-09 01:00:00,34,4935.76,5086.79668,-182.1639,180.541,HIT/DEFESA,-48.87,5
2025-04-09 01:00:00,134,4935.76,5266.10708,-182.1639,180.541,HIT/DEFESA,-48.87,5
2025-04-09 02:00:00,34,4916.76,5077.0803,-125.9371,332.2703,HIT/DEFESA,-53.5,5
2025-04-09 02:00:00,134,4916.76,5260.93157,-125.9371,332.2703,HIT/DEFESA,-53.5,5
2025-04-09 03:00:00,34,4892.14,5066.51228,-158.9965,289.9477,HIT/DEFESA,-17.13,5
2025-04-09 03:00:00,134,4892.14,5255.46799,-158.9965,289.9477,HIT/DEFESA,-17.13,5
2025-04-09 05:00:00,34,4922.26,5051.4806,11.1862,357.9434,HIT/DEFESA,72.41,5
2025-04-09 05:00:00,134,4922.26,5245.93466,11.1862,357.9434,HIT/DEFESA,72.41,5
2025-04-09 11:00:00,34,4989.54,5013.81134,234.9329,1576.1905,HIT/DEFESA,19.01,5
2025-04-09 11:00:00,134,4989.54,5218.12872,234.9329,1576.1905,HIT/DEFESA,19.01,5
2025-04-09 16:00:00,34,5008.55,4997.15581,108.7867,193.4879,HIT/DEFESA,315.5,5
2025-04-09 16:00:00,134,5008.55,5198.69515,108.7867,193.4879,HIT/DEFESA,315.5,5
2025-04-09 17:00:00,34,4941.93,4994.00005,113.6006,287.3714,HIT/DEFESA,503.25,5
2025-04-09 17:00:00,134,4941.93,5194.89122,113.6006,287.3714,HIT/DEFESA,503.25,5
2025-04-09 18:00:00,34,4969.55,4992.60291,93.695,612.4404,HIT/DEFESA,506.09,5
2025-04-09 18:00:00,134,4969.55,5191.55284,93.695,612.4404,HIT/DEFESA,506.09,5
2025-04-09 19:00:00,34,5023.05,4994.34274,28.9505,280.91,HIT/DEFESA,456.42,5
2025-04-09 19:00:00,134,5023.05,5189.0565,28.9505,280.91,HIT/DEFESA,456.42,5
2025-04-09 20:00:00,34,5363.93,5015.46201,853.9174,55.8035,HIT/DEFESA,110.66,5
2025-04-09 20:00:00,134,5363.93,5191.64722,853.9174,55.8035,HIT/DEFESA,110.66,5
2025-04-09 21:00:00,34,5324.05,5033.09561,713.3443,519.7359,HIT/DEFESA,132.67,5
2025-04-09 21:00:00,134,5324.05,5193.60874,713.3443,519.7359,HIT/DEFESA,132.67,5
2025-04-10 03:00:00,34,5456.72,5143.57015,-34.553,400.8892,HIT/DEFESA,-25.25,5
2025-04-10 03:00:00,134,5456.72,5213.22439,-34.553,400.8892,HIT/DEFESA,-25.25,5
2025-04-10 04:00:00,34,5435.84,5160.27129,-79.6245,289.9277,HIT/DEFESA,-8.47,5
2025-04-10 04:00:00,134,5435.84,5216.5224,-79.6245,289.9277,HIT/DEFESA,-8.47,5
2025-04-10 05:00:00,34,5425.59,5175.43235,-89.5044,360.8095,HIT/DEFESA,-64.47,5
2025-04-10 05:00:00,134,5425.59,5219.6197,-89.5044,360.8095,HIT/DEFESA,-64.47,5
2025-04-10 06:00:00,34,5415.59,5189.15565,-75.375,422.4615,HIT/DEFESA,-82.97,5
2025-04-10 06:00:00,134,5415.59,5222.52296,-75.375,422.4615,HIT/DEFESA,-82.97,5
2025-04-10 07:00:00,34,5411.09,5201.83761,-45.5311,858.5,HIT/DEFESA,-71.22,5
2025-04-10 07:00:00,134,5411.09,5225.31655,-45.5311,858.5,HIT/DEFESA,-71.22,5
2025-04-10 10:00:00,34,5361.12,5234.75565,-92.3474,154.0602,HIT/DEFESA,-15.25,5
2025-04-10 10:00:00,134,5361.12,5233.24179,-92.3474,154.0602,HIT/DEFESA,-15.25,5
2025-04-10 11:00:00,34,5332.62,5240.3479,-181.9949,297.0754,HIT/DEFESA,-28.74,5
2025-04-10 11:00:00,134,5332.62,5234.71406,-181.9949,297.0754,HIT/DEFESA,-28.74,5
2025-04-10 12:00:00,34,5339.87,5246.03488,-161.2199,869.2,HIT/DEFESA,-62.24,5
2025-04-10 12:00:00,134,5339.87,5236.27193,-161.2199,869.2,HIT/DEFESA,-62.24,5
2025-04-10 13:00:00,34,5351.37,5252.05403,-18.1865,522.3395,HIT/DEFESA,-152.74,5
2025-04-10 13:00:00,134,5351.37,5237.97708,-18.1865,522.3395,HIT/DEFESA,-152.74,5
2025-04-10 16:00:00,34,5303.88,5265.87111,-88.7436,394.674,HIT/DEFESA,-29.25,5
2025-04-10 16:00:00,134,5303.88,5242.37261,-88.7436,394.674,HIT/DEFESA,-29.25,5
2025-04-10 17:00:00,34,5277.63,5266.54305,-165.1433,798.1359,HIT/DEFESA,-16.62,5
2025-04-10 17:00:00,134,5277.63,5242.89494,-165.1433,798.1359,HIT/DEFESA,-16.62,5
2025-04-10 20:00:00,34,5255.51,5259.39635,-41.9128,451.8751,HIT/DEFESA,-20.28,5
2025-04-10 20:00:00,134,5255.51,5241.95983,-41.9128,451.8751,HIT/DEFESA,-20.28,5
2025-04-11 01:00:00,34,5272.23,5261.12037,-4.5501,4110.6667,HIT/DEFESA,-11.0,5
2025-04-11 01:00:00,134,5272.23,5243.44801,-4.5501,4110.6667,HIT/DEFESA,-11.0,5
2025-04-11 07:00:00,34,5268.61,5254.29896,70.7239,453.9244,HIT/DEFESA,33.53,5
2025-04-11 07:00:00,134,5268.61,5242.87709,70.7239,453.9244,HIT/DEFESA,33.53,5
2025-04-11 12:00:00,34,5302.14,5262.78262,-16.0056,114.6783,HIT/DEFESA,-58.49,5
2025-04-11 12:00:00,134,5302.14,5246.15562,-16.0056,114.6783,HIT/DEFESA,-58.49,5
2025-04-11 14:00:00,34,5282.26,5265.98215,86.1539,353.7297,HIT/DEFESA,48.26,5
2025-04-11 14:00:00,134,5282.26,5247.49842,86.1539,353.7297,HIT/DEFESA,48.26,5
2025-04-11 18:00:00,34,5281.65,5266.2799,25.6447,469.7778,HIT/DEFESA,72.46,5
2025-04-11 18:00:00,134,5281.65,5248.64857,25.6447,469.7778,HIT/DEFESA,72.46,5
2025-04-11 19:00:00,34,5330.52,5269.95076,103.5848,329.6997,HIT/DEFESA,48.3,5
2025-04-11 19:00:00,134,5330.52,5249.86148,103.5848,329.6997,HIT/DEFESA,48.3,5
2025-04-11 20:00:00,34,5360.27,5275.11186,222.4023,626.5327,HIT/DEFESA,32.8,5
2025-04-11 20:00:00,134,5360.27,5251.49716,222.4023,626.5327,HIT/DEFESA,32.8,5
2025-04-11 21:00:00,34,5335.15,5278.54261,101.2941,670.1818,HIT/DEFESA,54.55,5
2025-04-11 21:00:00,134,5335.15,5252.73646,101.2941,670.1818,HIT/DEFESA,54.55,5
2025-04-11 22:00:00,34,5351.65,5282.72018,39.6397,932.4308,HIT/DEFESA,39.17,5
2025-04-11 22:00:00,134,5351.65,5254.20185,39.6397,932.4308,HIT/DEFESA,39.17,5
2025-04-14 01:00:00,34,5378.82,5292.0579,81.8534,121.1436,HIT/DEFESA,22.38,5
2025-04-14 01:00:00,134,5378.82,5257.50623,81.8534,121.1436,HIT/DEFESA,22.38,5
2025-04-14 02:00:00,34,5393.07,5297.83002,77.3967,209.3714,HIT/DEFESA,25.0,5
2025-04-14 02:00:00,134,5393.07,5259.51459,77.3967,209.3714,HIT/DEFESA,25.0,5
2025-04-14 03:00:00,34,5389.7,5303.07974,66.4723,1148.3974,HIT/DEFESA,20.87,5
2025-04-14 03:00:00,134,5389.7,5261.44326,66.4723,1148.3974,HIT/DEFESA,20.87,5
2025-04-14 04:00:00,34,5390.82,5308.09346,22.3097,3284.0,HIT/DEFESA,30.53,5
2025-04-14 04:00:00,134,5390.82,5263.35995,22.3097,3284.0,HIT/DEFESA,30.53,5
2025-04-14 05:00:00,34,5402.95,5313.51384,18.3198,191.6667,HIT/DEFESA,27.15,5
2025-04-14 05:00:00,134,5402.95,5265.42795,18.3198,191.6667,HIT/DEFESA,27.15,5
2025-04-14 06:00:00,34,5401.2,5318.52448,21.337,1359.893,HIT/DEFESA,29.78,5
2025-04-14 06:00:00,134,5401.2,5267.43939,21.337,1359.893,HIT/DEFESA,29.78,5
2025-04-14 07:00:00,34,5418.07,5324.21279,50.5489,91.9403,HIT/DEFESA,0.16,5
2025-04-14 07:00:00,134,5418.07,5269.67095,50.5489,91.9403,HIT/DEFESA,0.16,5
2025-04-14 08:00:00,34,5410.57,5329.14749,14.1034,279.0345,HIT/DEFESA,19.16,5
2025-04-14 08:00:00,134,5410.57,5271.75835,14.1034,279.0345,HIT/DEFESA,19.16,5
2025-04-14 10:00:00,34,5430.1,5339.88385,22.2035,502.0833,HIT/DEFESA,13.38,5
2025-04-14 10:00:00,134,5430.1,5276.28749,22.2035,502.0833,HIT/DEFESA,13.38,5
2025-04-14 13:00:00,34,5429.73,5353.86659,-0.6814,238.6667,HIT/DEFESA,-56.87,5
2025-04-14 13:00:00,134,5429.73,5282.85675,-0.6814,238.6667,HIT/DEFESA,-56.87,5
2025-04-14 14:00:00,34,5415.85,5357.4085,-27.8587,290.8291,HIT/DEFESA,-45.11,5
2025-04-14 14:00:00,134,5415.85,5284.82702,-27.8587,290.8291,HIT/DEFESA,-45.11,5
2025-04-14 20:00:00,34,5405.49,5372.16834,-64.095,412.1282,HIT/DEFESA,-20.77,5
2025-04-14 20:00:00,134,5405.49,5295.41939,-64.095,412.1282,HIT/DEFESA,-20.77,5
2025-04-14 23:00:00,34,5397.32,5378.03489,-15.1143,620.6651,HIT/DEFESA,-6.73,5
2025-04-14 23:00:00,134,5397.32,5300.38439,-15.1143,620.6651,HIT/DEFESA,-6.73,5
2025-04-15 04:00:00,34,5395.59,5380.46481,31.6068,1169.5,HIT/DEFESA,6.03,5
2025-04-15 04:00:00,134,5395.59,5305.53603,31.6068,1169.5,HIT/DEFESA,6.03,5
2025-04-15 05:00:00,34,5390.59,5381.04339,10.9012,472.541,HIT/DEFESA,31.78,5
2025-04-15 05:00:00,134,5390.59,5306.79608,10.9012,472.541,HIT/DEFESA,31.78,5
2025-04-15 06:00:00,34,5400.34,5382.14605,4.8539,163.3772,HIT/DEFESA,14.41,5
2025-04-15 06:00:00,134,5400.34,5308.18192,4.8539,163.3772,HIT/DEFESA,14.41,5
2025-04-15 07:00:00,34,5399.72,5383.15028,7.6544,2072.0,HIT/DEFESA,8.78,5
2025-04-15 07:00:00,134,5399.72,5309.53804,7.6544,2072.0,HIT/DEFESA,8.78,5
2025-04-15 08:00:00,34,5395.34,5383.84683,8.8117,518.4019,HIT/DEFESA,17.16,5
2025-04-15 08:00:00,134,5395.34,5310.80918,8.8117,518.4019,HIT/DEFESA,17.16,5
2025-04-15 11:00:00,34,5414.75,5388.59112,35.9755,717.4194,HIT/DEFESA,16.01,5
2025-04-15 11:00:00,134,5414.75,5315.28309,35.9755,717.4194,HIT/DEFESA,16.01,5
2025-04-15 12:00:00,34,5408.5,5389.72877,12.7369,581.3846,HIT/DEFESA,12.88,5
2025-04-15 12:00:00,134,5408.5,5316.66408,12.7369,581.3846,HIT/DEFESA,12.88,5
2025-04-15 19:00:00,34,5405.76,5397.34199,-46.0341,404.6,HIT/DEFESA,-51.9,5
2025-04-15 19:00:00,134,5405.76,5326.10347,-46.0341,404.6,HIT/DEFESA,-51.9,5
2025-04-15 20:00:00,34,5398.26,5397.39445,-42.646,1378.069,HIT/DEFESA,-47.9,5
2025-04-15 20:00:00,134,5398.26,5327.17245,-42.646,1378.069,HIT/DEFESA,-47.9,5
2025-04-15 21:00:00,34,5401.51,5397.62963,-44.2355,2614.0,HIT/DEFESA,-60.03,5
2025-04-15 21:00:00,134,5401.51,5328.27375,-44.2355,2614.0,HIT/DEFESA,-60.03,5
2025-04-15 22:00:00,34,5391.51,5397.27993,-26.3608,783.7949,HIT/DEFESA,-42.28,5
2025-04-15 22:00:00,134,5391.51,5329.21058,-26.3608,783.7949,HIT/DEFESA,-42.28,5
2025-04-15 23:00:00,34,5386.22,5396.64794,-22.3035,257.5397,HIT/DEFESA,-39.49,5
2025-04-15 23:00:00,134,5386.22,5330.05517,-22.3035,257.5397,HIT/DEFESA,-39.49,5
2025-04-16 01:00:00,34,5353.86,5394.20291,-88.2161,308.7,HIT/DEFESA,-10.5,5
2025-04-16 01:00:00,134,5353.86,5330.40783,-88.2161,308.7,HIT/DEFESA,-10.5,5
2025-04-16 02:00:00,34,5350.36,5391.6976,-76.3237,1436.4198,HIT/DEFESA,-10.25,5
2025-04-16 02:00:00,134,5350.36,5330.70342,-76.3237,1436.4198,HIT/DEFESA,-10.25,5
2025-04-16 03:00:00,34,5341.48,5388.82803,-83.0638,386.095,HIT/DEFESA,-30.37,5
2025-04-16 03:00:00,134,5341.48,5330.86307,-83.0638,386.095,HIT/DEFESA,-30.37,5
2025-04-16 04:00:00,34,5349.23,5386.56528,-8.648,275.0339,HIT/DEFESA,-26.59,5
2025-04-16 04:00:00,134,5349.23,5331.13517,-8.648,275.0339,HIT/DEFESA,-26.59,5
2025-04-16 05:00:00,34,5346.73,5384.28898,-6.7846,597.929,HIT/DEFESA,-37.84,5
2025-04-16 05:00:00,134,5346.73,5331.36621,-6.7846,597.929,HIT/DEFESA,-37.84,5
2025-04-16 06:00:00,34,5343.36,5381.95018,3.5196,411.6022,HIT/DEFESA,10.03,5
2025-04-16 06:00:00,134,5343.36,5331.54389,3.5196,411.6022,HIT/DEFESA,10.03,5
2025-04-16 14:00:00,34,5351.51,5365.19602,-3.5118,15064.0,HIT/DEFESA,-29.36,5
2025-04-16 14:00:00,134,5351.51,5332.06744,-3.5118,15064.0,HIT/DEFESA,-29.36,5
2025-04-16 15:00:00,34,5340.01,5363.75682,-13.0914,430.1406,HIT/DEFESA,-86.74,5
2025-04-16 15:00:00,134,5340.01,5332.18511,-13.0914,430.1406,HIT/DEFESA,-86.74,5
2025-04-16 16:00:00,34,5312.77,5360.84329,-73.0957,441.7611,HIT/DEFESA,-72.37,5
2025-04-16 16:00:00,134,5312.77,5331.89748,-73.0957,441.7611,HIT/DEFESA,-72.37,5
2025-04-16 17:00:00,34,5336.15,5359.43224,-28.7022,475.0213,HIT/DEFESA,-66.75,5
2025-04-16 17:00:00,134,5336.15,5331.96048,-28.7022,475.0213,HIT/DEFESA,-66.75,5
2025-04-16 18:00:00,34,5330.65,5357.78754,-17.5281,1163.5556,HIT/DEFESA,-65.54,5
2025-04-16 18:00:00,134,5330.65,5331.94107,-17.5281,1163.5556,HIT/DEFESA,-65.54,5
2025-04-16 23:00:00,34,5265.11,5335.15109,22.5383,918.9427,HIT/DEFESA,33.94,5
2025-04-16 23:00:00,134,5265.11,5327.47078,22.5383,918.9427,HIT/DEFESA,33.94,5
2025-04-17 01:00:00,34,5272.42,5331.56646,61.1022,1952.0,HIT/DEFESA,36.63,5
2025-04-17 01:00:00,134,5272.42,5326.65522,61.1022,1952.0,HIT/DEFESA,36.63,5
2025-04-17 02:00:00,34,5272.67,5328.20095,6.2056,4498.4127,HIT/DEFESA,37.0,5
2025-04-17 02:00:00,134,5272.67,5325.85543,6.2056,4498.4127,HIT/DEFESA,37.0,5
2025-04-17 03:00:00,34,5293.42,5326.21346,53.7691,186.2755,HIT/DEFESA,21.63,5
2025-04-17 03:00:00,134,5293.42,5325.37491,53.7691,186.2755,HIT/DEFESA,21.63,5
2025-04-17 04:00:00,34,5293.3,5324.33269,39.6023,9324.0,HIT/DEFESA,20.4,5
2025-04-17 04:00:00,134,5293.3,5324.89973,39.6023,9324.0,HIT/DEFESA,20.4,5
2025-04-17 05:00:00,34,5299.05,5322.88797,50.0316,356.6327,HIT/DEFESA,27.4,5
2025-04-17 05:00:00,134,5299.05,5324.51677,50.0316,356.6327,HIT/DEFESA,27.4,5
2025-04-17 06:00:00,34,5309.05,5322.09723,29.5272,138.1579,HIT/DEFESA,1.4,5
2025-04-17 06:00:00,134,5309.05,5324.28763,29.5272,138.1579,HIT/DEFESA,1.4,5
2025-04-17 07:00:00,34,5309.67,5321.3871,30.9259,894.2529,HIT/DEFESA,4.78,5
2025-04-17 07:00:00,134,5309.67,5324.07107,30.9259,894.2529,HIT/DEFESA,4.78,5
2025-04-17 11:00:00,34,5310.45,5320.34088,-8.6547,219.7192,HIT/DEFESA,-11.61,5
2025-04-17 11:00:00,134,5310.45,5323.62708,-8.6547,219.7192,HIT/DEFESA,-11.61,5
2025-04-17 13:00:00,34,5295.58,5318.60859,-57.956,271.84,HIT/DEFESA,-16.49,5
2025-04-17 13:00:00,134,5295.58,5323.07762,-57.956,271.84,HIT/DEFESA,-16.49,5
2025-04-17 22:00:00,34,5275.59,5307.4975,-67.7763,507.6818,HIT/DEFESA,-27.99,5
2025-04-17 22:00:00,134,5275.59,5319.12714,-67.7763,507.6818,HIT/DEFESA,-27.99,5
2025-04-17 23:00:00,34,5291.8,5306.6005,-29.5056,245.079,HIT/DEFESA,-57.82,5
2025-04-17 23:00:00,134,5291.8,5318.72229,-29.5056,245.079,HIT/DEFESA,-57.82,5
2025-04-21 01:00:00,34,5253.73,5303.57933,-82.3243,247.1667,HIT/DEFESA,-18.5,5
2025-04-21 01:00:00,134,5253.73,5317.75944,-82.3243,247.1667,HIT/DEFESA,-18.5,5
2025-04-21 02:00:00,34,5260.6,5301.12337,-28.4139,202.578,HIT/DEFESA,-24.62,5
2025-04-21 02:00:00,134,5260.6,5316.91263,-28.4139,202.578,HIT/DEFESA,-24.62,5
2025-04-21 03:00:00,34,5253.1,5298.37918,-73.132,363.1724,HIT/DEFESA,-11.12,5
2025-04-21 03:00:00,134,5253.1,5315.96726,-73.132,363.1724,HIT/DEFESA,-11.12,5
2025-04-21 04:00:00,34,5247.6,5295.47751,-11.6679,489.3913,HIT/DEFESA,-9.72,5
2025-04-21 04:00:00,134,5247.6,5314.95441,-11.6679,489.3913,HIT/DEFESA,-9.72,5
2025-04-21 05:00:00,34,5233.98,5291.96336,-50.6026,179.8867,HIT/DEFESA,-12.85,5
2025-04-21 05:00:00,134,5233.98,5313.75479,-50.6026,179.8867,HIT/DEFESA,-12.85,5
2025-04-21 06:00:00,34,5235.23,5288.72146,-34.018,1359.292,HIT/DEFESA,-9.85,5
2025-04-21 06:00:00,134,5235.23,5312.59146,-34.018,1359.292,HIT/DEFESA,-9.85,5
2025-04-21 07:00:00,34,5235.98,5285.70766,-22.1435,1019.3182,HIT/DEFESA,-11.85,5
2025-04-21 07:00:00,134,5235.98,5311.45648,-22.1435,1019.3182,HIT/DEFESA,-11.85,5
2025-04-21 11:00:00,34,5225.38,5274.25711,-31.6674,450.5,HIT/DEFESA,-37.36,5
2025-04-21 11:00:00,134,5225.38,5306.82075,-31.6674,450.5,HIT/DEFESA,-37.36,5
2025-04-21 12:00:00,34,5224.13,5271.3927,-26.2511,1020.6667,HIT/DEFESA,-66.61,5
2025-04-21 12:00:00,134,5224.13,5305.5957,-26.2511,1020.6667,HIT/DEFESA,-66.61,5
2025-04-21 14:00:00,34,5212.76,5265.79919,-24.1514,197.6636,HIT/DEFESA,-88.99,5
2025-04-21 14:00:00,134,5212.76,5303.11351,-24.1514,197.6636,HIT/DEFESA,-88.99,5
2025-04-21 15:00:00,34,5222.38,5263.3181,-3.3498,255.7209,HIT/DEFESA,-122.36,5
2025-04-21 15:00:00,134,5222.38,5301.91746,-3.3498,255.7209,HIT/DEFESA,-122.36,5
2025-04-21 16:00:00,34,5188.02,5259.01535,-79.8125,238.0257,HIT/DEFESA,-89.5,5
2025-04-21 16:00:00,134,5188.02,5300.23009,-79.8125,238.0257,HIT/DEFESA,-89.5,5
2025-04-21 17:00:00,34,5157.52,5253.21561,-105.9707,288.1653,HIT/DEFESA,-7.25,5
2025-04-21 17:00:00,134,5157.52,5298.11587,-105.9707,288.1653,HIT/DEFESA,-7.25,5
2025-04-21 22:00:00,34,5150.27,5219.08033,51.7197,146.9038,HIT/DEFESA,31.86,5
2025-04-21 22:00:00,134,5150.27,5285.23303,51.7197,146.9038,HIT/DEFESA,31.86,5
2025-04-21 23:00:00,34,5149.98,5215.13174,97.9604,3337.037,HIT/DEFESA,32.4,5
2025-04-21 23:00:00,134,5149.98,5283.22928,97.9604,3337.037,HIT/DEFESA,32.4,5
2025-04-22 01:00:00,34,5148.13,5211.30307,97.3027,264.7687,HIT/DEFESA,23.87,5
2025-04-22 01:00:00,134,5148.13,5281.22781,97.3027,264.7687,HIT/DEFESA,23.87,5
2025-04-22 03:00:00,34,5173.88,5207.1214,46.4079,20253.8462,HIT/DEFESA,1.12,5
2025-04-22 03:00:00,134,5173.88,5278.0634,46.4079,20253.8462,HIT/DEFESA,1.12,5
2025-04-22 04:00:00,34,5182.13,5205.69332,66.0434,342.2434,HIT/DEFESA,34.03,5
2025-04-22 04:00:00,134,5182.13,5276.64216,66.0434,342.2434,HIT/DEFESA,34.03,5
2025-04-22 05:00:00,34,5182.38,5204.36113,17.3968,14492.3077,HIT/DEFESA,16.53,5
2025-04-22 05:00:00,134,5182.38,5275.24568,17.3968,14492.3077,HIT/DEFESA,16.53,5
2025-04-22 10:00:00,34,5198.91,5200.18868,51.7775,275.8286,HIT/DEFESA,7.5,5
2025-04-22 10:00:00,134,5198.91,5268.9093,51.7775,275.8286,HIT/DEFESA,7.5,5
2025-04-22 11:00:00,34,5204.66,5200.44418,57.314,598.2238,HIT/DEFESA,27.26,5
2025-04-22 11:00:00,134,5204.66,5267.95746,57.314,598.2238,HIT/DEFESA,27.26,5
2025-04-22 13:00:00,34,5200.16,5200.47998,2.4044,2551.0,HIT/DEFESA,75.26,5
2025-04-22 13:00:00,134,5200.16,5265.98177,2.4044,2551.0,HIT/DEFESA,75.26,5
2025-04-22 15:00:00,34,5206.41,5200.15507,9.6128,151.0811,HIT/DEFESA,24.76,5
2025-04-22 15:00:00,134,5206.41,5263.96339,9.6128,151.0811,HIT/DEFESA,24.76,5
2025-04-22 16:00:00,34,5231.92,5201.97021,61.075,269.837,HIT/DEFESA,49.25,5
2025-04-22 16:00:00,134,5231.92,5263.48867,61.075,269.837,HIT/DEFESA,49.25,5
2025-04-22 17:00:00,34,5260.17,5205.29591,138.7968,214.4364,HIT/DEFESA,22.0,5
2025-04-22 17:00:00,134,5260.17,5263.43951,138.7968,214.4364,HIT/DEFESA,22.0,5
2025-04-22 18:00:00,34,5275.42,5209.303,132.5481,317.6129,HIT/DEFESA,7.71,5
2025-04-22 18:00:00,134,5275.42,5263.617,132.5481,317.6129,HIT/DEFESA,7.71,5
2025-04-22 19:00:00,34,5289.17,5213.86683,109.4245,555.4286,HIT/DEFESA,93.62,5
2025-04-22 19:00:00,134,5289.17,5263.99556,109.4245,555.4286,HIT/DEFESA,93.62,5
2025-04-22 21:00:00,34,5281.17,5218.64498,10.8996,123.2161,HIT/DEFESA,84.62,5
2025-04-22 21:00:00,134,5281.17,5263.7709,10.8996,123.2161,HIT/DEFESA,84.62,5
2025-04-22 23:00:00,34,5283.13,5225.75241,99.3277,4561.9718,HIT/DEFESA,78.41,5
2025-04-22 23:00:00,134,5283.13,5264.32624,99.3277,4561.9718,HIT/DEFESA,78.41,5
2025-04-23 03:00:00,34,5365.79,5250.0984,156.4603,222.0645,HIT/DEFESA,4.75,5
2025-04-23 03:00:00,134,5365.79,5269.23629,156.4603,222.0645,HIT/DEFESA,4.75,5
2025-04-23 07:00:00,34,5367.04,5273.37507,29.9007,370.2479,HIT/DEFESA,29.28,5
2025-04-23 07:00:00,134,5367.04,5274.54406,29.9007,370.2479,HIT/DEFESA,29.28,5
2025-04-23 08:00:00,34,5370.54,5278.92735,16.7862,607.1006,HIT/DEFESA,45.53,5
2025-04-23 08:00:00,134,5370.54,5275.96622,16.7862,607.1006,HIT/DEFESA,45.53,5
2025-04-23 09:00:00,34,5369.07,5284.07836,10.777,1489.6739,HIT/DEFESA,31.5,5
2025-04-23 09:00:00,134,5369.07,5277.34554,10.777,1489.6739,HIT/DEFESA,31.5,5
2025-04-23 10:00:00,34,5382.82,5289.72074,29.4017,320.6653,HIT/DEFESA,41.25,5
2025-04-23 10:00:00,134,5382.82,5278.90812,29.4017,320.6653,HIT/DEFESA,41.25,5
2025-04-23 11:00:00,34,5393.94,5295.67612,43.571,213.0635,HIT/DEFESA,54.89,5
2025-04-23 11:00:00,134,5393.94,5280.6123,43.571,213.0635,HIT/DEFESA,54.89,5
2025-04-23 12:00:00,34,5396.32,5301.4272,50.7537,874.6479,HIT/DEFESA,45.01,5
2025-04-23 12:00:00,134,5396.32,5282.32648,50.7537,874.6479,HIT/DEFESA,45.01,5
2025-04-23 18:00:00,34,5389.08,5336.69408,-64.5088,277.25,HIT/DEFESA,-3.54,5
2025-04-23 18:00:00,134,5389.08,5294.11998,-64.5088,277.25,HIT/DEFESA,-3.54,5
2025-04-23 19:00:00,34,5396.58,5340.11613,-95.8921,1569.1057,HIT/DEFESA,-20.64,5
2025-04-23 19:00:00,134,5396.58,5295.63791,-95.8921,1569.1057,HIT/DEFESA,-20.64,5
2025-04-23 20:00:00,34,5398.33,5343.44264,-79.0248,4851.0,HIT/DEFESA,-17.01,5
2025-04-23 20:00:00,134,5398.33,5297.15927,-79.0248,4851.0,HIT/DEFESA,-17.01,5
2025-04-23 22:00:00,34,5367.33,5346.67381,-54.201,1166.6667,HIT/DEFESA,-0.14,5
2025-04-23 22:00:00,134,5367.33,5299.37991,-54.201,1166.6667,HIT/DEFESA,-0.14,5
2025-04-23 23:00:00,34,5385.54,5348.89473,-23.6925,247.6835,HIT/DEFESA,-24.22,5
2025-04-23 23:00:00,134,5385.54,5300.65635,-23.6925,247.6835,HIT/DEFESA,-24.22,5
2025-04-24 01:00:00,34,5375.94,5350.44018,-3.9791,639.5294,HIT/DEFESA,-13.62,5
2025-04-24 01:00:00,134,5375.94,5301.77166,-3.9791,639.5294,HIT/DEFESA,-13.62,5
2025-04-24 03:00:00,34,5380.69,5353.83247,-9.0056,3944.0,HIT/DEFESA,-29.75,5
2025-04-24 03:00:00,134,5380.69,5304.10186,-9.0056,3944.0,HIT/DEFESA,-29.75,5
2025-04-24 04:00:00,34,5367.19,5354.59576,-16.2762,179.4159,HIT/DEFESA,-7.84,5
2025-04-24 04:00:00,134,5367.19,5305.0365,-16.2762,179.4159,HIT/DEFESA,-7.84,5
2025-04-24 05:00:00,34,5361.32,5354.98,-37.1656,304.32,HIT/DEFESA,-17.72,5
2025-04-24 05:00:00,134,5361.32,5305.87033,-37.1656,304.32,HIT/DEFESA,-17.72,5
2025-04-24 06:00:00,34,5362.32,5355.39943,-34.1406,985.5072,HIT/DEFESA,-28.1,5
2025-04-24 06:00:00,134,5362.32,5306.70662,-34.1406,985.5072,HIT/DEFESA,-28.1,5
2025-04-24 07:00:00,34,5364.07,5355.89489,-5.8131,858.5106,HIT/DEFESA,-17.97,5
2025-04-24 07:00:00,134,5364.07,5307.55645,-5.8131,858.5106,HIT/DEFESA,-17.97,5
2025-04-24 09:00:00,34,5359.35,5355.82537,-5.5386,356.4665,HIT/DEFESA,-2.25,5
2025-04-24 09:00:00,134,5359.35,5308.95696,-5.5386,356.4665,HIT/DEFESA,-2.25,5
2025-04-24 13:00:00,34,5374.1,5354.66258,57.0776,150.4144,HIT/DEFESA,68.51,5
2025-04-24 13:00:00,134,5374.1,5311.31817,57.0776,150.4144,HIT/DEFESA,68.51,5
2025-04-24 14:00:00,34,5357.1,5354.80186,42.8929,271.4783,HIT/DEFESA,112.51,5
2025-04-24 14:00:00,134,5357.1,5311.99642,42.8929,271.4783,HIT/DEFESA,112.51,5
2025-04-24 15:00:00,34,5374.35,5355.9189,52.8423,228.6286,HIT/DEFESA,94.01,5
2025-04-24 15:00:00,134,5374.35,5312.92018,52.8423,228.6286,HIT/DEFESA,94.01,5
2025-04-24 16:00:00,34,5409.11,5358.95839,65.1458,229.3059,HIT/DEFESA,67.0,5
2025-04-24 16:00:00,134,5409.11,5314.34521,65.1458,229.3059,HIT/DEFESA,67.0,5
2025-04-24 17:00:00,34,5439.61,5363.56705,154.0199,254.7679,HIT/DEFESA,40.0,5
2025-04-24 17:00:00,134,5439.61,5316.20099,154.0199,254.7679,HIT/DEFESA,40.0,5
2025-04-24 18:00:00,34,5442.61,5368.08379,127.0107,2208.6806,HIT/DEFESA,47.46,5
2025-04-24 18:00:00,134,5442.61,5318.07371,127.0107,2208.6806,HIT/DEFESA,47.46,5
2025-04-24 19:00:00,34,5469.61,5373.88529,111.8483,219.8131,HIT/DEFESA,30.71,5
2025-04-24 19:00:00,134,5469.61,5320.31869,111.8483,219.8131,HIT/DEFESA,30.71,5
2025-04-24 20:00:00,34,5468.36,5379.28384,52.8531,3419.3333,HIT/DEFESA,30.08,5
2025-04-24 20:00:00,134,5468.36,5322.5119,52.8531,3419.3333,HIT/DEFESA,30.08,5
2025-04-24 21:00:00,34,5476.11,5384.81677,61.5514,533.4667,HIT/DEFESA,34.58,5
2025-04-24 21:00:00,134,5476.11,5324.78743,61.5514,533.4667,HIT/DEFESA,34.58,5
2025-04-24 22:00:00,34,5479.61,5390.23352,18.2828,1397.6,HIT/DEFESA,20.46,5
2025-04-24 22:00:00,134,5479.61,5327.08109,18.2828,1397.6,HIT/DEFESA,20.46,5
2025-04-24 23:00:00,34,5490.07,5395.93846,39.7011,411.2635,HIT/DEFESA,4.12,5
2025-04-24 23:00:00,134,5490.07,5329.49574,39.7011,411.2635,HIT/DEFESA,4.12,5
2025-04-25 01:00:00,34,5500.32,5401.90312,44.2102,545.3333,HIT/DEFESA,10.25,5
2025-04-25 01:00:00,134,5500.32,5332.02647,44.2102,545.3333,HIT/DEFESA,10.25,5
2025-04-25 02:00:00,34,5498.44,5407.41952,34.3638,1042.8571,HIT/DEFESA,4.88,5
2025-04-25 02:00:00,134,5498.44,5334.49186,34.3638,1042.8571,HIT/DEFESA,4.88,5
2025-04-25 06:00:00,34,5510.57,5427.6416,-0.2178,120.303,HIT/DEFESA,-7.97,5
2025-04-25 06:00:00,134,5510.57,5344.30818,-0.2178,120.303,HIT/DEFESA,-7.97,5
2025-04-25 11:00:00,34,5502.6,5447.87475,-4.2507,772.9412,HIT/DEFESA,-39.87,5
2025-04-25 11:00:00,134,5502.6,5356.01018,-4.2507,772.9412,HIT/DEFESA,-39.87,5
2025-04-25 12:00:00,34,5501.22,5450.92305,-29.9037,1659.5092,HIT/DEFESA,-22.86,5
2025-04-25 12:00:00,134,5501.22,5358.16144,-29.9037,1659.5092,HIT/DEFESA,-22.86,5
2025-04-25 16:00:00,34,5462.73,5453.71851,6.6494,2303.1008,HIT/DEFESA,49.88,5
2025-04-25 16:00:00,134,5462.73,5364.30756,6.6494,2303.1008,HIT/DEFESA,49.88,5
2025-04-25 17:00:00,34,5478.36,5455.1266,17.8473,1102.5641,HIT/DEFESA,40.5,5
2025-04-25 17:00:00,134,5478.36,5365.99723,17.8473,1102.5641,HIT/DEFESA,40.5,5
2025-04-25 18:00:00,34,5484.36,5456.79708,32.947,1332.3129,HIT/DEFESA,38.21,5
2025-04-25 18:00:00,134,5484.36,5367.75075,32.947,1332.3129,HIT/DEFESA,38.21,5
2025-04-25 19:00:00,34,5504.86,5459.54353,77.1226,208.4938,HIT/DEFESA,0.94,5
2025-04-25 19:00:00,134,5504.86,5369.782,77.1226,208.4938,HIT/DEFESA,0.94,5
2025-04-25 20:00:00,34,5493.36,5461.4759,27.3805,644.8,HIT/DEFESA,9.81,5
2025-04-25 20:00:00,134,5493.36,5371.61278,27.3805,644.8,HIT/DEFESA,9.81,5
2025-04-28 01:00:00,34,5505.8,5472.66447,-12.3535,261.931,HIT/DEFESA,-15.0,5
2025-04-28 01:00:00,134,5505.8,5379.91868,-12.3535,261.931,HIT/DEFESA,-15.0,5
2025-04-28 02:00:00,34,5503.17,5474.40765,-28.4298,654.4601,HIT/DEFESA,-9.87,5
2025-04-28 02:00:00,134,5503.17,5381.74462,-28.4298,654.4601,HIT/DEFESA,-9.87,5
2025-04-28 03:00:00,34,5494.05,5475.53007,-51.6426,190.4211,HIT/DEFESA,-2.0,5
2025-04-28 03:00:00,134,5494.05,5383.4084,-51.6426,190.4211,HIT/DEFESA,-2.0,5
2025-04-28 09:00:00,34,5510.7,5481.8291,36.2424,101.7935,HIT/DEFESA,5.25,5
2025-04-28 09:00:00,134,5510.7,5393.09157,36.2424,101.7935,HIT/DEFESA,5.25,5
2025-04-28 10:00:00,34,5503.83,5483.0863,19.1688,377.3876,HIT/DEFESA,20.75,5
2025-04-28 10:00:00,134,5503.83,5394.73214,19.1688,377.3876,HIT/DEFESA,20.75,5
2025-04-28 11:00:00,34,5512.58,5484.77165,37.3813,219.3694,HIT/DEFESA,5.26,5
2025-04-28 11:00:00,134,5512.58,5396.47803,37.3813,219.3694,HIT/DEFESA,5.26,5
2025-04-28 12:00:00,34,5515.95,5486.55327,9.5269,508.3077,HIT/DEFESA,5.14,5
2025-04-28 12:00:00,134,5515.95,5398.24799,9.5269,508.3077,HIT/DEFESA,5.14,5
2025-04-28 17:00:00,34,5521.09,5494.3888,9.3184,3214.0,HIT/DEFESA,3.5,5
2025-04-28 17:00:00,134,5521.09,5406.78824,9.3184,3214.0,HIT/DEFESA,3.5,5
2025-04-28 21:00:00,34,5502.59,5493.81408,22.3119,378.8571,HIT/DEFESA,28.96,5
2025-04-28 21:00:00,134,5502.59,5411.69021,22.3119,378.8571,HIT/DEFESA,28.96,5
2025-04-28 22:00:00,34,5524.59,5495.5727,81.663,263.4286,HIT/DEFESA,15.96,5
2025-04-28 22:00:00,134,5524.59,5413.3628,81.663,263.4286,HIT/DEFESA,15.96,5
2025-04-28 23:00:00,34,5516.55,5496.7714,44.0796,117.715,HIT/DEFESA,17.37,5
2025-04-28 23:00:00,134,5516.55,5414.8915,44.0796,117.715,HIT/DEFESA,17.37,5
2025-04-29 01:00:00,34,5516.8,5497.91589,25.8242,3434.2105,HIT/DEFESA,18.75,5
2025-04-29 01:00:00,134,5516.8,5416.40125,25.8242,3434.2105,HIT/DEFESA,18.75,5
2025-04-29 02:00:00,34,5528.3,5499.65213,6.7154,131.1951,HIT/DEFESA,2.25,5
2025-04-29 02:00:00,134,5528.3,5418.05901,6.7154,131.1951,HIT/DEFESA,2.25,5
2025-04-29 05:00:00,34,5533.92,5505.43414,10.1659,258.2222,HIT/DEFESA,9.66,5
2025-04-29 05:00:00,134,5533.92,5423.19517,10.1659,258.2222,HIT/DEFESA,9.66,5
2025-04-29 06:00:00,34,5535.55,5507.15505,7.2312,766.6667,HIT/DEFESA,4.03,5
2025-04-29 06:00:00,134,5535.55,5424.85968,7.2312,766.6667,HIT/DEFESA,4.03,5
2025-04-29 08:00:00,34,5527.05,5509.55237,-12.4143,507.0769,HIT/DEFESA,-6.1,5
2025-04-29 08:00:00,134,5527.05,5427.9162,-12.4143,507.0769,HIT/DEFESA,-6.1,5
2025-04-29 09:00:00,34,5529.08,5510.66823,-11.6881,939.7906,HIT/DEFESA,-4.5,5
2025-04-29 09:00:00,134,5529.08,5429.41492,-11.6881,939.7906,HIT/DEFESA,-4.5,5
2025-04-29 12:00:00,34,5536.95,5515.39962,14.2338,916.8,HIT/DEFESA,8.39,5
2025-04-29 12:00:00,134,5536.95,5434.25752,14.2338,916.8,HIT/DEFESA,8.39,5
2025-04-29 16:00:00,34,5521.59,5516.18547,1.1592,816.9657,HIT/DEFESA,37.75,5
2025-04-29 16:00:00,134,5521.59,5439.18119,1.1592,816.9657,HIT/DEFESA,37.75,5
2025-04-29 17:00:00,34,5545.34,5517.85145,37.5775,431.2937,HIT/DEFESA,11.25,5
2025-04-29 17:00:00,134,5545.34,5440.75391,37.5775,431.2937,HIT/DEFESA,11.25,5
2025-04-29 18:00:00,34,5532.84,5518.70794,41.7617,592.9412,HIT/DEFESA,26.21,5
2025-04-29 18:00:00,134,5532.84,5442.11815,41.7617,592.9412,HIT/DEFESA,26.21,5
2025-04-29 19:00:00,34,5526.09,5519.12977,8.1498,860.7143,HIT/DEFESA,19.92,5
2025-04-29 19:00:00,134,5526.09,5443.36218,8.1498,860.7143,HIT/DEFESA,19.92,5
2025-04-29 23:00:00,34,5559.05,5527.60129,-8.1602,3010.4167,HIT/DEFESA,-30.16,5
2025-04-29 23:00:00,134,5559.05,5450.09949,-8.1602,3010.4167,HIT/DEFESA,-30.16,5
2025-04-30 01:00:00,34,5546.01,5528.65322,-23.9777,209.6923,HIT/DEFESA,-15.37,5
2025-04-30 01:00:00,134,5546.01,5451.52038,-23.9777,209.6923,HIT/DEFESA,-15.37,5
2025-04-30 02:00:00,34,5544.89,5529.58103,-21.0561,2408.0,HIT/DEFESA,-12.25,5
2025-04-30 02:00:00,134,5544.89,5452.90364,-21.0561,2408.0,HIT/DEFESA,-12.25,5
2025-04-30 03:00:00,34,5535.89,5529.94155,-41.6618,268.8649,HIT/DEFESA,-0.5,5
2025-04-30 03:00:00,134,5535.89,5454.13307,-41.6618,268.8649,HIT/DEFESA,-0.5,5
2025-04-30 07:00:00,34,5532.64,5530.18525,0.9038,473.3333,HIT/DEFESA,17.03,5
2025-04-30 07:00:00,134,5532.64,5458.59277,0.9038,473.3333,HIT/DEFESA,17.03,5
2025-04-30 08:00:00,34,5535.39,5530.48267,11.7564,520.9125,HIT/DEFESA,11.15,5
2025-04-30 08:00:00,134,5535.39,5459.7305,11.7564,520.9125,HIT/DEFESA,11.15,5
2025-04-30 13:00:00,34,5546.54,5534.63112,-3.1541,604.9231,HIT/DEFESA,-37.11,5
2025-04-30 13:00:00,134,5546.54,5465.98529,-3.1541,604.9231,HIT/DEFESA,-37.11,5
2025-04-30 14:00:00,34,5539.17,5534.89049,-9.9194,280.2667,HIT/DEFESA,-28.74,5
2025-04-30 14:00:00,134,5539.17,5467.06951,-9.9194,280.2667,HIT/DEFESA,-28.74,5
2025-04-30 18:00:00,34,5509.43,5523.14716,43.7706,358.1954,HIT/DEFESA,84.21,5
2025-04-30 18:00:00,134,5509.43,5467.71394,43.7706,358.1954,HIT/DEFESA,84.21,5
2025-04-30 19:00:00,34,5510.43,5522.42046,142.4246,9861.3333,HIT/DEFESA,94.16,5
2025-04-30 19:00:00,134,5510.43,5468.34677,142.4246,9861.3333,HIT/DEFESA,94.16,5
2025-04-30 20:00:00,34,5519.68,5522.26387,65.1905,750.9474,HIT/DEFESA,88.91,5
2025-04-30 20:00:00,134,5519.68,5469.10727,65.1905,750.9474,HIT/DEFESA,88.91,5
2025-04-30 21:00:00,34,5510.93,5521.61622,2.7226,1131.6667,HIT/DEFESA,104.03,5
2025-04-30 21:00:00,134,5510.93,5469.72686,2.7226,1131.6667,HIT/DEFESA,104.03,5
2025-04-30 22:00:00,34,5556.43,5523.60558,83.4781,199.3645,HIT/DEFESA,59.16,5
2025-04-30 22:00:00,134,5556.43,5471.01135,83.4781,199.3645,HIT/DEFESA,59.16,5
2025-04-30 23:00:00,34,5593.64,5527.60754,133.9933,191.0985,HIT/DEFESA,16.82,5
2025-04-30 23:00:00,134,5593.64,5472.82807,133.9933,191.0985,HIT/DEFESA,16.82,5
2025-05-01 01:00:00,34,5604.59,5532.00654,169.9532,332.8421,HIT/DEFESA,17.0,5
2025-05-01 01:00:00,134,5604.59,5474.7801,169.9532,332.8421,HIT/DEFESA,17.0,5
2025-05-01 02:00:00,34,5608.59,5536.38274,93.8732,498.063,HIT/DEFESA,9.75,5
2025-05-01 02:00:00,134,5608.59,5476.76247,93.8732,498.063,HIT/DEFESA,9.75,5
2025-05-01 03:00:00,34,5614.96,5540.87287,38.1147,383.8235,HIT/DEFESA,0.63,5
2025-05-01 03:00:00,134,5614.96,5478.80984,38.1147,383.8235,HIT/DEFESA,0.63,5
2025-05-01 05:00:00,34,5610.46,5548.87485,3.3342,170.8571,HIT/DEFESA,8.41,5
2025-05-01 05:00:00,134,5610.46,5482.75657,3.3342,170.8571,HIT/DEFESA,8.41,5
2025-05-01 06:00:00,34,5621.59,5553.03,11.8077,99.5556,HIT/DEFESA,4.28,5
2025-05-01 06:00:00,134,5621.59,5484.81336,11.8077,99.5556,HIT/DEFESA,4.28,5
2025-05-01 07:00:00,34,5618.34,5556.762,4.8971,204.451,HIT/DEFESA,16.28,5
2025-05-01 07:00:00,134,5618.34,5486.79153,4.8971,204.451,HIT/DEFESA,16.28,5
2025-05-01 08:00:00,34,5615.59,5560.1236,9.1436,458.5366,HIT/DEFESA,10.9,5
2025-05-01 08:00:00,134,5615.59,5488.69966,9.1436,458.5366,HIT/DEFESA,10.9,5
2025-05-01 12:00:00,34,5634.62,5573.48128,36.962,194.5539,HIT/DEFESA,14.51,5
2025-05-01 12:00:00,134,5634.62,5496.50839,36.962,194.5539,HIT/DEFESA,14.51,5
2025-05-01 20:00:00,34,5621.13,5591.47904,-49.5652,621.1892,HIT/DEFESA,-34.58,5
2025-05-01 20:00:00,134,5621.13,5510.58556,-49.5652,621.1892,HIT/DEFESA,-34.58,5
2025-05-01 21:00:00,34,5632.63,5593.83053,23.5791,464.0889,HIT/DEFESA,0.55,5
2025-05-01 21:00:00,134,5632.63,5512.39363,23.5791,464.0889,HIT/DEFESA,0.55,5
2025-05-02 03:00:00,34,5633.18,5595.09055,84.2987,110.573,HIT/DEFESA,0.62,5
2025-05-02 03:00:00,134,5633.18,5518.55931,84.2987,110.573,HIT/DEFESA,0.62,5
2025-05-02 08:00:00,34,5633.8,5606.40567,-13.9675,171.0,HIT/DEFESA,-10.09,5
2025-05-02 08:00:00,134,5633.8,5527.25911,-13.9675,171.0,HIT/DEFESA,-10.09,5
2025-05-02 09:00:00,34,5628.96,5607.69448,-23.8727,636.4407,HIT/DEFESA,-10.75,5
2025-05-02 09:00:00,134,5628.96,5528.76579,-23.8727,636.4407,HIT/DEFESA,-10.75,5
2025-05-02 13:00:00,34,5623.71,5610.25337,0.6758,830.5556,HIT/DEFESA,54.01,5
2025-05-02 13:00:00,134,5623.71,5534.04316,0.6758,830.5556,HIT/DEFESA,54.01,5
2025-05-02 14:00:00,34,5618.21,5610.70804,13.3673,454.4348,HIT/DEFESA,72.26,5
2025-05-02 14:00:00,134,5618.21,5535.29007,13.3673,454.4348,HIT/DEFESA,72.26,5
2025-05-02 15:00:00,34,5665.21,5613.82244,77.8268,99.2149,HIT/DEFESA,22.76,5
2025-05-02 15:00:00,134,5665.21,5537.21481,77.8268,99.2149,HIT/DEFESA,22.76,5
2025-05-02 16:00:00,34,5650.72,5615.93087,48.0288,640.2307,HIT/DEFESA,35.75,5
2025-05-02 16:00:00,134,5650.72,5538.89637,48.0288,640.2307,HIT/DEFESA,35.75,5
2025-05-02 17:00:00,34,5673.22,5619.20453,97.9137,386.9642,HIT/DEFESA,7.0,5
2025-05-02 17:00:00,134,5673.22,5540.88635,97.9137,386.9642,HIT/DEFESA,7.0,5
2025-05-02 18:00:00,34,5677.72,5622.54827,22.0821,995.2,HIT/DEFESA,6.96,5
2025-05-02 18:00:00,134,5677.72,5542.91352,22.0821,995.2,HIT/DEFESA,6.96,5
2025-05-02 22:00:00,34,5680.22,5635.86428,-18.0126,1097.913,HIT/DEFESA,-41.46,5
2025-05-02 22:00:00,134,5680.22,5551.21902,-18.0126,1097.913,HIT/DEFESA,-41.46,5
2025-05-02 23:00:00,34,5684.68,5638.65375,-5.7841,292.1615,HIT/DEFESA,-40.42,5
2025-05-02 23:00:00,134,5684.68,5553.19622,-5.7841,292.1615,HIT/DEFESA,-40.42,5
2025-05-05 01:00:00,34,5663.88,5640.09525,-39.7259,134.5333,HIT/DEFESA,-16.87,5
2025-05-05 01:00:00,134,5663.88,5554.83598,-39.7259,134.5333,HIT/DEFESA,-16.87,5
2025-05-05 02:00:00,34,5655.01,5640.94752,-44.3821,229.6471,HIT/DEFESA,-14.0,5
2025-05-05 02:00:00,134,5655.01,5556.32004,-44.3821,229.6471,HIT/DEFESA,-14.0,5
2025-05-05 03:00:00,34,5657.76,5641.90823,-47.3553,797.7186,HIT/DEFESA,-10.75,5
2025-05-05 03:00:00,134,5657.76,5557.82286,-47.3553,797.7186,HIT/DEFESA,-10.75,5
2025-05-05 06:00:00,34,5647.01,5642.16654,-19.0005,498.8,HIT/DEFESA,-10.6,5
2025-05-05 06:00:00,134,5647.01,5561.56953,-19.0005,498.8,HIT/DEFESA,-10.6,5
2025-05-05 07:00:00,34,5641.01,5642.10045,3.9902,259.1304,HIT/DEFESA,0.28,5
2025-05-05 07:00:00,134,5641.01,5562.74643,3.9902,259.1304,HIT/DEFESA,0.28,5
2025-05-05 14:00:00,34,5637.16,5642.29337,1.3306,301.5986,HIT/DEFESA,35.14,5
2025-05-05 14:00:00,134,5637.16,5570.70625,1.3306,301.5986,HIT/DEFESA,35.14,5
2025-05-05 15:00:00,34,5641.66,5642.25717,0.6559,548.8,HIT/DEFESA,31.14,5
2025-05-05 15:00:00,134,5641.66,5571.75742,0.6559,548.8,HIT/DEFESA,31.14,5
2025-05-05 16:00:00,34,5646.05,5642.47391,6.2206,1501.4085,HIT/DEFESA,28.0,5
2025-05-05 16:00:00,134,5646.05,5572.85805,6.2206,1501.4085,HIT/DEFESA,28.0,5
2025-05-05 22:00:00,34,5651.3,5649.71709,-37.022,180.1778,HIT/DEFESA,-14.83,5
2025-05-05 22:00:00,134,5651.3,5580.92481,-37.022,180.1778,HIT/DEFESA,-14.83,5
2025-05-05 23:00:00,34,5647.51,5649.59097,-44.5812,421.4689,HIT/DEFESA,-12.42,5
2025-05-05 23:00:00,134,5647.51,5581.91126,-44.5812,421.4689,HIT/DEFESA,-12.42,5
2025-05-06 01:00:00,34,5645.22,5649.3412,-50.8103,450.8571,HIT/DEFESA,-4.75,5
2025-05-06 01:00:00,134,5645.22,5582.84916,-50.8103,450.8571,HIT/DEFESA,-4.75,5
2025-05-06 02:00:00,34,5644.09,5649.04113,-12.7581,963.6364,HIT/DEFESA,-7.12,5
2025-05-06 02:00:00,134,5644.09,5583.75644,-12.7581,963.6364,HIT/DEFESA,-7.12,5
2025-05-06 03:00:00,34,5642.97,5648.69421,-8.0389,1618.0,HIT/DEFESA,-16.5,5
2025-05-06 03:00:00,134,5642.97,5584.63367,-8.0389,1618.0,HIT/DEFESA,-16.5,5
2025-05-06 05:00:00,34,5635.09,5647.25822,-15.9459,1077.8761,HIT/DEFESA,-15.97,5
2025-05-06 05:00:00,134,5635.09,5586.13774,-15.9459,1077.8761,HIT/DEFESA,-15.97,5
2025-05-06 06:00:00,34,5640.47,5646.87032,-4.4303,143.6364,HIT/DEFESA,-28.47,5
2025-05-06 06:00:00,134,5640.47,5586.94267,-4.4303,143.6364,HIT/DEFESA,-28.47,5
2025-05-06 08:00:00,34,5626.47,5645.17118,-15.297,95.9499,HIT/DEFESA,-9.22,5
2025-05-06 08:00:00,134,5626.47,5588.25842,-15.297,95.9499,HIT/DEFESA,-9.22,5
2025-05-06 09:00:00,34,5637.0,5644.70426,-6.152,140.3377,HIT/DEFESA,-34.0,5
2025-05-06 09:00:00,134,5637.0,5588.98052,-6.152,140.3377,HIT/DEFESA,-34.0,5
2025-05-06 10:00:00,34,5619.12,5643.2423,-31.6659,171.2676,HIT/DEFESA,-14.37,5
2025-05-06 10:00:00,134,5619.12,5589.42703,-31.6659,171.2676,HIT/DEFESA,-14.37,5
2025-05-06 11:00:00,34,5612.0,5641.45703,-25.7177,494.5333,HIT/DEFESA,-22.87,5
2025-05-06 11:00:00,134,5612.0,5589.76144,-25.7177,494.5333,HIT/DEFESA,-22.87,5
2025-05-06 15:00:00,34,5604.75,5634.59905,-11.1388,1759.3333,HIT/DEFESA,-5.24,5
2025-05-06 15:00:00,134,5604.75,5590.87285,-11.1388,1759.3333,HIT/DEFESA,-5.24,5
2025-05-06 19:00:00,34,5607.38,5629.46345,32.6527,741.5305,HIT/DEFESA,43.33,5
2025-05-06 19:00:00,134,5607.38,5591.97273,32.6527,741.5305,HIT/DEFESA,43.33,5
2025-05-06 21:00:00,34,5626.01,5627.65229,12.0123,175.2762,HIT/DEFESA,27.82,5
2025-05-06 21:00:00,134,5626.01,5592.58699,12.0123,175.2762,HIT/DEFESA,27.82,5
2025-05-07 04:00:00,34,5647.71,5629.84896,-5.3091,526.3333,HIT/DEFESA,-17.72,5
2025-05-07 04:00:00,134,5647.71,5596.09976,-5.3091,526.3333,HIT/DEFESA,-17.72,5
2025-05-07 07:00:00,34,5639.08,5631.05107,-15.2805,554.717,HIT/DEFESA,-3.84,5
2025-05-07 07:00:00,134,5639.08,5597.90059,-15.2805,554.717,HIT/DEFESA,-3.84,5
2025-05-07 10:00:00,34,5637.36,5631.34979,-3.0501,361.2861,HIT/DEFESA,-13.87,5
2025-05-07 10:00:00,134,5637.36,5599.4289,-3.0501,361.2861,HIT/DEFESA,-13.87,5
2025-05-07 14:00:00,34,5637.99,5632.62186,-0.2128,2256.0,HIT/DEFESA,-10.24,5
2025-05-07 14:00:00,134,5637.99,5601.62952,-0.2128,2256.0,HIT/DEFESA,-10.24,5
2025-05-07 15:00:00,34,5623.49,5632.10004,-20.8509,263.5088,HIT/DEFESA,-15.52,5
2025-05-07 15:00:00,134,5623.49,5601.95338,-20.8509,263.5088,HIT/DEFESA,-15.52,5
2025-05-07 16:00:00,34,5629.0,5631.9229,-16.3881,1390.9722,HIT/DEFESA,-5.63,5
2025-05-07 16:00:00,134,5629.0,5602.35407,-16.3881,1390.9722,HIT/DEFESA,-5.63,5
2025-05-07 19:00:00,34,5627.75,5629.58128,-2.2206,391.2143,HIT/DEFESA,-3.77,5
2025-05-07 19:00:00,134,5627.75,5603.00315,-2.2206,391.2143,HIT/DEFESA,-3.77,5
2025-05-07 21:00:00,34,5623.37,5628.06199,15.7984,899.8722,HIT/DEFESA,20.23,5
2025-05-07 21:00:00,134,5623.37,5603.37737,15.7984,899.8722,HIT/DEFESA,20.23,5
2025-05-07 23:00:00,34,5623.71,5627.78303,28.0672,726.2712,HIT/DEFESA,36.02,5
2025-05-07 23:00:00,134,5623.71,5604.03067,28.0672,726.2712,HIT/DEFESA,36.02,5
2025-05-08 01:00:00,34,5623.98,5627.56571,1.0848,493.6,HIT/DEFESA,51.75,5
2025-05-08 01:00:00,134,5623.98,5604.32622,1.0848,493.6,HIT/DEFESA,51.75,5
2025-05-08 03:00:00,34,5643.6,5628.33564,35.3681,160.7027,HIT/DEFESA,26.88,5
2025-05-08 03:00:00,134,5643.6,5605.2076,35.3681,160.7027,HIT/DEFESA,26.88,5
2025-05-08 04:00:00,34,5649.85,5629.56503,45.9995,731.0832,HIT/DEFESA,16.78,5
2025-05-08 04:00:00,134,5649.85,5605.86897,45.9995,731.0832,HIT/DEFESA,16.78,5
2025-05-08 05:00:00,34,5659.73,5631.28874,62.0105,191.1795,HIT/DEFESA,11.78,5
2025-05-08 05:00:00,134,5659.73,5606.66691,62.0105,191.1795,HIT/DEFESA,11.78,5
2025-05-08 06:00:00,34,5675.73,5633.82825,56.9317,105.2923,HIT/DEFESA,9.53,5
2025-05-08 06:00:00,134,5675.73,5607.69007,56.9317,105.2923,HIT/DEFESA,9.53,5
2025-05-08 07:00:00,34,5676.98,5636.29406,48.019,777.3333,HIT/DEFESA,14.03,5
2025-05-08 07:00:00,134,5676.98,5608.71659,48.019,777.3333,HIT/DEFESA,14.03,5
2025-05-08 08:00:00,34,5670.48,5638.24754,18.9938,228.5714,HIT/DEFESA,25.4,5
2025-05-08 08:00:00,134,5670.48,5609.6316,18.9938,228.5714,HIT/DEFESA,25.4,5
2025-05-08 13:00:00,34,5695.88,5649.64658,42.9692,341.5584,HIT/DEFESA,4.51,5
2025-05-08 13:00:00,134,5695.88,5614.85663,42.9692,341.5584,HIT/DEFESA,4.51,5
2025-05-08 21:00:00,34,5699.77,5662.75581,-1.0876,621.1852,HIT/DEFESA,-45.76,5
2025-05-08 21:00:00,134,5699.77,5622.54939,-1.0876,621.1852,HIT/DEFESA,-45.76,5
2025-05-08 22:00:00,34,5666.02,5662.94233,-90.9406,208.2647,HIT/DEFESA,-2.26,5
2025-05-08 22:00:00,134,5666.02,5623.1934,-90.9406,208.2647,HIT/DEFESA,-2.26,5
2025-05-08 23:00:00,34,5666.73,5663.15877,-46.6164,2839.1304,HIT/DEFESA,-3.72,5
2025-05-08 23:00:00,134,5666.73,5623.83839,-46.6164,2839.1304,HIT/DEFESA,-3.72,5
2025-05-09 05:00:00,34,5663.01,5662.54431,8.3948,1458.0,HIT/DEFESA,4.78,5
2025-05-09 05:00:00,134,5663.01,5626.49046,8.3948,1458.0,HIT/DEFESA,4.78,5
2025-05-09 07:00:00,34,5670.01,5663.34621,11.0351,4344.0,HIT/DEFESA,1.53,5
2025-05-09 07:00:00,134,5670.01,5627.76308,11.0351,4344.0,HIT/DEFESA,1.53,5
2025-05-09 08:00:00,34,5670.76,5663.76986,13.6853,1807.0,HIT/DEFESA,8.28,5
2025-05-09 08:00:00,134,5670.76,5628.40007,13.6853,1807.0,HIT/DEFESA,8.28,5
2025-05-09 17:00:00,34,5659.3,5667.50284,-29.0532,388.1684,HIT/DEFESA,-2.75,5
2025-05-09 17:00:00,134,5659.3,5633.96215,-29.0532,388.1684,HIT/DEFESA,-2.75,5
2025-05-09 18:00:00,34,5669.55,5667.61982,-22.4205,651.3488,HIT/DEFESA,-7.92,5
2025-05-09 18:00:00,134,5669.55,5634.48938,-22.4205,651.3488,HIT/DEFESA,-7.92,5
2025-05-09 20:00:00,34,5666.05,5666.44881,11.9273,275.7867,HIT/DEFESA,60.14,5
2025-05-09 20:00:00,134,5666.05,5635.14757,11.9273,275.7867,HIT/DEFESA,60.14,5
2025-05-09 22:00:00,34,5656.55,5665.65963,15.9361,886.1818,HIT/DEFESA,79.76,5
2025-05-09 22:00:00,134,5656.55,5635.86094,15.9361,886.1818,HIT/DEFESA,79.76,5
2025-05-12 01:00:00,34,5720.06,5668.55112,102.008,201.6728,HIT/DEFESA,20.63,5
2025-05-12 01:00:00,134,5720.06,5637.48444,102.008,201.6728,HIT/DEFESA,20.63,5
2025-05-12 02:00:00,34,5726.19,5671.84477,123.1139,504.7273,HIT/DEFESA,15.37,5
2025-05-12 02:00:00,134,5726.19,5638.7986,123.1139,504.7273,HIT/DEFESA,15.37,5
2025-05-12 03:00:00,34,5731.94,5675.27878,124.1869,539.4316,HIT/DEFESA,12.25,5
2025-05-12 03:00:00,134,5731.94,5640.17847,124.1869,539.4316,HIT/DEFESA,12.25,5
2025-05-12 04:00:00,34,5736.31,5678.76628,28.4088,531.3333,HIT/DEFESA,11.16,5
2025-05-12 04:00:00,134,5736.31,5641.60264,28.4088,531.3333,HIT/DEFESA,11.16,5
2025-05-12 05:00:00,34,5736.94,5682.09049,18.7734,1484.0909,HIT/DEFESA,64.28,5
2025-05-12 05:00:00,134,5736.94,5643.01505,18.7734,1484.0909,HIT/DEFESA,64.28,5
2025-05-12 06:00:00,34,5740.69,5685.43904,15.2653,260.0515,HIT/DEFESA,70.15,5
2025-05-12 06:00:00,134,5740.69,5644.46208,15.2653,260.0515,HIT/DEFESA,70.15,5
2025-05-12 07:00:00,34,5741.56,5688.64595,9.1522,614.0,HIT/DEFESA,78.16,5
2025-05-12 07:00:00,134,5741.56,5645.90057,9.1522,614.0,HIT/DEFESA,78.16,5
2025-05-12 08:00:00,34,5744.19,5691.81989,12.6374,356.4,HIT/DEFESA,95.03,5
2025-05-12 08:00:00,134,5744.19,5647.35671,12.6374,356.4,HIT/DEFESA,95.03,5
2025-05-12 09:00:00,34,5747.47,5694.9999,11.8104,535.1266,HIT/DEFESA,79.62,5
2025-05-12 09:00:00,134,5747.47,5648.83987,11.8104,535.1266,HIT/DEFESA,79.62,5
2025-05-12 10:00:00,34,5801.22,5701.06962,103.909,175.4056,HIT/DEFESA,27.75,5
2025-05-12 10:00:00,134,5801.22,5651.09735,103.909,175.4056,HIT/DEFESA,27.75,5
2025-05-12 14:00:00,34,5827.09,5726.99886,27.965,404.7658,HIT/DEFESA,0.39,5
2025-05-12 14:00:00,134,5827.09,5661.13794,27.965,404.7658,HIT/DEFESA,0.39,5
2025-05-12 15:00:00,34,5828.97,5732.82578,15.8942,1386.5,HIT/DEFESA,2.76,5
2025-05-12 15:00:00,134,5828.97,5663.62434,15.8942,1386.5,HIT/DEFESA,2.76,5
2025-05-12 19:00:00,34,5827.48,5748.93336,40.4895,122.1724,HIT/DEFESA,13.59,5
2025-05-12 19:00:00,134,5827.48,5672.06606,40.4895,122.1724,HIT/DEFESA,13.59,5
2025-05-12 20:00:00,34,5831.73,5753.6646,42.6211,804.0,HIT/DEFESA,6.09,5
2025-05-12 20:00:00,134,5831.73,5674.43145,42.6211,804.0,HIT/DEFESA,6.09,5
2025-05-13 02:00:00,34,5837.82,5775.89334,-12.2498,264.5333,HIT/DEFESA,-16.0,5
2025-05-13 02:00:00,134,5837.82,5686.39734,-12.2498,264.5333,HIT/DEFESA,-16.0,5
2025-05-13 03:00:00,34,5830.32,5779.00344,-30.1303,309.7931,HIT/DEFESA,-3.5,5
2025-05-13 03:00:00,134,5830.32,5688.52953,-30.1303,309.7931,HIT/DEFESA,-3.5,5
2025-05-13 04:00:00,34,5831.19,5781.98553,-16.9147,2929.0323,HIT/DEFESA,-6.72,5
2025-05-13 04:00:00,134,5831.19,5690.64302,-16.9147,2929.0323,HIT/DEFESA,-6.72,5
2025-05-13 05:00:00,34,5829.82,5784.71892,-13.7037,933.3333,HIT/DEFESA,-7.47,5
2025-05-13 05:00:00,134,5829.82,5692.7049,-13.7037,933.3333,HIT/DEFESA,-7.47,5
2025-05-13 06:00:00,34,5823.19,5786.91727,-12.2292,101.5988,HIT/DEFESA,-3.09,5
2025-05-13 06:00:00,134,5823.19,5694.63801,-12.2292,101.5988,HIT/DEFESA,-3.09,5
2025-05-13 09:00:00,34,5824.47,5792.98602,2.1981,575.0,HIT/DEFESA,12.88,5
2025-05-13 09:00:00,134,5824.47,5700.31945,2.1981,575.0,HIT/DEFESA,12.88,5
2025-05-13 10:00:00,34,5822.35,5794.66396,0.9104,1420.5,HIT/DEFESA,27.5,5
2025-05-13 10:00:00,134,5822.35,5702.12731,0.9104,1420.5,HIT/DEFESA,27.5,5
2025-05-13 12:00:00,34,5831.35,5798.13074,11.8122,116.8182,HIT/DEFESA,56.51,5
2025-05-13 12:00:00,134,5831.35,5705.76358,11.8122,116.8182,HIT/DEFESA,56.51,5
2025-05-13 13:00:00,34,5828.1,5799.84327,9.8757,496.7359,HIT/DEFESA,65.51,5
2025-05-13 13:00:00,134,5828.1,5707.57597,9.8757,496.7359,HIT/DEFESA,65.51,5
2025-05-13 14:00:00,34,5837.35,5801.98651,29.6387,189.7143,HIT/DEFESA,59.51,5
2025-05-13 14:00:00,134,5837.35,5709.49855,29.6387,189.7143,HIT/DEFESA,59.51,5
2025-05-13 15:00:00,34,5849.85,5804.72157,31.7251,306.5128,HIT/DEFESA,46.51,5
2025-05-13 15:00:00,134,5849.85,5711.57783,31.7251,306.5128,HIT/DEFESA,46.51,5
2025-05-13 16:00:00,34,5869.36,5808.41519,70.7949,298.8798,HIT/DEFESA,33.75,5
2025-05-13 16:00:00,134,5869.36,5713.91534,70.7949,298.8798,HIT/DEFESA,33.75,5
2025-05-14 02:00:00,34,5889.32,5842.14073,9.2796,198.5656,HIT/DEFESA,0.87,5
2025-05-14 02:00:00,134,5889.32,5736.14569,9.2796,198.5656,HIT/DEFESA,0.87,5
2025-05-14 03:00:00,34,5885.32,5844.60812,5.1,378.6667,HIT/DEFESA,5.0,5
2025-05-14 03:00:00,134,5885.32,5738.35568,5.1,378.6667,HIT/DEFESA,5.0,5
2025-05-14 04:00:00,34,5886.07,5846.97737,2.549,2308.0,HIT/DEFESA,9.78,5
2025-05-14 04:00:00,134,5886.07,5740.54404,2.549,2308.0,HIT/DEFESA,9.78,5
2025-05-14 06:00:00,34,5887.07,5851.25337,2.9735,204.3333,HIT/DEFESA,0.03,5
2025-05-14 06:00:00,134,5887.07,5744.80595,2.9735,204.3333,HIT/DEFESA,0.03,5
2025-05-14 09:00:00,34,5895.85,5857.8845,14.914,223.6599,HIT/DEFESA,1.5,5
2025-05-14 09:00:00,134,5895.85,5751.25796,14.914,223.6599,HIT/DEFESA,1.5,5
2025-05-14 10:00:00,34,5891.35,5859.79681,1.9694,508.0,HIT/DEFESA,5.75,5
2025-05-14 10:00:00,134,5891.35,5753.3334,1.9694,508.0,HIT/DEFESA,5.75,5
2025-05-14 16:00:00,34,5892.11,5868.92797,10.2105,1172.5738,HIT/DEFESA,1.0,5
2025-05-14 16:00:00,134,5892.11,5765.05634,10.2105,1172.5738,HIT/DEFESA,1.0,5
2025-05-14 17:00:00,34,5892.11,5870.25265,-8.8853,30944.0,HIT/DEFESA,-0.75,5
2025-05-14 17:00:00,134,5892.11,5766.93862,-8.8853,30944.0,HIT/DEFESA,-0.75,5
2025-05-14 18:00:00,34,5896.86,5871.77307,-0.407,1294.25,HIT/DEFESA,-9.04,5
2025-05-14 18:00:00,134,5896.86,5768.86338,-0.407,1294.25,HIT/DEFESA,-9.04,5
2025-05-14 19:00:00,34,5891.36,5872.89233,-1.2729,699.0476,HIT/DEFESA,-8.99,5
2025-05-14 19:00:00,134,5891.36,5770.67814,-1.2729,699.0476,HIT/DEFESA,-8.99,5
2025-05-14 20:00:00,34,5890.11,5873.87619,-3.3944,2471.4286,HIT/DEFESA,-12.62,5
2025-05-14 20:00:00,134,5890.11,5772.4475,-3.3944,2471.4286,HIT/DEFESA,-12.62,5
2025-05-14 21:00:00,34,5893.11,5874.97527,-6.3593,1524.0,HIT/DEFESA,-12.74,5
2025-05-14 21:00:00,134,5893.11,5774.23509,-6.3593,1524.0,HIT/DEFESA,-12.74,5
2025-05-14 23:00:00,34,5887.82,5876.59202,-3.8879,331.9079,HIT/DEFESA,-5.2,5
2025-05-14 23:00:00,134,5887.82,5777.62731,-3.8879,331.9079,HIT/DEFESA,-5.2,5
2025-05-15 01:00:00,34,5882.37,5876.92219,-18.2247,323.5556,HIT/DEFESA,-3.5,5
2025-05-15 01:00:00,134,5882.37,5779.17905,-18.2247,323.5556,HIT/DEFESA,-3.5,5
2025-05-15 03:00:00,34,5880.37,5877.1498,-12.6532,292.0,HIT/DEFESA,-11.0,5
2025-05-15 03:00:00,134,5880.37,5782.11306,-12.6532,292.0,HIT/DEFESA,-11.0,5
2025-05-15 04:00:00,34,5878.12,5877.20524,-7.225,317.6,HIT/DEFESA,-5.72,5
2025-05-15 04:00:00,134,5878.12,5783.53539,-7.225,317.6,HIT/DEFESA,-5.72,5
2025-05-15 06:00:00,34,5878.87,5877.5921,-2.5509,108.8398,HIT/DEFESA,-27.22,5
2025-05-15 06:00:00,134,5878.87,5786.39392,-2.5509,108.8398,HIT/DEFESA,-27.22,5
2025-05-15 08:00:00,34,5869.37,5877.21806,-22.524,106.6341,HIT/DEFESA,-8.72,5
2025-05-15 08:00:00,134,5869.37,5788.98022,-22.524,106.6341,HIT/DEFESA,-8.72,5
2025-05-15 09:00:00,34,5872.4,5876.94274,-11.0055,402.7491,HIT/DEFESA,-6.75,5
2025-05-15 09:00:00,134,5872.4,5790.21607,-11.0055,402.7491,HIT/DEFESA,-6.75,5
2025-05-15 13:00:00,34,5860.65,5873.16048,1.2799,664.0,HIT/DEFESA,45.76,5
2025-05-15 13:00:00,134,5860.65,5794.19264,1.2799,664.0,HIT/DEFESA,45.76,5
2025-05-15 14:00:00,34,5865.65,5872.73131,23.9249,322.4762,HIT/DEFESA,51.76,5
2025-05-15 14:00:00,134,5865.65,5795.25127,23.9249,322.4762,HIT/DEFESA,51.76,5
2025-05-15 15:00:00,34,5868.15,5872.46952,8.7498,1091.0,HIT/DEFESA,46.26,5
2025-05-15 15:00:00,134,5868.15,5796.33125,8.7498,1091.0,HIT/DEFESA,46.26,5
2025-05-15 16:00:00,34,5876.41,5872.69469,26.8912,721.6216,HIT/DEFESA,36.37,5
2025-05-15 16:00:00,134,5876.41,5797.5176,26.8912,721.6216,HIT/DEFESA,36.37,5
2025-05-15 17:00:00,34,5881.66,5873.207,27.2945,1310.5948,HIT/DEFESA,37.5,5
2025-05-15 17:00:00,134,5881.66,5798.76416,27.2945,1310.5948,HIT/DEFESA,37.5,5
2025-05-15 18:00:00,34,5906.41,5875.10431,65.1994,175.0,HIT/DEFESA,9.58,5
2025-05-15 18:00:00,134,5906.41,5800.35891,65.1994,175.0,HIT/DEFESA,9.58,5
2025-05-15 20:00:00,34,5914.41,5879.62968,55.6816,926.4615,HIT/DEFESA,2.45,5
2025-05-15 20:00:00,134,5914.41,5803.75696,55.6816,926.4615,HIT/DEFESA,2.45,5
2025-05-16 02:00:00,34,5916.86,5888.74453,-3.8857,118.2377,HIT/DEFESA,-2.88,5
2025-05-16 02:00:00,134,5916.86,5811.78418,-3.8857,118.2377,HIT/DEFESA,-2.88,5
2025-05-16 06:00:00,34,5914.11,5893.35567,13.1214,1832.0,HIT/DEFESA,15.53,5
2025-05-16 06:00:00,134,5914.11,5817.50936,13.1214,1832.0,HIT/DEFESA,15.53,5
2025-05-16 07:00:00,34,5913.98,5894.5342,10.7827,1094.5946,HIT/DEFESA,12.41,5
2025-05-16 07:00:00,134,5913.98,5818.93855,10.7827,1094.5946,HIT/DEFESA,12.41,5
2025-05-16 10:00:00,34,5925.14,5897.99134,18.8705,97.3562,HIT/DEFESA,1.25,5
2025-05-16 10:00:00,134,5925.14,5823.17555,18.8705,97.3562,HIT/DEFESA,1.25,5
2025-05-16 14:00:00,34,5935.64,5904.80631,10.1187,172.5217,HIT/DEFESA,0.01,5
2025-05-16 14:00:00,134,5935.64,5829.38789,10.1187,172.5217,HIT/DEFESA,0.01,5
2025-05-16 23:00:00,34,5929.61,5917.26467,-19.8438,51.5754,HIT/DEFESA,-21.53,5
2025-05-16 23:00:00,134,5929.61,5842.56743,-19.8438,51.5754,HIT/DEFESA,-21.53,5
2025-05-19 01:00:00,34,5921.58,5917.51126,-46.3428,234.3049,HIT/DEFESA,-27.0,5
2025-05-19 01:00:00,134,5921.58,5843.73799,-46.3428,234.3049,HIT/DEFESA,-27.0,5
2025-05-19 02:00:00,34,5922.83,5917.81519,-55.5248,1527.2727,HIT/DEFESA,-27.75,5
2025-05-19 02:00:00,134,5922.83,5844.90972,-55.5248,1527.2727,HIT/DEFESA,-27.75,5
2025-05-19 03:00:00,34,5914.08,5917.60175,-26.1906,286.2222,HIT/DEFESA,-14.5,5
2025-05-19 03:00:00,134,5914.08,5845.93447,-26.1906,286.2222,HIT/DEFESA,-14.5,5
2025-05-19 04:00:00,34,5911.08,5917.22908,-17.7318,664.1115,HIT/DEFESA,-22.85,5
2025-05-19 04:00:00,134,5911.08,5846.89959,-17.7318,664.1115,HIT/DEFESA,-22.85,5
2025-05-19 05:00:00,34,5908.08,5916.70628,-24.9036,605.6,HIT/DEFESA,-19.85,5
2025-05-19 05:00:00,134,5908.08,5847.80596,-24.9036,605.6,HIT/DEFESA,-19.85,5
2025-05-19 06:00:00,34,5894.58,5915.44192,-32.9722,121.9895,HIT/DEFESA,-14.35,5
2025-05-19 06:00:00,134,5894.58,5848.49891,-32.9722,121.9895,HIT/DEFESA,-14.35,5
2025-05-19 07:00:00,34,5895.08,5914.27838,-27.0678,3181.5789,HIT/DEFESA,-8.97,5
2025-05-19 07:00:00,134,5895.08,5849.189,-27.0678,3181.5789,HIT/DEFESA,-8.97,5
2025-05-19 08:00:00,34,5899.58,5913.43847,-14.3871,361.1765,HIT/DEFESA,-7.47,5
2025-05-19 08:00:00,134,5899.58,5849.93553,-14.3871,361.1765,HIT/DEFESA,-7.47,5
2025-05-19 13:00:00,34,5892.11,5906.71458,6.5894,363.4783,HIT/DEFESA,52.76,5
2025-05-19 13:00:00,134,5892.11,5852.60086,6.5894,363.4783,HIT/DEFESA,52.76,5
2025-05-19 14:00:00,34,5898.36,5906.23718,30.8321,339.3148,HIT/DEFESA,61.26,5
2025-05-19 14:00:00,134,5898.36,5853.27877,30.8321,339.3148,HIT/DEFESA,61.26,5
2025-05-19 15:00:00,34,5900.11,5905.88705,23.7848,1420.8589,HIT/DEFESA,57.76,5
2025-05-19 15:00:00,134,5900.11,5853.97256,23.7848,1420.8589,HIT/DEFESA,57.76,5
2025-05-19 16:00:00,34,5926.12,5907.04322,57.7213,254.7819,HIT/DEFESA,32.25,5
2025-05-19 16:00:00,134,5926.12,5855.04142,57.7213,254.7819,HIT/DEFESA,32.25,5
2025-05-19 17:00:00,34,5934.12,5908.59046,60.627,704.7568,HIT/DEFESA,28.75,5
2025-05-19 17:00:00,134,5934.12,5856.21295,60.627,704.7568,HIT/DEFESA,28.75,5
2025-05-19 18:00:00,34,5944.87,5910.66358,75.863,435.9048,HIT/DEFESA,17.96,5
2025-05-19 18:00:00,134,5944.87,5857.52639,75.863,435.9048,HIT/DEFESA,17.96,5
2025-05-19 19:00:00,34,5959.62,5913.46109,56.5294,186.6207,HIT/DEFESA,3.12,5
2025-05-19 19:00:00,134,5959.62,5859.03889,56.5294,186.6207,HIT/DEFESA,3.12,5
2025-05-19 20:00:00,34,5957.87,5915.99874,40.0228,1657.0,HIT/DEFESA,12.37,5
2025-05-19 20:00:00,134,5957.87,5860.50305,40.0228,1657.0,HIT/DEFESA,12.37,5
2025-05-19 21:00:00,34,5958.37,5918.41996,22.7087,12732.0,HIT/DEFESA,6.87,5
2025-05-19 21:00:00,134,5958.37,5861.95293,22.7087,12732.0,HIT/DEFESA,6.87,5
2025-05-20 04:00:00,34,5951.99,5931.51409,-18.0286,140.8462,HIT/DEFESA,-7.72,5
2025-05-20 04:00:00,134,5951.99,5870.57457,-18.0286,140.8462,HIT/DEFESA,-7.72,5
2025-05-20 05:00:00,34,5951.74,5932.66985,-30.987,1998.0,HIT/DEFESA,-3.97,5
2025-05-20 05:00:00,134,5951.74,5871.77702,-30.987,1998.0,HIT/DEFESA,-3.97,5
2025-05-20 06:00:00,34,5947.99,5933.54529,-28.9175,225.816,HIT/DEFESA,-2.72,5
2025-05-20 06:00:00,134,5947.99,5872.9061,-28.9175,225.816,HIT/DEFESA,-2.72,5
2025-05-20 07:00:00,34,5950.24,5934.49927,-2.9402,350.7042,HIT/DEFESA,-6.47,5
2025-05-20 07:00:00,134,5950.24,5874.05179,-2.9402,350.7042,HIT/DEFESA,-6.47,5
2025-05-20 12:00:00,34,5943.77,5937.12359,-0.8411,786.4198,HIT/DEFESA,-0.74,5
2025-05-20 12:00:00,134,5943.77,5879.13745,-0.8411,786.4198,HIT/DEFESA,-0.74,5
2025-05-20 16:00:00,34,5942.03,5939.67662,-19.2995,795.8512,HIT/DEFESA,-19.25,5
2025-05-20 16:00:00,134,5942.03,5883.21607,-19.2995,795.8512,HIT/DEFESA,-19.25,5
2025-05-20 17:00:00,34,5943.03,5939.86824,-17.6198,4689.6,HIT/DEFESA,-0.25,5
2025-05-20 17:00:00,134,5943.03,5884.1022,-17.6198,4689.6,HIT/DEFESA,-0.25,5
2025-05-20 18:00:00,34,5945.78,5940.20605,-5.8663,1185.2308,HIT/DEFESA,-9.29,5
2025-05-20 18:00:00,134,5945.78,5885.01594,-5.8663,1185.2308,HIT/DEFESA,-9.29,5
2025-05-20 22:00:00,34,5942.78,5939.97128,-8.4065,237.7778,HIT/DEFESA,-11.2,5
2025-05-20 22:00:00,134,5942.78,5888.16058,-8.4065,237.7778,HIT/DEFESA,-11.2,5
2025-05-20 23:00:00,34,5936.49,5939.77235,-12.685,134.6026,HIT/DEFESA,-10.16,5
2025-05-20 23:00:00,134,5936.49,5888.87657,-12.685,134.6026,HIT/DEFESA,-10.16,5
2025-05-21 02:00:00,34,5938.58,5939.2763,-7.0674,102.6154,HIT/DEFESA,-16.88,5
2025-05-21 02:00:00,134,5938.58,5890.23984,-7.0674,102.6154,HIT/DEFESA,-16.88,5
2025-05-21 04:00:00,34,5931.58,5938.70471,-0.4215,277.8,HIT/DEFESA,-22.97,5
2025-05-21 04:00:00,134,5931.58,5891.53228,-0.4215,277.8,HIT/DEFESA,-22.97,5
2025-05-21 05:00:00,34,5926.33,5937.99758,-20.6278,204.1818,HIT/DEFESA,-9.97,5
2025-05-21 05:00:00,134,5926.33,5892.0478,-20.6278,204.1818,HIT/DEFESA,-9.97,5
2025-05-21 06:00:00,34,5926.08,5937.31658,-18.1073,5758.3333,HIT/DEFESA,-15.47,5
2025-05-21 06:00:00,134,5926.08,5892.55198,-18.1073,5758.3333,HIT/DEFESA,-15.47,5
2025-05-21 07:00:00,34,5921.7,5936.4242,-16.6566,153.5109,HIT/DEFESA,-23.34,5
2025-05-21 07:00:00,134,5921.7,5892.98381,-16.6566,153.5109,HIT/DEFESA,-23.34,5
2025-05-21 08:00:00,34,5915.83,5935.24739,-17.7175,151.6522,HIT/DEFESA,-12.85,5
2025-05-21 08:00:00,134,5915.83,5893.32227,-17.7175,151.6522,HIT/DEFESA,-12.85,5
2025-05-21 10:00:00,34,5916.36,5932.73295,-9.0177,250.0,HIT/DEFESA,-9.75,5
2025-05-21 10:00:00,134,5916.36,5893.8867,-9.0177,250.0,HIT/DEFESA,-9.75,5
2025-05-21 14:00:00,34,5914.48,5927.2812,6.5475,144.5031,HIT/DEFESA,15.64,5
2025-05-21 14:00:00,134,5914.48,5894.62573,6.5475,144.5031,HIT/DEFESA,15.64,5
2025-05-21 20:00:00,34,5874.74,5922.73169,-76.6539,267.1041,HIT/DEFESA,-29.76,5
2025-05-21 20:00:00,134,5874.74,5896.14761,-76.6539,267.1041,HIT/DEFESA,-29.76,5
2025-05-22 02:00:00,34,5844.98,5902.98683,3.1832,468.4,HIT/DEFESA,2.25,5
2025-05-22 02:00:00,134,5844.98,5892.49865,3.1832,468.4,HIT/DEFESA,2.25,5
2025-05-22 04:00:00,34,5847.6,5897.28926,8.3351,161.0909,HIT/DEFESA,5.28,5
2025-05-22 04:00:00,134,5847.6,5891.30049,8.3351,161.0909,HIT/DEFESA,5.28,5
2025-05-22 05:00:00,34,5847.48,5894.44301,4.2772,7890000.0,HIT/DEFESA,5.53,5
2025-05-22 05:00:00,134,5847.48,5890.65129,4.2772,7890000.0,HIT/DEFESA,5.53,5
2025-05-22 12:00:00,34,5852.01,5880.08395,-1.4864,1273.0,HIT/DEFESA,-9.99,5
2025-05-22 12:00:00,134,5852.01,5886.79724,-1.4864,1273.0,HIT/DEFESA,-9.99,5
2025-05-22 16:00:00,34,5854.27,5872.24491,8.993,884.6004,HIT/DEFESA,17.5,5
2025-05-22 16:00:00,134,5854.27,5884.22925,8.993,884.6004,HIT/DEFESA,17.5,5
2025-05-22 17:00:00,34,5842.02,5870.51777,33.3011,873.04,HIT/DEFESA,1.25,5
2025-05-22 17:00:00,134,5842.02,5883.60393,33.3011,873.04,HIT/DEFESA,1.25,5
2025-05-22 19:00:00,34,5844.27,5868.20986,-17.0815,519.0435,HIT/DEFESA,-7.11,5
2025-05-22 19:00:00,134,5844.27,5882.61131,-17.0815,519.0435,HIT/DEFESA,-7.11,5
2025-05-22 22:00:00,34,5843.27,5866.92879,-1.7111,196.8142,HIT/DEFESA,-0.61,5
2025-05-22 22:00:00,134,5843.27,5881.64965,-1.7111,196.8142,HIT/DEFESA,-0.61,5
2025-05-22 23:00:00,34,5850.73,5866.00315,-28.1903,173.2316,HIT/DEFESA,-2.82,5
2025-05-22 23:00:00,134,5850.73,5881.19158,-28.1903,173.2316,HIT/DEFESA,-2.82,5
2025-05-23 03:00:00,34,5849.91,5862.45495,-1.4015,276.6,HIT/DEFESA,-10.5,5
2025-05-23 03:00:00,134,5849.91,5879.55817,-1.4015,276.6,HIT/DEFESA,-10.5,5
2025-05-23 05:00:00,34,5847.91,5860.55731,5.9886,153.8012,HIT/DEFESA,3.53,5
2025-05-23 05:00:00,134,5847.91,5878.55077,5.9886,153.8012,HIT/DEFESA,3.53,5
2025-05-23 06:00:00,34,5847.16,5859.79175,-4.7009,985.0,HIT/DEFESA,-1.47,5
2025-05-23 06:00:00,134,5847.16,5878.08572,-4.7009,985.0,HIT/DEFESA,-1.47,5
2025-05-23 09:00:00,34,5835.06,5856.21962,-20.6938,446.5854,HIT/DEFESA,-75.0,5
2025-05-23 09:00:00,134,5835.06,5876.32051,-20.6938,446.5854,HIT/DEFESA,-75.0,5
2025-05-23 13:00:00,34,5841.44,5853.88231,-17.0898,1319.708,HIT/DEFESA,-51.24,5
2025-05-23 13:00:00,134,5841.44,5874.52001,-17.0898,1319.708,HIT/DEFESA,-51.24,5
2025-05-23 17:00:00,34,5780.95,5836.31118,36.267,3497.0414,HIT/DEFESA,20.75,5
2025-05-23 17:00:00,134,5780.95,5868.44252,36.267,3497.0414,HIT/DEFESA,20.75,5
2025-05-23 18:00:00,34,5790.2,5833.67626,52.9716,963.0,HIT/DEFESA,7.21,5
2025-05-23 18:00:00,134,5790.2,5867.28337,52.9716,963.0,HIT/DEFESA,7.21,5
2025-05-23 19:00:00,34,5799.7,5831.73476,38.7377,773.117,HIT/DEFESA,47.18,5
2025-05-23 19:00:00,134,5799.7,5866.28213,38.7377,773.117,HIT/DEFESA,47.18,5
2025-05-23 20:00:00,34,5818.7,5830.98991,65.3007,301.1733,HIT/DEFESA,34.06,5
2025-05-23 20:00:00,134,5818.7,5865.57721,65.3007,301.1733,HIT/DEFESA,34.06,5
2025-05-23 21:00:00,34,5817.7,5830.23049,47.494,9754.6667,HIT/DEFESA,34.93,5
2025-05-23 21:00:00,134,5817.7,5864.86792,47.494,9754.6667,HIT/DEFESA,34.93,5
2025-05-23 22:00:00,34,5801.7,5828.60018,3.4485,474.5161,HIT/DEFESA,57.68,5
2025-05-23 22:00:00,134,5801.7,5863.9321,3.4485,474.5161,HIT/DEFESA,57.68,5
2025-05-26 01:00:00,34,5846.88,5827.96429,50.1573,105.9274,HIT/DEFESA,15.63,5
2025-05-26 01:00:00,134,5846.88,5862.70856,50.1573,105.9274,HIT/DEFESA,15.63,5
2025-05-26 02:00:00,34,5852.76,5829.38119,88.0087,448.2105,HIT/DEFESA,12.75,5
2025-05-26 02:00:00,134,5852.76,5862.56118,88.0087,448.2105,HIT/DEFESA,12.75,5
2025-05-26 03:00:00,34,5852.63,5830.70969,95.2494,27910000.0,HIT/DEFESA,8.25,5
2025-05-26 03:00:00,134,5852.63,5862.41405,95.2494,27910000.0,HIT/DEFESA,8.25,5
2025-05-26 04:00:00,34,5859.38,5832.34799,21.3789,254.0029,HIT/DEFESA,11.03,5
2025-05-26 04:00:00,134,5859.38,5862.3691,21.3789,254.0029,HIT/DEFESA,11.03,5
2025-05-26 05:00:00,34,5856.51,5833.72868,6.4072,469.6667,HIT/DEFESA,21.4,5
2025-05-26 05:00:00,134,5856.51,5862.2823,6.4072,469.6667,HIT/DEFESA,21.4,5
2025-05-26 06:00:00,34,5862.51,5835.37333,16.8813,150.5102,HIT/DEFESA,8.03,5
2025-05-26 06:00:00,134,5862.51,5862.28567,16.8813,150.5102,HIT/DEFESA,8.03,5
2025-05-26 07:00:00,34,5865.51,5837.09542,10.4619,189.5385,HIT/DEFESA,5.78,5
2025-05-26 07:00:00,134,5865.51,5862.33344,10.4619,189.5385,HIT/DEFESA,5.78,5
2025-05-26 08:00:00,34,5860.88,5838.45454,7.4618,194.5205,HIT/DEFESA,11.66,5
2025-05-26 08:00:00,134,5860.88,5862.31191,7.4618,194.5205,HIT/DEFESA,11.66,5
2025-05-26 09:00:00,34,5870.41,5840.28057,13.4755,218.0311,HIT/DEFESA,6.13,5
2025-05-26 09:00:00,134,5870.41,5862.43188,13.4755,218.0311,HIT/DEFESA,6.13,5
2025-05-26 11:00:00,34,5870.54,5844.03706,16.4822,196.8,HIT/DEFESA,2.01,5
2025-05-26 11:00:00,134,5870.54,5862.77791,16.4822,196.8,HIT/DEFESA,2.01,5
2025-05-26 14:00:00,34,5876.54,5848.81446,10.2205,149.3947,HIT/DEFESA,0.51,5
2025-05-26 14:00:00,134,5876.54,5863.24667,10.2205,149.3947,HIT/DEFESA,0.51,5
2025-05-27 02:00:00,34,5866.42,5856.01542,-13.8394,8460000.0,HIT/DEFESA,-9.87,5
2025-05-27 02:00:00,134,5866.42,5863.94113,-13.8394,8460000.0,HIT/DEFESA,-9.87,5
2025-05-27 03:00:00,34,5869.55,5856.78883,-12.7615,374.1538,HIT/DEFESA,-6.75,5
2025-05-27 03:00:00,134,5869.55,5864.02423,-12.7615,374.1538,HIT/DEFESA,-6.75,5
2025-05-27 08:00:00,34,5862.8,5856.92861,8.9628,148.1538,HIT/DEFESA,24.78,5
2025-05-27 08:00:00,134,5862.8,5863.53579,8.9628,148.1538,HIT/DEFESA,24.78,5
2025-05-27 09:00:00,34,5870.58,5857.70869,31.0299,114.6214,HIT/DEFESA,17.5,5
2025-05-27 09:00:00,134,5870.58,5863.64015,31.0299,114.6214,HIT/DEFESA,17.5,5
2025-05-27 12:00:00,34,5892.58,5863.18606,37.475,360.0484,HIT/DEFESA,0.51,5
2025-05-27 12:00:00,134,5892.58,5864.86335,37.475,360.0484,HIT/DEFESA,0.51,5
2025-05-27 17:00:00,34,5893.09,5868.54972,8.5087,218.7342,HIT/DEFESA,30.0,5
2025-05-27 17:00:00,134,5893.09,5866.25734,8.5087,218.7342,HIT/DEFESA,30.0,5
2025-05-27 18:00:00,34,5902.34,5870.48059,39.564,297.6667,HIT/DEFESA,25.96,5
2025-05-27 18:00:00,134,5902.34,5866.7919,39.564,297.6667,HIT/DEFESA,25.96,5
2025-05-27 19:00:00,34,5912.09,5872.85827,65.7704,269.2632,HIT/DEFESA,15.16,5
2025-05-27 19:00:00,134,5912.09,5867.46298,65.7704,269.2632,HIT/DEFESA,15.16,5
2025-05-27 20:00:00,34,5923.09,5875.72865,50.9071,186.0294,HIT/DEFESA,2.53,5
2025-05-27 20:00:00,134,5923.09,5868.28709,50.9071,186.0294,HIT/DEFESA,2.53,5
2025-05-27 21:00:00,34,5916.84,5878.07787,24.5665,321.3333,HIT/DEFESA,7.16,5
2025-05-27 21:00:00,134,5916.84,5869.00639,24.5665,321.3333,HIT/DEFESA,7.16,5
2025-05-28 03:00:00,34,5924.0,5890.19949,-7.2533,520.0,HIT/DEFESA,-6.0,5
2025-05-28 03:00:00,134,5924.0,5873.07966,-7.2533,520.0,HIT/DEFESA,-6.0,5
2025-05-28 04:00:00,34,5922.0,5892.01666,-8.8574,341.3333,HIT/DEFESA,-7.85,5
2025-05-28 04:00:00,134,5922.0,5873.8044,-8.8574,341.3333,HIT/DEFESA,-7.85,5
2025-05-28 05:00:00,34,5921.5,5893.70142,-6.9529,544.0,HIT/DEFESA,-9.97,5
2025-05-28 05:00:00,134,5921.5,5874.511,-6.9529,544.0,HIT/DEFESA,-9.97,5
2025-05-28 06:00:00,34,5918.0,5895.08991,-10.1283,98.1333,HIT/DEFESA,-7.22,5
2025-05-28 06:00:00,134,5918.0,5875.15528,-10.1283,98.1333,HIT/DEFESA,-7.22,5
2025-05-28 07:00:00,34,5916.5,5896.31334,-9.2874,209.4891,HIT/DEFESA,-3.47,5
2025-05-28 07:00:00,134,5916.5,5875.7678,-9.2874,209.4891,HIT/DEFESA,-3.47,5
2025-05-28 12:00:00,34,5913.03,5900.65465,-1.8938,394.4,HIT/DEFESA,-7.24,5
2025-05-28 12:00:00,134,5913.03,5878.4782,-1.8938,394.4,HIT/DEFESA,-7.24,5
2025-05-28 16:00:00,34,5920.54,5906.0094,-18.5281,773.1219,HIT/DEFESA,-10.25,5
2025-05-28 16:00:00,134,5920.54,5881.25404,-18.5281,773.1219,HIT/DEFESA,-10.25,5
2025-05-28 17:00:00,34,5905.79,5905.99686,-36.2561,367.2414,HIT/DEFESA,-16.5,5
2025-05-28 17:00:00,134,5905.79,5881.61753,-36.2561,367.2414,HIT/DEFESA,-16.5,5
2025-05-28 20:00:00,34,5909.66,5906.3681,6.5529,929.8319,HIT/DEFESA,70.77,5
2025-05-28 20:00:00,134,5909.66,5882.78139,6.5529,929.8319,HIT/DEFESA,70.77,5
2025-05-28 21:00:00,34,5910.29,5906.59221,12.2818,3728.4091,HIT/DEFESA,78.89,5
2025-05-28 21:00:00,134,5910.29,5883.18893,12.2818,3728.4091,HIT/DEFESA,78.89,5
2025-05-28 23:00:00,34,5912.5,5905.99759,4.8057,233.6672,HIT/DEFESA,74.3,5
2025-05-28 23:00:00,134,5912.5,5883.71221,4.8057,233.6672,HIT/DEFESA,74.3,5
2025-05-29 01:00:00,34,5933.93,5907.59373,39.998,81.808,HIT/DEFESA,49.25,5
2025-05-29 01:00:00,134,5933.93,5884.45618,39.998,81.808,HIT/DEFESA,49.25,5
2025-05-29 02:00:00,34,5980.43,5911.7558,154.7555,179.087,HIT/DEFESA,7.5,5
2025-05-29 02:00:00,134,5980.43,5885.87801,154.7555,179.087,HIT/DEFESA,7.5,5
2025-05-29 05:00:00,34,5986.8,5924.04077,10.6514,8208.0,HIT/DEFESA,7.16,5
2025-05-29 05:00:00,134,5986.8,5890.33708,10.6514,8208.0,HIT/DEFESA,7.16,5
2025-05-29 06:00:00,34,5983.18,5927.42016,-10.0181,362.4,HIT/DEFESA,-3.22,5
2025-05-29 06:00:00,134,5983.18,5891.71253,-10.0181,362.4,HIT/DEFESA,-3.22,5
2025-05-29 09:00:00,34,5979.96,5936.74292,-5.3818,197.0549,HIT/DEFESA,-39.25,5
2025-05-29 09:00:00,134,5979.96,5895.8041,-5.3818,197.0549,HIT/DEFESA,-39.25,5
2025-05-29 11:00:00,34,5979.96,5942.29518,-12.8931,147.1613,HIT/DEFESA,-54.87,5
2025-05-29 11:00:00,134,5979.96,5898.48347,-12.8931,147.1613,HIT/DEFESA,-54.87,5
2025-05-29 12:00:00,34,5973.33,5944.0686,-11.087,285.3198,HIT/DEFESA,-51.61,5
2025-05-29 12:00:00,134,5973.33,5899.59231,-11.087,285.3198,HIT/DEFESA,-51.61,5
2025-05-29 13:00:00,34,5958.83,5944.91211,-58.609,176.8284,HIT/DEFESA,-74.86,5
2025-05-29 13:00:00,134,5958.83,5900.4699,-58.609,176.8284,HIT/DEFESA,-74.86,5
2025-05-29 14:00:00,34,5940.71,5944.67199,-65.6359,158.6849,HIT/DEFESA,-30.24,5
2025-05-29 14:00:00,134,5940.71,5901.06605,-65.6359,158.6849,HIT/DEFESA,-30.24,5
2025-05-29 15:00:00,34,5935.46,5944.14559,-63.3985,1068.4444,HIT/DEFESA,-37.49,5
2025-05-29 15:00:00,134,5935.46,5901.57559,-63.3985,1068.4444,HIT/DEFESA,-37.49,5
2025-05-29 16:00:00,34,5925.09,5943.0567,-56.6219,746.0452,HIT/DEFESA,-24.62,5
2025-05-29 16:00:00,134,5925.09,5901.92396,-56.6219,746.0452,HIT/DEFESA,-24.62,5
2025-05-29 17:00:00,34,5921.72,5941.83746,-31.9659,3687.7863,HIT/DEFESA,-9.25,5
2025-05-29 17:00:00,134,5921.72,5902.21723,-31.9659,3687.7863,HIT/DEFESA,-9.25,5
2025-05-29 19:00:00,34,5910.47,5936.92727,-24.6747,266.5185,HIT/DEFESA,-10.34,5
2025-05-29 19:00:00,134,5910.47,5902.07317,-24.6747,266.5185,HIT/DEFESA,-10.34,5
2025-05-29 20:00:00,34,5897.97,5934.70114,-40.1066,527.5102,HIT/DEFESA,-4.59,5
2025-05-29 20:00:00,134,5897.97,5902.01238,-40.1066,527.5102,HIT/DEFESA,-4.59,5
2025-05-30 01:00:00,34,5900.13,5928.43362,-0.5762,948.1132,HIT/DEFESA,-1.5,5
2025-05-30 01:00:00,134,5900.13,5902.17749,-0.5762,948.1132,HIT/DEFESA,-1.5,5
2025-05-30 04:00:00,34,5898.63,5923.2229,-2.5423,1319.2488,HIT/DEFESA,-2.97,5
2025-05-30 04:00:00,134,5898.63,5901.91382,-2.5423,1319.2488,HIT/DEFESA,-2.97,5
2025-05-30 05:00:00,34,5900.88,5921.94616,12.7261,443.662,HIT/DEFESA,1.28,5
2025-05-30 05:00:00,134,5900.88,5901.89851,12.7261,443.662,HIT/DEFESA,1.28,5
2025-05-30 06:00:00,34,5898.63,5920.61381,3.8159,284.3636,HIT/DEFESA,2.28,5
2025-05-30 06:00:00,134,5898.63,5901.85008,3.8159,284.3636,HIT/DEFESA,2.28,5
2025-05-30 07:00:00,34,5898.88,5919.37188,0.4238,1212.0,HIT/DEFESA,0.78,5
2025-05-30 07:00:00,134,5898.88,5901.80608,0.4238,1212.0,HIT/DEFESA,0.78,5
2025-05-30 11:00:00,34,5900.91,5915.57476,-9.684,1756.9343,HIT/DEFESA,-19.62,5
2025-05-30 11:00:00,134,5900.91,5901.77793,-9.684,1756.9343,HIT/DEFESA,-19.62,5
2025-05-30 15:00:00,34,5887.91,5912.06067,-19.9164,517.0762,HIT/DEFESA,-18.99,5
2025-05-30 15:00:00,134,5887.91,5901.61858,-19.9164,517.0762,HIT/DEFESA,-18.99,5
2025-05-30 18:00:00,34,5890.17,5908.44438,3.8384,898.8966,HIT/DEFESA,12.21,5
2025-05-30 18:00:00,134,5890.17,5901.09174,3.8384,898.8966,HIT/DEFESA,12.21,5
2025-06-02 01:00:00,34,5892.13,5902.20618,-8.1229,849.4681,HIT/DEFESA,-14.37,5
2025-06-02 01:00:00,134,5892.13,5899.83644,-8.1229,849.4681,HIT/DEFESA,-14.37,5
2025-06-02 02:00:00,34,5889.38,5901.47326,-21.2473,503.2,HIT/DEFESA,-11.87,5
2025-06-02 02:00:00,134,5889.38,5899.68153,-21.2473,503.2,HIT/DEFESA,-11.87,5
2025-06-02 03:00:00,34,5890.51,5900.84679,-20.1105,2076.0,HIT/DEFESA,-15.0,5
2025-06-02 03:00:00,134,5890.51,5899.54566,-20.1105,2076.0,HIT/DEFESA,-15.0,5
2025-06-02 04:00:00,34,5887.38,5900.07725,-8.0616,509.4675,HIT/DEFESA,-14.22,5
2025-06-02 04:00:00,134,5887.38,5899.36542,-8.0616,509.4675,HIT/DEFESA,-14.22,5
2025-06-02 05:00:00,34,5885.26,5899.23055,-6.9956,507.5556,HIT/DEFESA,-13.72,5
2025-06-02 05:00:00,134,5885.26,5899.15645,-6.9956,507.5556,HIT/DEFESA,-13.72,5
2025-06-02 07:00:00,34,5877.51,5896.8326,-16.7647,1264.0,HIT/DEFESA,-4.47,5
2025-06-02 07:00:00,134,5877.51,5898.52348,-16.7647,1264.0,HIT/DEFESA,-4.47,5
2025-06-02 13:00:00,34,5880.66,5890.48968,15.5326,274.6667,HIT/DEFESA,28.76,5
2025-06-02 13:00:00,134,5880.66,5896.54143,15.5326,274.6667,HIT/DEFESA,28.76,5
2025-06-02 14:00:00,34,5882.79,5890.0497,7.8766,932.5,HIT/DEFESA,28.51,5
2025-06-02 14:00:00,134,5882.79,5896.33771,7.8766,932.5,HIT/DEFESA,28.51,5
2025-06-02 15:00:00,34,5889.54,5890.02057,28.0945,302.2624,HIT/DEFESA,21.51,5
2025-06-02 15:00:00,134,5889.54,5896.237,28.0945,302.2624,HIT/DEFESA,21.51,5
2025-06-02 17:00:00,34,5904.8,5890.20508,37.4142,350.0,HIT/DEFESA,33.25,5
2025-06-02 17:00:00,134,5904.8,5896.09433,37.4142,350.0,HIT/DEFESA,33.25,5
2025-06-02 18:00:00,34,5909.42,5891.30308,33.7548,1109.0349,HIT/DEFESA,30.09,5
2025-06-02 18:00:00,134,5909.42,5896.29175,33.7548,1109.0349,HIT/DEFESA,30.09,5
2025-06-02 19:00:00,34,5911.3,5892.44576,57.0454,1865.0,HIT/DEFESA,22.15,5
2025-06-02 19:00:00,134,5911.3,5896.51409,57.0454,1865.0,HIT/DEFESA,22.15,5
2025-06-02 20:00:00,34,5911.05,5893.50886,10.5846,6982.0,HIT/DEFESA,15.4,5
2025-06-02 20:00:00,134,5911.05,5896.72944,10.5846,6982.0,HIT/DEFESA,15.4,5
2025-06-03 02:00:00,34,5926.45,5903.66345,-19.535,234.1538,HIT/DEFESA,-12.0,5
2025-06-03 02:00:00,134,5926.45,5899.37122,-19.535,234.1538,HIT/DEFESA,-12.0,5
2025-06-03 03:00:00,34,5924.95,5904.87983,-24.5138,559.4286,HIT/DEFESA,-6.75,5
2025-06-03 03:00:00,134,5924.95,5899.75016,-24.5138,559.4286,HIT/DEFESA,-6.75,5
2025-06-03 04:00:00,34,5924.2,5905.98384,-15.5896,1608.0,HIT/DEFESA,-6.22,5
2025-06-03 04:00:00,134,5924.2,5900.11238,-15.5896,1608.0,HIT/DEFESA,-6.22,5
2025-06-03 05:00:00,34,5918.82,5906.71733,-12.8745,140.4973,HIT/DEFESA,-9.09,5
2025-06-03 05:00:00,134,5918.82,5900.38953,-12.8745,140.4973,HIT/DEFESA,-9.09,5
2025-06-03 06:00:00,34,5916.57,5907.28034,-14.1436,242.723,HIT/DEFESA,-5.34,5
2025-06-03 06:00:00,134,5916.57,5900.62924,-14.1436,242.723,HIT/DEFESA,-5.34,5
2025-06-03 07:00:00,34,5914.45,5907.69004,-16.4579,129.0,HIT/DEFESA,-0.97,5
2025-06-03 07:00:00,134,5914.45,5900.83399,-16.4579,129.0,HIT/DEFESA,-0.97,5
2025-06-03 09:00:00,34,5917.98,5908.84429,2.3831,9044.4444,HIT/DEFESA,11.5,5
2025-06-03 09:00:00,134,5917.98,5901.34147,2.3831,9044.4444,HIT/DEFESA,11.5,5
2025-06-03 13:00:00,34,5921.73,5909.99399,20.3055,176.3838,HIT/DEFESA,46.51,5
2025-06-03 13:00:00,134,5921.73,5902.08171,20.3055,176.3838,HIT/DEFESA,46.51,5
2025-06-03 14:00:00,34,5929.48,5911.10747,30.8734,193.0537,HIT/DEFESA,47.26,5
2025-06-03 14:00:00,134,5929.48,5902.48761,30.8734,193.0537,HIT/DEFESA,47.26,5
2025-06-03 15:00:00,34,5931.48,5912.27162,30.4389,1251.4286,HIT/DEFESA,41.26,5
2025-06-03 15:00:00,134,5931.48,5902.91713,30.4389,1251.4286,HIT/DEFESA,41.26,5
2025-06-03 16:00:00,34,5935.61,5913.60524,23.4391,1223.7113,HIT/DEFESA,39.13,5
2025-06-03 16:00:00,134,5935.61,5903.40147,23.4391,1223.7113,HIT/DEFESA,39.13,5
2025-06-03 17:00:00,34,5955.24,5915.98437,43.4439,285.2571,HIT/DEFESA,17.75,5
2025-06-03 17:00:00,134,5955.24,5904.16945,43.4439,285.2571,HIT/DEFESA,17.75,5
2025-06-03 18:00:00,34,5968.24,5918.97041,61.9744,193.9608,HIT/DEFESA,3.21,5
2025-06-03 18:00:00,134,5968.24,5905.11864,61.9744,193.9608,HIT/DEFESA,3.21,5
2025-06-03 20:00:00,34,5972.74,5925.15544,29.3859,430.5882,HIT/DEFESA,2.73,5
2025-06-03 20:00:00,134,5972.74,5907.16577,29.3859,430.5882,HIT/DEFESA,2.73,5
2025-06-03 22:00:00,34,5972.99,5930.56034,-6.2743,1446.5,HIT/DEFESA,-2.4,5
2025-06-03 22:00:00,134,5972.99,5909.12722,-6.2743,1446.5,HIT/DEFESA,-2.4,5
2025-06-03 23:00:00,34,5971.45,5932.89689,-2.1598,1388.8889,HIT/DEFESA,-3.98,5
2025-06-03 23:00:00,134,5971.45,5910.05052,-2.1598,1388.8889,HIT/DEFESA,-3.98,5
2025-06-04 08:00:00,34,5971.47,5947.25529,6.703,101.5,HIT/DEFESA,14.53,5
2025-06-04 08:00:00,134,5971.47,5916.95232,6.703,101.5,HIT/DEFESA,14.53,5
2025-06-04 09:00:00,34,5972.5,5948.69785,6.333,1320.5128,HIT/DEFESA,12.25,5
2025-06-04 09:00:00,134,5972.5,5917.77525,6.333,1320.5128,HIT/DEFESA,12.25,5
2025-06-04 11:00:00,34,5980.5,5952.24847,15.1219,5248.0,HIT/DEFESA,6.51,5
2025-06-04 11:00:00,134,5980.5,5919.6254,15.1219,5248.0,HIT/DEFESA,6.51,5
2025-06-04 12:00:00,34,5984.0,5954.06284,19.2549,308.9231,HIT/DEFESA,2.51,5
2025-06-04 12:00:00,134,5984.0,5920.57909,19.2549,308.9231,HIT/DEFESA,2.51,5
2025-06-04 19:00:00,34,5978.76,5963.58162,-13.7798,3356.0,HIT/DEFESA,-10.49,5
2025-06-04 19:00:00,134,5978.76,5926.70977,-13.7798,3356.0,HIT/DEFESA,-10.49,5
2025-06-04 23:00:00,34,5968.22,5966.23935,-31.3846,315.6425,HIT/DEFESA,-1.2,5
2025-06-04 23:00:00,134,5968.22,5929.60256,-31.3846,315.6425,HIT/DEFESA,-1.2,5
2025-06-05 05:00:00,34,5967.02,5966.72362,1.2571,128.8,HIT/DEFESA,16.03,5
2025-06-05 05:00:00,134,5967.02,5932.37278,1.2571,128.8,HIT/DEFESA,16.03,5
2025-06-05 06:00:00,34,5968.77,5966.84055,0.4189,226.9939,HIT/DEFESA,10.53,5
2025-06-05 06:00:00,134,5968.77,5932.912,0.4189,226.9939,HIT/DEFESA,10.53,5
2025-06-05 08:00:00,34,5967.27,5967.03639,0.419,184.3511,HIT/DEFESA,8.03,5
2025-06-05 08:00:00,134,5967.27,5933.96261,0.419,184.3511,HIT/DEFESA,8.03,5
2025-06-05 10:00:00,34,5983.05,5967.93872,21.8257,119.0625,HIT/DEFESA,1.0,5
2025-06-05 10:00:00,134,5983.05,5935.16911,21.8257,119.0625,HIT/DEFESA,1.0,5
2025-06-05 12:00:00,34,5976.05,5969.01434,15.5024,378.9318,HIT/DEFESA,7.51,5
2025-06-05 12:00:00,134,5976.05,5936.41885,15.5024,378.9318,HIT/DEFESA,7.51,5
2025-06-05 14:00:00,34,5974.3,5969.65503,-8.3622,1663.2184,HIT/DEFESA,-16.24,5
2025-06-05 14:00:00,134,5974.3,5937.54754,-8.3622,1663.2184,HIT/DEFESA,-16.24,5
2025-06-05 20:00:00,34,5968.81,5971.00244,-24.6509,372.0,HIT/DEFESA,-29.71,5
2025-06-05 20:00:00,134,5968.81,5940.70205,-24.6509,372.0,HIT/DEFESA,-29.71,5
2025-06-05 21:00:00,34,5963.06,5970.54859,-59.1809,1033.1667,HIT/DEFESA,-17.09,5
2025-06-05 21:00:00,134,5963.06,5941.03328,-59.1809,1033.1667,HIT/DEFESA,-17.09,5
2025-06-06 03:00:00,34,5945.97,5962.73923,21.4047,288.0665,HIT/DEFESA,14.38,5
2025-06-06 03:00:00,134,5945.97,5940.94112,21.4047,288.0665,HIT/DEFESA,14.38,5
2025-06-06 04:00:00,34,5948.1,5961.9027,13.8892,628.5,HIT/DEFESA,15.9,5
2025-06-06 04:00:00,134,5948.1,5941.04717,13.8892,628.5,HIT/DEFESA,15.9,5
2025-06-06 05:00:00,34,5947.72,5961.09226,14.514,1304.7619,HIT/DEFESA,14.66,5
2025-06-06 05:00:00,134,5947.72,5941.14603,14.514,1304.7619,HIT/DEFESA,14.66,5
2025-06-06 06:00:00,34,5951.85,5960.56413,9.8891,149.8824,HIT/DEFESA,10.78,5
2025-06-06 06:00:00,134,5951.85,5941.30461,9.8891,149.8824,HIT/DEFESA,10.78,5
2025-06-06 07:00:00,34,5959.1,5960.48047,18.4933,87.0,HIT/DEFESA,6.03,5
2025-06-06 07:00:00,134,5959.1,5941.56824,18.4933,87.0,HIT/DEFESA,6.03,5
2025-06-06 10:00:00,34,5962.38,5960.77201,5.5042,1393.3333,HIT/DEFESA,23.5,5
2025-06-06 10:00:00,134,5962.38,5942.47403,5.5042,1393.3333,HIT/DEFESA,23.5,5
2025-06-06 11:00:00,34,5962.63,5960.87818,3.8253,4989.4737,HIT/DEFESA,49.26,5
2025-06-06 11:00:00,134,5962.63,5942.77264,3.8253,4989.4737,HIT/DEFESA,49.26,5
2025-06-06 12:00:00,34,5965.13,5961.12114,1.8947,491.5556,HIT/DEFESA,36.51,5
2025-06-06 12:00:00,134,5965.13,5943.10386,1.8947,491.5556,HIT/DEFESA,36.51,5
2025-06-06 15:00:00,34,5985.88,5962.50754,34.7855,167.8737,HIT/DEFESA,12.01,5
2025-06-06 15:00:00,134,5985.88,5944.251,34.7855,167.8737,HIT/DEFESA,12.01,5
2025-06-06 18:00:00,34,5995.64,5969.01775,16.305,1004.3478,HIT/DEFESA,7.21,5
2025-06-06 18:00:00,134,5995.64,5946.82252,16.305,1004.3478,HIT/DEFESA,7.21,5
2025-06-06 20:00:00,34,5997.89,5971.50928,-6.2483,231.3333,HIT/DEFESA,-0.83,5
2025-06-06 20:00:00,134,5997.89,5948.13104,-6.2483,231.3333,HIT/DEFESA,-0.83,5
2025-06-09 01:00:00,34,5991.81,5977.38279,-23.4437,129.8413,HIT/DEFESA,-1.25,5
2025-06-09 01:00:00,134,5991.81,5951.12127,-23.4437,129.8413,HIT/DEFESA,-1.25,5
2025-06-09 02:00:00,34,5997.06,5978.50721,-2.6339,175.8364,HIT/DEFESA,-4.5,5
2025-06-09 02:00:00,134,5997.06,5951.80184,-2.6339,175.8364,HIT/DEFESA,-4.5,5
2025-06-09 03:00:00,34,5993.81,5979.38165,-15.0595,380.0,HIT/DEFESA,-1.25,5
2025-06-09 03:00:00,134,5993.81,5952.42418,-15.0595,380.0,HIT/DEFESA,-1.25,5
2025-06-09 04:00:00,34,5991.93,5980.0987,0.2003,463.1902,HIT/DEFESA,7.28,5
2025-06-09 04:00:00,134,5991.93,5953.00945,0.2003,463.1902,HIT/DEFESA,7.28,5
2025-06-09 07:00:00,34,5992.56,5981.91852,1.0514,187.5556,HIT/DEFESA,12.28,5
2025-06-09 07:00:00,134,5992.56,5954.68699,1.0514,187.5556,HIT/DEFESA,12.28,5
2025-06-09 08:00:00,34,5992.56,5982.52661,2.9211,2056.0,HIT/DEFESA,10.53,5
2025-06-09 08:00:00,134,5992.56,5955.24807,2.9211,2056.0,HIT/DEFESA,10.53,5
2025-06-09 09:00:00,34,5999.21,5983.47995,14.4394,126.7994,HIT/DEFESA,11.13,5
2025-06-09 09:00:00,134,5999.21,5955.89936,14.4394,126.7994,HIT/DEFESA,11.13,5
2025-06-09 10:00:00,34,6004.84,5984.70052,20.4921,330.2609,HIT/DEFESA,2.75,5
2025-06-09 10:00:00,134,6004.84,5956.62441,20.4921,330.2609,HIT/DEFESA,2.75,5
2025-06-09 14:00:00,34,6010.34,5989.32369,2.9125,212.7143,HIT/DEFESA,6.01,5
2025-06-09 14:00:00,134,6010.34,5959.52782,2.9125,212.7143,HIT/DEFESA,6.01,5
2025-06-09 15:00:00,34,6007.59,5990.36748,4.5796,383.2753,HIT/DEFESA,11.51,5
2025-06-09 15:00:00,134,6007.59,5960.23985,4.5796,383.2753,HIT/DEFESA,11.51,5
2025-06-09 17:00:00,34,6004.6,5991.62431,-9.5502,551.3043,HIT/DEFESA,-0.5,5
2025-06-09 17:00:00,134,6004.6,5961.45692,-9.5502,551.3043,HIT/DEFESA,-0.5,5
2025-06-10 02:00:00,34,6008.41,5998.75147,7.1784,478.0,HIT/DEFESA,17.25,5
2025-06-10 02:00:00,134,6008.41,5967.02078,7.1784,478.0,HIT/DEFESA,17.25,5
2025-06-10 07:00:00,34,6025.66,6006.06504,-13.259,63.5789,HIT/DEFESA,-18.97,5
2025-06-10 07:00:00,134,6025.66,5971.35491,-13.259,63.5789,HIT/DEFESA,-18.97,5
2025-06-10 12:00:00,34,6006.69,6005.53307,6.2469,338.292,HIT/DEFESA,13.01,5
2025-06-10 12:00:00,134,6006.69,5973.7011,6.2469,338.292,HIT/DEFESA,13.01,5
2025-06-10 13:00:00,34,6010.44,6005.81347,17.9176,337.5,HIT/DEFESA,11.51,5
2025-06-10 13:00:00,134,6010.44,5974.24538,17.9176,337.5,HIT/DEFESA,11.51,5
2025-06-10 14:00:00,34,6013.94,6006.27784,17.9071,499.449,HIT/DEFESA,17.01,5
2025-06-10 14:00:00,134,6013.94,5974.83345,17.9071,499.449,HIT/DEFESA,17.01,5
2025-06-10 15:00:00,34,6013.69,6006.70139,11.6537,12740000.0,HIT/DEFESA,8.76,5
2025-06-10 15:00:00,134,6013.69,5975.4091,11.6537,12740000.0,HIT/DEFESA,8.76,5
2025-06-10 16:00:00,34,6014.7,6007.15845,7.0877,4919.7368,HIT/DEFESA,18.75,5
2025-06-10 16:00:00,134,6014.7,5975.99119,7.0877,4919.7368,HIT/DEFESA,18.75,5
2025-06-10 17:00:00,34,6019.7,6007.87511,9.5777,461.9048,HIT/DEFESA,20.25,5
2025-06-10 17:00:00,134,6019.7,5976.63873,9.5777,461.9048,HIT/DEFESA,20.25,5
2025-06-10 18:00:00,34,6021.95,6008.67939,13.7353,2233.1288,HIT/DEFESA,11.85,5
2025-06-10 18:00:00,134,6021.95,5977.31001,13.7353,2233.1288,HIT/DEFESA,11.85,5
2025-06-10 19:00:00,34,6030.95,6009.952,27.0171,188.4324,HIT/DEFESA,10.18,5
2025-06-10 19:00:00,134,6030.95,5978.10467,27.0171,188.4324,HIT/DEFESA,10.18,5
2025-06-10 20:00:00,34,6022.45,6010.66617,4.5683,225.6381,HIT/DEFESA,14.68,5
2025-06-10 20:00:00,134,6022.45,5978.76164,4.5683,225.6381,HIT/DEFESA,14.68,5
2025-06-11 02:00:00,34,6037.13,6017.42636,-4.6689,529.8667,HIT/DEFESA,-18.0,5
2025-06-11 02:00:00,134,6037.13,5982.95809,-4.6689,529.8667,HIT/DEFESA,-18.0,5
2025-06-11 03:00:00,34,6028.13,6018.03799,-9.3971,223.8857,HIT/DEFESA,-7.5,5
2025-06-11 03:00:00,134,6028.13,5983.6273,-9.3971,223.8857,HIT/DEFESA,-7.5,5
2025-06-11 04:00:00,34,6024.88,6018.42896,-26.8989,426.6667,HIT/DEFESA,-2.22,5
2025-06-11 04:00:00,134,6024.88,5984.23845,-26.8989,426.6667,HIT/DEFESA,-2.22,5
2025-06-11 10:00:00,34,6028.66,6019.8352,15.8329,366.087,HIT/DEFESA,26.0,5
2025-06-11 10:00:00,134,6028.66,5987.56302,15.8329,366.087,HIT/DEFESA,26.0,5
2025-06-11 11:00:00,34,6033.41,6020.6109,21.227,264.0,HIT/DEFESA,11.76,5
2025-06-11 11:00:00,134,6033.41,5988.24223,21.227,264.0,HIT/DEFESA,11.76,5
2025-06-11 12:00:00,34,6027.41,6020.99942,7.8869,136.32,HIT/DEFESA,29.51,5
2025-06-11 12:00:00,134,6027.41,5988.8225,7.8869,136.32,HIT/DEFESA,29.51,5
2025-06-11 13:00:00,34,6031.41,6021.59431,4.5615,230.0,HIT/DEFESA,14.01,5
2025-06-11 13:00:00,134,6031.41,5989.45342,4.5615,230.0,HIT/DEFESA,14.01,5
2025-06-11 18:00:00,34,6045.42,6028.14009,-15.261,294.4,HIT/DEFESA,-21.54,5
2025-06-11 18:00:00,134,6045.42,5993.59513,-15.261,294.4,HIT/DEFESA,-21.54,5
2025-06-11 19:00:00,34,6043.67,6029.02752,-2.4813,1707.5,HIT/DEFESA,-28.55,5
2025-06-11 19:00:00,134,6043.67,5994.33698,-2.4813,1707.5,HIT/DEFESA,-28.55,5
2025-06-11 20:00:00,34,6034.67,6029.34994,-36.7348,330.5946,HIT/DEFESA,-20.05,5
2025-06-11 20:00:00,134,6034.67,5994.93451,-36.7348,330.5946,HIT/DEFESA,-20.05,5
2025-06-11 21:00:00,34,6017.54,6028.67509,-46.1176,511.6706,HIT/DEFESA,-12.55,5
2025-06-11 21:00:00,134,6017.54,5995.2694,-46.1176,511.6706,HIT/DEFESA,-12.55,5
2025-06-11 22:00:00,34,6024.92,6028.46051,-31.0242,922.6667,HIT/DEFESA,-24.05,5
2025-06-11 22:00:00,134,6024.92,5995.70867,-31.0242,922.6667,HIT/DEFESA,-24.05,5
2025-06-11 23:00:00,34,6023.88,6028.19877,-17.88,3104.878,HIT/DEFESA,-23.76,5
2025-06-11 23:00:00,134,6023.88,5996.12603,-17.88,3104.878,HIT/DEFESA,-23.76,5
2025-06-12 01:00:00,34,6015.12,6027.45141,-4.0216,304.8544,HIT/DEFESA,-10.0,5
2025-06-12 01:00:00,134,6015.12,5996.40742,-4.0216,304.8544,HIT/DEFESA,-10.0,5
2025-06-12 02:00:00,34,6014.62,6026.71819,-17.0957,8169.2308,HIT/DEFESA,-5.25,5
2025-06-12 02:00:00,134,6014.62,5996.67723,-17.0957,8169.2308,HIT/DEFESA,-5.25,5
2025-06-12 05:00:00,34,6000.12,6022.70189,-24.1079,884.0,HIT/DEFESA,-4.22,5
2025-06-12 05:00:00,134,6000.12,5996.90896,-24.1079,884.0,HIT/DEFESA,-4.22,5
2025-06-12 13:00:00,34,5996.9,6015.33236,1.6678,892.4,HIT/DEFESA,37.51,5
2025-06-12 13:00:00,134,5996.9,5997.65043,1.6678,892.4,HIT/DEFESA,37.51,5
2025-06-12 15:00:00,34,6009.65,6013.50272,17.5025,126.5778,HIT/DEFESA,31.51,5
2025-06-12 15:00:00,134,6009.65,5997.67859,17.5025,126.5778,HIT/DEFESA,31.51,5
2025-06-12 16:00:00,34,6017.41,6013.726,34.201,582.0681,HIT/DEFESA,25.75,5
2025-06-12 16:00:00,134,6017.41,5997.97091,34.201,582.0681,HIT/DEFESA,25.75,5
2025-06-12 17:00:00,34,6036.66,6015.03651,82.2728,167.2105,HIT/DEFESA,10.5,5
2025-06-12 17:00:00,134,6036.66,5998.54408,82.2728,167.2105,HIT/DEFESA,10.5,5
2025-06-12 18:00:00,34,6034.41,6016.14357,41.2004,1623.6,HIT/DEFESA,4.96,5
2025-06-12 18:00:00,134,6034.41,5999.07543,41.2004,1623.6,HIT/DEFESA,4.96,5
2025-06-12 23:00:00,34,6039.37,6022.52608,-2.963,91.1141,HIT/DEFESA,-96.09,5
2025-06-12 23:00:00,134,6039.37,6002.09391,-2.963,91.1141,HIT/DEFESA,-96.09,5
2025-06-13 01:00:00,34,6033.16,6023.13373,-16.5476,222.3529,HIT/DEFESA,-76.0,5
2025-06-13 01:00:00,134,6033.16,6002.55415,-16.5476,222.3529,HIT/DEFESA,-76.0,5
2025-06-13 02:00:00,34,6010.91,6022.43523,-59.9455,48.7974,HIT/DEFESA,-60.5,5
2025-06-13 02:00:00,134,6010.91,6002.67794,-59.9455,48.7974,HIT/DEFESA,-60.5,5
2025-06-13 03:00:00,34,5963.53,6019.06922,-125.576,224.0823,HIT/DEFESA,-5.75,5
2025-06-13 03:00:00,134,5963.53,6002.09797,-125.576,224.0823,HIT/DEFESA,-5.75,5
2025-06-13 08:00:00,34,5957.78,6002.43258,24.3973,413.5714,HIT/DEFESA,25.91,5
2025-06-13 08:00:00,134,5957.78,5998.62232,24.3973,413.5714,HIT/DEFESA,25.91,5
2025-06-13 09:00:00,34,5964.69,6000.27586,12.6403,630.3835,HIT/DEFESA,27.0,5
2025-06-13 09:00:00,134,5964.69,5998.11962,12.6403,630.3835,HIT/DEFESA,27.0,5
2025-06-13 10:00:00,34,5970.19,5998.55667,33.2414,958.6667,HIT/DEFESA,17.75,5
2025-06-13 10:00:00,134,5970.19,5997.70585,33.2414,958.6667,HIT/DEFESA,17.75,5
2025-06-13 11:00:00,34,5970.94,5996.97857,22.0888,6131.746,HIT/DEFESA,17.26,5
2025-06-13 11:00:00,134,5970.94,5997.30932,22.0888,6131.746,HIT/DEFESA,17.26,5
2025-06-13 12:00:00,34,5975.19,5995.73351,17.6036,901.7778,HIT/DEFESA,24.01,5
2025-06-13 12:00:00,134,5975.19,5996.98162,17.6036,901.7778,HIT/DEFESA,24.01,5
2025-06-13 13:00:00,34,5983.69,5995.04531,22.6123,327.8788,HIT/DEFESA,36.01,5
2025-06-13 13:00:00,134,5983.69,5996.78471,22.6123,327.8788,HIT/DEFESA,36.01,5
2025-06-13 14:00:00,34,5991.69,5994.85358,34.7516,410.7097,HIT/DEFESA,26.01,5
2025-06-13 14:00:00,134,5991.69,5996.70923,34.7516,410.7097,HIT/DEFESA,26.01,5
2025-06-13 15:00:00,34,5987.94,5994.45852,21.3382,756.8571,HIT/DEFESA,17.01,5
2025-06-13 15:00:00,134,5987.94,5996.57932,21.3382,756.8571,HIT/DEFESA,17.01,5
2025-06-16 03:00:00,34,5986.45,5992.31283,19.3141,3600.0,HIT/DEFESA,5.0,5
2025-06-16 03:00:00,134,5986.45,5995.76096,19.3141,3600.0,HIT/DEFESA,5.0,5
2025-06-16 04:00:00,34,5985.7,5991.93495,16.7344,1978.1609,HIT/DEFESA,15.03,5
2025-06-16 04:00:00,134,5985.7,5995.61191,16.7344,1978.1609,HIT/DEFESA,15.03,5
2025-06-16 05:00:00,34,5988.95,5991.76438,5.229,460.0,HIT/DEFESA,21.9,5
2025-06-16 05:00:00,134,5988.95,5995.51322,5.229,460.0,HIT/DEFESA,21.9,5
2025-06-16 08:00:00,34,5991.45,5990.99348,4.1744,178.963,HIT/DEFESA,18.53,5
2025-06-16 08:00:00,134,5991.45,5995.13606,4.1744,178.963,HIT/DEFESA,18.53,5
2025-06-16 09:00:00,34,6000.73,5991.54985,26.785,224.2392,HIT/DEFESA,14.75,5
2025-06-16 09:00:00,134,6000.73,5995.21894,26.785,224.2392,HIT/DEFESA,14.75,5
2025-06-16 10:00:00,34,6010.85,5992.65271,44.1143,294.0488,HIT/DEFESA,4.38,5
2025-06-16 10:00:00,134,6010.85,5995.45051,44.1143,294.0488,HIT/DEFESA,4.38,5
2025-06-16 11:00:00,34,6010.23,5993.65713,31.3447,3502.6667,HIT/DEFESA,28.51,5
2025-06-16 11:00:00,134,6010.23,5995.66946,31.3447,3502.6667,HIT/DEFESA,28.51,5
2025-06-16 12:00:00,34,6001.35,5994.09672,1.0332,221.2051,HIT/DEFESA,46.39,5
2025-06-16 12:00:00,134,6001.35,5995.75362,1.0332,221.2051,HIT/DEFESA,46.39,5
2025-06-16 14:00:00,34,6015.48,5996.17438,8.7351,301.8462,HIT/DEFESA,20.26,5
2025-06-16 14:00:00,134,6015.48,5996.2535,8.7351,301.8462,HIT/DEFESA,20.26,5
2025-06-16 15:00:00,34,6015.23,5997.26327,23.1281,3734.0,HIT/DEFESA,16.01,5
2025-06-16 15:00:00,134,6015.23,5996.53464,23.1281,3734.0,HIT/DEFESA,16.01,5
2025-06-16 19:00:00,34,6035.74,6006.30121,-4.9679,731.068,HIT/DEFESA,-19.47,5
2025-06-16 19:00:00,134,6035.74,5999.08022,-4.9679,731.068,HIT/DEFESA,-19.47,5
2025-06-16 20:00:00,34,6031.24,6007.72629,-27.2829,906.1176,HIT/DEFESA,-33.97,5
2025-06-16 20:00:00,134,6031.24,5999.55667,-27.2829,906.1176,HIT/DEFESA,-33.97,5
2025-06-16 21:00:00,34,6033.24,6009.18421,-10.7621,1536.0,HIT/DEFESA,-18.35,5
2025-06-16 21:00:00,134,6033.24,6000.05568,-10.7621,1536.0,HIT/DEFESA,-18.35,5
2025-06-16 22:00:00,34,6035.49,6010.6874,-0.4142,1952.8,HIT/DEFESA,-23.22,5
2025-06-16 22:00:00,134,6035.49,6000.58063,-0.4142,1952.8,HIT/DEFESA,-23.22,5
2025-06-17 01:00:00,34,6016.27,6012.27321,-28.1275,127.5348,HIT/DEFESA,-2.75,5
2025-06-17 01:00:00,134,6016.27,6001.30375,-28.1275,127.5348,HIT/DEFESA,-2.75,5
2025-06-17 03:00:00,34,6014.89,6011.6144,-32.0009,260.222,HIT/DEFESA,-2.37,5
2025-06-17 03:00:00,134,6014.89,6001.44616,-32.0009,260.222,HIT/DEFESA,-2.37,5
2025-06-17 04:00:00,34,6012.27,6011.65187,-6.6486,1366.4,HIT/DEFESA,-4.85,5
2025-06-17 04:00:00,134,6012.27,6001.60651,-6.6486,1366.4,HIT/DEFESA,-4.85,5
2025-06-17 06:00:00,34,6013.52,6012.22294,-2.2777,415.8661,HIT/DEFESA,-7.47,5
2025-06-17 06:00:00,134,6013.52,6002.05541,-2.2777,415.8661,HIT/DEFESA,-7.47,5
2025-06-17 07:00:00,34,6010.27,6012.11134,-3.3265,479.5252,HIT/DEFESA,-11.72,5
2025-06-17 07:00:00,134,6010.27,6002.1771,-3.3265,479.5252,HIT/DEFESA,-11.72,5
2025-06-17 08:00:00,34,6012.52,6012.13469,-12.8732,1053.9906,HIT/DEFESA,-11.72,5
2025-06-17 08:00:00,134,6012.52,6002.33033,-12.8732,1053.9906,HIT/DEFESA,-11.72,5
2025-06-17 13:00:00,34,6000.8,6009.57045,4.1678,979.2,HIT/DEFESA,14.01,5
2025-06-17 13:00:00,134,6000.8,6002.31991,4.1678,979.2,HIT/DEFESA,14.01,5
2025-06-17 19:00:00,34,6005.56,6009.92242,-17.6524,678.359,HIT/DEFESA,-40.47,5
2025-06-17 19:00:00,134,6005.56,6003.04314,-17.6524,678.359,HIT/DEFESA,-40.47,5
2025-06-17 20:00:00,34,5987.56,6008.64457,-41.5796,452.826,HIT/DEFESA,-17.6,5
2025-06-17 20:00:00,134,5987.56,6002.81376,-41.5796,452.826,HIT/DEFESA,-17.6,5
2025-06-17 21:00:00,34,5988.56,6007.49688,-43.6423,5567.3333,HIT/DEFESA,-0.22,5
2025-06-17 21:00:00,134,5988.56,6002.60259,-43.6423,5567.3333,HIT/DEFESA,-0.22,5
2025-06-18 03:00:00,34,5988.34,5999.92089,9.1093,147.2697,HIT/DEFESA,3.0,5
2025-06-18 03:00:00,134,5988.34,6000.8165,9.1093,147.2697,HIT/DEFESA,3.0,5
2025-06-18 04:00:00,34,5987.46,5999.20884,37.5015,1342.4779,HIT/DEFESA,7.66,5
2025-06-18 04:00:00,134,5987.46,6000.61862,37.5015,1342.4779,HIT/DEFESA,7.66,5
2025-06-18 05:00:00,34,5988.09,5998.57347,30.3687,1854.0,HIT/DEFESA,9.53,5
2025-06-18 05:00:00,134,5988.09,6000.43301,30.3687,1854.0,HIT/DEFESA,9.53,5
2025-06-18 07:00:00,34,5988.84,5997.35817,2.3048,365.3333,HIT/DEFESA,11.53,5
2025-06-18 07:00:00,134,5988.84,6000.05557,2.3048,365.3333,HIT/DEFESA,11.53,5
2025-06-18 12:00:00,34,6000.37,5997.32687,8.7571,9158.3333,HIT/DEFESA,15.01,5
2025-06-18 12:00:00,134,6000.37,5999.83824,8.7571,9158.3333,HIT/DEFESA,15.01,5
2025-06-18 20:00:00,34,6003.25,5997.972,-20.165,1690.7407,HIT/DEFESA,-23.37,5
2025-06-18 20:00:00,134,6003.25,5999.6725,-20.165,1690.7407,HIT/DEFESA,-23.37,5
2025-06-18 21:00:00,34,5979.13,5996.89532,-42.0526,396.77,HIT/DEFESA,-9.25,5
2025-06-18 21:00:00,134,5979.13,5999.36817,-42.0526,396.77,HIT/DEFESA,-9.25,5
2025-06-18 22:00:00,34,5981.38,5996.00873,-33.525,5260.0,HIT/DEFESA,-21.5,5
2025-06-18 22:00:00,134,5981.38,5999.10168,-33.525,5260.0,HIT/DEFESA,-21.5,5
2025-06-18 23:00:00,34,5984.09,5995.32766,-31.916,385.1351,HIT/DEFESA,-21.71,5
2025-06-18 23:00:00,134,5984.09,5998.87928,-31.916,385.1351,HIT/DEFESA,-21.71,5
2025-06-19 01:00:00,34,5977.38,5994.30208,-2.9268,234.1797,HIT/DEFESA,-6.25,5
2025-06-19 01:00:00,134,5977.38,5998.56077,-2.9268,234.1797,HIT/DEFESA,-6.25,5
2025-06-19 02:00:00,34,5979.88,5993.47796,-2.5078,329.2776,HIT/DEFESA,-5.75,5
2025-06-19 02:00:00,134,5979.88,5998.28402,-2.5078,329.2776,HIT/DEFESA,-5.75,5
2025-06-19 03:00:00,34,5969.88,5992.1295,-23.7463,195.5122,HIT/DEFESA,-7.75,5
2025-06-19 03:00:00,134,5969.88,5997.86322,-23.7463,195.5122,HIT/DEFESA,-7.75,5
2025-06-19 05:00:00,34,5962.38,5988.69201,-29.2648,355.2727,HIT/DEFESA,-16.97,5
2025-06-19 05:00:00,134,5962.38,5996.78316,-29.2648,355.2727,HIT/DEFESA,-16.97,5
2025-06-19 08:00:00,34,5962.13,5985.49748,-0.4193,65.3749,HIT/DEFESA,-3.72,5
2025-06-19 08:00:00,134,5962.13,5995.57028,-0.4193,65.3749,HIT/DEFESA,-3.72,5
2025-06-19 09:00:00,34,5962.41,5984.1782,-14.6036,4333.9623,HIT/DEFESA,-12.0,5
2025-06-19 09:00:00,134,5962.41,5995.07902,-14.6036,4333.9623,HIT/DEFESA,-12.0,5
2025-06-19 10:00:00,34,5945.41,5981.96287,-48.0739,190.2786,HIT/DEFESA,-6.25,5
2025-06-19 10:00:00,134,5945.41,5994.34318,-48.0739,190.2786,HIT/DEFESA,-6.25,5
2025-06-19 11:00:00,34,5954.91,5980.41699,-12.1098,218.1622,HIT/DEFESA,-30.24,5
2025-06-19 11:00:00,134,5954.91,5993.75899,-12.1098,218.1622,HIT/DEFESA,-30.24,5
2025-06-19 12:00:00,34,5955.78,5979.00917,-11.1197,1725.3333,HIT/DEFESA,-23.61,5
2025-06-19 12:00:00,134,5955.78,5993.19634,-11.1197,1725.3333,HIT/DEFESA,-23.61,5
2025-06-19 14:00:00,34,5950.41,5976.2651,-7.5568,209.3596,HIT/DEFESA,-25.74,5
2025-06-19 14:00:00,134,5950.41,5992.05475,-7.5568,209.3596,HIT/DEFESA,-25.74,5
2025-06-20 01:00:00,34,5965.71,5964.03611,56.5392,171.0499,HIT/DEFESA,1.88,5
2025-06-20 01:00:00,134,5965.71,5987.13846,56.5392,171.0499,HIT/DEFESA,1.88,5
2025-06-20 02:00:00,34,5963.84,5964.0249,72.914,675.2,HIT/DEFESA,5.12,5
2025-06-20 02:00:00,134,5963.84,5986.7933,72.914,675.2,HIT/DEFESA,5.12,5
2025-06-20 03:00:00,34,5965.46,5964.10691,68.8477,1486.1314,HIT/DEFESA,6.75,5
2025-06-20 03:00:00,134,5965.46,5986.47725,68.8477,1486.1314,HIT/DEFESA,6.75,5
2025-06-20 05:00:00,34,5964.09,5963.88252,0.4192,210.567,HIT/DEFESA,10.28,5
2025-06-20 05:00:00,134,5964.09,5985.75856,0.4192,210.567,HIT/DEFESA,10.28,5
2025-06-20 07:00:00,34,5968.96,5964.37241,15.1008,376.0,HIT/DEFESA,1.41,5
2025-06-20 07:00:00,134,5968.96,5985.24451,15.1008,376.0,HIT/DEFESA,1.41,5
2025-06-20 09:00:00,34,5967.87,5964.99454,0.4692,403.8031,HIT/DEFESA,15.5,5
2025-06-20 09:00:00,134,5967.87,5984.79687,0.4692,403.8031,HIT/DEFESA,15.5,5
2025-06-20 10:00:00,34,5974.37,5965.53028,9.0636,311.1614,HIT/DEFESA,25.75,5
2025-06-20 10:00:00,134,5974.37,5984.6424,9.0636,311.1614,HIT/DEFESA,25.75,5
2025-06-20 17:00:00,34,5965.88,5969.98099,-29.231,281.7521,HIT/DEFESA,-2.25,5
2025-06-20 17:00:00,134,5965.88,5983.99696,-29.231,281.7521,HIT/DEFESA,-2.25,5
2025-06-20 19:00:00,34,5975.63,5970.28488,-34.6042,696.32,HIT/DEFESA,-25.49,5
2025-06-20 19:00:00,134,5975.63,5983.66332,-34.6042,696.32,HIT/DEFESA,-25.49,5
2025-06-20 20:00:00,34,5962.38,5969.83317,-5.8667,319.7037,HIT/DEFESA,-14.48,5
2025-06-20 20:00:00,134,5962.38,5983.34801,-5.8667,319.7037,HIT/DEFESA,-14.48,5
2025-06-20 21:00:00,34,5958.0,5969.15699,-19.4819,711.3801,HIT/DEFESA,-15.49,5
2025-06-20 21:00:00,134,5958.0,5982.97248,-19.4819,711.3801,HIT/DEFESA,-15.49,5
2025-06-20 22:00:00,34,5963.63,5968.84116,-20.0816,858.0,HIT/DEFESA,-18.24,5
2025-06-20 22:00:00,134,5963.63,5982.68593,-20.0816,858.0,HIT/DEFESA,-18.24,5
2025-06-23 05:00:00,34,5949.14,5963.41575,2.0848,277.4105,HIT/DEFESA,28.15,5
2025-06-23 05:00:00,134,5949.14,5979.97766,2.0848,277.4105,HIT/DEFESA,28.15,5
2025-06-23 06:00:00,34,5950.89,5962.69999,14.1018,298.2222,HIT/DEFESA,31.28,5
2025-06-23 06:00:00,134,5950.89,5979.54673,14.1018,298.2222,HIT/DEFESA,31.28,5
2025-06-23 07:00:00,34,5950.64,5962.01085,8.8304,1435.1351,HIT/DEFESA,27.78,5
2025-06-23 07:00:00,134,5950.64,5979.11848,8.8304,1435.1351,HIT/DEFESA,27.78,5
2025-06-23 08:00:00,34,5958.01,5961.78223,14.9097,180.1966,HIT/DEFESA,12.78,5
2025-06-23 08:00:00,134,5958.01,5978.80577,14.9097,180.1966,HIT/DEFESA,12.78,5
2025-06-23 09:00:00,34,5960.04,5961.68267,15.3759,825.2632,HIT/DEFESA,1.88,5
2025-06-23 09:00:00,134,5960.04,5978.52775,15.3759,825.2632,HIT/DEFESA,1.88,5
2025-06-23 11:00:00,34,5982.17,5963.69426,40.5505,562.2222,HIT/DEFESA,8.26,5
2025-06-23 11:00:00,134,5982.17,5978.56365,40.5505,562.2222,HIT/DEFESA,8.26,5
2025-06-23 12:00:00,34,5978.42,5964.53573,30.8387,481.1429,HIT/DEFESA,10.51,5
2025-06-23 12:00:00,134,5978.42,5978.56152,30.8387,481.1429,HIT/DEFESA,10.51,5
2025-06-23 14:00:00,34,5961.92,5964.72323,-33.8506,320.4444,HIT/DEFESA,-2.24,5
2025-06-23 14:00:00,134,5961.92,5978.20155,-33.8506,320.4444,HIT/DEFESA,-2.24,5
2025-06-23 16:00:00,34,5990.43,5966.79544,32.8935,345.8333,HIT/DEFESA,19.75,5
2025-06-23 16:00:00,134,5990.43,5978.34941,32.8935,345.8333,HIT/DEFESA,19.75,5
2025-06-23 17:00:00,34,5988.93,5968.06027,45.3042,2240.0,HIT/DEFESA,36.75,5
2025-06-23 17:00:00,134,5988.93,5978.50616,45.3042,2240.0,HIT/DEFESA,36.75,5
2025-06-23 18:00:00,34,5982.8,5968.90254,11.5129,566.3009,HIT/DEFESA,43.34,5
2025-06-23 18:00:00,134,5982.8,5978.56977,11.5129,566.3009,HIT/DEFESA,43.34,5
2025-06-23 20:00:00,34,6010.43,5970.77865,35.8996,180.0,HIT/DEFESA,47.99,5
2025-06-23 20:00:00,134,6010.43,5978.76608,35.8996,180.0,HIT/DEFESA,47.99,5
2025-06-23 21:00:00,34,6010.18,5973.03016,45.7645,7570.0,HIT/DEFESA,46.37,5
2025-06-23 21:00:00,134,6010.18,5979.23147,45.7645,7570.0,HIT/DEFESA,46.37,5
2025-06-23 22:00:00,34,6025.68,5976.03872,110.7442,203.5189,HIT/DEFESA,38.87,5
2025-06-23 22:00:00,134,6025.68,5979.91959,110.7442,203.5189,HIT/DEFESA,38.87,5
2025-06-23 23:00:00,34,6026.14,5978.90165,26.1379,3852.381,HIT/DEFESA,30.91,5
2025-06-23 23:00:00,134,6026.14,5980.60434,26.1379,3852.381,HIT/DEFESA,30.91,5
2025-06-24 01:00:00,34,6051.3,5983.0387,68.4173,134.397,HIT/DEFESA,10.25,5
2025-06-24 01:00:00,134,6051.3,5981.65168,68.4173,134.397,HIT/DEFESA,10.25,5
2025-06-24 02:00:00,34,6058.42,5987.3462,54.3341,296.7977,HIT/DEFESA,2.88,5
2025-06-24 02:00:00,134,6058.42,5982.78899,54.3341,296.7977,HIT/DEFESA,2.88,5
2025-06-24 03:00:00,34,6056.55,5991.3007,50.4635,1235.4286,HIT/DEFESA,15.5,5
2025-06-24 03:00:00,134,6056.55,5983.88175,50.4635,1235.4286,HIT/DEFESA,15.5,5
2025-06-24 04:00:00,34,6064.55,5995.48638,21.8961,201.9036,HIT/DEFESA,22.53,5
2025-06-24 04:00:00,134,6064.55,5985.07683,21.8961,201.9036,HIT/DEFESA,22.53,5
2025-06-24 06:00:00,34,6061.55,6002.57834,8.2555,112.527,HIT/DEFESA,13.78,5
2025-06-24 06:00:00,134,6061.55,5987.26024,8.2555,112.527,HIT/DEFESA,13.78,5
2025-06-24 08:00:00,34,6072.05,6009.71193,24.7645,104.7273,HIT/DEFESA,0.78,5
2025-06-24 08:00:00,134,6072.05,5989.59702,24.7645,104.7273,HIT/DEFESA,0.78,5
2025-06-24 12:00:00,34,6077.33,6024.1755,-16.0175,702.3474,HIT/DEFESA,-1.99,5
2025-06-24 12:00:00,134,6077.33,5994.76898,-16.0175,702.3474,HIT/DEFESA,-1.99,5
2025-06-24 17:00:00,34,6075.34,6036.21176,1.6627,342.843,HIT/DEFESA,18.75,5
2025-06-24 17:00:00,134,6075.34,6000.28136,1.6627,342.843,HIT/DEFESA,18.75,5
2025-06-24 18:00:00,34,6083.84,6038.93338,24.7329,223.0,HIT/DEFESA,9.71,5
2025-06-24 18:00:00,134,6083.84,6001.51927,24.7329,223.0,HIT/DEFESA,9.71,5
2025-06-24 23:00:00,34,6093.55,6053.37506,-7.445,2614.2857,HIT/DEFESA,-0.76,5
2025-06-24 23:00:00,134,6093.55,6008.28648,-7.445,2614.2857,HIT/DEFESA,-0.76,5
2025-06-25 02:00:00,34,6096.54,6057.88439,4.0203,112.0,HIT/DEFESA,1.62,5
2025-06-25 02:00:00,134,6096.54,6010.8054,4.0203,112.0,HIT/DEFESA,1.62,5
2025-06-25 03:00:00,34,6098.04,6060.179,7.3684,1067.0,HIT/DEFESA,0.75,5
2025-06-25 03:00:00,134,6098.04,6012.09777,7.3684,1067.0,HIT/DEFESA,0.75,5
2025-06-25 04:00:00,34,6092.29,6062.01391,1.6417,110.3203,HIT/DEFESA,3.78,5
2025-06-25 04:00:00,134,6092.29,6013.2858,1.6417,110.3203,HIT/DEFESA,3.78,5
2025-06-25 09:00:00,34,6096.07,6070.68933,3.7415,243.7247,HIT/DEFESA,10.25,5
2025-06-25 09:00:00,134,6096.07,6019.23062,3.7415,243.7247,HIT/DEFESA,10.25,5
2025-06-25 17:00:00,34,6103.58,6082.49994,-4.4872,711.4078,HIT/DEFESA,-5.75,5
2025-06-25 17:00:00,134,6103.58,6028.5214,-4.4872,711.4078,HIT/DEFESA,-5.75,5
2025-06-25 23:00:00,34,6096.04,6085.84861,11.8414,271.2042,HIT/DEFESA,4.22,5
2025-06-25 23:00:00,134,6096.04,6034.10301,11.8414,271.2042,HIT/DEFESA,4.22,5
2025-06-26 01:00:00,34,6097.76,6086.52926,11.7887,270.3422,HIT/DEFESA,6.0,5
2025-06-26 01:00:00,134,6097.76,6035.04607,11.7887,270.3422,HIT/DEFESA,6.0,5
2025-06-26 03:00:00,34,6099.76,6087.89039,6.1023,486.2857,HIT/DEFESA,7.75,5
2025-06-26 03:00:00,134,6099.76,6036.92013,6.1023,486.2857,HIT/DEFESA,7.75,5
2025-06-26 05:00:00,34,6100.26,6089.1155,4.0999,177.6,HIT/DEFESA,11.03,5
2025-06-26 05:00:00,134,6100.26,6038.74283,4.0999,177.6,HIT/DEFESA,11.03,5
2025-06-26 06:00:00,34,6103.76,6089.95233,6.5576,137.8462,HIT/DEFESA,13.78,5
2025-06-26 06:00:00,134,6103.76,6039.70605,6.5576,137.8462,HIT/DEFESA,13.78,5
2025-06-26 07:00:00,34,6106.01,6090.86991,13.9401,182.8571,HIT/DEFESA,8.03,5
2025-06-26 07:00:00,134,6106.01,6040.68833,13.9401,182.8571,HIT/DEFESA,8.03,5
2025-06-26 08:00:00,34,6107.51,6091.82078,11.8847,281.1429,HIT/DEFESA,8.03,5
2025-06-26 08:00:00,134,6107.51,6041.67828,11.8847,281.1429,HIT/DEFESA,8.03,5
2025-06-26 09:00:00,34,6111.79,6092.96187,13.1558,190.4762,HIT/DEFESA,9.0,5
2025-06-26 09:00:00,134,6111.79,6042.71697,13.1558,190.4762,HIT/DEFESA,9.0,5
2025-06-26 10:00:00,34,6111.29,6094.0092,8.6472,1469.3333,HIT/DEFESA,6.25,5
2025-06-26 10:00:00,134,6111.29,6043.73287,8.6472,1469.3333,HIT/DEFESA,6.25,5
2025-06-26 11:00:00,34,6117.54,6095.35381,16.4224,145.6667,HIT/DEFESA,0.51,5
2025-06-26 11:00:00,134,6117.54,6044.8263,16.4224,145.6667,HIT/DEFESA,0.51,5
2025-06-26 12:00:00,34,6114.04,6096.4216,3.6814,215.2,HIT/DEFESA,17.01,5
2025-06-26 12:00:00,134,6114.04,6045.85169,3.6814,215.2,HIT/DEFESA,17.01,5
2025-06-26 13:00:00,34,6115.54,6097.51408,6.9543,592.0,HIT/DEFESA,17.01,5
2025-06-26 13:00:00,134,6115.54,6046.88411,6.9543,592.0,HIT/DEFESA,17.01,5
2025-06-26 14:00:00,34,6120.79,6098.84413,5.3126,176.6316,HIT/DEFESA,15.01,5
2025-06-26 14:00:00,134,6120.79,6047.97901,5.3126,176.6316,HIT/DEFESA,15.01,5
2025-06-26 15:00:00,34,6117.54,6099.91246,5.7245,508.0,HIT/DEFESA,22.76,5
2025-06-26 15:00:00,134,6117.54,6049.00955,5.7245,508.0,HIT/DEFESA,22.76,5
2025-06-26 16:00:00,34,6118.05,6100.94889,4.1043,3556.1798,HIT/DEFESA,24.0,5
2025-06-26 16:00:00,134,6118.05,6050.03237,4.1043,3556.1798,HIT/DEFESA,24.0,5
2025-06-26 17:00:00,34,6131.05,6102.66896,16.7625,198.449,HIT/DEFESA,16.25,5
2025-06-26 17:00:00,134,6131.05,6051.23263,16.7625,198.449,HIT/DEFESA,16.25,5
2025-06-26 18:00:00,34,6132.55,6104.37645,24.536,1316.0,HIT/DEFESA,13.71,5
2025-06-26 18:00:00,134,6132.55,6052.43733,24.536,1316.0,HIT/DEFESA,13.71,5
2025-06-26 19:00:00,34,6135.8,6106.17208,29.0125,315.7143,HIT/DEFESA,16.8,5
2025-06-26 19:00:00,134,6135.8,6053.67233,29.0125,315.7143,HIT/DEFESA,16.8,5
2025-06-26 20:00:00,34,6140.3,6108.12224,15.0871,235.3684,HIT/DEFESA,7.8,5
2025-06-26 20:00:00,134,6140.3,6054.95571,15.0871,235.3684,HIT/DEFESA,7.8,5
2025-06-26 21:00:00,34,6142.05,6110.06097,15.4911,870.6667,HIT/DEFESA,5.05,5
2025-06-26 21:00:00,134,6142.05,6056.24599,15.4911,870.6667,HIT/DEFESA,5.05,5
2025-06-26 22:00:00,34,6147.3,6112.18892,18.7425,312.8,HIT/DEFESA,2.3,5
2025-06-26 22:00:00,134,6147.3,6057.59494,18.7425,312.8,HIT/DEFESA,2.3,5
2025-06-26 23:00:00,34,6146.26,6114.13584,9.7064,475.3247,HIT/DEFESA,7.09,5
2025-06-26 23:00:00,134,6146.26,6058.9085,9.7064,475.3247,HIT/DEFESA,7.09,5
2025-06-27 01:00:00,34,6152.6,6116.33379,17.1767,239.2694,HIT/DEFESA,0.75,5
2025-06-27 01:00:00,134,6152.6,6060.29652,17.1767,239.2694,HIT/DEFESA,0.75,5
2025-06-27 02:00:00,34,6148.1,6118.149,1.3014,138.961,HIT/DEFESA,3.5,5
2025-06-27 02:00:00,134,6148.1,6061.59731,1.3014,138.961,HIT/DEFESA,3.5,5
2025-06-27 03:00:00,34,6147.1,6119.80334,1.3667,1018.4,HIT/DEFESA,8.75,5
2025-06-27 03:00:00,134,6147.1,6062.86402,1.3667,1018.4,HIT/DEFESA,8.75,5
2025-06-27 05:00:00,34,6153.35,6123.32567,8.5392,105.5,HIT/DEFESA,8.28,5
2025-06-27 05:00:00,134,6153.35,6065.47049,8.5392,105.5,HIT/DEFESA,8.28,5
2025-06-27 06:00:00,34,6153.35,6125.04134,10.1674,3275.0,HIT/DEFESA,10.03,5
2025-06-27 06:00:00,134,6153.35,6066.77241,10.1674,3275.0,HIT/DEFESA,10.03,5
2025-06-27 07:00:00,34,6151.6,6126.55898,3.2522,108.5,HIT/DEFESA,10.28,5
2025-06-27 07:00:00,134,6151.6,6068.02912,3.2522,108.5,HIT/DEFESA,10.28,5
2025-06-27 08:00:00,34,6155.85,6128.23275,4.0628,79.5556,HIT/DEFESA,5.28,5
2025-06-27 08:00:00,134,6155.85,6069.33017,4.0628,79.5556,HIT/DEFESA,5.28,5
2025-06-27 09:00:00,34,6162.38,6130.18402,14.6749,118.6306,HIT/DEFESA,7.5,5
2025-06-27 09:00:00,134,6162.38,6070.70868,14.6749,118.6306,HIT/DEFESA,7.5,5
2025-06-27 11:00:00,34,6163.38,6133.77517,12.2323,676.0,HIT/DEFESA,6.51,5
2025-06-27 11:00:00,134,6163.38,6073.40862,12.2323,676.0,HIT/DEFESA,6.51,5
2025-06-27 14:00:00,34,6169.88,6138.73981,10.5462,62.0,HIT/DEFESA,16.26,5
2025-06-27 14:00:00,134,6169.88,6077.39029,10.5462,62.0,HIT/DEFESA,16.26,5
2025-06-27 17:00:00,34,6174.39,6143.59265,7.3097,725.3333,HIT/DEFESA,0.5,5
2025-06-27 17:00:00,134,6174.39,6081.38149,7.3097,725.3333,HIT/DEFESA,0.5,5
2025-06-27 19:00:00,34,6186.14,6148.27587,26.3376,998.4,HIT/DEFESA,6.3,5
2025-06-27 19:00:00,134,6186.14,6084.4515,26.3376,998.4,HIT/DEFESA,6.3,5
2025-06-27 23:00:00,34,6172.35,6151.53539,7.231,624.0223,HIT/DEFESA,27.09,5
2025-06-27 23:00:00,134,6172.35,6089.03486,7.231,624.0223,HIT/DEFESA,27.09,5
2025-06-30 01:00:00,34,6192.44,6153.87279,87.6416,120.2791,HIT/DEFESA,8.75,5
2025-06-30 01:00:00,134,6192.44,6090.56679,87.6416,120.2791,HIT/DEFESA,8.75,5
2025-06-30 02:00:00,34,6191.44,6156.01949,26.8021,1021.3333,HIT/DEFESA,9.5,5
2025-06-30 02:00:00,134,6191.44,6092.06121,26.8021,1021.3333,HIT/DEFESA,9.5,5
2025-06-30 03:00:00,34,6193.44,6158.1578,34.1685,411.1111,HIT/DEFESA,10.62,5
2025-06-30 03:00:00,134,6193.44,6093.56312,34.1685,411.1111,HIT/DEFESA,10.62,5
2025-06-30 05:00:00,34,6199.44,6162.33689,12.9211,76.6452,HIT/DEFESA,0.28,5
2025-06-30 05:00:00,134,6199.44,6096.56751,12.9211,76.6452,HIT/DEFESA,0.28,5
2025-06-30 10:00:00,34,6199.72,6172.43915,-1.9674,250.6667,HIT/DEFESA,-1.25,5
2025-06-30 10:00:00,134,6199.72,6104.1476,-1.9674,250.6667,HIT/DEFESA,-1.25,5
2025-06-30 11:00:00,34,6199.97,6174.01234,-6.5925,7870000.0,HIT/DEFESA,-7.99,5
2025-06-30 11:00:00,134,6199.97,6105.56719,-6.5925,7870000.0,HIT/DEFESA,-7.99,5
2025-06-30 12:00:00,34,6200.47,6175.52421,-5.6415,1828.0,HIT/DEFESA,-12.49,5
2025-06-30 12:00:00,134,6200.47,6106.97316,-5.6415,1828.0,HIT/DEFESA,-12.49,5
2025-06-30 15:00:00,34,6198.47,6179.77336,-3.2256,162.1053,HIT/DEFESA,-12.49,5
2025-06-30 15:00:00,134,6198.47,6111.1282,-3.2256,162.1053,HIT/DEFESA,-12.49,5
2025-06-30 19:00:00,34,6194.23,6182.28559,3.6337,1009.3333,HIT/DEFESA,3.86,5
2025-06-30 19:00:00,134,6194.23,6115.79711,3.6337,1009.3333,HIT/DEFESA,3.86,5
2025-06-30 21:00:00,34,6196.73,6183.31003,6.8632,205.5455,HIT/DEFESA,12.61,5
2025-06-30 21:00:00,134,6196.73,6118.02046,6.8632,205.5455,HIT/DEFESA,12.61,5
2025-06-30 22:00:00,34,6206.48,6184.63403,19.7765,299.2,HIT/DEFESA,4.86,5
2025-06-30 22:00:00,134,6206.48,6119.33097,19.7765,299.2,HIT/DEFESA,4.86,5
2025-06-30 23:00:00,34,6199.69,6185.49437,22.163,130.6836,HIT/DEFESA,2.9,5
2025-06-30 23:00:00,134,6199.69,6120.52147,22.163,130.6836,HIT/DEFESA,2.9,5
2025-07-01 01:00:00,34,6198.09,6186.21412,2.1947,421.1679,HIT/DEFESA,3.0,5
2025-07-01 01:00:00,134,6198.09,6121.67064,2.1947,421.1679,HIT/DEFESA,3.0,5
2025-07-01 02:00:00,34,6204.09,6187.2356,-3.8508,85.5652,HIT/DEFESA,-5.75,5
2025-07-01 02:00:00,134,6204.09,6122.89167,-3.8508,85.5652,HIT/DEFESA,-5.75,5
2025-07-01 05:00:00,34,6202.59,6190.53456,-2.4178,52.2353,HIT/DEFESA,-4.97,5
2025-07-01 05:00:00,134,6202.59,6126.60637,-2.4178,52.2353,HIT/DEFESA,-4.97,5
2025-07-01 06:00:00,34,6201.09,6191.13773,-13.2864,173.1429,HIT/DEFESA,-3.22,5
2025-07-01 06:00:00,134,6201.09,6127.70983,-13.2864,173.1429,HIT/DEFESA,-3.22,5
2025-07-01 07:00:00,34,6198.34,6191.54929,-20.9295,138.5496,HIT/DEFESA,-3.22,5
2025-07-01 07:00:00,134,6198.34,6128.7562,-20.9295,138.5496,HIT/DEFESA,-3.22,5
2025-07-01 08:00:00,34,6197.34,6191.88018,-8.4642,341.6,HIT/DEFESA,-1.97,5
2025-07-01 08:00:00,134,6197.34,6129.77226,-8.4642,341.6,HIT/DEFESA,-1.97,5
2025-07-01 09:00:00,34,6197.62,6192.20817,-5.5958,24100.0,HIT/DEFESA,-2.88,5
2025-07-01 09:00:00,134,6197.62,6130.77741,-5.5958,24100.0,HIT/DEFESA,-2.88,5
2025-07-01 10:00:00,34,6197.62,6192.51742,-1.1616,5732.0,HIT/DEFESA,-9.5,5
2025-07-01 10:00:00,134,6197.62,6131.76767,-1.1616,5732.0,HIT/DEFESA,-9.5,5
2025-07-01 11:00:00,34,6197.87,6192.82328,0.8552,15430000.0,HIT/DEFESA,0.63,5
2025-07-01 11:00:00,134,6197.87,6132.74696,0.8552,15430000.0,HIT/DEFESA,0.63,5
2025-07-01 12:00:00,34,6195.12,6192.95452,-4.0338,309.2,HIT/DEFESA,-3.74,5
2025-07-01 12:00:00,134,6195.12,6133.67101,-4.0338,309.2,HIT/DEFESA,-3.74,5
2025-07-01 16:00:00,34,6198.5,6193.21733,5.0522,253.4337,HIT/DEFESA,8.38,5
2025-07-01 16:00:00,134,6198.5,6137.17829,5.0522,253.4337,HIT/DEFESA,8.38,5
2025-07-01 18:00:00,34,6196.13,6193.28478,12.9442,846.2,HIT/DEFESA,5.21,5
2025-07-01 18:00:00,134,6196.13,6138.84274,12.9442,846.2,HIT/DEFESA,5.21,5
2025-07-01 21:00:00,34,6206.88,6195.32542,17.3495,266.08,HIT/DEFESA,0.71,5
2025-07-01 21:00:00,134,6206.88,6141.77301,17.3495,266.08,HIT/DEFESA,0.71,5
2025-07-02 01:00:00,34,6208.47,6196.77165,2.5617,114.5648,HIT/DEFESA,5.5,5
2025-07-02 01:00:00,134,6208.47,6144.50558,2.5617,114.5648,HIT/DEFESA,5.5,5
2025-07-02 02:00:00,34,6206.47,6197.32585,6.1909,273.7143,HIT/DEFESA,13.5,5
2025-07-02 02:00:00,134,6206.47,6145.42358,6.1909,273.7143,HIT/DEFESA,13.5,5
2025-07-02 03:00:00,34,6207.59,6197.91237,10.0785,809.1954,HIT/DEFESA,11.38,5
2025-07-02 03:00:00,134,6207.59,6146.34456,10.0785,809.1954,HIT/DEFESA,11.38,5
2025-07-02 10:00:00,34,6211.87,6203.82567,-13.0226,129.3745,HIT/DEFESA,-17.37,5
2025-07-02 10:00:00,134,6211.87,6153.16663,-13.0226,129.3745,HIT/DEFESA,-17.37,5
2025-07-02 11:00:00,34,6209.5,6204.14992,-15.2276,722.2222,HIT/DEFESA,-9.74,5
2025-07-02 11:00:00,134,6209.5,6154.0012,-15.2276,722.2222,HIT/DEFESA,-9.74,5
2025-07-02 17:00:00,34,6214.26,6204.56602,15.9404,166.4407,HIT/DEFESA,15.75,5
2025-07-02 17:00:00,134,6214.26,6158.42278,15.9404,166.4407,HIT/DEFESA,15.75,5
2025-07-02 18:00:00,34,6219.51,6205.41996,40.3745,382.2,HIT/DEFESA,12.71,5
2025-07-02 18:00:00,134,6219.51,6159.32778,40.3745,382.2,HIT/DEFESA,12.71,5
2025-07-02 19:00:00,34,6222.51,6206.39653,36.695,394.7692,HIT/DEFESA,8.77,5
2025-07-02 19:00:00,134,6222.51,6160.26381,36.695,394.7692,HIT/DEFESA,8.77,5
2025-07-02 20:00:00,34,6220.76,6207.2173,10.4598,771.3333,HIT/DEFESA,11.27,5
2025-07-02 20:00:00,134,6220.76,6161.16005,10.4598,771.3333,HIT/DEFESA,11.27,5
2025-07-02 21:00:00,34,6225.01,6208.23403,8.8431,250.25,HIT/DEFESA,6.77,5
2025-07-02 21:00:00,134,6225.01,6162.10598,8.8431,250.25,HIT/DEFESA,6.77,5
2025-07-02 22:00:00,34,6230.01,6209.47837,12.053,286.3158,HIT/DEFESA,0.77,5
2025-07-02 22:00:00,134,6230.01,6163.11196,12.053,286.3158,HIT/DEFESA,0.77,5
2025-07-03 01:00:00,34,6231.28,6211.94944,10.0723,426.8116,HIT/DEFESA,2.0,5
2025-07-03 01:00:00,134,6231.28,6165.13052,10.0723,426.8116,HIT/DEFESA,2.0,5
2025-07-03 02:00:00,34,6232.03,6213.0969,3.2424,232.9545,HIT/DEFESA,2.62,5
2025-07-03 02:00:00,134,6232.03,6166.12162,3.2424,232.9545,HIT/DEFESA,2.62,5
2025-07-03 10:00:00,34,6235.06,6220.75549,0.6576,1442.0,HIT/DEFESA,4.75,5
2025-07-03 10:00:00,134,6235.06,6173.6845,0.6576,1442.0,HIT/DEFESA,4.75,5
2025-07-03 14:00:00,34,6235.06,6223.06506,9.6323,223.3846,HIT/DEFESA,42.51,5
2025-07-03 14:00:00,134,6235.06,6177.04445,9.6323,223.3846,HIT/DEFESA,42.51,5
2025-07-03 15:00:00,34,6239.81,6224.02191,15.248,544.9524,HIT/DEFESA,38.13,5
2025-07-03 15:00:00,134,6239.81,6177.97431,15.248,544.9524,HIT/DEFESA,38.13,5
2025-07-03 16:00:00,34,6264.44,6226.33152,51.9571,104.1801,HIT/DEFESA,8.39,5
2025-07-03 16:00:00,134,6264.44,6179.25528,51.9571,104.1801,HIT/DEFESA,8.39,5
2025-07-04 01:00:00,34,6272.83,6239.44474,-17.4894,492.4051,HIT/DEFESA,-9.25,5
2025-07-04 01:00:00,134,6272.83,6186.35064,-17.4894,492.4051,HIT/DEFESA,-9.25,5
2025-07-04 02:00:00,34,6270.58,6241.2239,-11.1349,211.5,HIT/DEFESA,-8.88,5
2025-07-04 02:00:00,134,6270.58,6187.59848,-11.1349,211.5,HIT/DEFESA,-8.88,5
2025-07-04 03:00:00,34,6267.2,6242.70825,-17.1075,232.9231,HIT/DEFESA,-3.62,5
2025-07-04 03:00:00,134,6267.2,6188.77776,-17.1075,232.9231,HIT/DEFESA,-3.62,5
2025-07-04 04:00:00,34,6269.83,6244.25806,-4.7825,233.2,HIT/DEFESA,-12.1,5
2025-07-04 04:00:00,134,6269.83,6189.97854,-4.7825,233.2,HIT/DEFESA,-12.1,5
2025-07-04 05:00:00,34,6266.08,6245.50503,-7.1764,164.8579,HIT/DEFESA,-20.22,5
2025-07-04 05:00:00,134,6266.08,6191.10597,-7.1764,164.8579,HIT/DEFESA,-20.22,5
2025-07-04 06:00:00,34,6263.58,6246.53789,-5.7761,155.5556,HIT/DEFESA,-21.72,5
2025-07-04 06:00:00,134,6263.58,6192.17966,-5.7761,155.5556,HIT/DEFESA,-21.72,5
2025-07-04 07:00:00,34,6261.7,6247.40429,-12.9669,272.0,HIT/DEFESA,-17.22,5
2025-07-04 07:00:00,134,6261.7,6193.20959,-12.9669,272.0,HIT/DEFESA,-17.22,5
2025-07-04 08:00:00,34,6263.58,6248.32862,-3.9897,287.4286,HIT/DEFESA,-26.97,5
2025-07-04 08:00:00,134,6263.58,6194.25211,-3.9897,287.4286,HIT/DEFESA,-26.97,5
2025-07-04 09:00:00,34,6257.73,6248.86584,-9.3397,157.2131,HIT/DEFESA,-17.25,5
2025-07-04 09:00:00,134,6257.73,6195.19252,-9.3397,157.2131,HIT/DEFESA,-17.25,5
2025-07-04 10:00:00,34,6245.86,6248.69408,-25.2966,151.4167,HIT/DEFESA,-5.88,5
2025-07-04 10:00:00,134,6245.86,6195.94315,-25.2966,151.4167,HIT/DEFESA,-5.88,5
2025-07-04 14:00:00,34,6240.48,6247.03225,-2.2109,406.9333,HIT/DEFESA,-1.61,5
2025-07-04 14:00:00,134,6240.48,6198.54488,-2.2109,406.9333,HIT/DEFESA,-1.61,5
2025-07-04 15:00:00,34,6239.98,6246.62926,-7.2064,1809.5238,HIT/DEFESA,-0.86,5
2025-07-04 15:00:00,134,6239.98,6199.15874,-7.2064,1809.5238,HIT/DEFESA,-0.86,5
2025-07-04 16:00:00,34,6242.62,6246.40016,9.6366,752.988,HIT/DEFESA,15.73,5
2025-07-04 16:00:00,134,6242.62,6199.80261,9.6366,752.988,HIT/DEFESA,15.73,5
2025-07-04 17:00:00,34,6245.49,6246.34815,8.0282,444.0,HIT/DEFESA,13.36,5
2025-07-04 17:00:00,134,6245.49,6200.47946,8.0282,444.0,HIT/DEFESA,13.36,5
2025-07-04 18:00:00,34,6244.62,6246.2494,7.4359,1297.3333,HIT/DEFESA,14.48,5
2025-07-04 18:00:00,134,6244.62,6201.13339,7.4359,1297.3333,HIT/DEFESA,14.48,5
2025-07-07 01:00:00,34,6258.35,6246.18188,21.9869,1042.8571,HIT/DEFESA,1.0,5
2025-07-07 01:00:00,134,6258.35,6203.07809,21.9869,1042.8571,HIT/DEFESA,1.0,5
2025-07-07 04:00:00,34,6254.85,6248.01673,-5.5925,349.2718,HIT/DEFESA,-2.72,5
2025-07-07 04:00:00,134,6254.85,6205.46469,-5.5925,349.2718,HIT/DEFESA,-2.72,5
2025-07-07 05:00:00,34,6255.6,6248.45006,-5.1926,1020.4545,HIT/DEFESA,-0.47,5
2025-07-07 05:00:00,134,6255.6,6206.20744,-5.1926,1020.4545,HIT/DEFESA,-0.47,5
2025-07-07 07:00:00,34,6254.97,6249.40989,0.1919,125.1765,HIT/DEFESA,8.91,5
2025-07-07 07:00:00,134,6254.97,6207.70548,0.1919,125.1765,HIT/DEFESA,8.91,5
2025-07-07 10:00:00,34,6255.13,6250.13425,0.2558,583.6364,HIT/DEFESA,5.0,5
2025-07-07 10:00:00,134,6255.13,6209.72716,0.2558,583.6364,HIT/DEFESA,5.0,5
2025-07-07 15:00:00,34,6260.13,6253.0244,-5.9867,122.1167,HIT/DEFESA,-34.24,5
2025-07-07 15:00:00,134,6260.13,6213.43543,-5.9867,122.1167,HIT/DEFESA,-34.24,5
2025-07-07 17:00:00,34,6247.39,6253.2205,-33.088,195.0,HIT/DEFESA,-14.0,5
2025-07-07 17:00:00,134,6247.39,6214.65661,-33.088,195.0,HIT/DEFESA,-14.0,5
2025-07-07 18:00:00,34,6243.14,6252.64447,-27.14,582.0,HIT/DEFESA,-22.54,5
2025-07-07 18:00:00,134,6243.14,6215.07859,-27.14,582.0,HIT/DEFESA,-22.54,5
2025-07-07 19:00:00,34,6223.64,6250.98707,-62.2741,321.2152,HIT/DEFESA,-3.27,5
2025-07-07 19:00:00,134,6223.64,6215.20543,-62.2741,321.2152,HIT/DEFESA,-3.27,5
2025-07-08 03:00:00,34,6231.87,6242.75352,18.1172,257.6208,HIT/DEFESA,7.75,5
2025-07-08 03:00:00,134,6231.87,6216.3322,18.1172,257.6208,HIT/DEFESA,7.75,5
2025-07-08 04:00:00,34,6230.37,6242.04589,16.0762,754.4,HIT/DEFESA,11.15,5
2025-07-08 04:00:00,134,6230.37,6216.54017,16.0762,754.4,HIT/DEFESA,11.15,5
2025-07-08 05:00:00,34,6237.74,6241.79984,17.8588,76.2467,HIT/DEFESA,7.41,5
2025-07-08 05:00:00,134,6237.74,6216.85424,17.8588,76.2467,HIT/DEFESA,7.41,5
2025-07-08 06:00:00,34,6234.37,6241.37528,4.0116,122.4615,HIT/DEFESA,7.03,5
2025-07-08 06:00:00,134,6234.37,6217.11373,4.0116,122.4615,HIT/DEFESA,7.03,5
2025-07-08 07:00:00,34,6234.49,6240.98183,6.6128,1267.5676,HIT/DEFESA,1.78,5
2025-07-08 07:00:00,134,6234.49,6217.37116,6.6128,1267.5676,HIT/DEFESA,1.78,5
2025-07-08 08:00:00,34,6239.62,6240.90401,3.0139,115.2,HIT/DEFESA,1.78,5
2025-07-08 08:00:00,134,6239.62,6217.70077,3.0139,115.2,HIT/DEFESA,1.78,5
2025-07-08 12:00:00,34,6236.27,6240.91113,-8.4114,188.3197,HIT/DEFESA,-6.36,5
2025-07-08 12:00:00,134,6236.27,6219.05389,-8.4114,188.3197,HIT/DEFESA,-6.36,5
2025-07-08 13:00:00,34,6241.4,6240.93906,-6.0047,190.5738,HIT/DEFESA,-4.99,5
2025-07-08 13:00:00,134,6241.4,6219.38494,-6.0047,190.5738,HIT/DEFESA,-4.99,5
2025-07-08 14:00:00,34,6240.65,6240.92255,-1.2017,1206.0,HIT/DEFESA,-6.99,5
2025-07-08 14:00:00,134,6240.65,6219.69998,-1.2017,1206.0,HIT/DEFESA,-6.99,5
2025-07-08 16:00:00,34,6232.41,6240.40796,-14.4038,270.3883,HIT/DEFESA,-1.25,5
2025-07-08 16:00:00,134,6232.41,6220.1904,-14.4038,270.3883,HIT/DEFESA,-1.25,5
2025-07-08 17:00:00,34,6229.91,6239.80808,-17.2097,1713.3333,HIT/DEFESA,-0.75,5
2025-07-08 17:00:00,134,6229.91,6220.3344,-17.2097,1713.3333,HIT/DEFESA,-0.75,5
2025-07-08 18:00:00,34,6236.41,6239.6139,-6.3938,440.16,HIT/DEFESA,-6.54,5
2025-07-08 18:00:00,134,6236.41,6220.57255,-6.3938,440.16,HIT/DEFESA,-6.54,5
2025-07-08 21:00:00,34,6231.16,6238.70963,-8.4183,302.8333,HIT/DEFESA,-7.31,5
2025-07-08 21:00:00,134,6231.16,6221.16334,-8.4183,302.8333,HIT/DEFESA,-7.31,5
2025-07-08 22:00:00,34,6229.16,6238.16394,-7.2189,1079.4286,HIT/DEFESA,-1.81,5
2025-07-08 22:00:00,134,6229.16,6221.28181,-7.2189,1079.4286,HIT/DEFESA,-1.81,5
2025-07-08 23:00:00,34,6229.87,6237.69,-12.0884,360.4167,HIT/DEFESA,-3.9,5
2025-07-08 23:00:00,134,6229.87,6221.40904,-12.0884,360.4167,HIT/DEFESA,-3.9,5
2025-07-09 06:00:00,34,6223.97,6234.48242,0.1928,226.7606,HIT/DEFESA,6.91,5
2025-07-09 06:00:00,134,6223.97,6221.89481,0.1928,226.7606,HIT/DEFESA,6.91,5
2025-07-09 09:00:00,34,6229.88,6233.33813,9.4955,188.2576,HIT/DEFESA,13.5,5
2025-07-09 09:00:00,134,6229.88,6222.13468,9.4955,188.2576,HIT/DEFESA,13.5,5
2025-07-09 10:00:00,34,6230.88,6233.19767,5.6685,1697.3333,HIT/DEFESA,15.0,5
2025-07-09 10:00:00,134,6230.88,6222.26424,5.6685,1697.3333,HIT/DEFESA,15.0,5
2025-07-09 11:00:00,34,6230.88,6233.06523,9.687,6684.6154,HIT/DEFESA,38.26,5
2025-07-09 11:00:00,134,6230.88,6222.39188,9.687,6684.6154,HIT/DEFESA,38.26,5
2025-07-09 12:00:00,34,6239.38,6233.42607,15.2491,129.3333,HIT/DEFESA,1.01,5
2025-07-09 12:00:00,134,6239.38,6222.64356,15.2491,129.3333,HIT/DEFESA,1.01,5
2025-07-09 13:00:00,34,6239.38,6233.7663,13.6417,3628.0,HIT/DEFESA,6.01,5
2025-07-09 13:00:00,134,6239.38,6222.89151,13.6417,3628.0,HIT/DEFESA,6.01,5
2025-07-09 14:00:00,34,6243.38,6234.31565,20.0614,189.1753,HIT/DEFESA,3.01,5
2025-07-09 14:00:00,134,6243.38,6223.19504,20.0614,189.1753,HIT/DEFESA,3.01,5
2025-07-09 15:00:00,34,6245.88,6234.97647,10.4177,294.9091,HIT/DEFESA,4.76,5
2025-07-09 15:00:00,134,6245.88,6223.53111,10.4177,294.9091,HIT/DEFESA,4.76,5
2025-07-09 20:00:00,34,6250.64,6238.81754,16.4253,490.6393,HIT/DEFESA,11.62,5
2025-07-09 20:00:00,134,6250.64,6225.45602,16.4253,490.6393,HIT/DEFESA,11.62,5
2025-07-10 02:00:00,34,6262.26,6245.38679,-6.5907,55.6923,HIT/DEFESA,-11.38,5
2025-07-10 02:00:00,134,6262.26,6228.26712,-6.5907,55.6923,HIT/DEFESA,-11.38,5
2025-07-10 03:00:00,34,6255.51,6245.96526,-15.307,155.4381,HIT/DEFESA,-3.25,5
2025-07-10 03:00:00,134,6255.51,6228.67072,-15.307,155.4381,HIT/DEFESA,-3.25,5
2025-07-10 04:00:00,34,6251.51,6246.2821,-27.1197,212.4706,HIT/DEFESA,-1.97,5
2025-07-10 04:00:00,134,6251.51,6229.00908,-27.1197,212.4706,HIT/DEFESA,-1.97,5
2025-07-10 05:00:00,34,6257.01,6246.89512,-8.3836,99.619,HIT/DEFESA,-4.22,5
2025-07-10 05:00:00,134,6257.01,6229.42391,-8.3836,99.619,HIT/DEFESA,-4.22,5
2025-07-10 10:00:00,34,6252.79,6248.05169,3.0556,390.2367,HIT/DEFESA,8.5,5
2025-07-10 10:00:00,134,6252.79,6231.0059,3.0556,390.2367,HIT/DEFESA,8.5,5
2025-07-10 12:00:00,34,6257.04,6249.1708,12.0009,267.6,HIT/DEFESA,16.76,5
2025-07-10 12:00:00,134,6257.04,6231.8044,12.0009,267.6,HIT/DEFESA,16.76,5
2025-07-10 13:00:00,34,6261.04,6249.84904,13.1941,136.9412,HIT/DEFESA,21.51,5
2025-07-10 13:00:00,134,6261.04,6232.23752,13.1941,136.9412,HIT/DEFESA,21.51,5
2025-07-10 14:00:00,34,6268.04,6250.88852,13.9792,106.7586,HIT/DEFESA,12.76,5
2025-07-10 14:00:00,134,6268.04,6232.76793,13.9792,106.7586,HIT/DEFESA,12.76,5
2025-07-10 15:00:00,34,6261.29,6251.48289,6.7923,170.1538,HIT/DEFESA,30.26,5
2025-07-10 15:00:00,134,6261.29,6233.19048,6.7923,170.1538,HIT/DEFESA,30.26,5
2025-07-10 17:00:00,34,6273.8,6253.15238,9.1895,200.7458,HIT/DEFESA,10.25,5
2025-07-10 17:00:00,134,6273.8,6234.16588,9.1895,200.7458,HIT/DEFESA,10.25,5
2025-07-10 19:00:00,34,6280.8,6256.31612,35.1505,776.0,HIT/DEFESA,7.0,5
2025-07-10 19:00:00,134,6280.8,6235.56294,35.1505,776.0,HIT/DEFESA,7.0,5
2025-07-10 23:00:00,34,6280.26,6262.49088,-17.9447,103.3898,HIT/DEFESA,-17.46,5
2025-07-10 23:00:00,134,6280.26,6238.48423,-17.9447,103.3898,HIT/DEFESA,-17.46,5
2025-07-11 01:00:00,34,6287.8,6263.93712,-0.7951,66.6154,HIT/DEFESA,-19.0,5
2025-07-11 01:00:00,134,6287.8,6239.21484,-0.7951,66.6154,HIT/DEFESA,-19.0,5
2025-07-11 05:00:00,34,6262.8,6264.20629,-42.1351,219.5294,HIT/DEFESA,-12.47,5
2025-07-11 05:00:00,134,6262.8,6240.74417,-42.1351,219.5294,HIT/DEFESA,-12.47,5
2025-07-11 08:00:00,34,6261.8,6264.56311,-1.5967,92.5714,HIT/DEFESA,-21.97,5
2025-07-11 08:00:00,134,6261.8,6241.87266,-1.5967,92.5714,HIT/DEFESA,-21.97,5
2025-07-11 09:00:00,34,6265.83,6264.63551,-4.7377,285.6777,HIT/DEFESA,-15.5,5
2025-07-11 09:00:00,134,6265.83,6242.22758,-4.7377,285.6777,HIT/DEFESA,-15.5,5
2025-07-11 10:00:00,34,6250.33,6263.81805,-29.861,155.1475,HIT/DEFESA,-1.38,5
2025-07-11 10:00:00,134,6250.33,6242.34762,-29.861,155.1475,HIT/DEFESA,-1.38,5
2025-07-11 15:00:00,34,6248.95,6259.2884,14.2146,1287.6106,HIT/DEFESA,19.89,5
2025-07-11 15:00:00,134,6248.95,6242.6085,14.2146,1287.6106,HIT/DEFESA,19.89,5
2025-07-11 16:00:00,34,6255.59,6259.07706,25.2571,535.6509,HIT/DEFESA,12.0,5
2025-07-11 16:00:00,134,6255.59,6242.80082,25.2571,535.6509,HIT/DEFESA,12.0,5
2025-07-11 22:00:00,34,6259.09,6260.62474,-12.7651,327.6364,HIT/DEFESA,-25.16,5
2025-07-11 22:00:00,134,6259.09,6244.63948,-12.7651,327.6364,HIT/DEFESA,-25.16,5
2025-07-11 23:00:00,34,6255.3,6260.32047,-21.5989,188.4498,HIT/DEFESA,-22.62,5
2025-07-11 23:00:00,134,6255.3,6244.79741,-21.5989,188.4498,HIT/DEFESA,-22.62,5
2025-07-14 01:00:00,34,6240.68,6259.19815,-42.9352,202.1463,HIT/DEFESA,-5.5,5
2025-07-14 01:00:00,134,6240.68,6244.73641,-42.9352,202.1463,HIT/DEFESA,-5.5,5
2025-07-14 02:00:00,34,6237.43,6257.95426,-34.6057,435.2564,HIT/DEFESA,-4.5,5
2025-07-14 02:00:00,134,6237.43,6244.62817,-34.6057,435.2564,HIT/DEFESA,-4.5,5
2025-07-14 03:00:00,34,6232.93,6256.5243,-35.7617,281.2632,HIT/DEFESA,-6.25,5
2025-07-14 03:00:00,134,6232.93,6244.45486,-35.7617,281.2632,HIT/DEFESA,-6.25,5
2025-07-14 04:00:00,34,6233.93,6255.2332,-10.8161,1211.1111,HIT/DEFESA,-5.47,5
2025-07-14 04:00:00,134,6233.93,6244.29894,-10.8161,1211.1111,HIT/DEFESA,-5.47,5
2025-07-14 06:00:00,34,6235.18,6252.87219,3.6099,144.4867,HIT/DEFESA,6.03,5
2025-07-14 06:00:00,134,6235.18,6243.99426,3.6099,144.4867,HIT/DEFESA,6.03,5
2025-07-14 10:00:00,34,6238.96,6248.47625,9.6744,211.8049,HIT/DEFESA,5.75,5
2025-07-14 10:00:00,134,6238.96,6243.28725,9.6744,211.8049,HIT/DEFESA,5.75,5
2025-07-14 11:00:00,34,6241.21,6248.06104,23.3351,445.2,HIT/DEFESA,10.01,5
2025-07-14 11:00:00,134,6241.21,6243.25648,23.3351,445.2,HIT/DEFESA,10.01,5
2025-07-14 12:00:00,34,6245.46,6247.91241,27.2941,126.1501,HIT/DEFESA,14.01,5
2025-07-14 12:00:00,134,6245.46,6243.28912,27.2941,126.1501,HIT/DEFESA,14.01,5
2025-07-14 13:00:00,34,6241.96,6247.57227,4.8085,196.9613,HIT/DEFESA,22.26,5
2025-07-14 13:00:00,134,6241.96,6243.26943,4.8085,196.9613,HIT/DEFESA,22.26,5
2025-07-14 14:00:00,34,6243.71,6247.35157,4.0056,744.1718,HIT/DEFESA,24.01,5
2025-07-14 14:00:00,134,6243.71,6243.27596,4.0056,744.1718,HIT/DEFESA,24.01,5
2025-07-14 16:00:00,34,6251.22,6247.4303,14.8351,514.7929,HIT/DEFESA,23.75,5
2025-07-14 16:00:00,134,6251.22,6243.41458,14.8351,514.7929,HIT/DEFESA,23.75,5
2025-07-14 17:00:00,34,6259.47,6248.11828,25.2414,432.5161,HIT/DEFESA,13.0,5
2025-07-14 17:00:00,134,6259.47,6243.65244,25.2414,432.5161,HIT/DEFESA,13.0,5
2025-07-14 18:00:00,34,6264.22,6249.03838,31.2424,389.9048,HIT/DEFESA,7.71,5
2025-07-14 18:00:00,134,6264.22,6243.95714,31.2424,389.9048,HIT/DEFESA,7.71,5
2025-07-14 22:00:00,34,6272.47,6253.83414,7.5785,376.3636,HIT/DEFESA,16.92,5
2025-07-14 22:00:00,134,6272.47,6245.57162,7.5785,376.3636,HIT/DEFESA,16.92,5
2025-07-15 04:00:00,34,6289.39,6258.41096,40.3088,85.7551,HIT/DEFESA,2.65,5
2025-07-15 04:00:00,134,6289.39,6247.43305,40.3088,85.7551,HIT/DEFESA,2.65,5
2025-07-15 05:00:00,34,6273.76,6259.28805,12.1606,178.7302,HIT/DEFESA,17.91,5
2025-07-15 05:00:00,134,6273.76,6247.82308,12.1606,178.7302,HIT/DEFESA,17.91,5
2025-07-15 06:00:00,34,6279.39,6260.43673,22.7449,161.913,HIT/DEFESA,11.78,5
2025-07-15 06:00:00,134,6279.39,6248.29074,22.7449,161.913,HIT/DEFESA,11.78,5
2025-07-15 08:00:00,34,6292.64,6263.62134,30.0936,152.8752,HIT/DEFESA,4.53,5
2025-07-15 08:00:00,134,6292.64,6249.48924,30.0936,152.8752,HIT/DEFESA,4.53,5
2025-07-15 09:00:00,34,6292.04,6265.24526,20.1453,992.9412,HIT/DEFESA,3.88,5
2025-07-15 09:00:00,134,6292.04,6250.11962,20.1453,992.9412,HIT/DEFESA,3.88,5
2025-07-15 10:00:00,34,6291.67,6266.75525,9.9914,3020.0,HIT/DEFESA,6.0,5
2025-07-15 10:00:00,134,6291.67,6250.73518,9.9914,3020.0,HIT/DEFESA,6.0,5
2025-07-15 11:00:00,34,6291.17,6268.15038,-2.3361,2009.6774,HIT/DEFESA,-9.99,5
2025-07-15 11:00:00,134,6291.17,6251.33422,-2.3361,2009.6774,HIT/DEFESA,-9.99,5
2025-07-15 16:00:00,34,6281.18,6274.58517,-25.3924,221.3859,HIT/DEFESA,-23.75,5
2025-07-15 16:00:00,134,6281.18,6254.37929,-25.3924,221.3859,HIT/DEFESA,-23.75,5
2025-07-15 17:00:00,34,6263.18,6273.93345,-52.0019,237.4795,HIT/DEFESA,-17.75,5
2025-07-15 17:00:00,134,6263.18,6254.50967,-52.0019,237.4795,HIT/DEFESA,-17.75,5
2025-07-15 18:00:00,34,6272.68,6273.86182,-39.6813,333.8286,HIT/DEFESA,-36.04,5
2025-07-15 18:00:00,134,6272.68,6254.77886,-39.6813,333.8286,HIT/DEFESA,-36.04,5
2025-07-15 19:00:00,34,6256.43,6272.86572,-39.4034,153.7576,HIT/DEFESA,-22.75,5
2025-07-15 19:00:00,134,6256.43,6254.80332,-39.4034,153.7576,HIT/DEFESA,-22.75,5
2025-07-15 21:00:00,34,6257.43,6271.86592,-24.3118,124.0769,HIT/DEFESA,-22.0,5
2025-07-15 21:00:00,134,6257.43,6255.07396,-24.3118,124.0769,HIT/DEFESA,-22.0,5
2025-07-15 22:00:00,34,6245.43,6270.35529,-17.5819,204.0,HIT/DEFESA,-5.25,5
2025-07-15 22:00:00,134,6245.43,6254.93108,-17.5819,204.0,HIT/DEFESA,-5.25,5
2025-07-16 03:00:00,34,6235.43,6262.99998,-1.9401,10941.6667,HIT/DEFESA,-0.5,5
2025-07-16 03:00:00,134,6235.43,6253.79287,-1.9401,10941.6667,HIT/DEFESA,-0.5,5
2025-07-16 06:00:00,34,6236.18,6258.9036,1.2028,430.0,HIT/DEFESA,6.03,5
2025-07-16 06:00:00,134,6236.18,6253.09008,1.2028,430.0,HIT/DEFESA,6.03,5
2025-07-16 11:00:00,34,6242.21,6252.98172,11.6762,150.9485,HIT/DEFESA,2.76,5
2025-07-16 11:00:00,134,6242.21,6251.83066,11.6762,150.9485,HIT/DEFESA,2.76,5
2025-07-16 12:00:00,34,6241.96,6252.3519,21.6747,1870.0,HIT/DEFESA,4.01,5
2025-07-16 12:00:00,134,6241.96,6251.68443,21.6747,1870.0,HIT/DEFESA,4.01,5
2025-07-16 13:00:00,34,6243.71,6251.85808,14.4353,496.9325,HIT/DEFESA,0.51,5
2025-07-16 13:00:00,134,6243.71,6251.56629,14.4353,496.9325,HIT/DEFESA,0.51,5
2025-07-16 14:00:00,34,6246.46,6251.54962,6.8085,299.0,HIT/DEFESA,9.01,5
2025-07-16 14:00:00,134,6246.46,6251.49064,6.8085,299.0,HIT/DEFESA,9.01,5
2025-07-16 16:00:00,34,6244.97,6251.65371,2.018,237.6112,HIT/DEFESA,23.25,5
2025-07-16 16:00:00,134,6244.97,6251.52495,2.018,237.6112,HIT/DEFESA,23.25,5
2025-07-16 19:00:00,34,6255.47,6251.18255,16.8135,444.5217,HIT/DEFESA,0.69,5
2025-07-16 19:00:00,134,6255.47,6251.3969,16.8135,444.5217,HIT/DEFESA,0.69,5
2025-07-16 20:00:00,34,6255.47,6251.42755,15.2098,7548.0,HIT/DEFESA,1.44,5
2025-07-16 20:00:00,134,6255.47,6251.45724,15.2098,7548.0,HIT/DEFESA,1.44,5
2025-07-17 07:00:00,34,6256.91,6254.63623,2.3979,466.6667,HIT/DEFESA,14.03,5
2025-07-17 07:00:00,134,6256.91,6252.51283,2.3979,466.6667,HIT/DEFESA,14.03,5
2025-07-17 08:00:00,34,6264.91,6255.2233,17.589,100.5161,HIT/DEFESA,1.78,5
2025-07-17 08:00:00,134,6264.91,6252.69649,17.589,100.5161,HIT/DEFESA,1.78,5
2025-07-17 10:00:00,34,6267.94,6256.86409,17.6285,494.0503,HIT/DEFESA,10.0,5
2025-07-17 10:00:00,134,6267.94,6253.20684,17.6285,494.0503,HIT/DEFESA,10.0,5
2025-07-17 11:00:00,34,6269.69,6257.597,7.6298,877.9141,HIT/DEFESA,12.51,5
2025-07-17 11:00:00,134,6269.69,6253.45103,7.6298,877.9141,HIT/DEFESA,12.51,5
2025-07-17 15:00:00,34,6277.94,6260.14832,11.1626,126.623,HIT/DEFESA,21.26,5
2025-07-17 15:00:00,134,6277.94,6254.39044,11.1626,126.623,HIT/DEFESA,21.26,5
2025-07-17 16:00:00,34,6282.2,6261.40841,24.7499,611.0865,HIT/DEFESA,22.5,5
2025-07-17 16:00:00,134,6282.2,6254.80243,24.7499,611.0865,HIT/DEFESA,22.5,5
2025-07-17 17:00:00,34,6282.7,6262.62508,31.5507,10552.0,HIT/DEFESA,22.5,5
2025-07-17 17:00:00,134,6282.7,6255.21573,31.5507,10552.0,HIT/DEFESA,22.5,5
2025-07-17 18:00:00,34,6296.95,6264.5865,30.2806,102.8571,HIT/DEFESA,9.21,5
2025-07-17 18:00:00,134,6296.95,6255.83402,30.2806,102.8571,HIT/DEFESA,9.21,5
2025-07-17 19:00:00,34,6293.2,6266.22156,17.5098,309.1429,HIT/DEFESA,13.37,5
2025-07-17 19:00:00,134,6293.2,6256.38759,17.5098,309.1429,HIT/DEFESA,13.37,5
2025-07-17 20:00:00,34,6299.2,6268.10604,26.2626,140.8,HIT/DEFESA,14.12,5
2025-07-17 20:00:00,134,6299.2,6257.02184,26.2626,140.8,HIT/DEFESA,14.12,5
2025-07-17 21:00:00,34,6304.7,6270.19712,12.3075,138.7826,HIT/DEFESA,6.62,5
2025-07-17 21:00:00,134,6304.7,6257.72819,12.3075,138.7826,HIT/DEFESA,6.62,5
2025-07-17 22:00:00,34,6305.2,6272.19729,19.0682,1826.6667,HIT/DEFESA,5.37,5
2025-07-17 22:00:00,134,6305.2,6258.43147,19.0682,1826.6667,HIT/DEFESA,5.37,5
2025-07-17 23:00:00,34,6306.16,6274.13801,11.049,1465.2174,HIT/DEFESA,8.41,5
2025-07-17 23:00:00,134,6306.16,6259.13856,11.049,1465.2174,HIT/DEFESA,8.41,5
2025-07-18 01:00:00,34,6306.57,6275.99127,2.966,131.0651,HIT/DEFESA,7.75,5
2025-07-18 01:00:00,134,6306.57,6259.84125,2.966,131.0651,HIT/DEFESA,7.75,5
2025-07-18 02:00:00,34,6313.32,6278.12434,12.8783,78.5822,HIT/DEFESA,1.75,5
2025-07-18 02:00:00,134,6313.32,6260.63353,12.8783,78.5822,HIT/DEFESA,1.75,5
2025-07-18 03:00:00,34,6311.32,6280.02124,8.1825,357.1429,HIT/DEFESA,8.75,5
2025-07-18 03:00:00,134,6311.32,6261.38444,8.1825,357.1429,HIT/DEFESA,8.75,5
2025-07-18 04:00:00,34,6310.57,6281.76688,6.3426,810.0,HIT/DEFESA,7.78,5
2025-07-18 04:00:00,134,6310.57,6262.11311,6.3426,810.0,HIT/DEFESA,7.78,5
2025-07-18 11:00:00,34,6312.85,6292.9829,-11.4239,270.1818,HIT/DEFESA,-3.62,5
2025-07-18 11:00:00,134,6312.85,6267.36593,-11.4239,270.1818,HIT/DEFESA,-3.62,5
2025-07-18 12:00:00,34,6312.6,6294.10388,-9.1005,756.0,HIT/DEFESA,-18.49,5
2025-07-18 12:00:00,134,6312.6,6268.03606,-9.1005,756.0,HIT/DEFESA,-18.49,5
2025-07-18 13:00:00,34,6307.1,6294.84651,-5.1503,112.1043,HIT/DEFESA,-2.99,5
2025-07-18 13:00:00,134,6307.1,6268.61479,-5.1503,112.1043,HIT/DEFESA,-2.99,5
2025-07-18 14:00:00,34,6307.35,6295.561,-8.7124,7190000.0,HIT/DEFESA,-17.74,5
2025-07-18 14:00:00,134,6307.35,6269.18864,-8.7124,7190000.0,HIT/DEFESA,-17.74,5
2025-07-18 15:00:00,34,6312.1,6296.50608,-0.7921,215.3333,HIT/DEFESA,-18.24,5
2025-07-18 15:00:00,134,6312.1,6269.82437,-0.7921,215.3333,HIT/DEFESA,-18.24,5
2025-07-18 18:00:00,34,6304.11,6297.45786,-12.6582,188.8205,HIT/DEFESA,-5.29,5
2025-07-18 18:00:00,134,6304.11,6271.25338,-12.6582,188.8205,HIT/DEFESA,-5.29,5
2025-07-18 22:00:00,34,6299.11,6296.88059,15.1043,336.8571,HIT/DEFESA,4.89,5
2025-07-18 22:00:00,134,6299.11,6272.60302,15.1043,336.8571,HIT/DEFESA,4.89,5
2025-07-18 23:00:00,34,6298.82,6296.99141,7.8807,5625.0,HIT/DEFESA,3.98,5
2025-07-18 23:00:00,134,6298.82,6272.99141,7.8807,5625.0,HIT/DEFESA,3.98,5
2025-07-21 01:00:00,34,6300.05,6297.16619,7.4499,172.8097,HIT/DEFESA,1.55,5
2025-07-21 01:00:00,134,6300.05,6273.39228,7.4499,172.8097,HIT/DEFESA,1.55,5
2025-07-21 02:00:00,34,6304.7,6297.59669,8.8743,363.908,HIT/DEFESA,0.35,5
2025-07-21 02:00:00,134,6304.7,6273.8561,8.8743,363.908,HIT/DEFESA,0.35,5
2025-07-21 04:00:00,34,6304.0,6298.3049,6.2698,16530.0,HIT/DEFESA,4.1,5
2025-07-21 04:00:00,134,6304.0,6274.74191,6.2698,16530.0,HIT/DEFESA,4.1,5
2025-07-21 07:00:00,34,6305.05,6299.09621,1.6656,235.8824,HIT/DEFESA,8.3,5
2025-07-21 07:00:00,134,6305.05,6275.98637,1.6656,235.8824,HIT/DEFESA,8.3,5
2025-07-21 08:00:00,34,6303.85,6299.36785,1.6659,890.4348,HIT/DEFESA,8.8,5
2025-07-21 08:00:00,134,6303.85,6276.39916,1.6659,890.4348,HIT/DEFESA,8.8,5
2025-07-21 09:00:00,34,6308.1,6299.86683,10.3148,409.5238,HIT/DEFESA,2.7,5
2025-07-21 09:00:00,134,6308.1,6276.86881,10.3148,409.5238,HIT/DEFESA,2.7,5
2025-07-21 11:00:00,34,6314.0,6301.28235,16.1013,791.3793,HIT/DEFESA,12.35,5
2025-07-21 11:00:00,134,6314.0,6277.91924,16.1013,791.3793,HIT/DEFESA,12.35,5
2025-07-21 12:00:00,34,6313.35,6301.97193,8.3226,2248.3333,HIT/DEFESA,17.3,5
2025-07-21 12:00:00,134,6313.35,6278.44414,8.3226,2248.3333,HIT/DEFESA,17.3,5
2025-07-21 13:00:00,34,6312.65,6302.58211,2.3767,2361.5385,HIT/DEFESA,19.75,5
2025-07-21 13:00:00,134,6312.65,6278.9509,2.3767,2361.5385,HIT/DEFESA,19.75,5
2025-07-21 21:00:00,34,6323.65,6311.00264,-13.8178,509.4545,HIT/DEFESA,-12.72,5
2025-07-21 21:00:00,134,6323.65,6284.06326,-13.8178,509.4545,HIT/DEFESA,-12.72,5
2025-07-22 01:00:00,34,6310.65,6310.77132,-20.5577,1250.4348,HIT/DEFESA,-2.45,5
2025-07-22 01:00:00,134,6310.65,6285.17848,-20.5577,1250.4348,HIT/DEFESA,-2.45,5
2025-07-22 05:00:00,34,6310.55,6311.00372,-1.1883,420.4762,HIT/DEFESA,-7.95,5
2025-07-22 05:00:00,134,6310.55,6286.72555,-1.1883,420.4762,HIT/DEFESA,-7.95,5
2025-07-22 06:00:00,34,6308.2,6310.84351,-4.3258,962.6609,HIT/DEFESA,-7.67,5
2025-07-22 06:00:00,134,6308.2,6287.04369,-4.3258,962.6609,HIT/DEFESA,-7.67,5
2025-07-22 07:00:00,34,6304.55,6310.48388,-16.0736,710.0,HIT/DEFESA,-4.15,5
2025-07-22 07:00:00,134,6304.55,6287.30305,-16.0736,710.0,HIT/DEFESA,-4.15,5
2025-07-22 08:00:00,34,6304.68,6310.15223,-9.3019,12800.0,HIT/DEFESA,-1.78,5
2025-07-22 08:00:00,134,6304.68,6287.56048,-9.3019,12800.0,HIT/DEFESA,-1.78,5
2025-07-22 11:00:00,34,6300.53,6308.92259,-6.5824,2336.8182,HIT/DEFESA,-12.1,5
2025-07-22 11:00:00,134,6300.53,6288.21973,-6.5824,2336.8182,HIT/DEFESA,-12.1,5
2025-07-22 12:00:00,34,6300.4,6308.43558,-6.9471,37080.0,HIT/DEFESA,-1.25,5
2025-07-22 12:00:00,134,6300.4,6288.40018,-6.9471,37080.0,HIT/DEFESA,-1.25,5
2025-07-22 19:00:00,34,6298.23,6305.6799,15.5842,5134.8624,HIT/DEFESA,9.92,5
2025-07-22 19:00:00,134,6298.23,6289.60973,15.5842,5134.8624,HIT/DEFESA,9.92,5
2025-07-22 20:00:00,34,6303.25,6305.54104,6.5088,1677.7778,HIT/DEFESA,22.35,5
2025-07-22 20:00:00,134,6303.25,6289.8118,6.5088,1677.7778,HIT/DEFESA,22.35,5
2025-07-22 21:00:00,34,6313.25,6305.98156,27.2391,939.005,HIT/DEFESA,1.0,5
2025-07-22 21:00:00,134,6313.25,6290.15904,27.2391,939.005,HIT/DEFESA,1.0,5
2025-07-22 22:00:00,34,6307.3,6306.0569,14.4009,1436.2345,HIT/DEFESA,16.95,5
2025-07-22 22:00:00,134,6307.3,6290.41298,14.4009,1436.2345,HIT/DEFESA,16.95,5
2025-07-22 23:00:00,34,6309.35,6306.24507,9.6775,2440.8451,HIT/DEFESA,14.4,5
2025-07-22 23:00:00,134,6309.35,6290.69353,9.6775,2440.8451,HIT/DEFESA,14.4,5
2025-07-23 02:00:00,34,6325.6,6307.4537,29.014,272.0917,HIT/DEFESA,0.1,5
2025-07-23 02:00:00,134,6325.6,6291.46544,29.014,272.0917,HIT/DEFESA,0.1,5
2025-07-23 03:00:00,34,6314.25,6307.84206,7.7663,406.5487,HIT/DEFESA,11.9,5
2025-07-23 03:00:00,134,6314.25,6291.80299,7.7663,406.5487,HIT/DEFESA,11.9,5
2025-07-23 04:00:00,34,6324.25,6308.77966,25.5225,332.3383,HIT/DEFESA,4.1,5
2025-07-23 04:00:00,134,6324.25,6292.28369,25.5225,332.3383,HIT/DEFESA,4.1,5
2025-07-23 06:00:00,34,6322.45,6310.36739,12.9865,1349.6296,HIT/DEFESA,12.1,5
2025-07-23 06:00:00,134,6322.45,6293.18986,12.9865,1349.6296,HIT/DEFESA,12.1,5
2025-07-23 07:00:00,34,6325.7,6311.24354,2.2928,469.3939,HIT/DEFESA,9.55,5
2025-07-23 07:00:00,134,6325.7,6293.67149,2.2928,469.3939,HIT/DEFESA,9.55,5
2025-07-23 08:00:00,34,6326.15,6312.09533,3.7952,2908.3333,HIT/DEFESA,7.5,5
2025-07-23 08:00:00,134,6326.15,6294.15265,3.7952,2908.3333,HIT/DEFESA,7.5,5
2025-07-23 09:00:00,34,6328.35,6313.02417,9.3318,1121.3636,HIT/DEFESA,4.95,5
2025-07-23 09:00:00,134,6328.35,6294.65928,9.3318,1121.3636,HIT/DEFESA,4.95,5
2025-07-23 13:00:00,34,6333.65,6317.06495,13.755,1333.9394,HIT/DEFESA,8.15,5
2025-07-23 13:00:00,134,6333.65,6296.83205,13.755,1333.9394,HIT/DEFESA,8.15,5
2025-07-23 18:00:00,34,6341.8,6320.67712,14.2117,585.6537,HIT/DEFESA,27.7,5
2025-07-23 18:00:00,134,6341.8,6299.29751,14.2117,585.6537,HIT/DEFESA,27.7,5
2025-07-23 19:00:00,34,6339.55,6321.75557,31.251,4573.4783,HIT/DEFESA,25.4,5
2025-07-23 19:00:00,134,6339.55,6299.89384,31.251,4573.4783,HIT/DEFESA,25.4,5
2025-07-23 20:00:00,34,6346.35,6323.16096,29.4736,1178.209,HIT/DEFESA,21.4,5
2025-07-23 20:00:00,134,6346.35,6300.58208,29.4736,1178.209,HIT/DEFESA,21.4,5
2025-07-23 21:00:00,34,6353.8,6324.91177,18.9221,836.5986,HIT/DEFESA,12.0,5
2025-07-23 21:00:00,134,6353.8,6301.37049,18.9221,836.5986,HIT/DEFESA,12.0,5
2025-07-23 22:00:00,34,6363.1,6327.09395,37.1477,626.1538,HIT/DEFESA,5.65,5
2025-07-23 22:00:00,134,6363.1,6302.285,37.1477,626.1538,HIT/DEFESA,5.65,5
2025-07-24 03:00:00,34,6365.8,6335.4503,-5.8089,1257.4359,HIT/DEFESA,-2.8,5
2025-07-24 03:00:00,134,6365.8,6306.03469,-5.8089,1257.4359,HIT/DEFESA,-2.8,5
2025-07-24 08:00:00,34,6363.0,6343.1722,-9.2638,707.2222,HIT/DEFESA,-0.55,5
2025-07-24 08:00:00,134,6363.0,6310.33851,-9.2638,707.2222,HIT/DEFESA,-0.55,5
2025-07-24 11:00:00,34,6364.75,6346.16307,2.7503,480.381,HIT/DEFESA,5.0,5
2025-07-24 11:00:00,134,6364.75,6312.58273,2.7503,480.381,HIT/DEFESA,5.0,5
2025-07-24 12:00:00,34,6367.05,6347.35661,10.6127,859.1111,HIT/DEFESA,8.35,5
2025-07-24 12:00:00,134,6367.05,6313.38965,10.6127,859.1111,HIT/DEFESA,8.35,5
2025-07-24 13:00:00,34,6362.45,6348.21909,4.4028,464.5283,HIT/DEFESA,13.0,5
2025-07-24 13:00:00,134,6362.45,6314.11647,4.4028,464.5283,HIT/DEFESA,13.0,5
2025-07-24 14:00:00,34,6367.65,6349.32943,4.5563,464.0777,HIT/DEFESA,1.5,5
2025-07-24 14:00:00,134,6367.65,6314.90956,4.5563,464.0777,HIT/DEFESA,1.5,5
2025-07-24 16:00:00,34,6369.75,6351.17359,11.4736,1190.1911,HIT/DEFESA,2.9,5
2025-07-24 16:00:00,134,6369.75,6316.40785,11.4736,1190.1911,HIT/DEFESA,2.9,5
2025-07-25 01:00:00,34,6373.58,6358.88695,1.4594,649.5208,HIT/DEFESA,9.27,5
2025-07-25 01:00:00,134,6373.58,6322.64685,1.4594,649.5208,HIT/DEFESA,9.27,5
2025-07-25 02:00:00,34,6374.83,6359.79798,14.8145,1800.885,HIT/DEFESA,0.82,5
2025-07-25 02:00:00,134,6374.83,6323.41993,14.8145,1800.885,HIT/DEFESA,0.82,5
2025-07-25 07:00:00,34,6375.65,6364.85242,-8.2277,160.9929,HIT/DEFESA,-3.95,5
2025-07-25 07:00:00,134,6375.65,6327.4643,-8.2277,160.9929,HIT/DEFESA,-3.95,5
2025-07-25 08:00:00,34,6376.95,6365.54371,-6.112,976.8,HIT/DEFESA,-3.55,5
2025-07-25 08:00:00,134,6376.95,6328.19742,-6.112,976.8,HIT/DEFESA,-3.55,5
2025-07-25 09:00:00,34,6373.1,6365.9755,-15.2753,395.0,HIT/DEFESA,-3.4,5
2025-07-25 09:00:00,134,6373.1,6328.86265,-15.2753,395.0,HIT/DEFESA,-3.4,5
2025-07-25 13:00:00,34,6373.4,6367.07344,7.3013,1042.8571,HIT/DEFESA,5.3,5
2025-07-25 13:00:00,134,6373.4,6331.31216,7.3013,1042.8571,HIT/DEFESA,5.3,5
2025-07-25 17:00:00,34,6377.75,6368.28616,12.638,1389.4915,HIT/DEFESA,12.95,5
2025-07-25 17:00:00,134,6377.75,6333.712,12.638,1389.4915,HIT/DEFESA,12.95,5
2025-07-25 18:00:00,34,6378.7,6368.88124,11.3003,5632.6316,HIT/DEFESA,13.5,5
2025-07-25 18:00:00,134,6378.7,6334.37849,11.3003,5632.6316,HIT/DEFESA,13.5,5
2025-07-25 19:00:00,34,6388.4,6369.99659,26.131,501.5544,HIT/DEFESA,21.45,5
2025-07-25 19:00:00,134,6388.4,6335.17881,26.131,501.5544,HIT/DEFESA,21.45,5
2025-07-25 20:00:00,34,6391.4,6371.21965,21.4025,1392.5424,HIT/DEFESA,21.9,5
2025-07-25 20:00:00,134,6391.4,6336.01172,21.4025,1392.5424,HIT/DEFESA,21.9,5
2025-07-25 21:00:00,34,6392.3,6372.42424,21.321,4670.5882,HIT/DEFESA,24.0,5
2025-07-25 21:00:00,134,6392.3,6336.84562,21.321,4670.5882,HIT/DEFESA,24.0,5
2025-07-25 22:00:00,34,6390.7,6373.46857,3.6003,2862.0,HIT/DEFESA,24.6,5
2025-07-25 22:00:00,134,6390.7,6337.64346,3.6003,2862.0,HIT/DEFESA,24.6,5
2025-07-25 23:00:00,34,6392.2,6374.53893,1.2517,1050.8571,HIT/DEFESA,25.15,5
2025-07-25 23:00:00,134,6392.2,6338.4517,1.2517,1050.8571,HIT/DEFESA,25.15,5
2025-07-28 01:00:00,34,6409.85,6376.55671,27.4549,2696.3918,HIT/DEFESA,7.0,5
2025-07-28 01:00:00,134,6409.85,6339.50946,27.4549,2696.3918,HIT/DEFESA,7.0,5
2025-07-28 02:00:00,34,6413.3,6378.65633,35.3639,688.6435,HIT/DEFESA,6.1,5
2025-07-28 02:00:00,134,6413.3,6340.60265,35.3639,688.6435,HIT/DEFESA,6.1,5
2025-07-28 03:00:00,34,6416.3,6380.80739,37.7022,799.3333,HIT/DEFESA,4.6,5
2025-07-28 03:00:00,134,6416.3,6341.72409,37.7022,799.3333,HIT/DEFESA,4.6,5
2025-07-28 04:00:00,34,6415.3,6382.7784,8.5025,1543.8095,HIT/DEFESA,1.55,5
2025-07-28 04:00:00,134,6415.3,6342.81411,8.5025,1543.8095,HIT/DEFESA,1.55,5
2025-07-28 10:00:00,34,6412.38,6393.00683,-10.9356,695.5752,HIT/DEFESA,-8.0,5
2025-07-28 10:00:00,134,6412.38,6349.19111,-10.9356,695.5752,HIT/DEFESA,-8.0,5
2025-07-28 11:00:00,34,6409.98,6393.97673,-17.007,1521.6216,HIT/DEFESA,-15.18,5
2025-07-28 11:00:00,134,6409.98,6350.09168,-17.007,1521.6216,HIT/DEFESA,-15.18,5
2025-07-28 12:00:00,34,6406.48,6394.6912,-16.1606,747.1591,HIT/DEFESA,-13.1,5
2025-07-28 12:00:00,134,6406.48,6350.92707,-16.1606,747.1591,HIT/DEFESA,-13.1,5
2025-07-28 13:00:00,34,6400.73,6395.03627,-18.168,582.9825,HIT/DEFESA,-7.85,5
2025-07-28 13:00:00,134,6400.73,6351.66489,-18.168,582.9825,HIT/DEFESA,-7.85,5
2025-07-28 14:00:00,34,6400.98,6395.37591,-14.0406,10963.6364,HIT/DEFESA,-13.13,5
2025-07-28 14:00:00,134,6400.98,6352.39548,-14.0406,10963.6364,HIT/DEFESA,-13.13,5
2025-07-28 15:00:00,34,6404.38,6395.89043,-3.2779,1270.2857,HIT/DEFESA,-24.25,5
2025-07-28 15:00:00,134,6404.38,6353.16562,-3.2779,1270.2857,HIT/DEFESA,-24.25,5
2025-07-28 16:00:00,34,6394.8,6395.82812,-9.2646,1191.6322,HIT/DEFESA,-14.97,5
2025-07-28 16:00:00,134,6394.8,6353.78243,-9.2646,1191.6322,HIT/DEFESA,-14.97,5
2025-07-28 17:00:00,34,6393.38,6395.68823,-11.8732,6903.2258,HIT/DEFESA,-5.13,5
2025-07-28 17:00:00,134,6393.38,6354.36906,-11.8732,6903.2258,HIT/DEFESA,-5.13,5
2025-07-28 18:00:00,34,6392.88,6395.52776,-17.9565,19255.5556,HIT/DEFESA,-3.35,5
2025-07-28 18:00:00,134,6392.88,6354.93959,-17.9565,19255.5556,HIT/DEFESA,-3.35,5
2025-07-28 22:00:00,34,6388.25,6393.11621,0.6262,820.8973,HIT/DEFESA,5.95,5
2025-07-28 22:00:00,134,6388.25,6356.62479,0.6262,820.8973,HIT/DEFESA,5.95,5
2025-07-28 23:00:00,34,6389.53,6392.91128,14.7332,1563.4146,HIT/DEFESA,7.02,5
2025-07-28 23:00:00,134,6389.53,6357.11227,14.7332,1563.4146,HIT/DEFESA,7.02,5
2025-07-29 01:00:00,34,6394.65,6393.01064,23.2295,408.3544,HIT/DEFESA,3.05,5
2025-07-29 01:00:00,134,6394.65,6357.66839,23.2295,408.3544,HIT/DEFESA,3.05,5
2025-07-29 02:00:00,34,6394.7,6393.10717,10.0967,1997.7778,HIT/DEFESA,3.55,5
2025-07-29 02:00:00,134,6394.7,6358.21701,10.0967,1997.7778,HIT/DEFESA,3.55,5
2025-07-29 03:00:00,34,6393.8,6393.14676,6.6828,1772.2222,HIT/DEFESA,5.6,5
2025-07-29 03:00:00,134,6393.8,6358.74416,6.6828,1772.2222,HIT/DEFESA,5.6,5
2025-07-29 05:00:00,34,6396.55,6393.39798,2.893,590.2041,HIT/DEFESA,7.85,5
2025-07-29 05:00:00,134,6396.55,6359.82174,2.893,590.2041,HIT/DEFESA,7.85,5
2025-07-29 06:00:00,34,6397.7,6393.64381,6.0997,716.0,HIT/DEFESA,5.6,5
2025-07-29 06:00:00,134,6397.7,6360.3829,6.0997,716.0,HIT/DEFESA,5.6,5
2025-07-29 07:00:00,34,6398.25,6393.90702,6.3339,2067.5,HIT/DEFESA,8.4,5
2025-07-29 07:00:00,134,6398.25,6360.94389,6.3339,2067.5,HIT/DEFESA,8.4,5
2025-07-29 08:00:00,34,6399.4,6394.2209,4.4555,735.6522,HIT/DEFESA,7.45,5
2025-07-29 08:00:00,134,6399.4,6361.51361,4.4555,735.6522,HIT/DEFESA,7.45,5
2025-07-29 15:00:00,34,6400.7,6397.31888,-9.2872,577.6744,HIT/DEFESA,-23.45,5
2025-07-29 15:00:00,134,6400.7,6365.65873,-9.2872,577.6744,HIT/DEFESA,-23.45,5
2025-07-29 16:00:00,34,6399.5,6397.44351,-11.4721,6386.6667,HIT/DEFESA,-25.05,5
2025-07-29 16:00:00,134,6399.5,6366.16009,-11.4721,6386.6667,HIT/DEFESA,-25.05,5
2025-07-29 17:00:00,34,6387.7,6396.88674,-26.9323,1071.6735,HIT/DEFESA,-13.75,5
2025-07-29 17:00:00,134,6387.7,6366.47919,-26.9323,1071.6735,HIT/DEFESA,-13.75,5
2025-07-29 18:00:00,34,6380.25,6395.93607,-31.9496,1949.4505,HIT/DEFESA,-9.15,5
2025-07-29 18:00:00,134,6380.25,6366.68321,-31.9496,1949.4505,HIT/DEFESA,-9.15,5
2025-07-29 19:00:00,34,6383.28,6395.21286,-25.3457,3821.7532,HIT/DEFESA,-6.88,5
2025-07-29 19:00:00,134,6383.28,6366.92909,-25.3457,3821.7532,HIT/DEFESA,-6.88,5
2025-07-29 20:00:00,34,6377.25,6394.18641,-16.3596,1644.9587,HIT/DEFESA,-0.8,5
2025-07-29 20:00:00,134,6377.25,6367.08199,-16.3596,1644.9587,HIT/DEFESA,-0.8,5
2025-07-30 01:00:00,34,6376.4,6389.95293,3.0591,413.9394,HIT/DEFESA,6.2,5
2025-07-30 01:00:00,134,6376.4,6367.48181,3.0591,413.9394,HIT/DEFESA,6.2,5
2025-07-30 02:00:00,34,6376.45,6389.18133,3.9222,11450.0,HIT/DEFESA,7.85,5
2025-07-30 02:00:00,134,6376.45,6367.61467,3.9222,11450.0,HIT/DEFESA,7.85,5
2025-07-30 03:00:00,34,6381.05,6388.71668,15.6174,406.6667,HIT/DEFESA,2.65,5
2025-07-30 03:00:00,134,6381.05,6367.81371,15.6174,406.6667,HIT/DEFESA,2.65,5
2025-07-30 04:00:00,34,6381.0,6388.27573,7.2141,20980000.0,HIT/DEFESA,1.1,5
2025-07-30 04:00:00,134,6381.0,6368.00906,7.2141,20980000.0,HIT/DEFESA,1.1,5
2025-07-30 05:00:00,34,6381.5,6387.88855,7.9198,2602.2222,HIT/DEFESA,0.85,5
2025-07-30 05:00:00,134,6381.5,6368.20893,7.9198,2602.2222,HIT/DEFESA,0.85,5
2025-07-30 10:00:00,34,6382.35,6386.63671,-3.0544,10656.6667,HIT/DEFESA,-2.6,5
2025-07-30 10:00:00,134,6382.35,6369.27271,-3.0544,10656.6667,HIT/DEFESA,-2.6,5
2025-07-30 11:00:00,34,6378.68,6386.18204,-7.8638,954.4199,HIT/DEFESA,-0.18,5
2025-07-30 11:00:00,134,6378.68,6369.41208,-7.8638,954.4199,HIT/DEFESA,-0.18,5
2025-07-30 14:00:00,34,6383.58,6385.60252,7.6818,4023.0769,HIT/DEFESA,1.47,5
2025-07-30 14:00:00,134,6383.58,6369.98805,7.6818,4023.0769,HIT/DEFESA,1.47,5
2025-07-30 16:00:00,34,6378.5,6384.88134,-6.9404,9226.0163,HIT/DEFESA,-30.25,5
2025-07-30 16:00:00,134,6378.5,6370.25664,-6.9404,9226.0163,HIT/DEFESA,-30.25,5
2025-07-30 17:00:00,34,6382.95,6384.77098,-0.9869,2559.1489,HIT/DEFESA,-18.0,5
2025-07-30 17:00:00,134,6382.95,6370.44469,-0.9869,2559.1489,HIT/DEFESA,-18.0,5
2025-07-30 18:00:00,34,6382.0,6384.61264,3.5268,12762.2222,HIT/DEFESA,11.15,5
2025-07-30 18:00:00,134,6382.0,6370.61588,3.5268,12762.2222,HIT/DEFESA,11.15,5
2025-07-30 19:00:00,34,6385.05,6384.63763,10.2689,2618.0645,HIT/DEFESA,25.63,5
2025-07-30 19:00:00,134,6385.05,6370.82971,10.2689,2618.0645,HIT/DEFESA,25.63,5
2025-07-30 20:00:00,34,6387.3,6384.78976,6.815,3550.2326,HIT/DEFESA,24.0,5
2025-07-30 20:00:00,134,6387.3,6371.07372,6.815,3550.2326,HIT/DEFESA,24.0,5
2025-07-30 23:00:00,34,6393.15,6382.3424,9.1588,258.2425,HIT/DEFESA,29.65,5
2025-07-30 23:00:00,134,6393.15,6370.98321,9.1588,258.2425,HIT/DEFESA,29.65,5
2025-07-31 01:00:00,34,6410.68,6383.96169,98.3421,768.1627,HIT/DEFESA,13.72,5
2025-07-31 01:00:00,134,6410.68,6371.57131,98.3421,768.1627,HIT/DEFESA,13.72,5
2025-07-31 02:00:00,34,6411.3,6385.52388,72.8207,4664.1791,HIT/DEFESA,15.55,5
2025-07-31 02:00:00,134,6411.3,6372.15989,72.8207,4664.1791,HIT/DEFESA,15.55,5
2025-07-31 03:00:00,34,6416.55,6387.2968,36.6017,880.7547,HIT/DEFESA,9.83,5
2025-07-31 03:00:00,134,6416.55,6372.81752,36.6017,880.7547,HIT/DEFESA,9.83,5
2025-07-31 04:00:00,34,6418.85,6389.09984,12.7444,1538.326,HIT/DEFESA,4.75,5
2025-07-31 04:00:00,134,6418.85,6373.49948,12.7444,1538.326,HIT/DEFESA,4.75,5
2025-07-31 05:00:00,34,6422.8,6391.02556,17.9371,582.1429,HIT/DEFESA,11.45,5
2025-07-31 05:00:00,134,6422.8,6374.22986,17.9371,582.1429,HIT/DEFESA,11.45,5
2025-07-31 06:00:00,34,6424.4,6392.93267,12.234,1455.414,HIT/DEFESA,6.25,5
2025-07-31 06:00:00,134,6424.4,6374.97312,12.234,1455.414,HIT/DEFESA,6.25,5
2025-07-31 09:00:00,34,6423.6,6398.21011,-1.2453,1356.0714,HIT/DEFESA,-3.75,5
2025-07-31 09:00:00,134,6423.6,6377.18976,-1.2453,1356.0714,HIT/DEFESA,-3.75,5
2025-07-31 13:00:00,34,6420.7,6404.3558,-21.0592,787.4016,HIT/DEFESA,-24.3,5
2025-07-31 13:00:00,134,6420.7,6380.12087,-21.0592,787.4016,HIT/DEFESA,-24.3,5
2025-07-31 14:00:00,34,6419.85,6405.24118,-16.7946,7010.2273,HIT/DEFESA,-20.95,5
2025-07-31 14:00:00,134,6419.85,6380.70945,-16.7946,7010.2273,HIT/DEFESA,-20.95,5
2025-07-31 15:00:00,34,6424.9,6406.36454,-1.4006,1761.978,HIT/DEFESA,-69.45,5
2025-07-31 15:00:00,134,6424.9,6381.36413,-1.4006,1761.978,HIT/DEFESA,-69.45,5
2025-07-31 16:00:00,34,6414.45,6406.82657,-9.7341,1363.5496,HIT/DEFESA,-52.65,5
2025-07-31 16:00:00,134,6414.45,6381.85429,-9.7341,1363.5496,HIT/DEFESA,-52.65,5
2025-07-31 17:00:00,34,6386.73,6405.6782,-51.59,675.3791,HIT/DEFESA,-47.03,5
2025-07-31 17:00:00,134,6386.73,6381.92652,-51.59,675.3791,HIT/DEFESA,-47.03,5
2025-07-31 18:00:00,34,6396.4,6405.14801,-44.3587,1649.4012,HIT/DEFESA,-57.85,5
2025-07-31 18:00:00,134,6396.4,6382.14094,-44.3587,1649.4012,HIT/DEFESA,-57.85,5
2025-07-31 19:00:00,34,6398.9,6404.79098,-24.2421,4259.1912,HIT/DEFESA,-70.75,5
2025-07-31 19:00:00,134,6398.9,6382.38922,-24.2421,4259.1912,HIT/DEFESA,-70.75,5
2025-07-31 20:00:00,34,6355.45,6401.9715,-48.9765,393.7255,HIT/DEFESA,-23.45,5
2025-07-31 20:00:00,134,6355.45,6381.99012,-48.9765,393.7255,HIT/DEFESA,-23.45,5
2025-07-31 21:00:00,34,6361.8,6399.67598,-54.0929,2902.9687,HIT/DEFESA,-35.8,5
2025-07-31 21:00:00,134,6361.8,6381.69101,-54.0929,2902.9687,HIT/DEFESA,-35.8,5
2025-07-31 22:00:00,34,6339.7,6396.24879,-92.5159,822.382,HIT/DEFESA,-5.55,5
2025-07-31 22:00:00,134,6339.7,6381.06892,-92.5159,822.382,HIT/DEFESA,-5.55,5
2025-07-31 23:00:00,34,6338.55,6392.95171,-26.5914,5372.7778,HIT/DEFESA,-1.3,5
2025-07-31 23:00:00,134,6338.55,6380.43901,-26.5914,5372.7778,HIT/DEFESA,-1.3,5
2025-08-01 07:00:00,34,6333.25,6372.35507,-1.4209,1146.8421,HIT/DEFESA,-48.2,5
2025-08-01 07:00:00,134,6333.25,6375.61262,-1.4209,1146.8421,HIT/DEFESA,-48.2,5
2025-08-01 08:00:00,34,6326.7,6369.7462,-16.6476,421.6794,HIT/DEFESA,-56.0,5
2025-08-01 08:00:00,134,6326.7,6374.88799,-16.6476,421.6794,HIT/DEFESA,-56.0,5
2025-08-01 09:00:00,34,6320.75,6366.94642,-16.7421,683.8983,HIT/DEFESA,-34.55,5
2025-08-01 09:00:00,134,6320.75,6374.08595,-16.7421,683.8983,HIT/DEFESA,-34.55,5
2025-08-01 10:00:00,34,6291.85,6362.6552,-65.3693,359.9309,HIT/DEFESA,-14.9,5
2025-08-01 10:00:00,134,6291.85,6372.86764,-65.3693,359.9309,HIT/DEFESA,-14.9,5
2025-08-01 11:00:00,34,6285.25,6358.23204,-65.516,1473.2824,HIT/DEFESA,-52.0,5
2025-08-01 11:00:00,134,6285.25,6371.5696,-65.516,1473.2824,HIT/DEFESA,-52.0,5
2025-08-01 12:00:00,34,6285.05,6354.05021,-56.4806,33795.0,HIT/DEFESA,-47.4,5
2025-08-01 12:00:00,134,6285.05,6370.28783,-56.4806,33795.0,HIT/DEFESA,-47.4,5
2025-08-01 13:00:00,34,6270.7,6349.28734,-33.6149,475.3846,HIT/DEFESA,-12.75,5
2025-08-01 13:00:00,134,6270.7,6368.81245,-33.6149,475.3846,HIT/DEFESA,-12.75,5
2025-08-01 15:00:00,34,6276.95,6341.75479,-12.8877,1147.9144,HIT/DEFESA,-53.27,5
2025-08-01 15:00:00,134,6276.95,6366.24577,-12.8877,1147.9144,HIT/DEFESA,-53.27,5
2025-08-01 16:00:00,34,6233.25,6335.55452,-59.7222,364.7126,HIT/DEFESA,-2.1,5
2025-08-01 16:00:00,134,6233.25,6364.27546,-59.7222,364.7126,HIT/DEFESA,-2.1,5
2025-08-01 17:00:00,34,6237.65,6329.95997,-77.2327,3247.3333,HIT/DEFESA,-3.95,5
2025-08-01 17:00:00,134,6237.65,6362.39953,-77.2327,3247.3333,HIT/DEFESA,-3.95,5
2025-08-01 18:00:00,34,6257.95,6325.84512,-30.2695,847.4693,HIT/DEFESA,-24.45,5
2025-08-01 18:00:00,134,6257.95,6360.85213,-30.2695,847.4693,HIT/DEFESA,-24.45,5
2025-08-01 22:00:00,34,6233.7,6305.74756,4.2529,5327.1186,HIT/DEFESA,20.6,5
2025-08-01 22:00:00,134,6233.7,6353.26415,4.2529,5327.1186,HIT/DEFESA,20.6,5
2025-08-01 23:00:00,34,6233.5,6301.61913,15.7784,69760.0,HIT/DEFESA,26.8,5
2025-08-01 23:00:00,134,6233.5,6351.48986,15.7784,69760.0,HIT/DEFESA,26.8,5
2025-08-04 01:00:00,34,6240.95,6298.15232,15.7274,498.8341,HIT/DEFESA,21.5,5
2025-08-04 01:00:00,134,6240.95,6349.85224,15.7274,498.8341,HIT/DEFESA,21.5,5
2025-08-04 02:00:00,34,6243.8,6295.04647,16.2023,1784.0741,HIT/DEFESA,14.45,5
2025-08-04 02:00:00,134,6243.8,6348.28109,16.2023,1784.0741,HIT/DEFESA,14.45,5
2025-08-04 03:00:00,34,6252.8,6292.63239,30.9617,615.4595,HIT/DEFESA,9.2,5
2025-08-04 03:00:00,134,6252.8,6346.86656,30.9617,615.4595,HIT/DEFESA,9.2,5
2025-08-04 04:00:00,34,6254.3,6290.44197,21.391,3404.6667,HIT/DEFESA,7.55,5
2025-08-04 04:00:00,134,6254.3,6345.4952,21.391,3404.6667,HIT/DEFESA,7.55,5
2025-08-04 05:00:00,34,6260.3,6288.71957,26.4262,515.8678,HIT/DEFESA,8.4,5
2025-08-04 05:00:00,134,6260.3,6344.23305,26.4262,515.8678,HIT/DEFESA,8.4,5
2025-08-04 06:00:00,34,6262.45,6287.21845,15.4331,1087.3171,HIT/DEFESA,16.15,5
2025-08-04 06:00:00,134,6262.45,6343.02145,15.4331,1087.3171,HIT/DEFESA,16.15,5
2025-08-04 07:00:00,34,6258.25,6285.56311,6.3157,622.0,HIT/DEFESA,18.7,5
2025-08-04 07:00:00,134,6258.25,6341.76558,6.3157,622.0,HIT/DEFESA,18.7,5
2025-08-04 08:00:00,34,6262.0,6284.21665,2.7155,697.0667,HIT/DEFESA,12.35,5
2025-08-04 08:00:00,134,6262.0,6340.58386,2.7155,697.0667,HIT/DEFESA,12.35,5
2025-08-04 10:00:00,34,6268.7,6282.12492,16.698,856.0,HIT/DEFESA,5.05,5
2025-08-04 10:00:00,134,6268.7,6338.36977,16.698,856.0,HIT/DEFESA,5.05,5
2025-08-04 11:00:00,34,6278.6,6281.9235,26.5091,509.0816,HIT/DEFESA,31.0,5
2025-08-04 11:00:00,134,6278.6,6337.48429,26.5091,509.0816,HIT/DEFESA,31.0,5
2025-08-04 12:00:00,34,6276.95,6281.6393,24.1143,2255.625,HIT/DEFESA,35.8,5
2025-08-04 12:00:00,134,6276.95,6336.58749,24.1143,2255.625,HIT/DEFESA,35.8,5
2025-08-04 13:00:00,34,6274.35,6281.22277,9.013,1352.9412,HIT/DEFESA,45.0,5
2025-08-04 13:00:00,134,6274.35,6335.66545,9.013,1352.9412,HIT/DEFESA,45.0,5
2025-08-04 16:00:00,34,6309.6,6281.81573,56.1811,261.4465,HIT/DEFESA,8.15,5
2025-08-04 16:00:00,134,6309.6,6333.41559,56.1811,261.4465,HIT/DEFESA,8.15,5
2025-08-04 17:00:00,34,6312.75,6283.5834,69.9485,3641.9048,HIT/DEFESA,16.75,5
2025-08-04 17:00:00,134,6312.75,6333.10943,69.9485,3641.9048,HIT/DEFESA,16.75,5
2025-08-04 18:00:00,34,6319.35,6285.6272,72.6838,1565.036,HIT/DEFESA,23.2,5
2025-08-04 18:00:00,134,6319.35,6332.90559,72.6838,1565.036,HIT/DEFESA,23.2,5
2025-08-04 19:00:00,34,6322.05,6287.70851,19.7318,2566.1818,HIT/DEFESA,15.75,5
2025-08-04 19:00:00,134,6322.05,6332.74477,19.7318,2566.1818,HIT/DEFESA,15.75,5
2025-08-04 20:00:00,34,6317.35,6289.40231,7.2868,1360.4301,HIT/DEFESA,20.75,5
2025-08-04 20:00:00,134,6317.35,6332.5167,7.2868,1360.4301,HIT/DEFESA,20.75,5
2025-08-04 22:00:00,34,6329.5,6293.22091,11.7842,610.6383,HIT/DEFESA,9.6,5
2025-08-04 22:00:00,134,6329.5,6332.25648,11.7842,610.6383,HIT/DEFESA,9.6,5
2025-08-05 01:00:00,34,6337.8,6298.42602,31.736,494.4231,HIT/DEFESA,1.45,5
2025-08-05 01:00:00,134,6337.8,6332.48884,31.736,494.4231,HIT/DEFESA,1.45,5
2025-08-05 02:00:00,34,6338.1,6300.6931,13.5872,16193.3333,HIT/DEFESA,4.7,5
2025-08-05 02:00:00,134,6338.1,6332.57197,13.5872,16193.3333,HIT/DEFESA,4.7,5
2025-08-05 04:00:00,34,6339.1,6305.12138,2.0512,1193.5484,HIT/DEFESA,9.65,5
2025-08-05 04:00:00,134,6339.1,6332.80848,2.0512,1193.5484,HIT/DEFESA,9.65,5
2025-08-05 06:00:00,34,6339.25,6308.91304,-4.5726,38740.0,HIT/DEFESA,-0.9,5
2025-08-05 06:00:00,134,6339.25,6332.99865,-4.5726,38740.0,HIT/DEFESA,-0.9,5
2025-08-05 08:00:00,34,6344.0,6312.74376,7.4141,1440.8696,HIT/DEFESA,4.25,5
2025-08-05 08:00:00,134,6344.0,6333.30469,7.4141,1440.8696,HIT/DEFESA,4.25,5
2025-08-05 12:00:00,34,6341.35,6318.66649,-11.6558,723.8596,HIT/DEFESA,-41.5,5
2025-08-05 12:00:00,134,6341.35,6333.75579,-11.6558,723.8596,HIT/DEFESA,-41.5,5
2025-08-05 15:00:00,34,6339.65,6322.91645,-2.6808,713.5849,HIT/DEFESA,-17.0,5
2025-08-05 15:00:00,134,6339.65,6334.25067,-2.6808,713.5849,HIT/DEFESA,-17.0,5
2025-08-05 16:00:00,34,6340.55,6323.92408,-12.1293,11563.5294,HIT/DEFESA,-35.05,5
2025-08-05 16:00:00,134,6340.55,6334.34399,-12.1293,11563.5294,HIT/DEFESA,-35.05,5
2025-08-05 18:00:00,34,6301.45,6321.34279,-60.2557,9888.75,HIT/DEFESA,-2.35,5
2025-08-05 18:00:00,134,6301.45,6333.35322,-60.2557,9888.75,HIT/DEFESA,-2.35,5
2025-08-05 19:00:00,34,6310.4,6320.71749,-47.5511,1286.8156,HIT/DEFESA,-12.35,5
2025-08-05 19:00:00,134,6310.4,6333.01318,-47.5511,1286.8156,HIT/DEFESA,-12.35,5
2025-08-06 04:00:00,34,6309.6,6313.89804,18.339,269.5817,HIT/DEFESA,14.85,5
2025-08-06 04:00:00,134,6309.6,6329.62933,18.339,269.5817,HIT/DEFESA,14.85,5
2025-08-06 05:00:00,34,6314.2,6313.91529,34.8044,636.9892,HIT/DEFESA,19.15,5
2025-08-06 05:00:00,134,6314.2,6329.40075,34.8044,636.9892,HIT/DEFESA,19.15,5
2025-08-06 06:00:00,34,6315.75,6314.02013,30.5725,1295.4839,HIT/DEFESA,5.85,5
2025-08-06 06:00:00,134,6315.75,6329.19852,30.5725,1295.4839,HIT/DEFESA,5.85,5
2025-08-06 11:00:00,34,6321.6,6316.56341,-1.6607,392.0346,HIT/DEFESA,-12.05,5
2025-08-06 11:00:00,134,6321.6,6328.81246,-1.6607,392.0346,HIT/DEFESA,-12.05,5
2025-08-06 17:00:00,34,6329.4,6316.69442,23.1997,830.95,HIT/DEFESA,17.8,5
2025-08-06 17:00:00,134,6329.4,6327.78443,23.1997,830.95,HIT/DEFESA,17.8,5
2025-08-06 19:00:00,34,6343.0,6319.8708,53.0149,2045.5914,HIT/DEFESA,12.98,5
2025-08-06 19:00:00,134,6343.0,6328.30125,53.0149,2045.5914,HIT/DEFESA,12.98,5
2025-08-06 20:00:00,34,6342.75,6321.17818,21.092,38870.0,HIT/DEFESA,10.8,5
2025-08-06 20:00:00,134,6342.75,6328.51531,21.092,38870.0,HIT/DEFESA,10.8,5
2025-08-06 22:00:00,34,6347.2,6324.03481,6.6215,6873.0,HIT/DEFESA,14.58,5
2025-08-06 22:00:00,134,6347.2,6329.05607,6.6215,6873.0,HIT/DEFESA,14.58,5
2025-08-06 23:00:00,34,6346.2,6325.30139,5.4393,2598.9474,HIT/DEFESA,13.5,5
2025-08-06 23:00:00,134,6346.2,6329.31005,5.4393,2598.9474,HIT/DEFESA,13.5,5
2025-08-07 01:00:00,34,6355.98,6327.05445,14.7796,593.9673,HIT/DEFESA,5.27,5
2025-08-07 01:00:00,134,6355.98,6329.70516,14.7796,593.9673,HIT/DEFESA,5.27,5
2025-08-07 02:00:00,34,6353.55,6328.56848,10.0044,1389.6154,HIT/DEFESA,2.85,5
2025-08-07 02:00:00,134,6353.55,6330.05842,10.0044,1389.6154,HIT/DEFESA,2.85,5
2025-08-07 03:00:00,34,6358.95,6330.30457,20.0908,851.0055,HIT/DEFESA,0.35,5
2025-08-07 03:00:00,134,6358.95,6330.48644,20.0908,851.0055,HIT/DEFESA,0.35,5
2025-08-07 05:00:00,34,6359.7,6333.68013,9.6796,1404.878,HIT/DEFESA,8.0,5
2025-08-07 05:00:00,134,6359.7,6331.37598,9.6796,1404.878,HIT/DEFESA,8.0,5
2025-08-07 06:00:00,34,6361.25,6335.25555,3.6169,1175.0,HIT/DEFESA,18.95,5
2025-08-07 06:00:00,134,6361.25,6331.81856,3.6169,1175.0,HIT/DEFESA,18.95,5
2025-08-07 10:00:00,34,6367.7,6340.57987,17.7774,479.8953,HIT/DEFESA,14.55,5
2025-08-07 10:00:00,134,6367.7,6333.47856,17.7774,479.8953,HIT/DEFESA,14.55,5
2025-08-07 11:00:00,34,6380.2,6342.84388,32.8653,406.1176,HIT/DEFESA,3.35,5
2025-08-07 11:00:00,134,6380.2,6334.17073,32.8653,406.1176,HIT/DEFESA,3.35,5
2025-08-07 15:00:00,34,6382.25,6351.79137,-16.6591,4021.3793,HIT/DEFESA,-56.35,5
2025-08-07 15:00:00,134,6382.25,6337.15806,-16.6591,4021.3793,HIT/DEFESA,-56.35,5
2025-08-07 16:00:00,34,6383.55,6353.60615,-5.7146,10587.2727,HIT/DEFESA,-60.3,5
2025-08-07 16:00:00,134,6383.55,6337.84535,-5.7146,10587.2727,HIT/DEFESA,-60.3,5
2025-08-07 17:00:00,34,6345.55,6353.1458,-55.2439,476.3421,HIT/DEFESA,-3.05,5
2025-08-07 17:00:00,134,6345.55,6337.95949,-55.2439,476.3421,HIT/DEFESA,-3.05,5
2025-08-07 22:00:00,34,6342.5,6347.72961,18.5602,595.285,HIT/DEFESA,15.0,5
2025-08-07 22:00:00,134,6342.5,6337.51965,18.5602,595.285,HIT/DEFESA,15.0,5
2025-08-07 23:00:00,34,6346.75,6347.67363,32.9597,654.4681,HIT/DEFESA,14.18,5
2025-08-07 23:00:00,134,6346.75,6337.6564,32.9597,654.4681,HIT/DEFESA,14.18,5
2025-08-08 01:00:00,34,6353.85,6348.02657,48.3928,756.8345,HIT/DEFESA,2.05,5
2025-08-08 01:00:00,134,6353.85,6337.89631,48.3928,756.8345,HIT/DEFESA,2.05,5
2025-08-08 02:00:00,34,6351.08,6348.20105,13.5278,836.3636,HIT/DEFESA,1.87,5
2025-08-08 02:00:00,134,6351.08,6338.09162,13.5278,836.3636,HIT/DEFESA,1.87,5
2025-08-08 06:00:00,34,6355.9,6350.31544,-4.8435,366.3366,HIT/DEFESA,-0.5,5
2025-08-08 06:00:00,134,6355.9,6339.26376,-4.8435,366.3366,HIT/DEFESA,-0.5,5
2025-08-08 11:00:00,34,6355.4,6350.53501,17.1802,987.25,HIT/DEFESA,19.6,5
2025-08-08 11:00:00,134,6355.4,6340.11249,17.1802,987.25,HIT/DEFESA,19.6,5
2025-08-08 12:00:00,34,6358.35,6350.98158,11.9671,1017.4658,HIT/DEFESA,16.0,5
2025-08-08 12:00:00,134,6358.35,6340.38267,11.9671,1017.4658,HIT/DEFESA,16.0,5
2025-08-08 13:00:00,34,6360.53,6351.52721,14.1383,1073.8095,HIT/DEFESA,20.55,5
2025-08-08 13:00:00,134,6360.53,6340.68115,14.1383,1073.8095,HIT/DEFESA,20.55,5
2025-08-08 14:00:00,34,6363.4,6352.20565,12.5877,998.6207,HIT/DEFESA,19.8,5
2025-08-08 14:00:00,134,6363.4,6341.01773,12.5877,998.6207,HIT/DEFESA,19.8,5
2025-08-08 16:00:00,34,6375.0,6353.5957,22.7497,497.4882,HIT/DEFESA,15.35,5
2025-08-08 16:00:00,134,6375.0,6341.70817,22.7497,497.4882,HIT/DEFESA,15.35,5
2025-08-08 17:00:00,34,6374.35,6354.78166,17.2078,22096.6667,HIT/DEFESA,14.85,5
2025-08-08 17:00:00,134,6374.35,6342.19175,17.2078,22096.6667,HIT/DEFESA,14.85,5
2025-08-08 18:00:00,34,6381.08,6356.28443,42.8875,1909.2814,HIT/DEFESA,19.27,5
2025-08-08 18:00:00,134,6381.08,6342.76787,42.8875,1909.2814,HIT/DEFESA,19.27,5
2025-08-08 19:00:00,34,6383.2,6357.82246,12.8627,4435.814,HIT/DEFESA,13.15,5
2025-08-08 19:00:00,134,6383.2,6343.36687,12.8627,4435.814,HIT/DEFESA,13.15,5
2025-08-08 20:00:00,34,6389.55,6359.63546,23.8456,1459.8413,HIT/DEFESA,1.05,5
2025-08-08 20:00:00,134,6389.55,6344.05106,23.8456,1459.8413,HIT/DEFESA,1.05,5
2025-08-08 21:00:00,34,6390.35,6361.39058,14.5273,9089.6104,HIT/DEFESA,7.3,5
2025-08-08 21:00:00,134,6390.35,6344.73697,14.5273,9089.6104,HIT/DEFESA,7.3,5
2025-08-08 22:00:00,34,6389.2,6362.97969,9.3997,7433.6283,HIT/DEFESA,14.25,5
2025-08-08 22:00:00,134,6389.2,6345.39568,9.3997,7433.6283,HIT/DEFESA,14.25,5
2025-08-08 23:00:00,34,6400.35,6365.11513,16.9026,275.5556,HIT/DEFESA,2.0,5
2025-08-08 23:00:00,134,6400.35,6346.20982,16.9026,275.5556,HIT/DEFESA,2.0,5
2025-08-11 01:00:00,34,6396.35,6366.89998,9.3892,3475.7895,HIT/DEFESA,4.35,5
2025-08-11 01:00:00,134,6396.35,6346.95264,9.3892,3475.7895,HIT/DEFESA,4.35,5
2025-08-11 02:00:00,34,6390.6,6368.25427,2.1912,341.7188,HIT/DEFESA,6.7,5
2025-08-11 02:00:00,134,6390.6,6347.59927,2.1912,341.7188,HIT/DEFESA,6.7,5
2025-08-11 04:00:00,34,6403.45,6371.84922,11.1001,516.4103,HIT/DEFESA,0.55,5
2025-08-11 04:00:00,134,6403.45,6349.15719,11.1001,516.4103,HIT/DEFESA,0.55,5
2025-08-11 07:00:00,34,6397.3,6376.40737,-9.6042,490.6706,HIT/DEFESA,-1.45,5
2025-08-11 07:00:00,134,6397.3,6351.38757,-9.6042,490.6706,HIT/DEFESA,-1.45,5
2025-08-11 12:00:00,34,6395.85,6381.22529,-12.7264,450.0,HIT/DEFESA,-11.15,5
2025-08-11 12:00:00,134,6395.85,6354.55784,-12.7264,450.0,HIT/DEFESA,-11.15,5
2025-08-11 15:00:00,34,6394.05,6383.91154,-2.8143,698.3217,HIT/DEFESA,-9.05,5
2025-08-11 15:00:00,134,6394.05,6356.4555,-2.8143,698.3217,HIT/DEFESA,-9.05,5
2025-08-11 16:00:00,34,6394.25,6384.50231,-6.7984,41540.7407,HIT/DEFESA,-12.4,5
2025-08-11 16:00:00,134,6394.25,6357.01542,-6.7984,41540.7407,HIT/DEFESA,-12.4,5
2025-08-11 17:00:00,34,6384.7,6384.51361,-25.6206,1232.1466,HIT/DEFESA,-9.75,5
2025-08-11 17:00:00,134,6384.7,6357.42556,-25.6206,1232.1466,HIT/DEFESA,-9.75,5
2025-08-11 19:00:00,34,6390.5,6385.47347,-5.8646,1682.1622,HIT/DEFESA,-14.35,5
2025-08-11 19:00:00,134,6390.5,6358.47826,-5.8646,1682.1622,HIT/DEFESA,-14.35,5
2025-08-11 21:00:00,34,6381.85,6385.24091,-22.092,2588.2667,HIT/DEFESA,-3.6,5
2025-08-11 21:00:00,134,6381.85,6359.21161,-22.092,2588.2667,HIT/DEFESA,-3.6,5
2025-08-12 02:00:00,34,6375.45,6382.98547,0.7843,3230.0,HIT/DEFESA,10.65,5
2025-08-12 02:00:00,134,6375.45,6360.09473,0.7843,3230.0,HIT/DEFESA,10.65,5
2025-08-12 04:00:00,34,6381.45,6382.6426,8.3122,988.8889,HIT/DEFESA,0.95,5
2025-08-12 04:00:00,134,6381.45,6360.67609,8.3122,988.8889,HIT/DEFESA,0.95,5
2025-08-12 05:00:00,34,6381.0,6382.54873,8.7053,4939.5349,HIT/DEFESA,4.45,5
2025-08-12 05:00:00,134,6381.0,6360.97718,8.7053,4939.5349,HIT/DEFESA,4.45,5
2025-08-12 08:00:00,34,6377.88,6382.43525,-4.8895,697.4843,HIT/DEFESA,-2.13,5
2025-08-12 08:00:00,134,6377.88,6361.89368,-4.8895,697.4843,HIT/DEFESA,-2.13,5
2025-08-12 11:00:00,34,6379.2,6382.41101,2.0697,656.5079,HIT/DEFESA,13.2,5
2025-08-12 11:00:00,134,6379.2,6362.78875,2.0697,656.5079,HIT/DEFESA,13.2,5
2025-08-12 15:00:00,34,6409.3,6382.98243,49.784,309.4721,HIT/DEFESA,29.35,5
2025-08-12 15:00:00,134,6409.3,6364.05297,49.784,309.4721,HIT/DEFESA,29.35,5
2025-08-12 16:00:00,34,6392.4,6383.52058,26.1146,965.8997,HIT/DEFESA,45.95,5
2025-08-12 16:00:00,134,6392.4,6364.47293,26.1146,965.8997,HIT/DEFESA,45.95,5
2025-08-12 17:00:00,34,6417.85,6385.48226,67.0578,676.4384,HIT/DEFESA,27.05,5
2025-08-12 17:00:00,134,6417.85,6365.2637,67.0578,676.4384,HIT/DEFESA,27.05,5
2025-08-12 18:00:00,34,6431.7,6388.12327,34.9492,840.2143,HIT/DEFESA,14.65,5
2025-08-12 18:00:00,134,6431.7,6366.24794,34.9492,840.2143,HIT/DEFESA,14.65,5
2025-08-12 19:00:00,34,6436.25,6390.87337,68.5971,1618.5567,HIT/DEFESA,5.25,5
2025-08-12 19:00:00,134,6436.25,6367.28501,68.5971,1618.5567,HIT/DEFESA,5.25,5
2025-08-12 20:00:00,34,6438.65,6393.60347,32.4096,2881.6327,HIT/DEFESA,9.28,5
2025-08-12 20:00:00,134,6438.65,6368.34227,32.4096,2881.6327,HIT/DEFESA,9.28,5
2025-08-12 21:00:00,34,6438.35,6396.16041,10.3394,21126.6667,HIT/DEFESA,4.4,5
2025-08-12 21:00:00,134,6438.35,6369.37942,10.3394,21126.6667,HIT/DEFESA,4.4,5
2025-08-13 01:00:00,34,6441.5,6403.93125,4.8926,708.0,HIT/DEFESA,1.45,5
2025-08-13 01:00:00,134,6441.5,6372.6572,4.8926,708.0,HIT/DEFESA,1.45,5
2025-08-13 06:00:00,34,6442.95,6413.83112,0.3104,3513.3333,HIT/DEFESA,12.7,5
2025-08-13 06:00:00,134,6442.95,6377.70542,0.3104,3513.3333,HIT/DEFESA,12.7,5
2025-08-13 07:00:00,34,6445.98,6415.6682,11.7265,601.0169,HIT/DEFESA,13.97,5
2025-08-13 07:00:00,134,6445.98,6378.7169,11.7265,601.0169,HIT/DEFESA,13.97,5
2025-08-13 08:00:00,34,6443.1,6417.23573,1.1176,634.471,HIT/DEFESA,14.68,5
2025-08-13 08:00:00,134,6443.1,6379.67072,1.1176,634.471,HIT/DEFESA,14.68,5
2025-08-13 09:00:00,34,6445.03,6418.82398,3.2283,1560.0,HIT/DEFESA,12.62,5
2025-08-13 09:00:00,134,6445.03,6380.63901,3.2283,1560.0,HIT/DEFESA,12.62,5
2025-08-13 10:00:00,34,6452.7,6420.75975,10.4251,592.2572,HIT/DEFESA,9.98,5
2025-08-13 10:00:00,134,6452.7,6381.70658,10.4251,592.2572,HIT/DEFESA,9.98,5
2025-08-13 11:00:00,34,6455.65,6422.75348,19.4782,1379.3548,HIT/DEFESA,17.48,5
2025-08-13 11:00:00,134,6455.65,6382.80203,19.4782,1379.3548,HIT/DEFESA,17.48,5
2025-08-13 21:00:00,34,6456.78,6437.84295,9.4253,2301.5054,HIT/DEFESA,5.57,5
2025-08-13 21:00:00,134,6456.78,6393.09999,9.4253,2301.5054,HIT/DEFESA,5.57,5
2025-08-13 23:00:00,34,6460.85,6440.65743,13.4839,566.2,HIT/DEFESA,2.73,5
2025-08-13 23:00:00,134,6460.85,6395.16302,13.4839,566.2,HIT/DEFESA,2.73,5
2025-08-14 02:00:00,34,6464.8,6443.37816,-1.361,4220.0,HIT/DEFESA,-1.87,5
2025-08-14 02:00:00,134,6464.8,6397.222,-1.361,4220.0,HIT/DEFESA,-1.87,5
2025-08-14 04:00:00,34,6461.75,6445.45013,-5.8773,6671.6981,HIT/DEFESA,-4.52,5
2025-08-14 04:00:00,134,6461.75,6399.12854,-5.8773,6671.6981,HIT/DEFESA,-4.52,5
2025-08-14 05:00:00,34,6463.58,6446.48613,-1.8871,1207.3034,HIT/DEFESA,-1.3,5
2025-08-14 05:00:00,134,6463.58,6400.08337,-1.8871,1207.3034,HIT/DEFESA,-1.3,5
2025-08-14 07:00:00,34,6462.93,6448.17542,1.8261,570.9804,HIT/DEFESA,1.55,5
2025-08-14 07:00:00,134,6462.93,6401.89478,1.8261,570.9804,HIT/DEFESA,1.55,5
2025-08-14 10:00:00,34,6462.28,6449.94799,-1.0057,848.8636,HIT/DEFESA,-19.23,5
2025-08-14 10:00:00,134,6462.28,6404.398,-1.0057,848.8636,HIT/DEFESA,-19.23,5
2025-08-14 12:00:00,34,6464.48,6451.45628,11.2277,1221.1538,HIT/DEFESA,0.37,5
2025-08-14 12:00:00,134,6464.48,6406.13656,11.2277,1221.1538,HIT/DEFESA,0.37,5
2025-08-14 18:00:00,34,6457.7,6453.68886,22.7377,2284.3357,HIT/DEFESA,8.2,5
2025-08-14 18:00:00,134,6457.7,6410.66717,22.7377,2284.3357,HIT/DEFESA,8.2,5
2025-08-14 19:00:00,34,6459.05,6453.99521,2.1989,10791.2409,HIT/DEFESA,9.95,5
2025-08-14 19:00:00,134,6459.05,6411.38395,2.1989,10791.2409,HIT/DEFESA,9.95,5
2025-08-14 21:00:00,34,6463.58,6455.11966,9.1054,12043.6782,HIT/DEFESA,6.05,5
2025-08-14 21:00:00,134,6463.58,6412.93539,9.1054,12043.6782,HIT/DEFESA,6.05,5
2025-08-14 22:00:00,34,6467.1,6455.80425,12.4631,2916.6667,HIT/DEFESA,8.0,5
2025-08-14 22:00:00,134,6467.1,6413.73783,12.4631,2916.6667,HIT/DEFESA,8.0,5
2025-08-14 23:00:00,34,6465.9,6456.38115,1.8562,4704.7619,HIT/DEFESA,11.15,5
2025-08-14 23:00:00,134,6465.9,6414.5106,1.8562,4704.7619,HIT/DEFESA,11.15,5
2025-08-15 01:00:00,34,6469.0,6457.10223,8.3854,639.267,HIT/DEFESA,9.35,5
2025-08-15 01:00:00,134,6469.0,6415.31785,8.3854,639.267,HIT/DEFESA,9.35,5
2025-08-15 02:00:00,34,6467.7,6457.70781,0.9278,1598.5714,HIT/DEFESA,13.3,5
2025-08-15 02:00:00,134,6467.7,6416.09388,0.9278,1598.5714,HIT/DEFESA,13.3,5
2025-08-15 03:00:00,34,6469.63,6458.38908,5.7687,1756.9149,HIT/DEFESA,13.32,5
2025-08-15 03:00:00,134,6469.63,6416.88701,5.7687,1756.9149,HIT/DEFESA,13.32,5
2025-08-15 04:00:00,34,6475.1,6459.34399,9.4296,498.8991,HIT/DEFESA,7.93,5
2025-08-15 04:00:00,134,6475.1,6417.74943,9.4296,498.8991,HIT/DEFESA,7.93,5
2025-08-15 05:00:00,34,6477.05,6460.35576,14.4565,1024.8731,HIT/DEFESA,6.25,5
2025-08-15 05:00:00,134,6477.05,6418.62795,14.4565,1024.8731,HIT/DEFESA,6.25,5
2025-08-15 11:00:00,34,6472.05,6466.19263,-16.8133,374.2601,HIT/DEFESA,-17.5,5
2025-08-15 11:00:00,134,6472.05,6423.89216,-16.8133,374.2601,HIT/DEFESA,-17.5,5
2025-08-15 12:00:00,34,6469.35,6466.37305,-21.1012,1336.9811,HIT/DEFESA,-20.0,5
2025-08-15 12:00:00,134,6469.35,6424.56561,-21.1012,1336.9811,HIT/DEFESA,-20.0,5
2025-08-15 13:00:00,34,6476.3,6466.94031,-10.797,455.2174,HIT/DEFESA,-28.85,5
2025-08-15 13:00:00,134,6476.3,6425.33205,-10.797,455.2174,HIT/DEFESA,-28.85,5
2025-08-15 17:00:00,34,6449.35,6466.14423,-41.8132,3224.6809,HIT/DEFESA,-0.4,5
2025-08-15 17:00:00,134,6449.35,6427.55595,-41.8132,3224.6809,HIT/DEFESA,-0.4,5
2025-08-15 18:00:00,34,6447.45,6465.07599,-42.9327,5981.5,HIT/DEFESA,-4.05,5
2025-08-15 18:00:00,134,6447.45,6427.85067,-42.9327,5981.5,HIT/DEFESA,-4.05,5
2025-08-15 21:00:00,34,6456.25,6463.80509,13.6488,1766.2626,HIT/DEFESA,3.15,5
2025-08-15 21:00:00,134,6456.25,6429.13558,13.6488,1766.2626,HIT/DEFESA,3.15,5
2025-08-18 01:00:00,34,6458.25,6461.63366,3.0978,329.9548,HIT/DEFESA,1.33,5
2025-08-18 01:00:00,134,6458.25,6430.06001,3.0978,329.9548,HIT/DEFESA,1.33,5
2025-08-18 07:00:00,34,6457.55,6461.1813,-8.7418,899.0,HIT/DEFESA,-18.77,5
2025-08-18 07:00:00,134,6457.55,6432.63855,-8.7418,899.0,HIT/DEFESA,-18.77,5
2025-08-18 08:00:00,34,6457.5,6460.97094,-6.3916,19610000.0,HIT/DEFESA,-13.35,5
2025-08-18 08:00:00,134,6457.5,6433.00686,-6.3916,19610000.0,HIT/DEFESA,-13.35,5
2025-08-18 09:00:00,34,6445.58,6460.09145,-21.6732,392.555,HIT/DEFESA,-1.98,5
2025-08-18 09:00:00,134,6445.58,6433.19313,-21.6732,392.555,HIT/DEFESA,-1.98,5
2025-08-18 11:00:00,34,6443.45,6458.29402,-21.7576,9031.25,HIT/DEFESA,-0.6,5
2025-08-18 11:00:00,134,6443.45,6433.50836,-21.7576,9031.25,HIT/DEFESA,-0.6,5
2025-08-18 13:00:00,34,6444.15,6456.43442,-0.3569,701.8692,HIT/DEFESA,-0.62,5
2025-08-18 13:00:00,134,6444.15,6433.74296,-0.3569,701.8692,HIT/DEFESA,-0.62,5
2025-08-18 17:00:00,34,6448.45,6454.08778,7.5268,2830.6159,HIT/DEFESA,1.05,5
2025-08-18 17:00:00,134,6448.45,6434.40576,7.5268,2830.6159,HIT/DEFESA,1.05,5
2025-08-19 03:00:00,34,6447.1,6451.58165,-1.3958,1347.9893,HIT/DEFESA,-10.67,5
2025-08-19 03:00:00,134,6447.1,6436.07902,-1.3958,1347.9893,HIT/DEFESA,-10.67,5
2025-08-19 04:00:00,34,6445.08,6451.21013,-13.4031,2189.7561,HIT/DEFESA,-4.38,5
2025-08-19 04:00:00,134,6445.08,6436.21237,-13.4031,2189.7561,HIT/DEFESA,-4.38,5
2025-08-19 05:00:00,34,6442.1,6450.68955,-13.5641,1107.6046,HIT/DEFESA,-0.85,5
2025-08-19 05:00:00,134,6442.1,6436.29959,-13.5641,1107.6046,HIT/DEFESA,-0.85,5
2025-08-19 10:00:00,34,6441.25,6447.97125,1.2732,83020.0,HIT/DEFESA,2.78,5
2025-08-19 10:00:00,134,6441.25,6436.56705,1.2732,83020.0,HIT/DEFESA,2.78,5
2025-08-19 15:00:00,34,6444.03,6447.31118,-4.0331,1512.9412,HIT/DEFESA,-30.48,5
2025-08-19 15:00:00,134,6444.03,6437.20254,-4.0331,1512.9412,HIT/DEFESA,-30.48,5
2025-08-19 17:00:00,34,6427.7,6446.04609,-31.5599,1032.3952,HIT/DEFESA,-14.27,5
2025-08-19 17:00:00,134,6427.7,6437.17017,-31.5599,1032.3952,HIT/DEFESA,-14.27,5
2025-08-19 18:00:00,34,6423.0,6444.72917,-32.6349,3310.0,HIT/DEFESA,-7.32,5
2025-08-19 18:00:00,134,6423.0,6436.96024,-32.6349,3310.0,HIT/DEFESA,-7.32,5
2025-08-19 19:00:00,34,6412.2,6442.87036,-50.321,1340.2791,HIT/DEFESA,-0.15,5
2025-08-19 19:00:00,134,6412.2,6436.59342,-50.321,1340.2791,HIT/DEFESA,-0.15,5
2025-08-19 20:00:00,34,6413.55,6441.19491,-22.0141,9207.8571,HIT/DEFESA,-6.05,5
2025-08-19 20:00:00,134,6413.55,6436.25204,-22.0141,9207.8571,HIT/DEFESA,-6.05,5
2025-08-20 02:00:00,34,6407.5,6433.51551,-9.2462,823.5294,HIT/DEFESA,-11.87,5
2025-08-20 02:00:00,134,6407.5,6434.44131,-9.2462,823.5294,HIT/DEFESA,-11.87,5
2025-08-20 03:00:00,34,6407.15,6432.00891,-13.2956,105880.0,HIT/DEFESA,-8.65,5
2025-08-20 03:00:00,134,6407.15,6434.03699,-13.2956,105880.0,HIT/DEFESA,-8.65,5
2025-08-20 04:00:00,34,6401.35,6430.25697,-16.6873,935.3982,HIT/DEFESA,-0.65,5
2025-08-20 04:00:00,134,6401.35,6433.55274,-16.6873,935.3982,HIT/DEFESA,-0.65,5
2025-08-20 05:00:00,34,6402.38,6428.664,-7.9906,3174.7573,HIT/DEFESA,-0.83,5
2025-08-20 05:00:00,134,6402.38,6433.09092,-7.9906,3174.7573,HIT/DEFESA,-0.83,5
2025-08-20 09:00:00,34,6400.7,6422.07859,11.2614,1821.7391,HIT/DEFESA,5.35,5
2025-08-20 09:00:00,134,6400.7,6431.00669,11.2614,1821.7391,HIT/DEFESA,5.35,5
2025-08-20 10:00:00,34,6401.55,6420.90553,9.2563,4739.0909,HIT/DEFESA,6.95,5
2025-08-20 10:00:00,134,6401.55,6430.57029,9.2563,4739.0909,HIT/DEFESA,6.95,5
2025-08-20 19:00:00,34,6379.0,6406.47067,15.6224,1186.6102,HIT/DEFESA,12.55,5
2025-08-20 19:00:00,134,6379.0,6425.15996,15.6224,1186.6102,HIT/DEFESA,12.55,5
2025-08-20 20:00:00,34,6386.9,6405.35235,59.0607,1688.5535,HIT/DEFESA,5.85,5
2025-08-20 20:00:00,134,6386.9,6424.59315,59.0607,1688.5535,HIT/DEFESA,5.85,5
2025-08-20 21:00:00,34,6381.55,6403.99222,22.4902,2715.514,HIT/DEFESA,5.25,5
2025-08-20 21:00:00,134,6381.55,6423.95547,22.4902,2715.514,HIT/DEFESA,5.25,5
2025-08-20 22:00:00,34,6395.0,6403.47837,25.0823,936.1481,HIT/DEFESA,2.78,5
2025-08-20 22:00:00,134,6395.0,6423.5265,25.0823,936.1481,HIT/DEFESA,2.78,5
2025-08-20 23:00:00,34,6396.0,6403.05104,14.2479,9323.3333,HIT/DEFESA,2.95,5
2025-08-20 23:00:00,134,6396.0,6423.1187,14.2479,9323.3333,HIT/DEFESA,2.95,5
2025-08-21 01:00:00,34,6391.55,6402.39384,15.6702,1253.9683,HIT/DEFESA,3.83,5
2025-08-21 01:00:00,134,6391.55,6422.65102,15.6702,1253.9683,HIT/DEFESA,3.83,5
2025-08-21 04:00:00,34,6397.78,6400.80014,9.7472,492.6364,HIT/DEFESA,0.12,5
2025-08-21 04:00:00,134,6397.78,6421.32935,9.7472,492.6364,HIT/DEFESA,0.12,5
2025-08-21 07:00:00,34,6393.7,6400.00841,-6.3772,1445.4545,HIT/DEFESA,-8.32,5
2025-08-21 07:00:00,134,6393.7,6420.21949,-6.3772,1445.4545,HIT/DEFESA,-8.32,5
2025-08-21 08:00:00,34,6394.95,6399.71935,-6.251,3053.913,HIT/DEFESA,-10.42,5
2025-08-21 08:00:00,134,6394.95,6419.84513,-6.251,3053.913,HIT/DEFESA,-10.42,5
2025-08-21 11:00:00,34,6384.93,6398.51678,-15.6686,596.8687,HIT/DEFESA,-19.18,5
2025-08-21 11:00:00,134,6384.93,6418.64677,-15.6686,596.8687,HIT/DEFESA,-19.18,5
2025-08-21 13:00:00,34,6384.53,6397.00976,-16.0599,8923.8806,HIT/DEFESA,-13.7,5
2025-08-21 13:00:00,134,6384.53,6417.6558,-16.0599,8923.8806,HIT/DEFESA,-13.7,5
2025-08-21 14:00:00,34,6379.35,6396.00063,-8.7393,1454.1053,HIT/DEFESA,-15.9,5
2025-08-21 14:00:00,134,6379.35,6417.08831,-8.7393,1454.1053,HIT/DEFESA,-15.9,5
2025-08-21 18:00:00,34,6370.83,6391.20376,3.423,1120.3822,HIT/DEFESA,2.32,5
2025-08-21 18:00:00,134,6370.83,6414.53217,3.423,1120.3822,HIT/DEFESA,2.32,5
2025-08-21 22:00:00,34,6370.75,6387.03491,11.4718,2831.5556,HIT/DEFESA,1.9,5
2025-08-21 22:00:00,134,6370.75,6412.02092,11.4718,2831.5556,HIT/DEFESA,1.9,5
2025-08-21 23:00:00,34,6373.15,6386.24148,-1.7727,1812.093,HIT/DEFESA,-1.45,5
2025-08-21 23:00:00,134,6373.15,6411.44506,-1.7727,1812.093,HIT/DEFESA,-1.45,5
2025-08-22 04:00:00,34,6372.65,6384.14302,-8.2785,3470.0,HIT/DEFESA,-12.7,5
2025-08-22 04:00:00,134,6372.65,6409.41171,-8.2785,3470.0,HIT/DEFESA,-12.7,5
2025-08-22 10:00:00,34,6373.73,6379.61865,3.343,468.6502,HIT/DEFESA,9.75,5
2025-08-22 10:00:00,134,6373.73,6405.95011,3.343,468.6502,HIT/DEFESA,9.75,5
2025-08-22 11:00:00,34,6385.48,6379.95358,27.3238,482.062,HIT/DEFESA,11.85,5
2025-08-22 11:00:00,134,6385.48,6405.64685,27.3238,482.062,HIT/DEFESA,11.85,5
2025-08-22 12:00:00,34,6385.4,6380.26481,40.016,201050.0,HIT/DEFESA,84.25,5
2025-08-22 12:00:00,134,6385.4,6405.3469,40.016,201050.0,HIT/DEFESA,84.25,5
2025-08-22 13:00:00,34,6387.15,6380.65825,21.0552,2190.3955,HIT/DEFESA,80.15,5
2025-08-22 13:00:00,134,6387.15,6405.07731,21.0552,2190.3955,HIT/DEFESA,80.15,5
2025-08-22 16:00:00,34,6397.33,6381.89206,15.9383,966.1871,HIT/DEFESA,70.8,5
2025-08-22 16:00:00,134,6397.33,6404.33274,15.9383,966.1871,HIT/DEFESA,70.8,5
2025-08-22 19:00:00,34,6460.33,6395.4338,98.4786,2097.9224,HIT/DEFESA,5.77,5
2025-08-22 19:00:00,134,6460.33,6407.02056,98.4786,2097.9224,HIT/DEFESA,5.77,5
2025-08-22 23:00:00,34,6466.58,6410.62924,-7.3401,3726.5306,HIT/DEFESA,-10.85,5
2025-08-22 23:00:00,134,6466.58,6410.55346,-7.3401,3726.5306,HIT/DEFESA,-10.85,5
2025-08-25 01:00:00,34,6466.1,6413.799,-3.1385,1004.0476,HIT/DEFESA,-4.65,5
2025-08-25 01:00:00,134,6466.1,6411.37637,-3.1385,1004.0476,HIT/DEFESA,-4.65,5
2025-08-25 06:00:00,34,6461.45,6425.80283,-2.6767,435.3553,HIT/DEFESA,-5.37,5
2025-08-25 06:00:00,134,6461.45,6414.94836,-2.6767,435.3553,HIT/DEFESA,-5.37,5
2025-08-25 09:00:00,34,6458.98,6431.75227,-3.8227,480.2023,HIT/DEFESA,-5.9,5
2025-08-25 09:00:00,134,6458.98,6417.0364,-3.8227,480.2023,HIT/DEFESA,-5.9,5
2025-08-25 10:00:00,34,6458.85,6433.30071,-6.7304,31246.6667,HIT/DEFESA,-9.57,5
2025-08-25 10:00:00,134,6458.85,6417.65586,-6.7304,31246.6667,HIT/DEFESA,-9.57,5
2025-08-25 21:00:00,34,6453.0,6444.32752,-16.0906,1628.2456,HIT/DEFESA,-26.12,5
2025-08-25 21:00:00,134,6453.0,6423.48514,-16.0906,1628.2456,HIT/DEFESA,-26.12,5
2025-08-25 22:00:00,34,6438.4,6443.98881,-39.1417,644.0678,HIT/DEFESA,-11.2,5
2025-08-25 22:00:00,134,6438.4,6423.7061,-39.1417,644.0678,HIT/DEFESA,-11.2,5
2025-08-25 23:00:00,34,6444.0,6443.98944,-22.7291,622.6168,HIT/DEFESA,-12.15,5
2025-08-25 23:00:00,134,6444.0,6424.00675,-22.7291,622.6168,HIT/DEFESA,-12.15,5
2025-08-26 01:00:00,34,6445.6,6444.08148,-11.4675,996.2791,HIT/DEFESA,-13.3,5
2025-08-26 01:00:00,134,6445.6,6424.32665,-11.4675,996.2791,HIT/DEFESA,-13.3,5
2025-08-26 05:00:00,34,6431.85,6441.61349,-19.4433,871.9027,HIT/DEFESA,-5.0,5
2025-08-26 05:00:00,134,6431.85,6424.80084,-19.4433,871.9027,HIT/DEFESA,-5.0,5
2025-08-26 07:00:00,34,6433.2,6440.63093,9.3353,2296.0,HIT/DEFESA,0.98,5
2025-08-26 07:00:00,134,6433.2,6425.03472,9.3353,2296.0,HIT/DEFESA,0.98,5
2025-08-26 12:00:00,34,6434.18,6438.50163,3.7004,1188.3871,HIT/DEFESA,5.82,5
2025-08-26 12:00:00,134,6434.18,6425.56048,3.7004,1188.3871,HIT/DEFESA,5.82,5
2025-08-26 13:00:00,34,6436.35,6438.37868,14.7817,1579.2793,HIT/DEFESA,4.3,5
2025-08-26 13:00:00,134,6436.35,6425.72033,14.7817,1579.2793,HIT/DEFESA,4.3,5
2025-08-26 14:00:00,34,6433.75,6438.11418,4.5095,1612.8571,HIT/DEFESA,12.7,5
2025-08-26 14:00:00,134,6433.75,6425.83928,4.5095,1612.8571,HIT/DEFESA,12.7,5
2025-08-26 15:00:00,34,6435.45,6437.96194,1.9738,3828.4848,HIT/DEFESA,6.33,5
2025-08-26 15:00:00,134,6435.45,6425.98167,1.9738,3828.4848,HIT/DEFESA,6.33,5
2025-08-26 16:00:00,34,6438.2,6437.97555,2.8743,4704.2105,HIT/DEFESA,14.2,5
2025-08-26 16:00:00,134,6438.2,6426.16268,2.8743,4704.2105,HIT/DEFESA,14.2,5
2025-08-26 17:00:00,34,6440.0,6438.09123,9.7144,8663.1016,HIT/DEFESA,25.25,5
2025-08-26 17:00:00,134,6440.0,6426.36767,9.7144,8663.1016,HIT/DEFESA,25.25,5
2025-08-26 18:00:00,34,6440.65,6438.23744,8.0802,18117.1429,HIT/DEFESA,30.53,5
2025-08-26 18:00:00,134,6440.65,6426.57926,8.0802,18117.1429,HIT/DEFESA,30.53,5
2025-08-26 19:00:00,34,6446.45,6438.70673,12.8141,1552.8205,HIT/DEFESA,24.65,5
2025-08-26 19:00:00,134,6446.45,6426.87365,12.8141,1552.8205,HIT/DEFESA,24.65,5
2025-08-26 20:00:00,34,6441.78,6438.88235,2.764,2005.1613,HIT/DEFESA,28.8,5
2025-08-26 20:00:00,134,6441.78,6427.09448,2.764,2005.1613,HIT/DEFESA,28.8,5
2025-08-26 21:00:00,34,6452.4,6439.65479,18.2435,718.2243,HIT/DEFESA,15.75,5
2025-08-26 21:00:00,134,6452.4,6427.46938,18.2435,718.2243,HIT/DEFESA,15.75,5
2025-08-26 22:00:00,34,6465.25,6441.11737,29.1633,787.2075,HIT/DEFESA,7.85,5
2025-08-26 22:00:00,134,6465.25,6428.02909,29.1633,787.2075,HIT/DEFESA,7.85,5
2025-08-27 01:00:00,34,6471.1,6444.45036,28.9815,4215.5556,HIT/DEFESA,0.8,5
2025-08-27 01:00:00,134,6471.1,6429.29698,28.9815,4215.5556,HIT/DEFESA,0.8,5
2025-08-27 02:00:00,34,6470.58,6445.94349,8.2441,3227.6596,HIT/DEFESA,1.1,5
2025-08-27 02:00:00,134,6470.58,6429.90858,8.2441,3227.6596,HIT/DEFESA,1.1,5
2025-08-27 07:00:00,34,6471.68,6452.38136,-2.1937,3748.0,HIT/DEFESA,-2.53,5
2025-08-27 07:00:00,134,6471.68,6432.87456,-2.1937,3748.0,HIT/DEFESA,-2.53,5
2025-08-27 10:00:00,34,6466.85,6454.90377,-7.4633,2820.7447,HIT/DEFESA,-1.85,5
2025-08-27 10:00:00,134,6466.85,6434.41233,-7.4633,2820.7447,HIT/DEFESA,-1.85,5
2025-08-27 11:00:00,34,6466.43,6455.56241,-3.0456,9724.4444,HIT/DEFESA,-0.15,5
2025-08-27 11:00:00,134,6466.43,6434.88667,-3.0456,9724.4444,HIT/DEFESA,-0.15,5
2025-08-27 12:00:00,34,6469.15,6456.33884,0.6184,1026.5455,HIT/DEFESA,5.85,5
2025-08-27 12:00:00,134,6469.15,6435.39427,0.6184,1026.5455,HIT/DEFESA,5.85,5
2025-08-27 13:00:00,34,6469.18,6457.07262,3.603,45100.0,HIT/DEFESA,9.02,5
2025-08-27 13:00:00,134,6469.18,6435.8948,3.603,45100.0,HIT/DEFESA,9.02,5
2025-08-27 14:00:00,34,6470.53,6457.84162,6.3404,1947.3684,HIT/DEFESA,5.02,5
2025-08-27 14:00:00,134,6470.53,6436.40792,6.3404,1947.3684,HIT/DEFESA,5.02,5
2025-08-27 17:00:00,34,6475.0,6459.64037,6.9082,1423.6032,HIT/DEFESA,3.75,5
2025-08-27 17:00:00,134,6475.0,6437.82677,6.9082,1423.6032,HIT/DEFESA,3.75,5
2025-08-28 04:00:00,34,6471.9,6464.95843,14.7004,485.6164,HIT/DEFESA,10.5,5
2025-08-28 04:00:00,134,6471.9,6442.59893,14.7004,485.6164,HIT/DEFESA,10.5,5
2025-08-28 05:00:00,34,6473.03,6465.41966,18.1542,3210.0,HIT/DEFESA,16.67,5
2025-08-28 05:00:00,134,6473.03,6443.04976,18.1542,3210.0,HIT/DEFESA,16.67,5
2025-08-28 06:00:00,34,6477.73,6466.12311,20.4191,535.6522,HIT/DEFESA,6.85,5
2025-08-28 06:00:00,134,6477.73,6443.56354,20.4191,535.6522,HIT/DEFESA,6.85,5
2025-08-28 07:00:00,34,6473.5,6466.54465,2.4722,510.67,HIT/DEFESA,9.45,5
2025-08-28 07:00:00,134,6473.5,6444.00705,2.4722,510.67,HIT/DEFESA,9.45,5
2025-08-28 09:00:00,34,6482.4,6467.68424,7.2093,397.7391,HIT/DEFESA,0.2,5
2025-08-28 09:00:00,134,6482.4,6444.96805,7.2093,397.7391,HIT/DEFESA,0.2,5
2025-08-28 15:00:00,34,6483.9,6472.5047,1.4654,4906.5868,HIT/DEFESA,13.4,5
2025-08-28 15:00:00,134,6483.9,6448.31308,1.4654,4906.5868,HIT/DEFESA,13.4,5
2025-08-28 19:00:00,34,6490.03,6474.57919,27.781,1543.3642,HIT/DEFESA,8.02,5
2025-08-28 19:00:00,134,6490.03,6450.27083,27.781,1543.3642,HIT/DEFESA,8.02,5
2025-08-28 20:00:00,34,6497.3,6475.87752,23.4028,1298.3264,HIT/DEFESA,2.53,5
2025-08-28 20:00:00,134,6497.3,6450.96756,23.4028,1298.3264,HIT/DEFESA,2.53,5
2025-08-29 01:00:00,34,6498.05,6481.24041,-7.8884,608.2051,HIT/DEFESA,-0.67,5
2025-08-29 01:00:00,134,6498.05,6453.89849,-7.8884,608.2051,HIT/DEFESA,-0.67,5
2025-08-29 02:00:00,34,6499.83,6482.30267,-4.721,1060.7143,HIT/DEFESA,-4.25,5
2025-08-29 02:00:00,134,6499.83,6454.57896,-4.721,1060.7143,HIT/DEFESA,-4.25,5
2025-08-29 03:00:00,34,6499.78,6483.30137,-3.6449,148550.0,HIT/DEFESA,-2.45,5
2025-08-29 03:00:00,134,6499.78,6455.24861,-3.6449,148550.0,HIT/DEFESA,-2.45,5
2025-08-29 04:00:00,34,6497.9,6484.13558,-0.2308,1397.8142,HIT/DEFESA,-3.27,5
2025-08-29 04:00:00,134,6497.9,6455.88048,-0.2308,1397.8142,HIT/DEFESA,-3.27,5
2025-08-29 05:00:00,34,6496.65,6484.85069,-4.8924,1248.7805,HIT/DEFESA,-7.2,5
2025-08-29 05:00:00,134,6496.65,6456.48447,-4.8924,1248.7805,HIT/DEFESA,-7.2,5
2025-08-29 06:00:00,34,6497.38,6485.56665,-3.6924,2302.6667,HIT/DEFESA,-18.08,5
2025-08-29 06:00:00,134,6497.38,6457.09033,-3.6924,2302.6667,HIT/DEFESA,-18.08,5
2025-08-29 07:00:00,34,6495.58,6486.13884,-3.5704,628.8136,HIT/DEFESA,-13.13,5
2025-08-29 07:00:00,134,6495.58,6457.66055,-3.5704,628.8136,HIT/DEFESA,-13.13,5
2025-08-29 09:00:00,34,6494.63,6487.227,-4.2325,1022.8464,HIT/DEFESA,-12.3,5
2025-08-29 09:00:00,134,6494.63,6458.78723,-4.2325,1022.8464,HIT/DEFESA,-12.3,5
2025-08-29 10:00:00,34,6489.45,6487.35403,-9.4372,888.4404,HIT/DEFESA,-1.65,5
2025-08-29 10:00:00,134,6489.45,6459.2415,-9.4372,888.4404,HIT/DEFESA,-1.65,5
2025-08-29 11:00:00,34,6479.3,6486.8938,-27.7499,659.2965,HIT/DEFESA,-13.15,5
2025-08-29 11:00:00,134,6479.3,6459.53866,-27.7499,659.2965,HIT/DEFESA,-13.15,5
2025-08-29 12:00:00,34,6482.45,6486.63987,-18.754,1649.0625,HIT/DEFESA,-33.35,5
2025-08-29 12:00:00,134,6482.45,6459.87809,-18.754,1649.0625,HIT/DEFESA,-33.35,5
2025-08-29 13:00:00,34,6481.6,6486.35188,-12.0966,4771.0843,HIT/DEFESA,-32.8,5
2025-08-29 13:00:00,134,6481.6,6460.19989,-12.0966,4771.0843,HIT/DEFESA,-32.8,5
2025-08-29 16:00:00,34,6466.15,6485.0712,-23.8367,651.9834,HIT/DEFESA,-10.32,5
2025-08-29 16:00:00,134,6466.15,6461.00909,-23.8367,651.9834,HIT/DEFESA,-10.32,5
2025-08-29 20:00:00,34,6457.25,6478.46556,12.6374,16383.75,HIT/DEFESA,19.2,5
2025-08-29 20:00:00,134,6457.25,6460.56741,12.6374,16383.75,HIT/DEFESA,19.2,5
2025-08-29 21:00:00,34,6455.83,6477.17209,10.9013,7573.1034,HIT/DEFESA,21.07,5
2025-08-29 21:00:00,134,6455.83,6460.49722,10.9013,7573.1034,HIT/DEFESA,21.07,5
2025-08-29 22:00:00,34,6461.45,6476.27369,5.1098,2076.9643,HIT/DEFESA,11.48,5
2025-08-29 22:00:00,134,6461.45,6460.51134,5.1098,2076.9643,HIT/DEFESA,11.48,5
2025-08-29 23:00:00,34,6461.5,6475.42948,6.5817,78360.0,HIT/DEFESA,2.83,5
2025-08-29 23:00:00,134,6461.5,6460.52598,6.5817,78360.0,HIT/DEFESA,2.83,5
2025-09-01 04:00:00,34,6472.93,6475.4187,-3.8916,838.5572,HIT/DEFESA,-13.5,5
2025-09-01 04:00:00,134,6472.93,6461.38912,-3.8916,838.5572,HIT/DEFESA,-13.5,5
2025-09-01 09:00:00,34,6459.43,6471.27838,0.4335,1861.2613,HIT/DEFESA,1.8,5
2025-09-01 09:00:00,134,6459.43,6461.23747,0.4335,1861.2613,HIT/DEFESA,1.8,5
2025-09-01 12:00:00,34,6467.9,6470.7173,13.1126,1236.1538,HIT/DEFESA,1.7,5
2025-09-01 12:00:00,134,6467.9,6461.52334,13.1126,1236.1538,HIT/DEFESA,1.7,5
2025-09-01 13:00:00,34,6466.4,6470.4706,2.6297,1817.6471,HIT/DEFESA,3.45,5
2025-09-01 13:00:00,134,6466.4,6461.59559,2.6297,1817.6471,HIT/DEFESA,3.45,5
2025-09-01 15:00:00,34,6462.78,6469.53327,-7.916,1798.3784,HIT/DEFESA,-3.1,5
2025-09-01 15:00:00,134,6462.78,6461.6078,-7.916,1798.3784,HIT/DEFESA,-3.1,5
2025-09-02 01:00:00,34,6459.68,6468.90692,-15.3333,236.5095,HIT/DEFESA,-3.8,5
2025-09-02 01:00:00,134,6459.68,6462.01006,-15.3333,236.5095,HIT/DEFESA,-3.8,5
2025-09-02 02:00:00,34,6456.98,6468.22539,-19.8923,1229.6552,HIT/DEFESA,-0.58,5
2025-09-02 02:00:00,134,6456.98,6461.93554,-19.8923,1229.6552,HIT/DEFESA,-0.58,5
2025-09-02 03:00:00,34,6460.88,6467.80565,-14.636,1120.3608,HIT/DEFESA,-9.55,5
2025-09-02 03:00:00,134,6460.88,6461.9199,-14.636,1120.3608,HIT/DEFESA,-9.55,5
2025-09-02 05:00:00,34,6453.7,6466.36786,-5.0798,1652.9167,HIT/DEFESA,-36.72,5
2025-09-02 05:00:00,134,6453.7,6461.71289,-5.0798,1652.9167,HIT/DEFESA,-36.72,5
2025-09-02 06:00:00,34,6455.88,6465.76856,-7.7389,1186.9955,HIT/DEFESA,-27.68,5
2025-09-02 06:00:00,134,6455.88,6461.62648,-7.7389,1186.9955,HIT/DEFESA,-27.68,5
2025-09-02 08:00:00,34,6451.33,6464.43874,-3.6723,757.0588,HIT/DEFESA,-37.88,5
2025-09-02 08:00:00,134,6451.33,6461.39765,-3.6723,757.0588,HIT/DEFESA,-37.88,5
2025-09-02 10:00:00,34,6416.98,6461.39769,-61.0557,310.586,HIT/DEFESA,-34.05,5
2025-09-02 10:00:00,134,6416.98,6460.69484,-61.0557,310.586,HIT/DEFESA,-34.05,5
2025-09-02 11:00:00,34,6428.2,6459.50068,-35.8531,870.0893,HIT/DEFESA,-28.02,5
2025-09-02 11:00:00,134,6428.2,6460.21343,-35.8531,870.0893,HIT/DEFESA,-28.02,5
2025-09-02 12:00:00,34,6424.43,6457.49664,-52.4903,1499.2147,HIT/DEFESA,-38.93,5
2025-09-02 12:00:00,134,6424.43,6459.68331,-52.4903,1499.2147,HIT/DEFESA,-38.93,5
2025-09-02 13:00:00,34,6413.45,6454.97969,-5.501,707.3973,HIT/DEFESA,-51.32,5
2025-09-02 13:00:00,134,6413.45,6458.99837,-5.501,707.3973,HIT/DEFESA,-51.32,5
2025-09-02 14:00:00,34,6409.38,6452.37399,-29.2772,1905.3864,HIT/DEFESA,-29.78,5
2025-09-02 14:00:00,134,6409.38,6458.26329,-29.2772,1905.3864,HIT/DEFESA,-29.78,5
2025-09-02 16:00:00,34,6400.18,6445.65001,-20.6909,1046.1806,HIT/DEFESA,-9.68,5
2025-09-02 16:00:00,134,6400.18,6456.30328,-20.6909,1046.1806,HIT/DEFESA,-9.68,5
2025-09-02 20:00:00,34,6393.58,6431.9923,12.6537,928.6022,HIT/DEFESA,29.57,5
2025-09-02 20:00:00,134,6393.58,6451.8974,12.6537,928.6022,HIT/DEFESA,29.57,5
2025-09-02 21:00:00,34,6390.5,6429.62131,44.592,4881.4286,HIT/DEFESA,32.3,5
2025-09-02 21:00:00,134,6390.5,6450.98781,44.592,4881.4286,HIT/DEFESA,32.3,5
2025-09-02 22:00:00,34,6413.6,6428.70581,53.2949,566.1899,HIT/DEFESA,7.9,5
2025-09-02 22:00:00,134,6413.6,6450.43392,53.2949,566.1899,HIT/DEFESA,7.9,5
2025-09-03 03:00:00,34,6422.8,6428.14208,-17.3299,183950.0,HIT/DEFESA,-7.92,5
2025-09-03 03:00:00,134,6422.8,6449.02995,-17.3299,183950.0,HIT/DEFESA,-7.92,5
2025-09-03 09:00:00,34,6421.93,6425.43458,5.9675,621.4794,HIT/DEFESA,16.47,5
2025-09-03 09:00:00,134,6421.93,6446.463,5.9675,621.4794,HIT/DEFESA,16.47,5
2025-09-03 10:00:00,34,6430.9,6425.74689,18.0705,862.9189,HIT/DEFESA,3.68,5
2025-09-03 10:00:00,134,6430.9,6446.23244,18.0705,862.9189,HIT/DEFESA,3.68,5
2025-09-03 12:00:00,34,6443.85,6427.5482,34.133,1199.2105,HIT/DEFESA,6.55,5
2025-09-03 12:00:00,134,6443.85,6446.10589,34.133,1199.2105,HIT/DEFESA,6.55,5
2025-09-03 14:00:00,34,6438.4,6429.15705,-2.4534,867.7778,HIT/DEFESA,-9.7,5
2025-09-03 14:00:00,134,6438.4,6445.98872,-2.4534,867.7778,HIT/DEFESA,-9.7,5
2025-09-03 15:00:00,34,6434.58,6429.46694,-14.3858,1751.3919,HIT/DEFESA,-14.25,5
2025-09-03 15:00:00,134,6434.58,6445.8197,-14.3858,1751.3919,HIT/DEFESA,-14.25,5
2025-09-03 16:00:00,34,6430.23,6429.51054,-24.31,3619.7674,HIT/DEFESA,-10.65,5
2025-09-03 16:00:00,134,6430.23,6445.58874,-24.31,3619.7674,HIT/DEFESA,-10.65,5
2025-09-03 22:00:00,34,6446.6,6430.55485,27.8439,447.3549,HIT/DEFESA,7.4,5
2025-09-03 22:00:00,134,6446.6,6444.53097,27.8439,447.3549,HIT/DEFESA,7.4,5
2025-09-03 23:00:00,34,6449.55,6431.64029,45.5117,1263.3962,HIT/DEFESA,1.58,5
2025-09-03 23:00:00,134,6449.55,6444.60533,45.5117,1263.3962,HIT/DEFESA,1.58,5
2025-09-04 01:00:00,34,6443.6,6432.3237,37.4168,462.0,HIT/DEFESA,5.4,5
2025-09-04 01:00:00,134,6443.6,6444.59044,37.4168,462.0,HIT/DEFESA,5.4,5
2025-09-04 05:00:00,34,6451.13,6436.35141,10.4432,1287.7966,HIT/DEFESA,3.62,5
2025-09-04 05:00:00,134,6451.13,6444.98717,10.4432,1287.7966,HIT/DEFESA,3.62,5
2025-09-04 07:00:00,34,6454.58,6438.07452,0.8987,425.448,HIT/DEFESA,4.02,5
2025-09-04 07:00:00,134,6454.58,6445.18785,0.8987,425.448,HIT/DEFESA,4.02,5
2025-09-04 11:00:00,34,6455.18,6441.0676,6.4796,9696.0,HIT/DEFESA,4.75,5
2025-09-04 11:00:00,134,6455.18,6445.59649,6.4796,9696.0,HIT/DEFESA,4.75,5
2025-09-04 12:00:00,34,6458.6,6442.06945,16.6256,986.8657,HIT/DEFESA,7.95,5
2025-09-04 12:00:00,134,6458.6,6445.78914,16.6256,986.8657,HIT/DEFESA,7.95,5
2025-09-04 13:00:00,34,6458.05,6442.98262,5.1125,8694.0,HIT/DEFESA,13.83,5
2025-09-04 13:00:00,134,6458.05,6445.97078,5.1125,8694.0,HIT/DEFESA,13.83,5
2025-09-04 16:00:00,34,6459.93,6445.10785,2.9111,2137.3041,HIT/DEFESA,26.52,5
2025-09-04 16:00:00,134,6459.93,6446.41134,2.9111,2137.3041,HIT/DEFESA,26.52,5
2025-09-04 17:00:00,34,6466.55,6446.33311,19.0572,2087.7215,HIT/DEFESA,32.7,5
2025-09-04 17:00:00,134,6466.55,6446.70969,19.0572,2087.7215,HIT/DEFESA,32.7,5
2025-09-04 18:00:00,34,6471.88,6447.79293,27.9679,2382.7392,HIT/DEFESA,30.4,5
2025-09-04 18:00:00,134,6471.88,6447.08258,27.9679,2382.7392,HIT/DEFESA,30.4,5
2025-09-04 19:00:00,34,6469.53,6449.03505,14.8608,4751.8987,HIT/DEFESA,35.07,5
2025-09-04 19:00:00,134,6469.53,6447.41514,14.8608,4751.8987,HIT/DEFESA,35.07,5
2025-09-04 20:00:00,34,6481.55,6450.89305,23.1963,736.5145,HIT/DEFESA,22.23,5
2025-09-04 20:00:00,134,6481.55,6447.92084,23.1963,736.5145,HIT/DEFESA,22.23,5
2025-09-04 21:00:00,34,6486.45,6452.92487,22.5128,1389.703,HIT/DEFESA,21.23,5
2025-09-04 21:00:00,134,6486.45,6448.49164,22.5128,1389.703,HIT/DEFESA,21.23,5
2025-09-04 22:00:00,34,6499.25,6455.57202,45.9384,678.3931,HIT/DEFESA,8.63,5
2025-09-04 22:00:00,134,6499.25,6449.24362,45.9384,678.3931,HIT/DEFESA,8.63,5
2025-09-04 23:00:00,34,6502.28,6458.24105,31.9831,1174.4604,HIT/DEFESA,5.6,5
2025-09-04 23:00:00,134,6502.28,6450.02934,31.9831,1174.4604,HIT/DEFESA,5.6,5
2025-09-05 01:00:00,34,6504.6,6460.89013,27.9814,950.9434,HIT/DEFESA,3.78,5
2025-09-05 01:00:00,134,6504.6,6450.83779,27.9814,950.9434,HIT/DEFESA,3.78,5
2025-09-05 02:00:00,34,6503.78,6463.34098,6.97,2365.3333,HIT/DEFESA,4.95,5
2025-09-05 02:00:00,134,6503.78,6451.62212,6.97,2365.3333,HIT/DEFESA,4.95,5
2025-09-05 03:00:00,34,6507.68,6465.87464,8.3048,852.6718,HIT/DEFESA,5.8,5
2025-09-05 03:00:00,134,6507.68,6452.45261,8.3048,852.6718,HIT/DEFESA,5.8,5
2025-09-05 04:00:00,34,6507.88,6468.27495,5.0426,9164.0,HIT/DEFESA,6.82,5
2025-09-05 04:00:00,134,6507.88,6453.27376,5.0426,9164.0,HIT/DEFESA,6.82,5
2025-09-05 05:00:00,34,6507.88,6470.53809,6.304,55733.3333,HIT/DEFESA,2.65,5
2025-09-05 05:00:00,134,6507.88,6454.08274,6.304,55733.3333,HIT/DEFESA,2.65,5
2025-09-05 06:00:00,34,6508.38,6472.70049,1.0757,2363.7931,HIT/DEFESA,6.5,5
2025-09-05 06:00:00,134,6508.38,6454.88714,1.0757,2363.7931,HIT/DEFESA,6.5,5
2025-09-05 07:00:00,34,6508.73,6474.75932,1.3061,4376.6667,HIT/DEFESA,3.3,5
2025-09-05 07:00:00,134,6508.73,6455.68481,1.3061,4376.6667,HIT/DEFESA,3.3,5
2025-09-05 10:00:00,34,6510.53,6480.92223,2.7655,1388.1928,HIT/DEFESA,13.57,5
2025-09-05 10:00:00,134,6510.53,6458.18973,2.7655,1388.1928,HIT/DEFESA,13.57,5
2025-09-05 11:00:00,34,6514.88,6482.86267,2.1494,883.3333,HIT/DEFESA,3.67,5
2025-09-05 11:00:00,134,6514.88,6459.02958,2.1494,883.3333,HIT/DEFESA,3.67,5
2025-09-05 12:00:00,34,6512.03,6484.52938,-4.0984,1078.7456,HIT/DEFESA,-63.1,5
2025-09-05 12:00:00,134,6512.03,6459.81477,-4.0984,1078.7456,HIT/DEFESA,-63.1,5
2025-09-05 14:00:00,34,6506.0,6487.19753,-13.6303,740.7266,HIT/DEFESA,-34.12,5
2025-09-05 14:00:00,134,6506.0,6461.25015,-13.6303,740.7266,HIT/DEFESA,-34.12,5
2025-09-05 20:00:00,34,6458.8,6484.71268,15.3049,1279.8467,HIT/DEFESA,36.48,5
2025-09-05 20:00:00,134,6458.8,6462.89426,15.3049,1279.8467,HIT/DEFESA,36.48,5
2025-09-05 21:00:00,34,6470.43,6483.89652,10.3346,1158.6207,HIT/DEFESA,19.9,5
2025-09-05 21:00:00,134,6470.43,6463.0059,10.3346,1158.6207,HIT/DEFESA,19.9,5
2025-09-05 22:00:00,34,6479.4,6483.63958,11.6195,1508.2222,HIT/DEFESA,12.38,5
2025-09-05 22:00:00,134,6479.4,6463.24877,11.6195,1508.2222,HIT/DEFESA,12.38,5
2025-09-05 23:00:00,34,6477.38,6483.28189,28.767,1420.7207,HIT/DEFESA,9.5,5
2025-09-05 23:00:00,134,6477.38,6463.45812,28.767,1420.7207,HIT/DEFESA,9.5,5
2025-09-08 01:00:00,34,6488.88,6483.60178,28.5143,522.9607,HIT/DEFESA,0.65,5
2025-09-08 01:00:00,134,6488.88,6463.83474,28.5143,522.9607,HIT/DEFESA,0.65,5
2025-09-08 10:00:00,34,6490.48,6485.77613,8.3268,3355.1913,HIT/DEFESA,4.6,5
2025-09-08 10:00:00,134,6490.48,6467.00667,8.3268,3355.1913,HIT/DEFESA,4.6,5
2025-09-08 12:00:00,34,6496.23,6486.79394,11.4042,1167.9104,HIT/DEFESA,6.2,5
2025-09-08 12:00:00,134,6496.23,6467.82745,11.4042,1167.9104,HIT/DEFESA,6.2,5
2025-09-08 13:00:00,34,6495.33,6487.28172,7.4725,3600.0,HIT/DEFESA,6.75,5
2025-09-08 13:00:00,134,6495.33,6468.2349,7.4725,3600.0,HIT/DEFESA,6.75,5
2025-09-08 15:00:00,34,6495.08,6487.93736,-1.7703,1523.5925,HIT/DEFESA,-11.1,5
2025-09-08 15:00:00,134,6495.08,6468.96749,-1.7703,1523.5925,HIT/DEFESA,-11.1,5
2025-09-08 16:00:00,34,6492.28,6488.18552,-4.6957,4537.234,HIT/DEFESA,-1.95,5
2025-09-08 16:00:00,134,6492.28,6469.31286,-4.6957,4537.234,HIT/DEFESA,-1.95,5
2025-09-08 19:00:00,34,6493.83,6489.98026,2.3875,1410.2781,HIT/DEFESA,10.9,5
2025-09-08 19:00:00,134,6493.83,6470.63052,2.3875,1410.2781,HIT/DEFESA,10.9,5
2025-09-08 22:00:00,34,6497.03,6490.09714,4.9278,1535.0725,HIT/DEFESA,2.8,5
2025-09-08 22:00:00,134,6497.03,6471.5011,4.9278,1535.0725,HIT/DEFESA,2.8,5
2025-09-08 23:00:00,34,6496.53,6490.46473,19.3554,2547.0588,HIT/DEFESA,7.4,5
2025-09-08 23:00:00,134,6496.53,6471.8719,19.3554,2547.0588,HIT/DEFESA,7.4,5
2025-09-09 01:00:00,34,6504.73,6491.27989,22.1869,397.723,HIT/DEFESA,1.7,5
2025-09-09 01:00:00,134,6504.73,6472.35869,22.1869,397.723,HIT/DEFESA,1.7,5
2025-09-09 02:00:00,34,6501.33,6491.85418,6.6184,524.1477,HIT/DEFESA,3.92,5
2025-09-09 02:00:00,134,6501.33,6472.78789,6.6184,524.1477,HIT/DEFESA,3.92,5
2025-09-09 03:00:00,34,6499.6,6492.2968,4.7256,1587.8049,HIT/DEFESA,4.33,5
2025-09-09 03:00:00,134,6499.6,6473.18511,4.7256,1587.8049,HIT/DEFESA,4.33,5
2025-09-09 05:00:00,34,6503.93,6493.36743,3.9992,639.25,HIT/DEFESA,2.35,5
2025-09-09 05:00:00,134,6503.93,6474.02948,3.9992,639.25,HIT/DEFESA,2.35,5
2025-09-09 12:00:00,34,6503.45,6497.36463,-5.9625,3953.4091,HIT/DEFESA,-11.22,5
2025-09-09 12:00:00,134,6503.45,6477.12807,-5.9625,3953.4091,HIT/DEFESA,-11.22,5
2025-09-09 13:00:00,34,6503.13,6497.69408,-4.8415,7782.8571,HIT/DEFESA,-11.38,5
2025-09-09 13:00:00,134,6503.13,6477.51329,-4.8415,7782.8571,HIT/DEFESA,-11.38,5
2025-09-09 19:00:00,34,6499.7,6497.84023,1.231,1299.7409,HIT/DEFESA,25.55,5
2025-09-09 19:00:00,134,6499.7,6479.30461,1.231,1299.7409,HIT/DEFESA,25.55,5
2025-09-09 20:00:00,34,6507.38,6498.38536,23.3356,1185.923,HIT/DEFESA,14.75,5
2025-09-09 20:00:00,134,6507.38,6479.72054,23.3356,1185.923,HIT/DEFESA,14.75,5
2025-09-09 21:00:00,34,6508.13,6498.9422,25.232,8959.0909,HIT/DEFESA,15.4,5
2025-09-09 21:00:00,134,6508.13,6480.14142,25.232,8959.0909,HIT/DEFESA,15.4,5
2025-09-09 22:00:00,34,6512.93,6499.7415,20.3548,1604.8117,HIT/DEFESA,14.8,5
2025-09-09 22:00:00,134,6512.93,6480.62718,20.3548,1604.8117,HIT/DEFESA,14.8,5
2025-09-09 23:00:00,34,6522.6,6501.0477,23.3888,503.7155,HIT/DEFESA,5.83,5
2025-09-09 23:00:00,134,6522.6,6481.249,23.3888,503.7155,HIT/DEFESA,5.83,5
2025-09-10 01:00:00,34,6525.25,6502.43069,26.3056,2083.0769,HIT/DEFESA,4.35,5
2025-09-10 01:00:00,134,6525.25,6481.90086,26.3056,2083.0769,HIT/DEFESA,4.35,5
2025-09-10 02:00:00,34,6522.13,6503.55636,14.1257,808.8235,HIT/DEFESA,9.55,5
2025-09-10 02:00:00,134,6522.13,6482.49685,14.1257,808.8235,HIT/DEFESA,9.55,5
2025-09-10 03:00:00,34,6523.53,6504.69771,1.4258,2375.1724,HIT/DEFESA,6.6,5
2025-09-10 03:00:00,134,6523.53,6483.10475,1.4258,2375.1724,HIT/DEFESA,6.6,5
2025-09-10 04:00:00,34,6527.73,6506.01385,3.8006,854.5455,HIT/DEFESA,4.2,5
2025-09-10 04:00:00,134,6527.73,6483.76586,3.8006,854.5455,HIT/DEFESA,4.2,5
2025-09-10 05:00:00,34,6528.43,6507.29477,9.6594,4065.0794,HIT/DEFESA,4.82,5
2025-09-10 05:00:00,134,6528.43,6484.42756,9.6594,4065.0794,HIT/DEFESA,4.82,5
2025-09-10 08:00:00,34,6530.13,6511.04654,2.604,1709.2105,HIT/DEFESA,1.7,5
2025-09-10 08:00:00,134,6530.13,6486.44383,2.604,1709.2105,HIT/DEFESA,1.7,5
2025-09-10 09:00:00,34,6531.93,6512.23988,3.5684,1971.5847,HIT/DEFESA,3.75,5
2025-09-10 09:00:00,134,6531.93,6487.1177,3.5684,1971.5847,HIT/DEFESA,3.75,5
2025-09-10 10:00:00,34,6533.25,6513.44045,2.4037,3583.0769,HIT/DEFESA,13.43,5
2025-09-10 10:00:00,134,6533.25,6487.80114,2.4037,3583.0769,HIT/DEFESA,13.43,5
2025-09-10 14:00:00,34,6535.68,6516.98095,16.552,956.6197,HIT/DEFESA,2.05,5
2025-09-10 14:00:00,134,6535.68,6490.25392,16.552,956.6197,HIT/DEFESA,2.05,5
2025-09-10 18:00:00,34,6541.53,6522.58068,-7.8666,11291.9643,HIT/DEFESA,-12.3,5
2025-09-10 18:00:00,134,6541.53,6493.3559,-7.8666,11291.9643,HIT/DEFESA,-12.3,5
2025-09-10 19:00:00,34,6537.73,6523.44635,-10.3446,2913.0102,HIT/DEFESA,-0.83,5
2025-09-10 19:00:00,134,6537.73,6494.01329,-10.3446,2913.0102,HIT/DEFESA,-0.83,5
2025-09-11 01:00:00,34,6536.9,6525.52875,13.2041,315.1634,HIT/DEFESA,1.75,5
2025-09-11 01:00:00,134,6536.9,6496.70989,13.2041,315.1634,HIT/DEFESA,1.75,5
2025-09-11 04:00:00,34,6538.95,6527.63059,3.136,4689.3333,HIT/DEFESA,1.23,5
2025-09-11 04:00:00,134,6538.95,6498.54015,3.136,4689.3333,HIT/DEFESA,1.23,5
2025-09-11 06:00:00,34,6538.65,6528.82972,0.4894,4322.5,HIT/DEFESA,1.23,5
2025-09-11 06:00:00,134,6538.65,6499.71322,0.4894,4322.5,HIT/DEFESA,1.23,5
2025-09-11 09:00:00,34,6540.18,6529.87557,2.3399,532.967,HIT/DEFESA,5.5,5
2025-09-11 09:00:00,134,6540.18,6501.26611,2.3399,532.967,HIT/DEFESA,5.5,5
2025-09-11 10:00:00,34,6541.28,6530.52725,13.7777,5217.5926,HIT/DEFESA,9.3,5
2025-09-11 10:00:00,134,6541.28,6501.85891,13.7777,5217.5926,HIT/DEFESA,9.3,5
2025-09-11 11:00:00,34,6539.88,6531.0617,10.6078,2879.562,HIT/DEFESA,24.47,5
2025-09-11 11:00:00,134,6539.88,6502.42218,10.6078,2879.562,HIT/DEFESA,24.47,5
2025-09-11 12:00:00,34,6540.48,6531.59988,0.4587,4831.0345,HIT/DEFESA,34.9,5
2025-09-11 12:00:00,134,6540.48,6502.986,0.4587,4831.0345,HIT/DEFESA,34.9,5
2025-09-11 13:00:00,34,6545.3,6532.38275,6.1456,604.2683,HIT/DEFESA,35.93,5
2025-09-11 13:00:00,134,6545.3,6503.61288,6.1456,604.2683,HIT/DEFESA,35.93,5
2025-09-11 14:00:00,34,6545.68,6533.14259,8.8687,8562.8571,HIT/DEFESA,34.82,5
2025-09-11 14:00:00,134,6545.68,6504.23609,8.8687,8562.8571,HIT/DEFESA,34.82,5
2025-09-11 15:00:00,34,6550.58,6534.13901,15.4423,2272.5146,HIT/DEFESA,33.92,5
2025-09-11 15:00:00,134,6550.58,6504.92267,15.4423,2272.5146,HIT/DEFESA,33.92,5
2025-09-11 16:00:00,34,6564.35,6535.86536,29.1049,1127.7135,HIT/DEFESA,20.1,5
2025-09-11 16:00:00,134,6564.35,6505.80307,29.1049,1127.7135,HIT/DEFESA,20.1,5
2025-09-11 17:00:00,34,6575.38,6538.12334,45.3734,1439.9816,HIT/DEFESA,9.22,5
2025-09-11 17:00:00,134,6575.38,6506.83384,45.3734,1439.9816,HIT/DEFESA,9.22,5
2025-09-11 18:00:00,34,6581.23,6540.58657,46.7897,1958.6555,HIT/DEFESA,3.07,5
2025-09-11 18:00:00,134,6581.23,6507.93601,46.7897,1958.6555,HIT/DEFESA,3.07,5
2025-09-11 19:00:00,34,6580.5,6542.86734,24.6026,11892.5,HIT/DEFESA,4.5,5
2025-09-11 19:00:00,134,6580.5,6509.01103,24.6026,11892.5,HIT/DEFESA,4.5,5
2025-09-11 20:00:00,34,6584.5,6545.24635,13.8699,2494.2786,HIT/DEFESA,1.23,5
2025-09-11 20:00:00,134,6584.5,6510.12939,13.8699,2494.2786,HIT/DEFESA,1.23,5
2025-09-11 23:00:00,34,6584.3,6551.58977,-0.3037,9142.8571,HIT/DEFESA,-2.57,5
2025-09-11 23:00:00,134,6584.3,6513.3838,-0.3037,9142.8571,HIT/DEFESA,-2.57,5
2025-09-12 05:00:00,34,6581.73,6559.66633,-6.0737,2997.5,HIT/DEFESA,-4.1,5
2025-09-12 05:00:00,134,6581.73,6518.4173,-6.0737,2997.5,HIT/DEFESA,-4.1,5
2025-09-12 06:00:00,34,6583.38,6561.0214,-0.7594,1048.75,HIT/DEFESA,-7.48,5
2025-09-12 06:00:00,134,6583.38,6519.37971,-0.7594,1048.75,HIT/DEFESA,-7.48,5
2025-09-12 13:00:00,34,6578.98,6567.3633,2.0524,1214.902,HIT/DEFESA,3.65,5
2025-09-12 13:00:00,134,6578.98,6525.39972,2.0524,1214.902,HIT/DEFESA,3.65,5
2025-09-12 14:00:00,34,6582.13,6568.20711,9.474,1021.2121,HIT/DEFESA,4.87,5
2025-09-12 14:00:00,134,6582.13,6526.24017,9.474,1021.2121,HIT/DEFESA,4.87,5
2025-09-12 15:00:00,34,6583.35,6569.07242,10.903,4681.1024,HIT/DEFESA,6.93,5
2025-09-12 15:00:00,134,6583.35,6527.08624,10.903,4681.1024,HIT/DEFESA,6.93,5
2025-09-12 16:00:00,34,6586.13,6570.04714,10.8679,3984.6429,HIT/DEFESA,8.7,5
2025-09-12 16:00:00,134,6586.13,6527.96096,10.8679,3984.6429,HIT/DEFESA,8.7,5
2025-09-12 18:00:00,34,6582.63,6571.86164,-1.0937,1365.098,HIT/DEFESA,-1.75,5
2025-09-12 18:00:00,134,6582.63,6529.6819,-1.0937,1365.098,HIT/DEFESA,-1.75,5
2025-09-12 20:00:00,34,6590.28,6573.72974,-0.1517,2085.2308,HIT/DEFESA,-6.75,5
2025-09-12 20:00:00,134,6590.28,6531.41622,-0.1517,2085.2308,HIT/DEFESA,-6.75,5
2025-09-15 02:00:00,34,6583.53,6576.63641,4.4525,623.125,HIT/DEFESA,5.55,5
2025-09-15 02:00:00,134,6583.53,6535.2889,4.4525,623.125,HIT/DEFESA,5.55,5
2025-09-15 03:00:00,34,6583.68,6577.0389,4.2548,34010.0,HIT/DEFESA,7.3,5
2025-09-15 03:00:00,134,6583.68,6536.0058,4.2548,34010.0,HIT/DEFESA,7.3,5
2025-09-15 05:00:00,34,6587.28,6578.09613,5.696,1468.2759,HIT/DEFESA,6.9,5
2025-09-15 05:00:00,134,6587.28,6537.49218,5.696,1468.2759,HIT/DEFESA,6.9,5
2025-09-15 06:00:00,34,6587.38,6578.62664,5.62,30440.0,HIT/DEFESA,2.0,5
2025-09-15 06:00:00,134,6587.38,6538.23126,5.62,30440.0,HIT/DEFESA,2.0,5
2025-09-15 07:00:00,34,6589.08,6579.22397,4.9804,560.5556,HIT/DEFESA,1.42,5
2025-09-15 07:00:00,134,6589.08,6538.98458,4.9804,560.5556,HIT/DEFESA,1.42,5
2025-09-15 08:00:00,34,6590.98,6579.89575,5.6169,923.9362,HIT/DEFESA,3.84,5
2025-09-15 08:00:00,134,6590.98,6539.75488,5.6169,923.9362,HIT/DEFESA,3.84,5
2025-09-15 09:00:00,34,6593.85,6580.69313,9.8218,1041.4286,HIT/DEFESA,4.25,5
2025-09-15 09:00:00,134,6593.85,6540.55629,9.8218,1041.4286,HIT/DEFESA,4.25,5
2025-09-15 10:00:00,34,6594.18,6581.46381,7.7401,14486.6667,HIT/DEFESA,11.34,5
2025-09-15 10:00:00,134,6594.18,6541.35071,7.7401,14486.6667,HIT/DEFESA,11.34,5
2025-09-15 13:00:00,34,6594.82,6583.116,0.9706,926.4368,HIT/DEFESA,20.35,5
2025-09-15 13:00:00,134,6594.82,6543.55082,0.9706,926.4368,HIT/DEFESA,20.35,5
2025-09-15 14:00:00,34,6598.1,6583.97223,13.2334,1296.8198,HIT/DEFESA,11.97,5
2025-09-15 14:00:00,134,6598.1,6544.35896,13.2334,1296.8198,HIT/DEFESA,11.97,5
2025-09-15 15:00:00,34,6605.52,6585.20353,22.7904,740.8,HIT/DEFESA,9.7,5
2025-09-15 15:00:00,134,6605.52,6545.26505,22.7904,740.8,HIT/DEFESA,9.7,5
2025-09-16 01:00:00,34,6610.22,6596.9741,1.513,1092.4855,HIT/DEFESA,12.73,5
2025-09-16 01:00:00,134,6610.22,6553.90392,1.513,1092.4855,HIT/DEFESA,12.73,5
2025-09-16 03:00:00,34,6614.25,6598.96051,1.2097,1900.0,HIT/DEFESA,10.77,5
2025-09-16 03:00:00,134,6614.25,6555.69725,1.2097,1900.0,HIT/DEFESA,10.77,5
2025-09-16 04:00:00,34,6615.7,6599.91705,8.2902,1652.1429,HIT/DEFESA,5.42,5
2025-09-16 04:00:00,134,6615.7,6556.58618,8.2902,1652.1429,HIT/DEFESA,5.42,5
2025-09-16 05:00:00,34,6618.8,6600.99607,4.958,599.3651,HIT/DEFESA,7.02,5
2025-09-16 05:00:00,134,6618.8,6557.50786,4.958,599.3651,HIT/DEFESA,7.02,5
2025-09-16 06:00:00,34,6622.95,6602.25058,13.1534,403.9216,HIT/DEFESA,9.75,5
2025-09-16 06:00:00,134,6622.95,6558.47738,13.1534,403.9216,HIT/DEFESA,9.75,5
2025-09-16 07:00:00,34,6622.55,6603.41055,10.3542,4922.2222,HIT/DEFESA,7.55,5
2025-09-16 07:00:00,134,6622.55,6559.4266,10.3542,4922.2222,HIT/DEFESA,7.55,5
2025-09-16 08:00:00,34,6625.02,6604.64538,9.3975,693.3333,HIT/DEFESA,4.58,5
2025-09-16 08:00:00,134,6625.02,6560.39835,9.3975,693.3333,HIT/DEFESA,4.58,5
2025-09-16 14:00:00,34,6627.32,6611.58003,-8.1113,1603.913,HIT/DEFESA,-20.4,5
2025-09-16 14:00:00,134,6627.32,6566.17421,-8.1113,1603.913,HIT/DEFESA,-20.4,5
2025-09-16 15:00:00,34,6622.37,6612.1966,-11.6589,989.3443,HIT/DEFESA,-13.45,5
2025-09-16 15:00:00,134,6622.37,6567.00674,-11.6589,989.3443,HIT/DEFESA,-13.45,5
2025-09-16 20:00:00,34,6608.92,6610.95036,4.3899,3261.6667,HIT/DEFESA,2.43,5
2025-09-16 20:00:00,134,6608.92,6569.90605,4.3899,3261.6667,HIT/DEFESA,2.43,5
2025-09-16 23:00:00,34,6607.35,6610.60252,-2.3756,2521.0526,HIT/DEFESA,-1.72,5
2025-09-16 23:00:00,134,6607.35,6571.61267,-2.3756,2521.0526,HIT/DEFESA,-1.72,5
2025-09-17 01:00:00,34,6612.53,6610.71266,-0.4385,384.7826,HIT/DEFESA,-8.13,5
2025-09-17 01:00:00,134,6612.53,6572.21886,-0.4385,384.7826,HIT/DEFESA,-8.13,5
2025-09-17 08:00:00,34,6604.28,6609.33428,-2.0437,4930.9524,HIT/DEFESA,-3.06,5
2025-09-17 08:00:00,134,6604.28,6575.65487,-2.0437,4930.9524,HIT/DEFESA,-3.06,5
2025-09-17 11:00:00,34,6604.7,6609.03741,0.636,1314.4762,HIT/DEFESA,2.02,5
2025-09-17 11:00:00,134,6604.7,6577.05121,0.636,1314.4762,HIT/DEFESA,2.02,5
2025-09-17 12:00:00,34,6605.72,6608.84785,-2.7242,3989.0,HIT/DEFESA,-4.77,5
2025-09-17 12:00:00,134,6605.72,6577.47593,-2.7242,3989.0,HIT/DEFESA,-4.77,5
2025-09-17 13:00:00,34,6601.22,6608.41197,-13.9627,888.5393,HIT/DEFESA,-0.8,5
2025-09-17 13:00:00,134,6601.22,6577.82769,-13.9627,888.5393,HIT/DEFESA,-0.8,5
2025-09-17 14:00:00,34,6602.05,6608.04843,-4.0123,4459.0909,HIT/DEFESA,-11.03,5
2025-09-17 14:00:00,134,6602.05,6578.18654,-4.0123,4459.0909,HIT/DEFESA,-11.03,5
2025-09-17 17:00:00,34,6600.95,6607.51391,-1.6661,2131.8328,HIT/DEFESA,-0.83,5
2025-09-17 17:00:00,134,6600.95,6579.3534,-1.6661,2131.8328,HIT/DEFESA,-0.83,5
2025-09-17 20:00:00,34,6604.3,6606.08124,5.075,682.6415,HIT/DEFESA,18.73,5
2025-09-17 20:00:00,134,6604.3,6580.19617,5.075,682.6415,HIT/DEFESA,18.73,5
2025-09-17 22:00:00,34,6600.12,6604.59941,13.8067,1639.4788,HIT/DEFESA,22.93,5
2025-09-17 22:00:00,134,6600.12,6580.55999,13.8067,1639.4788,HIT/DEFESA,22.93,5
2025-09-17 23:00:00,34,6604.33,6604.58401,0.0454,996.7462,HIT/DEFESA,22.92,5
2025-09-17 23:00:00,134,6604.33,6580.91214,0.0454,996.7462,HIT/DEFESA,22.92,5
2025-09-18 01:00:00,34,6620.95,6605.51921,54.7465,181.824,HIT/DEFESA,9.08,5
2025-09-18 01:00:00,134,6620.95,6581.5053,54.7465,181.824,HIT/DEFESA,9.08,5
2025-09-18 02:00:00,34,6623.03,6606.51983,34.7115,1256.7568,HIT/DEFESA,9.4,5
2025-09-18 02:00:00,134,6623.03,6582.12048,34.7115,1256.7568,HIT/DEFESA,9.4,5
2025-09-18 03:00:00,34,6617.55,6607.15012,20.0172,586.789,HIT/DEFESA,8.93,5
2025-09-18 03:00:00,134,6617.55,6582.64536,20.0172,586.789,HIT/DEFESA,8.93,5
2025-09-18 04:00:00,34,6623.05,6608.05869,3.1718,614.4954,HIT/DEFESA,6.25,5
2025-09-18 04:00:00,134,6623.05,6583.24395,3.1718,614.4954,HIT/DEFESA,6.25,5
2025-09-18 05:00:00,34,6627.25,6609.15533,6.3717,425.4545,HIT/DEFESA,12.1,5
2025-09-18 05:00:00,134,6627.25,6583.89589,6.3717,425.4545,HIT/DEFESA,12.1,5
2025-09-18 06:00:00,34,6630.03,6610.34817,18.8589,917.1429,HIT/DEFESA,27.74,5
2025-09-18 06:00:00,134,6630.03,6584.57936,18.8589,917.1429,HIT/DEFESA,27.74,5
2025-09-18 07:00:00,34,6632.43,6611.60999,14.1627,883.1933,HIT/DEFESA,22.57,5
2025-09-18 07:00:00,134,6632.43,6585.28825,14.1627,883.1933,HIT/DEFESA,22.57,5
2025-09-18 14:00:00,34,6650.0,6622.89809,-11.6706,31986.9565,HIT/DEFESA,-1.23,5
2025-09-18 14:00:00,134,6650.0,6591.14041,-11.6706,31986.9565,HIT/DEFESA,-1.23,5
2025-09-18 17:00:00,34,6635.52,6624.42487,-21.7744,2291.773,HIT/DEFESA,-3.97,5
2025-09-18 17:00:00,134,6635.52,6592.94245,-21.7744,2291.773,HIT/DEFESA,-3.97,5
2025-09-18 18:00:00,34,6633.9,6624.96631,1.4775,8814.9701,HIT/DEFESA,5.05,5
2025-09-18 18:00:00,134,6633.9,6593.54923,1.4775,8814.9701,HIT/DEFESA,5.05,5
2025-09-18 20:00:00,34,6635.9,6626.87357,0.5727,906.0065,HIT/DEFESA,7.28,5
2025-09-18 20:00:00,134,6635.9,6594.98262,0.5727,906.0065,HIT/DEFESA,7.28,5
2025-09-19 03:00:00,34,6636.68,6630.54798,-3.4192,669.7853,HIT/DEFESA,-3.83,5
2025-09-19 03:00:00,134,6636.68,6598.76713,-3.4192,669.7853,HIT/DEFESA,-3.83,5
2025-09-19 04:00:00,34,6639.38,6631.05267,-6.3219,1279.1367,HIT/DEFESA,-15.33,5
2025-09-19 04:00:00,134,6639.38,6599.3688,-6.3219,1279.1367,HIT/DEFESA,-15.33,5
2025-09-19 05:00:00,34,6636.43,6631.35994,-10.1608,792.1233,HIT/DEFESA,-8.43,5
2025-09-19 05:00:00,134,6636.43,6599.91785,-10.1608,792.1233,HIT/DEFESA,-8.43,5
2025-09-19 07:00:00,34,6638.65,6632.11164,-1.0995,5019.6078,HIT/DEFESA,-5.48,5
2025-09-19 07:00:00,134,6638.65,6601.04136,-1.0995,5019.6078,HIT/DEFESA,-5.48,5
2025-09-19 12:00:00,34,6633.17,6631.64756,13.768,14125.9259,HIT/DEFESA,6.23,5
2025-09-19 12:00:00,134,6633.17,6603.13838,13.768,14125.9259,HIT/DEFESA,6.23,5
2025-09-19 13:00:00,34,6636.22,6631.90884,12.4019,1155.6291,HIT/DEFESA,3.68,5
2025-09-19 13:00:00,134,6636.22,6603.62847,12.4019,1155.6291,HIT/DEFESA,3.68,5
2025-09-19 14:00:00,34,6639.75,6632.35691,10.4782,1038.292,HIT/DEFESA,10.27,5
2025-09-19 14:00:00,134,6639.75,6604.16361,10.4782,1038.292,HIT/DEFESA,10.27,5
2025-09-19 15:00:00,34,6642.57,6632.94051,14.1712,1706.9536,HIT/DEFESA,9.38,5
2025-09-19 15:00:00,134,6642.57,6604.73259,14.1712,1706.9536,HIT/DEFESA,9.38,5
2025-09-19 16:00:00,34,6645.57,6633.6622,14.0893,4604.4068,HIT/DEFESA,11.23,5
2025-09-19 16:00:00,134,6645.57,6605.33759,14.0893,4604.4068,HIT/DEFESA,11.23,5
2025-09-19 19:00:00,34,6650.02,6635.22448,6.6962,914.8728,HIT/DEFESA,7.16,5
2025-09-19 19:00:00,134,6650.02,6606.99379,6.6962,914.8728,HIT/DEFESA,7.16,5
2025-09-19 20:00:00,34,6651.95,6636.18023,18.9023,4196.8421,HIT/DEFESA,3.58,5
2025-09-19 20:00:00,134,6651.95,6607.65981,18.9023,4196.8421,HIT/DEFESA,3.58,5
2025-09-22 01:00:00,34,6657.18,6640.87943,0.5708,30370.0,HIT/DEFESA,1.65,5
2025-09-22 01:00:00,134,6657.18,6610.61202,0.5708,30370.0,HIT/DEFESA,1.65,5
2025-09-22 04:00:00,34,6655.1,6643.04242,-3.1244,1209.0253,HIT/DEFESA,-3.93,5
2025-09-22 04:00:00,134,6655.1,6612.52295,-3.1244,1209.0253,HIT/DEFESA,-3.93,5
2025-09-22 08:00:00,34,6655.63,6645.93943,-1.5323,2417.5,HIT/DEFESA,-13.51,5
2025-09-22 08:00:00,134,6655.63,6615.0941,-1.5323,2417.5,HIT/DEFESA,-13.51,5
2025-09-22 09:00:00,34,6651.17,6646.23832,-11.5035,695.1111,HIT/DEFESA,-6.8,5
2025-09-22 09:00:00,134,6651.17,6615.62856,-11.5035,695.1111,HIT/DEFESA,-6.8,5
2025-09-22 15:00:00,34,6643.85,6645.48673,0.1204,9308.0,HIT/DEFESA,44.67,5
2025-09-22 15:00:00,134,6643.85,6618.03408,0.1204,9308.0,HIT/DEFESA,44.67,5
2025-09-22 16:00:00,34,6658.65,6646.23891,24.8866,668.9818,HIT/DEFESA,34.2,5
2025-09-22 16:00:00,134,6658.65,6618.63579,24.8866,668.9818,HIT/DEFESA,34.2,5
2025-09-22 17:00:00,34,6674.95,6647.87955,46.0239,701.6413,HIT/DEFESA,17.47,5
2025-09-22 17:00:00,134,6674.95,6619.47008,46.0239,701.6413,HIT/DEFESA,17.47,5
2025-09-22 18:00:00,34,6670.42,6649.16757,39.9919,2202.6201,HIT/DEFESA,19.81,5
2025-09-22 18:00:00,134,6670.42,6620.22489,39.9919,2202.6201,HIT/DEFESA,19.81,5
2025-09-22 19:00:00,34,6688.92,6651.43914,45.4597,636.654,HIT/DEFESA,1.33,5
2025-09-22 19:00:00,134,6688.92,6621.2426,45.4597,636.654,HIT/DEFESA,1.33,5
2025-09-22 20:00:00,34,6688.52,6653.55805,20.3297,23375.7576,HIT/DEFESA,4.41,5
2025-09-22 20:00:00,134,6688.52,6622.2393,20.3297,23375.7576,HIT/DEFESA,4.41,5
2025-09-22 23:00:00,34,6690.23,6659.74336,2.5566,1380.1843,HIT/DEFESA,2.37,5
2025-09-22 23:00:00,134,6690.23,6625.2862,2.5566,1380.1843,HIT/DEFESA,2.37,5
2025-09-23 03:00:00,34,6691.7,6664.90717,2.1972,1354.0541,HIT/DEFESA,0.8,5
2025-09-23 03:00:00,134,6691.7,6628.19151,2.1972,1354.0541,HIT/DEFESA,0.8,5
2025-09-23 04:00:00,34,6692.38,6666.47705,3.1837,3963.4921,HIT/DEFESA,2.94,5
2025-09-23 04:00:00,134,6692.38,6629.14245,3.1837,3963.4921,HIT/DEFESA,2.94,5
2025-09-23 05:00:00,34,6692.6,6667.96979,-0.4931,10676.4706,HIT/DEFESA,-0.98,5
2025-09-23 05:00:00,134,6692.6,6630.08256,-0.4931,10676.4706,HIT/DEFESA,-0.98,5
2025-09-23 08:00:00,34,6692.5,6671.81947,-0.1494,620.0,HIT/DEFESA,-1.38,5
2025-09-23 08:00:00,134,6692.5,6632.7839,-0.1494,620.0,HIT/DEFESA,-1.38,5
2025-09-23 10:00:00,34,6691.62,6674.21708,3.3187,1285.8333,HIT/DEFESA,2.23,5
2025-09-23 10:00:00,134,6691.62,6634.56829,3.3187,1285.8333,HIT/DEFESA,2.23,5
2025-09-23 11:00:00,34,6692.77,6675.27725,0.4034,2945.6,HIT/DEFESA,1.1,5
2025-09-23 11:00:00,134,6692.77,6635.43053,0.4034,2945.6,HIT/DEFESA,1.1,5
2025-09-23 12:00:00,34,6694.32,6676.3654,-1.4936,1520.0,HIT/DEFESA,-6.4,5
2025-09-23 12:00:00,134,6694.32,6636.30297,-1.4936,1520.0,HIT/DEFESA,-6.4,5
2025-09-23 13:00:00,34,6691.12,6677.20852,-0.7472,747.1642,HIT/DEFESA,-10.95,5
2025-09-23 13:00:00,134,6691.12,6637.11507,-0.7472,747.1642,HIT/DEFESA,-10.95,5
2025-09-23 15:00:00,34,6693.85,6679.01027,-0.7021,3484.0909,HIT/DEFESA,-37.58,5
2025-09-23 15:00:00,134,6693.85,6638.77125,-0.7021,3484.0909,HIT/DEFESA,-37.58,5
2025-09-23 17:00:00,34,6687.92,6680.32,-7.59,2181.3333,HIT/DEFESA,-30.25,5
2025-09-23 17:00:00,134,6687.92,6640.30357,-7.59,2181.3333,HIT/DEFESA,-30.25,5
2025-09-23 18:00:00,34,6680.17,6680.31143,-20.4367,1303.5065,HIT/DEFESA,-21.89,5
2025-09-23 18:00:00,134,6680.17,6640.89418,-20.4367,1303.5065,HIT/DEFESA,-21.89,5
2025-09-23 19:00:00,34,6676.25,6680.07935,-26.3226,2794.0568,HIT/DEFESA,-13.47,5
2025-09-23 19:00:00,134,6676.25,6641.41797,-26.3226,2794.0568,HIT/DEFESA,-13.47,5
2025-09-23 22:00:00,34,6657.67,6675.69772,-27.83,894.4314,HIT/DEFESA,-0.02,5
2025-09-23 22:00:00,134,6657.67,6641.92414,-27.83,894.4314,HIT/DEFESA,-0.02,5
2025-09-23 23:00:00,34,6658.28,6674.70242,3.0197,7544.7368,HIT/DEFESA,2.22,5
2025-09-23 23:00:00,134,6658.28,6642.16645,3.0197,7544.7368,HIT/DEFESA,2.22,5
2025-09-24 02:00:00,34,6660.9,6673.27136,4.8515,619.697,HIT/DEFESA,2.83,5
2025-09-24 02:00:00,134,6660.9,6642.74485,4.8515,619.697,HIT/DEFESA,2.83,5
2025-09-24 03:00:00,34,6660.7,6672.553,3.6346,19200.0,HIT/DEFESA,5.13,5
2025-09-24 03:00:00,134,6660.7,6643.01085,3.6346,19200.0,HIT/DEFESA,5.13,5
2025-09-24 06:00:00,34,6661.5,6670.51496,1.2011,1747.3684,HIT/DEFESA,5.87,5
2025-09-24 06:00:00,134,6661.5,6643.75052,1.2011,1747.3684,HIT/DEFESA,5.87,5
2025-09-24 07:00:00,34,6663.73,6670.12725,9.1324,621.3636,HIT/DEFESA,5.29,5
2025-09-24 07:00:00,134,6663.73,6644.04651,9.1324,621.3636,HIT/DEFESA,5.29,5
2025-09-24 08:00:00,34,6665.83,6669.88169,8.0024,899.5305,HIT/DEFESA,2.87,5
2025-09-24 08:00:00,134,6665.83,6644.36923,8.0024,899.5305,HIT/DEFESA,2.87,5
2025-09-24 09:00:00,34,6668.4,6669.79702,10.358,1095.7364,HIT/DEFESA,0.42,5
2025-09-24 09:00:00,134,6668.4,6644.72524,10.358,1095.7364,HIT/DEFESA,0.42,5
2025-09-24 10:00:00,34,6669.47,6669.77833,8.6138,5418.6275,HIT/DEFESA,0.25,5
2025-09-24 10:00:00,134,6669.47,6645.09183,8.6138,5418.6275,HIT/DEFESA,0.25,5
2025-09-24 13:00:00,34,6668.7,6669.55352,-1.1545,8926.6667,HIT/DEFESA,-40.13,5
2025-09-24 13:00:00,134,6668.7,6646.11116,-1.1545,8926.6667,HIT/DEFESA,-40.13,5
2025-09-24 16:00:00,34,6655.5,6668.72217,-19.794,775.5477,HIT/DEFESA,-19.23,5
2025-09-24 16:00:00,134,6655.5,6646.92137,-19.794,775.5477,HIT/DEFESA,-19.23,5
2025-09-24 17:00:00,34,6654.47,6667.90776,-21.518,17600.0,HIT/DEFESA,-19.52,5
2025-09-24 17:00:00,134,6654.47,6647.0332,-21.518,17600.0,HIT/DEFESA,-19.52,5
2025-09-24 21:00:00,34,6636.27,6660.27167,11.6164,1777.6068,HIT/DEFESA,9.98,5
2025-09-24 21:00:00,134,6636.27,6646.1251,11.6164,1777.6068,HIT/DEFESA,9.98,5
2025-09-24 22:00:00,34,6634.95,6658.82472,7.5868,9165.4545,HIT/DEFESA,12.2,5
2025-09-24 22:00:00,134,6634.95,6645.95955,7.5868,9165.4545,HIT/DEFESA,12.2,5
2025-09-24 23:00:00,34,6639.65,6657.72902,13.7697,575.7303,HIT/DEFESA,9.03,5
2025-09-24 23:00:00,134,6639.65,6645.86607,13.7697,575.7303,HIT/DEFESA,9.03,5
2025-09-25 01:00:00,34,6640.78,6656.7605,6.796,1263.1148,HIT/DEFESA,7.8,5
2025-09-25 01:00:00,134,6640.78,6645.79072,6.796,1263.1148,HIT/DEFESA,7.8,5
2025-09-25 02:00:00,34,6642.45,6655.94276,11.3038,637.4332,HIT/DEFESA,1.38,5
2025-09-25 02:00:00,134,6642.45,6645.74123,11.3038,637.4332,HIT/DEFESA,1.38,5
2025-09-25 07:00:00,34,6643.83,6653.62612,-4.9946,328.178,HIT/DEFESA,-12.08,5
2025-09-25 07:00:00,134,6643.83,6645.82366,-4.9946,328.178,HIT/DEFESA,-12.08,5
2025-09-25 08:00:00,34,6642.18,6652.97206,-9.7764,1459.2814,HIT/DEFESA,-15.43,5
2025-09-25 08:00:00,134,6642.18,6645.76968,-9.7764,1459.2814,HIT/DEFESA,-15.43,5
2025-09-25 09:00:00,34,6635.67,6651.98337,-19.4177,506.8913,HIT/DEFESA,-27.05,5
2025-09-25 09:00:00,134,6635.67,6645.62006,-19.4177,506.8913,HIT/DEFESA,-27.05,5
2025-09-25 10:00:00,34,6637.25,6651.14146,-9.9039,3206.7416,HIT/DEFESA,-34.73,5
2025-09-25 10:00:00,134,6637.25,6645.49606,-9.9039,3206.7416,HIT/DEFESA,-34.73,5
2025-09-25 11:00:00,34,6634.07,6650.16595,-12.2098,1404.2683,HIT/DEFESA,-53.55,5
2025-09-25 11:00:00,134,6634.07,6645.32678,-12.2098,1404.2683,HIT/DEFESA,-53.55,5
2025-09-25 12:00:00,34,6631.75,6649.11361,-5.9075,1974.5833,HIT/DEFESA,-18.88,5
2025-09-25 12:00:00,134,6631.75,6645.12565,-5.9075,1974.5833,HIT/DEFESA,-18.88,5
2025-09-25 13:00:00,34,6626.75,6647.83569,-15.8198,950.0,HIT/DEFESA,-12.68,5
2025-09-25 13:00:00,134,6626.75,6644.85341,-15.8198,950.0,HIT/DEFESA,-12.68,5
2025-09-25 14:00:00,34,6608.62,6645.59479,-38.3626,467.1617,HIT/DEFESA,-5.6,5
2025-09-25 14:00:00,134,6608.62,6644.31662,-38.3626,467.1617,HIT/DEFESA,-5.6,5
2025-09-25 15:00:00,34,6602.52,6643.13337,-44.0758,1561.0544,HIT/DEFESA,-22.2,5
2025-09-25 15:00:00,134,6602.52,6643.69741,-44.0758,1561.0544,HIT/DEFESA,-22.2,5
2025-09-25 19:00:00,34,6603.02,6634.73904,34.1918,1396.4384,HIT/DEFESA,4.23,5
2025-09-25 19:00:00,134,6603.02,6641.32412,34.1918,1396.4384,HIT/DEFESA,4.23,5
2025-09-26 02:00:00,34,6603.68,6624.88276,-0.7117,654.2105,HIT/DEFESA,-5.18,5
2025-09-26 02:00:00,134,6603.68,6637.88293,-0.7117,654.2105,HIT/DEFESA,-5.18,5
2025-09-26 03:00:00,34,6606.68,6623.8426,-0.3027,1279.375,HIT/DEFESA,-0.95,5
2025-09-26 03:00:00,134,6606.68,6637.42067,-0.3027,1279.375,HIT/DEFESA,-0.95,5
2025-09-26 05:00:00,34,6604.53,6621.61069,1.2872,1645.2941,HIT/DEFESA,10.64,5
2025-09-26 05:00:00,134,6604.53,6636.42956,1.2872,1645.2941,HIT/DEFESA,10.64,5
2025-09-26 10:00:00,34,6615.17,6618.03804,25.2633,4827.4648,HIT/DEFESA,11.0,5
2025-09-26 10:00:00,134,6615.17,6634.33045,25.2633,4827.4648,HIT/DEFESA,11.0,5
2025-09-26 12:00:00,34,6609.32,6616.84011,-6.3204,1299.0741,HIT/DEFESA,-1.6,5
2025-09-26 12:00:00,134,6609.32,6633.53257,-6.3204,1299.0741,HIT/DEFESA,-1.6,5
2025-09-26 14:00:00,34,6610.92,6615.82726,8.8871,804.1667,HIT/DEFESA,26.18,5
2025-09-26 14:00:00,134,6610.92,6632.7712,8.8871,804.1667,HIT/DEFESA,26.18,5
2025-09-26 15:00:00,34,6626.17,6616.41827,25.4943,617.0828,HIT/DEFESA,10.98,5
2025-09-26 15:00:00,134,6626.17,6632.67341,25.4943,617.0828,HIT/DEFESA,10.98,5
2025-09-26 16:00:00,34,6641.42,6617.84694,56.1754,1034.8667,HIT/DEFESA,1.53,5
2025-09-26 16:00:00,134,6641.42,6632.80298,56.1754,1034.8667,HIT/DEFESA,1.53,5
2025-09-26 20:00:00,34,6637.15,6619.1021,44.5388,111310000.0,HIT/DEFESA,15.2,5
2025-09-26 20:00:00,134,6637.15,6632.24646,44.5388,111310000.0,HIT/DEFESA,15.2,5
2025-09-26 21:00:00,34,6642.95,6620.46484,49.8943,1822.3881,HIT/DEFESA,14.7,5
2025-09-26 21:00:00,134,6642.95,6632.40503,49.8943,1822.3881,HIT/DEFESA,14.7,5
2025-09-26 22:00:00,34,6640.92,6621.63371,5.7555,5083.0,HIT/DEFESA,17.03,5
2025-09-26 22:00:00,134,6640.92,6632.53117,5.7555,5083.0,HIT/DEFESA,17.03,5
2025-09-26 23:00:00,34,6642.28,6622.8135,7.7292,2720.354,HIT/DEFESA,18.92,5
2025-09-26 23:00:00,134,6642.28,6632.6756,7.7292,2720.354,HIT/DEFESA,18.92,5
2025-09-29 01:00:00,34,6649.68,6624.34872,10.131,609.1262,HIT/DEFESA,12.97,5
2025-09-29 01:00:00,134,6649.68,6632.92752,10.131,609.1262,HIT/DEFESA,12.97,5
2025-09-29 02:00:00,34,6652.35,6625.9488,17.2115,914.0741,HIT/DEFESA,11.85,5
2025-09-29 02:00:00,134,6652.35,6633.21526,17.2115,914.0741,HIT/DEFESA,11.85,5
2025-09-29 03:00:00,34,6657.65,6627.76029,23.1396,716.1538,HIT/DEFESA,6.28,5
2025-09-29 03:00:00,134,6657.65,6633.57726,23.1396,716.1538,HIT/DEFESA,6.28,5
2025-09-29 04:00:00,34,6657.95,6629.48542,12.4367,10996.2963,HIT/DEFESA,10.95,5
2025-09-29 04:00:00,134,6657.95,6633.93833,12.4367,10996.2963,HIT/DEFESA,10.95,5
2025-09-29 05:00:00,34,6661.2,6631.29768,13.3036,730.0,HIT/DEFESA,9.52,5
2025-09-29 05:00:00,134,6661.2,6634.34221,13.3036,730.0,HIT/DEFESA,9.52,5
2025-09-29 06:00:00,34,6662.65,6633.08924,7.5102,1282.3129,HIT/DEFESA,15.2,5
2025-09-29 06:00:00,134,6662.65,6634.76158,7.5102,1282.3129,HIT/DEFESA,15.2,5
2025-09-29 07:00:00,34,6664.2,6634.867,9.3873,1317.1429,HIT/DEFESA,11.5,5
2025-09-29 07:00:00,134,6664.2,6635.19771,9.3873,1317.1429,HIT/DEFESA,11.5,5
2025-09-29 08:00:00,34,6663.93,6636.52774,4.0984,7970.0,HIT/DEFESA,15.97,5
2025-09-29 08:00:00,134,6663.93,6635.62337,4.0984,7970.0,HIT/DEFESA,15.97,5
2025-09-29 09:00:00,34,6668.9,6638.37759,9.3807,806.8687,HIT/DEFESA,6.22,5
2025-09-29 09:00:00,134,6668.9,6636.11636,9.3807,806.8687,HIT/DEFESA,6.22,5
2025-09-29 10:00:00,34,6670.72,6640.22572,9.7836,4123.3577,HIT/DEFESA,9.4,5
2025-09-29 10:00:00,134,6670.72,6636.62901,9.7836,4123.3577,HIT/DEFESA,9.4,5
2025-09-29 14:00:00,34,6675.12,6647.96134,-4.0881,982.0619,HIT/DEFESA,-19.85,5
2025-09-29 14:00:00,134,6675.12,6638.97654,-4.0881,982.0619,HIT/DEFESA,-19.85,5
2025-09-29 16:00:00,34,6670.65,6650.99047,-13.8475,1468.932,HIT/DEFESA,-12.28,5
2025-09-29 16:00:00,134,6670.65,6640.04628,-13.8475,1468.932,HIT/DEFESA,-12.28,5
2025-09-29 17:00:00,34,6670.12,6652.08358,-7.4905,25063.7931,HIT/DEFESA,-8.57,5
2025-09-29 17:00:00,134,6670.12,6640.49182,-7.4905,25063.7931,HIT/DEFESA,-8.57,5
2025-09-29 18:00:00,34,6657.82,6652.41138,-33.3826,965.2459,HIT/DEFESA,-1.99,5
2025-09-29 18:00:00,134,6657.82,6640.74853,-33.3826,965.2459,HIT/DEFESA,-1.99,5
2025-09-29 21:00:00,34,6658.37,6652.99453,0.8261,2090.1235,HIT/DEFESA,3.31,5
2025-09-29 21:00:00,134,6658.37,6641.41502,0.8261,2090.1235,HIT/DEFESA,3.31,5
2025-09-29 23:00:00,34,6655.83,6653.6175,2.4195,559.5785,HIT/DEFESA,6.1,5
2025-09-29 23:00:00,134,6655.83,6641.92245,2.4195,559.5785,HIT/DEFESA,6.1,5
2025-09-30 01:00:00,34,6660.5,6654.01079,3.199,362.069,HIT/DEFESA,0.08,5
2025-09-30 01:00:00,134,6660.5,6642.19767,3.199,362.069,HIT/DEFESA,0.08,5
2025-09-30 02:00:00,34,6658.5,6654.26732,-4.5785,687.619,HIT/DEFESA,-2.6,5
2025-09-30 02:00:00,134,6658.5,6642.43919,-4.5785,687.619,HIT/DEFESA,-2.6,5
2025-09-30 04:00:00,34,6656.75,6654.80856,-5.6302,903.7528,HIT/DEFESA,-4.05,5
2025-09-30 04:00:00,134,6656.75,6642.93203,-5.6302,903.7528,HIT/DEFESA,-4.05,5
2025-09-30 06:00:00,34,6660.58,6655.52204,-1.6512,1758.3333,HIT/DEFESA,-10.68,5
2025-09-30 06:00:00,134,6660.58,6643.47076,-1.6512,1758.3333,HIT/DEFESA,-10.68,5
2025-09-30 07:00:00,34,6655.9,6655.54364,-1.2769,454.2553,HIT/DEFESA,-7.53,5
2025-09-30 07:00:00,134,6655.9,6643.6549,-1.2769,454.2553,HIT/DEFESA,-7.53,5
2025-09-30 08:00:00,34,6659.0,6655.74115,-4.3981,899.3651,HIT/DEFESA,-8.68,5
2025-09-30 08:00:00,134,6659.0,6643.88223,-4.3981,899.3651,HIT/DEFESA,-8.68,5
2025-09-30 09:00:00,34,6652.7,6655.56737,-11.8308,623.9875,HIT/DEFESA,-4.3,5
2025-09-30 09:00:00,134,6652.7,6644.01287,-11.8308,623.9875,HIT/DEFESA,-4.3,5
2025-09-30 13:00:00,34,6650.32,6654.3046,1.1279,1899.0099,HIT/DEFESA,4.48,5
2025-09-30 13:00:00,134,6650.32,6644.33327,1.1279,1899.0099,HIT/DEFESA,4.48,5
2025-09-30 16:00:00,34,6655.05,6654.09549,7.1124,8977.1429,HIT/DEFESA,13.8,5
2025-09-30 16:00:00,134,6655.05,6644.70912,7.1124,8977.1429,HIT/DEFESA,13.8,5
2025-09-30 17:00:00,34,6657.3,6654.2786,13.3867,1612.6531,HIT/DEFESA,30.75,5
2025-09-30 17:00:00,134,6657.3,6644.89565,13.3867,1612.6531,HIT/DEFESA,30.75,5
2025-10-01 02:00:00,34,6671.6,6659.18353,-24.5961,1169.2308,HIT/DEFESA,-14.75,5
2025-10-01 02:00:00,134,6671.6,6647.33268,-24.5961,1169.2308,HIT/DEFESA,-14.75,5
2025-10-01 03:00:00,34,6662.9,6659.3959,-13.7139,148.1111,HIT/DEFESA,-10.0,5
2025-10-01 03:00:00,134,6662.9,6647.5633,-13.7139,148.1111,HIT/DEFESA,-10.0,5
2025-10-01 04:00:00,34,6662.85,6659.59327,-14.2379,3252.0,HIT/DEFESA,-31.0,5
2025-10-01 04:00:00,134,6662.85,6647.78977,-14.2379,3252.0,HIT/DEFESA,-31.0,5
2025-10-01 05:00:00,34,6659.15,6659.56794,-18.6612,164.4444,HIT/DEFESA,-23.25,5
2025-10-01 05:00:00,134,6659.15,6647.95807,-18.6612,164.4444,HIT/DEFESA,-23.25,5
2025-10-01 06:00:00,34,6656.65,6659.4012,-9.3803,165.9259,HIT/DEFESA,-12.25,5
2025-10-01 06:00:00,134,6656.65,6648.08684,-9.3803,165.9259,HIT/DEFESA,-12.25,5
2025-10-01 07:00:00,34,6656.85,6659.25542,-9.0052,3960.0,HIT/DEFESA,-6.55,5
2025-10-01 07:00:00,134,6656.85,6648.21667,-9.0052,3960.0,HIT/DEFESA,-6.55,5
2025-10-01 08:00:00,34,6652.9,6658.89225,-9.3856,110.3529,HIT/DEFESA,-5.3,5
2025-10-01 08:00:00,134,6652.9,6648.28605,-9.3856,110.3529,HIT/DEFESA,-5.3,5
2025-10-01 12:00:00,34,6650.3,6655.15726,27.8203,199.8387,HIT/DEFESA,31.05,5
2025-10-01 12:00:00,134,6650.3,6647.84823,27.8203,199.8387,HIT/DEFESA,31.05,5
2025-10-01 13:00:00,34,6647.6,6654.72542,17.6314,351.0714,HIT/DEFESA,45.55,5
2025-10-01 13:00:00,134,6647.6,6647.84455,17.6314,351.0714,HIT/DEFESA,45.55,5
2025-10-01 14:00:00,34,6662.6,6655.1754,27.3915,95.102,HIT/DEFESA,29.75,5
2025-10-01 14:00:00,134,6662.6,6648.06315,27.3915,95.102,HIT/DEFESA,29.75,5
2025-10-01 15:00:00,34,6658.85,6655.38537,12.8566,760.2817,HIT/DEFESA,44.3,5
2025-10-01 15:00:00,134,6658.85,6648.22296,12.8566,760.2817,HIT/DEFESA,44.3,5
2025-10-01 16:00:00,34,6660.85,6655.69764,19.932,2364.1176,HIT/DEFESA,55.0,5
2025-10-01 16:00:00,134,6660.85,6648.41003,19.932,2364.1176,HIT/DEFESA,55.0,5
2025-10-01 17:00:00,34,6681.35,6657.16349,28.1422,168.744,HIT/DEFESA,28.2,5
2025-10-01 17:00:00,134,6681.35,6648.89803,28.1422,168.744,HIT/DEFESA,28.2,5
2025-10-01 18:00:00,34,6693.15,6659.21986,51.5104,153.8333,HIT/DEFESA,13.2,5
2025-10-01 18:00:00,134,6693.15,6649.55361,51.5104,153.8333,HIT/DEFESA,13.2,5
2025-10-01 19:00:00,34,6692.35,6661.11301,47.2913,1134.0,HIT/DEFESA,15.8,5
2025-10-01 19:00:00,134,6692.35,6650.18763,47.2913,1134.0,HIT/DEFESA,15.8,5
2025-10-01 20:00:00,34,6703.15,6663.51512,32.6281,120.6667,HIT/DEFESA,6.25,5
2025-10-01 20:00:00,134,6703.15,6650.97226,32.6281,120.6667,HIT/DEFESA,6.25,5
2025-10-01 21:00:00,34,6715.85,6666.50569,33.9153,103.92,HIT/DEFESA,1.55,5
2025-10-01 21:00:00,134,6715.85,6651.93341,33.9153,103.92,HIT/DEFESA,1.55,5
2025-10-01 22:00:00,34,6709.55,6668.96536,25.701,239.5,HIT/DEFESA,11.3,5
2025-10-01 22:00:00,134,6709.55,6652.78699,25.701,239.5,HIT/DEFESA,11.3,5
2025-10-01 23:00:00,34,6706.35,6671.10163,4.7739,134.3333,HIT/DEFESA,10.0,5
2025-10-01 23:00:00,134,6706.35,6653.58052,4.7739,134.3333,HIT/DEFESA,10.0,5
2025-10-02 03:00:00,34,6717.4,6677.69269,16.4769,115.2564,HIT/DEFESA,0.75,5
2025-10-02 03:00:00,134,6717.4,6656.12535,16.4769,115.2564,HIT/DEFESA,0.75,5
2025-10-02 05:00:00,34,6716.35,6682.22689,10.3586,80.8333,HIT/DEFESA,1.25,5
2025-10-02 05:00:00,134,6716.35,6657.96225,10.3586,80.8333,HIT/DEFESA,1.25,5
2025-10-02 08:00:00,34,6718.15,6688.02624,2.68,2665.0,HIT/DEFESA,3.7,5
2025-10-02 08:00:00,134,6718.15,6660.59362,2.68,2665.0,HIT/DEFESA,3.7,5
2025-10-02 20:00:00,34,6713.75,6702.36051,19.3261,280.0,HIT/DEFESA,7.3,5
2025-10-02 20:00:00,134,6713.75,6669.83269,19.3261,280.0,HIT/DEFESA,7.3,5
2025-10-02 21:00:00,34,6718.75,6703.29705,15.2045,228.8462,HIT/DEFESA,6.05,5
2025-10-02 21:00:00,134,6718.75,6670.55739,15.2045,228.8462,HIT/DEFESA,6.05,5
2025-10-02 22:00:00,34,6717.0,6704.08008,11.5512,694.6341,HIT/DEFESA,12.25,5
2025-10-02 22:00:00,134,6717.0,6671.24543,11.5512,694.6341,HIT/DEFESA,12.25,5
2025-10-02 23:00:00,34,6716.55,6704.79265,4.1705,386.6667,HIT/DEFESA,11.7,5
2025-10-02 23:00:00,134,6716.55,6671.91661,4.1705,386.6667,HIT/DEFESA,11.7,5
2025-10-03 02:00:00,34,6721.05,6706.38203,6.0295,90.0,HIT/DEFESA,12.0,5
2025-10-03 02:00:00,134,6721.05,6673.30325,6.0295,90.0,HIT/DEFESA,12.0,5
2025-10-03 03:00:00,34,6724.8,6707.43449,12.2831,148.7912,HIT/DEFESA,7.25,5
2025-10-03 03:00:00,134,6724.8,6674.06616,12.2831,148.7912,HIT/DEFESA,7.25,5
2025-10-03 04:00:00,34,6729.25,6708.68109,18.1627,115.0588,HIT/DEFESA,5.5,5
2025-10-03 04:00:00,134,6729.25,6674.8837,18.1627,115.0588,HIT/DEFESA,5.5,5
2025-10-03 05:00:00,34,6728.25,6709.79931,10.7126,357.5,HIT/DEFESA,7.55,5
2025-10-03 05:00:00,134,6728.25,6675.67431,10.7126,357.5,HIT/DEFESA,7.55,5
2025-10-03 06:00:00,34,6731.55,6711.04221,10.0375,58.2857,HIT/DEFESA,4.5,5
2025-10-03 06:00:00,134,6731.55,6676.5021,10.0375,58.2857,HIT/DEFESA,4.5,5
2025-10-03 07:00:00,34,6733.05,6712.2998,5.647,75.0,HIT/DEFESA,5.7,5
2025-10-03 07:00:00,134,6733.05,6677.33985,5.647,75.0,HIT/DEFESA,5.7,5
2025-10-03 12:00:00,34,6738.75,6718.2518,5.9393,175.0,HIT/DEFESA,6.8,5
2025-10-03 12:00:00,134,6738.75,6681.52395,5.9393,175.0,HIT/DEFESA,6.8,5
2025-10-03 15:00:00,34,6722.3,6719.56472,-24.4111,288.2857,HIT/DEFESA,-6.55,5
2025-10-03 15:00:00,134,6722.3,6683.49355,-24.4111,288.2857,HIT/DEFESA,-6.55,5
2025-10-06 01:00:00,34,6727.95,6723.33482,8.1071,355.7143,HIT/DEFESA,6.8,5
2025-10-06 01:00:00,134,6727.95,6689.30331,8.1071,355.7143,HIT/DEFESA,6.8,5
2025-10-06 02:00:00,34,6729.95,6723.71283,21.1443,698.2353,HIT/DEFESA,7.5,5
2025-10-06 02:00:00,134,6729.95,6689.90548,21.1443,698.2353,HIT/DEFESA,7.5,5
2025-10-06 03:00:00,34,6729.25,6724.02924,22.6391,1376.6667,HIT/DEFESA,4.9,5
2025-10-06 03:00:00,134,6729.25,6690.48836,22.6391,1376.6667,HIT/DEFESA,4.9,5
2025-10-06 04:00:00,34,6731.25,6724.44186,4.9049,251.1111,HIT/DEFESA,4.75,5
2025-10-06 04:00:00,134,6731.25,6691.09224,4.9049,251.1111,HIT/DEFESA,4.75,5
2025-10-06 07:00:00,34,6737.45,6726.188,9.2108,178.8,HIT/DEFESA,2.8,5
2025-10-06 07:00:00,134,6737.45,6693.02241,9.2108,178.8,HIT/DEFESA,2.8,5
2025-10-06 08:00:00,34,6734.15,6726.64297,1.3367,125.8333,HIT/DEFESA,7.1,5
2025-10-06 08:00:00,134,6734.15,6693.63171,1.3367,125.8333,HIT/DEFESA,7.1,5
2025-10-06 09:00:00,34,6736.0,6727.17766,1.856,449.1429,HIT/DEFESA,3.75,5
2025-10-06 09:00:00,134,6736.0,6694.25939,1.856,449.1429,HIT/DEFESA,3.75,5
2025-10-06 13:00:00,34,6741.25,6729.16363,17.1627,1021.25,HIT/DEFESA,0.7,5
2025-10-06 13:00:00,134,6741.25,6696.70316,17.1627,1021.25,HIT/DEFESA,0.7,5
2025-10-06 14:00:00,34,6739.75,6729.76857,8.2415,1559.0,HIT/DEFESA,1.5,5
2025-10-06 14:00:00,134,6739.75,6697.34089,8.2415,1559.0,HIT/DEFESA,1.5,5
2025-10-06 22:00:00,34,6739.75,6733.12728,-2.2251,262.4,HIT/DEFESA,-7.4,5
2025-10-06 22:00:00,134,6739.75,6701.94109,-2.2251,262.4,HIT/DEFESA,-7.4,5
2025-10-06 23:00:00,34,6741.75,6733.62,-7.411,155.3333,HIT/DEFESA,-9.2,5
2025-10-06 23:00:00,134,6741.75,6702.53085,-7.411,155.3333,HIT/DEFESA,-9.2,5
2025-10-07 04:00:00,34,6732.35,6733.0745,1.9313,243.6,HIT/DEFESA,0.95,5
2025-10-07 04:00:00,134,6732.35,6704.18105,1.9313,243.6,HIT/DEFESA,0.95,5
2025-10-07 06:00:00,34,6733.55,6733.07342,5.9439,243.3333,HIT/DEFESA,2.0,5
2025-10-07 06:00:00,134,6733.55,6705.0302,5.9439,243.3333,HIT/DEFESA,2.0,5
2025-10-07 07:00:00,34,6737.85,6733.34636,8.1695,49.1111,HIT/DEFESA,1.0,5
2025-10-07 07:00:00,134,6737.85,6705.51642,8.1695,49.1111,HIT/DEFESA,1.0,5
2025-10-07 08:00:00,34,6735.35,6733.46086,4.1589,171.3636,HIT/DEFESA,2.7,5
2025-10-07 08:00:00,134,6735.35,6705.9584,4.1589,171.3636,HIT/DEFESA,2.7,5
2025-10-07 11:00:00,34,6735.55,6733.50952,0.2969,321.0169,HIT/DEFESA,10.8,5
2025-10-07 11:00:00,134,6735.55,6707.17441,0.2969,321.0169,HIT/DEFESA,10.8,5
2025-10-07 17:00:00,34,6732.85,6736.00467,-16.6072,192.1898,HIT/DEFESA,-17.8,5
2025-10-07 17:00:00,134,6732.85,6710.14986,-16.6072,192.1898,HIT/DEFESA,-17.8,5
2025-10-07 21:00:00,34,6713.55,6730.1816,11.9304,302.7143,HIT/DEFESA,4.9,5
2025-10-07 21:00:00,134,6713.55,6710.03145,11.9304,302.7143,HIT/DEFESA,4.9,5
2025-10-07 22:00:00,34,6715.05,6729.31694,12.3009,984.7059,HIT/DEFESA,6.6,5
2025-10-07 22:00:00,134,6715.05,6710.10579,12.3009,984.7059,HIT/DEFESA,6.6,5
2025-10-07 23:00:00,34,6718.05,6728.67311,17.4462,127.037,HIT/DEFESA,6.4,5
2025-10-07 23:00:00,134,6718.05,6710.22349,17.4462,127.037,HIT/DEFESA,6.4,5
2025-10-08 01:00:00,34,6722.65,6728.32893,13.5547,140.8108,HIT/DEFESA,2.0,5
2025-10-08 01:00:00,134,6722.65,6710.40758,13.5547,140.8108,HIT/DEFESA,2.0,5
2025-10-08 04:00:00,34,6721.65,6726.61856,-1.4875,205.1429,HIT/DEFESA,-4.7,5
2025-10-08 04:00:00,134,6721.65,6710.72376,-1.4875,205.1429,HIT/DEFESA,-4.7,5
2025-10-08 05:00:00,34,6724.45,6726.49464,17.5788,122.0,HIT/DEFESA,0.25,5
2025-10-08 05:00:00,134,6724.45,6710.92711,17.5788,122.0,HIT/DEFESA,0.25,5
2025-10-08 07:00:00,34,6723.65,6726.2327,2.9755,166.1538,HIT/DEFESA,0.5,5
2025-10-08 07:00:00,134,6723.65,6711.31589,2.9755,166.1538,HIT/DEFESA,0.5,5
2025-10-08 11:00:00,34,6723.45,6725.12285,8.187,479.3103,HIT/DEFESA,3.2,5
2025-10-08 11:00:00,134,6723.45,6711.866,8.187,479.3103,HIT/DEFESA,3.2,5
2025-10-08 12:00:00,34,6724.15,6725.06726,10.7192,1508.0,HIT/DEFESA,18.0,5
2025-10-08 12:00:00,134,6724.15,6712.04798,10.7192,1508.0,HIT/DEFESA,18.0,5
2025-10-08 13:00:00,34,6727.65,6725.21485,4.3868,162.5,HIT/DEFESA,25.0,5
2025-10-08 13:00:00,134,6727.65,6712.27912,4.3868,162.5,HIT/DEFESA,25.0,5
2025-10-08 14:00:00,34,6727.15,6725.32543,5.5031,2726.6667,HIT/DEFESA,24.5,5
2025-10-08 14:00:00,134,6727.15,6712.49943,5.5031,2726.6667,HIT/DEFESA,24.5,5
2025-10-08 15:00:00,34,6724.7,6725.28969,0.8179,443.5556,HIT/DEFESA,25.95,5
2025-10-08 15:00:00,134,6724.7,6712.68018,0.8179,443.5556,HIT/DEFESA,25.95,5
2025-10-08 17:00:00,34,6742.15,6726.32643,22.2977,150.4605,HIT/DEFESA,12.75,5
2025-10-08 17:00:00,134,6742.15,6713.32066,22.2977,150.4605,HIT/DEFESA,12.75,5
2025-10-08 18:00:00,34,6752.65,6727.83063,41.5632,115.8879,HIT/DEFESA,3.2,5
2025-10-08 18:00:00,134,6752.65,6713.90332,41.5632,115.8879,HIT/DEFESA,3.2,5
2025-10-08 19:00:00,34,6751.65,6729.19174,37.1656,699.2308,HIT/DEFESA,9.0,5
2025-10-08 19:00:00,134,6751.65,6714.46253,37.1656,699.2308,HIT/DEFESA,9.0,5
2025-10-08 20:00:00,34,6750.65,6730.41792,12.6073,782.5,HIT/DEFESA,11.9,5
2025-10-08 20:00:00,134,6750.65,6714.99864,12.6073,782.5,HIT/DEFESA,11.9,5
2025-10-09 11:00:00,34,6751.1,6744.1001,-11.0231,254.0541,HIT/DEFESA,-8.25,5
2025-10-09 11:00:00,134,6751.1,6722.51618,-11.0231,254.0541,HIT/DEFESA,-8.25,5
2025-10-09 12:00:00,34,6754.05,6744.66867,-1.8504,176.9231,HIT/DEFESA,-17.95,5
2025-10-09 12:00:00,134,6754.05,6722.98335,-1.8504,176.9231,HIT/DEFESA,-17.95,5
2025-10-09 13:00:00,34,6753.35,6745.16475,-2.5906,1200.0,HIT/DEFESA,-16.9,5
2025-10-09 13:00:00,134,6753.35,6723.43322,-2.5906,1200.0,HIT/DEFESA,-16.9,5
2025-10-09 16:00:00,34,6742.85,6746.1796,-15.5478,186.4516,HIT/DEFESA,-20.4,5
2025-10-09 16:00:00,134,6742.85,6724.66647,-15.5478,186.4516,HIT/DEFESA,-20.4,5
2025-10-09 17:00:00,34,6736.1,6745.60362,-25.8383,447.7698,HIT/DEFESA,-0.4,5
2025-10-09 17:00:00,134,6736.1,6724.83586,-25.8383,447.7698,HIT/DEFESA,-0.4,5
2025-10-09 18:00:00,34,6736.45,6745.08056,-32.6993,46680.0,HIT/DEFESA,-3.3,5
2025-10-09 18:00:00,134,6736.45,6725.00792,-32.6993,46680.0,HIT/DEFESA,-3.3,5
2025-10-09 22:00:00,34,6735.7,6741.17649,21.499,139.8467,HIT/DEFESA,12.35,5
2025-10-09 22:00:00,134,6735.7,6725.07923,21.499,139.8467,HIT/DEFESA,12.35,5
2025-10-09 23:00:00,34,6733.15,6740.71783,11.7468,161.3333,HIT/DEFESA,11.6,5
2025-10-09 23:00:00,134,6733.15,6725.1988,11.7468,161.3333,HIT/DEFESA,11.6,5
2025-10-10 01:00:00,34,6740.05,6740.67967,26.1809,163.8298,HIT/DEFESA,1.35,5
2025-10-10 01:00:00,134,6740.05,6725.41882,26.1809,163.8298,HIT/DEFESA,1.35,5
2025-10-10 05:00:00,34,6744.75,6741.77624,-0.4448,68.3333,HIT/DEFESA,-2.75,5
2025-10-10 05:00:00,134,6744.75,6726.60596,-0.4448,68.3333,HIT/DEFESA,-2.75,5
2025-10-10 07:00:00,34,6738.3,6741.55733,-14.4486,100.9375,HIT/DEFESA,-9.0,5
2025-10-10 07:00:00,134,6738.3,6726.99512,-14.4486,100.9375,HIT/DEFESA,-9.0,5
2025-10-10 08:00:00,34,6744.05,6741.69977,-1.0378,74.3363,HIT/DEFESA,-5.75,5
2025-10-10 08:00:00,134,6744.05,6727.24779,-1.0378,74.3363,HIT/DEFESA,-5.75,5
2025-10-10 12:00:00,34,6729.3,6740.9463,-12.6154,107.6923,HIT/DEFESA,-15.85,5
2025-10-10 12:00:00,134,6729.3,6727.88503,-12.6154,107.6923,HIT/DEFESA,-15.85,5
2025-10-10 13:00:00,34,6738.3,6740.79509,-5.488,102.5806,HIT/DEFESA,-99.55,5
2025-10-10 13:00:00,134,6738.3,6728.03933,-5.488,102.5806,HIT/DEFESA,-99.55,5
2025-10-10 14:00:00,34,6743.55,6740.95251,-0.7414,122.1622,HIT/DEFESA,-132.5,5
2025-10-10 14:00:00,134,6743.55,6728.26912,-0.7414,122.1622,HIT/DEFESA,-132.5,5
2025-10-10 17:00:00,34,6713.45,6739.93892,-44.6352,117.5064,HIT/DEFESA,-162.4,5
2025-10-10 17:00:00,134,6713.45,6728.56702,-44.6352,117.5064,HIT/DEFESA,-162.4,5
2025-10-10 18:00:00,34,6638.75,6734.1567,-148.7609,198.3649,HIT/DEFESA,-133.3,5
2025-10-10 18:00:00,134,6638.75,6727.2364,-148.7609,198.3649,HIT/DEFESA,-133.3,5
2025-10-13 01:00:00,34,6613.05,6688.18437,32.6175,595.5294,HIT/DEFESA,16.3,5
2025-10-13 01:00:00,134,6613.05,6714.69593,32.6175,595.5294,HIT/DEFESA,16.3,5
2025-10-13 02:00:00,34,6626.95,6684.68526,115.8593,383.3333,HIT/DEFESA,10.6,5
2025-10-13 02:00:00,134,6626.95,6713.39599,115.8593,383.3333,HIT/DEFESA,10.6,5
2025-10-13 03:00:00,34,6636.05,6681.90611,200.7548,436.087,HIT/DEFESA,6.35,5
2025-10-13 03:00:00,134,6636.05,6712.25013,200.7548,436.087,HIT/DEFESA,6.35,5
2025-10-13 04:00:00,34,6641.3,6679.58576,42.7186,507.4747,HIT/DEFESA,4.85,5
2025-10-13 04:00:00,134,6641.3,6711.19901,42.7186,507.4747,HIT/DEFESA,4.85,5
2025-10-13 05:00:00,34,6634.8,6677.02657,11.8456,183.1746,HIT/DEFESA,20.95,5
2025-10-13 05:00:00,134,6634.8,6710.06718,11.8456,183.1746,HIT/DEFESA,20.95,5
2025-10-13 11:00:00,34,6647.9,6667.17617,8.2801,331.6129,HIT/DEFESA,4.75,5
2025-10-13 11:00:00,134,6647.9,6704.35387,8.2801,331.6129,HIT/DEFESA,4.75,5
2025-10-13 12:00:00,34,6640.85,6665.67181,-7.9745,275.5556,HIT/DEFESA,-15.0,5
2025-10-13 12:00:00,134,6640.85,6703.41307,-7.9745,275.5556,HIT/DEFESA,-15.0,5
2025-10-14 02:00:00,34,6650.75,6656.032,-3.4571,327.1233,HIT/DEFESA,-19.1,5
2025-10-14 02:00:00,134,6650.75,6693.39743,-3.4571,327.1233,HIT/DEFESA,-19.1,5
2025-10-14 06:00:00,34,6652.6,6657.45518,-26.087,243.0769,HIT/DEFESA,-45.55,5
2025-10-14 06:00:00,134,6652.6,6691.64499,-26.087,243.0769,HIT/DEFESA,-45.55,5
2025-10-14 07:00:00,34,6631.65,6655.9806,-57.4963,253.9568,HIT/DEFESA,-36.9,5
2025-10-14 07:00:00,134,6631.65,6690.75618,-57.4963,253.9568,HIT/DEFESA,-36.9,5
2025-10-14 08:00:00,34,6610.25,6653.36742,-75.4448,249.8122,HIT/DEFESA,-33.0,5
2025-10-14 08:00:00,134,6610.25,6689.56349,-75.4448,249.8122,HIT/DEFESA,-33.0,5
2025-10-14 09:00:00,34,6605.15,6650.61214,-71.3255,867.037,HIT/DEFESA,-5.6,5
2025-10-14 09:00:00,134,6605.15,6688.31292,-71.3255,867.037,HIT/DEFESA,-5.6,5
2025-10-14 10:00:00,34,6595.75,6647.47716,-54.1343,697.0968,HIT/DEFESA,-5.5,5
2025-10-14 10:00:00,134,6595.75,6686.94162,-54.1343,697.0968,HIT/DEFESA,-5.5,5
2025-10-14 11:00:00,34,6607.05,6645.16704,-4.841,395.1613,HIT/DEFESA,-17.0,5
2025-10-14 11:00:00,134,6607.05,6685.75804,-4.841,395.1613,HIT/DEFESA,-17.0,5
2025-10-14 16:00:00,34,6590.05,6631.21166,19.461,76020000.0,HIT/DEFESA,82.3,5
2025-10-14 16:00:00,134,6590.05,6678.89932,19.461,76020000.0,HIT/DEFESA,82.3,5
2025-10-14 17:00:00,34,6620.25,6630.58528,31.3658,204.2628,HIT/DEFESA,25.6,5
2025-10-14 17:00:00,134,6620.25,6678.03044,31.3658,204.2628,HIT/DEFESA,25.6,5
2025-10-15 02:00:00,34,6648.95,6639.92794,4.6646,1203.3333,HIT/DEFESA,15.95,5
2025-10-15 02:00:00,134,6648.95,6675.55465,4.6646,1203.3333,HIT/DEFESA,15.95,5
2025-10-15 03:00:00,34,6655.2,6640.80062,18.9685,498.1818,HIT/DEFESA,14.7,5
2025-10-15 03:00:00,134,6655.2,6675.2531,18.9685,498.1818,HIT/DEFESA,14.7,5
2025-10-15 04:00:00,34,6654.15,6641.56345,5.5635,3676.3636,HIT/DEFESA,20.55,5
2025-10-15 04:00:00,134,6654.15,6674.94046,5.5635,3676.3636,HIT/DEFESA,20.55,5
2025-10-15 05:00:00,34,6656.7,6642.42839,11.656,601.2245,HIT/DEFESA,18.0,5
2025-10-15 05:00:00,134,6656.7,6674.67023,11.656,601.2245,HIT/DEFESA,18.0,5
2025-10-15 06:00:00,34,6656.7,6643.24391,2.2539,6515.0,HIT/DEFESA,20.5,5
2025-10-15 06:00:00,134,6656.7,6674.404,2.2539,6515.0,HIT/DEFESA,20.5,5
2025-10-15 07:00:00,34,6664.9,6644.4814,16.1553,106.4198,HIT/DEFESA,23.3,5
2025-10-15 07:00:00,134,6664.9,6674.2632,16.1553,106.4198,HIT/DEFESA,23.3,5
2025-10-15 08:00:00,34,6669.9,6645.93389,19.8296,1992.0,HIT/DEFESA,18.8,5
2025-10-15 08:00:00,134,6669.9,6674.19856,19.8296,1992.0,HIT/DEFESA,18.8,5
2025-10-15 09:00:00,34,6674.7,6647.57767,27.0404,458.2222,HIT/DEFESA,14.5,5
2025-10-15 09:00:00,134,6674.7,6674.20599,27.0404,458.2222,HIT/DEFESA,14.5,5
2025-10-15 10:00:00,34,6674.7,6649.12752,14.7039,6350.0,HIT/DEFESA,23.7,5
2025-10-15 10:00:00,134,6674.7,6674.21331,14.7039,6350.0,HIT/DEFESA,23.7,5
2025-10-15 11:00:00,34,6677.2,6650.73166,10.9447,740.7143,HIT/DEFESA,29.45,5
2025-10-15 11:00:00,134,6677.2,6674.25756,10.9447,740.7143,HIT/DEFESA,29.45,5
2025-10-15 12:00:00,34,6688.2,6652.87271,20.2256,185.1852,HIT/DEFESA,24.8,5
2025-10-15 12:00:00,134,6688.2,6674.46411,20.2256,185.1852,HIT/DEFESA,24.8,5
2025-10-15 18:00:00,34,6673.75,6665.38359,-36.7998,135.6354,HIT/DEFESA,-0.55,5
2025-10-15 18:00:00,134,6673.75,6676.21925,-36.7998,135.6354,HIT/DEFESA,-0.55,5
2025-10-16 02:00:00,34,6674.2,6668.0583,-0.3746,219.2958,HIT/DEFESA,-2.1,5
2025-10-16 02:00:00,134,6674.2,6675.89209,-0.3746,219.2958,HIT/DEFESA,-2.1,5
2025-10-16 08:00:00,34,6675.3,6669.25952,3.2968,571.3333,HIT/DEFESA,23.0,5
2025-10-16 08:00:00,134,6675.3,6675.55969,3.2968,571.3333,HIT/DEFESA,23.0,5
2025-10-16 09:00:00,34,6688.6,6670.36469,29.2393,144.3077,HIT/DEFESA,10.7,5
2025-10-16 09:00:00,134,6688.6,6675.75288,29.2393,144.3077,HIT/DEFESA,10.7,5
2025-10-16 10:00:00,34,6691.55,6671.57528,29.1512,1339.2727,HIT/DEFESA,9.65,5
2025-10-16 10:00:00,134,6691.55,6675.98691,29.1512,1339.2727,HIT/DEFESA,9.65,5
2025-10-16 11:00:00,34,6688.8,6672.55955,20.2238,774.2857,HIT/DEFESA,0.05,5
2025-10-16 11:00:00,134,6688.8,6676.17674,20.2238,774.2857,HIT/DEFESA,0.05,5
2025-10-16 16:00:00,34,6688.85,6678.66976,-14.1081,429.9598,HIT/DEFESA,-63.2,5
2025-10-16 16:00:00,134,6688.85,6677.64807,-14.1081,429.9598,HIT/DEFESA,-63.2,5
2025-10-16 17:00:00,34,6692.85,6679.48006,-9.6279,2272.6667,HIT/DEFESA,-65.2,5
2025-10-16 17:00:00,134,6692.85,6677.87329,-9.6279,2272.6667,HIT/DEFESA,-65.2,5
2025-10-16 18:00:00,34,6666.65,6678.74691,-51.5579,257.5735,HIT/DEFESA,-47.8,5
2025-10-16 18:00:00,134,6666.65,6677.70702,-51.5579,257.5735,HIT/DEFESA,-47.8,5
2025-10-16 19:00:00,34,6654.65,6677.36995,-51.1299,870.1786,HIT/DEFESA,-49.0,5
2025-10-16 19:00:00,134,6654.65,6677.36543,-51.1299,870.1786,HIT/DEFESA,-49.0,5
2025-10-16 20:00:00,34,6639.15,6675.18595,-80.2349,591.5789,HIT/DEFESA,-26.7,5
2025-10-16 20:00:00,134,6639.15,6676.79928,-80.2349,591.5789,HIT/DEFESA,-26.7,5
2025-10-16 21:00:00,34,6625.65,6672.35533,-61.5002,694.697,HIT/DEFESA,-13.25,5
2025-10-16 21:00:00,134,6625.65,6676.04151,-61.5002,694.697,HIT/DEFESA,-13.25,5
2025-10-16 22:00:00,34,6627.65,6669.80074,-40.5731,3489.5652,HIT/DEFESA,-18.5,5
2025-10-16 22:00:00,134,6627.65,6675.3246,-40.5731,3489.5652,HIT/DEFESA,-18.5,5
2025-10-16 23:00:00,34,6618.85,6666.88926,-30.5762,159.5556,HIT/DEFESA,-8.25,5
2025-10-16 23:00:00,134,6618.85,6674.48794,-30.5762,159.5556,HIT/DEFESA,-8.25,5
2025-10-17 01:00:00,34,6605.65,6663.38988,-30.1857,174.2857,HIT/DEFESA,-1.3,5
2025-10-17 01:00:00,134,6605.65,6673.46812,-30.1857,174.2857,HIT/DEFESA,-1.3,5
2025-10-17 02:00:00,34,6612.45,6660.47903,-22.9342,477.3016,HIT/DEFESA,-13.15,5
2025-10-17 02:00:00,134,6612.45,6672.56414,-22.9342,477.3016,HIT/DEFESA,-13.15,5
2025-10-17 03:00:00,34,6612.4,6657.73166,-9.7449,4036.0,HIT/DEFESA,-21.85,5
2025-10-17 03:00:00,134,6612.4,6671.67282,-9.7449,4036.0,HIT/DEFESA,-21.85,5
2025-10-17 05:00:00,34,6610.6,6652.42096,-2.7978,1725.1852,HIT/DEFESA,-64.05,5
2025-10-17 05:00:00,134,6610.6,6669.8555,-2.7978,1725.1852,HIT/DEFESA,-64.05,5
2025-10-17 06:00:00,34,6604.35,6649.67405,-12.1741,317.1429,HIT/DEFESA,-50.9,5
2025-10-17 06:00:00,134,6604.35,6668.88505,-12.1741,317.1429,HIT/DEFESA,-50.9,5
2025-10-17 07:00:00,34,6599.3,6646.79553,-14.9036,320.3604,HIT/DEFESA,-44.85,5
2025-10-17 07:00:00,134,6599.3,6667.85416,-14.9036,320.3604,HIT/DEFESA,-44.85,5
2025-10-17 08:00:00,34,6590.55,6643.5815,-30.3301,331.1475,HIT/DEFESA,-12.6,5
2025-10-17 08:00:00,134,6590.55,6666.70891,-30.3301,331.1475,HIT/DEFESA,-12.6,5
2025-10-17 13:00:00,34,6577.95,6622.63135,47.9642,237.6496,HIT/DEFESA,61.6,5
2025-10-17 13:00:00,134,6577.95,6659.12183,47.9642,237.6496,HIT/DEFESA,61.6,5
2025-10-17 14:00:00,34,6615.05,6622.19813,93.9963,202.6016,HIT/DEFESA,27.5,5
2025-10-17 14:00:00,134,6615.05,6658.46891,93.9963,202.6016,HIT/DEFESA,27.5,5
2025-10-17 15:00:00,34,6620.85,6622.12109,101.3052,1074.1818,HIT/DEFESA,30.3,5
2025-10-17 15:00:00,134,6620.85,6657.91159,101.3052,1074.1818,HIT/DEFESA,30.3,5
2025-10-17 16:00:00,34,6628.85,6622.5056,77.3797,1085.8537,HIT/DEFESA,37.75,5
2025-10-17 16:00:00,134,6628.85,6657.48105,77.3797,1085.8537,HIT/DEFESA,37.75,5
2025-10-17 17:00:00,34,6618.05,6622.25099,4.5351,1033.9796,HIT/DEFESA,48.0,5
2025-10-17 17:00:00,134,6618.05,6656.89689,4.5351,1033.9796,HIT/DEFESA,48.0,5
2025-10-17 18:00:00,34,6639.55,6623.23951,28.2441,402.5806,HIT/DEFESA,33.9,5
2025-10-17 18:00:00,134,6639.55,6656.6399,28.2441,402.5806,HIT/DEFESA,33.9,5
2025-10-17 19:00:00,34,6642.55,6624.34297,20.6672,2413.7037,HIT/DEFESA,35.85,5
2025-10-17 19:00:00,134,6642.55,6656.43116,20.6672,2413.7037,HIT/DEFESA,35.85,5
2025-10-17 20:00:00,34,6651.15,6625.8748,50.0147,801.0227,HIT/DEFESA,17.25,5
2025-10-17 20:00:00,134,6651.15,6656.35292,50.0147,801.0227,HIT/DEFESA,17.25,5
2025-10-17 21:00:00,34,6666.6,6628.20195,40.7407,280.5788,HIT/DEFESA,10.75,5
2025-10-17 21:00:00,134,6666.6,6656.50473,40.7407,280.5788,HIT/DEFESA,10.75,5
2025-10-17 22:00:00,34,6666.05,6630.3647,35.378,12017.1429,HIT/DEFESA,9.95,5
2025-10-17 22:00:00,134,6666.05,6656.64614,35.378,12017.1429,HIT/DEFESA,9.95,5
2025-10-17 23:00:00,34,6673.45,6632.82671,33.528,113.3333,HIT/DEFESA,4.2,5
2025-10-17 23:00:00,134,6673.45,6656.89508,33.528,113.3333,HIT/DEFESA,4.2,5
2025-10-20 01:00:00,34,6678.4,6635.4309,17.7002,257.5758,HIT/DEFESA,7.5,5
2025-10-20 01:00:00,134,6678.4,6657.21368,17.7002,257.5758,HIT/DEFESA,7.5,5
2025-10-20 02:00:00,34,6668.4,6637.31485,3.5253,195.0467,HIT/DEFESA,21.6,5
2025-10-20 02:00:00,134,6668.4,6657.3794,3.5253,195.0467,HIT/DEFESA,21.6,5
2025-10-20 03:00:00,34,6677.35,6639.60257,5.8441,375.027,HIT/DEFESA,14.25,5
2025-10-20 03:00:00,134,6677.35,6657.67526,5.8441,375.027,HIT/DEFESA,14.25,5
2025-10-20 05:00:00,34,6677.65,6643.73772,13.8714,679.5122,HIT/DEFESA,16.25,5
2025-10-20 05:00:00,134,6677.65,6658.23864,13.8714,679.5122,HIT/DEFESA,16.25,5
2025-10-20 10:00:00,34,6693.9,6655.6801,5.8296,870.3448,HIT/DEFESA,3.0,5
2025-10-20 10:00:00,134,6693.9,6660.55497,5.8296,870.3448,HIT/DEFESA,3.0,5
2025-10-20 14:00:00,34,6686.6,6661.32287,5.5365,157.3043,HIT/DEFESA,47.25,5
2025-10-20 14:00:00,134,6686.6,6661.83128,5.5365,157.3043,HIT/DEFESA,47.25,5
2025-10-20 15:00:00,34,6696.9,6663.35585,17.2017,127.3,HIT/DEFESA,43.85,5
2025-10-20 15:00:00,134,6696.9,6662.35082,17.2017,127.3,HIT/DEFESA,43.85,5
2025-10-20 16:00:00,34,6710.15,6666.0298,52.0568,312.1033,HIT/DEFESA,29.1,5
2025-10-20 16:00:00,134,6710.15,6663.05895,52.0568,312.1033,HIT/DEFESA,29.1,5
2025-10-20 18:00:00,34,6729.15,6673.38764,48.1566,406.7164,HIT/DEFESA,12.1,5
2025-10-20 18:00:00,134,6729.15,6665.09757,48.1566,406.7164,HIT/DEFESA,12.1,5
2025-10-20 19:00:00,34,6733.85,6676.84263,35.3196,470.4444,HIT/DEFESA,6.3,5
2025-10-20 19:00:00,134,6733.85,6666.11612,35.3196,470.4444,HIT/DEFESA,6.3,5
2025-10-20 21:00:00,34,6739.25,6683.85194,15.0093,895.0,HIT/DEFESA,5.4,5
2025-10-20 21:00:00,134,6739.25,6668.2889,15.0093,895.0,HIT/DEFESA,5.4,5
2025-10-20 22:00:00,34,6735.5,6686.80325,2.4503,375.1899,HIT/DEFESA,7.9,5
2025-10-20 22:00:00,134,6735.5,6669.28462,2.4503,375.1899,HIT/DEFESA,7.9,5
2025-10-20 23:00:00,34,6741.25,6689.9145,0.7418,54.7107,HIT/DEFESA,1.9,5
2025-10-20 23:00:00,134,6741.25,6670.35077,0.7418,54.7107,HIT/DEFESA,1.9,5
2025-10-21 01:00:00,34,6740.15,6692.7851,1.3355,441.6667,HIT/DEFESA,0.2,5
2025-10-21 01:00:00,134,6740.15,6671.38483,1.3355,441.6667,HIT/DEFESA,0.2,5
2025-10-21 06:00:00,34,6740.35,6705.43347,-6.3754,254.0,HIT/DEFESA,-12.95,5
2025-10-21 06:00:00,134,6740.35,6676.49405,-6.3754,254.0,HIT/DEFESA,-12.95,5
2025-10-21 07:00:00,34,6736.65,6707.21727,-10.0098,227.5,HIT/DEFESA,-5.25,5
2025-10-21 07:00:00,134,6736.65,6677.38525,-10.0098,227.5,HIT/DEFESA,-5.25,5
2025-10-21 08:00:00,34,6734.4,6708.77057,-12.9761,606.8085,HIT/DEFESA,-0.5,5
2025-10-21 08:00:00,134,6734.4,6678.22991,-12.9761,606.8085,HIT/DEFESA,-0.5,5
2025-10-21 12:00:00,34,6731.4,6713.1767,1.4858,226.0526,HIT/DEFESA,16.3,5
2025-10-21 12:00:00,134,6731.4,6681.21729,1.4858,226.0526,HIT/DEFESA,16.3,5
2025-10-21 13:00:00,34,6733.9,6714.36089,5.9436,410.0,HIT/DEFESA,11.05,5
2025-10-21 13:00:00,134,6733.9,6681.99777,5.9436,410.0,HIT/DEFESA,11.05,5
2025-10-21 15:00:00,34,6736.9,6716.97095,8.1707,477.619,HIT/DEFESA,7.35,5
2025-10-21 15:00:00,134,6736.9,6683.64164,8.1707,477.619,HIT/DEFESA,7.35,5
2025-10-21 19:00:00,34,6737.25,6721.71926,13.9718,339.7015,HIT/DEFESA,1.2,5
2025-10-21 19:00:00,134,6737.25,6686.87802,13.9718,339.7015,HIT/DEFESA,1.2,5
2025-10-21 20:00:00,34,6744.25,6723.00673,-5.1129,485.6164,HIT/DEFESA,-11.35,5
2025-10-21 20:00:00,134,6744.25,6687.72797,-5.1129,485.6164,HIT/DEFESA,-11.35,5
2025-10-21 21:00:00,34,6741.75,6724.07777,-4.7443,659.0909,HIT/DEFESA,-12.25,5
2025-10-21 21:00:00,134,6741.75,6688.5283,-4.7443,659.0909,HIT/DEFESA,-12.25,5
2025-10-22 05:00:00,34,6738.45,6727.85973,8.2431,488.8,HIT/DEFESA,6.55,5
2025-10-22 05:00:00,134,6738.45,6693.16244,8.2431,488.8,HIT/DEFESA,6.55,5
2025-10-22 10:00:00,34,6745.0,6732.44589,-4.0754,655.1351,HIT/DEFESA,-2.8,5
2025-10-22 10:00:00,134,6745.0,6696.94818,-4.0754,655.1351,HIT/DEFESA,-2.8,5
2025-10-22 11:00:00,34,6738.7,6732.80327,-9.6365,323.75,HIT/DEFESA,-4.0,5
2025-10-22 11:00:00,134,6738.7,6697.56673,-9.6365,323.75,HIT/DEFESA,-4.0,5
2025-10-22 12:00:00,34,6741.7,6733.31165,-10.0763,491.6129,HIT/DEFESA,-18.95,5
2025-10-22 12:00:00,134,6741.7,6698.22055,-10.0763,491.6129,HIT/DEFESA,-18.95,5
2025-10-22 13:00:00,34,6741.5,6733.77956,-5.189,2062.0,HIT/DEFESA,-29.55,5
2025-10-22 13:00:00,134,6741.5,6698.86173,-5.189,2062.0,HIT/DEFESA,-29.55,5
2025-10-22 14:00:00,34,6732.25,6733.69215,-9.5716,315.2663,HIT/DEFESA,-37.4,5
2025-10-22 14:00:00,134,6732.25,6699.35637,-9.5716,315.2663,HIT/DEFESA,-37.4,5
2025-10-22 16:00:00,34,6734.7,6734.20813,-10.0868,451.5385,HIT/DEFESA,-48.25,5
2025-10-22 16:00:00,134,6734.7,6700.5053,-10.0868,451.5385,HIT/DEFESA,-48.25,5
2025-10-22 17:00:00,34,6722.75,6733.55338,-14.1112,489.1915,HIT/DEFESA,-22.8,5
2025-10-22 17:00:00,134,6722.75,6700.83485,-14.1112,489.1915,HIT/DEFESA,-22.8,5
2025-10-22 18:00:00,34,6711.95,6732.3189,-44.8667,541.2389,HIT/DEFESA,-12.5,5
2025-10-22 18:00:00,134,6711.95,6700.99952,-44.8667,541.2389,HIT/DEFESA,-12.5,5
2025-10-22 22:00:00,34,6699.95,6722.95887,7.6178,374.0441,HIT/DEFESA,11.05,5
2025-10-22 22:00:00,134,6699.95,6700.21647,7.6178,374.0441,HIT/DEFESA,11.05,5
2025-10-22 23:00:00,34,6699.45,6721.6155,46.4876,1979.0,HIT/DEFESA,11.6,5
2025-10-22 23:00:00,134,6699.45,6700.20511,46.4876,1979.0,HIT/DEFESA,11.6,5
2025-10-23 01:00:00,34,6700.75,6720.42319,21.3865,371.0526,HIT/DEFESA,8.25,5
2025-10-23 01:00:00,134,6700.75,6700.21318,21.3865,371.0526,HIT/DEFESA,8.25,5
2025-10-23 03:00:00,34,6700.8,6717.71392,2.0151,292.2927,HIT/DEFESA,9.5,5
2025-10-23 03:00:00,134,6700.8,6700.08668,2.0151,292.2927,HIT/DEFESA,9.5,5
2025-10-23 04:00:00,34,6711.0,6717.33027,15.2968,184.8571,HIT/DEFESA,1.3,5
2025-10-23 04:00:00,134,6711.0,6700.24836,15.2968,184.8571,HIT/DEFESA,1.3,5
2025-10-23 07:00:00,34,6705.5,6715.88641,-8.1955,298.4848,HIT/DEFESA,-2.2,5
2025-10-23 07:00:00,134,6705.5,6700.60921,-8.1955,298.4848,HIT/DEFESA,-2.2,5
2025-10-23 08:00:00,34,6710.3,6715.56718,-1.1176,237.6087,HIT/DEFESA,-6.5,5
2025-10-23 08:00:00,134,6710.3,6700.75278,-1.1176,237.6087,HIT/DEFESA,-6.5,5
2025-10-23 16:00:00,34,6721.65,6712.01619,26.6267,225.0698,HIT/DEFESA,26.1,5
2025-10-23 16:00:00,134,6721.65,6701.36328,26.6267,225.0698,HIT/DEFESA,26.1,5
2025-10-23 17:00:00,34,6724.0,6712.70098,51.1226,2734.8718,HIT/DEFESA,14.2,5
2025-10-23 17:00:00,134,6724.0,6701.69864,51.1226,2734.8718,HIT/DEFESA,14.2,5
2025-10-23 18:00:00,34,6724.5,6713.37521,36.4923,14016.6667,HIT/DEFESA,16.25,5
2025-10-23 18:00:00,134,6724.5,6702.03643,36.4923,14016.6667,HIT/DEFESA,16.25,5
2025-10-23 19:00:00,34,6736.45,6714.69377,22.0184,156.5714,HIT/DEFESA,8.45,5
2025-10-23 19:00:00,134,6736.45,6702.54626,22.0184,156.5714,HIT/DEFESA,8.45,5
2025-10-23 22:00:00,34,6738.2,6719.40575,2.5978,154.4615,HIT/DEFESA,11.65,5
2025-10-23 22:00:00,134,6738.2,6704.35834,2.5978,154.4615,HIT/DEFESA,11.65,5
2025-10-24 02:00:00,34,6745.65,6723.36325,11.0564,933.8462,HIT/DEFESA,7.0,5
2025-10-24 02:00:00,134,6745.65,6706.08507,11.0564,933.8462,HIT/DEFESA,7.0,5
2025-10-24 03:00:00,34,6746.05,6724.65964,7.8626,3496.6667,HIT/DEFESA,10.6,5
2025-10-24 03:00:00,134,6746.05,6706.67714,7.8626,3496.6667,HIT/DEFESA,10.6,5
2025-10-24 04:00:00,34,6749.85,6726.09909,7.3389,168.0,HIT/DEFESA,10.3,5
2025-10-24 04:00:00,134,6749.85,6707.31674,7.3389,168.0,HIT/DEFESA,10.3,5
2025-10-24 05:00:00,34,6748.35,6727.37057,4.0026,435.7143,HIT/DEFESA,4.95,5
2025-10-24 05:00:00,134,6748.35,6707.92464,4.0026,435.7143,HIT/DEFESA,4.95,5
2025-10-24 06:00:00,34,6752.85,6728.82654,10.08,82.1277,HIT/DEFESA,2.95,5
2025-10-24 06:00:00,134,6752.85,6708.5902,10.08,82.1277,HIT/DEFESA,2.95,5
2025-10-24 07:00:00,34,6752.65,6730.18788,4.1482,3060.0,HIT/DEFESA,7.9,5
2025-10-24 07:00:00,134,6752.65,6709.24294,4.1482,3060.0,HIT/DEFESA,7.9,5
2025-10-24 08:00:00,34,6756.65,6731.7,12.2993,110.4651,HIT/DEFESA,2.45,5
2025-10-24 08:00:00,134,6756.65,6709.94526,12.2993,110.4651,HIT/DEFESA,2.45,5
2025-10-24 09:00:00,34,6760.15,6733.32571,10.8103,243.8889,HIT/DEFESA,3.65,5
2025-10-24 09:00:00,134,6760.15,6710.68904,10.8103,243.8889,HIT/DEFESA,3.65,5
2025-10-24 10:00:00,34,6753.3,6734.4671,0.9626,235.1773,HIT/DEFESA,25.75,5
2025-10-24 10:00:00,134,6753.3,6711.32031,0.9626,235.1773,HIT/DEFESA,25.75,5
2025-10-24 12:00:00,34,6760.55,6737.10692,0.5917,140.0,HIT/DEFESA,28.8,5
2025-10-24 12:00:00,134,6760.55,6712.69884,0.5917,140.0,HIT/DEFESA,28.8,5
2025-10-24 13:00:00,34,6759.1,6738.36366,8.5884,396.0,HIT/DEFESA,42.55,5
2025-10-24 13:00:00,134,6759.1,6713.38626,8.5884,396.0,HIT/DEFESA,42.55,5
2025-10-24 14:00:00,34,6763.8,6739.81717,11.8417,171.25,HIT/DEFESA,37.85,5
2025-10-24 14:00:00,134,6763.8,6714.13313,11.8417,171.25,HIT/DEFESA,37.85,5
2025-10-24 15:00:00,34,6779.05,6742.05905,27.3646,247.5748,HIT/DEFESA,23.6,5
2025-10-24 15:00:00,134,6779.05,6715.09486,27.3646,247.5748,HIT/DEFESA,23.6,5
2025-10-24 16:00:00,34,6796.35,6745.16139,55.1109,270.6471,HIT/DEFESA,7.3,5
2025-10-24 16:00:00,134,6796.35,6716.29864,55.1109,270.6471,HIT/DEFESA,7.3,5
2025-10-24 17:00:00,34,6789.35,6747.68645,37.7746,616.5217,HIT/DEFESA,4.1,5
2025-10-24 17:00:00,134,6789.35,6717.38088,37.7746,616.5217,HIT/DEFESA,4.1,5
2025-10-24 19:00:00,34,6801.65,6753.6775,7.7983,8025.0,HIT/DEFESA,36.65,5
2025-10-24 19:00:00,134,6801.65,6719.85925,7.7983,8025.0,HIT/DEFESA,36.65,5
2025-10-24 20:00:00,34,6802.65,6756.47593,19.5895,1040.0,HIT/DEFESA,34.55,5
2025-10-24 20:00:00,134,6802.65,6721.08578,19.5895,1040.0,HIT/DEFESA,34.55,5
2025-10-24 21:00:00,34,6803.65,6759.17159,2.9405,982.5,HIT/DEFESA,35.45,5
2025-10-24 21:00:00,134,6803.65,6722.30895,2.9405,982.5,HIT/DEFESA,35.45,5
2025-10-27 01:00:00,34,6838.3,6767.20054,50.9285,259.476,HIT/DEFESA,6.85,5
2025-10-27 01:00:00,134,6838.3,6726.06672,50.9285,259.476,HIT/DEFESA,6.85,5
2025-10-27 02:00:00,34,6837.2,6771.20051,64.4003,830.0,HIT/DEFESA,8.65,5
2025-10-27 02:00:00,134,6837.2,6727.71314,64.4003,830.0,HIT/DEFESA,8.65,5
2025-10-27 03:00:00,34,6839.1,6775.08048,69.4204,596.1905,HIT/DEFESA,10.55,5
2025-10-27 03:00:00,134,6839.1,6729.36331,69.4204,596.1905,HIT/DEFESA,10.55,5
2025-10-27 05:00:00,34,6841.85,6782.19693,6.801,80.3846,HIT/DEFESA,7.75,5
2025-10-27 05:00:00,134,6841.85,6732.59129,6.801,80.3846,HIT/DEFESA,7.75,5
2025-10-27 06:00:00,34,6845.15,6785.79425,8.8462,141.7143,HIT/DEFESA,2.75,5
2025-10-27 06:00:00,134,6845.15,6734.25883,8.8462,141.7143,HIT/DEFESA,2.75,5
2025-10-27 07:00:00,34,6845.85,6789.22601,13.8963,353.0,HIT/DEFESA,8.0,5
2025-10-27 07:00:00,134,6845.85,6735.91203,13.8963,353.0,HIT/DEFESA,8.0,5
2025-10-27 08:00:00,34,6849.65,6792.67881,11.4004,120.5714,HIT/DEFESA,3.7,5
2025-10-27 08:00:00,134,6849.65,6737.59704,11.4004,120.5714,HIT/DEFESA,3.7,5
2025-10-27 10:00:00,34,6849.6,6799.09251,5.4778,703.871,HIT/DEFESA,0.05,5
2025-10-27 10:00:00,134,6849.6,6740.9166,5.4778,703.871,HIT/DEFESA,0.05,5
2025-10-27 13:00:00,34,6853.35,6807.6225,5.4748,2153.3333,HIT/DEFESA,3.5,5
2025-10-27 13:00:00,134,6853.35,6745.76891,5.4748,2153.3333,HIT/DEFESA,3.5,5
2025-10-27 17:00:00,34,6849.65,6816.50394,4.0164,722.25,HIT/DEFESA,24.65,5
2025-10-27 17:00:00,134,6849.65,6751.80442,4.0164,722.25,HIT/DEFESA,24.65,5
2025-10-27 18:00:00,34,6856.85,6818.80943,10.5115,190.4,HIT/DEFESA,23.5,5
2025-10-27 18:00:00,134,6856.85,6753.36065,10.5115,190.4,HIT/DEFESA,23.5,5
2025-10-27 19:00:00,34,6860.05,6821.16603,9.7762,268.2759,HIT/DEFESA,18.9,5
2025-10-27 19:00:00,134,6860.05,6754.94123,9.7762,268.2759,HIT/DEFESA,18.9,5
2025-10-27 20:00:00,34,6862.05,6823.50226,18.1031,397.0588,HIT/DEFESA,16.35,5
2025-10-27 20:00:00,134,6862.05,6756.52803,18.1031,397.0588,HIT/DEFESA,16.35,5
2025-10-27 21:00:00,34,6864.05,6825.81927,10.5004,244.0909,HIT/DEFESA,12.4,5
2025-10-27 21:00:00,134,6864.05,6758.12095,10.5004,244.0909,HIT/DEFESA,12.4,5
2025-10-27 22:00:00,34,6874.3,6828.5896,20.7724,99.8995,HIT/DEFESA,0.15,5
2025-10-27 22:00:00,134,6874.3,6759.84212,20.7724,99.8995,HIT/DEFESA,0.15,5
2025-10-28 03:00:00,34,6876.45,6839.04551,-5.6683,437.7778,HIT/DEFESA,-4.3,5
2025-10-28 03:00:00,134,6876.45,6766.71983,-5.6683,437.7778,HIT/DEFESA,-4.3,5
2025-10-28 04:00:00,34,6874.45,6841.06863,-6.5417,426.3158,HIT/DEFESA,-3.3,5
2025-10-28 04:00:00,134,6874.45,6768.31583,-6.5417,426.3158,HIT/DEFESA,-3.3,5
2025-10-28 05:00:00,34,6874.95,6843.0047,-5.0157,1235.0,HIT/DEFESA,-5.05,5
2025-10-28 05:00:00,134,6874.95,6769.89559,-5.0157,1235.0,HIT/DEFESA,-5.05,5
2025-10-28 06:00:00,34,6875.45,6844.85872,-1.4542,1450.0,HIT/DEFESA,-2.5,5
2025-10-28 06:00:00,134,6875.45,6771.45936,-1.4542,1450.0,HIT/DEFESA,-2.5,5
2025-10-28 11:00:00,34,6872.95,6851.70181,1.1641,460.3636,HIT/DEFESA,4.6,5
2025-10-28 11:00:00,134,6872.95,6778.669,1.1641,460.3636,HIT/DEFESA,4.6,5
2025-10-28 12:00:00,34,6873.7,6852.95885,3.7112,1007.2727,HIT/DEFESA,7.25,5
2025-10-28 12:00:00,134,6873.7,6780.07687,3.7112,1007.2727,HIT/DEFESA,7.25,5
2025-10-28 13:00:00,34,6873.65,6854.1412,5.4586,2344.0,HIT/DEFESA,4.3,5
2025-10-28 13:00:00,134,6873.65,6781.46314,5.4586,2344.0,HIT/DEFESA,4.3,5
2025-10-28 14:00:00,34,6878.95,6855.55885,8.7299,150.625,HIT/DEFESA,12.4,5
2025-10-28 14:00:00,134,6878.95,6782.90739,8.7299,150.625,HIT/DEFESA,12.4,5
2025-10-28 15:00:00,34,6882.4,6857.09263,12.6569,218.209,HIT/DEFESA,16.25,5
2025-10-28 15:00:00,134,6882.4,6784.38135,12.6569,218.209,HIT/DEFESA,16.25,5
2025-10-28 16:00:00,34,6877.55,6858.26162,5.6738,705.8252,HIT/DEFESA,26.3,5
2025-10-28 16:00:00,134,6877.55,6785.76163,5.6738,705.8252,HIT/DEFESA,26.3,5
2025-10-28 17:00:00,34,6880.95,6859.5581,2.9074,1140.0,HIT/DEFESA,11.7,5
2025-10-28 17:00:00,134,6880.95,6787.17183,2.9074,1140.0,HIT/DEFESA,11.7,5
2025-10-28 19:00:00,34,6891.35,6862.36569,20.0653,180.8397,HIT/DEFESA,2.4,5
2025-10-28 19:00:00,134,6891.35,6790.04015,20.0653,180.8397,HIT/DEFESA,2.4,5
2025-10-28 22:00:00,34,6892.65,6868.17449,1.8864,176.3636,HIT/DEFESA,7.85,5
2025-10-28 22:00:00,134,6892.65,6794.7831,1.8864,176.3636,HIT/DEFESA,7.85,5
2025-10-29 02:00:00,34,6895.75,6872.45787,4.4975,393.3333,HIT/DEFESA,10.7,5
2025-10-29 02:00:00,134,6895.75,6799.15504,4.4975,393.3333,HIT/DEFESA,10.7,5
2025-10-29 04:00:00,34,6900.5,6875.20475,9.7915,185.2174,HIT/DEFESA,10.45,5
2025-10-29 04:00:00,134,6900.5,6802.03636,9.7915,185.2174,HIT/DEFESA,10.45,5
2025-10-29 05:00:00,34,6905.45,6876.93305,14.0666,152.7835,HIT/DEFESA,7.25,5
2025-10-29 05:00:00,134,6905.45,6803.56842,14.0666,152.7835,HIT/DEFESA,7.25,5
2025-10-29 09:00:00,34,6910.95,6883.45338,7.2401,177.5,HIT/DEFESA,0.05,5
2025-10-29 09:00:00,134,6910.95,6809.61681,7.2401,177.5,HIT/DEFESA,0.05,5
2025-10-29 13:00:00,34,6906.5,6888.36667,-8.969,296.6667,HIT/DEFESA,-3.35,5
2025-10-29 13:00:00,134,6906.5,6815.25998,-8.969,296.6667,HIT/DEFESA,-3.35,5
2025-10-29 17:00:00,34,6906.45,6893.19842,-6.5837,269.187,HIT/DEFESA,-9.5,5
2025-10-29 17:00:00,134,6906.45,6820.83411,-6.5837,269.187,HIT/DEFESA,-9.5,5
2025-10-29 18:00:00,34,6903.15,6893.76709,-9.9132,798.6667,HIT/DEFESA,-16.2,5
2025-10-29 18:00:00,134,6903.15,6822.05361,-9.9132,798.6667,HIT/DEFESA,-16.2,5
2025-10-29 19:00:00,34,6908.15,6894.58897,-14.7434,354.0385,HIT/DEFESA,-25.95,5
2025-10-29 19:00:00,134,6908.15,6823.32911,-14.7434,354.0385,HIT/DEFESA,-25.95,5
2025-10-29 20:00:00,34,6903.65,6895.10674,-4.0542,314.7917,HIT/DEFESA,-12.35,5
2025-10-29 20:00:00,134,6903.65,6824.51905,-4.0542,314.7917,HIT/DEFESA,-12.35,5
2025-10-30 02:00:00,34,6891.3,6893.31426,-8.192,216.8085,HIT/DEFESA,-7.85,5
2025-10-30 02:00:00,134,6891.3,6829.08811,-8.192,216.8085,HIT/DEFESA,-7.85,5
2025-10-30 07:00:00,34,6883.45,6896.02002,-31.3536,247.6347,HIT/DEFESA,-6.0,5
2025-10-30 07:00:00,134,6883.45,6834.48819,-31.3536,247.6347,HIT/DEFESA,-6.0,5
2025-10-30 08:00:00,34,6898.8,6896.17888,-21.1184,243.1715,HIT/DEFESA,-11.5,5
2025-10-30 08:00:00,134,6898.8,6835.44096,-21.1184,243.1715,HIT/DEFESA,-11.5,5
2025-10-30 11:00:00,34,6891.1,6895.51034,-11.1614,610.084,HIT/DEFESA,-17.55,5
2025-10-30 11:00:00,134,6891.1,6837.91819,-11.1614,610.084,HIT/DEFESA,-17.55,5
2025-10-30 12:00:00,34,6877.45,6894.47832,-16.1137,228.0727,HIT/DEFESA,-9.9,5
2025-10-30 12:00:00,134,6877.45,6838.50384,-16.1137,228.0727,HIT/DEFESA,-9.9,5
2025-10-30 13:00:00,34,6887.3,6894.06813,-13.1229,255.8974,HIT/DEFESA,-30.25,5
2025-10-30 13:00:00,134,6887.3,6839.22675,-13.1229,255.8974,HIT/DEFESA,-30.25,5
2025-10-30 14:00:00,34,6890.8,6893.88138,-0.4353,628.125,HIT/DEFESA,-23.2,5
2025-10-30 14:00:00,134,6890.8,6839.9908,-0.4353,628.125,HIT/DEFESA,-23.2,5
2025-10-30 16:00:00,34,6873.55,6890.89683,-19.9643,541.1765,HIT/DEFESA,-26.95,5
2025-10-30 16:00:00,134,6873.55,6840.78074,-19.9643,541.1765,HIT/DEFESA,-26.95,5
2025-10-30 17:00:00,34,6867.55,6889.56273,-33.7406,1656.2069,HIT/DEFESA,-45.3,5
2025-10-30 17:00:00,134,6867.55,6841.17732,-33.7406,1656.2069,HIT/DEFESA,-45.3,5
2025-10-30 19:00:00,34,6867.6,6886.55601,-8.6564,393.0317,HIT/DEFESA,-5.2,5
2025-10-30 19:00:00,134,6867.6,6841.80044,-8.6564,393.0317,HIT/DEFESA,-5.2,5
2025-10-31 01:00:00,34,6862.4,6877.80222,23.0771,546.7797,HIT/DEFESA,6.75,5
2025-10-31 01:00:00,134,6862.4,6842.54315,23.0771,546.7797,HIT/DEFESA,6.75,5
2025-10-31 02:00:00,34,6867.6,6877.21924,66.4737,259.4545,HIT/DEFESA,2.25,5
2025-10-31 02:00:00,134,6867.6,6842.91437,66.4737,259.4545,HIT/DEFESA,2.25,5
2025-10-31 07:00:00,34,6869.85,6875.23973,-3.7105,691.0,HIT/DEFESA,-0.95,5
2025-10-31 07:00:00,134,6869.85,6844.82475,-3.7105,691.0,HIT/DEFESA,-0.95,5
2025-10-31 13:00:00,34,6866.9,6873.31757,-11.6365,643.8095,HIT/DEFESA,-24.05,5
2025-10-31 13:00:00,134,6866.9,6846.87023,-11.6365,643.8095,HIT/DEFESA,-24.05,5
2025-10-31 16:00:00,34,6855.15,6872.54397,-17.1111,259.641,HIT/DEFESA,-8.05,5
2025-10-31 16:00:00,134,6855.15,6847.83307,-17.1111,259.641,HIT/DEFESA,-8.05,5
2025-10-31 17:00:00,34,6865.6,6872.14717,-16.4318,463.3171,HIT/DEFESA,-24.05,5
2025-10-31 17:00:00,134,6865.6,6848.09629,-16.4318,463.3171,HIT/DEFESA,-24.05,5
2025-10-31 18:00:00,34,6842.85,6870.47305,-46.5465,186.5359,HIT/DEFESA,-1.95,5
2025-10-31 18:00:00,134,6842.85,6848.01856,-46.5465,186.5359,HIT/DEFESA,-1.95,5
2025-10-31 21:00:00,34,6847.1,6864.58962,6.2109,175.2113,HIT/DEFESA,14.3,5
2025-10-31 21:00:00,134,6847.1,6847.39507,6.2109,175.2113,HIT/DEFESA,14.3,5
2025-10-31 22:00:00,34,6841.55,6863.27307,25.2039,610.0952,HIT/DEFESA,16.75,5
2025-10-31 22:00:00,134,6841.55,6847.30847,25.2039,610.0952,HIT/DEFESA,16.75,5
2025-10-31 23:00:00,34,6840.9,6861.99461,16.619,2275.5556,HIT/DEFESA,15.25,5
2025-10-31 23:00:00,134,6840.9,6847.21353,16.619,2275.5556,HIT/DEFESA,15.25,5
2025-11-03 04:00:00,34,6858.3,6862.08101,-5.9746,331.2121,HIT/DEFESA,-12.5,5
2025-11-03 04:00:00,134,6858.3,6848.1003,-5.9746,331.2121,HIT/DEFESA,-12.5,5
2025-11-03 10:00:00,34,6857.6,6859.49462,4.3766,218.0833,HIT/DEFESA,9.0,5
2025-11-03 10:00:00,134,6857.6,6848.5618,4.3766,218.0833,HIT/DEFESA,9.0,5
2025-11-03 14:00:00,34,6862.0,6860.61385,-4.5156,284.3478,HIT/DEFESA,-2.65,5
2025-11-03 14:00:00,134,6862.0,6849.5077,-4.5156,284.3478,HIT/DEFESA,-2.65,5
2025-11-03 18:00:00,34,6854.9,6858.9843,-17.039,387.4882,HIT/DEFESA,-0.55,5
2025-11-03 18:00:00,134,6854.9,6849.71198,-17.039,387.4882,HIT/DEFESA,-0.55,5
2025-11-03 22:00:00,34,6855.9,6858.5258,-5.0296,8884.0,HIT/DEFESA,-31.9,5
2025-11-03 22:00:00,134,6855.9,6850.12651,-5.0296,8884.0,HIT/DEFESA,-31.9,5
2025-11-03 23:00:00,34,6854.35,6858.28719,-4.0833,624.5714,HIT/DEFESA,-30.65,5
2025-11-03 23:00:00,134,6854.35,6850.18908,-4.0833,624.5714,HIT/DEFESA,-30.65,5
2025-11-04 01:00:00,34,6847.25,6857.65649,-11.5242,111.6667,HIT/DEFESA,-26.75,5
2025-11-04 01:00:00,134,6847.25,6850.14554,-11.5242,111.6667,HIT/DEFESA,-26.75,5
2025-11-04 02:00:00,34,6840.5,6856.67612,-22.4624,285.1163,HIT/DEFESA,-39.35,5
2025-11-04 02:00:00,134,6840.5,6850.00264,-22.4624,285.1163,HIT/DEFESA,-39.35,5
2025-11-04 03:00:00,34,6837.0,6855.55177,-25.3124,508.0,HIT/DEFESA,-45.3,5
2025-11-04 03:00:00,134,6837.0,6849.81001,-25.3124,508.0,HIT/DEFESA,-45.3,5
2025-11-04 04:00:00,34,6824.0,6853.74881,-33.9552,140.9302,HIT/DEFESA,-31.25,5
2025-11-04 04:00:00,134,6824.0,6849.42764,-33.9552,140.9302,HIT/DEFESA,-31.25,5
2025-11-04 05:00:00,34,6823.7,6852.03174,-24.5596,17170000.0,HIT/DEFESA,-38.35,5
2025-11-04 05:00:00,134,6823.7,6849.04649,-24.5596,17170000.0,HIT/DEFESA,-38.35,5
2025-11-04 06:00:00,34,6820.5,6850.22992,-24.1334,463.4286,HIT/DEFESA,-56.55,5
2025-11-04 06:00:00,134,6820.5,6848.62357,-24.1334,463.4286,HIT/DEFESA,-56.55,5
2025-11-04 07:00:00,34,6801.15,6847.42536,-33.4848,136.4194,HIT/DEFESA,-16.4,5
2025-11-04 07:00:00,134,6801.15,6847.92026,-33.4848,136.4194,HIT/DEFESA,-16.4,5
2025-11-04 08:00:00,34,6791.7,6844.24105,-46.8954,436.3243,HIT/DEFESA,-7.75,5
2025-11-04 08:00:00,134,6791.7,6847.08737,-46.8954,436.3243,HIT/DEFESA,-7.75,5
2025-11-04 09:00:00,34,6792.75,6841.2987,-40.6862,2524.0,HIT/DEFESA,-7.0,5
2025-11-04 09:00:00,134,6792.75,6846.28237,-40.6862,2524.0,HIT/DEFESA,-7.0,5
2025-11-04 10:00:00,34,6785.35,6838.10164,-23.2314,618.0282,HIT/DEFESA,-5.4,5
2025-11-04 10:00:00,134,6785.35,6845.37967,-23.2314,618.0282,HIT/DEFESA,-5.4,5
2025-11-04 19:00:00,34,6780.8,6817.99941,-39.5872,194.6032,HIT/DEFESA,-15.1,5
2025-11-04 19:00:00,134,6780.8,6838.21568,-39.5872,194.6032,HIT/DEFESA,-15.1,5
2025-11-04 20:00:00,34,6782.05,6815.94515,-30.5754,2117.9487,HIT/DEFESA,-36.3,5
2025-11-04 20:00:00,134,6782.05,6837.3836,-30.5754,2117.9487,HIT/DEFESA,-36.3,5
2025-11-04 21:00:00,34,6772.55,6813.46543,-44.8328,475.6989,HIT/DEFESA,-40.4,5
2025-11-04 21:00:00,134,6772.55,6836.4231,-44.8328,475.6989,HIT/DEFESA,-40.4,5
2025-11-04 22:00:00,34,6774.35,6811.23026,-9.5122,2078.5,HIT/DEFESA,-26.6,5
2025-11-04 22:00:00,134,6774.35,6835.5035,-9.5122,2078.5,HIT/DEFESA,-26.6,5
2025-11-04 23:00:00,34,6778.2,6809.34282,-5.6767,489.8507,HIT/DEFESA,-10.75,5
2025-11-04 23:00:00,134,6778.2,6834.65456,-5.6767,489.8507,HIT/DEFESA,-10.75,5
2025-11-05 01:00:00,34,6765.7,6806.84894,-10.1144,162.1399,HIT/DEFESA,-6.45,5
2025-11-05 01:00:00,134,6765.7,6833.63301,-10.1144,162.1399,HIT/DEFESA,-6.45,5
2025-11-05 06:00:00,34,6759.25,6792.66717,40.2546,398.9286,HIT/DEFESA,6.95,5
2025-11-05 06:00:00,134,6759.25,6827.66602,40.2546,398.9286,HIT/DEFESA,6.95,5
2025-11-05 10:00:00,34,6767.25,6786.75391,8.504,466.25,HIT/DEFESA,10.5,5
2025-11-05 10:00:00,134,6767.25,6824.00154,8.504,466.25,HIT/DEFESA,10.5,5
2025-11-05 14:00:00,34,6767.7,6781.13681,2.2169,290.7692,HIT/DEFESA,55.85,5
2025-11-05 14:00:00,134,6767.7,6820.28416,2.2169,290.7692,HIT/DEFESA,55.85,5
2025-11-05 15:00:00,34,6777.75,6780.94327,47.1394,263.8863,HIT/DEFESA,50.3,5
2025-11-05 15:00:00,134,6777.75,6819.65402,47.1394,263.8863,HIT/DEFESA,50.3,5
2025-11-05 16:00:00,34,6793.75,6781.67509,50.7438,372.3418,HIT/DEFESA,30.3,5
2025-11-05 16:00:00,134,6793.75,6819.27026,50.7438,372.3418,HIT/DEFESA,30.3,5
2025-11-05 22:00:00,34,6797.05,6791.49048,-38.8361,75.709,HIT/DEFESA,-2.45,5
2025-11-05 22:00:00,134,6797.05,6818.87527,-38.8361,75.709,HIT/DEFESA,-2.45,5
2025-11-05 23:00:00,34,6801.55,6792.06531,-38.8105,248.6,HIT/DEFESA,-5.95,5
2025-11-05 23:00:00,134,6801.55,6818.6186,-38.8105,248.6,HIT/DEFESA,-5.95,5
2025-11-06 01:00:00,34,6807.1,6792.92443,-24.8386,350.303,HIT/DEFESA,-8.3,5
2025-11-06 01:00:00,134,6807.1,6818.44796,-24.8386,350.303,HIT/DEFESA,-8.3,5
2025-11-06 02:00:00,34,6793.35,6792.94875,-5.4435,269.1321,HIT/DEFESA,-3.05,5
2025-11-06 02:00:00,134,6793.35,6818.07614,-5.4435,269.1321,HIT/DEFESA,-3.05,5
2025-11-06 04:00:00,34,6794.6,6792.75493,-18.3632,327.8082,HIT/DEFESA,-13.8,5
2025-11-06 04:00:00,134,6794.6,6817.28353,-18.3632,327.8082,HIT/DEFESA,-13.8,5
2025-11-06 16:00:00,34,6761.05,6792.54706,-58.449,142.8736,HIT/DEFESA,-11.2,5
2025-11-06 16:00:00,134,6761.05,6813.22131,-58.449,142.8736,HIT/DEFESA,-11.2,5
2025-11-06 17:00:00,34,6728.65,6788.8958,-117.425,286.5823,HIT/DEFESA,-5.5,5
2025-11-06 17:00:00,134,6728.65,6811.9684,-117.425,286.5823,HIT/DEFESA,-5.5,5
2025-11-06 20:00:00,34,6734.85,6778.76896,9.2143,1272.1348,HIT/DEFESA,5.7,5
2025-11-06 20:00:00,134,6734.85,6808.20307,9.2143,1272.1348,HIT/DEFESA,5.7,5
2025-11-07 01:00:00,34,6739.3,6770.15237,-15.63,315.8974,HIT/DEFESA,-15.7,5
2025-11-07 01:00:00,134,6739.3,6804.12043,-15.63,315.8974,HIT/DEFESA,-15.7,5
2025-11-07 10:00:00,34,6736.55,6754.88595,-2.968,687.9208,HIT/DEFESA,-39.0,5
2025-11-07 10:00:00,134,6736.55,6795.1418,-2.968,687.9208,HIT/DEFESA,-39.0,5
2025-11-07 11:00:00,34,6726.05,6753.23818,-17.4389,306.2745,HIT/DEFESA,-47.2,5
2025-11-07 11:00:00,134,6726.05,6794.11822,-17.4389,306.2745,HIT/DEFESA,-47.2,5
2025-11-07 12:00:00,34,6718.05,6751.22743,-34.0454,404.0,HIT/DEFESA,-66.8,5
2025-11-07 12:00:00,134,6718.05,6792.99128,-34.0454,404.0,HIT/DEFESA,-66.8,5
2025-11-07 13:00:00,34,6712.25,6749.00015,-36.0719,799.8333,HIT/DEFESA,-73.7,5
2025-11-07 13:00:00,134,6712.25,6791.79512,-36.0719,799.8333,HIT/DEFESA,-73.7,5
2025-11-07 14:00:00,34,6691.75,6745.72871,-50.9958,204.6,HIT/DEFESA,-33.2,5
2025-11-07 14:00:00,134,6691.75,6790.31297,-50.9958,204.6,HIT/DEFESA,-33.2,5
2025-11-07 15:00:00,34,6697.55,6742.97564,-30.5148,678.3077,HIT/DEFESA,-22.3,5
2025-11-07 15:00:00,134,6697.55,6788.9387,-30.5148,678.3077,HIT/DEFESA,-22.3,5
2025-11-07 20:00:00,34,6675.25,6721.9631,36.0834,294.0606,HIT/DEFESA,83.1,5
2025-11-07 20:00:00,134,6675.25,6779.70197,36.0834,294.0606,HIT/DEFESA,83.1,5
2025-11-07 21:00:00,34,6718.55,6721.76807,120.5082,125.5632,HIT/DEFESA,53.55,5
2025-11-07 21:00:00,134,6718.55,6778.79601,120.5082,125.5632,HIT/DEFESA,53.55,5
2025-11-07 22:00:00,34,6728.25,6722.13847,104.6774,693.3333,HIT/DEFESA,43.35,5
2025-11-07 22:00:00,134,6728.25,6778.04718,104.6774,693.3333,HIT/DEFESA,43.35,5
2025-11-07 23:00:00,34,6739.3,6723.11912,95.9515,86.7907,HIT/DEFESA,34.3,5
2025-11-07 23:00:00,134,6739.3,6777.47315,95.9515,86.7907,HIT/DEFESA,34.3,5
2025-11-10 01:00:00,34,6760.05,6725.22946,61.7693,268.9,HIT/DEFESA,15.85,5
2025-11-10 01:00:00,134,6760.05,6777.21503,61.7693,268.9,HIT/DEFESA,15.85,5
2025-11-10 02:00:00,34,6758.35,6727.12206,44.7367,7476.0,HIT/DEFESA,20.25,5
2025-11-10 02:00:00,134,6758.35,6776.93555,44.7367,7476.0,HIT/DEFESA,20.25,5
2025-11-10 03:00:00,34,6772.1,6729.69223,48.6697,188.5614,HIT/DEFESA,2.8,5
2025-11-10 03:00:00,134,6772.1,6776.86391,48.6697,188.5614,HIT/DEFESA,2.8,5
2025-11-10 04:00:00,34,6771.6,6732.08696,17.0857,4306.6667,HIT/DEFESA,5.8,5
2025-11-10 04:00:00,134,6771.6,6776.78593,17.0857,4306.6667,HIT/DEFESA,5.8,5
2025-11-10 05:00:00,34,6773.6,6734.45913,22.5647,773.8889,HIT/DEFESA,13.3,5
2025-11-10 05:00:00,134,6773.6,6776.73873,22.5647,773.8889,HIT/DEFESA,13.3,5
2025-11-10 06:00:00,34,6775.9,6736.82718,5.6113,558.5714,HIT/DEFESA,18.5,5
2025-11-10 06:00:00,134,6775.9,6776.7263,5.6113,558.5714,HIT/DEFESA,18.5,5
2025-11-10 07:00:00,34,6778.6,6739.2142,10.3373,454.8,HIT/DEFESA,13.5,5
2025-11-10 07:00:00,134,6778.6,6776.75406,10.3373,454.8,HIT/DEFESA,13.5,5
2025-11-10 08:00:00,34,6774.9,6741.25339,1.9192,365.7143,HIT/DEFESA,19.7,5
2025-11-10 08:00:00,134,6774.9,6776.72659,1.9192,365.7143,HIT/DEFESA,19.7,5
2025-11-10 09:00:00,34,6777.4,6743.31891,2.2137,729.1304,HIT/DEFESA,12.5,5
2025-11-10 09:00:00,134,6777.4,6776.73657,2.2137,729.1304,HIT/DEFESA,12.5,5
2025-11-10 10:00:00,34,6786.9,6745.80926,12.2444,231.5306,HIT/DEFESA,7.7,5
2025-11-10 10:00:00,134,6786.9,6776.88714,12.2444,231.5306,HIT/DEFESA,7.7,5
2025-11-10 11:00:00,34,6794.4,6748.58587,28.7827,280.5128,HIT/DEFESA,9.45,5
2025-11-10 11:00:00,134,6794.4,6777.14659,28.7827,280.5128,HIT/DEFESA,9.45,5
2025-11-10 15:00:00,34,6794.6,6757.86277,3.6807,324.2222,HIT/DEFESA,24.55,5
2025-11-10 15:00:00,134,6794.6,6778.05409,3.6807,324.2222,HIT/DEFESA,24.55,5
2025-11-10 16:00:00,34,6803.85,6760.49061,13.6138,485.0279,HIT/DEFESA,28.8,5
2025-11-10 16:00:00,134,6803.85,6778.43626,13.6138,485.0279,HIT/DEFESA,28.8,5
2025-11-10 19:00:00,34,6814.45,6766.04328,15.5794,113.494,HIT/DEFESA,24.65,5
2025-11-10 19:00:00,134,6814.45,6779.13213,15.5794,113.494,HIT/DEFESA,24.65,5
2025-11-10 20:00:00,34,6819.15,6769.07795,54.555,378.6667,HIT/DEFESA,18.15,5
2025-11-10 20:00:00,134,6819.15,6779.72499,54.555,378.6667,HIT/DEFESA,18.15,5
2025-11-10 21:00:00,34,6832.65,6772.71063,68.8929,109.1971,HIT/DEFESA,5.25,5
2025-11-10 21:00:00,134,6832.65,6780.50906,68.8929,109.1971,HIT/DEFESA,5.25,5
2025-11-10 22:00:00,34,6833.35,6776.17574,27.7352,2124.0,HIT/DEFESA,3.65,5
2025-11-10 22:00:00,134,6833.35,6781.29189,27.7352,2124.0,HIT/DEFESA,3.65,5
2025-11-10 23:00:00,34,6833.9,6779.47427,21.6303,846.6667,HIT/DEFESA,4.6,5
2025-11-10 23:00:00,134,6833.9,6782.07127,21.6303,846.6667,HIT/DEFESA,4.6,5
2025-11-11 04:00:00,34,6837.0,6791.70261,-3.0706,2181.25,HIT/DEFESA,-14.2,5
2025-11-11 04:00:00,134,6837.0,6785.30188,-3.0706,2181.25,HIT/DEFESA,-14.2,5
2025-11-11 06:00:00,34,6830.3,6796.4295,-11.1145,137.037,HIT/DEFESA,-13.3,5
2025-11-11 06:00:00,134,6830.3,6786.74496,-11.1145,137.037,HIT/DEFESA,-13.3,5
2025-11-11 07:00:00,34,6824.5,6798.03353,-18.2829,441.2727,HIT/DEFESA,-4.5,5
2025-11-11 07:00:00,134,6824.5,6787.3043,-18.2829,441.2727,HIT/DEFESA,-4.5,5
2025-11-11 08:00:00,34,6829.0,6799.80304,-13.8919,410.4762,HIT/DEFESA,-7.7,5
2025-11-11 08:00:00,134,6829.0,6787.92201,-13.8919,410.4762,HIT/DEFESA,-7.7,5
2025-11-11 09:00:00,34,6822.8,6801.11715,-10.9805,307.2308,HIT/DEFESA,-6.3,5
2025-11-11 09:00:00,134,6822.8,6788.43872,-10.9805,307.2308,HIT/DEFESA,-6.3,5
2025-11-11 10:00:00,34,6820.3,6802.21332,-6.1543,995.3846,HIT/DEFESA,-2.3,5
2025-11-11 10:00:00,134,6820.3,6788.91074,-6.1543,995.3846,HIT/DEFESA,-2.3,5
2025-11-11 12:00:00,34,6820.0,6804.02637,-4.1039,357.1875,HIT/DEFESA,-8.9,5
2025-11-11 12:00:00,134,6820.0,6789.7813,-4.1039,357.1875,HIT/DEFESA,-8.9,5
2025-11-11 16:00:00,34,6827.55,6807.58443,9.1625,379.5676,HIT/DEFESA,23.3,5
2025-11-11 16:00:00,134,6827.55,6791.58338,9.1625,379.5676,HIT/DEFESA,23.3,5
2025-11-11 19:00:00,34,6840.95,6810.18768,19.6264,130.4459,HIT/DEFESA,6.75,5
2025-11-11 19:00:00,134,6840.95,6792.96925,19.6264,130.4459,HIT/DEFESA,6.75,5
2025-11-11 20:00:00,34,6851.35,6812.53981,59.0947,279.0654,HIT/DEFESA,2.15,5
2025-11-11 20:00:00,134,6851.35,6793.83415,59.0947,279.0654,HIT/DEFESA,2.15,5
2025-11-11 21:00:00,34,6850.85,6814.72897,49.3604,11435.0,HIT/DEFESA,9.65,5
2025-11-11 21:00:00,134,6850.85,6794.67883,49.3604,11435.0,HIT/DEFESA,9.65,5
2025-11-11 22:00:00,34,6848.55,6816.6616,11.1096,808.4,HIT/DEFESA,10.15,5
2025-11-11 22:00:00,134,6848.55,6795.47692,11.1096,808.4,HIT/DEFESA,10.15,5
2025-11-12 02:00:00,34,6853.5,6822.10961,7.2278,363.3962,HIT/DEFESA,8.7,5
2025-11-12 02:00:00,134,6853.5,6797.87626,7.2278,363.3962,HIT/DEFESA,8.7,5
2025-11-12 03:00:00,34,6860.5,6824.30335,15.9865,289.4118,HIT/DEFESA,5.75,5
2025-11-12 03:00:00,134,6860.5,6798.80402,15.9865,289.4118,HIT/DEFESA,5.75,5
2025-11-12 04:00:00,34,6858.7,6826.26887,16.0638,635.2632,HIT/DEFESA,9.8,5
2025-11-12 04:00:00,134,6858.7,6799.69137,16.0638,635.2632,HIT/DEFESA,9.8,5
2025-11-12 05:00:00,34,6858.95,6828.13637,7.9521,17140.0,HIT/DEFESA,10.75,5
2025-11-12 05:00:00,134,6858.95,6800.56927,7.9521,17140.0,HIT/DEFESA,10.75,5
2025-11-12 07:00:00,34,6862.2,6831.65143,5.103,165.8947,HIT/DEFESA,7.8,5
2025-11-12 07:00:00,134,6862.2,6802.3096,5.103,165.8947,HIT/DEFESA,7.8,5
2025-11-12 09:00:00,34,6868.5,6835.62115,16.406,463.9024,HIT/DEFESA,4.0,5
2025-11-12 09:00:00,134,6868.5,6804.22343,16.406,463.9024,HIT/DEFESA,4.0,5
2025-11-12 10:00:00,34,6869.7,6837.56851,10.9294,1832.0,HIT/DEFESA,2.0,5
2025-11-12 10:00:00,134,6869.7,6805.19345,10.9294,1832.0,HIT/DEFESA,2.0,5
2025-11-12 13:00:00,34,6861.75,6842.58388,-11.5726,185.5621,HIT/DEFESA,-24.8,5
2025-11-12 13:00:00,134,6861.75,6807.97664,-11.5726,185.5621,HIT/DEFESA,-24.8,5
2025-11-12 14:00:00,34,6872.5,6844.29337,-3.2001,133.2127,HIT/DEFESA,-16.6,5
2025-11-12 14:00:00,134,6872.5,6808.93254,-3.2001,133.2127,HIT/DEFESA,-16.6,5
2025-11-12 16:00:00,34,6856.25,6846.45321,-8.0154,238.1639,HIT/DEFESA,-8.85,5
2025-11-12 16:00:00,134,6856.25,6810.54965,-8.0154,238.1639,HIT/DEFESA,-8.85,5
2025-11-12 19:00:00,34,6855.9,6846.31322,-0.5105,236.9648,HIT/DEFESA,-20.35,5
2025-11-12 19:00:00,134,6855.9,6812.0756,-0.5105,236.9648,HIT/DEFESA,-20.35,5
2025-11-12 21:00:00,34,6847.4,6846.87836,15.2846,327.4854,HIT/DEFESA,13.85,5
2025-11-12 21:00:00,134,6847.4,6813.2349,15.2846,327.4854,HIT/DEFESA,13.85,5
2025-11-13 03:00:00,34,6861.25,6847.23621,16.3502,223.3659,HIT/DEFESA,5.75,5
2025-11-13 03:00:00,134,6861.25,6815.74888,16.3502,223.3659,HIT/DEFESA,5.75,5
2025-11-13 04:00:00,34,6856.0,6847.737,29.9171,370.6306,HIT/DEFESA,4.0,5
2025-11-13 04:00:00,134,6856.0,6816.34519,29.9171,370.6306,HIT/DEFESA,4.0,5
2025-11-13 05:00:00,34,6860.3,6848.45488,28.139,413.5714,HIT/DEFESA,0.7,5
2025-11-13 05:00:00,134,6860.3,6816.99637,28.139,413.5714,HIT/DEFESA,0.7,5
2025-11-13 09:00:00,34,6860.0,6851.67485,-5.0994,316.3235,HIT/DEFESA,-17.1,5
2025-11-13 09:00:00,134,6860.0,6819.71231,-5.0994,316.3235,HIT/DEFESA,-17.1,5
2025-11-13 10:00:00,34,6861.0,6852.20771,-5.8267,3541.1111,HIT/DEFESA,-32.45,5
2025-11-13 10:00:00,134,6861.0,6820.32398,-5.8267,3541.1111,HIT/DEFESA,-32.45,5
2025-11-13 11:00:00,34,6842.8,6851.67013,-35.241,196.0,HIT/DEFESA,-36.25,5
2025-11-13 11:00:00,134,6842.8,6820.65696,-35.241,196.0,HIT/DEFESA,-36.25,5
2025-11-13 12:00:00,34,6847.5,6851.43183,-18.2216,446.4,HIT/DEFESA,-64.35,5
2025-11-13 12:00:00,134,6847.5,6821.05463,-18.2216,446.4,HIT/DEFESA,-64.35,5
2025-11-13 13:00:00,34,6844.55,6851.03859,-23.9761,982.807,HIT/DEFESA,-74.2,5
2025-11-13 13:00:00,134,6844.55,6821.40271,-23.9761,982.807,HIT/DEFESA,-74.2,5
2025-11-13 15:00:00,34,6828.55,6849.31504,-27.6743,232.8421,HIT/DEFESA,-83.2,5
2025-11-13 15:00:00,134,6828.55,6821.82236,-27.6743,232.8421,HIT/DEFESA,-83.2,5
2025-11-13 16:00:00,34,6806.55,6846.87132,-55.5186,325.8525,HIT/DEFESA,-71.4,5
2025-11-13 16:00:00,134,6806.55,6821.5961,-55.5186,325.8525,HIT/DEFESA,-71.4,5
2025-11-13 17:00:00,34,6783.15,6843.2301,-87.3168,333.4322,HIT/DEFESA,-44.5,5
2025-11-13 17:00:00,134,6783.15,6821.02653,-87.3168,333.4322,HIT/DEFESA,-44.5,5
2025-11-13 18:00:00,34,6770.35,6839.06553,-85.2304,619.0833,HIT/DEFESA,-31.75,5
2025-11-13 18:00:00,134,6770.35,6820.27576,-85.2304,619.0833,HIT/DEFESA,-31.75,5
2025-11-13 19:00:00,34,6759.85,6834.53892,-68.6104,782.3158,HIT/DEFESA,-14.9,5
2025-11-13 19:00:00,134,6759.85,6819.38057,-68.6104,782.3158,HIT/DEFESA,-14.9,5
2025-11-13 20:00:00,34,6745.35,6829.44241,-55.7263,434.1333,HIT/DEFESA,-0.1,5
2025-11-13 20:00:00,134,6745.35,6818.28382,-55.7263,434.1333,HIT/DEFESA,-0.1,5
2025-11-14 05:00:00,34,6744.9,6797.18629,-0.5189,380.8889,HIT/DEFESA,-21.95,5
2025-11-14 05:00:00,134,6744.9,6809.82593,-0.5189,380.8889,HIT/DEFESA,-21.95,5
2025-11-14 06:00:00,34,6732.25,6793.47564,-21.8616,232.3922,HIT/DEFESA,-15.8,5
2025-11-14 06:00:00,134,6732.25,6808.67665,-21.8616,232.3922,HIT/DEFESA,-15.8,5
2025-11-14 07:00:00,34,6742.2,6790.54561,-10.8156,362.9851,HIT/DEFESA,-24.95,5
2025-11-14 07:00:00,134,6742.2,6807.69181,-10.8156,362.9851,HIT/DEFESA,-24.95,5
2025-11-14 08:00:00,34,6735.95,6787.42586,-13.2693,588.2645,HIT/DEFESA,-43.0,5
2025-11-14 08:00:00,134,6735.95,6806.62897,-13.2693,588.2645,HIT/DEFESA,-43.0,5
2025-11-14 09:00:00,34,6723.85,6783.79295,-12.4773,410.3361,HIT/DEFESA,-50.2,5
2025-11-14 09:00:00,134,6723.85,6805.40262,-12.4773,410.3361,HIT/DEFESA,-50.2,5
2025-11-14 10:00:00,34,6722.95,6780.31621,-28.5515,7742.5,HIT/DEFESA,-52.5,5
2025-11-14 10:00:00,134,6722.95,6804.1811,-28.5515,7742.5,HIT/DEFESA,-52.5,5
2025-11-14 11:00:00,34,6716.45,6776.66671,-28.9491,601.6176,HIT/DEFESA,-12.8,5
2025-11-14 11:00:00,134,6716.45,6802.88138,-28.9491,601.6176,HIT/DEFESA,-12.8,5
2025-11-14 16:00:00,34,6703.65,6754.8456,15.987,291.0334,HIT/DEFESA,59.6,5
2025-11-14 16:00:00,134,6703.65,6794.86778,15.987,291.0334,HIT/DEFESA,59.6,5
2025-11-14 20:00:00,34,6749.75,6754.42551,15.5804,1093.125,HIT/DEFESA,5.1,5
2025-11-14 20:00:00,134,6749.75,6792.4251,15.5804,1093.125,HIT/DEFESA,5.1,5
2025-11-14 21:00:00,34,6763.25,6754.92976,-1.4784,497.6087,HIT/DEFESA,-13.6,5
2025-11-14 21:00:00,134,6763.25,6791.99288,-1.4784,497.6087,HIT/DEFESA,-13.6,5
2025-11-17 02:00:00,34,6754.85,6752.97809,26.4211,561.1494,HIT/DEFESA,5.05,5
2025-11-17 02:00:00,134,6754.85,6789.28774,26.4211,561.1494,HIT/DEFESA,5.05,5
2025-11-17 03:00:00,34,6749.65,6752.78791,9.4168,741.1111,HIT/DEFESA,8.95,5
2025-11-17 03:00:00,134,6749.65,6788.70051,9.4168,741.1111,HIT/DEFESA,8.95,5
2025-11-17 04:00:00,34,6759.9,6753.19431,21.1247,289.9502,HIT/DEFESA,11.4,5
2025-11-17 04:00:00,134,6759.9,6788.27384,21.1247,289.9502,HIT/DEFESA,11.4,5
2025-11-17 05:00:00,34,6763.1,6753.76035,12.2134,546.0,HIT/DEFESA,15.15,5
2025-11-17 05:00:00,134,6763.1,6787.90089,12.2134,546.0,HIT/DEFESA,15.15,5
2025-11-17 06:00:00,34,6765.1,6754.40833,22.8901,456.8182,HIT/DEFESA,1.25,5
2025-11-17 06:00:00,134,6765.1,6787.5631,22.8901,456.8182,HIT/DEFESA,1.25,5
2025-11-17 08:00:00,34,6758.6,6754.94373,-6.6538,1897.0,HIT/DEFESA,-8.05,5
2025-11-17 08:00:00,134,6758.6,6786.73027,-6.6538,1897.0,HIT/DEFESA,-8.05,5
2025-11-17 12:00:00,34,6748.05,6757.13168,-34.3361,206.1017,HIT/DEFESA,-24.7,5
2025-11-17 12:00:00,134,6748.05,6785.51924,-34.3361,206.1017,HIT/DEFESA,-24.7,5
2025-11-17 13:00:00,34,6750.55,6756.75558,-40.866,1246.6667,HIT/DEFESA,-4.7,5
2025-11-17 13:00:00,134,6750.55,6785.00118,-40.866,1246.6667,HIT/DEFESA,-4.7,5
2025-11-17 14:00:00,34,6738.05,6755.68669,-41.8246,346.1789,HIT/DEFESA,-29.7,5
2025-11-17 14:00:00,134,6738.05,6784.30561,-41.8246,346.1789,HIT/DEFESA,-29.7,5
2025-11-17 15:00:00,34,6726.65,6754.02745,-31.7129,382.2321,HIT/DEFESA,-45.0,5
2025-11-17 15:00:00,134,6726.65,6783.45145,-31.7129,382.2321,HIT/DEFESA,-45.0,5
2025-11-17 16:00:00,34,6743.85,6753.44588,-9.9251,419.2614,HIT/DEFESA,-100.5,5
2025-11-17 16:00:00,134,6743.85,6782.86476,-9.9251,419.2614,HIT/DEFESA,-100.5,5
2025-11-17 17:00:00,34,6723.35,6751.72612,-21.8164,534.7596,HIT/DEFESA,-51.0,5
2025-11-17 17:00:00,134,6723.35,6781.98306,-21.8164,534.7596,HIT/DEFESA,-51.0,5
2025-11-17 19:00:00,34,6708.35,6748.93089,-52.6406,161.3492,HIT/DEFESA,-27.5,5
2025-11-17 19:00:00,134,6708.35,6780.36483,-52.6406,161.3492,HIT/DEFESA,-27.5,5
2025-11-17 20:00:00,34,6681.65,6745.08627,-62.0227,242.9389,HIT/DEFESA,-12.5,5
2025-11-17 20:00:00,134,6681.65,6778.90239,-62.0227,242.9389,HIT/DEFESA,-12.5,5
2025-11-17 22:00:00,34,6672.35,6735.44861,-53.6645,279.6296,HIT/DEFESA,-6.2,5
2025-11-17 22:00:00,134,6672.35,6775.3454,-53.6645,279.6296,HIT/DEFESA,-6.2,5
2025-11-17 23:00:00,34,6676.9,6732.10298,-7.109,360.9877,HIT/DEFESA,-22.25,5
2025-11-17 23:00:00,134,6676.9,6773.88695,-7.109,360.9877,HIT/DEFESA,-22.25,5
2025-11-18 02:00:00,34,6669.15,6725.74428,-4.7959,392.6941,HIT/DEFESA,-33.6,5
2025-11-18 02:00:00,134,6669.15,6770.97738,-4.7959,392.6941,HIT/DEFESA,-33.6,5
2025-11-18 04:00:00,34,6666.15,6720.06826,-22.0032,222.8986,HIT/DEFESA,-31.8,5
2025-11-18 04:00:00,134,6666.15,6768.14908,-22.0032,222.8986,HIT/DEFESA,-31.8,5
2025-11-18 05:00:00,34,6654.65,6716.33007,-21.7419,351.4035,HIT/DEFESA,-0.8,5
2025-11-18 05:00:00,134,6654.65,6766.46762,-21.7419,351.4035,HIT/DEFESA,-0.8,5
2025-11-18 09:00:00,34,6634.35,6699.10281,-10.54,589.2857,HIT/DEFESA,-4.5,5
2025-11-18 09:00:00,134,6634.35,6758.81035,-10.54,589.2857,HIT/DEFESA,-4.5,5
2025-11-18 18:00:00,34,6626.85,6671.48688,-21.3822,310.0993,HIT/DEFESA,-21.1,5
2025-11-18 18:00:00,134,6626.85,6743.14047,-21.3822,310.0993,HIT/DEFESA,-21.1,5
2025-11-19 01:00:00,34,6621.85,6659.77953,-56.6104,332.8049,HIT/DEFESA,-14.6,5
2025-11-19 01:00:00,134,6621.85,6733.72822,-56.6104,332.8049,HIT/DEFESA,-14.6,5
2025-11-19 02:00:00,34,6615.75,6657.26356,-2.4179,1084.2857,HIT/DEFESA,-5.2,5
2025-11-19 02:00:00,134,6615.75,6731.98039,-2.4179,1084.2857,HIT/DEFESA,-5.2,5
2025-11-19 03:00:00,34,6613.75,6654.77707,12.1107,2611.6667,HIT/DEFESA,0.25,5
2025-11-19 03:00:00,134,6613.75,6730.22883,12.1107,2611.6667,HIT/DEFESA,0.25,5
2025-11-19 08:00:00,34,6614.0,6644.45602,4.9162,1162.7692,HIT/DEFESA,27.25,5
2025-11-19 08:00:00,134,6614.0,6721.91095,4.9162,1162.7692,HIT/DEFESA,27.25,5
2025-11-19 09:00:00,34,6624.85,6643.33568,26.6374,335.5024,HIT/DEFESA,17.2,5
2025-11-19 09:00:00,134,6624.85,6720.47301,26.6374,335.5024,HIT/DEFESA,17.2,5
2025-11-19 10:00:00,34,6619.35,6641.96507,13.3121,941.5094,HIT/DEFESA,13.7,5
2025-11-19 10:00:00,134,6619.35,6718.97489,13.3121,941.5094,HIT/DEFESA,13.7,5
2025-11-19 11:00:00,34,6638.5,6641.76706,37.0426,196.4675,HIT/DEFESA,33.55,5
2025-11-19 11:00:00,134,6638.5,6717.78267,37.0426,196.4675,HIT/DEFESA,33.55,5
2025-11-19 12:00:00,34,6643.55,6641.86894,28.2271,563.1579,HIT/DEFESA,1.2,5
2025-11-19 12:00:00,134,6643.55,6716.68293,28.2271,563.1579,HIT/DEFESA,1.2,5
2025-11-19 18:00:00,34,6640.25,6643.02425,10.8547,2333.4211,HIT/DEFESA,36.5,5
2025-11-19 18:00:00,134,6640.25,6710.59541,10.8547,2333.4211,HIT/DEFESA,36.5,5
2025-11-19 22:00:00,34,6642.25,6641.36952,20.6682,537.9592,HIT/DEFESA,83.05,5
2025-11-19 22:00:00,134,6642.25,6706.21297,20.6682,537.9592,HIT/DEFESA,83.05,5
2025-11-19 23:00:00,34,6676.75,6643.39126,54.0593,164.3143,HIT/DEFESA,47.8,5
2025-11-19 23:00:00,134,6676.75,6705.77648,54.0593,164.3143,HIT/DEFESA,47.8,5
2025-11-20 01:00:00,34,6712.25,6647.32605,127.0359,135.4662,HIT/DEFESA,17.3,5
2025-11-20 01:00:00,134,6712.25,6705.87239,127.0359,135.4662,HIT/DEFESA,17.3,5
2025-11-20 02:00:00,34,6716.0,6651.25027,111.0317,964.9275,HIT/DEFESA,10.8,5
2025-11-20 02:00:00,134,6716.0,6706.02243,111.0317,964.9275,HIT/DEFESA,10.8,5
2025-11-20 03:00:00,34,6722.25,6655.3074,68.1469,511.4286,HIT/DEFESA,7.0,5
2025-11-20 03:00:00,134,6722.25,6706.26283,68.1469,511.4286,HIT/DEFESA,7.0,5
2025-11-20 12:00:00,34,6724.5,6683.41829,0.3718,229.7659,HIT/DEFESA,18.25,5
2025-11-20 12:00:00,134,6724.5,6708.49292,0.3718,229.7659,HIT/DEFESA,18.25,5
2025-11-20 13:00:00,34,6713.05,6685.11153,-15.9137,377.6211,HIT/DEFESA,-97.3,5
2025-11-20 13:00:00,134,6713.05,6708.56043,-15.9137,377.6211,HIT/DEFESA,-97.3,5
2025-11-20 18:00:00,34,6615.75,6693.16027,-195.6208,110.6314,HIT/DEFESA,-81.5,5
2025-11-20 18:00:00,134,6615.75,6709.29578,-195.6208,110.6314,HIT/DEFESA,-81.5,5
2025-11-20 19:00:00,34,6586.25,6687.05111,-263.58,660.2055,HIT/DEFESA,-38.6,5
2025-11-20 19:00:00,134,6586.25,6707.47288,-263.58,660.2055,HIT/DEFESA,-38.6,5
2025-11-20 20:00:00,34,6563.95,6680.01677,-265.1737,689.6651,HIT/DEFESA,-4.8,5
2025-11-20 20:00:00,134,6563.95,6705.34661,-265.1737,689.6651,HIT/DEFESA,-4.8,5
2025-11-20 21:00:00,34,6594.75,6675.14438,-31.7424,412.0,HIT/DEFESA,-29.8,5
2025-11-20 21:00:00,134,6594.75,6703.70814,-31.7424,412.0,HIT/DEFESA,-29.8,5
2025-11-21 06:00:00,34,6561.45,6630.25209,-5.3313,936.8085,HIT/DEFESA,-27.0,5
2025-11-21 06:00:00,134,6561.45,6686.92399,-5.3313,936.8085,HIT/DEFESA,-27.0,5
2025-11-21 07:00:00,34,6553.95,6625.89197,-12.4959,647.7778,HIT/DEFESA,-11.3,5
2025-11-21 07:00:00,134,6553.95,6684.95401,-12.4959,647.7778,HIT/DEFESA,-11.3,5
2025-11-21 08:00:00,34,6558.85,6622.061,-11.4219,772.766,HIT/DEFESA,-24.2,5
2025-11-21 08:00:00,134,6558.85,6683.0858,-11.4219,772.766,HIT/DEFESA,-24.2,5
2025-11-21 10:00:00,34,6564.65,6614.14092,16.326,274.0,HIT/DEFESA,8.0,5
2025-11-21 10:00:00,134,6564.65,6679.1837,16.326,274.0,HIT/DEFESA,8.0,5
2025-11-21 14:00:00,34,6567.45,6599.74156,50.5016,301.9394,HIT/DEFESA,48.0,5
2025-11-21 14:00:00,134,6567.45,6671.40532,50.5016,301.9394,HIT/DEFESA,48.0,5
2025-11-21 15:00:00,34,6572.65,6598.19347,45.853,1503.2,HIT/DEFESA,63.3,5
2025-11-21 15:00:00,134,6572.65,6669.94228,45.853,1503.2,HIT/DEFESA,63.3,5
2025-11-21 16:00:00,34,6558.35,6595.9167,36.2682,935.8088,HIT/DEFESA,73.9,5
2025-11-21 16:00:00,134,6558.35,6668.28906,36.2682,935.8088,HIT/DEFESA,73.9,5
2025-11-21 19:00:00,34,6615.45,6595.49394,87.0646,1932.5,HIT/DEFESA,21.2,5
2025-11-21 19:00:00,134,6615.45,6664.95815,87.0646,1932.5,HIT/DEFESA,21.2,5
2025-11-24 02:00:00,34,6630.85,6604.43257,38.757,576.9811,HIT/DEFESA,9.35,5
2025-11-24 02:00:00,134,6630.85,6661.58062,38.757,576.9811,HIT/DEFESA,9.35,5
2025-11-24 03:00:00,34,6630.65,6605.93071,27.8271,12663.3333,HIT/DEFESA,5.25,5
2025-11-24 03:00:00,134,6630.65,6661.12239,27.8271,12663.3333,HIT/DEFESA,5.25,5
2025-11-24 05:00:00,34,6639.1,6609.89873,12.4418,423.4615,HIT/DEFESA,12.3,5
2025-11-24 05:00:00,134,6639.1,6660.55206,12.4418,423.4615,HIT/DEFESA,12.3,5
2025-11-24 07:00:00,34,6640.2,6612.82907,-6.3211,281.7178,HIT/DEFESA,-23.85,5
2025-11-24 07:00:00,134,6640.2,6659.83601,-6.3211,281.7178,HIT/DEFESA,-23.85,5
2025-11-24 08:00:00,34,6635.9,6614.14741,-4.8199,440.0,HIT/DEFESA,-6.75,5
2025-11-24 08:00:00,134,6635.9,6659.4814,-4.8199,440.0,HIT/DEFESA,-6.75,5
2025-11-24 14:00:00,34,6640.95,6619.89913,29.1468,305.1538,HIT/DEFESA,64.45,5
2025-11-24 14:00:00,134,6640.95,6657.27828,29.1468,305.1538,HIT/DEFESA,64.45,5
2025-11-24 15:00:00,34,6636.65,6620.85632,30.6816,895.5263,HIT/DEFESA,70.5,5
2025-11-24 15:00:00,134,6636.65,6656.97268,30.6816,895.5263,HIT/DEFESA,70.5,5
2025-11-24 16:00:00,34,6654.65,6622.78739,38.4665,529.6703,HIT/DEFESA,43.2,5
2025-11-24 16:00:00,134,6654.65,6656.93827,38.4665,529.6703,HIT/DEFESA,43.2,5
2025-11-24 17:00:00,34,6680.45,6626.08239,59.4794,350.3125,HIT/DEFESA,21.5,5
2025-11-24 17:00:00,134,6680.45,6657.28659,59.4794,350.3125,HIT/DEFESA,21.5,5
2025-11-24 18:00:00,34,6689.65,6629.71483,79.8596,380.7368,HIT/DEFESA,18.5,5
2025-11-24 18:00:00,134,6689.65,6657.76605,79.8596,380.7368,HIT/DEFESA,18.5,5
2025-11-24 19:00:00,34,6705.4,6634.0397,76.2625,223.8689,HIT/DEFESA,0.6,5
2025-11-24 19:00:00,134,6705.4,6658.47173,76.2625,223.8689,HIT/DEFESA,0.6,5
2025-11-24 21:00:00,34,6697.85,6641.625,12.2577,274.5556,HIT/DEFESA,1.15,5
2025-11-24 21:00:00,134,6697.85,6659.76559,12.2577,274.5556,HIT/DEFESA,1.15,5
2025-11-25 03:00:00,34,6699.0,6657.59034,-13.6401,305.3333,HIT/DEFESA,-1.5,5
2025-11-25 03:00:00,134,6699.0,6662.97083,-13.6401,305.3333,HIT/DEFESA,-1.5,5
2025-11-25 04:00:00,34,6704.0,6660.24232,-2.9824,343.5417,HIT/DEFESA,-2.5,5
2025-11-25 04:00:00,134,6704.0,6663.57867,-2.9824,343.5417,HIT/DEFESA,-2.5,5
2025-11-25 05:00:00,34,6698.7,6662.4399,-11.9284,340.4,HIT/DEFESA,-5.75,5
2025-11-25 05:00:00,134,6698.7,6664.09898,-11.9284,340.4,HIT/DEFESA,-5.75,5
2025-11-25 07:00:00,34,6700.5,6666.81351,-5.2208,527.3469,HIT/DEFESA,-3.8,5
2025-11-25 07:00:00,134,6700.5,6665.20968,-5.2208,527.3469,HIT/DEFESA,-3.8,5
2025-11-25 08:00:00,34,6697.5,6668.56703,-1.7914,354.6875,HIT/DEFESA,-2.05,5
2025-11-25 08:00:00,134,6697.5,6665.68806,-1.7914,354.6875,HIT/DEFESA,-2.05,5
2025-11-25 09:00:00,34,6701.5,6670.44891,-2.6107,377.4359,HIT/DEFESA,-0.45,5
2025-11-25 09:00:00,134,6701.5,6666.2186,-2.6107,377.4359,HIT/DEFESA,-0.45,5
2025-11-25 13:00:00,34,6695.45,6675.43897,3.7353,1693.5484,HIT/DEFESA,35.75,5
2025-11-25 13:00:00,134,6695.45,6667.83875,3.7353,1693.5484,HIT/DEFESA,35.75,5
2025-11-25 14:00:00,34,6701.05,6676.90246,14.2718,857.8431,HIT/DEFESA,46.65,5
2025-11-25 14:00:00,134,6701.05,6668.33077,14.2718,857.8431,HIT/DEFESA,46.65,5
2025-11-25 15:00:00,34,6701.45,6678.30518,7.093,5800.0,HIT/DEFESA,51.6,5
2025-11-25 15:00:00,134,6701.45,6668.82142,7.093,5800.0,HIT/DEFESA,51.6,5
2025-11-25 16:00:00,34,6702.05,6679.66202,9.8574,64750.0,HIT/DEFESA,51.5,5
2025-11-25 16:00:00,134,6702.05,6669.3137,9.8574,64750.0,HIT/DEFESA,51.5,5
2025-11-25 17:00:00,34,6711.95,6681.50705,16.2661,1095.3922,HIT/DEFESA,52.3,5
2025-11-25 17:00:00,134,6711.95,6669.94535,16.2661,1095.3922,HIT/DEFESA,52.3,5
2025-11-25 18:00:00,34,6731.2,6684.34665,44.3934,288.4833,HIT/DEFESA,33.35,5
2025-11-25 18:00:00,134,6731.2,6670.85282,44.3934,288.4833,HIT/DEFESA,33.35,5
2025-11-25 19:00:00,34,6747.7,6687.96684,68.1135,189.5808,HIT/DEFESA,20.6,5
2025-11-25 19:00:00,134,6747.7,6671.9913,68.1135,189.5808,HIT/DEFESA,20.6,5
2025-11-25 20:00:00,34,6753.05,6691.68588,61.2341,502.9703,HIT/DEFESA,21.25,5
2025-11-25 20:00:00,134,6753.05,6673.19217,61.2341,502.9703,HIT/DEFESA,21.25,5
2025-11-25 21:00:00,34,6753.55,6695.22097,33.2036,3308.75,HIT/DEFESA,28.75,5
2025-11-25 21:00:00,134,6753.55,6674.38266,33.2036,3308.75,HIT/DEFESA,28.75,5
2025-11-25 22:00:00,34,6764.25,6699.16549,24.5269,228.4762,HIT/DEFESA,19.55,5
2025-11-25 22:00:00,134,6764.25,6675.71402,24.5269,228.4762,HIT/DEFESA,19.55,5
2025-11-25 23:00:00,34,6764.55,6702.90174,17.0293,1108.0,HIT/DEFESA,20.0,5
2025-11-25 23:00:00,134,6764.55,6677.03011,17.0293,1108.0,HIT/DEFESA,20.0,5
2025-11-26 01:00:00,34,6768.3,6706.63879,21.8404,384.4776,HIT/DEFESA,13.75,5
2025-11-26 01:00:00,134,6768.3,6678.38226,21.8404,384.4776,HIT/DEFESA,13.75,5
2025-11-26 02:00:00,34,6774.3,6710.50514,14.8575,389.6364,HIT/DEFESA,13.55,5
2025-11-26 02:00:00,134,6774.3,6679.80326,14.8575,389.6364,HIT/DEFESA,13.55,5
2025-11-26 03:00:00,34,6782.3,6714.60771,26.2397,225.8025,HIT/DEFESA,7.25,5
2025-11-26 03:00:00,134,6782.3,6681.32173,26.2397,225.8025,HIT/DEFESA,7.25,5
2025-11-26 04:00:00,34,6783.8,6718.56155,22.9009,571.1765,HIT/DEFESA,8.0,5
2025-11-26 04:00:00,134,6783.8,6682.83993,22.9009,571.1765,HIT/DEFESA,8.0,5
2025-11-26 05:00:00,34,6784.55,6722.33232,15.1307,728.4211,HIT/DEFESA,0.65,5
2025-11-26 05:00:00,134,6784.55,6684.34675,15.1307,728.4211,HIT/DEFESA,0.65,5
2025-11-26 06:00:00,34,6782.05,6725.74476,-0.3686,221.0714,HIT/DEFESA,-2.25,5
2025-11-26 06:00:00,134,6782.05,6685.7942,-0.3686,221.0714,HIT/DEFESA,-2.25,5
2025-11-26 14:00:00,34,6781.3,6748.13354,2.2125,4896.0,HIT/DEFESA,44.15,5
2025-11-26 14:00:00,134,6781.3,6697.0327,2.2125,4896.0,HIT/DEFESA,44.15,5
2025-11-26 15:00:00,34,6788.55,6750.44305,1.0313,345.2349,HIT/DEFESA,29.7,5
2025-11-26 15:00:00,134,6788.55,6698.38851,1.0313,345.2349,HIT/DEFESA,29.7,5
2025-11-26 16:00:00,34,6786.55,6752.5063,5.8975,2588.4211,HIT/DEFESA,36.2,5
2025-11-26 16:00:00,134,6786.55,6699.69461,5.8975,2588.4211,HIT/DEFESA,36.2,5
2025-11-26 17:00:00,34,6809.7,6755.77451,41.8799,248.8296,HIT/DEFESA,1.05,5
2025-11-26 17:00:00,134,6809.7,6701.32431,41.8799,248.8296,HIT/DEFESA,1.05,5
2025-11-26 21:00:00,34,6822.75,6769.96406,-7.6158,449.5833,HIT/DEFESA,-4.9,5
2025-11-26 21:00:00,134,6822.75,6708.40839,-7.6158,449.5833,HIT/DEFESA,-4.9,5
2025-11-26 23:00:00,34,6815.25,6774.74928,-4.4,108.125,HIT/DEFESA,-1.7,5
2025-11-26 23:00:00,134,6815.25,6711.48494,-4.4,108.125,HIT/DEFESA,-1.7,5
2025-11-27 05:00:00,34,6813.55,6785.11339,-5.574,1916.6667,HIT/DEFESA,-1.65,5
2025-11-27 05:00:00,134,6813.55,6718.96221,-5.574,1916.6667,HIT/DEFESA,-1.65,5
2025-11-27 06:00:00,34,6815.35,6786.84119,-3.6668,176.5,HIT/DEFESA,-4.75,5
2025-11-27 06:00:00,134,6815.35,6720.39018,-3.6668,176.5,HIT/DEFESA,-4.75,5
2025-11-27 09:00:00,34,6814.85,6791.20076,-0.7336,175.3086,HIT/DEFESA,-2.75,5
2025-11-27 09:00:00,134,6814.85,6724.48031,-0.7336,175.3086,HIT/DEFESA,-2.75,5
2025-11-27 12:00:00,34,6813.85,6794.59169,-1.4674,202.8169,HIT/DEFESA,-1.4,5
2025-11-27 12:00:00,134,6813.85,6728.31827,-1.4674,202.8169,HIT/DEFESA,-1.4,5
2025-11-27 14:00:00,34,6812.1,6796.55971,2.2024,802.6667,HIT/DEFESA,0.55,5
2025-11-27 14:00:00,134,6812.1,6730.78887,2.2024,802.6667,HIT/DEFESA,0.55,5
2025-11-27 17:00:00,34,6812.45,6799.16947,0.5138,4300.0,HIT/DEFESA,10.2,5
2025-11-27 17:00:00,134,6812.45,6734.37556,0.5138,4300.0,HIT/DEFESA,10.2,5
2025-11-27 19:00:00,34,6812.65,6800.63376,0.1468,712.5,HIT/DEFESA,9.9,5
2025-11-27 19:00:00,134,6812.65,6736.66886,0.1468,712.5,HIT/DEFESA,9.9,5
2025-11-28 01:00:00,34,6823.55,6801.94326,16.2937,91.8519,HIT/DEFESA,1.0,5
2025-11-28 01:00:00,134,6823.55,6737.95599,16.2937,91.8519,HIT/DEFESA,1.0,5
2025-11-28 02:00:00,34,6823.85,6803.19507,17.3222,3390.0,HIT/DEFESA,2.1,5
2025-11-28 02:00:00,134,6823.85,6739.2285,17.3222,3390.0,HIT/DEFESA,2.1,5
2025-11-28 03:00:00,34,6822.65,6804.30678,14.6786,385.0,HIT/DEFESA,15.8,5
2025-11-28 03:00:00,134,6822.65,6740.46437,14.6786,385.0,HIT/DEFESA,15.8,5
2025-11-28 15:00:00,34,6824.55,6807.35285,2.7848,61.7647,HIT/DEFESA,20.1,5
2025-11-28 15:00:00,134,6824.55,6744.08272,2.7848,61.7647,HIT/DEFESA,20.1,5
2025-11-28 16:00:00,34,6825.95,6808.41555,5.5701,1990.1316,HIT/DEFESA,15.15,5
2025-11-28 16:00:00,134,6825.95,6745.29557,5.5701,1990.1316,HIT/DEFESA,15.15,5
2025-12-01 01:00:00,34,6841.1,6817.17099,-1.0962,309.0173,HIT/DEFESA,-45.0,5
2025-12-01 01:00:00,134,6841.1,6752.30034,-1.0962,309.0173,HIT/DEFESA,-45.0,5
2025-12-01 02:00:00,34,6817.15,6817.16979,-44.1047,183.2696,HIT/DEFESA,-17.05,5
2025-12-01 02:00:00,134,6817.15,6753.26107,-44.1047,183.2696,HIT/DEFESA,-17.05,5
2025-12-01 03:00:00,34,6813.6,6816.9658,-45.3639,1340.8955,HIT/DEFESA,-10.2,5
2025-12-01 03:00:00,134,6813.6,6754.15498,-45.3639,1340.8955,HIT/DEFESA,-10.2,5
2025-12-01 04:00:00,34,6807.9,6816.44775,-48.5302,391.8333,HIT/DEFESA,-3.8,5
2025-12-01 04:00:00,134,6807.9,6754.9512,-48.5302,391.8333,HIT/DEFESA,-3.8,5
2025-12-01 08:00:00,34,6803.4,6813.13886,0.735,402.0588,HIT/DEFESA,4.5,5
2025-12-01 08:00:00,134,6803.4,6757.59886,0.735,402.0588,HIT/DEFESA,4.5,5
2025-12-01 11:00:00,34,6804.45,6812.08951,1.5433,402.2695,HIT/DEFESA,23.9,5
2025-12-01 11:00:00,134,6804.45,6759.74684,1.5433,402.2695,HIT/DEFESA,23.9,5
2025-12-01 12:00:00,34,6808.9,6811.90725,7.0546,511.2941,HIT/DEFESA,21.5,5
2025-12-01 12:00:00,134,6808.9,6760.47503,7.0546,511.2941,HIT/DEFESA,21.5,5
2025-12-01 23:00:00,34,6815.15,6816.46388,-39.4613,252.0,HIT/DEFESA,-1.85,5
2025-12-01 23:00:00,134,6815.15,6769.62321,-39.4613,252.0,HIT/DEFESA,-1.85,5
2025-12-02 01:00:00,34,6813.8,6816.31166,-3.081,320.2247,HIT/DEFESA,-4.1,5
2025-12-02 01:00:00,134,6813.8,6770.27769,-3.081,320.2247,HIT/DEFESA,-4.1,5
2025-12-02 02:00:00,34,6815.35,6816.25671,-2.9337,804.3243,HIT/DEFESA,-5.5,5
2025-12-02 02:00:00,134,6815.35,6770.94542,-2.9337,804.3243,HIT/DEFESA,-5.5,5
2025-12-02 10:00:00,34,6818.6,6814.95848,12.849,237.7358,HIT/DEFESA,18.7,5
2025-12-02 10:00:00,134,6818.6,6775.66673,12.849,237.7358,HIT/DEFESA,18.7,5
2025-12-02 11:00:00,34,6823.5,6815.44657,20.1181,330.8,HIT/DEFESA,13.55,5
2025-12-02 11:00:00,134,6823.5,6776.37537,20.1181,330.8,HIT/DEFESA,13.55,5
2025-12-02 12:00:00,34,6834.1,6816.51248,38.1898,88.8889,HIT/DEFESA,15.3,5
2025-12-02 12:00:00,134,6834.1,6777.23055,38.1898,88.8889,HIT/DEFESA,15.3,5
2025-12-02 21:00:00,34,6836.75,6822.6429,25.0746,205.5144,HIT/DEFESA,2.2,5
2025-12-02 21:00:00,134,6836.75,6784.08611,25.0746,205.5144,HIT/DEFESA,2.2,5
2025-12-02 22:00:00,34,6828.05,6822.95188,18.6344,254.1111,HIT/DEFESA,13.2,5
2025-12-02 22:00:00,134,6828.05,6784.73743,18.6344,254.1111,HIT/DEFESA,13.2,5
2025-12-02 23:00:00,34,6831.0,6823.41177,8.9379,140.9231,HIT/DEFESA,13.95,5
2025-12-02 23:00:00,134,6831.0,6785.4228,8.9379,140.9231,HIT/DEFESA,13.95,5
2025-12-03 02:00:00,34,6837.7,6824.85798,14.1329,881.4286,HIT/DEFESA,5.25,5
2025-12-03 02:00:00,134,6837.7,6786.92234,14.1329,881.4286,HIT/DEFESA,5.25,5
2025-12-03 03:00:00,34,6838.95,6825.66324,11.6381,967.3684,HIT/DEFESA,3.5,5
2025-12-03 03:00:00,134,6838.95,6787.69312,11.6381,967.3684,HIT/DEFESA,3.5,5
2025-12-03 04:00:00,34,6841.25,6826.55391,8.9977,278.4,HIT/DEFESA,0.45,5
2025-12-03 04:00:00,134,6841.25,6788.48655,8.9977,278.4,HIT/DEFESA,0.45,5
2025-12-03 08:00:00,34,6842.45,6830.10028,-3.6523,927.1429,HIT/DEFESA,-2.75,5
2025-12-03 08:00:00,134,6842.45,6791.67543,-3.6523,927.1429,HIT/DEFESA,-2.75,5
2025-12-03 10:00:00,34,6844.6,6831.5538,2.4112,674.8387,HIT/DEFESA,0.3,5
2025-12-03 10:00:00,134,6844.6,6793.18962,2.4112,674.8387,HIT/DEFESA,0.3,5
2025-12-03 11:00:00,34,6841.2,6832.10501,-1.8268,533.3333,HIT/DEFESA,-19.25,5
2025-12-03 11:00:00,134,6841.2,6793.90088,-1.8268,533.3333,HIT/DEFESA,-19.25,5
2025-12-03 12:00:00,34,6839.0,6832.49901,-3.9464,406.6667,HIT/DEFESA,-2.05,5
2025-12-03 12:00:00,134,6839.0,6794.56902,-3.9464,406.6667,HIT/DEFESA,-2.05,5
2025-12-03 13:00:00,34,6839.7,6832.91049,-7.1589,1758.0,HIT/DEFESA,-3.95,5
2025-12-03 13:00:00,134,6839.7,6795.23763,-7.1589,1758.0,HIT/DEFESA,-3.95,5
2025-12-03 14:00:00,34,6847.5,6833.74418,9.2089,129.5946,HIT/DEFESA,4.45,5
2025-12-03 14:00:00,134,6847.5,6796.01188,9.2089,129.5946,HIT/DEFESA,4.45,5
2025-12-03 15:00:00,34,6844.9,6834.38166,8.627,521.0714,HIT/DEFESA,7.25,5
2025-12-03 15:00:00,134,6844.9,6796.73615,8.627,521.0714,HIT/DEFESA,7.25,5
2025-12-03 19:00:00,34,6851.95,6834.99433,43.9757,158.7879,HIT/DEFESA,1.3,5
2025-12-03 19:00:00,134,6851.95,6799.05898,43.9757,158.7879,HIT/DEFESA,1.3,5
2025-12-04 01:00:00,34,6853.25,6839.84735,-8.6016,630.0,HIT/DEFESA,-0.6,5
2025-12-04 01:00:00,134,6853.25,6803.0143,-8.6016,630.0,HIT/DEFESA,-0.6,5
2025-12-04 06:00:00,34,6852.65,6842.76488,2.2624,188.2609,HIT/DEFESA,5.45,5
2025-12-04 06:00:00,134,6852.65,6806.48275,2.2624,188.2609,HIT/DEFESA,5.45,5
2025-12-04 07:00:00,34,6852.65,6843.32974,-0.2918,2885.0,HIT/DEFESA,-0.45,5
2025-12-04 07:00:00,134,6852.65,6807.16671,-0.2918,2885.0,HIT/DEFESA,-0.45,5
2025-12-04 08:00:00,34,6854.95,6843.99376,7.0071,211.4286,HIT/DEFESA,0.15,5
2025-12-04 08:00:00,134,6854.95,6807.87461,7.0071,211.4286,HIT/DEFESA,0.15,5
2025-12-04 09:00:00,34,6855.15,6844.63126,3.6482,6460000.0,HIT/DEFESA,2.95,5
2025-12-04 09:00:00,134,6855.15,6808.57498,3.6482,6460000.0,HIT/DEFESA,2.95,5
2025-12-04 12:00:00,34,6852.2,6845.99103,-4.3033,168.0,HIT/DEFESA,-6.75,5
2025-12-04 12:00:00,134,6852.2,6810.51964,-4.3033,168.0,HIT/DEFESA,-6.75,5
2025-12-04 13:00:00,34,6855.1,6846.51154,9.491,511.4815,HIT/DEFESA,1.55,5
2025-12-04 13:00:00,134,6855.1,6811.18009,9.491,511.4815,HIT/DEFESA,1.55,5
2025-12-04 15:00:00,34,6853.9,6847.5581,2.481,445.1429,HIT/DEFESA,0.05,5
2025-12-04 15:00:00,134,6853.9,6812.49779,2.481,445.1429,HIT/DEFESA,0.05,5
2025-12-04 20:00:00,34,6853.95,6848.52114,12.417,1438.0,HIT/DEFESA,7.5,5
2025-12-04 20:00:00,134,6853.95,6815.27118,12.417,1438.0,HIT/DEFESA,7.5,5
2025-12-04 22:00:00,34,6856.65,6848.79055,1.4587,243.3473,HIT/DEFESA,10.05,5
2025-12-04 22:00:00,134,6856.65,6816.31664,1.4587,243.3473,HIT/DEFESA,10.05,5
2025-12-04 23:00:00,34,6855.15,6849.15395,1.7508,204.4444,HIT/DEFESA,13.5,5
2025-12-04 23:00:00,134,6855.15,6816.89195,1.7508,204.4444,HIT/DEFESA,13.5,5
2025-12-05 01:00:00,34,6854.45,6849.45658,13.952,255.0,HIT/DEFESA,16.0,5
2025-12-05 01:00:00,134,6854.45,6817.44837,13.952,255.0,HIT/DEFESA,16.0,5
2025-12-05 02:00:00,34,6861.45,6850.14192,7.0005,170.5405,HIT/DEFESA,11.0,5
2025-12-05 02:00:00,134,6861.45,6818.10024,7.0005,170.5405,HIT/DEFESA,11.0,5
2025-12-05 03:00:00,34,6865.95,6851.04524,15.7546,194.8837,HIT/DEFESA,5.2,5
2025-12-05 03:00:00,134,6865.95,6818.80913,15.7546,194.8837,HIT/DEFESA,5.2,5
2025-12-05 04:00:00,34,6866.7,6851.93979,17.8716,622.8571,HIT/DEFESA,5.75,5
2025-12-05 04:00:00,134,6866.7,6819.51862,17.8716,622.8571,HIT/DEFESA,5.75,5
2025-12-05 05:00:00,34,6868.65,6852.89466,10.4934,300.5405,HIT/DEFESA,0.55,5
2025-12-05 05:00:00,134,6868.65,6820.24649,10.4934,300.5405,HIT/DEFESA,0.55,5
2025-12-05 10:00:00,34,6869.2,6857.53675,-4.729,459.403,HIT/DEFESA,-14.75,5
2025-12-05 10:00:00,134,6869.2,6823.90578,-4.729,459.403,HIT/DEFESA,-14.75,5
2025-12-05 13:00:00,34,6870.65,6859.44783,2.1109,313.4783,HIT/DEFESA,1.05,5
2025-12-05 13:00:00,134,6870.65,6825.89461,2.1109,313.4783,HIT/DEFESA,1.05,5
2025-12-05 14:00:00,34,6869.9,6860.0451,1.0918,1867.2727,HIT/DEFESA,4.35,5
2025-12-05 14:00:00,134,6869.9,6826.54655,1.0918,1867.2727,HIT/DEFESA,4.35,5
2025-12-05 19:00:00,34,6874.25,6863.12757,-8.5028,816.2667,HIT/DEFESA,-1.85,5
2025-12-05 19:00:00,134,6874.25,6829.80669,-8.5028,816.2667,HIT/DEFESA,-1.85,5
2025-12-05 20:00:00,34,6873.45,6863.71743,-7.2691,2165.0,HIT/DEFESA,-1.05,5
2025-12-05 20:00:00,134,6873.45,6830.45326,-7.2691,2165.0,HIT/DEFESA,-1.05,5
2025-12-05 21:00:00,34,6874.25,6864.31929,3.7109,4730.0,HIT/DEFESA,0.7,5
2025-12-05 21:00:00,134,6874.25,6831.1021,3.7109,4730.0,HIT/DEFESA,0.7,5
2025-12-08 02:00:00,34,6872.4,6865.70319,7.2079,6550.0,HIT/DEFESA,9.25,5
2025-12-08 02:00:00,134,6872.4,6833.40456,7.2079,6550.0,HIT/DEFESA,9.25,5
2025-12-08 03:00:00,34,6874.95,6866.23158,5.8216,303.2727,HIT/DEFESA,4.7,5
2025-12-08 03:00:00,134,6874.95,6834.02005,5.8216,303.2727,HIT/DEFESA,4.7,5
2025-12-08 04:00:00,34,6879.05,6866.96406,9.6764,122.0513,HIT/DEFESA,3.15,5
2025-12-08 04:00:00,134,6879.05,6834.68716,9.6764,122.0513,HIT/DEFESA,3.15,5
2025-12-08 08:00:00,34,6879.65,6869.89844,-0.7267,138.6957,HIT/DEFESA,-5.45,5
2025-12-08 08:00:00,134,6879.65,6837.36953,-0.7267,138.6957,HIT/DEFESA,-5.45,5
2025-12-08 09:00:00,34,6882.2,6870.60138,-0.3632,262.9091,HIT/DEFESA,-2.9,5
2025-12-08 09:00:00,134,6882.2,6838.03368,-0.3632,262.9091,HIT/DEFESA,-2.9,5
2025-12-08 11:00:00,34,6876.2,6871.20678,-5.0148,9450000.0,HIT/DEFESA,-10.8,5
2025-12-08 11:00:00,134,6876.2,6839.15178,-5.0148,9450000.0,HIT/DEFESA,-10.8,5
2025-12-08 12:00:00,34,6878.7,6871.63497,-5.0856,291.4286,HIT/DEFESA,-30.1,5
2025-12-08 12:00:00,134,6878.7,6839.73768,-5.0856,291.4286,HIT/DEFESA,-30.1,5
2025-12-08 13:00:00,34,6874.2,6871.78154,-2.4724,183.8095,HIT/DEFESA,-28.55,5
2025-12-08 13:00:00,134,6874.2,6840.24824,-2.4724,183.8095,HIT/DEFESA,-28.55,5
2025-12-08 16:00:00,34,6865.4,6872.24968,-12.8015,256.0133,HIT/DEFESA,-30.65,5
2025-12-08 16:00:00,134,6865.4,6841.76476,-12.8015,256.0133,HIT/DEFESA,-30.65,5
2025-12-08 17:00:00,34,6848.6,6870.89827,-44.6266,248.538,HIT/DEFESA,-0.1,5
2025-12-08 17:00:00,134,6848.6,6841.86603,-44.6266,248.538,HIT/DEFESA,-0.1,5
2025-12-09 06:00:00,34,6853.85,6861.24367,-0.8024,239.3333,HIT/DEFESA,-3.75,5
2025-12-09 06:00:00,134,6853.85,6843.38442,-0.8024,239.3333,HIT/DEFESA,-3.75,5
2025-12-09 08:00:00,34,6854.85,6860.30756,-1.0211,155.0,HIT/DEFESA,-0.75,5
2025-12-09 08:00:00,134,6854.85,6843.66032,-1.0211,155.0,HIT/DEFESA,-0.75,5
2025-12-09 14:00:00,34,6851.6,6858.33689,2.1897,408.2143,HIT/DEFESA,2.15,5
2025-12-09 14:00:00,134,6851.6,6844.52789,2.1897,408.2143,HIT/DEFESA,2.15,5
2025-12-09 19:00:00,34,6853.75,6857.28978,-2.6985,269.0411,HIT/DEFESA,-14.0,5
2025-12-09 19:00:00,134,6853.75,6845.20963,-2.6985,269.0411,HIT/DEFESA,-14.0,5
2025-12-09 20:00:00,34,6851.55,6856.96179,-7.1466,845.0,HIT/DEFESA,-14.75,5
2025-12-09 20:00:00,134,6851.55,6845.30356,-7.1466,845.0,HIT/DEFESA,-14.75,5
2025-12-09 21:00:00,34,6847.25,6856.40683,-19.6771,361.75,HIT/DEFESA,-10.2,5
2025-12-09 21:00:00,134,6847.25,6845.33239,-19.6771,361.75,HIT/DEFESA,-10.2,5
2025-12-09 22:00:00,34,6841.7,6855.56644,-17.5816,292.3364,HIT/DEFESA,-1.15,5
2025-12-09 22:00:00,134,6841.7,6845.27858,-17.5816,292.3364,HIT/DEFESA,-1.15,5
2025-12-10 04:00:00,34,6840.55,6851.28562,1.1696,106.3636,HIT/DEFESA,8.0,5
2025-12-10 04:00:00,134,6840.55,6844.81104,1.1696,106.3636,HIT/DEFESA,8.0,5
2025-12-10 05:00:00,34,6840.25,6850.65501,5.0462,660.0,HIT/DEFESA,7.55,5
2025-12-10 05:00:00,134,6840.25,6844.74347,5.0462,660.0,HIT/DEFESA,7.55,5
2025-12-10 06:00:00,34,6844.75,6850.31758,11.2622,80.7143,HIT/DEFESA,0.75,5
2025-12-10 06:00:00,134,6844.75,6844.74356,11.2622,80.7143,HIT/DEFESA,0.75,5
2025-12-10 12:00:00,34,6834.0,6848.27553,-21.2454,202.8319,HIT/DEFESA,-0.8,5
2025-12-10 12:00:00,134,6834.0,6844.64537,-21.2454,202.8319,HIT/DEFESA,-0.8,5
2025-12-10 16:00:00,34,6842.05,6846.38779,5.4838,1761.3333,HIT/DEFESA,47.9,5
2025-12-10 16:00:00,134,6842.05,6844.32923,5.4838,1761.3333,HIT/DEFESA,47.9,5
2025-12-10 18:00:00,34,6846.95,6845.70939,10.1608,193.0855,HIT/DEFESA,40.4,5
2025-12-10 18:00:00,134,6846.95,6844.20562,10.1608,193.0855,HIT/DEFESA,40.4,5
2025-12-10 19:00:00,34,6849.5,6845.92599,10.8885,615.6364,HIT/DEFESA,27.35,5
2025-12-10 19:00:00,134,6849.5,6844.28405,10.8885,615.6364,HIT/DEFESA,27.35,5
2025-12-10 20:00:00,34,6839.55,6845.56165,9.2929,243.8342,HIT/DEFESA,29.05,5
2025-12-10 20:00:00,134,6839.55,6844.21392,9.2929,243.8342,HIT/DEFESA,29.05,5
2025-12-11 01:00:00,34,6876.85,6853.80412,-19.0132,178.5294,HIT/DEFESA,-45.75,5
2025-12-11 01:00:00,134,6876.85,6846.58222,-19.0132,178.5294,HIT/DEFESA,-45.75,5
2025-12-11 02:00:00,34,6868.6,6854.6496,-25.9205,174.4872,HIT/DEFESA,-38.7,5
2025-12-11 02:00:00,134,6868.6,6846.90841,-25.9205,174.4872,HIT/DEFESA,-38.7,5
2025-12-11 03:00:00,34,6863.6,6855.16105,-34.4835,234.375,HIT/DEFESA,-32.2,5
2025-12-11 03:00:00,134,6863.6,6847.15569,-34.4835,234.375,HIT/DEFESA,-32.2,5
2025-12-11 04:00:00,34,6845.35,6854.60042,-45.8059,127.4238,HIT/DEFESA,-9.7,5
2025-12-11 04:00:00,134,6845.35,6847.12894,-45.8059,127.4238,HIT/DEFESA,-9.7,5
2025-12-11 08:00:00,34,6831.4,6849.51914,3.6609,1336.1538,HIT/DEFESA,25.2,5
2025-12-11 08:00:00,134,6831.4,6846.15574,3.6609,1336.1538,HIT/DEFESA,25.2,5
2025-12-11 09:00:00,34,6835.65,6848.72662,6.6607,401.9753,HIT/DEFESA,32.45,5
2025-12-11 09:00:00,134,6835.65,6846.0001,6.6607,401.9753,HIT/DEFESA,32.45,5
2025-12-11 10:00:00,34,6835.85,6847.99081,8.7117,7532.0,HIT/DEFESA,22.55,5
2025-12-11 10:00:00,134,6835.85,6845.84973,8.7117,7532.0,HIT/DEFESA,22.55,5
2025-12-11 12:00:00,34,6846.6,6847.9711,16.019,640.7143,HIT/DEFESA,21.55,5
2025-12-11 12:00:00,134,6846.6,6845.90829,16.019,640.7143,HIT/DEFESA,21.55,5
2025-12-11 13:00:00,34,6856.6,6848.46418,30.3547,138.1053,HIT/DEFESA,9.25,5
2025-12-11 13:00:00,134,6856.6,6846.06668,30.3547,138.1053,HIT/DEFESA,9.25,5
2025-12-11 14:00:00,34,6868.1,6849.58622,27.7409,159.5,HIT/DEFESA,16.0,5
2025-12-11 14:00:00,134,6868.1,6846.3931,27.7409,159.5,HIT/DEFESA,16.0,5
2025-12-11 15:00:00,34,6858.4,6850.08987,17.2348,216.6316,HIT/DEFESA,32.25,5
2025-12-11 15:00:00,134,6858.4,6846.57098,17.2348,216.6316,HIT/DEFESA,32.25,5
2025-12-11 17:00:00,34,6868.15,6850.39777,0.0728,206.3836,HIT/DEFESA,34.35,5
2025-12-11 17:00:00,134,6868.15,6846.74587,0.0728,206.3836,HIT/DEFESA,34.35,5
2025-12-11 18:00:00,34,6865.85,6851.28075,10.8626,2056.8,HIT/DEFESA,53.25,5
2025-12-11 18:00:00,134,6865.85,6847.02889,10.8626,2056.8,HIT/DEFESA,53.25,5
2025-12-11 19:00:00,34,6884.1,6853.15614,69.4053,177.6253,HIT/DEFESA,16.2,5
2025-12-11 19:00:00,134,6884.1,6847.5781,69.4053,177.6253,HIT/DEFESA,16.2,5
2025-12-11 20:00:00,34,6890.65,6855.29864,32.7599,417.6296,HIT/DEFESA,6.15,5
2025-12-11 20:00:00,134,6890.65,6848.2162,32.7599,417.6296,HIT/DEFESA,6.15,5
2025-12-11 21:00:00,34,6899.45,6857.82158,48.9379,213.908,HIT/DEFESA,3.05,5
2025-12-11 21:00:00,134,6899.45,6848.97522,48.9379,213.908,HIT/DEFESA,3.05,5
2025-12-11 22:00:00,34,6902.5,6860.37463,26.7283,736.0,HIT/DEFESA,3.05,5
2025-12-11 22:00:00,134,6902.5,6849.76818,26.7283,736.0,HIT/DEFESA,3.05,5
2025-12-12 01:00:00,34,6900.3,6865.82006,1.232,240.458,HIT/DEFESA,0.25,5
2025-12-12 01:00:00,134,6900.3,6851.52872,1.232,240.458,HIT/DEFESA,0.25,5
2025-12-12 05:00:00,34,6902.35,6873.39515,8.0472,213.3333,HIT/DEFESA,3.15,5
2025-12-12 05:00:00,134,6902.35,6854.44432,8.0472,213.3333,HIT/DEFESA,3.15,5
2025-12-12 06:00:00,34,6900.55,6874.94686,-2.8251,272.3529,HIT/DEFESA,-7.75,5
2025-12-12 06:00:00,134,6900.55,6855.12737,-2.8251,272.3529,HIT/DEFESA,-7.75,5
2025-12-12 10:00:00,34,6905.5,6881.10082,-2.1717,465.0,HIT/DEFESA,-1.7,5
2025-12-12 10:00:00,134,6905.5,6857.97864,-2.1717,465.0,HIT/DEFESA,-1.7,5
2025-12-12 11:00:00,34,6892.8,6881.76934,-15.5717,201.44,HIT/DEFESA,-7.75,5
2025-12-12 11:00:00,134,6892.8,6858.49451,-15.5717,201.44,HIT/DEFESA,-7.75,5
2025-12-12 12:00:00,34,6894.0,6882.46824,-10.5777,1049.3333,HIT/DEFESA,-67.25,5
2025-12-12 12:00:00,134,6894.0,6859.02052,-10.5777,1049.3333,HIT/DEFESA,-67.25,5
2025-12-12 13:00:00,34,6888.8,6882.83005,-24.1836,326.0,HIT/DEFESA,-72.85,5
2025-12-12 13:00:00,134,6888.8,6859.4617,-24.1836,326.0,HIT/DEFESA,-72.85,5
2025-12-12 14:00:00,34,6892.75,6883.39691,-0.0725,435.5294,HIT/DEFESA,-56.05,5
2025-12-12 14:00:00,134,6892.75,6859.95486,-0.0725,435.5294,HIT/DEFESA,-56.05,5
2025-12-12 16:00:00,34,6885.05,6884.59064,-5.4436,209.9736,HIT/DEFESA,-55.15,5
2025-12-12 16:00:00,134,6885.05,6860.96657,-5.4436,209.9736,HIT/DEFESA,-55.15,5
2025-12-12 19:00:00,34,6836.7,6875.2176,-70.2246,216.1882,HIT/DEFESA,-7.6,5
2025-12-12 19:00:00,134,6836.7,6859.45803,-70.2246,216.1882,HIT/DEFESA,-7.6,5
2025-12-12 20:00:00,34,6835.4,6872.94231,12.6707,2665.3333,HIT/DEFESA,3.2,5
2025-12-12 20:00:00,134,6835.4,6859.10162,12.6707,2665.3333,HIT/DEFESA,3.2,5
2025-12-12 21:00:00,34,6829.9,6870.48275,20.4667,587.4138,HIT/DEFESA,13.7,5
2025-12-12 21:00:00,134,6829.9,6858.669,20.4667,587.4138,HIT/DEFESA,13.7,5
2025-12-15 02:00:00,34,6838.6,6862.35594,14.571,202.5773,HIT/DEFESA,8.05,5
2025-12-15 02:00:00,134,6838.6,6857.09831,14.571,202.5773,HIT/DEFESA,8.05,5
2025-12-15 03:00:00,34,6843.6,6861.28417,20.3523,413.5417,HIT/DEFESA,2.25,5
2025-12-15 03:00:00,134,6843.6,6856.89834,20.3523,413.5417,HIT/DEFESA,2.25,5
2025-12-15 05:00:00,34,6842.35,6859.18479,5.4836,3288.0,HIT/DEFESA,8.25,5
2025-12-15 05:00:00,134,6842.35,6856.4712,5.4836,3288.0,HIT/DEFESA,8.25,5
2025-12-15 06:00:00,34,6846.1,6858.43708,3.653,193.4177,HIT/DEFESA,11.8,5
2025-12-15 06:00:00,134,6846.1,6856.31755,3.653,193.4177,HIT/DEFESA,11.8,5
2025-12-15 07:00:00,34,6846.65,6857.76354,6.2113,1136.0,HIT/DEFESA,13.85,5
2025-12-15 07:00:00,134,6846.65,6856.17433,6.2113,1136.0,HIT/DEFESA,13.85,5
2025-12-15 08:00:00,34,6845.85,6857.08276,5.1152,1994.0,HIT/DEFESA,15.3,5
2025-12-15 08:00:00,134,6845.85,6856.02138,5.1152,1994.0,HIT/DEFESA,15.3,5
2025-12-15 10:00:00,34,6850.6,6855.89431,5.7692,308.5556,HIT/DEFESA,13.3,5
2025-12-15 10:00:00,134,6850.6,6855.73495,5.7692,308.5556,HIT/DEFESA,13.3,5
2025-12-15 16:00:00,34,6834.35,6855.87869,-39.0605,177.265,HIT/DEFESA,-7.75,5
2025-12-15 16:00:00,134,6834.35,6855.78025,-39.0605,177.265,HIT/DEFESA,-7.75,5
2025-12-15 17:00:00,34,6821.15,6853.89419,-57.5023,656.4122,HIT/DEFESA,-2.5,5
2025-12-15 17:00:00,134,6821.15,6855.26721,-57.5023,656.4122,HIT/DEFESA,-2.5,5
2025-12-15 19:00:00,34,6814.85,6849.73729,-28.5323,1629.4286,HIT/DEFESA,-1.85,5
2025-12-15 19:00:00,134,6814.85,6854.12669,-28.5323,1629.4286,HIT/DEFESA,-1.85,5
2025-12-15 20:00:00,34,6819.9,6848.0323,-1.8325,911.619,HIT/DEFESA,-15.7,5
2025-12-15 20:00:00,134,6819.9,6853.61963,-1.8325,911.619,HIT/DEFESA,-15.7,5
2025-12-15 23:00:00,34,6819.65,6843.73867,-0.3666,569.4444,HIT/DEFESA,-31.25,5
2025-12-15 23:00:00,134,6819.65,6852.21747,-0.3666,569.4444,HIT/DEFESA,-31.25,5
2025-12-16 01:00:00,34,6813.0,6841.98218,-19.9221,180.7407,HIT/DEFESA,-23.8,5
2025-12-16 01:00:00,134,6813.0,6851.63647,-19.9221,180.7407,HIT/DEFESA,-23.8,5
2025-12-16 02:00:00,34,6804.2,6839.8232,-21.1919,453.6782,HIT/DEFESA,-27.2,5
2025-12-16 02:00:00,134,6804.2,6850.9337,-21.1919,453.6782,HIT/DEFESA,-27.2,5
2025-12-16 03:00:00,34,6784.75,6836.67616,-51.1756,289.6183,HIT/DEFESA,-3.85,5
2025-12-16 03:00:00,134,6784.75,6849.9532,-51.1756,289.6183,HIT/DEFESA,-3.85,5
2025-12-16 04:00:00,34,6784.65,6833.70323,-41.6116,8218.0,HIT/DEFESA,-4.6,5
2025-12-16 04:00:00,134,6784.65,6848.98575,-41.6116,8218.0,HIT/DEFESA,-4.6,5
2025-12-16 10:00:00,34,6795.0,6819.26404,26.5604,246.33,HIT/DEFESA,11.45,5
2025-12-16 10:00:00,134,6795.0,6843.51365,26.5604,246.33,HIT/DEFESA,11.45,5
2025-12-16 11:00:00,34,6788.65,6817.51466,11.4292,471.8261,HIT/DEFESA,27.8,5
2025-12-16 11:00:00,134,6788.65,6842.70085,11.4292,471.8261,HIT/DEFESA,27.8,5
2025-12-16 17:00:00,34,6798.95,6814.68964,-20.1829,686.9519,HIT/DEFESA,-1.9,5
2025-12-16 17:00:00,134,6798.95,6839.73382,-20.1829,686.9519,HIT/DEFESA,-1.9,5
2025-12-16 18:00:00,34,6791.55,6813.36738,-21.891,1360.6849,HIT/DEFESA,-0.75,5
2025-12-16 18:00:00,134,6791.55,6839.01999,-21.891,1360.6849,HIT/DEFESA,-0.75,5
2025-12-16 20:00:00,34,6787.05,6809.23337,-17.5027,345.1724,HIT/DEFESA,-1.1,5
2025-12-16 20:00:00,134,6787.05,6837.16315,-17.5027,345.1724,HIT/DEFESA,-1.1,5
2025-12-16 22:00:00,34,6797.05,6807.3824,48.0446,775.082,HIT/DEFESA,0.45,5
2025-12-16 22:00:00,134,6797.05,6835.84841,48.0446,775.082,HIT/DEFESA,0.45,5
2025-12-16 23:00:00,34,6790.8,6806.43483,5.5252,293.8931,HIT/DEFESA,3.4,5
2025-12-16 23:00:00,134,6790.8,6835.18103,5.5252,293.8931,HIT/DEFESA,3.4,5
2025-12-17 01:00:00,34,6788.0,6805.38141,0.2946,382.268,HIT/DEFESA,1.2,5
2025-12-17 01:00:00,134,6788.0,6834.48205,0.2946,382.268,HIT/DEFESA,1.2,5
2025-12-17 03:00:00,34,6797.95,6803.90984,10.529,314.8718,HIT/DEFESA,4.25,5
2025-12-17 03:00:00,134,6797.95,6833.23249,10.529,314.8718,HIT/DEFESA,4.25,5
2025-12-17 04:00:00,34,6797.5,6803.54357,13.9953,6871.4286,HIT/DEFESA,7.6,5
2025-12-17 04:00:00,134,6797.5,6832.70312,13.9953,6871.4286,HIT/DEFESA,7.6,5
2025-12-17 05:00:00,34,6794.2,6803.00965,12.1575,484.375,HIT/DEFESA,13.0,5
2025-12-17 05:00:00,134,6794.2,6832.1327,12.1575,484.375,HIT/DEFESA,13.0,5
2025-12-17 08:00:00,34,6802.2,6801.85727,11.7747,222.5714,HIT/DEFESA,21.5,5
2025-12-17 08:00:00,134,6802.2,6830.53726,11.7747,222.5714,HIT/DEFESA,21.5,5
2025-12-17 09:00:00,34,6805.1,6802.04257,23.4195,697.037,HIT/DEFESA,16.1,5
2025-12-17 09:00:00,134,6805.1,6830.16041,23.4195,697.037,HIT/DEFESA,16.1,5
2025-12-17 10:00:00,34,6807.2,6802.33728,17.2173,1589.0909,HIT/DEFESA,9.05,5
2025-12-17 10:00:00,134,6807.2,6829.82025,17.2173,1589.0909,HIT/DEFESA,9.05,5
2025-12-17 15:00:00,34,6816.25,6806.97194,-10.1858,624.5872,HIT/DEFESA,-83.4,5
2025-12-17 15:00:00,134,6816.25,6829.15641,-10.1858,624.5872,HIT/DEFESA,-83.4,5
2025-12-17 16:00:00,34,6800.75,6806.6164,-33.6328,358.7261,HIT/DEFESA,-61.15,5
2025-12-17 16:00:00,134,6800.75,6828.73558,-33.6328,358.7261,HIT/DEFESA,-61.15,5
2025-12-17 17:00:00,34,6752.25,6803.50975,-101.0819,141.9543,HIT/DEFESA,-29.6,5
2025-12-17 17:00:00,134,6752.25,6827.60246,-101.0819,141.9543,HIT/DEFESA,-29.6,5
2025-12-17 18:00:00,34,6749.25,6800.40919,-98.2945,2422.963,HIT/DEFESA,-14.15,5
2025-12-17 18:00:00,134,6749.25,6826.44168,-98.2945,2422.963,HIT/DEFESA,-14.15,5
2025-12-17 19:00:00,34,6745.65,6797.28009,-81.0205,1750.6452,HIT/DEFESA,-17.5,5
2025-12-17 19:00:00,134,6745.65,6825.24477,-81.0205,1750.6452,HIT/DEFESA,-17.5,5
2025-12-17 21:00:00,34,6739.6,6790.51275,-14.2979,557.1223,HIT/DEFESA,-9.25,5
2025-12-17 21:00:00,134,6739.6,6822.62742,-14.2979,557.1223,HIT/DEFESA,-9.25,5
2025-12-18 04:00:00,34,6731.1,6772.82483,4.3846,2936.8421,HIT/DEFESA,8.2,5
2025-12-18 04:00:00,134,6731.1,6814.77177,4.3846,2936.8421,HIT/DEFESA,8.2,5
2025-12-18 06:00:00,34,6734.4,6768.10093,6.0175,164.3373,HIT/DEFESA,18.7,5
2025-12-18 06:00:00,134,6734.4,6812.28397,6.0175,164.3373,HIT/DEFESA,18.7,5
2025-12-18 07:00:00,34,6731.6,6766.01516,0.7428,649.5833,HIT/DEFESA,19.3,5
2025-12-18 07:00:00,134,6731.6,6811.08865,0.7428,649.5833,HIT/DEFESA,19.3,5
2025-12-18 08:00:00,34,6731.6,6764.04858,8.4747,7350.0,HIT/DEFESA,24.95,5
2025-12-18 08:00:00,134,6731.6,6809.91104,8.4747,7350.0,HIT/DEFESA,24.95,5
2025-12-18 09:00:00,34,6739.3,6762.63438,7.2761,251.7568,HIT/DEFESA,11.6,5
2025-12-18 09:00:00,134,6739.3,6808.86495,7.2761,251.7568,HIT/DEFESA,11.6,5
2025-12-18 10:00:00,34,6744.15,6761.57813,18.6434,585.0526,HIT/DEFESA,31.0,5
2025-12-18 10:00:00,134,6744.15,6807.90621,18.6434,585.0526,HIT/DEFESA,31.0,5
2025-12-18 11:00:00,34,6753.1,6761.09366,31.9389,198.3784,HIT/DEFESA,37.25,5
2025-12-18 11:00:00,134,6753.1,6807.09427,31.9389,198.3784,HIT/DEFESA,37.25,5
2025-12-18 12:00:00,34,6750.9,6760.51117,17.2125,416.0,HIT/DEFESA,58.85,5
2025-12-18 12:00:00,134,6750.9,6806.26176,17.2125,416.0,HIT/DEFESA,58.85,5
2025-12-18 13:00:00,34,6756.55,6760.28481,18.3863,183.4234,HIT/DEFESA,48.25,5
2025-12-18 13:00:00,134,6756.55,6805.52529,18.3863,183.4234,HIT/DEFESA,48.25,5
2025-12-18 15:00:00,34,6775.15,6760.62862,35.9211,178.0457,HIT/DEFESA,15.6,5
2025-12-18 15:00:00,134,6775.15,6804.27801,35.9211,178.0457,HIT/DEFESA,15.6,5
2025-12-18 20:00:00,34,6790.75,6769.98152,-27.9012,2622.0,HIT/DEFESA,-16.25,5
2025-12-18 20:00:00,134,6790.75,6803.78976,-27.9012,2622.0,HIT/DEFESA,-16.25,5
2025-12-18 22:00:00,34,6775.05,6770.04855,-25.0293,424.0426,HIT/DEFESA,-3.05,5
2025-12-18 22:00:00,134,6775.05,6802.81024,-25.0293,424.0426,HIT/DEFESA,-3.05,5
2025-12-19 01:00:00,34,6775.8,6770.28569,14.7062,387.8261,HIT/DEFESA,4.2,5
2025-12-19 01:00:00,134,6775.8,6801.90713,14.7062,387.8261,HIT/DEFESA,4.2,5
2025-12-19 02:00:00,34,6774.5,6770.52651,-0.8118,1175.0,HIT/DEFESA,-0.7,5
2025-12-19 02:00:00,134,6774.5,6801.5011,-0.8118,1175.0,HIT/DEFESA,-0.7,5
2025-12-19 05:00:00,34,6780.5,6771.4818,8.8567,318.1609,HIT/DEFESA,13.8,5
2025-12-19 05:00:00,134,6780.5,6800.40062,8.8567,318.1609,HIT/DEFESA,13.8,5
2025-12-19 06:00:00,34,6780.0,6771.96855,5.0911,1967.1429,HIT/DEFESA,19.0,5
2025-12-19 06:00:00,134,6780.0,6800.09839,5.0911,1967.1429,HIT/DEFESA,19.0,5
2025-12-19 07:00:00,34,6773.8,6772.0732,2.658,181.6667,HIT/DEFESA,19.2,5
2025-12-19 07:00:00,134,6773.8,6799.70878,2.658,181.6667,HIT/DEFESA,19.2,5
2025-12-19 11:00:00,34,6799.0,6775.58042,37.7949,454.8,HIT/DEFESA,27.55,5
2025-12-19 11:00:00,134,6799.0,6799.04953,37.7949,454.8,HIT/DEFESA,27.55,5
2025-12-19 12:00:00,34,6793.0,6776.57582,10.3154,288.0952,HIT/DEFESA,25.25,5
2025-12-19 12:00:00,134,6793.0,6798.95991,10.3154,288.0952,HIT/DEFESA,25.25,5
2025-12-19 16:00:00,34,6826.55,6780.27351,56.1988,114.3729,HIT/DEFESA,8.6,5
2025-12-19 16:00:00,134,6826.55,6798.64497,56.1988,114.3729,HIT/DEFESA,8.6,5
2025-12-19 17:00:00,34,6818.25,6782.4436,61.9812,604.7619,HIT/DEFESA,14.5,5
2025-12-19 17:00:00,134,6818.25,6798.93542,61.9812,604.7619,HIT/DEFESA,14.5,5
2025-12-19 18:00:00,34,6825.8,6784.9211,64.5827,465.931,HIT/DEFESA,13.15,5
2025-12-19 18:00:00,134,6825.8,6799.33341,64.5827,465.931,HIT/DEFESA,13.15,5
2025-12-19 19:00:00,34,6835.25,6787.79704,12.7444,223.0769,HIT/DEFESA,16.85,5
2025-12-19 19:00:00,134,6835.25,6799.86551,12.7444,223.0769,HIT/DEFESA,16.85,5
2025-12-19 20:00:00,34,6831.45,6790.2915,19.3598,482.4242,HIT/DEFESA,15.2,5
2025-12-19 20:00:00,134,6831.45,6800.33343,19.3598,482.4242,HIT/DEFESA,15.2,5
2025-12-19 21:00:00,34,6835.15,6792.85484,13.698,315.75,HIT/DEFESA,17.5,5
2025-12-19 21:00:00,134,6835.15,6800.84923,13.698,315.75,HIT/DEFESA,17.5,5
2025-12-19 23:00:00,34,6838.95,6797.6383,10.9786,94.8333,HIT/DEFESA,11.5,5
2025-12-19 23:00:00,134,6838.95,6801.87929,10.9786,94.8333,HIT/DEFESA,11.5,5
2025-12-22 02:00:00,34,6846.65,6803.37323,20.3432,225.2252,HIT/DEFESA,2.3,5
2025-12-22 02:00:00,134,6846.65,6803.27554,20.3432,225.2252,HIT/DEFESA,2.3,5
2025-12-22 04:00:00,34,6853.95,6808.91825,2.6999,539.0909,HIT/DEFESA,2.2,5
2025-12-22 04:00:00,134,6853.95,6804.74691,2.6999,539.0909,HIT/DEFESA,2.2,5
2025-12-22 05:00:00,34,6850.45,6811.29149,5.5502,152.0588,HIT/DEFESA,1.25,5
2025-12-22 05:00:00,134,6850.45,6805.424,5.5502,152.0588,HIT/DEFESA,1.25,5
2025-12-22 08:00:00,34,6852.45,6817.64632,2.9195,105.2941,HIT/DEFESA,4.1,5
2025-12-22 08:00:00,134,6852.45,6807.39907,2.9195,105.2941,HIT/DEFESA,4.1,5
2025-12-22 09:00:00,34,6856.15,6819.84653,8.7589,182.7778,HIT/DEFESA,4.3,5
2025-12-22 09:00:00,134,6856.15,6808.12131,8.7589,182.7778,HIT/DEFESA,4.3,5
2025-12-22 10:00:00,34,6851.7,6821.66673,4.0152,268.6316,HIT/DEFESA,13.2,5
2025-12-22 10:00:00,134,6851.7,6808.76692,4.0152,268.6316,HIT/DEFESA,13.2,5
2025-12-22 11:00:00,34,6856.45,6823.65434,5.8373,194.4554,HIT/DEFESA,11.45,5
2025-12-22 11:00:00,134,6856.45,6809.47334,5.8373,194.4554,HIT/DEFESA,11.45,5
2025-12-22 12:00:00,34,6856.65,6825.53981,0.7293,1174.0,HIT/DEFESA,7.8,5
2025-12-22 12:00:00,134,6856.65,6810.17225,0.7293,1174.0,HIT/DEFESA,7.8,5
2025-12-22 13:00:00,34,6856.55,6827.31182,7.0785,2130.0,HIT/DEFESA,21.4,5
2025-12-22 13:00:00,134,6856.55,6810.85933,7.0785,2130.0,HIT/DEFESA,21.4,5
2025-12-22 14:00:00,34,6860.45,6829.20543,5.8339,215.7895,HIT/DEFESA,20.4,5
2025-12-22 14:00:00,134,6860.45,6811.594,5.8339,215.7895,HIT/DEFESA,20.4,5
2025-12-22 15:00:00,34,6864.9,6831.24512,12.0321,161.6471,HIT/DEFESA,8.45,5
2025-12-22 15:00:00,134,6864.9,6812.38372,12.0321,161.6471,HIT/DEFESA,8.45,5
2025-12-22 16:00:00,34,6867.9,6833.33968,16.5535,1243.0508,HIT/DEFESA,8.25,5
2025-12-22 16:00:00,134,6867.9,6813.20619,16.5535,1243.0508,HIT/DEFESA,8.25,5
2025-12-22 17:00:00,34,6864.45,6835.11742,5.8305,982.5316,HIT/DEFESA,11.45,5
2025-12-22 17:00:00,134,6864.45,6813.96535,5.8305,982.5316,HIT/DEFESA,11.45,5
2025-12-22 20:00:00,34,6873.35,6841.94194,12.9654,141.7808,HIT/DEFESA,5.9,5
2025-12-22 20:00:00,134,6873.35,6816.74137,12.9654,141.7808,HIT/DEFESA,5.9,5
2025-12-22 23:00:00,34,6876.35,6847.47542,4.3647,348.0,HIT/DEFESA,0.9,5
2025-12-22 23:00:00,134,6876.35,6819.34215,4.3647,348.0,HIT/DEFESA,0.9,5
2025-12-23 05:00:00,34,6877.25,6855.36329,-2.9073,166.6667,HIT/DEFESA,-1.05,5
2025-12-23 05:00:00,134,6877.25,6823.59115,-2.9073,166.6667,HIT/DEFESA,-1.05,5
2025-12-23 12:00:00,34,6879.75,6862.21317,10.9135,175.9375,HIT/DEFESA,12.5,5
2025-12-23 12:00:00,134,6879.75,6828.72662,10.9135,175.9375,HIT/DEFESA,12.5,5
2025-12-23 13:00:00,34,6877.25,6863.07242,1.527,239.5455,HIT/DEFESA,20.8,5
2025-12-23 13:00:00,134,6877.25,6829.44549,1.527,239.5455,HIT/DEFESA,20.8,5
2025-12-23 16:00:00,34,6881.8,6864.7311,6.616,187.6486,HIT/DEFESA,25.75,5
2025-12-23 16:00:00,134,6881.8,6831.36223,6.616,187.6486,HIT/DEFESA,25.75,5
2025-12-23 17:00:00,34,6892.25,6866.30361,25.0909,297.277,HIT/DEFESA,14.85,5
2025-12-23 17:00:00,134,6892.25,6832.26427,25.0909,297.277,HIT/DEFESA,14.85,5
2025-12-23 18:00:00,34,6898.05,6868.11769,51.4371,185.5,HIT/DEFESA,6.7,5
2025-12-23 18:00:00,134,6898.05,6833.23888,51.4371,185.5,HIT/DEFESA,6.7,5
2025-12-23 19:00:00,34,6898.75,6869.86811,24.6302,716.0,HIT/DEFESA,6.2,5
2025-12-23 19:00:00,134,6898.75,6834.20941,24.6302,716.0,HIT/DEFESA,6.2,5
2025-12-23 20:00:00,34,6904.25,6871.83279,17.4109,115.0,HIT/DEFESA,1.5,5
2025-12-23 20:00:00,134,6904.25,6835.24705,17.4109,115.0,HIT/DEFESA,1.5,5
2025-12-24 01:00:00,34,6904.95,6879.00094,-3.764,6670.0,HIT/DEFESA,-2.8,5
2025-12-24 01:00:00,134,6904.95,6839.35154,-3.764,6670.0,HIT/DEFESA,-2.8,5
2025-12-24 02:00:00,34,6905.75,6880.52946,-1.9545,796.0,HIT/DEFESA,-3.1,5
2025-12-24 02:00:00,134,6905.75,6840.33522,-1.9545,796.0,HIT/DEFESA,-3.1,5
2025-12-24 03:00:00,34,6903.95,6881.86778,-1.1586,315.5,HIT/DEFESA,-0.8,5
2025-12-24 03:00:00,134,6903.95,6841.27766,-1.1586,315.5,HIT/DEFESA,-0.8,5
2025-12-24 04:00:00,34,6903.15,6883.0839,-2.6068,806.6667,HIT/DEFESA,-1.0,5
2025-12-24 04:00:00,134,6903.15,6842.19429,-2.6068,806.6667,HIT/DEFESA,-1.0,5
2025-12-24 05:00:00,34,6903.65,6884.25911,-3.0409,885.0,HIT/DEFESA,-0.4,5
2025-12-24 05:00:00,134,6903.65,6843.10474,-3.0409,885.0,HIT/DEFESA,-0.4,5
2025-12-24 10:00:00,34,6903.25,6888.95664,0.8692,441.25,HIT/DEFESA,6.9,5
2025-12-24 10:00:00,134,6903.25,6847.38854,0.8692,441.25,HIT/DEFESA,6.9,5
2025-12-24 11:00:00,34,6904.95,6889.87055,2.6075,172.2222,HIT/DEFESA,9.5,5
2025-12-24 11:00:00,134,6904.95,6848.2413,2.6075,172.2222,HIT/DEFESA,9.5,5
2025-12-24 12:00:00,34,6905.25,6890.74938,4.4914,541.6667,HIT/DEFESA,18.2,5
2025-12-24 12:00:00,134,6905.25,6849.08587,4.4914,541.6667,HIT/DEFESA,18.2,5
2025-12-24 13:00:00,34,6905.15,6891.57227,2.7523,3140000.0,HIT/DEFESA,27.3,5
2025-12-24 13:00:00,134,6905.15,6849.91645,2.7523,3140000.0,HIT/DEFESA,27.3,5
2025-12-24 14:00:00,34,6908.65,6892.54814,5.3585,103.8235,HIT/DEFESA,22.25,5
2025-12-24 14:00:00,134,6908.65,6850.78658,5.3585,103.8235,HIT/DEFESA,22.25,5
2025-12-24 15:00:00,34,6910.15,6893.55396,7.0961,273.5294,HIT/DEFESA,19.3,5
2025-12-24 15:00:00,134,6910.15,6851.66604,7.0961,273.5294,HIT/DEFESA,19.3,5
2025-12-24 16:00:00,34,6914.45,6894.74802,13.4682,376.9048,HIT/DEFESA,19.8,5
2025-12-24 16:00:00,134,6914.45,6852.59617,13.4682,376.9048,HIT/DEFESA,19.8,5
2025-12-24 17:00:00,34,6923.45,6896.38813,21.4224,116.6667,HIT/DEFESA,13.7,5
2025-12-24 17:00:00,134,6923.45,6853.64586,21.4224,116.6667,HIT/DEFESA,13.7,5
2025-12-24 19:00:00,34,6930.9,6900.30316,23.7908,578.2857,HIT/DEFESA,1.75,5
2025-12-24 19:00:00,134,6930.9,6855.94053,23.7908,578.2857,HIT/DEFESA,1.75,5
2025-12-24 20:00:00,34,6929.45,6901.9687,8.6662,232.8,HIT/DEFESA,1.3,5
2025-12-24 20:00:00,134,6929.45,6857.02956,8.6662,232.8,HIT/DEFESA,1.3,5
2025-12-26 04:00:00,34,6932.65,6908.67055,-2.3074,826.0,HIT/DEFESA,-5.5,5
2025-12-26 04:00:00,134,6932.65,6861.48933,-2.3074,826.0,HIT/DEFESA,-5.5,5
2025-12-26 05:00:00,34,6930.75,6909.93223,-9.2257,147.7273,HIT/DEFESA,-3.1,5
2025-12-26 05:00:00,134,6930.75,6862.51541,-9.2257,147.7273,HIT/DEFESA,-3.1,5
2025-12-26 06:00:00,34,6930.65,6911.1161,-1.8754,2490000.0,HIT/DEFESA,-1.0,5
2025-12-26 06:00:00,134,6930.65,6863.52481,-1.8754,2490000.0,HIT/DEFESA,-1.0,5
2025-12-26 08:00:00,34,6928.65,6913.10583,-3.03,358.8889,HIT/DEFESA,-0.8,5
2025-12-26 08:00:00,134,6928.65,6865.45183,-3.03,358.8889,HIT/DEFESA,-0.8,5
2025-12-26 11:00:00,34,6929.65,6915.54824,1.4433,174.8,HIT/DEFESA,5.25,5
2025-12-26 11:00:00,134,6929.65,6868.19788,1.4433,174.8,HIT/DEFESA,5.25,5
2025-12-26 12:00:00,34,6930.35,6916.39406,4.6195,706.6667,HIT/DEFESA,6.1,5
2025-12-26 12:00:00,134,6930.35,6869.11865,4.6195,706.6667,HIT/DEFESA,6.1,5
2025-12-26 13:00:00,34,6927.85,6917.04868,0.2887,149.2308,HIT/DEFESA,0.3,5
2025-12-26 13:00:00,134,6927.85,6869.98875,0.2887,149.2308,HIT/DEFESA,0.3,5
2025-12-29 03:00:00,34,6926.35,6924.41014,-3.3195,102.1053,HIT/DEFESA,-3.0,5
2025-12-29 03:00:00,134,6926.35,6880.73622,-3.3195,102.1053,HIT/DEFESA,-3.0,5
2025-12-29 04:00:00,34,6926.35,6924.52099,-7.2136,1726.6667,HIT/DEFESA,-5.5,5
2025-12-29 04:00:00,134,6926.35,6881.41198,-7.2136,1726.6667,HIT/DEFESA,-5.5,5
2025-12-29 05:00:00,34,6929.15,6924.7855,-10.0921,132.0,HIT/DEFESA,-18.3,5
2025-12-29 05:00:00,134,6929.15,6882.11921,-10.0921,132.0,HIT/DEFESA,-18.3,5
2025-12-29 07:00:00,34,6923.65,6924.90189,-3.8982,138.0435,HIT/DEFESA,-9.25,5
2025-12-29 07:00:00,134,6923.65,6883.40631,-3.8982,138.0435,HIT/DEFESA,-9.25,5
2025-12-29 08:00:00,34,6923.35,6924.81321,-8.3704,1156.0,HIT/DEFESA,-5.5,5
2025-12-29 08:00:00,134,6923.35,6883.99807,-8.3704,1156.0,HIT/DEFESA,-5.5,5
2025-12-29 09:00:00,34,6920.85,6924.58674,-10.5367,279.6429,HIT/DEFESA,-9.2,5
2025-12-29 09:00:00,134,6920.85,6884.54403,-10.5367,279.6429,HIT/DEFESA,-9.2,5
2025-12-29 10:00:00,34,6910.85,6923.80178,-18.4874,214.1748,HIT/DEFESA,-7.1,5
2025-12-29 10:00:00,134,6910.85,6884.93374,-18.4874,214.1748,HIT/DEFESA,-7.1,5
2025-12-29 11:00:00,34,6916.15,6923.36454,-10.3996,259.2308,HIT/DEFESA,-13.0,5
2025-12-29 11:00:00,134,6916.15,6885.39621,-10.3996,259.2308,HIT/DEFESA,-13.0,5
2025-12-29 12:00:00,34,6914.4,6922.85228,-9.3197,642.069,HIT/DEFESA,-13.5,5
2025-12-29 12:00:00,134,6914.4,6885.82589,-9.3197,642.069,HIT/DEFESA,-13.5,5
2025-12-29 14:00:00,34,6911.65,6921.94264,-6.5065,169.0164,HIT/DEFESA,-14.3,5
2025-12-29 14:00:00,134,6911.65,6886.67588,-6.5065,169.0164,HIT/DEFESA,-14.3,5
2025-12-29 15:00:00,34,6903.75,6920.90306,-15.4026,159.6053,HIT/DEFESA,-4.1,5
2025-12-29 15:00:00,134,6903.75,6886.92883,-15.4026,159.6053,HIT/DEFESA,-4.1,5
2025-12-30 03:00:00,34,6905.25,6912.56451,-3.4744,180.0,HIT/DEFESA,-1.2,5
2025-12-30 03:00:00,134,6905.25,6889.39198,-3.4744,180.0,HIT/DEFESA,-1.2,5
2025-12-30 04:00:00,34,6902.05,6911.96368,-1.0141,131.7143,HIT/DEFESA,-3.5,5
2025-12-30 04:00:00,134,6902.05,6889.5795,-1.0141,131.7143,HIT/DEFESA,-3.5,5
2025-12-30 05:00:00,34,6906.25,6911.63719,6.8101,112.0,HIT/DEFESA,0.5,5
2025-12-30 05:00:00,134,6906.25,6889.82647,6.8101,112.0,HIT/DEFESA,0.5,5
2025-12-30 10:00:00,34,6906.75,6909.93222,-1.1582,120.375,HIT/DEFESA,-2.5,5
2025-12-30 10:00:00,134,6906.75,6890.92142,-1.1582,120.375,HIT/DEFESA,-2.5,5
2025-12-30 11:00:00,34,6906.55,6909.73895,3.6211,4820000.0,HIT/DEFESA,1.45,5
2025-12-30 11:00:00,134,6906.55,6891.15295,3.6211,4820000.0,HIT/DEFESA,1.45,5
2025-12-30 12:00:00,34,6903.55,6909.3853,7.2479,172.1875,HIT/DEFESA,0.2,5
2025-12-30 12:00:00,134,6903.55,6891.33661,7.2479,172.1875,HIT/DEFESA,0.2,5
2025-12-30 13:00:00,34,6905.05,6909.13756,-2.4614,440.7692,HIT/DEFESA,-5.1,5
2025-12-30 13:00:00,134,6905.05,6891.53977,-2.4614,440.7692,HIT/DEFESA,-5.1,5
2025-12-30 14:00:00,34,6903.75,6908.8297,-4.0541,448.6667,HIT/DEFESA,-0.3,5
2025-12-30 14:00:00,134,6903.75,6891.72067,-4.0541,448.6667,HIT/DEFESA,-0.3,5
2025-12-30 15:00:00,34,6904.25,6908.56801,1.014,1181.4286,HIT/DEFESA,0.9,5
2025-12-30 15:00:00,134,6904.25,6891.90629,1.014,1181.4286,HIT/DEFESA,0.9,5
2025-12-30 18:00:00,34,6899.95,6907.78711,-6.228,433.4286,HIT/DEFESA,-1.7,5
2025-12-30 18:00:00,134,6899.95,6892.42973,-6.228,433.4286,HIT/DEFESA,-1.7,5
2025-12-30 19:00:00,34,6903.45,6907.53928,-6.5866,278.3784,HIT/DEFESA,-7.9,5
2025-12-30 19:00:00,134,6903.45,6892.59299,-6.5866,278.3784,HIT/DEFESA,-7.9,5
2025-12-30 22:00:00,34,6897.7,6906.58146,-8.3292,241.3187,HIT/DEFESA,-7.45,5
2025-12-30 22:00:00,134,6897.7,6892.99308,-8.3292,241.3187,HIT/DEFESA,-7.45,5
2025-12-30 23:00:00,34,6898.25,6906.10538,-9.9925,1408.0,HIT/DEFESA,-10.0,5
2025-12-30 23:00:00,134,6898.25,6893.07096,-9.9925,1408.0,HIT/DEFESA,-10.0,5
2025-12-31 01:00:00,34,6895.55,6905.50221,-9.9965,154.7619,HIT/DEFESA,-7.5,5
2025-12-31 01:00:00,134,6895.55,6893.10768,-9.9965,154.7619,HIT/DEFESA,-7.5,5
2025-12-31 02:00:00,34,6886.8,6904.43352,-15.8024,95.858,HIT/DEFESA,-3.25,5
2025-12-31 02:00:00,134,6886.8,6893.01424,-15.8024,95.858,HIT/DEFESA,-3.25,5
2025-12-31 03:00:00,34,6886.55,6903.4116,-16.9608,23080.0,HIT/DEFESA,-4.0,5
2025-12-31 03:00:00,134,6886.55,6892.91847,-16.9608,23080.0,HIT/DEFESA,-4.0,5
2025-12-31 04:00:00,34,6890.25,6902.65951,-7.6861,163.0952,HIT/DEFESA,-6.7,5
2025-12-31 04:00:00,134,6890.25,6892.87894,-7.6861,163.0952,HIT/DEFESA,-6.7,5
2025-12-31 07:00:00,34,6883.55,6900.04843,-9.7239,92.1277,HIT/DEFESA,-3.5,5
2025-12-31 07:00:00,134,6883.55,6892.60369,-9.7239,92.1277,HIT/DEFESA,-3.5,5
2025-12-31 12:00:00,34,6880.05,6894.95648,-5.0846,235.7895,HIT/DEFESA,-11.45,5
2025-12-31 12:00:00,134,6880.05,6891.70876,-5.0846,235.7895,HIT/DEFESA,-11.45,5
2025-12-31 17:00:00,34,6868.6,6892.55819,-30.4084,171.0366,HIT/DEFESA,-11.25,5
2025-12-31 17:00:00,134,6868.6,6891.28977,-30.4084,171.0366,HIT/DEFESA,-11.25,5
2025-12-31 18:00:00,34,6880.45,6891.86629,-31.5839,120.249,HIT/DEFESA,-21.3,5
2025-12-31 18:00:00,134,6880.45,6891.12918,-31.5839,120.249,HIT/DEFESA,-21.3,5
2025-12-31 19:00:00,34,6874.95,6890.89965,-15.032,199.2982,HIT/DEFESA,-7.55,5
2025-12-31 19:00:00,134,6874.95,6890.88949,-15.032,199.2982,HIT/DEFESA,-7.55,5
2026-01-02 04:00:00,34,6873.65,6884.15014,23.7701,102.1488,HIT/DEFESA,2.7,5
2026-01-02 04:00:00,134,6873.65,6888.96197,23.7701,102.1488,HIT/DEFESA,2.7,5
2026-01-02 05:00:00,34,6877.85,6883.79013,27.2629,130.2222,HIT/DEFESA,7.8,5
2026-01-02 05:00:00,134,6877.85,6888.79735,27.2629,130.2222,HIT/DEFESA,7.8,5
2026-01-02 06:00:00,34,6876.65,6883.38212,13.4694,346.0,HIT/DEFESA,15.0,5
2026-01-02 06:00:00,134,6876.65,6888.61739,13.4694,346.0,HIT/DEFESA,15.0,5
2026-01-02 07:00:00,34,6878.85,6883.12314,7.5651,166.6667,HIT/DEFESA,11.5,5
2026-01-02 07:00:00,134,6878.85,6888.47269,7.5651,166.6667,HIT/DEFESA,11.5,5
2026-01-02 08:00:00,34,6878.15,6882.83896,0.4362,530.0,HIT/DEFESA,9.5,5
2026-01-02 08:00:00,134,6878.15,6888.31976,0.4362,530.0,HIT/DEFESA,9.5,5
2026-01-02 14:00:00,34,6885.85,6883.92445,-8.416,586.0,HIT/DEFESA,-49.45,5
2026-01-02 14:00:00,134,6885.85,6888.14793,-8.416,586.0,HIT/DEFESA,-49.45,5
2026-01-02 15:00:00,34,6882.9,6883.86591,-10.8122,326.5455,HIT/DEFESA,-53.2,5
2026-01-02 15:00:00,134,6882.9,6888.07018,-10.8122,326.5455,HIT/DEFESA,-53.2,5
2026-01-02 16:00:00,34,6887.15,6884.05357,-0.7259,1176.5432,HIT/DEFESA,-30.35,5
2026-01-02 16:00:00,134,6887.15,6888.05655,-0.7259,1176.5432,HIT/DEFESA,-30.35,5
2026-01-02 21:00:00,34,6856.8,6872.82033,30.2071,142.7509,HIT/DEFESA,9.85,5
2026-01-02 21:00:00,134,6856.8,6884.57972,30.2071,142.7509,HIT/DEFESA,9.85,5
2026-01-02 22:00:00,34,6856.75,6871.90202,29.7671,13308.0,HIT/DEFESA,12.4,5
2026-01-02 22:00:00,134,6856.75,6884.16743,29.7671,13308.0,HIT/DEFESA,12.4,5
2026-01-02 23:00:00,34,6856.55,6871.02476,39.3136,5900000.0,HIT/DEFESA,8.9,5
2026-01-02 23:00:00,134,6856.55,6883.75828,39.3136,5900000.0,HIT/DEFESA,8.9,5
2026-01-05 01:00:00,34,6865.2,6870.69192,12.2506,52980.0,HIT/DEFESA,4.75,5
2026-01-05 01:00:00,134,6865.2,6883.48334,12.2506,52980.0,HIT/DEFESA,4.75,5
2026-01-05 02:00:00,34,6866.2,6870.43524,13.782,3108.75,HIT/DEFESA,3.95,5
2026-01-05 02:00:00,134,6866.2,6883.22729,13.782,3108.75,HIT/DEFESA,3.95,5
2026-01-05 03:00:00,34,6866.65,6870.21894,14.7304,2528.0,HIT/DEFESA,6.5,5
2026-01-05 03:00:00,134,6866.65,6882.9817,14.7304,2528.0,HIT/DEFESA,6.5,5
2026-01-05 06:00:00,34,6869.95,6869.89233,4.8058,82.3404,HIT/DEFESA,2.2,5
2026-01-05 06:00:00,134,6869.95,6882.33387,4.8058,82.3404,HIT/DEFESA,2.2,5
2026-01-05 07:00:00,34,6870.15,6869.90706,1.4558,4620000.0,HIT/DEFESA,8.1,5
2026-01-05 07:00:00,134,6870.15,6882.15337,1.4558,4620000.0,HIT/DEFESA,8.1,5
2026-01-05 08:00:00,34,6873.15,6870.09237,11.2156,220.3704,HIT/DEFESA,7.0,5
2026-01-05 08:00:00,134,6873.15,6882.01999,11.2156,220.3704,HIT/DEFESA,7.0,5
2026-01-05 10:00:00,34,6874.25,6870.20105,5.9678,427.7165,HIT/DEFESA,6.7,5
2026-01-05 10:00:00,134,6874.25,6881.69587,5.9678,427.7165,HIT/DEFESA,6.7,5
2026-01-05 12:00:00,34,6878.25,6870.766,15.3618,167.7419,HIT/DEFESA,31.95,5
2026-01-05 12:00:00,134,6878.25,6881.5055,15.3618,167.7419,HIT/DEFESA,31.95,5
2026-01-05 13:00:00,34,6880.15,6871.30222,8.5828,402.0,HIT/DEFESA,35.8,5
2026-01-05 13:00:00,134,6880.15,6881.48542,8.5828,402.0,HIT/DEFESA,35.8,5
2026-01-05 14:00:00,34,6878.95,6871.73924,9.895,612.5,HIT/DEFESA,33.2,5
2026-01-05 14:00:00,134,6878.95,6881.44785,9.895,612.5,HIT/DEFESA,33.2,5
2026-01-05 15:00:00,34,6880.95,6872.26557,3.9254,1235.3846,HIT/DEFESA,31.0,5
2026-01-05 15:00:00,134,6880.95,6881.44048,3.9254,1235.3846,HIT/DEFESA,31.0,5
2026-01-05 16:00:00,34,6897.45,6873.70468,25.1448,372.1472,HIT/DEFESA,4.7,5
2026-01-05 16:00:00,134,6897.45,6881.67766,25.1448,372.1472,HIT/DEFESA,4.7,5
2026-01-06 03:00:00,34,6905.45,6887.8094,6.2308,130.7813,HIT/DEFESA,9.5,5
2026-01-06 03:00:00,134,6905.45,6885.04329,6.2308,130.7813,HIT/DEFESA,9.5,5
2026-01-06 04:00:00,34,6908.95,6889.01744,13.7692,119.6875,HIT/DEFESA,2.3,5
2026-01-06 04:00:00,134,6908.95,6885.39747,13.7692,119.6875,HIT/DEFESA,2.3,5
2026-01-06 09:00:00,34,6911.25,6894.77853,-1.0127,110.2857,HIT/DEFESA,-5.5,5
2026-01-06 09:00:00,134,6911.25,6887.2784,-1.0127,110.2857,HIT/DEFESA,-5.5,5
2026-01-06 13:00:00,34,6897.95,6895.27097,4.6412,1257.5,HIT/DEFESA,22.0,5
2026-01-06 13:00:00,134,6897.95,6887.84586,4.6412,1257.5,HIT/DEFESA,22.0,5
2026-01-06 14:00:00,34,6905.75,6895.86977,12.3238,74.5,HIT/DEFESA,29.9,5
2026-01-06 14:00:00,134,6905.75,6888.1111,12.3238,74.5,HIT/DEFESA,29.9,5
2026-01-06 15:00:00,34,6901.5,6896.1915,4.7113,244.4444,HIT/DEFESA,41.55,5
2026-01-06 15:00:00,134,6901.5,6888.30946,4.7113,244.4444,HIT/DEFESA,41.55,5
2026-01-06 16:00:00,34,6927.0,6897.95198,42.114,141.063,HIT/DEFESA,16.95,5
2026-01-06 16:00:00,134,6927.0,6888.88265,42.114,141.063,HIT/DEFESA,16.95,5
2026-01-06 17:00:00,34,6916.2,6898.99473,15.1323,287.5455,HIT/DEFESA,27.75,5
2026-01-06 17:00:00,134,6916.2,6889.28735,15.1323,287.5455,HIT/DEFESA,27.75,5
2026-01-06 18:00:00,34,6919.95,6900.19217,26.7333,663.5294,HIT/DEFESA,26.0,5
2026-01-06 18:00:00,134,6919.95,6889.74161,26.7333,663.5294,HIT/DEFESA,26.0,5
2026-01-06 19:00:00,34,6935.65,6902.21833,12.4874,94.3125,HIT/DEFESA,9.4,5
2026-01-06 19:00:00,134,6935.65,6890.42174,12.4874,94.3125,HIT/DEFESA,9.4,5
2026-01-06 20:00:00,34,6943.05,6904.55157,38.8219,152.9577,HIT/DEFESA,3.7,5
2026-01-06 20:00:00,134,6943.05,6891.20142,38.8219,152.9577,HIT/DEFESA,3.7,5
2026-01-06 21:00:00,34,6943.95,6906.80291,34.6823,1215.7143,HIT/DEFESA,2.3,5
2026-01-06 21:00:00,134,6943.95,6891.98288,34.6823,1215.7143,HIT/DEFESA,2.3,5
2026-01-06 22:00:00,34,6943.95,6908.9256,11.9672,3333.3333,HIT/DEFESA,1.3,5
2026-01-06 22:00:00,134,6943.95,6892.75276,11.9672,3333.3333,HIT/DEFESA,1.3,5
2026-01-07 05:00:00,34,6944.55,6919.83382,-3.1669,384.0,HIT/DEFESA,-7.3,5
2026-01-07 05:00:00,134,6944.55,6897.28182,-3.1669,384.0,HIT/DEFESA,-7.3,5
2026-01-07 06:00:00,34,6943.05,6921.16046,-4.6068,251.7647,HIT/DEFESA,-6.0,5
2026-01-07 06:00:00,134,6943.05,6897.95987,-4.6068,251.7647,HIT/DEFESA,-6.0,5
2026-01-07 07:00:00,34,6942.25,6922.36557,-4.3195,693.3333,HIT/DEFESA,-5.7,5
2026-01-07 07:00:00,134,6942.25,6898.61602,-4.3195,693.3333,HIT/DEFESA,-5.7,5
2026-01-07 13:00:00,34,6940.25,6927.09576,4.3245,141.0,HIT/DEFESA,20.4,5
2026-01-07 13:00:00,134,6940.25,6902.01354,4.3245,141.0,HIT/DEFESA,20.4,5
2026-01-07 14:00:00,34,6941.75,6927.93315,6.7752,670.0,HIT/DEFESA,13.9,5
2026-01-07 14:00:00,134,6941.75,6902.60223,6.7752,670.0,HIT/DEFESA,13.9,5
2026-01-07 15:00:00,34,6947.55,6929.05411,15.858,173.0,HIT/DEFESA,6.4,5
2026-01-07 15:00:00,134,6947.55,6903.26812,15.858,173.0,HIT/DEFESA,6.4,5
2026-01-07 21:00:00,34,6942.95,6935.95288,-25.4287,159.8214,HIT/DEFESA,-15.5,5
2026-01-07 21:00:00,134,6942.95,6907.47592,-25.4287,159.8214,HIT/DEFESA,-15.5,5
2026-01-07 22:00:00,34,6921.4,6935.12129,-49.2405,115.8161,HIT/DEFESA,-4.15,5
2026-01-07 22:00:00,134,6921.4,6907.68221,-49.2405,115.8161,HIT/DEFESA,-4.15,5
2026-01-07 23:00:00,34,6925.65,6934.58007,-40.6963,72.809,HIT/DEFESA,-11.4,5
2026-01-07 23:00:00,134,6925.65,6907.9484,-40.6963,72.809,HIT/DEFESA,-11.4,5
2026-01-08 01:00:00,34,6924.25,6933.98978,-26.9338,158.8095,HIT/DEFESA,-10.0,5
2026-01-08 01:00:00,134,6924.25,6908.1899,-26.9338,158.8095,HIT/DEFESA,-10.0,5
2026-01-08 04:00:00,34,6917.25,6932.37406,-10.1094,95.3,HIT/DEFESA,-9.75,5
2026-01-08 04:00:00,134,6917.25,6908.88936,-10.1094,95.3,HIT/DEFESA,-9.75,5
2026-01-08 05:00:00,34,6914.25,6931.3384,-19.775,216.4516,HIT/DEFESA,-2.75,5
2026-01-08 05:00:00,134,6914.25,6908.96878,-19.775,216.4516,HIT/DEFESA,-2.75,5
2026-01-08 06:00:00,34,6914.25,6930.36192,-19.0546,4800.0,HIT/DEFESA,-5.0,5
2026-01-08 06:00:00,134,6914.25,6909.04702,-19.0546,4800.0,HIT/DEFESA,-5.0,5
2026-01-08 10:00:00,34,6911.5,6925.39469,8.3264,536.9231,HIT/DEFESA,4.45,5
2026-01-08 10:00:00,134,6911.5,6908.90196,8.3264,536.9231,HIT/DEFESA,4.45,5
2026-01-08 12:00:00,34,6909.75,6923.63087,3.2573,1381.25,HIT/DEFESA,13.95,5
2026-01-08 12:00:00,134,6909.75,6908.91961,3.2573,1381.25,HIT/DEFESA,13.95,5
2026-01-08 18:00:00,34,6924.7,6921.20482,12.6519,5385.7143,HIT/DEFESA,7.05,5
2026-01-08 18:00:00,134,6924.7,6909.44375,12.6519,5385.7143,HIT/DEFESA,7.05,5
2026-01-09 02:00:00,34,6921.55,6921.38747,3.6855,475.4545,HIT/DEFESA,1.5,5
2026-01-09 02:00:00,134,6921.55,6910.64909,3.6855,475.4545,HIT/DEFESA,1.5,5
2026-01-09 04:00:00,34,6922.75,6921.28551,-1.8775,156.2,HIT/DEFESA,-1.7,5
2026-01-09 04:00:00,134,6922.75,6910.93639,-1.8775,156.2,HIT/DEFESA,-1.7,5
2026-01-09 05:00:00,34,6921.05,6921.27205,-0.7224,432.0,HIT/DEFESA,-3.0,5
2026-01-09 05:00:00,134,6921.05,6911.08622,-0.7224,432.0,HIT/DEFESA,-3.0,5
2026-01-09 06:00:00,34,6921.55,6921.28794,5.0592,1536.6667,HIT/DEFESA,6.2,5
2026-01-09 06:00:00,134,6921.55,6911.24124,5.0592,1536.6667,HIT/DEFESA,6.2,5
2026-01-09 07:00:00,34,6923.05,6921.38863,0.4334,618.4615,HIT/DEFESA,3.7,5
2026-01-09 07:00:00,134,6923.05,6911.41618,0.4334,618.4615,HIT/DEFESA,3.7,5
2026-01-09 08:00:00,34,6923.55,6921.51213,3.6122,1963.3333,HIT/DEFESA,5.0,5
2026-01-09 08:00:00,134,6923.55,6911.59594,3.6122,1963.3333,HIT/DEFESA,5.0,5
2026-01-09 11:00:00,34,6927.75,6921.65858,6.0663,134.8958,HIT/DEFESA,11.7,5
2026-01-09 11:00:00,134,6927.75,6912.0654,6.0663,134.8958,HIT/DEFESA,11.7,5
2026-01-09 12:00:00,34,6926.75,6921.94951,8.2357,599.2308,HIT/DEFESA,17.05,5
2026-01-09 12:00:00,134,6926.75,6912.28295,8.2357,599.2308,HIT/DEFESA,17.05,5
2026-01-09 13:00:00,34,6928.55,6922.32668,15.1777,590.0,HIT/DEFESA,35.5,5
2026-01-09 13:00:00,134,6928.55,6912.52394,15.1777,590.0,HIT/DEFESA,35.5,5
2026-01-09 14:00:00,34,6932.05,6922.8823,6.2069,220.2632,HIT/DEFESA,32.9,5
2026-01-09 14:00:00,134,6932.05,6912.81322,6.2069,220.2632,HIT/DEFESA,32.9,5
2026-01-09 15:00:00,34,6946.75,6924.24617,28.8736,181.6892,HIT/DEFESA,23.7,5
2026-01-09 15:00:00,134,6946.75,6913.31599,28.8736,181.6892,HIT/DEFESA,23.7,5
2026-01-09 16:00:00,34,6939.45,6925.11496,15.732,936.0526,HIT/DEFESA,34.5,5
2026-01-09 16:00:00,134,6939.45,6913.70316,15.732,936.0526,HIT/DEFESA,34.5,5
2026-01-09 17:00:00,34,6943.8,6926.18268,16.9503,1845.7143,HIT/DEFESA,21.3,5
2026-01-09 17:00:00,134,6943.8,6914.14904,16.9503,1845.7143,HIT/DEFESA,21.3,5
2026-01-09 18:00:00,34,6964.05,6928.34652,24.9037,155.3924,HIT/DEFESA,1.3,5
2026-01-09 18:00:00,134,6964.05,6914.88831,24.9037,155.3924,HIT/DEFESA,1.3,5
2026-01-09 23:00:00,34,6965.35,6938.42737,-7.3166,6320.0,HIT/DEFESA,-36.4,5
2026-01-09 23:00:00,134,6965.35,6918.70376,-7.3166,6320.0,HIT/DEFESA,-36.4,5
2026-01-12 01:00:00,34,6959.15,6939.61152,-21.2218,293.1034,HIT/DEFESA,-31.7,5
2026-01-12 01:00:00,134,6959.15,6919.30297,-21.2218,293.1034,HIT/DEFESA,-31.7,5
2026-01-12 02:00:00,34,6940.15,6939.64229,-35.8215,160.5882,HIT/DEFESA,-16.7,5
2026-01-12 02:00:00,134,6940.15,6919.61181,-35.8215,160.5882,HIT/DEFESA,-16.7,5
2026-01-12 03:00:00,34,6938.45,6939.57416,-38.6197,2001.3333,HIT/DEFESA,-12.8,5
2026-01-12 03:00:00,134,6938.45,6919.8909,-38.6197,2001.3333,HIT/DEFESA,-12.8,5
2026-01-12 04:00:00,34,6930.95,6939.08135,-40.5222,191.1111,HIT/DEFESA,-2.55,5
2026-01-12 04:00:00,134,6930.95,6920.05474,-40.5222,191.1111,HIT/DEFESA,-2.55,5
2026-01-12 05:00:00,34,6928.95,6938.50242,-16.138,475.9091,HIT/DEFESA,-14.8,5
2026-01-12 05:00:00,134,6928.95,6920.18652,-16.138,475.9091,HIT/DEFESA,-14.8,5
2026-01-12 06:00:00,34,6927.45,6937.87085,-15.8537,428.75,HIT/DEFESA,-8.55,5
2026-01-12 06:00:00,134,6927.45,6920.29412,-15.8537,428.75,HIT/DEFESA,-8.55,5
2026-01-12 07:00:00,34,6923.45,6937.0468,-10.821,210.2381,HIT/DEFESA,-3.8,5
2026-01-12 07:00:00,134,6923.45,6920.34088,-10.821,210.2381,HIT/DEFESA,-3.8,5
2026-01-12 08:00:00,34,6925.65,6936.39556,-4.7626,283.2,HIT/DEFESA,-3.7,5
2026-01-12 08:00:00,134,6925.65,6920.41953,-4.7626,283.2,HIT/DEFESA,-3.7,5
2026-01-12 09:00:00,34,6928.4,6935.93867,1.3714,355.4386,HIT/DEFESA,1.25,5
2026-01-12 09:00:00,134,6928.4,6920.53776,1.3714,355.4386,HIT/DEFESA,1.25,5
2026-01-12 13:00:00,34,6921.95,6932.35259,11.2812,436.6667,HIT/DEFESA,49.8,5
2026-01-12 13:00:00,134,6921.95,6920.43169,11.2812,436.6667,HIT/DEFESA,49.8,5
2026-01-12 14:00:00,34,6929.65,6932.19815,15.5372,164.4444,HIT/DEFESA,42.5,5
2026-01-12 14:00:00,134,6929.65,6920.56825,15.5372,164.4444,HIT/DEFESA,42.5,5
2026-01-12 15:00:00,34,6927.9,6931.95254,11.9226,731.6129,HIT/DEFESA,49.75,5
2026-01-12 15:00:00,134,6927.9,6920.67687,11.9226,731.6129,HIT/DEFESA,49.75,5
2026-01-12 16:00:00,34,6961.1,6933.61811,56.5592,113.2121,HIT/DEFESA,24.05,5
2026-01-12 16:00:00,134,6961.1,6921.27573,56.5592,113.2121,HIT/DEFESA,24.05,5
2026-01-12 17:00:00,34,6965.05,6935.41422,51.0848,910.137,HIT/DEFESA,12.05,5
2026-01-12 17:00:00,134,6965.05,6921.92424,51.0848,910.137,HIT/DEFESA,12.05,5
2026-01-12 18:00:00,34,6971.75,6937.49055,63.2948,204.5455,HIT/DEFESA,0.9,5
2026-01-12 18:00:00,134,6971.75,6922.6624,63.2948,204.5455,HIT/DEFESA,0.9,5
2026-01-12 23:00:00,34,6972.65,6947.54344,-7.1657,91.4286,HIT/DEFESA,-3.6,5
2026-01-12 23:00:00,134,6972.65,6926.56563,-7.1657,91.4286,HIT/DEFESA,-3.6,5
2026-01-13 04:00:00,34,6969.05,6951.69011,1.7222,458.5185,HIT/DEFESA,4.0,5
2026-01-13 04:00:00,134,6969.05,6928.925,1.7222,458.5185,HIT/DEFESA,4.0,5
2026-01-13 05:00:00,34,6969.05,6952.68211,6.7487,4790.0,HIT/DEFESA,1.3,5
2026-01-13 05:00:00,134,6969.05,6929.51944,6.7487,4790.0,HIT/DEFESA,1.3,5
2026-01-13 11:00:00,34,6970.35,6958.26666,-3.8721,3845.0,HIT/DEFESA,-3.05,5
2026-01-13 11:00:00,134,6970.35,6933.1136,-3.8721,3845.0,HIT/DEFESA,-3.05,5
2026-01-13 12:00:00,34,6967.05,6958.76856,-8.6046,223.5294,HIT/DEFESA,-4.85,5
2026-01-13 12:00:00,134,6967.05,6933.61636,-8.6046,223.5294,HIT/DEFESA,-4.85,5
2026-01-13 13:00:00,34,6972.05,6959.5275,2.4389,152.3404,HIT/DEFESA,2.2,5
2026-01-13 13:00:00,134,6972.05,6934.18575,2.4389,152.3404,HIT/DEFESA,2.2,5
2026-01-13 14:00:00,34,6968.6,6960.04593,-2.5106,193.8462,HIT/DEFESA,-14.6,5
2026-01-13 14:00:00,134,6968.6,6934.69559,-2.5106,193.8462,HIT/DEFESA,-14.6,5
2026-01-13 16:00:00,34,6967.3,6961.6352,-6.8129,351.0545,HIT/DEFESA,-13.05,5
2026-01-13 16:00:00,134,6967.3,6935.86685,-6.8129,351.0545,HIT/DEFESA,-13.05,5
2026-01-13 17:00:00,34,6962.2,6961.66747,-9.1841,1029.0,HIT/DEFESA,-0.5,5
2026-01-13 17:00:00,134,6962.2,6936.25697,-9.1841,1029.0,HIT/DEFESA,-0.5,5
2026-01-13 18:00:00,34,6974.25,6962.38648,-10.8854,259.4286,HIT/DEFESA,-14.0,5
2026-01-13 18:00:00,134,6974.25,6936.81983,-10.8854,259.4286,HIT/DEFESA,-14.0,5
2026-01-13 23:00:00,34,6960.25,6960.97381,10.7871,220.0,HIT/DEFESA,0.2,5
2026-01-13 23:00:00,134,6960.25,6938.24615,10.7871,220.0,HIT/DEFESA,0.2,5
2026-01-14 02:00:00,34,6961.45,6960.92969,-0.3591,598.5,HIT/DEFESA,-13.0,5
2026-01-14 02:00:00,134,6961.45,6938.90231,-0.3591,598.5,HIT/DEFESA,-13.0,5
2026-01-14 03:00:00,34,6954.65,6960.57085,-8.0457,134.6377,HIT/DEFESA,-3.5,5
2026-01-14 03:00:00,134,6954.65,6939.13561,-8.0457,134.6377,HIT/DEFESA,-3.5,5
2026-01-14 04:00:00,34,6956.65,6960.34681,-4.3106,305.7143,HIT/DEFESA,-5.5,5
2026-01-14 04:00:00,134,6956.65,6939.39508,-4.3106,305.7143,HIT/DEFESA,-5.5,5
2026-01-14 05:00:00,34,6960.45,6960.3527,-1.4365,141.7143,HIT/DEFESA,-8.8,5
2026-01-14 05:00:00,134,6960.45,6939.707,-1.4365,141.7143,HIT/DEFESA,-8.8,5
2026-01-14 06:00:00,34,6952.65,6959.91255,-2.8758,56.2025,HIT/DEFESA,-0.5,5
2026-01-14 06:00:00,134,6952.65,6939.89875,-2.8758,56.2025,HIT/DEFESA,-0.5,5
2026-01-14 07:00:00,34,6948.45,6959.25755,-11.7873,189.7561,HIT/DEFESA,-15.0,5
2026-01-14 07:00:00,134,6948.45,6940.02544,-11.7873,189.7561,HIT/DEFESA,-15.0,5
2026-01-14 08:00:00,34,6951.15,6958.79426,-13.3612,343.0769,HIT/DEFESA,-16.9,5
2026-01-14 08:00:00,134,6951.15,6940.19024,-13.3612,343.0769,HIT/DEFESA,-16.9,5
2026-01-14 09:00:00,34,6951.15,6958.35744,-2.1575,2293.3333,HIT/DEFESA,-13.0,5
2026-01-14 09:00:00,134,6951.15,6940.35261,-2.1575,2293.3333,HIT/DEFESA,-13.0,5
2026-01-14 12:00:00,34,6933.45,6956.25899,-25.4634,137.1892,HIT/DEFESA,-37.8,5
2026-01-14 12:00:00,134,6933.45,6940.58498,-25.4634,137.1892,HIT/DEFESA,-37.8,5
2026-01-14 13:00:00,34,6934.25,6955.00133,-25.03,1610.0,HIT/DEFESA,-43.85,5
2026-01-14 13:00:00,134,6934.25,6940.49113,-25.03,1610.0,HIT/DEFESA,-43.85,5
2026-01-14 14:00:00,34,6938.15,6954.0384,-20.1377,455.4054,HIT/DEFESA,-47.55,5
2026-01-14 14:00:00,134,6938.15,6940.45645,-20.1377,455.4054,HIT/DEFESA,-47.55,5
2026-01-14 15:00:00,34,6932.95,6952.83335,-0.7211,529.0,HIT/DEFESA,-27.35,5
2026-01-14 15:00:00,134,6932.95,6940.34524,-0.7211,529.0,HIT/DEFESA,-27.35,5
2026-01-14 16:00:00,34,6910.75,6950.42858,-33.8898,276.5297,HIT/DEFESA,-5.35,5
2026-01-14 16:00:00,134,6910.75,6939.90679,-33.8898,276.5297,HIT/DEFESA,-5.35,5
2026-01-14 20:00:00,34,6905.6,6938.97047,14.4294,210.2548,HIT/DEFESA,14.25,5
2026-01-14 20:00:00,134,6905.6,6937.34009,14.4294,210.2548,HIT/DEFESA,14.25,5
2026-01-14 21:00:00,34,6905.4,6937.05216,21.7694,28390000.0,HIT/DEFESA,20.4,5
2026-01-14 21:00:00,134,6905.4,6936.8669,21.7694,28390000.0,HIT/DEFESA,20.4,5
2026-01-15 03:00:00,34,6925.8,6933.47579,9.7557,443.6522,HIT/DEFESA,9.5,5
2026-01-15 03:00:00,134,6925.8,6935.87424,9.7557,443.6522,HIT/DEFESA,9.5,5
2026-01-15 04:00:00,34,6921.85,6932.81146,0.4334,262.5882,HIT/DEFESA,11.5,5
2026-01-15 04:00:00,134,6921.85,6935.66647,0.4334,262.5882,HIT/DEFESA,11.5,5
2026-01-15 07:00:00,34,6925.05,6930.87003,4.623,182.0896,HIT/DEFESA,26.3,5
2026-01-15 07:00:00,134,6925.05,6935.01181,4.623,182.0896,HIT/DEFESA,26.3,5
2026-01-15 08:00:00,34,6935.3,6931.12317,24.3552,246.9856,HIT/DEFESA,17.25,5
2026-01-15 08:00:00,134,6935.3,6935.01608,24.3552,246.9856,HIT/DEFESA,17.25,5
2026-01-15 09:00:00,34,6933.35,6931.25042,21.3918,697.3333,HIT/DEFESA,21.0,5
2026-01-15 09:00:00,134,6933.35,6934.9914,21.3918,697.3333,HIT/DEFESA,21.0,5
2026-01-15 10:00:00,34,6939.8,6931.73897,21.2995,416.8,HIT/DEFESA,20.0,5
2026-01-15 10:00:00,134,6939.8,6935.06264,21.2995,416.8,HIT/DEFESA,20.0,5
2026-01-15 11:00:00,34,6950.1,6932.78817,21.3401,171.7143,HIT/DEFESA,10.75,5
2026-01-15 11:00:00,134,6950.1,6935.28542,21.3401,171.7143,HIT/DEFESA,10.75,5
2026-01-15 12:00:00,34,6951.35,6933.84884,25.9615,696.129,HIT/DEFESA,17.9,5
2026-01-15 12:00:00,134,6951.35,6935.52341,25.9615,696.129,HIT/DEFESA,17.9,5
2026-01-15 13:00:00,34,6952.55,6934.91748,18.3723,650.6667,HIT/DEFESA,22.5,5
2026-01-15 13:00:00,134,6952.55,6935.77566,18.3723,650.6667,HIT/DEFESA,22.5,5
2026-01-15 14:00:00,34,6954.35,6936.02791,6.115,595.0,HIT/DEFESA,9.9,5
2026-01-15 14:00:00,134,6954.35,6936.05083,6.115,595.0,HIT/DEFESA,9.9,5
2026-01-15 15:00:00,34,6959.8,6937.38632,12.1559,320.1739,HIT/DEFESA,11.75,5
2026-01-15 15:00:00,134,6959.8,6936.40267,12.1559,320.1739,HIT/DEFESA,11.75,5
2026-01-16 01:00:00,34,6953.65,6946.13826,2.6612,133.4545,HIT/DEFESA,13.5,5
2026-01-16 01:00:00,134,6953.65,6939.3081,2.6612,133.4545,HIT/DEFESA,13.5,5
2026-01-16 02:00:00,34,6955.95,6946.69893,13.9644,522.0,HIT/DEFESA,9.5,5
2026-01-16 02:00:00,134,6955.95,6939.55464,13.9644,522.0,HIT/DEFESA,9.5,5
2026-01-16 03:00:00,34,6957.45,6947.31327,17.1333,958.0,HIT/DEFESA,10.2,5
2026-01-16 03:00:00,134,6957.45,6939.81976,17.1333,958.0,HIT/DEFESA,10.2,5
2026-01-16 04:00:00,34,6961.45,6948.12109,11.2171,111.8605,HIT/DEFESA,5.7,5
2026-01-16 04:00:00,134,6961.45,6940.14021,11.2171,111.8605,HIT/DEFESA,5.7,5
2026-01-16 05:00:00,34,6962.45,6948.93988,9.3445,223.8462,HIT/DEFESA,1.7,5
2026-01-16 05:00:00,134,6962.45,6940.47072,9.3445,223.8462,HIT/DEFESA,1.7,5
2026-01-16 07:00:00,34,6965.45,6950.86443,5.7459,277.5,HIT/DEFESA,0.25,5
2026-01-16 07:00:00,134,6965.45,6941.23018,5.7459,277.5,HIT/DEFESA,0.25,5
2026-01-16 10:00:00,34,6964.15,6953.35372,-1.8664,340.5882,HIT/DEFESA,-9.25,5
2026-01-16 10:00:00,134,6964.15,6942.32793,-1.8664,340.5882,HIT/DEFESA,-9.25,5
2026-01-16 11:00:00,34,6962.15,6953.85637,-7.8936,437.8261,HIT/DEFESA,-18.45,5
2026-01-16 11:00:00,134,6962.15,6942.62159,-7.8936,437.8261,HIT/DEFESA,-18.45,5
2026-01-16 12:00:00,34,6965.7,6954.53315,-2.0812,247.1233,HIT/DEFESA,-24.0,5
2026-01-16 12:00:00,134,6965.7,6942.9635,-2.0812,247.1233,HIT/DEFESA,-24.0,5
2026-01-16 13:00:00,34,6957.15,6954.68268,-10.0515,105.7143,HIT/DEFESA,-6.25,5
2026-01-16 13:00:00,134,6957.15,6943.17367,-10.0515,105.7143,HIT/DEFESA,-6.25,5
2026-01-16 14:00:00,34,6955.95,6954.7551,-8.9053,2620.0,HIT/DEFESA,-12.7,5
2026-01-16 14:00:00,134,6955.95,6943.36295,-8.9053,2620.0,HIT/DEFESA,-12.7,5
2026-01-16 15:00:00,34,6954.9,6954.76338,-15.5045,2096.0,HIT/DEFESA,-4.15,5
2026-01-16 15:00:00,134,6954.9,6943.53387,-15.5045,2096.0,HIT/DEFESA,-4.15,5
2026-01-16 17:00:00,34,6941.7,6953.42083,-20.4861,2686.6667,HIT/DEFESA,-1.5,5
2026-01-16 17:00:00,134,6941.7,6943.50912,-20.4861,2686.6667,HIT/DEFESA,-1.5,5
2026-01-16 18:00:00,34,6950.9,6953.27678,-5.7513,280.1149,HIT/DEFESA,-9.15,5
2026-01-16 18:00:00,134,6950.9,6943.61862,-5.7513,280.1149,HIT/DEFESA,-9.15,5
2026-01-16 19:00:00,34,6943.25,6952.70383,-0.6481,249.1275,HIT/DEFESA,-46.8,5
2026-01-16 19:00:00,134,6943.25,6943.61316,-0.6481,249.1275,HIT/DEFESA,-46.8,5
2026-01-16 22:00:00,34,6940.2,6951.79558,-4.3928,209.4634,HIT/DEFESA,-54.95,5
2026-01-16 22:00:00,134,6940.2,6943.7723,-4.3928,209.4634,HIT/DEFESA,-54.95,5
2026-01-16 23:00:00,34,6941.75,6951.22154,-12.9482,473.3333,HIT/DEFESA,-61.2,5
2026-01-16 23:00:00,134,6941.75,6943.74234,-12.9482,473.3333,HIT/DEFESA,-61.2,5
2026-01-19 01:00:00,34,6896.45,6948.09174,-78.4065,402.3529,HIT/DEFESA,-18.4,5
2026-01-19 01:00:00,134,6896.45,6943.04171,-78.4065,402.3529,HIT/DEFESA,-18.4,5
2026-01-19 02:00:00,34,6885.75,6944.52936,-78.456,385.8947,HIT/DEFESA,-6.0,5
2026-01-19 02:00:00,134,6885.75,6942.19294,-78.456,385.8947,HIT/DEFESA,-6.0,5
2026-01-19 04:00:00,34,6885.25,6937.59793,-16.2402,205.5556,HIT/DEFESA,-14.2,5
2026-01-19 04:00:00,134,6885.25,6940.42337,-16.2402,205.5556,HIT/DEFESA,-14.2,5
2026-01-19 06:00:00,34,6878.05,6931.12159,-1.0176,204.4444,HIT/DEFESA,-20.5,5
2026-01-19 06:00:00,134,6878.05,6938.62545,-1.0176,204.4444,HIT/DEFESA,-20.5,5
2026-01-19 07:00:00,34,6879.75,6928.18607,-7.9881,348.5,HIT/DEFESA,-23.5,5
2026-01-19 07:00:00,134,6879.75,6937.75322,-7.9881,348.5,HIT/DEFESA,-23.5,5
2026-01-19 08:00:00,34,6878.8,6925.36401,-2.5434,1002.6667,HIT/DEFESA,-17.55,5
2026-01-19 08:00:00,134,6878.8,6936.87984,-2.5434,1002.6667,HIT/DEFESA,-17.55,5
2026-01-19 09:00:00,34,6871.05,6922.26035,-10.1773,314.6753,HIT/DEFESA,-2.55,5
2026-01-19 09:00:00,134,6871.05,6935.90458,-10.1773,314.6753,HIT/DEFESA,-2.55,5
2026-01-19 14:00:00,34,6868.5,6907.71179,15.9678,211.4094,HIT/DEFESA,8.15,5
2026-01-19 14:00:00,134,6868.5,6930.83387,15.9678,211.4094,HIT/DEFESA,8.15,5
2026-01-19 15:00:00,34,6865.55,6905.30254,13.5643,532.7273,HIT/DEFESA,5.05,5
2026-01-19 15:00:00,134,6865.55,6929.8667,13.5643,532.7273,HIT/DEFESA,5.05,5
2026-01-19 16:00:00,34,6862.75,6902.87097,2.1862,1059.6,HIT/DEFESA,4.9,5
2026-01-19 16:00:00,134,6862.75,6928.87238,2.1862,1059.6,HIT/DEFESA,4.9,5
2026-01-19 18:00:00,34,6873.05,6899.12652,10.9241,237.4194,HIT/DEFESA,2.3,5
2026-01-19 18:00:00,134,6873.05,6927.11314,10.9241,237.4194,HIT/DEFESA,2.3,5
2026-01-20 03:00:00,34,6873.85,6893.46062,-4.0718,353.6842,HIT/DEFESA,-22.4,5
2026-01-20 03:00:00,134,6873.85,6923.9287,-4.0718,353.6842,HIT/DEFESA,-22.4,5
2026-01-20 06:00:00,34,6866.85,6889.96344,-10.1835,96.1644,HIT/DEFESA,-51.0,5
2026-01-20 06:00:00,134,6866.85,6921.65365,-10.1835,96.1644,HIT/DEFESA,-51.0,5
2026-01-20 07:00:00,34,6868.4,6888.73125,-10.1086,808.5714,HIT/DEFESA,-42.25,5
2026-01-20 07:00:00,134,6868.4,6920.86471,-10.1086,808.5714,HIT/DEFESA,-42.25,5
2026-01-20 08:00:00,34,6851.45,6886.60089,-32.5873,166.1261,HIT/DEFESA,-18.1,5
2026-01-20 08:00:00,134,6851.45,6919.83634,-32.5873,166.1261,HIT/DEFESA,-18.1,5
2026-01-20 09:00:00,34,6846.15,6884.28941,-30.1448,508.9474,HIT/DEFESA,-1.7,5
2026-01-20 09:00:00,134,6846.15,6918.74469,-30.1448,508.9474,HIT/DEFESA,-1.7,5
2026-01-20 13:00:00,34,6833.35,6872.06631,8.0552,356.0,HIT/DEFESA,27.35,5
2026-01-20 13:00:00,134,6833.35,6913.36098,8.0552,356.0,HIT/DEFESA,27.35,5
2026-01-20 19:00:00,34,6834.2,6864.36847,-13.5166,188.8015,HIT/DEFESA,-34.85,5
2026-01-20 19:00:00,134,6834.2,6907.59098,-13.5166,188.8015,HIT/DEFESA,-34.85,5
2026-01-21 02:00:00,34,6810.85,6846.45346,18.9763,173.4579,HIT/DEFESA,9.0,5
2026-01-21 02:00:00,134,6810.85,6898.72696,18.9763,173.4579,HIT/DEFESA,9.0,5
2026-01-21 04:00:00,34,6811.85,6842.84345,18.3841,260.4444,HIT/DEFESA,8.05,5
2026-01-21 04:00:00,134,6811.85,6896.23465,18.3841,260.4444,HIT/DEFESA,8.05,5
2026-01-21 05:00:00,34,6815.65,6841.28953,7.0476,369.4872,HIT/DEFESA,4.0,5
2026-01-21 05:00:00,134,6815.65,6895.04081,7.0476,369.4872,HIT/DEFESA,4.0,5
2026-01-21 08:00:00,34,6814.35,6837.32812,-1.9074,136.2963,HIT/DEFESA,-27.7,5
2026-01-21 08:00:00,134,6814.35,6891.61645,-1.9074,136.2963,HIT/DEFESA,-27.7,5
2026-01-21 10:00:00,34,6819.65,6835.37896,-0.2933,42080.0,HIT/DEFESA,-27.8,5
2026-01-21 10:00:00,134,6819.65,6889.50355,-0.2933,42080.0,HIT/DEFESA,-27.8,5
2026-01-21 16:00:00,34,6848.45,6826.7492,91.0611,151.4011,HIT/DEFESA,60.7,5
2026-01-21 16:00:00,134,6848.45,6882.32124,91.0611,151.4011,HIT/DEFESA,60.7,5
2026-01-21 17:00:00,34,6871.6,6829.3121,116.2286,229.0405,HIT/DEFESA,5.85,5
2026-01-21 17:00:00,134,6871.6,6882.16241,116.2286,229.0405,HIT/DEFESA,5.85,5
2026-01-21 18:00:00,34,6823.85,6828.99998,47.1153,131.155,HIT/DEFESA,57.8,5
2026-01-21 18:00:00,134,6823.85,6881.29852,47.1153,131.155,HIT/DEFESA,57.8,5
2026-01-21 22:00:00,34,6877.45,6836.33612,69.8415,212.205,HIT/DEFESA,19.5,5
2026-01-21 22:00:00,134,6877.45,6880.22615,69.8415,212.205,HIT/DEFESA,19.5,5
2026-01-21 23:00:00,34,6881.65,6838.92549,70.9038,222.0,HIT/DEFESA,18.3,5
2026-01-21 23:00:00,134,6881.65,6880.24725,70.9038,222.0,HIT/DEFESA,18.3,5
2026-01-22 05:00:00,34,6899.95,6853.7149,8.05,227.2414,HIT/DEFESA,14.0,5
2026-01-22 05:00:00,134,6899.95,6881.43664,8.05,227.2414,HIT/DEFESA,14.0,5
2026-01-22 10:00:00,34,6913.95,6864.84839,38.4758,189.9419,HIT/DEFESA,10.5,5
2026-01-22 10:00:00,134,6913.95,6882.55583,38.4758,189.9419,HIT/DEFESA,10.5,5
2026-01-22 18:00:00,34,6920.8,6883.68719,-5.2712,285.1724,HIT/DEFESA,-15.75,5
2026-01-22 18:00:00,134,6920.8,6886.22514,-5.2712,285.1724,HIT/DEFESA,-15.75,5
2026-01-23 02:00:00,34,6916.95,6894.22638,9.6233,142.1714,HIT/DEFESA,11.0,5
2026-01-23 02:00:00,134,6916.95,6889.11999,9.6233,142.1714,HIT/DEFESA,11.0,5
2026-01-23 03:00:00,34,6923.95,6895.92487,27.3713,174.8611,HIT/DEFESA,1.0,5
2026-01-23 03:00:00,134,6923.95,6889.63599,27.3713,174.8611,HIT/DEFESA,1.0,5
2026-01-23 04:00:00,34,6918.95,6897.2406,15.1263,104.3396,HIT/DEFESA,3.25,5
2026-01-23 04:00:00,134,6918.95,6890.07027,15.1263,104.3396,HIT/DEFESA,3.25,5
2026-01-23 09:00:00,34,6922.2,6904.26802,-4.6928,430.5882,HIT/DEFESA,-13.9,5
2026-01-23 09:00:00,134,6922.2,6892.57126,-4.6928,430.5882,HIT/DEFESA,-13.9,5
2026-01-23 10:00:00,34,6906.05,6904.36985,-31.6111,192.9712,HIT/DEFESA,-10.3,5
2026-01-23 10:00:00,134,6906.05,6892.77094,-31.6111,192.9712,HIT/DEFESA,-10.3,5
2026-01-23 16:00:00,34,6909.7,6903.66944,12.0991,385.0883,HIT/DEFESA,8.45,5
2026-01-23 16:00:00,134,6909.7,6893.54319,12.0991,385.0883,HIT/DEFESA,8.45,5
2026-01-23 19:00:00,34,6901.3,6905.56989,-12.1568,189.7778,HIT/DEFESA,-16.95,5
2026-01-23 19:00:00,134,6901.3,6894.51734,-12.1568,189.7778,HIT/DEFESA,-16.95,5
2026-01-23 20:00:00,34,6911.55,6905.91161,-22.088,349.6482,HIT/DEFESA,-22.4,5
2026-01-23 20:00:00,134,6911.55,6894.76968,-22.088,349.6482,HIT/DEFESA,-22.4,5
2026-01-23 21:00:00,34,6918.15,6906.61094,-2.0955,398.254,HIT/DEFESA,-18.8,5
2026-01-23 21:00:00,134,6918.15,6895.11605,-2.0955,398.254,HIT/DEFESA,-18.8,5
2026-01-23 23:00:00,34,6902.4,6906.70916,-13.2387,65.7282,HIT/DEFESA,-5.75,5
2026-01-23 23:00:00,134,6902.4,6895.48352,-13.2387,65.7282,HIT/DEFESA,-5.75,5
2026-01-26 04:00:00,34,6892.65,6903.54638,12.0563,288.8571,HIT/DEFESA,17.5,5
2026-01-26 04:00:00,134,6892.65,6895.24919,12.0563,288.8571,HIT/DEFESA,17.5,5
2026-01-26 05:00:00,34,6896.65,6903.15231,10.8867,572.381,HIT/DEFESA,21.0,5
2026-01-26 05:00:00,134,6896.65,6895.26994,10.8867,572.381,HIT/DEFESA,21.0,5
2026-01-26 07:00:00,34,6902.85,6902.76854,14.7984,182.0896,HIT/DEFESA,1.0,5
2026-01-26 07:00:00,134,6902.85,6895.398,14.7984,182.0896,HIT/DEFESA,1.0,5
2026-01-26 08:00:00,34,6903.45,6902.80748,9.8599,5086.6667,HIT/DEFESA,2.9,5
2026-01-26 08:00:00,134,6903.45,6895.51729,9.8599,5086.6667,HIT/DEFESA,2.9,5
2026-01-26 09:00:00,34,6910.15,6903.22705,20.0106,195.3846,HIT/DEFESA,0.1,5
2026-01-26 09:00:00,134,6910.15,6895.73407,20.0106,195.3846,HIT/DEFESA,0.1,5
2026-01-26 10:00:00,34,6917.65,6904.05122,21.4404,290.5479,HIT/DEFESA,3.45,5
2026-01-26 10:00:00,134,6917.65,6896.05875,21.4404,290.5479,HIT/DEFESA,3.45,5
2026-01-26 14:00:00,34,6910.25,6904.22205,17.9766,338.7805,HIT/DEFESA,45.4,5
2026-01-26 14:00:00,134,6910.25,6896.5566,17.9766,338.7805,HIT/DEFESA,45.4,5
2026-01-26 15:00:00,34,6921.1,6905.18651,24.9861,173.6073,HIT/DEFESA,38.05,5
2026-01-26 15:00:00,134,6921.1,6896.92021,24.9861,173.6073,HIT/DEFESA,38.05,5
2026-01-26 16:00:00,34,6945.9,6907.51299,57.2661,127.5102,HIT/DEFESA,13.25,5
2026-01-26 16:00:00,134,6945.9,6897.64584,57.2661,127.5102,HIT/DEFESA,13.25,5
2026-01-27 02:00:00,34,6953.65,6926.48135,4.676,521.9048,HIT/DEFESA,19.5,5
2026-01-27 02:00:00,134,6953.65,6904.70596,4.676,521.9048,HIT/DEFESA,19.5,5
2026-01-27 03:00:00,34,6957.65,6928.26242,14.3934,144.0476,HIT/DEFESA,13.3,5
2026-01-27 03:00:00,134,6957.65,6905.49032,14.3934,144.0476,HIT/DEFESA,13.3,5
2026-01-27 04:00:00,34,6967.15,6930.48456,22.5852,48.6598,HIT/DEFESA,5.3,5
2026-01-27 04:00:00,134,6967.15,6906.4038,22.5852,48.6598,HIT/DEFESA,5.3,5
2026-01-27 08:00:00,34,6970.95,6938.97915,3.3005,183.6,HIT/DEFESA,1.5,5
2026-01-27 08:00:00,134,6970.95,6910.14412,3.3005,183.6,HIT/DEFESA,1.5,5
2026-01-27 10:00:00,34,6967.7,6942.42367,-7.8157,453.0337,HIT/DEFESA,-2.25,5
2026-01-27 10:00:00,134,6967.7,6911.90618,-7.8157,453.0337,HIT/DEFESA,-2.25,5
2026-01-27 13:00:00,34,6972.45,6946.77799,6.8172,292.1212,HIT/DEFESA,11.4,5
2026-01-27 13:00:00,134,6972.45,6914.4165,6.8172,292.1212,HIT/DEFESA,11.4,5
2026-01-27 14:00:00,34,6967.45,6947.95924,2.5123,262.1429,HIT/DEFESA,10.4,5
2026-01-27 14:00:00,134,6967.45,6915.20218,2.5123,262.1429,HIT/DEFESA,10.4,5
2026-01-27 16:00:00,34,6975.3,6950.46393,4.0875,271.1917,HIT/DEFESA,8.85,5
2026-01-27 16:00:00,134,6975.3,6916.8259,4.0875,271.1917,HIT/DEFESA,8.85,5
2026-01-27 19:00:00,34,6977.85,6955.52358,3.6558,260.7937,HIT/DEFESA,5.8,5
2026-01-27 19:00:00,134,6977.85,6919.67195,3.6558,260.7937,HIT/DEFESA,5.8,5
2026-01-27 20:00:00,34,6984.15,6957.15938,0.4296,254.0,HIT/DEFESA,11.5,5
2026-01-27 20:00:00,134,6984.15,6920.62718,0.4296,254.0,HIT/DEFESA,11.5,5
2026-01-27 21:00:00,34,6984.15,6958.7017,0.4296,3426.6667,HIT/DEFESA,10.3,5
2026-01-27 21:00:00,134,6984.15,6921.56826,0.4296,3426.6667,HIT/DEFESA,10.3,5
2026-01-27 22:00:00,34,6978.4,6959.82732,0.7882,217.9817,HIT/DEFESA,18.55,5
2026-01-27 22:00:00,134,6978.4,6922.41021,0.7882,217.9817,HIT/DEFESA,18.55,5
2026-01-28 02:00:00,34,6995.65,6964.17496,24.7191,84.1026,HIT/DEFESA,7.0,5
2026-01-28 02:00:00,134,6995.65,6925.21499,24.7191,84.1026,HIT/DEFESA,7.0,5
2026-01-28 03:00:00,34,6994.45,6965.90497,20.9174,417.6471,HIT/DEFESA,11.2,5
2026-01-28 03:00:00,134,6994.45,6926.2407,20.9174,417.6471,HIT/DEFESA,11.2,5
2026-01-28 04:00:00,34,6996.95,6967.67897,19.0445,148.5714,HIT/DEFESA,10.7,5
2026-01-28 04:00:00,134,6996.95,6927.28824,19.0445,148.5714,HIT/DEFESA,10.7,5
2026-01-28 06:00:00,34,6997.95,6970.88881,5.004,132.4,HIT/DEFESA,4.7,5
2026-01-28 06:00:00,134,6997.95,6929.32555,5.004,132.4,HIT/DEFESA,4.7,5
2026-01-28 07:00:00,34,7002.65,6972.70374,8.1464,92.8889,HIT/DEFESA,3.8,5
2026-01-28 07:00:00,134,7002.65,6930.41184,8.1464,92.8889,HIT/DEFESA,3.8,5
2026-01-28 10:00:00,34,6998.45,6977.7314,-5.9977,252.4176,HIT/DEFESA,-5.0,5
2026-01-28 10:00:00,134,6998.45,6933.62898,-5.9977,252.4176,HIT/DEFESA,-5.0,5
2026-01-28 11:00:00,34,7002.65,6979.15532,-4.2823,410.0,HIT/DEFESA,-7.95,5
2026-01-28 11:00:00,134,7002.65,6934.65152,-4.2823,410.0,HIT/DEFESA,-7.95,5
2026-01-28 12:00:00,34,7006.45,6980.71502,-1.7124,308.5714,HIT/DEFESA,-27.7,5
2026-01-28 12:00:00,134,7006.45,6935.7152,-1.7124,308.5714,HIT/DEFESA,-27.7,5
2026-01-28 14:00:00,34,6993.95,6982.72315,-12.4239,241.4706,HIT/DEFESA,-22.2,5
2026-01-28 14:00:00,134,6993.95,6937.57385,-12.4239,241.4706,HIT/DEFESA,-22.2,5
2026-01-28 15:00:00,34,6993.45,6983.33611,-18.5543,2572.8571,HIT/DEFESA,-19.5,5
2026-01-28 15:00:00,134,6993.45,6938.40164,-18.5543,2572.8571,HIT/DEFESA,-19.5,5
2026-01-28 16:00:00,34,6994.7,6983.98548,-13.2068,2033.5484,HIT/DEFESA,-22.5,5
2026-01-28 16:00:00,134,6994.7,6939.23569,-13.2068,2033.5484,HIT/DEFESA,-22.5,5
2026-01-28 17:00:00,34,6978.75,6983.68631,-21.7331,204.1486,HIT/DEFESA,-1.25,5
2026-01-28 17:00:00,134,6978.75,6939.82109,-21.7331,204.1486,HIT/DEFESA,-1.25,5
2026-01-28 19:00:00,34,6971.75,6982.28032,-32.8106,2038.3333,HIT/DEFESA,-3.7,5
2026-01-28 19:00:00,134,6971.75,6940.73823,-32.8106,2038.3333,HIT/DEFESA,-3.7,5
2026-01-28 20:00:00,34,6973.95,6981.8043,-6.878,867.5,HIT/DEFESA,-2.9,5
2026-01-28 20:00:00,134,6973.95,6941.23026,-6.878,867.5,HIT/DEFESA,-2.9,5
2026-01-29 04:00:00,34,6974.75,6979.11004,9.6153,279.8824,HIT/DEFESA,23.55,5
2026-01-29 04:00:00,134,6974.75,6944.48371,9.6153,279.8824,HIT/DEFESA,23.55,5
2026-01-29 05:00:00,34,6980.55,6979.19232,13.6278,244.3636,HIT/DEFESA,16.2,5
2026-01-29 05:00:00,134,6980.55,6945.01803,13.6278,244.3636,HIT/DEFESA,16.2,5
2026-01-29 06:00:00,34,6987.25,6979.65276,29.7134,125.2308,HIT/DEFESA,3.8,5
2026-01-29 06:00:00,134,6987.25,6945.64368,29.7134,125.2308,HIT/DEFESA,3.8,5
2026-01-29 11:00:00,34,6991.05,6983.19655,-1.0012,343.8182,HIT/DEFESA,-53.0,5
2026-01-29 11:00:00,134,6991.05,6949.08465,-1.0012,343.8182,HIT/DEFESA,-53.0,5
2026-01-29 12:00:00,34,6985.75,6983.34246,-17.9329,334.9091,HIT/DEFESA,-103.6,5
2026-01-29 12:00:00,134,6985.75,6949.62784,-17.9329,334.9091,HIT/DEFESA,-103.6,5
2026-01-29 13:00:00,34,6991.3,6983.79718,-7.7893,466.2857,HIT/DEFESA,-82.15,5
2026-01-29 13:00:00,134,6991.3,6950.2452,-7.7893,466.2857,HIT/DEFESA,-82.15,5
2026-01-29 14:00:00,34,6990.75,6984.19448,-0.4291,45480.0,HIT/DEFESA,-79.8,5
2026-01-29 14:00:00,134,6990.75,6950.84528,-0.4291,45480.0,HIT/DEFESA,-79.8,5
2026-01-29 16:00:00,34,6938.05,6982.16138,-76.1661,127.8155,HIT/DEFESA,-4.15,5
2026-01-29 16:00:00,134,6938.05,6951.30601,-76.1661,127.8155,HIT/DEFESA,-4.15,5
2026-01-29 20:00:00,34,6928.4,6966.75356,67.2028,347.3538,HIT/DEFESA,20.85,5
2026-01-29 20:00:00,134,6928.4,6948.79181,67.2028,347.3538,HIT/DEFESA,20.85,5
2026-01-29 21:00:00,34,6933.9,6964.87622,35.8221,931.7308,HIT/DEFESA,1.15,5
2026-01-29 21:00:00,134,6933.9,6948.57119,35.8221,931.7308,HIT/DEFESA,1.15,5
2026-01-30 02:00:00,34,6949.25,6963.66272,-24.2602,444.7368,HIT/DEFESA,-20.2,5
2026-01-30 02:00:00,134,6949.25,6949.19858,-24.2602,444.7368,HIT/DEFESA,-20.2,5
2026-01-30 03:00:00,34,6935.05,6962.02771,-41.0704,344.4218,HIT/DEFESA,-24.9,5
2026-01-30 03:00:00,134,6935.05,6948.98897,-41.0704,344.4218,HIT/DEFESA,-24.9,5
2026-01-30 04:00:00,34,6933.25,6960.38327,-36.9309,2851.5,HIT/DEFESA,-31.2,5
2026-01-30 04:00:00,134,6933.25,6948.7558,-36.9309,2851.5,HIT/DEFESA,-31.2,5
2026-01-30 05:00:00,34,6938.55,6959.13565,-15.3973,750.8,HIT/DEFESA,-25.0,5
2026-01-30 05:00:00,134,6938.55,6948.6046,-15.3973,750.8,HIT/DEFESA,-25.0,5
2026-01-30 07:00:00,34,6929.05,6956.28043,-6.0578,311.1957,HIT/DEFESA,-17.8,5
2026-01-30 07:00:00,134,6929.05,6948.16085,-6.0578,311.1957,HIT/DEFESA,-17.8,5
2026-01-30 12:00:00,34,6911.25,6943.77254,13.3294,322.48,HIT/DEFESA,31.4,5
2026-01-30 12:00:00,134,6911.25,6945.21587,13.3294,322.48,HIT/DEFESA,31.4,5
2026-01-30 15:00:00,34,6929.25,6942.27455,26.0445,1201.0638,HIT/DEFESA,6.0,5
2026-01-30 15:00:00,134,6929.25,6944.75496,26.0445,1201.0638,HIT/DEFESA,6.0,5
2026-01-30 16:00:00,34,6937.75,6942.016,-5.0423,1172.3171,HIT/DEFESA,-11.0,5
2026-01-30 16:00:00,134,6937.75,6944.65118,-5.0423,1172.3171,HIT/DEFESA,-11.0,5
2026-01-30 20:00:00,34,6935.25,6939.3735,-10.6588,370.2128,HIT/DEFESA,-1.1,5
2026-01-30 20:00:00,134,6935.25,6943.77924,-10.6588,370.2128,HIT/DEFESA,-1.1,5
2026-01-30 21:00:00,34,6926.75,6938.65216,-1.8764,918.75,HIT/DEFESA,-34.1,5
2026-01-30 21:00:00,134,6926.75,6943.52695,-1.8764,918.75,HIT/DEFESA,-34.1,5
2026-02-02 01:00:00,34,6921.85,6937.56666,-7.074,804.0,HIT/DEFESA,-49.2,5
2026-02-02 01:00:00,134,6921.85,6943.03085,-7.074,804.0,HIT/DEFESA,-49.2,5
2026-02-02 02:00:00,34,6934.15,6937.37142,-7.0615,424.7934,HIT/DEFESA,-78.0,5
2026-02-02 02:00:00,134,6934.15,6942.89928,-7.0615,424.7934,HIT/DEFESA,-78.0,5
2026-02-02 03:00:00,34,6892.65,6934.81591,-62.4284,190.5276,HIT/DEFESA,-42.0,5
2026-02-02 03:00:00,134,6892.65,6942.15485,-62.4284,190.5276,HIT/DEFESA,-42.0,5
2026-02-02 04:00:00,34,6881.85,6931.78929,-57.788,600.7339,HIT/DEFESA,-9.5,5
2026-02-02 04:00:00,134,6881.85,6941.26144,-57.788,600.7339,HIT/DEFESA,-9.5,5
2026-02-02 10:00:00,34,6892.85,6912.95577,53.5286,238.5507,HIT/DEFESA,24.1,5
2026-02-02 10:00:00,134,6892.85,6934.9763,53.5286,238.5507,HIT/DEFESA,24.1,5
2026-02-02 11:00:00,34,6900.75,6912.2583,73.1317,586.3158,HIT/DEFESA,48.1,5
2026-02-02 11:00:00,134,6900.75,6934.46924,73.1317,586.3158,HIT/DEFESA,48.1,5
2026-02-02 12:00:00,34,6892.85,6911.14925,29.8297,456.5385,HIT/DEFESA,76.85,5
2026-02-02 12:00:00,134,6892.85,6933.85266,29.8297,456.5385,HIT/DEFESA,76.85,5
2026-02-02 13:00:00,34,6907.15,6910.92072,20.7461,195.7857,HIT/DEFESA,72.85,5
2026-02-02 13:00:00,134,6907.15,6933.45707,20.7461,195.7857,HIT/DEFESA,72.85,5
2026-02-02 14:00:00,34,6911.85,6910.97382,16.0852,574.6,HIT/DEFESA,74.6,5
2026-02-02 14:00:00,134,6911.85,6933.13696,16.0852,574.6,HIT/DEFESA,74.6,5
2026-02-02 15:00:00,34,6916.95,6911.31532,34.9638,797.9167,HIT/DEFESA,70.8,5
2026-02-02 15:00:00,134,6916.95,6932.89715,34.9638,797.9167,HIT/DEFESA,70.8,5
2026-02-02 16:00:00,34,6948.85,6913.46016,60.3722,228.4227,HIT/DEFESA,28.6,5
2026-02-02 16:00:00,134,6948.85,6933.13349,60.3722,228.4227,HIT/DEFESA,28.6,5
2026-02-02 17:00:00,34,6969.7,6916.67386,83.6968,289.5592,HIT/DEFESA,7.3,5
2026-02-02 17:00:00,134,6969.7,6933.67522,83.6968,289.5592,HIT/DEFESA,7.3,5
2026-02-02 19:00:00,34,6986.45,6924.07293,54.1097,313.4307,HIT/DEFESA,4.35,5
2026-02-02 19:00:00,134,6986.45,6935.13319,54.1097,313.4307,HIT/DEFESA,4.35,5
2026-02-02 20:00:00,34,6987.75,6927.71162,25.8978,1686.0,HIT/DEFESA,5.95,5
2026-02-02 20:00:00,134,6987.75,6935.9127,25.8978,1686.0,HIT/DEFESA,5.95,5
2026-02-03 01:00:00,34,6990.8,6938.89868,19.1331,240.339,HIT/DEFESA,6.75,5
2026-02-03 01:00:00,134,6990.8,6938.5157,19.1331,240.339,HIT/DEFESA,6.75,5
2026-02-03 02:00:00,34,6993.7,6942.03018,23.9358,673.8235,HIT/DEFESA,3.05,5
2026-02-03 02:00:00,134,6993.7,6939.33324,23.9358,673.8235,HIT/DEFESA,3.05,5
2026-02-03 03:00:00,34,6992.7,6944.9256,21.4252,2156.25,HIT/DEFESA,4.35,5
2026-02-03 03:00:00,134,6992.7,6940.12386,21.4252,2156.25,HIT/DEFESA,4.35,5
2026-02-03 10:00:00,34,6992.9,6961.86931,-5.5026,453.913,HIT/DEFESA,-2.15,5
2026-02-03 10:00:00,134,6992.9,6945.5648,-5.5026,453.913,HIT/DEFESA,-2.15,5
2026-02-03 11:00:00,34,6989.7,6963.45964,-10.5044,801.9355,HIT/DEFESA,-32.55,5
2026-02-03 11:00:00,134,6989.7,6946.21865,-10.5044,801.9355,HIT/DEFESA,-32.55,5
2026-02-03 12:00:00,34,6986.8,6964.79337,-17.5024,477.3333,HIT/DEFESA,-33.55,5
2026-02-03 12:00:00,134,6986.8,6946.81986,-17.5024,477.3333,HIT/DEFESA,-33.55,5
2026-02-03 13:00:00,34,6986.25,6966.01947,-9.5096,7556.0,HIT/DEFESA,-57.95,5
2026-02-03 13:00:00,134,6986.25,6947.40401,-9.5096,7556.0,HIT/DEFESA,-57.95,5
2026-02-03 16:00:00,34,6957.15,6968.34518,-41.6532,216.976,HIT/DEFESA,-66.9,5
2026-02-03 16:00:00,134,6957.15,6948.87334,-41.6532,216.976,HIT/DEFESA,-66.9,5
2026-02-03 17:00:00,34,6953.25,6967.4826,-60.467,3032.8571,HIT/DEFESA,-37.2,5
2026-02-03 17:00:00,134,6953.25,6948.93818,-60.467,3032.8571,HIT/DEFESA,-37.2,5
2026-02-03 18:00:00,34,6928.3,6965.24359,-89.3323,300.1636,HIT/DEFESA,-15.55,5
2026-02-03 18:00:00,134,6928.3,6948.63243,-89.3323,300.1636,HIT/DEFESA,-15.55,5
2026-02-03 22:00:00,34,6916.05,6950.35,25.731,217.7308,HIT/DEFESA,2.8,5
2026-02-03 22:00:00,134,6916.05,6945.45465,25.731,217.7308,HIT/DEFESA,2.8,5
2026-02-03 23:00:00,34,6912.75,6948.20143,62.1538,509.1429,HIT/DEFESA,10.35,5
2026-02-03 23:00:00,134,6912.75,6944.97014,62.1538,509.1429,HIT/DEFESA,10.35,5
2026-02-04 01:00:00,34,6918.25,6946.48992,40.6371,330.0,HIT/DEFESA,4.1,5
2026-02-04 01:00:00,134,6918.25,6944.57429,40.6371,330.0,HIT/DEFESA,4.1,5
2026-02-04 03:00:00,34,6920.55,6943.06051,11.2835,333.8947,HIT/DEFESA,10.8,5
2026-02-04 03:00:00,134,6920.55,6943.71886,11.2835,333.8947,HIT/DEFESA,10.8,5
2026-02-04 04:00:00,34,6918.85,6941.67705,0.8673,1161.8182,HIT/DEFESA,16.0,5
2026-02-04 04:00:00,134,6918.85,6943.35043,0.8673,1161.8182,HIT/DEFESA,16.0,5
2026-02-04 07:00:00,34,6924.8,6938.72766,8.5997,467.0588,HIT/DEFESA,1.55,5
2026-02-04 07:00:00,134,6924.8,6942.47792,8.5997,467.0588,HIT/DEFESA,1.55,5
2026-02-04 08:00:00,34,6931.35,6938.30608,11.9166,187.9699,HIT/DEFESA,6.2,5
2026-02-04 08:00:00,134,6931.35,6942.31306,11.9166,187.9699,HIT/DEFESA,6.2,5
2026-02-04 11:00:00,34,6916.95,6936.06127,-20.7752,832.7778,HIT/DEFESA,-13.4,5
2026-02-04 11:00:00,134,6916.95,6941.54155,-20.7752,832.7778,HIT/DEFESA,-13.4,5
2026-02-04 12:00:00,34,6926.35,6935.50634,-12.2569,271.3592,HIT/DEFESA,-19.8,5
2026-02-04 12:00:00,134,6926.35,6941.31649,-12.2569,271.3592,HIT/DEFESA,-19.8,5
2026-02-04 15:00:00,34,6922.55,6934.48423,-5.4863,772.0755,HIT/DEFESA,-55.5,5
2026-02-04 15:00:00,134,6922.55,6940.79506,-5.4863,772.0755,HIT/DEFESA,-55.5,5
2026-02-04 17:00:00,34,6906.55,6931.22132,-31.4649,5516.5385,HIT/DEFESA,-24.0,5
2026-02-04 17:00:00,134,6906.55,6939.74412,-31.4649,5516.5385,HIT/DEFESA,-24.0,5
2026-02-04 21:00:00,34,6903.55,6920.2804,24.6858,249.9185,HIT/DEFESA,4.1,5
2026-02-04 21:00:00,134,6903.55,6936.20573,24.6858,249.9185,HIT/DEFESA,4.1,5
2026-02-05 01:00:00,34,6894.95,6916.17652,-12.4574,1037.2727,HIT/DEFESA,-14.0,5
2026-02-05 01:00:00,134,6894.95,6934.39018,-12.4574,1037.2727,HIT/DEFESA,-14.0,5
2026-02-05 07:00:00,34,6877.15,6906.52738,5.383,1057.0,HIT/DEFESA,7.5,5
2026-02-05 07:00:00,134,6877.15,6930.11334,5.383,1057.0,HIT/DEFESA,7.5,5
2026-02-05 08:00:00,34,6889.65,6905.56296,31.596,284.5455,HIT/DEFESA,2.0,5
2026-02-05 08:00:00,134,6889.65,6929.51388,31.596,284.5455,HIT/DEFESA,2.0,5
2026-02-05 11:00:00,34,6882.15,6901.67408,-10.8859,1417.8378,HIT/DEFESA,-55.0,5
2026-02-05 11:00:00,134,6882.15,6927.41444,-10.8859,1417.8378,HIT/DEFESA,-55.0,5
2026-02-05 12:00:00,34,6884.65,6900.70127,-0.4357,1576.3636,HIT/DEFESA,-91.2,5
2026-02-05 12:00:00,134,6884.65,6926.78089,-0.4357,1576.3636,HIT/DEFESA,-91.2,5
2026-02-05 14:00:00,34,6847.15,6897.15354,-50.8562,189.5909,HIT/DEFESA,-22.2,5
2026-02-05 14:00:00,134,6847.15,6925.08842,-50.8562,189.5909,HIT/DEFESA,-22.2,5
2026-02-05 15:00:00,34,6833.95,6893.54191,-73.6421,664.2149,HIT/DEFESA,-30.2,5
2026-02-05 15:00:00,134,6833.95,6923.73823,-73.6421,664.2149,HIT/DEFESA,-30.2,5
2026-02-05 16:00:00,34,6827.15,6889.74808,-93.5915,1788.0,HIT/DEFESA,-15.7,5
2026-02-05 16:00:00,134,6827.15,6922.30729,-93.5915,1788.0,HIT/DEFESA,-15.7,5
2026-02-05 18:00:00,34,6832.95,6881.31417,-1.4633,320.7398,HIT/DEFESA,-67.7,5
2026-02-05 18:00:00,134,6832.95,6919.10276,-1.4633,320.7398,HIT/DEFESA,-67.7,5
2026-02-05 19:00:00,34,6824.95,6878.09336,-3.2224,1216.3333,HIT/DEFESA,-75.9,5
2026-02-05 19:00:00,134,6824.95,6917.70791,-3.2224,1216.3333,HIT/DEFESA,-75.9,5
2026-02-05 21:00:00,34,6811.45,6870.27973,-31.4652,1032.625,HIT/DEFESA,-29.8,5
2026-02-05 21:00:00,134,6811.45,6914.47046,-31.4652,1032.625,HIT/DEFESA,-29.8,5
2026-02-05 22:00:00,34,6794.45,6865.94661,-44.689,465.6213,HIT/DEFESA,-12.0,5
2026-02-05 22:00:00,134,6794.45,6912.69238,-44.689,465.6213,HIT/DEFESA,-12.0,5
2026-02-06 03:00:00,34,6781.65,6844.69535,24.2415,318.9372,HIT/DEFESA,1.8,5
2026-02-06 03:00:00,134,6781.65,6904.09019,24.2415,318.9372,HIT/DEFESA,1.8,5
2026-02-06 04:00:00,34,6782.45,6841.13848,49.4884,10708.0,HIT/DEFESA,5.5,5
2026-02-06 04:00:00,134,6782.45,6902.28811,49.4884,10708.0,HIT/DEFESA,5.5,5
2026-02-06 05:00:00,34,6779.45,6837.61342,27.808,1579.6774,HIT/DEFESA,15.2,5
2026-02-06 05:00:00,134,6779.45,6900.46829,27.808,1579.6774,HIT/DEFESA,15.2,5
2026-02-06 07:00:00,34,6788.65,6830.95446,9.1412,204.9115,HIT/DEFESA,39.0,5
2026-02-06 07:00:00,134,6788.65,6896.84838,9.1412,204.9115,HIT/DEFESA,39.0,5
2026-02-06 08:00:00,34,6783.45,6828.23992,5.9002,651.2,HIT/DEFESA,60.6,5
2026-02-06 08:00:00,134,6783.45,6895.1684,5.9002,651.2,HIT/DEFESA,60.6,5
2026-02-06 09:00:00,34,6787.95,6825.93764,32.5158,772.1277,HIT/DEFESA,40.5,5
2026-02-06 09:00:00,134,6787.95,6893.57998,32.5158,772.1277,HIT/DEFESA,40.5,5
2026-02-06 10:00:00,34,6794.65,6824.14977,8.8383,968.8406,HIT/DEFESA,40.8,5
2026-02-06 10:00:00,134,6794.65,6892.11435,8.8383,968.8406,HIT/DEFESA,40.8,5
2026-02-06 11:00:00,34,6821.45,6823.9955,56.0187,208.1041,HIT/DEFESA,46.6,5
2026-02-06 11:00:00,134,6821.45,6891.06748,56.0187,208.1041,HIT/DEFESA,46.6,5
2026-02-06 12:00:00,34,6827.65,6824.20433,58.486,589.6721,HIT/DEFESA,50.5,5
2026-02-06 12:00:00,134,6827.65,6890.12796,58.486,589.6721,HIT/DEFESA,50.5,5
2026-02-06 13:00:00,34,6844.05,6825.33837,72.7043,217.8916,HIT/DEFESA,50.85,5
2026-02-06 13:00:00,134,6844.05,6889.44532,72.7043,217.8916,HIT/DEFESA,50.85,5
2026-02-06 14:00:00,34,6828.45,6825.51618,10.2617,282.6,HIT/DEFESA,81.45,5
2026-02-06 14:00:00,134,6828.45,6888.54169,10.2617,282.6,HIT/DEFESA,81.45,5
2026-02-06 15:00:00,34,6835.45,6826.08382,11.4241,746.4706,HIT/DEFESA,75.0,5
2026-02-06 15:00:00,134,6835.45,6887.75514,11.4241,746.4706,HIT/DEFESA,75.0,5
2026-02-06 16:00:00,34,6868.05,6828.48189,35.067,295.5927,HIT/DEFESA,46.9,5
2026-02-06 16:00:00,134,6868.05,6887.46321,35.067,295.5927,HIT/DEFESA,46.9,5
2026-02-06 17:00:00,34,6878.15,6831.32007,72.7837,1396.5263,HIT/DEFESA,49.8,5
2026-02-06 17:00:00,134,6878.15,6887.32524,72.7837,1396.5263,HIT/DEFESA,49.8,5
2026-02-06 18:00:00,34,6894.9,6834.95321,86.9731,342.8909,HIT/DEFESA,30.55,5
2026-02-06 18:00:00,134,6894.9,6887.43746,86.9731,342.8909,HIT/DEFESA,30.55,5
2026-02-06 19:00:00,34,6909.9,6839.23588,60.9343,276.0265,HIT/DEFESA,44.35,5
2026-02-06 19:00:00,134,6909.9,6887.77024,60.9343,276.0265,HIT/DEFESA,44.35,5
2026-02-06 20:00:00,34,6910.45,6843.30526,46.9603,5982.2222,HIT/DEFESA,40.2,5
2026-02-06 20:00:00,134,6910.45,6888.10623,46.9603,5982.2222,HIT/DEFESA,40.2,5
2026-02-06 21:00:00,34,6914.95,6847.39924,29.0795,576.5116,HIT/DEFESA,27.3,5
2026-02-06 21:00:00,134,6914.95,6888.50392,29.0795,576.5116,HIT/DEFESA,27.3,5
2026-02-06 22:00:00,34,6927.95,6852.00214,26.1219,216.3158,HIT/DEFESA,14.7,5
2026-02-06 22:00:00,134,6927.95,6889.08831,26.1219,216.3158,HIT/DEFESA,14.7,5
2026-02-06 23:00:00,34,6925.45,6856.19916,21.7063,445.9259,HIT/DEFESA,11.4,5
2026-02-06 23:00:00,134,6925.45,6889.627,21.7063,445.9259,HIT/DEFESA,11.4,5
2026-02-09 04:00:00,34,6942.65,6875.26966,-16.6804,11393.3333,HIT/DEFESA,-9.6,5
2026-02-09 04:00:00,134,6942.65,6892.97349,-16.6804,11393.3333,HIT/DEFESA,-9.6,5
2026-02-09 05:00:00,34,6936.85,6878.78854,-19.8543,490.5085,HIT/DEFESA,-0.8,5
2026-02-09 05:00:00,134,6936.85,6893.62351,-19.8543,490.5085,HIT/DEFESA,-0.8,5
2026-02-09 06:00:00,34,6938.6,6882.20633,-5.2577,1112.7273,HIT/DEFESA,-15.15,5
2026-02-09 06:00:00,134,6938.6,6894.28983,-5.2577,1112.7273,HIT/DEFESA,-15.15,5
2026-02-09 08:00:00,34,6934.55,6888.46204,-3.3156,497.5148,HIT/DEFESA,-20.0,5
2026-02-09 08:00:00,134,6934.55,6895.5943,-3.3156,497.5148,HIT/DEFESA,-20.0,5
2026-02-09 09:00:00,34,6933.05,6891.00992,-7.9987,1408.3333,HIT/DEFESA,-7.5,5
2026-02-09 09:00:00,134,6933.05,6896.1492,-7.9987,1408.3333,HIT/DEFESA,-7.5,5
2026-02-09 10:00:00,34,6936.05,6893.58364,-9.7223,1453.5714,HIT/DEFESA,-18.1,5
2026-02-09 10:00:00,134,6936.05,6896.74032,-9.7223,1453.5714,HIT/DEFESA,-18.1,5
2026-02-09 14:00:00,34,6925.55,6899.07609,3.0332,342.5714,HIT/DEFESA,41.7,5
2026-02-09 14:00:00,134,6925.55,6898.07303,3.0332,342.5714,HIT/DEFESA,41.7,5
2026-02-09 15:00:00,34,6917.95,6900.1546,3.7598,433.9189,HIT/DEFESA,50.3,5
2026-02-09 15:00:00,134,6917.95,6898.3675,3.7598,433.9189,HIT/DEFESA,50.3,5
2026-02-09 16:00:00,34,6925.25,6901.58862,15.4746,1265.5556,HIT/DEFESA,50.5,5
2026-02-09 16:00:00,134,6925.25,6898.76576,15.4746,1265.5556,HIT/DEFESA,50.5,5
2026-02-09 22:00:00,34,6961.25,6921.50059,-8.6117,195.4225,HIT/DEFESA,-4.3,5
2026-02-09 22:00:00,134,6961.25,6904.746,-8.6117,195.4225,HIT/DEFESA,-4.3,5
2026-02-09 23:00:00,34,6963.45,6923.8977,-6.8884,266.2963,HIT/DEFESA,-6.3,5
2026-02-09 23:00:00,134,6963.45,6905.61569,-6.8884,266.2963,HIT/DEFESA,-6.3,5
2026-02-10 03:00:00,34,6961.15,6929.70494,-3.303,1280.8889,HIT/DEFESA,-2.7,5
2026-02-10 03:00:00,134,6961.15,6907.98657,-3.303,1280.8889,HIT/DEFESA,-2.7,5
2026-02-10 06:00:00,34,6964.45,6934.55306,4.7406,93.0,HIT/DEFESA,4.95,5
2026-02-10 06:00:00,134,6964.45,6910.24467,4.7406,93.0,HIT/DEFESA,4.95,5
2026-02-10 07:00:00,34,6965.45,6936.3186,12.218,1458.75,HIT/DEFESA,4.2,5
2026-02-10 07:00:00,134,6965.45,6911.06253,12.218,1458.75,HIT/DEFESA,4.2,5
2026-02-10 08:00:00,34,6958.45,6937.58325,1.8686,151.5493,HIT/DEFESA,13.7,5
2026-02-10 08:00:00,134,6958.45,6911.76457,1.8686,151.5493,HIT/DEFESA,13.7,5
2026-02-10 11:00:00,34,6969.4,6942.34259,15.7363,660.5882,HIT/DEFESA,9.3,5
2026-02-10 11:00:00,134,6969.4,6914.1805,15.7363,660.5882,HIT/DEFESA,9.3,5
2026-02-10 12:00:00,34,6969.65,6943.90301,6.0298,4286.6667,HIT/DEFESA,5.25,5
2026-02-10 12:00:00,134,6969.65,6915.00227,6.0298,4286.6667,HIT/DEFESA,5.25,5
2026-02-10 15:00:00,34,6964.65,6947.30722,-7.174,630.5263,HIT/DEFESA,-7.25,5
2026-02-10 15:00:00,134,6964.65,6917.19366,-7.174,630.5263,HIT/DEFESA,-7.25,5
2026-02-10 19:00:00,34,6975.65,6952.99545,-4.3704,403.2624,HIT/DEFESA,-19.9,5
2026-02-10 19:00:00,134,6975.65,6920.51542,-4.3704,403.2624,HIT/DEFESA,-19.9,5
2026-02-11 06:00:00,34,6960.75,6955.39286,-2.8724,105.7692,HIT/DEFESA,-13.8,5
2026-02-11 06:00:00,134,6960.75,6925.69752,-2.8724,105.7692,HIT/DEFESA,-13.8,5
2026-02-11 07:00:00,34,6957.25,6955.49899,-8.1862,215.0,HIT/DEFESA,-11.8,5
2026-02-11 07:00:00,134,6957.25,6926.16497,-8.1862,215.0,HIT/DEFESA,-11.8,5
2026-02-11 08:00:00,34,6954.95,6955.46762,-16.2211,444.4,HIT/DEFESA,-9.5,5
2026-02-11 08:00:00,134,6954.95,6926.59141,-16.2211,444.4,HIT/DEFESA,-9.5,5
2026-02-11 09:00:00,34,6955.25,6955.45518,-7.9014,10460.0,HIT/DEFESA,-6.8,5
2026-02-11 09:00:00,134,6955.25,6927.01598,-7.9014,10460.0,HIT/DEFESA,-6.8,5
2026-02-11 12:00:00,34,6945.45,6954.3386,-14.0901,2080.7143,HIT/DEFESA,-1.7,5
2026-02-11 12:00:00,134,6945.45,6927.96444,-14.0901,2080.7143,HIT/DEFESA,-1.7,5
2026-02-11 13:00:00,34,6945.45,6953.83068,-11.936,6970.0,HIT/DEFESA,-4.65,5
2026-02-11 13:00:00,134,6945.45,6928.22348,-11.936,6970.0,HIT/DEFESA,-4.65,5
2026-02-11 17:00:00,34,6943.75,6955.04506,-6.7641,599.3583,HIT/DEFESA,-4.7,5
2026-02-11 17:00:00,134,6943.75,6930.05655,-6.7641,599.3583,HIT/DEFESA,-4.7,5
2026-02-11 19:00:00,34,6947.8,6953.86357,-20.0381,790.411,HIT/DEFESA,-9.3,5
2026-02-11 19:00:00,134,6947.8,6930.47622,-20.0381,790.411,HIT/DEFESA,-9.3,5
2026-02-11 21:00:00,34,6949.3,6953.25994,12.2464,1593.4783,HIT/DEFESA,2.25,5
2026-02-11 21:00:00,134,6949.3,6931.00355,12.2464,1593.4783,HIT/DEFESA,2.25,5
2026-02-12 02:00:00,34,6944.55,6950.9303,7.9262,344.2963,HIT/DEFESA,18.7,5
2026-02-12 02:00:00,134,6944.55,6931.64687,7.9262,344.2963,HIT/DEFESA,18.7,5
2026-02-12 03:00:00,34,6951.55,6950.96572,7.63,356.7647,HIT/DEFESA,5.75,5
2026-02-12 03:00:00,134,6951.55,6931.94173,7.63,356.7647,HIT/DEFESA,5.75,5
2026-02-12 04:00:00,34,6952.55,6951.05625,20.2493,5366.6667,HIT/DEFESA,9.95,5
2026-02-12 04:00:00,134,6952.55,6932.24704,20.2493,5366.6667,HIT/DEFESA,9.95,5
2026-02-12 05:00:00,34,6958.05,6951.45589,19.4397,158.1132,HIT/DEFESA,4.5,5
2026-02-12 05:00:00,134,6958.05,6932.62931,19.4397,158.1132,HIT/DEFESA,4.5,5
2026-02-12 06:00:00,34,6960.75,6951.98698,13.2345,268.0,HIT/DEFESA,3.5,5
2026-02-12 06:00:00,134,6960.75,6933.04591,13.2345,268.0,HIT/DEFESA,3.5,5
2026-02-12 12:00:00,34,6960.25,6954.87947,-3.2316,344.0476,HIT/DEFESA,-54.5,5
2026-02-12 12:00:00,134,6960.25,6935.49964,-3.2316,344.0476,HIT/DEFESA,-54.5,5
2026-02-12 14:00:00,34,6961.05,6955.7504,-4.5949,440.9231,HIT/DEFESA,-112.3,5
2026-02-12 14:00:00,134,6961.05,6936.30144,-4.5949,440.9231,HIT/DEFESA,-112.3,5
2026-02-12 16:00:00,34,6947.45,6955.89566,-24.4813,328.3163,HIT/DEFESA,-76.8,5
2026-02-12 16:00:00,134,6947.45,6936.91831,-24.4813,328.3163,HIT/DEFESA,-76.8,5
2026-02-12 17:00:00,34,6905.75,6953.0302,-79.442,203.4043,HIT/DEFESA,-75.0,5
2026-02-12 17:00:00,134,6905.75,6936.45655,-79.442,203.4043,HIT/DEFESA,-75.0,5
2026-02-12 18:00:00,34,6865.55,6948.03133,-145.9686,280.8148,HIT/DEFESA,-23.3,5
2026-02-12 18:00:00,134,6865.55,6935.40609,-145.9686,280.8148,HIT/DEFESA,-23.3,5
2026-02-12 19:00:00,34,6848.75,6942.35811,-142.0665,588.7879,HIT/DEFESA,-7.4,5
2026-02-12 19:00:00,134,6848.75,6934.12229,-142.0665,588.7879,HIT/DEFESA,-7.4,5
2026-02-12 20:00:00,34,6866.15,6938.00336,-57.3435,462.1023,HIT/DEFESA,-40.6,5
2026-02-12 20:00:00,134,6866.15,6933.1153,-57.3435,462.1023,HIT/DEFESA,-40.6,5
2026-02-12 23:00:00,34,6842.25,6923.33172,-34.8084,147.7273,HIT/DEFESA,-11.7,5
2026-02-12 23:00:00,134,6842.25,6929.37689,-34.8084,147.7273,HIT/DEFESA,-11.7,5
2026-02-13 01:00:00,34,6841.35,6918.64705,-42.6452,3925.5556,HIT/DEFESA,-9.1,5
2026-02-13 01:00:00,134,6841.35,6928.07279,-42.6452,3925.5556,HIT/DEFESA,-9.1,5
2026-02-13 02:00:00,34,6825.55,6913.32722,-7.6126,335.7143,HIT/DEFESA,-4.3,5
2026-02-13 02:00:00,134,6825.55,6926.55393,-7.6126,335.7143,HIT/DEFESA,-4.3,5
2026-02-13 03:00:00,34,6838.05,6909.02566,-6.1383,363.937,HIT/DEFESA,-16.5,5
2026-02-13 03:00:00,134,6838.05,6925.24276,-6.1383,363.937,HIT/DEFESA,-16.5,5
2026-02-13 04:00:00,34,6841.0,6905.13848,-0.5116,928.0597,HIT/DEFESA,-14.45,5
2026-02-13 04:00:00,134,6841.0,6923.99472,-0.5116,928.0597,HIT/DEFESA,-14.45,5
2026-02-13 06:00:00,34,6832.25,6896.95478,-8.482,1631.3333,HIT/DEFESA,-2.2,5
2026-02-13 06:00:00,134,6832.25,6921.27169,-8.482,1631.3333,HIT/DEFESA,-2.2,5
2026-02-13 08:00:00,34,6821.55,6888.56715,-13.1761,40100000.0,HIT/DEFESA,-1.0,5
2026-02-13 08:00:00,134,6821.55,6918.33448,-13.1761,40100000.0,HIT/DEFESA,-1.0,5
2026-02-13 09:00:00,34,6826.55,6885.02331,-8.3428,633.75,HIT/DEFESA,-7.6,5
2026-02-13 09:00:00,134,6826.55,6916.97471,-8.3428,633.75,HIT/DEFESA,-7.6,5
2026-02-13 10:00:00,34,6829.05,6881.82484,11.4349,2740.0,HIT/DEFESA,9.2,5
2026-02-13 10:00:00,134,6829.05,6915.67212,11.4349,2740.0,HIT/DEFESA,9.2,5
2026-02-13 15:00:00,34,6838.25,6867.60479,24.6282,437.2589,HIT/DEFESA,26.55,5
2026-02-13 15:00:00,134,6838.25,6909.21594,24.6282,437.2589,HIT/DEFESA,26.55,5
2026-02-16 01:00:00,34,6845.85,6858.73753,5.5539,726.0,HIT/DEFESA,1.7,5
2026-02-16 01:00:00,134,6845.85,6901.29107,5.5539,726.0,HIT/DEFESA,1.7,5
2026-02-16 04:00:00,34,6848.55,6857.40956,3.944,168.16,HIT/DEFESA,6.55,5
2026-02-16 04:00:00,134,6848.55,6899.06842,3.944,168.16,HIT/DEFESA,6.55,5
2026-02-16 08:00:00,34,6848.25,6855.22023,1.0223,215.0,HIT/DEFESA,11.85,5
2026-02-16 08:00:00,134,6848.25,6896.04924,1.0223,215.0,HIT/DEFESA,11.85,5
2026-02-16 09:00:00,34,6855.1,6855.21336,11.0258,167.3759,HIT/DEFESA,5.25,5
2026-02-16 09:00:00,134,6855.1,6895.44258,11.0258,167.3759,HIT/DEFESA,5.25,5
2026-02-16 13:00:00,34,6860.1,6856.84738,-3.3516,766.6667,HIT/DEFESA,-23.25,5
2026-02-16 13:00:00,134,6860.1,6893.56679,-3.3516,766.6667,HIT/DEFESA,-23.25,5
2026-02-16 14:00:00,34,6860.35,6857.04753,-10.775,37240.0,HIT/DEFESA,-20.5,5
2026-02-16 14:00:00,134,6860.35,6893.07469,-10.775,37240.0,HIT/DEFESA,-20.5,5
2026-02-16 15:00:00,34,6857.9,6857.09624,-6.1934,778.0392,HIT/DEFESA,-9.45,5
2026-02-16 15:00:00,134,6857.9,6892.55359,-6.1934,778.0392,HIT/DEFESA,-9.45,5
2026-02-16 16:00:00,34,6843.2,6856.30217,-24.6352,285.7343,HIT/DEFESA,-3.65,5
2026-02-16 16:00:00,134,6843.2,6891.82242,-24.6352,285.7343,HIT/DEFESA,-3.65,5
2026-02-16 17:00:00,34,6828.1,6854.69062,-47.0093,290.7742,HIT/DEFESA,-14.65,5
2026-02-16 17:00:00,134,6828.1,6890.87839,-47.0093,290.7742,HIT/DEFESA,-14.65,5
2026-02-16 18:00:00,34,6836.85,6853.67116,-30.6945,475.9322,HIT/DEFESA,-22.5,5
2026-02-16 18:00:00,134,6836.85,6890.07797,-30.6945,475.9322,HIT/DEFESA,-22.5,5
2026-02-16 19:00:00,34,6839.85,6852.88138,-4.8954,545.7143,HIT/DEFESA,-35.2,5
2026-02-16 19:00:00,134,6839.85,6889.33385,-4.8954,545.7143,HIT/DEFESA,-35.2,5
2026-02-17 03:00:00,34,6813.45,6849.68478,-38.5973,137.0229,HIT/DEFESA,-5.3,5
2026-02-17 03:00:00,134,6813.45,6886.89516,-38.5973,137.0229,HIT/DEFESA,-5.3,5
2026-02-17 08:00:00,34,6808.15,6838.55829,5.1435,169.4444,HIT/DEFESA,8.3,5
2026-02-17 08:00:00,134,6808.15,6881.09168,5.1435,169.4444,HIT/DEFESA,8.3,5
2026-02-17 12:00:00,34,6809.85,6833.9368,-7.3369,168.7179,HIT/DEFESA,-6.0,5
2026-02-17 12:00:00,134,6809.85,6877.35188,-7.3369,168.7179,HIT/DEFESA,-6.0,5
2026-02-17 15:00:00,34,6809.95,6830.04604,0.1468,932.8125,HIT/DEFESA,48.5,5
2026-02-17 15:00:00,134,6809.95,6874.40192,0.1468,932.8125,HIT/DEFESA,48.5,5
2026-02-17 17:00:00,34,6803.85,6826.06019,0.294,751.2563,HIT/DEFESA,41.6,5
2026-02-17 17:00:00,134,6803.85,6872.03507,0.294,751.2563,HIT/DEFESA,41.6,5
2026-02-17 18:00:00,34,6842.25,6826.98533,47.4306,260.1804,HIT/DEFESA,4.45,5
2026-02-17 18:00:00,134,6842.25,6871.59381,47.4306,260.1804,HIT/DEFESA,4.45,5
2026-02-17 19:00:00,34,6827.45,6827.01188,64.2703,666.4828,HIT/DEFESA,6.6,5
2026-02-17 19:00:00,134,6827.45,6870.93983,64.2703,666.4828,HIT/DEFESA,6.6,5
2026-02-18 04:00:00,34,6842.75,6833.38529,12.7304,654.4444,HIT/DEFESA,18.5,5
2026-02-18 04:00:00,134,6842.75,6867.9685,12.7304,654.4444,HIT/DEFESA,18.5,5
2026-02-18 05:00:00,34,6850.25,6834.34899,20.4791,152.2222,HIT/DEFESA,27.8,5
2026-02-18 05:00:00,134,6850.25,6867.706,20.4791,152.2222,HIT/DEFESA,27.8,5
2026-02-18 06:00:00,34,6858.55,6835.7319,26.0205,144.375,HIT/DEFESA,21.2,5
2026-02-18 06:00:00,134,6858.55,6867.57035,26.0205,144.375,HIT/DEFESA,21.2,5
2026-02-18 07:00:00,34,6857.25,6836.96151,21.1903,679.0,HIT/DEFESA,25.0,5
2026-02-18 07:00:00,134,6857.25,6867.41746,21.1903,679.0,HIT/DEFESA,25.0,5
2026-02-18 08:00:00,34,6857.95,6838.16085,11.2405,3074.0,HIT/DEFESA,15.35,5
2026-02-18 08:00:00,134,6857.95,6867.2772,11.2405,3074.0,HIT/DEFESA,15.35,5
2026-02-18 09:00:00,34,6861.25,6839.48023,3.9367,395.6757,HIT/DEFESA,8.3,5
2026-02-18 09:00:00,134,6861.25,6867.18791,3.9367,395.6757,HIT/DEFESA,8.3,5
2026-02-18 12:00:00,34,6882.25,6846.05315,30.6067,579.5652,HIT/DEFESA,21.65,5
2026-02-18 12:00:00,134,6882.25,6867.75059,30.6067,579.5652,HIT/DEFESA,21.65,5
2026-02-18 20:00:00,34,6887.3,6860.67332,-24.0444,237.7982,HIT/DEFESA,-11.45,5
2026-02-18 20:00:00,134,6887.3,6869.56955,-24.0444,237.7982,HIT/DEFESA,-11.45,5
2026-02-19 03:00:00,34,6881.05,6865.31936,6.7623,428.7719,HIT/DEFESA,9.3,5
2026-02-19 03:00:00,134,6881.05,6870.1216,6.7623,428.7719,HIT/DEFESA,9.3,5
2026-02-19 04:00:00,34,6881.95,6866.26968,4.143,1231.8182,HIT/DEFESA,7.6,5
2026-02-19 04:00:00,134,6881.95,6870.29683,4.143,1231.8182,HIT/DEFESA,7.6,5
2026-02-19 06:00:00,34,6877.85,6867.78162,-4.6505,162.8889,HIT/DEFESA,-12.3,5
2026-02-19 06:00:00,134,6877.85,6870.58027,-4.6505,162.8889,HIT/DEFESA,-12.3,5
2026-02-19 10:00:00,34,6875.85,6871.43693,-14.8126,249.2029,HIT/DEFESA,-19.8,5
2026-02-19 10:00:00,134,6875.85,6871.43863,-14.8126,249.2029,HIT/DEFESA,-19.8,5
2026-02-19 13:00:00,34,6862.95,6869.87778,-18.7613,444.2857,HIT/DEFESA,-11.1,5
2026-02-19 13:00:00,134,6862.95,6871.01819,-18.7613,444.2857,HIT/DEFESA,-11.1,5
2026-02-19 14:00:00,34,6863.85,6869.53334,-2.4761,3225.0,HIT/DEFESA,-23.05,5
2026-02-19 14:00:00,134,6863.85,6870.91199,-2.4761,3225.0,HIT/DEFESA,-23.05,5
2026-02-19 15:00:00,34,6856.05,6868.76286,-1.4584,495.9494,HIT/DEFESA,-1.95,5
2026-02-19 15:00:00,134,6856.05,6870.69182,-1.4584,495.9494,HIT/DEFESA,-1.95,5
2026-02-19 22:00:00,34,6861.85,6864.04522,30.7713,192.6076,HIT/DEFESA,10.8,5
2026-02-19 22:00:00,134,6861.85,6869.15329,30.7713,192.6076,HIT/DEFESA,10.8,5
2026-02-19 23:00:00,34,6856.05,6863.58835,2.845,136.0,HIT/DEFESA,15.1,5
2026-02-19 23:00:00,134,6856.05,6868.95917,2.845,136.0,HIT/DEFESA,15.1,5
2026-02-20 01:00:00,34,6864.9,6863.6633,33.763,162.4561,HIT/DEFESA,8.95,5
2026-02-20 01:00:00,134,6864.9,6868.89903,33.763,162.4561,HIT/DEFESA,8.95,5
2026-02-20 02:00:00,34,6871.35,6864.10254,13.8447,308.6614,HIT/DEFESA,10.8,5
2026-02-20 02:00:00,134,6871.35,6868.93534,13.8447,308.6614,HIT/DEFESA,10.8,5
2026-02-20 03:00:00,34,6873.1,6864.61668,24.8685,1130.4,HIT/DEFESA,8.55,5
2026-02-20 03:00:00,134,6873.1,6868.99704,24.8685,1130.4,HIT/DEFESA,8.55,5
2026-02-20 04:00:00,34,6872.65,6865.07573,11.2893,2460.0,HIT/DEFESA,5.15,5
2026-02-20 04:00:00,134,6872.65,6869.05116,11.2893,2460.0,HIT/DEFESA,5.15,5
2026-02-20 06:00:00,34,6873.85,6865.90438,1.0912,182.0,HIT/DEFESA,3.45,5
2026-02-20 06:00:00,134,6873.85,6869.15289,1.0912,182.0,HIT/DEFESA,3.45,5
2026-02-20 10:00:00,34,6880.4,6868.95157,-2.5428,906.7857,HIT/DEFESA,-33.75,5
2026-02-20 10:00:00,134,6880.4,6869.80953,-2.5428,906.7857,HIT/DEFESA,-33.75,5
2026-02-20 11:00:00,34,6877.3,6869.42862,-6.3212,586.25,HIT/DEFESA,-13.25,5
2026-02-20 11:00:00,134,6877.3,6869.9205,-6.3212,586.25,HIT/DEFESA,-13.25,5
2026-02-20 16:00:00,34,6864.05,6866.31174,15.1744,438.2286,HIT/DEFESA,32.35,5
2026-02-20 16:00:00,134,6864.05,6869.01353,15.1744,438.2286,HIT/DEFESA,32.35,5
2026-02-20 17:00:00,34,6904.15,6868.47393,72.2138,335.995,HIT/DEFESA,6.05,5
2026-02-20 17:00:00,134,6904.15,6869.53407,72.2138,335.995,HIT/DEFESA,6.05,5
2026-02-20 18:00:00,34,6901.65,6870.3697,80.3313,2437.6667,HIT/DEFESA,9.0,5
2026-02-20 18:00:00,134,6901.65,6870.00987,80.3313,2437.6667,HIT/DEFESA,9.0,5
2026-02-20 19:00:00,34,6890.45,6871.51715,38.4613,721.6522,HIT/DEFESA,3.0,5
2026-02-20 19:00:00,134,6890.45,6870.31268,38.4613,721.6522,HIT/DEFESA,3.0,5
2026-02-20 21:00:00,34,6896.4,6874.96659,-7.6069,363.8247,HIT/DEFESA,-33.85,5
2026-02-20 21:00:00,134,6896.4,6871.26601,-7.6069,363.8247,HIT/DEFESA,-33.85,5
2026-02-23 01:00:00,34,6893.45,6879.73514,-4.2776,273.7302,HIT/DEFESA,-34.6,5
2026-02-23 01:00:00,134,6893.45,6872.72932,-4.2776,273.7302,HIT/DEFESA,-34.6,5
2026-02-23 02:00:00,34,6866.35,6878.97027,-63.4569,151.2879,HIT/DEFESA,-5.0,5
2026-02-23 02:00:00,134,6866.35,6872.63481,-63.4569,151.2879,HIT/DEFESA,-5.0,5
2026-02-23 08:00:00,34,6866.35,6873.88791,9.1836,142.2642,HIT/DEFESA,18.2,5
2026-02-23 08:00:00,134,6866.35,6871.70784,9.1836,142.2642,HIT/DEFESA,18.2,5
2026-02-23 09:00:00,34,6872.85,6873.8286,20.4116,242.6984,HIT/DEFESA,4.0,5
2026-02-23 09:00:00,134,6872.85,6871.72476,20.4116,242.6984,HIT/DEFESA,4.0,5
2026-02-23 10:00:00,34,6878.3,6874.08411,24.7036,512.1495,HIT/DEFESA,8.55,5
2026-02-23 10:00:00,134,6878.3,6871.82217,24.7036,512.1495,HIT/DEFESA,8.55,5
2026-02-23 14:00:00,34,6876.85,6876.79471,-26.0341,331.75,HIT/DEFESA,-39.8,5
2026-02-23 14:00:00,134,6876.85,6872.72251,-26.0341,331.75,HIT/DEFESA,-39.8,5
2026-02-23 15:00:00,34,6886.85,6877.3693,-9.9366,244.0594,HIT/DEFESA,-50.05,5
2026-02-23 15:00:00,134,6886.85,6872.93181,-9.9366,244.0594,HIT/DEFESA,-50.05,5
2026-02-23 16:00:00,34,6881.95,6877.63105,-3.7766,1364.5098,HIT/DEFESA,-54.85,5
2026-02-23 16:00:00,134,6881.95,6873.06541,-3.7766,1364.5098,HIT/DEFESA,-54.85,5
2026-02-23 22:00:00,34,6840.65,6865.26141,5.2654,243.5088,HIT/DEFESA,16.9,5
2026-02-23 22:00:00,134,6840.65,6869.89974,5.2654,243.5088,HIT/DEFESA,16.9,5
2026-02-23 23:00:00,34,6844.15,6864.05505,10.7506,246.0,HIT/DEFESA,13.6,5
2026-02-23 23:00:00,134,6844.15,6869.51826,10.7506,246.0,HIT/DEFESA,13.6,5
2026-02-24 01:00:00,34,6844.75,6862.9519,25.8529,589.1429,HIT/DEFESA,14.8,5
2026-02-24 01:00:00,134,6844.75,6869.15132,25.8529,589.1429,HIT/DEFESA,14.8,5
2026-02-24 02:00:00,34,6848.75,6862.14036,11.841,557.0732,HIT/DEFESA,4.0,5
2026-02-24 02:00:00,134,6848.75,6868.84908,11.841,557.0732,HIT/DEFESA,4.0,5
2026-02-24 03:00:00,34,6849.3,6861.40663,7.5247,4206.6667,HIT/DEFESA,4.7,5
2026-02-24 03:00:00,134,6849.3,6868.55947,7.5247,4206.6667,HIT/DEFESA,4.7,5
2026-02-24 08:00:00,34,6854.0,6860.07338,-5.4683,1092.6316,HIT/DEFESA,-1.95,5
2026-02-24 08:00:00,134,6854.0,6867.6767,-5.4683,1092.6316,HIT/DEFESA,-1.95,5
2026-02-24 09:00:00,34,6853.5,6859.69776,-8.8198,5346.6667,HIT/DEFESA,-15.95,5
2026-02-24 09:00:00,134,6853.5,6867.46667,-8.8198,5346.6667,HIT/DEFESA,-15.95,5
2026-02-24 12:00:00,34,6853.55,6858.2773,0.073,831.0526,HIT/DEFESA,15.95,5
2026-02-24 12:00:00,134,6853.55,6866.73548,0.073,831.0526,HIT/DEFESA,15.95,5
2026-02-24 13:00:00,34,6852.05,6857.92145,13.152,926.3158,HIT/DEFESA,28.45,5
2026-02-24 13:00:00,134,6852.05,6866.51792,13.152,926.3158,HIT/DEFESA,28.45,5
2026-02-24 17:00:00,34,6869.5,6856.71661,46.7273,375.9629,HIT/DEFESA,20.45,5
2026-02-24 17:00:00,134,6869.5,6865.65692,46.7273,375.9629,HIT/DEFESA,20.45,5
2026-02-24 18:00:00,34,6880.5,6858.07566,43.4259,463.5238,HIT/DEFESA,6.25,5
2026-02-24 18:00:00,134,6880.5,6865.87682,43.4259,463.5238,HIT/DEFESA,6.25,5
2026-02-24 19:00:00,34,6889.75,6859.88562,60.7463,293.7017,HIT/DEFESA,1.85,5
2026-02-24 19:00:00,134,6889.75,6866.2305,60.7463,293.7017,HIT/DEFESA,1.85,5
2026-02-24 20:00:00,34,6890.45,6861.63216,30.4971,1984.1667,HIT/DEFESA,5.2,5
2026-02-24 20:00:00,134,6890.45,6866.5893,30.4971,1984.1667,HIT/DEFESA,5.2,5
2026-02-24 21:00:00,34,6887.25,6863.09604,9.8103,825.6667,HIT/DEFESA,14.6,5
2026-02-24 21:00:00,134,6887.25,6866.89539,9.8103,825.6667,HIT/DEFESA,14.6,5
2026-02-24 22:00:00,34,6889.95,6864.63055,0.2903,847.3333,HIT/DEFESA,13.9,5
2026-02-24 22:00:00,134,6889.95,6867.23694,0.2903,847.3333,HIT/DEFESA,13.9,5
2026-02-25 01:00:00,34,6891.6,6867.3634,6.316,337.2308,HIT/DEFESA,2.05,5
2026-02-25 01:00:00,134,6891.6,6867.88267,6.316,337.2308,HIT/DEFESA,2.05,5
2026-02-25 05:00:00,34,6897.25,6874.14371,2.3203,430.4348,HIT/DEFESA,2.15,5
2026-02-25 05:00:00,134,6897.25,6869.72447,2.3203,430.4348,HIT/DEFESA,2.15,5
2026-02-25 10:00:00,34,6899.4,6879.15934,11.2455,352.9268,HIT/DEFESA,14.95,5
2026-02-25 10:00:00,134,6899.4,6871.45021,11.2455,352.9268,HIT/DEFESA,14.95,5
2026-02-25 11:00:00,34,6902.15,6880.47309,13.4922,622.623,HIT/DEFESA,26.95,5
2026-02-25 11:00:00,134,6902.15,6871.90502,13.4922,622.623,HIT/DEFESA,26.95,5
2026-02-25 12:00:00,34,6899.65,6881.56892,12.6979,407.7778,HIT/DEFESA,25.05,5
2026-02-25 12:00:00,134,6899.65,6872.31606,12.6979,407.7778,HIT/DEFESA,25.05,5
2026-02-25 13:00:00,34,6911.1,6883.25641,16.958,68.2553,HIT/DEFESA,25.85,5
2026-02-25 13:00:00,134,6911.1,6872.89063,16.958,68.2553,HIT/DEFESA,25.85,5
2026-02-25 14:00:00,34,6913.65,6884.99318,16.6615,546.2295,HIT/DEFESA,28.3,5
2026-02-25 14:00:00,134,6913.65,6873.49448,16.6615,546.2295,HIT/DEFESA,28.3,5
2026-02-25 15:00:00,34,6914.35,6886.67072,21.3054,1545.5556,HIT/DEFESA,27.1,5
2026-02-25 15:00:00,134,6914.35,6874.09974,21.3054,1545.5556,HIT/DEFESA,27.1,5
2026-02-25 16:00:00,34,6929.1,6889.09525,26.0451,302.9758,HIT/DEFESA,18.05,5
2026-02-25 16:00:00,134,6929.1,6874.91456,26.0451,302.9758,HIT/DEFESA,18.05,5
2026-02-25 17:00:00,34,6924.7,6891.1298,15.9829,968.3673,HIT/DEFESA,22.5,5
2026-02-25 17:00:00,134,6924.7,6875.65212,15.9829,968.3673,HIT/DEFESA,22.5,5
2026-02-25 18:00:00,34,6936.95,6893.7481,32.6856,197.9283,HIT/DEFESA,26.2,5
2026-02-25 18:00:00,134,6936.95,6876.56024,32.6856,197.9283,HIT/DEFESA,26.2,5
2026-02-26 01:00:00,34,6937.05,6909.44128,-14.5383,181.9653,HIT/DEFESA,-0.3,5
2026-02-26 01:00:00,134,6937.05,6882.5406,-14.5383,181.9653,HIT/DEFESA,-0.3,5
2026-02-26 02:00:00,34,6938.25,6911.08749,-12.8829,1478.8889,HIT/DEFESA,-2.8,5
2026-02-26 02:00:00,134,6938.25,6883.36592,-12.8829,1478.8889,HIT/DEFESA,-2.8,5
2026-02-26 03:00:00,34,6940.0,6912.73964,-33.2464,1877.4194,HIT/DEFESA,-2.05,5
2026-02-26 03:00:00,134,6940.0,6884.20495,-33.2464,1877.4194,HIT/DEFESA,-2.05,5
2026-02-26 04:00:00,34,6937.95,6914.18023,1.2974,750.2857,HIT/DEFESA,1.75,5
2026-02-26 04:00:00,134,6937.95,6885.00117,1.2974,750.2857,HIT/DEFESA,1.75,5
2026-02-26 08:00:00,34,6937.95,6918.93593,1.009,599.0909,HIT/DEFESA,7.55,5
2026-02-26 08:00:00,134,6937.95,6888.00618,1.009,599.0909,HIT/DEFESA,7.55,5
2026-02-26 09:00:00,34,6939.7,6920.12245,4.2527,1022.7586,HIT/DEFESA,10.75,5
2026-02-26 09:00:00,134,6939.7,6888.77201,4.2527,1022.7586,HIT/DEFESA,10.75,5
2026-02-26 10:00:00,34,6940.95,6921.3126,7.9303,3298.9474,HIT/DEFESA,13.8,5
2026-02-26 10:00:00,134,6940.95,6889.54502,7.9303,3298.9474,HIT/DEFESA,13.8,5
2026-02-26 16:00:00,34,6922.75,6927.86072,-32.755,190.7764,HIT/DEFESA,-16.4,5
2026-02-26 16:00:00,134,6922.75,6894.17842,-32.755,190.7764,HIT/DEFESA,-16.4,5
2026-02-26 20:00:00,34,6889.8,6918.36977,-4.4249,229.8477,HIT/DEFESA,-10.55,5
2026-02-26 20:00:00,134,6889.8,6893.51215,-4.4249,229.8477,HIT/DEFESA,-10.55,5
2026-02-27 04:00:00,34,6888.85,6908.88912,11.3355,188.6842,HIT/DEFESA,7.4,5
2026-02-27 04:00:00,134,6888.85,6893.26543,11.3355,188.6842,HIT/DEFESA,7.4,5
2026-02-27 05:00:00,34,6887.35,6907.65832,11.7745,993.3333,HIT/DEFESA,9.2,5
2026-02-27 05:00:00,134,6887.35,6893.17779,11.7745,993.3333,HIT/DEFESA,9.2,5
2026-02-27 06:00:00,34,6888.35,6906.55498,10.6088,1213.75,HIT/DEFESA,2.4,5
2026-02-27 06:00:00,134,6888.35,6893.10627,10.6088,1213.75,HIT/DEFESA,2.4,5
2026-02-27 12:00:00,34,6883.85,6901.95481,-17.9808,445.1429,HIT/DEFESA,-17.3,5
2026-02-27 12:00:00,134,6883.85,6892.94402,-17.9808,445.1429,HIT/DEFESA,-17.3,5
2026-02-27 13:00:00,34,6874.05,6900.36025,-32.625,368.6598,HIT/DEFESA,-10.45,5
2026-02-27 13:00:00,134,6874.05,6892.66411,-32.625,368.6598,HIT/DEFESA,-10.45,5
2026-02-27 14:00:00,34,6867.05,6898.45681,-34.3939,507.8378,HIT/DEFESA,-8.25,5
2026-02-27 14:00:00,134,6867.05,6892.28464,-34.3939,507.8378,HIT/DEFESA,-8.25,5
2026-02-27 15:00:00,34,6854.85,6895.96499,-42.1276,492.8571,HIT/DEFESA,-0.25,5
2026-02-27 15:00:00,134,6854.85,6891.73006,-42.1276,492.8571,HIT/DEFESA,-0.25,5
2026-02-27 18:00:00,34,6863.6,6889.83258,12.7647,2189.8182,HIT/DEFESA,2.25,5
2026-02-27 18:00:00,134,6863.6,6890.24295,12.7647,2189.8182,HIT/DEFESA,2.25,5
2026-02-27 20:00:00,34,6854.6,6886.14733,-17.4032,1141.0,HIT/DEFESA,-34.75,5
2026-02-27 20:00:00,134,6854.6,6889.25599,-17.4032,1141.0,HIT/DEFESA,-34.75,5
2026-02-27 21:00:00,34,6848.3,6883.98462,-22.2915,627.4138,HIT/DEFESA,-8.45,5
2026-02-27 21:00:00,134,6848.3,6888.64923,-22.2915,627.4138,HIT/DEFESA,-8.45,5
2026-03-02 02:00:00,34,6819.85,6874.9561,-83.8962,434.3307,HIT/DEFESA,-14.2,5
2026-03-02 02:00:00,134,6819.85,6885.95687,-83.8962,434.3307,HIT/DEFESA,-14.2,5
2026-03-02 03:00:00,34,6839.85,6872.95004,-37.8686,333.8579,HIT/DEFESA,-51.1,5
2026-03-02 03:00:00,134,6839.85,6885.27381,-37.8686,333.8579,HIT/DEFESA,-51.1,5
2026-03-02 06:00:00,34,6820.85,6865.34127,-27.7784,477.8462,HIT/DEFESA,-18.2,5
2026-03-02 06:00:00,134,6820.85,6882.68129,-27.7784,477.8462,HIT/DEFESA,-18.2,5
2026-03-02 11:00:00,34,6802.65,6846.3476,20.4751,282.15,HIT/DEFESA,41.6,5
2026-03-02 11:00:00,134,6802.65,6876.08084,20.4751,282.15,HIT/DEFESA,41.6,5
2026-03-02 12:00:00,34,6809.15,6844.22203,50.3317,756.1905,HIT/DEFESA,48.2,5
2026-03-02 12:00:00,134,6809.15,6875.08927,50.3317,756.1905,HIT/DEFESA,48.2,5
2026-03-02 13:00:00,34,6810.05,6842.26934,40.5452,4466.0,HIT/DEFESA,68.05,5
2026-03-02 13:00:00,134,6810.05,6874.12573,40.5452,4466.0,HIT/DEFESA,68.05,5
2026-03-02 16:00:00,34,6844.25,6837.92051,50.2199,212.7983,HIT/DEFESA,53.6,5
2026-03-02 16:00:00,134,6844.25,6871.52626,50.2199,212.7983,HIT/DEFESA,53.6,5
2026-03-02 17:00:00,34,6857.35,6839.03077,81.8919,727.6087,HIT/DEFESA,21.0,5
2026-03-02 17:00:00,134,6857.35,6871.31624,81.8919,727.6087,HIT/DEFESA,21.0,5
2026-03-02 22:00:00,34,6878.35,6850.03786,-14.1548,428.125,HIT/DEFESA,-36.2,5
2026-03-02 22:00:00,134,6878.35,6872.0939,-14.1548,428.125,HIT/DEFESA,-36.2,5
2026-03-03 01:00:00,34,6868.65,6852.42206,-42.332,320.8046,HIT/DEFESA,-39.4,5
2026-03-03 01:00:00,134,6868.65,6872.07873,-42.332,320.8046,HIT/DEFESA,-39.4,5
2026-03-03 02:00:00,34,6858.85,6852.78937,-28.3498,338.8571,HIT/DEFESA,-36.0,5
2026-03-03 02:00:00,134,6858.85,6871.88275,-28.3498,338.8571,HIT/DEFESA,-36.0,5
2026-03-03 03:00:00,34,6846.05,6852.40426,-41.4573,423.2061,HIT/DEFESA,-26.4,5
2026-03-03 03:00:00,134,6846.05,6871.50004,-41.4573,423.2061,HIT/DEFESA,-26.4,5
2026-03-03 04:00:00,34,6842.15,6851.81831,-38.5811,1724.75,HIT/DEFESA,-36.5,5
2026-03-03 04:00:00,134,6842.15,6871.06523,-38.5811,1724.75,HIT/DEFESA,-36.5,5
2026-03-03 05:00:00,34,6840.55,6851.1744,-26.6809,3058.2353,HIT/DEFESA,-71.0,5
2026-03-03 05:00:00,134,6840.55,6870.61315,-26.6809,3058.2353,HIT/DEFESA,-71.0,5
2026-03-03 06:00:00,34,6829.25,6849.92158,-24.5397,437.807,HIT/DEFESA,-70.0,5
2026-03-03 06:00:00,134,6829.25,6870.00036,-24.5397,437.807,HIT/DEFESA,-70.0,5
2026-03-03 07:00:00,34,6822.85,6848.37463,-28.2075,810.0,HIT/DEFESA,-66.8,5
2026-03-03 07:00:00,134,6822.85,6869.30184,-28.2075,810.0,HIT/DEFESA,-66.8,5
2026-03-03 08:00:00,34,6819.65,6846.73323,-30.5531,1172.5714,HIT/DEFESA,-54.0,5
2026-03-03 08:00:00,134,6819.65,6868.56626,-30.5531,1172.5714,HIT/DEFESA,-54.0,5
2026-03-03 09:00:00,34,6805.65,6844.38561,-34.5572,329.3939,HIT/DEFESA,-20.5,5
2026-03-03 09:00:00,134,6805.65,6867.63416,-34.5572,329.3939,HIT/DEFESA,-20.5,5
2026-03-03 10:00:00,34,6769.55,6840.10929,-78.1198,264.2416,HIT/DEFESA,-8.9,5
2026-03-03 10:00:00,134,6769.55,6866.18106,-78.1198,264.2416,HIT/DEFESA,-8.9,5
2026-03-03 11:00:00,34,6759.25,6835.48876,-88.5676,847.5962,HIT/DEFESA,-21.1,5
2026-03-03 11:00:00,134,6759.25,6864.5969,-88.5676,847.5962,HIT/DEFESA,-21.1,5
2026-03-03 12:00:00,34,6756.05,6830.9494,-72.8806,2680.6061,HIT/DEFESA,-22.8,5
2026-03-03 12:00:00,134,6756.05,6862.9888,-72.8806,2680.6061,HIT/DEFESA,-22.8,5
2026-03-03 14:00:00,34,6785.15,6824.81412,38.3179,462.514,HIT/DEFESA,2.6,5
2026-03-03 14:00:00,134,6785.15,6860.41494,38.3179,462.514,HIT/DEFESA,2.6,5
2026-03-03 15:00:00,34,6760.65,6821.1476,6.8087,310.5668,HIT/DEFESA,66.4,5
2026-03-03 15:00:00,134,6760.65,6858.93694,6.8087,310.5668,HIT/DEFESA,66.4,5
2026-03-03 18:00:00,34,6789.25,6810.37299,42.3036,217.4555,HIT/DEFESA,15.1,5
2026-03-03 18:00:00,134,6789.25,6854.33329,42.3036,217.4555,HIT/DEFESA,15.1,5
2026-03-03 19:00:00,34,6787.75,6809.08025,73.6107,5415.0,HIT/DEFESA,14.3,5
2026-03-03 19:00:00,134,6787.75,6853.34687,73.6107,5415.0,HIT/DEFESA,14.3,5
2026-03-03 23:00:00,34,6804.35,6811.0084,-33.2501,153.6,HIT/DEFESA,-19.3,5
2026-03-03 23:00:00,134,6804.35,6851.33918,-33.2501,153.6,HIT/DEFESA,-19.3,5
2026-03-04 01:00:00,34,6802.05,6810.49649,-36.1812,38250000.0,HIT/DEFESA,-18.4,5
2026-03-04 01:00:00,134,6802.05,6850.60897,-36.1812,38250000.0,HIT/DEFESA,-18.4,5
2026-03-04 02:00:00,34,6812.65,6810.61955,-6.7476,817.7273,HIT/DEFESA,-32.5,5
2026-03-04 02:00:00,134,6812.65,6850.04662,-6.7476,817.7273,HIT/DEFESA,-32.5,5
2026-03-04 03:00:00,34,6798.35,6809.91843,-8.8179,704.3624,HIT/DEFESA,-16.1,5
2026-03-04 03:00:00,134,6798.35,6849.28074,-8.8179,704.3624,HIT/DEFESA,-16.1,5
2026-03-04 09:00:00,34,6799.05,6803.13118,22.7016,339.2308,HIT/DEFESA,20.5,5
2026-03-04 09:00:00,134,6799.05,6843.94429,22.7016,339.2308,HIT/DEFESA,20.5,5
2026-03-04 10:00:00,34,6795.05,6802.66939,21.9759,2493.4211,HIT/DEFESA,44.7,5
2026-03-04 10:00:00,134,6795.05,6843.21993,21.9759,2493.4211,HIT/DEFESA,44.7,5
2026-03-04 11:00:00,34,6816.75,6803.474,50.8681,307.4074,HIT/DEFESA,10.6,5
2026-03-04 11:00:00,134,6816.75,6842.82778,50.8681,307.4074,HIT/DEFESA,10.6,5
2026-03-04 12:00:00,34,6834.55,6805.24977,52.2132,427.3889,HIT/DEFESA,38.4,5
2026-03-04 12:00:00,134,6834.55,6842.70515,52.2132,427.3889,HIT/DEFESA,38.4,5
2026-03-04 13:00:00,34,6824.25,6806.3355,42.9725,598.4158,HIT/DEFESA,48.25,5
2026-03-04 13:00:00,134,6824.25,6842.43174,42.9725,598.4158,HIT/DEFESA,48.25,5
2026-03-04 14:00:00,34,6819.55,6807.09061,4.1075,1321.8,HIT/DEFESA,57.15,5
2026-03-04 14:00:00,134,6819.55,6842.09275,4.1075,1321.8,HIT/DEFESA,57.15,5
2026-03-04 15:00:00,34,6839.75,6808.95686,7.6084,341.1962,HIT/DEFESA,40.5,5
2026-03-04 15:00:00,134,6839.75,6842.05804,7.6084,341.1962,HIT/DEFESA,40.5,5
2026-03-04 16:00:00,34,6827.35,6810.0079,4.5426,899.7541,HIT/DEFESA,55.4,5
2026-03-04 16:00:00,134,6827.35,6841.84015,4.5426,899.7541,HIT/DEFESA,55.4,5
2026-03-04 19:00:00,34,6876.7,6820.38318,72.2828,1073.9024,HIT/DEFESA,0.95,5
2026-03-04 19:00:00,134,6876.7,6843.25141,72.2828,1073.9024,HIT/DEFESA,0.95,5
2026-03-04 20:00:00,34,6880.25,6823.80415,10.6213,1003.0769,HIT/DEFESA,4.4,5
2026-03-04 20:00:00,134,6880.25,6843.79954,10.6213,1003.0769,HIT/DEFESA,4.4,5
2026-03-04 22:00:00,34,6865.3,6829.3512,-16.5777,180.4507,HIT/DEFESA,-7.45,5
2026-03-04 22:00:00,134,6865.3,6844.68656,-16.5777,180.4507,HIT/DEFESA,-7.45,5
2026-03-04 23:00:00,34,6869.05,6831.6197,-16.2785,430.7042,HIT/DEFESA,-20.4,5
2026-03-04 23:00:00,134,6869.05,6845.0475,-16.2785,430.7042,HIT/DEFESA,-20.4,5
2026-03-05 01:00:00,34,6877.65,6834.25,-7.4098,538.8372,HIT/DEFESA,-17.0,5
2026-03-05 01:00:00,134,6877.65,6845.5305,-7.4098,538.8372,HIT/DEFESA,-17.0,5
2026-03-05 04:00:00,34,6857.85,6839.31181,-28.7889,2847.5,HIT/DEFESA,-2.4,5
2026-03-05 04:00:00,134,6857.85,6846.42321,-28.7889,2847.5,HIT/DEFESA,-2.4,5
2026-03-05 06:00:00,34,6860.65,6841.03426,7.2933,324.6341,HIT/DEFESA,3.1,5
2026-03-05 06:00:00,134,6860.65,6846.66648,7.2933,324.6341,HIT/DEFESA,3.1,5
2026-03-05 08:00:00,34,6859.15,6842.372,15.3315,443.6667,HIT/DEFESA,0.2,5
2026-03-05 08:00:00,134,6859.15,6846.85118,15.3315,443.6667,HIT/DEFESA,0.2,5
2026-03-05 09:00:00,34,6855.45,6843.11932,-7.5795,1151.4286,HIT/DEFESA,-0.3,5
2026-03-05 09:00:00,134,6855.45,6846.97857,-7.5795,1151.4286,HIT/DEFESA,-0.3,5
2026-03-05 11:00:00,34,6863.75,6844.66085,6.7064,653.0597,HIT/DEFESA,1.1,5
2026-03-05 11:00:00,134,6863.75,6847.26895,6.7064,653.0597,HIT/DEFESA,1.1,5
2026-03-05 14:00:00,34,6855.15,6846.92991,-12.5296,1052.5,HIT/DEFESA,-77.0,5
2026-03-05 14:00:00,134,6855.15,6847.77313,-12.5296,1052.5,HIT/DEFESA,-77.0,5
2026-03-05 15:00:00,34,6836.85,6846.35392,-36.5785,353.7838,HIT/DEFESA,-57.2,5
2026-03-05 15:00:00,134,6836.85,6847.61131,-36.5785,353.7838,HIT/DEFESA,-57.2,5
2026-03-05 17:00:00,34,6835.15,6846.71022,-29.1751,344.1,HIT/DEFESA,-8.3,5
2026-03-05 17:00:00,134,6835.15,6847.6783,-29.1751,344.1,HIT/DEFESA,-8.3,5
2026-03-05 18:00:00,34,6824.15,6845.42106,-18.5758,841.6071,HIT/DEFESA,-8.0,5
2026-03-05 18:00:00,134,6824.15,6847.32973,-18.5758,841.6071,HIT/DEFESA,-8.0,5
2026-03-05 22:00:00,34,6826.85,6834.49561,71.8485,190.3241,HIT/DEFESA,3.6,5
2026-03-05 22:00:00,134,6826.85,6844.15102,71.8485,190.3241,HIT/DEFESA,3.6,5
2026-03-05 23:00:00,34,6816.15,6833.44729,53.8376,153.7273,HIT/DEFESA,24.95,5
2026-03-05 23:00:00,134,6816.15,6843.73619,53.8376,153.7273,HIT/DEFESA,24.95,5
2026-03-06 01:00:00,34,6832.95,6833.41887,71.9324,170.411,HIT/DEFESA,7.85,5
2026-03-06 01:00:00,134,6832.95,6843.57639,71.9324,170.411,HIT/DEFESA,7.85,5
2026-03-06 02:00:00,34,6834.75,6833.49494,11.572,3883.0,HIT/DEFESA,6.35,5
2026-03-06 02:00:00,134,6834.75,6843.44563,11.572,3883.0,HIT/DEFESA,6.35,5
2026-03-06 03:00:00,34,6832.55,6833.44094,24.0605,2968.0952,HIT/DEFESA,4.8,5
2026-03-06 03:00:00,134,6832.55,6843.28421,24.0605,2968.0952,HIT/DEFESA,4.8,5
2026-03-06 08:00:00,34,6837.35,6834.68257,-5.4816,557.9221,HIT/DEFESA,-49.9,5
2026-03-06 08:00:00,134,6837.35,6842.91864,-5.4816,557.9221,HIT/DEFESA,-49.9,5
2026-03-06 10:00:00,34,6831.45,6834.85708,-14.1059,637.5,HIT/DEFESA,-92.6,5
2026-03-06 10:00:00,134,6831.45,6842.72584,-14.1059,637.5,HIT/DEFESA,-92.6,5
2026-03-06 11:00:00,34,6799.05,6832.81096,-56.0159,243.8438,HIT/DEFESA,-78.2,5
2026-03-06 11:00:00,134,6799.05,6842.07879,-56.0159,243.8438,HIT/DEFESA,-78.2,5
2026-03-06 12:00:00,34,6808.55,6831.42462,-47.9438,638.1522,HIT/DEFESA,-47.0,5
2026-03-06 12:00:00,134,6808.55,6841.58207,-47.9438,638.1522,HIT/DEFESA,-47.0,5
2026-03-06 13:00:00,34,6787.45,6828.91178,-64.408,342.4762,HIT/DEFESA,-25.1,5
2026-03-06 13:00:00,134,6787.45,6840.78011,-64.408,342.4762,HIT/DEFESA,-25.1,5
2026-03-06 14:00:00,34,6783.35,6826.30825,-23.0915,1645.5,HIT/DEFESA,-40.0,5
2026-03-06 14:00:00,134,6783.35,6839.92929,-23.0915,1645.5,HIT/DEFESA,-40.0,5
2026-03-06 17:00:00,34,6761.55,6812.48317,-32.1375,310.4634,HIT/DEFESA,-25.2,5
2026-03-06 17:00:00,134,6761.55,6835.57669,-32.1375,310.4634,HIT/DEFESA,-25.2,5
2026-03-06 20:00:00,34,6752.85,6802.80413,-12.8669,935.6122,HIT/DEFESA,-129.6,5
2026-03-06 20:00:00,134,6752.85,6831.95209,-12.8669,935.6122,HIT/DEFESA,-129.6,5
2026-03-06 22:00:00,34,6736.35,6796.82718,-10.3806,361.2261,HIT/DEFESA,-150.5,5
2026-03-06 22:00:00,134,6736.35,6829.5199,-10.3806,361.2261,HIT/DEFESA,-150.5,5
2026-03-06 23:00:00,34,6735.35,6793.3142,-25.915,4392.0,HIT/DEFESA,-136.9,5
2026-03-06 23:00:00,134,6735.35,6828.12479,-25.915,4392.0,HIT/DEFESA,-136.9,5
2026-03-09 01:00:00,34,6635.85,6784.31624,-187.0651,180.5277,HIT/DEFESA,-31.6,5
2026-03-09 01:00:00,134,6635.85,6825.27627,-187.0651,180.5277,HIT/DEFESA,-31.6,5
2026-03-09 02:00:00,34,6623.25,6775.11246,-167.8951,474.1732,HIT/DEFESA,-16.6,5
2026-03-09 02:00:00,134,6623.25,6822.28329,-167.8951,474.1732,HIT/DEFESA,-16.6,5
2026-03-09 07:00:00,34,6606.65,6730.98132,31.5829,2028.1818,HIT/DEFESA,71.6,5
2026-03-09 07:00:00,134,6606.65,6806.43664,31.5829,2028.1818,HIT/DEFESA,71.6,5
2026-03-09 08:00:00,34,6637.45,6725.63667,59.1048,258.1107,HIT/DEFESA,24.7,5
2026-03-09 08:00:00,134,6637.45,6803.93313,59.1048,258.1107,HIT/DEFESA,24.7,5
2026-03-09 09:00:00,34,6627.85,6720.04886,35.7346,683.1915,HIT/DEFESA,35.4,5
2026-03-09 09:00:00,134,6627.85,6801.32449,35.7346,683.1915,HIT/DEFESA,35.4,5
2026-03-09 10:00:00,34,6637.75,6715.34607,47.0738,771.1458,HIT/DEFESA,27.6,5
2026-03-09 10:00:00,134,6637.75,6798.90117,47.0738,771.1458,HIT/DEFESA,27.6,5
2026-03-09 11:00:00,34,6651.25,6711.68344,20.7911,851.3281,HIT/DEFESA,2.2,5
2026-03-09 11:00:00,134,6651.25,6796.71374,20.7911,851.3281,HIT/DEFESA,2.2,5
2026-03-09 12:00:00,34,6678.25,6709.77296,76.0428,379.6226,HIT/DEFESA,10.2,5
2026-03-09 12:00:00,134,6678.25,6794.95872,76.0428,379.6226,HIT/DEFESA,10.2,5
2026-03-09 13:00:00,34,6662.15,6707.05164,36.7594,531.747,HIT/DEFESA,45.35,5
2026-03-09 13:00:00,134,6662.15,6792.99119,36.7594,531.747,HIT/DEFESA,45.35,5
2026-03-09 14:00:00,34,6663.25,6704.54869,18.0417,18517.5,HIT/DEFESA,62.75,5
2026-03-09 14:00:00,134,6663.25,6791.06909,18.0417,18517.5,HIT/DEFESA,62.75,5
2026-03-09 17:00:00,34,6688.45,6698.88445,37.8194,405.767,HIT/DEFESA,108.5,5
2026-03-09 17:00:00,134,6688.45,6785.73249,37.8194,405.767,HIT/DEFESA,108.5,5
2026-03-09 18:00:00,34,6707.5,6699.37676,63.2375,431.4667,HIT/DEFESA,83.45,5
2026-03-09 18:00:00,134,6707.5,6784.57349,63.2375,431.4667,HIT/DEFESA,83.45,5
2026-03-09 19:00:00,34,6726.0,6700.89809,109.0412,347.8804,HIT/DEFESA,46.25,5
2026-03-09 19:00:00,134,6726.0,6783.70573,109.0412,347.8804,HIT/DEFESA,46.25,5
2026-03-09 20:00:00,34,6700.7,6700.88677,18.3152,256.6275,HIT/DEFESA,65.05,5
2026-03-09 20:00:00,134,6700.7,6782.47602,18.3152,256.6275,HIT/DEFESA,65.05,5
2026-03-09 21:00:00,34,6714.0,6701.6361,9.6906,448.7692,HIT/DEFESA,62.45,5
2026-03-09 21:00:00,134,6714.0,6781.46156,9.6906,448.7692,HIT/DEFESA,62.45,5
2026-03-10 05:00:00,34,6772.25,6727.91938,9.6072,315.2174,HIT/DEFESA,40.8,5
2026-03-10 05:00:00,134,6772.25,6781.31205,9.6072,315.2174,HIT/DEFESA,40.8,5
2026-03-10 08:00:00,34,6783.75,6735.3914,16.9811,341.7213,HIT/DEFESA,24.3,5
2026-03-10 08:00:00,134,6783.75,6780.98473,16.9811,341.7213,HIT/DEFESA,24.3,5
2026-03-10 12:00:00,34,6814.15,6750.40535,44.3688,56060.0,HIT/DEFESA,10.05,5
2026-03-10 12:00:00,134,6814.15,6782.46316,44.3688,56060.0,HIT/DEFESA,10.05,5
2026-03-11 02:00:00,34,6792.35,6776.44477,14.5965,166.4423,HIT/DEFESA,17.95,5
2026-03-11 02:00:00,134,6792.35,6785.47288,14.5965,166.4423,HIT/DEFESA,17.95,5
2026-03-11 07:00:00,34,6810.3,6785.21662,-1.6883,128.7692,HIT/DEFESA,-45.55,5
2026-03-11 07:00:00,134,6810.3,6787.28737,-1.6883,128.7692,HIT/DEFESA,-45.55,5
2026-03-11 08:00:00,34,6797.95,6785.94424,-19.673,242.2041,HIT/DEFESA,-2.9,5
2026-03-11 08:00:00,134,6797.95,6787.44534,-19.673,242.2041,HIT/DEFESA,-2.9,5
2026-03-11 09:00:00,34,6801.05,6786.80743,-22.812,997.1875,HIT/DEFESA,-26.6,5
2026-03-11 09:00:00,134,6801.05,6787.64689,-22.812,997.1875,HIT/DEFESA,-26.6,5
2026-03-11 10:00:00,34,6790.05,6786.99272,-29.7344,391.2844,HIT/DEFESA,-23.5,5
2026-03-11 10:00:00,134,6790.05,6787.68249,-29.7344,391.2844,HIT/DEFESA,-23.5,5
2026-03-11 14:00:00,34,6774.45,6785.09919,-3.689,299.902,HIT/DEFESA,-0.35,5
2026-03-11 14:00:00,134,6774.45,6787.1122,-3.689,299.902,HIT/DEFESA,-0.35,5
2026-03-11 16:00:00,34,6790.85,6784.42842,-6.181,377.3469,HIT/DEFESA,-27.05,5
2026-03-11 16:00:00,134,6790.85,6786.86746,-6.181,377.3469,HIT/DEFESA,-27.05,5
2026-03-11 19:00:00,34,6774.1,6782.55096,-24.6655,330.1176,HIT/DEFESA,-36.95,5
2026-03-11 19:00:00,134,6774.1,6786.26363,-24.6655,330.1176,HIT/DEFESA,-36.95,5
2026-03-11 20:00:00,34,6761.05,6781.32234,-45.6416,577.5686,HIT/DEFESA,-36.9,5
2026-03-11 20:00:00,134,6761.05,6785.8901,-45.6416,577.5686,HIT/DEFESA,-36.9,5
2026-03-12 01:00:00,34,6737.15,6776.72998,-39.4009,163.5857,HIT/DEFESA,-28.8,5
2026-03-12 01:00:00,134,6737.15,6784.38566,-39.4009,163.5857,HIT/DEFESA,-28.8,5
2026-03-12 02:00:00,34,6724.15,6773.72541,-74.4693,379.8437,HIT/DEFESA,-18.5,5
2026-03-12 02:00:00,134,6724.15,6783.49328,-74.4693,379.8437,HIT/DEFESA,-18.5,5
2026-03-12 03:00:00,34,6723.15,6770.83538,-61.6422,2827.6471,HIT/DEFESA,-7.0,5
2026-03-12 03:00:00,134,6723.15,6782.59931,-61.6422,2827.6471,HIT/DEFESA,-7.0,5
2026-03-12 08:00:00,34,6716.15,6755.77146,13.1199,409.5146,HIT/DEFESA,27.7,5
2026-03-12 08:00:00,134,6716.15,6777.51032,13.1199,409.5146,HIT/DEFESA,27.7,5
2026-03-12 09:00:00,34,6725.75,6754.05594,25.9378,308.1633,HIT/DEFESA,12.1,5
2026-03-12 09:00:00,134,6725.75,6776.7435,25.9378,308.1633,HIT/DEFESA,12.1,5
2026-03-12 14:00:00,34,6737.85,6751.51304,-10.9707,796.8966,HIT/DEFESA,-38.4,5
2026-03-12 14:00:00,134,6737.85,6774.40066,-10.9707,796.8966,HIT/DEFESA,-38.4,5
2026-03-12 15:00:00,34,6732.85,6750.44658,-29.3218,1104.3396,HIT/DEFESA,-40.2,5
2026-03-12 15:00:00,134,6732.85,6773.7851,-29.3218,1104.3396,HIT/DEFESA,-40.2,5
2026-03-12 16:00:00,34,6698.85,6747.4982,-66.7275,284.1691,HIT/DEFESA,-14.45,5
2026-03-12 16:00:00,134,6698.85,6772.67495,-66.7275,284.1691,HIT/DEFESA,-14.45,5
2026-03-12 17:00:00,34,6695.65,6744.53545,-62.6313,2697.5676,HIT/DEFESA,-24.2,5
2026-03-12 17:00:00,134,6695.65,6771.53384,-62.6313,2697.5676,HIT/DEFESA,-24.2,5
2026-03-12 18:00:00,34,6703.95,6742.21628,-42.9239,1050.7778,HIT/DEFESA,-23.05,5
2026-03-12 18:00:00,134,6703.95,6770.5326,-42.9239,1050.7778,HIT/DEFESA,-23.05,5
2026-03-12 20:00:00,34,6692.65,6737.07978,-4.4805,1137.2308,HIT/DEFESA,-17.4,5
2026-03-12 20:00:00,134,6692.65,6768.34131,-4.4805,1137.2308,HIT/DEFESA,-17.4,5
2026-03-13 01:00:00,34,6685.95,6725.27418,2.3188,758.9474,HIT/DEFESA,11.05,5
2026-03-13 01:00:00,134,6685.95,6763.26213,2.3188,758.9474,HIT/DEFESA,11.05,5
2026-03-13 02:00:00,34,6675.25,6722.41566,5.6959,250.7547,HIT/DEFESA,11.5,5
2026-03-13 02:00:00,134,6675.25,6761.95824,5.6959,250.7547,HIT/DEFESA,11.5,5
2026-03-13 06:00:00,34,6697.0,6716.91179,-1.1198,623.3333,HIT/DEFESA,-32.55,5
2026-03-13 06:00:00,134,6697.0,6758.14784,-1.1198,623.3333,HIT/DEFESA,-32.55,5
2026-03-13 07:00:00,34,6686.75,6715.18826,-16.4234,212.7273,HIT/DEFESA,-17.4,5
2026-03-13 07:00:00,134,6686.75,6757.09009,-16.4234,212.7273,HIT/DEFESA,-17.4,5
2026-03-13 17:00:00,34,6661.75,6700.63218,-59.2409,206.1754,HIT/DEFESA,-29.05,5
2026-03-13 17:00:00,134,6661.75,6746.58928,-59.2409,206.1754,HIT/DEFESA,-29.05,5
2026-03-13 18:00:00,34,6642.45,6697.30749,-93.9534,514.359,HIT/DEFESA,-20.7,5
2026-03-13 18:00:00,134,6642.45,6745.04648,-93.9534,514.359,HIT/DEFESA,-20.7,5
2026-03-13 21:00:00,34,6651.2,6688.57875,13.1729,363.9344,HIT/DEFESA,10.35,5
2026-03-13 21:00:00,134,6651.2,6740.58851,13.1729,363.9344,HIT/DEFESA,10.35,5
2026-03-16 01:00:00,34,6652.75,6680.09225,2.3304,113.2143,HIT/DEFESA,16.55,5
2026-03-16 01:00:00,134,6652.75,6736.00137,2.3304,113.2143,HIT/DEFESA,16.55,5
2026-03-16 02:00:00,34,6645.95,6678.14126,19.9768,748.7879,HIT/DEFESA,16.1,5
2026-03-16 02:00:00,134,6645.95,6734.66727,19.9768,748.7879,HIT/DEFESA,16.1,5
2026-03-16 03:00:00,34,6661.55,6677.19319,60.105,330.875,HIT/DEFESA,12.75,5
2026-03-16 03:00:00,134,6661.55,6733.58405,60.105,330.875,HIT/DEFESA,12.75,5
2026-03-16 04:00:00,34,6666.15,6676.56215,20.142,1203.6364,HIT/DEFESA,9.9,5
2026-03-16 04:00:00,134,6666.15,6732.58503,20.142,1203.6364,HIT/DEFESA,9.9,5
2026-03-16 05:00:00,34,6658.25,6675.51574,18.5075,538.0769,HIT/DEFESA,3.4,5
2026-03-16 05:00:00,134,6658.25,6731.48377,18.5075,538.0769,HIT/DEFESA,3.4,5
2026-03-16 07:00:00,34,6662.05,6674.41138,-6.1505,239.1608,HIT/DEFESA,-8.9,5
2026-03-16 07:00:00,134,6662.05,6729.54753,-6.1505,239.1608,HIT/DEFESA,-8.9,5
2026-03-16 08:00:00,34,6674.3,6674.40502,24.1054,190.6173,HIT/DEFESA,7.65,5
2026-03-16 08:00:00,134,6674.3,6728.72905,24.1054,190.6173,HIT/DEFESA,7.65,5
2026-03-16 09:00:00,34,6676.05,6674.49901,10.121,1004.8649,HIT/DEFESA,9.0,5
2026-03-16 09:00:00,134,6676.05,6727.94862,10.121,1004.8649,HIT/DEFESA,9.0,5
2026-03-16 13:00:00,34,6681.95,6672.59786,30.4729,197.8547,HIT/DEFESA,12.5,5
2026-03-16 13:00:00,134,6681.95,6724.30882,30.4729,197.8547,HIT/DEFESA,12.5,5
2026-03-16 14:00:00,34,6685.05,6673.30941,32.4156,1300.7895,HIT/DEFESA,8.85,5
2026-03-16 14:00:00,134,6685.05,6723.72721,32.4156,1300.7895,HIT/DEFESA,8.85,5
2026-03-16 15:00:00,34,6691.25,6674.33459,57.2661,784.918,HIT/DEFESA,5.95,5
2026-03-16 15:00:00,134,6691.25,6723.24606,57.2661,784.918,HIT/DEFESA,5.95,5
2026-03-16 18:00:00,34,6694.45,6679.55741,4.7824,446.6667,HIT/DEFESA,0.5,5
2026-03-16 18:00:00,134,6694.45,6722.53306,4.7824,446.6667,HIT/DEFESA,0.5,5
2026-03-16 19:00:00,34,6693.9,6680.37699,-36.6895,15700.0,HIT/DEFESA,-3.15,5
2026-03-16 19:00:00,134,6693.9,6722.10887,-36.6895,15700.0,HIT/DEFESA,-3.15,5
2026-03-16 23:00:00,34,6694.95,6684.33471,-3.3596,414.382,HIT/DEFESA,-15.6,5
2026-03-16 23:00:00,134,6694.95,6720.78844,-3.3596,414.382,HIT/DEFESA,-15.6,5
2026-03-17 01:00:00,34,6690.75,6684.70129,-22.3689,469.5455,HIT/DEFESA,-11.4,5
2026-03-17 01:00:00,134,6690.75,6720.34343,-22.3689,469.5455,HIT/DEFESA,-11.4,5
2026-03-17 02:00:00,34,6698.85,6685.50979,-0.9702,219.5,HIT/DEFESA,-10.5,5
2026-03-17 02:00:00,134,6698.85,6720.02501,-0.9702,219.5,HIT/DEFESA,-10.5,5
2026-03-17 03:00:00,34,6682.65,6685.34638,-18.3721,222.1053,HIT/DEFESA,-12.3,5
2026-03-17 03:00:00,134,6682.65,6719.4713,-18.3721,222.1053,HIT/DEFESA,-12.3,5
2026-03-17 04:00:00,34,6688.6,6685.5323,-3.2134,576.8595,HIT/DEFESA,-20.25,5
2026-03-17 04:00:00,134,6688.6,6719.01395,-3.2134,576.8595,HIT/DEFESA,-20.25,5
2026-03-17 05:00:00,34,6679.35,6685.17902,-29.1095,256.7956,HIT/DEFESA,-6.2,5
2026-03-17 05:00:00,134,6679.35,6718.42634,-29.1095,256.7956,HIT/DEFESA,-6.2,5
2026-03-17 06:00:00,34,6679.35,6684.84594,-4.9382,12180.0,HIT/DEFESA,-4.3,5
2026-03-17 06:00:00,134,6679.35,6717.84743,-4.9382,12180.0,HIT/DEFESA,-4.3,5
2026-03-17 11:00:00,34,6675.05,6682.28199,7.0461,3131.5,HIT/DEFESA,73.95,5
2026-03-17 11:00:00,134,6675.05,6714.76476,7.0461,3131.5,HIT/DEFESA,73.95,5
2026-03-17 12:00:00,34,6694.25,6682.96587,38.8402,239.8969,HIT/DEFESA,45.85,5
2026-03-17 12:00:00,134,6694.25,6714.46084,38.8402,239.8969,HIT/DEFESA,45.85,5
2026-03-17 13:00:00,34,6692.85,6683.53068,29.5213,3040.0,HIT/DEFESA,26.9,5
2026-03-17 13:00:00,134,6692.85,6714.14068,29.5213,3040.0,HIT/DEFESA,26.9,5
2026-03-17 14:00:00,34,6689.15,6683.85179,21.1234,1129.7222,HIT/DEFESA,30.25,5
2026-03-17 14:00:00,134,6689.15,6713.77045,21.1234,1129.7222,HIT/DEFESA,30.25,5
2026-03-17 15:00:00,34,6718.35,6685.82311,36.001,156.5636,HIT/DEFESA,8.5,5
2026-03-17 15:00:00,134,6718.35,6713.83829,36.001,156.5636,HIT/DEFESA,8.5,5
2026-03-17 19:00:00,34,6719.4,6695.35281,-43.8583,18260.0,HIT/DEFESA,-6.05,5
2026-03-17 19:00:00,134,6719.4,6714.8827,-43.8583,18260.0,HIT/DEFESA,-6.05,5
2026-03-17 20:00:00,34,6726.85,6697.15265,-19.6585,811.1724,HIT/DEFESA,-15.2,5
2026-03-17 20:00:00,134,6726.85,6715.05999,-19.6585,811.1724,HIT/DEFESA,-15.2,5
2026-03-17 21:00:00,34,6720.65,6698.49536,1.3393,814.2029,HIT/DEFESA,5.35,5
2026-03-17 21:00:00,134,6720.65,6715.1428,1.3393,814.2029,HIT/DEFESA,5.35,5
2026-03-18 03:00:00,34,6726.0,6703.37817,10.0458,148.3934,HIT/DEFESA,23.65,5
2026-03-18 03:00:00,134,6726.0,6715.31658,10.0458,148.3934,HIT/DEFESA,23.65,5
2026-03-18 04:00:00,34,6731.15,6704.96513,26.5143,296.0396,HIT/DEFESA,22.0,5
2026-03-18 04:00:00,134,6731.15,6715.55115,26.5143,296.0396,HIT/DEFESA,22.0,5
2026-03-18 05:00:00,34,6737.35,6706.8157,38.2916,208.3607,HIT/DEFESA,11.25,5
2026-03-18 05:00:00,134,6737.35,6715.87409,38.2916,208.3607,HIT/DEFESA,11.25,5
2026-03-18 06:00:00,34,6742.35,6708.84623,24.3087,160.4255,HIT/DEFESA,9.3,5
2026-03-18 06:00:00,134,6742.35,6716.26633,24.3087,160.4255,HIT/DEFESA,9.3,5
2026-03-18 07:00:00,34,6744.35,6710.87502,19.6103,404.1176,HIT/DEFESA,6.85,5
2026-03-18 07:00:00,134,6744.35,6716.68238,19.6103,404.1176,HIT/DEFESA,6.85,5
2026-03-18 12:00:00,34,6751.2,6721.06839,-2.8875,9356.0,HIT/DEFESA,-70.9,5
2026-03-18 12:00:00,134,6751.2,6719.13977,-2.8875,9356.0,HIT/DEFESA,-70.9,5
2026-03-18 13:00:00,34,6748.35,6722.62734,-0.3704,589.1803,HIT/DEFESA,-68.75,5
2026-03-18 13:00:00,134,6748.35,6719.57252,-0.3704,589.1803,HIT/DEFESA,-68.75,5
2026-03-18 14:00:00,34,6737.95,6723.50292,-20.2913,442.7451,HIT/DEFESA,-63.65,5
2026-03-18 14:00:00,134,6737.95,6719.84478,-20.2913,442.7451,HIT/DEFESA,-63.65,5
2026-03-18 15:00:00,34,6682.15,6721.1399,-102.2781,148.2918,HIT/DEFESA,-5.65,5
2026-03-18 15:00:00,134,6682.15,6719.28634,-102.2781,148.2918,HIT/DEFESA,-5.65,5
2026-03-18 16:00:00,34,6700.95,6719.98619,-70.2394,501.8579,HIT/DEFESA,-58.9,5
2026-03-18 16:00:00,134,6700.95,6719.01469,-70.2394,501.8579,HIT/DEFESA,-58.9,5
2026-03-18 17:00:00,34,6680.3,6717.71841,-85.5601,412.8606,HIT/DEFESA,-56.45,5
2026-03-18 17:00:00,134,6680.3,6718.44113,-85.5601,412.8606,HIT/DEFESA,-56.45,5
2026-03-18 18:00:00,34,6679.6,6715.54021,-3.8161,9498.3333,HIT/DEFESA,-68.25,5
2026-03-18 18:00:00,134,6679.6,6717.86571,-3.8161,9498.3333,HIT/DEFESA,-68.25,5
2026-03-18 19:00:00,34,6674.3,6713.18363,-39.7705,972.6,HIT/DEFESA,-63.85,5
2026-03-18 19:00:00,134,6674.3,6717.22029,-39.7705,972.6,HIT/DEFESA,-63.85,5
2026-03-18 20:00:00,34,6676.5,6711.08742,-5.6884,2318.9474,HIT/DEFESA,-59.35,5
2026-03-18 20:00:00,134,6676.5,6716.61703,-5.6884,2318.9474,HIT/DEFESA,-59.35,5
2026-03-18 21:00:00,34,6642.05,6707.14243,-56.2159,258.7554,HIT/DEFESA,-25.2,5
2026-03-18 21:00:00,134,6642.05,6715.51233,-56.2159,258.7554,HIT/DEFESA,-25.2,5
2026-03-18 22:00:00,34,6623.85,6702.38286,-75.5885,326.9565,HIT/DEFESA,-3.1,5
2026-03-18 22:00:00,134,6623.85,6714.15437,-75.5885,326.9565,HIT/DEFESA,-3.1,5
2026-03-19 07:00:00,34,6622.75,6671.90897,3.0208,378.7879,HIT/DEFESA,1.0,5
2026-03-19 07:00:00,134,6622.75,6703.62481,3.0208,378.7879,HIT/DEFESA,1.0,5
2026-03-19 09:00:00,34,6618.45,6665.72071,-16.5926,831.6667,HIT/DEFESA,-11.6,5
2026-03-19 09:00:00,134,6618.45,6701.05121,-16.5926,831.6667,HIT/DEFESA,-11.6,5
2026-03-19 10:00:00,34,6606.25,6662.32239,-24.9141,462.8926,HIT/DEFESA,-30.0,5
2026-03-19 10:00:00,134,6606.25,6699.64674,-24.9141,462.8926,HIT/DEFESA,-30.0,5
2026-03-19 11:00:00,34,6604.45,6659.01539,-14.0616,4070.5,HIT/DEFESA,-10.5,5
2026-03-19 11:00:00,134,6604.45,6698.23642,-14.0616,4070.5,HIT/DEFESA,-10.5,5
2026-03-19 16:00:00,34,6593.95,6644.46117,-30.9928,716.9591,HIT/DEFESA,-0.9,5
2026-03-19 16:00:00,134,6593.95,6691.37047,-30.9928,716.9591,HIT/DEFESA,-0.9,5
2026-03-19 18:00:00,34,6586.75,6637.98401,15.9665,8623.6364,HIT/DEFESA,31.1,5
2026-03-19 18:00:00,134,6586.75,6688.2746,15.9665,8623.6364,HIT/DEFESA,31.1,5
2026-03-19 21:00:00,34,6593.05,6629.34926,9.5647,391.245,HIT/DEFESA,24.4,5
2026-03-19 21:00:00,134,6593.05,6683.72684,9.5647,391.245,HIT/DEFESA,24.4,5
2026-03-19 22:00:00,34,6606.85,6628.06359,42.0264,850.6667,HIT/DEFESA,16.3,5
2026-03-19 22:00:00,134,6606.85,6682.58792,42.0264,850.6667,HIT/DEFESA,16.3,5
2026-03-19 23:00:00,34,6617.85,6627.47996,56.3001,157.807,HIT/DEFESA,4.6,5
2026-03-19 23:00:00,134,6617.85,6681.62884,56.3001,157.807,HIT/DEFESA,4.6,5
2026-03-20 03:00:00,34,6617.45,6626.43533,-0.6044,777.1053,HIT/DEFESA,-1.95,5
2026-03-20 03:00:00,134,6617.45,6678.97967,-0.6044,777.1053,HIT/DEFESA,-1.95,5
2026-03-20 04:00:00,34,6623.15,6626.2476,-2.3397,635.1852,HIT/DEFESA,-21.3,5
2026-03-20 04:00:00,134,6623.15,6678.15256,-2.3397,635.1852,HIT/DEFESA,-21.3,5
2026-03-20 07:00:00,34,6613.95,6624.97495,-13.8907,227.2222,HIT/DEFESA,-33.6,5
2026-03-20 07:00:00,134,6613.95,6675.54076,-13.8907,227.2222,HIT/DEFESA,-33.6,5
2026-03-20 08:00:00,34,6615.5,6624.43352,-10.4946,978.6667,HIT/DEFESA,-43.25,5
2026-03-20 08:00:00,134,6615.5,6674.65126,-10.4946,978.6667,HIT/DEFESA,-43.25,5
2026-03-20 09:00:00,34,6601.85,6623.14304,-26.287,165.0936,HIT/DEFESA,-19.2,5
2026-03-20 09:00:00,134,6601.85,6673.57273,-26.287,165.0936,HIT/DEFESA,-19.2,5
2026-03-20 11:00:00,34,6610.15,6622.13695,-8.0871,650.7229,HIT/DEFESA,-54.7,5
2026-03-20 11:00:00,134,6610.15,6671.82568,-8.0871,650.7229,HIT/DEFESA,-54.7,5
2026-03-20 12:00:00,34,6580.35,6619.74913,-32.5666,226.0667,HIT/DEFESA,-35.1,5
2026-03-20 12:00:00,134,6580.35,6670.47048,-32.5666,226.0667,HIT/DEFESA,-35.1,5
2026-03-20 13:00:00,34,6572.25,6617.03489,-69.5048,905.4878,HIT/DEFESA,-18.5,5
2026-03-20 13:00:00,134,6572.25,6669.01536,-69.5048,905.4878,HIT/DEFESA,-18.5,5
2026-03-20 14:00:00,34,6582.65,6615.07004,-41.6027,584.6078,HIT/DEFESA,-30.9,5
2026-03-20 14:00:00,134,6582.65,6667.73588,-41.6027,584.6078,HIT/DEFESA,-30.9,5
2026-03-20 16:00:00,34,6555.45,6610.40675,-25.562,253.2055,HIT/DEFESA,-49.3,5
2026-03-20 16:00:00,134,6555.45,6664.96334,-25.562,253.2055,HIT/DEFESA,-49.3,5
2026-03-20 17:00:00,34,6545.25,6606.68351,-56.816,1039.1753,HIT/DEFESA,-33.4,5
2026-03-20 17:00:00,134,6545.25,6663.18981,-56.816,1039.1753,HIT/DEFESA,-33.4,5
2026-03-20 18:00:00,34,6553.75,6603.65874,-57.6478,1019.3182,HIT/DEFESA,-18.0,5
2026-03-20 18:00:00,134,6553.75,6661.56848,-57.6478,1019.3182,HIT/DEFESA,-18.0,5
2026-03-20 19:00:00,34,6551.75,6600.69253,-5.6442,3004.0909,HIT/DEFESA,-56.4,5
2026-03-20 19:00:00,134,6551.75,6659.94154,-5.6442,3004.0909,HIT/DEFESA,-56.4,5
2026-03-20 20:00:00,34,6539.4,6597.1901,-8.9378,516.8127,HIT/DEFESA,-50.95,5
2026-03-20 20:00:00,134,6539.4,6658.15574,-8.9378,516.8127,HIT/DEFESA,-50.95,5
2026-03-20 21:00:00,34,6506.15,6591.9878,-72.6302,199.2825,HIT/DEFESA,-31.3,5
2026-03-20 21:00:00,134,6506.15,6655.9038,-72.6302,199.2825,HIT/DEFESA,-31.3,5
2026-03-20 22:00:00,34,6511.85,6587.4085,-60.8998,1246.3636,HIT/DEFESA,-13.9,5
2026-03-20 22:00:00,134,6511.85,6653.76967,-60.8998,1246.3636,HIT/DEFESA,-13.9,5
2026-03-20 23:00:00,34,6535.75,6584.45659,-5.5816,106.3855,HIT/DEFESA,-46.7,5
2026-03-20 23:00:00,134,6535.75,6652.02123,-5.5816,106.3855,HIT/DEFESA,-46.7,5
2026-03-23 01:00:00,34,6495.35,6579.36478,-16.5997,339.0099,HIT/DEFESA,-22.0,5
2026-03-23 01:00:00,134,6495.35,6649.70018,-16.5997,339.0099,HIT/DEFESA,-22.0,5
2026-03-23 02:00:00,34,6488.45,6574.16965,-35.9345,688.5294,HIT/DEFESA,-4.9,5
2026-03-23 02:00:00,134,6488.45,6647.31129,-35.9345,688.5294,HIT/DEFESA,-4.9,5
2026-03-23 06:00:00,34,6473.35,6555.1936,-2.3167,279.1824,HIT/DEFESA,-5.8,5
2026-03-23 06:00:00,134,6473.35,6637.83342,-2.3167,279.1824,HIT/DEFESA,-5.8,5
2026-03-23 07:00:00,34,6483.55,6551.09968,-22.1608,377.6289,HIT/DEFESA,-28.6,5
2026-03-23 07:00:00,134,6483.55,6635.54774,-22.1608,377.6289,HIT/DEFESA,-28.6,5
2026-03-23 08:00:00,34,6478.85,6546.97113,-15.7188,1041.1111,HIT/DEFESA,-23.5,5
2026-03-23 08:00:00,134,6478.85,6633.22629,-15.7188,1041.1111,HIT/DEFESA,-23.5,5
2026-03-23 12:00:00,34,6454.95,6527.79993,3.7195,653.8346,HIT/DEFESA,182.6,5
2026-03-23 12:00:00,134,6454.95,6622.92047,3.7195,653.8346,HIT/DEFESA,182.6,5
2026-03-23 13:00:00,34,6455.35,6523.65993,13.9614,16556.0,HIT/DEFESA,130.5,5
2026-03-23 13:00:00,134,6455.35,6620.43795,13.9614,16556.0,HIT/DEFESA,130.5,5
2026-03-23 18:00:00,34,6585.85,6547.14021,-80.7296,227.8654,HIT/DEFESA,-5.0,5
2026-03-23 18:00:00,134,6585.85,6620.11094,-80.7296,227.8654,HIT/DEFESA,-5.0,5
2026-03-23 20:00:00,34,6606.75,6552.39501,-46.4027,409.7189,HIT/DEFESA,-12.4,5
2026-03-23 20:00:00,134,6606.75,6619.34873,-46.4027,409.7189,HIT/DEFESA,-12.4,5
2026-03-23 22:00:00,34,6580.55,6557.41997,-1.3675,172.0685,HIT/DEFESA,-32.2,5
2026-03-23 22:00:00,134,6580.55,6618.72214,-1.3675,172.0685,HIT/DEFESA,-32.2,5
2026-03-23 23:00:00,34,6580.85,6558.75883,-39.2023,4230.0,HIT/DEFESA,-34.7,5
2026-03-23 23:00:00,134,6580.85,6618.16107,-39.2023,4230.0,HIT/DEFESA,-34.7,5
2026-03-24 01:00:00,34,6600.35,6561.13547,-23.3532,133.871,HIT/DEFESA,-47.9,5
2026-03-24 01:00:00,134,6600.35,6617.8972,-23.3532,133.871,HIT/DEFESA,-47.9,5
2026-03-24 03:00:00,34,6562.45,6563.0001,-27.9599,260.8075,HIT/DEFESA,-15.3,5
2026-03-24 03:00:00,134,6562.45,6616.73208,-27.9599,260.8075,HIT/DEFESA,-15.3,5
2026-03-24 08:00:00,34,6547.15,6559.25201,1.5276,11690.0,HIT/DEFESA,32.3,5
2026-03-24 08:00:00,134,6547.15,6611.8115,1.5276,11690.0,HIT/DEFESA,32.3,5
2026-03-24 09:00:00,34,6574.15,6560.10332,33.1174,182.0818,HIT/DEFESA,2.2,5
2026-03-24 09:00:00,134,6574.15,6611.25355,33.1174,182.0818,HIT/DEFESA,2.2,5
2026-03-24 13:00:00,34,6579.45,6564.62465,-23.2003,3739.4737,HIT/DEFESA,-4.3,5
2026-03-24 13:00:00,134,6579.45,6609.54984,-23.2003,3739.4737,HIT/DEFESA,-4.3,5
2026-03-24 17:00:00,34,6564.25,6563.02717,-18.3993,536.4567,HIT/DEFESA,-7.6,5
2026-03-24 17:00:00,134,6564.25,6606.51821,-18.3993,536.4567,HIT/DEFESA,-7.6,5
2026-03-24 18:00:00,34,6575.15,6563.71991,39.3932,921.6822,HIT/DEFESA,22.2,5
2026-03-24 18:00:00,134,6575.15,6606.0535,39.3932,921.6822,HIT/DEFESA,22.2,5
2026-03-24 19:00:00,34,6576.15,6564.4302,56.2747,9397.5,HIT/DEFESA,29.2,5
2026-03-24 19:00:00,134,6576.15,6605.61048,56.2747,9397.5,HIT/DEFESA,29.2,5
2026-03-24 20:00:00,34,6567.65,6564.61419,5.1796,1086.2069,HIT/DEFESA,33.5,5
2026-03-24 20:00:00,134,6567.65,6605.04811,5.1796,1086.2069,HIT/DEFESA,33.5,5
2026-03-25 02:00:00,34,6601.15,6570.56365,67.87,612.439,HIT/DEFESA,6.5,5
2026-03-25 02:00:00,134,6601.15,6603.75328,67.87,612.439,HIT/DEFESA,6.5,5
2026-03-25 04:00:00,34,6602.35,6574.55054,-4.5418,560.0,HIT/DEFESA,-4.0,5
2026-03-25 04:00:00,134,6602.35,6603.83607,-4.5418,560.0,HIT/DEFESA,-4.0,5
2026-03-25 07:00:00,34,6607.65,6578.43982,8.0274,226.4,HIT/DEFESA,1.5,5
2026-03-25 07:00:00,134,6607.65,6603.5941,8.0274,226.4,HIT/DEFESA,1.5,5
2026-03-25 08:00:00,34,6598.15,6579.56611,14.1148,339.5876,HIT/DEFESA,10.5,5
2026-03-25 08:00:00,134,6598.15,6603.51345,14.1148,339.5876,HIT/DEFESA,10.5,5
2026-03-25 09:00:00,34,6598.35,6580.63948,0.3031,32900.0,HIT/DEFESA,22.5,5
2026-03-25 09:00:00,134,6598.35,6603.43695,0.3031,32900.0,HIT/DEFESA,22.5,5
2026-03-25 12:00:00,34,6609.15,6584.92176,16.3677,3060.0,HIT/DEFESA,3.8,5
2026-03-25 12:00:00,134,6609.15,6603.59466,16.3677,3060.0,HIT/DEFESA,3.8,5
2026-03-25 17:00:00,34,6612.95,6590.86637,-11.932,466.7965,HIT/DEFESA,-19.8,5
2026-03-25 17:00:00,134,6612.95,6603.94323,-11.932,466.7965,HIT/DEFESA,-19.8,5
2026-03-25 18:00:00,34,6595.45,6591.12829,-23.1441,594.3503,HIT/DEFESA,-4.0,5
2026-03-25 18:00:00,134,6595.45,6603.81741,-23.1441,594.3503,HIT/DEFESA,-4.0,5
2026-03-25 20:00:00,34,6604.95,6592.57927,-12.0975,4739.3103,HIT/DEFESA,-23.5,5
2026-03-25 20:00:00,134,6604.95,6603.8281,-12.0975,4739.3103,HIT/DEFESA,-23.5,5
2026-03-25 21:00:00,34,6590.65,6592.46903,-7.2777,372.7778,HIT/DEFESA,-5.5,5
2026-03-25 21:00:00,134,6590.65,6603.63286,-7.2777,372.7778,HIT/DEFESA,-5.5,5
2026-03-25 22:00:00,34,6593.15,6592.50794,-15.5223,1857.7778,HIT/DEFESA,-6.1,5
2026-03-25 22:00:00,134,6593.15,6603.47756,-15.5223,1857.7778,HIT/DEFESA,-6.1,5
2026-03-25 23:00:00,34,6591.45,6592.44749,-20.4392,648.0,HIT/DEFESA,-20.0,5
2026-03-25 23:00:00,134,6591.45,6603.29938,-20.4392,648.0,HIT/DEFESA,-20.0,5
2026-03-26 02:00:00,34,6581.45,6591.21038,-17.7457,20760.0,HIT/DEFESA,-3.5,5
2026-03-26 02:00:00,134,6581.45,6602.65241,-17.7457,20760.0,HIT/DEFESA,-3.5,5
2026-03-26 03:00:00,34,6585.15,6590.86407,-9.5578,1055.3333,HIT/DEFESA,-20.7,5
2026-03-26 03:00:00,134,6585.15,6602.39311,-9.5578,1055.3333,HIT/DEFESA,-20.7,5
2026-03-26 05:00:00,34,6571.45,6589.5492,-15.1942,278.5806,HIT/DEFESA,-5.3,5
2026-03-26 05:00:00,134,6571.45,6601.71076,-15.1942,278.5806,HIT/DEFESA,-5.3,5
2026-03-26 07:00:00,34,6577.95,6588.96186,-13.815,182.197,HIT/DEFESA,-35.5,5
2026-03-26 07:00:00,134,6577.95,6601.20169,-13.815,182.197,HIT/DEFESA,-35.5,5
2026-03-26 08:00:00,34,6564.45,6587.56118,-10.6521,285.8993,HIT/DEFESA,-18.4,5
2026-03-26 08:00:00,134,6564.45,6600.65722,-10.6521,285.8993,HIT/DEFESA,-18.4,5
2026-03-26 09:00:00,34,6571.55,6586.64626,-29.4343,544.1429,HIT/DEFESA,-40.5,5
2026-03-26 09:00:00,134,6571.55,6600.226,-29.4343,544.1429,HIT/DEFESA,-40.5,5
2026-03-26 10:00:00,34,6566.15,6585.47504,-17.9387,891.8868,HIT/DEFESA,-28.2,5
2026-03-26 10:00:00,134,6566.15,6599.72117,-17.9387,891.8868,HIT/DEFESA,-28.2,5
2026-03-26 13:00:00,34,6546.05,6579.27727,-30.6115,1298.2927,HIT/DEFESA,-6.4,5
2026-03-26 13:00:00,134,6546.05,6597.42481,-30.6115,1298.2927,HIT/DEFESA,-6.4,5
2026-03-26 14:00:00,34,6531.05,6576.52142,-34.1805,302.1739,HIT/DEFESA,-10.65,5
2026-03-26 14:00:00,134,6531.05,6596.44148,-34.1805,302.1739,HIT/DEFESA,-10.65,5
2026-03-26 15:00:00,34,6537.95,6574.31734,-6.8782,876.9841,HIT/DEFESA,-47.55,5
2026-03-26 15:00:00,134,6537.95,6595.57494,-6.8782,876.9841,HIT/DEFESA,-47.55,5
2026-03-26 19:00:00,34,6520.4,6567.71414,-74.9659,330.0787,HIT/DEFESA,-20.85,5
2026-03-26 19:00:00,134,6520.4,6592.56705,-74.9659,330.0787,HIT/DEFESA,-20.85,5
2026-03-26 21:00:00,34,6498.4,6559.58784,-63.0768,585.122,HIT/DEFESA,-8.85,5
2026-03-26 21:00:00,134,6498.4,6589.68082,-63.0768,585.122,HIT/DEFESA,-8.85,5
2026-03-27 01:00:00,34,6499.55,6548.01348,1.7697,400.6593,HIT/DEFESA,4.75,5
2026-03-27 01:00:00,134,6499.55,6585.21536,1.7697,400.6593,HIT/DEFESA,4.75,5
2026-03-27 02:00:00,34,6503.95,6545.49556,44.4777,547.4468,HIT/DEFESA,4.85,5
2026-03-27 02:00:00,134,6503.95,6584.01143,44.4777,547.4468,HIT/DEFESA,4.85,5
2026-03-27 03:00:00,34,6489.55,6542.29868,2.3119,355.679,HIT/DEFESA,23.5,5
2026-03-27 03:00:00,134,6489.55,6582.612,2.3119,355.679,HIT/DEFESA,23.5,5
2026-03-27 04:00:00,34,6500.25,6539.89589,1.077,364.381,HIT/DEFESA,7.7,5
2026-03-27 04:00:00,134,6500.25,6581.39183,1.077,364.381,HIT/DEFESA,7.7,5
2026-03-27 10:00:00,34,6500.05,6529.49369,-13.4433,424.0244,HIT/DEFESA,-56.0,5
2026-03-27 10:00:00,134,6500.05,6574.82975,-13.4433,424.0244,HIT/DEFESA,-56.0,5
2026-03-27 11:00:00,34,6476.85,6526.48548,-55.5807,310.8439,HIT/DEFESA,-64.6,5
2026-03-27 11:00:00,134,6476.85,6573.3782,-55.5807,310.8439,HIT/DEFESA,-64.6,5
2026-03-27 12:00:00,34,6468.85,6523.19202,-60.0804,697.3034,HIT/DEFESA,-43.2,5
2026-03-27 12:00:00,134,6468.85,6571.82964,-60.0804,697.3034,HIT/DEFESA,-43.2,5
2026-03-27 13:00:00,34,6451.05,6519.06962,-75.384,324.2938,HIT/DEFESA,-24.6,5
2026-03-27 13:00:00,134,6451.05,6570.04031,-75.384,324.2938,HIT/DEFESA,-24.6,5
2026-03-27 14:00:00,34,6455.35,6515.4285,-33.1951,1359.5,HIT/DEFESA,-44.65,5
2026-03-27 14:00:00,134,6455.35,6568.34119,-33.1951,1359.5,HIT/DEFESA,-44.65,5
2026-03-27 15:00:00,34,6444.05,6511.34973,-38.3376,449.9153,HIT/DEFESA,-58.25,5
2026-03-27 15:00:00,134,6444.05,6566.49984,-38.3376,449.9153,HIT/DEFESA,-58.25,5
2026-03-27 16:00:00,34,6412.25,6505.68689,-60.1452,317.9567,HIT/DEFESA,-34.45,5
2026-03-27 16:00:00,134,6412.25,6564.21466,-60.1452,317.9567,HIT/DEFESA,-34.45,5
2026-03-27 17:00:00,34,6425.65,6501.11335,-46.0083,827.1429,HIT/DEFESA,-62.2,5
2026-03-27 17:00:00,134,6425.65,6562.16185,-46.0083,827.1429,HIT/DEFESA,-62.2,5
2026-03-27 18:00:00,34,6426.45,6496.84687,-27.312,19858.0,HIT/DEFESA,-72.2,5
2026-03-27 18:00:00,134,6426.45,6560.1513,-27.312,19858.0,HIT/DEFESA,-72.2,5
2026-03-27 19:00:00,34,6410.7,6491.9242,-2.4172,380.5471,HIT/DEFESA,-69.85,5
2026-03-27 19:00:00,134,6410.7,6557.93721,-2.4172,380.5471,HIT/DEFESA,-69.85,5
2026-03-27 20:00:00,34,6385.8,6485.85996,-62.0171,221.0236,HIT/DEFESA,-59.95,5
2026-03-27 20:00:00,134,6385.8,6555.38703,-62.0171,221.0236,HIT/DEFESA,-59.95,5
2026-03-27 21:00:00,34,6377.8,6479.6851,-75.7028,671.9481,HIT/DEFESA,-48.85,5
2026-03-27 21:00:00,134,6377.8,6552.75611,-75.7028,671.9481,HIT/DEFESA,-48.85,5
2026-03-27 22:00:00,34,6363.45,6473.0431,-73.7049,403.274,HIT/DEFESA,-20.7,5
2026-03-27 22:00:00,134,6363.45,6549.95158,-73.7049,403.274,HIT/DEFESA,-20.7,5
2026-03-30 04:00:00,34,6342.75,6438.66104,2.9964,532.8889,HIT/DEFESA,44.9,5
2026-03-30 04:00:00,134,6342.75,6534.74055,2.9964,532.8889,HIT/DEFESA,44.9,5
2026-03-30 05:00:00,34,6355.25,6433.89469,46.476,425.6098,HIT/DEFESA,38.2,5
2026-03-30 05:00:00,134,6355.25,6532.08143,46.476,425.6098,HIT/DEFESA,38.2,5
2026-03-30 06:00:00,34,6366.45,6430.04071,59.2515,352.9204,HIT/DEFESA,37.8,5
2026-03-30 06:00:00,134,6366.45,6529.62763,59.2515,352.9204,HIT/DEFESA,37.8,5
2026-03-30 07:00:00,34,6369.75,6426.59553,42.5683,943.3333,HIT/DEFESA,25.9,5
2026-03-30 07:00:00,134,6369.75,6527.25907,42.5683,943.3333,HIT/DEFESA,25.9,5
2026-03-30 08:00:00,34,6375.35,6423.66721,31.6274,695.2727,HIT/DEFESA,25.4,5
2026-03-30 08:00:00,134,6375.35,6525.00856,31.6274,695.2727,HIT/DEFESA,25.4,5
2026-03-30 09:00:00,34,6387.65,6421.60908,33.2996,352.88,HIT/DEFESA,20.6,5
2026-03-30 09:00:00,134,6387.65,6522.97362,33.2996,352.88,HIT/DEFESA,20.6,5
2026-03-30 10:00:00,34,6393.45,6419.99999,37.2071,920.6557,HIT/DEFESA,28.8,5
2026-03-30 10:00:00,134,6393.45,6521.05475,37.2071,920.6557,HIT/DEFESA,28.8,5
2026-03-30 12:00:00,34,6395.65,6417.75999,12.5242,535.2273,HIT/DEFESA,4.4,5
2026-03-30 12:00:00,134,6395.65,6517.4921,12.5242,535.2273,HIT/DEFESA,4.4,5
2026-03-30 16:00:00,34,6375.95,6414.31495,-38.7455,191.1111,HIT/DEFESA,-33.85,5
2026-03-30 16:00:00,134,6375.95,6510.78051,-38.7455,191.1111,HIT/DEFESA,-33.85,5
2026-03-30 17:00:00,34,6400.05,6413.49981,-12.796,493.6214,HIT/DEFESA,-54.9,5
2026-03-30 17:00:00,134,6400.05,6509.14006,-12.796,493.6214,HIT/DEFESA,-54.9,5
2026-03-30 18:00:00,34,6398.15,6412.62268,-37.5258,5235.8824,HIT/DEFESA,-58.55,5
2026-03-30 18:00:00,134,6398.15,6507.49576,-37.5258,5235.8824,HIT/DEFESA,-58.55,5
2026-03-30 20:00:00,34,6360.1,6407.72367,-62.4214,385.0857,HIT/DEFESA,-29.95,5
2026-03-30 20:00:00,134,6360.1,6503.41333,-62.4214,385.0857,HIT/DEFESA,-29.95,5
2026-03-31 03:00:00,34,6369.15,6389.10073,46.6118,258.7339,HIT/DEFESA,26.5,5
2026-03-31 03:00:00,134,6369.15,6489.82207,46.6118,258.7339,HIT/DEFESA,26.5,5
2026-03-31 05:00:00,34,6407.85,6390.70277,122.7459,695.6818,HIT/DEFESA,4.5,5
2026-03-31 05:00:00,134,6407.85,6487.28136,122.7459,695.6818,HIT/DEFESA,4.5,5
2026-03-31 08:00:00,34,6395.65,6391.53134,-19.0391,1375.7895,HIT/DEFESA,-2.8,5
2026-03-31 08:00:00,134,6395.65,6483.27951,-19.0391,1375.7895,HIT/DEFESA,-2.8,5
2026-03-31 11:00:00,34,6397.85,6392.9693,3.4398,492.782,HIT/DEFESA,54.1,5
2026-03-31 11:00:00,134,6397.85,6479.64672,3.4398,492.782,HIT/DEFESA,54.1,5
2026-03-31 12:00:00,34,6395.85,6393.13391,8.1369,2652.8571,HIT/DEFESA,14.8,5
2026-03-31 12:00:00,134,6395.85,6478.40528,8.1369,2652.8571,HIT/DEFESA,14.8,5
2026-03-31 14:00:00,34,6410.85,6394.13096,20.3193,497.033,HIT/DEFESA,80.6,5
2026-03-31 14:00:00,134,6410.85,6476.15576,20.3193,497.033,HIT/DEFESA,80.6,5
2026-03-31 15:00:00,34,6410.85,6395.08633,23.4527,42150.0,HIT/DEFESA,77.9,5
2026-03-31 15:00:00,134,6410.85,6475.18826,23.4527,42150.0,HIT/DEFESA,77.9,5
2026-03-31 16:00:00,34,6451.95,6398.33569,92.447,237.8713,HIT/DEFESA,59.25,5
2026-03-31 16:00:00,134,6451.95,6474.84399,92.447,237.8713,HIT/DEFESA,59.25,5
2026-03-31 18:00:00,34,6421.95,6400.34854,17.3144,881.3158,HIT/DEFESA,101.0,5
2026-03-31 18:00:00,134,6421.95,6473.12345,17.3144,881.3158,HIT/DEFESA,101.0,5
2026-03-31 19:00:00,34,6491.45,6405.55434,61.2218,169.3172,HIT/DEFESA,38.8,5
2026-03-31 19:00:00,134,6491.45,6473.39495,61.2218,169.3172,HIT/DEFESA,38.8,5
2026-03-31 20:00:00,34,6488.75,6410.30838,121.8285,5469.1667,HIT/DEFESA,58.5,5
2026-03-31 20:00:00,134,6488.75,6473.62243,121.8285,5469.1667,HIT/DEFESA,58.5,5
2026-03-31 21:00:00,34,6511.2,6416.07361,138.9765,326.0754,HIT/DEFESA,38.75,5
2026-03-31 21:00:00,134,6511.2,6474.17914,138.9765,326.0754,HIT/DEFESA,38.75,5
2026-03-31 22:00:00,34,6526.15,6422.36369,53.4549,420.198,HIT/DEFESA,12.6,5
2026-03-31 22:00:00,134,6526.15,6474.94908,53.4549,420.198,HIT/DEFESA,12.6,5
2026-03-31 23:00:00,34,6522.95,6428.11148,52.7066,720.8571,HIT/DEFESA,12.9,5
2026-03-31 23:00:00,134,6522.95,6475.6602,52.7066,720.8571,HIT/DEFESA,12.9,5
2026-04-01 01:00:00,34,6530.25,6433.94797,29.2573,293.1429,HIT/DEFESA,7.7,5
2026-04-01 01:00:00,134,6530.25,6476.46894,29.2573,293.1429,HIT/DEFESA,7.7,5
2026-04-01 03:00:00,34,6549.95,6446.68109,41.3923,1803.3333,HIT/DEFESA,0.3,5
2026-04-01 03:00:00,134,6549.95,6478.59062,41.3923,1803.3333,HIT/DEFESA,0.3,5
2026-04-01 04:00:00,34,6538.75,6451.94217,13.0163,489.7391,HIT/DEFESA,38.8,5
2026-04-01 04:00:00,134,6538.75,6479.48187,13.0163,489.7391,HIT/DEFESA,38.8,5
2026-04-01 07:00:00,34,6543.1,6466.0475,6.6526,305.3333,HIT/DEFESA,17.15,5
2026-04-01 07:00:00,134,6543.1,6482.08825,6.6526,305.3333,HIT/DEFESA,17.15,5
2026-04-01 08:00:00,34,6550.25,6470.85907,22.0323,416.3121,HIT/DEFESA,23.0,5
2026-04-01 08:00:00,134,6550.25,6483.09805,22.0323,416.3121,HIT/DEFESA,23.0,5
2026-04-01 09:00:00,34,6577.55,6476.9557,60.5694,205.0923,HIT/DEFESA,7.4,5
2026-04-01 09:00:00,134,6577.55,6484.49734,60.5694,205.0923,HIT/DEFESA,7.4,5
2026-04-01 11:00:00,34,6558.85,6485.98837,13.1293,7392.2222,HIT/DEFESA,9.2,5
2026-04-01 11:00:00,134,6558.85,6486.66801,13.1293,7392.2222,HIT/DEFESA,9.2,5
2026-04-01 13:00:00,34,6573.25,6494.97578,23.6362,377.1094,HIT/DEFESA,30.15,5
2026-04-01 13:00:00,134,6573.25,6489.02466,23.6362,377.1094,HIT/DEFESA,30.15,5
2026-04-01 14:00:00,34,6584.95,6500.11717,39.7936,378.4483,HIT/DEFESA,17.7,5
2026-04-01 14:00:00,134,6584.95,6490.44577,39.7936,378.4483,HIT/DEFESA,17.7,5
2026-04-01 22:00:00,34,6576.15,6530.9537,-40.1354,649.0909,HIT/DEFESA,-56.2,5
2026-04-01 22:00:00,134,6576.15,6500.73949,-40.1354,649.0909,HIT/DEFESA,-56.2,5
2026-04-01 23:00:00,34,6574.95,6533.46778,-26.1673,623.0,HIT/DEFESA,-65.5,5
2026-04-01 23:00:00,134,6574.95,6501.83891,-26.1673,623.0,HIT/DEFESA,-65.5,5
2026-04-02 02:00:00,34,6573.95,6537.85437,-3.3454,768.0769,HIT/DEFESA,-81.2,5
2026-04-02 02:00:00,134,6573.95,6503.93051,-3.3454,768.0769,HIT/DEFESA,-81.2,5
2026-04-02 04:00:00,34,6519.95,6539.64883,-79.1242,194.2571,HIT/DEFESA,-28.0,5
2026-04-02 04:00:00,134,6519.95,6505.42624,-79.1242,194.2571,HIT/DEFESA,-28.0,5
2026-04-02 05:00:00,34,6509.45,6537.92318,-98.1145,741.3462,HIT/DEFESA,-1.2,5
2026-04-02 05:00:00,134,6509.45,6505.48585,-98.1145,741.3462,HIT/DEFESA,-1.2,5
2026-04-02 09:00:00,34,6491.95,6528.00888,-7.2345,512.9474,HIT/DEFESA,-24.2,5
2026-04-02 09:00:00,134,6491.95,6504.63351,-7.2345,512.9474,HIT/DEFESA,-24.2,5
2026-04-02 11:00:00,34,6501.45,6525.42667,30.0835,617.7143,HIT/DEFESA,18.0,5
2026-04-02 11:00:00,134,6501.45,6504.63913,30.0835,617.7143,HIT/DEFESA,18.0,5
2026-04-02 12:00:00,34,6500.25,6523.988,12.7851,2300.6667,HIT/DEFESA,78.0,5
2026-04-02 12:00:00,134,6500.25,6504.57411,12.7851,2300.6667,HIT/DEFESA,78.0,5
2026-04-02 16:00:00,34,6519.45,6516.96233,36.1764,259.8801,HIT/DEFESA,49.05,5
2026-04-02 16:00:00,134,6519.45,6503.73088,36.1764,259.8801,HIT/DEFESA,49.05,5
2026-04-02 17:00:00,34,6578.25,6520.46449,170.8477,253.5897,HIT/DEFESA,4.2,5
2026-04-02 17:00:00,134,6578.25,6504.83487,170.8477,253.5897,HIT/DEFESA,4.2,5
2026-04-02 18:00:00,34,6564.45,6522.97794,136.0334,891.037,HIT/DEFESA,17.8,5
2026-04-02 18:00:00,134,6564.45,6505.71806,136.0334,891.037,HIT/DEFESA,17.8,5
2026-04-02 19:00:00,34,6559.7,6525.07635,61.7383,2082.5882,HIT/DEFESA,23.25,5
2026-04-02 19:00:00,134,6559.7,6506.51779,61.7383,2082.5882,HIT/DEFESA,23.25,5
2026-04-02 21:00:00,34,6568.5,6529.25073,6.1696,452.4576,HIT/DEFESA,15.05,5
2026-04-02 21:00:00,134,6568.5,6508.16555,6.1696,452.4576,HIT/DEFESA,15.05,5
2026-04-03 04:00:00,34,6578.2,6544.95205,-7.2156,275.534,HIT/DEFESA,-12.65,5
2026-04-03 04:00:00,134,6578.2,6514.49916,-7.2156,275.534,HIT/DEFESA,-12.65,5
2026-04-03 05:00:00,34,6572.9,6546.54908,-15.8734,385.2,HIT/DEFESA,-6.35,5
2026-04-03 05:00:00,134,6572.9,6515.36435,-15.8734,385.2,HIT/DEFESA,-6.35,5
2026-04-03 06:00:00,34,6571.95,6548.00056,-17.6197,1066.087,HIT/DEFESA,-6.5,5
2026-04-03 06:00:00,134,6571.95,6516.20266,-17.6197,1066.087,HIT/DEFESA,-6.5,5
2026-04-03 07:00:00,34,6570.45,6549.28339,-11.7813,617.5,HIT/DEFESA,-6.9,5
2026-04-03 07:00:00,134,6570.45,6517.00632,-11.7813,617.5,HIT/DEFESA,-6.9,5
2026-04-03 08:00:00,34,6572.85,6550.63005,-0.0761,523.4783,HIT/DEFESA,-9.4,5
2026-04-03 08:00:00,134,6572.85,6517.83364,-0.0761,523.4783,HIT/DEFESA,-9.4,5
2026-04-03 10:00:00,34,6566.55,6552.34361,-5.9357,1099.0909,HIT/DEFESA,-7.0,5
2026-04-03 10:00:00,134,6566.55,6519.2518,-5.9357,1099.0909,HIT/DEFESA,-7.0,5
2026-04-03 11:00:00,34,6565.45,6553.09255,-11.2584,686.6667,HIT/DEFESA,-4.5,5
2026-04-03 11:00:00,134,6565.45,6519.93622,-11.2584,686.6667,HIT/DEFESA,-4.5,5
2026-04-03 12:00:00,34,6563.55,6553.69012,-3.0462,412.2222,HIT/DEFESA,-14.9,5
2026-04-03 12:00:00,134,6563.55,6520.58235,-3.0462,412.2222,HIT/DEFESA,-14.9,5
2026-04-03 13:00:00,34,6563.45,6554.24782,-4.7209,4000.0,HIT/DEFESA,-14.9,5
2026-04-03 13:00:00,134,6563.45,6521.21742,-4.7209,4000.0,HIT/DEFESA,-14.9,5
2026-04-03 14:00:00,34,6567.1,6554.98223,2.5132,344.5333,HIT/DEFESA,3.35,5
2026-04-03 14:00:00,134,6567.1,6521.89716,2.5132,344.5333,HIT/DEFESA,3.35,5
2026-04-06 03:00:00,34,6570.45,6555.68999,14.4796,232.0642,HIT/DEFESA,7.9,5
2026-04-06 03:00:00,134,6570.45,6524.46887,14.4796,232.0642,HIT/DEFESA,7.9,5
2026-04-06 04:00:00,34,6571.05,6556.56771,34.2055,5870.0,HIT/DEFESA,14.6,5
2026-04-06 04:00:00,134,6571.05,6525.15896,34.2055,5870.0,HIT/DEFESA,14.6,5
2026-04-06 05:00:00,34,6577.05,6557.73812,43.5211,817.9032,HIT/DEFESA,18.9,5
2026-04-06 05:00:00,134,6577.05,6525.92772,43.5211,817.9032,HIT/DEFESA,18.9,5
2026-04-06 06:00:00,34,6573.3,6558.62737,4.3376,1160.5634,HIT/DEFESA,32.75,5
2026-04-06 06:00:00,134,6573.3,6526.62953,4.3376,1160.5634,HIT/DEFESA,32.75,5
2026-04-06 07:00:00,34,6582.1,6559.96867,16.8162,296.4571,HIT/DEFESA,16.25,5
2026-04-06 07:00:00,134,6582.1,6527.45132,16.8162,296.4571,HIT/DEFESA,16.25,5
2026-04-06 08:00:00,34,6578.35,6561.01903,1.9766,654.5455,HIT/DEFESA,13.8,5
2026-04-06 08:00:00,134,6578.35,6528.20537,1.9766,654.5455,HIT/DEFESA,13.8,5
2026-04-06 09:00:00,34,6585.65,6562.42651,18.7881,497.6316,HIT/DEFESA,2.5,5
2026-04-06 09:00:00,134,6585.65,6529.0564,18.7881,497.6316,HIT/DEFESA,2.5,5
2026-04-06 11:00:00,34,6606.05,6566.72545,42.1078,383.7,HIT/DEFESA,3.9,5
2026-04-06 11:00:00,134,6606.05,6531.17338,42.1078,383.7,HIT/DEFESA,3.9,5
2026-04-06 12:00:00,34,6598.35,6568.53256,19.2844,380.1282,HIT/DEFESA,1.3,5
2026-04-06 12:00:00,134,6598.35,6532.16859,19.2844,380.1282,HIT/DEFESA,1.3,5
2026-04-06 15:00:00,34,6590.55,6572.04738,-11.8211,1339.5455,HIT/DEFESA,-2.25,5
2026-04-06 15:00:00,134,6590.55,6534.71305,-11.8211,1339.5455,HIT/DEFESA,-2.25,5
2026-04-06 17:00:00,34,6599.65,6575.66677,17.4556,2230.1923,HIT/DEFESA,13.1,5
2026-04-06 17:00:00,134,6599.65,6536.77318,17.4556,2230.1923,HIT/DEFESA,13.1,5
2026-04-06 18:00:00,34,6602.3,6577.18867,17.8286,2749.3878,HIT/DEFESA,8.2,5
2026-04-06 18:00:00,134,6602.3,6537.74395,17.8286,2749.3878,HIT/DEFESA,8.2,5
2026-04-07 01:00:00,34,6603.75,6585.31368,-4.5408,374.1176,HIT/DEFESA,-20.85,5
2026-04-07 01:00:00,134,6603.75,6543.43915,-4.5408,374.1176,HIT/DEFESA,-20.85,5
2026-04-07 02:00:00,34,6602.4,6586.29004,-15.6516,790.8571,HIT/DEFESA,-15.9,5
2026-04-07 02:00:00,134,6602.4,6544.31265,-15.6516,790.8571,HIT/DEFESA,-15.9,5
2026-04-07 03:00:00,34,6601.65,6587.16776,-13.3878,7318.4615,HIT/DEFESA,-18.4,5
2026-04-07 03:00:00,134,6601.65,6545.16209,-13.3878,7318.4615,HIT/DEFESA,-18.4,5
2026-04-07 07:00:00,34,6586.5,6586.01982,18.0238,794.0,HIT/DEFESA,34.85,5
2026-04-07 07:00:00,134,6586.5,6547.26769,18.0238,794.0,HIT/DEFESA,34.85,5
2026-04-07 13:00:00,34,6578.65,6589.07464,-15.0261,183.6195,HIT/DEFESA,-16.7,5
2026-04-07 13:00:00,134,6578.65,6551.43745,-15.0261,183.6195,HIT/DEFESA,-16.7,5
2026-04-07 19:00:00,34,6584.7,6583.56244,32.2234,372.5843,HIT/DEFESA,167.45,5
2026-04-07 19:00:00,134,6584.7,6553.08922,32.2234,372.5843,HIT/DEFESA,167.45,5
2026-04-07 20:00:00,34,6591.0,6583.98745,63.1331,1046.6667,HIT/DEFESA,174.95,5
2026-04-07 20:00:00,134,6591.0,6553.65086,63.1331,1046.6667,HIT/DEFESA,174.95,5
2026-04-07 21:00:00,34,6563.55,6582.81959,2.4383,196.4037,HIT/DEFESA,201.9,5
2026-04-07 21:00:00,134,6563.55,6553.79752,2.4383,196.4037,HIT/DEFESA,201.9,5
2026-04-07 22:00:00,34,6616.55,6584.74704,48.3697,207.0093,HIT/DEFESA,154.3,5
2026-04-07 22:00:00,134,6616.55,6554.72718,48.3697,207.0093,HIT/DEFESA,154.3,5
2026-04-07 23:00:00,34,6625.35,6587.06721,52.1165,610.2469,HIT/DEFESA,153.85,5
2026-04-07 23:00:00,134,6625.35,6555.77345,52.1165,610.2469,HIT/DEFESA,153.85,5
2026-04-08 01:00:00,34,6752.15,6596.50051,287.3445,110.5814,HIT/DEFESA,24.7,5
2026-04-08 01:00:00,134,6752.15,6558.68273,287.3445,110.5814,HIT/DEFESA,24.7,5
2026-04-08 02:00:00,34,6765.95,6606.18334,225.7974,683.7069,HIT/DEFESA,14.5,5
2026-04-08 02:00:00,134,6765.95,6561.75336,225.7974,683.7069,HIT/DEFESA,14.5,5
2026-04-08 03:00:00,34,6765.45,6615.28429,211.4605,76450.0,HIT/DEFESA,31.5,5
2026-04-08 03:00:00,134,6765.45,6564.77108,211.4605,76450.0,HIT/DEFESA,31.5,5
2026-04-08 04:00:00,34,6770.85,6624.17376,27.6949,888.9091,HIT/DEFESA,19.8,5
2026-04-08 04:00:00,134,6770.85,6567.82411,27.6949,888.9091,HIT/DEFESA,19.8,5
2026-04-08 05:00:00,34,6779.2,6633.0324,19.5834,320.6061,HIT/DEFESA,0.35,5
2026-04-08 05:00:00,134,6779.2,6570.9556,19.5834,320.6061,HIT/DEFESA,0.35,5
2026-04-08 06:00:00,34,6776.85,6641.25055,16.8503,888.0,HIT/DEFESA,17.8,5
2026-04-08 06:00:00,134,6776.85,6574.00589,16.8503,888.0,HIT/DEFESA,17.8,5
2026-04-08 07:00:00,34,6780.45,6649.20481,14.1784,598.2857,HIT/DEFESA,12.5,5
2026-04-08 07:00:00,134,6780.45,6577.06432,14.1784,598.2857,HIT/DEFESA,12.5,5
2026-04-08 09:00:00,34,6790.65,6665.24754,20.3634,726.2295,HIT/DEFESA,9.5,5
2026-04-08 09:00:00,134,6790.65,6583.43786,20.3634,726.2295,HIT/DEFESA,9.5,5
2026-04-08 11:00:00,34,6794.65,6678.8003,-3.3839,324.3506,HIT/DEFESA,-22.0,5
2026-04-08 11:00:00,134,6794.65,6589.42925,-3.3839,324.3506,HIT/DEFESA,-22.0,5
2026-04-08 15:00:00,34,6792.55,6703.1805,-0.5888,827.7778,HIT/DEFESA,-10.8,5
2026-04-08 15:00:00,134,6792.55,6601.34509,-0.5888,827.7778,HIT/DEFESA,-10.8,5
2026-04-08 16:00:00,34,6772.65,6707.15018,-32.085,443.3,HIT/DEFESA,-19.65,5
2026-04-08 16:00:00,134,6772.65,6603.88294,-32.085,443.3,HIT/DEFESA,-19.65,5
2026-04-08 22:00:00,34,6782.5,6726.51447,-3.3163,175.6954,HIT/DEFESA,-12.35,5
2026-04-08 22:00:00,134,6782.5,6618.285,-3.3163,175.6954,HIT/DEFESA,-12.35,5
2026-04-08 23:00:00,34,6775.5,6729.31364,-9.2159,161.1765,HIT/DEFESA,-6.15,5
2026-04-08 23:00:00,134,6775.5,6620.61411,-9.2159,161.1765,HIT/DEFESA,-6.15,5
2026-04-09 02:00:00,34,6771.85,6734.21384,-15.7022,589.0625,HIT/DEFESA,-3.8,5
2026-04-09 02:00:00,134,6771.85,6625.11015,-15.7022,589.0625,HIT/DEFESA,-3.8,5
2026-04-09 05:00:00,34,6769.35,6740.01885,-3.6918,2318.0,HIT/DEFESA,-11.45,5
2026-04-09 05:00:00,134,6769.35,6631.45955,-3.6918,2318.0,HIT/DEFESA,-11.45,5
2026-04-09 06:00:00,34,6769.65,6741.71206,-1.7723,16500000.0,HIT/DEFESA,-15.3,5
2026-04-09 06:00:00,134,6769.65,6633.50681,-1.7723,16500000.0,HIT/DEFESA,-15.3,5
2026-04-09 07:00:00,34,6768.05,6743.21708,-3.1019,744.4444,HIT/DEFESA,-6.95,5
2026-04-09 07:00:00,134,6768.05,6635.50005,-3.1019,744.4444,HIT/DEFESA,-6.95,5
2026-04-09 14:00:00,34,6764.65,6749.43792,15.2494,366.4894,HIT/DEFESA,57.45,5
2026-04-09 14:00:00,134,6764.65,6648.04076,15.2494,366.4894,HIT/DEFESA,57.45,5
2026-04-09 15:00:00,34,6766.25,6750.39861,7.6171,3225.8333,HIT/DEFESA,62.6,5
2026-04-09 15:00:00,134,6766.25,6649.79201,7.6171,3225.8333,HIT/DEFESA,62.6,5
2026-04-09 16:00:00,34,6775.85,6751.85297,31.0888,662.8866,HIT/DEFESA,38.75,5
2026-04-09 16:00:00,134,6775.85,6651.65953,31.0888,662.8866,HIT/DEFESA,38.75,5
2026-04-09 17:00:00,34,6776.1,6753.23852,16.9262,128680.0,HIT/DEFESA,45.0,5
2026-04-09 17:00:00,134,6776.1,6653.50309,16.9262,128680.0,HIT/DEFESA,45.0,5
2026-04-09 18:00:00,34,6811.6,6756.57346,67.0238,195.2101,HIT/DEFESA,5.5,5
2026-04-09 18:00:00,134,6811.6,6655.84527,67.0238,195.2101,HIT/DEFESA,5.5,5
2026-04-09 21:00:00,34,6814.6,6767.11202,4.4043,387.9038,HIT/DEFESA,11.55,5
2026-04-09 21:00:00,134,6814.6,6663.11285,4.4043,387.9038,HIT/DEFESA,11.55,5
2026-04-10 01:00:00,34,6815.75,6775.32709,1.6876,556.3889,HIT/DEFESA,12.8,5
2026-04-10 01:00:00,134,6815.75,6669.89335,1.6876,556.3889,HIT/DEFESA,12.8,5
2026-04-10 12:00:00,34,6824.55,6797.94729,8.7995,332.2727,HIT/DEFESA,13.25,5
2026-04-10 12:00:00,134,6824.55,6693.07712,8.7995,332.2727,HIT/DEFESA,13.25,5
2026-04-10 19:00:00,34,6818.75,6807.8387,-19.1018,14908.0,HIT/DEFESA,-78.6,5
2026-04-10 19:00:00,134,6818.75,6706.41063,-19.1018,14908.0,HIT/DEFESA,-78.6,5
2026-04-10 20:00:00,34,6818.65,6808.45649,-28.0061,27700000.0,HIT/DEFESA,-72.5,5
2026-04-10 20:00:00,134,6818.65,6708.07343,-28.0061,27700000.0,HIT/DEFESA,-72.5,5
2026-04-10 21:00:00,34,6816.85,6808.93612,-2.8597,1160.0,HIT/DEFESA,-54.7,5
2026-04-10 21:00:00,134,6816.85,6709.68494,-2.8597,1160.0,HIT/DEFESA,-54.7,5
2026-04-10 22:00:00,34,6817.2,6809.40834,-2.2731,44400.0,HIT/DEFESA,-50.5,5
2026-04-10 22:00:00,134,6817.2,6711.27775,-2.2731,44400.0,HIT/DEFESA,-50.5,5
2026-04-13 04:00:00,34,6766.7,6798.54322,39.3908,728.7356,HIT/DEFESA,9.45,5
2026-04-13 04:00:00,134,6766.7,6715.32284,39.3908,728.7356,HIT/DEFESA,9.45,5
2026-04-13 05:00:00,34,6767.35,6796.76075,31.4253,3557.7778,HIT/DEFESA,6.8,5
2026-04-13 05:00:00,134,6767.35,6716.09361,31.4253,3557.7778,HIT/DEFESA,6.8,5
2026-04-13 06:00:00,34,6763.25,6794.84585,1.6267,276.3636,HIT/DEFESA,11.9,5
2026-04-13 06:00:00,134,6763.25,6716.79223,1.6267,276.3636,HIT/DEFESA,11.9,5
2026-04-13 07:00:00,34,6769.35,6793.38895,3.9162,219.0323,HIT/DEFESA,6.05,5
2026-04-13 07:00:00,134,6769.35,6717.57086,3.9162,219.0323,HIT/DEFESA,6.05,5
2026-04-13 08:00:00,34,6770.1,6792.05815,4.0636,2741.5385,HIT/DEFESA,12.75,5
2026-04-13 08:00:00,134,6770.1,6718.34907,4.0636,2741.5385,HIT/DEFESA,12.75,5
2026-04-13 10:00:00,34,6774.15,6790.17773,7.0908,967.7778,HIT/DEFESA,10.2,5
2026-04-13 10:00:00,134,6774.15,6720.01937,7.0908,967.7778,HIT/DEFESA,10.2,5
2026-04-13 11:00:00,34,6775.15,6789.31901,7.4593,2681.6667,HIT/DEFESA,45.1,5
2026-04-13 11:00:00,134,6775.15,6720.83612,7.4593,2681.6667,HIT/DEFESA,45.1,5
2026-04-13 13:00:00,34,6782.85,6788.19943,12.8429,209.931,HIT/DEFESA,35.6,5
2026-04-13 13:00:00,134,6782.85,6722.55123,12.8429,209.931,HIT/DEFESA,35.6,5
2026-04-13 15:00:00,34,6784.35,6786.81843,13.2096,188.1395,HIT/DEFESA,61.1,5
2026-04-13 15:00:00,134,6784.35,6724.1104,13.2096,188.1395,HIT/DEFESA,61.1,5
2026-04-13 16:00:00,34,6820.25,6788.7288,55.1391,163.9335,HIT/DEFESA,37.0,5
2026-04-13 16:00:00,134,6820.25,6725.53469,55.1391,163.9335,HIT/DEFESA,37.0,5
2026-04-13 17:00:00,34,6828.6,6791.00716,91.5519,725.6647,HIT/DEFESA,54.85,5
2026-04-13 17:00:00,134,6828.6,6727.06158,91.5519,725.6647,HIT/DEFESA,54.85,5
2026-04-13 18:00:00,34,6818.45,6792.57532,50.2627,417.6884,HIT/DEFESA,70.5,5
2026-04-13 18:00:00,134,6818.45,6728.41549,50.2627,417.6884,HIT/DEFESA,70.5,5
2026-04-13 19:00:00,34,6846.95,6795.68245,39.1481,224.9477,HIT/DEFESA,42.9,5
2026-04-13 19:00:00,134,6846.95,6730.17155,39.1481,224.9477,HIT/DEFESA,42.9,5
2026-04-13 20:00:00,34,6845.45,6798.52631,24.6756,1446.6667,HIT/DEFESA,42.7,5
2026-04-13 20:00:00,134,6845.45,6731.87938,24.6756,1446.6667,HIT/DEFESA,42.7,5
2026-04-13 21:00:00,34,6857.25,6801.88195,56.9044,179.8261,HIT/DEFESA,31.1,5
2026-04-13 21:00:00,134,6857.25,6733.73673,56.9044,179.8261,HIT/DEFESA,31.1,5
2026-04-13 22:00:00,34,6883.45,6806.54298,53.3084,104.6792,HIT/DEFESA,2.9,5
2026-04-13 22:00:00,134,6883.45,6735.9547,53.3084,104.6792,HIT/DEFESA,2.9,5
2026-04-14 03:00:00,34,6888.35,6823.79332,-0.871,3408.0,HIT/DEFESA,-4.0,5
2026-04-14 03:00:00,134,6888.35,6744.81397,-0.871,3408.0,HIT/DEFESA,-4.0,5
2026-04-14 07:00:00,34,6887.85,6837.10573,2.1782,292.0,HIT/DEFESA,8.0,5
2026-04-14 07:00:00,134,6887.85,6753.06922,2.1782,292.0,HIT/DEFESA,8.0,5
2026-04-14 09:00:00,34,6888.65,6842.59652,2.9042,281.0,HIT/DEFESA,12.7,5
2026-04-14 09:00:00,134,6888.65,6756.99391,2.9042,281.0,HIT/DEFESA,12.7,5
2026-04-14 10:00:00,34,6895.9,6845.64243,11.6872,493.1126,HIT/DEFESA,6.45,5
2026-04-14 10:00:00,134,6895.9,6759.05178,11.6872,493.1126,HIT/DEFESA,6.45,5
2026-04-14 11:00:00,34,6902.35,6848.88287,26.1463,365.2632,HIT/DEFESA,16.55,5
2026-04-14 11:00:00,134,6902.35,6761.17472,26.1463,365.2632,HIT/DEFESA,16.55,5
2026-04-14 12:00:00,34,6895.85,6851.5667,10.452,209.5588,HIT/DEFESA,43.7,5
2026-04-14 12:00:00,134,6895.85,6763.16991,10.452,209.5588,HIT/DEFESA,43.7,5
2026-04-14 15:00:00,34,6902.35,6859.19715,9.426,4122.8571,HIT/DEFESA,59.4,5
2026-04-14 15:00:00,134,6902.35,6769.09893,9.426,4122.8571,HIT/DEFESA,59.4,5
2026-04-14 16:00:00,34,6918.9,6862.60874,39.2493,251.9403,HIT/DEFESA,33.15,5
2026-04-14 16:00:00,134,6918.9,6771.3182,39.2493,251.9403,HIT/DEFESA,33.15,5
2026-04-14 17:00:00,34,6939.55,6867.00539,55.3515,179.4647,HIT/DEFESA,28.4,5
2026-04-14 17:00:00,134,6939.55,6773.81052,55.3515,179.4647,HIT/DEFESA,28.4,5
2026-04-14 18:00:00,34,6953.05,6871.92222,73.4532,213.1579,HIT/DEFESA,12.9,5
2026-04-14 18:00:00,134,6953.05,6776.46592,73.4532,213.1579,HIT/DEFESA,12.9,5
2026-04-14 19:00:00,34,6953.75,6876.59809,50.3693,1758.0,HIT/DEFESA,13.7,5
2026-04-14 19:00:00,134,6953.75,6779.09235,50.3693,1758.0,HIT/DEFESA,13.7,5
2026-04-14 20:00:00,34,6961.75,6881.46392,31.9905,204.2857,HIT/DEFESA,9.2,5
2026-04-14 20:00:00,134,6961.75,6781.79839,31.9905,204.2857,HIT/DEFESA,9.2,5
2026-04-14 22:00:00,34,6967.95,6890.20898,20.4206,158.642,HIT/DEFESA,5.5,5
2026-04-14 22:00:00,134,6967.95,6787.04107,20.4206,158.642,HIT/DEFESA,5.5,5
2026-04-14 23:00:00,34,6965.95,6894.53704,6.033,250.0,HIT/DEFESA,1.0,5
2026-04-14 23:00:00,134,6965.95,6789.69158,6.033,250.0,HIT/DEFESA,1.0,5
2026-04-15 01:00:00,34,6967.45,6898.7035,22.1517,369.0323,HIT/DEFESA,4.5,5
2026-04-15 01:00:00,134,6967.45,6792.32504,22.1517,369.0323,HIT/DEFESA,4.5,5
2026-04-15 07:00:00,34,6969.75,6920.09529,-5.3058,188.4,HIT/DEFESA,-7.3,5
2026-04-15 07:00:00,134,6969.75,6807.60095,-5.3058,188.4,HIT/DEFESA,-7.3,5
2026-04-15 08:00:00,34,6965.95,6922.71556,-1.4353,635.8974,HIT/DEFESA,-2.0,5
2026-04-15 08:00:00,134,6965.95,6809.94686,-1.4353,635.8974,HIT/DEFESA,-2.0,5
2026-04-15 11:00:00,34,6970.75,6930.14064,6.8907,528.8525,HIT/DEFESA,9.25,5
2026-04-15 11:00:00,134,6970.75,6816.89199,6.8907,528.8525,HIT/DEFESA,9.25,5
2026-04-15 14:00:00,34,6971.25,6935.95259,0.7173,422.1429,HIT/DEFESA,18.45,5
2026-04-15 14:00:00,134,6971.25,6823.41813,0.7173,422.1429,HIT/DEFESA,18.45,5
2026-04-15 15:00:00,34,6970.7,6937.93815,11.8493,10288.0,HIT/DEFESA,28.45,5
2026-04-15 15:00:00,134,6970.7,6825.60008,11.8493,10288.0,HIT/DEFESA,28.45,5
2026-04-15 16:00:00,34,6980.0,6940.34169,23.0473,505.1111,HIT/DEFESA,40.65,5
2026-04-15 16:00:00,134,6980.0,6827.88749,23.0473,505.1111,HIT/DEFESA,40.65,5
2026-04-15 17:00:00,34,6991.45,6943.26216,28.9762,362.7556,HIT/DEFESA,30.75,5
2026-04-15 17:00:00,134,6991.45,6830.31064,28.9762,362.7556,HIT/DEFESA,30.75,5
2026-04-15 18:00:00,34,6994.15,6946.17004,33.6408,1186.0,HIT/DEFESA,26.05,5
2026-04-15 18:00:00,134,6994.15,6832.73789,33.6408,1186.0,HIT/DEFESA,26.05,5
2026-04-15 19:00:00,34,6989.7,6948.65747,13.8968,643.7895,HIT/DEFESA,38.75,5
2026-04-15 19:00:00,134,6989.7,6835.06325,13.8968,643.7895,HIT/DEFESA,38.75,5
2026-04-15 20:00:00,34,6999.15,6951.54275,11.0135,240.7821,HIT/DEFESA,32.8,5
2026-04-15 20:00:00,134,6999.15,6837.49417,11.0135,240.7821,HIT/DEFESA,32.8,5
2026-04-15 21:00:00,34,7020.65,6955.49174,37.8888,124.7465,HIT/DEFESA,16.3,5
2026-04-15 21:00:00,134,7020.65,6840.20759,37.8888,124.7465,HIT/DEFESA,16.3,5
2026-04-15 22:00:00,34,7022.2,6959.30364,46.497,1919.2,HIT/DEFESA,13.45,5
2026-04-15 22:00:00,134,7022.2,6842.90377,46.497,1919.2,HIT/DEFESA,13.45,5
2026-04-15 23:00:00,34,7020.2,6962.78343,30.0751,223.0,HIT/DEFESA,14.95,5
2026-04-15 23:00:00,134,7020.2,6845.53038,30.0751,223.0,HIT/DEFESA,14.95,5
2026-04-16 01:00:00,34,7028.45,6966.53581,11.1101,114.8235,HIT/DEFESA,6.0,5
2026-04-16 01:00:00,134,7028.45,6848.2403,11.1101,114.8235,HIT/DEFESA,6.0,5
2026-04-16 02:00:00,34,7031.95,6970.27376,13.8845,195.5882,HIT/DEFESA,2.5,5
2026-04-16 02:00:00,134,7031.95,6850.96193,13.8845,195.5882,HIT/DEFESA,2.5,5
2026-04-16 04:00:00,34,7035.65,6977.6019,10.2441,1140.0,HIT/DEFESA,4.3,5
2026-04-16 04:00:00,134,7035.65,6856.4126,10.2441,1140.0,HIT/DEFESA,4.3,5
2026-04-16 06:00:00,34,7034.45,6983.95091,-3.5527,1432.0,HIT/DEFESA,-3.8,5
2026-04-16 06:00:00,134,7034.45,6861.65893,-3.5527,1432.0,HIT/DEFESA,-3.8,5
2026-04-16 07:00:00,34,7034.45,6986.83657,-1.7056,1600.0,HIT/DEFESA,-3.0,5
2026-04-16 07:00:00,134,7034.45,6864.21879,-1.7056,1600.0,HIT/DEFESA,-3.0,5
2026-04-16 10:00:00,34,7033.7,6994.88117,-1.0662,239.5349,HIT/DEFESA,-1.3,5
2026-04-16 10:00:00,134,7033.7,6871.7667,-1.0662,239.5349,HIT/DEFESA,-1.3,5
2026-04-16 11:00:00,34,7030.65,6996.9251,-7.8168,540.3077,HIT/DEFESA,-11.5,5
2026-04-16 11:00:00,134,7030.65,6874.12053,-7.8168,540.3077,HIT/DEFESA,-11.5,5
2026-04-16 12:00:00,34,7031.45,6998.89795,-12.0739,1551.4286,HIT/DEFESA,-8.95,5
2026-04-16 12:00:00,134,7031.45,6876.45133,-12.0739,1551.4286,HIT/DEFESA,-8.95,5
2026-04-16 19:00:00,34,7031.2,7009.49873,17.1673,239.1864,HIT/DEFESA,14.45,5
2026-04-16 19:00:00,134,7031.2,6891.69486,17.1673,239.1864,HIT/DEFESA,14.45,5
2026-04-16 20:00:00,34,7029.45,7010.63881,9.8968,1949.2683,HIT/DEFESA,17.5,5
2026-04-16 20:00:00,134,7029.45,6893.73568,9.8968,1949.2683,HIT/DEFESA,17.5,5
2026-04-16 22:00:00,34,7038.5,7013.29825,10.3823,354.7097,HIT/DEFESA,8.15,5
2026-04-16 22:00:00,134,7038.5,6897.87573,10.3823,354.7097,HIT/DEFESA,8.15,5
2026-04-16 23:00:00,34,7040.95,7014.87835,16.3597,317.8182,HIT/DEFESA,1.2,5
2026-04-16 23:00:00,134,7040.95,6899.99535,16.3597,317.8182,HIT/DEFESA,1.2,5
2026-04-17 08:00:00,34,7044.95,7025.988,3.9761,516.3158,HIT/DEFESA,10.2,5
2026-04-17 08:00:00,134,7044.95,6916.26911,3.9761,516.3158,HIT/DEFESA,10.2,5
2026-04-17 09:00:00,34,7043.45,7026.98583,2.8403,942.5,HIT/DEFESA,21.1,5
2026-04-17 09:00:00,134,7043.45,6918.15327,2.8403,942.5,HIT/DEFESA,21.1,5
2026-04-17 10:00:00,34,7050.2,7028.31236,10.294,258.9474,HIT/DEFESA,49.25,5
2026-04-17 10:00:00,134,7050.2,6920.10952,10.294,258.9474,HIT/DEFESA,49.25,5
2026-04-17 11:00:00,34,7054.15,7029.78879,13.059,301.5584,HIT/DEFESA,52.8,5
2026-04-17 11:00:00,134,7054.15,6922.09531,13.059,301.5584,HIT/DEFESA,52.8,5
2026-04-17 12:00:00,34,7056.55,7031.31801,18.5988,403.913,HIT/DEFESA,72.85,5
2026-04-17 12:00:00,134,7056.55,6924.08723,18.5988,403.913,HIT/DEFESA,72.85,5
2026-04-17 13:00:00,34,7055.15,7032.67983,7.0211,596.6667,HIT/DEFESA,77.55,5
2026-04-17 13:00:00,134,7055.15,6926.0289,7.0211,596.6667,HIT/DEFESA,77.55,5
2026-04-17 14:00:00,34,7064.55,7034.50099,14.7431,125.8947,HIT/DEFESA,78.7,5
2026-04-17 14:00:00,134,7064.55,6928.08106,14.7431,125.8947,HIT/DEFESA,78.7,5
2026-04-17 15:00:00,34,7099.45,7038.21236,60.7946,156.5805,HIT/DEFESA,27.3,5
2026-04-17 15:00:00,134,7099.45,6930.61986,60.7946,156.5805,HIT/DEFESA,27.3,5
2026-04-17 16:00:00,34,7106.95,7042.14022,73.4215,1341.3699,HIT/DEFESA,13.05,5
2026-04-17 16:00:00,134,7106.95,6933.23216,73.4215,1341.3699,HIT/DEFESA,13.05,5
2026-04-17 20:00:00,34,7126.75,7061.20234,-3.717,332.5,HIT/DEFESA,-57.15,5
2026-04-17 20:00:00,134,7126.75,6944.81147,-3.717,332.5,HIT/DEFESA,-57.15,5
2026-04-17 21:00:00,34,7120.0,7064.56221,-17.8053,587.5177,HIT/DEFESA,-44.4,5
2026-04-17 21:00:00,134,7120.0,6947.40686,-17.8053,587.5177,HIT/DEFESA,-44.4,5
2026-04-17 22:00:00,34,7123.5,7067.93008,-27.6485,1043.125,HIT/DEFESA,-36.15,5
2026-04-17 22:00:00,134,7123.5,6950.01565,-27.6485,1043.125,HIT/DEFESA,-36.15,5
2026-04-17 23:00:00,34,7126.05,7071.25122,-0.9822,297.7778,HIT/DEFESA,-41.2,5
2026-04-17 23:00:00,134,7126.05,6952.62356,-0.9822,297.7778,HIT/DEFESA,-41.2,5
2026-04-20 06:00:00,34,7082.25,7073.66179,9.3985,370.3571,HIT/DEFESA,10.1,5
2026-04-20 06:00:00,134,7082.25,6963.44841,9.3985,370.3571,HIT/DEFESA,10.1,5
2026-04-20 09:00:00,34,7087.35,7075.1079,7.2011,306.8627,HIT/DEFESA,4.8,5
2026-04-20 09:00:00,134,7087.35,6968.6632,7.2011,306.8627,HIT/DEFESA,4.8,5
2026-04-20 11:00:00,34,7092.35,7076.45641,21.9024,365.7,HIT/DEFESA,27.55,5
2026-04-20 11:00:00,134,7092.35,6972.14759,21.9024,365.7,HIT/DEFESA,27.55,5
2026-04-20 12:00:00,34,7091.15,7077.29604,5.3617,2353.0,HIT/DEFESA,3.7,5
2026-04-20 12:00:00,134,7091.15,6973.91059,5.3617,2353.0,HIT/DEFESA,3.7,5
2026-04-20 13:00:00,34,7089.35,7077.98484,10.5905,1027.3684,HIT/DEFESA,9.8,5
2026-04-20 13:00:00,134,7089.35,6975.62081,10.5905,1027.3684,HIT/DEFESA,9.8,5
2026-04-20 15:00:00,34,7099.35,7079.96889,11.5637,418.2857,HIT/DEFESA,1.3,5
2026-04-20 15:00:00,134,7099.35,6979.15461,11.5637,418.2857,HIT/DEFESA,1.3,5
2026-04-20 17:00:00,34,7094.85,7082.97063,3.807,288.7525,HIT/DEFESA,16.75,5
2026-04-20 17:00:00,134,7094.85,6982.92285,3.807,288.7525,HIT/DEFESA,16.75,5
2026-04-20 20:00:00,34,7100.65,7085.70142,8.1749,3552.5,HIT/DEFESA,17.6,5
2026-04-20 20:00:00,134,7100.65,6988.04187,8.1749,3552.5,HIT/DEFESA,17.6,5
2026-04-20 21:00:00,34,7106.35,7086.88134,10.1421,468.0769,HIT/DEFESA,15.4,5
2026-04-20 21:00:00,134,7106.35,6989.79458,10.1421,468.0769,HIT/DEFESA,15.4,5
2026-04-20 22:00:00,34,7111.6,7088.29383,16.8318,353.8614,HIT/DEFESA,10.35,5
2026-04-20 22:00:00,134,7111.6,6991.5991,16.8318,353.8614,HIT/DEFESA,10.35,5
2026-04-20 23:00:00,34,7115.35,7089.8399,20.7023,359.0,HIT/DEFESA,5.9,5
2026-04-20 23:00:00,134,7115.35,6993.43245,20.7023,359.0,HIT/DEFESA,5.9,5
2026-04-21 02:00:00,34,7118.25,7093.18257,9.3509,152.3529,HIT/DEFESA,5.7,5
2026-04-21 02:00:00,134,7118.25,6997.15444,9.3509,152.3529,HIT/DEFESA,5.7,5
2026-04-21 03:00:00,34,7121.75,7094.81499,8.9946,655.1515,HIT/DEFESA,2.2,5
2026-04-21 03:00:00,134,7121.75,6999.0003,8.9946,655.1515,HIT/DEFESA,2.2,5
2026-04-21 04:00:00,34,7121.95,7096.36557,0.2808,13940000.0,HIT/DEFESA,4.3,5
2026-04-21 04:00:00,134,7121.95,7000.82177,0.2808,13940000.0,HIT/DEFESA,4.3,5
2026-04-21 05:00:00,34,7121.25,7097.78753,4.2145,699.0,HIT/DEFESA,0.25,5
2026-04-21 05:00:00,134,7121.25,7002.6059,4.2145,699.0,HIT/DEFESA,0.25,5
2026-04-21 07:00:00,34,7123.95,7100.49275,2.8082,105.4286,HIT/DEFESA,8.0,5
2026-04-21 07:00:00,134,7123.95,7006.12064,2.8082,105.4286,HIT/DEFESA,8.0,5
2026-04-21 08:00:00,34,7123.95,7101.83317,3.7915,4090.0,HIT/DEFESA,15.3,5
2026-04-21 08:00:00,134,7123.95,7007.86626,3.7915,4090.0,HIT/DEFESA,15.3,5
2026-04-21 09:00:00,34,7126.25,7103.22842,8.4267,630.5,HIT/DEFESA,12.75,5
2026-04-21 09:00:00,134,7126.25,7009.6201,8.4267,630.5,HIT/DEFESA,12.75,5
2026-04-21 11:00:00,34,7127.25,7105.58551,4.6323,341.3223,HIT/DEFESA,3.65,5
2026-04-21 11:00:00,134,7127.25,7012.99569,4.6323,341.3223,HIT/DEFESA,3.65,5
2026-04-21 15:00:00,34,7127.45,7111.60807,-6.3096,279.3469,HIT/DEFESA,-45.85,5
2026-04-21 15:00:00,134,7127.45,7020.03092,-6.3096,279.3469,HIT/DEFESA,-45.85,5
2026-04-21 16:00:00,34,7130.9,7112.71047,-11.6959,1687.7966,HIT/DEFESA,-44.05,5
2026-04-21 16:00:00,134,7130.9,7021.67343,-11.6959,1687.7966,HIT/DEFESA,-44.05,5
2026-04-21 17:00:00,34,7100.1,7111.98987,-54.4894,187.6375,HIT/DEFESA,-35.05,5
2026-04-21 17:00:00,134,7100.1,7022.8353,-54.4894,187.6375,HIT/DEFESA,-35.05,5
2026-04-21 18:00:00,34,7091.1,7110.79616,-51.0,883.4783,HIT/DEFESA,-0.55,5
2026-04-21 18:00:00,134,7091.1,7023.84663,-51.0,883.4783,HIT/DEFESA,-0.55,5
2026-04-21 23:00:00,34,7090.55,7103.13739,12.6384,134.72,HIT/DEFESA,14.5,5
2026-04-21 23:00:00,134,7090.55,7027.9342,12.6384,134.72,HIT/DEFESA,14.5,5
2026-04-22 01:00:00,34,7089.7,7102.36954,4.0215,963.871,HIT/DEFESA,11.65,5
2026-04-22 01:00:00,134,7089.7,7028.84925,4.0215,963.871,HIT/DEFESA,11.65,5
2026-04-22 03:00:00,34,7099.85,7101.91202,13.116,708.0,HIT/DEFESA,6.5,5
2026-04-22 03:00:00,134,7099.85,7030.88922,13.116,708.0,HIT/DEFESA,6.5,5
2026-04-22 04:00:00,34,7105.05,7102.09134,21.6511,370.2,HIT/DEFESA,2.5,5
2026-04-22 04:00:00,134,7105.05,7031.9879,21.6511,370.2,HIT/DEFESA,2.5,5
2026-04-22 05:00:00,34,7105.05,7102.2604,11.9777,3540.0,HIT/DEFESA,2.8,5
2026-04-22 05:00:00,134,7105.05,7033.0703,11.9777,3540.0,HIT/DEFESA,2.8,5
2026-04-22 06:00:00,34,7101.35,7102.20838,2.1127,236.0,HIT/DEFESA,2.6,5
2026-04-22 06:00:00,134,7101.35,7034.08185,2.1127,236.0,HIT/DEFESA,2.6,5
2026-04-22 14:00:00,34,7107.35,7103.17813,4.7861,888.7719,HIT/DEFESA,5.05,5
2026-04-22 14:00:00,134,7107.35,7042.02402,4.7861,888.7719,HIT/DEFESA,5.05,5
2026-04-22 15:00:00,34,7104.35,7103.2451,0.7038,927.1875,HIT/DEFESA,18.8,5
2026-04-22 15:00:00,134,7104.35,7042.94737,0.7038,927.1875,HIT/DEFESA,18.8,5
2026-04-22 16:00:00,34,7118.1,7104.09395,19.4249,466.3736,HIT/DEFESA,1.35,5
2026-04-22 16:00:00,134,7118.1,7044.06074,19.4249,466.3736,HIT/DEFESA,1.35,5
2026-04-22 17:00:00,34,7123.9,7105.22572,23.2858,1016.4286,HIT/DEFESA,11.0,5
2026-04-22 17:00:00,134,7123.9,7045.24355,23.2858,1016.4286,HIT/DEFESA,11.0,5
2026-04-22 18:00:00,34,7119.65,7106.04997,21.5361,916.9231,HIT/DEFESA,9.5,5
2026-04-22 18:00:00,134,7119.65,7046.34587,21.5361,916.9231,HIT/DEFESA,9.5,5
2026-04-23 02:00:00,34,7128.25,7112.56106,-9.3204,341.1765,HIT/DEFESA,-27.5,5
2026-04-23 02:00:00,134,7128.25,7054.14455,-9.3204,341.1765,HIT/DEFESA,-27.5,5
2026-04-23 03:00:00,34,7120.45,7113.01185,-12.2034,1032.0,HIT/DEFESA,-16.6,5
2026-04-23 03:00:00,134,7120.45,7055.12685,-12.2034,1032.0,HIT/DEFESA,-16.6,5
2026-04-23 08:00:00,34,7103.85,7109.84636,7.0434,946.8966,HIT/DEFESA,3.4,5
2026-04-23 08:00:00,134,7103.85,7058.39819,7.0434,946.8966,HIT/DEFESA,3.4,5
2026-04-23 09:00:00,34,7108.75,7109.78371,22.5582,496.25,HIT/DEFESA,15.0,5
2026-04-23 09:00:00,134,7108.75,7059.14414,22.5582,496.25,HIT/DEFESA,15.0,5
2026-04-23 10:00:00,34,7110.55,7109.8275,13.8014,2342.5,HIT/DEFESA,7.0,5
2026-04-23 10:00:00,134,7110.55,7059.90571,13.8014,2342.5,HIT/DEFESA,7.0,5
2026-04-23 14:00:00,34,7123.75,7109.47814,35.6416,276.3924,HIT/DEFESA,8.35,5
2026-04-23 14:00:00,134,7123.75,7062.67588,35.6416,276.3924,HIT/DEFESA,8.35,5
2026-04-23 23:00:00,34,7098.55,7111.25177,12.9772,251.7204,HIT/DEFESA,11.75,5
2026-04-23 23:00:00,134,7098.55,7069.26825,12.9772,251.7204,HIT/DEFESA,11.75,5
2026-04-24 07:00:00,34,7112.15,7112.7244,-17.1944,381.1009,HIT/DEFESA,-0.5,5
2026-04-24 07:00:00,134,7112.15,7073.89548,-17.1944,381.1009,HIT/DEFESA,-0.5,5
2026-04-24 09:00:00,34,7115.0,7113.17369,11.3974,553.9241,HIT/DEFESA,23.65,5
2026-04-24 09:00:00,134,7115.0,7075.15764,11.3974,553.9241,HIT/DEFESA,23.65,5
2026-04-24 10:00:00,34,7121.4,7113.64376,13.0059,411.5152,HIT/DEFESA,8.75,5
2026-04-24 10:00:00,134,7121.4,7075.84271,13.0059,411.5152,HIT/DEFESA,8.75,5
2026-04-24 14:00:00,34,7138.65,7115.12648,38.5305,378.6802,HIT/DEFESA,20.75,5
2026-04-24 14:00:00,134,7138.65,7078.41444,38.5305,378.6802,HIT/DEFESA,20.75,5
2026-04-24 15:00:00,34,7130.15,7115.98497,26.0137,585.4545,HIT/DEFESA,29.8,5
2026-04-24 15:00:00,134,7130.15,7079.18089,26.0137,585.4545,HIT/DEFESA,29.8,5
2026-04-24 16:00:00,34,7122.25,7116.34297,5.0571,761.3793,HIT/DEFESA,36.4,5
2026-04-24 16:00:00,134,7122.25,7079.81895,5.0571,761.3793,HIT/DEFESA,36.4,5
2026-04-24 18:00:00,34,7161.4,7120.06832,43.828,249.2241,HIT/DEFESA,2.25,5
2026-04-24 18:00:00,134,7161.4,7081.87235,43.828,249.2241,HIT/DEFESA,2.25,5
2026-04-24 22:00:00,34,7162.4,7128.47574,4.1903,809.8462,HIT/DEFESA,14.45,5
2026-04-24 22:00:00,134,7162.4,7086.4069,4.1903,809.8462,HIT/DEFESA,14.45,5
2026-04-24 23:00:00,34,7163.65,7130.48569,5.1676,643.1579,HIT/DEFESA,9.1,5
2026-04-24 23:00:00,134,7163.65,7087.55124,5.1676,643.1579,HIT/DEFESA,9.1,5
2026-04-27 03:00:00,34,7159.75,7134.16384,-5.4442,248.4348,HIT/DEFESA,-0.8,5
2026-04-27 03:00:00,134,7159.75,7090.4212,-5.4442,248.4348,HIT/DEFESA,-0.8,5
2026-04-27 07:00:00,34,7170.0,7142.26824,-9.5446,472.3077,HIT/DEFESA,-11.75,5
2026-04-27 07:00:00,134,7170.0,7095.20264,-9.5446,472.3077,HIT/DEFESA,-11.75,5
2026-04-27 12:00:00,34,7158.25,7146.2409,1.1177,10370.0,HIT/DEFESA,2.0,5
2026-04-27 12:00:00,134,7158.25,7099.70831,1.1177,10370.0,HIT/DEFESA,2.0,5
2026-04-27 16:00:00,34,7164.7,7149.7318,2.094,899.0698,HIT/DEFESA,7.25,5
2026-04-27 16:00:00,134,7164.7,7103.37093,2.094,899.0698,HIT/DEFESA,7.25,5
