ticket,order,time,time_msc,type,entry,magic,position_id,reason,volume,price,commission,swap,profit,fee,symbol,comment,external_id
186103535,182298963,2026-05-04T00:05:00+00:00,1777853100913,0,1,234001,182235357,4,0.25,1.36014,0.0,-0.62,-74.5,0.0,GBPUSD,[sl 1.35788],
186103536,182298964,2026-05-04T00:05:00+00:00,1777853100914,0,1,234001,182235359,4,0.25,0.72156,0.0,-0.92,-28.0,0.0,AUDUSD,[sl 0.72118],
186103585,182299023,2026-05-04T00:05:01+00:00,1777853101349,1,1,0,182298840,4,0.1,1.38985,0.0,0.0,-0.43,0.0,XRPUSD,[sl 1.39115],
186103649,182299058,2026-05-04T00:05:01+00:00,1777853101918,0,1,234001,182235360,4,0.25,1.17482,0.0,0.87,-72.75,0.0,EURUSD,[sl 1.17257],
186104596,182300009,2026-05-04T00:07:52+00:00,1777853272453,0,0,0,182300009,3,0.1,78984.3,0.0,0.0,0.0,0.0,BTCUSD,OV2|206939|H1|B,
186104658,182300069,2026-05-04T00:08:26+00:00,1777853306472,1,0,0,182300069,3,0.1,1.3933,0.0,0.0,0.0,0.0,XRPUSD,OV2|06bf37|H1|S,
186104662,182300072,2026-05-04T00:08:29+00:00,1777853309089,1,1,0,182300009,4,0.1,78966.19,0.0,0.0,-1.81,0.0,BTCUSD,[sl 78967.80],
186104920,182300334,2026-05-04T00:10:03+00:00,1777853403135,0,1,0,182298908,4,0.1,2331.607,0.0,0.0,-0.2,0.0,ETHUSD,[sl 2331.146],
186105044,182300437,2026-05-04T00:10:45+00:00,1777853445208,0,0,0,182300437,3,0.1,79016.75,0.0,0.0,0.0,0.0,BTCUSD,OV2|384b74|H1|B,
186105226,182300594,2026-05-04T00:12:07+00:00,1777853527238,1,0,0,182300594,3,0.1,2332.019,0.0,0.0,0.0,0.0,ETHUSD,OV2|915f9d|H1|S,
186105535,182300926,2026-05-04T00:14:25+00:00,1777853665741,0,1,0,182300069,4,0.1,1.3968,0.0,0.0,-0.35,0.0,XRPUSD,[sl 1.39677],
186105554,182300941,2026-05-04T00:14:35+00:00,1777853675648,1,0,0,182300941,3,0.1,1.39475,0.0,0.0,0.0,0.0,XRPUSD,OV2|153641|H1|S,
186105768,182301122,2026-05-04T00:16:57+00:00,1777853817218,1,1,0,182300437,4,0.1,78993.83,0.0,0.0,-2.29,0.0,BTCUSD,[sl 79000.25],
186106029,182301361,2026-05-04T00:19:25+00:00,1777853965003,0,0,0,182301361,3,0.1,78969.11,0.0,0.0,0.0,0.0,BTCUSD,OV2|2b7a9f|H1|B,
186106587,182301820,2026-05-04T00:24:42+00:00,1777854282373,1,1,0,182301361,4,0.1,78946.62,0.0,0.0,-2.25,0.0,BTCUSD,[sl 78950.61],
186106684,182301907,2026-05-04T00:25:43+00:00,1777854343380,0,0,0,182301907,3,0.1,78931.66,0.0,0.0,0.0,0.0,BTCUSD,OV2|70776d|H1|B,
186106739,182302004,2026-05-04T00:26:42+00:00,1777854402036,1,1,0,182301907,4,0.1,78912.27,0.0,0.0,-1.94,0.0,BTCUSD,[sl 78915.16],
186106740,182302010,2026-05-04T00:26:43+00:00,1777854403101,0,0,0,182302010,3,0.1,78920.99,0.0,0.0,0.0,0.0,BTCUSD,OV2|439b29|H1|B,
186106924,182302413,2026-05-04T00:30:26+00:00,1777854626522,1,1,0,182302010,4,0.1,78901.38,0.0,0.0,-1.96,0.0,BTCUSD,[sl 78902.49],
186110792,182304961,2026-05-04T01:02:48+00:00,1777856568252,0,1,0,182300594,4,0.1,2334.67,0.0,0.0,-0.27,0.0,ETHUSD,[sl 2333.519],
186110944,182305108,2026-05-04T01:02:50+00:00,1777856570436,0,1,0,182300941,4,0.1,1.39966,0.0,0.0,-0.49,0.0,XRPUSD,[sl 1.39935],
186111216,182305291,2026-05-04T01:03:33+00:00,1777856613747,1,0,0,182305291,3,0.1,1.39505,0.0,0.0,0.0,0.0,XRPUSD,OV2|de47b0|H4|S,
186111503,182305514,2026-05-04T01:04:06+00:00,1777856646520,1,0,0,182305514,3,0.1,2337.414,0.0,0.0,0.0,0.0,ETHUSD,OV2|531305|H1|S,
186111578,182305718,2026-05-04T01:04:37+00:00,1777856677163,0,1,0,182305514,4,0.1,2339.032,0.0,0.0,-0.16,0.0,ETHUSD,[sl 2338.843],
186113945,182307544,2026-05-04T01:05:49+00:00,1777856749310,0,0,0,182307544,3,0.1,79017.27,0.0,0.0,0.0,0.0,BTCUSD,OV2|208419|H1|B,
186114754,182308341,2026-05-04T01:06:27+00:00,1777856787150,1,1,0,182307544,4,0.1,78998.96,0.0,0.0,-1.83,0.0,BTCUSD,[sl 79000.77],
186116102,182309882,2026-05-04T01:08:40+00:00,1777856920984,0,0,0,182309882,3,0.1,78941.43,0.0,0.0,0.0,0.0,BTCUSD,OV2|8f89b6|H1|B,
186120721,182314363,2026-05-04T01:14:01+00:00,1777857241823,0,1,0,182305291,4,0.1,1.4013,0.0,0.0,-0.63,0.0,XRPUSD,[sl 1.40095],
186121606,182315108,2026-05-04T01:14:51+00:00,1777857291631,0,0,0,182315108,3,0.1,1.4020000000000001,0.0,0.0,0.0,0.0,XRPUSD,OV2|dcaad2|H1|B,
186127523,182319966,2026-05-04T01:23:25+00:00,1777857805650,1,1,0,182315108,4,0.1,1.39725,0.0,0.0,-0.48,0.0,XRPUSD,[sl 1.39726],
186129195,182321110,2026-05-04T01:27:02+00:00,1777858022093,0,0,0,182321110,3,0.1,1.3989,0.0,0.0,0.0,0.0,XRPUSD,OV2|e3ddac|H1|B,
186139805,182330528,2026-05-04T01:51:46+00:00,1777859506926,1,0,0,182330528,3,0.1,1.35869,0.0,0.0,0.0,0.0,GBPUSD,OV2|ab9846|H1|S,
186143178,182332785,2026-05-04T01:57:17+00:00,1777859837954,1,1,0,182309882,3,0.1,79181.46,0.0,0.0,24.0,0.0,BTCUSD,OMEGA_KILL_SWITC,
186143179,182332786,2026-05-04T01:57:18+00:00,1777859838293,1,1,0,182321110,3,0.1,1.3971,0.0,0.0,-0.18,0.0,XRPUSD,OMEGA_KILL_SWITC,
186143180,182332787,2026-05-04T01:57:18+00:00,1777859838429,0,1,0,182330528,3,0.1,1.35886,0.0,0.0,-1.7,0.0,GBPUSD,OMEGA_KILL_SWITC,
186143510,182332986,2026-05-04T01:58:43+00:00,1777859923974,0,0,0,182332986,3,0.1,79180.56,0.0,0.0,0.0,0.0,BTCUSD,OV2|cce219|H1|B,
186143708,182333098,2026-05-04T01:59:23+00:00,1777859963450,1,1,0,182332986,4,0.1,79159.46,0.0,0.0,-2.11,0.0,BTCUSD,[sl 79164.06],
186144635,182334016,2026-05-04T02:00:37+00:00,1777860037229,1,0,0,182334016,3,0.1,1.17311,0.0,0.0,0.0,0.0,EURUSD,OV2|8607be|H1|S,
186145872,182334784,2026-05-04T02:01:58+00:00,1777860118124,0,0,0,182334784,3,0.1,79163.91,0.0,0.0,0.0,0.0,BTCUSD,OV2|91e466|H1|B,
186148167,182336453,2026-05-04T02:07:08+00:00,1777860428215,1,1,0,182334784,4,0.1,79129.33,0.0,0.0,-3.46,0.0,BTCUSD,[sl 79147.41],
186148890,182336943,2026-05-04T02:08:26+00:00,1777860506079,0,0,0,182336943,3,0.1,79140.38,0.0,0.0,0.0,0.0,BTCUSD,OV2|92dfae|H1|B,
186149613,182337378,2026-05-04T02:09:34+00:00,1777860574076,1,1,0,182336943,4,0.1,79121.81,0.0,0.0,-1.8599999999999999,0.0,BTCUSD,[sl 79123.88],
186152745,182339441,2026-05-04T02:13:25+00:00,1777860805375,1,0,0,182339441,3,0.05,4612.34,0.0,0.0,0.0,0.0,XAUUSD,OV2|7fbd04|H1|S,
186153140,182339746,2026-05-04T02:14:14+00:00,1777860854287,0,1,0,182339441,4,0.05,4614.86,0.0,0.0,-12.6,0.0,XAUUSD,[sl 4614.83],
186154735,182340803,2026-05-04T02:17:15+00:00,1777861035560,1,0,0,182340803,3,0.05,4615.3,0.0,0.0,0.0,0.0,XAUUSD,OV2|7c465e|H1|S,
186158310,182343194,2026-05-04T02:29:36+00:00,1777861776237,0,1,0,182340803,4,0.05,4617.92,0.0,0.0,-13.1,0.0,XAUUSD,[sl 4617.80],
186159595,182344030,2026-05-04T02:32:42+00:00,1777861962050,1,0,0,182344030,3,0.05,4617.19,0.0,0.0,0.0,0.0,XAUUSD,OV2|c80457|H1|S,
186167890,182349868,2026-05-04T02:58:25+00:00,1777863505997,0,0,0,182349868,3,0.1,156.872,0.0,0.0,0.0,0.0,USDJPY,OV2|c36a94|H1|B,
186170855,182351963,2026-05-04T03:00:49+00:00,1777863649065,1,0,0,182351963,3,0.1,78488.89,0.0,0.0,0.0,0.0,BTCUSD,OV2|a545aa|H1|S,
186172778,182353141,2026-05-04T03:01:50+00:00,1777863710279,0,1,0,182351963,4,0.1,78508.96,0.0,0.0,-2.01,0.0,BTCUSD,[sl 78507.39],
186174793,182354472,2026-05-04T03:03:31+00:00,1777863811290,1,0,0,182354472,3,0.1,78484.4,0.0,0.0,0.0,0.0,BTCUSD,OV2|ef0b51|H1|S,
186174922,182354575,2026-05-04T03:03:49+00:00,1777863829568,0,1,0,182354472,4,0.1,78505.76,0.0,0.0,-2.14,0.0,BTCUSD,[sl 78502.90],
186181503,182358854,2026-05-04T03:09:48+00:00,1777864188950,1,0,0,182358854,3,0.1,78445.44,0.0,0.0,0.0,0.0,BTCUSD,OV2|aa68d1|H1|S,
186181528,182358874,2026-05-04T03:09:54+00:00,1777864194785,0,1,0,182358854,4,0.1,78463.24,0.0,0.0,-1.78,0.0,BTCUSD,[sl 78461.89],
186182270,182359420,2026-05-04T03:11:16+00:00,1777864276579,1,0,0,182359420,3,0.1,78479.25,0.0,0.0,0.0,0.0,BTCUSD,OV2|b8299e|H1|S,
186183939,182360582,2026-05-04T03:14:26+00:00,1777864466391,0,1,0,182359420,4,0.1,78501.64,0.0,0.0,-2.24,0.0,BTCUSD,[sl 78495.25],
186185263,182361533,2026-05-04T03:16:23+00:00,1777864583704,1,0,0,182361533,3,0.1,78449.29,0.0,0.0,0.0,0.0,BTCUSD,OV2|4b8447|H1|S,
186185426,182361647,2026-05-04T03:16:41+00:00,1777864601663,0,1,0,182361533,4,0.1,78465.83,0.0,0.0,-1.65,0.0,BTCUSD,[sl 78465.79],
186185768,182361891,2026-05-04T03:17:32+00:00,1777864652737,1,0,0,182361891,3,0.1,78419.69,0.0,0.0,0.0,0.0,BTCUSD,OV2|2758e7|H1|S,
186187284,182362960,2026-05-04T03:19:09+00:00,1777864749460,0,1,0,182361891,4,0.1,78435.62,0.0,0.0,-1.5899999999999999,0.0,BTCUSD,[sl 78435.33],
186189888,182364704,2026-05-04T03:21:26+00:00,1777864886143,1,0,0,182364704,3,0.1,78375.37,0.0,0.0,0.0,0.0,BTCUSD,OV2|805107|H1|S,
186195839,182368712,2026-05-04T03:28:18+00:00,1777865298628,0,1,0,182364704,4,0.1,78393.83,0.0,0.0,-1.85,0.0,BTCUSD,[sl 78391.87],
186196616,182369337,2026-05-04T03:29:01+00:00,1777865341819,1,0,0,182369337,3,0.1,78422.41,0.0,0.0,0.0,0.0,BTCUSD,OV2|818a72|H1|S,
186200442,182372067,2026-05-04T03:32:41+00:00,1777865561878,0,1,0,182369337,4,0.1,78439.74,0.0,0.0,-1.73,0.0,BTCUSD,[sl 78438.91],
186200499,182372105,2026-05-04T03:32:54+00:00,1777865574773,1,0,0,182372105,3,0.1,78431.44,0.0,0.0,0.0,0.0,BTCUSD,OV2|1e8845|H1|S,
186204991,182375257,2026-05-04T03:45:39+00:00,1777866339423,0,1,0,182372105,4,0.1,78448.68,0.0,0.0,-1.72,0.0,BTCUSD,[sl 78448.44],
186205035,182375297,2026-05-04T03:45:43+00:00,1777866343121,1,0,0,182375297,3,0.1,78434.08,0.0,0.0,0.0,0.0,BTCUSD,OV2|17e9ab|H1|S,
186205233,182375418,2026-05-04T03:46:21+00:00,1777866381858,0,1,0,182375297,4,0.1,78449.71,0.0,0.0,-1.56,0.0,BTCUSD,[sl 78447.15],
186205635,182375683,2026-05-04T03:47:08+00:00,1777866428075,1,0,0,182375683,3,0.1,78418.86,0.0,0.0,0.0,0.0,BTCUSD,OV2|b520b0|H1|S,
186205948,182375873,2026-05-04T03:48:27+00:00,1777866507829,0,1,0,182375683,4,0.1,78436.93,0.0,0.0,-1.81,0.0,BTCUSD,[sl 78435.61],
186206789,182376408,2026-05-04T03:49:44+00:00,1777866584207,1,0,0,182376408,3,0.1,78471.27,0.0,0.0,0.0,0.0,BTCUSD,OV2|f333cd|H1|S,
186210020,182378460,2026-05-04T03:56:29+00:00,1777866989155,0,1,0,182376408,4,0.1,78494.39,0.0,0.0,-2.31,0.0,BTCUSD,[sl 78487.77],
186218552,182384290,2026-05-04T04:06:56+00:00,1777867616671,0,1,0,182344030,5,0.05,4599.49,0.0,0.0,88.5,0.0,XAUUSD,[tp 4599.59],
186219753,182384976,2026-05-04T04:07:32+00:00,1777867652878,1,0,0,182384976,3,0.05,4598.52,0.0,0.0,0.0,0.0,XAUUSD,OV2|5c1a1e|H1|S,
186220410,182385381,2026-05-04T04:08:40+00:00,1777867720524,0,1,0,182384976,4,0.05,4601.03,0.0,0.0,-12.55,0.0,XAUUSD,[sl 4601.02],
186220477,182385436,2026-05-04T04:08:54+00:00,1777867734901,1,0,0,182385436,3,0.05,4600.43,0.0,0.0,0.0,0.0,XAUUSD,OV2|8a1320|H1|S,
186226910,182389544,2026-05-04T04:17:38+00:00,1777868258558,0,1,0,182385436,4,0.05,4603.27,0.0,0.0,-14.2,0.0,XAUUSD,[sl 4603.03],
186227001,182389577,2026-05-04T04:17:39+00:00,1777868259168,1,1,0,182349868,4,0.1,156.805,0.0,0.0,-4.3,0.0,USDJPY,[sl 156.805],
186228509,182390431,2026-05-04T04:17:56+00:00,1777868276131,1,0,0,182390431,3,0.05,4603.65,0.0,0.0,0.0,0.0,XAUUSD,OV2|d5aed8|H1|S,
186229195,182390890,2026-05-04T04:19:13+00:00,1777868353009,0,0,0,182390890,3,0.1,156.883,0.0,0.0,0.0,0.0,USDJPY,OV2|91f775|H1|B,
186237434,182396129,2026-05-04T04:33:09+00:00,1777869189776,0,0,0,182396129,3,0.1,79099.99,0.0,0.0,0.0,0.0,BTCUSD,OV2|886637|H1|B,
186237457,182396145,2026-05-04T04:33:12+00:00,1777869192904,1,1,0,182396129,4,0.1,79082.09,0.0,0.0,-1.79,0.0,BTCUSD,[sl 79083.49],
186237871,182396427,2026-05-04T04:34:29+00:00,1777869269846,0,0,0,182396427,3,0.1,78964.25,0.0,0.0,0.0,0.0,BTCUSD,OV2|66702c|H1|B,
186237888,182396445,2026-05-04T04:34:33+00:00,1777869273339,1,1,0,182396427,4,0.1,78946.11,0.0,0.0,-1.81,0.0,BTCUSD,[sl 78947.32],
186239407,182397393,2026-05-04T04:37:07+00:00,1777869427256,0,0,0,182397393,3,0.1,78799.84,0.0,0.0,0.0,0.0,BTCUSD,OV2|fa58bf|H1|B,
186239412,182397402,2026-05-04T04:37:08+00:00,1777869428493,1,1,0,182397393,4,0.1,78781.04,0.0,0.0,-1.88,0.0,BTCUSD,[sl 78783.34],
186239954,182397777,2026-05-04T04:38:18+00:00,1777869498965,0,0,0,182397777,3,0.1,78823.66,0.0,0.0,0.0,0.0,BTCUSD,OV2|4e8e41|H1|B,
186241803,182399061,2026-05-04T04:42:43+00:00,1777869763027,1,1,0,182397777,4,0.1,78806.12,0.0,0.0,-1.75,0.0,BTCUSD,[sl 78807.75],
186242043,182399259,2026-05-04T04:43:29+00:00,1777869809143,0,0,0,182399259,3,0.1,78811.13,0.0,0.0,0.0,0.0,BTCUSD,OV2|ea3087|H1|B,
186242530,182399590,2026-05-04T04:44:54+00:00,1777869894030,1,1,0,182399259,4,0.1,78794.46,0.0,0.0,-1.67,0.0,BTCUSD,[sl 78794.63],
186243451,182400231,2026-05-04T04:46:05+00:00,1777869965945,0,0,0,182400231,3,0.1,78851.48,0.0,0.0,0.0,0.0,BTCUSD,OV2|0e1231|H1|B,
186243531,182400278,2026-05-04T04:46:17+00:00,1777869977296,1,1,0,182400231,4,0.1,78833.58,0.0,0.0,-1.79,0.0,BTCUSD,[sl 78835.03],
186243797,182400459,2026-05-04T04:47:17+00:00,1777870037268,0,0,0,182400459,3,0.1,78862.85,0.0,0.0,0.0,0.0,BTCUSD,OV2|5d317e|H1|B,
186243828,182400474,2026-05-04T04:47:22+00:00,1777870042865,1,1,0,182400459,4,0.1,78845.59,0.0,0.0,-1.73,0.0,BTCUSD,[sl 78846.35],
186244210,182400754,2026-05-04T04:48:33+00:00,1777870113678,0,0,0,182400754,3,0.1,78851.95,0.0,0.0,0.0,0.0,BTCUSD,OV2|615dcf|H1|B,
186246553,182402334,2026-05-04T04:51:27+00:00,1777870287944,0,1,0,182390431,4,0.05,4606.18,0.0,0.0,-12.65,0.0,XAUUSD,[sl 4606.15],
186249311,182404274,2026-05-04T04:56:00+00:00,1777870560832,1,1,0,182400754,5,0.1,79761.08,0.0,0.0,90.91,0.0,BTCUSD,[tp 79747.12],
186250816,182405360,2026-05-04T04:57:32+00:00,1777870652523,0,0,0,182405360,3,0.1,79480.8,0.0,0.0,0.0,0.0,BTCUSD,OV2|b4476b|H1|B,
186250820,182405363,2026-05-04T04:57:32+00:00,1777870652831,1,1,0,182405360,4,0.1,79465.09,0.0,0.0,-1.5699999999999998,0.0,BTCUSD,[sl 79466.65],
186252541,182406495,2026-05-04T04:58:58+00:00,1777870738419,0,0,0,182406495,3,0.1,79548.11,0.0,0.0,0.0,0.0,BTCUSD,OV2|8873b4|H1|B,
186258819,182410976,2026-05-04T05:01:32+00:00,1777870892096,0,0,0,182410976,3,0.05,4614.61,0.0,0.0,0.0,0.0,XAUUSD,OV2|1b98e8|H1|B,
186259552,182411519,2026-05-04T05:02:44+00:00,1777870964805,1,1,0,182406495,4,0.1,79530.22,0.0,0.0,-1.79,0.0,BTCUSD,[sl 79531.61],
186259584,182411548,2026-05-04T05:02:46+00:00,1777870966931,0,0,0,182411548,3,0.1,79549.94,0.0,0.0,0.0,0.0,BTCUSD,OV2|a57d59|H1|B,
186261259,182412955,2026-05-04T05:05:55+00:00,1777871155007,1,1,0,182410976,4,0.05,4611.89,0.0,0.0,-13.6,0.0,XAUUSD,[sl 4612.11],
186261790,182413262,2026-05-04T05:06:04+00:00,1777871164347,1,1,0,182390890,5,0.1,157.159,0.0,0.0,17.45,0.0,USDJPY,[tp 157.159],
186262177,182413536,2026-05-04T05:06:32+00:00,1777871192771,0,0,0,182413536,3,0.1,1.35857,0.0,0.0,0.0,0.0,GBPUSD,OV2|1995ef|H1|B,
186262209,182413558,2026-05-04T05:06:35+00:00,1777871195568,0,0,0,182413558,3,0.05,4611.11,0.0,0.0,0.0,0.0,XAUUSD,OV2|291bb8|H1|B,
186262303,182413618,2026-05-04T05:06:41+00:00,1777871201187,0,0,0,182413618,3,0.1,157.142,0.0,0.0,0.0,0.0,USDJPY,OV2|959eb4|H1|B,
186263927,182414775,2026-05-04T05:09:05+00:00,1777871345684,1,1,0,182413558,4,0.05,4608.54,0.0,0.0,-12.85,0.0,XAUUSD,[sl 4608.61],
186264289,182414983,2026-05-04T05:09:14+00:00,1777871354211,0,0,0,182414983,3,0.05,4608.31,0.0,0.0,0.0,0.0,XAUUSD,OV2|923465|H1|B,
186265817,182416047,2026-05-04T05:10:57+00:00,1777871457679,1,1,0,182414983,4,0.05,4605.76,0.0,0.0,-12.75,0.0,XAUUSD,[sl 4605.76],
186266491,182416493,2026-05-04T05:11:42+00:00,1777871502911,0,0,0,182416493,3,0.05,4605.28,0.0,0.0,0.0,0.0,XAUUSD,OV2|d192d2|H1|B,
186270244,182419164,2026-05-04T05:16:07+00:00,1777871767093,1,1,0,182416493,4,0.05,4602.67,0.0,0.0,-13.05,0.0,XAUUSD,[sl 4602.78],
186270867,182419547,2026-05-04T05:16:50+00:00,1777871810095,0,0,0,182419547,3,0.05,4603.45,0.0,0.0,0.0,0.0,XAUUSD,OV2|a93f03|H1|B,
186273295,182421563,2026-05-04T05:21:22+00:00,1777872082259,1,1,0,182419547,4,0.05,4600.9,0.0,0.0,-12.75,0.0,XAUUSD,[sl 4600.95],
186277439,182424570,2026-05-04T05:27:16+00:00,1777872436090,1,0,0,182424570,3,0.05,4596.52,0.0,0.0,0.0,0.0,XAUUSD,OV2|e93c44|H1|S,
186284942,182430042,2026-05-04T05:37:12+00:00,1777873032777,0,1,0,182424570,4,0.05,4599.06,0.0,0.0,-12.7,0.0,XAUUSD,[sl 4599.02],
186297072,182438942,2026-05-04T05:55:29+00:00,1777874129080,1,1,0,182413618,4,0.1,157.067,0.0,0.0,-4.81,0.0,USDJPY,[sl 157.074],
186297795,182439408,2026-05-04T05:56:42+00:00,1777874202687,0,0,0,182439408,3,0.1,157.168,0.0,0.0,0.0,0.0,USDJPY,OV2|ac5f43|H1|B,
186298687,182440063,2026-05-04T05:58:36+00:00,1777874316942,1,1,0,182439408,4,0.1,157.1,0.0,0.0,-4.36,0.0,USDJPY,[sl 157.100],
186306159,182447078,2026-05-04T06:17:10+00:00,1777875430856,0,0,0,182447078,3,0.1,157.211,0.0,0.0,0.0,0.0,USDJPY,OV2|6e5d3a|H1|B,
186309744,182449509,2026-05-04T06:36:27+00:00,1777876587946,0,0,0,182449509,3,0.05,4606.1,0.0,0.0,0.0,0.0,XAUUSD,OV2|10f886|H1|B,
186310542,182450000,2026-05-04T06:39:07+00:00,1777876747430,1,1,0,182449509,4,0.05,4603.46,0.0,0.0,-13.2,0.0,XAUUSD,[sl 4603.60],
186314681,182452750,2026-05-04T06:45:00+00:00,1777877100551,1,1,0,182447078,4,0.1,157.138,0.0,0.0,-4.68,0.0,USDJPY,[sl 157.143],
186320473,182456663,2026-05-04T06:49:10+00:00,1777877350901,1,0,0,182456663,3,0.07,156.146,0.0,0.0,0.0,0.0,USDJPY,OV2|a043ba|H1|S,
186320772,182456835,2026-05-04T06:49:32+00:00,1777877372664,0,1,0,182456663,4,0.07,156.301,0.0,0.0,-6.98,0.0,USDJPY,[sl 156.296],
186321138,182457097,2026-05-04T06:50:33+00:00,1777877433502,1,0,0,182457097,3,0.06,156.39,0.0,0.0,0.0,0.0,USDJPY,OV2|e3167b|H1|S,
186322900,182458331,2026-05-04T06:53:25+00:00,1777877605440,0,1,0,182334016,4,0.1,1.1738,0.0,0.0,-6.9,0.0,EURUSD,[sl 1.17379],
186323686,182458823,2026-05-04T06:54:32+00:00,1777877672790,0,1,0,182457097,5,0.06,155.793,0.0,0.0,22.85,0.0,USDJPY,[tp 155.797],
186324106,182459099,2026-05-04T06:55:33+00:00,1777877733377,1,0,0,182459099,3,0.06,155.885,0.0,0.0,0.0,0.0,USDJPY,OV2|fef1ba|H1|S,
186324201,182459173,2026-05-04T06:55:55+00:00,1777877755032,0,1,0,182459099,4,0.06,156.039,0.0,0.0,-5.96,0.0,USDJPY,[sl 156.036],
186324537,182459433,2026-05-04T06:56:47+00:00,1777877807958,0,0,0,182459433,3,0.05,4612.77,0.0,0.0,0.0,0.0,XAUUSD,OV2|c37c14|H1|B,
186324574,182459465,2026-05-04T06:56:53+00:00,1777877813480,1,0,0,182459465,3,0.06,156.012,0.0,0.0,0.0,0.0,USDJPY,OV2|3683a0|H1|S,
186324705,182459556,2026-05-04T06:57:36+00:00,1777877856640,0,1,0,182459465,4,0.06,156.164,0.0,0.0,-5.88,0.0,USDJPY,[sl 156.162],
186325477,182460063,2026-05-04T06:58:16+00:00,1777877896171,1,0,0,182460063,3,0.06,156.141,0.0,0.0,0.0,0.0,USDJPY,OV2|baaeb3|H1|S,
186326024,182460466,2026-05-04T06:59:34+00:00,1777877974696,0,1,0,182460063,4,0.06,156.292,0.0,0.0,-5.83,0.0,USDJPY,[sl 156.291],
186327008,182461472,2026-05-04T07:00:45+00:00,1777878045210,1,0,0,182461472,3,0.07,156.229,0.0,0.0,0.0,0.0,USDJPY,OV2|6636fd|H1|S,
186328342,182462709,2026-05-04T07:03:42+00:00,1777878222830,1,1,0,182459433,4,0.05,4610.39,0.0,0.0,-11.9,0.0,XAUUSD,[sl 4610.47],
186328454,182462800,2026-05-04T07:03:54+00:00,1777878234363,0,1,0,182461472,4,0.07,156.379,0.0,0.0,-6.75,0.0,USDJPY,[sl 156.379],
186329284,182463355,2026-05-04T07:04:36+00:00,1777878276607,1,0,0,182463355,3,0.07,156.351,0.0,0.0,0.0,0.0,USDJPY,OV2|889195|H1|S,
186329326,182463383,2026-05-04T07:04:39+00:00,1777878279382,0,0,0,182463383,3,0.05,4608.25,0.0,0.0,0.0,0.0,XAUUSD,OV2|313c70|H1|B,
186330111,182464217,2026-05-04T07:06:19+00:00,1777878379212,0,1,0,182463355,4,0.07,156.502,0.0,0.0,-6.79,0.0,USDJPY,[sl 156.501],
186330272,182464336,2026-05-04T07:07:11+00:00,1777878431914,1,0,0,182464336,3,0.07,156.508,0.0,0.0,0.0,0.0,USDJPY,OV2|ca7f74|H1|S,
186333623,182467223,2026-05-04T07:22:22+00:00,1777879342200,0,1,0,182464336,4,0.07,156.664,0.0,0.0,-7.01,0.0,USDJPY,[sl 156.658],
186341299,182472438,2026-05-04T07:55:16+00:00,1777881316805,1,1,0,182463383,4,0.05,4605.74,0.0,0.0,-12.55,0.0,XAUUSD,[sl 4605.75],
186346120,182476906,2026-05-04T08:13:52+00:00,1777882432761,1,0,0,182476906,3,0.05,4602.33,0.0,0.0,0.0,0.0,XAUUSD,OV2|d02e90|H1|S,
186347680,182478060,2026-05-04T08:18:57+00:00,1777882737427,0,1,0,182476906,4,0.05,4604.83,0.0,0.0,-12.5,0.0,XAUUSD,[sl 4604.83],
186347729,182478088,2026-05-04T08:18:58+00:00,1777882738579,1,0,0,182478088,3,0.05,4604.74,0.0,0.0,0.0,0.0,XAUUSD,OV2|ed4e7b|H1|S,
186347896,182478292,2026-05-04T08:19:05+00:00,1777882745922,0,1,0,182478088,4,0.05,4607.25,0.0,0.0,-12.55,0.0,XAUUSD,[sl 4607.24],
186354939,182483116,2026-05-04T08:26:34+00:00,1777883194806,1,0,0,182483116,3,0.05,4600.69,0.0,0.0,0.0,0.0,XAUUSD,OV2|2f7b32|H1|S,
186360645,182487373,2026-05-04T08:34:24+00:00,1777883664350,0,0,0,182487373,3,0.1,156.836,0.0,0.0,0.0,0.0,USDJPY,OV2|57df84|H1|B,
186361347,182487830,2026-05-04T08:36:47+00:00,1777883807396,1,0,0,182487830,3,0.1,1.1726,0.0,0.0,0.0,0.0,EURUSD,OV2|735e06|H1|S,
186361613,182488006,2026-05-04T08:38:14+00:00,1777883894654,1,1,0,182487373,4,0.1,156.749,0.0,0.0,-5.58,0.0,USDJPY,[sl 156.749],
186361906,182488232,2026-05-04T08:39:21+00:00,1777883961744,0,0,0,182488232,3,0.1,156.812,0.0,0.0,0.0,0.0,USDJPY,OV2|57a035|H1|B,
186367711,182492448,2026-05-04T08:54:03+00:00,1777884843682,1,1,0,182488232,4,0.1,156.697,0.0,0.0,-7.38,0.0,USDJPY,[sl 156.705],
186367801,182492540,2026-05-04T08:54:54+00:00,1777884894300,0,0,0,182492540,3,0.1,156.775,0.0,0.0,0.0,0.0,USDJPY,OV2|534d6d|H1|B,
186370658,182494774,2026-05-04T09:02:37+00:00,1777885357674,0,0,0,182494774,3,0.1,1.3593600000000001,0.0,0.0,0.0,0.0,GBPUSD,OV2|1a0278|H1|B,
186370663,182494777,2026-05-04T09:02:40+00:00,1777885360602,1,0,0,182494777,3,0.05,4595.99,0.0,0.0,0.0,0.0,XAUUSD,OV2|129da2|H1|S,
186371128,182495134,2026-05-04T09:03:42+00:00,1777885422826,0,1,0,182487830,4,0.1,1.17329,0.0,0.0,-6.9,0.0,EURUSD,[sl 1.17328],
186376317,182499099,2026-05-04T09:09:40+00:00,1777885780038,0,1,0,182494777,4,0.05,4598.54,0.0,0.0,-12.75,0.0,XAUUSD,[sl 4598.49],
186377344,182499902,2026-05-04T09:11:40+00:00,1777885900638,1,0,0,182499902,3,0.05,4594.17,0.0,0.0,0.0,0.0,XAUUSD,OV2|f82b72|H1|S,
186377480,182500034,2026-05-04T09:12:11+00:00,1777885931908,0,1,0,182499902,4,0.05,4596.77,0.0,0.0,-13.0,0.0,XAUUSD,[sl 4596.67],
186377868,182500375,2026-05-04T09:13:06+00:00,1777885986287,1,0,0,182500375,3,0.05,4596.66,0.0,0.0,0.0,0.0,XAUUSD,OV2|bb6c74|H1|S,
186382605,182504566,2026-05-04T09:26:39+00:00,1777886799377,1,1,0,182411548,4,0.1,79532.57,0.0,0.0,-1.74,0.0,BTCUSD,[sl 79533.44],
186388913,182509599,2026-05-04T09:40:05+00:00,1777887605905,1,1,0,182494774,4,0.1,1.35868,0.0,0.0,-6.8,0.0,GBPUSD,[sl 1.35868],
186391948,182512221,2026-05-04T09:46:25+00:00,1777887985766,1,1,0,182413536,4,0.1,1.35785,0.0,0.0,-7.2,0.0,GBPUSD,[sl 1.35787],
186392009,182512266,2026-05-04T09:46:28+00:00,1777887988560,1,0,0,182512266,3,0.1,1.17227,0.0,0.0,0.0,0.0,EURUSD,OV2|29d7c1|H1|S,
186392568,182512740,2026-05-04T09:47:40+00:00,1777888060060,1,0,0,182512740,3,0.1,1.17233,0.0,0.0,0.0,0.0,EURUSD,OV2|8d327a|H1|S,
186394528,182514268,2026-05-04T09:50:28+00:00,1777888228277,0,1,0,182512266,4,0.1,1.17295,0.0,0.0,-6.8,0.0,EURUSD,[sl 1.17295],
186394556,182514285,2026-05-04T09:50:28+00:00,1777888228739,0,1,0,182512740,4,0.1,1.17299,0.0,0.0,-6.6,0.0,EURUSD,[sl 1.17299],
186394923,182514626,2026-05-04T09:51:36+00:00,1777888296881,1,0,0,182514626,3,0.1,1.17288,0.0,0.0,0.0,0.0,EURUSD,OV2|b5c288|H1|S,
186395169,182514877,2026-05-04T09:52:48+00:00,1777888368500,1,0,0,182514877,3,0.1,1.17303,0.0,0.0,0.0,0.0,EURUSD,OV2|46d1f0|H1|S,
186418473,182534084,2026-05-04T10:56:53+00:00,1777892213558,0,1,0,182483116,5,0.05,4580.77,0.0,0.0,99.6,0.0,XAUUSD,[tp 4580.81],
186419035,182534509,2026-05-04T10:58:15+00:00,1777892295896,1,0,0,182534509,3,0.05,4581.98,0.0,0.0,0.0,0.0,XAUUSD,OV2|4b1c5d|H1|S,
186447398,182555504,2026-05-04T12:15:03+00:00,1777896903226,0,1,0,182534509,4,0.05,4584.66,0.0,0.0,-13.4,0.0,XAUUSD,[sl 4584.48],
186451504,182558770,2026-05-04T12:38:18+00:00,1777898298918,0,0,0,182558770,3,0.1,79767.0,0.0,0.0,0.0,0.0,BTCUSD,OV2|d237a9|H1|B,
186451512,182558777,2026-05-04T12:38:25+00:00,1777898305646,1,1,0,182558770,4,0.1,79748.81,0.0,0.0,-1.8199999999999998,0.0,BTCUSD,[sl 79750.65],
186451622,182558860,2026-05-04T12:39:35+00:00,1777898375863,0,0,0,182558860,3,0.1,79782.45,0.0,0.0,0.0,0.0,BTCUSD,OV2|c15fc0|H1|B,
186452115,182559227,2026-05-04T12:42:14+00:00,1777898534805,0,0,0,182559227,3,0.1,79806.83,0.0,0.0,0.0,0.0,BTCUSD,OV2|531e0a|H1|B,
186453284,182560066,2026-05-04T12:47:51+00:00,1777898871146,1,1,0,182559227,4,0.1,79788.01,0.0,0.0,-1.88,0.0,BTCUSD,[sl 79790.33],
186453368,182560141,2026-05-04T12:48:31+00:00,1777898911598,0,0,0,182560141,3,0.1,79801.26,0.0,0.0,0.0,0.0,BTCUSD,OV2|bd277d|H1|B,
186456922,182562878,2026-05-04T12:58:11+00:00,1777899491263,0,1,0,182500375,5,0.05,4573.63,0.0,0.0,115.15,0.0,XAUUSD,[tp 4573.76],
186458022,182563562,2026-05-04T12:58:46+00:00,1777899526241,1,0,0,182563562,3,0.05,4573.86,0.0,0.0,0.0,0.0,XAUUSD,OV2|7bc8b3|H1|S,
186459288,182564873,2026-05-04T13:01:18+00:00,1777899678696,1,1,0,182560141,4,0.1,79776.98,0.0,0.0,-2.43,0.0,BTCUSD,[sl 79784.76],
186459293,182564876,2026-05-04T13:01:19+00:00,1777899679654,0,0,0,182564876,3,0.1,79784.38,0.0,0.0,0.0,0.0,BTCUSD,OV2|6850d3|H1|B,
186459326,182564909,2026-05-04T13:01:30+00:00,1777899690189,1,0,0,182564909,3,0.05,4573.19,0.0,0.0,0.0,0.0,XAUUSD,OV2|f9a6f7|H1|S,
186460746,182565853,2026-05-04T13:02:00+00:00,1777899720591,1,1,0,182564876,4,0.1,79767.87,0.0,0.0,-1.65,0.0,BTCUSD,[sl 79767.88],
186460769,182565861,2026-05-04T13:02:00+00:00,1777899720711,1,1,0,182558860,4,0.1,79760.69,0.0,0.0,-2.18,0.0,BTCUSD,[sl 79765.95],
186465681,182569211,2026-05-04T13:03:52+00:00,1777899832608,0,1,0,182514877,5,0.1,1.17099,0.0,0.0,20.4,0.0,EURUSD,[tp 1.17099],
186465710,182569230,2026-05-04T13:03:52+00:00,1777899832675,0,1,0,182563562,5,0.05,4561.98,0.0,0.0,59.4,0.0,XAUUSD,[tp 4562.16],
186465794,182569334,2026-05-04T13:03:52+00:00,1777899832772,0,1,0,182564909,5,0.05,4560.5,0.0,0.0,63.45,0.0,XAUUSD,[tp 4561.02],
186466355,182569892,2026-05-04T13:03:53+00:00,1777899833110,0,1,0,182514626,5,0.1,1.17083,0.0,0.0,20.5,0.0,EURUSD,[tp 1.17084],
186468162,182570747,2026-05-04T13:03:58+00:00,1777899838788,1,0,0,182570747,3,0.1,1.1708,0.0,0.0,0.0,0.0,EURUSD,OV2|066ef9|H1|S,
186468564,182570983,2026-05-04T13:04:01+00:00,1777899841512,1,0,0,182570983,3,0.05,4556.26,0.0,0.0,0.0,0.0,XAUUSD,OV2|0a8e1f|H1|S,
186471667,182573011,2026-05-04T13:04:49+00:00,1777899889560,0,1,0,182570983,4,0.05,4558.84,0.0,0.0,-12.9,0.0,XAUUSD,[sl 4558.76],
186475072,182575313,2026-05-04T13:06:00+00:00,1777899960586,1,1,0,182492540,5,0.1,157.119,0.0,0.0,21.76,0.0,USDJPY,[tp 157.119],
186476037,182575968,2026-05-04T13:06:35+00:00,1777899995416,1,0,0,182575968,3,0.05,1.17073,0.0,0.0,0.0,0.0,EURUSD,OV2|8eb4b1|H1|S,
186476120,182576045,2026-05-04T13:06:38+00:00,1777899998215,1,0,0,182576045,3,0.05,4548.3,0.0,0.0,0.0,0.0,XAUUSD,OV2|9b6d8a|H1|S,
186479260,182578260,2026-05-04T13:07:49+00:00,1777900069993,1,0,0,182578260,3,0.05,4548.41,0.0,0.0,0.0,0.0,XAUUSD,OV2|2aeaa2|H1|S,
186507758,182599879,2026-05-04T13:32:02+00:00,1777901522009,0,1,0,182576045,4,0.05,4550.93,0.0,0.0,-13.15,0.0,XAUUSD,[sl 4550.80],
186507762,182599880,2026-05-04T13:32:02+00:00,1777901522010,0,1,0,182578260,4,0.05,4550.93,0.0,0.0,-12.6,0.0,XAUUSD,[sl 4550.82],
186510841,182601774,2026-05-04T13:32:22+00:00,1777901542653,1,0,0,182601774,3,0.05,4555.11,0.0,0.0,0.0,0.0,XAUUSD,OV2|ec2b37|H1|S,
186510842,182601776,2026-05-04T13:32:22+00:00,1777901542664,0,1,0,182575968,4,0.05,1.17141,0.0,0.0,-3.4,0.0,EURUSD,[sl 1.17140],
186510876,182601793,2026-05-04T13:32:22+00:00,1777901542935,0,1,0,182570747,4,0.1,1.17149,0.0,0.0,-6.9,0.0,EURUSD,[sl 1.17147],
186511065,182601879,2026-05-04T13:32:25+00:00,1777901545284,1,0,0,182601879,3,0.06,1.35541,0.0,0.0,0.0,0.0,GBPUSD,OV2|6fa5f5|H1|S,
186512907,182603200,2026-05-04T13:33:34+00:00,1777901614468,1,0,0,182603200,3,0.03,4555.76,0.0,0.0,0.0,0.0,XAUUSD,OV2|e69d11|H1|S,
186513056,182603304,2026-05-04T13:33:39+00:00,1777901619841,1,0,0,182603304,3,0.06,1.35508,0.0,0.0,0.0,0.0,GBPUSD,OV2|81565d|H1|S,
186513247,182603444,2026-05-04T13:33:53+00:00,1777901633656,0,1,0,182601774,4,0.05,4557.49,0.0,0.0,-11.9,0.0,XAUUSD,[sl 4557.47],
186513894,182603908,2026-05-04T13:34:27+00:00,1777901667464,0,1,0,182603200,4,0.03,4558.5,0.0,0.0,-8.22,0.0,XAUUSD,[sl 4558.26],
186514394,182604269,2026-05-04T13:35:00+00:00,1777901700063,1,0,0,182604269,3,0.05,4557.56,0.0,0.0,0.0,0.0,XAUUSD,OV2|b6c243|H1|S,
186515896,182605324,2026-05-04T13:36:11+00:00,1777901771602,1,0,0,182605324,3,0.05,4556.87,0.0,0.0,0.0,0.0,XAUUSD,OV2|616de3|H1|S,
186516075,182605459,2026-05-04T13:36:32+00:00,1777901792098,0,1,0,182605324,4,0.05,4559.46,0.0,0.0,-12.95,0.0,XAUUSD,[sl 4559.37],
186516165,182605592,2026-05-04T13:36:36+00:00,1777901796818,0,1,0,182604269,4,0.05,4560.31,0.0,0.0,-13.75,0.0,XAUUSD,[sl 4560.10],
186517275,182606253,2026-05-04T13:37:31+00:00,1777901851672,1,0,0,182606253,3,0.05,4560.25,0.0,0.0,0.0,0.0,XAUUSD,OV2|da8a5e|H1|S,
186518222,182606939,2026-05-04T13:38:46+00:00,1777901926113,1,0,0,182606939,3,0.05,4557.95,0.0,0.0,0.0,0.0,XAUUSD,OV2|6fe7da|H1|S,
186518570,182607245,2026-05-04T13:39:17+00:00,1777901957153,0,1,0,182606939,4,0.05,4560.45,0.0,0.0,-12.5,0.0,XAUUSD,[sl 4560.43],
186518836,182607441,2026-05-04T13:39:30+00:00,1777901970871,0,1,0,182606253,4,0.05,4563.14,0.0,0.0,-14.45,0.0,XAUUSD,[sl 4562.75],
186529788,182615422,2026-05-04T14:01:49+00:00,1777903309063,0,0,0,182615422,3,0.1,157.094,0.0,0.0,0.0,0.0,USDJPY,OV2|2d614c|H1|B,
186531159,182616339,2026-05-04T14:03:08+00:00,1777903388734,0,0,0,182616339,3,0.1,157.118,0.0,0.0,0.0,0.0,USDJPY,OV2|e864ad|H1|B,
186549696,182631434,2026-05-04T14:37:43+00:00,1777905463292,1,0,0,182631434,3,0.05,4559.09,0.0,0.0,0.0,0.0,XAUUSD,OV2|2bef63|H1|S,
186550194,182631780,2026-05-04T14:39:00+00:00,1777905540153,1,0,0,182631780,3,0.05,4557.39,0.0,0.0,0.0,0.0,XAUUSD,OV2|e00af4|H1|S,
186556697,182636231,2026-05-04T14:51:15+00:00,1777906275919,0,1,0,182631780,4,0.05,4559.92,0.0,0.0,-12.65,0.0,XAUUSD,[sl 4559.89],
186556977,182636430,2026-05-04T14:51:57+00:00,1777906317026,1,0,0,182636430,3,0.05,4558.6,0.0,0.0,0.0,0.0,XAUUSD,OV2|81e84a|H1|S,
186558607,182637504,2026-05-04T14:56:56+00:00,1777906616340,0,1,0,182636430,4,0.05,4561.11,0.0,0.0,-12.55,0.0,XAUUSD,[sl 4561.10],
186558790,182637619,2026-05-04T14:57:04+00:00,1777906624010,0,1,0,182631434,4,0.05,4561.67,0.0,0.0,-12.9,0.0,XAUUSD,[sl 4561.59],
186558839,182637647,2026-05-04T14:57:07+00:00,1777906627530,1,0,0,182637647,3,0.05,4561.2,0.0,0.0,0.0,0.0,XAUUSD,OV2|330770|H1|S,
186559840,182638421,2026-05-04T14:58:16+00:00,1777906696669,1,0,0,182638421,3,0.05,4562.58,0.0,0.0,0.0,0.0,XAUUSD,OV2|eb06fe|H1|S,
186561945,182640057,2026-05-04T15:02:25+00:00,1777906945388,0,1,0,182637647,4,0.05,4563.76,0.0,0.0,-12.8,0.0,XAUUSD,[sl 4563.69],
186565548,182642584,2026-05-04T15:13:01+00:00,1777907581854,0,1,0,182638421,4,0.05,4565.09,0.0,0.0,-12.55,0.0,XAUUSD,[sl 4565.08],
186571331,182646618,2026-05-04T15:18:17+00:00,1777907897422,1,1,0,182616339,4,0.1,157.048,0.0,0.0,-4.49,0.0,USDJPY,[sl 157.049],
186574174,182648508,2026-05-04T15:20:34+00:00,1777908034323,1,1,0,182615422,4,0.1,157.023,0.0,0.0,-4.55,0.0,USDJPY,[sl 157.023],
186575557,182649399,2026-05-04T15:21:22+00:00,1777908082629,1,0,0,182649399,3,0.1,157.023,0.0,0.0,0.0,0.0,USDJPY,OV2|820f11|H1|S,
186575788,182649552,2026-05-04T15:21:32+00:00,1777908092082,0,0,0,182649552,3,0.1,78994.5,0.0,0.0,0.0,0.0,BTCUSD,OV2|1d8b42|H1|B,
186575884,182649624,2026-05-04T15:21:43+00:00,1777908103592,1,1,0,182649552,4,0.1,78976.34,0.0,0.0,-1.8199999999999998,0.0,BTCUSD,[sl 78978.00],
186577061,182650400,2026-05-04T15:22:38+00:00,1777908158712,0,0,0,182650400,3,0.1,78937.14,0.0,0.0,0.0,0.0,BTCUSD,OV2|acc533|H1|B,
186577119,182650444,2026-05-04T15:22:49+00:00,1777908169331,1,0,0,182650444,3,0.1,157.073,0.0,0.0,0.0,0.0,USDJPY,OV2|a17007|H1|S,
186577222,182650529,2026-05-04T15:23:00+00:00,1777908180745,1,1,0,182650400,4,0.1,78917.74,0.0,0.0,-1.94,0.0,BTCUSD,[sl 78918.64],
186577407,182650671,2026-05-04T15:23:23+00:00,1777908203405,0,1,0,182649399,4,0.1,157.1,0.0,0.0,-4.93,0.0,USDJPY,[sl 157.095],
186577907,182651036,2026-05-04T15:23:55+00:00,1777908235469,1,0,0,182651036,3,0.1,157.087,0.0,0.0,0.0,0.0,USDJPY,OV2|e6766f|H1|S,
186578101,182651195,2026-05-04T15:24:03+00:00,1777908243392,0,0,0,182651195,3,0.1,78946.23,0.0,0.0,0.0,0.0,BTCUSD,OV2|3305bd|H1|B,
186580335,182652725,2026-05-04T15:26:26+00:00,1777908386835,1,1,0,182651195,4,0.1,78929.67,0.0,0.0,-1.6600000000000001,0.0,BTCUSD,[sl 78929.73],
186581718,182653637,2026-05-04T15:27:48+00:00,1777908468945,0,0,0,182653637,3,0.1,78970.75,0.0,0.0,0.0,0.0,BTCUSD,OV2|452141|H1|B,
186582501,182654272,2026-05-04T15:28:45+00:00,1777908525638,0,1,0,182603304,4,0.06,1.35615,0.0,0.0,-6.42,0.0,GBPUSD,[sl 1.35614],
186582882,182654573,2026-05-04T15:29:10+00:00,1777908550124,1,1,0,182653637,4,0.1,78950.57,0.0,0.0,-2.02,0.0,BTCUSD,[sl 78954.25],
186582913,182654602,2026-05-04T15:29:12+00:00,1777908552264,0,0,0,182654602,3,0.1,78956.41,0.0,0.0,0.0,0.0,BTCUSD,OV2|47776b|H1|B,
186582957,182654642,2026-05-04T15:29:15+00:00,1777908555044,1,1,0,182654602,4,0.1,78939.03,0.0,0.0,-1.74,0.0,BTCUSD,[sl 78939.91],
186584740,182655911,2026-05-04T15:31:40+00:00,1777908700543,0,0,0,182655911,3,0.1,78928.69,0.0,0.0,0.0,0.0,BTCUSD,OV2|260167|H1|B,
186584801,182655963,2026-05-04T15:31:53+00:00,1777908713690,1,1,0,182655911,4,0.1,78910.6,0.0,0.0,-1.81,0.0,BTCUSD,[sl 78912.19],
186588975,182658667,2026-05-04T15:38:12+00:00,1777909092305,0,0,0,182658667,3,0.1,78936.25,0.0,0.0,0.0,0.0,BTCUSD,OV2|736372|H1|B,
186589804,182659256,2026-05-04T15:39:27+00:00,1777909167754,0,0,0,182659256,3,0.1,78939.62,0.0,0.0,0.0,0.0,BTCUSD,OV2|e7ca43|H1|B,
186589951,182659363,2026-05-04T15:39:47+00:00,1777909187387,1,1,0,182658667,4,0.1,78911.46,0.0,0.0,-2.48,0.0,BTCUSD,[sl 78917.85],
186589952,182659364,2026-05-04T15:39:47+00:00,1777909187388,1,1,0,182659256,4,0.1,78911.46,0.0,0.0,-2.82,0.0,BTCUSD,[sl 78920.87],
186591550,182660552,2026-05-04T15:42:13+00:00,1777909333853,0,0,0,182660552,3,0.1,78977.23,0.0,0.0,0.0,0.0,BTCUSD,OV2|43074b|H1|B,
186591762,182660752,2026-05-04T15:42:45+00:00,1777909365798,1,1,0,182660552,4,0.1,78953.19,0.0,0.0,-2.4,0.0,BTCUSD,[sl 78958.73],
186592273,182661055,2026-05-04T15:43:33+00:00,1777909413057,0,0,0,182661055,3,0.1,78992.94,0.0,0.0,0.0,0.0,BTCUSD,OV2|87a8e5|H1|B,
186592346,182661107,2026-05-04T15:43:58+00:00,1777909438737,1,1,0,182661055,4,0.1,78972.31,0.0,0.0,-2.06,0.0,BTCUSD,[sl 78974.27],
186592513,182661218,2026-05-04T15:44:45+00:00,1777909485959,0,0,0,182661218,3,0.1,78987.51,0.0,0.0,0.0,0.0,BTCUSD,OV2|62dab9|H1|B,
186592584,182661303,2026-05-04T15:45:10+00:00,1777909510822,1,1,0,182661218,4,0.1,78966.16,0.0,0.0,-2.14,0.0,BTCUSD,[sl 78971.01],
186593177,182661716,2026-05-04T15:47:20+00:00,1777909640430,0,0,0,182661716,3,0.1,78974.25,0.0,0.0,0.0,0.0,BTCUSD,OV2|d51938|H1|B,
186593211,182661741,2026-05-04T15:47:31+00:00,1777909651460,1,1,0,182661716,4,0.1,78957.32,0.0,0.0,-1.69,0.0,BTCUSD,[sl 78957.75],
186594255,182662469,2026-05-04T15:48:44+00:00,1777909724698,0,0,0,182662469,3,0.1,78978.91,0.0,0.0,0.0,0.0,BTCUSD,OV2|cbe9e7|H1|B,
186595632,182663444,2026-05-04T15:50:53+00:00,1777909853091,1,1,0,182662469,4,0.1,78960.01,0.0,0.0,-1.8900000000000001,0.0,BTCUSD,[sl 78962.41],
186596639,182664161,2026-05-04T15:52:32+00:00,1777909952410,0,0,0,182664161,3,0.1,78969.82,0.0,0.0,0.0,0.0,BTCUSD,OV2|185485|H1|B,
186596802,182664281,2026-05-04T15:52:50+00:00,1777909970826,1,1,0,182664161,4,0.1,78950.72,0.0,0.0,-1.9100000000000001,0.0,BTCUSD,[sl 78953.32],
186597230,182664594,2026-05-04T15:53:51+00:00,1777910031558,0,0,0,182664594,3,0.1,78965.99,0.0,0.0,0.0,0.0,BTCUSD,OV2|5a7d09|H1|B,
186597853,182665041,2026-05-04T15:55:19+00:00,1777910119397,1,1,0,182664594,4,0.1,78947.64,0.0,0.0,-1.8399999999999999,0.0,BTCUSD,[sl 78949.49],
186598627,182665571,2026-05-04T15:57:53+00:00,1777910273628,0,0,0,182665571,3,0.1,78965.36,0.0,0.0,0.0,0.0,BTCUSD,OV2|b635fb|H1|B,
186598911,182665756,2026-05-04T15:58:54+00:00,1777910334400,1,1,0,182665571,4,0.1,78945.32,0.0,0.0,-2.0,0.0,BTCUSD,[sl 78946.13],
186598938,182665778,2026-05-04T15:59:06+00:00,1777910346700,0,0,0,182665778,3,0.1,78958.4,0.0,0.0,0.0,0.0,BTCUSD,OV2|92a83f|H1|B,
186599181,182665966,2026-05-04T15:59:45+00:00,1777910385880,1,1,0,182665778,4,0.1,78936.58,0.0,0.0,-2.18,0.0,BTCUSD,[sl 78939.90],
186599304,182666063,2026-05-04T15:59:48+00:00,1777910388234,0,1,0,182650444,4,0.1,157.143,0.0,0.0,-4.48,0.0,USDJPY,[sl 157.143],
186599709,182666371,2026-05-04T15:59:53+00:00,1777910393219,0,1,0,182651036,4,0.1,157.157,0.0,0.0,-4.48,0.0,USDJPY,[sl 157.157],
186602500,182668442,2026-05-04T16:00:35+00:00,1777910435239,0,0,0,182668442,3,0.1,157.166,0.0,0.0,0.0,0.0,USDJPY,OV2|2977f9|H1|B,
186605207,182670116,2026-05-04T16:01:52+00:00,1777910512423,1,0,0,182670116,3,0.1,78636.5,0.0,0.0,0.0,0.0,BTCUSD,OV2|5d9186|H1|S,
186605240,182670133,2026-05-04T16:01:52+00:00,1777910512973,0,1,0,182670116,4,0.1,78653.03,0.0,0.0,-1.65,0.0,BTCUSD,[sl 78653.00],
186605346,182670192,2026-05-04T16:01:54+00:00,1777910514309,1,1,0,182668442,4,0.1,157.101,0.0,0.0,-4.16,0.0,USDJPY,[sl 157.101],
186605978,182670670,2026-05-04T16:03:04+00:00,1777910584031,1,0,0,182670670,3,0.1,78646.42,0.0,0.0,0.0,0.0,BTCUSD,OV2|684d13|H1|S,
186606983,182671464,2026-05-04T16:04:26+00:00,1777910666576,1,0,0,182671464,3,0.05,78585.67,0.0,0.0,0.0,0.0,BTCUSD,OV2|756f95|H1|S,
186607290,182671691,2026-05-04T16:04:33+00:00,1777910673547,0,1,0,182671464,4,0.05,78610.95,0.0,0.0,-1.26,0.0,BTCUSD,[sl 78602.17],
186607403,182671831,2026-05-04T16:04:34+00:00,1777910674431,0,1,0,182670670,4,0.1,78663.61,0.0,0.0,-1.72,0.0,BTCUSD,[sl 78662.92],
186613711,182676580,2026-05-04T16:10:00+00:00,1777911000357,0,1,0,182601879,4,0.06,1.35646,0.0,0.0,-6.3,0.0,GBPUSD,[sl 1.35646],
186615194,182677537,2026-05-04T16:10:49+00:00,1777911049403,0,0,0,182677537,3,0.1,1.35632,0.0,0.0,0.0,0.0,GBPUSD,OV2|5113bc|H1|B,
186615255,182677580,2026-05-04T16:10:52+00:00,1777911052238,1,0,0,182677580,3,0.1,157.027,0.0,0.0,0.0,0.0,USDJPY,OV2|19a867|H1|S,
186615809,182677952,2026-05-04T16:12:01+00:00,1777911121046,0,0,0,182677952,3,0.05,1.35632,0.0,0.0,0.0,0.0,GBPUSD,OV2|795992|H1|B,
186615866,182677986,2026-05-04T16:12:06+00:00,1777911126405,1,0,0,182677986,3,0.1,157.019,0.0,0.0,0.0,0.0,USDJPY,OV2|b48866|H1|S,
186619112,182680404,2026-05-04T16:16:56+00:00,1777911416578,1,1,0,182677537,4,0.1,1.3556300000000001,0.0,0.0,-6.9,0.0,GBPUSD,[sl 1.35564],
186619113,182680405,2026-05-04T16:16:56+00:00,1777911416578,1,1,0,182677952,4,0.05,1.3556300000000001,0.0,0.0,-3.45,0.0,GBPUSD,[sl 1.35564],
186621319,182682012,2026-05-04T16:22:17+00:00,1777911737103,0,0,0,182682012,3,0.1,78984.97,0.0,0.0,0.0,0.0,BTCUSD,OV2|f7dede|H1|B,
186621836,182682339,2026-05-04T16:23:42+00:00,1777911822490,0,0,0,182682339,3,0.1,78985.84,0.0,0.0,0.0,0.0,BTCUSD,OV2|9897d8|H1|B,
186621875,182682366,2026-05-04T16:23:50+00:00,1777911830870,1,1,0,182682012,4,0.1,78968.15,0.0,0.0,-1.6800000000000002,0.0,BTCUSD,[sl 78968.47],
186621876,182682367,2026-05-04T16:23:50+00:00,1777911830870,1,1,0,182682339,4,0.1,78968.15,0.0,0.0,-1.77,0.0,BTCUSD,[sl 78969.34],
186622383,182682780,2026-05-04T16:25:00+00:00,1777911900113,0,0,0,182682780,3,0.1,78960.96,0.0,0.0,0.0,0.0,BTCUSD,OV2|ef1f66|H1|B,
186622398,182682846,2026-05-04T16:25:00+00:00,1777911900545,1,1,0,182682780,4,0.1,78940.92,0.0,0.0,-2.0,0.0,BTCUSD,[sl 78944.46],
186623084,182683362,2026-05-04T16:26:06+00:00,1777911966164,0,0,0,182683362,3,0.1,78963.69,0.0,0.0,0.0,0.0,BTCUSD,OV2|e562d9|H1|B,
186623291,182683510,2026-05-04T16:26:30+00:00,1777911990464,1,1,0,182683362,4,0.1,78944.93,0.0,0.0,-1.88,0.0,BTCUSD,[sl 78947.19],
186623402,182683606,2026-05-04T16:26:48+00:00,1777912008468,0,1,0,182677986,4,0.1,157.091,0.0,0.0,-4.61,0.0,USDJPY,[sl 157.091],
186624053,182683954,2026-05-04T16:27:06+00:00,1777912026387,0,1,0,182677580,4,0.1,157.097,0.0,0.0,-4.49,0.0,USDJPY,[sl 157.097],
186624122,182684004,2026-05-04T16:27:28+00:00,1777912048641,1,0,0,182684004,3,0.1,157.071,0.0,0.0,0.0,0.0,USDJPY,OV2|d2b71b|H1|S,
186624129,182684008,2026-05-04T16:27:31+00:00,1777912051266,0,0,0,182684008,3,0.1,78954.14,0.0,0.0,0.0,0.0,BTCUSD,OV2|7c0a2b|H1|B,
186624479,182684288,2026-05-04T16:28:43+00:00,1777912123134,1,0,0,182684288,3,0.05,157.054,0.0,0.0,0.0,0.0,USDJPY,OV2|6d2281|H1|S,
186624537,182684329,2026-05-04T16:28:51+00:00,1777912131386,0,0,0,182684329,3,0.1,78955.61,0.0,0.0,0.0,0.0,BTCUSD,OV2|5dc409|H1|B,
186625567,182685195,2026-05-04T16:30:09+00:00,1777912209255,1,1,0,182684008,4,0.1,78933.91,0.0,0.0,-2.02,0.0,BTCUSD,[sl 78937.64],
186625568,182685196,2026-05-04T16:30:09+00:00,1777912209256,1,1,0,182684329,4,0.1,78933.91,0.0,0.0,-2.17,0.0,BTCUSD,[sl 78939.11],
186627636,182686591,2026-05-04T16:31:17+00:00,1777912277689,0,0,0,182686591,3,0.1,78967.3,0.0,0.0,0.0,0.0,BTCUSD,OV2|a96294|H1|B,
186627701,182686639,2026-05-04T16:31:19+00:00,1777912279089,1,1,0,182686591,4,0.1,78949.32,0.0,0.0,-1.8,0.0,BTCUSD,[sl 78950.80],
186627855,182686755,2026-05-04T16:31:23+00:00,1777912283183,1,0,0,182686755,3,0.05,4557.59,0.0,0.0,0.0,0.0,XAUUSD,OV2|19c047|H1|S,
186630120,182688515,2026-05-04T16:32:35+00:00,1777912355176,1,0,0,182688515,3,0.05,4558.57,0.0,0.0,0.0,0.0,XAUUSD,OV2|65dd60|H1|S,
186630151,182688533,2026-05-04T16:32:36+00:00,1777912356629,0,1,0,182686755,4,0.05,4560.22,0.0,0.0,-13.15,0.0,XAUUSD,[sl 4560.09],
186630187,182688566,2026-05-04T16:32:37+00:00,1777912357907,0,0,0,182688566,3,0.1,78954.12,0.0,0.0,0.0,0.0,BTCUSD,OV2|a8eed6|H1|B,
186630192,182688575,2026-05-04T16:32:38+00:00,1777912358039,0,1,0,182688515,4,0.05,4560.98,0.0,0.0,-12.05,0.0,XAUUSD,[sl 4560.98],
186634418,182691537,2026-05-04T16:34:00+00:00,1777912440423,0,0,0,182691537,3,0.1,78993.26,0.0,0.0,0.0,0.0,BTCUSD,OV2|c6f27e|H1|B,
186635390,182692224,2026-05-04T16:34:41+00:00,1777912481304,1,1,0,182691537,4,0.1,78976.67,0.0,0.0,-1.6600000000000001,0.0,BTCUSD,[sl 78976.76],
186637301,182693587,2026-05-04T16:36:34+00:00,1777912594282,0,0,0,182693587,3,0.1,79085.39,0.0,0.0,0.0,0.0,BTCUSD,OV2|fc5529|H1|B,
186637313,182693599,2026-05-04T16:36:36+00:00,1777912596232,1,1,0,182693587,4,0.1,79070.29,0.0,0.0,-1.51,0.0,BTCUSD,[sl 79070.94],
186638423,182694431,2026-05-04T16:37:34+00:00,1777912654229,1,1,0,182688566,4,0.1,78937.34,0.0,0.0,-1.6800000000000002,0.0,BTCUSD,[sl 78937.62],
186638488,182694479,2026-05-04T16:37:40+00:00,1777912660533,0,0,0,182694479,3,0.1,78949.12,0.0,0.0,0.0,0.0,BTCUSD,OV2|2d2b1b|H1|B,
186638542,182694522,2026-05-04T16:37:47+00:00,1777912667418,1,1,0,182694479,4,0.1,78930.51,0.0,0.0,-1.8599999999999999,0.0,BTCUSD,[sl 78930.62],
186639224,182695059,2026-05-04T16:38:57+00:00,1777912737723,0,0,0,182695059,3,0.1,78878.48,0.0,0.0,0.0,0.0,BTCUSD,OV2|6ed512|H1|B,
186640237,182695921,2026-05-04T16:40:33+00:00,1777912833433,1,1,0,182695059,4,0.1,78860.6,0.0,0.0,-1.79,0.0,BTCUSD,[sl 78863.09],
186641234,182696649,2026-05-04T16:41:34+00:00,1777912894874,0,0,0,182696649,3,0.1,78934.03,0.0,0.0,0.0,0.0,BTCUSD,OV2|be1a9b|H1|B,
186641518,182696864,2026-05-04T16:41:44+00:00,1777912904674,1,1,0,182696649,4,0.1,78917.25,0.0,0.0,-1.6800000000000002,0.0,BTCUSD,[sl 78917.53],
186643546,182698258,2026-05-04T16:42:58+00:00,1777912978003,0,0,0,182698258,3,0.1,1.35621,0.0,0.0,0.0,0.0,GBPUSD,OV2|221474|H1|B,
186643564,182698276,2026-05-04T16:43:00+00:00,1777912980754,0,0,0,182698276,3,0.1,78893.49,0.0,0.0,0.0,0.0,BTCUSD,OV2|de419c|H1|B,
186644451,182698917,2026-05-04T16:43:37+00:00,1777913017359,1,1,0,182698276,4,0.1,78868.48,0.0,0.0,-2.5,0.0,BTCUSD,[sl 78876.99],
186644907,182699277,2026-05-04T16:44:12+00:00,1777913052871,0,0,0,182699277,3,0.1,78879.08,0.0,0.0,0.0,0.0,BTCUSD,OV2|cfd4ca|H1|B,
186644938,182699302,2026-05-04T16:44:15+00:00,1777913055420,0,0,0,182699302,3,0.1,1.3562400000000001,0.0,0.0,0.0,0.0,GBPUSD,OV2|2100f8|H1|B,
186645328,182699636,2026-05-04T16:44:46+00:00,1777913086827,1,1,0,182699277,4,0.1,78858.47,0.0,0.0,-2.06,0.0,BTCUSD,[sl 78862.58],
186646526,182700574,2026-05-04T16:46:52+00:00,1777913212425,0,0,0,182700574,3,0.05,4565.11,0.0,0.0,0.0,0.0,XAUUSD,OV2|0fd1fc|H1|B,
186646892,182700861,2026-05-04T16:47:20+00:00,1777913240327,1,1,0,182700574,4,0.05,4562.36,0.0,0.0,-13.75,0.0,XAUUSD,[sl 4562.64],
186647394,182701279,2026-05-04T16:48:04+00:00,1777913284324,0,0,0,182701279,3,0.05,4563.54,0.0,0.0,0.0,0.0,XAUUSD,OV2|ecee94|H1|B,
186648453,182702086,2026-05-04T16:49:26+00:00,1777913366818,0,0,0,182702086,3,0.05,4564.16,0.0,0.0,0.0,0.0,XAUUSD,OV2|a669b1|H1|B,
186648648,182702235,2026-05-04T16:49:52+00:00,1777913392148,1,1,0,182702086,4,0.05,4561.68,0.0,0.0,-12.4,0.0,XAUUSD,[sl 4561.69],
186648935,182702452,2026-05-04T16:50:03+00:00,1777913403338,1,1,0,182701279,4,0.05,4560.75,0.0,0.0,-13.95,0.0,XAUUSD,[sl 4561.04],
186651367,182704058,2026-05-04T16:51:58+00:00,1777913518237,1,0,0,182704058,3,0.05,4563.79,0.0,0.0,0.0,0.0,XAUUSD,OV2|63c9b7|H1|S,
186652656,182704942,2026-05-04T16:53:17+00:00,1777913597722,1,0,0,182704942,3,0.05,4559.06,0.0,0.0,0.0,0.0,XAUUSD,OV2|71bdf9|H1|S,
186653824,182705750,2026-05-04T16:54:41+00:00,1777913681118,0,1,0,182704942,4,0.05,4561.78,0.0,0.0,-13.6,0.0,XAUUSD,[sl 4561.57],
186655688,182707095,2026-05-04T16:56:57+00:00,1777913817987,1,0,0,182707095,3,0.05,4562.4,0.0,0.0,0.0,0.0,XAUUSD,OV2|13319c|H1|S,
186656585,182707774,2026-05-04T16:58:20+00:00,1777913900950,0,1,0,182707095,4,0.05,4564.88,0.0,0.0,-12.4,0.0,XAUUSD,[sl 4564.87],
186656688,182707846,2026-05-04T16:58:26+00:00,1777913906249,1,0,0,182707846,3,0.05,4565.15,0.0,0.0,0.0,0.0,XAUUSD,OV2|43e6ea|H1|S,
186656705,182707893,2026-05-04T16:58:26+00:00,1777913906841,0,1,0,182704058,4,0.05,4566.32,0.0,0.0,-12.65,0.0,XAUUSD,[sl 4566.29],
186657404,182708349,2026-05-04T16:59:35+00:00,1777913975491,1,0,0,182708349,3,0.05,4564.31,0.0,0.0,0.0,0.0,XAUUSD,OV2|21cb8a|H1|S,
186658057,182709059,2026-05-04T17:00:55+00:00,1777914055369,1,0,0,182709059,3,0.1,78767.92,0.0,0.0,0.0,0.0,BTCUSD,OV2|6654f0|H1|S,
186658272,182709182,2026-05-04T17:01:03+00:00,1777914063925,0,1,0,182709059,4,0.1,78783.93,0.0,0.0,-1.6,0.0,BTCUSD,[sl 78783.48],
186658640,182709456,2026-05-04T17:02:10+00:00,1777914130089,1,0,0,182709456,3,0.1,78735.78,0.0,0.0,0.0,0.0,BTCUSD,OV2|ca8073|H1|S,
186658664,182709473,2026-05-04T17:02:13+00:00,1777914133755,0,1,0,182709456,4,0.1,78752.58,0.0,0.0,-1.6800000000000002,0.0,BTCUSD,[sl 78752.28],
186659345,182710003,2026-05-04T17:03:27+00:00,1777914207431,1,0,0,182710003,3,0.1,78638.17,0.0,0.0,0.0,0.0,BTCUSD,OV2|da1f5c|H1|S,
186659425,182710064,2026-05-04T17:03:33+00:00,1777914213060,0,1,0,182710003,4,0.1,78656.12,0.0,0.0,-1.8,0.0,BTCUSD,[sl 78654.67],
186660372,182710759,2026-05-04T17:04:49+00:00,1777914289671,1,0,0,182710759,3,0.1,78610.29,0.0,0.0,0.0,0.0,BTCUSD,OV2|e0432e|H1|S,
186661303,182711503,2026-05-04T17:05:38+00:00,1777914338868,0,1,0,182710759,4,0.1,78629.68,0.0,0.0,-1.94,0.0,BTCUSD,[sl 78626.79],
186661589,182711722,2026-05-04T17:05:58+00:00,1777914358641,1,0,0,182711722,3,0.1,78621.94,0.0,0.0,0.0,0.0,BTCUSD,OV2|90c331|H1|S,
186662521,182712390,2026-05-04T17:07:08+00:00,1777914428252,1,1,0,182699302,4,0.1,1.35555,0.0,0.0,-6.9,0.0,GBPUSD,[sl 1.35555],
186662600,182712453,2026-05-04T17:07:20+00:00,1777914440978,1,0,0,182712453,3,0.1,78618.3,0.0,0.0,0.0,0.0,BTCUSD,OV2|e9453b|H1|S,
186662845,182712597,2026-05-04T17:07:43+00:00,1777914463000,0,1,0,182712453,4,0.1,78635.11,0.0,0.0,-1.6800000000000002,0.0,BTCUSD,[sl 78634.80],
186662848,182712600,2026-05-04T17:07:43+00:00,1777914463730,0,1,0,182711722,4,0.1,78641.85,0.0,0.0,-1.99,0.0,BTCUSD,[sl 78638.39],
186663327,182712948,2026-05-04T17:08:18+00:00,1777914498381,1,1,0,182698258,4,0.1,1.3554599999999999,0.0,0.0,-7.5,0.0,GBPUSD,[sl 1.35553],
186663398,182713029,2026-05-04T17:08:19+00:00,1777914499177,0,1,0,182684288,4,0.05,157.129,0.0,0.0,-2.4,0.0,USDJPY,[sl 157.128],
186663975,182713405,2026-05-04T17:08:29+00:00,1777914509719,0,1,0,182684004,4,0.1,157.145,0.0,0.0,-4.74,0.0,USDJPY,[sl 157.145],
186664078,182713468,2026-05-04T17:08:36+00:00,1777914516041,1,0,0,182713468,3,0.1,78604.65,0.0,0.0,0.0,0.0,BTCUSD,OV2|a06a74|H1|S,
186664283,182713613,2026-05-04T17:08:56+00:00,1777914536251,0,1,0,182713468,4,0.1,78622.7,0.0,0.0,-1.81,0.0,BTCUSD,[sl 78621.15],
186666033,182714793,2026-05-04T17:09:55+00:00,1777914595845,1,0,0,182714793,3,0.1,78526.76,0.0,0.0,0.0,0.0,BTCUSD,OV2|b6d8af|H1|S,
186666081,182714829,2026-05-04T17:09:59+00:00,1777914599005,0,1,0,182714793,4,0.1,78543.29,0.0,0.0,-1.65,0.0,BTCUSD,[sl 78543.26],
186667327,182715732,2026-05-04T17:11:15+00:00,1777914675910,1,0,0,182715732,3,0.1,78689.03,0.0,0.0,0.0,0.0,BTCUSD,OV2|003537|H1|S,
186667477,182715836,2026-05-04T17:11:34+00:00,1777914694370,0,1,0,182715732,4,0.1,78706.81,0.0,0.0,-1.78,0.0,BTCUSD,[sl 78705.53],
186668086,182716299,2026-05-04T17:12:27+00:00,1777914747683,1,0,0,182716299,3,0.1,78809.47,0.0,0.0,0.0,0.0,BTCUSD,OV2|777ab0|H1|S,
186668159,182716351,2026-05-04T17:12:31+00:00,1777914751796,0,1,0,182716299,4,0.1,78830.13,0.0,0.0,-2.07,0.0,BTCUSD,[sl 78825.97],
186670422,182717914,2026-05-04T17:13:50+00:00,1777914830832,1,0,0,182717914,3,0.1,78903.87,0.0,0.0,0.0,0.0,BTCUSD,OV2|5d7ed5|H1|S,
186670708,182718142,2026-05-04T17:14:08+00:00,1777914848618,0,1,0,182717914,4,0.1,78926.3,0.0,0.0,-2.24,0.0,BTCUSD,[sl 78920.37],
186672689,182719540,2026-05-04T17:16:19+00:00,1777914979816,1,0,0,182719540,3,0.1,78969.03,0.0,0.0,0.0,0.0,BTCUSD,OV2|aeac95|H1|S,
186672724,182719605,2026-05-04T17:16:22+00:00,1777914982738,0,1,0,182708349,4,0.05,4567.15,0.0,0.0,-14.2,0.0,XAUUSD,[sl 4566.81],
186672921,182719695,2026-05-04T17:16:27+00:00,1777914987907,1,0,0,182719695,3,0.03,4566.71,0.0,0.0,0.0,0.0,XAUUSD,OV2|191de1|H1|S,
186673344,182719985,2026-05-04T17:16:58+00:00,1777915018307,0,1,0,182707846,4,0.05,4568.24,0.0,0.0,-15.45,0.0,XAUUSD,[sl 4567.65],
186673388,182720139,2026-05-04T17:16:58+00:00,1777915018562,0,1,0,182719540,4,0.1,78991.61,0.0,0.0,-2.26,0.0,BTCUSD,[sl 78985.43],
186674329,182720672,2026-05-04T17:17:34+00:00,1777915054103,1,0,0,182720672,3,0.1,78989.79,0.0,0.0,0.0,0.0,BTCUSD,OV2|28882c|H1|S,
186674372,182720712,2026-05-04T17:17:39+00:00,1777915059728,1,0,0,182720712,3,0.03,4566.85,0.0,0.0,0.0,0.0,XAUUSD,OV2|6a4572|H1|S,
186674441,182720764,2026-05-04T17:17:53+00:00,1777915073624,0,1,0,182720672,4,0.1,79022.82,0.0,0.0,-3.3,0.0,BTCUSD,[sl 79006.29],
186674975,182721189,2026-05-04T17:18:39+00:00,1777915119532,0,1,0,182719695,4,0.03,4569.39,0.0,0.0,-8.04,0.0,XAUUSD,[sl 4569.21],
186674979,182721190,2026-05-04T17:18:39+00:00,1777915119533,0,1,0,182720712,4,0.03,4569.39,0.0,0.0,-7.62,0.0,XAUUSD,[sl 4569.35],
186676056,182721862,2026-05-04T17:18:54+00:00,1777915134100,1,0,0,182721862,3,0.05,4571.42,0.0,0.0,0.0,0.0,XAUUSD,OV2|874c16|H1|S,
186676216,182721957,2026-05-04T17:18:59+00:00,1777915139563,1,0,0,182721957,3,0.1,79018.42,0.0,0.0,0.0,0.0,BTCUSD,OV2|953a7a|H1|S,
186676335,182722096,2026-05-04T17:19:00+00:00,1777915140663,0,1,0,182721862,4,0.05,4573.93,0.0,0.0,-12.55,0.0,XAUUSD,[sl 4573.93],
186676431,182722149,2026-05-04T17:19:01+00:00,1777915141168,0,1,0,182721957,4,0.1,79038.55,0.0,0.0,-2.01,0.0,BTCUSD,[sl 79036.92],
186679872,182724396,2026-05-04T17:21:28+00:00,1777915288112,0,0,0,182724396,3,0.05,4575.9,0.0,0.0,0.0,0.0,XAUUSD,OV2|0711ad|H1|B,
186679936,182724445,2026-05-04T17:21:36+00:00,1777915296139,0,0,0,182724445,3,0.1,79053.36,0.0,0.0,0.0,0.0,BTCUSD,OV2|f589f5|H1|B,
186682844,182726283,2026-05-04T17:22:42+00:00,1777915362339,0,0,0,182726283,3,0.05,79190.59,0.0,0.0,0.0,0.0,BTCUSD,OV2|e2f34b|H1|B,
186682989,182726380,2026-05-04T17:22:53+00:00,1777915373221,0,0,0,182726380,3,0.05,4581.68,0.0,0.0,0.0,0.0,XAUUSD,OV2|6a937e|H1|B,
186683059,182726426,2026-05-04T17:22:59+00:00,1777915379137,1,1,0,182726283,4,0.05,79162.82,0.0,0.0,-1.3900000000000001,0.0,BTCUSD,[sl 79168.11],
186683906,182727063,2026-05-04T17:23:50+00:00,1777915430180,1,1,0,182726380,4,0.05,4579.18,0.0,0.0,-12.5,0.0,XAUUSD,[sl 4579.18],
186684351,182727374,2026-05-04T17:24:04+00:00,1777915444845,0,0,0,182727374,3,0.05,79233.15,0.0,0.0,0.0,0.0,BTCUSD,OV2|411375|H1|B,
186684491,182727455,2026-05-04T17:24:07+00:00,1777915447679,0,0,0,182727455,3,0.05,4577.04,0.0,0.0,0.0,0.0,XAUUSD,OV2|49b333|H1|B,
186684888,182727765,2026-05-04T17:24:23+00:00,1777915463231,1,1,0,182727455,4,0.05,4574.44,0.0,0.0,-13.0,0.0,XAUUSD,[sl 4574.54],
186686168,182728648,2026-05-04T17:25:58+00:00,1777915558313,1,1,0,182724396,4,0.05,4573.44,0.0,0.0,-12.3,0.0,XAUUSD,[sl 4573.45],
186686655,182728968,2026-05-04T17:26:36+00:00,1777915596335,0,0,0,182728968,3,0.05,4573.37,0.0,0.0,0.0,0.0,XAUUSD,OV2|641e88|H1|B,
186687297,182729480,2026-05-04T17:27:50+00:00,1777915670916,0,0,0,182729480,3,0.05,4574.59,0.0,0.0,0.0,0.0,XAUUSD,OV2|54343a|H1|B,
186688180,182730162,2026-05-04T17:29:25+00:00,1777915765665,1,1,0,182729480,4,0.05,4571.68,0.0,0.0,-14.55,0.0,XAUUSD,[sl 4572.09],
186688481,182730389,2026-05-04T17:29:43+00:00,1777915783166,1,1,0,182728968,4,0.05,4570.87,0.0,0.0,-12.5,0.0,XAUUSD,[sl 4570.87],
186691337,182732318,2026-05-04T17:31:45+00:00,1777915905712,0,0,0,182732318,3,0.05,4579.21,0.0,0.0,0.0,0.0,XAUUSD,OV2|290670|H1|B,
186691771,182732619,2026-05-04T17:32:15+00:00,1777915935214,1,1,0,182732318,4,0.05,4576.67,0.0,0.0,-12.7,0.0,XAUUSD,[sl 4576.70],
186692134,182732874,2026-05-04T17:33:05+00:00,1777915985585,0,0,0,182732874,3,0.1,1.17142,0.0,0.0,0.0,0.0,EURUSD,OV2|d5bc33|H1|B,
186692163,182732896,2026-05-04T17:33:11+00:00,1777915991110,0,0,0,182732896,3,0.05,4577.97,0.0,0.0,0.0,0.0,XAUUSD,OV2|d6c30d|H1|B,
186692549,182733180,2026-05-04T17:34:20+00:00,1777916060037,0,0,0,182733180,3,0.05,4577.12,0.0,0.0,0.0,0.0,XAUUSD,OV2|a6d5d6|H1|B,
186692579,182733206,2026-05-04T17:34:25+00:00,1777916065555,0,0,0,182733206,3,0.1,1.17147,0.0,0.0,0.0,0.0,EURUSD,OV2|eda2a3|H1|B,
186692592,182733218,2026-05-04T17:34:26+00:00,1777916066136,1,1,0,182732896,4,0.05,4575.25,0.0,0.0,-13.6,0.0,XAUUSD,[sl 4575.46],
186694339,182734510,2026-05-04T17:37:05+00:00,1777916225239,0,0,0,182734510,3,0.05,4578.34,0.0,0.0,0.0,0.0,XAUUSD,OV2|9c1ff5|H1|B,
186695821,182735664,2026-05-04T17:39:30+00:00,1777916370927,1,0,0,182735664,3,0.1,156.976,0.0,0.0,0.0,0.0,USDJPY,OV2|a606c1|H1|S,
186698493,182737551,2026-05-04T17:42:13+00:00,1777916533324,1,0,0,182737551,3,0.1,156.972,0.0,0.0,0.0,0.0,USDJPY,OV2|c942ab|H1|S,
186699304,182738083,2026-05-04T17:43:03+00:00,1777916583949,1,1,0,182734510,4,0.05,4575.52,0.0,0.0,-14.1,0.0,XAUUSD,[sl 4575.84],
186699759,182738391,2026-05-04T17:43:30+00:00,1777916610360,0,0,0,182738391,3,0.05,4575.36,0.0,0.0,0.0,0.0,XAUUSD,OV2|acc66b|H1|B,
186700492,182738941,2026-05-04T17:44:47+00:00,1777916687099,0,1,0,182737551,4,0.1,157.043,0.0,0.0,-4.55,0.0,USDJPY,[sl 157.042],
186700556,182738986,2026-05-04T17:44:55+00:00,1777916695439,1,1,0,182733206,4,0.1,1.17081,0.0,0.0,-6.6,0.0,EURUSD,[sl 1.17081],
186700561,182738990,2026-05-04T17:44:56+00:00,1777916696530,1,1,0,182733180,4,0.05,4574.5,0.0,0.0,-13.1,0.0,XAUUSD,[sl 4574.62],
186700795,182739208,2026-05-04T17:45:04+00:00,1777916704443,0,1,0,182735664,4,0.1,157.047,0.0,0.0,-4.55,0.0,USDJPY,[sl 157.046],
186701794,182739949,2026-05-04T17:46:27+00:00,1777916787498,1,1,0,182732874,4,0.1,1.17074,0.0,0.0,-6.8,0.0,EURUSD,[sl 1.17074],
186702157,182740205,2026-05-04T17:46:50+00:00,1777916810869,1,1,0,182738391,4,0.05,4572.76,0.0,0.0,-13.0,0.0,XAUUSD,[sl 4572.81],
186702372,182740355,2026-05-04T17:47:10+00:00,1777916830444,1,0,0,182740355,3,0.1,157.05,0.0,0.0,0.0,0.0,USDJPY,OV2|f45f75|H1|S,
186702430,182740397,2026-05-04T17:47:13+00:00,1777916833286,0,0,0,182740397,3,0.05,4572.94,0.0,0.0,0.0,0.0,XAUUSD,OV2|f6eb56|H1|B,
186702511,182740446,2026-05-04T17:47:18+00:00,1777916838622,1,0,0,182740446,3,0.1,1.17078,0.0,0.0,0.0,0.0,EURUSD,OV2|1ecf27|H1|S,
186703037,182740809,2026-05-04T17:48:17+00:00,1777916897870,1,1,0,182724445,5,0.1,79976.65,0.0,0.0,92.33,0.0,BTCUSD,[tp 79975.83],
186703239,182740951,2026-05-04T17:48:27+00:00,1777916907608,0,0,0,182740951,3,0.05,4573.78,0.0,0.0,0.0,0.0,XAUUSD,OV2|2b205f|H1|B,
186703276,182740985,2026-05-04T17:48:30+00:00,1777916910521,1,0,0,182740985,3,0.1,157.059,0.0,0.0,0.0,0.0,USDJPY,OV2|0ea172|H1|S,
186703504,182741141,2026-05-04T17:48:35+00:00,1777916915930,1,0,0,182741141,3,0.1,1.1706,0.0,0.0,0.0,0.0,EURUSD,OV2|7d2f1d|H1|S,
186703554,182741167,2026-05-04T17:48:38+00:00,1777916918564,0,0,0,182741167,3,0.1,80194.88,0.0,0.0,0.0,0.0,BTCUSD,OV2|5fe0e7|H1|B,
186703582,182741193,2026-05-04T17:48:39+00:00,1777916919159,1,1,0,182741167,4,0.1,80177.13,0.0,0.0,-1.78,0.0,BTCUSD,[sl 80178.38],
186703715,182741290,2026-05-04T17:48:46+00:00,1777916926928,1,1,0,182740951,4,0.05,4571.27,0.0,0.0,-12.55,0.0,XAUUSD,[sl 4571.27],
186704186,182741602,2026-05-04T17:49:20+00:00,1777916960314,1,1,0,182740397,4,0.05,4570.41,0.0,0.0,-12.65,0.0,XAUUSD,[sl 4570.44],
186705057,182742150,2026-05-04T17:49:47+00:00,1777916987491,0,0,0,182742150,3,0.1,80009.83,0.0,0.0,0.0,0.0,BTCUSD,OV2|159bff|H1|B,
186705134,182742198,2026-05-04T17:49:55+00:00,1777916995421,0,0,0,182742198,3,0.05,4570.86,0.0,0.0,0.0,0.0,XAUUSD,OV2|6a436e|H1|B,
186705583,182742514,2026-05-04T17:50:53+00:00,1777917053395,1,1,0,182727374,5,0.05,80213.15,0.0,0.0,49.0,0.0,BTCUSD,[tp 80212.54],
186705732,182742617,2026-05-04T17:51:09+00:00,1777917069633,0,0,0,182742617,3,0.1,80283.88,0.0,0.0,0.0,0.0,BTCUSD,OV2|bb37b0|H1|B,
186706122,182742880,2026-05-04T17:51:42+00:00,1777917102429,1,1,0,182742617,4,0.1,80264.29,0.0,0.0,-1.96,0.0,BTCUSD,[sl 80268.45],
186706595,182743197,2026-05-04T17:52:23+00:00,1777917143671,0,0,0,182743197,3,0.1,80367.13,0.0,0.0,0.0,0.0,BTCUSD,OV2|c716e4|H1|B,
186706610,182743209,2026-05-04T17:52:26+00:00,1777917146557,0,0,0,182743209,3,0.05,4569.67,0.0,0.0,0.0,0.0,XAUUSD,OV2|3ce0d6|H1|B,
186706755,182743332,2026-05-04T17:52:44+00:00,1777917164759,1,1,0,182742198,4,0.05,4568.0,0.0,0.0,-14.3,0.0,XAUUSD,[sl 4568.28],
186706922,182743424,2026-05-04T17:52:54+00:00,1777917174734,1,1,0,182743197,4,0.1,80350.45,0.0,0.0,-1.67,0.0,BTCUSD,[sl 80355.14],
186707469,182743777,2026-05-04T17:53:36+00:00,1777917216041,0,0,0,182743777,3,0.05,4568.62,0.0,0.0,0.0,0.0,XAUUSD,OV2|fdd630|H1|B,
186707516,182743810,2026-05-04T17:53:41+00:00,1777917221789,1,1,0,182743209,4,0.05,4567.07,0.0,0.0,-13.0,0.0,XAUUSD,[sl 4567.16],
186708299,182744344,2026-05-04T17:54:58+00:00,1777917298585,0,0,0,182744344,3,0.1,80458.27,0.0,0.0,0.0,0.0,BTCUSD,OV2|918ba8|H1|B,
186708691,182744624,2026-05-04T17:55:18+00:00,1777917318566,1,1,0,182744344,4,0.1,80438.64,0.0,0.0,-1.96,0.0,BTCUSD,[sl 80441.77],
186709214,182744991,2026-05-04T17:56:09+00:00,1777917369981,0,0,0,182744991,3,0.1,80412.46,0.0,0.0,0.0,0.0,BTCUSD,OV2|6f530e|H1|B,
186709228,182745001,2026-05-04T17:56:14+00:00,1777917374363,1,1,0,182744991,4,0.1,80391.41,0.0,0.0,-2.11,0.0,BTCUSD,[sl 80395.96],
186710178,182745680,2026-05-04T17:57:04+00:00,1777917424706,1,1,0,182743777,4,0.05,4565.82,0.0,0.0,-14.0,0.0,XAUUSD,[sl 4566.12],
186710946,182746186,2026-05-04T17:57:29+00:00,1777917449902,0,0,0,182746186,3,0.1,80173.65,0.0,0.0,0.0,0.0,BTCUSD,OV2|e6c005|H1|B,
186715273,182749221,2026-05-04T18:00:14+00:00,1777917614672,0,1,0,182740355,4,0.1,157.119,0.0,0.0,-4.42,0.0,USDJPY,[sl 157.118],
186715542,182749379,2026-05-04T18:00:19+00:00,1777917619140,0,1,0,182740985,4,0.1,157.132,0.0,0.0,-4.68,0.0,USDJPY,[sl 157.127],
186719235,182751992,2026-05-04T18:03:51+00:00,1777917831021,1,0,0,182751992,3,0.05,4560.54,0.0,0.0,0.0,0.0,XAUUSD,OV2|05c588|H1|S,
186719730,182752371,2026-05-04T18:04:52+00:00,1777917892011,1,1,0,182746186,4,0.1,80151.22,0.0,0.0,-2.24,0.0,BTCUSD,[sl 80155.15],
186720213,182752731,2026-05-04T18:05:26+00:00,1777917926268,0,1,0,182741141,4,0.1,1.17127,0.0,0.0,-6.7,0.0,EURUSD,[sl 1.17126],
186721051,182753373,2026-05-04T18:06:30+00:00,1777917990455,0,0,0,182753373,3,0.1,80134.84,0.0,0.0,0.0,0.0,BTCUSD,OV2|87419a|H1|B,
186721090,182753401,2026-05-04T18:06:35+00:00,1777917995831,1,0,0,182753401,3,0.1,1.17122,0.0,0.0,0.0,0.0,EURUSD,OV2|8f4d6a|H1|S,
186721460,182753672,2026-05-04T18:07:02+00:00,1777918022323,0,1,0,182740446,4,0.1,1.17146,0.0,0.0,-6.8,0.0,EURUSD,[sl 1.17146],
186721582,182753777,2026-05-04T18:07:26+00:00,1777918046949,1,1,0,182753373,4,0.1,80117.95,0.0,0.0,-1.69,0.0,BTCUSD,[sl 80118.34],
186721678,182753851,2026-05-04T18:07:41+00:00,1777918061888,0,0,0,182753851,3,0.1,80172.77,0.0,0.0,0.0,0.0,BTCUSD,OV2|e5fef4|H1|B,
186721705,182753880,2026-05-04T18:07:47+00:00,1777918067388,1,0,0,182753880,3,0.05,4558.94,0.0,0.0,0.0,0.0,XAUUSD,OV2|697361|H1|S,
186721773,182753951,2026-05-04T18:07:49+00:00,1777918069044,1,1,0,182753851,4,0.1,80150.74,0.0,0.0,-2.2,0.0,BTCUSD,[sl 80156.27],
186722910,182754848,2026-05-04T18:09:04+00:00,1777918144404,0,0,0,182754848,3,0.1,80140.29,0.0,0.0,0.0,0.0,BTCUSD,OV2|a0bd48|H1|B,
186722927,182754863,2026-05-04T18:09:07+00:00,1777918147036,1,0,0,182754863,3,0.1,1.17123,0.0,0.0,0.0,0.0,EURUSD,OV2|6c1399|H1|S,
186723548,182755327,2026-05-04T18:09:59+00:00,1777918199044,1,1,0,182754848,4,0.1,80118.37,0.0,0.0,-2.19,0.0,BTCUSD,[sl 80123.79],
186724294,182755894,2026-05-04T18:11:25+00:00,1777918285479,1,1,0,182742150,4,0.1,79991.78,0.0,0.0,-1.81,0.0,BTCUSD,[sl 79991.80],
186724400,182755962,2026-05-04T18:11:35+00:00,1777918295766,0,0,0,182755962,3,0.1,79972.97,0.0,0.0,0.0,0.0,BTCUSD,OV2|87f649|H1|B,
186724402,182755964,2026-05-04T18:11:36+00:00,1777918296896,1,1,0,182755962,4,0.1,79950.4,0.0,0.0,-2.26,0.0,BTCUSD,[sl 79956.48],
186725374,182756664,2026-05-04T18:13:00+00:00,1777918380494,0,0,0,182756664,3,0.1,80045.53,0.0,0.0,0.0,0.0,BTCUSD,OV2|ecea43|H1|B,
186725637,182756842,2026-05-04T18:13:15+00:00,1777918395776,1,1,0,182756664,4,0.1,80028.24,0.0,0.0,-1.73,0.0,BTCUSD,[sl 80029.03],
186726917,182757685,2026-05-04T18:14:09+00:00,1777918449397,0,0,0,182757685,3,0.1,80032.41,0.0,0.0,0.0,0.0,BTCUSD,OV2|108f9e|H1|B,
186726940,182757703,2026-05-04T18:14:11+00:00,1777918451114,1,1,0,182757685,4,0.1,80015.07,0.0,0.0,-1.73,0.0,BTCUSD,[sl 80015.91],
186731022,182760490,2026-05-04T18:16:48+00:00,1777918608074,0,0,0,182760490,3,0.1,80207.03,0.0,0.0,0.0,0.0,BTCUSD,OV2|2f3609|H1|B,
186731200,182760632,2026-05-04T18:16:56+00:00,1777918616874,1,1,0,182760490,4,0.1,80187.88,0.0,0.0,-1.92,0.0,BTCUSD,[sl 80189.52],
186732328,182761431,2026-05-04T18:18:05+00:00,1777918685906,0,0,0,182761431,3,0.1,80030.45,0.0,0.0,0.0,0.0,BTCUSD,OV2|4bbee8|H1|B,
186732428,182761493,2026-05-04T18:18:10+00:00,1777918690687,1,1,0,182761431,4,0.1,80011.99,0.0,0.0,-1.85,0.0,BTCUSD,[sl 80017.25],
186734322,182762758,2026-05-04T18:19:20+00:00,1777918760217,0,0,0,182762758,3,0.1,80022.75,0.0,0.0,0.0,0.0,BTCUSD,OV2|53294a|H1|B,
186734339,182762765,2026-05-04T18:19:20+00:00,1777918760781,1,1,0,182762758,4,0.1,80000.82,0.0,0.0,-2.19,0.0,BTCUSD,[sl 80006.25],
186739934,182766497,2026-05-04T18:21:18+00:00,1777918878223,0,1,0,182751992,5,0.05,4531.4,0.0,0.0,145.7,0.0,XAUUSD,[tp 4531.47],
186740059,182766622,2026-05-04T18:21:19+00:00,1777918879324,0,1,0,182753880,5,0.05,4530.09,0.0,0.0,144.25,0.0,XAUUSD,[tp 4530.25],
186753312,182775359,2026-05-04T18:27:12+00:00,1777919232539,1,0,0,182775359,3,0.05,4529.78,0.0,0.0,0.0,0.0,XAUUSD,OV2|6f44f6|H1|S,
186754346,182776050,2026-05-04T18:28:13+00:00,1777919293810,0,1,0,182775359,4,0.05,4532.43,0.0,0.0,-13.25,0.0,XAUUSD,[sl 4532.35],
186754534,182776177,2026-05-04T18:28:24+00:00,1777919304006,1,0,0,182776177,3,0.05,4531.31,0.0,0.0,0.0,0.0,XAUUSD,OV2|819c0e|H1|S,
186754725,182776298,2026-05-04T18:28:28+00:00,1777919308111,0,1,0,182776177,4,0.05,4533.75,0.0,0.0,-12.2,0.0,XAUUSD,[sl 4533.72],
186757311,182777929,2026-05-04T18:29:44+00:00,1777919384176,1,0,0,182777929,3,0.05,4539.12,0.0,0.0,0.0,0.0,XAUUSD,OV2|cb8f77|H1|S,
186759775,182779801,2026-05-04T18:32:11+00:00,1777919531334,1,0,0,182779801,3,0.05,4532.26,0.0,0.0,0.0,0.0,XAUUSD,OV2|c8304d|H1|S,
186761225,182780814,2026-05-04T18:33:59+00:00,1777919639342,0,1,0,182779801,4,0.05,4535.08,0.0,0.0,-14.1,0.0,XAUUSD,[sl 4534.76],
186762270,182781575,2026-05-04T18:34:53+00:00,1777919693459,1,0,0,182781575,3,0.05,4535.74,0.0,0.0,0.0,0.0,XAUUSD,OV2|425cda|H1|S,
186764121,182782877,2026-05-04T18:36:46+00:00,1777919806997,0,1,0,182781575,4,0.05,4538.27,0.0,0.0,-12.65,0.0,XAUUSD,[sl 4538.24],
186764581,182783201,2026-05-04T18:37:22+00:00,1777919842493,1,0,0,182783201,3,0.05,4536.73,0.0,0.0,0.0,0.0,XAUUSD,OV2|258cb0|H1|S,
186765154,182783625,2026-05-04T18:38:05+00:00,1777919885465,0,1,0,182783201,4,0.05,4539.75,0.0,0.0,-15.1,0.0,XAUUSD,[sl 4539.23],
186765241,182783743,2026-05-04T18:38:06+00:00,1777919886105,0,1,0,182777929,4,0.05,4542.02,0.0,0.0,-14.5,0.0,XAUUSD,[sl 4541.69],
186766988,182784738,2026-05-04T18:38:50+00:00,1777919930492,1,0,0,182784738,3,0.05,4537.83,0.0,0.0,0.0,0.0,XAUUSD,OV2|20d42d|H1|S,
186767710,182785284,2026-05-04T18:39:57+00:00,1777919997114,1,0,0,182785284,3,0.05,4534.92,0.0,0.0,0.0,0.0,XAUUSD,OV2|9926c4|H1|S,
186768742,182786005,2026-05-04T18:41:17+00:00,1777920077982,0,1,0,182785284,4,0.05,4537.67,0.0,0.0,-13.75,0.0,XAUUSD,[sl 4537.35],
186768780,182786037,2026-05-04T18:41:19+00:00,1777920079631,1,0,0,182786037,3,0.05,4537.11,0.0,0.0,0.0,0.0,XAUUSD,OV2|ab6bf2|H1|S,
186771284,182788018,2026-05-04T18:46:31+00:00,1777920391676,0,0,0,182788018,3,0.1,79854.14,0.0,0.0,0.0,0.0,BTCUSD,OV2|5a8a3d|H1|B,
186771829,182788375,2026-05-04T18:47:17+00:00,1777920437828,1,1,0,182788018,4,0.1,79834.86,0.0,0.0,-1.9300000000000002,0.0,BTCUSD,[sl 79837.64],
186772186,182788635,2026-05-04T18:47:51+00:00,1777920471637,0,0,0,182788635,3,0.1,79816.38,0.0,0.0,0.0,0.0,BTCUSD,OV2|e9fab7|H1|B,
186772294,182788723,2026-05-04T18:47:55+00:00,1777920475539,1,1,0,182788635,4,0.1,79797.38,0.0,0.0,-1.9,0.0,BTCUSD,[sl 79797.88],
186773015,182789183,2026-05-04T18:49:00+00:00,1777920540709,0,0,0,182789183,3,0.1,79804.52,0.0,0.0,0.0,0.0,BTCUSD,OV2|a4c4cd|H1|B,
186773267,182789351,2026-05-04T18:49:22+00:00,1777920562522,1,1,0,182789183,4,0.1,79785.92,0.0,0.0,-1.8599999999999999,0.0,BTCUSD,[sl 79788.02],
186776948,182791874,2026-05-04T18:51:32+00:00,1777920692603,0,0,0,182791874,3,0.1,79650.39,0.0,0.0,0.0,0.0,BTCUSD,OV2|77541a|H1|B,
186776958,182791884,2026-05-04T18:51:32+00:00,1777920692938,1,1,0,182791874,4,0.1,79628.94,0.0,0.0,-2.15,0.0,BTCUSD,[sl 79631.89],
186777337,182792124,2026-05-04T18:51:43+00:00,1777920703668,0,0,0,182792124,3,0.1,157.279,0.0,0.0,0.0,0.0,USDJPY,OV2|e64911|H1|B,
186778287,182792802,2026-05-04T18:52:33+00:00,1777920753078,1,1,0,182792124,4,0.1,157.203,0.0,0.0,-4.86,0.0,USDJPY,[sl 157.205],
186779774,182793802,2026-05-04T18:53:00+00:00,1777920780626,0,0,0,182793802,3,0.1,79696.26,0.0,0.0,0.0,0.0,BTCUSD,OV2|6172d8|H1|B,
186781552,182794983,2026-05-04T18:54:10+00:00,1777920850160,0,0,0,182794983,3,0.1,157.191,0.0,0.0,0.0,0.0,USDJPY,OV2|753341|H1|B,
186781629,182795040,2026-05-04T18:54:15+00:00,1777920855459,0,0,0,182795040,3,0.1,79866.32,0.0,0.0,0.0,0.0,BTCUSD,OV2|01f81d|H1|B,
186783058,182796067,2026-05-04T18:56:52+00:00,1777921012163,0,0,0,182796067,3,0.1,157.21,0.0,0.0,0.0,0.0,USDJPY,OV2|caad74|H1|B,
186785298,182798052,2026-05-04T19:00:42+00:00,1777921242435,1,1,0,182796067,4,0.1,157.134,0.0,0.0,-4.87,0.0,USDJPY,[sl 157.137],
186786337,182798814,2026-05-04T19:01:52+00:00,1777921312121,0,0,0,182798814,3,0.1,157.218,0.0,0.0,0.0,0.0,USDJPY,OV2|14ceab|H1|B,
186789487,182801487,2026-05-04T19:07:52+00:00,1777921672423,1,1,0,182795040,4,0.1,79840.92,0.0,0.0,-2.54,0.0,BTCUSD,[sl 79841.77],
186790006,182801780,2026-05-04T19:07:54+00:00,1777921674713,0,1,0,182754863,5,0.1,1.16924,0.0,0.0,19.9,0.0,EURUSD,[tp 1.16925],
186790044,182801815,2026-05-04T19:07:54+00:00,1777921674875,0,1,0,182753401,5,0.1,1.16913,0.0,0.0,20.9,0.0,EURUSD,[tp 1.16918],
186791568,182803001,2026-05-04T19:08:00+00:00,1777921680756,1,1,0,182793802,4,0.1,79676.95,0.0,0.0,-1.9300000000000002,0.0,BTCUSD,[sl 79679.76],
186793379,182804090,2026-05-04T19:08:16+00:00,1777921696505,0,0,0,182804090,3,0.1,79779.11,0.0,0.0,0.0,0.0,BTCUSD,OV2|95867c|H1|B,
186793400,182804114,2026-05-04T19:08:17+00:00,1777921697464,1,1,0,182804090,4,0.1,79762.99,0.0,0.0,-1.6099999999999999,0.0,BTCUSD,[sl 79765.86],
186793596,182804240,2026-05-04T19:08:21+00:00,1777921701976,1,0,0,182804240,3,0.06,1.35195,0.0,0.0,0.0,0.0,GBPUSD,OV2|0ca42a|H1|S,
186795779,182805851,2026-05-04T19:09:37+00:00,1777921777043,0,0,0,182805851,3,0.1,79747.36,0.0,0.0,0.0,0.0,BTCUSD,OV2|55469b|H1|B,
186795824,182805888,2026-05-04T19:09:39+00:00,1777921779785,1,0,0,182805888,3,0.08,1.3517000000000001,0.0,0.0,0.0,0.0,GBPUSD,OV2|44b286|H1|S,
186796634,182806497,2026-05-04T19:10:19+00:00,1777921819350,1,1,0,182805851,4,0.1,79728.7,0.0,0.0,-1.87,0.0,BTCUSD,[sl 79730.86],
186798391,182807615,2026-05-04T19:10:59+00:00,1777921859455,0,0,0,182807615,3,0.1,79725.64,0.0,0.0,0.0,0.0,BTCUSD,OV2|ecb7de|H1|B,
186798886,182807966,2026-05-04T19:11:17+00:00,1777921877513,1,1,0,182807615,4,0.1,79706.9,0.0,0.0,-1.87,0.0,BTCUSD,[sl 79709.14],
186800239,182808885,2026-05-04T19:12:11+00:00,1777921931289,0,0,0,182808885,3,0.1,79802.52,0.0,0.0,0.0,0.0,BTCUSD,OV2|7fe416|H1|B,
186800656,182809156,2026-05-04T19:12:25+00:00,1777921945959,1,1,0,182808885,4,0.1,79781.18,0.0,0.0,-2.13,0.0,BTCUSD,[sl 79786.02],
186801610,182809855,2026-05-04T19:13:30+00:00,1777922010740,0,0,0,182809855,3,0.1,79737.54,0.0,0.0,0.0,0.0,BTCUSD,OV2|787a5e|H1|B,
186801670,182809896,2026-05-04T19:13:34+00:00,1777922014693,1,1,0,182809855,4,0.1,79719.0,0.0,0.0,-1.85,0.0,BTCUSD,[sl 79721.25],
186802495,182810490,2026-05-04T19:14:45+00:00,1777922085187,0,0,0,182810490,3,0.1,79728.35,0.0,0.0,0.0,0.0,BTCUSD,OV2|f612ff|H1|B,
186802502,182810493,2026-05-04T19:14:45+00:00,1777922085760,1,1,0,182810490,4,0.1,79710.58,0.0,0.0,-1.78,0.0,BTCUSD,[sl 79711.85],
186806066,182813075,2026-05-04T19:18:44+00:00,1777922324460,0,0,0,182813075,3,0.1,79970.95,0.0,0.0,0.0,0.0,BTCUSD,OV2|b95a62|H1|B,
186806078,182813080,2026-05-04T19:18:45+00:00,1777922325051,0,1,0,182805888,4,0.08,1.35246,0.0,0.0,-6.08,0.0,GBPUSD,[sl 1.35246],
186807077,182813752,2026-05-04T19:19:06+00:00,1777922346861,0,1,0,182804240,4,0.06,1.35275,0.0,0.0,-4.8,0.0,GBPUSD,[sl 1.35275],
186808421,182814641,2026-05-04T19:19:50+00:00,1777922390590,0,0,0,182814641,3,0.1,80149.98,0.0,0.0,0.0,0.0,BTCUSD,OV2|ce80fb|H1|B,
186808597,182814755,2026-05-04T19:19:55+00:00,1777922395102,1,1,0,182814641,4,0.1,80132.74,0.0,0.0,-1.72,0.0,BTCUSD,[sl 80133.48],
186808745,182814857,2026-05-04T19:19:58+00:00,1777922398932,1,0,0,182814857,3,0.1,1.16913,0.0,0.0,0.0,0.0,EURUSD,OV2|6f53cc|H1|S,
186809721,182815567,2026-05-04T19:21:10+00:00,1777922470595,0,0,0,182815567,3,0.1,80261.27,0.0,0.0,0.0,0.0,BTCUSD,OV2|aa9903|H1|B,
186809722,182815570,2026-05-04T19:21:10+00:00,1777922470866,1,1,0,182815567,4,0.1,80243.61,0.0,0.0,-1.77,0.0,BTCUSD,[sl 80244.77],
186810700,182816267,2026-05-04T19:22:24+00:00,1777922544674,1,0,0,182816267,3,0.1,1.16948,0.0,0.0,0.0,0.0,EURUSD,OV2|1770bb|H1|S,
186810718,182816282,2026-05-04T19:22:30+00:00,1777922550188,0,0,0,182816282,3,0.1,80282.2,0.0,0.0,0.0,0.0,BTCUSD,OV2|b7f021|H1|B,
186811339,182816874,2026-05-04T19:24:27+00:00,1777922667230,1,1,0,182816282,4,0.1,80262.17,0.0,0.0,-2.0,0.0,BTCUSD,[sl 80265.70],
186811559,182817042,2026-05-04T19:24:58+00:00,1777922698681,0,0,0,182817042,3,0.1,80255.41,0.0,0.0,0.0,0.0,BTCUSD,OV2|9de6b9|H1|B,
186811827,182817255,2026-05-04T19:25:56+00:00,1777922756605,1,1,0,182817042,4,0.1,80238.32,0.0,0.0,-1.71,0.0,BTCUSD,[sl 80238.91],
186811973,182817358,2026-05-04T19:26:15+00:00,1777922775672,0,0,0,182817358,3,0.1,80281.48,0.0,0.0,0.0,0.0,BTCUSD,OV2|29be3f|H1|B,
186812022,182817399,2026-05-04T19:26:35+00:00,1777922795319,1,1,0,182817358,4,0.1,80262.78,0.0,0.0,-1.87,0.0,BTCUSD,[sl 80262.98],
186812945,182818041,2026-05-04T19:27:32+00:00,1777922852678,0,0,0,182818041,3,0.1,80203.73,0.0,0.0,0.0,0.0,BTCUSD,OV2|b41fbc|H1|B,
186813301,182818305,2026-05-04T19:27:41+00:00,1777922861016,1,1,0,182818041,4,0.1,80186.17,0.0,0.0,-1.76,0.0,BTCUSD,[sl 80187.23],
186814290,182818935,2026-05-04T19:28:57+00:00,1777922937766,0,0,0,182818935,3,0.1,80229.32,0.0,0.0,0.0,0.0,BTCUSD,OV2|e04349|H1|B,
186814339,182818978,2026-05-04T19:29:00+00:00,1777922940814,1,1,0,182818935,4,0.1,80212.62,0.0,0.0,-1.67,0.0,BTCUSD,[sl 80212.82],
186815443,182819811,2026-05-04T19:31:26+00:00,1777923086530,0,0,0,182819811,3,0.1,80266.63,0.0,0.0,0.0,0.0,BTCUSD,OV2|a4525b|H1|B,
186815465,182819828,2026-05-04T19:31:29+00:00,1777923089536,1,1,0,182819811,4,0.1,80247.31,0.0,0.0,-1.9300000000000002,0.0,BTCUSD,[sl 80250.13],
186815791,182820049,2026-05-04T19:32:46+00:00,1777923166083,0,0,0,182820049,3,0.1,80241.85,0.0,0.0,0.0,0.0,BTCUSD,OV2|2a5f50|H1|B,
186815797,182820053,2026-05-04T19:32:47+00:00,1777923167419,1,1,0,182820049,4,0.1,80223.68,0.0,0.0,-1.8199999999999998,0.0,BTCUSD,[sl 80225.35],
186816174,182820329,2026-05-04T19:34:00+00:00,1777923240671,0,0,0,182820329,3,0.1,80235.6,0.0,0.0,0.0,0.0,BTCUSD,OV2|d1cf61|H1|B,
186823037,182825071,2026-05-04T19:49:15+00:00,1777924155384,1,1,0,182820329,4,0.1,80212.65,0.0,0.0,-2.3,0.0,BTCUSD,[sl 80219.10],
186823093,182825108,2026-05-04T19:49:23+00:00,1777924163321,0,0,0,182825108,3,0.1,80200.56,0.0,0.0,0.0,0.0,BTCUSD,OV2|3b0f43|H1|B,
186823684,182825527,2026-05-04T19:51:07+00:00,1777924267217,1,1,0,182825108,4,0.1,80179.97,0.0,0.0,-2.06,0.0,BTCUSD,[sl 80184.06],
186824148,182825850,2026-05-04T19:51:59+00:00,1777924319798,0,0,0,182825850,3,0.1,80198.28,0.0,0.0,0.0,0.0,BTCUSD,OV2|929c59|H1|B,
186824234,182825904,2026-05-04T19:52:05+00:00,1777924325710,1,1,0,182825850,4,0.1,80181.44,0.0,0.0,-1.6800000000000002,0.0,BTCUSD,[sl 80181.78],
186824681,182826203,2026-05-04T19:53:11+00:00,1777924391532,0,0,0,182826203,3,0.1,80160.26,0.0,0.0,0.0,0.0,BTCUSD,OV2|760fe5|H1|B,
186824684,182826206,2026-05-04T19:53:12+00:00,1777924392083,1,1,0,182826203,4,0.1,80140.04,0.0,0.0,-2.02,0.0,BTCUSD,[sl 80143.76],
186825322,182826630,2026-05-04T19:54:36+00:00,1777924476519,0,0,0,182826630,3,0.1,80100.95,0.0,0.0,0.0,0.0,BTCUSD,OV2|a82f34|H1|B,
186825332,182826637,2026-05-04T19:54:40+00:00,1777924480368,1,1,0,182826630,4,0.1,80084.37,0.0,0.0,-1.6600000000000001,0.0,BTCUSD,[sl 80084.45],
186832656,182831913,2026-05-04T20:08:46+00:00,1777925326287,0,0,0,182831913,3,0.1,80312.04,0.0,0.0,0.0,0.0,BTCUSD,OV2|52caa9|H1|B,
186832669,182831929,2026-05-04T20:08:49+00:00,1777925329282,1,1,0,182831913,4,0.1,80290.44,0.0,0.0,-2.16,0.0,BTCUSD,[sl 80295.54],
186832949,182832138,2026-05-04T20:09:57+00:00,1777925397581,0,0,0,182832138,3,0.1,80340.81,0.0,0.0,0.0,0.0,BTCUSD,OV2|4eeda7|H1|B,
186833605,182832609,2026-05-04T20:12:13+00:00,1777925533660,1,1,0,182832138,4,0.1,80323.78,0.0,0.0,-1.7,0.0,BTCUSD,[sl 80324.31],
186833672,182832654,2026-05-04T20:12:29+00:00,1777925549182,0,0,0,182832654,3,0.1,80319.54,0.0,0.0,0.0,0.0,BTCUSD,OV2|8da010|H1|B,
186835922,182834251,2026-05-04T20:17:33+00:00,1777925853998,0,0,0,182834251,3,0.1,1.35395,0.0,0.0,0.0,0.0,GBPUSD,OV2|46696e|H1|B,
186838391,182835969,2026-05-04T20:22:49+00:00,1777926169376,0,0,0,182835969,3,0.1,1.35386,0.0,0.0,0.0,0.0,GBPUSD,OV2|05f51a|H1|B,
186842067,182838525,2026-05-04T20:35:17+00:00,1777926917454,1,1,0,182832654,4,0.1,80300.62,0.0,0.0,-1.8900000000000001,0.0,BTCUSD,[sl 80303.04],
186842547,182838873,2026-05-04T20:36:25+00:00,1777926985126,1,1,0,182834251,4,0.1,1.35325,0.0,0.0,-7.0,0.0,GBPUSD,[sl 1.35325],
186842657,182838957,2026-05-04T20:36:46+00:00,1777927006852,0,0,0,182838957,3,0.1,1.35349,0.0,0.0,0.0,0.0,GBPUSD,OV2|214ea7|H1|B,
186842660,182838960,2026-05-04T20:36:49+00:00,1777927009587,0,0,0,182838960,3,0.1,80348.49,0.0,0.0,0.0,0.0,BTCUSD,OV2|04bcf1|H1|B,
186842752,182839025,2026-05-04T20:37:24+00:00,1777927044071,1,1,0,182838960,4,0.1,80331.74,0.0,0.0,-1.6800000000000002,0.0,BTCUSD,[sl 80331.99],
186842757,182839037,2026-05-04T20:37:26+00:00,1777927046120,1,1,0,182835969,4,0.1,1.35314,0.0,0.0,-7.2,0.0,GBPUSD,[sl 1.35314],
186842882,182839122,2026-05-04T20:38:07+00:00,1777927087091,0,0,0,182839122,3,0.1,1.35327,0.0,0.0,0.0,0.0,GBPUSD,OV2|fdc910|H1|B,
186842892,182839129,2026-05-04T20:38:15+00:00,1777927095097,0,0,0,182839129,3,0.1,80354.52,0.0,0.0,0.0,0.0,BTCUSD,OV2|e553fc|H1|B,
186842973,182839188,2026-05-04T20:38:58+00:00,1777927138566,1,1,0,182839129,4,0.1,80336.31,0.0,0.0,-1.8199999999999998,0.0,BTCUSD,[sl 80338.02],
186843123,182839291,2026-05-04T20:39:32+00:00,1777927172323,0,0,0,182839291,3,0.1,80364.63,0.0,0.0,0.0,0.0,BTCUSD,OV2|5025d8|H1|B,
186843172,182839321,2026-05-04T20:39:41+00:00,1777927181168,1,1,0,182839291,4,0.1,80350.11,0.0,0.0,-1.45,0.0,BTCUSD,[sl 80351.14],
186844074,182839925,2026-05-04T20:44:33+00:00,1777927473508,0,0,0,182839925,3,0.1,80292.22,0.0,0.0,0.0,0.0,BTCUSD,OV2|4ea885|H1|B,
186844154,182839982,2026-05-04T20:44:54+00:00,1777927494630,1,1,0,182839925,4,0.1,80269.56,0.0,0.0,-2.27,0.0,BTCUSD,[sl 80275.72],
186845344,182840876,2026-05-04T20:51:07+00:00,1777927867611,0,0,0,182840876,3,0.1,80479.08,0.0,0.0,0.0,0.0,BTCUSD,OV2|6704b6|H1|B,
186846303,182841812,2026-05-04T20:54:52+00:00,1777928092218,1,1,0,182840876,4,0.1,80461.24,0.0,0.0,-1.78,0.0,BTCUSD,[sl 80462.58],
186846652,182842355,2026-05-04T20:56:09+00:00,1777928169573,0,0,0,182842355,3,0.1,80472.82,0.0,0.0,0.0,0.0,BTCUSD,OV2|2f5d15|H1|B,
186846653,182842356,2026-05-04T20:56:10+00:00,1777928170169,1,1,0,182842355,4,0.1,80455.83,0.0,0.0,-1.7,0.0,BTCUSD,[sl 80456.32],
186846823,182842615,2026-05-04T20:57:26+00:00,1777928246148,0,0,0,182842615,3,0.1,80501.47,0.0,0.0,0.0,0.0,BTCUSD,OV2|9c4609|H1|B,
186847075,182842950,2026-05-04T20:58:45+00:00,1777928325182,1,1,0,182842615,4,0.1,80482.6,0.0,0.0,-1.8900000000000001,0.0,BTCUSD,[sl 80484.97],
186847080,182842955,2026-05-04T20:58:48+00:00,1777928328713,0,0,0,182842955,3,0.1,80486.06,0.0,0.0,0.0,0.0,BTCUSD,OV2|3aff79|H1|B,
186847119,182842985,2026-05-04T20:59:01+00:00,1777928341021,1,1,0,182842955,4,0.1,80467.41,0.0,0.0,-1.87,0.0,BTCUSD,[sl 80469.56],
186847384,182843437,2026-05-04T20:59:54+00:00,1777928394878,0,0,0,182843437,3,0.1,80392.68,0.0,0.0,0.0,0.0,BTCUSD,OV2|370389|H1|B,
186847715,182843822,2026-05-04T21:00:28+00:00,1777928428460,1,1,0,182843437,4,0.1,80372.15,0.0,0.0,-2.05,0.0,BTCUSD,[sl 80372.92],
186847922,182844046,2026-05-04T21:01:22+00:00,1777928482016,0,0,0,182844046,3,0.1,80306.39,0.0,0.0,0.0,0.0,BTCUSD,OV2|31a591|H1|B,
186851662,182847466,2026-05-04T21:15:26+00:00,1777929326841,1,1,0,182844046,4,0.1,80284.7,0.0,0.0,-2.17,0.0,BTCUSD,[sl 80289.89],
186853496,182848751,2026-05-04T21:21:28+00:00,1777929688461,1,1,0,182838957,4,0.1,1.3528,0.0,0.0,-6.9,0.0,GBPUSD,[sl 1.35281],
186861329,182853934,2026-05-04T21:49:41+00:00,1777931381979,1,1,0,182798814,4,0.1,157.136,0.0,0.0,-5.25,0.0,USDJPY,[sl 157.146],
186862150,182854466,2026-05-04T21:52:30+00:00,1777931550320,1,1,0,182839122,4,0.1,1.35255,0.0,0.0,-7.2,0.0,GBPUSD,[sl 1.35256],
186862782,182854892,2026-05-04T21:56:59+00:00,1777931819744,1,1,0,182794983,4,0.1,157.117,0.0,0.0,-4.74,0.0,USDJPY,[sl 157.119],
186862878,182854953,2026-05-04T21:57:41+00:00,1777931861192,1,0,0,182854953,3,0.1,157.107,0.0,0.0,0.0,0.0,USDJPY,OV2|35d696|H1|S,
186863186,182855158,2026-05-04T21:58:58+00:00,1777931938462,1,0,0,182855158,3,0.1,157.069,0.0,0.0,0.0,0.0,USDJPY,OV2|eafb52|H1|S,
186863446,182855340,2026-05-04T21:59:32+00:00,1777931972343,0,1,0,182854953,5,0.1,156.886,0.0,0.0,14.01,0.0,USDJPY,[tp 156.891],
186863538,182855398,2026-05-04T21:59:35+00:00,1777931975004,0,1,0,182855158,5,0.1,156.838,0.0,0.0,14.64,0.0,USDJPY,[tp 156.853],
186863959,182855693,2026-05-04T21:59:54+00:00,1777931994668,0,1,0,182814857,4,0.1,1.16983,0.0,0.0,-7.0,0.0,EURUSD,[sl 1.16980],
186864844,182856358,2026-05-04T22:01:29+00:00,1777932089690,1,0,0,182856358,3,0.08,157.017,0.0,0.0,0.0,0.0,USDJPY,OV2|b8449d|H1|S,
186864860,182856370,2026-05-04T22:01:37+00:00,1777932097451,0,0,0,182856370,3,0.1,1.35367,0.0,0.0,0.0,0.0,GBPUSD,OV2|ab511d|H1|B,
186865112,182856528,2026-05-04T22:02:43+00:00,1777932163935,1,0,0,182856528,3,0.09,157.04,0.0,0.0,0.0,0.0,USDJPY,OV2|b11e22|H1|S,
186865149,182856556,2026-05-04T22:02:49+00:00,1777932169360,0,0,0,182856556,3,0.1,1.3535599999999999,0.0,0.0,0.0,0.0,GBPUSD,OV2|1a5d36|H1|B,
186865590,182856862,2026-05-04T22:04:51+00:00,1777932291655,0,1,0,182856358,4,0.08,157.129,0.0,0.0,-5.73,0.0,USDJPY,[sl 157.129],
186865859,182857039,2026-05-04T22:05:31+00:00,1777932331931,1,1,0,182813075,4,0.1,79950.67,0.0,0.0,-2.03,0.0,BTCUSD,[sl 79952.20],
186867276,182857957,2026-05-04T22:06:40+00:00,1777932400290,1,0,0,182857957,3,0.08,157.029,0.0,0.0,0.0,0.0,USDJPY,OV2|5b1e8a|H1|S,
186872193,182861244,2026-05-04T22:24:25+00:00,1777933465377,0,1,0,182816267,4,0.1,1.17014,0.0,0.0,-6.6,0.0,EURUSD,[sl 1.17014],
186882394,182868529,2026-05-04T23:07:54+00:00,1777936074750,0,1,0,182856528,4,0.09,157.155,0.0,0.0,-6.63,0.0,USDJPY,[sl 157.154],
186882395,182868530,2026-05-04T23:07:54+00:00,1777936074750,0,1,0,182857957,4,0.08,157.155,0.0,0.0,-6.45,0.0,USDJPY,[sl 157.154],
186884375,182869790,2026-05-04T23:18:06+00:00,1777936686438,1,1,0,182856370,4,0.1,1.35298,0.0,0.0,-6.9,0.0,GBPUSD,[sl 1.35299],
186884523,182869874,2026-05-04T23:19:09+00:00,1777936749461,1,1,0,182856556,4,0.1,1.35288,0.0,0.0,-6.8,0.0,GBPUSD,[sl 1.35288],
186885289,182870451,2026-05-04T23:23:13+00:00,1777936993504,1,0,0,182870451,3,0.1,1.16869,0.0,0.0,0.0,0.0,EURUSD,OV2|e06c41|H1|S,
186885889,182870838,2026-05-04T23:28:57+00:00,1777937337446,1,0,0,182870838,3,0.1,1.16883,0.0,0.0,0.0,0.0,EURUSD,OV2|d0505e|M5|S,
186886634,182871357,2026-05-04T23:33:28+00:00,1777937608730,0,0,0,182871357,3,0.1,157.223,0.0,0.0,0.0,0.0,USDJPY,OV2|a3cfe4|M5|B,
186886641,182871360,2026-05-04T23:33:31+00:00,1777937611550,0,0,0,182871360,3,0.1,157.223,0.0,0.0,0.0,0.0,USDJPY,OV2|7957c5|H1|B,
186891674,182875846,2026-05-05T00:24:03+00:00,1777940643251,0,0,0,182875846,3,0.1,80230.83,0.0,0.0,0.0,0.0,BTCUSD,OV2|e8860d|H1|B,
186891997,182876092,2026-05-05T00:27:18+00:00,1777940838256,0,0,0,182876092,3,0.1,80231.62,0.0,0.0,0.0,0.0,BTCUSD,OV2|383521|M5|B,
186892008,182876102,2026-05-05T00:27:53+00:00,1777940873188,1,1,0,182875846,4,0.1,80212.66,0.0,0.0,-1.8199999999999998,0.0,BTCUSD,[sl 80214.33],
186892009,182876103,2026-05-05T00:27:53+00:00,1777940873189,1,1,0,182876092,4,0.1,80212.66,0.0,0.0,-1.9,0.0,BTCUSD,[sl 80215.37],
186892449,182876322,2026-05-05T00:31:32+00:00,1777941092774,0,0,0,182876322,3,0.1,80261.33,0.0,0.0,0.0,0.0,BTCUSD,OV2|995ba9|M5|B,
186892454,182876323,2026-05-05T00:31:35+00:00,1777941095318,0,0,0,182876323,3,0.1,80261.77,0.0,0.0,0.0,0.0,BTCUSD,OV2|437ff1|H1|B,
186892650,182876394,2026-05-05T00:32:38+00:00,1777941158401,1,1,0,182876322,4,0.1,80244.09,0.0,0.0,-1.72,0.0,BTCUSD,[sl 80244.83],
186892651,182876395,2026-05-05T00:32:38+00:00,1777941158401,1,1,0,182876323,4,0.1,80244.09,0.0,0.0,-1.77,0.0,BTCUSD,[sl 80245.27],
186892728,182876456,2026-05-05T00:32:57+00:00,1777941177847,0,1,0,182870451,4,0.1,1.16938,0.0,0.35,-6.9,0.0,EURUSD,[sl 1.16937],
186892799,182876484,2026-05-05T00:33:24+00:00,1777941204342,0,0,0,182876484,3,0.1,80240.62,0.0,0.0,0.0,0.0,BTCUSD,OV2|f700ae|M5|B,
186892810,182876490,2026-05-05T00:33:28+00:00,1777941208085,0,0,0,182876490,3,0.1,80240.67,0.0,0.0,0.0,0.0,BTCUSD,OV2|b84b76|H1|B,
186892973,182876516,2026-05-05T00:35:14+00:00,1777941314490,1,1,0,182876484,4,0.1,80218.63,0.0,0.0,-2.2,0.0,BTCUSD,[sl 80224.12],
186892974,182876517,2026-05-05T00:35:14+00:00,1777941314490,1,1,0,182876490,4,0.1,80218.63,0.0,0.0,-2.2,0.0,BTCUSD,[sl 80224.12],
186893115,182876569,2026-05-05T00:36:11+00:00,1777941371654,0,0,0,182876569,3,0.1,80279.72,0.0,0.0,0.0,0.0,BTCUSD,OV2|7fcb15|M5|B,
186893118,182876570,2026-05-05T00:36:13+00:00,1777941373930,0,0,0,182876570,3,0.1,80280.09,0.0,0.0,0.0,0.0,BTCUSD,OV2|44fcc6|H1|B,
186893194,182876595,2026-05-05T00:37:00+00:00,1777941420297,1,1,0,182876569,4,0.1,80262.41,0.0,0.0,-1.73,0.0,BTCUSD,[sl 80263.22],
186893195,182876596,2026-05-05T00:37:00+00:00,1777941420297,1,1,0,182876570,4,0.1,80262.41,0.0,0.0,-1.77,0.0,BTCUSD,[sl 80263.59],
186893272,182876607,2026-05-05T00:38:13+00:00,1777941493757,0,0,0,182876607,3,0.1,80277.39,0.0,0.0,0.0,0.0,BTCUSD,OV2|bc0f2a|M5|B,
186893276,182876608,2026-05-05T00:38:16+00:00,1777941496015,0,0,0,182876608,3,0.1,80277.34,0.0,0.0,0.0,0.0,BTCUSD,OV2|0d083e|H1|B,
186893309,182876615,2026-05-05T00:38:40+00:00,1777941520112,1,1,0,182876607,4,0.1,80258.71,0.0,0.0,-1.87,0.0,BTCUSD,[sl 80260.84],
186893310,182876616,2026-05-05T00:38:40+00:00,1777941520113,1,1,0,182876608,4,0.1,80258.71,0.0,0.0,-1.8599999999999999,0.0,BTCUSD,[sl 80260.84],
186893373,182876633,2026-05-05T00:39:38+00:00,1777941578612,0,0,0,182876633,3,0.1,80246.03,0.0,0.0,0.0,0.0,BTCUSD,OV2|386415|M5|B,
186893387,182876641,2026-05-05T00:39:50+00:00,1777941590280,0,0,0,182876641,3,0.1,80247.69,0.0,0.0,0.0,0.0,BTCUSD,OV2|120281|H1|B,
186893654,182876762,2026-05-05T00:43:49+00:00,1777941829570,1,1,0,182876641,4,0.1,80230.64,0.0,0.0,-1.71,0.0,BTCUSD,[sl 80231.19],
186893655,182876763,2026-05-05T00:43:49+00:00,1777941829651,1,1,0,182876633,4,0.1,80222.98,0.0,0.0,-2.31,0.0,BTCUSD,[sl 80229.53],
186893662,182876764,2026-05-05T00:44:19+00:00,1777941859902,0,0,0,182876764,3,0.1,80260.09,0.0,0.0,0.0,0.0,BTCUSD,OV2|cb38d4|M5|B,
186893663,182876765,2026-05-05T00:44:22+00:00,1777941862445,0,0,0,182876765,3,0.1,80263.47,0.0,0.0,0.0,0.0,BTCUSD,OV2|182814|H1|B,
186893665,182876767,2026-05-05T00:44:24+00:00,1777941864614,1,1,0,182876765,4,0.1,80243.67,0.0,0.0,-1.98,0.0,BTCUSD,[sl 80246.97],
186893667,182876768,2026-05-05T00:44:28+00:00,1777941868125,1,1,0,182876764,4,0.1,80241.62,0.0,0.0,-1.85,0.0,BTCUSD,[sl 80243.59],
186893728,182876808,2026-05-05T00:45:43+00:00,1777941943395,0,0,0,182876808,3,0.1,80242.23,0.0,0.0,0.0,0.0,BTCUSD,OV2|76a493|M5|B,
186893729,182876809,2026-05-05T00:45:45+00:00,1777941945973,0,0,0,182876809,3,0.1,80259.81,0.0,0.0,0.0,0.0,BTCUSD,OV2|cf161e|H1|B,
186894118,182877065,2026-05-05T00:56:42+00:00,1777942602160,1,1,0,182871360,4,0.1,157.155,0.0,0.66,-4.36,0.0,USDJPY,[sl 157.155],
186894135,182877079,2026-05-05T00:56:58+00:00,1777942618480,1,1,0,182871357,4,0.1,157.139,0.0,0.66,-5.38,0.0,USDJPY,[sl 157.153],
186894155,182877093,2026-05-05T00:57:12+00:00,1777942632578,1,1,0,182876809,4,0.1,80243.09,0.0,0.0,-1.67,0.0,BTCUSD,[sl 80243.31],
186894206,182877137,2026-05-05T00:57:46+00:00,1777942666755,0,0,0,182877137,3,0.1,80255.34,0.0,0.0,0.0,0.0,BTCUSD,OV2|1b169b|M5|B,
186894302,182877225,2026-05-05T01:00:01+00:00,1777942801462,1,1,0,182877137,4,0.1,80226.14,0.0,0.0,-2.92,0.0,BTCUSD,[sl 80238.89],
186895220,182878200,2026-05-05T01:02:00+00:00,1777942920479,0,0,0,182878200,3,0.1,157.256,0.0,0.0,0.0,0.0,USDJPY,OV2|16b0e7|H1|B,
186895270,182878228,2026-05-05T01:02:12+00:00,1777942932905,0,0,0,182878228,3,0.1,80364.38,0.0,0.0,0.0,0.0,BTCUSD,OV2|a26f6a|M5|B,
186895278,182878235,2026-05-05T01:02:17+00:00,1777942937693,1,1,0,182878228,4,0.1,80346.43,0.0,0.0,-1.8,0.0,BTCUSD,[sl 80347.88],
186895620,182878473,2026-05-05T01:03:42+00:00,1777943022496,0,0,0,182878473,3,0.1,80322.4,0.0,0.0,0.0,0.0,BTCUSD,OV2|4740c0|M5|B,
186895632,182878480,2026-05-05T01:03:47+00:00,1777943027824,0,0,0,182878480,3,0.1,157.273,0.0,0.0,0.0,0.0,USDJPY,OV2|d89a73|M5|B,
186896203,182878892,2026-05-05T01:06:00+00:00,1777943160296,1,1,0,182878473,4,0.1,80305.51,0.0,0.0,-1.69,0.0,BTCUSD,[sl 80305.90],
186896334,182878978,2026-05-05T01:06:26+00:00,1777943186267,0,0,0,182878978,3,0.1,80292.85,0.0,0.0,0.0,0.0,BTCUSD,OV2|8f7b53|M5|B,
186896353,182878989,2026-05-05T01:06:31+00:00,1777943191411,1,1,0,182878978,4,0.1,80273.93,0.0,0.0,-1.8900000000000001,0.0,BTCUSD,[sl 80276.35],
186896697,182879226,2026-05-05T01:08:02+00:00,1777943282489,0,0,0,182879226,3,0.1,80286.41,0.0,0.0,0.0,0.0,BTCUSD,OV2|873152|M5|B,
186898359,182880518,2026-05-05T01:18:41+00:00,1777943921387,1,1,0,182879226,4,0.1,80267.82,0.0,0.0,-1.8599999999999999,0.0,BTCUSD,[sl 80269.91],
186898737,182880886,2026-05-05T01:21:46+00:00,1777944106288,0,0,0,182880886,3,0.1,80286.57,0.0,0.0,0.0,0.0,BTCUSD,OV2|b2a0ef|M5|B,
186898810,182880981,2026-05-05T01:22:40+00:00,1777944160912,1,1,0,182880886,4,0.1,80269.83,0.0,0.0,-1.67,0.0,BTCUSD,[sl 80270.12],
186898826,182881005,2026-05-05T01:23:01+00:00,1777944181531,0,0,0,182881005,3,0.1,80278.27,0.0,0.0,0.0,0.0,BTCUSD,OV2|a3f4b0|M5|B,
186898831,182881011,2026-05-05T01:23:07+00:00,1777944187468,1,1,0,182881005,4,0.1,80260.33,0.0,0.0,-1.79,0.0,BTCUSD,[sl 80261.77],
186898945,182881102,2026-05-05T01:24:31+00:00,1777944271890,0,0,0,182881102,3,0.1,80305.37,0.0,0.0,0.0,0.0,BTCUSD,OV2|acabe1|M5|B,
186899013,182881152,2026-05-05T01:24:55+00:00,1777944295701,1,1,0,182881102,4,0.1,80291.0,0.0,0.0,-1.44,0.0,BTCUSD,[sl 80291.32],
186899145,182881272,2026-05-05T01:26:01+00:00,1777944361684,0,0,0,182881272,3,0.1,80304.15,0.0,0.0,0.0,0.0,BTCUSD,OV2|cf4447|M5|B,
186899201,182881315,2026-05-05T01:26:55+00:00,1777944415212,1,1,0,182881272,4,0.1,80285.55,0.0,0.0,-1.8599999999999999,0.0,BTCUSD,[sl 80287.65],
186899273,182881380,2026-05-05T01:27:31+00:00,1777944451602,0,0,0,182881380,3,0.1,80268.97,0.0,0.0,0.0,0.0,BTCUSD,OV2|53f103|M5|B,
186899385,182881492,2026-05-05T01:29:00+00:00,1777944540451,1,1,0,182881380,4,0.1,80251.12,0.0,0.0,-1.79,0.0,BTCUSD,[sl 80252.47],
186899483,182881590,2026-05-05T01:29:16+00:00,1777944556031,0,0,0,182881590,3,0.1,80262.27,0.0,0.0,0.0,0.0,BTCUSD,OV2|f4add4|M5|B,
186899526,182881635,2026-05-05T01:29:30+00:00,1777944570531,1,1,0,182878480,4,0.1,157.205,0.0,0.0,-4.36,0.0,USDJPY,[sl 157.205],
186899619,182881743,2026-05-05T01:30:27+00:00,1777944627752,1,1,0,182881590,4,0.1,80244.78,0.0,0.0,-1.75,0.0,BTCUSD,[sl 80245.77],
186899711,182881823,2026-05-05T01:30:36+00:00,1777944636116,0,0,0,182881823,3,0.1,157.222,0.0,0.0,0.0,0.0,USDJPY,OV2|0059f4|M5|B,
186899762,182881866,2026-05-05T01:30:50+00:00,1777944650832,0,0,0,182881866,3,0.1,80236.18,0.0,0.0,0.0,0.0,BTCUSD,OV2|176732|M5|B,
186899766,182881871,2026-05-05T01:30:54+00:00,1777944654396,1,1,0,182876808,4,0.1,80214.87,0.0,0.0,-2.74,0.0,BTCUSD,[sl 80223.76],
186899768,182881874,2026-05-05T01:30:54+00:00,1777944654397,1,1,0,182881866,4,0.1,80214.87,0.0,0.0,-2.13,0.0,BTCUSD,[sl 80219.68],
186899976,182882048,2026-05-05T01:31:59+00:00,1777944719583,0,0,0,182882048,3,0.1,80234.72,0.0,0.0,0.0,0.0,BTCUSD,OV2|f26f4f|M5|B,
186899979,182882052,2026-05-05T01:32:02+00:00,1777944722054,0,0,0,182882052,3,0.1,80234.97,0.0,0.0,0.0,0.0,BTCUSD,OV2|d265ec|H1|B,
186899983,182882057,2026-05-05T01:32:03+00:00,1777944723586,1,1,0,182882048,4,0.1,80201.01,0.0,0.0,-3.37,0.0,BTCUSD,[sl 80218.22],
186899985,182882058,2026-05-05T01:32:03+00:00,1777944723587,1,1,0,182882052,4,0.1,80201.01,0.0,0.0,-3.4,0.0,BTCUSD,[sl 80218.47],
186900167,182882222,2026-05-05T01:33:48+00:00,1777944828774,0,0,0,182882222,3,0.1,80189.96,0.0,0.0,0.0,0.0,BTCUSD,OV2|b1f4ff|M5|B,
186900172,182882225,2026-05-05T01:33:51+00:00,1777944831409,0,0,0,182882225,3,0.1,80190.51,0.0,0.0,0.0,0.0,BTCUSD,OV2|7f4451|H1|B,
186900195,182882244,2026-05-05T01:34:01+00:00,1777944841794,1,1,0,182882225,4,0.1,80173.86,0.0,0.0,-1.67,0.0,BTCUSD,[sl 80174.01],
186900205,182882256,2026-05-05T01:34:14+00:00,1777944854923,1,1,0,182882222,4,0.1,80172.6,0.0,0.0,-1.74,0.0,BTCUSD,[sl 80173.46],
186900283,182882337,2026-05-05T01:35:00+00:00,1777944900307,0,0,0,182882337,3,0.1,80146.36,0.0,0.0,0.0,0.0,BTCUSD,OV2|755749|H1|B,
186900296,182882353,2026-05-05T01:35:02+00:00,1777944902590,1,1,0,182882337,4,0.1,80128.86,0.0,0.0,-1.75,0.0,BTCUSD,[sl 80129.86],
186900591,182882570,2026-05-05T01:36:40+00:00,1777945000859,0,0,0,182882570,3,0.1,80152.33,0.0,0.0,0.0,0.0,BTCUSD,OV2|492683|M5|B,
186900604,182882578,2026-05-05T01:36:43+00:00,1777945003359,0,0,0,182882578,3,0.1,80152.33,0.0,0.0,0.0,0.0,BTCUSD,OV2|9fd43a|H1|B,
186900609,182882583,2026-05-05T01:36:45+00:00,1777945005673,1,1,0,182882570,4,0.1,80134.69,0.0,0.0,-1.76,0.0,BTCUSD,[sl 80135.83],
186900610,182882584,2026-05-05T01:36:45+00:00,1777945005673,1,1,0,182882578,4,0.1,80134.69,0.0,0.0,-1.76,0.0,BTCUSD,[sl 80135.83],
186900710,182882668,2026-05-05T01:37:55+00:00,1777945075027,0,0,0,182882668,3,0.1,80135.77,0.0,0.0,0.0,0.0,BTCUSD,OV2|7b824f|M5|B,
186900712,182882672,2026-05-05T01:37:55+00:00,1777945075830,1,1,0,182882668,4,0.1,80117.8,0.0,0.0,-1.8,0.0,BTCUSD,[sl 80119.27],
186900715,182882676,2026-05-05T01:37:57+00:00,1777945077779,0,0,0,182882676,3,0.1,80120.2,0.0,0.0,0.0,0.0,BTCUSD,OV2|3213cb|H1|B,
186900784,182882753,2026-05-05T01:39:23+00:00,1777945163244,0,0,0,182882753,3,0.1,80135.97,0.0,0.0,0.0,0.0,BTCUSD,OV2|b761bc|M5|B,
186900960,182882883,2026-05-05T01:40:38+00:00,1777945238682,1,1,0,182882753,4,0.1,80117.0,0.0,0.0,-1.9,0.0,BTCUSD,[sl 80119.47],
186901046,182882952,2026-05-05T01:41:13+00:00,1777945273865,1,1,0,182882676,4,0.1,80103.43,0.0,0.0,-1.6800000000000002,0.0,BTCUSD,[sl 80103.70],
186901316,182883199,2026-05-05T01:42:38+00:00,1777945358563,0,0,0,182883199,3,0.1,80133.15,0.0,0.0,0.0,0.0,BTCUSD,OV2|d2c837|M5|B,
186901319,182883202,2026-05-05T01:42:41+00:00,1777945361229,0,0,0,182883202,3,0.1,80133.15,0.0,0.0,0.0,0.0,BTCUSD,OV2|e2d09e|H1|B,
186901393,182883260,2026-05-05T01:44:00+00:00,1777945440451,1,1,0,182883199,4,0.1,80116.15,0.0,0.0,-1.7,0.0,BTCUSD,[sl 80116.65],
186901394,182883261,2026-05-05T01:44:00+00:00,1777945440451,1,1,0,182883202,4,0.1,80116.15,0.0,0.0,-1.7,0.0,BTCUSD,[sl 80116.65],
186901398,182883267,2026-05-05T01:44:04+00:00,1777945444152,0,0,0,182883267,3,0.1,80130.97,0.0,0.0,0.0,0.0,BTCUSD,OV2|cb0575|M5|B,
186901401,182883270,2026-05-05T01:44:06+00:00,1777945446544,0,0,0,182883270,3,0.1,80126.48,0.0,0.0,0.0,0.0,BTCUSD,OV2|03f436|H1|B,
186901418,182883292,2026-05-05T01:44:32+00:00,1777945472416,1,1,0,182883267,4,0.1,80106.89,0.0,0.0,-2.41,0.0,BTCUSD,[sl 80108.57],
186901419,182883293,2026-05-05T01:44:32+00:00,1777945472416,1,1,0,182883270,4,0.1,80106.89,0.0,0.0,-1.96,0.0,BTCUSD,[sl 80109.98],
186902144,182883915,2026-05-05T01:46:53+00:00,1777945613169,0,0,0,182883915,3,0.1,80134.13,0.0,0.0,0.0,0.0,BTCUSD,OV2|6ebce2|M5|B,
186902241,182883984,2026-05-05T01:46:56+00:00,1777945616033,0,0,0,182883984,3,0.1,80134.13,0.0,0.0,0.0,0.0,BTCUSD,OV2|2e5d56|H1|B,
186903478,182884925,2026-05-05T01:52:13+00:00,1777945933681,1,1,0,182883915,4,0.1,80114.53,0.0,0.0,-1.96,0.0,BTCUSD,[sl 80117.63],
186903479,182884926,2026-05-05T01:52:13+00:00,1777945933682,1,1,0,182883984,4,0.1,80114.53,0.0,0.0,-1.96,0.0,BTCUSD,[sl 80117.63],
186903909,182885223,2026-05-05T01:53:21+00:00,1777946001150,0,0,0,182885223,3,0.1,80128.02,0.0,0.0,0.0,0.0,BTCUSD,OV2|e04fe5|M5|B,
186903938,182885244,2026-05-05T01:53:23+00:00,1777946003617,0,0,0,182885244,3,0.1,80128.02,0.0,0.0,0.0,0.0,BTCUSD,OV2|940346|H1|B,
186904032,182885319,2026-05-05T01:53:40+00:00,1777946020791,1,1,0,182885223,4,0.1,80111.18,0.0,0.0,-1.6800000000000002,0.0,BTCUSD,[sl 80111.52],
186904033,182885320,2026-05-05T01:53:40+00:00,1777946020792,1,1,0,182885244,4,0.1,80111.18,0.0,0.0,-1.6800000000000002,0.0,BTCUSD,[sl 80111.52],
186904190,182885444,2026-05-05T01:54:34+00:00,1777946074998,0,0,0,182885444,3,0.1,80095.42,0.0,0.0,0.0,0.0,BTCUSD,OV2|ef60b0|H1|B,
186904233,182885474,2026-05-05T01:54:46+00:00,1777946086341,1,1,0,182885444,4,0.1,80067.02,0.0,0.0,-2.84,0.0,BTCUSD,[sl 80078.94],
186904829,182885943,2026-05-05T01:57:43+00:00,1777946263329,0,0,0,182885943,3,0.1,80075.2,0.0,0.0,0.0,0.0,BTCUSD,OV2|70957c|M5|B,
186904832,182885948,2026-05-05T01:57:45+00:00,1777946265717,0,0,0,182885948,3,0.1,80072.33,0.0,0.0,0.0,0.0,BTCUSD,OV2|51ad2d|H1|B,
186904848,182885967,2026-05-05T01:58:06+00:00,1777946286480,1,1,0,182885943,4,0.1,80057.47,0.0,0.0,-1.77,0.0,BTCUSD,[sl 80058.70],
186904854,182885972,2026-05-05T01:58:07+00:00,1777946287874,1,1,0,182885948,4,0.1,80045.96,0.0,0.0,-2.64,0.0,BTCUSD,[sl 80055.83],
186905168,182886249,2026-05-05T01:59:11+00:00,1777946351504,0,0,0,182886249,3,0.1,80077.02,0.0,0.0,0.0,0.0,BTCUSD,OV2|aaeeff|M5|B,
186905171,182886252,2026-05-05T01:59:14+00:00,1777946354055,0,0,0,182886252,3,0.1,80075.03,0.0,0.0,0.0,0.0,BTCUSD,OV2|d30143|H1|B,
186905253,182886323,2026-05-05T01:59:45+00:00,1777946385390,1,1,0,182886249,4,0.1,80059.76,0.0,0.0,-1.73,0.0,BTCUSD,[sl 80060.52],
186905258,182886324,2026-05-05T01:59:46+00:00,1777946386962,1,1,0,182886252,4,0.1,80058.34,0.0,0.0,-1.67,0.0,BTCUSD,[sl 80058.53],
186906190,182887384,2026-05-05T02:02:44+00:00,1777946564469,1,1,0,182878200,4,0.1,157.183,0.0,0.0,-4.67,0.0,USDJPY,[sl 157.183],
186907320,182888639,2026-05-05T02:08:03+00:00,1777946883161,1,0,0,182888639,3,0.1,2351.408,0.0,0.0,0.0,0.0,ETHUSD,OV2|f63e0f|H1|S,
186907324,182888644,2026-05-05T02:08:06+00:00,1777946886347,1,0,0,182888644,3,0.1,2351.291,0.0,0.0,0.0,0.0,ETHUSD,OV2|f17bd5|M15|S,
186908228,182889361,2026-05-05T02:12:37+00:00,1777947157281,0,0,0,182889361,3,0.1,157.207,0.0,0.0,0.0,0.0,USDJPY,OV2|4b791b|M5|B,
186910851,182891811,2026-05-05T02:28:18+00:00,1777948098629,0,1,0,182888639,4,0.1,2352.939,0.0,0.0,-0.15,0.0,ETHUSD,[sl 2352.908],
186910857,182891814,2026-05-05T02:28:19+00:00,1777948099447,0,1,0,182888644,4,0.1,2352.976,0.0,0.0,-0.17,0.0,ETHUSD,[sl 2352.945],
186910888,182891837,2026-05-05T02:28:37+00:00,1777948117461,1,0,0,182891837,3,0.1,0.11013,0.0,0.0,0.0,0.0,DOGUSD,OV2|946a62|H1|S,
186910892,182891842,2026-05-05T02:28:40+00:00,1777948120298,1,0,0,182891842,3,0.1,0.11013,0.0,0.0,0.0,0.0,DOGUSD,OV2|9a7be8|M15|S,
186911075,182892090,2026-05-05T02:30:20+00:00,1777948220822,1,0,0,182892090,3,0.1,101.97,0.0,0.0,0.0,0.0,USOIL+,OV2|f4057c|H1|S,
186911078,182892096,2026-05-05T02:30:23+00:00,1777948223877,1,0,0,182892096,3,0.1,101.97,0.0,0.0,0.0,0.0,USOIL+,OV2|4d38a4|M15|S,
186911558,182892381,2026-05-05T02:32:37+00:00,1777948357975,1,0,0,182892381,3,0.1,1.391,0.0,0.0,0.0,0.0,XRPUSD,OV2|1ea9e6|H1|S,
186911568,182892394,2026-05-05T02:32:40+00:00,1777948360865,1,0,0,182892394,3,0.1,1.39075,0.0,0.0,0.0,0.0,XRPUSD,OV2|30a466|M15|S,
186911650,182892457,2026-05-05T02:33:14+00:00,1777948394772,0,0,0,182892457,3,0.1,183.8,0.0,0.0,0.0,0.0,EURJPY,OV2|418211|H1|B,
186911659,182892464,2026-05-05T02:33:17+00:00,1777948397701,0,0,0,182892464,3,0.1,183.795,0.0,0.0,0.0,0.0,EURJPY,OV2|356142|M15|B,
186915433,182895923,2026-05-05T02:55:00+00:00,1777949700148,0,0,0,182895923,3,0.1,200.542,0.0,0.0,0.0,0.0,CHFJPY,OV2|4376f3|H1|B,
186917086,182897486,2026-05-05T02:58:31+00:00,1777949911911,0,0,0,182897486,3,0.1,112.673,0.0,0.0,0.0,0.0,AUDJPY,OV2|1b5011|H4|B,
186917798,182898304,2026-05-05T03:00:29+00:00,1777950029901,0,0,0,182898304,3,0.1,112.691,0.0,0.0,0.0,0.0,AUDJPY,OV2|5431e2|M15|B,
186920238,182900283,2026-05-05T03:03:07+00:00,1777950187116,0,0,0,182900283,3,0.1,200.574,0.0,0.0,0.0,0.0,CHFJPY,OV2|53050d|M15|B,
186920241,182900284,2026-05-05T03:03:07+00:00,1777950187163,0,1,0,182892381,4,0.1,1.3941,0.0,0.0,-0.31,0.0,XRPUSD,[sl 1.39410],
186920304,182900331,2026-05-05T03:03:09+00:00,1777950189961,0,1,0,182892394,4,0.1,1.3945,0.0,0.0,-0.38,0.0,XRPUSD,[sl 1.39425],
186925502,182904099,2026-05-05T03:08:22+00:00,1777950502100,1,0,0,182904099,3,0.1,1.39225,0.0,0.0,0.0,0.0,XRPUSD,OV2|360d94|H1|S,
186925534,182904125,2026-05-05T03:08:24+00:00,1777950504839,1,0,0,182904125,3,0.1,1.39225,0.0,0.0,0.0,0.0,XRPUSD,OV2|37adab|M15|S,
186937271,182911983,2026-05-05T03:18:34+00:00,1777951114817,1,1,0,182900283,4,0.1,200.479,0.0,0.0,-6.08,0.0,CHFJPY,[sl 200.481],
186938001,182912535,2026-05-05T03:19:27+00:00,1777951167514,0,0,0,182912535,3,0.1,212.73,0.0,0.0,0.0,0.0,GBPJPY,OV2|4caa98|H1|B,
186938012,182912543,2026-05-05T03:19:30+00:00,1777951170027,0,0,0,182912543,3,0.1,212.732,0.0,0.0,0.0,0.0,GBPJPY,OV2|e32fd9|M15|B,
186940076,182913914,2026-05-05T03:21:18+00:00,1777951278271,1,1,0,182898304,4,0.1,112.613,0.0,0.0,-4.99,0.0,AUDJPY,[sl 112.613],
186943202,182915864,2026-05-05T03:24:02+00:00,1777951442214,1,1,0,182897486,4,0.1,112.586,0.0,0.0,-5.56,0.0,AUDJPY,[sl 112.587],
186952190,182922043,2026-05-05T03:33:07+00:00,1777951987687,1,0,0,182922043,3,0.1,112.574,0.0,0.0,0.0,0.0,AUDJPY,OV2|3df05f|H1|S,
186952222,182922063,2026-05-05T03:33:10+00:00,1777951990520,1,0,0,182922063,3,0.1,112.576,0.0,0.0,0.0,0.0,AUDJPY,OV2|7be00f|M15|S,
186952374,182922163,2026-05-05T03:33:33+00:00,1777952013237,1,1,0,182895923,4,0.1,200.444,0.0,0.0,-6.27,0.0,CHFJPY,[sl 200.448],
186953346,182922775,2026-05-05T03:35:45+00:00,1777952145529,1,1,0,182912543,4,0.1,212.635,0.0,0.0,-6.21,0.0,GBPJPY,[sl 212.636],
186954545,182923578,2026-05-05T03:38:01+00:00,1777952281386,1,0,0,182923578,3,0.1,0.5863,0.0,0.0,0.0,0.0,NZDUSD,OV2|d54ac2|H4|S,
186954546,182923579,2026-05-05T03:38:01+00:00,1777952281508,1,0,0,182923579,3,0.1,1.16858,0.0,0.0,0.0,0.0,EURUSD,OV2|71926c|M5|S,
186954926,182923830,2026-05-05T03:38:51+00:00,1777952331970,1,0,0,182923830,3,0.1,200.463,0.0,0.0,0.0,0.0,CHFJPY,OV2|486f21|H1|S,
186954935,182923839,2026-05-05T03:38:54+00:00,1777952334873,1,0,0,182923839,3,0.1,200.464,0.0,0.0,0.0,0.0,CHFJPY,OV2|875cc9|M15|S,
186956467,182924895,2026-05-05T03:41:39+00:00,1777952499077,1,1,0,182912535,4,0.1,212.631,0.0,0.0,-6.34,0.0,GBPJPY,[sl 212.632],
186957871,182925825,2026-05-05T03:44:24+00:00,1777952664500,1,0,0,182925825,3,0.1,0.5862,0.0,0.0,0.0,0.0,NZDUSD,OV2|d73f64|H1|S,
186961525,182928239,2026-05-05T03:48:29+00:00,1777952909369,1,0,0,182928239,3,0.1,212.643,0.0,0.0,0.0,0.0,GBPJPY,OV2|5b0b86|H1|S,
186961539,182928249,2026-05-05T03:48:32+00:00,1777952912377,1,0,0,182928249,3,0.1,212.636,0.0,0.0,0.0,0.0,GBPJPY,OV2|610ea5|M15|S,
186963087,182929289,2026-05-05T03:51:06+00:00,1777953066560,0,1,0,182904099,4,0.1,1.3952499999999999,0.0,0.0,-0.3,0.0,XRPUSD,[sl 1.39525],
186963088,182929292,2026-05-05T03:51:06+00:00,1777953066767,0,1,0,182904125,4,0.1,1.39535,0.0,0.0,-0.31,0.0,XRPUSD,[sl 1.39535],
186964074,182929892,2026-05-05T03:53:02+00:00,1777953182379,1,0,0,182929892,3,0.1,1.3947,0.0,0.0,0.0,0.0,XRPUSD,OV2|b8aea2|H1|S,
186964084,182929897,2026-05-05T03:53:05+00:00,1777953185294,1,0,0,182929897,3,0.1,1.3947,0.0,0.0,0.0,0.0,XRPUSD,OV2|4fc657|M15|S,
186969032,182933391,2026-05-05T04:00:59+00:00,1777953659226,1,1,0,182892457,4,0.1,183.714,0.0,0.0,-5.5,0.0,EURJPY,[sl 183.714],
186969171,182933494,2026-05-05T04:01:14+00:00,1777953674701,1,1,0,182892464,4,0.1,183.708,0.0,0.0,-5.56,0.0,EURJPY,[sl 183.709],
186969239,182933541,2026-05-05T04:01:26+00:00,1777953686045,0,0,0,182933541,3,0.1,80112.59,0.0,0.0,0.0,0.0,BTCUSD,OV2|7443ca|M5|B,
186969247,182933545,2026-05-05T04:01:28+00:00,1777953688551,0,0,0,182933545,3,0.1,80112.61,0.0,0.0,0.0,0.0,BTCUSD,OV2|68253d|H1|B,
186969315,182933598,2026-05-05T04:01:40+00:00,1777953700338,1,1,0,182933541,4,0.1,80093.3,0.0,0.0,-1.9300000000000002,0.0,BTCUSD,[sl 80096.09],
186969316,182933599,2026-05-05T04:01:40+00:00,1777953700339,1,1,0,182933545,4,0.1,80093.3,0.0,0.0,-1.9300000000000002,0.0,BTCUSD,[sl 80096.11],
186969362,182933628,2026-05-05T04:01:52+00:00,1777953712353,1,0,0,182933628,3,0.1,183.722,0.0,0.0,0.0,0.0,EURJPY,OV2|c2fa0f|H1|S,
186969369,182933632,2026-05-05T04:01:55+00:00,1777953715277,1,0,0,182933632,3,0.1,183.721,0.0,0.0,0.0,0.0,EURJPY,OV2|5f1ff7|M15|S,
186971336,182934845,2026-05-05T04:02:45+00:00,1777953765368,0,0,0,182934845,3,0.1,80104.05,0.0,0.0,0.0,0.0,BTCUSD,OV2|b1de09|M5|B,
186971385,182934872,2026-05-05T04:02:48+00:00,1777953768167,0,0,0,182934872,3,0.1,80105.08,0.0,0.0,0.0,0.0,BTCUSD,OV2|8c0c55|H1|B,
186972043,182935319,2026-05-05T04:03:22+00:00,1777953802522,1,1,0,182934845,4,0.1,80086.16,0.0,0.0,-1.79,0.0,BTCUSD,[sl 80087.55],
186972044,182935320,2026-05-05T04:03:22+00:00,1777953802522,1,1,0,182934872,4,0.1,80086.16,0.0,0.0,-1.8900000000000001,0.0,BTCUSD,[sl 80088.58],
186972602,182935700,2026-05-05T04:04:31+00:00,1777953871094,0,0,0,182935700,3,0.1,80115.13,0.0,0.0,0.0,0.0,BTCUSD,OV2|ba25be|M5|B,
186972630,182935717,2026-05-05T04:04:33+00:00,1777953873691,0,0,0,182935717,3,0.1,80122.6,0.0,0.0,0.0,0.0,BTCUSD,OV2|440c6f|H1|B,
186976425,182938145,2026-05-05T04:09:26+00:00,1777954166161,0,1,0,182929892,4,0.1,1.3979,0.0,0.0,-0.32,0.0,XRPUSD,[sl 1.39770],
186976426,182938146,2026-05-05T04:09:26+00:00,1777954166162,0,1,0,182929897,4,0.1,1.3979,0.0,0.0,-0.32,0.0,XRPUSD,[sl 1.39770],
186982180,182941685,2026-05-05T04:14:29+00:00,1777954469152,0,1,0,182786037,4,0.05,4539.61,0.0,1.87,-12.5,0.0,XAUUSD,[sl 4539.61],
186987566,182945063,2026-05-05T04:22:43+00:00,1777954963938,1,0,0,182945063,3,0.1,111.11,0.0,0.0,0.0,0.0,UKOIL+,OV2|b45603|H1|S,
186987602,182945083,2026-05-05T04:22:47+00:00,1777954967032,1,0,0,182945083,3,0.1,111.13,0.0,0.0,0.0,0.0,UKOIL+,OV2|1f309d|M15|S,
186995727,182950661,2026-05-05T04:37:01+00:00,1777955821664,0,1,0,182784738,4,0.05,4540.39,0.0,1.87,-12.8,0.0,XAUUSD,[sl 4540.33],
186996163,182950952,2026-05-05T04:37:06+00:00,1777955826573,0,1,0,182923830,4,0.1,200.555,0.0,0.0,-5.89,0.0,CHFJPY,[sl 200.553],
186997369,182951667,2026-05-05T04:37:22+00:00,1777955842361,0,1,0,182923839,4,0.1,200.562,0.0,0.0,-6.27,0.0,CHFJPY,[sl 200.562],
186998337,182952417,2026-05-05T04:38:25+00:00,1777955905816,0,1,0,182933628,4,0.1,183.803,0.0,0.0,-5.18,0.0,EURJPY,[sl 183.802],
186998338,182952418,2026-05-05T04:38:25+00:00,1777955905817,0,1,0,182933632,4,0.1,183.803,0.0,0.0,-5.24,0.0,EURJPY,[sl 183.803],
186998643,182952621,2026-05-05T04:38:52+00:00,1777955932625,1,0,0,182952621,3,0.1,183.754,0.0,0.0,0.0,0.0,EURJPY,OV2|2cea5f|H1|S,
186998659,182952633,2026-05-05T04:38:55+00:00,1777955935734,1,0,0,182952633,3,0.1,183.754,0.0,0.0,0.0,0.0,EURJPY,OV2|3580bf|M15|S,
187000050,182953586,2026-05-05T04:43:12+00:00,1777956192763,1,0,0,182953586,3,0.1,200.487,0.0,0.0,0.0,0.0,CHFJPY,OV2|d4b366|H1|S,
187000188,182953666,2026-05-05T04:43:17+00:00,1777956197985,1,0,0,182953666,3,0.1,200.478,0.0,0.0,0.0,0.0,CHFJPY,OV2|24fe7e|H4|S,
187003681,182956102,2026-05-05T04:56:40+00:00,1777957000492,0,0,0,182956102,3,0.1,0.78427,0.0,0.0,0.0,0.0,USDCHF,OV2|5bca29|H1|B,
187003685,182956105,2026-05-05T04:56:43+00:00,1777957003139,0,0,0,182956105,3,0.1,0.78427,0.0,0.0,0.0,0.0,USDCHF,OV2|d82215|M15|B,
187005272,182957357,2026-05-05T05:01:16+00:00,1777957276700,0,0,0,182957357,3,0.1,1.3973499999999999,0.0,0.0,0.0,0.0,XRPUSD,OV2|0f2c1d|M15|B,
187005282,182957367,2026-05-05T05:01:19+00:00,1777957279635,0,0,0,182957367,3,0.1,1.3976,0.0,0.0,0.0,0.0,XRPUSD,OV2|ca04f4|H4|B,
187008200,182959708,2026-05-05T05:09:24+00:00,1777957764197,0,0,0,182959708,3,0.1,115.44,0.0,0.0,0.0,0.0,CADJPY,OV2|a12d4c|H1|B,
187012801,182963528,2026-05-05T05:27:40+00:00,1777958860381,0,1,0,182953666,4,0.1,200.579,0.0,0.0,-6.46,0.0,CHFJPY,[sl 200.576],
187013348,182963894,2026-05-05T05:28:28+00:00,1777958908577,0,1,0,182953586,4,0.1,200.591,0.0,0.0,-6.66,0.0,CHFJPY,[sl 200.591],
187013615,182964084,2026-05-05T05:29:28+00:00,1777958968835,0,0,0,182964084,3,0.1,200.583,0.0,0.0,0.0,0.0,CHFJPY,OV2|96e60d|H1|B,
187013621,182964088,2026-05-05T05:29:31+00:00,1777958971830,0,0,0,182964088,3,0.1,200.584,0.0,0.0,0.0,0.0,CHFJPY,OV2|b7682d|M15|B,
187013753,182964254,2026-05-05T05:30:10+00:00,1777959010583,0,1,0,182928239,4,0.1,212.735,0.0,0.0,-5.89,0.0,GBPJPY,[sl 212.735],
187013756,182964257,2026-05-05T05:30:10+00:00,1777959010868,0,1,0,182928249,4,0.1,212.736,0.0,0.0,-6.4,0.0,GBPJPY,[sl 212.736],
187013988,182964396,2026-05-05T05:31:06+00:00,1777959066182,0,1,0,182925825,4,0.1,0.58696,0.0,0.0,-7.6,0.0,NZDUSD,[sl 0.58696],
187016781,182966535,2026-05-05T05:39:08+00:00,1777959548599,1,1,0,182935700,5,0.1,80627.43,0.0,0.0,51.23,0.0,BTCUSD,[tp 80620.77],
187016793,182966544,2026-05-05T05:39:08+00:00,1777959548696,1,1,0,182935717,5,0.1,80663.33,0.0,0.0,54.07,0.0,BTCUSD,[tp 80629.81],
187017027,182966689,2026-05-05T05:39:32+00:00,1777959572829,0,0,0,182966689,3,0.1,2375.22,0.0,0.0,0.0,0.0,ETHUSD,OV2|d83333|H1|B,
187017039,182966697,2026-05-05T05:39:35+00:00,1777959575706,0,0,0,182966697,3,0.1,2375.149,0.0,0.0,0.0,0.0,ETHUSD,OV2|e0af1d|M15|B,
187017110,182966755,2026-05-05T05:40:01+00:00,1777959601162,1,1,0,182966689,4,0.1,2373.572,0.0,0.0,-0.16,0.0,ETHUSD,[sl 2373.720],
187017111,182966756,2026-05-05T05:40:01+00:00,1777959601163,1,1,0,182966697,4,0.1,2373.572,0.0,0.0,-0.16,0.0,ETHUSD,[sl 2373.649],
187017174,182966884,2026-05-05T05:40:30+00:00,1777959630188,0,0,0,182966884,3,0.1,80673.13,0.0,0.0,0.0,0.0,BTCUSD,OV2|80cec7|M5|B,
187017186,182966905,2026-05-05T05:40:32+00:00,1777959632964,0,0,0,182966905,3,0.1,80672.65,0.0,0.0,0.0,0.0,BTCUSD,OV2|acdeca|H1|B,
187017206,182966955,2026-05-05T05:40:40+00:00,1777959640570,1,1,0,182966884,4,0.1,80653.41,0.0,0.0,-1.97,0.0,BTCUSD,[sl 80653.44],
187017207,182966956,2026-05-05T05:40:40+00:00,1777959640571,1,1,0,182966905,4,0.1,80653.41,0.0,0.0,-1.92,0.0,BTCUSD,[sl 80654.15],
187017529,182967365,2026-05-05T05:41:58+00:00,1777959718555,0,0,0,182967365,3,0.1,80706.01,0.0,0.0,0.0,0.0,BTCUSD,OV2|be92c6|M5|B,
187017542,182967376,2026-05-05T05:42:00+00:00,1777959720954,0,0,0,182967376,3,0.1,80701.52,0.0,0.0,0.0,0.0,BTCUSD,OV2|b16311|H1|B,
187017552,182967382,2026-05-05T05:42:03+00:00,1777959723078,1,1,0,182967365,4,0.1,80685.49,0.0,0.0,-2.05,0.0,BTCUSD,[sl 80686.70],
187017554,182967384,2026-05-05T05:42:03+00:00,1777959723199,1,1,0,182967376,4,0.1,80682.75,0.0,0.0,-1.88,0.0,BTCUSD,[sl 80685.02],
187017627,182967427,2026-05-05T05:42:22+00:00,1777959742654,0,0,0,182967427,3,0.1,80675.19,0.0,0.0,0.0,0.0,BTCUSD,OV2|48206b|H1|B,
187017628,182967428,2026-05-05T05:42:25+00:00,1777959745541,0,0,0,182967428,3,0.1,80674.84,0.0,0.0,0.0,0.0,BTCUSD,OV2|bf1590|H4|B,
187017639,182967437,2026-05-05T05:42:31+00:00,1777959751860,1,1,0,182967427,4,0.1,80658.22,0.0,0.0,-1.7,0.0,BTCUSD,[sl 80658.69],
187017640,182967438,2026-05-05T05:42:31+00:00,1777959751860,1,1,0,182967428,4,0.1,80658.22,0.0,0.0,-1.6600000000000001,0.0,BTCUSD,[sl 80658.34],
187019095,182968673,2026-05-05T05:43:51+00:00,1777959831867,0,0,0,182968673,3,0.1,80756.46,0.0,0.0,0.0,0.0,BTCUSD,OV2|523971|H1|B,
187020259,182969524,2026-05-05T05:45:22+00:00,1777959922806,0,0,0,182969524,3,0.1,80895.26,0.0,0.0,0.0,0.0,BTCUSD,OV2|64b624|M5|B,
187020381,182969624,2026-05-05T05:45:32+00:00,1777959932966,1,1,0,182969524,4,0.1,80862.35,0.0,0.0,-3.29,0.0,BTCUSD,[sl 80877.51],
187020805,182969968,2026-05-05T05:46:08+00:00,1777959968988,1,1,0,182968673,4,0.1,80739.23,0.0,0.0,-1.72,0.0,BTCUSD,[sl 80739.96],
187021132,182970442,2026-05-05T05:46:58+00:00,1777960018009,0,0,0,182970442,3,0.1,80660.44,0.0,0.0,0.0,0.0,BTCUSD,OV2|6fe560|H1|B,
187021146,182970475,2026-05-05T05:47:02+00:00,1777960022300,1,1,0,182970442,4,0.1,80642.32,0.0,0.0,-1.81,0.0,BTCUSD,[sl 80642.94],
187021282,182970635,2026-05-05T05:47:28+00:00,1777960048270,0,0,0,182970635,3,0.1,2367.758,0.0,0.0,0.0,0.0,ETHUSD,OV2|a24771|H1|B,
187021294,182970644,2026-05-05T05:47:31+00:00,1777960051213,0,0,0,182970644,3,0.1,2368.161,0.0,0.0,0.0,0.0,ETHUSD,OV2|4e50c3|M15|B,
187021887,182971029,2026-05-05T05:48:35+00:00,1777960115477,1,1,0,182970644,4,0.1,2366.483,0.0,0.0,-0.17,0.0,ETHUSD,[sl 2366.661],
187022036,182971116,2026-05-05T05:48:49+00:00,1777960129525,1,1,0,182970635,4,0.1,2365.901,0.0,0.0,-0.19,0.0,ETHUSD,[sl 2366.258],
187022942,182971757,2026-05-05T05:49:57+00:00,1777960197740,0,0,0,182971757,3,0.1,80549.46,0.0,0.0,0.0,0.0,BTCUSD,OV2|01bd93|M5|B,
187022956,182971773,2026-05-05T05:50:00+00:00,1777960200150,0,0,0,182971773,3,0.1,80556.14,0.0,0.0,0.0,0.0,BTCUSD,OV2|d0132a|H1|B,
187025525,182974041,2026-05-05T05:54:56+00:00,1777960496510,1,1,0,182971773,4,0.1,80539.38,0.0,0.0,-1.6800000000000002,0.0,BTCUSD,[sl 80539.64],
187025570,182974070,2026-05-05T05:54:59+00:00,1777960499402,1,1,0,182971757,4,0.1,80532.79,0.0,0.0,-1.67,0.0,BTCUSD,[sl 80532.96],
187028202,182976031,2026-05-05T05:57:28+00:00,1777960648080,0,0,0,182976031,3,0.1,80510.88,0.0,0.0,0.0,0.0,BTCUSD,OV2|d9099d|M5|B,
187028225,182976049,2026-05-05T05:57:30+00:00,1777960650721,0,0,0,182976049,3,0.1,80510.3,0.0,0.0,0.0,0.0,BTCUSD,OV2|f67e2b|H1|B,
187030319,182977643,2026-05-05T06:02:30+00:00,1777960950510,1,1,0,182976049,4,0.1,80493.76,0.0,0.0,-1.65,0.0,BTCUSD,[sl 80493.80],
187030328,182977652,2026-05-05T06:02:32+00:00,1777960952872,1,1,0,182976031,4,0.1,80490.34,0.0,0.0,-2.05,0.0,BTCUSD,[sl 80492.38],
187030464,182977739,2026-05-05T06:03:10+00:00,1777960990286,1,1,0,182964084,4,0.1,200.491,0.0,0.0,-5.89,0.0,CHFJPY,[sl 200.491],
187030807,182977950,2026-05-05T06:03:58+00:00,1777961038492,0,0,0,182977950,3,0.1,80481.45,0.0,0.0,0.0,0.0,BTCUSD,OV2|d0469a|M5|B,
187030814,182977955,2026-05-05T06:04:00+00:00,1777961040202,1,1,0,182977950,4,0.1,80462.92,0.0,0.0,-1.85,0.0,BTCUSD,[sl 80462.95],
187030820,182977963,2026-05-05T06:04:00+00:00,1777961040975,0,0,0,182977963,3,0.1,80468.71,0.0,0.0,0.0,0.0,BTCUSD,OV2|c1151d|H1|B,
187031738,182978568,2026-05-05T06:06:45+00:00,1777961205951,0,0,0,182978568,3,0.1,80476.14,0.0,0.0,0.0,0.0,BTCUSD,OV2|0450f8|M5|B,
187039547,182985729,2026-05-05T06:45:10+00:00,1777963510109,1,1,0,182957357,5,0.1,1.40835,0.0,0.0,1.1,0.0,XRPUSD,[tp 1.40831],
187040058,182986381,2026-05-05T06:47:55+00:00,1777963675042,1,1,0,182957367,5,0.1,1.40865,0.0,0.0,1.11,0.0,XRPUSD,[tp 1.40856],
187040165,182986462,2026-05-05T06:49:01+00:00,1777963741766,0,0,0,182986462,3,0.1,1.40955,0.0,0.0,0.0,0.0,XRPUSD,OV2|07a24f|H1|B,
187040168,182986465,2026-05-05T06:49:04+00:00,1777963744731,0,0,0,182986465,3,0.1,1.40985,0.0,0.0,0.0,0.0,XRPUSD,OV2|49021e|M15|B,
187040223,182986506,2026-05-05T06:49:33+00:00,1777963773415,1,1,0,182986462,4,0.1,1.4059,0.0,0.0,-0.37,0.0,XRPUSD,[sl 1.40621],
187040224,182986507,2026-05-05T06:49:33+00:00,1777963773416,1,1,0,182986465,4,0.1,1.4059,0.0,0.0,-0.4,0.0,XRPUSD,[sl 1.40649],
187043733,182988975,2026-05-05T07:00:35+00:00,1777964435707,0,0,0,182988975,3,0.1,1.4057,0.0,0.0,0.0,0.0,XRPUSD,OV2|a469cf|H1|B,
187043738,182988979,2026-05-05T07:00:38+00:00,1777964438230,0,0,0,182988979,3,0.1,1.40585,0.0,0.0,0.0,0.0,XRPUSD,OV2|0bdb97|M15|B,
187044498,182989543,2026-05-05T07:03:55+00:00,1777964635287,1,0,0,182989543,3,0.1,212.66,0.0,0.0,0.0,0.0,GBPJPY,OV2|d2352e|M15|S,
187044509,182989561,2026-05-05T07:03:57+00:00,1777964637872,1,0,0,182989561,3,0.1,212.66,0.0,0.0,0.0,0.0,GBPJPY,OV2|9c6ed8|H4|S,
187045658,182990944,2026-05-05T07:10:44+00:00,1777965044895,1,1,0,182988979,4,0.1,1.4025,0.0,0.0,-0.34,0.0,XRPUSD,[sl 1.40262],
187045661,182990946,2026-05-05T07:10:45+00:00,1777965045874,1,1,0,182988975,4,0.1,1.40235,0.0,0.0,-0.34,0.0,XRPUSD,[sl 1.40247],
187045948,182991137,2026-05-05T07:13:34+00:00,1777965214749,0,0,0,182991137,3,0.1,1.4047,0.0,0.0,0.0,0.0,XRPUSD,OV2|09e10b|H1|B,
187045950,182991139,2026-05-05T07:13:37+00:00,1777965217659,0,0,0,182991139,3,0.1,1.4047,0.0,0.0,0.0,0.0,XRPUSD,OV2|66de46|M15|B,
187050367,182994101,2026-05-05T07:30:06+00:00,1777966206437,0,1,0,182923578,4,0.1,0.58714,0.0,0.0,-8.4,0.0,NZDUSD,[sl 0.58708],
187051163,182994598,2026-05-05T07:30:26+00:00,1777966226426,0,1,0,182922043,4,0.1,112.664,0.0,0.0,-5.75,0.0,AUDJPY,[sl 112.654],
187051165,182994599,2026-05-05T07:30:26+00:00,1777966226427,0,1,0,182922063,4,0.1,112.664,0.0,0.0,-5.63,0.0,AUDJPY,[sl 112.654],
187051188,182994611,2026-05-05T07:30:27+00:00,1777966227010,0,1,0,182989561,4,0.1,212.745,0.0,0.0,-5.43,0.0,GBPJPY,[sl 212.744],
187051198,182994616,2026-05-05T07:30:27+00:00,1777966227258,0,1,0,182989543,4,0.1,212.75,0.0,0.0,-5.75,0.0,GBPJPY,[sl 212.746],
187051435,182994762,2026-05-05T07:31:00+00:00,1777966260074,0,0,0,182994762,3,0.1,200.592,0.0,0.0,0.0,0.0,CHFJPY,OV2|3587a2|M15|B,
187051603,182994887,2026-05-05T07:31:33+00:00,1777966293505,1,1,0,182991137,4,0.1,1.40115,0.0,0.0,-0.36,0.0,XRPUSD,[sl 1.40116],
187051664,182994923,2026-05-05T07:31:43+00:00,1777966303445,0,0,0,182994923,3,0.1,1.4022000000000001,0.0,0.0,0.0,0.0,XRPUSD,OV2|d9f5c3|H1|B,
187052066,182995198,2026-05-05T07:32:39+00:00,1777966359677,1,1,0,182991139,4,0.1,1.40075,0.0,0.0,-0.4,0.0,XRPUSD,[sl 1.40080],
187053294,182995979,2026-05-05T07:37:54+00:00,1777966674786,0,0,0,182995979,3,0.1,1.40265,0.0,0.0,0.0,0.0,XRPUSD,OV2|e9f364|H1|B,
187053593,182996197,2026-05-05T07:41:24+00:00,1777966884972,0,0,0,182996197,3,0.1,0.58711,0.0,0.0,0.0,0.0,NZDUSD,OV2|1bd7b5|H4|B,
187053792,182996341,2026-05-05T07:43:31+00:00,1777967011322,0,0,0,182996341,3,0.1,212.688,0.0,0.0,0.0,0.0,GBPJPY,OV2|a04549|M15|B,
187053802,182996349,2026-05-05T07:43:34+00:00,1777967014356,0,0,0,182996349,3,0.1,212.688,0.0,0.0,0.0,0.0,GBPJPY,OV2|dd514b|H4|B,
187053918,182996450,2026-05-05T07:45:27+00:00,1777967127129,1,1,0,182995979,4,0.1,1.3993,0.0,0.0,-0.34,0.0,XRPUSD,[sl 1.39965],
187054954,182997109,2026-05-05T07:48:05+00:00,1777967285999,1,1,0,182996197,4,0.1,0.58633,0.0,0.0,-7.8,0.0,NZDUSD,[sl 0.58635],
187057292,182998595,2026-05-05T07:54:34+00:00,1777967674920,1,1,0,182994762,4,0.1,200.512,0.0,0.0,-5.12,0.0,CHFJPY,[sl 200.512],
187057497,182998749,2026-05-05T07:55:19+00:00,1777967719921,1,1,0,182964088,4,0.1,200.477,0.0,0.0,-6.84,0.0,CHFJPY,[sl 200.486],
187058132,182999127,2026-05-05T07:56:03+00:00,1777967763131,1,1,0,182996341,4,0.1,212.6,0.0,0.0,-5.63,0.0,GBPJPY,[sl 212.600],
187058133,182999128,2026-05-05T07:56:03+00:00,1777967763132,1,1,0,182996349,4,0.1,212.6,0.0,0.0,-5.63,0.0,GBPJPY,[sl 212.600],
187059640,183000457,2026-05-05T08:01:13+00:00,1777968073160,1,0,0,183000457,3,0.1,0.58578,0.0,0.0,0.0,0.0,NZDUSD,OV2|e38d9d|H1|S,
187059653,183000465,2026-05-05T08:01:15+00:00,1777968075809,1,0,0,183000465,3,0.1,0.58578,0.0,0.0,0.0,0.0,NZDUSD,OV2|aaf0bb|M15|S,
187060701,183001197,2026-05-05T08:04:17+00:00,1777968257724,1,0,0,183001197,3,0.1,200.462,0.0,0.0,0.0,0.0,CHFJPY,OV2|5b2cd9|H1|S,
187060706,183001201,2026-05-05T08:04:20+00:00,1777968260591,1,0,0,183001201,3,0.1,200.464,0.0,0.0,0.0,0.0,CHFJPY,OV2|669d00|M15|S,
187061396,183001645,2026-05-05T08:06:45+00:00,1777968405466,1,1,0,182994923,4,0.1,1.3992,0.0,0.0,-0.3,0.0,XRPUSD,[sl 1.39920],
187061906,183001988,2026-05-05T08:06:56+00:00,1777968416868,1,0,0,183001988,3,0.1,212.595,0.0,0.0,0.0,0.0,GBPJPY,OV2|ba4c60|H1|S,
187061941,183002006,2026-05-05T08:06:59+00:00,1777968419406,1,0,0,183002006,3,0.1,212.594,0.0,0.0,0.0,0.0,GBPJPY,OV2|906b09|M15|S,
187070529,183008053,2026-05-05T08:24:51+00:00,1777969491844,1,1,0,182978568,5,0.1,81136.53,0.0,0.0,66.04,0.0,BTCUSD,[tp 81128.88],
187070592,183008078,2026-05-05T08:24:54+00:00,1777969494815,1,1,0,182977963,5,0.1,81173.01,0.0,0.0,70.43,0.0,BTCUSD,[tp 81171.56],
187070743,183008197,2026-05-05T08:25:39+00:00,1777969539330,0,0,0,183008197,3,0.1,81137.91,0.0,0.0,0.0,0.0,BTCUSD,OV2|f91a29|H1|B,
187070749,183008203,2026-05-05T08:25:41+00:00,1777969541173,0,0,0,183008203,3,0.1,81138.56,0.0,0.0,0.0,0.0,BTCUSD,OV2|4228a8|M5|B,
187070769,183008220,2026-05-05T08:25:49+00:00,1777969549428,1,1,0,183008197,4,0.1,81112.28,0.0,0.0,-2.56,0.0,BTCUSD,[sl 81119.41],
187070770,183008221,2026-05-05T08:25:49+00:00,1777969549428,1,1,0,183008203,4,0.1,81112.28,0.0,0.0,-2.63,0.0,BTCUSD,[sl 81120.06],
187071262,183008887,2026-05-05T08:27:00+00:00,1777969620265,0,0,0,183008887,3,0.1,81108.54,0.0,0.0,0.0,0.0,BTCUSD,OV2|d7aaf0|M5|B,
187071276,183008901,2026-05-05T08:27:02+00:00,1777969622720,0,0,0,183008901,3,0.1,81107.65,0.0,0.0,0.0,0.0,BTCUSD,OV2|f9490f|H1|B,
187071499,183009192,2026-05-05T08:29:00+00:00,1777969740887,1,1,0,183008887,4,0.1,81088.29,0.0,0.0,-2.03,0.0,BTCUSD,[sl 81089.24],
187071500,183009193,2026-05-05T08:29:00+00:00,1777969740887,1,1,0,183008901,4,0.1,81088.29,0.0,0.0,-1.94,0.0,BTCUSD,[sl 81089.10],
187071662,183009457,2026-05-05T08:29:38+00:00,1777969778884,0,0,0,183009457,3,0.1,81045.04,0.0,0.0,0.0,0.0,BTCUSD,OV2|df51ba|H1|B,
187071665,183009461,2026-05-05T08:29:41+00:00,1777969781795,0,0,0,183009461,3,0.1,81056.02,0.0,0.0,0.0,0.0,BTCUSD,OV2|5b1d3c|H4|B,
187072210,183009881,2026-05-05T08:30:32+00:00,1777969832150,1,1,0,183009461,4,0.1,81038.95,0.0,0.0,-1.71,0.0,BTCUSD,[sl 81039.47],
187072221,183009890,2026-05-05T08:30:35+00:00,1777969835508,1,1,0,183009457,4,0.1,81026.73,0.0,0.0,-1.83,0.0,BTCUSD,[sl 81028.54],
187072533,183010157,2026-05-05T08:31:53+00:00,1777969913346,1,0,0,183010157,3,0.1,112.328,0.0,0.0,0.0,0.0,AUDJPY,OV2|378c31|H1|S,
187072543,183010165,2026-05-05T08:31:56+00:00,1777969916025,1,0,0,183010165,3,0.1,112.324,0.0,0.0,0.0,0.0,AUDJPY,OV2|05961b|M15|S,
187072554,183010173,2026-05-05T08:31:58+00:00,1777969918077,0,0,0,183010173,3,0.1,81030.57,0.0,0.0,0.0,0.0,BTCUSD,OV2|560d6f|M5|B,
187072643,183010233,2026-05-05T08:32:00+00:00,1777969920624,0,0,0,183010233,3,0.1,81030.15,0.0,0.0,0.0,0.0,BTCUSD,OV2|56e276|H1|B,
187072882,183010394,2026-05-05T08:32:32+00:00,1777969952842,1,1,0,183010173,4,0.1,81010.59,0.0,0.0,-2.0,0.0,BTCUSD,[sl 81014.07],
187072883,183010395,2026-05-05T08:32:32+00:00,1777969952842,1,1,0,183010233,4,0.1,81010.59,0.0,0.0,-1.96,0.0,BTCUSD,[sl 81013.65],
187073217,183010620,2026-05-05T08:33:26+00:00,1777970006906,0,0,0,183010620,3,0.1,81056.11,0.0,0.0,0.0,0.0,BTCUSD,OV2|d82d79|M5|B,
187073231,183010629,2026-05-05T08:33:29+00:00,1777970009374,0,0,0,183010629,3,0.1,81055.54,0.0,0.0,0.0,0.0,BTCUSD,OV2|5b9fc2|H1|B,
187075122,183011880,2026-05-05T08:34:59+00:00,1777970099110,0,1,0,183000457,4,0.1,0.58656,0.0,0.0,-7.8,0.0,NZDUSD,[sl 0.58656],
187075123,183011881,2026-05-05T08:34:59+00:00,1777970099110,0,1,0,183000465,4,0.1,0.58656,0.0,0.0,-7.8,0.0,NZDUSD,[sl 0.58656],
187076961,183013039,2026-05-05T08:35:35+00:00,1777970135704,0,1,0,183001197,4,0.1,200.556,0.0,0.0,-6.02,0.0,CHFJPY,[sl 200.553],
187076962,183013040,2026-05-05T08:35:35+00:00,1777970135705,0,1,0,183001201,4,0.1,200.556,0.0,0.0,-5.89,0.0,CHFJPY,[sl 200.556],
187078336,183014374,2026-05-05T08:38:22+00:00,1777970302013,1,0,0,183014374,3,0.1,200.525,0.0,0.0,0.0,0.0,CHFJPY,OV2|6411c5|H1|S,
187078341,183014394,2026-05-05T08:38:25+00:00,1777970305019,1,0,0,183014394,3,0.1,200.527,0.0,0.0,0.0,0.0,CHFJPY,OV2|008cc6|M15|S,
187078353,183014428,2026-05-05T08:38:30+00:00,1777970310572,1,0,0,183014428,3,0.1,0.58674,0.0,0.0,0.0,0.0,NZDUSD,OV2|ff44cc|H1|S,
187078362,183014446,2026-05-05T08:38:33+00:00,1777970313016,1,0,0,183014446,3,0.1,0.58673,0.0,0.0,0.0,0.0,NZDUSD,OV2|27166c|M15|S,
187081391,183017521,2026-05-05T08:44:49+00:00,1777970689436,1,1,0,183010629,4,0.1,81038.07,0.0,0.0,-1.75,0.0,BTCUSD,[sl 81039.04],
187081395,183017528,2026-05-05T08:44:52+00:00,1777970692535,1,1,0,183010620,4,0.1,81035.24,0.0,0.0,-2.09,0.0,BTCUSD,[sl 81035.87],
187081764,183017789,2026-05-05T08:45:40+00:00,1777970740757,0,0,0,183017789,3,0.1,81008.66,0.0,0.0,0.0,0.0,BTCUSD,OV2|237ca1|M5|B,
187081776,183017797,2026-05-05T08:45:43+00:00,1777970743175,0,0,0,183017797,3,0.1,81008.77,0.0,0.0,0.0,0.0,BTCUSD,OV2|f13dc2|H1|B,
187081789,183017805,2026-05-05T08:45:46+00:00,1777970746223,1,1,0,183017789,4,0.1,80989.38,0.0,0.0,-1.9300000000000002,0.0,BTCUSD,[sl 80990.16],
187081790,183017806,2026-05-05T08:45:47+00:00,1777970747167,1,1,0,183017797,4,0.1,80988.79,0.0,0.0,-2.0,0.0,BTCUSD,[sl 80988.91],
187082251,183018141,2026-05-05T08:47:26+00:00,1777970846147,0,0,0,183018141,3,0.1,2380.216,0.0,0.0,0.0,0.0,ETHUSD,OV2|75ede5|H1|B,
187082257,183018145,2026-05-05T08:47:28+00:00,1777970848918,0,0,0,183018145,3,0.1,2380.108,0.0,0.0,0.0,0.0,ETHUSD,OV2|7d4301|M15|B,
187082312,183018194,2026-05-05T08:47:42+00:00,1777970862961,1,1,0,183018141,4,0.1,2378.56,0.0,0.0,-0.17,0.0,ETHUSD,[sl 2378.716],
187082313,183018195,2026-05-05T08:47:42+00:00,1777970862962,1,1,0,183018145,4,0.1,2378.56,0.0,0.0,-0.15,0.0,ETHUSD,[sl 2378.608],
187082570,183018384,2026-05-05T08:48:46+00:00,1777970926315,0,0,0,183018384,3,0.1,80956.65,0.0,0.0,0.0,0.0,BTCUSD,OV2|307cc7|H1|B,
187082580,183018392,2026-05-05T08:48:49+00:00,1777970929961,0,0,0,183018392,3,0.1,80957.13,0.0,0.0,0.0,0.0,BTCUSD,OV2|ad228c|H4|B,
187082609,183018415,2026-05-05T08:48:57+00:00,1777970937778,1,1,0,183018384,4,0.1,80936.4,0.0,0.0,-2.03,0.0,BTCUSD,[sl 80938.15],
187082610,183018416,2026-05-05T08:48:57+00:00,1777970937779,1,1,0,183018392,4,0.1,80936.4,0.0,0.0,-2.07,0.0,BTCUSD,[sl 80938.63],
187082633,183018441,2026-05-05T08:49:20+00:00,1777970960411,0,0,0,183018441,3,0.1,80956.2,0.0,0.0,0.0,0.0,BTCUSD,OV2|6101d0|M5|B,
187082656,183018455,2026-05-05T08:49:23+00:00,1777970963791,0,0,0,183018455,3,0.1,80970.13,0.0,0.0,0.0,0.0,BTCUSD,OV2|64d79f|H1|B,
187082708,183018490,2026-05-05T08:49:28+00:00,1777970968665,1,1,0,183018455,4,0.1,80947.54,0.0,0.0,-2.26,0.0,BTCUSD,[sl 80950.87],
187083153,183018847,2026-05-05T08:50:55+00:00,1777971055533,0,0,0,183018847,3,0.1,81031.45,0.0,0.0,0.0,0.0,BTCUSD,OV2|479d28|M5|B,
187083370,183019015,2026-05-05T08:52:02+00:00,1777971122921,1,1,0,183018847,4,0.1,81009.07,0.0,0.0,-2.24,0.0,BTCUSD,[sl 81014.95],
187083436,183019063,2026-05-05T08:52:24+00:00,1777971144459,0,0,0,183019063,3,0.1,81013.13,0.0,0.0,0.0,0.0,BTCUSD,OV2|d140eb|M5|B,
187083457,183019077,2026-05-05T08:52:31+00:00,1777971151702,1,1,0,183019063,4,0.1,80992.98,0.0,0.0,-2.02,0.0,BTCUSD,[sl 80996.63],
187083808,183019333,2026-05-05T08:53:56+00:00,1777971236807,0,0,0,183019333,3,0.1,80995.78,0.0,0.0,0.0,0.0,BTCUSD,OV2|c26d2d|M5|B,
187084740,183020126,2026-05-05T08:56:19+00:00,1777971379121,1,1,0,183019333,4,0.1,80972.68,0.0,0.0,-2.31,0.0,BTCUSD,[sl 80974.87],
187084862,183020226,2026-05-05T08:57:27+00:00,1777971447525,0,0,0,183020226,3,0.1,80981.5,0.0,0.0,0.0,0.0,BTCUSD,OV2|41db2b|M5|B,
187084878,183020240,2026-05-05T08:57:32+00:00,1777971452465,1,1,0,183020226,4,0.1,80963.62,0.0,0.0,-1.79,0.0,BTCUSD,[sl 80965.00],
187085042,183020374,2026-05-05T08:58:50+00:00,1777971530346,0,0,0,183020374,3,0.1,80990.61,0.0,0.0,0.0,0.0,BTCUSD,OV2|d49250|H1|B,
187085135,183020435,2026-05-05T08:59:18+00:00,1777971558004,1,1,0,183020374,4,0.1,80974.06,0.0,0.0,-1.6600000000000001,0.0,BTCUSD,[sl 80974.11],
187086034,183021254,2026-05-05T09:00:34+00:00,1777971634399,0,0,0,183021254,3,0.1,1.40295,0.0,0.0,0.0,0.0,XRPUSD,OV2|c39510|H1|B,
187086057,183021271,2026-05-05T09:00:37+00:00,1777971637397,0,0,0,183021271,3,0.1,1.40285,0.0,0.0,0.0,0.0,XRPUSD,OV2|709316|M15|B,
187087053,183021972,2026-05-05T09:01:31+00:00,1777971691416,0,1,0,183002006,4,0.1,212.68,0.0,0.0,-5.5,0.0,GBPJPY,[sl 212.680],
187087175,183022082,2026-05-05T09:01:52+00:00,1777971712626,1,1,0,183018441,4,0.1,80937.69,0.0,0.0,-1.85,0.0,BTCUSD,[sl 80937.70],
187087911,183022521,2026-05-05T09:02:35+00:00,1777971755911,0,0,0,183022521,3,0.1,80988.63,0.0,0.0,0.0,0.0,BTCUSD,OV2|1c23bb|M5|B,
187088015,183022604,2026-05-05T09:02:55+00:00,1777971775902,1,1,0,183022521,4,0.1,80967.94,0.0,0.0,-2.07,0.0,BTCUSD,[sl 80972.13],
187088200,183022739,2026-05-05T09:04:08+00:00,1777971848965,0,0,0,183022739,3,0.1,80967.25,0.0,0.0,0.0,0.0,BTCUSD,OV2|51e628|M5|B,
187088209,183022748,2026-05-05T09:04:17+00:00,1777971857260,1,1,0,183022739,4,0.1,80945.47,0.0,0.0,-2.18,0.0,BTCUSD,[sl 80948.75],
187089199,183023460,2026-05-05T09:05:40+00:00,1777971940198,0,1,0,183001988,4,0.1,212.683,0.0,0.0,-5.63,0.0,GBPJPY,[sl 212.683],
187089924,183023986,2026-05-05T09:07:37+00:00,1777972057870,0,0,0,183023986,3,0.1,2378.317,0.0,0.0,0.0,0.0,ETHUSD,OV2|7bdb02|H1|B,
187089953,183024007,2026-05-05T09:07:46+00:00,1777972066087,1,1,0,183023986,4,0.1,2376.744,0.0,0.0,-0.16,0.0,ETHUSD,[sl 2376.817],
187090359,183024266,2026-05-05T09:08:37+00:00,1777972117801,0,1,0,183014446,4,0.1,0.58751,0.0,0.0,-7.8,0.0,NZDUSD,[sl 0.58751],
187090405,183024297,2026-05-05T09:08:55+00:00,1777972135638,0,1,0,183014428,4,0.1,0.58752,0.0,0.0,-7.8,0.0,NZDUSD,[sl 0.58752],
187090471,183024345,2026-05-05T09:09:19+00:00,1777972159211,0,0,0,183024345,3,0.1,80940.16,0.0,0.0,0.0,0.0,BTCUSD,OV2|f04adb|M5|B,
187090493,183024360,2026-05-05T09:09:23+00:00,1777972163697,0,1,0,183010157,4,0.1,112.41,0.0,0.0,-5.24,0.0,AUDJPY,[sl 112.410],
187090494,183024361,2026-05-05T09:09:23+00:00,1777972163697,0,1,0,183010165,4,0.1,112.41,0.0,0.0,-5.5,0.0,AUDJPY,[sl 112.409],
187090559,183024405,2026-05-05T09:09:51+00:00,1777972191367,1,1,0,183024345,4,0.1,80923.33,0.0,0.0,-1.6800000000000002,0.0,BTCUSD,[sl 80923.66],
187090899,183024646,2026-05-05T09:11:41+00:00,1777972301546,0,0,0,183024646,3,0.1,0.58737,0.0,0.0,0.0,0.0,NZDUSD,OV2|d9d6a4|H1|B,
187090961,183024695,2026-05-05T09:12:20+00:00,1777972340245,0,0,0,183024695,3,0.1,80913.2,0.0,0.0,0.0,0.0,BTCUSD,OV2|7ce47d|M5|B,
187090998,183024717,2026-05-05T09:12:30+00:00,1777972350363,1,1,0,183024695,4,0.1,80895.97,0.0,0.0,-1.72,0.0,BTCUSD,[sl 80896.65],
187091222,183024888,2026-05-05T09:13:42+00:00,1777972422187,1,0,0,183024888,3,0.1,112.376,0.0,0.0,0.0,0.0,AUDJPY,OV2|27c395|H1|S,
187091334,183024961,2026-05-05T09:14:01+00:00,1777972441384,0,0,0,183024961,3,0.1,80923.82,0.0,0.0,0.0,0.0,BTCUSD,OV2|5b3bbb|M5|B,
187091511,183025095,2026-05-05T09:14:58+00:00,1777972498271,0,1,0,183014374,4,0.1,200.611,0.0,0.0,-5.5,0.0,CHFJPY,[sl 200.611],
187091558,183025151,2026-05-05T09:15:03+00:00,1777972503932,0,1,0,183014394,4,0.1,200.613,0.0,0.0,-5.5,0.0,CHFJPY,[sl 200.613],
187091762,183025303,2026-05-05T09:16:24+00:00,1777972584138,1,1,0,183024961,4,0.1,80907.05,0.0,0.0,-1.6800000000000002,0.0,BTCUSD,[sl 80907.32],
187091841,183025361,2026-05-05T09:16:49+00:00,1777972609250,0,0,0,183025361,3,0.1,200.587,0.0,0.0,0.0,0.0,CHFJPY,OV2|6e152c|H1|B,
187091964,183025450,2026-05-05T09:17:16+00:00,1777972636631,0,0,0,183025450,3,0.1,80903.63,0.0,0.0,0.0,0.0,BTCUSD,OV2|741082|M5|B,
187091994,183025477,2026-05-05T09:17:32+00:00,1777972652633,1,1,0,183025450,4,0.1,80884.1,0.0,0.0,-1.95,0.0,BTCUSD,[sl 80887.13],
187092329,183025704,2026-05-05T09:17:56+00:00,1777972676810,0,0,0,183025704,3,0.1,80899.13,0.0,0.0,0.0,0.0,BTCUSD,OV2|b74c43|H1|B,
187093186,183026283,2026-05-05T09:19:20+00:00,1777972760152,1,1,0,183025704,4,0.1,80881.95,0.0,0.0,-1.72,0.0,BTCUSD,[sl 80882.63],
187094156,183026930,2026-05-05T09:21:33+00:00,1777972893451,0,0,0,183026930,3,0.1,212.68,0.0,0.0,0.0,0.0,GBPJPY,OV2|f7746c|H1|B,
187094296,183027021,2026-05-05T09:21:42+00:00,1777972902674,0,0,0,183027021,3,0.1,80864.13,0.0,0.0,0.0,0.0,BTCUSD,OV2|068ba1|H1|B,
187094509,183027172,2026-05-05T09:22:01+00:00,1777972921472,1,1,0,183027021,4,0.1,80843.66,0.0,0.0,-2.05,0.0,BTCUSD,[sl 80847.63],
187095158,183027648,2026-05-05T09:23:27+00:00,1777973007608,0,0,0,183027648,3,0.1,80851.28,0.0,0.0,0.0,0.0,BTCUSD,OV2|6fe40c|M5|B,
187095213,183027708,2026-05-05T09:23:59+00:00,1777973039702,1,1,0,183027648,4,0.1,80834.48,0.0,0.0,-1.6800000000000002,0.0,BTCUSD,[sl 80834.78],
187095391,183027873,2026-05-05T09:24:26+00:00,1777973066309,1,1,0,183026930,4,0.1,212.594,0.0,0.0,-5.5,0.0,GBPJPY,[sl 212.594],
187095483,183027910,2026-05-05T09:24:27+00:00,1777973067634,0,1,0,182945063,4,0.1,111.71,0.0,0.0,-6.0,0.0,UKOIL+,[sl 111.71],
187095486,183027911,2026-05-05T09:24:27+00:00,1777973067827,0,1,0,182945083,4,0.1,111.75,0.0,0.0,-6.2,0.0,UKOIL+,[sl 111.73],
187095652,183028015,2026-05-05T09:24:32+00:00,1777973072119,1,1,0,183024646,4,0.1,0.5866,0.0,0.0,-7.7,0.0,NZDUSD,[sl 0.58661],
187095973,183028237,2026-05-05T09:24:43+00:00,1777973083139,1,1,0,183025361,4,0.1,200.493,0.0,0.0,-6.02,0.0,CHFJPY,[sl 200.495],
187096638,183028710,2026-05-05T09:26:43+00:00,1777973203122,0,0,0,183028710,3,0.1,80831.33,0.0,0.0,0.0,0.0,BTCUSD,OV2|bbab45|M5|B,
187096669,183028734,2026-05-05T09:26:53+00:00,1777973213319,0,0,0,183028734,3,0.1,200.547,0.0,0.0,0.0,0.0,CHFJPY,OV2|492b66|H1|B,
187096675,183028740,2026-05-05T09:26:56+00:00,1777973216925,1,1,0,183028710,4,0.1,80812.92,0.0,0.0,-1.8399999999999999,0.0,BTCUSD,[sl 80814.83],
187096945,183028903,2026-05-05T09:27:39+00:00,1777973259893,0,0,0,183028903,3,0.1,111.61,0.0,0.0,0.0,0.0,UKOIL+,OV2|a3a0a1|H1|B,
187097135,183029049,2026-05-05T09:28:14+00:00,1777973294749,0,0,0,183029049,3,0.1,80826.02,0.0,0.0,0.0,0.0,BTCUSD,OV2|2731c1|M5|B,
187097164,183029071,2026-05-05T09:28:19+00:00,1777973299981,1,1,0,183029049,4,0.1,80806.8,0.0,0.0,-1.92,0.0,BTCUSD,[sl 80807.52],
187097340,183029227,2026-05-05T09:29:54+00:00,1777973394627,0,0,0,183029227,3,0.1,80820.89,0.0,0.0,0.0,0.0,BTCUSD,OV2|3bbb4d|M5|B,
187097375,183029291,2026-05-05T09:30:00+00:00,1777973400426,1,1,0,183029227,4,0.1,80801.44,0.0,0.0,-1.95,0.0,BTCUSD,[sl 80804.39],
187098791,183030341,2026-05-05T09:32:08+00:00,1777973528169,0,0,0,183030341,3,0.1,0.58724,0.0,0.0,0.0,0.0,NZDUSD,OV2|5a628a|H1|B,
187098910,183030415,2026-05-05T09:32:35+00:00,1777973555772,0,0,0,183030415,3,0.09,23936.6,0.0,0.0,0.0,0.0,GER40,OV2|6c3b4a|H1|B,
187101951,183032669,2026-05-05T09:38:03+00:00,1777973883105,0,0,0,183032669,3,0.1,212.756,0.0,0.0,0.0,0.0,GBPJPY,OV2|01c7ce|H1|B,
187102000,183032704,2026-05-05T09:38:13+00:00,1777973893178,1,1,0,183028734,4,0.1,200.455,0.0,0.0,-5.89,0.0,CHFJPY,[sl 200.455],
187103483,183033781,2026-05-05T09:41:25+00:00,1777974085788,0,0,0,183033781,3,0.1,200.531,0.0,0.0,0.0,0.0,CHFJPY,OV2|87da8a|M15|B,
187103770,183034012,2026-05-05T09:43:17+00:00,1777974197764,1,1,0,183028903,4,0.1,111.01,0.0,0.0,-6.0,0.0,UKOIL+,[sl 111.02],
187104945,183034905,2026-05-05T09:49:08+00:00,1777974548398,0,0,0,183034905,3,0.1,111.27,0.0,0.0,0.0,0.0,UKOIL+,OV2|7d4faa|H1|B,
187107813,183037177,2026-05-05T10:00:00+00:00,1777975200282,1,1,0,183030415,5,0.09,24021.2,0.0,0.0,8.84,0.0,GER40,[tp 24017.49],
187109264,183038418,2026-05-05T10:01:28+00:00,1777975288951,1,0,0,183038418,3,0.1,1.36203,0.0,0.0,0.0,0.0,USDCAD,OV2|023f98|H1|S,
187109385,183038516,2026-05-05T10:01:42+00:00,1777975302469,0,0,0,183038516,3,0.1,1.3538000000000001,0.0,0.0,0.0,0.0,GBPUSD,OV2|e82014|M5|B,
187110610,183039419,2026-05-05T10:03:10+00:00,1777975390224,0,0,0,183039419,3,0.1,24006.5,0.0,0.0,0.0,0.0,GER40,OV2|e34c6e|H1|B,
187110643,183039447,2026-05-05T10:03:16+00:00,1777975396546,1,1,0,183039419,4,0.1,24000.4,0.0,0.0,-0.71,0.0,GER40,[sl 24000.50],
187112154,183040609,2026-05-05T10:07:14+00:00,1777975634500,1,1,0,182881823,4,0.1,157.15,0.0,0.0,-4.61,0.0,USDJPY,[sl 157.154],
187112545,183040902,2026-05-05T10:07:45+00:00,1777975665274,1,1,0,182889361,4,0.1,157.139,0.0,0.0,-4.36,0.0,USDJPY,[sl 157.139],
187112546,183040903,2026-05-05T10:07:45+00:00,1777975665336,0,1,0,182923579,4,0.1,1.16926,0.0,0.0,-6.8,0.0,EURUSD,[sl 1.16926],
187112880,183041159,2026-05-05T10:08:06+00:00,1777975686934,1,0,0,183041159,3,0.1,157.144,0.0,0.0,0.0,0.0,USDJPY,OV2|c18f15|M5|S,
187113246,183041459,2026-05-05T10:09:17+00:00,1777975757762,0,0,0,183041459,3,0.1,24043.5,0.0,0.0,0.0,0.0,GER40,OV2|46522b|H1|B,
187113252,183041468,2026-05-05T10:09:21+00:00,1777975761747,1,1,0,183041459,4,0.1,24036.4,0.0,0.0,-0.83,0.0,GER40,[sl 24038.00],
187114674,183042568,2026-05-05T10:13:49+00:00,1777976029751,0,0,0,183042568,3,0.1,24060.5,0.0,0.0,0.0,0.0,GER40,OV2|aee317|H1|B,
187114873,183042697,2026-05-05T10:14:12+00:00,1777976052911,1,1,0,183042568,4,0.1,24054.4,0.0,0.0,-0.71,0.0,GER40,[sl 24054.50],
187115288,183043040,2026-05-05T10:15:54+00:00,1777976154564,0,0,0,183043040,3,0.1,24061.0,0.0,0.0,0.0,0.0,GER40,OV2|b42133|H1|B,
187115776,183043377,2026-05-05T10:16:36+00:00,1777976196106,1,1,0,183043040,4,0.1,24054.9,0.0,0.0,-0.71,0.0,GER40,[sl 24055.00],
187116076,183043598,2026-05-05T10:17:33+00:00,1777976253285,0,0,0,183043598,3,0.1,81000.22,0.0,0.0,0.0,0.0,BTCUSD,OV2|243b9c|M5|B,
187116122,183043634,2026-05-05T10:17:47+00:00,1777976267127,1,1,0,183043598,4,0.1,80981.85,0.0,0.0,-1.8399999999999999,0.0,BTCUSD,[sl 80983.72],
187116235,183043711,2026-05-05T10:18:02+00:00,1777976282477,0,0,0,183043711,3,0.1,2381.088,0.0,0.0,0.0,0.0,ETHUSD,OV2|edf92f|H1|B,
187116298,183043759,2026-05-05T10:18:35+00:00,1777976315565,1,1,0,183043711,4,0.1,2379.464,0.0,0.0,-0.16,0.0,ETHUSD,[sl 2379.598],
187116384,183043820,2026-05-05T10:19:04+00:00,1777976344943,1,1,0,182956102,4,0.1,0.78359,0.0,0.0,-8.73,0.0,USDCHF,[sl 0.78359],
187116385,183043821,2026-05-05T10:19:04+00:00,1777976344943,1,1,0,182956105,4,0.1,0.78359,0.0,0.0,-8.73,0.0,USDCHF,[sl 0.78359],
187116390,183043824,2026-05-05T10:19:05+00:00,1777976345520,0,0,0,183043824,3,0.1,80974.19,0.0,0.0,0.0,0.0,BTCUSD,OV2|fbfdd1|M5|B,
187117363,183044563,2026-05-05T10:22:12+00:00,1777976532128,0,0,0,183044563,3,0.1,24079.5,0.0,0.0,0.0,0.0,GER40,OV2|ca7763|H1|B,
187117503,183044659,2026-05-05T10:22:48+00:00,1777976568833,1,1,0,183044563,4,0.1,24073.4,0.0,0.0,-0.71,0.0,GER40,[sl 24073.50],
187117625,183044752,2026-05-05T10:23:35+00:00,1777976615733,1,0,0,183044752,3,0.1,0.78354,0.0,0.0,0.0,0.0,USDCHF,OV2|992d4f|H1|S,
187118253,183045222,2026-05-05T10:26:07+00:00,1777976767457,0,1,0,183041159,4,0.1,157.219,0.0,0.0,-4.8,0.0,USDJPY,[sl 157.218],
187118534,183045417,2026-05-05T10:27:01+00:00,1777976821027,1,0,0,183045417,3,0.1,157.206,0.0,0.0,0.0,0.0,USDJPY,OV2|57b448|M5|S,
187119170,183045868,2026-05-05T10:28:58+00:00,1777976938554,0,0,0,183045868,3,0.1,24081.5,0.0,0.0,0.0,0.0,GER40,OV2|2e188b|H1|B,
187119782,183046356,2026-05-05T10:31:12+00:00,1777977072726,0,1,0,183024888,4,0.1,112.455,0.0,0.0,-5.05,0.0,AUDJPY,[sl 112.455],
187120462,183046849,2026-05-05T10:33:35+00:00,1777977215767,1,0,0,183046849,3,0.04,10262.9,0.0,0.0,0.0,0.0,UK100,OV2|4fe9f8|H1|S,
187121086,183047320,2026-05-05T10:35:52+00:00,1777977352562,1,1,0,183034905,4,0.1,110.67,0.0,0.0,-6.0,0.0,UKOIL+,[sl 110.67],
187121858,183047825,2026-05-05T10:36:38+00:00,1777977398329,0,1,0,183046849,4,0.04,10269.0,0.0,0.0,-0.33,0.0,UK100,[sl 10268.90],
187122764,183048429,2026-05-05T10:36:49+00:00,1777977409632,0,1,0,182870838,4,0.1,1.16951,0.0,0.35,-6.8,0.0,EURUSD,[sl 1.16951],
187125195,183050135,2026-05-05T10:39:22+00:00,1777977562592,1,1,0,183045868,5,0.1,24200.9,0.0,0.0,13.88,0.0,GER40,[tp 24199.82],
187127828,183052111,2026-05-05T10:46:25+00:00,1777977985061,1,1,0,183043824,4,0.1,80947.87,0.0,0.0,-2.63,0.0,BTCUSD,[sl 80957.69],
187129114,183052959,2026-05-05T10:47:39+00:00,1777978059300,0,0,0,183052959,3,0.1,80912.37,0.0,0.0,0.0,0.0,BTCUSD,OV2|93166d|H1|B,
187130917,183054391,2026-05-05T10:51:39+00:00,1777978299143,0,0,0,183054391,3,0.1,24143.5,0.0,0.0,0.0,0.0,GER40,OV2|36e3b5|H1|B,
187131470,183054789,2026-05-05T10:53:38+00:00,1777978418245,1,1,0,183052959,4,0.1,80895.62,0.0,0.0,-1.6800000000000002,0.0,BTCUSD,[sl 80895.87],
187131574,183054865,2026-05-05T10:54:23+00:00,1777978463681,0,0,0,183054865,3,0.1,80902.02,0.0,0.0,0.0,0.0,BTCUSD,OV2|4b806d|M5|B,
187131659,183054933,2026-05-05T10:54:48+00:00,1777978488999,1,1,0,183054865,4,0.1,80884.02,0.0,0.0,-1.8,0.0,BTCUSD,[sl 80885.52],
187131716,183054991,2026-05-05T10:55:02+00:00,1777978502293,1,1,0,183054391,4,0.1,24136.4,0.0,0.0,-0.83,0.0,GER40,[sl 24137.00],
187132040,183055228,2026-05-05T10:55:54+00:00,1777978554646,0,0,0,183055228,3,0.1,80862.3,0.0,0.0,0.0,0.0,BTCUSD,OV2|99e887|M5|B,
187132452,183055568,2026-05-05T10:56:48+00:00,1777978608527,1,1,0,183055228,4,0.1,80845.4,0.0,0.0,-1.69,0.0,BTCUSD,[sl 80845.80],
187132710,183055809,2026-05-05T10:57:07+00:00,1777978627723,0,0,0,183055809,3,0.1,80837.93,0.0,0.0,0.0,0.0,BTCUSD,OV2|259058|H1|B,
187133085,183056041,2026-05-05T10:57:37+00:00,1777978657749,1,0,0,183056041,3,0.04,10257.7,0.0,0.0,0.0,0.0,UK100,OV2|5a26b4|H1|S,
187133097,183056050,2026-05-05T10:57:45+00:00,1777978665532,1,1,0,183055809,4,0.1,80821.11,0.0,0.0,-1.6800000000000002,0.0,BTCUSD,[sl 80821.43],
187133253,183056209,2026-05-05T10:58:46+00:00,1777978726225,0,0,0,183056209,3,0.1,2380.443,0.0,0.0,0.0,0.0,ETHUSD,OV2|7fe943|H1|B,
187133812,183056813,2026-05-05T11:00:41+00:00,1777978841827,0,1,0,183056041,4,0.04,10264.0,0.0,0.0,-0.34,0.0,UK100,[sl 10263.70],
187134115,183057057,2026-05-05T11:01:52+00:00,1777978912038,1,0,0,183057057,3,0.04,10264.4,0.0,0.0,0.0,0.0,UK100,OV2|a54842|H1|S,
187134252,183057163,2026-05-05T11:02:51+00:00,1777978971696,0,1,0,183057057,4,0.04,10270.8,0.0,0.0,-0.35,0.0,UK100,[sl 10270.40],
187134845,183057625,2026-05-05T11:04:31+00:00,1777979071620,0,1,0,182952621,4,0.1,183.838,0.0,0.0,-5.37,0.0,EURJPY,[sl 183.838],
187134846,183057626,2026-05-05T11:04:31+00:00,1777979071620,0,1,0,182952633,4,0.1,183.838,0.0,0.0,-5.37,0.0,EURJPY,[sl 183.838],
187136502,183058755,2026-05-05T11:06:40+00:00,1777979200705,1,1,0,183033781,5,0.1,200.809,0.0,0.0,17.57,0.0,CHFJPY,[tp 200.807],
187136920,183059059,2026-05-05T11:08:36+00:00,1777979316458,0,0,0,183059059,3,0.1,24156.0,0.0,0.0,0.0,0.0,GER40,OV2|1d465b|H1|B,
187137831,183059803,2026-05-05T11:12:24+00:00,1777979544494,0,0,0,183059803,3,0.1,183.883,0.0,0.0,0.0,0.0,EURJPY,OV2|073e75|H1|B,
187138908,183060632,2026-05-05T11:14:10+00:00,1777979650783,0,1,0,183045417,4,0.1,157.279,0.0,0.0,-4.67,0.0,USDJPY,[sl 157.278],
187139993,183061502,2026-05-05T11:18:07+00:00,1777979887924,1,1,0,183056209,4,0.1,2378.835,0.0,0.0,-0.16,0.0,ETHUSD,[sl 2378.943],
187140014,183061515,2026-05-05T11:18:14+00:00,1777979894092,0,0,0,183061515,3,0.1,200.872,0.0,0.0,0.0,0.0,CHFJPY,OV2|dcb118|H1|B,
187140026,183061528,2026-05-05T11:18:16+00:00,1777979896828,0,0,0,183061528,3,0.1,157.279,0.0,0.0,0.0,0.0,USDJPY,OV2|cec00f|M5|B,
187140051,183061544,2026-05-05T11:18:22+00:00,1777979902321,0,0,0,183061544,3,0.1,2379.581,0.0,0.0,0.0,0.0,ETHUSD,OV2|883acf|H1|B,
187140087,183061570,2026-05-05T11:18:37+00:00,1777979917089,1,1,0,183061544,4,0.1,2377.921,0.0,0.0,-0.17,0.0,ETHUSD,[sl 2378.081],
187140401,183061790,2026-05-05T11:19:15+00:00,1777979955125,0,0,0,183061790,3,0.1,112.621,0.0,0.0,0.0,0.0,AUDJPY,OV2|e8b62a|H1|B,
187140742,183062026,2026-05-05T11:21:59+00:00,1777980119728,0,0,0,183062026,3,0.1,2379.837,0.0,0.0,0.0,0.0,ETHUSD,OV2|c52bf9|H1|B,
187143092,183063817,2026-05-05T11:28:15+00:00,1777980495492,1,1,0,183032669,5,0.1,213.088,0.0,0.0,20.98,0.0,GBPJPY,[tp 213.087],
187143202,183063891,2026-05-05T11:29:01+00:00,1777980541378,1,1,0,183062026,4,0.1,2378.06,0.0,0.0,-0.18,0.0,ETHUSD,[sl 2378.337],
187145825,183065950,2026-05-05T11:36:54+00:00,1777981014523,1,1,0,183059803,4,0.1,183.809,0.0,0.0,-4.74,0.0,EURJPY,[sl 183.809],
187146030,183066107,2026-05-05T11:38:17+00:00,1777981097209,1,1,0,183061790,4,0.1,112.541,0.0,0.0,-5.12,0.0,AUDJPY,[sl 112.541],
187146826,183066659,2026-05-05T11:39:56+00:00,1777981196718,1,1,0,183061515,4,0.1,200.779,0.0,0.0,-5.95,0.0,CHFJPY,[sl 200.780],
187147189,183066921,2026-05-05T11:41:47+00:00,1777981307133,0,0,0,183066921,3,0.1,212.917,0.0,0.0,0.0,0.0,GBPJPY,OV2|64877e|H1|B,
187147292,183066991,2026-05-05T11:42:19+00:00,1777981339307,0,0,0,183066991,3,0.1,112.579,0.0,0.0,0.0,0.0,AUDJPY,OV2|417ed6|H1|B,
187147394,183067069,2026-05-05T11:43:11+00:00,1777981391695,0,0,0,183067069,3,0.1,200.782,0.0,0.0,0.0,0.0,CHFJPY,OV2|db1098|H1|B,
187147529,183067167,2026-05-05T11:43:50+00:00,1777981430165,0,0,0,183067167,3,0.1,183.803,0.0,0.0,0.0,0.0,EURJPY,OV2|1b629c|H1|B,
187153640,183071884,2026-05-05T12:00:11+00:00,1777982411722,1,1,0,183066921,5,0.1,213.204,0.0,0.0,18.12,0.0,GBPJPY,[tp 213.175],
187153641,183071889,2026-05-05T12:00:11+00:00,1777982411729,1,1,0,183067167,5,0.1,184.027,0.0,0.0,14.14,0.0,EURJPY,[tp 184.013],
187153654,183071899,2026-05-05T12:00:11+00:00,1777982411863,1,1,0,183061528,5,0.1,157.494,0.0,0.0,13.57,0.0,USDJPY,[tp 157.483],
187153725,183071994,2026-05-05T12:00:12+00:00,1777982412110,1,1,0,182959708,5,0.1,115.792,0.0,0.0,22.2,0.0,CADJPY,[tp 115.698],
187153764,183072012,2026-05-05T12:00:12+00:00,1777982412185,1,1,0,183066991,5,0.1,112.823,0.0,0.0,15.39,0.0,AUDJPY,[tp 112.819],
187153884,183072107,2026-05-05T12:00:12+00:00,1777982412548,1,1,0,183067069,5,0.1,201.107,0.0,0.0,20.48,0.0,CHFJPY,[tp 201.058],
187155292,183072993,2026-05-05T12:01:00+00:00,1777982460811,0,0,0,183072993,3,0.1,157.505,0.0,0.0,0.0,0.0,USDJPY,OV2|fe95ad|H1|B,
187155401,183073093,2026-05-05T12:01:12+00:00,1777982472131,1,1,0,183072993,4,0.1,157.426,0.0,0.0,-5.05,0.0,USDJPY,[sl 157.431],
187155747,183073330,2026-05-05T12:01:59+00:00,1777982519745,0,0,0,183073330,3,0.1,115.638,0.0,0.0,0.0,0.0,CADJPY,OV2|c5ba62|H1|B,
187155881,183073433,2026-05-05T12:02:39+00:00,1777982559002,0,0,0,183073433,3,0.1,200.931,0.0,0.0,0.0,0.0,CHFJPY,OV2|1b451d|H1|B,
187155978,183073514,2026-05-05T12:03:05+00:00,1777982585081,0,0,0,183073514,3,0.1,157.399,0.0,0.0,0.0,0.0,USDJPY,OV2|7ef9ce|M5|B,
187156169,183073647,2026-05-05T12:04:03+00:00,1777982643596,0,0,0,183073647,3,0.1,184.003,0.0,0.0,0.0,0.0,EURJPY,OV2|3171e9|H1|B,
187157786,183074803,2026-05-05T12:08:32+00:00,1777982912051,0,0,0,183074803,3,0.09,213.211,0.0,0.0,0.0,0.0,GBPJPY,OV2|8372d2|H1|B,
187159109,183075944,2026-05-05T12:12:34+00:00,1777983154609,0,0,0,183075944,3,0.1,112.727,0.0,0.0,0.0,0.0,AUDJPY,OV2|9423de|H1|B,
187160349,183076893,2026-05-05T12:17:31+00:00,1777983451593,1,0,0,183076893,3,0.04,10262.4,0.0,0.0,0.0,0.0,UK100,OV2|d7612a|H1|S,
187162335,183078295,2026-05-05T12:22:26+00:00,1777983746568,1,1,0,183073514,5,0.1,157.66,0.0,0.0,16.45,0.0,USDJPY,[tp 157.657],
187162693,183078572,2026-05-05T12:23:39+00:00,1777983819047,0,0,0,183078572,3,0.1,157.598,0.0,0.0,0.0,0.0,USDJPY,OV2|044b2f|H1|B,
187163316,183078989,2026-05-05T12:27:52+00:00,1777984072011,0,1,0,183076893,4,0.04,10268.5,0.0,0.0,-0.32,0.0,UK100,[sl 10268.40],
187163443,183079082,2026-05-05T12:29:03+00:00,1777984143181,1,0,0,183079082,3,0.04,10269.4,0.0,0.0,0.0,0.0,UK100,OV2|56131e|H1|S,
187164963,183080094,2026-05-05T12:30:44+00:00,1777984244679,1,1,0,183078572,4,0.1,157.477,0.0,0.0,-7.73,0.0,USDJPY,[sl 157.482],
187165054,183080145,2026-05-05T12:30:46+00:00,1777984246619,1,1,0,183075944,4,0.1,112.647,0.0,0.0,-5.11,0.0,AUDJPY,[sl 112.648],
187165210,183080274,2026-05-05T12:30:52+00:00,1777984252055,1,1,0,183073330,4,0.1,115.554,0.0,0.0,-5.37,0.0,CADJPY,[sl 115.556],
187165228,183080284,2026-05-05T12:30:52+00:00,1777984252445,1,1,0,183073433,4,0.1,200.818,0.0,0.0,-7.22,0.0,CHFJPY,[sl 200.820],
187165229,183080285,2026-05-05T12:30:52+00:00,1777984252446,1,1,0,183074803,4,0.09,213.047,0.0,0.0,-9.44,0.0,GBPJPY,[sl 213.061],
187165234,183080292,2026-05-05T12:30:52+00:00,1777984252488,1,1,0,183073647,4,0.1,183.874,0.0,0.0,-8.25,0.0,EURJPY,[sl 183.901],
187165817,183080738,2026-05-05T12:30:57+00:00,1777984257125,0,0,0,183080738,3,0.07,183.762,0.0,0.0,0.0,0.0,EURJPY,OV2|107f90|H1|B,
187166381,183081049,2026-05-05T12:31:06+00:00,1777984266055,0,0,0,183081049,3,0.09,200.861,0.0,0.0,0.0,0.0,CHFJPY,OV2|2d8b7f|H1|B,
187166680,183081248,2026-05-05T12:31:39+00:00,1777984299504,0,0,0,183081248,3,0.1,115.627,0.0,0.0,0.0,0.0,CADJPY,OV2|f4fc94|H1|B,
187168050,183082031,2026-05-05T12:32:59+00:00,1777984379383,0,0,0,183082031,3,0.09,213.267,0.0,0.0,0.0,0.0,GBPJPY,OV2|c0fafb|H1|B,
187168124,183082085,2026-05-05T12:33:14+00:00,1777984394669,0,0,0,183082085,3,0.08,157.477,0.0,0.0,0.0,0.0,USDJPY,OV2|8a6108|M5|B,
187168265,183082186,2026-05-05T12:34:16+00:00,1777984456249,0,0,0,183082186,3,0.1,112.723,0.0,0.0,0.0,0.0,AUDJPY,OV2|353853|H1|B,
187184027,183093625,2026-05-05T13:34:26+00:00,1777988066354,1,1,0,183059059,5,0.1,24286.4,0.0,0.0,15.16,0.0,GER40,[tp 24285.65],
187185057,183094309,2026-05-05T13:34:36+00:00,1777988076583,0,1,0,183079082,4,0.04,10275.5,0.0,0.0,-0.33,0.0,UK100,[sl 10275.40],
187187140,183095881,2026-05-05T13:39:02+00:00,1777988342723,0,0,0,183095881,3,0.1,24289.5,0.0,0.0,0.0,0.0,GER40,OV2|53de01|H1|B,
187187203,183095951,2026-05-05T13:39:38+00:00,1777988378755,1,1,0,183095881,4,0.1,24281.9,0.0,0.0,-0.9,0.0,GER40,[sl 24283.50],
187188086,183096593,2026-05-05T13:41:57+00:00,1777988517198,1,0,0,183096593,3,0.04,10254.9,0.0,0.0,0.0,0.0,UK100,OV2|dd498b|H1|S,
187189560,183097584,2026-05-05T13:44:07+00:00,1777988647530,0,0,0,183097584,3,0.1,24265.5,0.0,0.0,0.0,0.0,GER40,OV2|bb791d|H1|B,
187190211,183098094,2026-05-05T13:45:01+00:00,1777988701382,1,1,0,183097584,4,0.1,24258.9,0.0,0.0,-0.77,0.0,GER40,[sl 24259.00],
187191548,183099058,2026-05-05T13:48:25+00:00,1777988905294,0,0,0,183099058,3,0.1,24267.5,0.0,0.0,0.0,0.0,GER40,OV2|5f0cd3|H1|B,
187197088,183103114,2026-05-05T14:00:44+00:00,1777989644840,1,0,0,183103114,3,0.05,4541.54,0.0,0.0,0.0,0.0,XAUUSD,OV2|38e864|H1|S,
187197438,183103379,2026-05-05T14:01:00+00:00,1777989660413,0,0,0,183103379,3,0.1,80811.77,0.0,0.0,0.0,0.0,BTCUSD,OV2|277a7a|H1|B,
187199515,183104954,2026-05-05T14:05:23+00:00,1777989923214,0,1,0,183103114,4,0.05,4544.25,0.0,0.0,-13.55,0.0,XAUUSD,[sl 4544.11],
187208158,183111184,2026-05-05T14:16:45+00:00,1777990605836,1,0,0,183111184,3,0.1,1.1684,0.0,0.0,0.0,0.0,EURUSD,OV2|6b0844|M5|S,
187208402,183111374,2026-05-05T14:17:08+00:00,1777990628816,1,1,0,183099058,4,0.1,24261.4,0.0,0.0,-0.71,0.0,GER40,[sl 24261.50],
187209360,183112058,2026-05-05T14:19:14+00:00,1777990754559,0,0,0,183112058,3,0.1,24268.5,0.0,0.0,0.0,0.0,GER40,OV2|175d0e|H1|B,
187210335,183112833,2026-05-05T14:21:43+00:00,1777990903701,1,1,0,183038516,4,0.1,1.35312,0.0,0.0,-6.8,0.0,GBPUSD,[sl 1.35312],
187212255,183114228,2026-05-05T14:24:46+00:00,1777991086129,0,1,0,183111184,4,0.1,1.16907,0.0,0.0,-6.7,0.0,EURUSD,[sl 1.16907],
187213372,183115094,2026-05-05T14:28:27+00:00,1777991307754,0,0,0,183115094,3,0.1,0.71713,0.0,0.0,0.0,0.0,AUDUSD,OV2|9c7119|H1|B,
187217605,183118226,2026-05-05T14:35:59+00:00,1777991759609,1,1,0,183080738,5,0.07,184.386,0.0,0.0,27.53,0.0,EURJPY,[tp 184.386],
187219454,183119606,2026-05-05T14:38:56+00:00,1777991936025,0,0,0,183119606,3,0.1,184.377,0.0,0.0,0.0,0.0,EURJPY,OV2|a80128|H1|B,
187224714,183123116,2026-05-05T14:45:26+00:00,1777992326329,1,1,0,183082186,5,0.1,113.119,0.0,0.0,24.96,0.0,AUDJPY,[tp 113.119],
187228518,183125817,2026-05-05T14:51:59+00:00,1777992719493,0,0,0,183125817,3,0.1,113.142,0.0,0.0,0.0,0.0,AUDJPY,OV2|ee78bb|H1|B,
187230744,183127643,2026-05-05T15:00:17+00:00,1777993217196,0,1,0,183096593,5,0.04,10221.3,0.0,0.0,1.8,0.0,UK100,[tp 10221.40],
187232881,183129127,2026-05-05T15:02:49+00:00,1777993369721,1,0,0,183129127,3,0.04,10214.4,0.0,0.0,0.0,0.0,UK100,OV2|503aa0|H1|S,
187234865,183130510,2026-05-05T15:04:34+00:00,1777993474377,0,1,0,183044752,4,0.1,0.78422,0.0,0.0,-8.72,0.0,USDCHF,[sl 0.78422],
187235680,183131187,2026-05-05T15:06:32+00:00,1777993592186,0,1,0,183129127,4,0.04,10221.0,0.0,0.0,-0.35,0.0,UK100,[sl 10220.40],
187237695,183132519,2026-05-05T15:07:10+00:00,1777993630963,0,0,0,183132519,3,0.1,0.7842,0.0,0.0,0.0,0.0,USDCHF,OV2|8017a0|H1|B,
187241843,183135452,2026-05-05T15:11:52+00:00,1777993912687,1,1,0,183119606,4,0.1,184.303,0.0,0.0,-4.72,0.0,EURJPY,[sl 184.303],
187243021,183136161,2026-05-05T15:12:32+00:00,1777993952918,1,0,0,183136161,3,0.04,10228.4,0.0,0.0,0.0,0.0,UK100,OV2|6c6087|H1|S,
187243634,183136624,2026-05-05T15:13:21+00:00,1777994001993,1,1,0,183132519,4,0.1,0.78352,0.0,0.0,-8.73,0.0,USDCHF,[sl 0.78352],
187244567,183137365,2026-05-05T15:15:09+00:00,1777994109934,1,1,0,183112058,5,0.1,24370.4,0.0,0.0,11.84,0.0,GER40,[tp 24369.57],
187245809,183138282,2026-05-05T15:17:22+00:00,1777994242906,0,0,0,183138282,3,0.1,0.78367,0.0,0.0,0.0,0.0,USDCHF,OV2|655f1e|H1|B,
187246245,183138617,2026-05-05T15:18:07+00:00,1777994287086,0,0,0,183138617,3,0.1,184.476,0.0,0.0,0.0,0.0,EURJPY,OV2|315c90|H1|B,
187246766,183139053,2026-05-05T15:19:25+00:00,1777994365293,0,0,0,183139053,3,0.1,24375.0,0.0,0.0,0.0,0.0,GER40,OV2|412cf2|H1|B,
187246855,183139120,2026-05-05T15:19:48+00:00,1777994388387,1,1,0,183139053,4,0.1,24368.9,0.0,0.0,-0.71,0.0,GER40,[sl 24369.00],
187251572,183142473,2026-05-05T15:24:25+00:00,1777994665657,0,1,0,183136161,4,0.04,10234.8,0.0,0.0,-0.35,0.0,UK100,[sl 10234.40],
187252461,183143039,2026-05-05T15:24:41+00:00,1777994681393,1,0,0,183143039,3,0.04,10231.9,0.0,0.0,0.0,0.0,UK100,OV2|dbcf87|H1|S,
187253834,183143921,2026-05-05T15:25:17+00:00,1777994717353,1,1,0,183138617,4,0.1,184.402,0.0,0.0,-4.72,0.0,EURJPY,[sl 184.402],
187253923,183143962,2026-05-05T15:25:18+00:00,1777994718122,1,1,0,183103379,5,0.1,81182.23,0.0,0.0,37.05,0.0,BTCUSD,[tp 81176.22],
187254264,183144167,2026-05-05T15:25:28+00:00,1777994728676,0,0,0,183144167,3,0.1,81161.2,0.0,0.0,0.0,0.0,BTCUSD,OV2|846fce|M5|B,
187255048,183144670,2026-05-05T15:26:16+00:00,1777994776072,0,1,0,183143039,4,0.04,10238.0,0.0,0.0,-0.33,0.0,UK100,[sl 10237.90],
187258471,183147211,2026-05-05T15:31:19+00:00,1777995079138,0,0,0,183147211,3,0.1,184.47,0.0,0.0,0.0,0.0,EURJPY,OV2|0ef291|H1|B,
187260386,183148887,2026-05-05T15:34:59+00:00,1777995299328,1,0,0,183148887,3,0.04,10232.4,0.0,0.0,0.0,0.0,UK100,OV2|155669|H1|S,
187263434,183151838,2026-05-05T15:42:59+00:00,1777995779797,0,0,0,183151838,3,0.1,24325.0,0.0,0.0,0.0,0.0,GER40,OV2|d624e6|H1|B,
187263916,183152267,2026-05-05T15:45:46+00:00,1777995946109,1,1,0,183151838,4,0.1,24318.9,0.0,0.0,-0.71,0.0,GER40,[sl 24319.00],
187264416,183152878,2026-05-05T15:46:46+00:00,1777996006073,0,0,0,183152878,3,0.1,24320.5,0.0,0.0,0.0,0.0,GER40,OV2|e147d6|H1|B,
187264676,183153130,2026-05-05T15:47:01+00:00,1777996021884,1,1,0,183152878,4,0.1,24313.9,0.0,0.0,-0.77,0.0,GER40,[sl 24314.50],
187265173,183153465,2026-05-05T15:48:28+00:00,1777996108259,0,1,0,183038418,4,0.1,1.36273,0.0,0.0,-5.17,0.0,USDCAD,[sl 1.36273],
187267515,183155070,2026-05-05T15:51:58+00:00,1777996318893,0,0,0,183155070,3,0.1,24308.0,0.0,0.0,0.0,0.0,GER40,OV2|b6b70d|H1|B,
187267794,183155597,2026-05-05T15:53:00+00:00,1777996380363,1,1,0,183155070,4,0.1,24301.4,0.0,0.0,-0.77,0.0,GER40,[sl 24301.50],
187277725,183163660,2026-05-05T16:06:52+00:00,1777997212761,0,0,0,183163660,3,0.1,24346.5,0.0,0.0,0.0,0.0,GER40,OV2|8b0bf1|H1|B,
187277871,183163776,2026-05-05T16:07:15+00:00,1777997235633,1,1,0,183163660,4,0.1,24340.4,0.0,0.0,-0.71,0.0,GER40,[sl 24340.50],
187278322,183164353,2026-05-05T16:08:05+00:00,1777997285532,1,1,0,183138282,4,0.1,0.78299,0.0,0.0,-8.73,0.0,USDCHF,[sl 0.78299],
187278574,183164612,2026-05-05T16:08:32+00:00,1777997312819,0,1,0,182892090,5,0.1,99.95,0.0,0.0,20.2,0.0,USOIL+,[tp 99.97],
187278575,183164613,2026-05-05T16:08:32+00:00,1777997312820,0,1,0,182892096,5,0.1,99.95,0.0,0.0,20.2,0.0,USOIL+,[tp 99.97],
187279091,183164976,2026-05-05T16:08:47+00:00,1777997327364,1,0,0,183164976,3,0.1,0.78282,0.0,0.0,0.0,0.0,USDCHF,OV2|039dd3|H1|S,
187282807,183167558,2026-05-05T16:11:03+00:00,1777997463811,1,0,0,183167558,3,0.1,99.97,0.0,0.0,0.0,0.0,USOIL+,OV2|3213ee|H1|S,
187283323,183167933,2026-05-05T16:12:01+00:00,1777997521624,0,0,0,183167933,3,0.1,24357.5,0.0,0.0,0.0,0.0,GER40,OV2|fa181b|H1|B,
187286583,183170450,2026-05-05T16:16:01+00:00,1777997761051,1,1,0,183167933,4,0.1,24351.4,0.0,0.0,-0.71,0.0,GER40,[sl 24351.50],
187287096,183171086,2026-05-05T16:16:59+00:00,1777997819340,0,0,0,183171086,3,0.1,24356.5,0.0,0.0,0.0,0.0,GER40,OV2|a458c5|H1|B,
187291233,183174416,2026-05-05T16:21:02+00:00,1777998062794,1,1,0,183144167,5,0.1,81684.23,0.0,0.0,52.3,0.0,BTCUSD,[tp 81683.48],
187291369,183174549,2026-05-05T16:21:09+00:00,1777998069869,1,1,0,183171086,4,0.1,24350.4,0.0,0.0,-0.71,0.0,GER40,[sl 24350.50],
187291482,183174654,2026-05-05T16:21:18+00:00,1777998078187,0,0,0,183174654,3,0.1,2397.964,0.0,0.0,0.0,0.0,ETHUSD,OV2|22a520|H1|B,
187291535,183174726,2026-05-05T16:21:25+00:00,1777998085004,1,1,0,183174654,4,0.1,2396.455,0.0,0.0,-0.15,0.0,ETHUSD,[sl 2396.464],
187291608,183174848,2026-05-05T16:21:40+00:00,1777998100629,0,0,0,183174848,3,0.1,81686.48,0.0,0.0,0.0,0.0,BTCUSD,OV2|e73fc2|M5|B,
187291618,183174859,2026-05-05T16:21:44+00:00,1777998104348,1,1,0,183174848,4,0.1,81669.35,0.0,0.0,-1.71,0.0,BTCUSD,[sl 81669.98],
187292483,183175658,2026-05-05T16:23:26+00:00,1777998206815,0,0,0,183175658,3,0.1,81605.6,0.0,0.0,0.0,0.0,BTCUSD,OV2|145866|M5|B,
187292848,183176059,2026-05-05T16:24:23+00:00,1777998263850,1,1,0,183175658,4,0.1,81586.46,0.0,0.0,-1.9100000000000001,0.0,BTCUSD,[sl 81587.10],
187293140,183176291,2026-05-05T16:24:44+00:00,1777998284854,0,0,0,183176291,3,0.1,2393.853,0.0,0.0,0.0,0.0,ETHUSD,OV2|839992|H1|B,
187293643,183176692,2026-05-05T16:25:06+00:00,1777998306785,1,1,0,183176291,4,0.1,2392.186,0.0,0.0,-0.17,0.0,ETHUSD,[sl 2392.281],
187294151,183177190,2026-05-05T16:25:32+00:00,1777998332928,0,0,0,183177190,3,0.1,81476.95,0.0,0.0,0.0,0.0,BTCUSD,OV2|3ed81a|H1|B,
187294235,183177273,2026-05-05T16:25:39+00:00,1777998339294,1,1,0,183177190,4,0.1,81460.21,0.0,0.0,-1.67,0.0,BTCUSD,[sl 81460.45],
187294615,183177649,2026-05-05T16:26:28+00:00,1777998388716,0,0,0,183177649,3,0.1,81473.63,0.0,0.0,0.0,0.0,BTCUSD,OV2|82d9fe|M5|B,
187294656,183177684,2026-05-05T16:26:37+00:00,1777998397954,1,1,0,183177649,4,0.1,81455.77,0.0,0.0,-1.79,0.0,BTCUSD,[sl 81457.13],
187294738,183177757,2026-05-05T16:27:00+00:00,1777998420623,0,0,0,183177757,3,0.1,24333.0,0.0,0.0,0.0,0.0,GER40,OV2|3dce32|H1|B,
187295631,183178383,2026-05-05T16:28:19+00:00,1777998499942,0,0,0,183178383,3,0.1,81429.4,0.0,0.0,0.0,0.0,BTCUSD,OV2|7ee3ab|M5|B,
187296743,183179337,2026-05-05T16:30:14+00:00,1777998614317,1,1,0,183177757,4,0.1,24326.4,0.0,0.0,-0.77,0.0,GER40,[sl 24327.00],
187296995,183179520,2026-05-05T16:30:32+00:00,1777998632965,1,1,0,183178383,4,0.1,81410.92,0.0,0.0,-1.85,0.0,BTCUSD,[sl 81412.90],
187297059,183179570,2026-05-05T16:30:36+00:00,1777998636947,0,0,0,183179570,3,0.1,81395.81,0.0,0.0,0.0,0.0,BTCUSD,OV2|699844|H4|B,
187297093,183179594,2026-05-05T16:30:39+00:00,1777998639499,1,1,0,183179570,4,0.1,81375.61,0.0,0.0,-2.02,0.0,BTCUSD,[sl 81379.31],
187297582,183180003,2026-05-05T16:31:23+00:00,1777998683421,0,0,0,183180003,3,0.1,81449.6,0.0,0.0,0.0,0.0,BTCUSD,OV2|5fe40a|M5|B,
187298196,183180515,2026-05-05T16:32:09+00:00,1777998729257,0,0,0,183180515,3,0.1,24325.0,0.0,0.0,0.0,0.0,GER40,OV2|a2fb1e|H1|B,
187298448,183180694,2026-05-05T16:32:15+00:00,1777998735041,1,1,0,183180515,4,0.1,24317.9,0.0,0.0,-0.83,0.0,GER40,[sl 24318.50],
187299765,183181709,2026-05-05T16:34:16+00:00,1777998856097,1,0,0,183181709,3,0.1,1.36129,0.0,0.0,0.0,0.0,USDCAD,OV2|ce3522|H1|S,
187299981,183181879,2026-05-05T16:34:41+00:00,1777998881065,0,0,0,183181879,3,0.1,24312.5,0.0,0.0,0.0,0.0,GER40,OV2|a17c53|H1|B,
187300201,183182063,2026-05-05T16:35:00+00:00,1777998900479,1,1,0,183181879,4,0.1,24306.4,0.0,0.0,-0.71,0.0,GER40,[sl 24306.50],
187300281,183182121,2026-05-05T16:35:08+00:00,1777998908390,1,1,0,183180003,4,0.1,81431.0,0.0,0.0,-1.8599999999999999,0.0,BTCUSD,[sl 81433.10],
187301960,183183263,2026-05-05T16:36:12+00:00,1777998972091,0,0,0,183183263,3,0.1,2392.775,0.0,0.0,0.0,0.0,ETHUSD,OV2|07326e|H1|B,
187301978,183183274,2026-05-05T16:36:12+00:00,1777998972790,1,1,0,183183263,4,0.1,2391.16,0.0,0.0,-0.16,0.0,ETHUSD,[sl 2391.275],
187302089,183183362,2026-05-05T16:36:23+00:00,1777998983837,0,0,0,183183362,3,0.1,81492.37,0.0,0.0,0.0,0.0,BTCUSD,OV2|f968cf|M5|B,
187302435,183183588,2026-05-05T16:36:35+00:00,1777998995855,1,1,0,183183362,4,0.1,81474.34,0.0,0.0,-1.8,0.0,BTCUSD,[sl 81477.59],
187304112,183184766,2026-05-05T16:37:55+00:00,1777999075083,0,0,0,183184766,3,0.1,81442.96,0.0,0.0,0.0,0.0,BTCUSD,OV2|703cb3|M5|B,
187304221,183184863,2026-05-05T16:38:02+00:00,1777999082908,1,1,0,183184766,4,0.1,81419.99,0.0,0.0,-2.3,0.0,BTCUSD,[sl 81426.46],
187304431,183185020,2026-05-05T16:38:09+00:00,1777999089954,0,1,0,183148887,5,0.04,10194.3,0.0,0.0,2.05,0.0,UK100,[tp 10194.47],
187305249,183185618,2026-05-05T16:39:42+00:00,1777999182799,0,0,0,183185618,3,0.1,81423.4,0.0,0.0,0.0,0.0,BTCUSD,OV2|c052ba|M5|B,
187305295,183185654,2026-05-05T16:39:48+00:00,1777999188602,1,1,0,183185618,4,0.1,81400.84,0.0,0.0,-2.26,0.0,BTCUSD,[sl 81406.90],
187305939,183186132,2026-05-05T16:40:38+00:00,1777999238942,0,0,0,183186132,3,0.1,2384.335,0.0,0.0,0.0,0.0,ETHUSD,OV2|e89351|H1|B,
187308146,183187795,2026-05-05T16:43:54+00:00,1777999434435,0,1,0,183164976,4,0.1,0.7835,0.0,0.0,-8.73,0.0,USDCHF,[sl 0.78350],
187308761,183188268,2026-05-05T16:44:50+00:00,1777999490790,1,0,0,183188268,3,0.04,10185.7,0.0,0.0,0.0,0.0,UK100,OV2|888e19|H4|S,
187310876,183189907,2026-05-05T16:48:03+00:00,1777999683462,0,1,0,183188268,4,0.04,10192.0,0.0,0.0,-0.34,0.0,UK100,[sl 10191.70],
187313669,183192363,2026-05-05T16:51:54+00:00,1777999914969,1,0,0,183192363,3,0.1,0.78295,0.0,0.0,0.0,0.0,USDCHF,OV2|4a0a63|H1|S,
187320181,183197875,2026-05-05T17:01:03+00:00,1778000463695,1,0,0,183197875,3,0.04,10197.2,0.0,0.0,0.0,0.0,UK100,OV2|efa1f3|H1|S,
187327551,183203332,2026-05-05T17:12:34+00:00,1778001154850,0,1,0,183197875,4,0.04,10203.3,0.0,0.0,-0.33,0.0,UK100,[sl 10203.20],
187328819,183204246,2026-05-05T17:13:36+00:00,1778001216233,1,1,0,183186132,4,0.1,2382.55,0.0,0.0,-0.18,0.0,ETHUSD,[sl 2382.835],
187329356,183204572,2026-05-05T17:13:51+00:00,1778001231574,1,0,0,183204572,3,0.04,10194.4,0.0,0.0,0.0,0.0,UK100,OV2|d6dd85|H1|S,
187335382,183208789,2026-05-05T17:18:34+00:00,1778001514037,0,1,0,183192363,4,0.1,0.78363,0.0,0.0,-8.73,0.0,USDCHF,[sl 0.78363],
187337259,183210042,2026-05-05T17:19:22+00:00,1778001562808,1,0,0,183210042,3,0.1,0.78333,0.0,0.0,0.0,0.0,USDCHF,OV2|98e1f2|H1|S,
187341104,183212910,2026-05-05T17:23:23+00:00,1778001803072,0,0,0,183212910,3,0.04,7252.45,0.0,0.0,0.0,0.0,US500,OV2|1704b3|H1|B,
187346947,183217171,2026-05-05T17:28:16+00:00,1778002096860,0,0,0,183217171,3,0.1,81379.11,0.0,0.0,0.0,0.0,BTCUSD,OV2|affbed|M5|B,
187346951,183217176,2026-05-05T17:28:17+00:00,1778002097140,1,1,0,183217171,4,0.1,81360.13,0.0,0.0,-1.9,0.0,BTCUSD,[sl 81362.61],
187348031,183217871,2026-05-05T17:28:58+00:00,1778002138301,1,1,0,183081049,5,0.09,201.56,0.0,0.0,39.65,0.0,CHFJPY,[tp 201.559],
187348735,183218359,2026-05-05T17:29:43+00:00,1778002183342,0,0,0,183218359,3,0.1,81444.97,0.0,0.0,0.0,0.0,BTCUSD,OV2|6e4283|M5|B,
187348831,183218435,2026-05-05T17:29:54+00:00,1778002194267,1,1,0,183218359,4,0.1,81427.79,0.0,0.0,-1.72,0.0,BTCUSD,[sl 81428.47],
187350661,183219809,2026-05-05T17:31:35+00:00,1778002295627,0,0,0,183219809,3,0.1,81448.92,0.0,0.0,0.0,0.0,BTCUSD,OV2|cad446|M5|B,
187350847,183219944,2026-05-05T17:32:01+00:00,1778002321052,1,1,0,183219809,4,0.1,81427.98,0.0,0.0,-2.09,0.0,BTCUSD,[sl 81432.42],
187351259,183220296,2026-05-05T17:32:52+00:00,1778002372470,0,0,0,183220296,3,0.1,81492.87,0.0,0.0,0.0,0.0,BTCUSD,OV2|6cd7b0|M5|B,
187351265,183220300,2026-05-05T17:32:53+00:00,1778002373011,1,1,0,183220296,4,0.1,81466.65,0.0,0.0,-2.62,0.0,BTCUSD,[sl 81476.37],
187351757,183220697,2026-05-05T17:33:49+00:00,1778002429257,0,0,0,183220697,3,0.1,201.601,0.0,0.0,0.0,0.0,CHFJPY,OV2|d72bd1|H1|B,
187352945,183221553,2026-05-05T17:36:11+00:00,1778002571535,0,0,0,183221553,3,0.1,81422.53,0.0,0.0,0.0,0.0,BTCUSD,OV2|cbec50|M5|B,
187353082,183221674,2026-05-05T17:36:36+00:00,1778002596505,1,1,0,183221553,4,0.1,81405.78,0.0,0.0,-1.6800000000000002,0.0,BTCUSD,[sl 81406.03],
187357211,183224632,2026-05-05T17:43:36+00:00,1778003016605,0,0,0,183224632,3,0.1,85.451,0.0,0.0,0.0,0.0,SOLUSD,OV2|bf6f23|H1|B,
187366731,183232229,2026-05-05T18:01:13+00:00,1778004073929,0,1,0,183181709,4,0.1,1.36204,0.0,0.0,-5.54,0.0,USDCAD,[sl 1.36204],
187367252,183232599,2026-05-05T18:02:01+00:00,1778004121513,0,0,0,183232599,3,0.1,24333.5,0.0,0.0,0.0,0.0,GER40,OV2|b4e13e|H1|B,
187367367,183232689,2026-05-05T18:02:27+00:00,1778004147690,1,1,0,183232599,4,0.1,24327.4,0.0,0.0,-0.71,0.0,GER40,[sl 24327.50],
187367401,183232715,2026-05-05T18:02:33+00:00,1778004153385,1,1,0,183030341,5,0.1,0.58958,0.0,0.0,23.4,0.0,NZDUSD,[tp 0.58958],
187367944,183233065,2026-05-05T18:03:28+00:00,1778004208466,1,0,0,183233065,3,0.1,1.36142,0.0,0.0,0.0,0.0,USDCAD,OV2|8e4cdf|H1|S,
187368313,183233353,2026-05-05T18:04:11+00:00,1778004251217,1,1,0,183115094,5,0.1,0.71923,0.0,0.0,21.0,0.0,AUDUSD,[tp 0.71923],
187368443,183233445,2026-05-05T18:04:31+00:00,1778004271980,1,1,0,183125817,5,0.1,113.395,0.0,0.0,15.95,0.0,AUDJPY,[tp 113.394],
187370245,183234743,2026-05-05T18:07:07+00:00,1778004427159,0,0,0,183234743,3,0.1,113.373,0.0,0.0,0.0,0.0,AUDJPY,OV2|164794|H1|B,
187370332,183234805,2026-05-05T18:07:15+00:00,1778004435842,0,0,0,183234805,3,0.1,0.71934,0.0,0.0,0.0,0.0,AUDUSD,OV2|69aa67|H1|B,
187371564,183235776,2026-05-05T18:11:46+00:00,1778004706273,0,1,0,183204572,4,0.04,10200.5,0.0,0.0,-0.33,0.0,UK100,[sl 10200.40],
187371648,183235860,2026-05-05T18:12:01+00:00,1778004721960,0,0,0,183235860,3,0.1,24364.0,0.0,0.0,0.0,0.0,GER40,OV2|bbcc5b|M15|B,
187372156,183236446,2026-05-05T18:13:38+00:00,1778004818657,1,0,0,183236446,3,0.04,10199.4,0.0,0.0,0.0,0.0,UK100,OV2|d136fa|H1|S,
187372650,183236920,2026-05-05T18:15:28+00:00,1778004928816,0,1,0,183236446,4,0.04,10206.0,0.0,0.0,-0.35,0.0,UK100,[sl 10205.40],
187373389,183237509,2026-05-05T18:17:35+00:00,1778005055747,1,0,0,183237509,3,0.04,10208.9,0.0,0.0,0.0,0.0,UK100,OV2|711ecc|H1|S,
187375332,183238850,2026-05-05T18:21:45+00:00,1778005305707,0,1,0,183237509,4,0.04,10215.0,0.0,0.0,-0.33,0.0,UK100,[sl 10214.90],
187375670,183239065,2026-05-05T18:22:26+00:00,1778005346702,1,0,0,183239065,3,0.04,10215.2,0.0,0.0,0.0,0.0,UK100,OV2|7964e7|H1|S,
187377748,183241107,2026-05-05T18:29:02+00:00,1778005742566,0,1,0,183239065,4,0.04,10221.8,0.0,0.0,-0.35,0.0,UK100,[sl 10221.20],
187380307,183243657,2026-05-05T18:38:01+00:00,1778006281662,0,0,0,183243657,3,0.1,0.59013,0.0,0.0,0.0,0.0,NZDUSD,OV2|e5f525|H1|B,
187385244,183247821,2026-05-05T18:49:18+00:00,1778006958620,1,0,0,183247821,3,0.02,73.526,0.0,0.0,0.0,0.0,XAGUSD,OV2|03e544|H1|S,
187400371,183259012,2026-05-05T19:25:12+00:00,1778009112355,1,1,0,183243657,4,0.1,0.58938,0.0,0.0,-7.5,0.0,NZDUSD,[sl 0.58938],
187405120,183262317,2026-05-05T19:31:20+00:00,1778009480299,0,1,0,183247821,5,0.02,72.937,0.0,0.0,58.9,0.0,XAGUSD,[tp 72.941],
187406468,183263216,2026-05-05T19:32:57+00:00,1778009577722,1,0,0,183263216,3,0.05,4554.68,0.0,0.0,0.0,0.0,XAUUSD,OV2|7955f6|M5|S,
187406900,183263491,2026-05-05T19:33:51+00:00,1778009631457,0,1,0,183233065,4,0.1,1.36216,0.0,0.0,-5.46,0.0,USDCAD,[sl 1.36216],
187407189,183263714,2026-05-05T19:34:38+00:00,1778009678892,0,1,0,183263216,4,0.05,4557.32,0.0,0.0,-13.2,0.0,XAUUSD,[sl 4557.18],
187407209,183263724,2026-05-05T19:34:39+00:00,1778009679606,1,0,0,183263724,3,0.05,4557.14,0.0,0.0,0.0,0.0,XAUUSD,OV2|629776|H1|S,
187409081,183265062,2026-05-05T19:39:01+00:00,1778009941163,1,1,0,183224632,4,0.1,85.083,0.0,0.0,-0.04,0.0,SOLUSD,[sl 85.084],
187412069,183267473,2026-05-05T19:51:14+00:00,1778010674236,0,1,0,183263724,4,0.05,4559.73,0.0,0.0,-12.95,0.0,XAUUSD,[sl 4559.63],
187412669,183267850,2026-05-05T19:51:58+00:00,1778010718296,1,0,0,183267850,3,0.05,4559.14,0.0,0.0,0.0,0.0,XAUUSD,OV2|649b94|M5|S,
187413673,183268598,2026-05-05T19:55:52+00:00,1778010952538,0,1,0,183267850,4,0.05,4561.66,0.0,0.0,-12.6,0.0,XAUUSD,[sl 4561.64],
187414124,183268912,2026-05-05T19:56:39+00:00,1778010999610,1,1,0,183234805,4,0.1,0.71862,0.0,0.0,-7.2,0.0,AUDUSD,[sl 0.71862],
187414237,183268997,2026-05-05T19:57:10+00:00,1778011030039,1,0,0,183268997,3,0.05,4561.41,0.0,0.0,0.0,0.0,XAUUSD,OV2|55ad9f|M5|S,
187425585,183277102,2026-05-05T20:26:44+00:00,1778012804196,0,1,0,182891837,4,0.1,0.11412,0.0,0.0,-0.4,0.0,DOGUSD,[sl 0.11412],
187425598,183277111,2026-05-05T20:26:45+00:00,1778012805265,0,1,0,182891842,4,0.1,0.11413,0.0,0.0,-0.4,0.0,DOGUSD,[sl 0.11413],
187427258,183278407,2026-05-05T20:31:40+00:00,1778013100282,1,0,0,183278407,3,0.1,1.35495,0.0,0.0,0.0,0.0,GBPUSD,OV2|ee8d53|H1|S,
187436950,183285535,2026-05-05T21:12:38+00:00,1778015558698,0,0,0,183285535,3,0.1,81494.37,0.0,0.0,0.0,0.0,BTCUSD,OV2|33b457|M5|B,
187437371,183285953,2026-05-05T21:14:15+00:00,1778015655760,0,1,0,183268997,4,0.05,4564.45,0.0,0.0,-15.2,0.0,XAUUSD,[sl 4563.91],
187438039,183286241,2026-05-05T21:14:22+00:00,1778015662024,1,0,0,183286241,3,0.05,4563.8,0.0,0.0,0.0,0.0,XAUUSD,OV2|39439b|M5|S,
187440345,183287782,2026-05-05T21:19:07+00:00,1778015947142,1,1,0,183285535,4,0.1,81477.24,0.0,0.0,-1.71,0.0,BTCUSD,[sl 81477.87],
187440469,183287864,2026-05-05T21:19:34+00:00,1778015974477,0,0,0,183287864,3,0.1,81465.55,0.0,0.0,0.0,0.0,BTCUSD,OV2|17ea6c|M5|B,
187440492,183287880,2026-05-05T21:19:40+00:00,1778015980615,1,1,0,183287864,4,0.1,81446.38,0.0,0.0,-1.92,0.0,BTCUSD,[sl 81449.05],
187440809,183288087,2026-05-05T21:21:20+00:00,1778016080815,0,0,0,183288087,3,0.1,81485.14,0.0,0.0,0.0,0.0,BTCUSD,OV2|b2372a|M5|B,
187441216,183288361,2026-05-05T21:23:08+00:00,1778016188475,1,1,0,183288087,4,0.1,81467.77,0.0,0.0,-1.74,0.0,BTCUSD,[sl 81468.64],
187441662,183288666,2026-05-05T21:24:20+00:00,1778016260704,0,0,0,183288666,3,0.1,81461.55,0.0,0.0,0.0,0.0,BTCUSD,OV2|6f1c84|M5|B,
187441700,183288688,2026-05-05T21:24:25+00:00,1778016265222,1,1,0,183288666,4,0.1,81444.14,0.0,0.0,-1.74,0.0,BTCUSD,[sl 81445.05],
187441932,183288884,2026-05-05T21:25:35+00:00,1778016335074,1,1,0,183147211,5,0.1,184.716,0.0,0.0,15.49,0.0,EURJPY,[tp 184.716],
187442047,183288979,2026-05-05T21:26:12+00:00,1778016372853,0,0,0,183288979,3,0.1,81431.61,0.0,0.0,0.0,0.0,BTCUSD,OV2|1f98ec|M5|B,
187450077,183294877,2026-05-05T21:53:39+00:00,1778018019578,1,1,0,183288979,4,0.1,81408.66,0.0,0.0,-2.3,0.0,BTCUSD,[sl 81413.11],
187450605,183295230,2026-05-05T21:56:33+00:00,1778018193408,0,0,0,183295230,3,0.1,81504.42,0.0,0.0,0.0,0.0,BTCUSD,OV2|70656e|M5|B,
187451193,183295759,2026-05-05T22:01:21+00:00,1778018481860,1,1,0,183295230,4,0.1,81484.04,0.0,0.0,-2.04,0.0,BTCUSD,[sl 81485.92],
187451251,183295807,2026-05-05T22:02:01+00:00,1778018521152,0,0,0,183295807,3,0.1,81489.04,0.0,0.0,0.0,0.0,BTCUSD,OV2|13cfe9|M5|B,
187451758,183296152,2026-05-05T22:05:01+00:00,1778018701535,1,1,0,183295807,4,0.1,81467.93,0.0,0.0,-2.11,0.0,BTCUSD,[sl 81470.54],
187452021,183296343,2026-05-05T22:06:47+00:00,1778018807893,0,0,0,183296343,3,0.1,81481.98,0.0,0.0,0.0,0.0,BTCUSD,OV2|e73b81|M5|B,
187452184,183296460,2026-05-05T22:08:16+00:00,1778018896212,1,1,0,183296343,4,0.1,81463.93,0.0,0.0,-1.81,0.0,BTCUSD,[sl 81465.48],
187452268,183296538,2026-05-05T22:08:20+00:00,1778018900736,0,0,0,183296538,3,0.1,81463.2,0.0,0.0,0.0,0.0,BTCUSD,OV2|302070|M5|B,
187452944,183297015,2026-05-05T22:11:53+00:00,1778019113570,1,1,0,183296538,4,0.1,81443.73,0.0,0.0,-1.95,0.0,BTCUSD,[sl 81444.96],
187452947,183297016,2026-05-05T22:11:54+00:00,1778019114163,0,0,0,183297016,3,0.1,81452.73,0.0,0.0,0.0,0.0,BTCUSD,OV2|146e80|M5|B,
187452984,183297045,2026-05-05T22:12:23+00:00,1778019143125,1,1,0,183297016,4,0.1,81430.26,0.0,0.0,-2.25,0.0,BTCUSD,[sl 81434.23],
187453176,183297192,2026-05-05T22:13:27+00:00,1778019207488,0,0,0,183297192,3,0.1,81431.75,0.0,0.0,0.0,0.0,BTCUSD,OV2|dd1942|M5|B,
187460646,183302810,2026-05-05T22:57:03+00:00,1778021823082,0,1,0,183286241,5,0.05,4552.36,0.0,0.0,57.2,0.0,XAUUSD,[tp 4552.38],
187465380,183307133,2026-05-05T23:30:00+00:00,1778023800603,1,1,0,183235860,5,0.1,24475.15,0.0,0.0,12.92,0.0,GER40,[tp 24455.78],
187468492,183310087,2026-05-06T00:03:06+00:00,1778025786210,1,1,0,183234743,4,0.1,113.274,0.0,0.4,-6.31,0.0,AUDJPY,[sl 113.291],
187468629,183310208,2026-05-06T00:03:37+00:00,1778025817811,1,1,0,183220697,4,0.1,201.459,0.0,-0.56,-9.05,0.0,CHFJPY,[sl 201.509],
187468912,183310726,2026-05-06T00:06:02+00:00,1778025962051,1,1,0,183021271,5,0.1,1.42075,0.0,-0.1,1.79,0.0,XRPUSD,[tp 1.42073],
187468913,183310727,2026-05-06T00:06:02+00:00,1778025962300,1,1,0,183021254,5,0.1,1.42105,0.0,-0.1,1.81,0.0,XRPUSD,[tp 1.42083],
187469846,183311465,2026-05-06T00:26:57+00:00,1778027217442,0,1,0,183210042,4,0.1,0.78422,0.0,-1.72,-11.42,0.0,USDCHF,[sl 0.78401],
187470107,183311661,2026-05-06T00:30:27+00:00,1778027427150,1,1,0,183297192,4,0.1,81412.72,0.0,-4.99,-1.9,0.0,BTCUSD,[sl 81416.09],
187477334,183316799,2026-05-06T01:10:32+00:00,1778029832093,1,0,0,183316799,3,0.1,81394.46,0.0,0.0,0.0,0.0,BTCUSD,OV2|7dc827|M5|S,
187480156,183318721,2026-05-06T01:24:59+00:00,1778030699568,0,1,0,183316799,4,0.1,81412.53,0.0,0.0,-1.81,0.0,BTCUSD,[sl 81410.96],
187480301,183318825,2026-05-06T01:25:41+00:00,1778030741888,1,0,0,183318825,3,0.1,81408.37,0.0,0.0,0.0,0.0,BTCUSD,OV2|03d307|M5|S,
187480340,183318852,2026-05-06T01:26:00+00:00,1778030760499,0,1,0,183318825,4,0.1,81428.87,0.0,0.0,-2.05,0.0,BTCUSD,[sl 81424.87],
187480790,183319140,2026-05-06T01:27:08+00:00,1778030828326,1,0,0,183319140,3,0.1,81475.19,0.0,0.0,0.0,0.0,BTCUSD,OV2|0259c7|M5|S,
187480806,183319149,2026-05-06T01:27:13+00:00,1778030833125,0,1,0,183319140,4,0.1,81492.45,0.0,0.0,-1.73,0.0,BTCUSD,[sl 81491.69],
187481297,183319476,2026-05-06T01:28:44+00:00,1778030924107,1,0,0,183319476,3,0.1,81486.5,0.0,0.0,0.0,0.0,BTCUSD,OV2|a1d1a4|M5|S,
187481588,183319667,2026-05-06T01:29:10+00:00,1778030950537,0,1,0,183319476,4,0.1,81507.3,0.0,0.0,-2.08,0.0,BTCUSD,[sl 81504.39],
187482858,183320474,2026-05-06T01:31:57+00:00,1778031117722,1,0,0,183320474,3,0.1,81317.7,0.0,0.0,0.0,0.0,BTCUSD,OV2|c4f115|M5|S,
187488787,183324701,2026-05-06T01:52:09+00:00,1778032329387,1,1,0,183212910,5,0.04,7281.75,0.0,-0.07,1.17,0.0,US500,[tp 7280.20],
187490246,183326030,2026-05-06T01:52:18+00:00,1778032338131,0,1,0,183167558,5,0.1,97.93,0.0,-0.32,20.4,0.0,USOIL+,[tp 97.97],
187491590,183326953,2026-05-06T01:52:31+00:00,1778032351369,0,1,0,183320474,4,0.1,81334.61,0.0,0.0,-1.69,0.0,BTCUSD,[sl 81334.20],
187492644,183328298,2026-05-06T01:53:13+00:00,1778032393832,1,0,0,183328298,3,0.05,4553.0,0.0,0.0,0.0,0.0,XAUUSD,OV2|a0b8db|M5|S,
187492755,183328406,2026-05-06T01:53:19+00:00,1778032399080,1,0,0,183328406,3,0.1,81193.86,0.0,0.0,0.0,0.0,BTCUSD,OV2|62dc04|M5|S,
187492756,183328407,2026-05-06T01:53:19+00:00,1778032399180,0,1,0,183328406,4,0.1,81213.11,0.0,0.0,-1.9300000000000002,0.0,BTCUSD,[sl 81212.36],
187493298,183329255,2026-05-06T01:54:35+00:00,1778032475427,0,1,0,183328298,4,0.05,4555.61,0.0,0.0,-13.05,0.0,XAUUSD,[sl 4555.50],
187493346,183329304,2026-05-06T01:54:37+00:00,1778032477295,1,0,0,183329304,3,0.05,4555.38,0.0,0.0,0.0,0.0,XAUUSD,OV2|962c05|M5|S,
187493654,183329571,2026-05-06T01:54:52+00:00,1778032492096,1,0,0,183329571,3,0.1,81181.98,0.0,0.0,0.0,0.0,BTCUSD,OV2|366c49|M5|S,
187493655,183329576,2026-05-06T01:54:52+00:00,1778032492360,0,1,0,183329571,4,0.1,81202.52,0.0,0.0,-2.05,0.0,BTCUSD,[sl 81200.48],
187493713,183329648,2026-05-06T01:54:57+00:00,1778032497470,0,1,0,183329304,4,0.05,4558.26,0.0,0.0,-14.4,0.0,XAUUSD,[sl 4557.77],
187495253,183330701,2026-05-06T01:55:02+00:00,1778032502466,0,1,0,183278407,4,0.1,1.35564,0.0,-0.21,-6.9,0.0,GBPUSD,[sl 1.35563],
187503445,183336830,2026-05-06T01:56:19+00:00,1778032579891,1,0,0,183336830,3,0.1,81202.71,0.0,0.0,0.0,0.0,BTCUSD,OV2|14d092|M5|S,
187503606,183336989,2026-05-06T01:56:24+00:00,1778032584415,0,1,0,183336830,4,0.1,81218.24,0.0,0.0,-1.55,0.0,BTCUSD,[sl 81214.29],
187503666,183337079,2026-05-06T01:56:25+00:00,1778032585132,1,0,0,183337079,3,0.05,4571.75,0.0,0.0,0.0,0.0,XAUUSD,OV2|052729|M5|S,
187505583,183338947,2026-05-06T01:57:57+00:00,1778032677789,1,0,0,183338947,3,0.1,81122.22,0.0,0.0,0.0,0.0,BTCUSD,OV2|ed8ec4|M5|S,
187507636,183340947,2026-05-06T02:00:02+00:00,1778032802018,0,1,0,183337079,4,0.05,4574.38,0.0,0.0,-13.15,0.0,XAUUSD,[sl 4574.25],
187508546,183341744,2026-05-06T02:00:24+00:00,1778032824551,0,1,0,183338947,4,0.1,81140.41,0.0,0.0,-1.8199999999999998,0.0,BTCUSD,[sl 81138.72],
187509331,183342403,2026-05-06T02:00:51+00:00,1778032851741,0,0,0,183342403,3,0.1,1.35591,0.0,0.0,0.0,0.0,GBPUSD,OV2|eab4ed|M5|B,
187509568,183342629,2026-05-06T02:01:02+00:00,1778032862223,1,0,0,183342629,3,0.1,81144.99,0.0,0.0,0.0,0.0,BTCUSD,OV2|29a06f|M5|S,
187518302,183349263,2026-05-06T02:10:26+00:00,1778033426379,0,1,0,183342629,4,0.1,81165.51,0.0,0.0,-2.05,0.0,BTCUSD,[sl 81161.49],
187518924,183349709,2026-05-06T02:11:33+00:00,1778033493410,1,0,0,183349709,3,0.1,81178.48,0.0,0.0,0.0,0.0,BTCUSD,OV2|327e78|M5|S,
187519091,183349820,2026-05-06T02:11:39+00:00,1778033499502,0,1,0,183349709,4,0.1,81204.02,0.0,0.0,-2.55,0.0,BTCUSD,[sl 81196.48],
187523691,183352738,2026-05-06T02:13:20+00:00,1778033600305,1,0,0,183352738,3,0.1,81190.81,0.0,0.0,0.0,0.0,BTCUSD,OV2|dfab62|M5|S,
187525074,183353687,2026-05-06T02:14:26+00:00,1778033666526,0,1,0,183352738,4,0.1,81210.78,0.0,0.0,-2.0,0.0,BTCUSD,[sl 81209.31],
187525835,183354156,2026-05-06T02:14:38+00:00,1778033678517,1,0,0,183354156,3,0.1,81207.02,0.0,0.0,0.0,0.0,BTCUSD,OV2|6c592a|M5|S,
187535401,0,2026-05-06T02:31:54+00:00,1778034714514,2,0,0,0,0,0.0,0.0,0.0,0.0,0.01,0.0,,Dividend US500 May 05 26,
187558994,183377413,2026-05-06T03:11:44+00:00,1778037104499,0,1,0,183354156,4,0.1,81229.49,0.0,0.0,-2.25,0.0,BTCUSD,[sl 81223.52],
187559947,183378026,2026-05-06T03:13:14+00:00,1778037194216,1,0,0,183378026,3,0.1,81149.0,0.0,0.0,0.0,0.0,BTCUSD,OV2|b0bebf|M5|S,
187560234,183378214,2026-05-06T03:14:12+00:00,1778037252507,0,1,0,183378026,4,0.1,81172.16,0.0,0.0,-2.32,0.0,BTCUSD,[sl 81167.50],
187560457,183378353,2026-05-06T03:14:46+00:00,1778037286394,1,0,0,183378353,3,0.1,81143.2,0.0,0.0,0.0,0.0,BTCUSD,OV2|643288|M5|S,
187560812,183378642,2026-05-06T03:15:41+00:00,1778037341115,0,1,0,183378353,4,0.1,81170.05,0.0,0.0,-2.69,0.0,BTCUSD,[sl 81159.70],
187560997,183378775,2026-05-06T03:16:13+00:00,1778037373473,1,0,0,183378775,3,0.1,81205.9,0.0,0.0,0.0,0.0,BTCUSD,OV2|1e8a1d|M5|S,
187561009,183378787,2026-05-06T03:16:17+00:00,1778037377323,0,1,0,183378775,4,0.1,81243.13,0.0,0.0,-3.7199999999999998,0.0,BTCUSD,[sl 81222.40],
187561935,183379393,2026-05-06T03:17:40+00:00,1778037460462,1,0,0,183379393,3,0.1,81139.87,0.0,0.0,0.0,0.0,BTCUSD,OV2|f669c9|M5|S,
187563104,183380155,2026-05-06T03:18:25+00:00,1778037505991,0,1,0,183379393,4,0.1,81158.46,0.0,0.0,-1.8599999999999999,0.0,BTCUSD,[sl 81156.37],
187564411,183380978,2026-05-06T03:19:18+00:00,1778037558273,1,0,0,183380978,3,0.1,81117.01,0.0,0.0,0.0,0.0,BTCUSD,OV2|06955e|M5|S,
187598005,183403692,2026-05-06T04:04:03+00:00,1778040243013,0,1,0,183380978,4,0.1,81138.04,0.0,0.0,-2.1,0.0,BTCUSD,[sl 81135.51],
187629504,183425543,2026-05-06T05:02:28+00:00,1778043748880,0,0,0,183425543,3,0.1,81353.31,0.0,0.0,0.0,0.0,BTCUSD,OV2|a1168b|M5|B,
187629930,183425814,2026-05-06T05:03:31+00:00,1778043811162,1,1,0,183425543,4,0.1,81333.66,0.0,0.0,-1.97,0.0,BTCUSD,[sl 81334.81],
187630086,183425928,2026-05-06T05:04:01+00:00,1778043841012,0,0,0,183425928,3,0.1,81337.25,0.0,0.0,0.0,0.0,BTCUSD,OV2|4067d1|M5|B,
187630267,183426049,2026-05-06T05:04:39+00:00,1778043879592,1,1,0,183425928,4,0.1,81320.1,0.0,0.0,-1.72,0.0,BTCUSD,[sl 81320.75],
187633798,183428457,2026-05-06T05:09:50+00:00,1778044190555,0,0,0,183428457,3,0.1,81334.51,0.0,0.0,0.0,0.0,BTCUSD,OV2|ce1012|M5|B,
187633866,183428513,2026-05-06T05:09:56+00:00,1778044196188,1,1,0,183428457,4,0.1,81287.53,0.0,0.0,-4.7,0.0,BTCUSD,[sl 81316.01],
187635480,183429550,2026-05-06T05:11:42+00:00,1778044302968,0,0,0,183429550,3,0.1,81325.23,0.0,0.0,0.0,0.0,BTCUSD,OV2|c58b5d|M5|B,
187635759,183429745,2026-05-06T05:12:50+00:00,1778044370515,1,1,0,183429550,4,0.1,81305.92,0.0,0.0,-1.9300000000000002,0.0,BTCUSD,[sl 81308.73],
187635785,183429766,2026-05-06T05:13:00+00:00,1778044380656,0,0,0,183429766,3,0.1,81307.74,0.0,0.0,0.0,0.0,BTCUSD,OV2|1d7062|M5|B,
187635996,183429920,2026-05-06T05:13:23+00:00,1778044403101,1,1,0,183429766,4,0.1,81290.74,0.0,0.0,-1.7,0.0,BTCUSD,[sl 81291.24],
187636813,183430448,2026-05-06T05:14:27+00:00,1778044467432,0,0,0,183430448,3,0.1,81291.64,0.0,0.0,0.0,0.0,BTCUSD,OV2|3f6342|M5|B,
187637265,183430795,2026-05-06T05:15:55+00:00,1778044555654,1,1,0,183430448,4,0.1,81275.28,0.0,0.0,-1.6400000000000001,0.0,BTCUSD,[sl 81275.69],
187637372,183430877,2026-05-06T05:16:19+00:00,1778044579451,0,0,0,183430877,3,0.1,81284.53,0.0,0.0,0.0,0.0,BTCUSD,OV2|f7f766|M5|B,
187637415,183430906,2026-05-06T05:16:31+00:00,1778044591761,1,1,0,183430877,4,0.1,81267.37,0.0,0.0,-1.72,0.0,BTCUSD,[sl 81268.03],
187638189,183431399,2026-05-06T05:17:52+00:00,1778044672402,0,0,0,183431399,3,0.1,81277.02,0.0,0.0,0.0,0.0,BTCUSD,OV2|9d8d8a|M5|B,
187638376,183431511,2026-05-06T05:18:00+00:00,1778044680515,1,1,0,183431399,4,0.1,81258.49,0.0,0.0,-1.85,0.0,BTCUSD,[sl 81260.52],
187639061,183431994,2026-05-06T05:19:04+00:00,1778044744361,1,1,0,183082031,5,0.09,214.097,0.0,0.64,47.08,0.0,GBPJPY,[tp 214.096],
187639108,183432036,2026-05-06T05:19:14+00:00,1778044754803,0,0,0,183432036,3,0.1,81263.85,0.0,0.0,0.0,0.0,BTCUSD,OV2|730c71|M5|B,
187640330,183432971,2026-05-06T05:22:42+00:00,1778044962493,1,1,0,183432036,4,0.1,81242.68,0.0,0.0,-2.12,0.0,BTCUSD,[sl 81247.35],
187640579,183433141,2026-05-06T05:23:50+00:00,1778045030769,0,0,0,183433141,3,0.1,81277.46,0.0,0.0,0.0,0.0,BTCUSD,OV2|cd0ef6|M5|B,
187640596,183433155,2026-05-06T05:23:59+00:00,1778045039396,1,1,0,183433141,4,0.1,81260.86,0.0,0.0,-1.6600000000000001,0.0,BTCUSD,[sl 81261.44],
187641134,183433544,2026-05-06T05:26:44+00:00,1778045204950,0,0,0,183433544,3,0.1,81194.76,0.0,0.0,0.0,0.0,BTCUSD,OV2|7146a4|M5|B,
187641427,183433753,2026-05-06T05:27:52+00:00,1778045272523,1,1,0,183433544,4,0.1,81174.97,0.0,0.0,-1.98,0.0,BTCUSD,[sl 81176.26],
187653584,183441957,2026-05-06T05:49:48+00:00,1778046588403,0,0,0,183441957,3,0.1,81263.09,0.0,0.0,0.0,0.0,BTCUSD,OV2|2e0b94|M5|B,
187654176,183442333,2026-05-06T05:51:34+00:00,1778046694824,1,1,0,183441957,4,0.1,81245.94,0.0,0.0,-1.72,0.0,BTCUSD,[sl 81246.59],
187654895,183442858,2026-05-06T05:54:28+00:00,1778046868415,0,0,0,183442858,3,0.1,81284.25,0.0,0.0,0.0,0.0,BTCUSD,OV2|e8e89e|M5|B,
187655002,183442934,2026-05-06T05:54:33+00:00,1778046873905,1,1,0,183442858,4,0.1,81267.2,0.0,0.0,-1.71,0.0,BTCUSD,[sl 81267.75],
187656061,183443681,2026-05-06T05:56:10+00:00,1778046970336,0,0,0,183443681,3,0.1,81310.15,0.0,0.0,0.0,0.0,BTCUSD,OV2|bb84ea|M5|B,
187662006,183447832,2026-05-06T06:06:09+00:00,1778047569239,1,1,0,183081248,5,0.1,116.058,0.0,0.16,27.15,0.0,CADJPY,[tp 116.058],
187692860,183470095,2026-05-06T07:27:26+00:00,1778052446414,1,1,0,183082085,4,0.08,157.266,0.0,0.46,-10.79,0.0,USDJPY,[sl 157.327],
187695481,183471794,2026-05-06T07:28:18+00:00,1778052498149,1,0,0,183471794,3,0.1,157.258,0.0,0.0,0.0,0.0,USDJPY,OV2|795ada|M5|S,
187695774,183472000,2026-05-06T07:28:32+00:00,1778052512045,0,1,0,183471794,5,0.1,156.925,0.0,0.0,21.09,0.0,USDJPY,[tp 156.934],
187697837,183473475,2026-05-06T07:30:30+00:00,1778052630017,1,1,0,183342403,5,0.1,1.35801,0.0,0.0,21.0,0.0,GBPUSD,[tp 1.35801],
187698348,183473818,2026-05-06T07:31:18+00:00,1778052678364,0,0,0,183473818,3,0.1,1.35815,0.0,0.0,0.0,0.0,GBPUSD,OV2|62ebe2|M5|B,
187698363,183473828,2026-05-06T07:31:23+00:00,1778052683849,1,0,0,183473828,3,0.06,156.694,0.0,0.0,0.0,0.0,USDJPY,OV2|1ea298|M5|S,
187700244,183475088,2026-05-06T07:35:10+00:00,1778052910443,0,1,0,183473828,5,0.06,156.198,0.0,0.0,18.94,0.0,USDJPY,[tp 156.207],
187700552,183475291,2026-05-06T07:36:07+00:00,1778052967220,1,0,0,183475291,3,0.05,156.241,0.0,0.0,0.0,0.0,USDJPY,OV2|ee0c00|M5|S,
187705479,183478759,2026-05-06T07:49:25+00:00,1778053765120,0,1,0,183475291,5,0.05,155.54,0.0,0.0,22.39,0.0,USDJPY,[tp 155.541],
187705782,183478964,2026-05-06T07:49:51+00:00,1778053791072,1,0,0,183478964,3,0.07,155.619,0.0,0.0,0.0,0.0,USDJPY,OV2|101511|M5|S,
187706704,183480166,2026-05-06T07:52:06+00:00,1778053926772,1,1,0,183443681,4,0.1,81291.28,0.0,0.0,-1.8900000000000001,0.0,BTCUSD,[sl 81293.02],
187708264,183483391,2026-05-06T07:57:52+00:00,1778054272493,0,1,0,183478964,4,0.07,155.771,0.0,0.0,-6.87,0.0,USDJPY,[sl 155.769],
187708523,183483803,2026-05-06T07:59:01+00:00,1778054341494,1,0,0,183483803,3,0.07,155.736,0.0,0.0,0.0,0.0,USDJPY,OV2|ae9cf4|M5|S,
187708712,183484052,2026-05-06T07:59:50+00:00,1778054390301,0,1,0,183483803,4,0.07,155.903,0.0,0.0,-7.54,0.0,USDJPY,[sl 155.885],
187709735,183485044,2026-05-06T08:02:01+00:00,1778054521553,1,0,0,183485044,3,0.07,155.869,0.0,0.0,0.0,0.0,USDJPY,OV2|3cc04b|M5|S,
187709776,183485074,2026-05-06T08:02:21+00:00,1778054541750,0,0,0,183485074,3,0.05,4651.88,0.0,0.0,0.0,0.0,XAUUSD,OV2|6323c1|M5|B,
187711183,183486052,2026-05-06T08:06:57+00:00,1778054817926,0,1,0,183485044,4,0.07,156.03,0.0,0.0,-7.26,0.0,USDJPY,[sl 156.019],
187711554,183486299,2026-05-06T08:08:12+00:00,1778054892328,1,0,0,183486299,3,0.07,156.137,0.0,0.0,0.0,0.0,USDJPY,OV2|49014f|M5|S,
187717069,183490078,2026-05-06T08:18:35+00:00,1778055515852,0,1,0,183486299,4,0.07,156.287,0.0,0.0,-6.76,0.0,USDJPY,[sl 156.287],
187717131,183490116,2026-05-06T08:19:00+00:00,1778055540307,1,0,0,183490116,3,0.07,156.257,0.0,0.0,0.0,0.0,USDJPY,OV2|1698f9|M5|S,
187720157,183492318,2026-05-06T08:30:06+00:00,1778056206454,1,1,0,183485074,4,0.05,4649.32,0.0,0.0,-12.8,0.0,XAUUSD,[sl 4649.38],
187720732,183492677,2026-05-06T08:31:21+00:00,1778056281041,1,0,0,183492677,3,0.1,81220.24,0.0,0.0,0.0,0.0,BTCUSD,OV2|d7e548|H1|S,
187720759,183492693,2026-05-06T08:31:28+00:00,1778056288337,0,0,0,183492693,3,0.05,4648.8,0.0,0.0,0.0,0.0,XAUUSD,OV2|3efa4a|M5|B,
187720857,183492754,2026-05-06T08:31:40+00:00,1778056300646,0,1,0,183492677,4,0.1,81236.81,0.0,0.0,-1.6600000000000001,0.0,BTCUSD,[sl 81236.74],
187721155,183492979,2026-05-06T08:32:07+00:00,1778056327883,1,1,0,183492693,4,0.05,4646.1,0.0,0.0,-13.5,0.0,XAUUSD,[sl 4646.30],
187721557,183493207,2026-05-06T08:33:00+00:00,1778056380242,1,0,0,183493207,3,0.1,81195.37,0.0,0.0,0.0,0.0,BTCUSD,OV2|7a3cbf|M5|S,
187721604,183493236,2026-05-06T08:33:10+00:00,1778056390639,0,0,0,183493236,3,0.05,4647.17,0.0,0.0,0.0,0.0,XAUUSD,OV2|36d505|M5|B,
187721651,183493267,2026-05-06T08:33:22+00:00,1778056402648,0,1,0,183493207,4,0.1,81217.09,0.0,0.0,-2.17,0.0,BTCUSD,[sl 81211.87],
187722244,183493675,2026-05-06T08:34:33+00:00,1778056473456,1,0,0,183493675,3,0.1,81200.0,0.0,0.0,0.0,0.0,BTCUSD,OV2|d98338|M5|S,
187722700,183493978,2026-05-06T08:36:37+00:00,1778056597075,1,1,0,183493236,4,0.05,4644.67,0.0,0.0,-12.5,0.0,XAUUSD,[sl 4644.67],
187723817,183494638,2026-05-06T08:37:28+00:00,1778056648453,0,0,0,183494638,3,0.05,4645.65,0.0,0.0,0.0,0.0,XAUUSD,OV2|dc6e62|M5|B,
187728369,183498345,2026-05-06T08:47:59+00:00,1778057279898,0,1,0,183493675,4,0.1,81216.68,0.0,0.0,-1.67,0.0,BTCUSD,[sl 81216.50],
187728549,183498512,2026-05-06T08:48:30+00:00,1778057310016,1,0,0,183498512,3,0.1,81212.86,0.0,0.0,0.0,0.0,BTCUSD,OV2|bbd260|M5|S,
187728773,183498693,2026-05-06T08:49:12+00:00,1778057352544,0,1,0,183498512,4,0.1,81234.53,0.0,0.0,-2.17,0.0,BTCUSD,[sl 81234.11],
187728956,183498847,2026-05-06T08:49:57+00:00,1778057397545,1,0,0,183498847,3,0.1,81230.3,0.0,0.0,0.0,0.0,BTCUSD,OV2|3968ef|M5|S,
187728991,183498873,2026-05-06T08:50:02+00:00,1778057402983,0,1,0,183498847,4,0.1,81250.8,0.0,0.0,-2.05,0.0,BTCUSD,[sl 81246.80],
187729406,183499193,2026-05-06T08:51:20+00:00,1778057480427,1,0,0,183499193,3,0.1,81233.33,0.0,0.0,0.0,0.0,BTCUSD,OV2|b46d9c|M5|S,
187731677,183500941,2026-05-06T08:56:12+00:00,1778057772395,0,1,0,183499193,4,0.1,81253.3,0.0,0.0,-2.0,0.0,BTCUSD,[sl 81249.83],
187734517,183502703,2026-05-06T08:57:28+00:00,1778057848617,1,0,0,183502703,3,0.1,81273.38,0.0,0.0,0.0,0.0,BTCUSD,OV2|8466ce|M5|S,
187734811,183502996,2026-05-06T08:58:19+00:00,1778057899615,1,1,0,183494638,5,0.05,4661.76,0.0,0.0,80.55,0.0,XAUUSD,[tp 4661.69],
187735736,183503478,2026-05-06T08:58:42+00:00,1778057922664,0,1,0,183502703,4,0.1,81292.11,0.0,0.0,-1.87,0.0,BTCUSD,[sl 81289.88],
187736443,183503951,2026-05-06T08:59:05+00:00,1778057945974,1,0,0,183503951,3,0.1,81307.8,0.0,0.0,0.0,0.0,BTCUSD,OV2|4c09ac|M5|S,
187736468,183503968,2026-05-06T08:59:11+00:00,1778057951172,0,0,0,183503968,3,0.05,4663.68,0.0,0.0,0.0,0.0,XAUUSD,OV2|653866|M5|B,
187737178,183504634,2026-05-06T09:00:07+00:00,1778058007725,0,1,0,183503951,4,0.1,81326.7,0.0,0.0,-1.8900000000000001,0.0,BTCUSD,[sl 81326.30],
187737631,183505032,2026-05-06T09:00:38+00:00,1778058038640,1,0,0,183505032,3,0.1,81341.18,0.0,0.0,0.0,0.0,BTCUSD,OV2|aee544|M5|S,
187738801,183505938,2026-05-06T09:01:29+00:00,1778058089760,0,1,0,183505032,4,0.1,81363.61,0.0,0.0,-2.24,0.0,BTCUSD,[sl 81358.66],
187739356,183506356,2026-05-06T09:02:22+00:00,1778058142755,1,0,0,183506356,3,0.1,81320.26,0.0,0.0,0.0,0.0,BTCUSD,OV2|2a64d5|M5|S,
187739407,183506390,2026-05-06T09:02:25+00:00,1778058145043,1,1,0,183503968,4,0.05,4661.17,0.0,0.0,-12.55,0.0,XAUUSD,[sl 4661.18],
187739565,183506510,2026-05-06T09:02:33+00:00,1778058153717,0,1,0,183506356,4,0.1,81338.08,0.0,0.0,-1.78,0.0,BTCUSD,[sl 81336.76],
187740336,183507155,2026-05-06T09:03:41+00:00,1778058221685,0,1,0,183490116,4,0.07,156.408,0.0,0.0,-6.8,0.0,USDJPY,[sl 156.407],
187740397,183507198,2026-05-06T09:03:44+00:00,1778058224504,1,0,0,183507198,3,0.1,81352.22,0.0,0.0,0.0,0.0,BTCUSD,OV2|7650ec|M5|S,
187740505,183507275,2026-05-06T09:03:54+00:00,1778058234501,0,0,0,183507275,3,0.05,4660.77,0.0,0.0,0.0,0.0,XAUUSD,OV2|9e1e4e|M5|B,
187740557,183507312,2026-05-06T09:03:59+00:00,1778058239674,1,0,0,183507312,3,0.1,156.399,0.0,0.0,0.0,0.0,USDJPY,OV2|62a9db|M5|S,
187740726,183507427,2026-05-06T09:04:26+00:00,1778058266762,0,1,0,183507198,4,0.1,81369.26,0.0,0.0,-1.7,0.0,BTCUSD,[sl 81368.72],
187741284,183507807,2026-05-06T09:05:02+00:00,1778058302241,1,1,0,183507275,4,0.05,4658.19,0.0,0.0,-12.9,0.0,XAUUSD,[sl 4658.27],
187742079,183508380,2026-05-06T09:06:45+00:00,1778058405605,0,0,0,183508380,3,0.05,4658.47,0.0,0.0,0.0,0.0,XAUUSD,OV2|f4d813|M5|B,
187742116,183508407,2026-05-06T09:07:00+00:00,1778058420050,1,0,0,183508407,3,0.1,81334.34,0.0,0.0,0.0,0.0,BTCUSD,OV2|b113e6|M5|S,
187750157,183514069,2026-05-06T09:28:15+00:00,1778059695708,0,1,0,183508407,4,0.1,81352.5,0.0,0.0,-1.8199999999999998,0.0,BTCUSD,[sl 81350.84],
187750188,183514092,2026-05-06T09:28:27+00:00,1778059707715,1,0,0,183514092,3,0.1,81338.79,0.0,0.0,0.0,0.0,BTCUSD,OV2|7eb29c|M5|S,
187750213,183514110,2026-05-06T09:28:46+00:00,1778059726313,0,1,0,183514092,4,0.1,81356.06,0.0,0.0,-1.73,0.0,BTCUSD,[sl 81355.29],
187752039,183515606,2026-05-06T09:33:10+00:00,1778059990551,0,0,0,183515606,3,0.1,81392.76,0.0,0.0,0.0,0.0,BTCUSD,OV2|c5c270|M5|B,
187752061,183515619,2026-05-06T09:33:20+00:00,1778060000652,1,1,0,183515606,4,0.1,81375.23,0.0,0.0,-1.75,0.0,BTCUSD,[sl 81376.26],
187753322,183516529,2026-05-06T09:37:37+00:00,1778060257633,0,0,0,183516529,3,0.1,81434.07,0.0,0.0,0.0,0.0,BTCUSD,OV2|7018da|M5|B,
187753418,183516595,2026-05-06T09:37:43+00:00,1778060263798,1,1,0,183516529,4,0.1,81417.49,0.0,0.0,-1.6600000000000001,0.0,BTCUSD,[sl 81417.57],
187754195,183517190,2026-05-06T09:39:05+00:00,1778060345802,0,0,0,183517190,3,0.1,81458.47,0.0,0.0,0.0,0.0,BTCUSD,OV2|e7810e|M5|B,
187754262,183517230,2026-05-06T09:39:12+00:00,1778060352008,1,1,0,183517190,4,0.1,81436.69,0.0,0.0,-2.18,0.0,BTCUSD,[sl 81441.59],
187755790,183518286,2026-05-06T09:42:31+00:00,1778060551427,0,0,0,183518286,3,0.1,81390.16,0.0,0.0,0.0,0.0,BTCUSD,OV2|9f10ff|M5|B,
187765958,183526381,2026-05-06T10:12:28+00:00,1778062348860,0,1,0,183507312,4,0.1,156.481,0.0,0.0,-5.27,0.0,USDJPY,[sl 156.481],
187766457,183526734,2026-05-06T10:13:19+00:00,1778062399906,1,0,0,183526734,3,0.1,156.51,0.0,0.0,0.0,0.0,USDJPY,OV2|30842d|M5|S,
187788775,183543268,2026-05-06T10:50:34+00:00,1778064634766,1,1,0,183518286,4,0.1,81373.08,0.0,0.0,-1.71,0.0,BTCUSD,[sl 81373.66],
187789944,183544155,2026-05-06T10:51:42+00:00,1778064702144,0,0,0,183544155,3,0.1,81385.98,0.0,0.0,0.0,0.0,BTCUSD,OV2|cf1288|M5|B,
187790246,183544380,2026-05-06T10:52:16+00:00,1778064736593,1,1,0,183544155,4,0.1,81369.02,0.0,0.0,-1.7,0.0,BTCUSD,[sl 81369.48],
187790454,183544518,2026-05-06T10:52:39+00:00,1778064759903,0,1,0,183526734,5,0.1,156.284,0.0,0.0,14.37,0.0,USDJPY,[tp 156.291],
187790554,183544596,2026-05-06T10:53:09+00:00,1778064789289,0,0,0,183544596,3,0.1,81345.11,0.0,0.0,0.0,0.0,BTCUSD,OV2|46d165|M5|B,
187790632,183544647,2026-05-06T10:53:31+00:00,1778064811008,1,1,0,183544596,4,0.1,81328.5,0.0,0.0,-1.6600000000000001,0.0,BTCUSD,[sl 81328.61],
187790953,183544880,2026-05-06T10:54:46+00:00,1778064886926,0,0,0,183544880,3,0.1,81347.01,0.0,0.0,0.0,0.0,BTCUSD,OV2|eee4c9|M5|B,
187790960,183544889,2026-05-06T10:54:52+00:00,1778064892102,1,0,0,183544889,3,0.1,156.259,0.0,0.0,0.0,0.0,USDJPY,OV2|0f4165|M5|S,
187791168,183545061,2026-05-06T10:55:28+00:00,1778064928514,1,1,0,183544880,4,0.1,81324.57,0.0,0.0,-2.24,0.0,BTCUSD,[sl 81329.54],
187791601,183545350,2026-05-06T10:57:56+00:00,1778065076392,0,0,0,183545350,3,0.1,81345.71,0.0,0.0,0.0,0.0,BTCUSD,OV2|b0daa5|M5|B,
187792170,183545743,2026-05-06T10:58:51+00:00,1778065131392,0,1,0,183544889,5,0.1,155.991,0.0,0.0,17.08,0.0,USDJPY,[tp 155.994],
187792604,183546059,2026-05-06T10:59:13+00:00,1778065153275,1,1,0,183545350,4,0.1,81328.79,0.0,0.0,-1.69,0.0,BTCUSD,[sl 81329.21],
187792998,183546344,2026-05-06T10:59:34+00:00,1778065174310,0,0,0,183546344,3,0.1,81334.84,0.0,0.0,0.0,0.0,BTCUSD,OV2|5d54ac|M5|B,
187793098,183546429,2026-05-06T10:59:35+00:00,1778065175796,1,1,0,183508380,5,0.05,4679.89,0.0,0.0,107.1,0.0,XAUUSD,[tp 4679.44],
187793505,183546648,2026-05-06T10:59:39+00:00,1778065179773,0,0,0,183546648,3,0.05,4680.3,0.0,0.0,0.0,0.0,XAUUSD,OV2|ff6fa0|M5|B,
187795861,183548443,2026-05-06T11:01:02+00:00,1778065262082,1,1,0,183546648,4,0.05,4677.78,0.0,0.0,-12.6,0.0,XAUUSD,[sl 4677.80],
187796116,183548611,2026-05-06T11:01:12+00:00,1778065272179,1,0,0,183548611,3,0.06,156.122,0.0,0.0,0.0,0.0,USDJPY,OV2|a65c04|M5|S,
187796150,183548637,2026-05-06T11:01:14+00:00,1778065274308,1,1,0,183546344,4,0.1,81316.72,0.0,0.0,-1.81,0.0,BTCUSD,[sl 81318.34],
187796810,183549096,2026-05-06T11:02:35+00:00,1778065355745,0,0,0,183549096,3,0.1,81424.6,0.0,0.0,0.0,0.0,BTCUSD,OV2|30f6e9|M5|B,
187796847,183549126,2026-05-06T11:02:45+00:00,1778065365677,0,0,0,183549126,3,0.05,4677.4,0.0,0.0,0.0,0.0,XAUUSD,OV2|d523f6|M5|B,
187797428,183549628,2026-05-06T11:03:50+00:00,1778065430913,0,1,0,183548611,4,0.06,156.276,0.0,0.0,-5.95,0.0,USDJPY,[sl 156.262],
187797471,183549659,2026-05-06T11:03:58+00:00,1778065438534,1,0,0,183549659,3,0.07,156.266,0.0,0.0,0.0,0.0,USDJPY,OV2|bb9c28|M5|S,
187805357,183555516,2026-05-06T11:31:32+00:00,1778067092147,1,1,0,183473818,5,0.1,1.36025,0.0,0.0,21.0,0.0,GBPUSD,[tp 1.36025],
187806118,183556052,2026-05-06T11:33:31+00:00,1778067211265,0,0,0,183556052,3,0.1,1.36082,0.0,0.0,0.0,0.0,GBPUSD,OV2|151412|M5|B,
187807123,183557067,2026-05-06T11:35:13+00:00,1778067313572,1,1,0,183549126,4,0.05,4674.89,0.0,0.0,-12.55,0.0,XAUUSD,[sl 4674.90],
187808607,183558074,2026-05-06T11:36:31+00:00,1778067391671,0,0,0,183558074,3,0.05,4674.96,0.0,0.0,0.0,0.0,XAUUSD,OV2|6c5c6d|M5|B,
187819654,183566308,2026-05-06T11:50:41+00:00,1778068241653,1,1,0,183558074,5,0.05,4695.57,0.0,0.0,103.05,0.0,XAUUSD,[tp 4695.14],
187826227,183570772,2026-05-06T11:52:01+00:00,1778068321277,0,0,0,183570772,3,0.05,4693.52,0.0,0.0,0.0,0.0,XAUUSD,OV2|0d7a4c|M5|B,
187827655,183571911,2026-05-06T11:52:38+00:00,1778068358360,1,1,0,183549096,5,0.1,81887.94,0.0,0.0,46.33,0.0,BTCUSD,[tp 81884.77],
187828387,183572433,2026-05-06T11:52:50+00:00,1778068370882,1,1,0,183556052,5,0.1,1.36306,0.0,0.0,22.4,0.0,GBPUSD,[tp 1.36304],
187829796,183573555,2026-05-06T11:53:39+00:00,1778068419163,0,0,0,183573555,3,0.1,1.36285,0.0,0.0,0.0,0.0,GBPUSD,OV2|04572e|M5|B,
187829874,183573641,2026-05-06T11:53:44+00:00,1778068424454,0,0,0,183573641,3,0.1,81905.8,0.0,0.0,0.0,0.0,BTCUSD,OV2|8dfaaf|M5|B,
187829985,183573725,2026-05-06T11:53:47+00:00,1778068427153,1,1,0,183573641,4,0.1,81885.89,0.0,0.0,-1.99,0.0,BTCUSD,[sl 81889.30],
187831675,183575204,2026-05-06T11:54:57+00:00,1778068497954,0,0,0,183575204,3,0.1,81916.67,0.0,0.0,0.0,0.0,BTCUSD,OV2|77bed0|M5|B,
187831875,183575366,2026-05-06T11:55:06+00:00,1778068506336,1,1,0,183575204,4,0.1,81889.56,0.0,0.0,-2.71,0.0,BTCUSD,[sl 81900.17],
187833361,183576509,2026-05-06T11:56:30+00:00,1778068590934,0,0,0,183576509,3,0.1,81935.97,0.0,0.0,0.0,0.0,BTCUSD,OV2|791474|M5|B,
187833414,183576546,2026-05-06T11:56:33+00:00,1778068593418,1,1,0,183576509,4,0.1,81919.22,0.0,0.0,-1.6800000000000002,0.0,BTCUSD,[sl 81920.68],
187835062,183578170,2026-05-06T11:58:19+00:00,1778068699824,0,0,0,183578170,3,0.1,81925.49,0.0,0.0,0.0,0.0,BTCUSD,OV2|6c88c0|M5|B,
187835541,183578583,2026-05-06T11:58:57+00:00,1778068737569,1,1,0,183578170,4,0.1,81908.46,0.0,0.0,-1.7,0.0,BTCUSD,[sl 81908.71],
187836379,183579291,2026-05-06T11:59:42+00:00,1778068782444,0,0,0,183579291,3,0.1,81933.54,0.0,0.0,0.0,0.0,BTCUSD,OV2|8c689d|M5|B,
187838913,183581299,2026-05-06T12:00:20+00:00,1778068820803,1,1,0,183579291,4,0.1,81915.89,0.0,0.0,-1.77,0.0,BTCUSD,[sl 81917.04],
187840549,183582756,2026-05-06T12:01:20+00:00,1778068880189,0,0,0,183582756,3,0.1,81836.12,0.0,0.0,0.0,0.0,BTCUSD,OV2|d56c19|M5|B,
187840553,183582759,2026-05-06T12:01:20+00:00,1778068880398,1,1,0,183582756,4,0.1,81818.19,0.0,0.0,-1.79,0.0,BTCUSD,[sl 81819.62],
187841218,183583245,2026-05-06T12:02:19+00:00,1778068939548,1,1,0,183573555,4,0.1,1.3620999999999999,0.0,0.0,-7.5,0.0,GBPUSD,[sl 1.36212],
187841594,183583492,2026-05-06T12:02:42+00:00,1778068962793,0,0,0,183583492,3,0.1,1.36194,0.0,0.0,0.0,0.0,GBPUSD,OV2|3ba647|M5|B,
187841672,183583551,2026-05-06T12:02:47+00:00,1778068967990,0,0,0,183583551,3,0.1,81794.25,0.0,0.0,0.0,0.0,BTCUSD,OV2|37fdf9|M5|B,
187841718,183583588,2026-05-06T12:02:51+00:00,1778068971899,1,1,0,183583551,4,0.1,81779.65,0.0,0.0,-1.46,0.0,BTCUSD,[sl 81780.67],
187843098,183584511,2026-05-06T12:04:30+00:00,1778069070738,0,0,0,183584511,3,0.1,81777.34,0.0,0.0,0.0,0.0,BTCUSD,OV2|127254|M5|B,
187843714,183584908,2026-05-06T12:05:02+00:00,1778069102691,1,1,0,183570772,4,0.05,4690.91,0.0,0.0,-13.05,0.0,XAUUSD,[sl 4691.02],
187844477,183585408,2026-05-06T12:05:56+00:00,1778069156329,0,0,0,183585408,3,0.05,4690.28,0.0,0.0,0.0,0.0,XAUUSD,OV2|bf6f4a|H1|B,
187851930,183590946,2026-05-06T12:21:57+00:00,1778070117599,1,1,0,183584511,4,0.1,81760.23,0.0,0.0,-1.71,0.0,BTCUSD,[sl 81760.84],
187852499,183591339,2026-05-06T12:22:51+00:00,1778070171710,0,0,0,183591339,3,0.1,81745.63,0.0,0.0,0.0,0.0,BTCUSD,OV2|fccecc|M5|B,
187852512,183591346,2026-05-06T12:22:52+00:00,1778070172175,1,1,0,183591339,4,0.1,81726.23,0.0,0.0,-1.94,0.0,BTCUSD,[sl 81729.13],
187853030,183591735,2026-05-06T12:24:24+00:00,1778070264230,0,0,0,183591735,3,0.1,81712.02,0.0,0.0,0.0,0.0,BTCUSD,OV2|96cc55|M5|B,
187853225,183591875,2026-05-06T12:25:09+00:00,1778070309045,1,1,0,183591735,4,0.1,81692.02,0.0,0.0,-2.0,0.0,BTCUSD,[sl 81695.52],
187853413,183592013,2026-05-06T12:26:07+00:00,1778070367938,0,0,0,183592013,3,0.1,81715.41,0.0,0.0,0.0,0.0,BTCUSD,OV2|a16511|M5|B,
187900486,183633990,2026-05-06T13:51:03+00:00,1778075463966,0,1,0,183549659,5,0.07,155.732,0.0,0.0,23.86,0.0,USDJPY,[tp 155.732],
187901107,183634409,2026-05-06T13:52:26+00:00,1778075546280,1,0,0,183634409,3,0.1,155.724,0.0,0.0,0.0,0.0,USDJPY,OV2|f485d1|M5|S,
187904137,183636467,2026-05-06T13:54:06+00:00,1778075646831,1,1,0,183585408,5,0.05,4722.82,0.0,0.0,162.7,0.0,XAUUSD,[tp 4722.72],
187907003,183638844,2026-05-06T13:56:59+00:00,1778075819394,0,0,0,183638844,3,0.05,4717.41,0.0,0.0,0.0,0.0,XAUUSD,OV2|613a66|M5|B,
187909921,183641191,2026-05-06T14:02:24+00:00,1778076144229,1,1,0,183638844,4,0.05,4714.67,0.0,0.0,-13.7,0.0,XAUUSD,[sl 4714.91],
187910650,183641665,2026-05-06T14:03:11+00:00,1778076191017,0,0,0,183641665,3,0.05,4713.35,0.0,0.0,0.0,0.0,XAUUSD,OV2|4f44ab|M5|B,
187911456,183642531,2026-05-06T14:05:01+00:00,1778076301229,0,1,0,183634409,4,0.1,155.815,0.0,0.0,-5.88,0.0,USDJPY,[sl 155.815],
187912467,183643214,2026-05-06T14:06:31+00:00,1778076391205,1,0,0,183643214,3,0.1,155.806,0.0,0.0,0.0,0.0,USDJPY,OV2|b6fd93|M5|S,
187915538,183645977,2026-05-06T14:12:36+00:00,1778076756119,1,1,0,183641665,4,0.05,4710.72,0.0,0.0,-13.15,0.0,XAUUSD,[sl 4710.72],
187915786,183646110,2026-05-06T14:12:40+00:00,1778076760694,0,0,0,183646110,3,0.05,4710.76,0.0,0.0,0.0,0.0,XAUUSD,OV2|7331c8|M5|B,
187916226,183646383,2026-05-06T14:13:08+00:00,1778076788421,0,1,0,183643214,4,0.1,155.907,0.0,0.0,-6.52,0.0,USDJPY,[sl 155.907],
187916715,183646705,2026-05-06T14:14:03+00:00,1778076843549,1,0,0,183646705,3,0.1,155.895,0.0,0.0,0.0,0.0,USDJPY,OV2|a4e79e|M5|S,
187917963,183647780,2026-05-06T14:17:32+00:00,1778077052863,1,1,0,183592013,5,0.1,82563.3,0.0,0.0,84.79,0.0,BTCUSD,[tp 82560.25],
187918329,183648138,2026-05-06T14:18:37+00:00,1778077117218,0,0,0,183648138,3,0.1,82560.34,0.0,0.0,0.0,0.0,BTCUSD,OV2|1918c6|M5|B,
187918335,183648143,2026-05-06T14:18:39+00:00,1778077119611,1,1,0,183648138,4,0.1,82539.63,0.0,0.0,-2.07,0.0,BTCUSD,[sl 82543.84],
187919234,183648817,2026-05-06T14:21:52+00:00,1778077312044,0,0,0,183648817,3,0.1,82676.53,0.0,0.0,0.0,0.0,BTCUSD,OV2|49cfc1|M5|B,
187920895,183650005,2026-05-06T14:27:19+00:00,1778077639786,1,1,0,183648817,4,0.1,82632.63,0.0,0.0,-4.39,0.0,BTCUSD,[sl 82657.64],
187921012,183650244,2026-05-06T14:27:49+00:00,1778077669731,0,0,0,183650244,3,0.1,82671.9,0.0,0.0,0.0,0.0,BTCUSD,OV2|a16f95|M5|B,
187921392,183650631,2026-05-06T14:28:55+00:00,1778077735475,1,1,0,183646110,4,0.05,4708.22,0.0,0.0,-12.7,0.0,XAUUSD,[sl 4708.26],
187921493,183650693,2026-05-06T14:28:57+00:00,1778077737109,1,1,0,183650244,4,0.1,82652.5,0.0,0.0,-1.94,0.0,BTCUSD,[sl 82652.67],
187921691,183650814,2026-05-06T14:29:22+00:00,1778077762750,0,0,0,183650814,3,0.05,4708.71,0.0,0.0,0.0,0.0,XAUUSD,OV2|54704f|M5|B,
187921714,183650829,2026-05-06T14:29:28+00:00,1778077768211,0,0,0,183650829,3,0.1,82696.06,0.0,0.0,0.0,0.0,BTCUSD,OV2|ce1753|M5|B,
187921942,183650978,2026-05-06T14:29:43+00:00,1778077783709,1,1,0,183650829,4,0.1,82679.38,0.0,0.0,-1.67,0.0,BTCUSD,[sl 82679.56],
187922193,183651108,2026-05-06T14:29:51+00:00,1778077791031,1,1,0,183650814,4,0.05,4706.15,0.0,0.0,-12.8,0.0,XAUUSD,[sl 4706.21],
187923337,183652221,2026-05-06T14:31:00+00:00,1778077860783,0,0,0,183652221,3,0.1,82680.69,0.0,0.0,0.0,0.0,BTCUSD,OV2|7c10c9|M5|B,
187924541,183653135,2026-05-06T14:32:28+00:00,1778077948789,0,0,0,183653135,3,0.05,4710.71,0.0,0.0,0.0,0.0,XAUUSD,OV2|a571e4|M5|B,
187924633,183653191,2026-05-06T14:32:39+00:00,1778077959151,1,1,0,183652221,4,0.1,82663.97,0.0,0.0,-1.67,0.0,BTCUSD,[sl 82664.19],
187924687,183653277,2026-05-06T14:32:48+00:00,1778077968935,0,0,0,183653277,3,0.1,82662.45,0.0,0.0,0.0,0.0,BTCUSD,OV2|83c274|M5|B,
187924700,183653340,2026-05-06T14:32:58+00:00,1778077978999,1,1,0,183653277,4,0.1,82645.85,0.0,0.0,-1.6600000000000001,0.0,BTCUSD,[sl 82645.95],
187925651,183654196,2026-05-06T14:34:11+00:00,1778078051759,0,0,0,183654196,3,0.1,82654.36,0.0,0.0,0.0,0.0,BTCUSD,OV2|e7ffc5|M5|B,
187929321,183656801,2026-05-06T14:40:48+00:00,1778078448693,1,1,0,183653135,4,0.05,4708.2,0.0,0.0,-12.55,0.0,XAUUSD,[sl 4708.29],
187929951,183657399,2026-05-06T14:41:25+00:00,1778078485978,1,1,0,183654196,4,0.1,82636.65,0.0,0.0,-1.77,0.0,BTCUSD,[sl 82637.86],
187930438,183657869,2026-05-06T14:41:47+00:00,1778078507331,0,1,0,183646705,4,0.1,155.998,0.0,0.0,-6.64,0.0,USDJPY,[sl 155.998],
187931152,183658337,2026-05-06T14:41:54+00:00,1778078514115,1,0,0,183658337,3,0.1,155.961,0.0,0.0,0.0,0.0,USDJPY,OV2|c74dbd|M5|S,
187931228,183658396,2026-05-06T14:41:59+00:00,1778078519685,0,0,0,183658396,3,0.05,4707.85,0.0,0.0,0.0,0.0,XAUUSD,OV2|9486f4|M5|B,
187931318,183658467,2026-05-06T14:42:05+00:00,1778078525035,0,0,0,183658467,3,0.1,82550.53,0.0,0.0,0.0,0.0,BTCUSD,OV2|186601|M5|B,
187931324,183658472,2026-05-06T14:42:05+00:00,1778078525670,1,1,0,183658467,4,0.1,82533.08,0.0,0.0,-1.75,0.0,BTCUSD,[sl 82534.03],
187931573,183658664,2026-05-06T14:42:22+00:00,1778078542507,1,1,0,183658396,4,0.05,4705.32,0.0,0.0,-12.65,0.0,XAUUSD,[sl 4705.35],
187931817,183658827,2026-05-06T14:42:56+00:00,1778078576490,0,1,0,183658337,4,0.1,156.045,0.0,0.0,-5.41,0.0,USDJPY,[sl 156.044],
187933302,183659824,2026-05-06T14:43:17+00:00,1778078597650,0,0,0,183659824,3,0.05,4700.68,0.0,0.0,0.0,0.0,XAUUSD,OV2|e23fb9|M5|B,
187933567,183660001,2026-05-06T14:43:27+00:00,1778078607999,0,0,0,183660001,3,0.1,82507.24,0.0,0.0,0.0,0.0,BTCUSD,OV2|298211|M5|B,
187933631,183660048,2026-05-06T14:43:33+00:00,1778078613116,1,0,0,183660048,3,0.1,156.048,0.0,0.0,0.0,0.0,USDJPY,OV2|538eb9|M5|S,
187933767,183660140,2026-05-06T14:43:46+00:00,1778078626438,1,1,0,183660001,4,0.1,82490.28,0.0,0.0,-1.7,0.0,BTCUSD,[sl 82490.74],
187934189,183660483,2026-05-06T14:44:11+00:00,1778078651562,1,1,0,183659824,4,0.05,4697.6,0.0,0.0,-15.4,0.0,XAUUSD,[sl 4698.18],
187936191,183661852,2026-05-06T14:46:23+00:00,1778078783856,0,0,0,183661852,3,0.1,82487.75,0.0,0.0,0.0,0.0,BTCUSD,OV2|a2ab1d|M5|B,
187944310,183667578,2026-05-06T15:00:35+00:00,1778079635147,0,1,0,183660048,4,0.1,156.137,0.0,0.0,-5.73,0.0,USDJPY,[sl 156.137],
187946013,183668646,2026-05-06T15:01:40+00:00,1778079700980,1,1,0,183661852,4,0.1,82467.55,0.0,0.0,-2.02,0.0,BTCUSD,[sl 82471.25],
187946812,183669158,2026-05-06T15:02:04+00:00,1778079724714,0,0,0,183669158,3,0.1,82476.43,0.0,0.0,0.0,0.0,BTCUSD,OV2|818d19|M5|B,
187946844,183669178,2026-05-06T15:02:08+00:00,1778079728721,1,1,0,183669158,4,0.1,82458.9,0.0,0.0,-1.75,0.0,BTCUSD,[sl 82459.93],
187947867,183669896,2026-05-06T15:03:27+00:00,1778079807936,0,0,0,183669896,3,0.1,82403.92,0.0,0.0,0.0,0.0,BTCUSD,OV2|3036dd|M5|B,
187948315,183670189,2026-05-06T15:03:51+00:00,1778079831786,1,1,0,183669896,4,0.1,82386.47,0.0,0.0,-1.75,0.0,BTCUSD,[sl 82387.42],
187951011,183671942,2026-05-06T15:06:39+00:00,1778079999090,0,0,0,183671942,3,0.1,82344.23,0.0,0.0,0.0,0.0,BTCUSD,OV2|704e97|M5|B,
187951051,183672022,2026-05-06T15:06:40+00:00,1778080000190,1,1,0,183671942,4,0.1,82326.98,0.0,0.0,-1.73,0.0,BTCUSD,[sl 82327.73],
187952470,183672902,2026-05-06T15:08:22+00:00,1778080102072,0,0,0,183672902,3,0.1,82396.76,0.0,0.0,0.0,0.0,BTCUSD,OV2|53303c|M5|B,
187952779,183673116,2026-05-06T15:09:04+00:00,1778080144237,1,1,0,183672902,4,0.1,82373.29,0.0,0.0,-2.35,0.0,BTCUSD,[sl 82378.26],
187953043,183673322,2026-05-06T15:09:44+00:00,1778080184808,0,0,0,183673322,3,0.1,82364.99,0.0,0.0,0.0,0.0,BTCUSD,OV2|da3586|M5|B,
187953074,183673344,2026-05-06T15:09:48+00:00,1778080188866,1,1,0,183673322,4,0.1,82345.33,0.0,0.0,-1.97,0.0,BTCUSD,[sl 82348.49],
187955523,183674920,2026-05-06T15:11:28+00:00,1778080288932,0,0,0,183674920,3,0.1,82335.57,0.0,0.0,0.0,0.0,BTCUSD,OV2|4d0ef6|M5|B,
187955554,183674944,2026-05-06T15:11:34+00:00,1778080294788,1,1,0,183674920,4,0.1,82318.84,0.0,0.0,-1.67,0.0,BTCUSD,[sl 82319.07],
187956247,183675401,2026-05-06T15:12:57+00:00,1778080377125,0,0,0,183675401,3,0.1,82306.57,0.0,0.0,0.0,0.0,BTCUSD,OV2|710622|M5|B,
187957669,183676313,2026-05-06T15:14:23+00:00,1778080463266,1,1,0,183583492,4,0.1,1.36114,0.0,0.0,-8.0,0.0,GBPUSD,[sl 1.36118],
187957814,183676456,2026-05-06T15:14:33+00:00,1778080473756,1,1,0,183675401,4,0.1,82284.42,0.0,0.0,-2.22,0.0,BTCUSD,[sl 82290.07],
187961947,183679174,2026-05-06T15:15:57+00:00,1778080557811,0,0,0,183679174,3,0.1,82306.93,0.0,0.0,0.0,0.0,BTCUSD,OV2|cadc41|M5|B,
187962002,183679219,2026-05-06T15:16:01+00:00,1778080561216,1,1,0,183679174,4,0.1,82286.72,0.0,0.0,-2.02,0.0,BTCUSD,[sl 82290.43],
187963347,183680112,2026-05-06T15:17:45+00:00,1778080665526,0,0,0,183680112,3,0.1,82256.22,0.0,0.0,0.0,0.0,BTCUSD,OV2|f16893|M5|B,
187965841,183681680,2026-05-06T15:19:08+00:00,1778080748307,1,1,0,183680112,4,0.1,82236.1,0.0,0.0,-2.01,0.0,BTCUSD,[sl 82239.72],
187972374,183685779,2026-05-06T15:22:23+00:00,1778080943381,0,0,0,183685779,3,0.1,82447.75,0.0,0.0,0.0,0.0,BTCUSD,OV2|aafe8a|M5|B,
187972585,183685930,2026-05-06T15:22:46+00:00,1778080966372,1,1,0,183685779,4,0.1,82431.17,0.0,0.0,-1.6600000000000001,0.0,BTCUSD,[sl 82431.25],
187973003,183686223,2026-05-06T15:23:36+00:00,1778081016059,0,0,0,183686223,3,0.1,82468.31,0.0,0.0,0.0,0.0,BTCUSD,OV2|4b294e|M5|B,
187973738,183686721,2026-05-06T15:24:01+00:00,1778081041436,1,1,0,183686223,4,0.1,82450.11,0.0,0.0,-1.8199999999999998,0.0,BTCUSD,[sl 82451.81],
187976306,183688401,2026-05-06T15:26:46+00:00,1778081206097,0,0,0,183688401,3,0.1,82410.78,0.0,0.0,0.0,0.0,BTCUSD,OV2|b16cc4|M5|B,
187976730,183688711,2026-05-06T15:27:49+00:00,1778081269497,1,1,0,183688401,4,0.1,82394.14,0.0,0.0,-1.6600000000000001,0.0,BTCUSD,[sl 82394.69],
187977609,183689303,2026-05-06T15:28:32+00:00,1778081312910,0,0,0,183689303,3,0.1,82386.82,0.0,0.0,0.0,0.0,BTCUSD,OV2|0ba7ee|M5|B,
187979350,183690526,2026-05-06T15:30:33+00:00,1778081433399,1,1,0,183689303,4,0.1,82368.99,0.0,0.0,-1.78,0.0,BTCUSD,[sl 82370.32],
187981745,183692190,2026-05-06T15:33:06+00:00,1778081586323,0,0,0,183692190,3,0.1,82412.22,0.0,0.0,0.0,0.0,BTCUSD,OV2|a2c881|M5|B,
187981896,183692307,2026-05-06T15:33:21+00:00,1778081601114,1,1,0,183692190,4,0.1,82395.49,0.0,0.0,-1.67,0.0,BTCUSD,[sl 82395.72],
187982432,183692728,2026-05-06T15:34:34+00:00,1778081674067,0,0,0,183692728,3,0.1,82389.88,0.0,0.0,0.0,0.0,BTCUSD,OV2|4da286|M5|B,
187983231,183693301,2026-05-06T15:37:18+00:00,1778081838170,1,1,0,183692728,4,0.1,82367.11,0.0,0.0,-2.2800000000000002,0.0,BTCUSD,[sl 82373.38],
187983375,183693382,2026-05-06T15:37:33+00:00,1778081853786,0,0,0,183693382,3,0.1,82354.86,0.0,0.0,0.0,0.0,BTCUSD,OV2|5e5c8a|M5|B,
187983873,183693702,2026-05-06T15:38:56+00:00,1778081936236,1,1,0,183693382,4,0.1,82336.79,0.0,0.0,-1.81,0.0,BTCUSD,[sl 82338.36],
187983944,183693742,2026-05-06T15:39:17+00:00,1778081957576,0,0,0,183693742,3,0.1,82333.52,0.0,0.0,0.0,0.0,BTCUSD,OV2|e72d7a|M5|B,
187984166,183693912,2026-05-06T15:40:13+00:00,1778082013595,1,1,0,183693742,4,0.1,82314.97,0.0,0.0,-1.8599999999999999,0.0,BTCUSD,[sl 82317.02],
187984804,183694374,2026-05-06T15:42:11+00:00,1778082131709,0,0,0,183694374,3,0.1,82317.13,0.0,0.0,0.0,0.0,BTCUSD,OV2|29bad9|M5|B,
187985307,183694755,2026-05-06T15:44:03+00:00,1778082243703,1,1,0,183694374,4,0.1,82296.42,0.0,0.0,-2.07,0.0,BTCUSD,[sl 82300.63],
188000072,183705762,2026-05-06T16:07:06+00:00,1778083626364,1,0,0,183705762,3,0.05,4679.85,0.0,0.0,0.0,0.0,XAUUSD,OV2|ca7f80|M5|S,
188000431,183706092,2026-05-06T16:07:40+00:00,1778083660273,0,1,0,183705762,4,0.05,4682.36,0.0,0.0,-12.55,0.0,XAUUSD,[sl 4682.35],
188002985,183707688,2026-05-06T16:08:44+00:00,1778083724269,1,0,0,183707688,3,0.05,4670.57,0.0,0.0,0.0,0.0,XAUUSD,OV2|ee3176|M5|S,
188003135,183707793,2026-05-06T16:08:50+00:00,1778083730257,0,1,0,183707688,4,0.05,4673.11,0.0,0.0,-12.7,0.0,XAUUSD,[sl 4673.07],
188006156,183710012,2026-05-06T16:11:35+00:00,1778083895520,1,0,0,183710012,3,0.05,4679.58,0.0,0.0,0.0,0.0,XAUUSD,OV2|b08ae3|M5|S,
188007707,183711151,2026-05-06T16:14:23+00:00,1778084063979,0,1,0,183710012,4,0.05,4682.08,0.0,0.0,-12.5,0.0,XAUUSD,[sl 4682.07],
188010441,183713017,2026-05-06T16:16:29+00:00,1778084189054,1,0,0,183713017,3,0.05,4685.02,0.0,0.0,0.0,0.0,XAUUSD,OV2|a31a90|M5|S,
188011565,183713857,2026-05-06T16:19:20+00:00,1778084360312,0,0,0,183713857,3,0.1,156.24,0.0,0.0,0.0,0.0,USDJPY,OV2|c071d5|M5|B,
188013421,183715196,2026-05-06T16:22:25+00:00,1778084545454,1,0,0,183715196,3,0.1,1.17509,0.0,0.0,0.0,0.0,EURUSD,OV2|2f5433|M5|S,
188017909,183719014,2026-05-06T16:31:12+00:00,1778085072231,0,1,0,183713017,4,0.05,4687.84,0.0,0.0,-14.1,0.0,XAUUSD,[sl 4687.52],
188018866,183719678,2026-05-06T16:31:48+00:00,1778085108631,1,0,0,183719678,3,0.05,4687.34,0.0,0.0,0.0,0.0,XAUUSD,OV2|002890|M5|S,
188019600,183720226,2026-05-06T16:32:19+00:00,1778085139342,0,1,0,183719678,4,0.05,4689.87,0.0,0.0,-12.65,0.0,XAUUSD,[sl 4689.84],
188021603,183721805,2026-05-06T16:33:21+00:00,1778085201112,1,0,0,183721805,3,0.05,4689.26,0.0,0.0,0.0,0.0,XAUUSD,OV2|196a8b|M5|S,
188021701,183721902,2026-05-06T16:33:27+00:00,1778085207467,0,1,0,183721805,4,0.05,4691.96,0.0,0.0,-13.5,0.0,XAUUSD,[sl 4691.76],
188024556,183723950,2026-05-06T16:34:37+00:00,1778085277664,1,1,0,183713857,4,0.1,156.159,0.0,0.0,-5.22,0.0,USDJPY,[sl 156.160],
188035179,183731624,2026-05-06T16:47:08+00:00,1778086028389,1,0,0,183731624,3,0.1,81624.01,0.0,0.0,0.0,0.0,BTCUSD,OV2|189a65|M5|S,
188035181,183731626,2026-05-06T16:47:08+00:00,1778086028619,0,1,0,183731624,4,0.1,81642.01,0.0,0.0,-1.8,0.0,BTCUSD,[sl 81640.51],
188035250,183731669,2026-05-06T16:47:13+00:00,1778086033750,0,0,0,183731669,3,0.05,4693.89,0.0,0.0,0.0,0.0,XAUUSD,OV2|50089b|M5|B,
188036439,183732541,2026-05-06T16:48:42+00:00,1778086122010,1,0,0,183732541,3,0.1,81695.29,0.0,0.0,0.0,0.0,BTCUSD,OV2|0770c5|M5|S,
188036471,183732561,2026-05-06T16:48:45+00:00,1778086125270,0,1,0,183732541,4,0.1,81723.68,0.0,0.0,-2.84,0.0,BTCUSD,[sl 81713.79],
188038422,183733873,2026-05-06T16:50:35+00:00,1778086235421,1,0,0,183733873,3,0.1,81673.04,0.0,0.0,0.0,0.0,BTCUSD,OV2|25cf70|M5|S,
188038428,183733878,2026-05-06T16:50:35+00:00,1778086235844,0,1,0,183733873,4,0.1,81692.31,0.0,0.0,-1.9300000000000002,0.0,BTCUSD,[sl 81689.54],
188040158,183735110,2026-05-06T16:51:58+00:00,1778086318589,1,0,0,183735110,3,0.1,81645.34,0.0,0.0,0.0,0.0,BTCUSD,OV2|1e8ec6|M5|S,
188040170,183735125,2026-05-06T16:51:59+00:00,1778086319042,0,1,0,183735110,4,0.1,81662.12,0.0,0.0,-1.6800000000000002,0.0,BTCUSD,[sl 81661.84],
188041497,183736050,2026-05-06T16:53:31+00:00,1778086411139,1,0,0,183736050,3,0.1,81624.08,0.0,0.0,0.0,0.0,BTCUSD,OV2|dec454|M5|S,
188041852,183736295,2026-05-06T16:53:46+00:00,1778086426226,0,1,0,183736050,4,0.1,81647.0,0.0,0.0,-2.29,0.0,BTCUSD,[sl 81642.40],
188045996,183739219,2026-05-06T16:56:26+00:00,1778086586989,1,0,0,183739219,3,0.1,81640.94,0.0,0.0,0.0,0.0,BTCUSD,OV2|3b52f8|M5|S,
188046013,183739231,2026-05-06T16:56:28+00:00,1778086588941,0,1,0,183739219,4,0.1,81661.19,0.0,0.0,-2.03,0.0,BTCUSD,[sl 81657.44],
188047083,183740102,2026-05-06T16:58:04+00:00,1778086684912,1,0,0,183740102,3,0.1,81712.15,0.0,0.0,0.0,0.0,BTCUSD,OV2|01e245|M5|S,
188051195,183743205,2026-05-06T17:02:48+00:00,1778086968825,1,0,0,183743205,3,0.1,156.143,0.0,0.0,0.0,0.0,USDJPY,OV2|2abad5|M5|S,
188054652,183745788,2026-05-06T17:06:54+00:00,1778087214693,0,1,0,183743205,4,0.1,156.219,0.0,0.0,-4.89,0.0,USDJPY,[sl 156.217],
188069241,183756189,2026-05-06T17:19:50+00:00,1778087990903,1,0,0,183756189,3,0.1,156.173,0.0,0.0,0.0,0.0,USDJPY,OV2|62f9d6|M5|S,
188074243,183759761,2026-05-06T17:27:40+00:00,1778088460849,0,1,0,183740102,4,0.1,81738.73,0.0,0.0,-2.66,0.0,BTCUSD,[sl 81728.65],
188074286,183759786,2026-05-06T17:27:42+00:00,1778088462469,1,0,0,183759786,3,0.1,81743.3,0.0,0.0,0.0,0.0,BTCUSD,OV2|f38fa9|H1|S,
188074515,183759938,2026-05-06T17:28:00+00:00,1778088480506,0,1,0,183759786,4,0.1,81760.05,0.0,0.0,-1.6800000000000002,0.0,BTCUSD,[sl 81759.80],
188075599,183760859,2026-05-06T17:29:07+00:00,1778088547598,1,0,0,183760859,3,0.1,81701.49,0.0,0.0,0.0,0.0,BTCUSD,OV2|4fa4f7|M5|S,
188077718,183762428,2026-05-06T17:30:56+00:00,1778088656962,0,1,0,183760859,4,0.1,81735.7,0.0,0.0,-3.42,0.0,BTCUSD,[sl 81717.99],
188078684,183763116,2026-05-06T17:32:12+00:00,1778088732622,1,0,0,183763116,3,0.1,81700.05,0.0,0.0,0.0,0.0,BTCUSD,OV2|ef59cc|M5|S,
188078787,183763183,2026-05-06T17:32:20+00:00,1778088740775,0,1,0,183763116,4,0.1,81724.85,0.0,0.0,-2.48,0.0,BTCUSD,[sl 81720.41],
188079523,183763695,2026-05-06T17:33:55+00:00,1778088835378,1,0,0,183763695,3,0.1,81716.56,0.0,0.0,0.0,0.0,BTCUSD,OV2|3bfd9d|M5|S,
188079588,183763744,2026-05-06T17:34:02+00:00,1778088842508,0,1,0,183763695,4,0.1,81735.11,0.0,0.0,-1.8599999999999999,0.0,BTCUSD,[sl 81735.06],
188081399,183764985,2026-05-06T17:36:51+00:00,1778089011442,1,0,0,183764985,3,0.1,81739.95,0.0,0.0,0.0,0.0,BTCUSD,OV2|591f60|M5|S,
188082936,183766167,2026-05-06T17:40:07+00:00,1778089207197,0,1,0,183764985,4,0.1,81757.42,0.0,0.0,-1.75,0.0,BTCUSD,[sl 81757.22],
188083267,183766417,2026-05-06T17:40:43+00:00,1778089243902,0,1,0,183715196,4,0.1,1.17577,0.0,0.0,-6.8,0.0,EURUSD,[sl 1.17577],
188083688,183766721,2026-05-06T17:41:24+00:00,1778089284681,1,0,0,183766721,3,0.1,81739.58,0.0,0.0,0.0,0.0,BTCUSD,OV2|0aa62e|M5|S,
188083769,183766788,2026-05-06T17:41:40+00:00,1778089300361,1,0,0,183766788,3,0.1,1.36137,0.0,0.0,0.0,0.0,GBPUSD,OV2|5f9b7a|M5|S,
188084682,183767522,2026-05-06T17:42:53+00:00,1778089373311,0,1,0,183766721,4,0.1,81759.98,0.0,0.0,-2.04,0.0,BTCUSD,[sl 81758.08],
188084908,183767657,2026-05-06T17:42:58+00:00,1778089378035,1,0,0,183767657,3,0.1,81752.46,0.0,0.0,0.0,0.0,BTCUSD,OV2|b887b6|M5|S,
188085249,183767941,2026-05-06T17:43:03+00:00,1778089383350,0,1,0,183767657,4,0.1,81773.61,0.0,0.0,-2.12,0.0,BTCUSD,[sl 81770.96],
188087135,183769151,2026-05-06T17:44:46+00:00,1778089486272,1,0,0,183769151,3,0.1,81846.2,0.0,0.0,0.0,0.0,BTCUSD,OV2|a327b9|M5|S,
188087305,183769288,2026-05-06T17:44:54+00:00,1778089494926,0,1,0,183769151,4,0.1,81863.75,0.0,0.0,-1.76,0.0,BTCUSD,[sl 81862.70],
188088769,183770301,2026-05-06T17:45:59+00:00,1778089559325,1,0,0,183770301,3,0.1,81931.22,0.0,0.0,0.0,0.0,BTCUSD,OV2|a83863|M5|S,
188088820,183770333,2026-05-06T17:46:00+00:00,1778089560999,0,1,0,183770301,4,0.1,81950.26,0.0,0.0,-1.9,0.0,BTCUSD,[sl 81947.72],
188089719,183770985,2026-05-06T17:47:37+00:00,1778089657397,1,0,0,183770985,3,0.1,81784.84,0.0,0.0,0.0,0.0,BTCUSD,OV2|a16cf0|M5|S,
188089723,183770988,2026-05-06T17:47:39+00:00,1778089659487,0,1,0,183770985,4,0.1,81808.12,0.0,0.0,-2.33,0.0,BTCUSD,[sl 81803.34],
188090446,183771503,2026-05-06T17:49:10+00:00,1778089750416,1,0,0,183771503,3,0.1,81709.69,0.0,0.0,0.0,0.0,BTCUSD,OV2|3b7be0|M5|S,
188090727,183771687,2026-05-06T17:49:20+00:00,1778089760636,0,1,0,183771503,4,0.1,81728.43,0.0,0.0,-1.87,0.0,BTCUSD,[sl 81727.44],
188093093,183773345,2026-05-06T17:52:25+00:00,1778089945782,1,0,0,183773345,3,0.1,81611.32,0.0,0.0,0.0,0.0,BTCUSD,OV2|9deeff|M5|S,
188093150,183773378,2026-05-06T17:52:29+00:00,1778089949886,0,1,0,183773345,4,0.1,81631.58,0.0,0.0,-2.03,0.0,BTCUSD,[sl 81628.01],
188093681,183773767,2026-05-06T17:53:54+00:00,1778090034214,1,0,0,183773767,3,0.1,81685.65,0.0,0.0,0.0,0.0,BTCUSD,OV2|c2a2ff|M5|S,
188094340,183774209,2026-05-06T17:55:03+00:00,1778090103798,0,1,0,183773767,4,0.1,81705.09,0.0,0.0,-1.94,0.0,BTCUSD,[sl 81704.15],
188095602,183775112,2026-05-06T17:56:59+00:00,1778090219621,1,0,0,183775112,3,0.1,81610.51,0.0,0.0,0.0,0.0,BTCUSD,OV2|f06dcc|M5|S,
188095721,183775222,2026-05-06T17:57:10+00:00,1778090230797,0,1,0,183775112,4,0.1,81640.7,0.0,0.0,-3.02,0.0,BTCUSD,[sl 81627.01],
188096020,183775449,2026-05-06T17:58:04+00:00,1778090284352,0,1,0,183756189,4,0.1,156.248,0.0,0.0,-4.83,0.0,USDJPY,[sl 156.247],
188096277,183775657,2026-05-06T17:58:22+00:00,1778090302478,0,0,0,183775657,3,0.1,156.251,0.0,0.0,0.0,0.0,USDJPY,OV2|9d510d|M5|B,
188096298,183775678,2026-05-06T17:58:28+00:00,1778090308089,1,0,0,183775678,3,0.1,81519.89,0.0,0.0,0.0,0.0,BTCUSD,OV2|9ca157|M5|S,
188096540,183775858,2026-05-06T17:59:17+00:00,1778090357062,0,1,0,183775678,4,0.1,81539.64,0.0,0.0,-1.98,0.0,BTCUSD,[sl 81536.39],
188096700,183775980,2026-05-06T17:59:55+00:00,1778090395828,1,0,0,183775980,3,0.1,81523.09,0.0,0.0,0.0,0.0,BTCUSD,OV2|902d46|M5|S,
188096922,183776386,2026-05-06T18:00:12+00:00,1778090412636,0,1,0,183775980,4,0.1,81542.42,0.0,0.0,-1.9300000000000002,0.0,BTCUSD,[sl 81539.59],
188097382,183776724,2026-05-06T18:01:28+00:00,1778090488233,1,0,0,183776724,3,0.1,81537.47,0.0,0.0,0.0,0.0,BTCUSD,OV2|fc834e|M5|S,
188097569,183776860,2026-05-06T18:02:05+00:00,1778090525768,0,1,0,183776724,4,0.1,81557.87,0.0,0.0,-2.04,0.0,BTCUSD,[sl 81555.97],
188098162,183777286,2026-05-06T18:03:01+00:00,1778090581741,1,0,0,183777286,3,0.1,81573.98,0.0,0.0,0.0,0.0,BTCUSD,OV2|ba0c82|M5|S,
188098968,183777924,2026-05-06T18:04:48+00:00,1778090688542,0,1,0,183777286,4,0.1,81596.12,0.0,0.0,-2.21,0.0,BTCUSD,[sl 81590.48],
188100047,183778742,2026-05-06T18:07:49+00:00,1778090869841,1,0,0,183778742,3,0.1,81561.12,0.0,0.0,0.0,0.0,BTCUSD,OV2|3cfbbb|M5|S,
188106540,183783102,2026-05-06T18:16:58+00:00,1778091418630,0,1,0,183778742,4,0.1,81580.62,0.0,0.0,-1.95,0.0,BTCUSD,[sl 81577.62],
188106940,183783356,2026-05-06T18:17:11+00:00,1778091431047,1,0,0,183783356,3,0.1,81597.96,0.0,0.0,0.0,0.0,BTCUSD,OV2|9d9718|M5|S,
188106989,183783393,2026-05-06T18:17:18+00:00,1778091438242,0,1,0,183783356,4,0.1,81615.36,0.0,0.0,-1.74,0.0,BTCUSD,[sl 81614.46],
188107759,183783954,2026-05-06T18:18:39+00:00,1778091519010,1,0,0,183783954,3,0.1,81677.5,0.0,0.0,0.0,0.0,BTCUSD,OV2|5440a5|M5|S,
188108060,183784193,2026-05-06T18:19:16+00:00,1778091556630,0,1,0,183783954,4,0.1,81699.62,0.0,0.0,-2.21,0.0,BTCUSD,[sl 81694.00],
188109533,183785198,2026-05-06T18:21:48+00:00,1778091708305,1,0,0,183785198,3,0.1,81784.65,0.0,0.0,0.0,0.0,BTCUSD,OV2|f4de99|M5|S,
188109564,183785222,2026-05-06T18:21:57+00:00,1778091717332,0,1,0,183785198,4,0.1,81803.72,0.0,0.0,-1.9100000000000001,0.0,BTCUSD,[sl 81803.15],
188109938,183785502,2026-05-06T18:23:06+00:00,1778091786321,1,0,0,183785502,3,0.1,81735.5,0.0,0.0,0.0,0.0,BTCUSD,OV2|f91175|M5|S,
188109951,183785513,2026-05-06T18:23:08+00:00,1778091788017,0,1,0,183785502,4,0.1,81759.64,0.0,0.0,-2.41,0.0,BTCUSD,[sl 81752.00],
188110321,183785792,2026-05-06T18:24:38+00:00,1778091878697,1,0,0,183785792,3,0.1,81731.88,0.0,0.0,0.0,0.0,BTCUSD,OV2|8b7f6e|M5|S,
188110327,183785796,2026-05-06T18:24:40+00:00,1778091880363,0,1,0,183785792,4,0.1,81749.21,0.0,0.0,-1.73,0.0,BTCUSD,[sl 81748.38],
188110896,183786224,2026-05-06T18:26:31+00:00,1778091991650,1,0,0,183786224,3,0.1,81727.36,0.0,0.0,0.0,0.0,BTCUSD,OV2|18cd26|M5|S,
188112766,183787604,2026-05-06T18:33:26+00:00,1778092406407,0,1,0,183786224,4,0.1,81740.82,0.0,0.0,-1.35,0.0,BTCUSD,[sl 81740.36],
188113022,183787771,2026-05-06T18:34:13+00:00,1778092453000,1,0,0,183787771,3,0.1,81717.9,0.0,0.0,0.0,0.0,BTCUSD,OV2|c3dbbc|M5|S,
188116012,183789817,2026-05-06T18:40:14+00:00,1778092814879,1,1,0,183731669,4,0.05,4691.48,0.0,0.0,-12.05,0.0,XAUUSD,[sl 4691.49],
188118957,183792033,2026-05-06T18:45:33+00:00,1778093133520,0,1,0,183787771,4,0.1,81747.11,0.0,0.0,-2.92,0.0,BTCUSD,[sl 81734.40],
188119309,183792303,2026-05-06T18:46:12+00:00,1778093172998,1,0,0,183792303,3,0.1,81706.12,0.0,0.0,0.0,0.0,BTCUSD,OV2|2cb782|M5|S,
188119325,183792316,2026-05-06T18:46:17+00:00,1778093177168,0,1,0,183792303,4,0.1,81736.66,0.0,0.0,-3.05,0.0,BTCUSD,[sl 81731.31],
188119954,183792765,2026-05-06T18:48:05+00:00,1778093285480,1,0,0,183792765,3,0.1,81710.92,0.0,0.0,0.0,0.0,BTCUSD,OV2|06cf45|M5|S,
188120013,183792803,2026-05-06T18:48:22+00:00,1778093302995,0,1,0,183792765,4,0.1,81727.81,0.0,0.0,-1.69,0.0,BTCUSD,[sl 81727.42],
188120219,183792958,2026-05-06T18:49:22+00:00,1778093362676,1,0,0,183792958,3,0.1,81705.16,0.0,0.0,0.0,0.0,BTCUSD,OV2|4122f4|M5|S,
188121007,183793625,2026-05-06T18:52:33+00:00,1778093553034,0,1,0,183792958,4,0.1,81726.74,0.0,0.0,-2.16,0.0,BTCUSD,[sl 81721.66],
188121041,183793656,2026-05-06T18:52:37+00:00,1778093557989,1,0,0,183793656,3,0.1,81719.74,0.0,0.0,0.0,0.0,BTCUSD,OV2|c8c87d|M5|S,
188121616,183794104,2026-05-06T18:54:09+00:00,1778093649303,0,1,0,183793656,4,0.1,81740.99,0.0,0.0,-2.13,0.0,BTCUSD,[sl 81740.28],
188121623,183794110,2026-05-06T18:54:11+00:00,1778093651209,1,0,0,183794110,3,0.1,81739.6,0.0,0.0,0.0,0.0,BTCUSD,OV2|99375b|M5|S,
188121624,183794111,2026-05-06T18:54:11+00:00,1778093651779,0,1,0,183794110,4,0.1,81759.08,0.0,0.0,-1.95,0.0,BTCUSD,[sl 81755.26],
188122270,183794590,2026-05-06T18:57:06+00:00,1778093826576,1,0,0,183794590,3,0.1,81704.15,0.0,0.0,0.0,0.0,BTCUSD,OV2|51321f|M5|S,
188125429,183797171,2026-05-06T19:01:57+00:00,1778094117133,1,0,0,183797171,3,0.05,4684.53,0.0,0.0,0.0,0.0,XAUUSD,OV2|7c2d70|M5|S,
188125991,183797578,2026-05-06T19:02:43+00:00,1778094163725,1,1,0,183775657,5,0.1,156.474,0.0,0.0,14.16,0.0,USDJPY,[tp 156.474],
188126125,183797676,2026-05-06T19:03:00+00:00,1778094180347,0,1,0,183797171,4,0.05,4687.27,0.0,0.0,-13.7,0.0,XAUUSD,[sl 4687.23],
188126300,183797805,2026-05-06T19:03:25+00:00,1778094205006,0,0,0,183797805,3,0.1,156.485,0.0,0.0,0.0,0.0,USDJPY,OV2|5ce9b0|M5|B,
188126333,183797835,2026-05-06T19:03:30+00:00,1778094210500,1,0,0,183797835,3,0.05,4685.73,0.0,0.0,0.0,0.0,XAUUSD,OV2|a7989d|M5|S,
188126873,183798286,2026-05-06T19:05:08+00:00,1778094308990,0,1,0,183794590,4,0.1,81723.14,0.0,0.0,-1.9,0.0,BTCUSD,[sl 81722.65],
188127065,183798426,2026-05-06T19:05:32+00:00,1778094332079,0,1,0,183797835,4,0.05,4688.47,0.0,0.0,-13.7,0.0,XAUUSD,[sl 4688.30],
188128044,183799308,2026-05-06T19:06:30+00:00,1778094390140,1,0,0,183799308,3,0.1,81700.1,0.0,0.0,0.0,0.0,BTCUSD,OV2|8773cb|M5|S,
188128071,183799333,2026-05-06T19:06:35+00:00,1778094395832,0,1,0,183799308,4,0.1,81717.4,0.0,0.0,-1.73,0.0,BTCUSD,[sl 81716.60],
188128496,183799635,2026-05-06T19:06:52+00:00,1778094412160,0,1,0,183766788,5,0.1,1.35916,0.0,0.0,22.1,0.0,GBPUSD,[tp 1.35916],
188129862,183800569,2026-05-06T19:07:46+00:00,1778094466717,1,0,0,183800569,3,0.1,1.3591,0.0,0.0,0.0,0.0,GBPUSD,OV2|f662f7|M5|S,
188129974,183800654,2026-05-06T19:08:01+00:00,1778094481898,1,0,0,183800654,3,0.05,4684.05,0.0,0.0,0.0,0.0,XAUUSD,OV2|cc8ae0|M5|S,
188131883,183802127,2026-05-06T19:11:45+00:00,1778094705554,1,1,0,183797805,4,0.1,156.413,0.0,0.0,-4.63,0.0,USDJPY,[sl 156.413],
188132145,183802315,2026-05-06T19:12:33+00:00,1778094753728,0,0,0,183802315,3,0.1,156.424,0.0,0.0,0.0,0.0,USDJPY,OV2|99ae68|M5|B,
188136990,183806471,2026-05-06T19:21:58+00:00,1778095318327,1,0,0,183806471,3,0.1,81536.18,0.0,0.0,0.0,0.0,BTCUSD,OV2|dab7a1|M5|S,
188137112,183806568,2026-05-06T19:22:35+00:00,1778095355042,0,1,0,183806471,4,0.1,81555.17,0.0,0.0,-1.9,0.0,BTCUSD,[sl 81554.68],
188137233,183806666,2026-05-06T19:23:10+00:00,1778095390772,1,0,0,183806666,3,0.1,81523.63,0.0,0.0,0.0,0.0,BTCUSD,OV2|add629|M5|S,
188137271,183806702,2026-05-06T19:23:20+00:00,1778095400823,0,1,0,183806666,4,0.1,81544.19,0.0,0.0,-2.06,0.0,BTCUSD,[sl 81542.13],
188137965,183807218,2026-05-06T19:26:01+00:00,1778095561231,0,1,0,183800654,4,0.05,4686.57,0.0,0.0,-12.6,0.0,XAUUSD,[sl 4686.55],
188138121,183807323,2026-05-06T19:26:31+00:00,1778095591265,1,0,0,183807323,3,0.1,81584.39,0.0,0.0,0.0,0.0,BTCUSD,OV2|077629|M5|S,
188138960,183807947,2026-05-06T19:28:02+00:00,1778095682688,1,0,0,183807947,3,0.05,4687.11,0.0,0.0,0.0,0.0,XAUUSD,OV2|80e00c|M5|S,
188139793,183808548,2026-05-06T19:30:30+00:00,1778095830419,0,1,0,183807947,4,0.05,4689.61,0.0,0.0,-12.5,0.0,XAUUSD,[sl 4689.61],
188140769,183809243,2026-05-06T19:32:34+00:00,1778095954103,1,0,0,183809243,3,0.05,4689.46,0.0,0.0,0.0,0.0,XAUUSD,OV2|64b250|M5|S,
188142729,183810778,2026-05-06T19:39:31+00:00,1778096371064,0,1,0,183807323,4,0.1,81601.32,0.0,0.0,-1.69,0.0,BTCUSD,[sl 81600.89],
188143668,183811498,2026-05-06T19:41:28+00:00,1778096488352,0,1,0,183809243,4,0.05,4692.05,0.0,0.0,-12.95,0.0,XAUUSD,[sl 4691.96],
188144065,183811745,2026-05-06T19:41:53+00:00,1778096513936,1,0,0,183811745,3,0.05,4691.39,0.0,0.0,0.0,0.0,XAUUSD,OV2|fffb96|M5|S,
188144155,183811799,2026-05-06T19:41:59+00:00,1778096519266,1,0,0,183811799,3,0.1,81679.65,0.0,0.0,0.0,0.0,BTCUSD,OV2|f5d96a|M5|S,
188144832,183812369,2026-05-06T19:43:31+00:00,1778096611448,0,1,0,183811799,4,0.1,81696.3,0.0,0.0,-1.67,0.0,BTCUSD,[sl 81696.15],
188145210,183812622,2026-05-06T19:44:54+00:00,1778096694468,1,0,0,183812622,3,0.1,81675.13,0.0,0.0,0.0,0.0,BTCUSD,OV2|209ccb|M5|S,
188146421,183813517,2026-05-06T19:50:08+00:00,1778097008057,0,1,0,183812622,4,0.1,81695.09,0.0,0.0,-2.0,0.0,BTCUSD,[sl 81693.63],
188148545,183814970,2026-05-06T19:55:55+00:00,1778097355960,1,0,0,183814970,3,0.1,81673.04,0.0,0.0,0.0,0.0,BTCUSD,OV2|b0cab8|H1|S,
188148578,183814991,2026-05-06T19:56:06+00:00,1778097366590,0,1,0,183814970,4,0.1,81689.55,0.0,0.0,-1.65,0.0,BTCUSD,[sl 81689.54],
188148822,183815161,2026-05-06T19:57:16+00:00,1778097436273,1,0,0,183815161,3,0.1,81678.53,0.0,0.0,0.0,0.0,BTCUSD,OV2|efe31b|M5|S,
188148847,183815176,2026-05-06T19:57:23+00:00,1778097443304,0,1,0,183815161,4,0.1,81702.12,0.0,0.0,-2.36,0.0,BTCUSD,[sl 81695.03],
188150967,183816547,2026-05-06T19:58:53+00:00,1778097533342,1,0,0,183816547,3,0.1,81609.9,0.0,0.0,0.0,0.0,BTCUSD,OV2|b58ffb|M5|S,
188150992,183816561,2026-05-06T19:58:54+00:00,1778097534855,0,1,0,183816547,4,0.1,81628.94,0.0,0.0,-1.9,0.0,BTCUSD,[sl 81626.40],
188152510,183817886,2026-05-06T20:02:04+00:00,1778097724095,1,0,0,183817886,3,0.1,81535.05,0.0,0.0,0.0,0.0,BTCUSD,OV2|e2597a|M5|S,
188152554,183817911,2026-05-06T20:02:11+00:00,1778097731010,0,1,0,183817886,4,0.1,81553.68,0.0,0.0,-1.8599999999999999,0.0,BTCUSD,[sl 81553.55],
188153494,183818558,2026-05-06T20:03:22+00:00,1778097802375,1,0,0,183818558,3,0.1,81570.88,0.0,0.0,0.0,0.0,BTCUSD,OV2|d4644b|M5|S,
188153540,183818594,2026-05-06T20:03:33+00:00,1778097813290,0,1,0,183818558,4,0.1,81592.61,0.0,0.0,-2.17,0.0,BTCUSD,[sl 81589.38],
188153986,183818876,2026-05-06T20:04:59+00:00,1778097899227,1,0,0,183818876,3,0.1,81617.95,0.0,0.0,0.0,0.0,BTCUSD,OV2|486426|M5|S,
188154013,183818892,2026-05-06T20:05:02+00:00,1778097902515,0,1,0,183818876,4,0.1,81639.26,0.0,0.0,-2.13,0.0,BTCUSD,[sl 81634.45],
188154665,183819343,2026-05-06T20:06:31+00:00,1778097991721,1,0,0,183819343,3,0.1,81586.02,0.0,0.0,0.0,0.0,BTCUSD,OV2|a15cec|M5|S,
188154750,183819409,2026-05-06T20:07:03+00:00,1778098023792,0,1,0,183819343,4,0.1,81607.2,0.0,0.0,-2.12,0.0,BTCUSD,[sl 81605.95],
188155145,183819670,2026-05-06T20:08:04+00:00,1778098084031,1,0,0,183819670,3,0.1,81623.73,0.0,0.0,0.0,0.0,BTCUSD,OV2|4c090a|M5|S,
188155176,183819693,2026-05-06T20:08:15+00:00,1778098095642,0,1,0,183819670,4,0.1,81649.69,0.0,0.0,-2.6,0.0,BTCUSD,[sl 81640.23],
188155639,183820027,2026-05-06T20:09:51+00:00,1778098191784,1,0,0,183820027,3,0.1,81657.66,0.0,0.0,0.0,0.0,BTCUSD,OV2|22f918|M5|S,
188155868,183820203,2026-05-06T20:11:01+00:00,1778098261266,0,1,0,183820027,4,0.1,81678.62,0.0,0.0,-2.1,0.0,BTCUSD,[sl 81674.16],
188158517,183822055,2026-05-06T20:22:05+00:00,1778098925509,1,0,0,183822055,3,0.1,81520.59,0.0,0.0,0.0,0.0,BTCUSD,OV2|1747e3|M5|S,
188158733,183822192,2026-05-06T20:23:19+00:00,1778098999116,0,1,0,183822055,4,0.1,81534.37,0.0,0.0,-1.38,0.0,BTCUSD,[sl 81534.26],
188158787,183822224,2026-05-06T20:23:25+00:00,1778099005775,0,1,0,183800569,4,0.1,1.35984,0.0,0.0,-7.4,0.0,GBPUSD,[sl 1.35982],
188158814,183822244,2026-05-06T20:23:27+00:00,1778099007719,1,0,0,183822244,3,0.1,1.35975,0.0,0.0,0.0,0.0,GBPUSD,OV2|1df294|M5|S,
188158860,183822273,2026-05-06T20:23:32+00:00,1778099012862,1,0,0,183822273,3,0.1,81533.39,0.0,0.0,0.0,0.0,BTCUSD,OV2|6a0ea0|M5|S,
188186008,183844442,2026-05-06T22:08:30+00:00,1778105310627,0,1,0,183811745,4,0.05,4693.9,0.0,0.0,-12.55,0.0,XAUUSD,[sl 4693.89],
188192353,183848848,2026-05-06T22:24:54+00:00,1778106294238,1,1,0,183802315,4,0.1,156.35,0.0,0.0,-4.76,0.0,USDJPY,[sl 156.350],
188198724,183853652,2026-05-06T23:01:47+00:00,1778108507473,0,0,0,183853652,3,0.05,4694.33,0.0,0.0,0.0,0.0,XAUUSD,OV2|1c6eb0|M5|B,
188198762,183853688,2026-05-06T23:02:12+00:00,1778108532785,0,1,0,183822273,4,0.1,81550.01,0.0,0.0,-1.6600000000000001,0.0,BTCUSD,[sl 81549.89],
188203181,183856933,2026-05-06T23:31:27+00:00,1778110287897,1,1,0,183853652,4,0.05,4691.81,0.0,0.0,-12.6,0.0,XAUUSD,[sl 4691.83],
188318341,183934309,2026-05-07T04:29:58+00:00,1778128198636,0,1,0,183822244,4,0.1,1.36049,0.0,-0.64,-7.4,0.0,GBPUSD,[sl 1.36049],
189554537,184836931,2026-05-10T20:57:29+00:00,1778446649392,0,0,0,184836931,3,0.1,1.50455,0.0,0.0,0.0,0.0,XRPUSD,OV2|1d87e1|H1|B,
189554538,184836933,2026-05-10T20:57:35+00:00,1778446655548,0,0,0,184836933,3,0.1,81457.93,0.0,0.0,0.0,0.0,BTCUSD,OV2|246182|H1|B,
189554542,184836937,2026-05-10T20:57:36+00:00,1778446656854,1,1,0,184836933,4,0.1,81426.85,0.0,0.0,-3.11,0.0,BTCUSD,[sl 81427.43],
189554543,184836940,2026-05-10T20:57:38+00:00,1778446658848,0,0,0,184836940,3,0.1,2363.053,0.0,0.0,0.0,0.0,ETHUSD,OV2|1fcb05|H1|B,
189554622,184837003,2026-05-10T20:58:35+00:00,1778446715325,1,1,0,184836940,4,0.1,2361.195,0.0,0.0,-0.19,0.0,ETHUSD,[sl 2361.553],
189554625,184837005,2026-05-10T20:58:39+00:00,1778446719271,0,0,0,184837005,3,0.1,2362.99,0.0,0.0,0.0,0.0,ETHUSD,OV2|c5e129|H1|B,
189555612,184837811,2026-05-10T21:19:07+00:00,1778447947504,1,1,0,184837005,4,0.1,2361.319,0.0,0.0,-0.17,0.0,ETHUSD,[sl 2361.490],
189555633,184837832,2026-05-10T21:19:10+00:00,1778447950238,0,0,0,184837832,3,0.1,2361.766,0.0,0.0,0.0,0.0,ETHUSD,OV2|8eb81a|M15|B,
189556081,184838201,2026-05-10T21:32:30+00:00,1778448750161,1,1,0,184837832,4,0.1,2360.195,0.0,0.0,-0.16,0.0,ETHUSD,[sl 2360.266],
189556085,184838206,2026-05-10T21:32:32+00:00,1778448752589,0,0,0,184838206,3,0.1,2360.927,0.0,0.0,0.0,0.0,ETHUSD,OV2|423322|H1|B,
189556165,184838277,2026-05-10T21:33:07+00:00,1778448787151,1,1,0,184838206,4,0.1,2358.662,0.0,0.0,-0.23,0.0,ETHUSD,[sl 2359.547],
189556176,184838285,2026-05-10T21:33:08+00:00,1778448788530,0,0,0,184838285,3,0.1,2359.958,0.0,0.0,0.0,0.0,ETHUSD,OV2|cfd3e7|H1|B,
189556246,184838346,2026-05-10T21:36:41+00:00,1778449001290,1,1,0,184838285,4,0.1,2358.364,0.0,0.0,-0.16,0.0,ETHUSD,[sl 2358.418],
189556255,184838355,2026-05-10T21:36:50+00:00,1778449010314,1,1,0,184836931,4,0.1,1.4941499999999999,0.0,0.0,-1.04,0.0,XRPUSD,[sl 1.49424],
189556268,184838365,2026-05-10T21:36:54+00:00,1778449014979,0,0,0,184838365,3,0.1,2358.647,0.0,0.0,0.0,0.0,ETHUSD,OV2|8e68c7|H1|B,
189556275,184838371,2026-05-10T21:37:03+00:00,1778449023457,0,0,0,184838371,3,0.1,1.4961,0.0,0.0,0.0,0.0,XRPUSD,OV2|078dad|H1|B,
189556381,184838466,2026-05-10T21:41:01+00:00,1778449261110,1,1,0,184838365,4,0.1,2356.978,0.0,0.0,-0.17,0.0,ETHUSD,[sl 2357.147],
189556390,184838475,2026-05-10T21:41:11+00:00,1778449271947,0,0,0,184838475,3,0.1,81297.96,0.0,0.0,0.0,0.0,BTCUSD,OV2|a11745|H1|B,
189556742,184838819,2026-05-10T21:42:11+00:00,1778449331359,1,1,0,184838371,4,0.1,1.4884,0.0,0.0,-0.77,0.0,XRPUSD,[sl 1.48924],
189556743,184838820,2026-05-10T21:42:12+00:00,1778449332048,1,1,0,184838475,4,0.1,81270.73,0.0,0.0,-2.7199999999999998,0.0,BTCUSD,[sl 81273.46],
189556756,184838825,2026-05-10T21:42:16+00:00,1778449336489,0,0,0,184838825,3,0.1,1.4904,0.0,0.0,0.0,0.0,XRPUSD,OV2|427530|H1|B,
189556791,184838845,2026-05-10T21:42:32+00:00,1778449352599,0,0,0,184838845,3,0.1,81266.65,0.0,0.0,0.0,0.0,BTCUSD,OV2|0c5da8|H1|B,
189556806,184838858,2026-05-10T21:42:45+00:00,1778449365777,1,1,0,184838845,4,0.1,81236.46,0.0,0.0,-3.02,0.0,BTCUSD,[sl 81238.15],
189556829,184838881,2026-05-10T21:42:54+00:00,1778449374512,0,0,0,184838881,3,0.1,81240.41,0.0,0.0,0.0,0.0,BTCUSD,OV2|aff656|H1|B,
189557333,184839322,2026-05-10T21:51:48+00:00,1778449908880,1,1,0,184838881,4,0.1,81215.86,0.0,0.0,-2.46,0.0,BTCUSD,[sl 81215.91],
189557385,184839365,2026-05-10T21:52:06+00:00,1778449926043,0,0,0,184839365,3,0.1,2358.159,0.0,0.0,0.0,0.0,ETHUSD,OV2|d25396|H1|B,
189557483,184839438,2026-05-10T22:00:15+00:00,1778450415205,1,1,0,184838825,4,0.1,1.48365,0.0,0.0,-0.68,0.0,XRPUSD,[sl 1.48378],
189557494,184839447,2026-05-10T22:00:29+00:00,1778450429194,0,0,0,184839447,3,0.1,1.4837500000000001,0.0,0.0,0.0,0.0,XRPUSD,OV2|7ad853|H1|B,
189557495,184839448,2026-05-10T22:00:29+00:00,1778450429824,1,1,0,184839365,4,0.1,2356.447,0.0,0.0,-0.17,0.0,ETHUSD,[sl 2356.561],
189557498,184839451,2026-05-10T22:00:35+00:00,1778450435271,0,0,0,184839451,3,0.1,2356.939,0.0,0.0,0.0,0.0,ETHUSD,OV2|2e83da|H1|B,
189557506,184839458,2026-05-10T22:00:55+00:00,1778450455240,1,1,0,184839451,4,0.1,2355.334,0.0,0.0,-0.16,0.0,ETHUSD,[sl 2355.439],
189557520,184839471,2026-05-10T22:00:57+00:00,1778450457568,0,0,0,184839471,3,0.1,2355.477,0.0,0.0,0.0,0.0,ETHUSD,OV2|b200bc|H1|B,
189557554,184839502,2026-05-10T22:01:06+00:00,1778450466970,1,1,0,184839471,4,0.1,2353.945,0.0,0.0,-0.15,0.0,ETHUSD,[sl 2353.977],
189557583,184839529,2026-05-10T22:01:17+00:00,1778450477224,0,0,0,184839529,3,0.1,2354.592,0.0,0.0,0.0,0.0,ETHUSD,OV2|38e4f2|H1|B,
189557584,184839532,2026-05-10T22:01:17+00:00,1778450477855,1,1,0,184839529,4,0.1,2353.063,0.0,0.0,-0.15,0.0,ETHUSD,[sl 2353.149],
189557607,184839550,2026-05-10T22:01:36+00:00,1778450496866,1,1,0,184839447,4,0.1,1.47725,0.0,0.0,-0.65,0.0,XRPUSD,[sl 1.47728],
189557608,184839551,2026-05-10T22:01:37+00:00,1778450497842,0,0,0,184839551,3,0.1,2353.995,0.0,0.0,0.0,0.0,ETHUSD,OV2|a378e6|H1|B,
189557644,184839582,2026-05-10T22:02:05+00:00,1778450525249,1,1,0,184839551,4,0.1,2352.12,0.0,0.0,-0.19,0.0,ETHUSD,[sl 2352.277],
189557698,184839617,2026-05-10T22:02:06+00:00,1778450526542,0,0,0,184839617,3,0.1,2352.48,0.0,0.0,0.0,0.0,ETHUSD,OV2|c5d0da|M15|B,
189557836,184839736,2026-05-10T22:02:39+00:00,1778450559980,1,1,0,184839617,4,0.1,2350.897,0.0,0.0,-0.16,0.0,ETHUSD,[sl 2350.980],
189557850,184839749,2026-05-10T22:02:52+00:00,1778450572254,0,0,0,184839749,3,0.1,2352.115,0.0,0.0,0.0,0.0,ETHUSD,OV2|1592d6|H1|B,
189558269,184840137,2026-05-10T22:10:52+00:00,1778451052928,0,0,0,184840137,3,0.1,1.4832,0.0,0.0,0.0,0.0,XRPUSD,OV2|1f70ff|H1|B,
189559536,184841172,2026-05-10T23:01:36+00:00,1778454096550,1,1,0,184839749,5,0.1,2368.828,0.0,0.0,1.67,0.0,ETHUSD,[tp 2368.514],
189559542,184841177,2026-05-10T23:01:38+00:00,1778454098193,0,0,0,184841177,3,0.1,2368.693,0.0,0.0,0.0,0.0,ETHUSD,OV2|14ed8d|M15|B,
189559621,184841224,2026-05-10T23:06:08+00:00,1778454368518,1,1,0,184841177,4,0.1,2367.164,0.0,0.0,-0.15,0.0,ETHUSD,[sl 2367.193],
189559626,184841229,2026-05-10T23:06:18+00:00,1778454378492,0,0,0,184841229,3,0.1,81417.47,0.0,0.0,0.0,0.0,BTCUSD,OV2|67c7db|H1|B,
189559751,184841327,2026-05-10T23:12:41+00:00,1778454761112,1,1,0,184841229,4,0.1,81382.75,0.0,0.0,-3.4699999999999998,0.0,BTCUSD,[sl 81384.97],
189559763,184841338,2026-05-10T23:12:43+00:00,1778454763414,0,0,0,184841338,3,0.1,81383.76,0.0,0.0,0.0,0.0,BTCUSD,OV2|109298|H1|B,
189559774,184841348,2026-05-10T23:12:51+00:00,1778454771077,1,1,0,184841338,4,0.1,81347.89,0.0,0.0,-3.59,0.0,BTCUSD,[sl 81354.92],
189559795,184841371,2026-05-10T23:12:53+00:00,1778454773919,0,0,0,184841371,3,0.1,81308.49,0.0,0.0,0.0,0.0,BTCUSD,OV2|1dbb5e|H1|B,
189559832,184841401,2026-05-10T23:13:00+00:00,1778454780956,1,1,0,184841371,4,0.1,81265.06,0.0,0.0,-4.34,0.0,BTCUSD,[sl 81268.46],
189559847,184841411,2026-05-10T23:13:14+00:00,1778454794176,0,0,0,184841411,3,0.1,81306.02,0.0,0.0,0.0,0.0,BTCUSD,OV2|16e555|H1|B,
189559848,184841413,2026-05-10T23:13:17+00:00,1778454797014,1,1,0,184841411,4,0.1,81266.12,0.0,0.0,-3.99,0.0,BTCUSD,[sl 81275.52],
189559850,184841416,2026-05-10T23:13:17+00:00,1778454797316,0,0,0,184841416,3,0.1,81284.76,0.0,0.0,0.0,0.0,BTCUSD,OV2|b578c6|H1|B,
189559857,184841421,2026-05-10T23:13:22+00:00,1778454802851,1,1,0,184841416,4,0.1,81251.51,0.0,0.0,-3.33,0.0,BTCUSD,[sl 81252.26],
189559886,184841442,2026-05-10T23:13:38+00:00,1778454818651,0,0,0,184841442,3,0.1,2358.768,0.0,0.0,0.0,0.0,ETHUSD,OV2|3d456c|H1|B,
189559919,184841468,2026-05-10T23:14:06+00:00,1778454846841,1,1,0,184841442,4,0.1,2357.016,0.0,0.0,-0.18,0.0,ETHUSD,[sl 2357.172],
189559929,184841478,2026-05-10T23:14:09+00:00,1778454849479,0,0,0,184841478,3,0.1,2357.43,0.0,0.0,0.0,0.0,ETHUSD,OV2|86e66d|H1|B,
189559941,184841490,2026-05-10T23:14:29+00:00,1778454869340,1,1,0,184841478,4,0.1,2355.793,0.0,0.0,-0.16,0.0,ETHUSD,[sl 2355.930],
189559943,184841493,2026-05-10T23:14:31+00:00,1778454871391,0,0,0,184841493,3,0.1,81193.53,0.0,0.0,0.0,0.0,BTCUSD,OV2|cd1117|H1|B,
189559947,184841500,2026-05-10T23:14:32+00:00,1778454872695,1,1,0,184841493,4,0.1,81159.44,0.0,0.0,-3.41,0.0,BTCUSD,[sl 81169.03],
189559948,184841501,2026-05-10T23:14:32+00:00,1778454872775,0,0,0,184841501,3,0.1,2355.657,0.0,0.0,0.0,0.0,ETHUSD,OV2|4b7315|H1|B,
189559976,184841521,2026-05-10T23:14:45+00:00,1778454885785,1,1,0,184841501,4,0.1,2353.505,0.0,0.0,-0.22,0.0,ETHUSD,[sl 2353.923],
189559978,184841523,2026-05-10T23:14:47+00:00,1778454887184,0,0,0,184841523,3,0.1,2354.482,0.0,0.0,0.0,0.0,ETHUSD,OV2|29dc06|M15|B,
189560074,184841598,2026-05-10T23:16:02+00:00,1778454962688,1,1,0,184841523,4,0.1,2352.609,0.0,0.0,-0.19,0.0,ETHUSD,[sl 2352.791],
189560076,184841600,2026-05-10T23:16:02+00:00,1778454962922,1,1,0,184840137,4,0.1,1.4757,0.0,0.0,-0.75,0.0,XRPUSD,[sl 1.47591],
189561091,184842404,2026-05-10T23:30:49+00:00,1778455849628,1,0,0,184842404,3,1.0,81068.81,0.0,0.0,0.0,0.0,BTCUSD,OV2|482ea4|H1|S,
189561982,184843103,2026-05-10T23:37:40+00:00,1778456260623,0,1,0,184842404,4,1.0,81099.77,0.0,0.0,-30.96,0.0,BTCUSD,[sl 81099.31],
189561989,184843109,2026-05-10T23:38:04+00:00,1778456284588,1,0,0,184843109,3,0.88,81052.92,0.0,0.0,0.0,0.0,BTCUSD,OV2|91ac63|H1|S,
189562016,184843124,2026-05-10T23:38:42+00:00,1778456322544,0,1,0,184843109,4,0.88,81082.42,0.0,0.0,-25.96,0.0,BTCUSD,[sl 81081.42],
189562024,184843131,2026-05-10T23:38:57+00:00,1778456337950,1,0,0,184843131,3,1.0,81070.93,0.0,0.0,0.0,0.0,BTCUSD,OV2|416bd1|H1|S,
189563372,184844277,2026-05-10T23:48:16+00:00,1778456896852,1,0,0,184844277,3,1.0,1.44885,0.0,0.0,0.0,0.0,XRPUSD,OV2|188bcd|H1|S,
189563607,184844511,2026-05-10T23:49:23+00:00,1778456963477,0,1,0,184843131,5,1.0,80386.48,0.0,0.0,684.45,0.0,BTCUSD,[tp 80386.81],
189563803,184844706,2026-05-10T23:49:51+00:00,1778456991104,1,0,0,184844706,3,1.0,2313.083,0.0,0.0,0.0,0.0,ETHUSD,OV2|d49d1a|H1|S,
189563806,184844713,2026-05-10T23:49:52+00:00,1778456992866,0,1,0,184844706,4,1.0,2315.02,0.0,0.0,-1.94,0.0,ETHUSD,[sl 2314.583],
189563912,184844835,2026-05-10T23:50:20+00:00,1778457020846,1,0,0,184844835,3,1.0,80370.38,0.0,0.0,0.0,0.0,BTCUSD,OV2|041afa|H1|S,
189563915,184844837,2026-05-10T23:50:20+00:00,1778457020991,0,1,0,184844835,4,1.0,80396.62,0.0,0.0,-26.24,0.0,BTCUSD,[sl 80394.88],
189563937,184844857,2026-05-10T23:50:24+00:00,1778457024237,1,0,0,184844857,3,1.0,2317.223,0.0,0.0,0.0,0.0,ETHUSD,OV2|e4cba1|H1|S,
189563947,184844865,2026-05-10T23:50:27+00:00,1778457027434,0,1,0,184844857,4,1.0,2319.29,0.0,0.0,-2.07,0.0,ETHUSD,[sl 2319.152],
189563997,184844914,2026-05-10T23:50:42+00:00,1778457042736,1,0,0,184844914,3,1.0,2318.632,0.0,0.0,0.0,0.0,ETHUSD,OV2|81ed5f|H1|S,
189564000,184844920,2026-05-10T23:50:44+00:00,1778457044143,0,1,0,184844914,4,1.0,2320.05,0.0,0.0,-1.42,0.0,ETHUSD,[sl 2319.932],
189564033,184844951,2026-05-10T23:50:49+00:00,1778457049962,1,0,0,184844951,3,0.92,80463.3,0.0,0.0,0.0,0.0,BTCUSD,OV2|694658|H1|S,
189564047,184844970,2026-05-10T23:51:00+00:00,1778457060482,0,1,0,184844951,4,0.92,80493.32,0.0,0.0,-27.62,0.0,BTCUSD,[sl 80491.30],
189564078,184845005,2026-05-10T23:51:07+00:00,1778457067553,1,0,0,184845005,3,1.0,2323.571,0.0,0.0,0.0,0.0,ETHUSD,OV2|e65755|H1|S,
189564129,184845046,2026-05-10T23:51:11+00:00,1778457071898,0,1,0,184845005,4,1.0,2325.388,0.0,0.0,-1.8199999999999998,0.0,ETHUSD,[sl 2325.071],
189564280,184845199,2026-05-10T23:51:28+00:00,1778457088120,1,0,0,184845199,3,1.0,2326.002,0.0,0.0,0.0,0.0,ETHUSD,OV2|291ab0|H1|S,
189564304,184845225,2026-05-10T23:51:36+00:00,1778457096324,0,1,0,184845199,4,1.0,2327.69,0.0,0.0,-1.69,0.0,ETHUSD,[sl 2327.502],
189564411,184845308,2026-05-10T23:52:00+00:00,1778457120531,1,0,0,184845308,3,1.0,2326.951,0.0,0.0,0.0,0.0,ETHUSD,OV2|910939|H1|S,
189564424,184845325,2026-05-10T23:52:03+00:00,1778457123489,0,1,0,184845308,4,1.0,2328.243,0.0,0.0,-1.29,0.0,ETHUSD,[sl 2328.181],
189564441,184845344,2026-05-10T23:52:08+00:00,1778457128244,1,0,0,184845344,3,0.87,80645.17,0.0,0.0,0.0,0.0,BTCUSD,OV2|87d25d|H1|S,
189564444,184845347,2026-05-10T23:52:08+00:00,1778457128414,0,1,0,184845344,4,0.87,80674.06,0.0,0.0,-25.13,0.0,BTCUSD,[sl 80669.67],
189564471,184845381,2026-05-10T23:52:28+00:00,1778457148212,1,0,0,184845381,3,1.0,80639.23,0.0,0.0,0.0,0.0,BTCUSD,OV2|90892b|H1|S,
189564782,184845581,2026-05-11T00:05:00+00:00,1778457900028,0,1,0,184845381,4,1.0,80784.31,0.0,0.0,-145.08,0.0,BTCUSD,[sl 80665.73],
189566222,184846853,2026-05-11T00:05:32+00:00,1778457932961,1,0,0,184846853,3,1.0,2329.58,0.0,0.0,0.0,0.0,ETHUSD,OV2|878de6|H1|S,
189566309,184846936,2026-05-11T00:05:43+00:00,1778457943772,0,1,0,184846853,4,1.0,2331.093,0.0,0.0,-1.51,0.0,ETHUSD,[sl 2331.080],
189566465,184847082,2026-05-11T00:06:03+00:00,1778457963342,1,0,0,184847082,3,1.0,80803.86,0.0,0.0,0.0,0.0,BTCUSD,OV2|3a34db|H1|S,
189566472,184847088,2026-05-11T00:06:03+00:00,1778457963855,0,1,0,184847082,4,1.0,80823.17,0.0,0.0,-19.31,0.0,BTCUSD,[sl 80822.36],
189566509,184847123,2026-05-11T00:06:07+00:00,1778457967129,1,0,0,184847123,3,1.0,2332.292,0.0,0.0,0.0,0.0,ETHUSD,OV2|6b5b8a|H1|S,
189566846,184847424,2026-05-11T00:07:24+00:00,1778458044998,0,1,0,184847123,4,1.0,2333.796,0.0,0.0,-1.5,0.0,ETHUSD,[sl 2333.792],
189566884,184847459,2026-05-11T00:07:42+00:00,1778458062507,1,0,0,184847459,3,0.96,80829.58,0.0,0.0,0.0,0.0,BTCUSD,OV2|53aba9|H1|S,
189567069,184847581,2026-05-11T00:08:50+00:00,1778458130773,0,1,0,184847459,4,0.96,80849.93,0.0,0.0,-19.54,0.0,BTCUSD,[sl 80848.08],
189567078,184847592,2026-05-11T00:08:52+00:00,1778458132072,1,0,0,184847592,3,1.0,2334.125,0.0,0.0,0.0,0.0,ETHUSD,OV2|6b0044|M15|S,
189569241,184849556,2026-05-11T00:30:07+00:00,1778459407347,0,1,0,184844277,4,1.0,1.4609,0.0,0.0,-12.05,0.0,XRPUSD,[sl 1.46033],
189569262,184849566,2026-05-11T00:30:21+00:00,1778459421355,0,1,0,184847592,4,1.0,2335.713,0.0,0.0,-1.5899999999999999,0.0,ETHUSD,[sl 2335.625],
189569402,184849647,2026-05-11T00:31:08+00:00,1778459468121,1,0,0,184849647,3,1.0,1.4576,0.0,0.0,0.0,0.0,XRPUSD,OV2|c2324e|H1|S,
189569428,184849664,2026-05-11T00:31:18+00:00,1778459478045,1,0,0,184849664,3,1.0,2334.79,0.0,0.0,0.0,0.0,ETHUSD,OV2|00dcaf|H1|S,
189569598,184849738,2026-05-11T00:32:47+00:00,1778459567658,0,1,0,184849664,4,1.0,2336.517,0.0,0.0,-1.73,0.0,ETHUSD,[sl 2336.290],
189569621,184849752,2026-05-11T00:32:57+00:00,1778459577419,1,0,0,184849752,3,1.0,2336.01,0.0,0.0,0.0,0.0,ETHUSD,OV2|9e3271|H1|S,
189572533,184852003,2026-05-11T01:00:26+00:00,1778461226347,1,0,0,184852003,3,0.25,1.17636,0.0,0.0,0.0,0.0,EURUSD,OV2|822601|H1|S,
189572989,184852382,2026-05-11T01:01:41+00:00,1778461301027,0,1,0,184849752,4,1.0,2337.524,0.0,0.0,-1.51,0.0,ETHUSD,[sl 2337.510],
189573212,184852561,2026-05-11T01:02:00+00:00,1778461320706,1,0,0,184852561,3,1.0,2337.656,0.0,0.0,0.0,0.0,ETHUSD,OV2|ed2999|H1|S,
189573226,184852566,2026-05-11T01:02:04+00:00,1778461324529,0,1,0,184852561,4,1.0,2340.479,0.0,0.0,-2.82,0.0,ETHUSD,[sl 2339.444],
189573560,184852825,2026-05-11T01:03:03+00:00,1778461383775,1,0,0,184852825,3,1.0,80898.38,0.0,0.0,0.0,0.0,BTCUSD,OV2|d50ccf|H1|S,
189573621,184852874,2026-05-11T01:03:20+00:00,1778461400724,0,1,0,184852825,4,1.0,80923.02,0.0,0.0,-24.64,0.0,BTCUSD,[sl 80916.88],
189573682,184852959,2026-05-11T01:03:35+00:00,1778461415036,1,0,0,184852959,3,1.0,80955.31,0.0,0.0,0.0,0.0,BTCUSD,OV2|b39694|H1|S,
189573683,184852960,2026-05-11T01:03:35+00:00,1778461415067,0,1,0,184852959,4,1.0,80974.17,0.0,0.0,-18.86,0.0,BTCUSD,[sl 80973.81],
189573739,184853057,2026-05-11T01:03:51+00:00,1778461431340,1,0,0,184853057,3,1.0,2339.93,0.0,0.0,0.0,0.0,ETHUSD,OV2|442496|H1|S,
189579272,184857006,2026-05-11T01:06:55+00:00,1778461615602,0,1,0,184853057,4,1.0,2341.773,0.0,0.0,-1.8399999999999999,0.0,ETHUSD,[sl 2341.430],
189579313,184857028,2026-05-11T01:06:57+00:00,1778461617633,1,0,0,184857028,3,1.0,81081.74,0.0,0.0,0.0,0.0,BTCUSD,OV2|4b2dd7|H1|S,
189579325,184857035,2026-05-11T01:06:58+00:00,1778461618348,0,1,0,184857028,4,1.0,81121.03,0.0,0.0,-39.29,0.0,BTCUSD,[sl 81102.25],
189579383,184857083,2026-05-11T01:07:00+00:00,1778461620953,1,0,0,184857083,3,1.0,2341.19,0.0,0.0,0.0,0.0,ETHUSD,OV2|a40462|H1|S,
189579497,184857172,2026-05-11T01:07:06+00:00,1778461626078,0,1,0,184857083,4,1.0,2342.915,0.0,0.0,-1.73,0.0,ETHUSD,[sl 2342.839],
189580054,184857629,2026-05-11T01:07:48+00:00,1778461668083,1,0,0,184857629,3,1.0,2342.932,0.0,0.0,0.0,0.0,ETHUSD,OV2|9bbed7|H1|S,
189581026,184858334,2026-05-11T01:08:46+00:00,1778461726939,1,0,0,184858334,3,0.06,4688.03,0.0,0.0,0.0,0.0,XAUUSD,OV2|723254|H1|S,
189581113,184858394,2026-05-11T01:08:53+00:00,1778461733090,0,1,0,184857629,4,1.0,2344.8,0.0,0.0,-1.87,0.0,ETHUSD,[sl 2344.764],
189581477,184858641,2026-05-11T01:09:21+00:00,1778461761170,1,0,0,184858641,3,1.0,2343.629,0.0,0.0,0.0,0.0,ETHUSD,OV2|18b42a|H1|S,
189582328,184859335,2026-05-11T01:10:28+00:00,1778461828589,0,1,0,184858641,4,1.0,2345.43,0.0,0.0,-1.8,0.0,ETHUSD,[sl 2345.153],
189582777,184859664,2026-05-11T01:11:14+00:00,1778461874144,1,0,0,184859664,3,1.0,2344.722,0.0,0.0,0.0,0.0,ETHUSD,OV2|12dd46|H1|S,
189582921,184859790,2026-05-11T01:11:26+00:00,1778461886404,0,1,0,184858334,4,0.06,4690.59,0.0,0.0,-15.36,0.0,XAUUSD,[sl 4690.54],
189582987,184859856,2026-05-11T01:11:29+00:00,1778461889477,0,1,0,184859664,4,1.0,2346.49,0.0,0.0,-1.77,0.0,ETHUSD,[sl 2346.260],
189583474,184860173,2026-05-11T01:11:54+00:00,1778461914226,1,0,0,184860173,3,1.0,2345.902,0.0,0.0,0.0,0.0,ETHUSD,OV2|e9d660|H1|S,
189583764,184860395,2026-05-11T01:12:15+00:00,1778461935215,0,1,0,184860173,4,1.0,2347.556,0.0,0.0,-1.65,0.0,ETHUSD,[sl 2347.402],
189584661,184860981,2026-05-11T01:13:09+00:00,1778461989783,1,0,0,184860981,3,1.0,81302.68,0.0,0.0,0.0,0.0,BTCUSD,OV2|177c79|H1|S,
189584958,184861185,2026-05-11T01:13:34+00:00,1778462014389,0,1,0,184860981,4,1.0,81329.37,0.0,0.0,-26.69,0.0,BTCUSD,[sl 81320.94],
189585055,184861259,2026-05-11T01:13:50+00:00,1778462030635,1,0,0,184861259,3,0.05,4688.77,0.0,0.0,0.0,0.0,XAUUSD,OV2|86bfb2|H1|S,
189585425,184861499,2026-05-11T01:14:20+00:00,1778462060080,1,0,0,184861499,3,1.0,81298.7,0.0,0.0,0.0,0.0,BTCUSD,OV2|0b2d1c|H1|S,
189585438,184861506,2026-05-11T01:14:22+00:00,1778462062119,0,1,0,184861499,4,1.0,81317.16,0.0,0.0,-18.46,0.0,BTCUSD,[sl 81317.20],
189585674,184861682,2026-05-11T01:14:56+00:00,1778462096433,1,0,0,184861682,3,1.0,81303.07,0.0,0.0,0.0,0.0,BTCUSD,OV2|9c38a7|H1|S,
189585709,184861764,2026-05-11T01:15:00+00:00,1778462100476,0,1,0,184861682,4,1.0,81325.82,0.0,0.0,-22.75,0.0,BTCUSD,[sl 81319.57],
189592345,184866801,2026-05-11T01:26:13+00:00,1778462773363,0,1,0,184861259,4,0.05,4691.33,0.0,0.0,-12.8,0.0,XAUUSD,[sl 4691.27],
189592799,184867156,2026-05-11T01:27:10+00:00,1778462830166,1,0,0,184867156,3,0.06,4692.09,0.0,0.0,0.0,0.0,XAUUSD,OV2|ddc306|H1|S,
189593326,184867538,2026-05-11T01:27:37+00:00,1778462857858,0,1,0,184849647,4,1.0,1.47,0.0,0.0,-12.4,0.0,XRPUSD,[sl 1.46963],
189593402,184867595,2026-05-11T01:27:40+00:00,1778462860642,0,0,0,184867595,3,1.0,81689.3,0.0,0.0,0.0,0.0,BTCUSD,OV2|704d2d|H1|B,
189593403,184867596,2026-05-11T01:27:40+00:00,1778462860763,1,1,0,184867595,4,1.0,81671.47,0.0,0.0,-17.83,0.0,BTCUSD,[sl 81672.80],
189593599,184867741,2026-05-11T01:27:55+00:00,1778462875638,1,0,0,184867741,3,1.0,1.4683,0.0,0.0,0.0,0.0,XRPUSD,OV2|e67b6d|M15|S,
189593724,184867835,2026-05-11T01:28:05+00:00,1778462885732,0,1,0,184867156,4,0.06,4694.65,0.0,0.0,-15.36,0.0,XAUUSD,[sl 4694.56],
189593980,184868027,2026-05-11T01:28:13+00:00,1778462893160,0,0,0,184868027,3,1.0,81669.91,0.0,0.0,0.0,0.0,BTCUSD,OV2|8aa3f2|H1|B,
189594063,184868082,2026-05-11T01:28:15+00:00,1778462895889,1,0,0,184868082,3,0.05,4694.81,0.0,0.0,0.0,0.0,XAUUSD,OV2|0a8ad9|H1|S,
189594139,184868142,2026-05-11T01:28:20+00:00,1778462900763,1,1,0,184868027,4,1.0,81648.71,0.0,0.0,-21.2,0.0,BTCUSD,[sl 81649.93],
189594360,184868300,2026-05-11T01:28:33+00:00,1778462913207,0,0,0,184868300,3,1.0,81611.28,0.0,0.0,0.0,0.0,BTCUSD,OV2|d405e2|H1|B,
189594396,184868329,2026-05-11T01:28:35+00:00,1778462915604,1,1,0,184868300,4,1.0,81594.39,0.0,0.0,-16.89,0.0,BTCUSD,[sl 81595.48],
189596086,184869650,2026-05-11T01:30:47+00:00,1778463047419,0,0,0,184869650,3,1.0,81462.75,0.0,0.0,0.0,0.0,BTCUSD,OV2|bd593c|H1|B,
189596558,184869959,2026-05-11T01:31:16+00:00,1778463076351,1,1,0,184869650,4,1.0,81444.22,0.0,0.0,-18.53,0.0,BTCUSD,[sl 81444.25],
189596696,184870076,2026-05-11T01:31:34+00:00,1778463094742,0,0,0,184870076,3,1.0,81546.32,0.0,0.0,0.0,0.0,BTCUSD,OV2|292eaa|H1|B,
189596732,184870103,2026-05-11T01:31:40+00:00,1778463100142,1,1,0,184870076,4,1.0,81525.52,0.0,0.0,-20.8,0.0,BTCUSD,[sl 81527.82],
189596957,184870287,2026-05-11T01:32:07+00:00,1778463127508,0,0,0,184870287,3,1.0,81587.97,0.0,0.0,0.0,0.0,BTCUSD,OV2|b69aae|H1|B,
189609960,184880966,2026-05-11T02:00:00+00:00,1778464800086,0,1,0,184867741,4,1.0,1.4832,0.0,0.0,-14.9,0.0,XRPUSD,[sl 1.47641],
189611338,184882440,2026-05-11T02:01:02+00:00,1778464862235,0,0,0,184882440,3,1.0,1.4743,0.0,0.0,0.0,0.0,XRPUSD,OV2|f1762e|H1|B,
189625384,184893572,2026-05-11T02:27:29+00:00,1778466449304,0,1,0,184868082,4,0.05,4697.32,0.0,0.0,-12.55,0.0,XAUUSD,[sl 4697.31],
189625599,184893740,2026-05-11T02:27:58+00:00,1778466478862,1,0,0,184893740,3,0.07,4696.34,0.0,0.0,0.0,0.0,XAUUSD,OV2|0881af|H1|S,
189649279,184910869,2026-05-11T03:05:05+00:00,1778468705190,0,1,0,184852003,4,0.25,1.17706,0.0,0.0,-17.5,0.0,EURUSD,[sl 1.17706],
189656455,184916162,2026-05-11T03:14:22+00:00,1778469262836,0,1,0,184893740,5,0.07,4681.22,0.0,0.0,105.84,0.0,XAUUSD,[tp 4681.23],
189657300,184916634,2026-05-11T03:14:43+00:00,1778469283790,1,0,0,184916634,3,0.08,4681.94,0.0,0.0,0.0,0.0,XAUUSD,OV2|73c4f4|H1|S,
189658075,184917197,2026-05-11T03:15:24+00:00,1778469324610,1,1,0,184882440,4,1.0,1.46605,0.0,0.0,-8.25,0.0,XRPUSD,[sl 1.46616],
189663478,184920824,2026-05-11T03:19:38+00:00,1778469578755,1,1,0,184870287,4,1.0,81567.65,0.0,0.0,-20.32,0.0,BTCUSD,[sl 81569.47],
189663583,184920905,2026-05-11T03:19:47+00:00,1778469587733,0,0,0,184920905,3,1.0,81592.27,0.0,0.0,0.0,0.0,BTCUSD,OV2|cdcb28|H1|B,
189663617,184920941,2026-05-11T03:19:52+00:00,1778469592814,1,1,0,184920905,4,1.0,81566.38,0.0,0.0,-25.89,0.0,BTCUSD,[sl 81575.77],
189667466,184923468,2026-05-11T03:21:24+00:00,1778469684467,0,0,0,184923468,3,1.0,81559.69,0.0,0.0,0.0,0.0,BTCUSD,OV2|aeb5ac|H1|B,
189668650,184924287,2026-05-11T03:22:27+00:00,1778469747265,0,1,0,184916634,4,0.08,4684.3,0.0,0.0,-18.88,0.0,XAUUSD,[sl 4684.29],
189668892,184924449,2026-05-11T03:22:44+00:00,1778469764352,1,0,0,184924449,3,0.06,4683.93,0.0,0.0,0.0,0.0,XAUUSD,OV2|aae04e|H1|S,
189670661,184925691,2026-05-11T03:25:35+00:00,1778469935345,0,1,0,184924449,4,0.06,4686.71,0.0,0.0,-16.68,0.0,XAUUSD,[sl 4686.39],
189671096,184925959,2026-05-11T03:26:00+00:00,1778469960212,1,0,0,184925959,3,0.07,4686.1,0.0,0.0,0.0,0.0,XAUUSD,OV2|66a4ba|H1|S,
189673896,184928017,2026-05-11T03:30:36+00:00,1778470236812,1,0,0,184928017,3,1.0,1.4621,0.0,0.0,0.0,0.0,XRPUSD,OV2|e37200|H1|S,
189674749,184928587,2026-05-11T03:31:06+00:00,1778470266402,0,1,0,184925959,4,0.07,4688.69,0.0,0.0,-18.13,0.0,XAUUSD,[sl 4688.60],
189675101,184928819,2026-05-11T03:31:14+00:00,1778470274380,1,0,0,184928819,3,0.06,4688.87,0.0,0.0,0.0,0.0,XAUUSD,OV2|8c0de0|H1|S,
189675904,184929356,2026-05-11T03:31:49+00:00,1778470309211,0,1,0,184928819,4,0.06,4691.62,0.0,0.0,-16.5,0.0,XAUUSD,[sl 4691.34],
189676064,184929464,2026-05-11T03:31:49+00:00,1778470309984,1,0,0,184929464,3,0.06,4691.75,0.0,0.0,0.0,0.0,XAUUSD,OV2|1a67a9|M15|S,
189676857,184929947,2026-05-11T03:32:14+00:00,1778470334892,0,1,0,184928017,4,1.0,1.46925,0.0,0.0,-7.15,0.0,XRPUSD,[sl 1.46921],
189676881,184929968,2026-05-11T03:32:17+00:00,1778470337931,1,0,0,184929968,3,1.0,1.46695,0.0,0.0,0.0,0.0,XRPUSD,OV2|cce809|M15|S,
189684505,184935189,2026-05-11T03:41:53+00:00,1778470913262,1,1,0,184923468,4,1.0,81538.77,0.0,0.0,-20.92,0.0,BTCUSD,[sl 81543.19],
189724033,184961485,2026-05-11T04:05:29+00:00,1778472329457,0,1,0,184929464,4,0.06,4694.36,0.0,0.0,-15.66,0.0,XAUUSD,[sl 4694.30],
189727372,184963478,2026-05-11T04:05:46+00:00,1778472346254,1,0,0,184963478,3,0.06,4696.91,0.0,0.0,0.0,0.0,XAUUSD,OV2|11d647|H1|S,
189728587,184964339,2026-05-11T04:06:34+00:00,1778472394681,0,1,0,184963478,4,0.06,4699.31,0.0,0.0,-14.4,0.0,XAUUSD,[sl 4699.28],
189729498,184964948,2026-05-11T04:06:53+00:00,1778472413770,1,0,0,184964948,3,0.06,4695.57,0.0,0.0,0.0,0.0,XAUUSD,OV2|09eb08|H1|S,
189730163,184965360,2026-05-11T04:07:04+00:00,1778472424193,0,1,0,184964948,4,0.06,4698.28,0.0,0.0,-16.26,0.0,XAUUSD,[sl 4698.04],
189730724,184965752,2026-05-11T04:07:26+00:00,1778472446454,1,0,0,184965752,3,0.07,4698.06,0.0,0.0,0.0,0.0,XAUUSD,OV2|3a2c11|H1|S,
189747072,184976692,2026-05-11T04:22:49+00:00,1778473369076,0,1,0,184965752,4,0.07,4701.02,0.0,0.0,-20.72,0.0,XAUUSD,[sl 4700.56],
189765333,184988653,2026-05-11T04:38:27+00:00,1778474307284,1,0,0,184988653,3,0.25,1.17638,0.0,0.0,0.0,0.0,EURUSD,OV2|4ff3a7|H1|S,
189789480,185004844,2026-05-11T05:07:30+00:00,1778476050237,1,0,0,185004844,3,1.0,81379.6,0.0,0.0,0.0,0.0,BTCUSD,OV2|a40764|H1|S,
189789673,185004970,2026-05-11T05:07:51+00:00,1778476071566,0,1,0,185004844,4,1.0,81398.11,0.0,0.0,-18.51,0.0,BTCUSD,[sl 81396.10],
189789841,185005102,2026-05-11T05:08:03+00:00,1778476083397,1,0,0,185005102,3,0.99,81387.15,0.0,0.0,0.0,0.0,BTCUSD,OV2|7f374f|H1|S,
189789905,185005142,2026-05-11T05:08:08+00:00,1778476088514,0,1,0,185005102,4,0.99,81407.5,0.0,0.0,-20.15,0.0,BTCUSD,[sl 81403.65],
189790041,185005244,2026-05-11T05:08:36+00:00,1778476116083,1,0,0,185005244,3,1.0,81392.44,0.0,0.0,0.0,0.0,BTCUSD,OV2|66f5ca|H1|S,
189790072,185005265,2026-05-11T05:08:43+00:00,1778476123019,0,1,0,185005244,4,1.0,81409.58,0.0,0.0,-17.14,0.0,BTCUSD,[sl 81408.94],
189790283,185005398,2026-05-11T05:09:08+00:00,1778476148935,1,0,0,185005398,3,0.99,81406.18,0.0,0.0,0.0,0.0,BTCUSD,OV2|47367a|H1|S,
189790317,185005419,2026-05-11T05:09:16+00:00,1778476156253,0,1,0,185005398,4,0.99,81422.88,0.0,0.0,-16.53,0.0,BTCUSD,[sl 81422.68],
189790777,185005714,2026-05-11T05:09:31+00:00,1778476171920,1,0,0,185005714,3,0.99,81416.26,0.0,0.0,0.0,0.0,BTCUSD,OV2|cdaf8a|H1|S,
189791295,185006072,2026-05-11T05:11:02+00:00,1778476262819,0,1,0,185005714,4,0.99,81433.45,0.0,0.0,-17.02,0.0,BTCUSD,[sl 81432.76],
189791955,185006500,2026-05-11T05:12:16+00:00,1778476336482,1,0,0,185006500,3,1.0,81406.69,0.0,0.0,0.0,0.0,BTCUSD,OV2|c7ba98|H1|S,
189792397,185006786,2026-05-11T05:12:58+00:00,1778476378616,0,1,0,185006500,4,1.0,81427.82,0.0,0.0,-21.13,0.0,BTCUSD,[sl 81423.70],
189792871,185007098,2026-05-11T05:13:50+00:00,1778476430131,1,0,0,185007098,3,1.0,81404.19,0.0,0.0,0.0,0.0,BTCUSD,OV2|025279|H1|S,
189795219,185008730,2026-05-11T05:23:10+00:00,1778476990328,1,0,0,185008730,3,0.07,4684.35,0.0,0.0,0.0,0.0,XAUUSD,OV2|36ce08|H1|S,
189795540,185008960,2026-05-11T05:24:58+00:00,1778477098414,0,1,0,185008730,4,0.07,4686.85,0.0,0.0,-17.5,0.0,XAUUSD,[sl 4686.85],
189796487,185009651,2026-05-11T05:28:03+00:00,1778477283994,1,0,0,185009651,3,0.07,4687.07,0.0,0.0,0.0,0.0,XAUUSD,OV2|bfb5c9|H1|S,
189796925,185010040,2026-05-11T05:30:00+00:00,1778477400717,0,1,0,185009651,4,0.07,4689.9,0.0,0.0,-19.81,0.0,XAUUSD,[sl 4689.57],
189798860,185011318,2026-05-11T05:31:39+00:00,1778477499977,1,0,0,185011318,3,0.07,4692.61,0.0,0.0,0.0,0.0,XAUUSD,OV2|7c00ba|H1|S,
189799028,185011444,2026-05-11T05:31:59+00:00,1778477519186,0,1,0,185011318,4,0.07,4695.18,0.0,0.0,-17.99,0.0,XAUUSD,[sl 4695.11],
189799532,185011798,2026-05-11T05:32:16+00:00,1778477536075,1,0,0,185011798,3,0.07,4694.39,0.0,0.0,0.0,0.0,XAUUSD,OV2|5f8d46|H1|S,
189801723,185013429,2026-05-11T05:37:01+00:00,1778477821762,0,1,0,185011798,4,0.07,4697.11,0.0,0.0,-19.04,0.0,XAUUSD,[sl 4696.89],
189802190,185013679,2026-05-11T05:37:27+00:00,1778477847169,1,0,0,185013679,3,0.07,4695.93,0.0,0.0,0.0,0.0,XAUUSD,OV2|abb66a|H1|S,
189802397,185013841,2026-05-11T05:37:45+00:00,1778477865606,0,1,0,185013679,4,0.07,4698.61,0.0,0.0,-18.76,0.0,XAUUSD,[sl 4698.45],
189802967,185014226,2026-05-11T05:38:00+00:00,1778477880268,1,0,0,185014226,3,0.06,4699.48,0.0,0.0,0.0,0.0,XAUUSD,OV2|7ec8f5|H1|S,
189826392,185029739,2026-05-11T06:13:24+00:00,1778480004099,0,1,0,185007098,5,1.0,80691.88,0.0,0.0,712.31,0.0,BTCUSD,[tp 80697.27],
189826922,185030139,2026-05-11T06:14:50+00:00,1778480090098,1,0,0,185030139,3,1.0,80693.96,0.0,0.0,0.0,0.0,BTCUSD,OV2|0843a2|H1|S,
189835902,185036718,2026-05-11T06:44:34+00:00,1778481874557,0,1,0,185030139,4,1.0,80710.49,0.0,0.0,-16.53,0.0,BTCUSD,[sl 80710.46],
189836540,185037179,2026-05-11T06:46:13+00:00,1778481973831,1,0,0,185037179,3,1.0,80726.83,0.0,0.0,0.0,0.0,BTCUSD,OV2|2b2460|H1|S,
189836591,185037222,2026-05-11T06:46:27+00:00,1778481987817,0,1,0,185037179,4,1.0,80746.21,0.0,0.0,-19.38,0.0,BTCUSD,[sl 80745.33],
189836630,185037251,2026-05-11T06:46:46+00:00,1778482006750,1,0,0,185037251,3,1.0,80741.73,0.0,0.0,0.0,0.0,BTCUSD,OV2|e1a6f0|H1|S,
189843386,185042034,2026-05-11T07:03:28+00:00,1778483008774,0,1,0,185014226,5,0.06,4673.71,0.0,0.0,154.62,0.0,XAUUSD,[tp 4673.72],
189843530,185042089,2026-05-11T07:03:30+00:00,1778483010535,1,0,0,185042089,3,0.08,4673.56,0.0,0.0,0.0,0.0,XAUUSD,OV2|9ba77f|H1|S,
189843752,185042208,2026-05-11T07:03:40+00:00,1778483020416,0,1,0,185042089,4,0.08,4676.11,0.0,0.0,-20.4,0.0,XAUUSD,[sl 4676.06],
189843872,185042295,2026-05-11T07:04:01+00:00,1778483041444,1,0,0,185042295,3,0.06,4675.69,0.0,0.0,0.0,0.0,XAUUSD,OV2|cf8308|H1|S,
189845426,185043343,2026-05-11T07:06:58+00:00,1778483218217,0,1,0,185042295,4,0.06,4678.22,0.0,0.0,-15.18,0.0,XAUUSD,[sl 4678.21],
189845623,185043463,2026-05-11T07:07:17+00:00,1778483237975,1,0,0,185043463,3,0.06,4678.51,0.0,0.0,0.0,0.0,XAUUSD,OV2|eb22e7|H1|S,
189852202,185047808,2026-05-11T07:24:34+00:00,1778484274144,0,1,0,185037251,4,1.0,80762.56,0.0,0.0,-20.83,0.0,BTCUSD,[sl 80760.23],
189852263,185047844,2026-05-11T07:24:54+00:00,1778484294136,1,0,0,185047844,3,0.94,80744.21,0.0,0.0,0.0,0.0,BTCUSD,OV2|de59d5|H1|S,
189852379,185047917,2026-05-11T07:25:08+00:00,1778484308679,0,1,0,185047844,4,0.94,80762.56,0.0,0.0,-17.25,0.0,BTCUSD,[sl 80760.71],
189852852,185048225,2026-05-11T07:26:49+00:00,1778484409180,1,0,0,185048225,3,1.0,80731.09,0.0,0.0,0.0,0.0,BTCUSD,OV2|d60e3d|H1|S,
189856271,185050427,2026-05-11T07:31:50+00:00,1778484710246,0,1,0,185048225,4,1.0,80751.48,0.0,0.0,-20.39,0.0,BTCUSD,[sl 80750.86],
189856315,185050456,2026-05-11T07:32:00+00:00,1778484720220,1,0,0,185050456,3,1.0,80744.66,0.0,0.0,0.0,0.0,BTCUSD,OV2|1451e0|H1|S,
189856393,185050509,2026-05-11T07:32:11+00:00,1778484731059,0,1,0,185050456,4,1.0,80765.15,0.0,0.0,-20.49,0.0,BTCUSD,[sl 80761.16],
189856452,185050550,2026-05-11T07:32:18+00:00,1778484738517,1,0,0,185050550,3,1.0,80771.99,0.0,0.0,0.0,0.0,BTCUSD,OV2|1f7282|H1|S,
189856797,185050800,2026-05-11T07:33:42+00:00,1778484822365,0,1,0,185050550,4,1.0,80791.0,0.0,0.0,-19.01,0.0,BTCUSD,[sl 80790.49],
189856798,185050801,2026-05-11T07:33:42+00:00,1778484822520,1,0,0,185050801,3,1.0,80782.0,0.0,0.0,0.0,0.0,BTCUSD,OV2|fe0d24|H1|S,
189856820,185050814,2026-05-11T07:33:48+00:00,1778484828540,0,1,0,185050801,4,1.0,80804.4,0.0,0.0,-22.4,0.0,BTCUSD,[sl 80800.50],
189857129,185051025,2026-05-11T07:34:00+00:00,1778484840999,1,0,0,185051025,3,1.0,80782.91,0.0,0.0,0.0,0.0,BTCUSD,OV2|6fbe04|H1|S,
189858449,185051862,2026-05-11T07:35:45+00:00,1778484945068,0,1,0,185051025,4,1.0,80799.54,0.0,0.0,-16.63,0.0,BTCUSD,[sl 80799.41],
189858562,185051939,2026-05-11T07:36:13+00:00,1778484973284,1,0,0,185051939,3,1.0,80786.71,0.0,0.0,0.0,0.0,BTCUSD,OV2|d8c166|H1|S,
189859713,185052776,2026-05-11T07:42:54+00:00,1778485374294,0,1,0,185051939,4,1.0,80805.74,0.0,0.0,-19.03,0.0,BTCUSD,[sl 80805.21],
189859761,185052814,2026-05-11T07:43:36+00:00,1778485416645,1,0,0,185052814,3,1.0,80796.84,0.0,0.0,0.0,0.0,BTCUSD,OV2|9e34fd|H1|S,
189859908,185052952,2026-05-11T07:45:08+00:00,1778485508387,0,1,0,185052814,4,1.0,80813.34,0.0,0.0,-16.5,0.0,BTCUSD,[sl 80813.34],
189860170,185053137,2026-05-11T07:46:48+00:00,1778485608030,1,0,0,185053137,3,1.0,80807.99,0.0,0.0,0.0,0.0,BTCUSD,OV2|4753f1|H1|S,
189861625,185054084,2026-05-11T07:53:31+00:00,1778486011629,0,1,0,185053137,4,1.0,80825.19,0.0,0.0,-17.2,0.0,BTCUSD,[sl 80824.49],
189861629,185054088,2026-05-11T07:53:32+00:00,1778486012339,1,0,0,185054088,3,1.0,80818.69,0.0,0.0,0.0,0.0,BTCUSD,OV2|5cd325|H1|S,
189861685,185054125,2026-05-11T07:53:56+00:00,1778486036928,0,1,0,185054088,4,1.0,80837.46,0.0,0.0,-18.77,0.0,BTCUSD,[sl 80837.31],
189861712,185054152,2026-05-11T07:54:05+00:00,1778486045390,1,0,0,185054152,3,1.0,80837.6,0.0,0.0,0.0,0.0,BTCUSD,OV2|dcc6fa|H1|S,
189861775,185054207,2026-05-11T07:54:55+00:00,1778486095211,0,1,0,185054152,4,1.0,80856.13,0.0,0.0,-18.53,0.0,BTCUSD,[sl 80856.10],
189861776,185054209,2026-05-11T07:54:57+00:00,1778486097485,1,0,0,185054209,3,1.0,80847.13,0.0,0.0,0.0,0.0,BTCUSD,OV2|e7bf71|H1|S,
189861787,185054218,2026-05-11T07:54:59+00:00,1778486099838,0,1,0,185054209,4,1.0,80866.51,0.0,0.0,-19.38,0.0,BTCUSD,[sl 80865.63],
189862235,185054509,2026-05-11T07:56:55+00:00,1778486215709,1,0,0,185054509,3,1.0,80832.48,0.0,0.0,0.0,0.0,BTCUSD,OV2|d22b8c|H1|S,
189862338,185054586,2026-05-11T07:57:49+00:00,1778486269211,0,1,0,185054509,4,1.0,80851.01,0.0,0.0,-18.53,0.0,BTCUSD,[sl 80850.83],
189862396,185054627,2026-05-11T07:58:02+00:00,1778486282044,1,0,0,185054627,3,1.0,80851.38,0.0,0.0,0.0,0.0,BTCUSD,OV2|eaa202|H1|S,
189863741,185056066,2026-05-11T08:03:04+00:00,1778486584580,0,1,0,185054627,4,1.0,80868.31,0.0,0.0,-16.93,0.0,BTCUSD,[sl 80867.88],
189863744,185056070,2026-05-11T08:03:05+00:00,1778486585936,1,0,0,185056070,3,1.0,80860.06,0.0,0.0,0.0,0.0,BTCUSD,OV2|10e209|H1|S,
189863787,185056098,2026-05-11T08:03:19+00:00,1778486599743,0,1,0,185056070,4,1.0,80879.53,0.0,0.0,-19.47,0.0,BTCUSD,[sl 80876.56],
189863905,185056197,2026-05-11T08:03:52+00:00,1778486632973,1,0,0,185056197,3,1.0,80861.96,0.0,0.0,0.0,0.0,BTCUSD,OV2|16abef|H1|S,
189863975,185056239,2026-05-11T08:04:01+00:00,1778486641718,0,1,0,185056197,4,1.0,80877.56,0.0,0.0,-15.6,0.0,BTCUSD,[sl 80877.56],
189864235,185056390,2026-05-11T08:04:43+00:00,1778486683073,1,0,0,185056390,3,1.0,80861.36,0.0,0.0,0.0,0.0,BTCUSD,OV2|8fd111|H1|S,
189864441,185056534,2026-05-11T08:05:35+00:00,1778486735254,0,1,0,185056390,4,1.0,80881.36,0.0,0.0,-20.0,0.0,BTCUSD,[sl 80880.03],
189864545,185056611,2026-05-11T08:06:41+00:00,1778486801814,1,0,0,185056611,3,1.0,80854.59,0.0,0.0,0.0,0.0,BTCUSD,OV2|cc3fd8|H1|S,
189865902,185057582,2026-05-11T08:11:29+00:00,1778487089085,0,1,0,185056611,4,1.0,80871.44,0.0,0.0,-16.85,0.0,BTCUSD,[sl 80871.09],
189865957,185057633,2026-05-11T08:11:51+00:00,1778487111540,1,0,0,185057633,3,1.0,80850.46,0.0,0.0,0.0,0.0,BTCUSD,OV2|60dfd3|H1|S,
189866888,185058325,2026-05-11T08:16:20+00:00,1778487380839,0,1,0,185057633,4,1.0,80867.06,0.0,0.0,-16.6,0.0,BTCUSD,[sl 80866.96],
189881767,185068411,2026-05-11T08:46:14+00:00,1778489174385,0,1,0,185043463,5,0.06,4660.87,0.0,0.0,105.84,0.0,XAUUSD,[tp 4660.90],
189881934,185068493,2026-05-11T08:46:22+00:00,1778489182622,1,0,0,185068493,3,0.08,4662.55,0.0,0.0,0.0,0.0,XAUUSD,OV2|440021|H1|S,
189901815,185082246,2026-05-11T09:08:38+00:00,1778490518823,0,1,0,185068493,4,0.08,4665.06,0.0,0.0,-20.08,0.0,XAUUSD,[sl 4665.05],
189902226,185082437,2026-05-11T09:08:57+00:00,1778490537987,1,0,0,185082437,3,0.07,4663.62,0.0,0.0,0.0,0.0,XAUUSD,OV2|3af85f|H1|S,
189904089,185083840,2026-05-11T09:12:39+00:00,1778490759322,0,1,0,185082437,4,0.07,4666.19,0.0,0.0,-17.99,0.0,XAUUSD,[sl 4666.12],
189904519,185084089,2026-05-11T09:13:02+00:00,1778490782807,1,0,0,185084089,3,0.07,4666.32,0.0,0.0,0.0,0.0,XAUUSD,OV2|41c575|H1|S,
189905901,185085103,2026-05-11T09:17:37+00:00,1778491057215,0,1,0,185084089,4,0.07,4669.07,0.0,0.0,-19.25,0.0,XAUUSD,[sl 4668.82],
189906022,185085181,2026-05-11T09:17:41+00:00,1778491061254,1,0,0,185085181,3,0.06,4668.24,0.0,0.0,0.0,0.0,XAUUSD,OV2|9cfe57|H1|S,
189906559,185085579,2026-05-11T09:18:50+00:00,1778491130140,1,0,0,185085579,3,1.0,80816.34,0.0,0.0,0.0,0.0,BTCUSD,OV2|cdd9f2|H1|S,
189906711,185085713,2026-05-11T09:18:51+00:00,1778491131105,0,1,0,185085579,4,1.0,80833.1,0.0,0.0,-16.76,0.0,BTCUSD,[sl 80832.84],
189906845,185085793,2026-05-11T09:19:15+00:00,1778491155560,1,0,0,185085793,3,1.0,80833.01,0.0,0.0,0.0,0.0,BTCUSD,OV2|3c8df3|H1|S,
189907078,185085962,2026-05-11T09:19:55+00:00,1778491195329,0,1,0,185085181,4,0.06,4670.84,0.0,0.0,-15.6,0.0,XAUUSD,[sl 4670.74],
189907155,185086014,2026-05-11T09:19:59+00:00,1778491199323,0,1,0,185085793,4,1.0,80849.56,0.0,0.0,-16.55,0.0,BTCUSD,[sl 80849.51],
189907881,185086564,2026-05-11T09:21:52+00:00,1778491312517,1,0,0,185086564,3,0.07,4667.61,0.0,0.0,0.0,0.0,XAUUSD,OV2|d39ff6|H1|S,
189911395,185089251,2026-05-11T09:30:41+00:00,1778491841741,0,1,0,185086564,4,0.07,4670.32,0.0,0.0,-18.97,0.0,XAUUSD,[sl 4670.08],
189911934,185089541,2026-05-11T09:31:27+00:00,1778491887291,1,0,0,185089541,3,0.07,4669.79,0.0,0.0,0.0,0.0,XAUUSD,OV2|957e11|H1|S,
189912536,185089990,2026-05-11T09:33:44+00:00,1778492024226,0,1,0,185089541,4,0.07,4672.47,0.0,0.0,-18.76,0.0,XAUUSD,[sl 4672.30],
189912637,185090048,2026-05-11T09:33:45+00:00,1778492025222,1,0,0,185090048,3,0.06,4671.81,0.0,0.0,0.0,0.0,XAUUSD,OV2|800740|H1|S,
189914055,185091083,2026-05-11T09:38:41+00:00,1778492321832,0,1,0,185090048,4,0.06,4674.66,0.0,0.0,-17.1,0.0,XAUUSD,[sl 4674.30],
189914331,185091252,2026-05-11T09:39:11+00:00,1778492351480,1,0,0,185091252,3,0.08,4672.05,0.0,0.0,0.0,0.0,XAUUSD,OV2|282971|H1|S,
189915561,185092152,2026-05-11T09:44:14+00:00,1778492654808,0,1,0,185091252,4,0.08,4674.6,0.0,0.0,-20.4,0.0,XAUUSD,[sl 4674.55],
189915569,185092156,2026-05-11T09:44:15+00:00,1778492655626,1,0,0,185092156,3,0.06,4674.2,0.0,0.0,0.0,0.0,XAUUSD,OV2|c86a3c|H1|S,
189916776,185093102,2026-05-11T09:48:54+00:00,1778492934233,0,1,0,185092156,4,0.06,4676.71,0.0,0.0,-15.06,0.0,XAUUSD,[sl 4676.70],
189922534,185097598,2026-05-11T10:01:09+00:00,1778493669901,0,0,0,185097598,3,0.25,1.3601,0.0,0.0,0.0,0.0,GBPUSD,OV2|889c7c|H1|B,
189929061,185102556,2026-05-11T10:21:20+00:00,1778494880709,1,0,0,185102556,3,1.0,80794.16,0.0,0.0,0.0,0.0,BTCUSD,OV2|398023|H1|S,
189929068,185102561,2026-05-11T10:21:25+00:00,1778494885190,0,1,0,185102556,4,1.0,80815.32,0.0,0.0,-21.16,0.0,BTCUSD,[sl 80810.66],
189929145,185102627,2026-05-11T10:21:55+00:00,1778494915880,1,0,0,185102627,3,1.0,80765.75,0.0,0.0,0.0,0.0,BTCUSD,OV2|ec436d|H1|S,
189929415,185102863,2026-05-11T10:23:22+00:00,1778495002233,0,1,0,184988653,4,0.25,1.17706,0.0,0.0,-17.0,0.0,EURUSD,[sl 1.17706],
189930700,185103815,2026-05-11T10:26:32+00:00,1778495192407,0,1,0,185102627,4,1.0,80784.88,0.0,0.0,-19.13,0.0,BTCUSD,[sl 80784.25],
189930703,185103817,2026-05-11T10:26:33+00:00,1778495193563,1,0,0,185103817,3,1.0,80775.5,0.0,0.0,0.0,0.0,BTCUSD,OV2|a50b64|H1|S,
189942384,185112613,2026-05-11T11:01:35+00:00,1778497295479,1,0,0,185112613,3,0.07,4666.58,0.0,0.0,0.0,0.0,XAUUSD,OV2|58d5a3|H1|S,
189943392,185113348,2026-05-11T11:04:48+00:00,1778497488605,0,1,0,185112613,4,0.07,4669.12,0.0,0.0,-17.78,0.0,XAUUSD,[sl 4669.08],
189944717,185114234,2026-05-11T11:06:48+00:00,1778497608125,1,0,0,185114234,3,0.07,4669.83,0.0,0.0,0.0,0.0,XAUUSD,OV2|5686da|H1|S,
189947138,185115985,2026-05-11T11:11:49+00:00,1778497909989,0,1,0,185114234,4,0.07,4672.41,0.0,0.0,-18.06,0.0,XAUUSD,[sl 4672.32],
189947449,185116199,2026-05-11T11:11:55+00:00,1778497915877,1,0,0,185116199,3,0.06,4672.83,0.0,0.0,0.0,0.0,XAUUSD,OV2|acb0b9|H1|S,
189950885,185118756,2026-05-11T11:18:40+00:00,1778498320874,0,1,0,185116199,4,0.06,4675.49,0.0,0.0,-15.96,0.0,XAUUSD,[sl 4675.33],
189951013,185118824,2026-05-11T11:18:48+00:00,1778498328197,1,0,0,185118824,3,0.06,4674.79,0.0,0.0,0.0,0.0,XAUUSD,OV2|2debec|H1|S,
189953306,185120482,2026-05-11T11:22:00+00:00,1778498520730,0,1,0,185118824,4,0.06,4677.29,0.0,0.0,-15.0,0.0,XAUUSD,[sl 4677.29],
189953728,185120759,2026-05-11T11:22:12+00:00,1778498532240,1,0,0,185120759,3,0.07,4676.07,0.0,0.0,0.0,0.0,XAUUSD,OV2|2f1bfd|M15|S,
189954240,185121165,2026-05-11T11:23:32+00:00,1778498612480,0,1,0,185120759,4,0.07,4678.63,0.0,0.0,-17.92,0.0,XAUUSD,[sl 4678.57],
189955138,185121778,2026-05-11T11:26:39+00:00,1778498799473,1,0,0,185121778,3,0.08,4675.73,0.0,0.0,0.0,0.0,XAUUSD,OV2|ac276a|H1|S,
189959399,185124896,2026-05-11T11:38:44+00:00,1778499524134,0,1,0,185103817,4,1.0,80794.47,0.0,0.0,-18.97,0.0,BTCUSD,[sl 80792.00],
189959541,185125007,2026-05-11T11:39:21+00:00,1778499561751,1,0,0,185125007,3,1.0,80785.47,0.0,0.0,0.0,0.0,BTCUSD,OV2|2454ea|H1|S,
189960104,185125401,2026-05-11T11:41:21+00:00,1778499681931,0,1,0,185125007,4,1.0,80804.6,0.0,0.0,-19.13,0.0,BTCUSD,[sl 80801.97],
189960267,185125522,2026-05-11T11:41:49+00:00,1778499709412,1,0,0,185125522,3,1.0,80818.94,0.0,0.0,0.0,0.0,BTCUSD,OV2|6dd0c7|H1|S,
189960817,185125962,2026-05-11T11:44:29+00:00,1778499869311,0,1,0,185125522,4,1.0,80837.25,0.0,0.0,-18.31,0.0,BTCUSD,[sl 80835.44],
189960841,185125983,2026-05-11T11:44:40+00:00,1778499880073,1,0,0,185125983,3,1.0,80824.7,0.0,0.0,0.0,0.0,BTCUSD,OV2|2db943|H1|S,
189961034,185126194,2026-05-11T11:46:20+00:00,1778499980139,0,1,0,185125983,4,1.0,80842.35,0.0,0.0,-17.65,0.0,BTCUSD,[sl 80841.20],
189962056,185126921,2026-05-11T11:51:29+00:00,1778500289861,1,0,0,185126921,3,1.0,80804.63,0.0,0.0,0.0,0.0,BTCUSD,OV2|c3f396|H1|S,
189962633,185127308,2026-05-11T11:53:48+00:00,1778500428516,0,1,0,185126921,4,1.0,80823.72,0.0,0.0,-19.09,0.0,BTCUSD,[sl 80823.13],
189962741,185127406,2026-05-11T11:54:13+00:00,1778500453136,1,0,0,185127406,3,1.0,80805.94,0.0,0.0,0.0,0.0,BTCUSD,OV2|1b0139|H1|S,
189965800,185130067,2026-05-11T12:04:58+00:00,1778501098737,0,1,0,185127406,4,1.0,80822.94,0.0,0.0,-17.0,0.0,BTCUSD,[sl 80822.44],
189974923,185136529,2026-05-11T12:32:20+00:00,1778502740885,0,1,0,185121778,5,0.08,4654.31,0.0,0.0,171.36,0.0,XAUUSD,[tp 4654.34],
189975760,185137096,2026-05-11T12:32:37+00:00,1778502757565,1,0,0,185137096,3,0.06,4654.15,0.0,0.0,0.0,0.0,XAUUSD,OV2|371a7d|H1|S,
189977732,185138389,2026-05-11T12:35:37+00:00,1778502937505,0,1,0,185137096,4,0.06,4656.73,0.0,0.0,-15.48,0.0,XAUUSD,[sl 4656.65],
189978293,185138751,2026-05-11T12:36:18+00:00,1778502978703,1,0,0,185138751,3,0.06,4657.13,0.0,0.0,0.0,0.0,XAUUSD,OV2|bd47fd|H1|S,
189978998,185139232,2026-05-11T12:36:58+00:00,1778503018257,0,1,0,185138751,4,0.06,4659.63,0.0,0.0,-15.0,0.0,XAUUSD,[sl 4659.62],
189979639,185139572,2026-05-11T12:37:23+00:00,1778503043554,1,0,0,185139572,3,0.07,4659.47,0.0,0.0,0.0,0.0,XAUUSD,OV2|5dd3c3|H1|S,
189981489,185140930,2026-05-11T12:43:45+00:00,1778503425871,0,1,0,185139572,4,0.07,4662.02,0.0,0.0,-17.85,0.0,XAUUSD,[sl 4661.97],
189981602,185140999,2026-05-11T12:43:50+00:00,1778503430320,1,0,0,185140999,3,0.06,4661.6,0.0,0.0,0.0,0.0,XAUUSD,OV2|a7b5b7|H1|S,
189982654,185141815,2026-05-11T12:46:01+00:00,1778503561062,0,1,0,185140999,4,0.06,4664.1,0.0,0.0,-15.0,0.0,XAUUSD,[sl 4664.10],
189983374,185142271,2026-05-11T12:46:53+00:00,1778503613791,1,0,0,185142271,3,0.07,4662.54,0.0,0.0,0.0,0.0,XAUUSD,OV2|277ecc|H1|S,
189987455,185145640,2026-05-11T13:01:04+00:00,1778504464478,0,0,0,185145640,3,1.0,80949.25,0.0,0.0,0.0,0.0,BTCUSD,OV2|5e4d9e|H1|B,
189988253,185146226,2026-05-11T13:03:38+00:00,1778504618331,1,1,0,185145640,4,1.0,80928.55,0.0,0.0,-20.7,0.0,BTCUSD,[sl 80932.75],
189988314,185146268,2026-05-11T13:03:43+00:00,1778504623592,0,0,0,185146268,3,1.0,80949.12,0.0,0.0,0.0,0.0,BTCUSD,OV2|f369b4|H1|B,
189988370,185146311,2026-05-11T13:04:01+00:00,1778504641593,1,1,0,185146268,4,1.0,80931.11,0.0,0.0,-18.01,0.0,BTCUSD,[sl 80932.62],
189988431,185146359,2026-05-11T13:04:18+00:00,1778504658138,0,0,0,185146359,3,1.0,80956.3,0.0,0.0,0.0,0.0,BTCUSD,OV2|185415|H1|B,
189988500,185146402,2026-05-11T13:04:43+00:00,1778504683754,1,1,0,185146359,4,1.0,80937.28,0.0,0.0,-19.02,0.0,BTCUSD,[sl 80939.80],
189988822,185146649,2026-05-11T13:05:52+00:00,1778504752983,0,0,0,185146649,3,1.0,80964.14,0.0,0.0,0.0,0.0,BTCUSD,OV2|51fb5b|H1|B,
189988868,185146685,2026-05-11T13:06:01+00:00,1778504761813,1,1,0,185146649,4,1.0,80945.25,0.0,0.0,-18.89,0.0,BTCUSD,[sl 80947.64],
189988965,185146766,2026-05-11T13:06:22+00:00,1778504782743,0,0,0,185146766,3,1.0,80952.54,0.0,0.0,0.0,0.0,BTCUSD,OV2|f2fa1b|H1|B,
189988997,185146788,2026-05-11T13:06:30+00:00,1778504790084,1,1,0,185097598,4,0.25,1.3593600000000001,0.0,0.0,-18.5,0.0,GBPUSD,[sl 1.35936],
189994128,185150516,2026-05-11T13:24:42+00:00,1778505882466,0,1,0,185142271,4,0.07,4665.09,0.0,0.0,-17.85,0.0,XAUUSD,[sl 4665.04],
189994312,185150647,2026-05-11T13:24:57+00:00,1778505897768,1,0,0,185150647,3,0.07,4664.69,0.0,0.0,0.0,0.0,XAUUSD,OV2|095a59|H1|S,
190000589,185155258,2026-05-11T13:46:07+00:00,1778507167503,1,0,0,185155258,3,0.25,1.35918,0.0,0.0,0.0,0.0,GBPUSD,OV2|55a73f|H1|S,
190001463,185155807,2026-05-11T13:49:18+00:00,1778507358211,0,1,0,185155258,4,0.25,1.35986,0.0,0.0,-17.0,0.0,GBPUSD,[sl 1.35986],
190002639,185156714,2026-05-11T13:52:37+00:00,1778507557243,0,1,0,185150647,4,0.07,4667.02,0.0,0.0,-16.31,0.0,XAUUSD,[sl 4667.01],
190004048,185157649,2026-05-11T13:56:29+00:00,1778507789733,1,0,0,185157649,3,0.25,1.35925,0.0,0.0,0.0,0.0,GBPUSD,OV2|80a84b|H1|S,
190004682,185158066,2026-05-11T13:59:28+00:00,1778507968108,1,1,0,185146766,4,1.0,80935.04,0.0,0.0,-17.5,0.0,BTCUSD,[sl 80936.04],
190004735,185158097,2026-05-11T13:59:44+00:00,1778507984813,0,0,0,185158097,3,1.0,80944.3,0.0,0.0,0.0,0.0,BTCUSD,OV2|e6ac76|H1|B,
190004744,185158103,2026-05-11T13:59:49+00:00,1778507989392,1,1,0,185158097,4,1.0,80923.25,0.0,0.0,-21.05,0.0,BTCUSD,[sl 80927.80],
190005181,185158773,2026-05-11T14:00:49+00:00,1778508049961,0,0,0,185158773,3,1.0,80975.87,0.0,0.0,0.0,0.0,BTCUSD,OV2|54479f|H1|B,
190005248,185158827,2026-05-11T14:01:12+00:00,1778508072751,1,1,0,185158773,4,1.0,80954.59,0.0,0.0,-21.28,0.0,BTCUSD,[sl 80957.37],
190005352,185158904,2026-05-11T14:01:35+00:00,1778508095341,0,0,0,185158904,3,1.0,80974.32,0.0,0.0,0.0,0.0,BTCUSD,OV2|32e3e0|H1|B,
190005515,185159020,2026-05-11T14:01:54+00:00,1778508114369,1,1,0,185158904,4,1.0,80953.36,0.0,0.0,-20.96,0.0,BTCUSD,[sl 80957.82],
190005616,185159093,2026-05-11T14:02:11+00:00,1778508131358,0,0,0,185159093,3,1.0,80960.68,0.0,0.0,0.0,0.0,BTCUSD,OV2|94b1e2|H1|B,
190009294,185161731,2026-05-11T14:05:26+00:00,1778508326522,0,1,0,185157649,4,0.25,1.35994,0.0,0.0,-17.25,0.0,GBPUSD,[sl 1.35994],
190009580,185161960,2026-05-11T14:06:12+00:00,1778508372579,1,0,0,185161960,3,0.21,1.35968,0.0,0.0,0.0,0.0,GBPUSD,OV2|1eb52e|H1|S,
190009742,185162101,2026-05-11T14:06:58+00:00,1778508418332,1,1,0,185159093,4,1.0,80941.1,0.0,0.0,-19.58,0.0,BTCUSD,[sl 80944.18],
190009895,185162208,2026-05-11T14:07:18+00:00,1778508438444,0,0,0,185162208,3,1.0,80973.05,0.0,0.0,0.0,0.0,BTCUSD,OV2|750dfb|H1|B,
190009940,185162241,2026-05-11T14:07:26+00:00,1778508446502,0,1,0,185161960,4,0.21,1.36055,0.0,0.0,-18.27,0.0,GBPUSD,[sl 1.36052],
190011868,185163619,2026-05-11T14:11:13+00:00,1778508673001,1,1,0,185162208,4,1.0,80955.61,0.0,0.0,-17.44,0.0,BTCUSD,[sl 80956.55],
190012114,185163818,2026-05-11T14:12:07+00:00,1778508727291,0,0,0,185163818,3,1.0,80927.76,0.0,0.0,0.0,0.0,BTCUSD,OV2|3b6847|H1|B,
190012200,185163878,2026-05-11T14:12:24+00:00,1778508744094,1,1,0,185163818,4,1.0,80910.91,0.0,0.0,-16.85,0.0,BTCUSD,[sl 80911.31],
190012301,185163947,2026-05-11T14:12:36+00:00,1778508756478,0,0,0,185163947,3,1.0,80898.9,0.0,0.0,0.0,0.0,BTCUSD,OV2|dd9804|H1|B,
190012882,185164409,2026-05-11T14:14:54+00:00,1778508894409,0,0,0,185164409,3,0.25,1.17741,0.0,0.0,0.0,0.0,EURUSD,OV2|cec431|H1|B,
190029580,185176847,2026-05-11T14:55:42+00:00,1778511342828,1,1,0,185164409,4,0.25,1.17673,0.0,0.0,-17.0,0.0,EURUSD,[sl 1.17673],
190029899,185177046,2026-05-11T14:56:19+00:00,1778511379476,0,0,0,185177046,3,0.25,1.3603399999999999,0.0,0.0,0.0,0.0,GBPUSD,OV2|649258|H1|B,
190082031,185214021,2026-05-11T15:57:38+00:00,1778515058177,0,0,0,185214021,3,0.09,4701.03,0.0,0.0,0.0,0.0,XAUUSD,OV2|f624ee|H1|B,
190082157,185214109,2026-05-11T15:57:45+00:00,1778515065551,1,1,0,185214021,4,0.09,4698.49,0.0,0.0,-22.86,0.0,XAUUSD,[sl 4698.53],
190125624,185244213,2026-05-11T16:34:57+00:00,1778517297374,1,1,0,185163947,4,1.0,80881.32,0.0,0.0,-17.58,0.0,BTCUSD,[sl 80882.40],
190129878,185247299,2026-05-11T16:38:12+00:00,1778517492462,1,1,0,185177046,5,0.25,1.3624399999999999,0.0,0.0,52.5,0.0,GBPUSD,[tp 1.36244],
190129951,185247353,2026-05-11T16:38:15+00:00,1778517495976,0,0,0,185247353,3,0.25,1.36263,0.0,0.0,0.0,0.0,GBPUSD,OV2|2ecd16|H1|B,
190136637,185252012,2026-05-11T16:43:01+00:00,1778517781844,0,0,0,185252012,3,1.0,81123.48,0.0,0.0,0.0,0.0,BTCUSD,OV2|7f4818|H1|B,
190136716,185252040,2026-05-11T16:43:03+00:00,1778517783520,1,1,0,185252012,4,1.0,81096.67,0.0,0.0,-26.81,0.0,BTCUSD,[sl 81106.98],
190137297,185252427,2026-05-11T16:43:42+00:00,1778517822268,0,0,0,185252427,3,1.0,81146.59,0.0,0.0,0.0,0.0,BTCUSD,OV2|3073dd|H1|B,
190137314,185252440,2026-05-11T16:43:43+00:00,1778517823995,1,1,0,185252427,4,1.0,81129.79,0.0,0.0,-16.8,0.0,BTCUSD,[sl 81130.09],
190137806,185252779,2026-05-11T16:44:17+00:00,1778517857797,0,0,0,185252779,3,1.0,81109.67,0.0,0.0,0.0,0.0,BTCUSD,OV2|13f0e3|H1|B,
190137855,185252813,2026-05-11T16:44:22+00:00,1778517862873,1,1,0,185252779,4,1.0,81084.6,0.0,0.0,-25.07,0.0,BTCUSD,[sl 81093.17],
190157828,185267220,2026-05-11T17:05:31+00:00,1778519131131,1,1,0,185247353,4,0.25,1.36189,0.0,0.0,-18.5,0.0,GBPUSD,[sl 1.36189],
190160053,185268664,2026-05-11T17:06:38+00:00,1778519198462,0,0,0,185268664,3,0.25,1.36194,0.0,0.0,0.0,0.0,GBPUSD,OV2|79b0c6|H1|B,
190180570,185283174,2026-05-11T17:29:52+00:00,1778520592158,1,0,0,185283174,3,1.0,80769.04,0.0,0.0,0.0,0.0,BTCUSD,OV2|ca259e|H1|S,
190181395,185283840,2026-05-11T17:30:34+00:00,1778520634610,0,1,0,185283174,4,1.0,80785.9,0.0,0.0,-16.86,0.0,BTCUSD,[sl 80785.54],
190181487,185283912,2026-05-11T17:30:42+00:00,1778520642784,1,0,0,185283912,3,1.0,80769.0,0.0,0.0,0.0,0.0,BTCUSD,OV2|ac6db5|H1|S,
190181671,185284045,2026-05-11T17:31:08+00:00,1778520668337,0,1,0,185283912,4,1.0,80787.17,0.0,0.0,-18.17,0.0,BTCUSD,[sl 80785.22],
190181841,185284174,2026-05-11T17:31:29+00:00,1778520689231,1,0,0,185284174,3,1.0,80752.72,0.0,0.0,0.0,0.0,BTCUSD,OV2|8aa80a|H1|S,
190181889,185284210,2026-05-11T17:31:34+00:00,1778520694049,0,1,0,185284174,4,1.0,80769.25,0.0,0.0,-16.53,0.0,BTCUSD,[sl 80769.22],
190183969,185285661,2026-05-11T17:32:05+00:00,1778520725072,1,0,0,185285661,3,1.0,80429.34,0.0,0.0,0.0,0.0,BTCUSD,OV2|bdd04e|H1|S,
190184285,185285853,2026-05-11T17:32:07+00:00,1778520727558,0,1,0,185285661,4,1.0,80451.36,0.0,0.0,-22.02,0.0,BTCUSD,[sl 80447.84],
190185494,185286653,2026-05-11T17:32:36+00:00,1778520756140,1,0,0,185286653,3,1.0,80598.96,0.0,0.0,0.0,0.0,BTCUSD,OV2|3f95f2|H1|S,
190187638,185288180,2026-05-11T17:35:15+00:00,1778520915674,0,1,0,185286653,4,1.0,80621.49,0.0,0.0,-22.53,0.0,BTCUSD,[sl 80617.46],
190187998,185288439,2026-05-11T17:35:40+00:00,1778520940429,1,0,0,185288439,3,1.0,80641.93,0.0,0.0,0.0,0.0,BTCUSD,OV2|846a11|H1|S,
190188959,185289076,2026-05-11T17:36:22+00:00,1778520982511,0,1,0,185288439,4,1.0,80672.22,0.0,0.0,-30.29,0.0,BTCUSD,[sl 80660.43],
190189728,185289587,2026-05-11T17:36:51+00:00,1778521011790,1,0,0,185289587,3,1.0,80633.12,0.0,0.0,0.0,0.0,BTCUSD,OV2|4e0296|H1|S,
190189739,185289596,2026-05-11T17:36:53+00:00,1778521013880,0,1,0,185289587,4,1.0,80650.56,0.0,0.0,-17.44,0.0,BTCUSD,[sl 80649.62],
190190306,185290026,2026-05-11T17:37:32+00:00,1778521052948,1,0,0,185290026,3,1.0,80714.19,0.0,0.0,0.0,0.0,BTCUSD,OV2|6e0f85|H1|S,
190191165,185290591,2026-05-11T17:38:04+00:00,1778521084872,0,1,0,185290026,4,1.0,80742.09,0.0,0.0,-27.9,0.0,BTCUSD,[sl 80732.69],
190191233,185290639,2026-05-11T17:38:09+00:00,1778521089338,1,0,0,185290639,3,0.87,80736.22,0.0,0.0,0.0,0.0,BTCUSD,OV2|321021|H1|S,
190191271,185290667,2026-05-11T17:38:10+00:00,1778521090403,0,1,0,185290639,4,0.87,80762.7,0.0,0.0,-23.04,0.0,BTCUSD,[sl 80752.72],
190191757,185291005,2026-05-11T17:38:45+00:00,1778521125459,1,0,0,185291005,3,1.0,80744.12,0.0,0.0,0.0,0.0,BTCUSD,OV2|b1c266|H1|S,
190192103,185291263,2026-05-11T17:39:18+00:00,1778521158945,0,1,0,185291005,4,1.0,80761.25,0.0,0.0,-17.13,0.0,BTCUSD,[sl 80760.62],
190192319,185291437,2026-05-11T17:39:33+00:00,1778521173200,1,0,0,185291437,3,0.89,80802.2,0.0,0.0,0.0,0.0,BTCUSD,OV2|6be63c|H1|S,
190192347,185291457,2026-05-11T17:39:36+00:00,1778521176648,0,1,0,185291437,4,0.89,80821.55,0.0,0.0,-17.22,0.0,BTCUSD,[sl 80818.70],
190193188,185292092,2026-05-11T17:41:15+00:00,1778521275249,1,0,0,185292092,3,1.0,80803.71,0.0,0.0,0.0,0.0,BTCUSD,OV2|c9fb5e|H1|S,
190193843,185292568,2026-05-11T17:41:57+00:00,1778521317142,0,1,0,185292092,4,1.0,80823.05,0.0,0.0,-19.34,0.0,BTCUSD,[sl 80822.21],
190194252,185292848,2026-05-11T17:42:23+00:00,1778521343367,1,0,0,185292848,3,1.0,80806.57,0.0,0.0,0.0,0.0,BTCUSD,OV2|2a650b|H1|S,
190194289,185292874,2026-05-11T17:42:30+00:00,1778521350027,0,1,0,185292848,4,1.0,80826.77,0.0,0.0,-20.2,0.0,BTCUSD,[sl 80823.07],
190194487,185293017,2026-05-11T17:42:59+00:00,1778521379284,1,0,0,185293017,3,1.0,80781.33,0.0,0.0,0.0,0.0,BTCUSD,OV2|25f118|H1|S,
190194501,185293027,2026-05-11T17:43:02+00:00,1778521382585,0,1,0,185293017,4,1.0,80798.4,0.0,0.0,-17.07,0.0,BTCUSD,[sl 80797.83],
190194995,185293376,2026-05-11T17:43:35+00:00,1778521415260,1,0,0,185293376,3,1.0,80821.25,0.0,0.0,0.0,0.0,BTCUSD,OV2|4e0e93|H1|S,
190198797,185296250,2026-05-11T17:52:05+00:00,1778521925255,0,1,0,185293376,4,1.0,80837.89,0.0,0.0,-16.64,0.0,BTCUSD,[sl 80837.75],
190199018,185296405,2026-05-11T17:52:26+00:00,1778521946793,1,0,0,185296405,3,1.0,80817.87,0.0,0.0,0.0,0.0,BTCUSD,OV2|f26abb|H1|S,
190199045,185296427,2026-05-11T17:52:37+00:00,1778521957486,0,1,0,185296405,4,1.0,80839.82,0.0,0.0,-21.95,0.0,BTCUSD,[sl 80834.37],
190199145,185296498,2026-05-11T17:53:01+00:00,1778521981707,1,0,0,185296498,3,1.0,80847.34,0.0,0.0,0.0,0.0,BTCUSD,OV2|99a7bd|H1|S,
190199202,185296532,2026-05-11T17:53:12+00:00,1778521992630,0,1,0,185296498,4,1.0,80869.14,0.0,0.0,-21.8,0.0,BTCUSD,[sl 80863.84],
190199452,185296724,2026-05-11T17:53:37+00:00,1778522017546,1,0,0,185296724,3,1.0,80877.87,0.0,0.0,0.0,0.0,BTCUSD,OV2|91356a|H1|S,
190199462,185296728,2026-05-11T17:53:37+00:00,1778522017837,0,1,0,185296724,4,1.0,80895.73,0.0,0.0,-17.86,0.0,BTCUSD,[sl 80894.37],
190199859,185297047,2026-05-11T17:54:34+00:00,1778522074637,1,0,0,185297047,3,1.0,80818.08,0.0,0.0,0.0,0.0,BTCUSD,OV2|265ab4|H1|S,
190199905,185297087,2026-05-11T17:54:49+00:00,1778522089568,0,1,0,185297047,4,1.0,80837.02,0.0,0.0,-18.94,0.0,BTCUSD,[sl 80835.08],
190201132,185297994,2026-05-11T17:56:50+00:00,1778522210147,1,0,0,185297994,3,1.0,80845.26,0.0,0.0,0.0,0.0,BTCUSD,OV2|873d6c|H1|S,
190201149,185298008,2026-05-11T17:56:53+00:00,1778522213245,0,1,0,185297994,4,1.0,80863.55,0.0,0.0,-18.29,0.0,BTCUSD,[sl 80861.76],
190201585,185298295,2026-05-11T17:57:15+00:00,1778522235318,1,0,0,185298295,3,1.0,80864.1,0.0,0.0,0.0,0.0,BTCUSD,OV2|fee6ca|H1|S,
190202063,185298616,2026-05-11T17:57:58+00:00,1778522278595,0,1,0,185298295,4,1.0,80881.67,0.0,0.0,-17.57,0.0,BTCUSD,[sl 80880.60],
190202252,185298754,2026-05-11T17:58:21+00:00,1778522301453,1,0,0,185298754,3,1.0,80889.52,0.0,0.0,0.0,0.0,BTCUSD,OV2|d43bde|H1|S,
190202264,185298766,2026-05-11T17:58:26+00:00,1778522306035,0,1,0,185298754,4,1.0,80906.58,0.0,0.0,-17.06,0.0,BTCUSD,[sl 80906.02],
190202396,185298869,2026-05-11T17:58:56+00:00,1778522336798,1,0,0,185298869,3,1.0,80918.92,0.0,0.0,0.0,0.0,BTCUSD,OV2|83f0ad|H1|S,
190202408,185298881,2026-05-11T17:59:01+00:00,1778522341737,0,1,0,185298869,4,1.0,80939.24,0.0,0.0,-20.32,0.0,BTCUSD,[sl 80935.42],
190202679,185299082,2026-05-11T17:59:53+00:00,1778522393102,1,0,0,185299082,3,1.0,80917.61,0.0,0.0,0.0,0.0,BTCUSD,OV2|2bf081|H1|S,
190203464,185300179,2026-05-11T18:00:31+00:00,1778522431990,1,1,0,185268664,5,0.25,1.36407,0.0,0.0,53.25,0.0,GBPUSD,[tp 1.36404],
190203638,185300319,2026-05-11T18:00:49+00:00,1778522449075,0,0,0,185300319,3,0.25,1.36414,0.0,0.0,0.0,0.0,GBPUSD,OV2|84e5f3|H1|B,
190208826,185304139,2026-05-11T18:11:43+00:00,1778523103361,0,1,0,185299082,4,1.0,80940.51,0.0,0.0,-22.9,0.0,BTCUSD,[sl 80936.11],
190208899,185304191,2026-05-11T18:12:00+00:00,1778523120420,1,0,0,185304191,3,1.0,80949.01,0.0,0.0,0.0,0.0,BTCUSD,OV2|07beed|H1|S,
190208911,185304199,2026-05-11T18:12:01+00:00,1778523121660,0,1,0,185304191,4,1.0,80966.24,0.0,0.0,-17.23,0.0,BTCUSD,[sl 80965.51],
190209431,185304587,2026-05-11T18:12:45+00:00,1778523165898,1,0,0,185304587,3,1.0,80940.28,0.0,0.0,0.0,0.0,BTCUSD,OV2|b52232|H1|S,
190209435,185304591,2026-05-11T18:12:47+00:00,1778523167294,0,1,0,185304587,4,1.0,80958.35,0.0,0.0,-18.07,0.0,BTCUSD,[sl 80956.78],
190209605,185304709,2026-05-11T18:13:21+00:00,1778523201013,1,0,0,185304709,3,1.0,80981.19,0.0,0.0,0.0,0.0,BTCUSD,OV2|f85e6d|H1|S,
190209615,185304717,2026-05-11T18:13:24+00:00,1778523204521,0,1,0,185304709,4,1.0,80999.94,0.0,0.0,-18.75,0.0,BTCUSD,[sl 80999.69],
190209746,185304820,2026-05-11T18:13:45+00:00,1778523225942,1,0,0,185304820,3,1.0,81017.44,0.0,0.0,0.0,0.0,BTCUSD,OV2|5dfc32|H1|S,
190209812,185304866,2026-05-11T18:13:56+00:00,1778523236571,0,1,0,185304820,4,1.0,81035.41,0.0,0.0,-17.97,0.0,BTCUSD,[sl 81033.94],
190209987,185305013,2026-05-11T18:14:32+00:00,1778523272120,1,0,0,185305013,3,1.0,81001.15,0.0,0.0,0.0,0.0,BTCUSD,OV2|882421|H1|S,
190210435,185305414,2026-05-11T18:15:18+00:00,1778523318004,0,1,0,184929968,4,1.0,1.4751,0.0,0.0,-8.15,0.0,XRPUSD,[sl 1.47488],
190210601,185305545,2026-05-11T18:15:43+00:00,1778523343879,0,1,0,185305013,4,1.0,81020.84,0.0,0.0,-19.69,0.0,BTCUSD,[sl 81019.65],
190210871,185305745,2026-05-11T18:16:08+00:00,1778523368214,1,0,0,185305745,3,1.0,81030.28,0.0,0.0,0.0,0.0,BTCUSD,OV2|4a0eef|H1|S,
190210898,185305759,2026-05-11T18:16:10+00:00,1778523370620,0,1,0,185305745,4,1.0,81047.41,0.0,0.0,-17.13,0.0,BTCUSD,[sl 81046.78],
190211210,185305986,2026-05-11T18:16:42+00:00,1778523402531,1,0,0,185305986,3,1.0,81039.39,0.0,0.0,0.0,0.0,BTCUSD,OV2|ca25ec|H1|S,
190211259,185306031,2026-05-11T18:16:46+00:00,1778523406553,0,1,0,185305986,4,1.0,81057.27,0.0,0.0,-17.88,0.0,BTCUSD,[sl 81055.89],
190212373,185306764,2026-05-11T18:17:33+00:00,1778523453469,1,0,0,185306764,3,1.0,81002.01,0.0,0.0,0.0,0.0,BTCUSD,OV2|005a27|H1|S,
190217043,185310030,2026-05-11T18:24:16+00:00,1778523856246,0,1,0,185306764,4,1.0,81020.53,0.0,0.0,-18.52,0.0,BTCUSD,[sl 81020.51],
190217217,185310163,2026-05-11T18:24:29+00:00,1778523869202,1,0,0,185310163,3,1.0,81019.61,0.0,0.0,0.0,0.0,BTCUSD,OV2|b54cd0|H1|S,
190217360,185310260,2026-05-11T18:24:41+00:00,1778523881552,0,1,0,185310163,4,1.0,81038.2,0.0,0.0,-18.59,0.0,BTCUSD,[sl 81038.11],
190219192,185311578,2026-05-11T18:27:24+00:00,1778524044914,0,0,0,185311578,3,1.0,81375.05,0.0,0.0,0.0,0.0,BTCUSD,OV2|109d2b|H1|B,
190219205,185311583,2026-05-11T18:27:25+00:00,1778524045828,1,1,0,185311578,4,1.0,81353.12,0.0,0.0,-21.93,0.0,BTCUSD,[sl 81356.55],
190219464,185311789,2026-05-11T18:28:00+00:00,1778524080732,0,0,0,185311789,3,1.0,81353.71,0.0,0.0,0.0,0.0,BTCUSD,OV2|542cd3|H1|B,
190219602,185311895,2026-05-11T18:28:17+00:00,1778524097080,1,1,0,185311789,4,1.0,81333.6,0.0,0.0,-20.11,0.0,BTCUSD,[sl 81336.58],
190219727,185311985,2026-05-11T18:28:40+00:00,1778524120752,0,0,0,185311985,3,1.0,81364.29,0.0,0.0,0.0,0.0,BTCUSD,OV2|9f4879|H1|B,
190219831,185312068,2026-05-11T18:29:04+00:00,1778524144175,1,1,0,185311985,4,1.0,81346.79,0.0,0.0,-17.5,0.0,BTCUSD,[sl 81347.79],
190219919,185312129,2026-05-11T18:29:16+00:00,1778524156398,0,0,0,185312129,3,1.0,81357.41,0.0,0.0,0.0,0.0,BTCUSD,OV2|4195c1|H1|B,
190219943,185312148,2026-05-11T18:29:24+00:00,1778524164931,1,1,0,185312129,4,1.0,81341.16,0.0,0.0,-16.25,0.0,BTCUSD,[sl 81342.91],
190220045,185312221,2026-05-11T18:29:42+00:00,1778524182297,0,0,0,185312221,3,1.0,81328.32,0.0,0.0,0.0,0.0,BTCUSD,OV2|953c3b|H1|B,
190220112,185312275,2026-05-11T18:29:49+00:00,1778524189348,1,1,0,185312221,4,1.0,81309.52,0.0,0.0,-18.8,0.0,BTCUSD,[sl 81309.82],
190220593,185312716,2026-05-11T18:30:48+00:00,1778524248961,0,0,0,185312716,3,1.0,81335.27,0.0,0.0,0.0,0.0,BTCUSD,OV2|e65fe0|H1|B,
190220607,185312724,2026-05-11T18:30:49+00:00,1778524249988,1,1,0,185312716,4,1.0,81316.8,0.0,0.0,-18.47,0.0,BTCUSD,[sl 81318.77],
190220923,185312957,2026-05-11T18:31:41+00:00,1778524301105,0,0,0,185312957,3,1.0,81405.87,0.0,0.0,0.0,0.0,BTCUSD,OV2|ccbdd5|H1|B,
190220995,185313010,2026-05-11T18:31:54+00:00,1778524314681,1,1,0,185312957,4,1.0,81386.23,0.0,0.0,-19.64,0.0,BTCUSD,[sl 81389.00],
190221128,185313117,2026-05-11T18:32:17+00:00,1778524337639,0,0,0,185313117,3,1.0,81268.96,0.0,0.0,0.0,0.0,BTCUSD,OV2|36ced9|H1|B,
190221150,185313132,2026-05-11T18:32:20+00:00,1778524340530,1,1,0,185313117,4,1.0,81248.05,0.0,0.0,-20.91,0.0,BTCUSD,[sl 81250.46],
190221321,185313259,2026-05-11T18:32:53+00:00,1778524373818,0,0,0,185313259,3,1.0,81234.54,0.0,0.0,0.0,0.0,BTCUSD,OV2|4318a5|H1|B,
190221733,185313594,2026-05-11T18:34:42+00:00,1778524482379,1,1,0,185313259,4,1.0,81215.81,0.0,0.0,-18.73,0.0,BTCUSD,[sl 81216.04],
190222588,185314165,2026-05-11T18:36:00+00:00,1778524560940,0,0,0,185314165,3,1.0,1.4819,0.0,0.0,0.0,0.0,XRPUSD,OV2|932733|H1|B,
190222653,185314217,2026-05-11T18:36:07+00:00,1778524567060,0,0,0,185314217,3,1.0,81221.57,0.0,0.0,0.0,0.0,BTCUSD,OV2|744bb7|H1|B,
190223284,185314661,2026-05-11T18:38:28+00:00,1778524708123,1,1,0,185314217,4,1.0,81204.85,0.0,0.0,-16.72,0.0,BTCUSD,[sl 81205.07],
190223626,185314944,2026-05-11T18:39:22+00:00,1778524762984,0,0,0,185314944,3,1.0,81235.94,0.0,0.0,0.0,0.0,BTCUSD,OV2|e8f300|H1|B,
190224805,185315770,2026-05-11T18:41:59+00:00,1778524919293,1,1,0,185314944,4,1.0,81214.63,0.0,0.0,-21.31,0.0,BTCUSD,[sl 81219.44],
190224884,185315825,2026-05-11T18:42:16+00:00,1778524936897,0,0,0,185315825,3,1.0,81214.69,0.0,0.0,0.0,0.0,BTCUSD,OV2|8025d8|H1|B,
190224892,185315832,2026-05-11T18:42:18+00:00,1778524938388,1,1,0,185315825,4,1.0,81196.4,0.0,0.0,-18.29,0.0,BTCUSD,[sl 81198.19],
190225146,185316000,2026-05-11T18:42:53+00:00,1778524973481,0,0,0,185316000,3,1.0,81206.96,0.0,0.0,0.0,0.0,BTCUSD,OV2|2f1658|H1|B,
190225873,185316557,2026-05-11T18:45:00+00:00,1778525100576,1,1,0,185316000,4,1.0,81187.7,0.0,0.0,-19.26,0.0,BTCUSD,[sl 81190.46],
190226723,185317126,2026-05-11T18:45:39+00:00,1778525139640,0,0,0,185317126,3,1.0,81199.27,0.0,0.0,0.0,0.0,BTCUSD,OV2|25408d|H1|B,
190250314,185334903,2026-05-11T19:42:01+00:00,1778528521163,1,1,0,185314165,4,1.0,1.47445,0.0,0.0,-7.45,0.0,XRPUSD,[sl 1.47451],
190254420,185337560,2026-05-11T19:43:27+00:00,1778528607041,0,0,0,185337560,3,1.0,1.47355,0.0,0.0,0.0,0.0,XRPUSD,OV2|0d25b9|H1|B,
190259614,185341251,2026-05-11T19:56:58+00:00,1778529418923,1,0,0,185341251,3,0.25,1.17734,0.0,0.0,0.0,0.0,EURUSD,OV2|fd8cb8|H1|S,
190261785,185343081,2026-05-11T20:02:30+00:00,1778529750287,1,1,0,185337560,4,1.0,1.4666000000000001,0.0,0.0,-6.95,0.0,XRPUSD,[sl 1.46694],
190274290,185352194,2026-05-11T20:42:24+00:00,1778532144130,1,1,0,185317126,5,1.0,81961.56,0.0,0.0,762.29,0.0,BTCUSD,[tp 81960.94],
190274342,185352240,2026-05-11T20:42:51+00:00,1778532171205,0,0,0,185352240,3,1.0,81937.2,0.0,0.0,0.0,0.0,BTCUSD,OV2|affe50|H1|B,
190275624,185353235,2026-05-11T20:47:39+00:00,1778532459099,1,1,0,185352240,4,1.0,81927.24,0.0,0.0,-9.96,0.0,BTCUSD,[sl 81927.69],
190275663,185353267,2026-05-11T20:47:55+00:00,1778532475599,0,0,0,185353267,3,1.0,81929.38,0.0,0.0,0.0,0.0,BTCUSD,OV2|20d4d4|H1|B,
190275705,185353301,2026-05-11T20:48:13+00:00,1778532493546,1,1,0,185353267,4,1.0,81911.85,0.0,0.0,-17.53,0.0,BTCUSD,[sl 81912.88],
190275783,185353352,2026-05-11T20:48:47+00:00,1778532527186,0,0,0,185353352,3,1.0,81924.0,0.0,0.0,0.0,0.0,BTCUSD,OV2|e093f9|H1|B,
190275830,185353386,2026-05-11T20:49:03+00:00,1778532543852,1,1,0,185353352,4,1.0,81906.89,0.0,0.0,-17.11,0.0,BTCUSD,[sl 81907.50],
190275923,185353444,2026-05-11T20:49:22+00:00,1778532562679,0,0,0,185353444,3,1.0,81926.0,0.0,0.0,0.0,0.0,BTCUSD,OV2|de4781|H1|B,
190275960,185353473,2026-05-11T20:49:35+00:00,1778532575262,1,1,0,185353444,4,1.0,81908.11,0.0,0.0,-17.89,0.0,BTCUSD,[sl 81909.50],
190275973,185353482,2026-05-11T20:49:42+00:00,1778532582997,0,0,0,185353482,3,1.0,81917.52,0.0,0.0,0.0,0.0,BTCUSD,OV2|8c2cee|H1|B,
190276798,185354128,2026-05-11T20:55:01+00:00,1778532901545,1,1,0,185353482,4,1.0,81895.56,0.0,0.0,-21.96,0.0,BTCUSD,[sl 81901.02],
190276984,185354259,2026-05-11T20:55:51+00:00,1778532951285,0,0,0,185354259,3,1.0,81931.7,0.0,0.0,0.0,0.0,BTCUSD,OV2|9eceab|H1|B,
190277111,185354351,2026-05-11T20:57:08+00:00,1778533028375,1,1,0,185354259,4,1.0,81915.6,0.0,0.0,-16.1,0.0,BTCUSD,[sl 81915.66],
190277157,185354384,2026-05-11T20:57:44+00:00,1778533064317,0,0,0,185354384,3,1.0,81920.85,0.0,0.0,0.0,0.0,BTCUSD,OV2|7452d4|H1|B,
190277161,185354387,2026-05-11T20:57:46+00:00,1778533066443,1,1,0,185354384,4,1.0,81902.44,0.0,0.0,-18.41,0.0,BTCUSD,[sl 81904.35],
190277193,185354411,2026-05-11T20:58:20+00:00,1778533100093,0,0,0,185354411,3,1.0,81917.99,0.0,0.0,0.0,0.0,BTCUSD,OV2|6285d3|H1|B,
190277317,185354499,2026-05-11T20:59:28+00:00,1778533168346,1,1,0,185354411,4,1.0,81893.14,0.0,0.0,-24.85,0.0,BTCUSD,[sl 81893.52],
190277880,185355036,2026-05-11T21:01:03+00:00,1778533263399,0,0,0,185355036,3,1.0,81922.15,0.0,0.0,0.0,0.0,BTCUSD,OV2|2e5374|H1|B,
190277883,185355039,2026-05-11T21:01:03+00:00,1778533263730,1,1,0,185355036,4,1.0,81893.47,0.0,0.0,-28.68,0.0,BTCUSD,[sl 81905.65],
190277973,185355107,2026-05-11T21:01:11+00:00,1778533271554,0,0,0,185355107,3,1.0,1.47995,0.0,0.0,0.0,0.0,XRPUSD,OV2|9115a7|H1|B,
190278051,185355158,2026-05-11T21:01:34+00:00,1778533294020,0,0,0,185355158,3,1.0,81917.45,0.0,0.0,0.0,0.0,BTCUSD,OV2|4609cc|H1|B,
190278100,185355193,2026-05-11T21:01:53+00:00,1778533313952,1,1,0,185355158,4,1.0,81898.56,0.0,0.0,-18.89,0.0,BTCUSD,[sl 81900.95],
190278146,185355229,2026-05-11T21:02:16+00:00,1778533336777,0,0,0,185355229,3,1.0,81934.45,0.0,0.0,0.0,0.0,BTCUSD,OV2|1c2033|H1|B,
190279965,185356522,2026-05-11T21:08:28+00:00,1778533708177,0,1,0,185341251,4,0.25,1.17802,0.0,0.0,-17.0,0.0,EURUSD,[sl 1.17802],
190281552,185357649,2026-05-11T21:15:16+00:00,1778534116079,1,1,0,185355107,4,1.0,1.47455,0.0,0.0,-5.4,0.0,XRPUSD,[sl 1.47527],
190281779,185357799,2026-05-11T21:15:58+00:00,1778534158961,0,0,0,185357799,3,1.0,1.4756,0.0,0.0,0.0,0.0,XRPUSD,OV2|a3843f|H1|B,
190281876,185357863,2026-05-11T21:16:11+00:00,1778534171728,1,1,0,185355229,4,1.0,81915.94,0.0,0.0,-18.51,0.0,BTCUSD,[sl 81917.95],
190281955,185357923,2026-05-11T21:16:31+00:00,1778534191603,0,0,0,185357923,3,1.0,81911.51,0.0,0.0,0.0,0.0,BTCUSD,OV2|04d1ee|H1|B,
190282086,185358015,2026-05-11T21:17:36+00:00,1778534256095,1,1,0,185357923,4,1.0,81894.26,0.0,0.0,-17.25,0.0,BTCUSD,[sl 81895.93],
190282136,185358050,2026-05-11T21:17:59+00:00,1778534279713,0,0,0,185358050,3,1.0,81902.25,0.0,0.0,0.0,0.0,BTCUSD,OV2|ae0435|H1|B,
190282152,185358062,2026-05-11T21:18:07+00:00,1778534287700,1,1,0,185358050,4,1.0,81885.31,0.0,0.0,-16.94,0.0,BTCUSD,[sl 81885.75],
190282237,185358124,2026-05-11T21:18:36+00:00,1778534316771,0,0,0,185358124,3,1.0,81844.04,0.0,0.0,0.0,0.0,BTCUSD,OV2|47d5e6|H1|B,
190284123,185359510,2026-05-11T21:26:35+00:00,1778534795976,1,1,0,185358124,4,1.0,81826.99,0.0,0.0,-17.05,0.0,BTCUSD,[sl 81827.54],
190284318,185359653,2026-05-11T21:26:54+00:00,1778534814943,0,0,0,185359653,3,1.0,81890.93,0.0,0.0,0.0,0.0,BTCUSD,OV2|680e93|H1|B,
190287576,185362007,2026-05-11T21:36:35+00:00,1778535395151,1,1,0,185300319,4,0.25,1.36342,0.0,0.0,-18.0,0.0,GBPUSD,[sl 1.36342],
190290828,185364423,2026-05-11T21:54:18+00:00,1778536458560,1,1,0,185359653,4,1.0,81867.08,0.0,0.0,-23.85,0.0,BTCUSD,[sl 81874.43],
190290930,185364496,2026-05-11T21:55:17+00:00,1778536517284,1,1,0,185357799,4,1.0,1.4707,0.0,0.0,-4.9,0.0,XRPUSD,[sl 1.47070],
190558412,185547839,2026-05-12T08:54:31+00:00,1778576071231,1,0,0,185547839,3,0.07,81207.87,0.0,0.0,0.0,0.0,BTCUSD,OV2|6593f3|H1|S,
190558435,185547854,2026-05-12T08:54:43+00:00,1778576083533,0,0,0,185547854,3,0.1,1.46275,0.0,0.0,0.0,0.0,XRPUSD,OV2|045226|H4|B,
190577023,185560957,2026-05-12T09:21:45+00:00,1778577705975,1,1,0,185547854,3,0.1,1.4656,0.0,0.0,0.29,0.0,XRPUSD,OMEGA_PARTIAL_CL,
190577271,185561131,2026-05-12T09:22:25+00:00,1778577745911,0,0,0,185561131,3,0.1,1.46635,0.0,0.0,0.0,0.0,XRPUSD,OV2|915382|H4|B,
190577677,185561358,2026-05-12T09:22:37+00:00,1778577757615,1,0,0,185561358,3,0.04,1.17543,0.0,0.0,0.0,0.0,EURUSD,OV2|47a9b0|H1|S,
190582403,185564665,2026-05-12T09:29:01+00:00,1778578141953,1,1,0,185561131,4,0.1,1.46195,0.0,0.0,-0.44,0.0,XRPUSD,[sl 1.46218],
190584641,185566250,2026-05-12T09:33:27+00:00,1778578407218,0,1,0,185547839,3,0.01,81125.35,0.0,0.0,0.83,0.0,BTCUSD,OMEGA_PARTIAL_CL,
190586036,185567255,2026-05-12T09:33:58+00:00,1778578438238,1,0,0,185567255,3,0.1,1.4602,0.0,0.0,0.0,0.0,XRPUSD,OV2|a1d80a|H1|S,
190594000,185572908,2026-05-12T09:51:25+00:00,1778579485829,0,1,0,185567255,3,0.1,1.45725,0.0,0.0,0.3,0.0,XRPUSD,OMEGA_PARTIAL_CL,
190594364,185573158,2026-05-12T09:52:19+00:00,1778579539088,1,0,0,185573158,3,0.1,1.45515,0.0,0.0,0.0,0.0,XRPUSD,OV2|f5999b|H1|S,
190595376,185573948,2026-05-12T09:54:30+00:00,1778579670280,0,1,0,185573158,4,0.1,1.4607999999999999,0.0,0.0,-0.57,0.0,XRPUSD,[sl 1.45991],
190596275,185574550,2026-05-12T09:55:50+00:00,1778579750332,0,1,0,185561358,3,0.01,1.17505,0.0,0.0,0.38,0.0,EURUSD,OMEGA_PARTIAL_CL,
190596438,185574660,2026-05-12T09:56:12+00:00,1778579772626,1,0,0,185574660,3,0.1,1.45735,0.0,0.0,0.0,0.0,XRPUSD,OV2|473def|H1|S,
190596537,185574729,2026-05-12T09:56:25+00:00,1778579785773,1,0,0,185574729,3,0.03,1.35465,0.0,0.0,0.0,0.0,GBPUSD,OV2|af0c5e|H1|S,
190599284,185577245,2026-05-12T10:02:02+00:00,1778580122452,0,1,0,185547839,5,0.06,80971.4,0.0,0.0,14.19,0.0,BTCUSD,[tp 80971.41],
190602594,185579443,2026-05-12T10:04:46+00:00,1778580286221,0,1,0,185574729,3,0.01,1.35395,0.0,0.0,0.7,0.0,GBPUSD,OMEGA_PARTIAL_CL,
190603383,185580027,2026-05-12T10:06:07+00:00,1778580367694,1,0,0,185580027,3,0.07,80870.94,0.0,0.0,0.0,0.0,BTCUSD,OV2|53e240|H1|S,
190609619,185584199,2026-05-12T10:11:27+00:00,1778580687993,0,1,0,185580027,4,0.07,81021.93,0.0,0.0,-10.57,0.0,BTCUSD,[sl 81020.98],
190609827,185584336,2026-05-12T10:11:41+00:00,1778580701799,1,0,0,185584336,3,0.08,81016.36,0.0,0.0,0.0,0.0,BTCUSD,OV2|17821d|H1|S,
190609829,185584337,2026-05-12T10:11:41+00:00,1778580701854,1,0,0,185584337,3,0.04,81016.36,0.0,0.0,0.0,0.0,BTCUSD,OV2|ec797e|H1|S,
190611312,185585509,2026-05-12T10:15:24+00:00,1778580924224,0,1,0,185584336,3,0.01,80902.77,0.0,0.0,1.1400000000000001,0.0,BTCUSD,OMEGA_PARTIAL_CL,
190611313,185585510,2026-05-12T10:15:24+00:00,1778580924265,0,1,0,185584336,3,0.01,80902.77,0.0,0.0,1.1400000000000001,0.0,BTCUSD,OMEGA_PARTIAL_CL,
190611314,185585511,2026-05-12T10:15:24+00:00,1778580924350,0,1,0,185584337,3,0.01,80902.77,0.0,0.0,1.1400000000000001,0.0,BTCUSD,OMEGA_PARTIAL_CL,
190611315,185585514,2026-05-12T10:15:24+00:00,1778580924382,0,1,0,185584337,3,0.01,80902.77,0.0,0.0,1.1400000000000001,0.0,BTCUSD,OMEGA_PARTIAL_CL,
190611761,185585834,2026-05-12T10:16:56+00:00,1778581016610,1,0,0,185585834,3,0.01,4696.23,0.0,0.0,0.0,0.0,XAUUSD,OV2|6768d2|H1|S,
190611762,185585835,2026-05-12T10:16:56+00:00,1778581016664,1,0,0,185585835,3,0.01,4696.24,0.0,0.0,0.0,0.0,XAUUSD,OV2|c9cfca|H1|S,
190612923,185586638,2026-05-12T10:19:55+00:00,1778581195642,0,1,0,185584336,4,0.06,81018.13,0.0,0.0,-0.11,0.0,BTCUSD,[sl 81016.36],
190612924,185586639,2026-05-12T10:19:55+00:00,1778581195642,0,1,0,185584337,4,0.02,81018.13,0.0,0.0,-0.04,0.0,BTCUSD,[sl 81016.36],
190613392,185586949,2026-05-12T10:21:10+00:00,1778581270354,0,1,0,185574660,4,0.1,1.4635500000000001,0.0,0.0,-0.62,0.0,XRPUSD,[sl 1.46347],
190620175,185591855,2026-05-12T10:43:41+00:00,1778582621750,0,1,0,185574729,5,0.02,1.35255,0.0,0.0,4.2,0.0,GBPUSD,[tp 1.35255],
190623682,185594339,2026-05-12T10:57:14+00:00,1778583434740,0,1,0,185585834,3,0.01,4703.32,0.0,0.0,-7.09,0.0,XAUUSD,OMEGA_PARTIAL_CL,
190623683,185594340,2026-05-12T10:57:14+00:00,1778583434799,0,1,0,185585835,3,0.01,4703.32,0.0,0.0,-7.08,0.0,XAUUSD,OMEGA_PARTIAL_CL,
190623912,185594503,2026-05-12T10:57:54+00:00,1778583474166,1,0,0,185594503,3,0.07,80902.52,0.0,0.0,0.0,0.0,BTCUSD,OV2|fde042|H1|S,
190623913,185594504,2026-05-12T10:57:54+00:00,1778583474212,1,0,0,185594504,3,0.07,80902.52,0.0,0.0,0.0,0.0,BTCUSD,OV2|c85168|H1|S,
190623964,185594547,2026-05-12T10:58:00+00:00,1778583480777,1,0,0,185594547,3,0.01,4702.28,0.0,0.0,0.0,0.0,XAUUSD,OV2|030ac7|H1|S,
190623969,185594550,2026-05-12T10:58:00+00:00,1778583480812,1,0,0,185594550,3,0.01,4702.28,0.0,0.0,0.0,0.0,XAUUSD,OV2|582e04|H1|S,
190625164,185595755,2026-05-12T11:00:19+00:00,1778583619740,0,1,0,185594503,3,0.01,80784.89,0.0,0.0,1.18,0.0,BTCUSD,OMEGA_PARTIAL_CL,
190625165,185595756,2026-05-12T11:00:19+00:00,1778583619819,0,1,0,185594503,3,0.01,80784.89,0.0,0.0,1.18,0.0,BTCUSD,OMEGA_PARTIAL_CL,
190625166,185595757,2026-05-12T11:00:19+00:00,1778583619876,0,1,0,185594504,3,0.01,80784.86,0.0,0.0,1.18,0.0,BTCUSD,OMEGA_PARTIAL_CL,
190625167,185595758,2026-05-12T11:00:19+00:00,1778583619972,0,1,0,185594504,3,0.01,80783.85,0.0,0.0,1.19,0.0,BTCUSD,OMEGA_PARTIAL_CL,
190625572,185596066,2026-05-12T11:01:23+00:00,1778583683047,0,1,0,185594503,4,0.05,80904.16,0.0,0.0,-0.08,0.0,BTCUSD,[sl 80902.52],
190625573,185596067,2026-05-12T11:01:23+00:00,1778583683048,0,1,0,185594504,4,0.05,80904.16,0.0,0.0,-0.08,0.0,BTCUSD,[sl 80902.52],
190648994,185613634,2026-05-12T12:21:14+00:00,1778588474189,0,1,0,185594547,3,0.01,4698.19,0.0,0.0,4.09,0.0,XAUUSD,OMEGA_PARTIAL_CL,
190648995,185613635,2026-05-12T12:21:14+00:00,1778588474297,0,1,0,185594550,3,0.01,4698.19,0.0,0.0,4.09,0.0,XAUUSD,OMEGA_PARTIAL_CL,
190649095,185613707,2026-05-12T12:21:49+00:00,1778588509298,1,0,0,185613707,3,0.01,4699.11,0.0,0.0,0.0,0.0,XAUUSD,OV2|459053|H1|S,
190649187,185613784,2026-05-12T12:22:09+00:00,1778588529086,1,0,0,185613784,3,0.07,80709.4,0.0,0.0,0.0,0.0,BTCUSD,OV2|122920|H1|S,
190649216,185613807,2026-05-12T12:22:26+00:00,1778588546342,1,0,0,185613807,3,0.1,1.4552,0.0,0.0,0.0,0.0,XRPUSD,OV2|6501df|H1|S,
190651950,185615877,2026-05-12T12:30:41+00:00,1778589041838,0,1,0,185613784,4,0.07,80839.05,0.0,0.0,-9.08,0.0,BTCUSD,[sl 80837.53],
190666109,185626496,2026-05-12T13:04:47+00:00,1778591087767,0,1,0,185613807,3,0.1,1.4517,0.0,0.0,0.35,0.0,XRPUSD,OMEGA_PARTIAL_CL,
190666530,185626804,2026-05-12T13:06:33+00:00,1778591193131,1,0,0,185626804,3,0.08,80775.29,0.0,0.0,0.0,0.0,BTCUSD,OV2|cc3d61|H1|S,
190666578,185626836,2026-05-12T13:06:45+00:00,1778591205453,1,0,0,185626836,3,0.02,1.35398,0.0,0.0,0.0,0.0,GBPUSD,OV2|2d9298|H1|S,
190674062,185632223,2026-05-12T13:25:30+00:00,1778592330906,0,1,0,185626804,3,0.01,80663.77,0.0,0.0,1.12,0.0,BTCUSD,OMEGA_PARTIAL_CL,
190674801,185632764,2026-05-12T13:28:01+00:00,1778592481528,0,1,0,185626836,4,0.02,1.35477,0.0,0.0,-1.58,0.0,GBPUSD,[sl 1.35476],
190674952,185632902,2026-05-12T13:28:51+00:00,1778592531939,1,0,0,185632902,3,0.04,1.35464,0.0,0.0,0.0,0.0,GBPUSD,OV2|3a8b0a|H1|S,
190678541,185635327,2026-05-12T13:32:49+00:00,1778592769090,0,1,0,185613707,3,0.01,4692.89,0.0,0.0,6.22,0.0,XAUUSD,OMEGA_PARTIAL_CL,
190679818,185636214,2026-05-12T13:35:44+00:00,1778592944714,1,0,0,185636214,3,0.1,1.45015,0.0,0.0,0.0,0.0,XRPUSD,OV2|21276f|H1|S,
190680415,185636631,2026-05-12T13:36:47+00:00,1778593007430,0,1,0,185632902,4,0.04,1.3553600000000001,0.0,0.0,-2.88,0.0,GBPUSD,[sl 1.35535],
190680780,185636868,2026-05-12T13:37:29+00:00,1778593049323,1,0,0,185636868,3,0.04,1.35497,0.0,0.0,0.0,0.0,GBPUSD,OV2|a9fbc6|H4|S,
190686491,185640462,2026-05-12T13:43:18+00:00,1778593398772,0,1,0,185636868,3,0.01,1.3545,0.0,0.0,0.47,0.0,GBPUSD,OMEGA_PARTIAL_CL,
190687462,185641237,2026-05-12T13:46:17+00:00,1778593577969,1,0,0,185641237,3,0.01,4691.78,0.0,0.0,0.0,0.0,XAUUSD,OV2|7f948d|H1|S,
190693592,185646094,2026-05-12T14:03:13+00:00,1778594593881,0,1,0,185636868,5,0.03,1.35273,0.0,0.0,6.72,0.0,GBPUSD,[tp 1.35275],
190701758,185651896,2026-05-12T14:15:29+00:00,1778595329778,0,1,0,185636214,3,0.1,1.4466,0.0,0.0,0.36,0.0,XRPUSD,OMEGA_PARTIAL_CL,
190701976,185652063,2026-05-12T14:15:54+00:00,1778595354830,1,0,0,185652063,3,0.1,1.44555,0.0,0.0,0.0,0.0,XRPUSD,OV2|c83adc|H1|S,
190702488,185652404,2026-05-12T14:16:40+00:00,1778595400349,1,0,0,185652404,3,0.02,1.35307,0.0,0.0,0.0,0.0,GBPUSD,OV2|0ed165|H1|S,
190710198,185658064,2026-05-12T14:35:58+00:00,1778596558463,0,1,0,185641237,4,0.01,4702.75,0.0,0.0,-10.97,0.0,XAUUSD,[sl 4702.61],
190711111,185658721,2026-05-12T14:39:02+00:00,1778596742200,0,1,0,185652404,3,0.02,1.35431,0.0,0.0,-2.48,0.0,GBPUSD,OMEGA_PARTIAL_CL,
190712829,185660029,2026-05-12T14:41:36+00:00,1778596896795,1,0,0,185660029,3,0.02,1.35438,0.0,0.0,0.0,0.0,GBPUSD,OV2|d1df47|H1|S,
190712885,185660061,2026-05-12T14:41:54+00:00,1778596914395,1,0,0,185660061,3,0.01,4703.74,0.0,0.0,0.0,0.0,XAUUSD,OV2|8218fe|H1|S,
190716720,185662910,2026-05-12T14:51:06+00:00,1778597466656,0,1,0,185660029,3,0.01,1.35386,0.0,0.0,0.52,0.0,GBPUSD,OMEGA_PARTIAL_CL,
190718151,185663969,2026-05-12T14:54:31+00:00,1778597671741,0,1,0,185652063,4,0.1,1.4497499999999999,0.0,0.0,-0.42,0.0,XRPUSD,[sl 1.44974],
190718684,185664320,2026-05-12T14:55:37+00:00,1778597737407,1,0,0,185664320,3,0.1,1.44835,0.0,0.0,0.0,0.0,XRPUSD,OV2|84bb26|H1|S,
190722045,185667072,2026-05-12T15:02:17+00:00,1778598137557,0,1,0,185626804,4,0.07,80775.45,0.0,0.0,-0.01,0.0,BTCUSD,[sl 80775.29],
190725598,185669422,2026-05-12T15:08:25+00:00,1778598505575,0,1,0,185660029,5,0.01,1.3523399999999999,0.0,0.0,2.04,0.0,GBPUSD,[tp 1.35234],
190731272,185673323,2026-05-12T15:18:07+00:00,1778599087951,0,1,0,185664320,4,0.1,1.4524,0.0,0.0,-0.41,0.0,XRPUSD,[sl 1.45238],
190731515,185673481,2026-05-12T15:18:42+00:00,1778599122945,1,0,0,185673481,3,0.03,1.35256,0.0,0.0,0.0,0.0,GBPUSD,OV2|bdd351|H1|S,
190736019,185676380,2026-05-12T15:25:25+00:00,1778599525406,0,1,0,185660061,3,0.01,4696.24,0.0,0.0,7.5,0.0,XAUUSD,OMEGA_PARTIAL_CL,
190736438,185676659,2026-05-12T15:26:10+00:00,1778599570219,1,0,0,185676659,3,0.1,1.4511,0.0,0.0,0.0,0.0,XRPUSD,OV2|b4ca79|H1|S,
190736684,185676833,2026-05-12T15:26:37+00:00,1778599597221,1,0,0,185676833,3,0.09,80757.93,0.0,0.0,0.0,0.0,BTCUSD,OV2|9b7545|H1|S,
190737983,185677840,2026-05-12T15:30:00+00:00,1778599800982,0,1,0,185676659,4,0.1,1.457,0.0,0.0,-0.59,0.0,XRPUSD,[sl 1.45575],
190740267,185679335,2026-05-12T15:30:38+00:00,1778599838290,0,1,0,185676833,3,0.01,80649.75,0.0,0.0,1.08,0.0,BTCUSD,OMEGA_PARTIAL_CL,
190741721,185680301,2026-05-12T15:31:30+00:00,1778599890264,1,0,0,185680301,3,0.01,4690.68,0.0,0.0,0.0,0.0,XAUUSD,OV2|4e7115|H1|S,
190741787,185680353,2026-05-12T15:31:31+00:00,1778599891646,0,1,0,185673481,3,0.01,1.35147,0.0,0.0,1.09,0.0,GBPUSD,OMEGA_PARTIAL_CL,
190741809,185680365,2026-05-12T15:31:32+00:00,1778599892088,1,0,0,185680365,3,0.1,1.44795,0.0,0.0,0.0,0.0,XRPUSD,OV2|45d63d|H1|S,
190744249,185682058,2026-05-12T15:34:04+00:00,1778600044547,0,1,0,185673481,4,0.02,1.35256,0.0,0.0,0.0,0.0,GBPUSD,[sl 1.35256],
190744665,185682355,2026-05-12T15:34:30+00:00,1778600070482,0,1,0,185676833,4,0.08,80759.79,0.0,0.0,-0.15,0.0,BTCUSD,[sl 80757.93],
190748732,185685173,2026-05-12T15:39:03+00:00,1778600343389,0,1,0,185680365,4,0.1,1.4549,0.0,0.0,-0.7,0.0,XRPUSD,[sl 1.45485],
190749469,185685677,2026-05-12T15:39:42+00:00,1778600382003,1,0,0,185685677,3,0.09,80965.77,0.0,0.0,0.0,0.0,BTCUSD,OV2|fbc743|H1|S,
190749765,185685922,2026-05-12T15:40:14+00:00,1778600414890,0,1,0,185680301,4,0.01,4703.67,0.0,0.0,-12.99,0.0,XAUUSD,[sl 4703.58],
190750727,185686583,2026-05-12T15:41:27+00:00,1778600487424,1,0,0,185686583,3,0.1,1.4534,0.0,0.0,0.0,0.0,XRPUSD,OV2|d25ea8|H1|S,
190750897,185686705,2026-05-12T15:41:56+00:00,1778600516510,1,0,0,185686705,3,0.02,1.35256,0.0,0.0,0.0,0.0,GBPUSD,OV2|18b3f7|H1|S,
190759499,185692759,2026-05-12T15:51:37+00:00,1778601097657,0,1,0,185686705,4,0.02,1.35394,0.0,0.0,-2.76,0.0,GBPUSD,[sl 1.35390],
190779380,185707080,2026-05-12T16:14:23+00:00,1778602463930,0,1,0,185685677,3,0.01,80834.44,0.0,0.0,1.31,0.0,BTCUSD,OMEGA_PARTIAL_CL,
190783654,185709862,2026-05-12T16:16:38+00:00,1778602598851,1,0,0,185709862,3,0.02,1.35215,0.0,0.0,0.0,0.0,GBPUSD,OV2|dceb46|H1|S,
190786636,185711741,2026-05-12T16:17:50+00:00,1778602670181,0,1,0,185686583,3,0.1,1.4501,0.0,0.0,0.33,0.0,XRPUSD,OMEGA_PARTIAL_CL,
190787568,185712359,2026-05-12T16:18:41+00:00,1778602721686,1,0,0,185712359,3,0.1,1.4485999999999999,0.0,0.0,0.0,0.0,XRPUSD,OV2|cc2e1d|H1|S,
190788143,185712697,2026-05-12T16:19:01+00:00,1778602741452,1,0,0,185712697,3,0.01,4686.49,0.0,0.0,0.0,0.0,XAUUSD,OV2|877666|H1|S,
190805792,185725257,2026-05-12T16:36:42+00:00,1778603802251,0,1,0,185712359,3,0.1,1.4455,0.0,0.0,0.31,0.0,XRPUSD,OMEGA_PARTIAL_CL,
190823121,185737710,2026-05-12T16:50:52+00:00,1778604652071,0,1,0,185709862,3,0.01,1.3511600000000001,0.0,0.0,0.99,0.0,GBPUSD,OMEGA_PARTIAL_CL,
190824035,185738326,2026-05-12T16:51:49+00:00,1778604709646,1,0,0,185738326,3,0.1,1.4429,0.0,0.0,0.0,0.0,XRPUSD,OV2|a768e9|H1|S,
190828169,185741372,2026-05-12T16:57:04+00:00,1778605024313,0,1,0,185738326,3,0.1,1.4364,0.0,0.0,0.65,0.0,XRPUSD,OMEGA_PARTIAL_CL,
190836287,185747272,2026-05-12T17:00:42+00:00,1778605242585,1,0,0,185747272,3,0.1,1.43385,0.0,0.0,0.0,0.0,XRPUSD,OV2|462ff6|H1|S,
190836288,185747273,2026-05-12T17:00:42+00:00,1778605242648,1,0,0,185747273,3,0.1,1.43385,0.0,0.0,0.0,0.0,XRPUSD,OV2|edf1b0|H1|S,
190841517,185750886,2026-05-12T17:03:13+00:00,1778605393449,0,1,0,185709862,4,0.01,1.35216,0.0,0.0,-0.01,0.0,GBPUSD,[sl 1.35215],
190867920,185769283,2026-05-12T17:33:44+00:00,1778607224310,0,1,0,185712697,3,0.01,4675.61,0.0,0.0,10.88,0.0,XAUUSD,OMEGA_PARTIAL_CL,
190880887,185778437,2026-05-12T17:50:42+00:00,1778608242502,0,1,0,185747272,3,0.1,1.42785,0.0,0.0,0.6,0.0,XRPUSD,OMEGA_PARTIAL_CL,
190880889,185778439,2026-05-12T17:50:42+00:00,1778608242588,0,1,0,185747273,3,0.1,1.42785,0.0,0.0,0.6,0.0,XRPUSD,OMEGA_PARTIAL_CL,
190882001,185779180,2026-05-12T17:51:20+00:00,1778608280566,1,0,0,185779180,3,0.1,1.4241,0.0,0.0,0.0,0.0,XRPUSD,OV2|96e10d|H1|S,
190882003,185779182,2026-05-12T17:51:20+00:00,1778608280615,1,0,0,185779182,3,0.1,1.4241,0.0,0.0,0.0,0.0,XRPUSD,OV2|ce343e|H1|S,
190882395,185779432,2026-05-12T17:51:32+00:00,1778608292080,1,0,0,185779432,3,0.01,4671.63,0.0,0.0,0.0,0.0,XAUUSD,OV2|ee11dd|H1|S,
190882399,185779436,2026-05-12T17:51:32+00:00,1778608292117,1,0,0,185779436,3,0.01,4671.63,0.0,0.0,0.0,0.0,XAUUSD,OV2|6abb93|H1|S,
190904223,185795102,2026-05-12T18:17:29+00:00,1778609849874,0,1,0,185779432,3,0.01,4661.77,0.0,0.0,9.86,0.0,XAUUSD,OMEGA_PARTIAL_CL,
190904316,185795160,2026-05-12T18:17:30+00:00,1778609850256,0,1,0,185779436,3,0.01,4661.77,0.0,0.0,9.86,0.0,XAUUSD,OMEGA_PARTIAL_CL,
190914766,185801624,2026-05-12T18:23:21+00:00,1778610201527,0,1,0,185685677,5,0.08,80343.97,0.0,0.0,49.74,0.0,BTCUSD,[tp 80344.43],
190919023,185804271,2026-05-12T18:25:23+00:00,1778610323022,0,1,0,185561358,5,0.03,1.17242,0.0,0.0,9.03,0.0,EURUSD,[tp 1.17243],
190970411,185842086,2026-05-12T20:13:48+00:00,1778616828920,0,1,0,185779180,4,0.1,1.42995,0.0,0.0,-0.59,0.0,XRPUSD,[sl 1.42994],
190970412,185842087,2026-05-12T20:13:48+00:00,1778616828920,0,1,0,185779182,4,0.1,1.42995,0.0,0.0,-0.59,0.0,XRPUSD,[sl 1.42994],
190978643,185847920,2026-05-12T20:32:19+00:00,1778617939939,1,0,0,185847920,3,0.09,80462.79,0.0,0.0,0.0,0.0,BTCUSD,OV2|8148a9|H1|S,
190978654,185847928,2026-05-12T20:32:26+00:00,1778617946106,1,0,0,185847928,3,0.05,184.996,0.0,0.0,0.0,0.0,EURJPY,OV2|24c2ef|H1|S,
190978667,185847938,2026-05-12T20:32:35+00:00,1778617955383,1,0,0,185847938,3,0.1,1.4318,0.0,0.0,0.0,0.0,XRPUSD,OV2|8c55a2|H1|S,
190983523,185851698,2026-05-12T21:00:37+00:00,1778619637695,0,1,0,185847928,4,0.05,185.047,0.0,0.0,-1.63,0.0,EURJPY,[sl 185.047],
190984361,185852266,2026-05-12T21:01:56+00:00,1778619716568,0,0,0,185852266,3,0.07,113.953,0.0,0.0,0.0,0.0,AUDJPY,OV2|56a2ae|H1|B,
190994342,185859455,2026-05-12T21:33:14+00:00,1778621594895,1,1,0,185852266,3,0.01,113.999,0.0,0.0,0.29,0.0,AUDJPY,OMEGA_PARTIAL_CL,
190994604,185859637,2026-05-12T21:34:01+00:00,1778621641025,1,0,0,185859637,3,0.07,184.995,0.0,0.0,0.0,0.0,EURJPY,OV2|10400c|H1|S,
190995519,185860254,2026-05-12T21:36:23+00:00,1778621783885,0,1,0,185847938,4,0.1,1.4352,0.0,0.0,-0.34,0.0,XRPUSD,[sl 1.43505],
190995763,185860405,2026-05-12T21:36:38+00:00,1778621798931,0,1,0,185847920,4,0.09,80601.87,0.0,0.0,-12.52,0.0,BTCUSD,[sl 80598.01],
190996009,185860546,2026-05-12T21:37:03+00:00,1778621823405,1,0,0,185860546,3,0.01,4691.83,0.0,0.0,0.0,0.0,XAUUSD,OV2|5eee3e|H1|S,
190996231,185860690,2026-05-12T21:38:02+00:00,1778621882653,1,0,0,185860690,3,0.05,1.17366,0.0,0.0,0.0,0.0,EURUSD,OV2|965e5b|H1|S,
191001286,185864208,2026-05-12T21:50:02+00:00,1778622602550,0,1,0,185859637,4,0.07,185.051,0.0,0.0,-2.5,0.0,EURJPY,[sl 185.048],
191001684,185864538,2026-05-12T21:51:38+00:00,1778622698828,1,0,0,185864538,3,0.1,80652.74,0.0,0.0,0.0,0.0,BTCUSD,OV2|3e1cf7|H1|S,
191003489,185865805,2026-05-12T21:55:34+00:00,1778622934374,0,1,0,185860690,4,0.05,1.17409,0.0,0.0,-2.15,0.0,EURUSD,[sl 1.17409],
191003689,185865957,2026-05-12T21:56:35+00:00,1778622995888,1,0,0,185865957,3,0.04,1.35315,0.0,0.0,0.0,0.0,GBPUSD,OV2|caf23f|H1|S,
191006533,185868076,2026-05-12T22:07:46+00:00,1778623666698,0,1,0,185860546,4,0.01,4699.59,0.0,0.0,-7.76,0.0,XAUUSD,[sl 4699.53],
191007003,185868418,2026-05-12T22:08:30+00:00,1778623710358,0,0,0,185868418,3,0.01,4699.0,0.0,0.0,0.0,0.0,XAUUSD,OV2|96c7d1|M15|B,
191007316,185868664,2026-05-12T22:10:38+00:00,1778623838285,0,1,0,185865957,4,0.04,1.35389,0.0,0.0,-2.96,0.0,GBPUSD,[sl 1.35389],
191009086,185869948,2026-05-12T22:15:42+00:00,1778624142363,0,1,0,185864538,4,0.1,80820.78,0.0,0.0,-16.8,0.0,BTCUSD,[sl 80820.76],
191015539,185874491,2026-05-12T22:33:45+00:00,1778625225847,1,1,0,185868418,3,0.01,4706.96,0.0,0.0,7.96,0.0,XAUUSD,OMEGA_PARTIAL_CL,
191017685,185875985,2026-05-12T22:37:51+00:00,1778625471469,0,0,0,185875985,3,0.01,4708.93,0.0,0.0,0.0,0.0,XAUUSD,OV2|b86b20|M15|B,
191017735,185876023,2026-05-12T22:38:05+00:00,1778625485195,1,0,0,185876023,3,0.1,80728.86,0.0,0.0,0.0,0.0,BTCUSD,OV2|1b9bf5|H1|S,
191019801,185877404,2026-05-12T22:47:39+00:00,1778626059827,1,0,0,185877404,3,0.1,1.17415,0.0,0.0,0.0,0.0,EURUSD,OV2|db684a|H1|S,
191019823,185877421,2026-05-12T22:47:54+00:00,1778626074960,0,0,0,185877421,3,0.08,1.3542399999999999,0.0,0.0,0.0,0.0,GBPUSD,OV2|d15d76|M15|B,
191021052,185878280,2026-05-12T22:53:03+00:00,1778626383278,0,1,0,185876023,4,0.1,80843.71,0.0,0.0,-11.49,0.0,BTCUSD,[sl 80843.49],
191022754,185879481,2026-05-12T22:55:41+00:00,1778626541760,1,1,0,185875985,3,0.01,4712.41,0.0,0.0,3.48,0.0,XAUUSD,OMEGA_PARTIAL_CL,
191023654,185880032,2026-05-12T22:57:45+00:00,1778626665498,1,0,0,185880032,3,0.1,80803.62,0.0,0.0,0.0,0.0,BTCUSD,OV2|5f7e9f|H1|S,
191023733,185880082,2026-05-12T22:58:08+00:00,1778626688050,0,0,0,185880082,3,0.1,185.032,0.0,0.0,0.0,0.0,EURJPY,OV2|e0d23a|M15|B,
191024082,185880336,2026-05-12T22:59:25+00:00,1778626765367,0,0,0,185880336,3,0.01,4714.98,0.0,0.0,0.0,0.0,XAUUSD,OV2|f3af16|M15|B,
191027738,185883292,2026-05-12T23:08:23+00:00,1778627303161,1,1,0,185877421,4,0.08,1.35369,0.0,0.0,-4.4,0.0,GBPUSD,[sl 1.35369],
191028685,185883906,2026-05-12T23:14:13+00:00,1778627653452,0,0,0,185883906,3,0.08,1.35395,0.0,0.0,0.0,0.0,GBPUSD,OV2|74a188|M15|B,
191029122,185884191,2026-05-12T23:18:33+00:00,1778627913252,0,1,0,185877404,3,0.02,1.17394,0.0,0.0,0.42,0.0,EURUSD,OMEGA_PARTIAL_CL,
191030926,185885424,2026-05-12T23:35:19+00:00,1778628919860,0,1,0,185880032,3,0.02,80727.35,0.0,0.0,1.53,0.0,BTCUSD,OMEGA_PARTIAL_CL,
191031415,185885820,2026-05-12T23:39:35+00:00,1778629175965,1,1,0,185883906,4,0.08,1.35365,0.0,0.0,-2.4,0.0,GBPUSD,[sl 1.35366],
191032260,185886569,2026-05-12T23:46:42+00:00,1778629602455,1,1,0,185880082,3,0.02,185.055,0.0,0.0,0.29,0.0,EURJPY,OMEGA_PARTIAL_CL,
191033410,185887368,2026-05-12T23:55:56+00:00,1778630156386,1,1,0,185880082,4,0.08,185.028,0.0,0.0,-0.2,0.0,EURJPY,[sl 185.032],
191035252,185889069,2026-05-13T00:25:00+00:00,1778631900993,0,1,0,185877404,4,0.08,1.17415,0.0,0.28,0.0,0.0,EURUSD,[sl 1.17415],
191035566,185889303,2026-05-13T00:28:11+00:00,1778632091021,1,0,0,185889303,3,0.08,1.17363,0.0,0.0,0.0,0.0,EURUSD,OV2|d15a76|H4|S,
191035689,185889380,2026-05-13T00:29:30+00:00,1778632170028,0,0,0,185889380,3,0.06,1.35406,0.0,0.0,0.0,0.0,GBPUSD,OV2|87c52b|M5|B,
191036709,185889700,2026-05-13T00:37:43+00:00,1778632663442,0,0,0,185889700,3,0.1,1.4407,0.0,0.0,0.0,0.0,XRPUSD,OV2|ab6dbe|M5|B,
191037240,185889892,2026-05-13T00:46:59+00:00,1778633219544,0,1,0,185889303,4,0.08,1.17395,0.0,0.0,-2.56,0.0,EURUSD,[sl 1.17395],
191037409,185889996,2026-05-13T00:49:44+00:00,1778633384670,0,1,0,185880032,5,0.08,80502.9,0.0,-1.43,24.06,0.0,BTCUSD,[tp 80503.62],
191037499,185890058,2026-05-13T00:51:17+00:00,1778633477366,1,0,0,185890058,3,0.1,80488.76,0.0,0.0,0.0,0.0,BTCUSD,OV2|dfa913|H4|S,
191037964,185890371,2026-05-13T01:00:01+00:00,1778634001276,1,1,0,185889700,4,0.1,1.4303,0.0,0.0,-1.04,0.0,XRPUSD,[sl 1.43701],
191037969,185890393,2026-05-13T01:00:02+00:00,1778634002535,0,1,0,185890058,4,0.1,80613.45,0.0,0.0,-12.47,0.0,BTCUSD,[sl 80601.69],
191039405,185891660,2026-05-13T01:01:28+00:00,1778634088476,1,0,0,185891660,3,0.09,80667.64,0.0,0.0,0.0,0.0,BTCUSD,OV2|001ae2|H4|S,
191040166,185892245,2026-05-13T01:04:16+00:00,1778634256638,0,0,0,185892245,3,0.1,1.4438,0.0,0.0,0.0,0.0,XRPUSD,OV2|62013f|M15|B,
191040777,185892643,2026-05-13T01:04:43+00:00,1778634283029,1,1,0,185880336,3,0.01,4720.15,0.0,-0.67,5.17,0.0,XAUUSD,OMEGA_PARTIAL_CL,
191042242,185893759,2026-05-13T01:08:35+00:00,1778634515922,1,0,0,185893759,3,0.05,184.98,0.0,0.0,0.0,0.0,EURJPY,OV2|bf14f9|H1|S,
191044010,185894982,2026-05-13T01:15:03+00:00,1778634903294,1,1,0,185892245,4,0.1,1.4307,0.0,0.0,-1.31,0.0,XRPUSD,[sl 1.43829],
191044559,185895330,2026-05-13T01:18:03+00:00,1778635083017,0,0,0,185895330,3,0.1,1.4432,0.0,0.0,0.0,0.0,XRPUSD,OV2|42b914|M15|B,
191047684,185897611,2026-05-13T01:32:48+00:00,1778635968778,0,0,0,185897611,3,0.01,4718.42,0.0,0.0,0.0,0.0,XAUUSD,OV2|8a0a82|H1|B,
191049466,185898845,2026-05-13T01:39:16+00:00,1778636356357,0,1,0,185893759,4,0.05,185.031,0.0,0.0,-1.63,0.0,EURJPY,[sl 185.031],
191049531,185898890,2026-05-13T01:39:54+00:00,1778636394704,0,0,0,185898890,3,0.1,185.031,0.0,0.0,0.0,0.0,EURJPY,OV2|9d5267|M5|B,
191050294,185899423,2026-05-13T01:45:29+00:00,1778636729256,1,1,0,185898890,4,0.1,185.002,0.0,0.0,-1.85,0.0,EURJPY,[sl 185.002],
191054556,185902179,2026-05-13T01:57:45+00:00,1778637465557,1,1,0,185895330,3,0.1,1.43945,0.0,0.0,-0.38,0.0,XRPUSD,OMEGA_PARTIAL_CL,
191056471,185903929,2026-05-13T02:04:19+00:00,1778637859082,1,0,0,185903929,3,0.1,1.4394,0.0,0.0,0.0,0.0,XRPUSD,OV2|2cfaa6|H1|S,
191057284,185904508,2026-05-13T02:08:05+00:00,1778638085422,1,1,0,185889380,3,0.01,1.35418,0.0,0.0,0.12,0.0,GBPUSD,OMEGA_PARTIAL_CL,
191058257,185905150,2026-05-13T02:09:03+00:00,1778638143453,1,1,0,185897611,3,0.01,4722.93,0.0,0.0,4.51,0.0,XAUUSD,OMEGA_PARTIAL_CL,
191058652,185905399,2026-05-13T02:09:41+00:00,1778638181857,0,0,0,185905399,3,0.01,4721.58,0.0,0.0,0.0,0.0,XAUUSD,OV2|7c5d97|H1|B,
191058840,185905533,2026-05-13T02:10:01+00:00,1778638201206,1,1,0,185889380,4,0.05,1.35405,0.0,0.0,-0.05,0.0,GBPUSD,[sl 1.35406],
191060344,185906568,2026-05-13T02:15:04+00:00,1778638504619,0,1,0,185891660,3,0.01,80590.03,0.0,0.0,0.78,0.0,BTCUSD,OMEGA_PARTIAL_CL,
191065868,185910187,2026-05-13T02:35:43+00:00,1778639743830,1,0,0,185910187,3,0.1,184.973,0.0,0.0,0.0,0.0,EURJPY,OV2|3f8c4c|H1|S,
191068403,185912001,2026-05-13T02:42:38+00:00,1778640158328,0,1,0,185903929,3,0.1,1.43705,0.0,0.0,0.24,0.0,XRPUSD,OMEGA_PARTIAL_CL,
191070731,185913680,2026-05-13T02:48:09+00:00,1778640489095,0,1,0,185910187,4,0.1,185.011,0.0,0.0,-2.42,0.0,EURJPY,[sl 185.011],
191072567,185914875,2026-05-13T02:52:51+00:00,1778640771240,0,0,0,185914875,3,0.1,185.04,0.0,0.0,0.0,0.0,EURJPY,OV2|c16c80|M15|B,
191082795,185922100,2026-05-13T03:08:19+00:00,1778641699186,1,0,0,185922100,3,0.09,1.35358,0.0,0.0,0.0,0.0,GBPUSD,OV2|76bd93|H4|S,
191084409,185923227,2026-05-13T03:13:46+00:00,1778642026405,0,1,0,185922100,3,0.01,1.35321,0.0,0.0,0.37,0.0,GBPUSD,OMEGA_PARTIAL_CL,
191087155,185925070,2026-05-13T03:19:03+00:00,1778642343591,0,1,0,185922100,4,0.08,1.35359,0.0,0.0,-0.08,0.0,GBPUSD,[sl 1.35358],
191088321,185925871,2026-05-13T03:21:31+00:00,1778642491256,1,0,0,185925871,3,0.1,1.17357,0.0,0.0,0.0,0.0,EURUSD,OV2|efb14b|H1|S,
191089458,185926712,2026-05-13T03:24:03+00:00,1778642643970,0,1,0,185891660,4,0.08,80672.28,0.0,0.0,-0.37,0.0,BTCUSD,[sl 80667.64],
191090261,185927229,2026-05-13T03:26:22+00:00,1778642782161,0,0,0,185927229,3,0.1,80720.83,0.0,0.0,0.0,0.0,BTCUSD,OV2|dba2b6|M5|B,
191102599,185935371,2026-05-13T03:53:01+00:00,1778644381693,1,1,0,185914875,3,0.02,185.085,0.0,0.0,0.57,0.0,EURJPY,OMEGA_PARTIAL_CL,
191106708,185938604,2026-05-13T04:00:12+00:00,1778644812754,1,1,0,185905399,4,0.01,4712.72,0.0,0.0,-8.86,0.0,XAUUSD,[sl 4712.92],
191110351,185940719,2026-05-13T04:01:31+00:00,1778644891957,1,0,0,185940719,3,0.01,4711.86,0.0,0.0,0.0,0.0,XAUUSD,OV2|850605|M5|S,
191124666,185949526,2026-05-13T04:11:40+00:00,1778645500480,1,1,0,185927229,3,0.02,80930.79,0.0,0.0,4.2,0.0,BTCUSD,OMEGA_PARTIAL_CL,
191134134,185955560,2026-05-13T04:24:46+00:00,1778646286323,1,1,0,185914875,4,0.08,185.04,0.0,0.0,0.0,0.0,EURJPY,[sl 185.040],
191146338,185963799,2026-05-13T04:48:08+00:00,1778647688881,0,1,0,185925871,4,0.1,1.174,0.0,0.0,-4.3,0.0,EURUSD,[sl 1.17400],
191147295,185964425,2026-05-13T04:49:29+00:00,1778647769579,1,1,0,185852266,5,0.06,114.188,0.0,0.24,8.9,0.0,AUDJPY,[tp 114.187],
191148367,185965161,2026-05-13T04:52:02+00:00,1778647922453,1,1,0,185927229,5,0.08,81150.16,0.0,0.0,34.35,0.0,BTCUSD,[tp 81147.92],
191155922,185970491,2026-05-13T05:07:59+00:00,1778648879156,0,1,0,185940719,5,0.01,4700.84,0.0,0.0,11.02,0.0,XAUUSD,[tp 4700.87],
191230068,186020915,2026-05-13T08:56:02+00:00,1778662562416,0,0,0,186020915,3,0.09,185.057,0.0,0.0,0.0,0.0,EURJPY,OV2|3f93c8|H4|B,
191230362,186021154,2026-05-13T08:57:00+00:00,1778662620789,1,0,0,186021154,3,0.1,80986.05,0.0,0.0,0.0,0.0,BTCUSD,OV2|806a6f|M5|S,
191230724,186021465,2026-05-13T08:58:03+00:00,1778662683479,0,0,0,186021465,3,0.08,1.35492,0.0,0.0,0.0,0.0,GBPUSD,OV2|3f662e|M5|B,
191230950,186021616,2026-05-13T08:58:33+00:00,1778662713855,0,0,0,186021616,3,0.1,114.174,0.0,0.0,0.0,0.0,AUDJPY,OV2|502a0b|H1|B,
191233560,186023785,2026-05-13T09:03:06+00:00,1778662986668,1,1,0,186020915,4,0.09,185.003,0.0,0.0,-3.1,0.0,EURJPY,[sl 185.004],
191234786,186024607,2026-05-13T09:04:32+00:00,1778663072878,0,0,0,186024607,3,0.08,185.045,0.0,0.0,0.0,0.0,EURJPY,OV2|48bae1|H4|B,
191236772,186025895,2026-05-13T09:06:17+00:00,1778663177591,1,1,0,186021616,3,0.02,114.216,0.0,0.0,0.53,0.0,AUDJPY,OMEGA_PARTIAL_CL,
191238137,186026772,2026-05-13T09:08:13+00:00,1778663293604,1,0,0,186026772,3,0.08,1.17309,0.0,0.0,0.0,0.0,EURUSD,OV2|1afaea|H1|S,
191239612,186027745,2026-05-13T09:09:44+00:00,1778663384291,0,0,0,186027745,3,0.1,1.4594,0.0,0.0,0.0,0.0,XRPUSD,OV2|34d306|H1|B,
191239644,186027761,2026-05-13T09:09:48+00:00,1778663388554,1,1,0,186021616,4,0.08,114.174,0.0,0.0,0.0,0.0,AUDJPY,[sl 114.174],
191239713,186027813,2026-05-13T09:09:50+00:00,1778663390651,1,1,0,186021465,4,0.08,1.35423,0.0,0.0,-5.52,0.0,GBPUSD,[sl 1.35423],
191240454,186028330,2026-05-13T09:11:17+00:00,1778663477192,1,1,0,186024607,4,0.08,184.981,0.0,0.0,-3.27,0.0,EURJPY,[sl 184.981],
191240646,186028469,2026-05-13T09:11:25+00:00,1778663485621,0,1,0,186026772,3,0.01,1.1727,0.0,0.0,0.39,0.0,EURUSD,OMEGA_PARTIAL_CL,
191241132,186028793,2026-05-13T09:12:37+00:00,1778663557775,0,1,0,186021154,3,0.1,81075.87,0.0,0.0,-8.98,0.0,BTCUSD,OMEGA_PARTIAL_CL,
191241297,186028901,2026-05-13T09:13:07+00:00,1778663587683,0,0,0,186028901,3,0.1,81075.62,0.0,0.0,0.0,0.0,BTCUSD,OV2|b8935d|H1|B,
191241451,186029046,2026-05-13T09:14:25+00:00,1778663665909,0,0,0,186029046,3,0.09,114.2,0.0,0.0,0.0,0.0,AUDJPY,OV2|fad76a|H1|B,
191242274,186029649,2026-05-13T09:15:54+00:00,1778663754564,1,0,0,186029649,3,0.05,1.35393,0.0,0.0,0.0,0.0,GBPUSD,OV2|471232|H4|S,
191242528,186029839,2026-05-13T09:16:38+00:00,1778663798795,1,0,0,186029839,3,0.08,184.958,0.0,0.0,0.0,0.0,EURJPY,OV2|b0693e|H1|S,
191245172,186031713,2026-05-13T09:21:05+00:00,1778664065552,1,1,0,186029046,4,0.09,114.118,0.0,0.0,-4.71,0.0,AUDJPY,[sl 114.118],
191246569,186032656,2026-05-13T09:23:13+00:00,1778664193950,0,0,0,186032656,3,0.05,114.139,0.0,0.0,0.0,0.0,AUDJPY,OV2|1f1d2c|H1|B,
191247693,186033465,2026-05-13T09:27:35+00:00,1778664455233,1,1,0,186027745,4,0.1,1.45395,0.0,0.0,-0.55,0.0,XRPUSD,[sl 1.45408],
191248121,186033805,2026-05-13T09:29:12+00:00,1778664552905,0,0,0,186033805,3,0.1,1.4558499999999999,0.0,0.0,0.0,0.0,XRPUSD,OV2|01dc29|H1|B,
191249714,186035067,2026-05-13T09:38:14+00:00,1778665094500,0,1,0,186029839,3,0.01,184.906,0.0,0.0,0.33,0.0,EURJPY,OMEGA_PARTIAL_CL,
191251919,186036635,2026-05-13T09:45:54+00:00,1778665554992,0,1,0,186029649,3,0.01,1.35339,0.0,0.0,0.54,0.0,GBPUSD,OMEGA_PARTIAL_CL,
191255241,186038830,2026-05-13T09:52:31+00:00,1778665951577,1,1,0,186028901,4,0.1,80965.79,0.0,0.0,-10.98,0.0,BTCUSD,[sl 80967.63],
191256032,186039347,2026-05-13T09:53:48+00:00,1778666028889,1,0,0,186039347,3,0.1,80955.98,0.0,0.0,0.0,0.0,BTCUSD,OV2|9e9741|M5|S,
191258474,186040946,2026-05-13T09:56:59+00:00,1778666219778,1,0,0,186040946,3,0.01,4699.47,0.0,0.0,0.0,0.0,XAUUSD,OV2|3d18dc|H1|S,
191266249,186046721,2026-05-13T10:13:36+00:00,1778667216198,1,1,0,186033805,3,0.1,1.45815,0.0,0.0,0.23,0.0,XRPUSD,OMEGA_PARTIAL_CL,
191270299,186049567,2026-05-13T10:22:49+00:00,1778667769951,0,1,0,186039347,3,0.02,80885.0,0.0,0.0,1.42,0.0,BTCUSD,OMEGA_PARTIAL_CL,
191273989,186052437,2026-05-13T10:39:31+00:00,1778668771738,0,1,0,186039347,4,0.08,80956.32,0.0,0.0,-0.03,0.0,BTCUSD,[sl 80955.98],
191274699,186052928,2026-05-13T10:41:27+00:00,1778668887138,0,0,0,186052928,3,0.09,80932.88,0.0,0.0,0.0,0.0,BTCUSD,OV2|e9d0a1|H1|B,
191275321,186053459,2026-05-13T10:46:05+00:00,1778669165436,0,0,0,186053459,3,0.1,1.46205,0.0,0.0,0.0,0.0,XRPUSD,OV2|b04bf2|H1|B,
191277430,186054927,2026-05-13T10:56:55+00:00,1778669815119,1,1,0,186032656,3,0.01,114.189,0.0,0.0,0.32,0.0,AUDJPY,OMEGA_PARTIAL_CL,
191277853,186055218,2026-05-13T10:59:00+00:00,1778669940682,1,1,0,186052928,3,0.01,81001.46,0.0,0.0,0.69,0.0,BTCUSD,OMEGA_PARTIAL_CL,
191279176,186056628,2026-05-13T11:03:00+00:00,1778670180472,0,1,0,186029839,5,0.07,184.734,0.0,0.0,9.88,0.0,EURJPY,[tp 184.734],
191279191,186056640,2026-05-13T11:03:02+00:00,1778670182696,1,0,0,186056640,3,0.05,184.719,0.0,0.0,0.0,0.0,EURJPY,OV2|6c203b|M15|S,
191279538,186056875,2026-05-13T11:04:05+00:00,1778670245724,1,1,0,186032656,4,0.04,114.139,0.0,0.0,0.0,0.0,AUDJPY,[sl 114.139],
191280230,186057388,2026-05-13T11:06:05+00:00,1778670365517,0,0,0,186057388,3,0.08,114.166,0.0,0.0,0.0,0.0,AUDJPY,OV2|8391c2|H1|B,
191284242,186060194,2026-05-13T11:25:18+00:00,1778671518383,1,1,0,186057388,3,0.01,114.219,0.0,0.0,0.34,0.0,AUDJPY,OMEGA_PARTIAL_CL,
191286021,186061286,2026-05-13T11:28:13+00:00,1778671693207,0,1,0,186040946,3,0.01,4695.39,0.0,0.0,4.08,0.0,XAUUSD,OMEGA_PARTIAL_CL,
191287386,186062306,2026-05-13T11:32:16+00:00,1778671936395,1,1,0,186052928,4,0.08,80929.63,0.0,0.0,-0.26,0.0,BTCUSD,[sl 80932.88],
191287740,186062583,2026-05-13T11:34:29+00:00,1778672069175,0,0,0,186062583,3,0.1,80962.92,0.0,0.0,0.0,0.0,BTCUSD,OV2|81ee68|H1|B,
191289462,186063741,2026-05-13T11:41:21+00:00,1778672481501,1,1,0,186062583,3,0.02,81090.49,0.0,0.0,2.55,0.0,BTCUSD,OMEGA_PARTIAL_CL,
191291395,186065157,2026-05-13T11:49:30+00:00,1778672970802,0,1,0,186056640,3,0.01,184.657,0.0,0.0,0.39,0.0,EURJPY,OMEGA_PARTIAL_CL,
191291950,186065559,2026-05-13T11:52:43+00:00,1778673163080,0,1,0,186026772,5,0.07,1.17009,0.0,0.0,21.0,0.0,EURUSD,[tp 1.17009],
191292068,186065639,2026-05-13T11:53:19+00:00,1778673199645,1,0,0,186065639,3,0.08,1.17002,0.0,0.0,0.0,0.0,EURUSD,OV2|90017e|H1|S,
191296015,186068932,2026-05-13T12:02:07+00:00,1778673727267,0,1,0,186056640,4,0.04,184.721,0.0,0.0,-0.05,0.0,EURJPY,[sl 184.719],
191296678,186069419,2026-05-13T12:04:31+00:00,1778673871924,1,0,0,186069419,3,0.06,184.701,0.0,0.0,0.0,0.0,EURJPY,OV2|7da8c3|H1|S,
191296749,186069460,2026-05-13T12:04:55+00:00,1778673895984,1,1,0,186062583,5,0.08,81294.62,0.0,0.0,26.54,0.0,BTCUSD,[tp 81291.97],
191296994,186069628,2026-05-13T12:05:53+00:00,1778673953149,0,0,0,186069628,3,0.1,81279.4,0.0,0.0,0.0,0.0,BTCUSD,OV2|ead3d1|H1|B,
191297292,186069841,2026-05-13T12:07:10+00:00,1778674030746,1,0,0,186069841,3,0.01,4698.22,0.0,0.0,0.0,0.0,XAUUSD,OV2|82ed64|H1|S,
191300978,186072364,2026-05-13T12:16:15+00:00,1778674575608,0,1,0,186069841,3,0.01,4692.83,0.0,0.0,5.39,0.0,XAUUSD,OMEGA_PARTIAL_CL,
191301290,186072561,2026-05-13T12:16:59+00:00,1778674619641,1,0,0,186072561,3,0.01,4692.34,0.0,0.0,0.0,0.0,XAUUSD,OV2|6f0ce2|H1|S,
191303225,186073799,2026-05-13T12:20:09+00:00,1778674809205,1,1,0,186053459,3,0.1,1.4642,0.0,0.0,0.22,0.0,XRPUSD,OMEGA_PARTIAL_CL,
191303768,186074149,2026-05-13T12:21:07+00:00,1778674867181,1,1,0,186069628,4,0.1,81161.98,0.0,0.0,-11.74,0.0,BTCUSD,[sl 81162.76],
191306365,186075723,2026-05-13T12:23:59+00:00,1778675039584,0,1,0,186072561,3,0.01,4687.2,0.0,0.0,5.14,0.0,XAUUSD,OMEGA_PARTIAL_CL,
191306897,186076044,2026-05-13T12:24:28+00:00,1778675068608,1,0,0,186076044,3,0.01,4686.31,0.0,0.0,0.0,0.0,XAUUSD,OV2|26ca75|H1|S,
191308190,186076951,2026-05-13T12:27:28+00:00,1778675248737,0,0,0,186076951,3,0.1,81153.37,0.0,0.0,0.0,0.0,BTCUSD,OV2|b60ce8|H1|B,
191309029,186077553,2026-05-13T12:29:50+00:00,1778675390312,0,1,0,186065639,3,0.01,1.16965,0.0,0.0,0.37,0.0,EURUSD,OMEGA_PARTIAL_CL,
191309911,186078219,2026-05-13T12:30:54+00:00,1778675454216,0,1,0,186069419,3,0.01,184.655,0.0,0.0,0.29,0.0,EURJPY,OMEGA_PARTIAL_CL,
191310426,186078625,2026-05-13T12:32:23+00:00,1778675543162,0,1,0,186065639,4,0.07,1.17002,0.0,0.0,0.0,0.0,EURUSD,[sl 1.17002],
191310444,186078637,2026-05-13T12:32:25+00:00,1778675545278,0,1,0,186069419,4,0.05,184.701,0.0,0.0,0.0,0.0,EURJPY,[sl 184.701],
191310883,186078955,2026-05-13T12:33:20+00:00,1778675600123,1,1,0,186076951,3,0.02,81243.66,0.0,0.0,1.81,0.0,BTCUSD,OMEGA_PARTIAL_CL,
191311114,186079137,2026-05-13T12:34:09+00:00,1778675649454,1,0,0,186079137,3,0.07,184.705,0.0,0.0,0.0,0.0,EURJPY,OV2|1a89d5|H1|S,
191314579,186081751,2026-05-13T12:45:47+00:00,1778676347906,0,1,0,186076044,3,0.01,4694.77,0.0,0.0,-8.46,0.0,XAUUSD,OMEGA_PARTIAL_CL,
191315204,186082148,2026-05-13T12:47:28+00:00,1778676448331,1,0,0,186082148,3,0.01,4693.35,0.0,0.0,0.0,0.0,XAUUSD,OV2|359cb8|H1|S,
191317936,186084033,2026-05-13T12:55:55+00:00,1778676955216,0,1,0,186079137,4,0.07,184.786,0.0,0.0,-3.61,0.0,EURJPY,[sl 184.784],
191318642,186084492,2026-05-13T12:57:04+00:00,1778677024094,1,0,0,186084492,3,0.07,1.17032,0.0,0.0,0.0,0.0,EURUSD,OV2|ea0cdf|H1|S,
191319207,186084841,2026-05-13T12:58:28+00:00,1778677108875,1,0,0,186084841,3,0.06,184.762,0.0,0.0,0.0,0.0,EURJPY,OV2|d6b40a|M15|S,
191319587,186085113,2026-05-13T12:59:49+00:00,1778677189161,0,1,0,186082148,4,0.01,4701.21,0.0,0.0,-7.86,0.0,XAUUSD,[sl 4701.20],
191320486,186086142,2026-05-13T13:02:15+00:00,1778677335300,1,0,0,186086142,3,0.01,4700.06,0.0,0.0,0.0,0.0,XAUUSD,OV2|365d6b|H1|S,
191322081,186087255,2026-05-13T13:07:44+00:00,1778677664376,1,1,0,186076951,4,0.08,81152.9,0.0,0.0,-0.04,0.0,BTCUSD,[sl 81153.37],
191324138,186088501,2026-05-13T13:08:43+00:00,1778677723021,0,1,0,186086142,4,0.01,4707.47,0.0,0.0,-7.41,0.0,XAUUSD,[sl 4707.47],
191327648,186090946,2026-05-13T13:11:01+00:00,1778677861630,1,0,0,186090946,3,0.01,4704.71,0.0,0.0,0.0,0.0,XAUUSD,OV2|2ce4bb|M15|S,
191327830,186091075,2026-05-13T13:11:38+00:00,1778677898179,0,1,0,186084841,3,0.01,184.682,0.0,0.0,0.51,0.0,EURJPY,OMEGA_PARTIAL_CL,
191331634,186093825,2026-05-13T13:21:01+00:00,1778678461922,0,0,0,186093825,3,0.1,81125.7,0.0,0.0,0.0,0.0,BTCUSD,OV2|3b0f13|H1|B,
191332295,186094308,2026-05-13T13:22:23+00:00,1778678543580,0,0,0,186094308,3,0.1,1.46155,0.0,0.0,0.0,0.0,XRPUSD,OV2|0cf4dd|H1|B,
191333950,186095401,2026-05-13T13:27:03+00:00,1778678823554,1,1,0,186093825,4,0.1,81017.82,0.0,0.0,-10.79,0.0,BTCUSD,[sl 81019.00],
191333951,186095402,2026-05-13T13:27:03+00:00,1778678823691,1,1,0,186094308,4,0.1,1.457,0.0,0.0,-0.46,0.0,XRPUSD,[sl 1.45710],
191334259,186095635,2026-05-13T13:28:07+00:00,1778678887809,1,0,0,186095635,3,0.1,1.4562,0.0,0.0,0.0,0.0,XRPUSD,OV2|9e8b52|M5|S,
191334567,186095857,2026-05-13T13:29:09+00:00,1778678949134,0,1,0,186084841,4,0.05,184.762,0.0,0.0,0.0,0.0,EURJPY,[sl 184.762],
191334582,186095866,2026-05-13T13:29:16+00:00,1778678956685,1,0,0,186095866,3,0.1,80948.65,0.0,0.0,0.0,0.0,BTCUSD,OV2|a6775e|M5|S,
191334661,186095920,2026-05-13T13:29:56+00:00,1778678996704,0,0,0,186095920,3,0.07,184.775,0.0,0.0,0.0,0.0,EURJPY,OV2|5e3705|M5|B,
191334976,186096200,2026-05-13T13:30:51+00:00,1778679051099,0,1,0,186090946,3,0.01,4699.13,0.0,0.0,5.58,0.0,XAUUSD,OMEGA_PARTIAL_CL,
191335440,186096481,2026-05-13T13:31:33+00:00,1778679093184,1,0,0,186096481,3,0.01,4698.42,0.0,0.0,0.0,0.0,XAUUSD,OV2|eaed10|H1|S,
191338485,186098708,2026-05-13T13:41:40+00:00,1778679700574,0,1,0,186084492,4,0.07,1.17092,0.0,0.0,-4.2,0.0,EURUSD,[sl 1.17092],
191339618,186099458,2026-05-13T13:44:09+00:00,1778679849712,0,1,0,186095866,3,0.02,80837.59,0.0,0.0,2.22,0.0,BTCUSD,OMEGA_PARTIAL_CL,
191340179,186099925,2026-05-13T13:47:04+00:00,1778680024746,1,1,0,186095920,3,0.01,184.816,0.0,0.0,0.26,0.0,EURJPY,OMEGA_PARTIAL_CL,
191340452,186100127,2026-05-13T13:48:21+00:00,1778680101584,1,1,0,186057388,5,0.07,114.382,0.0,0.0,9.52,0.0,AUDJPY,[tp 114.382],
191340680,186100276,2026-05-13T13:48:52+00:00,1778680132770,0,0,0,186100276,3,0.1,114.396,0.0,0.0,0.0,0.0,AUDJPY,OV2|bacb5f|H1|B,
191341668,186101027,2026-05-13T13:52:10+00:00,1778680330332,1,0,0,186101027,3,0.06,1.1712799999999999,0.0,0.0,0.0,0.0,EURUSD,OV2|ca5a8f|H1|S,
191342731,186101831,2026-05-13T13:58:46+00:00,1778680726708,0,1,0,186096481,3,0.01,4694.34,0.0,0.0,4.08,0.0,XAUUSD,OMEGA_PARTIAL_CL,
191343734,186102930,2026-05-13T14:01:15+00:00,1778680875022,0,1,0,186095635,4,0.1,1.4602,0.0,0.0,-0.4,0.0,XRPUSD,[sl 1.46016],
191343980,186103097,2026-05-13T14:02:05+00:00,1778680925639,1,0,0,186103097,3,0.01,4693.87,0.0,0.0,0.0,0.0,XAUUSD,OV2|987e2d|H1|S,
191345988,186104454,2026-05-13T14:06:25+00:00,1778681185044,0,1,0,186095866,5,0.08,80645.96,0.0,0.0,24.22,0.0,BTCUSD,[tp 80648.65],
191346123,186104543,2026-05-13T14:06:55+00:00,1778681215134,1,0,0,186104543,3,0.1,80622.73,0.0,0.0,0.0,0.0,BTCUSD,OV2|a6ad03|M5|S,
191346192,186104593,2026-05-13T14:07:15+00:00,1778681235898,0,0,0,186104593,3,0.1,1.45305,0.0,0.0,0.0,0.0,XRPUSD,OV2|a1364b|H1|B,
191349659,186107146,2026-05-13T14:15:21+00:00,1778681721474,0,1,0,186103097,4,0.01,4699.64,0.0,0.0,-5.77,0.0,XAUUSD,[sl 4699.58],
191351231,186108240,2026-05-13T14:18:26+00:00,1778681906231,1,0,0,186108240,3,0.01,4697.43,0.0,0.0,0.0,0.0,XAUUSD,OV2|d6d9b3|H1|S,
191355791,186111573,2026-05-13T14:34:00+00:00,1778682840035,0,1,0,186101027,4,0.06,1.17166,0.0,0.0,-2.2800000000000002,0.0,EURUSD,[sl 1.17166],
191356841,186112310,2026-05-13T14:35:17+00:00,1778682917192,0,1,0,186108240,4,0.01,4704.34,0.0,0.0,-6.91,0.0,XAUUSD,[sl 4704.32],
191358416,186113432,2026-05-13T14:38:37+00:00,1778683117198,0,0,0,186113432,3,0.09,1.17173,0.0,0.0,0.0,0.0,EURUSD,OV2|210c63|M5|B,
191358464,186113470,2026-05-13T14:38:57+00:00,1778683137704,1,0,0,186113470,3,0.01,4702.84,0.0,0.0,0.0,0.0,XAUUSD,OV2|3d0421|H1|S,
191361422,186115659,2026-05-13T14:47:42+00:00,1778683662178,1,1,0,186113432,4,0.09,1.17131,0.0,0.0,-3.7800000000000002,0.0,EURUSD,[sl 1.17131],
191361598,186115786,2026-05-13T14:48:07+00:00,1778683687002,1,0,0,186115786,3,0.1,1.17123,0.0,0.0,0.0,0.0,EURUSD,OV2|b3e258|H1|S,
191362444,186116410,2026-05-13T14:50:22+00:00,1778683822536,1,1,0,186104593,4,0.1,1.4487,0.0,0.0,-0.44,0.0,XRPUSD,[sl 1.44903],
191362669,186116566,2026-05-13T14:51:08+00:00,1778683868016,0,1,0,186104543,3,0.02,80526.51,0.0,0.0,1.92,0.0,BTCUSD,OMEGA_PARTIAL_CL,
191364760,186117949,2026-05-13T14:57:30+00:00,1778684250399,1,1,0,186095920,4,0.06,184.775,0.0,0.0,0.0,0.0,EURJPY,[sl 184.775],
191364840,186118008,2026-05-13T14:57:54+00:00,1778684274806,1,0,0,186118008,3,0.09,184.775,0.0,0.0,0.0,0.0,EURJPY,OV2|5244e3|H1|S,
191365030,186118135,2026-05-13T14:58:52+00:00,1778684332017,0,1,0,186113470,3,0.01,4697.87,0.0,0.0,4.97,0.0,XAUUSD,OMEGA_PARTIAL_CL,
191365892,186119170,2026-05-13T15:01:10+00:00,1778684470237,1,0,0,186119170,3,0.01,4695.88,0.0,0.0,0.0,0.0,XAUUSD,OV2|5b0677|H1|S,
191369337,186121565,2026-05-13T15:10:11+00:00,1778685011753,0,1,0,186118008,4,0.09,184.842,0.0,0.0,-3.84,0.0,EURJPY,[sl 184.842],
191374513,186124948,2026-05-13T15:16:27+00:00,1778685387261,1,0,0,186124948,3,0.08,184.746,0.0,0.0,0.0,0.0,EURJPY,OV2|78f620|H1|S,
191374690,186125065,2026-05-13T15:16:36+00:00,1778685396433,0,1,0,186115786,3,0.02,1.1709100000000001,0.0,0.0,0.64,0.0,EURUSD,OMEGA_PARTIAL_CL,
191377578,186127082,2026-05-13T15:21:26+00:00,1778685686375,0,1,0,186119170,3,0.01,4688.64,0.0,0.0,7.24,0.0,XAUUSD,OMEGA_PARTIAL_CL,
191377588,186127089,2026-05-13T15:21:27+00:00,1778685687907,1,1,0,186100276,4,0.1,114.341,0.0,0.0,-3.51,0.0,AUDJPY,[sl 114.341],
191378450,186127664,2026-05-13T15:22:08+00:00,1778685728998,1,0,0,186127664,3,0.01,4688.45,0.0,0.0,0.0,0.0,XAUUSD,OV2|6ad21d|H1|S,
191379764,186128479,2026-05-13T15:22:44+00:00,1778685764718,0,1,0,186104543,5,0.08,80244.89,0.0,0.0,30.23,0.0,BTCUSD,[tp 80246.33],
191380234,186128780,2026-05-13T15:23:08+00:00,1778685788885,1,0,0,186128780,3,0.1,80195.48,0.0,0.0,0.0,0.0,BTCUSD,OV2|3eaa13|H1|S,
191381876,186129899,2026-05-13T15:25:48+00:00,1778685948015,0,0,0,186129899,3,0.1,1.4426,0.0,0.0,0.0,0.0,XRPUSD,OV2|137225|H4|B,
191383145,186130768,2026-05-13T15:27:25+00:00,1778686045313,0,0,0,186130768,3,0.06,114.326,0.0,0.0,0.0,0.0,AUDJPY,OV2|b841db|H1|B,
191383576,186131059,2026-05-13T15:28:20+00:00,1778686100204,0,1,0,186029649,5,0.04,1.34943,0.0,0.0,18.0,0.0,GBPUSD,[tp 1.34943],
191386593,186133413,2026-05-13T15:30:02+00:00,1778686202755,0,1,0,186127664,5,0.01,4676.14,0.0,0.0,12.31,0.0,XAUUSD,[tp 4678.66],
191389111,186134763,2026-05-13T15:30:29+00:00,1778686229936,1,1,0,186130768,4,0.06,114.254,0.0,0.0,-2.76,0.0,AUDJPY,[sl 114.254],
191389476,186134996,2026-05-13T15:30:44+00:00,1778686244339,0,1,0,186124948,3,0.01,184.682,0.0,0.0,0.41,0.0,EURJPY,OMEGA_PARTIAL_CL,
191389748,186135195,2026-05-13T15:31:00+00:00,1778686260490,1,1,0,186129899,4,0.1,1.4367,0.0,0.0,-0.59,0.0,XRPUSD,[sl 1.43679],
191390138,186135441,2026-05-13T15:31:16+00:00,1778686276796,0,0,0,186135441,3,0.04,114.283,0.0,0.0,0.0,0.0,AUDJPY,OV2|836519|H1|B,
191391012,186136025,2026-05-13T15:32:08+00:00,1778686328782,1,0,0,186136025,3,0.01,4679.56,0.0,0.0,0.0,0.0,XAUUSD,OV2|68c477|H1|S,
191391823,186136580,2026-05-13T15:32:53+00:00,1778686373140,0,1,0,186124948,4,0.07,184.746,0.0,0.0,0.0,0.0,EURJPY,[sl 184.746],
191393711,186137903,2026-05-13T15:34:46+00:00,1778686486279,1,1,0,186135441,3,0.01,114.365,0.0,0.0,0.52,0.0,AUDJPY,OMEGA_PARTIAL_CL,
191395112,186138818,2026-05-13T15:35:57+00:00,1778686557488,0,0,0,186138818,3,0.1,1.4373,0.0,0.0,0.0,0.0,XRPUSD,OV2|5482c1|H4|B,
191395916,186139360,2026-05-13T15:37:04+00:00,1778686624333,1,0,0,186139360,3,0.04,1.34932,0.0,0.0,0.0,0.0,GBPUSD,OV2|859793|H4|S,
191396874,186140011,2026-05-13T15:37:52+00:00,1778686672883,1,1,0,186138818,4,0.1,1.4279,0.0,0.0,-0.94,0.0,XRPUSD,[sl 1.42946],
191396981,186140071,2026-05-13T15:37:58+00:00,1778686678211,0,1,0,186128780,3,0.02,79908.6,0.0,0.0,5.74,0.0,BTCUSD,OMEGA_PARTIAL_CL,
191397576,186140519,2026-05-13T15:38:52+00:00,1778686732559,1,0,0,186140519,3,0.05,184.768,0.0,0.0,0.0,0.0,EURJPY,OV2|8d69f3|H1|S,
191399294,186141742,2026-05-13T15:41:46+00:00,1778686906748,0,0,0,186141742,3,0.1,1.432,0.0,0.0,0.0,0.0,XRPUSD,OV2|6c5145|H4|B,
191401743,186143456,2026-05-13T15:45:29+00:00,1778687129138,0,1,0,186128780,4,0.08,80200.41,0.0,0.0,-0.39,0.0,BTCUSD,[sl 80195.48],
191405212,186145859,2026-05-13T15:51:46+00:00,1778687506660,1,0,0,186145859,3,0.1,80209.14,0.0,0.0,0.0,0.0,BTCUSD,OV2|176785|H1|S,
191405814,186146274,2026-05-13T15:53:02+00:00,1778687582532,0,1,0,186140519,3,0.01,184.696,0.0,0.0,0.46,0.0,EURJPY,OMEGA_PARTIAL_CL,
191416253,186153936,2026-05-13T16:09:24+00:00,1778688564188,0,1,0,186140519,4,0.04,184.769,0.0,0.0,-0.03,0.0,EURJPY,[sl 184.768],
191417041,186154487,2026-05-13T16:11:59+00:00,1778688719170,1,0,0,186154487,3,0.05,184.727,0.0,0.0,0.0,0.0,EURJPY,OV2|a3b865|M15|S,
191417042,186154489,2026-05-13T16:11:59+00:00,1778688719689,1,1,0,186141742,3,0.1,1.4376,0.0,0.0,0.56,0.0,XRPUSD,OMEGA_PARTIAL_CL,
191417194,186154603,2026-05-13T16:12:32+00:00,1778688752042,1,0,0,186154603,3,0.1,1.4374,0.0,0.0,0.0,0.0,XRPUSD,OV2|6ae4c4|H1|S,
191420020,186156565,2026-05-13T16:18:33+00:00,1778689113016,0,1,0,186136025,4,0.01,4690.82,0.0,0.0,-11.26,0.0,XAUUSD,[sl 4690.60],
191422774,186158379,2026-05-13T16:22:28+00:00,1778689348369,1,0,0,186158379,3,0.01,4691.2,0.0,0.0,0.0,0.0,XAUUSD,OV2|34ab8c|H1|S,
191427024,186161395,2026-05-13T16:30:18+00:00,1778689818245,0,1,0,186145859,3,0.02,80105.87,0.0,0.0,2.07,0.0,BTCUSD,OMEGA_PARTIAL_CL,
191428936,186162691,2026-05-13T16:31:58+00:00,1778689918020,0,1,0,186154603,3,0.1,1.43365,0.0,0.0,0.38,0.0,XRPUSD,OMEGA_PARTIAL_CL,
191429437,186163051,2026-05-13T16:32:22+00:00,1778689942860,0,1,0,186139360,4,0.04,1.35025,0.0,0.0,-3.7199999999999998,0.0,GBPUSD,[sl 1.35025],
191429603,186163164,2026-05-13T16:32:31+00:00,1778689951352,1,0,0,186163164,3,0.1,1.43445,0.0,0.0,0.0,0.0,XRPUSD,OV2|42df03|H1|S,
191433030,186165444,2026-05-13T16:35:00+00:00,1778690100216,0,1,0,186158379,3,0.01,4684.24,0.0,0.0,6.96,0.0,XAUUSD,OMEGA_PARTIAL_CL,
191435626,186167051,2026-05-13T16:36:03+00:00,1778690163348,1,0,0,186167051,3,0.01,4677.64,0.0,0.0,0.0,0.0,XAUUSD,OV2|0f5b6a|H1|S,
191437175,186167976,2026-05-13T16:36:29+00:00,1778690189873,1,1,0,186135441,4,0.03,114.283,0.0,0.0,0.0,0.0,AUDJPY,[sl 114.283],
191439391,186169538,2026-05-13T16:38:13+00:00,1778690293088,0,1,0,186163164,3,0.1,1.4304000000000001,0.0,0.0,0.41,0.0,XRPUSD,OMEGA_PARTIAL_CL,
191443249,186172153,2026-05-13T16:41:06+00:00,1778690466892,0,0,0,186172153,3,0.05,114.306,0.0,0.0,0.0,0.0,AUDJPY,OV2|aed1a4|H1|B,
191443690,186172442,2026-05-13T16:41:18+00:00,1778690478659,1,0,0,186172442,3,0.1,1.4289,0.0,0.0,0.0,0.0,XRPUSD,OV2|27307c|H1|S,
191448970,186176275,2026-05-13T16:45:41+00:00,1778690741051,0,1,0,186115786,4,0.08,1.17123,0.0,0.0,0.0,0.0,EURUSD,[sl 1.17123],
191451796,186178122,2026-05-13T16:47:23+00:00,1778690843511,1,0,0,186178122,3,0.06,1.1708,0.0,0.0,0.0,0.0,EURUSD,OV2|3f29b8|H1|S,
191452215,186178443,2026-05-13T16:48:02+00:00,1778690882499,0,1,0,186172442,3,0.1,1.42465,0.0,0.0,0.43,0.0,XRPUSD,OMEGA_PARTIAL_CL,
191456097,186181138,2026-05-13T16:50:52+00:00,1778691052279,1,0,0,186181138,3,0.1,1.4245999999999999,0.0,0.0,0.0,0.0,XRPUSD,OV2|6a6ca1|H1|S,
191474637,186194574,2026-05-13T17:11:54+00:00,1778692314325,1,1,0,186172153,3,0.01,114.381,0.0,0.0,0.48,0.0,AUDJPY,OMEGA_PARTIAL_CL,
191481452,186199442,2026-05-13T17:21:49+00:00,1778692909704,0,1,0,186154487,4,0.05,184.807,0.0,0.0,-2.55,0.0,EURJPY,[sl 184.807],
191481948,186199811,2026-05-13T17:22:49+00:00,1778692969456,0,0,0,186199811,3,0.07,184.82,0.0,0.0,0.0,0.0,EURJPY,OV2|88672c|M5|B,
191486696,186202967,2026-05-13T17:27:20+00:00,1778693240611,0,1,0,186181138,4,0.1,1.43125,0.0,0.0,-0.67,0.0,XRPUSD,[sl 1.43125],
191490443,186205689,2026-05-13T17:32:41+00:00,1778693561633,1,0,0,186205689,3,0.1,1.4275,0.0,0.0,0.0,0.0,XRPUSD,OV2|00eb6d|H1|S,
191491303,186206304,2026-05-13T17:34:05+00:00,1778693645786,0,0,0,186206304,3,0.05,1.3517299999999999,0.0,0.0,0.0,0.0,GBPUSD,OV2|ad6058|M15|B,
191491736,186206642,2026-05-13T17:34:49+00:00,1778693689734,0,1,0,186167051,4,0.01,4689.91,0.0,0.0,-12.27,0.0,XAUUSD,[sl 4689.87],
191493797,186208038,2026-05-13T17:36:49+00:00,1778693809667,1,0,0,186208038,3,0.01,4687.28,0.0,0.0,0.0,0.0,XAUUSD,OV2|7ff14a|H1|S,
191496643,186210044,2026-05-13T17:42:02+00:00,1778694122359,1,1,0,186206304,4,0.05,1.35072,0.0,0.0,-5.05,0.0,GBPUSD,[sl 1.35074],
191500609,186212835,2026-05-13T17:46:19+00:00,1778694379589,0,1,0,186208038,3,0.01,4679.17,0.0,0.0,8.11,0.0,XAUUSD,OMEGA_PARTIAL_CL,
191500903,186213092,2026-05-13T17:46:41+00:00,1778694401667,1,0,0,186213092,3,0.01,4678.68,0.0,0.0,0.0,0.0,XAUUSD,OV2|a37ef6|H1|S,
191502463,186214174,2026-05-13T17:48:46+00:00,1778694526636,1,1,0,186199811,4,0.07,184.744,0.0,0.0,-3.39,0.0,EURJPY,[sl 184.744],
191502934,186214505,2026-05-13T17:49:37+00:00,1778694577725,1,0,0,186214505,3,0.07,184.728,0.0,0.0,0.0,0.0,EURJPY,OV2|0c1edf|H1|S,
191503692,186215029,2026-05-13T17:51:25+00:00,1778694685208,0,1,0,186214505,4,0.07,184.81,0.0,0.0,-3.66,0.0,EURJPY,[sl 184.810],
191504831,186215886,2026-05-13T17:53:43+00:00,1778694823107,1,0,0,186215886,3,0.07,184.785,0.0,0.0,0.0,0.0,EURJPY,OV2|701a37|H1|S,
191505467,186216355,2026-05-13T17:55:20+00:00,1778694920949,1,1,0,186172153,5,0.04,114.54,0.0,0.0,5.89,0.0,AUDJPY,[tp 114.540],
191505954,186216719,2026-05-13T17:56:47+00:00,1778695007843,0,0,0,186216719,3,0.07,114.557,0.0,0.0,0.0,0.0,AUDJPY,OV2|7290bd|H1|B,
191509693,186219830,2026-05-13T18:03:51+00:00,1778695431194,0,1,0,186205689,4,0.1,1.4324,0.0,0.0,-0.49,0.0,XRPUSD,[sl 1.43226],
191510635,186220501,2026-05-13T18:05:44+00:00,1778695544125,1,0,0,186220501,3,0.1,1.429,0.0,0.0,0.0,0.0,XRPUSD,OV2|aff414|H1|S,
191511893,186221455,2026-05-13T18:08:19+00:00,1778695699187,0,1,0,186220501,3,0.1,1.4255,0.0,0.0,0.35,0.0,XRPUSD,OMEGA_PARTIAL_CL,
191512538,186221908,2026-05-13T18:09:03+00:00,1778695743714,0,0,0,186221908,3,0.04,1.35172,0.0,0.0,0.0,0.0,GBPUSD,OV2|89c862|M15|B,
191513909,186222826,2026-05-13T18:10:08+00:00,1778695808658,0,1,0,186213092,4,0.01,4690.63,0.0,0.0,-11.95,0.0,XAUUSD,[sl 4690.33],
191514827,186223411,2026-05-13T18:11:16+00:00,1778695876418,1,0,0,186223411,3,0.1,1.42385,0.0,0.0,0.0,0.0,XRPUSD,OV2|606746|H1|S,
191516508,186224796,2026-05-13T18:15:04+00:00,1778696104395,0,1,0,186145859,5,0.08,79390.48,0.0,0.0,65.49,0.0,BTCUSD,[tp 79390.49],
191518899,186227208,2026-05-13T18:22:43+00:00,1778696563096,1,1,0,186216719,3,0.01,114.615,0.0,0.0,0.37,0.0,AUDJPY,OMEGA_PARTIAL_CL,
191519056,186227318,2026-05-13T18:23:05+00:00,1778696585383,0,1,0,186215886,4,0.07,184.873,0.0,0.0,-3.92,0.0,EURJPY,[sl 184.872],
191519059,186227321,2026-05-13T18:23:05+00:00,1778696585678,1,0,0,186227321,3,0.1,79338.67,0.0,0.0,0.0,0.0,BTCUSD,OV2|d459c8|H1|S,
191519539,186227684,2026-05-13T18:23:52+00:00,1778696632877,1,0,0,186227684,3,0.05,184.848,0.0,0.0,0.0,0.0,EURJPY,OV2|3d4d11|H1|S,
191520543,186228400,2026-05-13T18:26:31+00:00,1778696791502,0,1,0,186223411,3,0.1,1.4191,0.0,0.0,0.48,0.0,XRPUSD,OMEGA_PARTIAL_CL,
191520654,186228484,2026-05-13T18:26:52+00:00,1778696812862,1,0,0,186228484,3,0.1,1.41875,0.0,0.0,0.0,0.0,XRPUSD,OV2|02f7a3|H1|S,
191525953,186232334,2026-05-13T18:33:45+00:00,1778697225081,0,1,0,186178122,4,0.06,1.1714,0.0,0.0,-3.6,0.0,EURUSD,[sl 1.17140],
191530155,186235199,2026-05-13T18:36:19+00:00,1778697379638,1,1,0,186221908,3,0.01,1.35266,0.0,0.0,0.94,0.0,GBPUSD,OMEGA_PARTIAL_CL,
191531590,186236143,2026-05-13T18:37:19+00:00,1778697439168,0,0,0,186236143,3,0.07,1.1715,0.0,0.0,0.0,0.0,EURUSD,OV2|1e8ccb|M15|B,
191536776,186239909,2026-05-13T18:45:33+00:00,1778697933851,0,1,0,186227321,3,0.02,79171.5,0.0,0.0,3.34,0.0,BTCUSD,OMEGA_PARTIAL_CL,
191538593,186241349,2026-05-13T18:49:21+00:00,1778698161794,1,0,0,186241349,3,0.01,4696.87,0.0,0.0,0.0,0.0,XAUUSD,OV2|83b1f1|H1|S,
191542569,186244724,2026-05-13T18:58:14+00:00,1778698694371,0,1,0,186228484,3,0.1,1.4134,0.0,0.0,0.54,0.0,XRPUSD,OMEGA_PARTIAL_CL,
191546977,186248430,2026-05-13T19:06:14+00:00,1778699174627,1,0,0,186248430,3,0.1,1.41525,0.0,0.0,0.0,0.0,XRPUSD,OV2|12db94|H1|S,
191547080,186248503,2026-05-13T19:06:33+00:00,1778699193164,1,1,0,186221908,4,0.03,1.3517000000000001,0.0,0.0,-0.06,0.0,GBPUSD,[sl 1.35172],
191551017,186251816,2026-05-13T19:12:21+00:00,1778699541507,1,0,0,186251816,3,0.04,1.35222,0.0,0.0,0.0,0.0,GBPUSD,OV2|fd8cad|H4|S,
191552316,186253023,2026-05-13T19:15:48+00:00,1778699748882,0,1,0,186241349,4,0.01,4703.82,0.0,0.0,-6.95,0.0,XAUUSD,[sl 4703.82],
191552403,186253108,2026-05-13T19:15:56+00:00,1778699756884,1,1,0,186236143,4,0.07,1.17102,0.0,0.0,-3.36,0.0,EURUSD,[sl 1.17102],
191553063,186253601,2026-05-13T19:17:44+00:00,1778699864635,1,0,0,186253601,3,0.01,4701.88,0.0,0.0,0.0,0.0,XAUUSD,OV2|ab1fbd|H1|S,
191553754,186254422,2026-05-13T19:19:33+00:00,1778699973207,0,0,0,186254422,3,0.08,1.17116,0.0,0.0,0.0,0.0,EURUSD,OV2|56d211|M15|B,
191557674,186257555,2026-05-13T19:24:33+00:00,1778700273366,1,1,0,186254422,3,0.01,1.17165,0.0,0.0,0.49,0.0,EURUSD,OMEGA_PARTIAL_CL,
191558017,186257793,2026-05-13T19:24:41+00:00,1778700281692,0,1,0,186253601,4,0.01,4709.52,0.0,0.0,-7.64,0.0,XAUUSD,[sl 4709.44],
191563510,186261641,2026-05-13T19:31:57+00:00,1778700717854,1,0,0,186261641,3,0.01,4704.27,0.0,0.0,0.0,0.0,XAUUSD,OV2|cf1589|H1|S,
191565749,186263121,2026-05-13T19:38:35+00:00,1778701115100,0,1,0,186248430,4,0.1,1.42205,0.0,0.0,-0.68,0.0,XRPUSD,[sl 1.42190],
191566299,186263556,2026-05-13T19:40:16+00:00,1778701216174,1,1,0,186254422,4,0.07,1.17116,0.0,0.0,0.0,0.0,EURUSD,[sl 1.17116],
191568170,186264886,2026-05-13T19:43:16+00:00,1778701396079,1,0,0,186264886,3,0.1,1.4216,0.0,0.0,0.0,0.0,XRPUSD,OV2|408562|H1|S,
191569498,186265853,2026-05-13T19:46:54+00:00,1778701614438,0,1,0,186251816,3,0.01,1.35171,0.0,0.0,0.51,0.0,GBPUSD,OMEGA_PARTIAL_CL,
191569717,186266023,2026-05-13T19:47:30+00:00,1778701650243,0,0,0,186266023,3,0.06,1.17119,0.0,0.0,0.0,0.0,EURUSD,OV2|ba8f49|M15|B,
191571504,186267342,2026-05-13T19:51:29+00:00,1778701889462,0,1,0,186261641,3,0.01,4697.74,0.0,0.0,6.53,0.0,XAUUSD,OMEGA_PARTIAL_CL,
191572047,186267715,2026-05-13T19:52:15+00:00,1778701935280,1,0,0,186267715,3,0.01,4697.32,0.0,0.0,0.0,0.0,XAUUSD,OV2|a7a398|H1|S,
191575412,186270492,2026-05-13T20:00:24+00:00,1778702424543,0,1,0,186264886,4,0.1,1.4253,0.0,0.0,-0.37,0.0,XRPUSD,[sl 1.42529],
191582841,186275839,2026-05-13T20:27:51+00:00,1778704071068,0,1,0,186227321,4,0.08,79340.96,0.0,0.0,-0.18,0.0,BTCUSD,[sl 79338.67],
191583266,186276172,2026-05-13T20:29:48+00:00,1778704188048,1,0,0,186276172,3,0.08,79301.82,0.0,0.0,0.0,0.0,BTCUSD,OV2|601593|H1|S,
191583568,186276438,2026-05-13T20:30:57+00:00,1778704257783,1,1,0,186266023,4,0.06,1.1709,0.0,0.0,-1.74,0.0,EURUSD,[sl 1.17090],
191586802,186278410,2026-05-13T20:35:12+00:00,1778704512959,0,1,0,186267715,3,0.01,4691.28,0.0,0.0,6.04,0.0,XAUUSD,OMEGA_PARTIAL_CL,
191587848,186279160,2026-05-13T20:39:47+00:00,1778704787149,1,0,0,186279160,3,0.01,4690.59,0.0,0.0,0.0,0.0,XAUUSD,OV2|f665a7|H1|S,
191590357,186280993,2026-05-13T20:50:09+00:00,1778705409302,0,1,0,186276172,4,0.08,79466.7,0.0,0.0,-13.19,0.0,BTCUSD,[sl 79463.32],
191593048,186282744,2026-05-13T20:57:08+00:00,1778705828901,1,0,0,186282744,3,0.08,79412.76,0.0,0.0,0.0,0.0,BTCUSD,OV2|b6e326|H4|S,
191595439,186284440,2026-05-13T21:01:30+00:00,1778706090455,0,1,0,186282744,4,0.08,79550.67,0.0,0.0,-11.03,0.0,BTCUSD,[sl 79549.14],
191598717,186286691,2026-05-13T21:13:19+00:00,1778706799866,1,0,0,186286691,3,0.08,79556.85,0.0,0.0,0.0,0.0,BTCUSD,OV2|715cb8|H4|S,
191600909,186288267,2026-05-13T21:20:09+00:00,1778707209287,0,1,0,186286691,4,0.08,79713.62,0.0,0.0,-12.54,0.0,BTCUSD,[sl 79713.56],
191600960,186288302,2026-05-13T21:20:30+00:00,1778707230378,0,0,0,186288302,3,0.1,1.4327,0.0,0.0,0.0,0.0,XRPUSD,OV2|83db28|M5|B,
191602563,186289392,2026-05-13T21:27:58+00:00,1778707678302,1,0,0,186289392,3,0.08,79710.37,0.0,0.0,0.0,0.0,BTCUSD,OV2|31db41|H1|S,
191606767,186292478,2026-05-13T21:42:29+00:00,1778708549509,1,1,0,186216719,4,0.06,114.557,0.0,0.0,0.0,0.0,AUDJPY,[sl 114.557],
191607339,186292920,2026-05-13T21:44:13+00:00,1778708653366,1,1,0,186288302,4,0.1,1.4285,0.0,0.0,-0.42,0.0,XRPUSD,[sl 1.42861],
191607510,186293046,2026-05-13T21:44:30+00:00,1778708670068,0,1,0,186279160,3,0.01,4686.42,0.0,0.0,4.17,0.0,XAUUSD,OMEGA_PARTIAL_CL,
191608369,186293661,2026-05-13T21:46:18+00:00,1778708778138,1,0,0,186293661,3,0.01,4684.53,0.0,0.0,0.0,0.0,XAUUSD,OV2|9e353c|M15|S,
191609787,186294583,2026-05-13T21:47:33+00:00,1778708853801,0,1,0,186289392,3,0.01,79572.34,0.0,0.0,1.38,0.0,BTCUSD,OMEGA_PARTIAL_CL,
191610322,186294925,2026-05-13T21:47:51+00:00,1778708871067,0,1,0,186293661,3,0.01,4679.09,0.0,0.0,5.44,0.0,XAUUSD,OMEGA_PARTIAL_CL,
191611273,186295615,2026-05-13T21:48:59+00:00,1778708939936,1,0,0,186295615,3,0.01,4680.73,0.0,0.0,0.0,0.0,XAUUSD,OV2|5f3598|H1|S,
191612052,186296187,2026-05-13T21:51:56+00:00,1778709116573,0,0,0,186296187,3,0.07,114.559,0.0,0.0,0.0,0.0,AUDJPY,OV2|5bbe6a|H1|B,
191613745,186297376,2026-05-13T21:57:11+00:00,1778709431180,1,0,0,186297376,3,0.1,1.17079,0.0,0.0,0.0,0.0,EURUSD,OV2|5ffbde|H1|S,
191614428,186297969,2026-05-13T22:00:39+00:00,1778709639220,0,1,0,186227684,4,0.05,184.894,0.0,0.0,-1.47,0.0,EURJPY,[sl 184.894],
191614555,186298077,2026-05-13T22:01:31+00:00,1778709691070,0,0,0,186298077,3,0.1,184.879,0.0,0.0,0.0,0.0,EURJPY,OV2|4e7aec|M15|B,
191616918,186299747,2026-05-13T22:14:38+00:00,1778710478635,0,1,0,186295615,4,0.01,4688.82,0.0,0.0,-8.09,0.0,XAUUSD,[sl 4688.73],
191617425,186300107,2026-05-13T22:16:24+00:00,1778710584408,1,0,0,186300107,3,0.01,4687.39,0.0,0.0,0.0,0.0,XAUUSD,OV2|6cff8a|M15|S,
191617919,186300422,2026-05-13T22:18:51+00:00,1778710731816,0,1,0,186251816,4,0.03,1.35225,0.0,0.0,-0.09,0.0,GBPUSD,[sl 1.35222],
191620232,186301903,2026-05-13T22:30:01+00:00,1778711401713,0,1,0,186297376,4,0.1,1.17118,0.0,0.0,-3.9,0.0,EURUSD,[sl 1.17118],
191620436,186302051,2026-05-13T22:32:12+00:00,1778711532436,0,0,0,186302051,3,0.09,1.35239,0.0,0.0,0.0,0.0,GBPUSD,OV2|8475e0|M5|B,
191620973,186302426,2026-05-13T22:34:36+00:00,1778711676199,1,0,0,186302426,3,0.09,1.171,0.0,0.0,0.0,0.0,EURUSD,OV2|816513|H1|S,
191624064,186304752,2026-05-13T22:57:22+00:00,1778713042033,1,1,0,186296187,4,0.07,114.508,0.0,0.0,-2.27,0.0,AUDJPY,[sl 114.508],
191624227,186304846,2026-05-13T22:57:54+00:00,1778713074416,1,0,0,186304846,3,0.09,114.509,0.0,0.0,0.0,0.0,AUDJPY,OV2|2ae6ad|M5|S,
191625782,186306362,2026-05-13T23:08:16+00:00,1778713696604,1,1,0,186298077,3,0.02,184.913,0.0,0.0,0.43,0.0,EURJPY,OMEGA_PARTIAL_CL,
191626265,186306710,2026-05-13T23:11:01+00:00,1778713861904,0,1,0,186289392,4,0.07,79712.52,0.0,0.0,-0.15,0.0,BTCUSD,[sl 79710.37],
191626610,186306928,2026-05-13T23:14:25+00:00,1778714065257,1,0,0,186306928,3,0.1,79614.07,0.0,0.0,0.0,0.0,BTCUSD,OV2|ef5b4b|H1|S,
191626849,186307091,2026-05-13T23:16:15+00:00,1778714175440,0,1,0,186302426,4,0.09,1.17127,0.0,0.0,-2.43,0.0,EURUSD,[sl 1.17127],
191627235,186307407,2026-05-13T23:19:03+00:00,1778714343519,1,1,0,186298077,4,0.08,184.879,0.0,0.0,0.0,0.0,EURJPY,[sl 184.879],
191627545,186307619,2026-05-13T23:22:00+00:00,1778714520477,0,1,0,186304846,4,0.09,114.579,0.0,0.0,-4.01,0.0,AUDJPY,[sl 114.579],
191627633,186307670,2026-05-13T23:23:16+00:00,1778714596491,0,0,0,186307670,3,0.07,114.584,0.0,0.0,0.0,0.0,AUDJPY,OV2|b138c6|H1|B,
191627800,186307819,2026-05-13T23:24:16+00:00,1778714656424,0,1,0,186300107,4,0.01,4692.25,0.0,0.0,-4.86,0.0,XAUUSD,[sl 4692.25],
191628156,186308001,2026-05-13T23:24:28+00:00,1778714668833,0,0,0,186308001,3,0.1,184.931,0.0,0.0,0.0,0.0,EURJPY,OV2|1e79c2|M15|B,
191631246,186310446,2026-05-14T00:03:17+00:00,1778716997151,1,1,0,186308001,4,0.1,184.728,0.0,0.7,-12.94,0.0,EURJPY,[sl 184.888],
191631327,186310512,2026-05-14T00:03:27+00:00,1778717007084,1,1,0,186307670,4,0.07,114.465,0.0,0.85,-5.31,0.0,AUDJPY,[sl 114.532],
191632355,186311212,2026-05-14T00:08:34+00:00,1778717314493,0,1,0,186306928,3,0.02,79479.53,0.0,-0.35,2.69,0.0,BTCUSD,OMEGA_PARTIAL_CL,
191632943,186311616,2026-05-14T00:16:06+00:00,1778717766805,1,0,0,186311616,3,0.1,1.4197,0.0,0.0,0.0,0.0,XRPUSD,OV2|ce5bcd|M5|S,
191633459,186312050,2026-05-14T00:24:46+00:00,1778718286729,1,1,0,186302051,4,0.09,1.35201,0.0,-0.4,-3.42,0.0,GBPUSD,[sl 1.35202],
191635964,186313305,2026-05-14T00:44:57+00:00,1778719497084,1,0,0,186313305,3,0.06,1.35229,0.0,0.0,0.0,0.0,GBPUSD,OV2|6ea47c|H4|S,
191637408,186314742,2026-05-14T01:01:00+00:00,1778720460556,0,1,0,186313305,4,0.06,1.35264,0.0,0.0,-2.1,0.0,GBPUSD,[sl 1.35264],
191637687,186314941,2026-05-14T01:01:19+00:00,1778720479476,0,0,0,186314941,3,0.04,184.943,0.0,0.0,0.0,0.0,EURJPY,OV2|0a9228|M5|B,
191638106,186315242,2026-05-14T01:02:08+00:00,1778720528150,0,0,0,186315242,3,0.05,213.473,0.0,0.0,0.0,0.0,GBPJPY,OV2|05e674|H1|B,
191638453,186315502,2026-05-14T01:03:05+00:00,1778720585886,1,0,0,186315502,3,0.08,157.809,0.0,0.0,0.0,0.0,USDJPY,OV2|81a768|M15|S,
191638952,186315877,2026-05-14T01:05:20+00:00,1778720720731,0,1,0,186306928,5,0.08,79264.46,0.0,-1.42,27.97,0.0,BTCUSD,[tp 79266.02],
191639142,186316032,2026-05-14T01:06:09+00:00,1778720769083,0,1,0,186311616,3,0.1,1.4165,0.0,0.0,0.32,0.0,XRPUSD,OMEGA_PARTIAL_CL,
191639147,186316036,2026-05-14T01:06:11+00:00,1778720771279,0,0,0,186316036,3,0.18,1.3528,0.0,0.0,0.0,0.0,GBPUSD,OV2|515c6a|M5|B,
191639432,186316349,2026-05-14T01:08:25+00:00,1778720905851,1,0,0,186316349,3,0.1,79222.34,0.0,0.0,0.0,0.0,BTCUSD,OV2|aec463|H1|S,
191640578,186317435,2026-05-14T01:14:29+00:00,1778721269071,0,0,0,186317435,3,0.08,114.568,0.0,0.0,0.0,0.0,AUDJPY,OV2|344cdc|H1|B,
191640636,186317474,2026-05-14T01:14:51+00:00,1778721291880,0,1,0,186316349,4,0.1,79386.41,0.0,0.0,-16.41,0.0,BTCUSD,[sl 79385.54],
191640963,186317741,2026-05-14T01:16:03+00:00,1778721363143,1,1,0,186316036,3,0.03,1.35308,0.0,0.0,0.84,0.0,GBPUSD,OMEGA_PARTIAL_CL,
191641456,186318047,2026-05-14T01:16:33+00:00,1778721393999,1,0,0,186318047,3,0.1,1.4179,0.0,0.0,0.0,0.0,XRPUSD,OV2|23c2de|H4|S,
191642201,186318536,2026-05-14T01:17:33+00:00,1778721453615,1,0,0,186318536,3,0.1,79319.35,0.0,0.0,0.0,0.0,BTCUSD,OV2|3729ca|H1|S,
191645041,186320553,2026-05-14T01:30:35+00:00,1778722235692,0,1,0,186318047,4,0.1,1.4224,0.0,0.0,-0.45,0.0,XRPUSD,[sl 1.42239],
191645566,186320906,2026-05-14T01:32:46+00:00,1778722366575,0,1,0,186318536,3,0.02,79210.8,0.0,0.0,2.17,0.0,BTCUSD,OMEGA_PARTIAL_CL,
191645590,186320920,2026-05-14T01:32:53+00:00,1778722373381,1,0,0,186320920,3,0.1,1.4205,0.0,0.0,0.0,0.0,XRPUSD,OV2|bb3d8f|H1|S,
191646103,186321266,2026-05-14T01:36:29+00:00,1778722589099,1,1,0,186315242,3,0.01,213.526,0.0,0.0,0.34,0.0,GBPJPY,OMEGA_PARTIAL_CL,
191647454,186322159,2026-05-14T01:41:05+00:00,1778722865500,0,1,0,186318536,4,0.08,79320.47,0.0,0.0,-0.09,0.0,BTCUSD,[sl 79319.35],
191648872,186323086,2026-05-14T01:45:27+00:00,1778723127594,1,1,0,186314941,3,0.04,184.905,0.0,0.0,-0.97,0.0,EURJPY,OMEGA_PARTIAL_CL,
191649669,186323621,2026-05-14T01:48:19+00:00,1778723299346,0,0,0,186323621,3,0.1,184.926,0.0,0.0,0.0,0.0,EURJPY,OV2|4b7ba2|M15|B,
191649823,186323725,2026-05-14T01:49:02+00:00,1778723342837,1,0,0,186323725,3,0.1,79374.4,0.0,0.0,0.0,0.0,BTCUSD,OV2|722918|H4|S,
191651437,186324820,2026-05-14T01:55:34+00:00,1778723734444,0,1,0,186320920,4,0.1,1.42445,0.0,0.0,-0.4,0.0,XRPUSD,[sl 1.42445],
191651486,186324858,2026-05-14T01:55:56+00:00,1778723756507,1,1,0,186316036,4,0.15,1.35277,0.0,0.0,-0.45,0.0,GBPUSD,[sl 1.35280],
191651938,186325174,2026-05-14T01:58:13+00:00,1778723893392,1,1,0,186315242,4,0.04,213.468,0.0,0.0,-0.13,0.0,GBPJPY,[sl 213.473],
191652368,186325884,2026-05-14T02:00:43+00:00,1778724043084,0,0,0,186325884,3,0.17,213.491,0.0,0.0,0.0,0.0,GBPJPY,OV2|7e9a99|H1|B,
191652958,186326285,2026-05-14T02:02:40+00:00,1778724160373,1,1,0,186323621,4,0.1,184.897,0.0,0.0,-1.85,0.0,EURJPY,[sl 184.897],
191654375,186327301,2026-05-14T02:08:37+00:00,1778724517894,1,1,0,186325884,4,0.17,213.435,0.0,0.0,-6.07,0.0,GBPJPY,[sl 213.439],
191654511,186327368,2026-05-14T02:09:01+00:00,1778724541153,1,1,0,186317435,4,0.08,114.539,0.0,0.0,-1.48,0.0,AUDJPY,[sl 114.540],
191656022,186328362,2026-05-14T02:14:40+00:00,1778724880292,0,0,0,186328362,3,0.15,213.496,0.0,0.0,0.0,0.0,GBPJPY,OV2|fce870|M15|B,
191656841,186328975,2026-05-14T02:18:49+00:00,1778725129247,1,1,0,186328362,4,0.15,213.441,0.0,0.0,-5.26,0.0,GBPJPY,[sl 213.441],
191659371,186330767,2026-05-14T02:29:13+00:00,1778725753530,0,1,0,186323725,3,0.02,79278.95,0.0,0.0,1.9100000000000001,0.0,BTCUSD,OMEGA_PARTIAL_CL,
191659880,186331178,2026-05-14T02:30:50+00:00,1778725850022,0,1,0,186315502,4,0.08,157.834,0.0,0.0,-1.28,0.0,USDJPY,[sl 157.826],
191661742,186332182,2026-05-14T02:34:07+00:00,1778726047824,0,0,0,186332182,3,0.14,114.509,0.0,0.0,0.0,0.0,AUDJPY,OV2|2a4479|H1|B,
191665298,186334784,2026-05-14T02:46:50+00:00,1778726810157,0,0,0,186334784,3,0.18,213.522,0.0,0.0,0.0,0.0,GBPJPY,OV2|e741d4|M5|B,
191668031,186337095,2026-05-14T03:00:45+00:00,1778727645547,0,1,0,186323725,4,0.08,79374.97,0.0,0.0,-0.05,0.0,BTCUSD,[sl 79374.40],
191669934,186338369,2026-05-14T03:02:13+00:00,1778727733675,0,0,0,186338369,3,0.2,184.976,0.0,0.0,0.0,0.0,EURJPY,OV2|cadd98|M15|B,
191670244,186338590,2026-05-14T03:03:02+00:00,1778727782816,1,0,0,186338590,3,0.1,79345.05,0.0,0.0,0.0,0.0,BTCUSD,OV2|acfeeb|H1|S,
191670817,186338959,2026-05-14T03:03:20+00:00,1778727800602,1,1,0,186338369,4,0.2,184.934,0.0,0.0,-5.35,0.0,EURJPY,[sl 184.934],
191673082,186340317,2026-05-14T03:04:20+00:00,1778727860521,1,1,0,186332182,4,0.14,114.438,0.0,0.0,-6.34,0.0,AUDJPY,[sl 114.438],
191674023,186340965,2026-05-14T03:06:10+00:00,1778727970921,1,0,0,186340965,3,0.1,1.42575,0.0,0.0,0.0,0.0,XRPUSD,OV2|0dac6a|H1|S,
191675507,186341940,2026-05-14T03:07:44+00:00,1778728064645,0,0,0,186341940,3,0.1,184.951,0.0,0.0,0.0,0.0,EURJPY,OV2|40354e|M15|B,
191675796,186342141,2026-05-14T03:08:55+00:00,1778728135108,0,0,0,186342141,3,0.12,0.72526,0.0,0.0,0.0,0.0,AUDUSD,OV2|3351b9|H4|B,
191676947,186342981,2026-05-14T03:11:37+00:00,1778728297763,1,0,0,186342981,3,0.16,1.3526799999999999,0.0,0.0,0.0,0.0,GBPUSD,OV2|24234f|H4|S,
191678002,186343762,2026-05-14T03:13:52+00:00,1778728432224,0,1,0,186338590,4,0.1,79493.35,0.0,0.0,-14.83,0.0,BTCUSD,[sl 79491.81],
191678736,186344356,2026-05-14T03:15:04+00:00,1778728504845,0,1,0,186342981,4,0.16,1.35308,0.0,0.0,-6.4,0.0,GBPUSD,[sl 1.35307],
191683115,186347332,2026-05-14T03:17:17+00:00,1778728637382,1,1,0,186342141,3,0.02,0.72565,0.0,0.0,0.78,0.0,AUDUSD,OMEGA_PARTIAL_CL,
191684407,186348300,2026-05-14T03:18:00+00:00,1778728680859,0,0,0,186348300,3,0.19,1.3532600000000001,0.0,0.0,0.0,0.0,GBPUSD,OV2|635e5e|M5|B,
191684941,186348752,2026-05-14T03:18:46+00:00,1778728726413,0,0,0,186348752,3,0.01,4705.05,0.0,0.0,0.0,0.0,XAUUSD,OV2|a993dd|H1|B,
191685173,186348912,2026-05-14T03:19:02+00:00,1778728742039,1,0,0,186348912,3,0.09,79493.86,0.0,0.0,0.0,0.0,BTCUSD,OV2|f95e51|H1|S,
191685175,186348913,2026-05-14T03:19:02+00:00,1778728742074,1,0,0,186348913,3,0.09,79496.81,0.0,0.0,0.0,0.0,BTCUSD,OV2|c36642|H1|S,
191685244,186348957,2026-05-14T03:19:06+00:00,1778728746576,0,1,0,186340965,4,0.1,1.43145,0.0,0.0,-0.57,0.0,XRPUSD,[sl 1.43080],
191685393,186349043,2026-05-14T03:19:08+00:00,1778728748111,1,1,0,186348752,4,0.01,4701.6,0.0,0.0,-3.45,0.0,XAUUSD,[sl 4701.68],
191685993,186349397,2026-05-14T03:19:30+00:00,1778728770652,1,0,0,186349397,3,0.11,114.488,0.0,0.0,0.0,0.0,AUDJPY,OV2|ade3f3|M5|S,
191686907,186350009,2026-05-14T03:20:59+00:00,1778728859406,1,0,0,186350009,3,0.1,1.42845,0.0,0.0,0.0,0.0,XRPUSD,OV2|30f5c8|H1|S,
191686968,186350059,2026-05-14T03:21:07+00:00,1778728867735,1,1,0,186342141,4,0.1,0.72526,0.0,0.0,0.0,0.0,AUDUSD,[sl 0.72526],
191687028,186350103,2026-05-14T03:21:18+00:00,1778728878466,1,1,0,186348300,4,0.19,1.35279,0.0,0.0,-8.93,0.0,GBPUSD,[sl 1.35280],
191687040,186350113,2026-05-14T03:21:21+00:00,1778728881137,1,1,0,186341940,4,0.1,184.902,0.0,0.0,-3.12,0.0,EURJPY,[sl 184.902],
191687488,186350433,2026-05-14T03:23:18+00:00,1778728998897,1,0,0,186350433,3,0.11,1.35294,0.0,0.0,0.0,0.0,GBPUSD,OV2|99810a|H4|S,
191687574,186350481,2026-05-14T03:23:53+00:00,1778729033986,0,0,0,186350481,3,0.01,4700.95,0.0,0.0,0.0,0.0,XAUUSD,OV2|104167|M15|B,
191688005,186350808,2026-05-14T03:24:47+00:00,1778729087752,0,0,0,186350808,3,0.13,0.7254,0.0,0.0,0.0,0.0,AUDUSD,OV2|cff69f|H1|B,
191688925,186351465,2026-05-14T03:27:59+00:00,1778729279128,0,0,0,186351465,3,0.18,184.909,0.0,0.0,0.0,0.0,EURJPY,OV2|36744d|M15|B,
191699367,186358448,2026-05-14T03:46:22+00:00,1778730382268,0,1,0,186348912,4,0.09,79653.5,0.0,0.0,-14.37,0.0,BTCUSD,[sl 79652.81],
191699407,186358475,2026-05-14T03:46:23+00:00,1778730383241,0,1,0,186348913,4,0.09,79657.5,0.0,0.0,-14.46,0.0,BTCUSD,[sl 79655.76],
191701403,186359776,2026-05-14T03:49:39+00:00,1778730579596,1,0,0,186359776,3,0.08,79600.8,0.0,0.0,0.0,0.0,BTCUSD,OV2|311bda|H1|S,
191704049,186361263,2026-05-14T03:50:43+00:00,1778730643758,1,1,0,186350808,4,0.13,0.72491,0.0,0.0,-6.37,0.0,AUDUSD,[sl 0.72491],
191704372,186361458,2026-05-14T03:51:18+00:00,1778730678178,0,1,0,186349397,3,0.02,114.43,0.0,0.0,0.73,0.0,AUDJPY,OMEGA_PARTIAL_CL,
191706575,186362846,2026-05-14T03:56:22+00:00,1778730982189,0,0,0,186362846,3,0.1,0.72507,0.0,0.0,0.0,0.0,AUDUSD,OV2|7a10c5|H4|B,
191706635,186362896,2026-05-14T03:56:31+00:00,1778730991636,1,1,0,186351465,3,0.03,184.943,0.0,0.0,0.65,0.0,EURJPY,OMEGA_PARTIAL_CL,
191711253,186366396,2026-05-14T04:01:36+00:00,1778731296407,0,1,0,186350009,4,0.1,1.43305,0.0,0.0,-0.46,0.0,XRPUSD,[sl 1.43300],
191711571,186366611,2026-05-14T04:02:06+00:00,1778731326571,1,1,0,186334784,3,0.03,213.569,0.0,0.0,0.88,0.0,GBPJPY,OMEGA_PARTIAL_CL,
191718718,186371101,2026-05-14T04:06:42+00:00,1778731602258,1,1,0,186350481,4,0.01,4689.54,0.0,0.0,-11.41,0.0,XAUUSD,[sl 4689.59],
191737440,186382166,2026-05-14T04:16:01+00:00,1778732161534,0,0,0,186382166,3,0.1,1.4323000000000001,0.0,0.0,0.0,0.0,XRPUSD,OV2|b5a8fb|M5|B,
191747797,186389372,2026-05-14T04:33:40+00:00,1778733220749,0,1,0,186359776,3,0.01,79489.49,0.0,0.0,1.11,0.0,BTCUSD,OMEGA_PARTIAL_CL,
191747820,186389396,2026-05-14T04:33:52+00:00,1778733232718,1,1,0,186382166,4,0.1,1.4301,0.0,0.0,-0.22,0.0,XRPUSD,[sl 1.43034],
191749370,186390555,2026-05-14T04:37:22+00:00,1778733442227,1,0,0,186390555,3,0.1,1.42685,0.0,0.0,0.0,0.0,XRPUSD,OV2|ea9781|H4|S,
191750160,186391101,2026-05-14T04:38:23+00:00,1778733503320,1,0,0,186391101,3,0.01,4687.93,0.0,0.0,0.0,0.0,XAUUSD,OV2|f61041|M15|S,
191751536,186392126,2026-05-14T04:40:55+00:00,1778733655784,0,1,0,186349397,4,0.09,114.491,0.0,0.0,-0.17,0.0,AUDJPY,[sl 114.488],
191753197,186393196,2026-05-14T04:42:24+00:00,1778733744361,1,0,0,186393196,3,0.16,114.456,0.0,0.0,0.0,0.0,AUDJPY,OV2|279666|M15|S,
191759047,186397303,2026-05-14T04:51:42+00:00,1778734302243,0,1,0,186350433,3,0.02,1.35263,0.0,0.0,0.62,0.0,GBPUSD,OMEGA_PARTIAL_CL,
191759097,186397330,2026-05-14T04:51:49+00:00,1778734309273,0,1,0,186359776,4,0.07,79603.04,0.0,0.0,-0.16,0.0,BTCUSD,[sl 79600.80],
191759498,186397606,2026-05-14T04:52:04+00:00,1778734324077,1,1,0,186362846,4,0.1,0.72462,0.0,0.0,-4.5,0.0,AUDUSD,[sl 0.72462],
191761513,186398840,2026-05-14T04:53:07+00:00,1778734387720,0,1,0,186390555,4,0.1,1.43215,0.0,0.0,-0.53,0.0,XRPUSD,[sl 1.43196],
191763225,186400034,2026-05-14T04:57:26+00:00,1778734646450,0,0,0,186400034,3,0.09,79605.68,0.0,0.0,0.0,0.0,BTCUSD,OV2|0f706e|M5|B,
191763597,186400299,2026-05-14T04:58:17+00:00,1778734697134,1,1,0,186334784,4,0.15,213.521,0.0,0.0,-0.09,0.0,GBPJPY,[sl 213.522],
191765040,186401722,2026-05-14T05:00:46+00:00,1778734846590,0,0,0,186401722,3,0.1,1.4327,0.0,0.0,0.0,0.0,XRPUSD,OV2|cc9556|M5|B,
191765430,186402021,2026-05-14T05:01:55+00:00,1778734915858,0,1,0,186393196,3,0.03,114.414,0.0,0.0,0.8,0.0,AUDJPY,OMEGA_PARTIAL_CL,
191766354,186402668,2026-05-14T05:03:16+00:00,1778734996425,0,1,0,186393196,4,0.13,114.456,0.0,0.0,0.0,0.0,AUDJPY,[sl 114.456],
191768186,186403929,2026-05-14T05:07:57+00:00,1778735277606,1,0,0,186403929,3,0.14,114.449,0.0,0.0,0.0,0.0,AUDJPY,OV2|cf8b67|M15|S,
191769251,186404647,2026-05-14T05:11:33+00:00,1778735493862,0,0,0,186404647,3,0.2,157.927,0.0,0.0,0.0,0.0,USDJPY,OV2|44f526|H1|B,
191772043,186406619,2026-05-14T05:22:51+00:00,1778736171390,0,0,0,186406619,3,0.11,0.72481,0.0,0.0,0.0,0.0,AUDUSD,OV2|a63e4e|H4|B,
191774806,186408625,2026-05-14T05:32:19+00:00,1778736739654,0,1,0,186403929,4,0.14,114.525,0.0,0.0,-6.78,0.0,AUDJPY,[sl 114.525],
191775828,186409270,2026-05-14T05:33:01+00:00,1778736781596,0,1,0,186391101,4,0.01,4697.32,0.0,0.0,-9.39,0.0,XAUUSD,[sl 4697.31],
191781310,186412673,2026-05-14T05:41:41+00:00,1778737301021,1,1,0,186401722,4,0.1,1.42825,0.0,0.0,-0.45,0.0,XRPUSD,[sl 1.42825],
191784582,186414748,2026-05-14T05:47:32+00:00,1778737652686,1,1,0,186400034,4,0.09,79478.16,0.0,0.0,-11.48,0.0,BTCUSD,[sl 79478.82],
191803151,186427256,2026-05-14T06:28:38+00:00,1778740118189,0,1,0,186350433,4,0.09,1.35294,0.0,0.0,0.0,0.0,GBPUSD,[sl 1.35294],
191820670,186438943,2026-05-14T07:05:37+00:00,1778742337434,1,1,0,186404647,4,0.2,157.88,0.0,0.0,-5.99,0.0,USDJPY,[sl 157.881],
191820676,186438948,2026-05-14T07:05:38+00:00,1778742338125,1,1,0,186351465,4,0.15,184.908,0.0,0.0,-0.1,0.0,EURJPY,[sl 184.909],
191935157,186517533,2026-05-14T10:58:39+00:00,1778756319339,1,1,0,186406619,4,0.11,0.72442,0.0,0.0,-4.29,0.0,AUDUSD,[sl 0.72443],
192114363,186647448,2026-05-14T16:52:34+00:00,1778777554018,1,0,0,186647448,3,0.01,4681.56,0.0,0.0,0.0,0.0,XAUUSD,OV2|dba5ba|H1|S,
192140136,186666019,2026-05-14T17:20:46+00:00,1778779246033,0,1,0,186647448,4,0.01,4699.88,0.0,0.0,-18.32,0.0,XAUUSD,[sl 4699.86],
192179926,186695342,2026-05-14T18:13:08+00:00,1778782388164,1,0,0,186695342,3,0.06,1.16729,0.0,0.0,0.0,0.0,EURUSD,OV2|13d923|H1|S,
192182468,186697616,2026-05-14T18:17:02+00:00,1778782622563,0,0,0,186697616,3,0.1,158.162,0.0,0.0,0.0,0.0,USDJPY,OV2|93adf3|M15|B,
192182768,186697900,2026-05-14T18:17:28+00:00,1778782648529,1,0,0,186697900,3,0.07,184.614,0.0,0.0,0.0,0.0,EURJPY,OV2|4207e3|H1|S,
192185935,186700354,2026-05-14T18:23:37+00:00,1778783017302,1,0,0,186700354,3,0.05,213.178,0.0,0.0,0.0,0.0,GBPJPY,OV2|9d18fd|H1|S,
192192012,186704800,2026-05-14T18:42:19+00:00,1778784139754,0,1,0,186700354,3,0.01,213.077,0.0,0.0,0.64,0.0,GBPJPY,OMEGA_PARTIAL_CL,
192194643,186706770,2026-05-14T18:50:13+00:00,1778784613369,1,1,0,186697616,4,0.1,158.094,0.0,0.0,-4.33,0.0,USDJPY,[sl 158.094],
192196684,186708183,2026-05-14T18:56:34+00:00,1778784994815,0,1,0,186695342,4,0.06,1.16783,0.0,0.0,-3.24,0.0,EURUSD,[sl 1.16782],
192197099,186708449,2026-05-14T18:56:59+00:00,1778785019274,1,0,0,186708449,3,0.07,1.34786,0.0,0.0,0.0,0.0,GBPUSD,OV2|7fdea3|H1|S,
192197708,186708877,2026-05-14T18:59:07+00:00,1778785147200,0,0,0,186708877,3,0.18,158.102,0.0,0.0,0.0,0.0,USDJPY,OV2|47b732|H1|B,
192203926,186713442,2026-05-14T19:08:42+00:00,1778785722202,0,1,0,186708449,3,0.01,1.3471199999999999,0.0,0.0,0.74,0.0,GBPUSD,OMEGA_PARTIAL_CL,
192205544,186714570,2026-05-14T19:11:39+00:00,1778785899204,1,1,0,186708877,3,0.03,158.139,0.0,0.0,0.7,0.0,USDJPY,OMEGA_PARTIAL_CL,
192206904,186715572,2026-05-14T19:14:36+00:00,1778786076104,0,1,0,186697900,4,0.07,184.686,0.0,0.0,-3.21,0.0,EURJPY,[sl 184.686],
192207341,186715937,2026-05-14T19:15:46+00:00,1778786146736,0,1,0,186700354,5,0.04,212.86,0.0,0.0,7.99,0.0,GBPJPY,[tp 212.861],
192208238,186716553,2026-05-14T19:17:07+00:00,1778786227279,1,0,0,186716553,3,0.05,212.767,0.0,0.0,0.0,0.0,GBPJPY,OV2|453dd6|H1|S,
192208393,186716680,2026-05-14T19:17:25+00:00,1778786245363,0,0,0,186716680,3,0.01,50164.3,0.0,0.0,0.0,0.0,US30,OV2|3e1d82|M15|B,
192209275,186717358,2026-05-14T19:19:00+00:00,1778786340756,1,0,0,186717358,3,0.11,1.16783,0.0,0.0,0.0,0.0,EURUSD,OV2|b0d5e6|H1|S,
192213064,186720240,2026-05-14T19:26:58+00:00,1778786818992,1,1,0,186716680,4,0.01,50075.5,0.0,0.0,-0.89,0.0,US30,[sl 50075.75],
192213549,186720599,2026-05-14T19:28:27+00:00,1778786907226,1,0,0,186720599,3,0.01,4676.01,0.0,0.0,0.0,0.0,XAUUSD,OV2|d02d0b|H1|S,
192213993,186720946,2026-05-14T19:29:43+00:00,1778786983450,0,1,0,186717358,3,0.02,1.1674,0.0,0.0,0.86,0.0,EURUSD,OMEGA_PARTIAL_CL,
192214841,186721676,2026-05-14T19:32:14+00:00,1778787134305,0,0,0,186721676,3,0.1,114.202,0.0,0.0,0.0,0.0,AUDJPY,OV2|e15fdf|H4|B,
192214917,186721734,2026-05-14T19:32:35+00:00,1778787155400,1,0,0,186721734,3,0.12,184.653,0.0,0.0,0.0,0.0,EURJPY,OV2|efce9f|H1|S,
192216652,186722958,2026-05-14T19:35:19+00:00,1778787319740,0,1,0,186716553,3,0.01,212.621,0.0,0.0,0.91,0.0,GBPJPY,OMEGA_PARTIAL_CL,
192218424,186724112,2026-05-14T19:37:01+00:00,1778787421212,0,0,0,186724112,3,0.01,50069.8,0.0,0.0,0.0,0.0,US30,OV2|8f511a|H1|B,
192221747,186726561,2026-05-14T19:44:51+00:00,1778787891379,0,1,0,186708449,5,0.06,1.34334,0.0,0.0,27.12,0.0,GBPUSD,[tp 1.34336],
192226249,186729852,2026-05-14T19:55:06+00:00,1778788506324,1,1,0,186724112,4,0.01,49983.5,0.0,0.0,-0.86,0.0,US30,[sl 49984.18],
192227067,186730501,2026-05-14T19:57:36+00:00,1778788656045,1,0,0,186730501,3,0.01,49995.5,0.0,0.0,0.0,0.0,US30,OV2|540f75|M5|S,
192229632,186732552,2026-05-14T20:01:48+00:00,1778788908256,0,1,0,186717358,4,0.09,1.16783,0.0,0.0,0.0,0.0,EURUSD,[sl 1.16783],
192231881,186734120,2026-05-14T20:06:27+00:00,1778789187001,1,0,0,186734120,3,0.05,1.34409,0.0,0.0,0.0,0.0,GBPUSD,OV2|75fd45|H1|S,
192233271,186735149,2026-05-14T20:10:39+00:00,1778789439989,0,1,0,186721734,4,0.12,184.724,0.0,0.0,-5.42,0.0,EURJPY,[sl 184.724],
192233524,186735335,2026-05-14T20:11:46+00:00,1778789506609,1,1,0,186721676,3,0.02,114.257,0.0,0.0,0.7,0.0,AUDJPY,OMEGA_PARTIAL_CL,
192233699,186735459,2026-05-14T20:12:54+00:00,1778789574189,1,0,0,186735459,3,0.13,184.695,0.0,0.0,0.0,0.0,EURJPY,OV2|da5ccc|H1|S,
192235845,186737065,2026-05-14T20:19:49+00:00,1778789989243,0,1,0,186734120,3,0.01,1.34317,0.0,0.0,0.92,0.0,GBPUSD,OMEGA_PARTIAL_CL,
192236375,186737463,2026-05-14T20:21:14+00:00,1778790074274,0,1,0,186720599,4,0.01,4682.14,0.0,0.0,-6.13,0.0,XAUUSD,[sl 4682.14],
192237626,186738358,2026-05-14T20:24:03+00:00,1778790243319,0,1,0,186716553,5,0.04,212.414,0.0,0.0,8.88,0.0,GBPJPY,[tp 212.415],
192237726,186738452,2026-05-14T20:24:18+00:00,1778790258695,1,0,0,186738452,3,0.05,212.404,0.0,0.0,0.0,0.0,GBPJPY,OV2|fdc3f1|H4|S,
192238586,186739109,2026-05-14T20:27:23+00:00,1778790443492,1,1,0,186721676,4,0.08,114.201,0.0,0.0,-0.05,0.0,AUDJPY,[sl 114.202],
192241907,186741604,2026-05-14T20:36:06+00:00,1778790966004,0,0,0,186741604,3,0.12,0.72247,0.0,0.0,0.0,0.0,AUDUSD,OV2|b66659|M5|B,
192242522,186742115,2026-05-14T20:39:40+00:00,1778791180379,1,0,0,186742115,3,0.01,4678.76,0.0,0.0,0.0,0.0,XAUUSD,OV2|c1ff78|H1|S,
192242627,186742207,2026-05-14T20:40:02+00:00,1778791202282,0,1,0,186738452,3,0.01,212.303,0.0,0.0,0.64,0.0,GBPJPY,OMEGA_PARTIAL_CL,
192242649,186742224,2026-05-14T20:40:07+00:00,1778791207262,0,1,0,186735459,4,0.13,184.75,0.0,0.0,-4.55,0.0,EURJPY,[sl 184.750],
192244173,186743406,2026-05-14T20:45:23+00:00,1778791523363,0,1,0,186730501,4,0.01,50072.35,0.0,0.0,-0.77,0.0,US30,[sl 50071.48],
192245141,186744044,2026-05-14T20:47:36+00:00,1778791656610,0,0,0,186744044,3,0.01,50078.35,0.0,0.0,0.0,0.0,US30,OV2|47a620|H1|B,
192245918,186744648,2026-05-14T20:52:50+00:00,1778791970149,1,1,0,186741604,4,0.12,0.72247,0.0,0.0,0.0,0.0,AUDUSD,[sl 0.72247],
192246071,186744752,2026-05-14T20:53:04+00:00,1778791984156,1,0,0,186744752,3,0.16,1.16794,0.0,0.0,0.0,0.0,EURUSD,OV2|06c68e|H1|S,
192246238,186744940,2026-05-14T20:54:25+00:00,1778792065267,1,1,0,186744044,4,0.01,50035.55,0.0,0.0,-0.43,0.0,US30,[sl 50035.65],
192246646,186745345,2026-05-14T20:56:42+00:00,1778792202767,0,1,0,186742115,3,0.01,4678.31,0.0,0.0,0.45,0.0,XAUUSD,PSA_CLOSE_AGRESS,
192246647,186745346,2026-05-14T20:56:42+00:00,1778792202796,0,1,0,186744752,3,0.16,1.16785,0.0,0.0,1.44,0.0,EURUSD,PSA_CLOSE_AGRESS,
192247369,186746056,2026-05-14T21:00:21+00:00,1778792421951,0,1,0,186738452,5,0.04,212.146,0.0,0.0,6.48,0.0,GBPJPY,[tp 212.146],
192254608,186751853,2026-05-14T21:16:56+00:00,1778793416683,0,1,0,186734120,5,0.04,1.33958,0.0,0.0,18.04,0.0,GBPUSD,[tp 1.33959],
192257688,186754184,2026-05-14T21:35:54+00:00,1778794554333,0,0,0,186754184,3,0.02,7501.35,0.0,0.0,0.0,0.0,US500,OV2|eab523|H1|B,
192257782,186754241,2026-05-14T21:36:46+00:00,1778794606239,0,0,0,186754241,3,0.1,102.79,0.0,0.0,0.0,0.0,UKOIL+,OV2|efd8a8|M15|B,
192258340,186754636,2026-05-14T21:38:30+00:00,1778794710975,1,0,0,186754636,3,0.25,1.16748,0.0,0.0,0.0,0.0,EURUSD,OV2|7ca159|H1|S,
192258394,186754673,2026-05-14T21:38:45+00:00,1778794725582,1,0,0,186754673,3,0.2,0.59162,0.0,0.0,0.0,0.0,NZDUSD,OV2|d49c61|M15|S,
192259523,186755414,2026-05-14T21:42:13+00:00,1778794933807,0,0,0,186755414,3,0.2,1.37283,0.0,0.0,0.0,0.0,USDCAD,OV2|284756|H1|B,
192259941,186755691,2026-05-14T21:44:16+00:00,1778795056477,0,0,0,186755691,3,0.1,0.11783,0.0,0.0,0.0,0.0,DOGUSD,OV2|18d3a9|H1|B,
192260327,186755964,2026-05-14T21:45:23+00:00,1778795123748,0,1,0,186754673,4,0.2,0.59184,0.0,0.0,-4.4,0.0,NZDUSD,[sl 0.59183],
192261257,186756599,2026-05-14T21:47:04+00:00,1778795224346,1,1,0,186754241,3,0.03,102.96,0.0,0.0,0.51,0.0,UKOIL+,OMEGA_PARTIAL_CL,
192261465,186756738,2026-05-14T21:47:48+00:00,1778795268810,1,1,0,186755414,4,0.2,1.37253,0.0,0.0,-4.4,0.0,USDCAD,[sl 1.37254],
192261624,186756877,2026-05-14T21:49:10+00:00,1778795350446,0,1,0,186754636,4,0.25,1.1677,0.0,0.0,-5.5,0.0,EURUSD,[sl 1.16770],
192261975,186757108,2026-05-14T21:51:27+00:00,1778795487917,1,0,0,186757108,3,0.14,114.264,0.0,0.0,0.0,0.0,AUDJPY,OV2|3b1fcf|H1|S,
192262246,186757286,2026-05-14T21:53:48+00:00,1778795628985,1,1,0,186755691,4,0.1,0.11691,0.0,0.0,-0.09,0.0,DOGUSD,[sl 0.11693],
192262482,186757466,2026-05-14T21:55:44+00:00,1778795744601,0,1,0,186757108,4,0.14,114.291,0.0,0.0,-2.4,0.0,AUDJPY,[sl 114.291],
192262604,186757556,2026-05-14T21:56:29+00:00,1778795789619,1,1,0,186754241,4,0.07,102.79,0.0,0.0,-0.0,0.0,UKOIL+,[sl 102.79],
192262776,186757687,2026-05-14T21:57:24+00:00,1778795844981,0,0,0,186757687,3,0.1,0.11787,0.0,0.0,0.0,0.0,DOGUSD,OV2|17ec6f|H1|B,
192263141,186757982,2026-05-14T21:58:46+00:00,1778795926625,0,0,0,186757982,3,0.1,102.87,0.0,0.0,0.0,0.0,UKOIL+,OV2|ab893c|M15|B,
192263853,186758604,2026-05-14T22:01:34+00:00,1778796094012,1,1,0,186754184,3,0.01,7507.95,0.0,0.0,0.07,0.0,US500,OMEGA_PARTIAL_CL,
192264463,186759092,2026-05-14T22:04:50+00:00,1778796290504,1,0,0,186759092,3,0.14,114.271,0.0,0.0,0.0,0.0,AUDJPY,OV2|5592b4|H1|S,
192264762,186759290,2026-05-14T22:06:15+00:00,1778796375941,0,0,0,186759290,3,0.2,1.37259,0.0,0.0,0.0,0.0,USDCAD,OV2|a3d3cb|H1|B,
192264821,186759334,2026-05-14T22:06:36+00:00,1778796396085,1,0,0,186759334,3,0.05,4667.5,0.0,0.0,0.0,0.0,XAUUSD,OV2|2fbc2d|H1|S,
192265567,186759826,2026-05-14T22:10:18+00:00,1778796618341,0,1,0,186759092,4,0.14,114.299,0.0,0.0,-2.49,0.0,AUDJPY,[sl 114.298],
192265724,186759933,2026-05-14T22:11:54+00:00,1778796714873,0,0,0,186759933,3,0.1,97.45,0.0,0.0,0.0,0.0,USOIL+,OV2|9161e0|M15|B,
192265836,186760017,2026-05-14T22:13:00+00:00,1778796780869,1,1,0,186757687,4,0.1,0.11714,0.0,0.0,-0.07,0.0,DOGUSD,[sl 0.11714],
192265944,186760093,2026-05-14T22:13:48+00:00,1778796828378,0,0,0,186760093,3,0.1,103.04,0.0,0.0,0.0,0.0,UKOIL+,OV2|ae8008|M15|B,
192266198,186760293,2026-05-14T22:15:35+00:00,1778796935240,1,1,0,186757982,3,0.03,103.0,0.0,0.0,0.39,0.0,UKOIL+,OMEGA_PARTIAL_CL,
192267024,186760854,2026-05-14T22:19:47+00:00,1778797187941,0,0,0,186760854,3,0.1,97.56,0.0,0.0,0.0,0.0,USOIL+,OV2|bd4633|M15|B,
192267035,186760859,2026-05-14T22:19:54+00:00,1778797194137,0,0,0,186760859,3,0.2,1.37267,0.0,0.0,0.0,0.0,USDCAD,OV2|c1a7ad|H1|B,
192267560,186761220,2026-05-14T22:22:54+00:00,1778797374837,1,1,0,186760854,4,0.1,97.41,0.0,0.0,-1.5,0.0,USOIL+,[sl 97.42],
192267624,186761277,2026-05-14T22:23:23+00:00,1778797403435,1,1,0,186760093,4,0.1,102.91,0.0,0.0,-1.3,0.0,UKOIL+,[sl 102.91],
192268451,186761847,2026-05-14T22:28:51+00:00,1778797731872,1,0,0,186761847,3,0.22,212.184,0.0,0.0,0.0,0.0,GBPJPY,OV2|7d4792|H4|S,
192270169,186762924,2026-05-14T22:30:16+00:00,1778797816259,1,1,0,186754184,4,0.01,7501.15,0.0,0.0,-0.0,0.0,US500,[sl 7501.35],
192270736,186763305,2026-05-14T22:31:57+00:00,1778797917934,0,0,0,186763305,3,0.03,7506.55,0.0,0.0,0.0,0.0,US500,OV2|1d6ae4|H1|B,
192271243,186763631,2026-05-14T22:32:50+00:00,1778797970202,0,0,0,186763631,3,0.25,158.299,0.0,0.0,0.0,0.0,USDJPY,OV2|61541e|H1|B,
192271954,186764137,2026-05-14T22:35:56+00:00,1778798156497,0,1,0,186759334,3,0.01,4663.72,0.0,0.0,3.7800000000000002,0.0,XAUUSD,OMEGA_PARTIAL_CL,
192271955,186764138,2026-05-14T22:35:56+00:00,1778798156634,1,1,0,186759933,3,0.03,97.62,0.0,0.0,0.51,0.0,USOIL+,OMEGA_PARTIAL_CL,
192272020,186764180,2026-05-14T22:36:19+00:00,1778798179483,1,1,0,186760859,4,0.2,1.37243,0.0,0.0,-3.52,0.0,USDCAD,[sl 1.37246],
192272709,186764676,2026-05-14T22:38:47+00:00,1778798327574,0,1,0,186759334,5,0.04,4659.71,0.0,0.0,31.16,0.0,XAUUSD,[tp 4660.02],
192273369,186765024,2026-05-14T22:39:01+00:00,1778798341965,1,0,0,186765024,3,0.19,114.299,0.0,0.0,0.0,0.0,AUDJPY,OV2|7ffd7e|H1|S,
192273610,186765174,2026-05-14T22:39:41+00:00,1778798381955,0,0,0,186765174,3,0.1,97.69,0.0,0.0,0.0,0.0,USOIL+,OV2|27b626|H1|B,
192273869,186765363,2026-05-14T22:40:35+00:00,1778798435355,1,1,0,186708877,5,0.15,158.312,0.0,0.0,19.78,0.0,USDJPY,[tp 158.312],
192274360,186765743,2026-05-14T22:41:23+00:00,1778798483117,0,0,0,186765743,3,0.25,158.346,0.0,0.0,0.0,0.0,USDJPY,OV2|0c18af|H1|B,
192275202,186766233,2026-05-14T22:41:40+00:00,1778798500520,1,0,0,186766233,3,0.25,212.113,0.0,0.0,0.0,0.0,GBPJPY,OV2|9e8144|H4|S,
192275603,186766512,2026-05-14T22:42:45+00:00,1778798565985,0,1,0,186761847,3,0.06,212.143,0.0,0.0,1.54,0.0,GBPJPY,OMEGA_PARTIAL_CL,
192276260,186767010,2026-05-14T22:44:31+00:00,1778798671569,0,0,0,186767010,3,0.03,7506.35,0.0,0.0,0.0,0.0,US500,OV2|1b05cc|H1|B,
192277040,186767553,2026-05-14T22:46:30+00:00,1778798790504,0,1,0,186766233,4,0.25,212.173,0.0,0.0,-9.53,0.0,GBPJPY,[sl 212.173],
192277154,186767629,2026-05-14T22:46:57+00:00,1778798817719,1,0,0,186767629,3,0.19,114.297,0.0,0.0,0.0,0.0,AUDJPY,OV2|464074|H1|S,
192277235,186767685,2026-05-14T22:47:13+00:00,1778798833642,0,1,0,186761847,4,0.16,212.184,0.0,0.0,0.0,0.0,GBPJPY,[sl 212.184],
192277459,186767839,2026-05-14T22:47:34+00:00,1778798854970,0,0,0,186767839,3,0.02,50073.85,0.0,0.0,0.0,0.0,US30,OV2|29cef4|H1|B,
192277812,186768090,2026-05-14T22:48:24+00:00,1778798904164,1,0,0,186768090,3,0.05,4653.88,0.0,0.0,0.0,0.0,XAUUSD,OV2|98ecb2|H1|S,
192278132,186768309,2026-05-14T22:48:58+00:00,1778798938763,0,1,0,186768090,4,0.05,4656.65,0.0,0.0,-13.85,0.0,XAUUSD,[sl 4656.65],
192278316,186768435,2026-05-14T22:49:23+00:00,1778798963691,1,1,0,186763631,3,0.06,158.341,0.0,0.0,1.58,0.0,USDJPY,OMEGA_PARTIAL_CL,
192278448,186768535,2026-05-14T22:50:01+00:00,1778799001598,1,1,0,186763305,4,0.03,7501.65,0.0,0.0,-0.15,0.0,US500,[sl 7501.89],
192278449,186768536,2026-05-14T22:50:01+00:00,1778799001598,1,1,0,186767010,4,0.03,7501.65,0.0,0.0,-0.14,0.0,US500,[sl 7501.83],
192278466,186768547,2026-05-14T22:50:06+00:00,1778799006277,1,1,0,186759290,4,0.2,1.37264,0.0,0.0,0.73,0.0,USDCAD,[sl 1.37264],
192278550,186768601,2026-05-14T22:50:44+00:00,1778799044836,1,1,0,186767839,4,0.02,50043.55,0.0,0.0,-0.61,0.0,US30,[sl 50043.80],
192279848,186769546,2026-05-14T22:55:29+00:00,1778799329953,0,1,0,186767629,4,0.19,114.333,0.0,0.0,-4.35,0.0,AUDJPY,[sl 114.333],
192279874,186769562,2026-05-14T22:55:35+00:00,1778799335016,0,1,0,186765024,4,0.19,114.335,0.0,0.0,-4.35,0.0,AUDJPY,[sl 114.335],
192280946,186770346,2026-05-14T22:58:56+00:00,1778799536970,1,0,0,186770346,3,0.25,212.195,0.0,0.0,0.0,0.0,GBPJPY,OV2|7242cd|H4|S,
192281008,186770386,2026-05-14T22:59:11+00:00,1778799551501,0,0,0,186770386,3,0.21,115.42,0.0,0.0,0.0,0.0,CADJPY,OV2|0a1f0e|H1|B,
192281042,186770412,2026-05-14T22:59:34+00:00,1778799574733,0,0,0,186770412,3,0.1,103.41,0.0,0.0,0.0,0.0,UKOIL+,OV2|aeb6e3|M15|B,
192281855,186771373,2026-05-14T23:03:07+00:00,1778799787667,1,1,0,186765174,3,0.03,97.84,0.0,0.0,0.45,0.0,USOIL+,OMEGA_PARTIAL_CL,
192281856,186771374,2026-05-14T23:03:07+00:00,1778799787753,1,1,0,186770386,3,0.21,115.387,0.0,0.0,-4.41,0.0,CADJPY,OMEGA_PARTIAL_CL,
192283669,186772524,2026-05-14T23:05:15+00:00,1778799915614,1,1,0,186770412,4,0.1,103.34,0.0,0.0,-0.7,0.0,UKOIL+,[sl 103.35],
192283792,186772607,2026-05-14T23:05:39+00:00,1778799939098,0,0,0,186772607,3,0.25,115.408,0.0,0.0,0.0,0.0,CADJPY,OV2|54bdd4|H1|B,
192285217,186773600,2026-05-14T23:13:14+00:00,1778800394152,1,0,0,186773600,3,0.25,212.167,0.0,0.0,0.0,0.0,GBPJPY,OV2|62e30e|H4|S,
192285830,186774067,2026-05-14T23:16:43+00:00,1778800603011,1,0,0,186774067,3,0.05,4648.85,0.0,0.0,0.0,0.0,XAUUSD,OV2|6f15e0|H1|S,
192286095,186774168,2026-05-14T23:17:14+00:00,1778800634900,1,1,0,186765743,3,0.06,158.381,0.0,0.0,1.32,0.0,USDJPY,OMEGA_PARTIAL_CL,
192286603,186774503,2026-05-14T23:22:32+00:00,1778800952953,1,0,0,186774503,3,0.05,4648.47,0.0,0.0,0.0,0.0,XAUUSD,OV2|54b7cc|H4|S,
192287522,186775078,2026-05-14T23:26:25+00:00,1778801185939,0,1,0,186773600,4,0.25,212.217,0.0,0.0,-7.94,0.0,GBPJPY,[sl 212.215],
192287527,186775082,2026-05-14T23:26:31+00:00,1778801191130,0,1,0,186770346,4,0.25,212.229,0.0,0.0,-5.4,0.0,GBPJPY,[sl 212.229],
192288051,186775445,2026-05-14T23:30:45+00:00,1778801445942,1,1,0,186772607,3,0.06,115.432,0.0,0.0,0.9,0.0,CADJPY,OMEGA_PARTIAL_CL,
192288141,186775510,2026-05-14T23:31:41+00:00,1778801501186,0,0,0,186775510,3,0.2,114.359,0.0,0.0,0.0,0.0,AUDJPY,OV2|996bf0|M15|B,
192288152,186775521,2026-05-14T23:32:01+00:00,1778801521269,0,0,0,186775521,3,0.2,114.353,0.0,0.0,0.0,0.0,AUDJPY,OV2|787746|M15|B,
192288277,186775609,2026-05-14T23:33:05+00:00,1778801585994,0,0,0,186775609,3,0.16,1.3723,0.0,0.0,0.0,0.0,USDCAD,OV2|aa607c|H4|B,
192288293,186775622,2026-05-14T23:33:16+00:00,1778801596074,0,0,0,186775622,3,0.1,0.1156,0.0,0.0,0.0,0.0,DOGUSD,OV2|7de30c|H1|B,
192288607,186775865,2026-05-14T23:36:08+00:00,1778801768364,1,1,0,186775609,3,0.16,1.3719700000000001,0.0,0.0,-3.87,0.0,USDCAD,OMEGA_PARTIAL_CL,
192288679,186775924,2026-05-14T23:37:01+00:00,1778801821505,1,1,0,186775622,4,0.1,0.11506,0.0,0.0,-0.05,0.0,DOGUSD,[sl 0.11507],
192289582,186776540,2026-05-14T23:39:09+00:00,1778801949470,0,0,0,186776540,3,0.03,50053.8,0.0,0.0,0.0,0.0,US30,OV2|5783c3|H1|B,
192289629,186776575,2026-05-14T23:39:24+00:00,1778801964621,1,0,0,186776575,3,0.18,212.211,0.0,0.0,0.0,0.0,GBPJPY,OV2|dd5adf|H4|S,
192289645,186776588,2026-05-14T23:39:29+00:00,1778801969332,0,0,0,186776588,3,0.03,50055.3,0.0,0.0,0.0,0.0,US30,OV2|4228ec|H1|B,
192289699,186776622,2026-05-14T23:39:45+00:00,1778801985435,1,0,0,186776622,3,0.22,212.214,0.0,0.0,0.0,0.0,GBPJPY,OV2|2f2c32|H4|S,
192290672,186777379,2026-05-14T23:42:01+00:00,1778802121159,0,1,0,186774067,4,0.05,4651.58,0.0,0.0,-13.65,0.0,XAUUSD,[sl 4651.50],
192290673,186777380,2026-05-14T23:42:01+00:00,1778802121160,0,1,0,186774503,4,0.05,4651.58,0.0,0.0,-15.55,0.0,XAUUSD,[sl 4651.50],
192291669,186778158,2026-05-14T23:44:48+00:00,1778802288742,0,1,0,186776575,4,0.18,212.259,0.0,0.0,-5.48,0.0,GBPJPY,[sl 212.254],
192291670,186778159,2026-05-14T23:44:48+00:00,1778802288743,0,1,0,186776622,4,0.22,212.259,0.0,0.0,-6.29,0.0,GBPJPY,[sl 212.257],
192291784,186778243,2026-05-14T23:45:34+00:00,1778802334627,1,0,0,186778243,3,0.04,4650.73,0.0,0.0,0.0,0.0,XAUUSD,OV2|540100|H1|S,
192291785,186778244,2026-05-14T23:45:34+00:00,1778802334697,1,0,0,186778244,3,0.04,4650.71,0.0,0.0,0.0,0.0,XAUUSD,OV2|234adb|H1|S,
192291808,186778256,2026-05-14T23:45:45+00:00,1778802345770,0,0,0,186778256,3,0.25,202.096,0.0,0.0,0.0,0.0,CHFJPY,OV2|559804|H1|B,
192291809,186778257,2026-05-14T23:45:45+00:00,1778802345919,0,0,0,186778257,3,0.25,202.096,0.0,0.0,0.0,0.0,CHFJPY,OV2|d84c49|H1|B,
192292291,186778608,2026-05-14T23:49:39+00:00,1778802579937,0,0,0,186778608,3,0.1,81351.37,0.0,0.0,0.0,0.0,BTCUSD,OV2|76be43|H1|B,
192292295,186778611,2026-05-14T23:49:39+00:00,1778802579985,0,0,0,186778611,3,0.1,81351.37,0.0,0.0,0.0,0.0,BTCUSD,OV2|661327|H1|B,
192292831,186779071,2026-05-14T23:53:21+00:00,1778802801031,0,0,0,186779071,3,0.18,1.37204,0.0,0.0,0.0,0.0,USDCAD,OV2|1cb2df|H4|B,
192292832,186779072,2026-05-14T23:53:21+00:00,1778802801236,0,0,0,186779072,3,0.18,1.37204,0.0,0.0,0.0,0.0,USDCAD,OV2|252829|H4|B,
192292930,186779145,2026-05-14T23:54:06+00:00,1778802846995,1,1,0,186778608,3,0.03,81442.4,0.0,0.0,2.73,0.0,BTCUSD,OMEGA_PARTIAL_CL,
192292931,186779146,2026-05-14T23:54:07+00:00,1778802847243,1,1,0,186778608,3,0.03,81442.4,0.0,0.0,2.73,0.0,BTCUSD,OMEGA_PARTIAL_CL,
192293362,186779527,2026-05-14T23:57:12+00:00,1778803032557,1,1,0,186778256,4,0.25,202.06,0.0,0.0,-5.71,0.0,CHFJPY,[sl 202.061],
192293363,186779528,2026-05-14T23:57:12+00:00,1778803032557,1,1,0,186778257,4,0.25,202.06,0.0,0.0,-5.71,0.0,CHFJPY,[sl 202.061],
192293842,186779859,2026-05-15T00:03:29+00:00,1778803409989,1,1,0,186765743,4,0.19,158.344,0.0,1.1,-0.24,0.0,USDJPY,[sl 158.346],
192293846,186779865,2026-05-15T00:03:30+00:00,1778803410023,1,1,0,186775510,4,0.2,114.302,0.0,0.8,-7.24,0.0,AUDJPY,[sl 114.340],
192293847,186779866,2026-05-15T00:03:30+00:00,1778803410024,1,1,0,186775521,4,0.2,114.302,0.0,0.8,-6.48,0.0,AUDJPY,[sl 114.342],
192293851,186779868,2026-05-15T00:03:30+00:00,1778803410186,1,1,0,186772607,4,0.19,115.372,0.0,0.29,-4.35,0.0,CADJPY,[sl 115.408],
192294093,186780055,2026-05-15T00:07:31+00:00,1778803651626,0,0,0,186780055,3,0.1,1.50505,0.0,0.0,0.0,0.0,XRPUSD,OV2|7e72bb|H4|B,
192294094,186780056,2026-05-15T00:07:31+00:00,1778803651703,0,0,0,186780056,3,0.1,1.50505,0.0,0.0,0.0,0.0,XRPUSD,OV2|0f8432|H4|B,
192294321,186780256,2026-05-15T00:11:58+00:00,1778803918896,1,1,0,186780055,3,0.1,1.4978500000000001,0.0,0.0,-0.72,0.0,XRPUSD,OMEGA_PARTIAL_CL,
192294368,186780300,2026-05-15T00:12:32+00:00,1778803952520,1,1,0,186778611,4,0.1,81368.97,0.0,-4.97,1.76,0.0,BTCUSD,[sl 81371.55],
192294372,186780302,2026-05-15T00:12:39+00:00,1778803959678,1,1,0,186780056,4,0.1,1.4938500000000001,0.0,0.0,-1.12,0.0,XRPUSD,[sl 1.49608],
192294401,186780327,2026-05-15T00:14:03+00:00,1778804043814,1,1,0,186778608,4,0.04,81350.92,0.0,-1.99,-0.02,0.0,BTCUSD,[sl 81351.37],
192294899,186780704,2026-05-15T00:22:23+00:00,1778804543063,0,0,0,186780704,3,0.1,81358.58,0.0,0.0,0.0,0.0,BTCUSD,OV2|dac029|H1|B,
192294904,186780706,2026-05-15T00:22:23+00:00,1778804543815,0,0,0,186780706,3,0.1,81356.99,0.0,0.0,0.0,0.0,BTCUSD,OV2|1e9f55|H1|B,
192295082,186780830,2026-05-15T00:26:40+00:00,1778804800601,0,0,0,186780830,3,0.1,1.5005,0.0,0.0,0.0,0.0,XRPUSD,OV2|81067a|H4|B,
192295237,186780943,2026-05-15T00:28:35+00:00,1778804915235,0,0,0,186780943,3,0.1,1.5028000000000001,0.0,0.0,0.0,0.0,XRPUSD,OV2|70ac97|H4|B,
192295238,186780944,2026-05-15T00:28:35+00:00,1778804915410,0,0,0,186780944,3,0.1,1.5028000000000001,0.0,0.0,0.0,0.0,XRPUSD,OV2|dbdf8c|H4|B,
192295379,186781068,2026-05-15T00:30:03+00:00,1778805003088,1,1,0,186780704,3,0.03,81424.44,0.0,0.0,1.98,0.0,BTCUSD,OMEGA_PARTIAL_CL,
192295382,186781069,2026-05-15T00:30:03+00:00,1778805003227,1,1,0,186780706,3,0.03,81424.48,0.0,0.0,2.02,0.0,BTCUSD,OMEGA_PARTIAL_CL,
192295383,186781070,2026-05-15T00:30:03+00:00,1778805003266,1,1,0,186780704,3,0.03,81424.48,0.0,0.0,1.98,0.0,BTCUSD,OMEGA_PARTIAL_CL,
192295384,186781071,2026-05-15T00:30:03+00:00,1778805003393,1,1,0,186780706,3,0.03,81424.48,0.0,0.0,2.02,0.0,BTCUSD,OMEGA_PARTIAL_CL,
192295635,186781115,2026-05-15T00:31:57+00:00,1778805117391,1,1,0,186763631,4,0.19,158.286,0.0,1.1,-1.57,0.0,USDJPY,[sl 158.299],
192295983,186781201,2026-05-15T00:34:53+00:00,1778805293384,1,1,0,186780830,4,0.1,1.4986,0.0,0.0,-0.19,0.0,XRPUSD,[sl 1.50050],
192295984,186781202,2026-05-15T00:34:53+00:00,1778805293384,1,1,0,186780943,4,0.1,1.4986,0.0,0.0,-0.42,0.0,XRPUSD,[sl 1.49923],
192295985,186781203,2026-05-15T00:34:53+00:00,1778805293384,1,1,0,186780944,4,0.1,1.4986,0.0,0.0,-0.42,0.0,XRPUSD,[sl 1.49923],
192297024,186781629,2026-05-15T00:44:06+00:00,1778805846511,0,0,0,186781629,3,0.23,158.38,0.0,0.0,0.0,0.0,USDJPY,OV2|9043e0|H1|B,
192297029,186781632,2026-05-15T00:44:44+00:00,1778805884657,1,1,0,186779071,4,0.18,1.37203,0.0,0.28,-0.13,0.0,USDCAD,[sl 1.37204],
192297030,186781633,2026-05-15T00:44:44+00:00,1778805884657,1,1,0,186779072,4,0.18,1.37203,0.0,0.28,-0.13,0.0,USDCAD,[sl 1.37204],
192297090,186781683,2026-05-15T00:45:27+00:00,1778805927207,1,1,0,186781629,4,0.23,158.355,0.0,0.0,-3.65,0.0,USDJPY,[sl 158.361],
192297589,186782139,2026-05-15T01:00:06+00:00,1778806806042,1,1,0,186765174,4,0.07,97.69,0.0,0.02,0.0,0.0,USOIL+,[sl 97.69],
192297607,186782201,2026-05-15T01:00:09+00:00,1778806809286,0,0,0,186782201,3,0.25,158.36,0.0,0.0,0.0,0.0,USDJPY,OV2|c34cce|H1|B,
192297618,186782262,2026-05-15T01:00:09+00:00,1778806809645,0,1,0,186778243,4,0.04,4653.99,0.0,1.6099999999999999,-13.04,0.0,XAUUSD,[sl 4652.97],
192297624,186782263,2026-05-15T01:00:09+00:00,1778806809645,0,1,0,186778244,4,0.04,4653.99,0.0,1.6099999999999999,-13.12,0.0,XAUUSD,[sl 4652.95],
192298335,186782959,2026-05-15T01:00:15+00:00,1778806815275,1,1,0,186776540,4,0.03,50037.55,0.0,-0.34,-0.49,0.0,US30,[sl 50048.21],
192298336,186782960,2026-05-15T01:00:15+00:00,1778806815275,1,1,0,186776588,4,0.03,50037.55,0.0,-0.34,-0.53,0.0,US30,[sl 50047.60],
192300086,186784163,2026-05-15T01:01:12+00:00,1778806872430,1,1,0,186780704,4,0.04,81357.36,0.0,0.0,-0.05,0.0,BTCUSD,[sl 81358.58],
192300104,186784175,2026-05-15T01:01:14+00:00,1778806874196,1,1,0,186780706,4,0.04,81352.82,0.0,0.0,-0.17,0.0,BTCUSD,[sl 81356.99],
192300229,186784257,2026-05-15T01:01:28+00:00,1778806888359,1,0,0,186784257,3,0.2,0.5911,0.0,0.0,0.0,0.0,NZDUSD,OV2|1c1d2d|H1|S,
192300257,186784277,2026-05-15T01:01:32+00:00,1778806892995,1,0,0,186784277,3,0.1,0.5911,0.0,0.0,0.0,0.0,NZDUSD,OV2|54f4d5|M15|S,
192300674,186784610,2026-05-15T01:02:50+00:00,1778806970857,0,0,0,186784610,3,0.19,0.78383,0.0,0.0,0.0,0.0,USDCHF,OV2|6394ec|H1|B,
192300675,186784611,2026-05-15T01:02:51+00:00,1778806971010,0,0,0,186784611,3,0.19,0.78383,0.0,0.0,0.0,0.0,USDCHF,OV2|4027ec|H1|B,
192300839,186784754,2026-05-15T01:03:52+00:00,1778807032939,0,0,0,186784754,3,0.18,202.077,0.0,0.0,0.0,0.0,CHFJPY,OV2|013a8e|H4|B,
192300840,186784755,2026-05-15T01:03:53+00:00,1778807033146,0,0,0,186784755,3,0.18,202.077,0.0,0.0,0.0,0.0,CHFJPY,OV2|b6b7b1|H4|B,
192300999,186784865,2026-05-15T01:04:13+00:00,1778807053369,0,1,0,186784257,4,0.2,0.59136,0.0,0.0,-5.2,0.0,NZDUSD,[sl 0.59127],
192301000,186784866,2026-05-15T01:04:13+00:00,1778807053369,0,1,0,186784277,4,0.1,0.59136,0.0,0.0,-2.6,0.0,NZDUSD,[sl 0.59127],
192301052,186784901,2026-05-15T01:04:24+00:00,1778807064918,0,0,0,186784901,3,0.1,81398.45,0.0,0.0,0.0,0.0,BTCUSD,OV2|68b81a|H1|B,
192301152,186784962,2026-05-15T01:04:36+00:00,1778807076494,1,1,0,186782201,4,0.25,158.36,0.0,0.0,0.0,0.0,USDJPY,[sl 158.360],
192303740,186787044,2026-05-15T01:08:12+00:00,1778807292538,1,1,0,186759933,4,0.07,97.45,0.0,0.02,0.0,0.0,USOIL+,[sl 97.45],
192303936,186787202,2026-05-15T01:08:43+00:00,1778807323068,1,0,0,186787202,3,0.06,4655.67,0.0,0.0,0.0,0.0,XAUUSD,OV2|065769|H1|S,
192304204,186787437,2026-05-15T01:09:36+00:00,1778807376173,0,0,0,186787437,3,0.1,81444.5,0.0,0.0,0.0,0.0,BTCUSD,OV2|54bdd9|H1|B,
192304268,186787489,2026-05-15T01:09:59+00:00,1778807399186,1,0,0,186787489,3,0.06,4655.79,0.0,0.0,0.0,0.0,XAUUSD,OV2|8d6f4e|H1|S,
192304269,186787490,2026-05-15T01:09:59+00:00,1778807399257,1,0,0,186787490,3,0.06,4655.79,0.0,0.0,0.0,0.0,XAUUSD,OV2|75e37f|H1|S,
192304418,186787652,2026-05-15T01:10:23+00:00,1778807423592,0,1,0,186787202,4,0.06,4658.15,0.0,0.0,-14.88,0.0,XAUUSD,[sl 4658.12],
192305049,186788107,2026-05-15T01:11:54+00:00,1778807514807,0,0,0,186788107,3,0.22,115.466,0.0,0.0,0.0,0.0,CADJPY,OV2|2381d3|H1|B,
192305472,186788431,2026-05-15T01:13:35+00:00,1778807615304,0,0,0,186788431,3,0.25,158.394,0.0,0.0,0.0,0.0,USDJPY,OV2|29e3b8|H1|B,
192306433,186789225,2026-05-15T01:17:01+00:00,1778807821793,1,1,0,186788431,4,0.25,158.366,0.0,0.0,-4.45,0.0,USDJPY,[sl 158.368],
192306786,186789548,2026-05-15T01:18:57+00:00,1778807937778,0,1,0,186787489,4,0.06,4659.33,0.0,0.0,-21.24,0.0,XAUUSD,[sl 4659.13],
192306791,186789550,2026-05-15T01:18:57+00:00,1778807937779,0,1,0,186787490,4,0.06,4659.33,0.0,0.0,-21.24,0.0,XAUUSD,[sl 4659.13],
192306955,186789631,2026-05-15T01:18:59+00:00,1778807939279,1,0,0,186789631,3,0.14,212.192,0.0,0.0,0.0,0.0,GBPJPY,OV2|e83d3a|H1|S,
192308823,186790905,2026-05-15T01:25:53+00:00,1778808353411,1,0,0,186790905,3,0.01,83.554,0.0,0.0,0.0,0.0,XAGUSD,OV2|18d323|M15|S,
192308826,186790906,2026-05-15T01:25:53+00:00,1778808353464,1,0,0,186790906,3,0.01,83.554,0.0,0.0,0.0,0.0,XAGUSD,OV2|038963|M15|S,
192308833,186790912,2026-05-15T01:25:59+00:00,1778808359246,0,0,0,186790912,3,0.2,114.378,0.0,0.0,0.0,0.0,AUDJPY,OV2|d8725b|M15|B,
192309028,186791060,2026-05-15T01:28:06+00:00,1778808486440,1,1,0,186790912,3,0.2,114.348,0.0,0.0,-3.81,0.0,AUDJPY,OMEGA_PARTIAL_CL,
192309186,186791171,2026-05-15T01:29:29+00:00,1778808569636,0,0,0,186791171,3,0.1,1.5039500000000001,0.0,0.0,0.0,0.0,XRPUSD,OV2|e98770|H4|B,
192309210,186791189,2026-05-15T01:29:51+00:00,1778808591875,0,0,0,186791189,3,0.2,114.377,0.0,0.0,0.0,0.0,AUDJPY,OV2|1b4d0f|M15|B,
192310661,186792242,2026-05-15T01:31:40+00:00,1778808700963,0,0,0,186792242,3,0.25,158.38,0.0,0.0,0.0,0.0,USDJPY,OV2|1f5541|H1|B,
192311123,186792561,2026-05-15T01:32:36+00:00,1778808756727,1,1,0,186784901,3,0.03,81511.35,0.0,0.0,3.39,0.0,BTCUSD,OMEGA_PARTIAL_CL,
192311124,186792562,2026-05-15T01:32:36+00:00,1778808756811,1,1,0,186787437,3,0.03,81513.0,0.0,0.0,2.06,0.0,BTCUSD,OMEGA_PARTIAL_CL,
192311128,186792565,2026-05-15T01:32:36+00:00,1778808756905,0,1,0,186790905,3,0.01,83.747,0.0,0.0,-9.65,0.0,XAGUSD,OMEGA_PARTIAL_CL,
192311433,186792801,2026-05-15T01:33:16+00:00,1778808796952,0,1,0,186790906,3,0.01,83.735,0.0,0.0,-9.05,0.0,XAGUSD,OMEGA_PARTIAL_CL,
192311441,186792805,2026-05-15T01:33:20+00:00,1778808800625,1,1,0,186784610,4,0.19,0.78369,0.0,0.0,-3.41,0.0,USDCHF,[sl 0.78369],
192311442,186792806,2026-05-15T01:33:20+00:00,1778808800625,1,1,0,186784611,4,0.19,0.78369,0.0,0.0,-3.41,0.0,USDCHF,[sl 0.78369],
192312366,186793459,2026-05-15T01:35:49+00:00,1778808949944,0,0,0,186793459,3,0.25,158.384,0.0,0.0,0.0,0.0,USDJPY,OV2|ba813f|H1|B,
192312414,186793489,2026-05-15T01:36:05+00:00,1778808965958,1,0,0,186793489,3,0.25,1.33981,0.0,0.0,0.0,0.0,GBPUSD,OV2|e224c7|M15|S,
192312504,186793557,2026-05-15T01:36:51+00:00,1778809011684,1,1,0,186791189,4,0.2,114.351,0.0,0.0,-3.3,0.0,AUDJPY,[sl 114.352],
192312629,186793636,2026-05-15T01:37:31+00:00,1778809051508,1,1,0,186791171,4,0.1,1.5009000000000001,0.0,0.0,-0.31,0.0,XRPUSD,[sl 1.50182],
192313020,186793896,2026-05-15T01:40:26+00:00,1778809226550,0,1,0,186793489,4,0.25,1.33995,0.0,0.0,-3.5,0.0,GBPUSD,[sl 1.33995],
192313071,186793932,2026-05-15T01:40:36+00:00,1778809236987,0,1,0,186789631,4,0.14,212.224,0.0,0.0,-2.85,0.0,GBPJPY,[sl 212.224],
192313341,186794105,2026-05-15T01:41:26+00:00,1778809286642,1,1,0,186792242,4,0.25,158.371,0.0,0.0,-1.43,0.0,USDJPY,[sl 158.372],
192313344,186794107,2026-05-15T01:41:26+00:00,1778809286925,1,1,0,186793459,4,0.25,158.365,0.0,0.0,-3.02,0.0,USDJPY,[sl 158.365],
192313674,186794392,2026-05-15T01:42:36+00:00,1778809356248,0,0,0,186794392,3,0.1,0.11661,0.0,0.0,0.0,0.0,DOGUSD,OV2|8f80f3|H1|B,
192313888,186794632,2026-05-15T01:43:23+00:00,1778809403273,0,0,0,186794632,3,0.1,1.5038,0.0,0.0,0.0,0.0,XRPUSD,OV2|577d66|H4|B,
192314469,186795213,2026-05-15T01:46:27+00:00,1778809587476,1,1,0,186794392,3,0.1,0.11633,0.0,0.0,-0.03,0.0,DOGUSD,OMEGA_PARTIAL_CL,
192314746,186795417,2026-05-15T01:48:29+00:00,1778809709113,1,0,0,186795417,3,0.08,4660.99,0.0,0.0,0.0,0.0,XAUUSD,OV2|f75519|H1|S,
192314794,186795449,2026-05-15T01:48:59+00:00,1778809739197,1,1,0,186784754,4,0.18,202.057,0.0,0.0,-2.28,0.0,CHFJPY,[sl 202.057],
192314795,186795450,2026-05-15T01:48:59+00:00,1778809739198,1,1,0,186784755,4,0.18,202.057,0.0,0.0,-2.28,0.0,CHFJPY,[sl 202.057],
192314825,186795474,2026-05-15T01:49:05+00:00,1778809745987,1,0,0,186795474,3,0.07,4660.87,0.0,0.0,0.0,0.0,XAUUSD,OV2|e160b2|H1|S,
192314826,186795475,2026-05-15T01:49:06+00:00,1778809746089,1,0,0,186795475,3,0.07,4660.88,0.0,0.0,0.0,0.0,XAUUSD,OV2|d809e6|H1|S,
192315023,186795622,2026-05-15T01:51:01+00:00,1778809861358,1,1,0,186794632,4,0.1,1.50135,0.0,0.0,-0.25,0.0,XRPUSD,[sl 1.50137],
192315066,186795655,2026-05-15T01:51:14+00:00,1778809874923,0,0,0,186795655,3,0.1,0.1167,0.0,0.0,0.0,0.0,DOGUSD,OV2|19008e|H1|B,
192315179,186795746,2026-05-15T01:52:10+00:00,1778809930704,1,1,0,186788107,4,0.22,115.456,0.0,0.0,-1.4,0.0,CADJPY,[sl 115.456],
192315193,186795757,2026-05-15T01:52:13+00:00,1778809933867,1,1,0,186795655,3,0.1,0.11634,0.0,0.0,-0.04,0.0,DOGUSD,OMEGA_PARTIAL_CL,
192315465,186795955,2026-05-15T01:54:46+00:00,1778810086030,0,1,0,186795417,4,0.08,4662.8,0.0,0.0,-14.48,0.0,XAUUSD,[sl 4662.78],
192315542,186796010,2026-05-15T01:54:57+00:00,1778810097933,0,1,0,186795474,4,0.07,4662.99,0.0,0.0,-14.84,0.0,XAUUSD,[sl 4662.98],
192315545,186796011,2026-05-15T01:54:57+00:00,1778810097933,0,1,0,186795475,4,0.07,4662.99,0.0,0.0,-14.77,0.0,XAUUSD,[sl 4662.99],
192315858,186796218,2026-05-15T01:57:01+00:00,1778810221090,1,1,0,186787437,4,0.07,81439.7,0.0,0.0,-0.34,0.0,BTCUSD,[sl 81444.50],
192316269,186796734,2026-05-15T02:00:01+00:00,1778810401944,1,1,0,186784901,4,0.07,81395.1,0.0,0.0,-0.23,0.0,BTCUSD,[sl 81398.45],
192316378,186796956,2026-05-15T02:00:22+00:00,1778810422211,0,0,0,186796956,3,0.1,1.49935,0.0,0.0,0.0,0.0,XRPUSD,OV2|8c15c8|H1|B,
192316499,186797031,2026-05-15T02:00:58+00:00,1778810458679,0,0,0,186797031,3,0.25,202.051,0.0,0.0,0.0,0.0,CHFJPY,OV2|f8fc73|H1|B,
192316651,186797143,2026-05-15T02:01:36+00:00,1778810496953,0,0,0,186797143,3,0.1,0.11646,0.0,0.0,0.0,0.0,DOGUSD,OV2|b09021|M15|B,
192317000,186797398,2026-05-15T02:04:03+00:00,1778810643074,1,1,0,186797143,3,0.1,0.11598,0.0,0.0,-0.05,0.0,DOGUSD,OMEGA_PARTIAL_CL,
192317107,186797483,2026-05-15T02:04:39+00:00,1778810679841,1,1,0,186796956,4,0.1,1.49655,0.0,0.0,-0.28,0.0,XRPUSD,[sl 1.49709],
192317127,186797503,2026-05-15T02:04:44+00:00,1778810684945,1,1,0,186797031,4,0.25,202.031,0.0,0.0,-3.18,0.0,CHFJPY,[sl 202.033],
192317492,186797767,2026-05-15T02:06:21+00:00,1778810781113,0,0,0,186797767,3,0.1,0.11623,0.0,0.0,0.0,0.0,DOGUSD,OV2|d657e6|H1|B,
192317701,186797891,2026-05-15T02:07:52+00:00,1778810872999,1,0,0,186797891,3,0.25,212.179,0.0,0.0,0.0,0.0,GBPJPY,OV2|0087d5|H1|S,
192318476,186798430,2026-05-15T02:10:33+00:00,1778811033631,1,1,0,186797767,3,0.1,0.11558,0.0,0.0,-0.07,0.0,DOGUSD,OMEGA_PARTIAL_CL,
192318479,186798431,2026-05-15T02:10:33+00:00,1778811033732,0,1,0,186797891,3,0.06,212.115,0.0,0.0,2.41,0.0,GBPJPY,OMEGA_PARTIAL_CL,
192319455,186799102,2026-05-15T02:13:36+00:00,1778811216844,0,0,0,186799102,3,0.09,81262.75,0.0,0.0,0.0,0.0,BTCUSD,OV2|cf83b7|H1|B,
192319459,186799109,2026-05-15T02:13:37+00:00,1778811217193,0,0,0,186799109,3,0.04,81262.35,0.0,0.0,0.0,0.0,BTCUSD,OV2|1f46bc|H1|B,
192320881,186800084,2026-05-15T02:15:36+00:00,1778811336262,0,0,0,186800084,3,0.1,1.49525,0.0,0.0,0.0,0.0,XRPUSD,OV2|9cf7e8|H1|B,
192321909,186800769,2026-05-15T02:17:19+00:00,1778811439765,1,1,0,186800084,4,0.1,1.4928,0.0,0.0,-0.25,0.0,XRPUSD,[sl 1.49292],
192322157,186800940,2026-05-15T02:18:43+00:00,1778811523296,0,0,0,186800940,3,0.1,97.87,0.0,0.0,0.0,0.0,USOIL+,OV2|0b07a9|H1|B,
192322158,186800941,2026-05-15T02:18:43+00:00,1778811523371,0,0,0,186800941,3,0.1,97.87,0.0,0.0,0.0,0.0,USOIL+,OV2|ab235f|H1|B,
192322738,186801335,2026-05-15T02:22:10+00:00,1778811730417,1,1,0,186800940,3,0.1,97.77,0.0,0.0,-1.0,0.0,USOIL+,OMEGA_PARTIAL_CL,
192322856,186801413,2026-05-15T02:22:38+00:00,1778811758773,1,1,0,186799102,4,0.09,81212.34,0.0,0.0,-4.54,0.0,BTCUSD,[sl 81214.95],
192322857,186801414,2026-05-15T02:22:38+00:00,1778811758773,1,1,0,186799109,4,0.04,81212.34,0.0,0.0,-2.0,0.0,BTCUSD,[sl 81214.55],
192323826,186802143,2026-05-15T02:25:56+00:00,1778811956317,1,1,0,186800941,3,0.1,97.74,0.0,0.0,-1.3,0.0,USOIL+,OMEGA_PARTIAL_CL,
192324974,186802938,2026-05-15T02:27:25+00:00,1778812045215,0,0,0,186802938,3,0.1,0.11602,0.0,0.0,0.0,0.0,DOGUSD,OV2|10eabe|H1|B,
192325073,186803004,2026-05-15T02:28:00+00:00,1778812080468,0,0,0,186803004,3,0.1,1.49555,0.0,0.0,0.0,0.0,XRPUSD,OV2|7ddfd6|H1|B,
192325342,186803199,2026-05-15T02:28:48+00:00,1778812128594,1,1,0,186802938,3,0.1,0.11558,0.0,0.0,-0.04,0.0,DOGUSD,OMEGA_PARTIAL_CL,
192330807,186806491,2026-05-15T02:32:25+00:00,1778812345574,1,0,0,186806491,3,0.05,4657.52,0.0,0.0,0.0,0.0,XAUUSD,OV2|dd43e1|H1|S,
192330808,186806492,2026-05-15T02:32:25+00:00,1778812345646,1,0,0,186806492,3,0.05,4657.52,0.0,0.0,0.0,0.0,XAUUSD,OV2|cb88e7|H1|S,
192330829,186806505,2026-05-15T02:32:27+00:00,1778812347085,1,1,0,186803004,4,0.1,1.49255,0.0,0.0,-0.3,0.0,XRPUSD,[sl 1.49314],
192331419,186806911,2026-05-15T02:33:45+00:00,1778812425035,0,1,0,186806491,3,0.01,4653.59,0.0,0.0,3.93,0.0,XAUUSD,OMEGA_PARTIAL_CL,
192331895,186807200,2026-05-15T02:34:37+00:00,1778812477677,0,0,0,186807200,3,0.1,1.4956,0.0,0.0,0.0,0.0,XRPUSD,OV2|ffc645|H1|B,
192332812,186807733,2026-05-15T02:34:52+00:00,1778812492165,0,0,0,186807733,3,0.1,0.11594,0.0,0.0,0.0,0.0,DOGUSD,OV2|5798d1|H1|B,
192335657,186809444,2026-05-15T02:37:02+00:00,1778812622075,0,1,0,186806491,5,0.04,4647.31,0.0,0.0,40.84,0.0,XAUUSD,[tp 4647.70],
192335664,186809446,2026-05-15T02:37:02+00:00,1778812622076,0,1,0,186806492,5,0.05,4647.31,0.0,0.0,51.05,0.0,XAUUSD,[tp 4647.70],
192336940,186810388,2026-05-15T02:38:54+00:00,1778812734688,1,1,0,186807733,3,0.1,0.11565,0.0,0.0,-0.03,0.0,DOGUSD,OMEGA_PARTIAL_CL,
192337101,186810486,2026-05-15T02:39:06+00:00,1778812746586,1,1,0,186807200,4,0.1,1.4931,0.0,0.0,-0.25,0.0,XRPUSD,[sl 1.49310],
192337326,186810633,2026-05-15T02:39:48+00:00,1778812788584,0,1,0,186797891,4,0.19,212.179,0.0,0.0,0.0,0.0,GBPJPY,[sl 212.179],
192337759,186810901,2026-05-15T02:40:56+00:00,1778812856458,1,0,0,186810901,3,0.01,83.34,0.0,0.0,0.0,0.0,XAGUSD,OV2|b72a7b|M15|S,
192337775,186810918,2026-05-15T02:41:02+00:00,1778812862070,1,0,0,186810918,3,0.01,83.362,0.0,0.0,0.0,0.0,XAGUSD,OV2|92c457|M15|S,
192339035,186811714,2026-05-15T02:43:21+00:00,1778813001393,0,1,0,186810901,4,0.01,83.601,0.0,0.0,-13.05,0.0,XAGUSD,[sl 83.590],
192339066,186811739,2026-05-15T02:43:23+00:00,1778813003928,0,1,0,186810918,4,0.01,83.615,0.0,0.0,-12.65,0.0,XAGUSD,[sl 83.612],
192339321,186811929,2026-05-15T02:43:32+00:00,1778813012927,1,0,0,186811929,3,0.1,0.1153,0.0,0.0,0.0,0.0,DOGUSD,OV2|7162a1|M15|S,
192340286,186812612,2026-05-15T02:45:03+00:00,1778813103210,0,1,0,186811929,3,0.1,0.11553,0.0,0.0,-0.02,0.0,DOGUSD,OMEGA_PARTIAL_CL,
192340623,186812872,2026-05-15T02:45:47+00:00,1778813147064,0,0,0,186812872,3,0.1,97.87,0.0,0.0,0.0,0.0,USOIL+,OV2|aef469|H1|B,
192340636,186812889,2026-05-15T02:45:54+00:00,1778813154329,0,0,0,186812889,3,0.05,97.87,0.0,0.0,0.0,0.0,USOIL+,OV2|33d875|H1|B,
192341159,186813229,2026-05-15T02:47:08+00:00,1778813228749,1,0,0,186813229,3,0.1,2284.667,0.0,0.0,0.0,0.0,ETHUSD,OV2|a2686c|M15|S,
192341179,186813246,2026-05-15T02:47:16+00:00,1778813236148,1,0,0,186813246,3,0.1,2285.051,0.0,0.0,0.0,0.0,ETHUSD,OV2|902df0|M15|S,
192341604,186813514,2026-05-15T02:47:50+00:00,1778813270704,1,0,0,186813514,3,0.01,83.48,0.0,0.0,0.0,0.0,XAGUSD,OV2|cf6079|M15|S,
192342448,186814101,2026-05-15T02:50:22+00:00,1778813422592,1,1,0,186812872,3,0.1,97.78,0.0,0.0,-0.9,0.0,USOIL+,OMEGA_PARTIAL_CL,
192342486,186814134,2026-05-15T02:50:28+00:00,1778813428767,1,1,0,186812889,3,0.05,97.78,0.0,0.0,-0.45,0.0,USOIL+,OMEGA_PARTIAL_CL,
192343137,186814581,2026-05-15T02:52:26+00:00,1778813546542,1,0,0,186814581,3,0.25,212.077,0.0,0.0,0.0,0.0,GBPJPY,OV2|9cd54d|H1|S,
192343180,186814612,2026-05-15T02:52:47+00:00,1778813567575,0,0,0,186814612,3,0.08,81102.55,0.0,0.0,0.0,0.0,BTCUSD,OV2|c65f2e|H4|B,
192343420,186814764,2026-05-15T02:54:20+00:00,1778813660827,1,0,0,186814764,3,0.25,1.33939,0.0,0.0,0.0,0.0,GBPUSD,OV2|c99c01|M15|S,
192343451,186814783,2026-05-15T02:54:25+00:00,1778813665341,1,0,0,186814783,3,0.25,1.33939,0.0,0.0,0.0,0.0,GBPUSD,OV2|6aa58b|M15|S,
192343467,186814796,2026-05-15T02:54:28+00:00,1778813668016,0,0,0,186814796,3,0.2,158.352,0.0,0.0,0.0,0.0,USDJPY,OV2|d022f9|H1|B,
192343474,186814804,2026-05-15T02:54:32+00:00,1778813672297,0,0,0,186814804,3,0.2,158.352,0.0,0.0,0.0,0.0,USDJPY,OV2|b5b095|H1|B,
192344194,186815279,2026-05-15T02:55:39+00:00,1778813739403,1,0,0,186815279,3,0.25,212.051,0.0,0.0,0.0,0.0,GBPJPY,OV2|87fa04|M15|S,
192344920,186815747,2026-05-15T02:56:35+00:00,1778813795410,0,1,0,186814783,3,0.06,1.33911,0.0,0.0,1.6800000000000002,0.0,GBPUSD,OMEGA_PARTIAL_CL,
192345590,186816217,2026-05-15T02:59:12+00:00,1778813952376,0,0,0,186816217,3,0.08,81077.65,0.0,0.0,0.0,0.0,BTCUSD,OV2|f1dacd|H1|B,
192345613,186816232,2026-05-15T02:59:21+00:00,1778813961792,0,1,0,186813514,4,0.01,83.49,0.0,0.0,-0.5,0.0,XAGUSD,[sl 83.480],
192345715,186816304,2026-05-15T02:59:46+00:00,1778813986782,0,1,0,186815279,4,0.25,212.093,0.0,0.0,-6.67,0.0,GBPJPY,[sl 212.091],
192346199,186817003,2026-05-15T03:00:31+00:00,1778814031323,0,1,0,186814581,4,0.25,212.115,0.0,0.0,-6.04,0.0,GBPJPY,[sl 212.115],
192346202,186817004,2026-05-15T03:00:31+00:00,1778814031560,0,0,0,186817004,3,0.1,97.77,0.0,0.0,0.0,0.0,USOIL+,OV2|95d715|H1|B,
192348002,186818089,2026-05-15T03:01:38+00:00,1778814098941,1,0,0,186818089,3,0.01,83.317,0.0,0.0,0.0,0.0,XAGUSD,OV2|a6194a|M15|S,
192350478,186819573,2026-05-15T03:02:21+00:00,1778814141021,0,1,0,186813229,3,0.1,2284.2,0.0,0.0,0.05,0.0,ETHUSD,OMEGA_PARTIAL_CL,
192350481,186819574,2026-05-15T03:02:21+00:00,1778814141043,0,1,0,186813246,3,0.1,2284.2,0.0,0.0,0.09,0.0,ETHUSD,OMEGA_PARTIAL_CL,
192350483,186819577,2026-05-15T03:02:21+00:00,1778814141184,0,1,0,186814764,3,0.06,1.33869,0.0,0.0,4.2,0.0,GBPUSD,OMEGA_PARTIAL_CL,
192350484,186819580,2026-05-15T03:02:21+00:00,1778814141227,0,1,0,186814764,3,0.05,1.3387,0.0,0.0,3.45,0.0,GBPUSD,OMEGA_PARTIAL_CL,
192350491,186819582,2026-05-15T03:02:21+00:00,1778814141315,1,1,0,186814796,3,0.05,158.399,0.0,0.0,1.47,0.0,USDJPY,OMEGA_PARTIAL_CL,
192350494,186819587,2026-05-15T03:02:21+00:00,1778814141402,1,1,0,186814804,3,0.05,158.399,0.0,0.0,1.47,0.0,USDJPY,OMEGA_PARTIAL_CL,
192351165,186820000,2026-05-15T03:02:59+00:00,1778814179974,1,1,0,186817004,3,0.1,97.64,0.0,0.0,-1.3,0.0,USOIL+,OMEGA_PARTIAL_CL,
192351620,186820353,2026-05-15T03:03:16+00:00,1778814196801,0,1,0,186818089,4,0.01,83.6,0.0,0.0,-14.15,0.0,XAGUSD,[sl 83.592],
192352907,186821202,2026-05-15T03:04:06+00:00,1778814246050,0,0,0,186821202,3,0.1,1.4882,0.0,0.0,0.0,0.0,XRPUSD,OV2|ce34dd|H4|B,
192353576,186821659,2026-05-15T03:04:57+00:00,1778814297138,1,0,0,186821659,3,0.2,184.645,0.0,0.0,0.0,0.0,EURJPY,OV2|ecd31f|H1|S,
192353578,186821661,2026-05-15T03:04:57+00:00,1778814297543,1,0,0,186821661,3,0.2,184.645,0.0,0.0,0.0,0.0,EURJPY,OV2|e60b44|H1|S,
192353895,186821911,2026-05-15T03:05:45+00:00,1778814345142,1,0,0,186821911,3,0.25,212.038,0.0,0.0,0.0,0.0,GBPJPY,OV2|1edf86|M15|S,
192353896,186821912,2026-05-15T03:05:45+00:00,1778814345221,1,0,0,186821912,3,0.25,212.038,0.0,0.0,0.0,0.0,GBPJPY,OV2|90dcbf|M15|S,
192355348,186823014,2026-05-15T03:07:53+00:00,1778814473975,1,1,0,186816217,5,0.08,81276.38,0.0,0.0,15.9,0.0,BTCUSD,[tp 81276.30],
192355480,186823215,2026-05-15T03:08:20+00:00,1778814500726,1,0,0,186823215,3,0.05,4648.24,0.0,0.0,0.0,0.0,XAUUSD,OV2|b44a2e|H1|S,
192355491,186823237,2026-05-15T03:08:22+00:00,1778814502802,1,0,0,186823237,3,0.05,4648.76,0.0,0.0,0.0,0.0,XAUUSD,OV2|52a4ce|H1|S,
192355734,186823513,2026-05-15T03:08:45+00:00,1778814525737,1,1,0,186814612,3,0.02,81285.99,0.0,0.0,3.67,0.0,BTCUSD,OMEGA_PARTIAL_CL,
192355735,186823515,2026-05-15T03:08:45+00:00,1778814525778,1,1,0,186814612,3,0.01,81285.99,0.0,0.0,1.83,0.0,BTCUSD,OMEGA_PARTIAL_CL,
192355736,186823516,2026-05-15T03:08:45+00:00,1778814525803,0,1,0,186821659,3,0.2,184.693,0.0,0.0,-6.1,0.0,EURJPY,OMEGA_PARTIAL_CL,
192355746,186823535,2026-05-15T03:08:47+00:00,1778814527759,0,1,0,186821661,3,0.2,184.693,0.0,0.0,-6.1,0.0,EURJPY,OMEGA_PARTIAL_CL,
192355756,186823547,2026-05-15T03:08:48+00:00,1778814528944,1,1,0,186814612,5,0.05,81298.7,0.0,0.0,9.81,0.0,BTCUSD,[tp 81295.87],
192355958,186823839,2026-05-15T03:09:18+00:00,1778814558622,0,1,0,186821911,3,0.25,212.091,0.0,0.0,-8.42,0.0,GBPJPY,OMEGA_PARTIAL_CL,
192356553,186824252,2026-05-15T03:10:34+00:00,1778814634960,0,0,0,186824252,3,0.1,103.22,0.0,0.0,0.0,0.0,UKOIL+,OV2|f3ca9c|M15|B,
192356619,186824294,2026-05-15T03:10:55+00:00,1778814655637,0,0,0,186824294,3,0.1,97.67,0.0,0.0,0.0,0.0,USOIL+,OV2|70e9ef|H1|B,
192356653,186824315,2026-05-15T03:11:02+00:00,1778814662629,1,0,0,186824315,3,0.2,184.663,0.0,0.0,0.0,0.0,EURJPY,OV2|fa349b|H1|S,
192357241,186824806,2026-05-15T03:12:27+00:00,1778814747985,1,0,0,186824806,3,0.25,212.038,0.0,0.0,0.0,0.0,GBPJPY,OV2|962089|M15|S,
192357307,186824900,2026-05-15T03:12:38+00:00,1778814758686,1,1,0,186814796,4,0.15,158.352,0.0,0.0,0.0,0.0,USDJPY,[sl 158.352],
192357308,186824901,2026-05-15T03:12:38+00:00,1778814758687,1,1,0,186814804,4,0.15,158.352,0.0,0.0,0.0,0.0,USDJPY,[sl 158.352],
192357320,186824914,2026-05-15T03:12:40+00:00,1778814760034,0,0,0,186824914,3,0.1,0.11595,0.0,0.0,0.0,0.0,DOGUSD,OV2|5724a7|H1|B,
192357503,186825189,2026-05-15T03:13:09+00:00,1778814789848,1,0,0,186825189,3,0.2,0.59012,0.0,0.0,0.0,0.0,NZDUSD,OV2|928bec|M15|S,
192357559,186825250,2026-05-15T03:13:11+00:00,1778814791985,1,0,0,186825250,3,0.2,0.59013,0.0,0.0,0.0,0.0,NZDUSD,OV2|ecd1c7|H1|S,
192357757,186825409,2026-05-15T03:13:21+00:00,1778814801856,1,0,0,186825409,3,0.25,1.16591,0.0,0.0,0.0,0.0,EURUSD,OV2|f683b1|H1|S,
192358301,186825807,2026-05-15T03:14:25+00:00,1778814865913,1,1,0,186821202,3,0.1,1.4923,0.0,0.0,0.41,0.0,XRPUSD,OMEGA_PARTIAL_CL,
192358432,186825876,2026-05-15T03:14:28+00:00,1778814868030,0,1,0,186825409,4,0.25,1.16608,0.0,0.0,-4.25,0.0,EURUSD,[sl 1.16608],
192358887,186826237,2026-05-15T03:15:01+00:00,1778814901820,1,1,0,186824252,4,0.1,103.12,0.0,0.0,-1.0,0.0,UKOIL+,[sl 103.12],
192358888,186826239,2026-05-15T03:15:01+00:00,1778814901827,1,1,0,186824294,4,0.1,97.58,0.0,0.0,-0.9,0.0,USOIL+,[sl 97.58],
192358891,186826242,2026-05-15T03:15:01+00:00,1778814901907,0,1,0,186823215,4,0.05,4653.13,0.0,0.0,-24.45,0.0,XAUUSD,[sl 4653.08],
192358924,186826279,2026-05-15T03:15:02+00:00,1778814902206,0,1,0,186825189,4,0.2,0.5903,0.0,0.0,-3.6,0.0,NZDUSD,[sl 0.59030],
192358979,186826305,2026-05-15T03:15:02+00:00,1778814902667,0,1,0,186823237,4,0.05,4653.63,0.0,0.0,-24.35,0.0,XAUUSD,[sl 4653.60],
192358991,186826326,2026-05-15T03:15:02+00:00,1778814902772,0,1,0,186825250,4,0.2,0.59034,0.0,0.0,-4.2,0.0,NZDUSD,[sl 0.59031],
192363155,186828930,2026-05-15T03:17:23+00:00,1778815043738,1,0,0,186828930,3,0.01,83.434,0.0,0.0,0.0,0.0,XAGUSD,OV2|d05d6d|M15|S,
192363161,186828933,2026-05-15T03:17:24+00:00,1778815044213,1,0,0,186828933,3,0.01,83.45,0.0,0.0,0.0,0.0,XAGUSD,OV2|9cfe16|M15|S,
192363162,186828934,2026-05-15T03:17:24+00:00,1778815044250,1,0,0,186828934,3,0.01,83.45,0.0,0.0,0.0,0.0,XAGUSD,OV2|9e950c|M15|S,
192363635,186829497,2026-05-15T03:18:14+00:00,1778815094441,0,1,0,186824315,4,0.2,184.696,0.0,0.0,-4.2,0.0,EURJPY,[sl 184.696],
192363727,186829576,2026-05-15T03:18:15+00:00,1778815095538,0,1,0,186828930,4,0.01,83.692,0.0,0.0,-12.9,0.0,XAGUSD,[sl 83.691],
192363971,186829814,2026-05-15T03:18:38+00:00,1778815118100,0,1,0,186821912,4,0.25,212.084,0.0,0.0,-7.3,0.0,GBPJPY,[sl 212.084],
192363972,186829815,2026-05-15T03:18:38+00:00,1778815118100,0,1,0,186824806,4,0.25,212.084,0.0,0.0,-7.3,0.0,GBPJPY,[sl 212.084],
192364137,186829985,2026-05-15T03:18:54+00:00,1778815134107,1,1,0,186824914,4,0.1,0.11585,0.0,0.0,-0.01,0.0,DOGUSD,[sl 0.11586],
192377730,186838868,2026-05-15T03:30:37+00:00,1778815837018,1,0,0,186838868,3,0.25,212.049,0.0,0.0,0.0,0.0,GBPJPY,OV2|e92d76|M15|S,
192377732,186838870,2026-05-15T03:30:37+00:00,1778815837226,1,0,0,186838870,3,0.25,212.049,0.0,0.0,0.0,0.0,GBPJPY,OV2|10a10c|M15|S,
192379077,186839645,2026-05-15T03:30:59+00:00,1778815859792,0,1,0,186828933,5,0.01,82.626,0.0,0.0,41.2,0.0,XAGUSD,[tp 82.637],
192379079,186839646,2026-05-15T03:30:59+00:00,1778815859793,0,1,0,186828934,5,0.01,82.626,0.0,0.0,41.2,0.0,XAGUSD,[tp 82.638],
192380064,186840295,2026-05-15T03:32:01+00:00,1778815921514,1,0,0,186840295,3,0.2,0.58994,0.0,0.0,0.0,0.0,NZDUSD,OV2|b1a530|H1|S,
192380065,186840297,2026-05-15T03:32:01+00:00,1778815921706,1,0,0,186840297,3,0.2,0.58994,0.0,0.0,0.0,0.0,NZDUSD,OV2|8a96cc|H1|S,
192380515,186840580,2026-05-15T03:32:51+00:00,1778815971265,0,0,0,186840580,3,0.1,81544.65,0.0,0.0,0.0,0.0,BTCUSD,OV2|e13d5a|H4|B,
192380519,186840585,2026-05-15T03:32:51+00:00,1778815971549,0,0,0,186840585,3,0.1,81544.65,0.0,0.0,0.0,0.0,BTCUSD,OV2|537270|H4|B,
192381102,186840945,2026-05-15T03:33:31+00:00,1778816011944,1,0,0,186840945,3,0.25,1.16574,0.0,0.0,0.0,0.0,EURUSD,OV2|75acac|H1|S,
192381111,186840948,2026-05-15T03:33:32+00:00,1778816012148,1,0,0,186840948,3,0.25,1.16574,0.0,0.0,0.0,0.0,EURUSD,OV2|3509eb|H1|S,
192381242,186841025,2026-05-15T03:33:45+00:00,1778816025233,1,0,0,186841025,3,0.25,201.893,0.0,0.0,0.0,0.0,CHFJPY,OV2|ce05d9|M15|S,
192381247,186841028,2026-05-15T03:33:45+00:00,1778816025471,1,0,0,186841028,3,0.25,201.893,0.0,0.0,0.0,0.0,CHFJPY,OV2|9b64d0|M15|S,
192381740,186841332,2026-05-15T03:34:34+00:00,1778816074153,1,1,0,186840580,3,0.03,81651.06,0.0,0.0,3.19,0.0,BTCUSD,OMEGA_PARTIAL_CL,
192381748,186841337,2026-05-15T03:34:34+00:00,1778816074916,1,1,0,186840585,3,0.03,81654.46,0.0,0.0,3.29,0.0,BTCUSD,OMEGA_PARTIAL_CL,
192382130,186841595,2026-05-15T03:35:23+00:00,1778816123626,0,1,0,186838868,4,0.25,212.088,0.0,0.0,-6.19,0.0,GBPJPY,[sl 212.088],
192382186,186841630,2026-05-15T03:35:31+00:00,1778816131144,0,1,0,186841025,4,0.25,201.927,0.0,0.0,-5.39,0.0,CHFJPY,[sl 201.926],
192382618,186841923,2026-05-15T03:36:47+00:00,1778816207959,1,0,0,186841923,3,0.25,212.051,0.0,0.0,0.0,0.0,GBPJPY,OV2|82825d|M15|S,
192382619,186841924,2026-05-15T03:36:48+00:00,1778816208019,1,0,0,186841924,3,0.25,212.051,0.0,0.0,0.0,0.0,GBPJPY,OV2|91387b|M15|S,
192382861,186842079,2026-05-15T03:37:04+00:00,1778816224195,0,0,0,186842079,3,0.1,0.11698,0.0,0.0,0.0,0.0,DOGUSD,OV2|d09ce6|H1|B,
192383556,186842550,2026-05-15T03:38:10+00:00,1778816290009,0,0,0,186842550,3,0.25,158.454,0.0,0.0,0.0,0.0,USDJPY,OV2|d28559|H1|B,
192383609,186842586,2026-05-15T03:38:21+00:00,1778816301806,1,0,0,186842586,3,0.2,184.655,0.0,0.0,0.0,0.0,EURJPY,OV2|fa29de|H1|S,
192383616,186842592,2026-05-15T03:38:22+00:00,1778816302341,1,0,0,186842592,3,0.2,184.652,0.0,0.0,0.0,0.0,EURJPY,OV2|3c83ef|H1|S,
192383804,186842709,2026-05-15T03:38:55+00:00,1778816335775,0,0,0,186842709,3,0.1,1.4975,0.0,0.0,0.0,0.0,XRPUSD,OV2|73736d|H1|B,
192383855,186842742,2026-05-15T03:39:05+00:00,1778816345512,0,0,0,186842742,3,0.09,97.65,0.0,0.0,0.0,0.0,USOIL+,OV2|b504cc|H1|B,
192383966,186842829,2026-05-15T03:39:12+00:00,1778816352631,1,1,0,186840580,4,0.07,81543.93,0.0,0.0,-0.05,0.0,BTCUSD,[sl 81544.65],
192383967,186842830,2026-05-15T03:39:12+00:00,1778816352631,1,1,0,186840585,4,0.07,81543.93,0.0,0.0,-0.05,0.0,BTCUSD,[sl 81544.65],
192384403,186843067,2026-05-15T03:39:18+00:00,1778816358520,0,0,0,186843067,3,0.1,97.71,0.0,0.0,0.0,0.0,USOIL+,OV2|d849e9|H1|B,
192385184,186843518,2026-05-15T03:39:45+00:00,1778816385240,1,0,0,186843518,3,0.05,4619.78,0.0,0.0,0.0,0.0,XAUUSD,OV2|c5a472|H4|S,
192387030,186844668,2026-05-15T03:41:06+00:00,1778816466519,0,1,0,186840295,3,0.05,0.58958,0.0,0.0,1.8,0.0,NZDUSD,OMEGA_PARTIAL_CL,
192387044,186844677,2026-05-15T03:41:07+00:00,1778816467086,0,1,0,186840297,3,0.05,0.58958,0.0,0.0,1.8,0.0,NZDUSD,OMEGA_PARTIAL_CL,
192387045,186844678,2026-05-15T03:41:07+00:00,1778816467131,0,1,0,186840295,3,0.05,0.58958,0.0,0.0,1.8,0.0,NZDUSD,OMEGA_PARTIAL_CL,
192387046,186844679,2026-05-15T03:41:07+00:00,1778816467163,0,1,0,186840295,3,0.05,0.58958,0.0,0.0,1.8,0.0,NZDUSD,OMEGA_PARTIAL_CL,
192387047,186844680,2026-05-15T03:41:07+00:00,1778816467302,0,1,0,186840945,3,0.06,1.16545,0.0,0.0,1.74,0.0,EURUSD,OMEGA_PARTIAL_CL,
192387048,186844681,2026-05-15T03:41:07+00:00,1778816467332,0,1,0,186840297,3,0.05,0.58958,0.0,0.0,1.8,0.0,NZDUSD,OMEGA_PARTIAL_CL,
192387050,186844683,2026-05-15T03:41:07+00:00,1778816467363,0,1,0,186840297,3,0.05,0.58958,0.0,0.0,1.8,0.0,NZDUSD,OMEGA_PARTIAL_CL,
192387055,186844685,2026-05-15T03:41:07+00:00,1778816467503,0,1,0,186840945,3,0.06,1.16545,0.0,0.0,1.74,0.0,EURUSD,OMEGA_PARTIAL_CL,
192387056,186844686,2026-05-15T03:41:07+00:00,1778816467538,0,1,0,186840945,3,0.06,1.16545,0.0,0.0,1.74,0.0,EURUSD,OMEGA_PARTIAL_CL,
192387058,186844688,2026-05-15T03:41:07+00:00,1778816467570,0,1,0,186840948,3,0.06,1.16545,0.0,0.0,1.74,0.0,EURUSD,OMEGA_PARTIAL_CL,
192387059,186844690,2026-05-15T03:41:07+00:00,1778816467709,0,1,0,186840948,3,0.06,1.16545,0.0,0.0,1.74,0.0,EURUSD,OMEGA_PARTIAL_CL,
192387060,186844691,2026-05-15T03:41:07+00:00,1778816467741,0,1,0,186840948,3,0.06,1.16545,0.0,0.0,1.74,0.0,EURUSD,OMEGA_PARTIAL_CL,
192387065,186844695,2026-05-15T03:41:07+00:00,1778816467871,1,1,0,186842079,3,0.1,0.1164,0.0,0.0,-0.06,0.0,DOGUSD,OMEGA_PARTIAL_CL,
192387066,186844697,2026-05-15T03:41:07+00:00,1778816467943,1,1,0,186842709,3,0.1,1.4934,0.0,0.0,-0.41,0.0,XRPUSD,OMEGA_PARTIAL_CL,
192387663,186845067,2026-05-15T03:41:34+00:00,1778816494078,0,1,0,186838870,3,0.06,211.989,0.0,0.0,2.26,0.0,GBPJPY,OMEGA_PARTIAL_CL,
192387666,186845068,2026-05-15T03:41:34+00:00,1778816494161,0,1,0,186841923,3,0.06,211.989,0.0,0.0,2.34,0.0,GBPJPY,OMEGA_PARTIAL_CL,
192389450,186846195,2026-05-15T03:43:59+00:00,1778816639977,1,0,0,186846195,3,0.25,201.861,0.0,0.0,0.0,0.0,CHFJPY,OV2|85bf46|M15|S,
192389576,186846275,2026-05-15T03:44:11+00:00,1778816651369,0,1,0,186841924,3,0.25,211.966,0.0,0.0,13.33,0.0,GBPJPY,OMEGA_PARTIAL_CL,
192389588,186846281,2026-05-15T03:44:12+00:00,1778816652979,1,0,0,186846281,3,0.1,2286.467,0.0,0.0,0.0,0.0,ETHUSD,OV2|4730b0|M15|S,
192389589,186846282,2026-05-15T03:44:13+00:00,1778816653111,1,0,0,186846282,3,0.1,2286.473,0.0,0.0,0.0,0.0,ETHUSD,OV2|4d209b|M15|S,
192389590,186846284,2026-05-15T03:44:13+00:00,1778816653213,1,0,0,186846284,3,0.1,2286.473,0.0,0.0,0.0,0.0,ETHUSD,OV2|4b7049|M15|S,
192389596,186846287,2026-05-15T03:44:14+00:00,1778816654141,0,1,0,186846195,4,0.25,201.892,0.0,0.0,-4.92,0.0,CHFJPY,[sl 201.892],
192390950,186847214,2026-05-15T03:46:03+00:00,1778816763564,0,1,0,186843518,4,0.05,4622.71,0.0,0.0,-14.65,0.0,XAUUSD,[sl 4622.53],
192391011,186847261,2026-05-15T03:46:04+00:00,1778816764115,0,1,0,186846281,4,0.1,2290.032,0.0,0.0,-0.36,0.0,ETHUSD,[sl 2290.012],
192391012,186847262,2026-05-15T03:46:04+00:00,1778816764116,0,1,0,186846282,4,0.1,2290.032,0.0,0.0,-0.36,0.0,ETHUSD,[sl 2290.011],
192391013,186847263,2026-05-15T03:46:04+00:00,1778816764116,0,1,0,186846284,4,0.1,2290.032,0.0,0.0,-0.36,0.0,ETHUSD,[sl 2290.011],
192391864,186847834,2026-05-15T03:47:01+00:00,1778816821233,0,1,0,186842586,4,0.2,184.668,0.0,0.0,-1.65,0.0,EURJPY,[sl 184.668],
192391865,186847835,2026-05-15T03:47:01+00:00,1778816821234,0,1,0,186842592,4,0.2,184.668,0.0,0.0,-2.03,0.0,EURJPY,[sl 184.668],
192393186,186848602,2026-05-15T03:47:53+00:00,1778816873739,0,0,0,186848602,3,0.1,1.4963,0.0,0.0,0.0,0.0,XRPUSD,OV2|b13184|H1|B,
192393524,186848828,2026-05-15T03:48:19+00:00,1778816899271,0,1,0,186841028,4,0.25,201.908,0.0,0.0,-2.38,0.0,CHFJPY,[sl 201.906],
192394121,186849213,2026-05-15T03:49:46+00:00,1778816986195,0,0,0,186849213,3,0.1,0.11699,0.0,0.0,0.0,0.0,DOGUSD,OV2|73ec62|H1|B,
192394200,186849264,2026-05-15T03:49:53+00:00,1778816993222,0,0,0,186849264,3,0.25,158.463,0.0,0.0,0.0,0.0,USDJPY,OV2|db529b|H1|B,
192395927,186850317,2026-05-15T03:51:46+00:00,1778817106027,1,1,0,186842742,3,0.02,97.75,0.0,0.0,0.2,0.0,USOIL+,OMEGA_PARTIAL_CL,
192395932,186850320,2026-05-15T03:51:46+00:00,1778817106362,1,1,0,186849213,3,0.1,0.11654,0.0,0.0,-0.05,0.0,DOGUSD,OMEGA_PARTIAL_CL,
192396040,186850397,2026-05-15T03:52:02+00:00,1778817122221,1,1,0,186848602,4,0.1,1.49305,0.0,0.0,-0.33,0.0,XRPUSD,[sl 1.49315],
192397263,186851297,2026-05-15T03:54:20+00:00,1778817260866,1,1,0,186843067,4,0.1,97.71,0.0,0.0,0.0,0.0,USOIL+,[sl 97.71],
192397849,186851722,2026-05-15T03:55:18+00:00,1778817318533,0,1,0,186838870,4,0.19,212.049,0.0,0.0,0.0,0.0,GBPJPY,[sl 212.049],
192397851,186851725,2026-05-15T03:55:19+00:00,1778817319135,0,1,0,186841923,4,0.19,212.053,0.0,0.0,-0.24,0.0,GBPJPY,[sl 212.051],
192398117,186851924,2026-05-15T03:55:27+00:00,1778817327311,0,0,0,186851924,3,0.22,115.403,0.0,0.0,0.0,0.0,CADJPY,OV2|b222be|H1|B,
192398180,186851961,2026-05-15T03:55:32+00:00,1778817332142,0,0,0,186851961,3,0.22,115.405,0.0,0.0,0.0,0.0,CADJPY,OV2|6aa9dc|H1|B,
192398407,186852107,2026-05-15T03:56:12+00:00,1778817372286,0,0,0,186852107,3,0.1,81522.56,0.0,0.0,0.0,0.0,BTCUSD,OV2|70b6b5|H1|B,
192398420,186852116,2026-05-15T03:56:16+00:00,1778817376651,0,0,0,186852116,3,0.1,81525.46,0.0,0.0,0.0,0.0,BTCUSD,OV2|c856c4|H1|B,
192398515,186852177,2026-05-15T03:56:30+00:00,1778817390073,1,0,0,186852177,3,0.17,184.683,0.0,0.0,0.0,0.0,EURJPY,OV2|149d15|H1|S,
192398523,186852185,2026-05-15T03:56:35+00:00,1778817395498,1,0,0,186852185,3,0.17,184.693,0.0,0.0,0.0,0.0,EURJPY,OV2|0602f5|H1|S,
192398980,186852490,2026-05-15T03:57:21+00:00,1778817441975,1,1,0,186851924,3,0.22,115.37,0.0,0.0,-4.61,0.0,CADJPY,OMEGA_PARTIAL_CL,
192398997,186852509,2026-05-15T03:57:23+00:00,1778817443083,1,1,0,186851961,3,0.22,115.367,0.0,0.0,-5.31,0.0,CADJPY,OMEGA_PARTIAL_CL,
192399020,186852516,2026-05-15T03:57:25+00:00,1778817445468,1,1,0,186849264,4,0.25,158.459,0.0,0.0,-0.63,0.0,USDJPY,[sl 158.460],
192399031,186852522,2026-05-15T03:57:26+00:00,1778817446324,1,1,0,186842550,4,0.25,158.454,0.0,0.0,0.0,0.0,USDJPY,[sl 158.454],
192400062,186853253,2026-05-15T03:59:00+00:00,1778817540559,1,1,0,186842742,4,0.07,97.65,0.0,0.0,-0.0,0.0,USOIL+,[sl 97.65],
192401096,186853857,2026-05-15T03:59:25+00:00,1778817565471,0,1,0,186852177,4,0.17,184.718,0.0,0.0,-3.77,0.0,EURJPY,[sl 184.713],
192401166,186853893,2026-05-15T03:59:30+00:00,1778817570183,0,1,0,186852185,4,0.17,184.723,0.0,0.0,-3.24,0.0,EURJPY,[sl 184.723],
192401964,186854711,2026-05-15T04:00:00+00:00,1778817600677,0,0,0,186854711,3,0.22,115.394,0.0,0.0,0.0,0.0,CADJPY,OV2|660b0b|H1|B,
192403951,186856242,2026-05-15T04:01:06+00:00,1778817666049,0,0,0,186856242,3,0.2,1.37371,0.0,0.0,0.0,0.0,USDCAD,OV2|a05b2c|H1|B,
192403959,186856247,2026-05-15T04:01:06+00:00,1778817666705,0,0,0,186856247,3,0.2,1.37371,0.0,0.0,0.0,0.0,USDCAD,OV2|a5f05a|H1|B,
192405819,186857522,2026-05-15T04:02:56+00:00,1778817776933,1,0,0,186857522,3,0.2,184.679,0.0,0.0,0.0,0.0,EURJPY,OV2|f3d577|M15|S,
192405825,186857530,2026-05-15T04:02:58+00:00,1778817778404,1,0,0,186857530,3,0.2,184.679,0.0,0.0,0.0,0.0,EURJPY,OV2|36af5b|M15|S,
192408400,186859219,2026-05-15T04:04:49+00:00,1778817889820,1,1,0,186854711,3,0.22,115.365,0.0,0.0,-4.05,0.0,CADJPY,OMEGA_PARTIAL_CL,
192408401,186859220,2026-05-15T04:04:49+00:00,1778817889861,1,1,0,186856247,3,0.2,1.37351,0.0,0.0,-2.93,0.0,USDCAD,OMEGA_PARTIAL_CL,
192408406,186859222,2026-05-15T04:04:50+00:00,1778817890717,1,1,0,186856242,3,0.2,1.37353,0.0,0.0,-2.64,0.0,USDCAD,OMEGA_PARTIAL_CL,
192408609,186859359,2026-05-15T04:05:05+00:00,1778817905255,0,1,0,186857522,4,0.2,184.712,0.0,0.0,-4.18,0.0,EURJPY,[sl 184.712],
192408610,186859360,2026-05-15T04:05:05+00:00,1778817905256,0,1,0,186857530,4,0.2,184.712,0.0,0.0,-4.18,0.0,EURJPY,[sl 184.712],
192410054,186860312,2026-05-15T04:06:49+00:00,1778818009501,1,1,0,186852116,4,0.1,81523.98,0.0,0.0,-0.15,0.0,BTCUSD,[sl 81525.46],
192410079,186860329,2026-05-15T04:06:53+00:00,1778818013123,1,1,0,186852107,4,0.1,81522.54,0.0,0.0,-0.0,0.0,BTCUSD,[sl 81522.56],
192410366,186860590,2026-05-15T04:06:55+00:00,1778818015810,1,0,0,186860590,3,0.25,212.013,0.0,0.0,0.0,0.0,GBPJPY,OV2|4ab54f|H1|S,
192410703,186860698,2026-05-15T04:06:58+00:00,1778818018001,1,0,0,186860698,3,0.12,212.013,0.0,0.0,0.0,0.0,GBPJPY,OV2|3b1225|M15|S,
192412606,186861862,2026-05-15T04:08:11+00:00,1778818091006,0,0,0,186861862,3,0.19,115.376,0.0,0.0,0.0,0.0,CADJPY,OV2|96f0ff|H1|B,
192412665,186861909,2026-05-15T04:08:20+00:00,1778818100398,0,0,0,186861909,3,0.25,158.467,0.0,0.0,0.0,0.0,USDJPY,OV2|4af48d|H1|B,
192412691,186861932,2026-05-15T04:08:23+00:00,1778818103358,0,0,0,186861932,3,0.25,158.468,0.0,0.0,0.0,0.0,USDJPY,OV2|2de6ce|M15|B,
192412692,186861933,2026-05-15T04:08:23+00:00,1778818103404,0,0,0,186861933,3,0.25,158.468,0.0,0.0,0.0,0.0,USDJPY,OV2|a9ef16|M15|B,
192413469,186862421,2026-05-15T04:09:31+00:00,1778818171134,1,0,0,186862421,3,0.1,2291.761,0.0,0.0,0.0,0.0,ETHUSD,OV2|fddb02|M15|S,
192413472,186862422,2026-05-15T04:09:31+00:00,1778818171191,1,0,0,186862422,3,0.1,2291.761,0.0,0.0,0.0,0.0,ETHUSD,OV2|5464a6|M15|S,
192413473,186862423,2026-05-15T04:09:31+00:00,1778818171270,1,0,0,186862423,3,0.1,2291.496,0.0,0.0,0.0,0.0,ETHUSD,OV2|987f0b|M15|S,
192413612,186862516,2026-05-15T04:09:45+00:00,1778818185760,1,0,0,186862516,3,0.05,4611.41,0.0,0.0,0.0,0.0,XAUUSD,OV2|59b7e1|H4|S,
192413624,186862519,2026-05-15T04:09:45+00:00,1778818185896,1,0,0,186862519,3,0.05,4611.41,0.0,0.0,0.0,0.0,XAUUSD,OV2|7843a4|H4|S,
192413628,186862523,2026-05-15T04:09:45+00:00,1778818185946,1,0,0,186862523,3,0.05,4611.36,0.0,0.0,0.0,0.0,XAUUSD,OV2|1f370e|H4|S,
192415345,186863555,2026-05-15T04:11:01+00:00,1778818261443,0,0,0,186863555,3,0.1,0.11697,0.0,0.0,0.0,0.0,DOGUSD,OV2|e39145|M15|B,
192415348,186863558,2026-05-15T04:11:01+00:00,1778818261650,0,0,0,186863558,3,0.1,0.11698,0.0,0.0,0.0,0.0,DOGUSD,OV2|660080|M15|B,
192415496,186863649,2026-05-15T04:11:07+00:00,1778818267670,0,0,0,186863649,3,0.1,97.86,0.0,0.0,0.0,0.0,USOIL+,OV2|16bc21|H1|B,
192415500,186863656,2026-05-15T04:11:09+00:00,1778818269374,0,0,0,186863656,3,0.1,97.86,0.0,0.0,0.0,0.0,USOIL+,OV2|768265|M15|B,
192415600,186863715,2026-05-15T04:11:23+00:00,1778818283712,1,1,0,186863555,3,0.1,0.11653,0.0,0.0,-0.04,0.0,DOGUSD,OMEGA_PARTIAL_CL,
192415601,186863717,2026-05-15T04:11:23+00:00,1778818283767,1,1,0,186861862,3,0.19,115.353,0.0,0.0,-2.78,0.0,CADJPY,OMEGA_PARTIAL_CL,
192416557,186864349,2026-05-15T04:13:20+00:00,1778818400033,1,1,0,186863558,3,0.1,0.11666,0.0,0.0,-0.03,0.0,DOGUSD,OMEGA_PARTIAL_CL,
192417194,186864747,2026-05-15T04:14:14+00:00,1778818454909,1,1,0,186863649,4,0.1,97.86,0.0,0.0,-0.0,0.0,USOIL+,[sl 97.86],
192417195,186864748,2026-05-15T04:14:14+00:00,1778818454909,1,1,0,186863656,4,0.1,97.86,0.0,0.0,-0.0,0.0,USOIL+,[sl 97.86],
192418353,186865595,2026-05-15T04:15:41+00:00,1778818541313,0,0,0,186865595,3,0.1,1.49735,0.0,0.0,0.0,0.0,XRPUSD,OV2|82b1ba|H1|B,
192419528,186866422,2026-05-15T04:16:18+00:00,1778818578751,0,1,0,186862516,4,0.05,4618.94,0.0,0.0,-37.65,0.0,XAUUSD,[sl 4618.89],
192419530,186866423,2026-05-15T04:16:18+00:00,1778818578752,0,1,0,186862519,4,0.05,4618.94,0.0,0.0,-37.65,0.0,XAUUSD,[sl 4618.89],
192419531,186866424,2026-05-15T04:16:18+00:00,1778818578752,0,1,0,186862523,4,0.05,4618.94,0.0,0.0,-37.9,0.0,XAUUSD,[sl 4618.89],
192419965,186866687,2026-05-15T04:16:43+00:00,1778818603613,0,1,0,186862421,4,0.1,2294.44,0.0,0.0,-0.27,0.0,ETHUSD,[sl 2294.392],
192419966,186866688,2026-05-15T04:16:43+00:00,1778818603614,0,1,0,186862422,4,0.1,2294.44,0.0,0.0,-0.27,0.0,ETHUSD,[sl 2294.392],
192419967,186866689,2026-05-15T04:16:43+00:00,1778818603614,0,1,0,186862423,4,0.1,2294.44,0.0,0.0,-0.29,0.0,ETHUSD,[sl 2294.392],
192421199,186867469,2026-05-15T04:17:34+00:00,1778818654562,1,1,0,186865595,4,0.1,1.49485,0.0,0.0,-0.25,0.0,XRPUSD,[sl 1.49486],
192425913,186870628,2026-05-15T04:24:11+00:00,1778819051086,1,1,0,186861909,4,0.25,158.439,0.0,0.0,-4.45,0.0,USDJPY,[sl 158.442],
192425916,186870629,2026-05-15T04:24:11+00:00,1778819051087,1,1,0,186861932,4,0.25,158.439,0.0,0.0,-4.61,0.0,USDJPY,[sl 158.441],
192425917,186870630,2026-05-15T04:24:11+00:00,1778819051087,1,1,0,186861933,4,0.25,158.439,0.0,0.0,-4.61,0.0,USDJPY,[sl 158.441],
192429111,186872798,2026-05-15T04:27:50+00:00,1778819270545,0,0,0,186872798,3,0.1,0.11707,0.0,0.0,0.0,0.0,DOGUSD,OV2|1ac6c4|H1|B,
192429113,186872800,2026-05-15T04:27:50+00:00,1778819270778,0,0,0,186872800,3,0.1,0.11706,0.0,0.0,0.0,0.0,DOGUSD,OV2|c1c9e2|H1|B,
192429114,186872801,2026-05-15T04:27:50+00:00,1778819270994,0,0,0,186872801,3,0.1,0.11705,0.0,0.0,0.0,0.0,DOGUSD,OV2|fcde29|H1|B,
192429144,186872824,2026-05-15T04:27:54+00:00,1778819274661,0,0,0,186872824,3,0.1,103.9,0.0,0.0,0.0,0.0,UKOIL+,OV2|c6ce90|H4|B,
192429896,186873323,2026-05-15T04:28:47+00:00,1778819327091,1,0,0,186873323,3,0.05,4613.31,0.0,0.0,0.0,0.0,XAUUSD,OV2|b780e2|H4|S,
192429899,186873325,2026-05-15T04:28:47+00:00,1778819327216,1,0,0,186873325,3,0.05,4612.97,0.0,0.0,0.0,0.0,XAUUSD,OV2|b495b2|H4|S,
192431802,186874699,2026-05-15T04:30:20+00:00,1778819420135,1,0,0,186874699,3,0.2,184.664,0.0,0.0,0.0,0.0,EURJPY,OV2|fc4a5d|H1|S,
192431813,186874709,2026-05-15T04:30:21+00:00,1778819421034,1,0,0,186874709,3,0.2,184.664,0.0,0.0,0.0,0.0,EURJPY,OV2|e0dd93|H1|S,
192432105,186874909,2026-05-15T04:30:40+00:00,1778819440413,0,0,0,186874909,3,0.2,0.78536,0.0,0.0,0.0,0.0,USDCHF,OV2|c74fac|H1|B,
192432118,186874919,2026-05-15T04:30:41+00:00,1778819441643,0,0,0,186874919,3,0.2,0.78534,0.0,0.0,0.0,0.0,USDCHF,OV2|35a7cf|H1|B,
192432194,186874970,2026-05-15T04:30:48+00:00,1778819448097,0,1,0,186860590,3,0.06,211.909,0.0,0.0,3.92,0.0,GBPJPY,OMEGA_PARTIAL_CL,
192432199,186874973,2026-05-15T04:30:48+00:00,1778819448234,0,1,0,186860698,3,0.03,211.907,0.0,0.0,2.0,0.0,GBPJPY,OMEGA_PARTIAL_CL,
192432254,186875014,2026-05-15T04:30:49+00:00,1778819449814,1,1,0,186872798,3,0.1,0.11623,0.0,0.0,-0.08,0.0,DOGUSD,OMEGA_PARTIAL_CL,
192435645,186877283,2026-05-15T04:35:13+00:00,1778819713541,1,1,0,186874909,4,0.2,0.78521,0.0,0.0,-3.84,0.0,USDCHF,[sl 0.78521],
192435856,186877445,2026-05-15T04:35:36+00:00,1778819736388,1,1,0,186874919,4,0.2,0.78519,0.0,0.0,-3.84,0.0,USDCHF,[sl 0.78519],
192438853,186879567,2026-05-15T04:40:04+00:00,1778820004590,1,1,0,186872824,4,0.1,103.75,0.0,0.0,-1.5,0.0,UKOIL+,[sl 103.75],
192440154,186880522,2026-05-15T04:42:50+00:00,1778820170459,0,1,0,186873325,4,0.05,4622.0,0.0,0.0,-45.15,0.0,XAUUSD,[sl 4621.86],
192440311,186880626,2026-05-15T04:43:00+00:00,1778820180572,0,1,0,186873323,4,0.05,4622.54,0.0,0.0,-46.15,0.0,XAUUSD,[sl 4622.46],
192452358,186889201,2026-05-15T05:01:40+00:00,1778821300192,0,1,0,186874709,4,0.2,184.698,0.0,0.0,-4.32,0.0,EURJPY,[sl 184.692],
192461833,186896256,2026-05-15T05:26:45+00:00,1778822805765,0,1,0,186874699,4,0.2,184.703,0.0,0.0,-4.95,0.0,EURJPY,[sl 184.703],
192470623,186902955,2026-05-15T05:51:41+00:00,1778824301327,0,1,0,186860590,4,0.19,212.013,0.0,0.0,0.0,0.0,GBPJPY,[sl 212.013],
192470624,186902956,2026-05-15T05:51:41+00:00,1778824301328,0,1,0,186860698,4,0.09,212.013,0.0,0.0,0.0,0.0,GBPJPY,[sl 212.013],
192470931,186903178,2026-05-15T05:51:44+00:00,1778824304387,0,1,0,186840945,4,0.07,1.16575,0.0,0.0,-0.07,0.0,EURUSD,[sl 1.16574],
192470932,186903179,2026-05-15T05:51:44+00:00,1778824304387,0,1,0,186840948,4,0.07,1.16575,0.0,0.0,-0.07,0.0,EURUSD,[sl 1.16574],
192507081,186928934,2026-05-15T07:45:54+00:00,1778831154103,0,1,0,186840295,5,0.05,0.58772,0.0,0.0,11.1,0.0,NZDUSD,[tp 0.58772],
192507082,186928935,2026-05-15T07:45:54+00:00,1778831154103,0,1,0,186840297,5,0.05,0.58772,0.0,0.0,11.1,0.0,NZDUSD,[tp 0.58772],
192537396,186949288,2026-05-15T08:32:11+00:00,1778833931551,1,1,0,186872800,4,0.1,0.11307,0.0,0.0,-0.4,0.0,DOGUSD,[sl 0.11307],
192537547,186949385,2026-05-15T08:32:13+00:00,1778833933090,1,1,0,186872801,4,0.1,0.11305,0.0,0.0,-0.4,0.0,DOGUSD,[sl 0.11306],
192548707,186956602,2026-05-15T08:45:22+00:00,1778834722685,0,1,0,186814764,5,0.14,1.3348900000000001,0.0,0.0,63.0,0.0,GBPUSD,[tp 1.33489],
192548708,186956603,2026-05-15T08:45:22+00:00,1778834722686,0,1,0,186814783,5,0.19,1.3348900000000001,0.0,0.0,85.5,0.0,GBPUSD,[tp 1.33489],
192619062,187007880,2026-05-15T11:08:56+00:00,1778843336851,1,1,0,186757982,5,0.07,104.67,0.0,0.04,12.6,0.0,UKOIL+,[tp 104.67],
192981176,187272307,2026-05-16T01:08:08+00:00,1778893688599,0,0,0,187272307,3,0.1,0.11346,0.0,0.0,0.0,0.0,DOGUSD,OV2|1a3216|M15|B,
192981216,187272343,2026-05-16T01:10:07+00:00,1778893807575,1,1,0,187272307,3,0.1,0.11324,0.0,0.0,-0.02,0.0,DOGUSD,OMEGA_PARTIAL_CL,
192981415,187272487,2026-05-16T01:27:14+00:00,1778894834652,1,0,0,187272487,3,0.1,2219.392,0.0,0.0,0.0,0.0,ETHUSD,OV2|1184ad|H1|S,
192981445,187272514,2026-05-16T01:30:43+00:00,1778895043415,0,1,0,187272487,4,0.1,2221.303,0.0,0.0,-0.19,0.0,ETHUSD,[sl 2221.128],
193064513,187344012,2026-05-18T01:34:33+00:00,1779068073923,1,0,0,187344012,3,0.05,4546.97,0.0,0.0,0.0,0.0,XAUUSD,OV2|f41715|H1|S,
193064943,187344322,2026-05-18T01:35:58+00:00,1779068158766,1,0,0,187344322,3,0.15,23867.2,0.0,0.0,0.0,0.0,GER40,OV2|60a5c4|M15|S,
193066049,187345109,2026-05-18T01:39:07+00:00,1779068347856,0,0,0,187345109,3,0.18,184.58,0.0,0.0,0.0,0.0,EURJPY,OV2|b1748f|M15|B,
193066327,187345348,2026-05-18T01:40:00+00:00,1779068400319,0,1,0,187344322,4,0.15,23883.05,0.0,0.0,-2.79,0.0,GER40,[sl 23880.72],
193066646,187345588,2026-05-18T01:40:48+00:00,1779068448918,0,1,0,187344012,4,0.05,4554.01,0.0,0.0,-35.2,0.0,XAUUSD,[sl 4553.91],
193067726,187346382,2026-05-18T01:44:05+00:00,1779068645791,1,0,0,187346382,3,0.23,211.409,0.0,0.0,0.0,0.0,GBPJPY,OV2|c9d2cc|H1|S,
193068942,187347272,2026-05-18T01:47:58+00:00,1779068878619,1,0,0,187347272,3,0.04,4552.5,0.0,0.0,0.0,0.0,XAUUSD,OV2|0f5964|H1|S,
193069070,187347379,2026-05-18T01:48:54+00:00,1779068934925,0,0,0,187347379,3,0.21,115.491,0.0,0.0,0.0,0.0,CADJPY,OV2|bfa348|H1|B,
193069118,187347415,2026-05-18T01:49:25+00:00,1779068965676,0,0,0,187347415,3,0.1,101.94,0.0,0.0,0.0,0.0,USOIL+,OV2|fea41b|H1|B,
193069170,187347458,2026-05-18T01:50:03+00:00,1779069003695,1,1,0,187345109,3,0.18,184.556,0.0,0.0,-2.74,0.0,EURJPY,OMEGA_PARTIAL_CL,
193069171,187347460,2026-05-18T01:50:03+00:00,1779069003856,1,1,0,187347379,3,0.21,115.471,0.0,0.0,-2.66,0.0,CADJPY,OMEGA_PARTIAL_CL,
193069176,187347467,2026-05-18T01:50:05+00:00,1779069005339,0,1,0,187346382,4,0.23,211.456,0.0,0.0,-6.85,0.0,GBPJPY,[sl 211.452],
193071195,187348824,2026-05-18T01:56:04+00:00,1779069364061,1,1,0,187347415,4,0.1,101.81,0.0,0.0,-1.3,0.0,USOIL+,[sl 101.81],
193071831,187349216,2026-05-18T01:57:02+00:00,1779069422873,1,0,0,187349216,3,0.25,1.3314599999999999,0.0,0.0,0.0,0.0,GBPUSD,OV2|a2a1c8|H1|S,
193072850,187349879,2026-05-18T01:58:52+00:00,1779069532219,1,0,0,187349879,3,0.12,23876.15,0.0,0.0,0.0,0.0,GER40,OV2|ab18b0|M15|S,
193073531,187350734,2026-05-18T02:01:35+00:00,1779069695496,0,1,0,187349216,3,0.25,1.33175,0.0,0.0,-7.25,0.0,GBPUSD,OMEGA_PARTIAL_CL,
193074037,187351083,2026-05-18T02:04:09+00:00,1779069849649,1,0,0,187351083,3,0.1,2176.355,0.0,0.0,0.0,0.0,ETHUSD,OV2|9df1e2|H1|S,
193074071,187351107,2026-05-18T02:04:35+00:00,1779069875404,0,0,0,187351107,3,0.25,201.838,0.0,0.0,0.0,0.0,CHFJPY,OV2|d3e923|M15|B,
193074585,187351428,2026-05-18T02:05:39+00:00,1779069939050,1,0,0,187351428,3,0.2,113.525,0.0,0.0,0.0,0.0,AUDJPY,OV2|7b62f2|H1|S,
193076672,187352727,2026-05-18T02:09:31+00:00,1779070171254,0,1,0,187347272,3,0.01,4541.95,0.0,0.0,10.55,0.0,XAUUSD,OMEGA_PARTIAL_CL,
193076675,187352728,2026-05-18T02:09:31+00:00,1779070171466,0,1,0,187351083,3,0.1,2172.298,0.0,0.0,0.41,0.0,ETHUSD,OMEGA_PARTIAL_CL,
193076676,187352730,2026-05-18T02:09:31+00:00,1779070171508,1,1,0,187351107,3,0.25,201.804,0.0,0.0,-5.38,0.0,CHFJPY,OMEGA_PARTIAL_CL,
193077641,187353331,2026-05-18T02:11:30+00:00,1779070290515,0,1,0,187351428,4,0.2,113.55,0.0,0.0,-3.17,0.0,AUDJPY,[sl 113.548],
193079127,187354401,2026-05-18T02:17:18+00:00,1779070638062,0,1,0,187349879,5,0.12,23843.55,0.0,0.0,4.51,0.0,GER40,[tp 23843.77],
193080908,187355507,2026-05-18T02:20:52+00:00,1779070852439,1,0,0,187355507,3,0.15,113.488,0.0,0.0,0.0,0.0,AUDJPY,OV2|1b3737|H4|S,
193081530,187355923,2026-05-18T02:22:51+00:00,1779070971966,1,0,0,187355923,3,0.22,211.512,0.0,0.0,0.0,0.0,GBPJPY,OV2|ac40c6|H4|S,
193081993,187356237,2026-05-18T02:24:38+00:00,1779071078615,0,0,0,187356237,3,0.25,201.831,0.0,0.0,0.0,0.0,CHFJPY,OV2|248c62|M15|B,
193082690,187356708,2026-05-18T02:26:38+00:00,1779071198168,1,1,0,187356237,3,0.25,201.798,0.0,0.0,-5.22,0.0,CHFJPY,OMEGA_PARTIAL_CL,
193083464,187357213,2026-05-18T02:29:04+00:00,1779071344019,1,0,0,187357213,3,0.1,2169.458,0.0,0.0,0.0,0.0,ETHUSD,OV2|1cbd80|H1|S,
193083615,187357310,2026-05-18T02:29:46+00:00,1779071386207,0,0,0,187357310,3,0.25,201.829,0.0,0.0,0.0,0.0,CHFJPY,OV2|037913|M15|B,
193085268,187358373,2026-05-18T02:30:24+00:00,1779071424351,1,0,0,187358373,3,0.25,1.33128,0.0,0.0,0.0,0.0,GBPUSD,OV2|cb264b|H1|S,
193085871,187358788,2026-05-18T02:31:35+00:00,1779071495725,0,1,0,187355923,4,0.22,211.541,0.0,0.0,-4.04,0.0,GBPJPY,[sl 211.541],
193085961,187358850,2026-05-18T02:32:03+00:00,1779071523920,0,0,0,187358850,3,0.25,158.866,0.0,0.0,0.0,0.0,USDJPY,OV2|03a139|H1|B,
193086225,187359035,2026-05-18T02:33:00+00:00,1779071580510,0,1,0,187357213,4,0.1,2170.984,0.0,0.0,-0.15,0.0,ETHUSD,[sl 2170.958],
193086423,187359179,2026-05-18T02:34:03+00:00,1779071643611,0,1,0,187355507,3,0.04,113.45,0.0,0.0,0.95,0.0,AUDJPY,OMEGA_PARTIAL_CL,
193086426,187359181,2026-05-18T02:34:03+00:00,1779071643719,0,1,0,187358373,3,0.25,1.33161,0.0,0.0,-8.25,0.0,GBPUSD,OMEGA_PARTIAL_CL,
193086609,187359306,2026-05-18T02:34:12+00:00,1779071652129,1,1,0,187358850,4,0.25,158.847,0.0,0.0,-3.01,0.0,USDJPY,[sl 158.848],
193086610,187359307,2026-05-18T02:34:12+00:00,1779071652237,1,1,0,187357310,4,0.25,201.799,0.0,0.0,-4.75,0.0,CHFJPY,[sl 201.803],
193087992,187360211,2026-05-18T02:37:20+00:00,1779071840067,1,0,0,187360211,3,0.25,1.33141,0.0,0.0,0.0,0.0,GBPUSD,OV2|40337f|H1|S,
193088514,187360606,2026-05-18T02:39:30+00:00,1779071970060,0,0,0,187360606,3,0.25,158.866,0.0,0.0,0.0,0.0,USDJPY,OV2|3fcfb5|H1|B,
193089756,187361587,2026-05-18T02:40:31+00:00,1779072031641,0,1,0,187347272,5,0.03,4534.28,0.0,0.0,54.66,0.0,XAUUSD,[tp 4534.62],
193091936,187362972,2026-05-18T02:41:22+00:00,1779072082835,1,0,0,187362972,3,0.2,0.58305,0.0,0.0,0.0,0.0,NZDUSD,OV2|752185|H1|S,
193093076,187363891,2026-05-18T02:42:08+00:00,1779072128345,0,1,0,187360211,3,0.06,1.3311,0.0,0.0,1.8599999999999999,0.0,GBPUSD,OMEGA_PARTIAL_CL,
193093077,187363892,2026-05-18T02:42:08+00:00,1779072128405,0,1,0,187362972,3,0.2,0.58326,0.0,0.0,-4.2,0.0,NZDUSD,OMEGA_PARTIAL_CL,
193095645,187365712,2026-05-18T02:46:22+00:00,1779072382573,1,1,0,187360606,4,0.25,158.843,0.0,0.0,-3.64,0.0,USDJPY,[sl 158.848],
193096290,187366148,2026-05-18T02:47:39+00:00,1779072459811,1,0,0,187366148,3,0.2,0.58307,0.0,0.0,0.0,0.0,NZDUSD,OV2|d06e29|H1|S,
193096337,187366178,2026-05-18T02:47:54+00:00,1779072474085,0,0,0,187366178,3,0.2,1.3761999999999999,0.0,0.0,0.0,0.0,USDCAD,OV2|c951bf|H1|B,
193097598,187367110,2026-05-18T02:50:09+00:00,1779072609894,0,1,0,187366148,3,0.2,0.5834,0.0,0.0,-6.6,0.0,NZDUSD,OMEGA_PARTIAL_CL,
193097927,187367353,2026-05-18T02:51:57+00:00,1779072717466,1,0,0,187367353,3,0.23,211.432,0.0,0.0,0.0,0.0,GBPJPY,OV2|096232|H1|S,
193098395,187367682,2026-05-18T02:52:45+00:00,1779072765994,0,0,0,187367682,3,0.25,201.78,0.0,0.0,0.0,0.0,CHFJPY,OV2|4bc499|M15|B,
193100897,187369542,2026-05-18T02:55:44+00:00,1779072944301,1,0,0,187369542,3,0.05,4538.14,0.0,0.0,0.0,0.0,XAUUSD,OV2|c83a08|H1|S,
193100937,187369581,2026-05-18T02:55:59+00:00,1779072959105,0,0,0,187369581,3,0.1,102.19,0.0,0.0,0.0,0.0,USOIL+,OV2|5c20a5|H1|B,
193101053,187369656,2026-05-18T02:56:23+00:00,1779072983016,0,1,0,187369542,4,0.05,4540.68,0.0,0.0,-12.7,0.0,XAUUSD,[sl 4540.62],
193102255,187370532,2026-05-18T02:58:36+00:00,1779073116346,1,1,0,187369581,3,0.1,101.96,0.0,0.0,-2.3,0.0,USOIL+,OMEGA_PARTIAL_CL,
193102280,187370553,2026-05-18T02:58:41+00:00,1779073121096,1,1,0,187367682,4,0.25,201.75,0.0,0.0,-4.75,0.0,CHFJPY,[sl 201.752],
193103198,187371618,2026-05-18T03:00:10+00:00,1779073210044,0,1,0,187367353,4,0.23,211.47,0.0,0.0,-5.53,0.0,GBPJPY,[sl 211.468],
193103658,187371940,2026-05-18T03:00:34+00:00,1779073234579,1,0,0,187371940,3,0.01,76.61,0.0,0.0,0.0,0.0,XAGUSD,OV2|cd35ed|H1|S,
193104072,187372181,2026-05-18T03:00:48+00:00,1779073248539,1,0,0,187372181,3,0.1,1.39805,0.0,0.0,0.0,0.0,XRPUSD,OV2|9e867d|H1|S,
193104073,187372182,2026-05-18T03:00:48+00:00,1779073248557,1,1,0,187366178,4,0.2,1.37606,0.0,0.0,-2.04,0.0,USDCAD,[sl 1.37606],
193105917,187373428,2026-05-18T03:02:45+00:00,1779073365012,0,1,0,187360211,4,0.19,1.33141,0.0,0.0,0.0,0.0,GBPUSD,[sl 1.33141],
193109975,187376106,2026-05-18T03:05:34+00:00,1779073534715,0,1,0,187355507,5,0.11,113.225,0.0,0.0,18.1,0.0,AUDJPY,[tp 113.227],
193111602,187377207,2026-05-18T03:06:29+00:00,1779073589840,0,0,0,187377207,3,0.25,158.843,0.0,0.0,0.0,0.0,USDJPY,OV2|569f99|H1|B,
193113212,187378302,2026-05-18T03:08:40+00:00,1779073720979,1,0,0,187378302,3,0.1,77042.78,0.0,0.0,0.0,0.0,BTCUSD,OV2|1c50db|H1|S,
193115003,187379393,2026-05-18T03:09:35+00:00,1779073775888,1,0,0,187379393,3,0.12,23739.55,0.0,0.0,0.0,0.0,GER40,OV2|85f3a6|M15|S,
193117600,187381054,2026-05-18T03:11:25+00:00,1779073885532,1,1,0,187377207,4,0.25,158.819,0.0,0.0,-3.8,0.0,USDJPY,[sl 158.820],
193117718,187381126,2026-05-18T03:11:33+00:00,1779073893054,0,0,0,187381126,3,0.2,1.37586,0.0,0.0,0.0,0.0,USDCAD,OV2|100f99|H1|B,
193118141,187381391,2026-05-18T03:11:47+00:00,1779073907355,0,1,0,187371940,4,0.01,76.61,0.0,0.0,-0.0,0.0,XAGUSD,[sl 76.610],
193118214,187381416,2026-05-18T03:11:48+00:00,1779073908956,0,1,0,187379393,4,0.12,23745.55,0.0,0.0,-0.85,0.0,GER40,[sl 23745.05],
193118348,187381502,2026-05-18T03:11:57+00:00,1779073917356,0,1,0,187378302,4,0.1,77058.79,0.0,0.0,-1.6,0.0,BTCUSD,[sl 77057.78],
193119037,187381955,2026-05-18T03:12:56+00:00,1779073976374,0,0,0,187381955,3,0.2,0.78701,0.0,0.0,0.0,0.0,USDCHF,OV2|096ed5|H1|B,
193125431,187386038,2026-05-18T03:17:15+00:00,1779074235034,1,0,0,187386038,3,0.25,1.16148,0.0,0.0,0.0,0.0,EURUSD,OV2|d67188|M15|S,
193125877,187386359,2026-05-18T03:17:57+00:00,1779074277266,0,0,0,187386359,3,0.25,201.859,0.0,0.0,0.0,0.0,CHFJPY,OV2|702895|M15|B,
193126306,187386668,2026-05-18T03:18:35+00:00,1779074315952,1,0,0,187386668,3,0.1,646.3,0.0,0.0,0.0,0.0,BNBUSD,OV2|cf71d7|H1|S,
193127555,187387584,2026-05-18T03:20:04+00:00,1779074404414,1,1,0,187381126,4,0.2,1.37586,0.0,0.0,0.0,0.0,USDCAD,[sl 1.37586],
193130996,187389909,2026-05-18T03:22:31+00:00,1779074551758,1,1,0,187386359,4,0.25,201.816,0.0,0.0,-6.81,0.0,CHFJPY,[sl 201.816],
193131238,187390067,2026-05-18T03:23:01+00:00,1779074581940,0,1,0,187386038,4,0.25,1.16172,0.0,0.0,-6.0,0.0,EURUSD,[sl 1.16172],
193134018,187391844,2026-05-18T03:24:36+00:00,1779074676899,1,0,0,187391844,3,0.25,211.437,0.0,0.0,0.0,0.0,GBPJPY,OV2|24ab92|H1|S,
193134926,187392458,2026-05-18T03:25:33+00:00,1779074733899,1,0,0,187392458,3,0.2,0.58301,0.0,0.0,0.0,0.0,NZDUSD,OV2|02ede0|H1|S,
193135018,187392527,2026-05-18T03:25:47+00:00,1779074747057,0,1,0,187372181,4,0.1,1.3986,0.0,0.0,-0.06,0.0,XRPUSD,[sl 1.39805],
193135970,187393144,2026-05-18T03:27:38+00:00,1779074858707,0,0,0,187393144,3,0.2,1.37622,0.0,0.0,0.0,0.0,USDCAD,OV2|322d11|H1|B,
193136319,187393368,2026-05-18T03:28:34+00:00,1779074914948,0,0,0,187393368,3,0.1,106.37,0.0,0.0,0.0,0.0,UKOIL+,OV2|cf1f5d|H1|B,
193138566,187394839,2026-05-18T03:30:59+00:00,1779075059253,0,1,0,187391844,4,0.25,211.441,0.0,0.0,-0.63,0.0,GBPJPY,[sl 211.437],
193138825,187395018,2026-05-18T03:31:27+00:00,1779075087675,1,1,0,187393144,4,0.2,1.37596,0.0,0.0,-3.8,0.0,USDCAD,[sl 1.37597],
193139347,187395357,2026-05-18T03:32:58+00:00,1779075178919,1,0,0,187395357,3,0.1,84.988,0.0,0.0,0.0,0.0,SOLUSD,OV2|2df2b8|H1|S,
193141988,187396898,2026-05-18T03:33:38+00:00,1779075218633,1,0,0,187396898,3,0.25,1.16141,0.0,0.0,0.0,0.0,EURUSD,OV2|5c17d2|H1|S,
193152568,187403392,2026-05-18T03:35:42+00:00,1779075342388,0,0,0,187403392,3,0.25,158.853,0.0,0.0,0.0,0.0,USDJPY,OV2|4d64b4|H1|B,
193152825,187403551,2026-05-18T03:35:56+00:00,1779075356523,0,0,0,187403551,3,0.24,115.466,0.0,0.0,0.0,0.0,CADJPY,OV2|1c7aa8|H1|B,
193155096,187405007,2026-05-18T03:37:52+00:00,1779075472261,0,1,0,187386668,4,0.1,646.31,0.0,0.0,-0.0,0.0,BNBUSD,[sl 646.30],
193155271,187405119,2026-05-18T03:38:01+00:00,1779075481651,1,1,0,187403551,4,0.24,115.444,0.0,0.0,-3.34,0.0,CADJPY,[sl 115.444],
193156316,187405764,2026-05-18T03:39:31+00:00,1779075571254,1,0,0,187405764,3,0.17,23777.4,0.0,0.0,0.0,0.0,GER40,OV2|805d44|M15|S,
193159445,187407773,2026-05-18T03:41:50+00:00,1779075710937,1,0,0,187407773,3,0.01,74.418,0.0,0.0,0.0,0.0,XAGUSD,OV2|8f7254|M15|S,
193161297,187409057,2026-05-18T03:44:43+00:00,1779075883076,0,0,0,187409057,3,0.1,102.38,0.0,0.0,0.0,0.0,USOIL+,OV2|afd9f8|H1|B,
193161452,187409156,2026-05-18T03:44:49+00:00,1779075889194,1,1,0,187381955,3,0.05,0.78742,0.0,0.0,2.58,0.0,USDCHF,OMEGA_PARTIAL_CL,
193161513,187409226,2026-05-18T03:44:49+00:00,1779075889344,1,1,0,187393368,3,0.03,106.79,0.0,0.0,1.26,0.0,UKOIL+,OMEGA_PARTIAL_CL,
193161514,187409227,2026-05-18T03:44:49+00:00,1779075889373,1,1,0,187393368,3,0.02,106.79,0.0,0.0,0.84,0.0,UKOIL+,OMEGA_PARTIAL_CL,
193161557,187409258,2026-05-18T03:44:49+00:00,1779075889510,0,1,0,187396898,3,0.06,1.16113,0.0,0.0,1.6800000000000002,0.0,EURUSD,OMEGA_PARTIAL_CL,
193163517,187410530,2026-05-18T03:46:09+00:00,1779075969682,0,1,0,187407773,4,0.01,74.42,0.0,0.0,-0.1,0.0,XAGUSD,[sl 74.418],
193164561,187411220,2026-05-18T03:47:37+00:00,1779076057389,0,0,0,187411220,3,0.25,115.464,0.0,0.0,0.0,0.0,CADJPY,OV2|0e6b31|H1|B,
193165125,187411588,2026-05-18T03:48:34+00:00,1779076114844,0,1,0,187405764,4,0.17,23777.4,0.0,0.0,0.0,0.0,GER40,[sl 23777.40],
193167976,187413385,2026-05-18T03:52:46+00:00,1779076366017,0,1,0,187392458,3,0.05,0.58272,0.0,0.0,1.45,0.0,NZDUSD,OMEGA_PARTIAL_CL,
193167977,187413386,2026-05-18T03:52:46+00:00,1779076366149,1,1,0,187403392,3,0.06,158.911,0.0,0.0,2.18,0.0,USDJPY,OMEGA_PARTIAL_CL,
193167978,187413387,2026-05-18T03:52:46+00:00,1779076366184,1,1,0,187403392,3,0.05,158.911,0.0,0.0,1.81,0.0,USDJPY,OMEGA_PARTIAL_CL,
193173433,187416856,2026-05-18T03:57:14+00:00,1779076634273,0,1,0,187395357,4,0.1,85.196,0.0,0.0,-0.02,0.0,SOLUSD,[sl 85.196],
193177495,187419683,2026-05-18T04:00:01+00:00,1779076801350,1,1,0,187409057,4,0.1,102.38,0.0,0.0,0.0,0.0,USOIL+,[sl 102.38],
193179597,187421132,2026-05-18T04:00:48+00:00,1779076848320,1,1,0,187411220,3,0.06,115.502,0.0,0.0,1.42,0.0,CADJPY,OMEGA_PARTIAL_CL,
193181994,187422673,2026-05-18T04:02:45+00:00,1779076965208,1,0,0,187422673,3,0.18,211.489,0.0,0.0,0.0,0.0,GBPJPY,OV2|da80c1|H4|S,
193182436,187422951,2026-05-18T04:02:56+00:00,1779076976170,1,0,0,187422951,3,0.17,23770.9,0.0,0.0,0.0,0.0,GER40,OV2|2d2140|M15|S,
193186504,187425578,2026-05-18T04:06:11+00:00,1779077171105,0,1,0,187422951,4,0.17,23777.9,0.0,0.0,-1.39,0.0,GER40,[sl 23776.85],
193190210,187427940,2026-05-18T04:09:55+00:00,1779077395389,0,1,0,187396898,4,0.19,1.16141,0.0,0.0,0.0,0.0,EURUSD,[sl 1.16141],
193190326,187427990,2026-05-18T04:09:57+00:00,1779077397677,0,1,0,187392458,4,0.15,0.58301,0.0,0.0,0.0,0.0,NZDUSD,[sl 0.58301],
193192412,187429404,2026-05-18T04:12:01+00:00,1779077521188,1,0,0,187429404,3,0.05,4503.96,0.0,0.0,0.0,0.0,XAUUSD,OV2|6a6ded|M15|S,
193192741,187429623,2026-05-18T04:12:26+00:00,1779077546105,1,0,0,187429623,3,0.1,0.10649,0.0,0.0,0.0,0.0,DOGUSD,OV2|bb9ba9|H1|S,
193194428,187430714,2026-05-18T04:14:58+00:00,1779077698539,0,0,0,187430714,3,0.1,103.12,0.0,0.0,0.0,0.0,USOIL+,OV2|b46585|M15|B,
193198266,187433300,2026-05-18T04:20:45+00:00,1779078045896,0,0,0,187433300,3,0.2,1.376,0.0,0.0,0.0,0.0,USDCAD,OV2|52c7a4|H1|B,
193199432,187434111,2026-05-18T04:22:34+00:00,1779078154332,1,1,0,187430714,3,0.03,103.45,0.0,0.0,0.99,0.0,USOIL+,OMEGA_PARTIAL_CL,
193199433,187434112,2026-05-18T04:22:34+00:00,1779078154364,1,1,0,187433300,3,0.2,1.37565,0.0,0.0,-5.12,0.0,USDCAD,OMEGA_PARTIAL_CL,
193200726,187435003,2026-05-18T04:24:13+00:00,1779078253380,0,1,0,187429404,4,0.05,4506.4,0.0,0.0,-12.2,0.0,XAUUSD,[sl 4506.13],
193203323,187436683,2026-05-18T04:26:30+00:00,1779078390580,1,0,0,187436683,3,0.1,84.788,0.0,0.0,0.0,0.0,SOLUSD,OV2|bf0424|H1|S,
193204502,187437438,2026-05-18T04:27:40+00:00,1779078460870,1,0,0,187437438,3,0.15,23711.9,0.0,0.0,0.0,0.0,GER40,OV2|205a3d|M15|S,
193204723,187437600,2026-05-18T04:28:03+00:00,1779078483916,0,1,0,187437438,4,0.15,23717.9,0.0,0.0,-1.06,0.0,GER40,[sl 23717.90],
193204839,187437687,2026-05-18T04:28:19+00:00,1779078499286,0,1,0,187422673,4,0.18,211.49,0.0,0.0,-0.11,0.0,GBPJPY,[sl 211.489],
193206023,187438547,2026-05-18T04:30:31+00:00,1779078631496,0,0,0,187438547,3,0.2,1.37594,0.0,0.0,0.0,0.0,USDCAD,OV2|219282|H1|B,
193206856,187439148,2026-05-18T04:31:52+00:00,1779078712876,1,1,0,187438547,4,0.2,1.37572,0.0,0.0,-3.22,0.0,USDCAD,[sl 1.37572],
193208902,187440512,2026-05-18T04:34:32+00:00,1779078872283,1,0,0,187440512,3,0.23,1.16141,0.0,0.0,0.0,0.0,EURUSD,OV2|de494c|H1|S,
193210137,187441330,2026-05-18T04:35:44+00:00,1779078944431,1,1,0,187381955,4,0.15,0.787,0.0,0.0,-0.19,0.0,USDCHF,[sl 0.78701],
193210418,187441527,2026-05-18T04:36:04+00:00,1779078964248,1,0,0,187441527,3,0.1,1.3866,0.0,0.0,0.0,0.0,XRPUSD,OV2|a0dc8b|H1|S,
193210456,187441548,2026-05-18T04:36:11+00:00,1779078971280,0,1,0,187436683,4,0.1,84.921,0.0,0.0,-0.01,0.0,SOLUSD,[sl 84.913],
193214146,187443899,2026-05-18T04:39:59+00:00,1779079199379,0,0,0,187443899,3,0.18,1.37588,0.0,0.0,0.0,0.0,USDCAD,OV2|b60dca|H1|B,
193215068,187444501,2026-05-18T04:42:20+00:00,1779079340905,1,0,0,187444501,3,0.05,4508.1,0.0,0.0,0.0,0.0,XAUUSD,OV2|324ed1|H1|S,
193215273,187444675,2026-05-18T04:42:46+00:00,1779079366482,0,1,0,187444501,4,0.05,4510.6,0.0,0.0,-12.5,0.0,XAUUSD,[sl 4510.60],
193215449,187444795,2026-05-18T04:43:01+00:00,1779079381332,1,0,0,187444795,3,0.2,0.58275,0.0,0.0,0.0,0.0,NZDUSD,OV2|6a76b0|H1|S,
193216728,187445818,2026-05-18T04:45:03+00:00,1779079503978,1,1,0,187430714,4,0.07,103.11,0.0,0.0,-0.07,0.0,USOIL+,[sl 103.12],
193220943,187448533,2026-05-18T04:48:11+00:00,1779079691851,0,1,0,187441527,4,0.1,1.3904,0.0,0.0,-0.38,0.0,XRPUSD,[sl 1.39012],
193221617,187448952,2026-05-18T04:48:26+00:00,1779079706484,0,1,0,187440512,4,0.23,1.16163,0.0,0.0,-5.06,0.0,EURUSD,[sl 1.16163],
193221618,187448953,2026-05-18T04:48:26+00:00,1779079706542,0,1,0,187444795,4,0.2,0.58302,0.0,0.0,-5.4,0.0,NZDUSD,[sl 0.58301],
193224229,187450685,2026-05-18T04:51:20+00:00,1779079880533,1,1,0,187443899,4,0.18,1.37568,0.0,0.0,-2.64,0.0,USDCAD,[sl 1.37568],
193226039,187451848,2026-05-18T04:52:15+00:00,1779079935221,0,0,0,187451848,3,0.21,211.54,0.0,0.0,0.0,0.0,GBPJPY,OV2|8da890|M15|B,
193226570,187452201,2026-05-18T04:52:58+00:00,1779079978359,0,1,0,187429623,4,0.1,0.10671,0.0,0.0,-0.02,0.0,DOGUSD,[sl 0.10670],
193227481,187452891,2026-05-18T04:54:09+00:00,1779080049030,1,0,0,187452891,3,0.11,23756.4,0.0,0.0,0.0,0.0,GER40,OV2|1388c0|M15|S,
193231139,187455643,2026-05-18T05:00:41+00:00,1779080441083,1,0,0,187455643,3,0.1,0.10653,0.0,0.0,0.0,0.0,DOGUSD,OV2|46b409|H1|S,
193231228,187455705,2026-05-18T05:00:53+00:00,1779080453258,1,0,0,187455705,3,0.24,1.16156,0.0,0.0,0.0,0.0,EURUSD,OV2|6754d2|H1|S,
193231389,187455809,2026-05-18T05:01:06+00:00,1779080466284,0,0,0,187455809,3,0.1,102.93,0.0,0.0,0.0,0.0,USOIL+,OV2|205eef|H1|B,
193232445,187456468,2026-05-18T05:02:11+00:00,1779080531791,0,0,0,187456468,3,0.18,0.78726,0.0,0.0,0.0,0.0,USDCHF,OV2|8dbd18|H1|B,
193234718,187457978,2026-05-18T05:05:18+00:00,1779080718358,0,1,0,187452891,3,0.03,23732.9,0.0,0.0,0.82,0.0,GER40,OMEGA_PARTIAL_CL,
193234719,187457979,2026-05-18T05:05:18+00:00,1779080718405,0,1,0,187455643,3,0.1,0.10701,0.0,0.0,-0.05,0.0,DOGUSD,OMEGA_PARTIAL_CL,
193234776,187458010,2026-05-18T05:05:24+00:00,1779080724427,1,1,0,187451848,4,0.21,211.515,0.0,0.0,-3.32,0.0,GBPJPY,[sl 211.516],
193235794,187458667,2026-05-18T05:07:55+00:00,1779080875594,1,1,0,187456468,4,0.18,0.78725,0.0,0.0,-0.23,0.0,USDCHF,[sl 0.78726],
193236282,187458988,2026-05-18T05:09:11+00:00,1779080951736,1,0,0,187458988,3,0.09,77147.65,0.0,0.0,0.0,0.0,BTCUSD,OV2|b39f2f|H1|S,
193236660,187459276,2026-05-18T05:11:33+00:00,1779081093026,0,0,0,187459276,3,0.25,211.538,0.0,0.0,0.0,0.0,GBPJPY,OV2|e2dd98|M15|B,
193236931,187459450,2026-05-18T05:11:57+00:00,1779081117369,0,1,0,187455705,4,0.24,1.1616900000000001,0.0,0.0,-3.12,0.0,EURUSD,[sl 1.16169],
193237468,187459812,2026-05-18T05:12:33+00:00,1779081153409,0,1,0,187458988,4,0.09,77168.85,0.0,0.0,-1.9100000000000001,0.0,BTCUSD,[sl 77162.65],
193239102,187460916,2026-05-18T05:15:08+00:00,1779081308782,0,1,0,187452891,4,0.08,23756.4,0.0,0.0,0.0,0.0,GER40,[sl 23756.40],
193239382,187461095,2026-05-18T05:15:56+00:00,1779081356890,1,1,0,187455809,4,0.1,102.81,0.0,0.0,-1.2,0.0,USOIL+,[sl 102.81],
193240208,187461649,2026-05-18T05:18:04+00:00,1779081484877,1,0,0,187461649,3,0.1,2118.934,0.0,0.0,0.0,0.0,ETHUSD,OV2|033608|H1|S,
193240333,187461724,2026-05-18T05:18:27+00:00,1779081507246,0,1,0,187461649,4,0.1,2120.445,0.0,0.0,-0.15,0.0,ETHUSD,[sl 2120.434],
193241179,187462331,2026-05-18T05:21:08+00:00,1779081668785,1,0,0,187462331,3,0.15,0.58311,0.0,0.0,0.0,0.0,NZDUSD,OV2|8d7eac|H1|S,
193241938,187462860,2026-05-18T05:23:29+00:00,1779081809586,0,1,0,187462331,4,0.15,0.58334,0.0,0.0,-3.45,0.0,NZDUSD,[sl 0.58333],
193243910,187464173,2026-05-18T05:27:44+00:00,1779082064192,1,0,0,187464173,3,0.18,23760.9,0.0,0.0,0.0,0.0,GER40,OV2|0cf632|M15|S,
193244073,187464277,2026-05-18T05:28:09+00:00,1779082089001,1,0,0,187464277,3,0.1,1.39775,0.0,0.0,0.0,0.0,XRPUSD,OV2|27a6ff|H1|S,
193244404,187464509,2026-05-18T05:29:32+00:00,1779082172931,0,0,0,187464509,3,0.1,102.9,0.0,0.0,0.0,0.0,USOIL+,OV2|6b6799|H1|B,
193245997,187465616,2026-05-18T05:31:17+00:00,1779082277687,1,1,0,187464509,4,0.1,102.75,0.0,0.0,-1.5,0.0,USOIL+,[sl 102.75],
193247441,187466596,2026-05-18T05:33:45+00:00,1779082425951,0,0,0,187466596,3,0.1,102.87,0.0,0.0,0.0,0.0,USOIL+,OV2|fe9a38|H1|B,
193247952,187466958,2026-05-18T05:35:48+00:00,1779082548570,1,1,0,187459276,4,0.25,211.538,0.0,0.0,0.0,0.0,GBPJPY,[sl 211.538],
193247985,187466979,2026-05-18T05:35:52+00:00,1779082552144,1,0,0,187466979,3,0.1,0.10647,0.0,0.0,0.0,0.0,DOGUSD,OV2|f631fa|H1|S,
193248317,187467217,2026-05-18T05:36:45+00:00,1779082605546,1,0,0,187467217,3,0.22,1.3313,0.0,0.0,0.0,0.0,GBPUSD,OV2|0ccc0c|H1|S,
193249598,187468102,2026-05-18T05:39:31+00:00,1779082771961,0,1,0,187464173,3,0.04,23735.4,0.0,0.0,1.17,0.0,GER40,OMEGA_PARTIAL_CL,
193249600,187468103,2026-05-18T05:39:32+00:00,1779082772231,0,1,0,187464277,3,0.1,1.3939,0.0,0.0,0.39,0.0,XRPUSD,OMEGA_PARTIAL_CL,
193249601,187468104,2026-05-18T05:39:32+00:00,1779082772282,0,1,0,187466979,3,0.1,0.10673,0.0,0.0,-0.03,0.0,DOGUSD,OMEGA_PARTIAL_CL,
193250074,187468433,2026-05-18T05:40:39+00:00,1779082839337,1,1,0,187466596,4,0.1,102.73,0.0,0.0,-1.4,0.0,USOIL+,[sl 102.73],
193251740,187469512,2026-05-18T05:44:34+00:00,1779083074627,0,0,0,187469512,3,0.1,102.82,0.0,0.0,0.0,0.0,USOIL+,OV2|493bd7|H1|B,
193251810,187469554,2026-05-18T05:44:48+00:00,1779083088137,0,0,0,187469554,3,0.2,1.3757,0.0,0.0,0.0,0.0,USDCAD,OV2|014d58|H1|B,
193252265,187469894,2026-05-18T05:46:18+00:00,1779083178794,1,0,0,187469894,3,0.25,211.521,0.0,0.0,0.0,0.0,GBPJPY,OV2|ce0972|H4|S,
193252837,187470286,2026-05-18T05:46:55+00:00,1779083215892,1,0,0,187470286,3,0.04,4541.08,0.0,0.0,0.0,0.0,XAUUSD,OV2|33f315|H1|S,
193253785,187470912,2026-05-18T05:48:24+00:00,1779083304125,0,1,0,187469894,4,0.25,211.554,0.0,0.0,-5.22,0.0,GBPJPY,[sl 211.554],
193255577,187472072,2026-05-18T05:51:44+00:00,1779083504358,1,0,0,187472072,3,0.2,0.5831,0.0,0.0,0.0,0.0,NZDUSD,OV2|5b78d1|H1|S,
193255832,187472231,2026-05-18T05:52:20+00:00,1779083540413,0,1,0,187464173,5,0.14,23701.4,0.0,0.0,9.61,0.0,GER40,[tp 23701.86],
193256520,187472742,2026-05-18T05:54:02+00:00,1779083642107,1,0,0,187472742,3,0.1,1.38895,0.0,0.0,0.0,0.0,XRPUSD,OV2|5a10cf|H1|S,
193256772,187472875,2026-05-18T05:55:02+00:00,1779083702956,1,1,0,187469512,4,0.1,102.7,0.0,0.0,-1.2,0.0,USOIL+,[sl 102.70],
193257185,187473158,2026-05-18T05:56:20+00:00,1779083780456,0,1,0,187467217,3,0.06,1.33071,0.0,0.0,3.54,0.0,GBPUSD,OMEGA_PARTIAL_CL,
193257186,187473160,2026-05-18T05:56:20+00:00,1779083780577,0,1,0,187467217,3,0.04,1.33071,0.0,0.0,2.36,0.0,GBPUSD,OMEGA_PARTIAL_CL,
193257189,187473161,2026-05-18T05:56:20+00:00,1779083780666,1,1,0,187469554,3,0.05,1.37592,0.0,0.0,0.8,0.0,USDCAD,OMEGA_PARTIAL_CL,
193257190,187473163,2026-05-18T05:56:20+00:00,1779083780789,0,1,0,187470286,3,0.01,4531.61,0.0,0.0,9.47,0.0,XAUUSD,OMEGA_PARTIAL_CL,
193257191,187473164,2026-05-18T05:56:20+00:00,1779083780845,0,1,0,187472742,3,0.1,1.3912499999999999,0.0,0.0,-0.23,0.0,XRPUSD,OMEGA_PARTIAL_CL,
193257521,187473389,2026-05-18T05:58:04+00:00,1779083884531,0,1,0,187472072,4,0.2,0.58328,0.0,0.0,-3.6,0.0,NZDUSD,[sl 0.58328],
193257547,187473406,2026-05-18T05:58:13+00:00,1779083893694,0,0,0,187473406,3,0.25,211.514,0.0,0.0,0.0,0.0,GBPJPY,OV2|c525f4|M15|B,
193257864,187473967,2026-05-18T06:00:04+00:00,1779084004986,1,1,0,187469554,4,0.15,1.3757,0.0,0.0,0.0,0.0,USDCAD,[sl 1.37570],
193259473,187475108,2026-05-18T06:05:37+00:00,1779084337311,1,1,0,187473406,4,0.25,211.48,0.0,0.0,-5.38,0.0,GBPJPY,[sl 211.483],
193261588,187476432,2026-05-18T06:09:29+00:00,1779084569289,0,0,0,187476432,3,0.1,102.88,0.0,0.0,0.0,0.0,USOIL+,OV2|bb2f55|H1|B,
193262025,187476750,2026-05-18T06:11:27+00:00,1779084687797,1,0,0,187476750,3,0.18,23719.4,0.0,0.0,0.0,0.0,GER40,OV2|fe2a00|M15|S,
193262207,187476885,2026-05-18T06:12:12+00:00,1779084732613,0,0,0,187476885,3,0.25,211.54,0.0,0.0,0.0,0.0,GBPJPY,OV2|a9119c|M15|B,
193263878,187478035,2026-05-18T06:17:51+00:00,1779085071457,1,0,0,187478035,3,0.19,0.58328,0.0,0.0,0.0,0.0,NZDUSD,OV2|bbd5d6|H1|S,
193263980,187478107,2026-05-18T06:18:33+00:00,1779085113496,1,0,0,187478107,3,0.1,1.39215,0.0,0.0,0.0,0.0,XRPUSD,OV2|c7ee15|H1|S,
193264422,187478401,2026-05-18T06:20:12+00:00,1779085212906,1,1,0,187476432,4,0.1,102.77,0.0,0.0,-1.1,0.0,USOIL+,[sl 102.77],
193264708,187478586,2026-05-18T06:22:31+00:00,1779085351352,0,1,0,187476750,3,0.04,23700.4,0.0,0.0,0.87,0.0,GER40,OMEGA_PARTIAL_CL,
193264889,187478697,2026-05-18T06:22:58+00:00,1779085378675,0,1,0,187478035,4,0.19,0.58344,0.0,0.0,-3.04,0.0,NZDUSD,[sl 0.58344],
193266872,187479978,2026-05-18T06:27:06+00:00,1779085626111,1,0,0,187479978,3,0.1,76883.46,0.0,0.0,0.0,0.0,BTCUSD,OV2|84f70b|H1|S,
193266893,187479993,2026-05-18T06:27:09+00:00,1779085629093,0,1,0,187479978,4,0.1,76902.11,0.0,0.0,-1.87,0.0,BTCUSD,[sl 76898.46],
193266979,187480045,2026-05-18T06:27:34+00:00,1779085654940,0,1,0,187467217,4,0.12,1.3313,0.0,0.0,0.0,0.0,GBPUSD,[sl 1.33130],
193268161,187480824,2026-05-18T06:29:34+00:00,1779085774454,0,1,0,187476750,4,0.14,23719.4,0.0,0.0,0.0,0.0,GER40,[sl 23719.40],
193268978,187481418,2026-05-18T06:30:58+00:00,1779085858651,1,0,0,187481418,3,0.1,0.10634,0.0,0.0,0.0,0.0,DOGUSD,OV2|00c14d|H1|S,
193269028,187481448,2026-05-18T06:31:03+00:00,1779085863898,0,1,0,187481418,3,0.1,0.10671,0.0,0.0,-0.04,0.0,DOGUSD,OMEGA_PARTIAL_CL,
193269390,187481703,2026-05-18T06:32:05+00:00,1779085925561,1,1,0,187476885,4,0.25,211.539,0.0,0.0,-0.16,0.0,GBPJPY,[sl 211.540],
193272966,187483962,2026-05-18T06:37:30+00:00,1779086250693,1,0,0,187483962,3,0.22,1.33114,0.0,0.0,0.0,0.0,GBPUSD,OV2|9f68b8|H1|S,
193274154,187484783,2026-05-18T06:41:38+00:00,1779086498040,0,1,0,187483962,4,0.22,1.3313,0.0,0.0,-3.52,0.0,GBPUSD,[sl 1.33129],
193274156,187484785,2026-05-18T06:41:38+00:00,1779086498822,0,1,0,187478107,4,0.1,1.39225,0.0,0.0,-0.01,0.0,XRPUSD,[sl 1.39223],
193275480,187485693,2026-05-18T06:43:59+00:00,1779086639767,0,1,0,187470286,4,0.03,4541.11,0.0,0.0,-0.09,0.0,XAUUSD,[sl 4541.08],
193279026,187487922,2026-05-18T06:46:54+00:00,1779086814387,1,0,0,187487922,3,0.1,76930.38,0.0,0.0,0.0,0.0,BTCUSD,OV2|10a4ea|H1|S,
193279269,187488080,2026-05-18T06:47:17+00:00,1779086837433,0,1,0,187487922,4,0.1,76946.13,0.0,0.0,-1.58,0.0,BTCUSD,[sl 76945.38],
193279682,187488395,2026-05-18T06:48:39+00:00,1779086919310,0,0,0,187488395,3,0.25,211.66,0.0,0.0,0.0,0.0,GBPJPY,OV2|c799e7|M15|B,
193280608,187489020,2026-05-18T06:50:26+00:00,1779087026890,0,0,0,187489020,3,0.1,102.82,0.0,0.0,0.0,0.0,USOIL+,OV2|5d58ff|H1|B,
193281647,187489790,2026-05-18T06:51:50+00:00,1779087110694,1,1,0,187488395,4,0.25,211.631,0.0,0.0,-4.59,0.0,GBPJPY,[sl 211.632],
193282208,187490141,2026-05-18T06:52:38+00:00,1779087158856,0,0,0,187490141,3,0.14,1.37539,0.0,0.0,0.0,0.0,USDCAD,OV2|128855|H4|B,
193282443,187490305,2026-05-18T06:54:07+00:00,1779087247702,1,0,0,187490305,3,0.16,113.368,0.0,0.0,0.0,0.0,AUDJPY,OV2|2698a9|H4|S,
193282480,187490334,2026-05-18T06:54:29+00:00,1779087269508,1,0,0,187490334,3,0.18,0.58373,0.0,0.0,0.0,0.0,NZDUSD,OV2|41183d|H1|S,
193282845,187490606,2026-05-18T06:56:49+00:00,1779087409948,0,1,0,187490305,4,0.16,113.451,0.0,0.0,-8.4,0.0,AUDJPY,[sl 113.446],
193282958,187490664,2026-05-18T06:56:54+00:00,1779087414579,1,1,0,187403392,5,0.14,159.055,0.0,0.0,17.67,0.0,USDJPY,[tp 159.055],
193283062,187490741,2026-05-18T06:57:40+00:00,1779087460434,1,1,0,187489020,3,0.1,102.73,0.0,0.0,-0.9,0.0,USOIL+,OMEGA_PARTIAL_CL,
193283063,187490742,2026-05-18T06:57:40+00:00,1779087460503,1,1,0,187490141,3,0.14,1.37514,0.0,0.0,-2.57,0.0,USDCAD,OMEGA_PARTIAL_CL,
193283065,187490743,2026-05-18T06:57:40+00:00,1779087460586,0,1,0,187490334,3,0.18,0.58414,0.0,0.0,-7.38,0.0,NZDUSD,OMEGA_PARTIAL_CL,
193284048,187491821,2026-05-18T07:00:44+00:00,1779087644417,0,0,0,187491821,3,0.14,1.37533,0.0,0.0,0.0,0.0,USDCAD,OV2|12b574|H4|B,
193285274,187492640,2026-05-18T07:02:29+00:00,1779087749669,1,0,0,187492640,3,0.1,1.3921000000000001,0.0,0.0,0.0,0.0,XRPUSD,OV2|b24b2a|H1|S,
193285614,187492876,2026-05-18T07:02:59+00:00,1779087779183,1,0,0,187492876,3,0.1,0.10632,0.0,0.0,0.0,0.0,DOGUSD,OV2|c92b9f|H1|S,
193285822,187493013,2026-05-18T07:03:55+00:00,1779087835797,0,0,0,187493013,3,0.05,4546.58,0.0,0.0,0.0,0.0,XAUUSD,OV2|6d876c|M15|B,
193286025,187493133,2026-05-18T07:04:13+00:00,1779087853457,1,1,0,187493013,4,0.05,4544.15,0.0,0.0,-12.15,0.0,XAUUSD,[sl 4544.17],
193287867,187494308,2026-05-18T07:06:48+00:00,1779088008940,1,1,0,187491821,3,0.14,1.37512,0.0,0.0,-2.15,0.0,USDCAD,OMEGA_PARTIAL_CL,
193287868,187494309,2026-05-18T07:06:49+00:00,1779088009006,0,1,0,187492876,3,0.1,0.10666,0.0,0.0,-0.03,0.0,DOGUSD,OMEGA_PARTIAL_CL,
193288721,187494860,2026-05-18T07:10:12+00:00,1779088212928,0,1,0,187492640,4,0.1,1.3945,0.0,0.0,-0.24,0.0,XRPUSD,[sl 1.39440],
193289628,187495467,2026-05-18T07:14:28+00:00,1779088468297,0,0,0,187495467,3,0.08,102.71,0.0,0.0,0.0,0.0,USOIL+,OV2|429a77|H1|B,
193290050,187495775,2026-05-18T07:16:15+00:00,1779088575292,1,1,0,187495467,4,0.08,102.63,0.0,0.0,-0.64,0.0,USOIL+,[sl 102.63],
193290330,187495974,2026-05-18T07:17:49+00:00,1779088669628,0,0,0,187495974,3,0.09,102.77,0.0,0.0,0.0,0.0,USOIL+,OV2|60a43e|H1|B,
193290400,187496029,2026-05-18T07:18:04+00:00,1779088684602,1,0,0,187496029,3,0.1,1.3916,0.0,0.0,0.0,0.0,XRPUSD,OV2|be6bab|H1|S,
193290969,187496454,2026-05-18T07:21:36+00:00,1779088896551,1,0,0,187496454,3,0.09,76882.48,0.0,0.0,0.0,0.0,BTCUSD,OV2|a0ae28|H1|S,
193291219,187496613,2026-05-18T07:22:06+00:00,1779088926718,0,1,0,187496454,4,0.09,76899.0,0.0,0.0,-1.49,0.0,BTCUSD,[sl 76897.48],
193291817,187497005,2026-05-18T07:23:42+00:00,1779089022210,0,0,0,187497005,3,0.25,159.029,0.0,0.0,0.0,0.0,USDJPY,OV2|ce17f6|H1|B,
193293297,187497935,2026-05-18T07:25:02+00:00,1779089102060,0,1,0,187496029,3,0.1,1.38755,0.0,0.0,0.41,0.0,XRPUSD,OMEGA_PARTIAL_CL,
193295276,187499185,2026-05-18T07:28:23+00:00,1779089303931,1,0,0,187499185,3,0.2,113.397,0.0,0.0,0.0,0.0,AUDJPY,OV2|e4301f|H4|S,
193295406,187499262,2026-05-18T07:28:31+00:00,1779089311840,1,0,0,187499262,3,0.01,75.114,0.0,0.0,0.0,0.0,XAGUSD,OV2|6b30f7|H1|S,
193297159,187500452,2026-05-18T07:30:18+00:00,1779089418996,0,1,0,187499262,4,0.01,75.364,0.0,0.0,-12.5,0.0,XAGUSD,[sl 75.364],
193298573,187501352,2026-05-18T07:32:14+00:00,1779089534325,1,1,0,187497005,4,0.25,158.98,0.0,0.0,-7.76,0.0,USDJPY,[sl 158.980],
193298642,187501391,2026-05-18T07:32:25+00:00,1779089545325,1,1,0,187495974,4,0.09,102.76,0.0,0.0,-0.09,0.0,USOIL+,[sl 102.77],
193302159,187503742,2026-05-18T07:44:35+00:00,1779090275220,0,0,0,187503742,3,0.18,211.689,0.0,0.0,0.0,0.0,GBPJPY,OV2|757991|M15|B,
193303013,187504342,2026-05-18T07:47:22+00:00,1779090442709,0,0,0,187504342,3,0.25,158.966,0.0,0.0,0.0,0.0,USDJPY,OV2|73a55b|H1|B,
193303059,187504366,2026-05-18T07:47:38+00:00,1779090458059,1,0,0,187504366,3,0.01,75.307,0.0,0.0,0.0,0.0,XAGUSD,OV2|30277e|H1|S,
193303143,187504430,2026-05-18T07:48:20+00:00,1779090500522,1,0,0,187504430,3,0.22,1.33156,0.0,0.0,0.0,0.0,GBPUSD,OV2|28e33f|H1|S,
193303683,187504832,2026-05-18T07:51:29+00:00,1779090689965,1,1,0,187504342,4,0.25,158.966,0.0,0.0,0.0,0.0,USDJPY,[sl 158.966],
193303703,187504847,2026-05-18T07:51:37+00:00,1779090697307,0,1,0,187504430,4,0.22,1.33168,0.0,0.0,-2.64,0.0,GBPUSD,[sl 1.33167],
193304149,187505182,2026-05-18T07:52:22+00:00,1779090742768,1,1,0,187503742,4,0.18,211.653,0.0,0.0,-4.1,0.0,GBPJPY,[sl 211.654],
193307149,187507788,2026-05-18T08:00:04+00:00,1779091204731,0,1,0,187504366,4,0.01,75.467,0.0,0.0,-8.0,0.0,XAGUSD,[sl 75.462],
193308543,187508707,2026-05-18T08:02:09+00:00,1779091329265,0,0,0,187508707,3,0.25,211.715,0.0,0.0,0.0,0.0,GBPJPY,OV2|47c610|M15|B,
193308582,187508732,2026-05-18T08:02:20+00:00,1779091340415,0,0,0,187508732,3,0.25,159.002,0.0,0.0,0.0,0.0,USDJPY,OV2|28836e|H1|B,
193308918,187508989,2026-05-18T08:03:15+00:00,1779091395171,1,0,0,187508989,3,0.1,0.10649,0.0,0.0,0.0,0.0,DOGUSD,OV2|5aa70f|H1|S,
193309051,187509100,2026-05-18T08:03:35+00:00,1779091415068,0,1,0,187499185,3,0.2,113.379,0.0,0.0,2.25,0.0,AUDJPY,OMEGA_PARTIAL_CL,
193309052,187509103,2026-05-18T08:03:35+00:00,1779091415569,0,1,0,187508989,3,0.1,0.10688,0.0,0.0,-0.04,0.0,DOGUSD,OMEGA_PARTIAL_CL,
193309066,187509125,2026-05-18T08:03:37+00:00,1779091417855,1,1,0,187508707,4,0.25,211.677,0.0,0.0,-6.02,0.0,GBPJPY,[sl 211.678],
193309484,187509458,2026-05-18T08:04:44+00:00,1779091484158,1,1,0,187508732,4,0.25,158.978,0.0,0.0,-3.79,0.0,USDJPY,[sl 158.978],
193366573,187550928,2026-05-18T10:23:32+00:00,1779099812409,1,1,0,187393368,4,0.05,106.37,0.0,0.0,0.0,0.0,UKOIL+,[sl 106.37],
193572349,187701310,2026-05-18T16:51:01+00:00,1779123061913,1,1,0,187411220,4,0.19,115.464,0.0,0.0,0.0,0.0,CADJPY,[sl 115.464],
