ts,y,x,spread,z,beta,signal_fired,order_filled,ram_mb,cpu_pct,proc_ms,opp_cost,sha3_256
2026-04-03T01:53:00,4669.97,72.898,29.495343,-1.0890,44.981141,False,False,74.8,19.7,0.867,0.00,a485f54891f09156d55f3ad2d934ae381f3bd0ca111ec54e76081fe873f3cec3
