signal_name,timestamp_utc,log_time_assumption,log_timestamp_offset_hours_applied,direction,strength,asset,timeframe,position_ticket,provenance,source_file
SEM_FONTE,2026-05-04 22:18:43,trade_feedback_iso_ts_converted_to_utc_naive,0,NA,,BTCUSD,H1,182879226,trade_feedback:position_closed;signal_source_null_or_SEM_FONTE,audit/paper/trade_feedback.jsonl
SEM_FONTE,2026-05-04 22:29:06,trade_feedback_iso_ts_converted_to_utc_naive,0,NA,,BTCUSD,M5,182881380,trade_feedback:position_closed;signal_source_null_or_SEM_FONTE,audit/paper/trade_feedback.jsonl
SEM_FONTE,2026-05-04 22:30:36,trade_feedback_iso_ts_converted_to_utc_naive,0,NA,,BTCUSD,M5,182881590,trade_feedback:position_closed;signal_source_null_or_SEM_FONTE,audit/paper/trade_feedback.jsonl
SEM_FONTE,2026-05-04 22:44:01,trade_feedback_iso_ts_converted_to_utc_naive,0,NA,,BTCUSD,H1,182883199,trade_feedback:position_closed;signal_source_null_or_SEM_FONTE,audit/paper/trade_feedback.jsonl
SEM_FONTE,2026-05-04 22:44:01,trade_feedback_iso_ts_converted_to_utc_naive,0,NA,,BTCUSD,H1,182883202,trade_feedback:position_closed;signal_source_null_or_SEM_FONTE,audit/paper/trade_feedback.jsonl
SEM_FONTE,2026-05-04 23:28:37,trade_feedback_iso_ts_converted_to_utc_naive,0,NA,,ETHUSD,H1,182888639,trade_feedback:position_closed;signal_source_null_or_SEM_FONTE,audit/paper/trade_feedback.jsonl
SEM_FONTE,2026-05-04 23:28:37,trade_feedback_iso_ts_converted_to_utc_naive,0,NA,,ETHUSD,H1,182888644,trade_feedback:position_closed;signal_source_null_or_SEM_FONTE,audit/paper/trade_feedback.jsonl
SEM_FONTE,2026-05-05 00:03:10,trade_feedback_iso_ts_converted_to_utc_naive,0,NA,,XRPUSD,H4,182892381,trade_feedback:position_closed;signal_source_null_or_SEM_FONTE,audit/paper/trade_feedback.jsonl
SEM_FONTE,2026-05-05 00:03:29,trade_feedback_iso_ts_converted_to_utc_naive,0,NA,,XRPUSD,H1,182892394,trade_feedback:position_closed;signal_source_null_or_SEM_FONTE,audit/paper/trade_feedback.jsonl
SEM_FONTE,2026-05-05 00:18:46,trade_feedback_iso_ts_converted_to_utc_naive,0,NA,,CHFJPY,H1,182900283,trade_feedback:position_closed;signal_source_null_or_SEM_FONTE,audit/paper/trade_feedback.jsonl
SEM_FONTE,2026-05-05 00:21:31,trade_feedback_iso_ts_converted_to_utc_naive,0,NA,,AUDJPY,H1,182898304,trade_feedback:position_closed;signal_source_null_or_SEM_FONTE,audit/paper/trade_feedback.jsonl
SEM_FONTE,2026-05-05 00:24:07,trade_feedback_iso_ts_converted_to_utc_naive,0,NA,,AUDJPY,H1,182897486,trade_feedback:position_closed;signal_source_null_or_SEM_FONTE,audit/paper/trade_feedback.jsonl
SEM_FONTE,2026-05-05 00:33:34,trade_feedback_iso_ts_converted_to_utc_naive,0,NA,,CHFJPY,H1,182895923,trade_feedback:position_closed;signal_source_null_or_SEM_FONTE,audit/paper/trade_feedback.jsonl
SEM_FONTE,2026-05-05 00:36:00,trade_feedback_iso_ts_converted_to_utc_naive,0,NA,,GBPJPY,H1,182912543,trade_feedback:position_closed;signal_source_null_or_SEM_FONTE,audit/paper/trade_feedback.jsonl
SEM_FONTE,2026-05-05 01:01:21,trade_feedback_iso_ts_converted_to_utc_naive,0,NA,,EURJPY,M5,182892464,trade_feedback:position_closed;signal_source_null_or_SEM_FONTE,audit/paper/trade_feedback.jsonl
SEM_FONTE,2026-05-05 01:01:21,trade_feedback_iso_ts_converted_to_utc_naive,0,NA,,EURJPY,H1,182892457,trade_feedback:position_closed;signal_source_null_or_SEM_FONTE,audit/paper/trade_feedback.jsonl
SEM_FONTE,2026-05-05 01:09:49,trade_feedback_iso_ts_converted_to_utc_naive,0,NA,,XRPUSD,H1,182929892,trade_feedback:position_closed;signal_source_null_or_SEM_FONTE,audit/paper/trade_feedback.jsonl
SEM_FONTE,2026-05-05 01:09:49,trade_feedback_iso_ts_converted_to_utc_naive,0,NA,,XRPUSD,H1,182929897,trade_feedback:position_closed;signal_source_null_or_SEM_FONTE,audit/paper/trade_feedback.jsonl
SEM_FONTE,2026-05-05 01:14:29,trade_feedback_iso_ts_converted_to_utc_naive,0,NA,,XAUUSD,M15,182786037,trade_feedback:position_closed;signal_source_null_or_SEM_FONTE,audit/paper/trade_feedback.jsonl
SEM_FONTE,2026-05-05 01:37:02,trade_feedback_iso_ts_converted_to_utc_naive,0,NA,,XAUUSD,M5,182784738,trade_feedback:position_closed;signal_source_null_or_SEM_FONTE,audit/paper/trade_feedback.jsonl
SEM_FONTE,2026-05-05 01:37:09,trade_feedback_iso_ts_converted_to_utc_naive,0,NA,,CHFJPY,H1,182923830,trade_feedback:position_closed;signal_source_null_or_SEM_FONTE,audit/paper/trade_feedback.jsonl
SEM_FONTE,2026-05-05 01:37:51,trade_feedback_iso_ts_converted_to_utc_naive,0,NA,,CHFJPY,H1,182923839,trade_feedback:position_closed;signal_source_null_or_SEM_FONTE,audit/paper/trade_feedback.jsonl
SEM_FONTE,2026-05-05 01:38:31,trade_feedback_iso_ts_converted_to_utc_naive,0,NA,,EURJPY,M5,182933628,trade_feedback:position_closed;signal_source_null_or_SEM_FONTE,audit/paper/trade_feedback.jsonl
SEM_FONTE,2026-05-05 01:38:31,trade_feedback_iso_ts_converted_to_utc_naive,0,NA,,EURJPY,M5,182933632,trade_feedback:position_closed;signal_source_null_or_SEM_FONTE,audit/paper/trade_feedback.jsonl
SEM_FONTE,2026-05-05 02:27:47,trade_feedback_iso_ts_converted_to_utc_naive,0,NA,,CHFJPY,H1,182953666,trade_feedback:position_closed;signal_source_null_or_SEM_FONTE,audit/paper/trade_feedback.jsonl
SEM_FONTE,2026-05-05 02:28:39,trade_feedback_iso_ts_converted_to_utc_naive,0,NA,,CHFJPY,H1,182953586,trade_feedback:position_closed;signal_source_null_or_SEM_FONTE,audit/paper/trade_feedback.jsonl
SEM_FONTE,2026-05-05 02:30:55,trade_feedback_iso_ts_converted_to_utc_naive,0,NA,,GBPJPY,H1,182928239,trade_feedback:position_closed;signal_source_null_or_SEM_FONTE,audit/paper/trade_feedback.jsonl
SEM_FONTE,2026-05-05 02:30:55,trade_feedback_iso_ts_converted_to_utc_naive,0,NA,,GBPJPY,H1,182928249,trade_feedback:position_closed;signal_source_null_or_SEM_FONTE,audit/paper/trade_feedback.jsonl
SEM_FONTE,2026-05-05 02:31:41,trade_feedback_iso_ts_converted_to_utc_naive,0,NA,,NZDUSD,H1,182925825,trade_feedback:position_closed;signal_source_null_or_SEM_FONTE,audit/paper/trade_feedback.jsonl
SEM_FONTE,2026-05-05 02:39:09,trade_feedback_iso_ts_converted_to_utc_naive,0,NA,,BTCUSD,H1,182935700,trade_feedback:position_closed;signal_source_null_or_SEM_FONTE,audit/paper/trade_feedback.jsonl
SEM_FONTE,2026-05-05 02:39:09,trade_feedback_iso_ts_converted_to_utc_naive,0,NA,,BTCUSD,H1,182935717,trade_feedback:position_closed;signal_source_null_or_SEM_FONTE,audit/paper/trade_feedback.jsonl
SEM_FONTE,2026-05-05 03:02:57,trade_feedback_iso_ts_converted_to_utc_naive,0,NA,,BTCUSD,M15,182976031,trade_feedback:position_closed;signal_source_null_or_SEM_FONTE,audit/paper/trade_feedback.jsonl
SEM_FONTE,2026-05-05 03:02:57,trade_feedback_iso_ts_converted_to_utc_naive,0,NA,,BTCUSD,M15,182976049,trade_feedback:position_closed;signal_source_null_or_SEM_FONTE,audit/paper/trade_feedback.jsonl
SEM_FONTE,2026-05-05 03:03:50,trade_feedback_iso_ts_converted_to_utc_naive,0,NA,,CHFJPY,H1,182964084,trade_feedback:position_closed;signal_source_null_or_SEM_FONTE,audit/paper/trade_feedback.jsonl
SEM_FONTE,2026-05-05 03:46:20,trade_feedback_iso_ts_converted_to_utc_naive,0,NA,,XRPUSD,H1,182957357,trade_feedback:position_closed;signal_source_null_or_SEM_FONTE,audit/paper/trade_feedback.jsonl
SEM_FONTE,2026-05-05 03:48:25,trade_feedback_iso_ts_converted_to_utc_naive,0,NA,,XRPUSD,H1,182957367,trade_feedback:position_closed;signal_source_null_or_SEM_FONTE,audit/paper/trade_feedback.jsonl
SEM_FONTE,2026-05-05 04:30:28,trade_feedback_iso_ts_converted_to_utc_naive,0,NA,,AUDJPY,H4,182922043,trade_feedback:position_closed;signal_source_null_or_SEM_FONTE,audit/paper/trade_feedback.jsonl
SEM_FONTE,2026-05-05 04:30:28,trade_feedback_iso_ts_converted_to_utc_naive,0,NA,,AUDJPY,H4,182922063,trade_feedback:position_closed;signal_source_null_or_SEM_FONTE,audit/paper/trade_feedback.jsonl
SEM_FONTE,2026-05-05 04:30:28,trade_feedback_iso_ts_converted_to_utc_naive,0,NA,,NZDUSD,H4,182923578,trade_feedback:position_closed;signal_source_null_or_SEM_FONTE,audit/paper/trade_feedback.jsonl
SEM_FONTE,2026-05-05 04:30:28,trade_feedback_iso_ts_converted_to_utc_naive,0,NA,,GBPJPY,H4,182989543,trade_feedback:position_closed;signal_source_null_or_SEM_FONTE,audit/paper/trade_feedback.jsonl
SEM_FONTE,2026-05-05 04:30:28,trade_feedback_iso_ts_converted_to_utc_naive,0,NA,,GBPJPY,H4,182989561,trade_feedback:position_closed;signal_source_null_or_SEM_FONTE,audit/paper/trade_feedback.jsonl
SEM_FONTE,2026-05-05 04:31:34,trade_feedback_iso_ts_converted_to_utc_naive,0,NA,,XRPUSD,H4,182991137,trade_feedback:position_closed;signal_source_null_or_SEM_FONTE,audit/paper/trade_feedback.jsonl
SEM_FONTE,2026-05-05 04:32:56,trade_feedback_iso_ts_converted_to_utc_naive,0,NA,,XRPUSD,H1,182991139,trade_feedback:position_closed;signal_source_null_or_SEM_FONTE,audit/paper/trade_feedback.jsonl
SEM_FONTE,2026-05-05 04:45:55,trade_feedback_iso_ts_converted_to_utc_naive,0,NA,,XRPUSD,H1,182995979,trade_feedback:position_closed;signal_source_null_or_SEM_FONTE,audit/paper/trade_feedback.jsonl
SEM_FONTE,2026-05-05 04:48:10,trade_feedback_iso_ts_converted_to_utc_naive,0,NA,,NZDUSD,H1,182996197,trade_feedback:position_closed;signal_source_null_or_SEM_FONTE,audit/paper/trade_feedback.jsonl
SEM_FONTE,2026-05-05 04:54:35,trade_feedback_iso_ts_converted_to_utc_naive,0,NA,,CHFJPY,M5,182994762,trade_feedback:position_closed;signal_source_null_or_SEM_FONTE,audit/paper/trade_feedback.jsonl
SEM_FONTE,2026-05-05 04:56:08,trade_feedback_iso_ts_converted_to_utc_naive,0,NA,,GBPJPY,M5,182996341,trade_feedback:position_closed;signal_source_null_or_SEM_FONTE,audit/paper/trade_feedback.jsonl
SEM_FONTE,2026-05-05 04:56:08,trade_feedback_iso_ts_converted_to_utc_naive,0,NA,,GBPJPY,M5,182996349,trade_feedback:position_closed;signal_source_null_or_SEM_FONTE,audit/paper/trade_feedback.jsonl
SEM_FONTE,2026-05-05 04:56:22,trade_feedback_iso_ts_converted_to_utc_naive,0,NA,,CHFJPY,H1,182964088,trade_feedback:position_closed;signal_source_null_or_SEM_FONTE,audit/paper/trade_feedback.jsonl
SEM_FONTE,2026-05-05 05:06:55,trade_feedback_iso_ts_converted_to_utc_naive,0,NA,,XRPUSD,M5,182994923,trade_feedback:position_closed;signal_source_null_or_SEM_FONTE,audit/paper/trade_feedback.jsonl
SEM_FONTE,2026-05-05 05:24:52,trade_feedback_iso_ts_converted_to_utc_naive,0,NA,,BTCUSD,H1,182978568,trade_feedback:position_closed;signal_source_null_or_SEM_FONTE,audit/paper/trade_feedback.jsonl
SEM_FONTE,2026-05-05 05:24:57,trade_feedback_iso_ts_converted_to_utc_naive,0,NA,,BTCUSD,H4,182977963,trade_feedback:position_closed;signal_source_null_or_SEM_FONTE,audit/paper/trade_feedback.jsonl
SEM_FONTE,2026-05-05 05:35:08,trade_feedback_iso_ts_converted_to_utc_naive,0,NA,,NZDUSD,H1,183000457,trade_feedback:position_closed;signal_source_null_or_SEM_FONTE,audit/paper/trade_feedback.jsonl
SEM_FONTE,2026-05-05 05:35:08,trade_feedback_iso_ts_converted_to_utc_naive,0,NA,,NZDUSD,H1,183000465,trade_feedback:position_closed;signal_source_null_or_SEM_FONTE,audit/paper/trade_feedback.jsonl
SEM_FONTE,2026-05-05 05:44:59,trade_feedback_iso_ts_converted_to_utc_naive,0,NA,,BTCUSD,H1,183010620,trade_feedback:position_closed;signal_source_null_or_SEM_FONTE,audit/paper/trade_feedback.jsonl
SEM_FONTE,2026-05-05 05:44:59,trade_feedback_iso_ts_converted_to_utc_naive,0,NA,,BTCUSD,H1,183010629,trade_feedback:position_closed;signal_source_null_or_SEM_FONTE,audit/paper/trade_feedback.jsonl
SEM_FONTE,2026-05-05 05:52:21,trade_feedback_iso_ts_converted_to_utc_naive,0,NA,,BTCUSD,H1,183018847,trade_feedback:position_closed;signal_source_null_or_SEM_FONTE,audit/paper/trade_feedback.jsonl
SEM_FONTE,2026-05-05 06:07:04,trade_feedback_iso_ts_converted_to_utc_naive,0,NA,,GBPJPY,H1,183001988,trade_feedback:position_closed;signal_source_null_or_SEM_FONTE,audit/paper/trade_feedback.jsonl
SEM_FONTE,2026-05-05 06:09:01,trade_feedback_iso_ts_converted_to_utc_naive,0,NA,,NZDUSD,H1,183014428,trade_feedback:position_closed;signal_source_null_or_SEM_FONTE,audit/paper/trade_feedback.jsonl
SEM_FONTE,2026-05-05 06:09:01,trade_feedback_iso_ts_converted_to_utc_naive,0,NA,,NZDUSD,H1,183014446,trade_feedback:position_closed;signal_source_null_or_SEM_FONTE,audit/paper/trade_feedback.jsonl
SEM_FONTE,2026-05-05 06:10:51,trade_feedback_iso_ts_converted_to_utc_naive,0,NA,,BTCUSD,H1,183024345,trade_feedback:position_closed;signal_source_null_or_SEM_FONTE,audit/paper/trade_feedback.jsonl
SEM_FONTE,2026-05-05 06:15:52,trade_feedback_iso_ts_converted_to_utc_naive,0,NA,,CHFJPY,H4,183014374,trade_feedback:position_closed;signal_source_null_or_SEM_FONTE,audit/paper/trade_feedback.jsonl
SEM_FONTE,2026-05-05 06:15:52,trade_feedback_iso_ts_converted_to_utc_naive,0,NA,,CHFJPY,H4,183014394,trade_feedback:position_closed;signal_source_null_or_SEM_FONTE,audit/paper/trade_feedback.jsonl
SEM_FONTE,2026-05-05 06:16:41,trade_feedback_iso_ts_converted_to_utc_naive,0,NA,,BTCUSD,H1,183024961,trade_feedback:position_closed;signal_source_null_or_SEM_FONTE,audit/paper/trade_feedback.jsonl
SEM_FONTE,2026-05-05 06:32:08,trade_feedback_iso_ts_converted_to_utc_naive,0,NA,,BTCUSD,H1,183029227,trade_feedback:position_closed;signal_source_null_or_SEM_FONTE,audit/paper/trade_feedback.jsonl
SEM_FONTE,2026-05-05 06:38:15,trade_feedback_iso_ts_converted_to_utc_naive,0,NA,,CHFJPY,M15,183028734,trade_feedback:position_closed;signal_source_null_or_SEM_FONTE,audit/paper/trade_feedback.jsonl
SEM_FONTE,2026-05-05 06:43:18,trade_feedback_iso_ts_converted_to_utc_naive,0,NA,,UKOIL+,H1,183028903,trade_feedback:position_closed;signal_source_null_or_SEM_FONTE,audit/paper/trade_feedback.jsonl
SEM_FONTE,2026-05-05 07:01:13,trade_feedback_iso_ts_converted_to_utc_naive,0,NA,,GER40,H1,183030415,trade_feedback:position_closed;signal_source_null_or_SEM_FONTE,audit/paper/trade_feedback.jsonl
SEM_FONTE,2026-05-05 07:07:17,trade_feedback_iso_ts_converted_to_utc_naive,0,NA,,USDJPY,H4,182881823,trade_feedback:position_closed;signal_source_null_or_SEM_FONTE,audit/paper/trade_feedback.jsonl
SEM_FONTE,2026-05-05 07:07:51,trade_feedback_iso_ts_converted_to_utc_naive,0,NA,,USDJPY,H1,182889361,trade_feedback:position_closed;signal_source_null_or_SEM_FONTE,audit/paper/trade_feedback.jsonl
SEM_FONTE,2026-05-05 07:07:51,trade_feedback_iso_ts_converted_to_utc_naive,0,NA,,EURUSD,H1,182923579,trade_feedback:position_closed;signal_source_null_or_SEM_FONTE,audit/paper/trade_feedback.jsonl
SEM_FONTE,2026-05-05 07:14:14,trade_feedback_iso_ts_converted_to_utc_naive,0,NA,,GER40,M5,183042568,trade_feedback:position_closed;signal_source_null_or_SEM_FONTE,audit/paper/trade_feedback.jsonl
SEM_FONTE,2026-05-05 07:19:05,trade_feedback_iso_ts_converted_to_utc_naive,0,NA,,USDCHF,M5,182956102,trade_feedback:position_closed;signal_source_null_or_SEM_FONTE,audit/paper/trade_feedback.jsonl
SEM_FONTE,2026-05-05 07:19:05,trade_feedback_iso_ts_converted_to_utc_naive,0,NA,,USDCHF,M5,182956105,trade_feedback:position_closed;signal_source_null_or_SEM_FONTE,audit/paper/trade_feedback.jsonl
SEM_FONTE,2026-05-05 07:26:18,trade_feedback_iso_ts_converted_to_utc_naive,0,NA,,USDJPY,H1,183041159,trade_feedback:position_closed;signal_source_null_or_SEM_FONTE,audit/paper/trade_feedback.jsonl
SEM_FONTE,2026-05-05 07:31:31,trade_feedback_iso_ts_converted_to_utc_naive,0,NA,,AUDJPY,H1,183024888,trade_feedback:position_closed;signal_source_null_or_SEM_FONTE,audit/paper/trade_feedback.jsonl
SEM_FONTE,2026-05-05 07:35:53,trade_feedback_iso_ts_converted_to_utc_naive,0,NA,,UKOIL+,H1,183034905,trade_feedback:position_closed;signal_source_null_or_SEM_FONTE,audit/paper/trade_feedback.jsonl
SEM_FONTE,2026-05-05 07:36:41,trade_feedback_iso_ts_converted_to_utc_naive,0,NA,,UK100,M5,183046849,trade_feedback:position_closed;signal_source_null_or_SEM_FONTE,audit/paper/trade_feedback.jsonl
SEM_FONTE,2026-05-05 07:36:51,trade_feedback_iso_ts_converted_to_utc_naive,0,NA,,EURUSD,M5,182870838,trade_feedback:position_closed;signal_source_null_or_SEM_FONTE,audit/paper/trade_feedback.jsonl
SEM_FONTE,2026-05-05 07:46:29,trade_feedback_iso_ts_converted_to_utc_naive,0,NA,,BTCUSD,H1,183043824,trade_feedback:position_closed;signal_source_null_or_SEM_FONTE,audit/paper/trade_feedback.jsonl
SEM_FONTE,2026-05-05 07:53:39,trade_feedback_iso_ts_converted_to_utc_naive,0,NA,,BTCUSD,M15,183052959,trade_feedback:position_closed;signal_source_null_or_SEM_FONTE,audit/paper/trade_feedback.jsonl
SEM_FONTE,2026-05-05 07:54:55,trade_feedback_iso_ts_converted_to_utc_naive,0,NA,,BTCUSD,H1,183054865,trade_feedback:position_closed;signal_source_null_or_SEM_FONTE,audit/paper/trade_feedback.jsonl
SEM_FONTE,2026-05-05 07:55:03,trade_feedback_iso_ts_converted_to_utc_naive,0,NA,,GER40,H1,183054391,trade_feedback:position_closed;signal_source_null_or_SEM_FONTE,audit/paper/trade_feedback.jsonl
SEM_FONTE,2026-05-05 08:00:43,trade_feedback_iso_ts_converted_to_utc_naive,0,NA,,UK100,H1,183056041,trade_feedback:position_closed;signal_source_null_or_SEM_FONTE,audit/paper/trade_feedback.jsonl
SEM_FONTE,2026-05-05 08:06:42,trade_feedback_iso_ts_converted_to_utc_naive,0,NA,,CHFJPY,M15,183033781,trade_feedback:position_closed;signal_source_null_or_SEM_FONTE,audit/paper/trade_feedback.jsonl
SEM_FONTE,2026-05-05 08:18:09,trade_feedback_iso_ts_converted_to_utc_naive,0,NA,,ETHUSD,M15,183056209,trade_feedback:position_closed;signal_source_null_or_SEM_FONTE,audit/paper/trade_feedback.jsonl
SEM_FONTE,2026-05-05 08:28:18,trade_feedback_iso_ts_converted_to_utc_naive,0,NA,,GBPJPY,M15,183032669,trade_feedback:position_closed;signal_source_null_or_SEM_FONTE,audit/paper/trade_feedback.jsonl
SEM_FONTE,2026-05-05 08:29:03,trade_feedback_iso_ts_converted_to_utc_naive,0,NA,,ETHUSD,M15,183062026,trade_feedback:position_closed;signal_source_null_or_SEM_FONTE,audit/paper/trade_feedback.jsonl
SEM_FONTE,2026-05-05 08:37:13,trade_feedback_iso_ts_converted_to_utc_naive,0,NA,,EURJPY,H1,183059803,trade_feedback:position_closed;signal_source_null_or_SEM_FONTE,audit/paper/trade_feedback.jsonl
SEM_FONTE,2026-05-05 08:38:20,trade_feedback_iso_ts_converted_to_utc_naive,0,NA,,AUDJPY,H1,183061790,trade_feedback:position_closed;signal_source_null_or_SEM_FONTE,audit/paper/trade_feedback.jsonl
SEM_FONTE,2026-05-05 09:00:31,trade_feedback_iso_ts_converted_to_utc_naive,0,NA,,CADJPY,M15,182959708,trade_feedback:position_closed;signal_source_null_or_SEM_FONTE,audit/paper/trade_feedback.jsonl
SEM_FONTE,2026-05-05 09:00:31,trade_feedback_iso_ts_converted_to_utc_naive,0,NA,,USDJPY,M15,183061528,trade_feedback:position_closed;signal_source_null_or_SEM_FONTE,audit/paper/trade_feedback.jsonl
SEM_FONTE,2026-05-05 09:00:31,trade_feedback_iso_ts_converted_to_utc_naive,0,NA,,GBPJPY,M15,183066921,trade_feedback:position_closed;signal_source_null_or_SEM_FONTE,audit/paper/trade_feedback.jsonl
SEM_FONTE,2026-05-05 09:00:31,trade_feedback_iso_ts_converted_to_utc_naive,0,NA,,AUDJPY,M15,183066991,trade_feedback:position_closed;signal_source_null_or_SEM_FONTE,audit/paper/trade_feedback.jsonl
SEM_FONTE,2026-05-05 09:00:31,trade_feedback_iso_ts_converted_to_utc_naive,0,NA,,CHFJPY,M15,183067069,trade_feedback:position_closed;signal_source_null_or_SEM_FONTE,audit/paper/trade_feedback.jsonl
SEM_FONTE,2026-05-05 09:00:31,trade_feedback_iso_ts_converted_to_utc_naive,0,NA,,EURJPY,M15,183067167,trade_feedback:position_closed;signal_source_null_or_SEM_FONTE,audit/paper/trade_feedback.jsonl
SEM_FONTE,2026-05-05 09:22:28,trade_feedback_iso_ts_converted_to_utc_naive,0,NA,,USDJPY,H1,183073514,trade_feedback:position_closed;signal_source_null_or_SEM_FONTE,audit/paper/trade_feedback.jsonl
SEM_FONTE,2026-05-05 09:28:04,trade_feedback_iso_ts_converted_to_utc_naive,0,NA,,UK100,H1,183076893,trade_feedback:position_closed;signal_source_null_or_SEM_FONTE,audit/paper/trade_feedback.jsonl
SEM_FONTE,2026-05-05 09:30:57,trade_feedback_iso_ts_converted_to_utc_naive,0,NA,,CADJPY,H1,183073330,trade_feedback:position_closed;signal_source_null_or_SEM_FONTE,audit/paper/trade_feedback.jsonl
SEM_FONTE,2026-05-05 09:30:57,trade_feedback_iso_ts_converted_to_utc_naive,0,NA,,CHFJPY,H1,183073433,trade_feedback:position_closed;signal_source_null_or_SEM_FONTE,audit/paper/trade_feedback.jsonl
SEM_FONTE,2026-05-05 09:30:57,trade_feedback_iso_ts_converted_to_utc_naive,0,NA,,EURJPY,H1,183073647,trade_feedback:position_closed;signal_source_null_or_SEM_FONTE,audit/paper/trade_feedback.jsonl
SEM_FONTE,2026-05-05 09:30:57,trade_feedback_iso_ts_converted_to_utc_naive,0,NA,,GBPJPY,H1,183074803,trade_feedback:position_closed;signal_source_null_or_SEM_FONTE,audit/paper/trade_feedback.jsonl
SEM_FONTE,2026-05-05 09:30:57,trade_feedback_iso_ts_converted_to_utc_naive,0,NA,,AUDJPY,H1,183075944,trade_feedback:position_closed;signal_source_null_or_SEM_FONTE,audit/paper/trade_feedback.jsonl
SEM_FONTE,2026-05-05 09:30:57,trade_feedback_iso_ts_converted_to_utc_naive,0,NA,,USDJPY,H1,183078572,trade_feedback:position_closed;signal_source_null_or_SEM_FONTE,audit/paper/trade_feedback.jsonl
SEM_FONTE,2026-05-05 10:34:27,trade_feedback_iso_ts_converted_to_utc_naive,0,NA,,GER40,H4,183059059,trade_feedback:position_closed;signal_source_null_or_SEM_FONTE,audit/paper/trade_feedback.jsonl
SEM_FONTE,2026-05-05 11:05:45,trade_feedback_iso_ts_converted_to_utc_naive,0,NA,,XAUUSD,H1,183103114,trade_feedback:position_closed;signal_source_null_or_SEM_FONTE,audit/paper/trade_feedback.jsonl
SEM_FONTE,2026-05-05 11:17:13,trade_feedback_iso_ts_converted_to_utc_naive,0,NA,,GER40,H4,183099058,trade_feedback:position_closed;signal_source_null_or_SEM_FONTE,audit/paper/trade_feedback.jsonl
SEM_FONTE,2026-05-05 11:21:44,trade_feedback_iso_ts_converted_to_utc_naive,0,NA,,GBPUSD,H4,183038516,trade_feedback:position_closed;signal_source_null_or_SEM_FONTE,audit/paper/trade_feedback.jsonl
SEM_FONTE,2026-05-05 11:24:48,trade_feedback_iso_ts_converted_to_utc_naive,0,NA,,EURUSD,M5,183111184,trade_feedback:position_closed;signal_source_null_or_SEM_FONTE,audit/paper/trade_feedback.jsonl
SEM_FONTE,2026-05-05 11:36:08,trade_feedback_iso_ts_converted_to_utc_naive,0,NA,,EURJPY,H1,183080738,trade_feedback:position_closed;signal_source_null_or_SEM_FONTE,audit/paper/trade_feedback.jsonl
SEM_FONTE,2026-05-05 11:46:33,trade_feedback_iso_ts_converted_to_utc_naive,0,NA,,AUDJPY,H1,183082186,trade_feedback:position_closed;signal_source_null_or_SEM_FONTE,audit/paper/trade_feedback.jsonl
SEM_FONTE,2026-05-05 12:00:51,trade_feedback_iso_ts_converted_to_utc_naive,0,NA,,UK100,H1,183096593,trade_feedback:position_closed;signal_source_null_or_SEM_FONTE,audit/paper/trade_feedback.jsonl
SEM_FONTE,2026-05-05 12:04:35,trade_feedback_iso_ts_converted_to_utc_naive,0,NA,,USDCHF,M5,183044752,trade_feedback:position_closed;signal_source_null_or_SEM_FONTE,audit/paper/trade_feedback.jsonl
SEM_FONTE,2026-05-05 12:06:32,trade_feedback_iso_ts_converted_to_utc_naive,0,NA,,UK100,M15,183129127,trade_feedback:position_closed;signal_source_null_or_SEM_FONTE,audit/paper/trade_feedback.jsonl
SEM_FONTE,2026-05-05 12:12:00,trade_feedback_iso_ts_converted_to_utc_naive,0,NA,,EURJPY,H1,183119606,trade_feedback:position_closed;signal_source_null_or_SEM_FONTE,audit/paper/trade_feedback.jsonl
SEM_FONTE,2026-05-05 12:13:23,trade_feedback_iso_ts_converted_to_utc_naive,0,NA,,USDCHF,M15,183132519,trade_feedback:position_closed;signal_source_null_or_SEM_FONTE,audit/paper/trade_feedback.jsonl
SEM_FONTE,2026-05-05 12:15:16,trade_feedback_iso_ts_converted_to_utc_naive,0,NA,,GER40,H4,183112058,trade_feedback:position_closed;signal_source_null_or_SEM_FONTE,audit/paper/trade_feedback.jsonl
SEM_FONTE,2026-05-05 12:24:32,trade_feedback_iso_ts_converted_to_utc_naive,0,NA,,UK100,H1,183136161,trade_feedback:position_closed;signal_source_null_or_SEM_FONTE,audit/paper/trade_feedback.jsonl
SEM_FONTE,2026-05-05 12:25:28,trade_feedback_iso_ts_converted_to_utc_naive,0,NA,,BTCUSD,M5,183103379,trade_feedback:position_closed;signal_source_null_or_SEM_FONTE,audit/paper/trade_feedback.jsonl
SEM_FONTE,2026-05-05 12:25:28,trade_feedback_iso_ts_converted_to_utc_naive,0,NA,,EURJPY,M5,183138617,trade_feedback:position_closed;signal_source_null_or_SEM_FONTE,audit/paper/trade_feedback.jsonl
SEM_FONTE,2026-05-05 12:45:51,trade_feedback_iso_ts_converted_to_utc_naive,0,NA,,GER40,H1,183151838,trade_feedback:position_closed;signal_source_null_or_SEM_FONTE,audit/paper/trade_feedback.jsonl
SEM_FONTE,2026-05-05 13:07:16,trade_feedback_iso_ts_converted_to_utc_naive,0,NA,,GER40,M5,183163660,trade_feedback:position_closed;signal_source_null_or_SEM_FONTE,audit/paper/trade_feedback.jsonl
SEM_FONTE,2026-05-05 13:08:46,trade_feedback_iso_ts_converted_to_utc_naive,0,NA,,USOIL+,M5,182892090,trade_feedback:position_closed;signal_source_null_or_SEM_FONTE,audit/paper/trade_feedback.jsonl
SEM_FONTE,2026-05-05 13:08:46,trade_feedback_iso_ts_converted_to_utc_naive,0,NA,,USOIL+,M5,182892096,trade_feedback:position_closed;signal_source_null_or_SEM_FONTE,audit/paper/trade_feedback.jsonl
SEM_FONTE,2026-05-05 13:16:44,trade_feedback_iso_ts_converted_to_utc_naive,0,NA,,GER40,H1,183167933,trade_feedback:position_closed;signal_source_null_or_SEM_FONTE,audit/paper/trade_feedback.jsonl
SEM_FONTE,2026-05-05 13:21:12,trade_feedback_iso_ts_converted_to_utc_naive,0,NA,,BTCUSD,M15,183144167,trade_feedback:position_closed;signal_source_null_or_SEM_FONTE,audit/paper/trade_feedback.jsonl
SEM_FONTE,2026-05-05 13:21:12,trade_feedback_iso_ts_converted_to_utc_naive,0,NA,,GER40,M15,183171086,trade_feedback:position_closed;signal_source_null_or_SEM_FONTE,audit/paper/trade_feedback.jsonl
SEM_FONTE,2026-05-05 13:21:35,trade_feedback_iso_ts_converted_to_utc_naive,0,NA,,ETHUSD,M5,183174654,trade_feedback:position_closed;signal_source_null_or_SEM_FONTE,audit/paper/trade_feedback.jsonl
SEM_FONTE,2026-05-05 13:30:37,trade_feedback_iso_ts_converted_to_utc_naive,0,NA,,GER40,H4,183177757,trade_feedback:position_closed;signal_source_null_or_SEM_FONTE,audit/paper/trade_feedback.jsonl
SEM_FONTE,2026-05-05 13:36:12,trade_feedback_iso_ts_converted_to_utc_naive,0,NA,,BTCUSD,H1,183180003,trade_feedback:position_closed;signal_source_null_or_SEM_FONTE,audit/paper/trade_feedback.jsonl
SEM_FONTE,2026-05-05 13:38:10,trade_feedback_iso_ts_converted_to_utc_naive,0,NA,,UK100,M5,183148887,trade_feedback:position_closed;signal_source_null_or_SEM_FONTE,audit/paper/trade_feedback.jsonl
SEM_FONTE,2026-05-05 13:43:57,trade_feedback_iso_ts_converted_to_utc_naive,0,NA,,USDCHF,M15,183164976,trade_feedback:position_closed;signal_source_null_or_SEM_FONTE,audit/paper/trade_feedback.jsonl
SEM_FONTE,2026-05-05 13:48:04,trade_feedback_iso_ts_converted_to_utc_naive,0,NA,,UK100,H4,183188268,trade_feedback:position_closed;signal_source_null_or_SEM_FONTE,audit/paper/trade_feedback.jsonl
SEM_FONTE,2026-05-05 14:12:44,trade_feedback_iso_ts_converted_to_utc_naive,0,NA,,UK100,H1,183197875,trade_feedback:position_closed;signal_source_null_or_SEM_FONTE,audit/paper/trade_feedback.jsonl
SEM_FONTE,2026-05-05 14:13:37,trade_feedback_iso_ts_converted_to_utc_naive,0,NA,,ETHUSD,M15,183186132,trade_feedback:position_closed;signal_source_null_or_SEM_FONTE,audit/paper/trade_feedback.jsonl
SEM_FONTE,2026-05-05 14:18:35,trade_feedback_iso_ts_converted_to_utc_naive,0,NA,,USDCHF,M15,183192363,trade_feedback:position_closed;signal_source_null_or_SEM_FONTE,audit/paper/trade_feedback.jsonl
SEM_FONTE,2026-05-05 14:29:00,trade_feedback_iso_ts_converted_to_utc_naive,0,NA,,CHFJPY,M15,183081049,trade_feedback:position_closed;signal_source_null_or_SEM_FONTE,audit/paper/trade_feedback.jsonl
SEM_FONTE,2026-05-05 15:01:20,trade_feedback_iso_ts_converted_to_utc_naive,0,NA,,USDCAD,H1,183181709,trade_feedback:position_closed;signal_source_null_or_SEM_FONTE,audit/paper/trade_feedback.jsonl
SEM_FONTE,2026-05-05 15:02:50,trade_feedback_iso_ts_converted_to_utc_naive,0,NA,,NZDUSD,H1,183030341,trade_feedback:position_closed;signal_source_null_or_SEM_FONTE,audit/paper/trade_feedback.jsonl
SEM_FONTE,2026-05-05 15:04:17,trade_feedback_iso_ts_converted_to_utc_naive,0,NA,,AUDUSD,H1,183115094,trade_feedback:position_closed;signal_source_null_or_SEM_FONTE,audit/paper/trade_feedback.jsonl
SEM_FONTE,2026-05-05 15:11:51,trade_feedback_iso_ts_converted_to_utc_naive,0,NA,,UK100,H1,183204572,trade_feedback:position_closed;signal_source_null_or_SEM_FONTE,audit/paper/trade_feedback.jsonl
SEM_FONTE,2026-05-05 15:16:31,trade_feedback_iso_ts_converted_to_utc_naive,0,NA,,UK100,H1,183236446,trade_feedback:position_closed;signal_source_null_or_SEM_FONTE,audit/paper/trade_feedback.jsonl
SEM_FONTE,2026-05-05 15:21:59,trade_feedback_iso_ts_converted_to_utc_naive,0,NA,,UK100,H4,183237509,trade_feedback:position_closed;signal_source_null_or_SEM_FONTE,audit/paper/trade_feedback.jsonl
SEM_FONTE,2026-05-05 15:29:12,trade_feedback_iso_ts_converted_to_utc_naive,0,NA,,UK100,M5,183239065,trade_feedback:position_closed;signal_source_null_or_SEM_FONTE,audit/paper/trade_feedback.jsonl
SEM_FONTE,2026-05-05 16:34:39,trade_feedback_iso_ts_converted_to_utc_naive,0,NA,,XAUUSD,H1,183263216,trade_feedback:position_closed;signal_source_null_or_SEM_FONTE,audit/paper/trade_feedback.jsonl
SEM_FONTE,2026-05-05 17:26:58,trade_feedback_iso_ts_converted_to_utc_naive,0,NA,,DOGUSD,M5,182891837,trade_feedback:position_closed;signal_source_null_or_SEM_FONTE,audit/paper/trade_feedback.jsonl
SEM_FONTE,2026-05-05 17:26:58,trade_feedback_iso_ts_converted_to_utc_naive,0,NA,,DOGUSD,M5,182891842,trade_feedback:position_closed;signal_source_null_or_SEM_FONTE,audit/paper/trade_feedback.jsonl
SEM_FONTE,2026-05-05 18:14:19,trade_feedback_iso_ts_converted_to_utc_naive,0,NA,,XAUUSD,H1,183268997,trade_feedback:position_closed;signal_source_null_or_SEM_FONTE,audit/paper/trade_feedback.jsonl
SEM_FONTE,2026-05-05 18:19:28,trade_feedback_iso_ts_converted_to_utc_naive,0,NA,,BTCUSD,M5,183285535,trade_feedback:position_closed;signal_source_null_or_SEM_FONTE,audit/paper/trade_feedback.jsonl
SEM_FONTE,2026-05-05 19:05:02,trade_feedback_iso_ts_converted_to_utc_naive,0,NA,,BTCUSD,H1,183295807,trade_feedback:position_closed;signal_source_null_or_SEM_FONTE,audit/paper/trade_feedback.jsonl
SEM_FONTE,2026-05-05 19:08:18,trade_feedback_iso_ts_converted_to_utc_naive,0,NA,,BTCUSD,H1,183296343,trade_feedback:position_closed;signal_source_null_or_SEM_FONTE,audit/paper/trade_feedback.jsonl
SEM_FONTE,2026-05-05 19:11:54,trade_feedback_iso_ts_converted_to_utc_naive,0,NA,,BTCUSD,M5,183296538,trade_feedback:position_closed;signal_source_null_or_SEM_FONTE,audit/paper/trade_feedback.jsonl
SEM_FONTE,2026-05-05 21:03:39,trade_feedback_iso_ts_converted_to_utc_naive,0,NA,,CHFJPY,M5,183220697,trade_feedback:position_closed;signal_source_null_or_SEM_FONTE,audit/paper/trade_feedback.jsonl
SEM_FONTE,2026-05-05 22:54:37,trade_feedback_iso_ts_converted_to_utc_naive,0,NA,,XAUUSD,M5,183328298,trade_feedback:position_closed;signal_source_null_or_SEM_FONTE,audit/paper/trade_feedback.jsonl
SEM_FONTE,2026-05-06 00:11:47,trade_feedback_iso_ts_converted_to_utc_naive,0,NA,,BTCUSD,M5,183354156,trade_feedback:position_closed;signal_source_null_or_SEM_FONTE,audit/paper/trade_feedback.jsonl
SEM_FONTE,2026-05-06 02:13:00,trade_feedback_iso_ts_converted_to_utc_naive,0,NA,,BTCUSD,M5,183429550,trade_feedback:position_closed;signal_source_null_or_SEM_FONTE,audit/paper/trade_feedback.jsonl
SEM_FONTE,2026-05-06 02:16:19,trade_feedback_iso_ts_converted_to_utc_naive,0,NA,,BTCUSD,M5,183430448,trade_feedback:position_closed;signal_source_null_or_SEM_FONTE,audit/paper/trade_feedback.jsonl
SEM_FONTE,2026-05-06 02:19:09,trade_feedback_iso_ts_converted_to_utc_naive,0,NA,,GBPJPY,M5,183082031,trade_feedback:position_closed;signal_source_null_or_SEM_FONTE,audit/paper/trade_feedback.jsonl
SEM_FONTE,2026-05-06 05:06:59,trade_feedback_iso_ts_converted_to_utc_naive,0,NA,,USDJPY,M5,183485044,trade_feedback:position_closed;signal_source_null_or_SEM_FONTE,audit/paper/trade_feedback.jsonl
SEM_FONTE,2026-05-06 05:56:15,trade_feedback_iso_ts_converted_to_utc_naive,0,NA,,BTCUSD,M5,183499193,trade_feedback:position_closed;signal_source_null_or_SEM_FONTE,audit/paper/trade_feedback.jsonl
SEM_FONTE,2026-05-06 06:02:25,trade_feedback_iso_ts_converted_to_utc_naive,0,NA,,XAUUSD,H1,183503968,trade_feedback:position_closed;signal_source_null_or_SEM_FONTE,audit/paper/trade_feedback.jsonl
SEM_FONTE,2026-05-06 06:03:44,trade_feedback_iso_ts_converted_to_utc_naive,0,NA,,USDJPY,M5,183490116,trade_feedback:position_closed;signal_source_null_or_SEM_FONTE,audit/paper/trade_feedback.jsonl
SEM_FONTE,2026-05-06 06:28:22,trade_feedback_iso_ts_converted_to_utc_naive,0,NA,,BTCUSD,M5,183508407,trade_feedback:position_closed;signal_source_null_or_SEM_FONTE,audit/paper/trade_feedback.jsonl
SEM_FONTE,2026-05-06 07:59:23,trade_feedback_iso_ts_converted_to_utc_naive,0,NA,,BTCUSD,M5,183545350,trade_feedback:position_closed;signal_source_null_or_SEM_FONTE,audit/paper/trade_feedback.jsonl
SEM_FONTE,2026-05-06 07:59:37,trade_feedback_iso_ts_converted_to_utc_naive,0,NA,,XAUUSD,H1,183508380,trade_feedback:position_closed;signal_source_null_or_SEM_FONTE,audit/paper/trade_feedback.jsonl
SEM_FONTE,2026-05-06 08:01:06,trade_feedback_iso_ts_converted_to_utc_naive,0,NA,,XAUUSD,M5,183546648,trade_feedback:position_closed;signal_source_null_or_SEM_FONTE,audit/paper/trade_feedback.jsonl
SEM_FONTE,2026-05-06 08:01:14,trade_feedback_iso_ts_converted_to_utc_naive,0,NA,,BTCUSD,H1,183546344,trade_feedback:position_closed;signal_source_null_or_SEM_FONTE,audit/paper/trade_feedback.jsonl
SEM_FONTE,2026-05-06 10:54:07,trade_feedback_iso_ts_converted_to_utc_naive,0,NA,,XAUUSD,H1,183585408,trade_feedback:position_closed;signal_source_null_or_SEM_FONTE,audit/paper/trade_feedback.jsonl
SEM_FONTE,2026-05-06 11:12:38,trade_feedback_iso_ts_converted_to_utc_naive,0,NA,,XAUUSD,H1,183641665,trade_feedback:position_closed;signal_source_null_or_SEM_FONTE,audit/paper/trade_feedback.jsonl
SEM_FONTE,2026-05-06 11:32:41,trade_feedback_iso_ts_converted_to_utc_naive,0,NA,,BTCUSD,H1,183652221,trade_feedback:position_closed;signal_source_null_or_SEM_FONTE,audit/paper/trade_feedback.jsonl
SEM_FONTE,2026-05-06 11:41:48,trade_feedback_iso_ts_converted_to_utc_naive,0,NA,,USDJPY,M5,183646705,trade_feedback:position_closed;signal_source_null_or_SEM_FONTE,audit/paper/trade_feedback.jsonl
SEM_FONTE,2026-05-06 12:14:30,trade_feedback_iso_ts_converted_to_utc_naive,0,NA,,GBPUSD,M5,183583492,trade_feedback:position_closed;signal_source_null_or_SEM_FONTE,audit/paper/trade_feedback.jsonl
SEM_FONTE,2026-05-06 12:39:17,trade_feedback_iso_ts_converted_to_utc_naive,0,NA,,BTCUSD,M5,183693382,trade_feedback:position_closed;signal_source_null_or_SEM_FONTE,audit/paper/trade_feedback.jsonl
SEM_FONTE,2026-05-06 13:34:43,trade_feedback_iso_ts_converted_to_utc_naive,0,NA,,USDJPY,M5,183713857,trade_feedback:position_closed;signal_source_null_or_SEM_FONTE,audit/paper/trade_feedback.jsonl
SEM_FONTE,2026-05-06 14:27:42,trade_feedback_iso_ts_converted_to_utc_naive,0,NA,,BTCUSD,H1,183740102,trade_feedback:position_closed;signal_source_null_or_SEM_FONTE,audit/paper/trade_feedback.jsonl
SEM_FONTE,2026-05-06 14:42:55,trade_feedback_iso_ts_converted_to_utc_naive,0,NA,,BTCUSD,H1,183766721,trade_feedback:position_closed;signal_source_null_or_SEM_FONTE,audit/paper/trade_feedback.jsonl
SEM_FONTE,2026-05-06 15:04:50,trade_feedback_iso_ts_converted_to_utc_naive,0,NA,,BTCUSD,M5,183777286,trade_feedback:position_closed;signal_source_null_or_SEM_FONTE,audit/paper/trade_feedback.jsonl
SEM_FONTE,2026-05-06 15:16:59,trade_feedback_iso_ts_converted_to_utc_naive,0,NA,,BTCUSD,H1,183778742,trade_feedback:position_closed;signal_source_null_or_SEM_FONTE,audit/paper/trade_feedback.jsonl
SEM_FONTE,2026-05-06 15:52:35,trade_feedback_iso_ts_converted_to_utc_naive,0,NA,,BTCUSD,H1,183792958,trade_feedback:position_closed;signal_source_null_or_SEM_FONTE,audit/paper/trade_feedback.jsonl
SEM_FONTE,2026-05-06 15:54:11,trade_feedback_iso_ts_converted_to_utc_naive,0,NA,,BTCUSD,M5,183793656,trade_feedback:position_closed;signal_source_null_or_SEM_FONTE,audit/paper/trade_feedback.jsonl
SEM_FONTE,2026-05-06 16:43:32,trade_feedback_iso_ts_converted_to_utc_naive,0,NA,,BTCUSD,M5,183811799,trade_feedback:position_closed;signal_source_null_or_SEM_FONTE,audit/paper/trade_feedback.jsonl
SEM_FONTE,2026-05-06 17:23:22,trade_feedback_iso_ts_converted_to_utc_naive,0,NA,,BTCUSD,M5,183822055,trade_feedback:position_closed;signal_source_null_or_SEM_FONTE,audit/paper/trade_feedback.jsonl
SEM_FONTE,2026-05-06 17:23:27,trade_feedback_iso_ts_converted_to_utc_naive,0,NA,,GBPUSD,M5,183800569,trade_feedback:position_closed;signal_source_null_or_SEM_FONTE,audit/paper/trade_feedback.jsonl
SEM_FONTE,2026-05-10 17:58:36,trade_feedback_iso_ts_converted_to_utc_naive,0,NA,,ETHUSD,M15,184836940,trade_feedback:position_closed;signal_source_null_or_SEM_FONTE,audit/paper/trade_feedback.jsonl
SEM_FONTE,2026-05-10 18:19:10,trade_feedback_iso_ts_converted_to_utc_naive,0,NA,,ETHUSD,M15,184837005,trade_feedback:position_closed;signal_source_null_or_SEM_FONTE,audit/paper/trade_feedback.jsonl
SEM_FONTE,2026-05-10 18:32:32,trade_feedback_iso_ts_converted_to_utc_naive,0,NA,,ETHUSD,H1,184837832,trade_feedback:position_closed;signal_source_null_or_SEM_FONTE,audit/paper/trade_feedback.jsonl
SEM_FONTE,2026-05-10 18:33:08,trade_feedback_iso_ts_converted_to_utc_naive,0,NA,,ETHUSD,H1,184838206,trade_feedback:position_closed;signal_source_null_or_SEM_FONTE,audit/paper/trade_feedback.jsonl
SEM_FONTE,2026-05-10 18:36:42,trade_feedback_iso_ts_converted_to_utc_naive,0,NA,,ETHUSD,H1,184838285,trade_feedback:position_closed;signal_source_null_or_SEM_FONTE,audit/paper/trade_feedback.jsonl
SEM_FONTE,2026-05-10 18:36:54,trade_feedback_iso_ts_converted_to_utc_naive,0,NA,,XRPUSD,H1,184836931,trade_feedback:position_closed;signal_source_null_or_SEM_FONTE,audit/paper/trade_feedback.jsonl
SEM_FONTE,2026-05-10 18:42:16,trade_feedback_iso_ts_converted_to_utc_naive,0,NA,,XRPUSD,H1,184838371,trade_feedback:position_closed;signal_source_null_or_SEM_FONTE,audit/paper/trade_feedback.jsonl
SEM_FONTE,2026-05-10 18:42:16,trade_feedback_iso_ts_converted_to_utc_naive,0,NA,,BTCUSD,H1,184838475,trade_feedback:position_closed;signal_source_null_or_SEM_FONTE,audit/paper/trade_feedback.jsonl
SEM_FONTE,2026-05-10 18:42:48,trade_feedback_iso_ts_converted_to_utc_naive,0,NA,,BTCUSD,H1,184838845,trade_feedback:position_closed;signal_source_null_or_SEM_FONTE,audit/paper/trade_feedback.jsonl
SEM_FONTE,2026-05-10 18:51:53,trade_feedback_iso_ts_converted_to_utc_naive,0,NA,,BTCUSD,H1,184838881,trade_feedback:position_closed;signal_source_null_or_SEM_FONTE,audit/paper/trade_feedback.jsonl
SEM_FONTE,2026-05-10 19:00:32,trade_feedback_iso_ts_converted_to_utc_naive,0,NA,,ETHUSD,M15,184839365,trade_feedback:position_closed;signal_source_null_or_SEM_FONTE,audit/paper/trade_feedback.jsonl
SEM_FONTE,2026-05-10 19:00:57,trade_feedback_iso_ts_converted_to_utc_naive,0,NA,,ETHUSD,H1,184839451,trade_feedback:position_closed;signal_source_null_or_SEM_FONTE,audit/paper/trade_feedback.jsonl
SEM_FONTE,2026-05-10 19:01:17,trade_feedback_iso_ts_converted_to_utc_naive,0,NA,,ETHUSD,H1,184839471,trade_feedback:position_closed;signal_source_null_or_SEM_FONTE,audit/paper/trade_feedback.jsonl
SEM_FONTE,2026-05-10 19:01:37,trade_feedback_iso_ts_converted_to_utc_naive,0,NA,,XRPUSD,H1,184839447,trade_feedback:position_closed;signal_source_null_or_SEM_FONTE,audit/paper/trade_feedback.jsonl
SEM_FONTE,2026-05-10 19:02:06,trade_feedback_iso_ts_converted_to_utc_naive,0,NA,,ETHUSD,M15,184839551,trade_feedback:position_closed;signal_source_null_or_SEM_FONTE,audit/paper/trade_feedback.jsonl
SEM_FONTE,2026-05-10 19:02:52,trade_feedback_iso_ts_converted_to_utc_naive,0,NA,,ETHUSD,H1,184839617,trade_feedback:position_closed;signal_source_null_or_SEM_FONTE,audit/paper/trade_feedback.jsonl
SEM_FONTE,2026-05-10 20:01:38,trade_feedback_iso_ts_converted_to_utc_naive,0,NA,,ETHUSD,M15,184839749,trade_feedback:position_closed;signal_source_null_or_SEM_FONTE,audit/paper/trade_feedback.jsonl
SEM_FONTE,2026-05-10 20:06:08,trade_feedback_iso_ts_converted_to_utc_naive,0,NA,,ETHUSD,M15,184841177,trade_feedback:position_closed;signal_source_null_or_SEM_FONTE,audit/paper/trade_feedback.jsonl
SEM_FONTE,2026-05-10 20:12:43,trade_feedback_iso_ts_converted_to_utc_naive,0,NA,,BTCUSD,H1,184841229,trade_feedback:position_closed;signal_source_null_or_SEM_FONTE,audit/paper/trade_feedback.jsonl
SEM_FONTE,2026-05-10 20:12:52,trade_feedback_iso_ts_converted_to_utc_naive,0,NA,,BTCUSD,H1,184841338,trade_feedback:position_closed;signal_source_null_or_SEM_FONTE,audit/paper/trade_feedback.jsonl
SEM_FONTE,2026-05-10 20:13:35,trade_feedback_iso_ts_converted_to_utc_naive,0,NA,,BTCUSD,H1,184841416,trade_feedback:position_closed;signal_source_null_or_SEM_FONTE,audit/paper/trade_feedback.jsonl
SEM_FONTE,2026-05-10 20:14:09,trade_feedback_iso_ts_converted_to_utc_naive,0,NA,,ETHUSD,H1,184841442,trade_feedback:position_closed;signal_source_null_or_SEM_FONTE,audit/paper/trade_feedback.jsonl
SEM_FONTE,2026-05-10 20:14:31,trade_feedback_iso_ts_converted_to_utc_naive,0,NA,,ETHUSD,H1,184841478,trade_feedback:position_closed;signal_source_null_or_SEM_FONTE,audit/paper/trade_feedback.jsonl
SEM_FONTE,2026-05-10 20:14:47,trade_feedback_iso_ts_converted_to_utc_naive,0,NA,,ETHUSD,M15,184841501,trade_feedback:position_closed;signal_source_null_or_SEM_FONTE,audit/paper/trade_feedback.jsonl
SEM_FONTE,2026-05-10 20:38:04,trade_feedback_iso_ts_converted_to_utc_naive,0,NA,,BTCUSD,H1,184842404,trade_feedback:position_closed;signal_source_null_or_SEM_FONTE,audit/paper/trade_feedback.jsonl
SEM_FONTE,2026-05-10 20:51:07,trade_feedback_iso_ts_converted_to_utc_naive,0,NA,,BTCUSD,H1,184844951,trade_feedback:position_closed;signal_source_null_or_SEM_FONTE,audit/paper/trade_feedback.jsonl
SEM_FONTE,2026-05-10 21:05:08,trade_feedback_iso_ts_converted_to_utc_naive,0,NA,,BTCUSD,M15,184845381,trade_feedback:position_closed;signal_source_null_or_SEM_FONTE,audit/paper/trade_feedback.jsonl
SEM_FONTE,2026-05-10 21:07:35,trade_feedback_iso_ts_converted_to_utc_naive,0,NA,,ETHUSD,H1,184847123,trade_feedback:position_closed;signal_source_null_or_SEM_FONTE,audit/paper/trade_feedback.jsonl
SEM_FONTE,2026-05-10 21:08:52,trade_feedback_iso_ts_converted_to_utc_naive,0,NA,,BTCUSD,M15,184847459,trade_feedback:position_closed;signal_source_null_or_SEM_FONTE,audit/paper/trade_feedback.jsonl
SEM_FONTE,2026-05-10 21:32:50,trade_feedback_iso_ts_converted_to_utc_naive,0,NA,,ETHUSD,H1,184849664,trade_feedback:position_closed;signal_source_null_or_SEM_FONTE,audit/paper/trade_feedback.jsonl
SEM_FONTE,2026-05-10 22:01:51,trade_feedback_iso_ts_converted_to_utc_naive,0,NA,,ETHUSD,H1,184849752,trade_feedback:position_closed;signal_source_null_or_SEM_FONTE,audit/paper/trade_feedback.jsonl
SEM_FONTE,2026-05-10 22:03:28,trade_feedback_iso_ts_converted_to_utc_naive,0,NA,,BTCUSD,H1,184852825,trade_feedback:position_closed;signal_source_null_or_SEM_FONTE,audit/paper/trade_feedback.jsonl
SEM_FONTE,2026-05-10 22:06:57,trade_feedback_iso_ts_converted_to_utc_naive,0,NA,,ETHUSD,H1,184853057,trade_feedback:position_closed;signal_source_null_or_SEM_FONTE,audit/paper/trade_feedback.jsonl
SEM_FONTE,2026-05-10 22:08:55,trade_feedback_iso_ts_converted_to_utc_naive,0,NA,,ETHUSD,H1,184857629,trade_feedback:position_closed;signal_source_null_or_SEM_FONTE,audit/paper/trade_feedback.jsonl
SEM_FONTE,2026-05-10 22:10:30,trade_feedback_iso_ts_converted_to_utc_naive,0,NA,,ETHUSD,H1,184858641,trade_feedback:position_closed;signal_source_null_or_SEM_FONTE,audit/paper/trade_feedback.jsonl
SEM_FONTE,2026-05-10 22:11:37,trade_feedback_iso_ts_converted_to_utc_naive,0,NA,,XAUUSD,H1,184858334,trade_feedback:position_closed;signal_source_null_or_SEM_FONTE,audit/paper/trade_feedback.jsonl
SEM_FONTE,2026-05-10 22:11:37,trade_feedback_iso_ts_converted_to_utc_naive,0,NA,,ETHUSD,H1,184859664,trade_feedback:position_closed;signal_source_null_or_SEM_FONTE,audit/paper/trade_feedback.jsonl
SEM_FONTE,2026-05-10 22:12:17,trade_feedback_iso_ts_converted_to_utc_naive,0,NA,,ETHUSD,M15,184860173,trade_feedback:position_closed;signal_source_null_or_SEM_FONTE,audit/paper/trade_feedback.jsonl
SEM_FONTE,2026-05-10 22:13:44,trade_feedback_iso_ts_converted_to_utc_naive,0,NA,,BTCUSD,H1,184860981,trade_feedback:position_closed;signal_source_null_or_SEM_FONTE,audit/paper/trade_feedback.jsonl
SEM_FONTE,2026-05-10 22:27:40,trade_feedback_iso_ts_converted_to_utc_naive,0,NA,,XRPUSD,H1,184849647,trade_feedback:position_closed;signal_source_null_or_SEM_FONTE,audit/paper/trade_feedback.jsonl
SEM_FONTE,2026-05-10 22:28:08,trade_feedback_iso_ts_converted_to_utc_naive,0,NA,,XAUUSD,H1,184867156,trade_feedback:position_closed;signal_source_null_or_SEM_FONTE,audit/paper/trade_feedback.jsonl
SEM_FONTE,2026-05-10 22:31:19,trade_feedback_iso_ts_converted_to_utc_naive,0,NA,,BTCUSD,H1,184869650,trade_feedback:position_closed;signal_source_null_or_SEM_FONTE,audit/paper/trade_feedback.jsonl
SEM_FONTE,2026-05-10 23:00:11,trade_feedback_iso_ts_converted_to_utc_naive,0,NA,,XRPUSD,M15,184867741,trade_feedback:position_closed;signal_source_null_or_SEM_FONTE,audit/paper/trade_feedback.jsonl
SEM_FONTE,2026-05-10 23:27:41,trade_feedback_iso_ts_converted_to_utc_naive,0,NA,,XAUUSD,H1,184868082,trade_feedback:position_closed;signal_source_null_or_SEM_FONTE,audit/paper/trade_feedback.jsonl
SEM_FONTE,2026-05-11 00:14:31,trade_feedback_iso_ts_converted_to_utc_naive,0,NA,,XAUUSD,H1,184893740,trade_feedback:position_closed;signal_source_null_or_SEM_FONTE,audit/paper/trade_feedback.jsonl
SEM_FONTE,2026-05-11 00:15:43,trade_feedback_iso_ts_converted_to_utc_naive,0,NA,,XRPUSD,H1,184882440,trade_feedback:position_closed;signal_source_null_or_SEM_FONTE,audit/paper/trade_feedback.jsonl
SEM_FONTE,2026-05-11 00:22:44,trade_feedback_iso_ts_converted_to_utc_naive,0,NA,,XAUUSD,H1,184916634,trade_feedback:position_closed;signal_source_null_or_SEM_FONTE,audit/paper/trade_feedback.jsonl
SEM_FONTE,2026-05-11 00:31:14,trade_feedback_iso_ts_converted_to_utc_naive,0,NA,,XAUUSD,H1,184925959,trade_feedback:position_closed;signal_source_null_or_SEM_FONTE,audit/paper/trade_feedback.jsonl
SEM_FONTE,2026-05-11 00:31:49,trade_feedback_iso_ts_converted_to_utc_naive,0,NA,,XAUUSD,M15,184928819,trade_feedback:position_closed;signal_source_null_or_SEM_FONTE,audit/paper/trade_feedback.jsonl
SEM_FONTE,2026-05-11 00:32:17,trade_feedback_iso_ts_converted_to_utc_naive,0,NA,,XRPUSD,M15,184928017,trade_feedback:position_closed;signal_source_null_or_SEM_FONTE,audit/paper/trade_feedback.jsonl
SEM_FONTE,2026-05-11 01:05:41,trade_feedback_iso_ts_converted_to_utc_naive,0,NA,,XAUUSD,H1,184929464,trade_feedback:position_closed;signal_source_null_or_SEM_FONTE,audit/paper/trade_feedback.jsonl
SEM_FONTE,2026-05-11 01:06:53,trade_feedback_iso_ts_converted_to_utc_naive,0,NA,,XAUUSD,H1,184963478,trade_feedback:position_closed;signal_source_null_or_SEM_FONTE,audit/paper/trade_feedback.jsonl
SEM_FONTE,2026-05-11 02:07:53,trade_feedback_iso_ts_converted_to_utc_naive,0,NA,,BTCUSD,H1,185004844,trade_feedback:position_closed;signal_source_null_or_SEM_FONTE,audit/paper/trade_feedback.jsonl
SEM_FONTE,2026-05-11 02:08:48,trade_feedback_iso_ts_converted_to_utc_naive,0,NA,,BTCUSD,H1,185005244,trade_feedback:position_closed;signal_source_null_or_SEM_FONTE,audit/paper/trade_feedback.jsonl
SEM_FONTE,2026-05-11 02:09:21,trade_feedback_iso_ts_converted_to_utc_naive,0,NA,,BTCUSD,H1,185005398,trade_feedback:position_closed;signal_source_null_or_SEM_FONTE,audit/paper/trade_feedback.jsonl
SEM_FONTE,2026-05-11 02:11:12,trade_feedback_iso_ts_converted_to_utc_naive,0,NA,,BTCUSD,H1,185005714,trade_feedback:position_closed;signal_source_null_or_SEM_FONTE,audit/paper/trade_feedback.jsonl
SEM_FONTE,2026-05-11 02:12:59,trade_feedback_iso_ts_converted_to_utc_naive,0,NA,,BTCUSD,M15,185006500,trade_feedback:position_closed;signal_source_null_or_SEM_FONTE,audit/paper/trade_feedback.jsonl
SEM_FONTE,2026-05-11 02:25:12,trade_feedback_iso_ts_converted_to_utc_naive,0,NA,,XAUUSD,H1,185008730,trade_feedback:position_closed;signal_source_null_or_SEM_FONTE,audit/paper/trade_feedback.jsonl
SEM_FONTE,2026-05-11 02:37:47,trade_feedback_iso_ts_converted_to_utc_naive,0,NA,,XAUUSD,H1,185013679,trade_feedback:position_closed;signal_source_null_or_SEM_FONTE,audit/paper/trade_feedback.jsonl
SEM_FONTE,2026-05-11 03:44:36,trade_feedback_iso_ts_converted_to_utc_naive,0,NA,,BTCUSD,M15,185030139,trade_feedback:position_closed;signal_source_null_or_SEM_FONTE,audit/paper/trade_feedback.jsonl
SEM_FONTE,2026-05-11 04:03:30,trade_feedback_iso_ts_converted_to_utc_naive,0,NA,,XAUUSD,H1,185014226,trade_feedback:position_closed;signal_source_null_or_SEM_FONTE,audit/paper/trade_feedback.jsonl
SEM_FONTE,2026-05-11 04:03:43,trade_feedback_iso_ts_converted_to_utc_naive,0,NA,,XAUUSD,H1,185042089,trade_feedback:position_closed;signal_source_null_or_SEM_FONTE,audit/paper/trade_feedback.jsonl
SEM_FONTE,2026-05-11 04:07:00,trade_feedback_iso_ts_converted_to_utc_naive,0,NA,,XAUUSD,H1,185042295,trade_feedback:position_closed;signal_source_null_or_SEM_FONTE,audit/paper/trade_feedback.jsonl
SEM_FONTE,2026-05-11 04:24:38,trade_feedback_iso_ts_converted_to_utc_naive,0,NA,,BTCUSD,H1,185037251,trade_feedback:position_closed;signal_source_null_or_SEM_FONTE,audit/paper/trade_feedback.jsonl
SEM_FONTE,2026-05-11 04:31:55,trade_feedback_iso_ts_converted_to_utc_naive,0,NA,,BTCUSD,H1,185048225,trade_feedback:position_closed;signal_source_null_or_SEM_FONTE,audit/paper/trade_feedback.jsonl
SEM_FONTE,2026-05-11 04:32:18,trade_feedback_iso_ts_converted_to_utc_naive,0,NA,,BTCUSD,H1,185050456,trade_feedback:position_closed;signal_source_null_or_SEM_FONTE,audit/paper/trade_feedback.jsonl
SEM_FONTE,2026-05-11 04:33:42,trade_feedback_iso_ts_converted_to_utc_naive,0,NA,,BTCUSD,H1,185050550,trade_feedback:position_closed;signal_source_null_or_SEM_FONTE,audit/paper/trade_feedback.jsonl
SEM_FONTE,2026-05-11 04:42:55,trade_feedback_iso_ts_converted_to_utc_naive,0,NA,,BTCUSD,H1,185051939,trade_feedback:position_closed;signal_source_null_or_SEM_FONTE,audit/paper/trade_feedback.jsonl
SEM_FONTE,2026-05-11 04:53:32,trade_feedback_iso_ts_converted_to_utc_naive,0,NA,,BTCUSD,H1,185053137,trade_feedback:position_closed;signal_source_null_or_SEM_FONTE,audit/paper/trade_feedback.jsonl
SEM_FONTE,2026-05-11 04:53:57,trade_feedback_iso_ts_converted_to_utc_naive,0,NA,,BTCUSD,M15,185054088,trade_feedback:position_closed;signal_source_null_or_SEM_FONTE,audit/paper/trade_feedback.jsonl
SEM_FONTE,2026-05-11 04:54:57,trade_feedback_iso_ts_converted_to_utc_naive,0,NA,,BTCUSD,H1,185054152,trade_feedback:position_closed;signal_source_null_or_SEM_FONTE,audit/paper/trade_feedback.jsonl
SEM_FONTE,2026-05-11 05:03:05,trade_feedback_iso_ts_converted_to_utc_naive,0,NA,,BTCUSD,H1,185054627,trade_feedback:position_closed;signal_source_null_or_SEM_FONTE,audit/paper/trade_feedback.jsonl
SEM_FONTE,2026-05-11 05:03:22,trade_feedback_iso_ts_converted_to_utc_naive,0,NA,,BTCUSD,H1,185056070,trade_feedback:position_closed;signal_source_null_or_SEM_FONTE,audit/paper/trade_feedback.jsonl
SEM_FONTE,2026-05-11 05:46:22,trade_feedback_iso_ts_converted_to_utc_naive,0,NA,,XAUUSD,H1,185043463,trade_feedback:position_closed;signal_source_null_or_SEM_FONTE,audit/paper/trade_feedback.jsonl
SEM_FONTE,2026-05-11 06:17:41,trade_feedback_iso_ts_converted_to_utc_naive,0,NA,,XAUUSD,H1,185084089,trade_feedback:position_closed;signal_source_null_or_SEM_FONTE,audit/paper/trade_feedback.jsonl
SEM_FONTE,2026-05-11 06:33:45,trade_feedback_iso_ts_converted_to_utc_naive,0,NA,,XAUUSD,H1,185089541,trade_feedback:position_closed;signal_source_null_or_SEM_FONTE,audit/paper/trade_feedback.jsonl
SEM_FONTE,2026-05-11 06:44:15,trade_feedback_iso_ts_converted_to_utc_naive,0,NA,,XAUUSD,H1,185091252,trade_feedback:position_closed;signal_source_null_or_SEM_FONTE,audit/paper/trade_feedback.jsonl
SEM_FONTE,2026-05-11 07:26:33,trade_feedback_iso_ts_converted_to_utc_naive,0,NA,,BTCUSD,H1,185102627,trade_feedback:position_closed;signal_source_null_or_SEM_FONTE,audit/paper/trade_feedback.jsonl
SEM_FONTE,2026-05-11 08:04:49,trade_feedback_iso_ts_converted_to_utc_naive,0,NA,,XAUUSD,H1,185112613,trade_feedback:position_closed;signal_source_null_or_SEM_FONTE,audit/paper/trade_feedback.jsonl
SEM_FONTE,2026-05-11 08:11:50,trade_feedback_iso_ts_converted_to_utc_naive,0,NA,,XAUUSD,H1,185114234,trade_feedback:position_closed;signal_source_null_or_SEM_FONTE,audit/paper/trade_feedback.jsonl
SEM_FONTE,2026-05-11 08:18:43,trade_feedback_iso_ts_converted_to_utc_naive,0,NA,,XAUUSD,H1,185116199,trade_feedback:position_closed;signal_source_null_or_SEM_FONTE,audit/paper/trade_feedback.jsonl
SEM_FONTE,2026-05-11 08:22:01,trade_feedback_iso_ts_converted_to_utc_naive,0,NA,,XAUUSD,H1,185118824,trade_feedback:position_closed;signal_source_null_or_SEM_FONTE,audit/paper/trade_feedback.jsonl
SEM_FONTE,2026-05-11 08:23:35,trade_feedback_iso_ts_converted_to_utc_naive,0,NA,,XAUUSD,H1,185120759,trade_feedback:position_closed;signal_source_null_or_SEM_FONTE,audit/paper/trade_feedback.jsonl
SEM_FONTE,2026-05-11 08:44:31,trade_feedback_iso_ts_converted_to_utc_naive,0,NA,,BTCUSD,M15,185125522,trade_feedback:position_closed;signal_source_null_or_SEM_FONTE,audit/paper/trade_feedback.jsonl
SEM_FONTE,2026-05-11 08:46:26,trade_feedback_iso_ts_converted_to_utc_naive,0,NA,,BTCUSD,H1,185125983,trade_feedback:position_closed;signal_source_null_or_SEM_FONTE,audit/paper/trade_feedback.jsonl
SEM_FONTE,2026-05-11 08:53:48,trade_feedback_iso_ts_converted_to_utc_naive,0,NA,,BTCUSD,H1,185126921,trade_feedback:position_closed;signal_source_null_or_SEM_FONTE,audit/paper/trade_feedback.jsonl
SEM_FONTE,2026-05-11 09:04:59,trade_feedback_iso_ts_converted_to_utc_naive,0,NA,,BTCUSD,M15,185127406,trade_feedback:position_closed;signal_source_null_or_SEM_FONTE,audit/paper/trade_feedback.jsonl
SEM_FONTE,2026-05-11 09:43:50,trade_feedback_iso_ts_converted_to_utc_naive,0,NA,,XAUUSD,H1,185139572,trade_feedback:position_closed;signal_source_null_or_SEM_FONTE,audit/paper/trade_feedback.jsonl
SEM_FONTE,2026-05-11 10:03:43,trade_feedback_iso_ts_converted_to_utc_naive,0,NA,,BTCUSD,H1,185145640,trade_feedback:position_closed;signal_source_null_or_SEM_FONTE,audit/paper/trade_feedback.jsonl
SEM_FONTE,2026-05-11 10:04:18,trade_feedback_iso_ts_converted_to_utc_naive,0,NA,,BTCUSD,H1,185146268,trade_feedback:position_closed;signal_source_null_or_SEM_FONTE,audit/paper/trade_feedback.jsonl
SEM_FONTE,2026-05-11 10:04:45,trade_feedback_iso_ts_converted_to_utc_naive,0,NA,,BTCUSD,H1,185146359,trade_feedback:position_closed;signal_source_null_or_SEM_FONTE,audit/paper/trade_feedback.jsonl
SEM_FONTE,2026-05-11 10:49:19,trade_feedback_iso_ts_converted_to_utc_naive,0,NA,,GBPUSD,M15,185155258,trade_feedback:position_closed;signal_source_null_or_SEM_FONTE,audit/paper/trade_feedback.jsonl
SEM_FONTE,2026-05-11 11:02:11,trade_feedback_iso_ts_converted_to_utc_naive,0,NA,,BTCUSD,H1,185158904,trade_feedback:position_closed;signal_source_null_or_SEM_FONTE,audit/paper/trade_feedback.jsonl
SEM_FONTE,2026-05-11 11:05:42,trade_feedback_iso_ts_converted_to_utc_naive,0,NA,,GBPUSD,H1,185157649,trade_feedback:position_closed;signal_source_null_or_SEM_FONTE,audit/paper/trade_feedback.jsonl
SEM_FONTE,2026-05-11 11:07:01,trade_feedback_iso_ts_converted_to_utc_naive,0,NA,,BTCUSD,H1,185159093,trade_feedback:position_closed;signal_source_null_or_SEM_FONTE,audit/paper/trade_feedback.jsonl
SEM_FONTE,2026-05-11 11:12:36,trade_feedback_iso_ts_converted_to_utc_naive,0,NA,,BTCUSD,H1,185163818,trade_feedback:position_closed;signal_source_null_or_SEM_FONTE,audit/paper/trade_feedback.jsonl
SEM_FONTE,2026-05-11 13:38:15,trade_feedback_iso_ts_converted_to_utc_naive,0,NA,,GBPUSD,H1,185177046,trade_feedback:position_closed;signal_source_null_or_SEM_FONTE,audit/paper/trade_feedback.jsonl
SEM_FONTE,2026-05-11 14:05:36,trade_feedback_iso_ts_converted_to_utc_naive,0,NA,,GBPUSD,H1,185247353,trade_feedback:position_closed;signal_source_null_or_SEM_FONTE,audit/paper/trade_feedback.jsonl
SEM_FONTE,2026-05-11 14:36:23,trade_feedback_iso_ts_converted_to_utc_naive,0,NA,,BTCUSD,H1,185288439,trade_feedback:position_closed;signal_source_null_or_SEM_FONTE,audit/paper/trade_feedback.jsonl
SEM_FONTE,2026-05-11 14:38:06,trade_feedback_iso_ts_converted_to_utc_naive,0,NA,,BTCUSD,M15,185290026,trade_feedback:position_closed;signal_source_null_or_SEM_FONTE,audit/paper/trade_feedback.jsonl
SEM_FONTE,2026-05-11 14:39:19,trade_feedback_iso_ts_converted_to_utc_naive,0,NA,,BTCUSD,M15,185291005,trade_feedback:position_closed;signal_source_null_or_SEM_FONTE,audit/paper/trade_feedback.jsonl
SEM_FONTE,2026-05-11 14:41:59,trade_feedback_iso_ts_converted_to_utc_naive,0,NA,,BTCUSD,H1,185292092,trade_feedback:position_closed;signal_source_null_or_SEM_FONTE,audit/paper/trade_feedback.jsonl
SEM_FONTE,2026-05-11 14:52:09,trade_feedback_iso_ts_converted_to_utc_naive,0,NA,,BTCUSD,H1,185293376,trade_feedback:position_closed;signal_source_null_or_SEM_FONTE,audit/paper/trade_feedback.jsonl
SEM_FONTE,2026-05-11 14:54:54,trade_feedback_iso_ts_converted_to_utc_naive,0,NA,,BTCUSD,H1,185297047,trade_feedback:position_closed;signal_source_null_or_SEM_FONTE,audit/paper/trade_feedback.jsonl
SEM_FONTE,2026-05-11 14:58:04,trade_feedback_iso_ts_converted_to_utc_naive,0,NA,,BTCUSD,H1,185298295,trade_feedback:position_closed;signal_source_null_or_SEM_FONTE,audit/paper/trade_feedback.jsonl
SEM_FONTE,2026-05-11 15:24:29,trade_feedback_iso_ts_converted_to_utc_naive,0,NA,,BTCUSD,H1,185306764,trade_feedback:position_closed;signal_source_null_or_SEM_FONTE,audit/paper/trade_feedback.jsonl
SEM_FONTE,2026-05-11 15:29:10,trade_feedback_iso_ts_converted_to_utc_naive,0,NA,,BTCUSD,H1,185311985,trade_feedback:position_closed;signal_source_null_or_SEM_FONTE,audit/paper/trade_feedback.jsonl
SEM_FONTE,2026-05-11 15:32:17,trade_feedback_iso_ts_converted_to_utc_naive,0,NA,,BTCUSD,H1,185312957,trade_feedback:position_closed;signal_source_null_or_SEM_FONTE,audit/paper/trade_feedback.jsonl
SEM_FONTE,2026-05-11 17:02:39,trade_feedback_iso_ts_converted_to_utc_naive,0,NA,,XRPUSD,H1,185337560,trade_feedback:position_closed;signal_source_null_or_SEM_FONTE,audit/paper/trade_feedback.jsonl
SEM_FONTE,2026-05-11 17:49:09,trade_feedback_iso_ts_converted_to_utc_naive,0,NA,,BTCUSD,M15,185353352,trade_feedback:position_closed;signal_source_null_or_SEM_FONTE,audit/paper/trade_feedback.jsonl
SEM_FONTE,2026-05-11 17:49:43,trade_feedback_iso_ts_converted_to_utc_naive,0,NA,,BTCUSD,H1,185353444,trade_feedback:position_closed;signal_source_null_or_SEM_FONTE,audit/paper/trade_feedback.jsonl
SEM_FONTE,2026-05-11 18:08:30,trade_feedback_iso_ts_converted_to_utc_naive,0,NA,,EURUSD,M15,185341251,trade_feedback:position_closed;signal_source_null_or_SEM_FONTE,audit/paper/trade_feedback.jsonl
SEM_FONTE,2026-05-11 18:36:44,trade_feedback_iso_ts_converted_to_utc_naive,0,NA,,GBPUSD,H1,185300319,trade_feedback:position_closed;signal_source_null_or_SEM_FONTE,audit/paper/trade_feedback.jsonl
SEM_FONTE,2026-05-12 12:31:32,trade_feedback_iso_ts_converted_to_utc_naive,0,NA,WIN,GBPUSD,H1,185673481,trade_feedback:position_closed;signal_source_null_or_SEM_FONTE,audit/paper/trade_feedback.jsonl
SEM_FONTE,2026-05-12 18:36:50,trade_feedback_iso_ts_converted_to_utc_naive,0,NA,LOSS,BTCUSD,H1,185847920,trade_feedback:position_closed;signal_source_null_or_SEM_FONTE,audit/paper/trade_feedback.jsonl
SEM_FONTE,2026-05-12 19:33:47,trade_feedback_iso_ts_converted_to_utc_naive,0,NA,WIN,XAUUSD,M15,185868418,trade_feedback:position_closed;signal_source_null_or_SEM_FONTE,audit/paper/trade_feedback.jsonl
SEM_FONTE,2026-05-12 22:00:21,trade_feedback_iso_ts_converted_to_utc_naive,0,NA,LOSS,XRPUSD,H4,185889700,trade_feedback:position_closed;signal_source_null_or_SEM_FONTE,audit/paper/trade_feedback.jsonl
SEM_FONTE,2026-05-12 22:00:21,trade_feedback_iso_ts_converted_to_utc_naive,0,NA,LOSS,BTCUSD,H4,185890058,trade_feedback:position_closed;signal_source_null_or_SEM_FONTE,audit/paper/trade_feedback.jsonl
SEM_FONTE,2026-05-13 06:03:10,trade_feedback_iso_ts_converted_to_utc_naive,0,NA,LOSS,EURJPY,M5,186020915,trade_feedback:position_closed;signal_source_null_or_SEM_FONTE,audit/paper/trade_feedback.jsonl
SEM_FONTE,2026-05-13 06:52:31,trade_feedback_iso_ts_converted_to_utc_naive,0,NA,LOSS,BTCUSD,H1,186028901,trade_feedback:position_closed;signal_source_null_or_SEM_FONTE,audit/paper/trade_feedback.jsonl
SEM_FONTE,2026-05-13 09:56:14,trade_feedback_iso_ts_converted_to_utc_naive,0,NA,LOSS,EURJPY,H1,186079137,trade_feedback:position_closed;signal_source_null_or_SEM_FONTE,audit/paper/trade_feedback.jsonl
SEM_FONTE,2026-05-13 09:59:49,trade_feedback_iso_ts_converted_to_utc_naive,0,NA,LOSS,XAUUSD,H4,186082148,trade_feedback:position_closed;signal_source_null_or_SEM_FONTE,audit/paper/trade_feedback.jsonl
SEM_FONTE,2026-05-13 10:08:43,trade_feedback_iso_ts_converted_to_utc_naive,0,NA,LOSS,XAUUSD,H4,186086142,trade_feedback:position_closed;signal_source_null_or_SEM_FONTE,audit/paper/trade_feedback.jsonl
SEM_FONTE,2026-05-13 10:27:05,trade_feedback_iso_ts_converted_to_utc_naive,0,NA,LOSS,BTCUSD,H1,186093825,trade_feedback:position_closed;signal_source_null_or_SEM_FONTE,audit/paper/trade_feedback.jsonl
SEM_FONTE,2026-05-13 10:27:05,trade_feedback_iso_ts_converted_to_utc_naive,0,NA,LOSS,XRPUSD,H1,186094308,trade_feedback:position_closed;signal_source_null_or_SEM_FONTE,audit/paper/trade_feedback.jsonl
SEM_FONTE,2026-05-13 11:01:17,trade_feedback_iso_ts_converted_to_utc_naive,0,NA,LOSS,XRPUSD,H1,186095635,trade_feedback:position_closed;signal_source_null_or_SEM_FONTE,audit/paper/trade_feedback.jsonl
SEM_FONTE,2026-05-13 12:10:22,trade_feedback_iso_ts_converted_to_utc_naive,0,NA,LOSS,EURJPY,M15,186118008,trade_feedback:position_closed;signal_source_null_or_SEM_FONTE,audit/paper/trade_feedback.jsonl
SEM_FONTE,2026-05-13 12:30:31,trade_feedback_iso_ts_converted_to_utc_naive,0,NA,LOSS,AUDJPY,H4,186130768,trade_feedback:position_closed;signal_source_null_or_SEM_FONTE,audit/paper/trade_feedback.jsonl
SEM_FONTE,2026-05-13 12:31:05,trade_feedback_iso_ts_converted_to_utc_naive,0,NA,LOSS,XRPUSD,H1,186129899,trade_feedback:position_closed;signal_source_null_or_SEM_FONTE,audit/paper/trade_feedback.jsonl
SEM_FONTE,2026-05-13 12:37:55,trade_feedback_iso_ts_converted_to_utc_naive,0,NA,LOSS,XRPUSD,H4,186138818,trade_feedback:position_closed;signal_source_null_or_SEM_FONTE,audit/paper/trade_feedback.jsonl
SEM_FONTE,2026-05-13 13:32:25,trade_feedback_iso_ts_converted_to_utc_naive,0,NA,LOSS,GBPUSD,H4,186139360,trade_feedback:position_closed;signal_source_null_or_SEM_FONTE,audit/paper/trade_feedback.jsonl
SEM_FONTE,2026-05-13 14:21:49,trade_feedback_iso_ts_converted_to_utc_naive,0,NA,LOSS,EURJPY,H1,186154487,trade_feedback:position_closed;signal_source_null_or_SEM_FONTE,audit/paper/trade_feedback.jsonl
SEM_FONTE,2026-05-13 14:48:50,trade_feedback_iso_ts_converted_to_utc_naive,0,NA,LOSS,EURJPY,H4,186199811,trade_feedback:position_closed;signal_source_null_or_SEM_FONTE,audit/paper/trade_feedback.jsonl
SEM_FONTE,2026-05-13 14:51:29,trade_feedback_iso_ts_converted_to_utc_naive,0,NA,LOSS,EURJPY,H1,186214505,trade_feedback:position_closed;signal_source_null_or_SEM_FONTE,audit/paper/trade_feedback.jsonl
SEM_FONTE,2026-05-13 15:23:05,trade_feedback_iso_ts_converted_to_utc_naive,0,NA,LOSS,EURJPY,H1,186215886,trade_feedback:position_closed;signal_source_null_or_SEM_FONTE,audit/paper/trade_feedback.jsonl
SEM_FONTE,2026-05-13 16:38:40,trade_feedback_iso_ts_converted_to_utc_naive,0,NA,LOSS,XRPUSD,H1,186248430,trade_feedback:position_closed;signal_source_null_or_SEM_FONTE,audit/paper/trade_feedback.jsonl
SEM_FONTE,2026-05-13 18:01:31,trade_feedback_iso_ts_converted_to_utc_naive,0,NA,LOSS,BTCUSD,H1,186282744,trade_feedback:position_closed;signal_source_null_or_SEM_FONTE,audit/paper/trade_feedback.jsonl
SEM_FONTE,2026-05-13 18:20:23,trade_feedback_iso_ts_converted_to_utc_naive,0,NA,LOSS,BTCUSD,H1,186286691,trade_feedback:position_closed;signal_source_null_or_SEM_FONTE,audit/paper/trade_feedback.jsonl
SEM_FONTE,2026-05-13 18:44:13,trade_feedback_iso_ts_converted_to_utc_naive,0,NA,LOSS,XRPUSD,H1,186288302,trade_feedback:position_closed;signal_source_null_or_SEM_FONTE,audit/paper/trade_feedback.jsonl
SEM_FONTE,2026-05-13 18:44:30,trade_feedback_iso_ts_converted_to_utc_naive,0,NA,WIN,XAUUSD,H4,186279160,trade_feedback:position_closed;signal_source_null_or_SEM_FONTE,audit/paper/trade_feedback.jsonl
SEM_FONTE,2026-05-13 18:47:47,trade_feedback_iso_ts_converted_to_utc_naive,0,NA,WIN,BTCUSD,H4,186289392,trade_feedback:position_closed;signal_source_null_or_SEM_FONTE,audit/paper/trade_feedback.jsonl
SEM_FONTE,2026-05-13 19:01:01,trade_feedback_iso_ts_converted_to_utc_naive,0,NA,LOSS,EURJPY,H1,186227684,trade_feedback:position_closed;signal_source_null_or_SEM_FONTE,audit/paper/trade_feedback.jsonl
SEM_FONTE,2026-05-13 19:14:41,trade_feedback_iso_ts_converted_to_utc_naive,0,NA,LOSS,XAUUSD,H1,186295615,trade_feedback:position_closed;signal_source_null_or_SEM_FONTE,audit/paper/trade_feedback.jsonl
SEM_FONTE,2026-05-13 20:22:08,trade_feedback_iso_ts_converted_to_utc_naive,0,NA,LOSS,AUDJPY,H1,186304846,trade_feedback:position_closed;signal_source_null_or_SEM_FONTE,audit/paper/trade_feedback.jsonl
SEM_FONTE,2026-05-13 20:24:17,trade_feedback_iso_ts_converted_to_utc_naive,0,NA,LOSS,XAUUSD,H1,186300107,trade_feedback:position_closed;signal_source_null_or_SEM_FONTE,audit/paper/trade_feedback.jsonl
SEM_FONTE,2026-05-13 21:03:29,trade_feedback_iso_ts_converted_to_utc_naive,0,NA,LOSS,AUDJPY,H1,186307670,trade_feedback:position_closed;signal_source_null_or_SEM_FONTE,audit/paper/trade_feedback.jsonl
SEM_FONTE,2026-05-13 21:03:29,trade_feedback_iso_ts_converted_to_utc_naive,0,NA,LOSS,EURJPY,H1,186308001,trade_feedback:position_closed;signal_source_null_or_SEM_FONTE,audit/paper/trade_feedback.jsonl
SEM_FONTE,2026-05-13 22:01:02,trade_feedback_iso_ts_converted_to_utc_naive,0,NA,LOSS,GBPUSD,M15,186313305,trade_feedback:position_closed;signal_source_null_or_SEM_FONTE,audit/paper/trade_feedback.jsonl
SEM_FONTE,2026-05-13 22:06:11,trade_feedback_iso_ts_converted_to_utc_naive,0,NA,WIN,XRPUSD,M5,186311616,trade_feedback:position_closed;signal_source_null_or_SEM_FONTE,audit/paper/trade_feedback.jsonl
SEM_FONTE,2026-05-13 22:14:53,trade_feedback_iso_ts_converted_to_utc_naive,0,NA,LOSS,BTCUSD,M15,186316349,trade_feedback:position_closed;signal_source_null_or_SEM_FONTE,audit/paper/trade_feedback.jsonl
SEM_FONTE,2026-05-13 22:16:14,trade_feedback_iso_ts_converted_to_utc_naive,0,NA,WIN,GBPUSD,H1,186316036,trade_feedback:position_closed;signal_source_null_or_SEM_FONTE,audit/paper/trade_feedback.jsonl
SEM_FONTE,2026-05-13 22:31:09,trade_feedback_iso_ts_converted_to_utc_naive,0,NA,LOSS,XRPUSD,H4,186318047,trade_feedback:position_closed;signal_source_null_or_SEM_FONTE,audit/paper/trade_feedback.jsonl
SEM_FONTE,2026-05-13 22:32:53,trade_feedback_iso_ts_converted_to_utc_naive,0,NA,WIN,BTCUSD,H1,186318536,trade_feedback:position_closed;signal_source_null_or_SEM_FONTE,audit/paper/trade_feedback.jsonl
SEM_FONTE,2026-05-13 22:36:49,trade_feedback_iso_ts_converted_to_utc_naive,0,NA,WIN,GBPJPY,H4,186315242,trade_feedback:position_closed;signal_source_null_or_SEM_FONTE,audit/paper/trade_feedback.jsonl
SEM_FONTE,2026-05-13 22:45:53,trade_feedback_iso_ts_converted_to_utc_naive,0,NA,LOSS,EURJPY,H1,186314941,trade_feedback:position_closed;signal_source_null_or_SEM_FONTE,audit/paper/trade_feedback.jsonl
SEM_FONTE,2026-05-13 22:55:51,trade_feedback_iso_ts_converted_to_utc_naive,0,NA,LOSS,XRPUSD,M15,186320920,trade_feedback:position_closed;signal_source_null_or_SEM_FONTE,audit/paper/trade_feedback.jsonl
SEM_FONTE,2026-05-13 23:02:40,trade_feedback_iso_ts_converted_to_utc_naive,0,NA,LOSS,EURJPY,H4,186323621,trade_feedback:position_closed;signal_source_null_or_SEM_FONTE,audit/paper/trade_feedback.jsonl
SEM_FONTE,2026-05-13 23:08:40,trade_feedback_iso_ts_converted_to_utc_naive,0,NA,LOSS,GBPJPY,H4,186325884,trade_feedback:position_closed;signal_source_null_or_SEM_FONTE,audit/paper/trade_feedback.jsonl
SEM_FONTE,2026-05-13 23:09:04,trade_feedback_iso_ts_converted_to_utc_naive,0,NA,LOSS,AUDJPY,H4,186317435,trade_feedback:position_closed;signal_source_null_or_SEM_FONTE,audit/paper/trade_feedback.jsonl
SEM_FONTE,2026-05-13 23:18:49,trade_feedback_iso_ts_converted_to_utc_naive,0,NA,LOSS,GBPJPY,H1,186328362,trade_feedback:position_closed;signal_source_null_or_SEM_FONTE,audit/paper/trade_feedback.jsonl
SEM_FONTE,2026-05-13 23:29:27,trade_feedback_iso_ts_converted_to_utc_naive,0,NA,LOSS,BTCUSD,H4,186323725,trade_feedback:position_closed;signal_source_null_or_SEM_FONTE,audit/paper/trade_feedback.jsonl
SEM_FONTE,2026-05-13 23:30:58,trade_feedback_iso_ts_converted_to_utc_naive,0,NA,LOSS,USDJPY,H1,186315502,trade_feedback:position_closed;signal_source_null_or_SEM_FONTE,audit/paper/trade_feedback.jsonl
SEM_FONTE,2026-05-14 00:03:26,trade_feedback_iso_ts_converted_to_utc_naive,0,NA,LOSS,EURJPY,H4,186338369,trade_feedback:position_closed;signal_source_null_or_SEM_FONTE,audit/paper/trade_feedback.jsonl
SEM_FONTE,2026-05-14 00:04:24,trade_feedback_iso_ts_converted_to_utc_naive,0,NA,LOSS,AUDJPY,H4,186332182,trade_feedback:position_closed;signal_source_null_or_SEM_FONTE,audit/paper/trade_feedback.jsonl
SEM_FONTE,2026-05-14 00:13:53,trade_feedback_iso_ts_converted_to_utc_naive,0,NA,LOSS,BTCUSD,H1,186338590,trade_feedback:position_closed;signal_source_null_or_SEM_FONTE,audit/paper/trade_feedback.jsonl
SEM_FONTE,2026-05-14 00:15:24,trade_feedback_iso_ts_converted_to_utc_naive,0,NA,LOSS,GBPUSD,H4,186342981,trade_feedback:position_closed;signal_source_null_or_SEM_FONTE,audit/paper/trade_feedback.jsonl
SEM_FONTE,2026-05-14 00:17:21,trade_feedback_iso_ts_converted_to_utc_naive,0,NA,WIN,AUDUSD,M5,186342141,trade_feedback:position_closed;signal_source_null_or_SEM_FONTE,audit/paper/trade_feedback.jsonl
SEM_FONTE,2026-05-14 00:19:07,trade_feedback_iso_ts_converted_to_utc_naive,0,NA,LOSS,XRPUSD,H4,186340965,trade_feedback:position_closed;signal_source_null_or_SEM_FONTE,audit/paper/trade_feedback.jsonl
SEM_FONTE,2026-05-14 00:19:25,trade_feedback_iso_ts_converted_to_utc_naive,0,NA,LOSS,XAUUSD,H4,186348752,trade_feedback:position_closed;signal_source_null_or_SEM_FONTE,audit/paper/trade_feedback.jsonl
SEM_FONTE,2026-05-14 00:21:26,trade_feedback_iso_ts_converted_to_utc_naive,0,NA,LOSS,EURJPY,H4,186341940,trade_feedback:position_closed;signal_source_null_or_SEM_FONTE,audit/paper/trade_feedback.jsonl
SEM_FONTE,2026-05-14 00:21:26,trade_feedback_iso_ts_converted_to_utc_naive,0,NA,LOSS,GBPUSD,H4,186348300,trade_feedback:position_closed;signal_source_null_or_SEM_FONTE,audit/paper/trade_feedback.jsonl
SEM_FONTE,2026-05-14 00:46:29,trade_feedback_iso_ts_converted_to_utc_naive,0,NA,LOSS,BTCUSD,H4,186348912,trade_feedback:position_closed;signal_source_null_or_SEM_FONTE,audit/paper/trade_feedback.jsonl
SEM_FONTE,2026-05-14 00:46:29,trade_feedback_iso_ts_converted_to_utc_naive,0,NA,LOSS,BTCUSD,H4,186348913,trade_feedback:position_closed;signal_source_null_or_SEM_FONTE,audit/paper/trade_feedback.jsonl
SEM_FONTE,2026-05-14 00:50:52,trade_feedback_iso_ts_converted_to_utc_naive,0,NA,LOSS,AUDUSD,H4,186350808,trade_feedback:position_closed;signal_source_null_or_SEM_FONTE,audit/paper/trade_feedback.jsonl
SEM_FONTE,2026-05-14 00:51:26,trade_feedback_iso_ts_converted_to_utc_naive,0,NA,WIN,AUDJPY,H4,186349397,trade_feedback:position_closed;signal_source_null_or_SEM_FONTE,audit/paper/trade_feedback.jsonl
SEM_FONTE,2026-05-14 00:56:38,trade_feedback_iso_ts_converted_to_utc_naive,0,NA,WIN,EURJPY,H4,186351465,trade_feedback:position_closed;signal_source_null_or_SEM_FONTE,audit/paper/trade_feedback.jsonl
SEM_FONTE,2026-05-14 01:01:40,trade_feedback_iso_ts_converted_to_utc_naive,0,NA,LOSS,XRPUSD,M15,186350009,trade_feedback:position_closed;signal_source_null_or_SEM_FONTE,audit/paper/trade_feedback.jsonl
SEM_FONTE,2026-05-14 01:02:06,trade_feedback_iso_ts_converted_to_utc_naive,0,NA,WIN,GBPJPY,M15,186334784,trade_feedback:position_closed;signal_source_null_or_SEM_FONTE,audit/paper/trade_feedback.jsonl
SEM_FONTE,2026-05-14 01:06:45,trade_feedback_iso_ts_converted_to_utc_naive,0,NA,LOSS,XAUUSD,M5,186350481,trade_feedback:position_closed;signal_source_null_or_SEM_FONTE,audit/paper/trade_feedback.jsonl
SEM_FONTE,2026-05-14 01:33:57,trade_feedback_iso_ts_converted_to_utc_naive,0,NA,WIN,BTCUSD,M15,186359776,trade_feedback:position_closed;signal_source_null_or_SEM_FONTE,audit/paper/trade_feedback.jsonl
SEM_FONTE,2026-05-14 01:33:57,trade_feedback_iso_ts_converted_to_utc_naive,0,NA,WIN,XRPUSD,M15,186382166,trade_feedback:position_closed;signal_source_null_or_SEM_FONTE,audit/paper/trade_feedback.jsonl
SEM_FONTE,2026-05-14 01:52:39,trade_feedback_iso_ts_converted_to_utc_naive,0,NA,WIN,GBPUSD,H1,186350433,trade_feedback:position_closed;signal_source_null_or_SEM_FONTE,audit/paper/trade_feedback.jsonl
SEM_FONTE,2026-05-14 01:52:39,trade_feedback_iso_ts_converted_to_utc_naive,0,NA,LOSS,AUDUSD,H1,186362846,trade_feedback:position_closed;signal_source_null_or_SEM_FONTE,audit/paper/trade_feedback.jsonl
SEM_FONTE,2026-05-14 01:53:08,trade_feedback_iso_ts_converted_to_utc_naive,0,NA,LOSS,XRPUSD,H4,186390555,trade_feedback:position_closed;signal_source_null_or_SEM_FONTE,audit/paper/trade_feedback.jsonl
SEM_FONTE,2026-05-14 02:01:57,trade_feedback_iso_ts_converted_to_utc_naive,0,NA,WIN,AUDJPY,H1,186393196,trade_feedback:position_closed;signal_source_null_or_SEM_FONTE,audit/paper/trade_feedback.jsonl
SEM_FONTE,2026-05-14 15:56:59,trade_feedback_iso_ts_converted_to_utc_naive,0,NA,LOSS,EURUSD,H1,186695342,trade_feedback:position_closed;signal_source_null_or_SEM_FONTE,audit/paper/trade_feedback.jsonl
SEM_FONTE,2026-05-14 16:14:37,trade_feedback_iso_ts_converted_to_utc_naive,0,NA,LOSS,EURJPY,M5,186697900,trade_feedback:position_closed;signal_source_null_or_SEM_FONTE,audit/paper/trade_feedback.jsonl
SEM_FONTE,2026-05-14 17:21:46,trade_feedback_iso_ts_converted_to_utc_naive,0,NA,LOSS,XAUUSD,H1,186720599,trade_feedback:position_closed;signal_source_null_or_SEM_FONTE,audit/paper/trade_feedback.jsonl
SEM_FONTE,2026-05-14 17:53:04,trade_feedback_iso_ts_converted_to_utc_naive,0,NA,WIN,AUDUSD,H1,186741604,trade_feedback:position_closed;signal_source_null_or_SEM_FONTE,audit/paper/trade_feedback.jsonl
SEM_FONTE,2026-05-14 18:46:47,trade_feedback_iso_ts_converted_to_utc_naive,0,NA,LOSS,NZDUSD,M15,186754673,trade_feedback:position_closed;signal_source_null_or_SEM_FONTE,audit/paper/trade_feedback.jsonl
SEM_FONTE,2026-05-14 18:49:42,trade_feedback_iso_ts_converted_to_utc_naive,0,NA,LOSS,EURUSD,M15,186754636,trade_feedback:position_closed;signal_source_null_or_SEM_FONTE,audit/paper/trade_feedback.jsonl
SEM_FONTE,2026-05-14 18:54:03,trade_feedback_iso_ts_converted_to_utc_naive,0,NA,LOSS,DOGUSD,M15,186755691,trade_feedback:position_closed;signal_source_null_or_SEM_FONTE,audit/paper/trade_feedback.jsonl
SEM_FONTE,2026-05-14 19:11:10,trade_feedback_iso_ts_converted_to_utc_naive,0,NA,LOSS,AUDJPY,H1,186759092,trade_feedback:position_closed;signal_source_null_or_SEM_FONTE,audit/paper/trade_feedback.jsonl
SEM_FONTE,2026-05-14 19:13:23,trade_feedback_iso_ts_converted_to_utc_naive,0,NA,LOSS,DOGUSD,H1,186757687,trade_feedback:position_closed;signal_source_null_or_SEM_FONTE,audit/paper/trade_feedback.jsonl
SEM_FONTE,2026-05-14 19:46:32,trade_feedback_iso_ts_converted_to_utc_naive,0,NA,LOSS,GBPJPY,M15,186766233,trade_feedback:position_closed;signal_source_null_or_SEM_FONTE,audit/paper/trade_feedback.jsonl
SEM_FONTE,2026-05-14 19:56:07,trade_feedback_iso_ts_converted_to_utc_naive,0,NA,LOSS,AUDJPY,H1,186765024,trade_feedback:position_closed;signal_source_null_or_SEM_FONTE,audit/paper/trade_feedback.jsonl
SEM_FONTE,2026-05-14 19:56:07,trade_feedback_iso_ts_converted_to_utc_naive,0,NA,LOSS,AUDJPY,H1,186767629,trade_feedback:position_closed;signal_source_null_or_SEM_FONTE,audit/paper/trade_feedback.jsonl
SEM_FONTE,2026-05-14 20:05:39,trade_feedback_iso_ts_converted_to_utc_naive,0,NA,LOSS,UKOIL+,H1,186770412,trade_feedback:position_closed;signal_source_null_or_SEM_FONTE,audit/paper/trade_feedback.jsonl
SEM_FONTE,2026-05-14 20:26:28,trade_feedback_iso_ts_converted_to_utc_naive,0,NA,LOSS,GBPJPY,H1,186773600,trade_feedback:position_closed;signal_source_null_or_SEM_FONTE,audit/paper/trade_feedback.jsonl
SEM_FONTE,2026-05-14 20:26:31,trade_feedback_iso_ts_converted_to_utc_naive,0,NA,LOSS,GBPJPY,M15,186770346,trade_feedback:position_closed;signal_source_null_or_SEM_FONTE,audit/paper/trade_feedback.jsonl
SEM_FONTE,2026-05-14 20:44:56,trade_feedback_iso_ts_converted_to_utc_naive,0,NA,LOSS,GBPJPY,H1,186776575,trade_feedback:position_closed;signal_source_null_or_SEM_FONTE,audit/paper/trade_feedback.jsonl
SEM_FONTE,2026-05-14 20:44:56,trade_feedback_iso_ts_converted_to_utc_naive,0,NA,LOSS,GBPJPY,H1,186776622,trade_feedback:position_closed;signal_source_null_or_SEM_FONTE,audit/paper/trade_feedback.jsonl
SEM_FONTE,2026-05-14 20:57:35,trade_feedback_iso_ts_converted_to_utc_naive,0,NA,LOSS,CHFJPY,M15,186778256,trade_feedback:position_closed;signal_source_null_or_SEM_FONTE,audit/paper/trade_feedback.jsonl
SEM_FONTE,2026-05-14 20:57:35,trade_feedback_iso_ts_converted_to_utc_naive,0,NA,LOSS,CHFJPY,M15,186778257,trade_feedback:position_closed;signal_source_null_or_SEM_FONTE,audit/paper/trade_feedback.jsonl
SEM_FONTE,2026-05-14 21:04:09,trade_feedback_iso_ts_converted_to_utc_naive,0,NA,LOSS,AUDJPY,H1,186775510,trade_feedback:position_closed;signal_source_null_or_SEM_FONTE,audit/paper/trade_feedback.jsonl
SEM_FONTE,2026-05-14 21:04:09,trade_feedback_iso_ts_converted_to_utc_naive,0,NA,LOSS,AUDJPY,H1,186775521,trade_feedback:position_closed;signal_source_null_or_SEM_FONTE,audit/paper/trade_feedback.jsonl
SEM_FONTE,2026-05-14 21:12:13,trade_feedback_iso_ts_converted_to_utc_naive,0,NA,LOSS,XRPUSD,H1,186780055,trade_feedback:position_closed;signal_source_null_or_SEM_FONTE,audit/paper/trade_feedback.jsonl
SEM_FONTE,2026-05-14 21:12:33,trade_feedback_iso_ts_converted_to_utc_naive,0,NA,WIN,BTCUSD,H1,186778611,trade_feedback:position_closed;signal_source_null_or_SEM_FONTE,audit/paper/trade_feedback.jsonl
SEM_FONTE,2026-05-14 21:12:52,trade_feedback_iso_ts_converted_to_utc_naive,0,NA,LOSS,XRPUSD,H1,186780056,trade_feedback:position_closed;signal_source_null_or_SEM_FONTE,audit/paper/trade_feedback.jsonl
SEM_FONTE,2026-05-14 21:30:43,trade_feedback_iso_ts_converted_to_utc_naive,0,NA,WIN,BTCUSD,H1,186780704,trade_feedback:position_closed;signal_source_null_or_SEM_FONTE,audit/paper/trade_feedback.jsonl
SEM_FONTE,2026-05-14 21:30:43,trade_feedback_iso_ts_converted_to_utc_naive,0,NA,WIN,BTCUSD,H1,186780706,trade_feedback:position_closed;signal_source_null_or_SEM_FONTE,audit/paper/trade_feedback.jsonl
SEM_FONTE,2026-05-14 21:34:54,trade_feedback_iso_ts_converted_to_utc_naive,0,NA,WIN,XRPUSD,M15,186780830,trade_feedback:position_closed;signal_source_null_or_SEM_FONTE,audit/paper/trade_feedback.jsonl
SEM_FONTE,2026-05-14 21:34:54,trade_feedback_iso_ts_converted_to_utc_naive,0,NA,LOSS,XRPUSD,M15,186780943,trade_feedback:position_closed;signal_source_null_or_SEM_FONTE,audit/paper/trade_feedback.jsonl
SEM_FONTE,2026-05-14 21:34:54,trade_feedback_iso_ts_converted_to_utc_naive,0,NA,LOSS,XRPUSD,M15,186780944,trade_feedback:position_closed;signal_source_null_or_SEM_FONTE,audit/paper/trade_feedback.jsonl
SEM_FONTE,2026-05-14 21:44:44,trade_feedback_iso_ts_converted_to_utc_naive,0,NA,WIN,USDCAD,M15,186779071,trade_feedback:position_closed;signal_source_null_or_SEM_FONTE,audit/paper/trade_feedback.jsonl
SEM_FONTE,2026-05-14 21:44:44,trade_feedback_iso_ts_converted_to_utc_naive,0,NA,WIN,USDCAD,M15,186779072,trade_feedback:position_closed;signal_source_null_or_SEM_FONTE,audit/paper/trade_feedback.jsonl
SEM_FONTE,2026-05-14 21:45:28,trade_feedback_iso_ts_converted_to_utc_naive,0,NA,LOSS,USDJPY,M15,186781629,trade_feedback:position_closed;signal_source_null_or_SEM_FONTE,audit/paper/trade_feedback.jsonl
SEM_FONTE,2026-05-14 22:00:17,trade_feedback_iso_ts_converted_to_utc_naive,0,NA,WIN,US30,H4,186776540,trade_feedback:position_closed;signal_source_null_or_SEM_FONTE,audit/paper/trade_feedback.jsonl
SEM_FONTE,2026-05-14 22:00:17,trade_feedback_iso_ts_converted_to_utc_naive,0,NA,LOSS,US30,H4,186776588,trade_feedback:position_closed;signal_source_null_or_SEM_FONTE,audit/paper/trade_feedback.jsonl
SEM_FONTE,2026-05-14 22:00:17,trade_feedback_iso_ts_converted_to_utc_naive,0,NA,LOSS,XAUUSD,H4,186778243,trade_feedback:position_closed;signal_source_null_or_SEM_FONTE,audit/paper/trade_feedback.jsonl
SEM_FONTE,2026-05-14 22:00:17,trade_feedback_iso_ts_converted_to_utc_naive,0,NA,LOSS,XAUUSD,H4,186778244,trade_feedback:position_closed;signal_source_null_or_SEM_FONTE,audit/paper/trade_feedback.jsonl
SEM_FONTE,2026-05-14 22:04:13,trade_feedback_iso_ts_converted_to_utc_naive,0,NA,LOSS,NZDUSD,H1,186784257,trade_feedback:position_closed;signal_source_null_or_SEM_FONTE,audit/paper/trade_feedback.jsonl
SEM_FONTE,2026-05-14 22:04:13,trade_feedback_iso_ts_converted_to_utc_naive,0,NA,LOSS,NZDUSD,H1,186784277,trade_feedback:position_closed;signal_source_null_or_SEM_FONTE,audit/paper/trade_feedback.jsonl
SEM_FONTE,2026-05-14 22:04:37,trade_feedback_iso_ts_converted_to_utc_naive,0,NA,WIN,USDJPY,H1,186782201,trade_feedback:position_closed;signal_source_null_or_SEM_FONTE,audit/paper/trade_feedback.jsonl
SEM_FONTE,2026-05-14 22:18:59,trade_feedback_iso_ts_converted_to_utc_naive,0,NA,LOSS,XAUUSD,H1,186787489,trade_feedback:position_closed;signal_source_null_or_SEM_FONTE,audit/paper/trade_feedback.jsonl
SEM_FONTE,2026-05-14 22:18:59,trade_feedback_iso_ts_converted_to_utc_naive,0,NA,LOSS,XAUUSD,H1,186787490,trade_feedback:position_closed;signal_source_null_or_SEM_FONTE,audit/paper/trade_feedback.jsonl
SEM_FONTE,2026-05-14 22:28:24,trade_feedback_iso_ts_converted_to_utc_naive,0,NA,LOSS,AUDJPY,H1,186790912,trade_feedback:position_closed;signal_source_null_or_SEM_FONTE,audit/paper/trade_feedback.jsonl
SEM_FONTE,2026-05-14 22:32:38,trade_feedback_iso_ts_converted_to_utc_naive,0,NA,WIN,BTCUSD,H1,186784901,trade_feedback:position_closed;signal_source_null_or_SEM_FONTE,audit/paper/trade_feedback.jsonl
SEM_FONTE,2026-05-14 22:32:38,trade_feedback_iso_ts_converted_to_utc_naive,0,NA,WIN,BTCUSD,H1,186787437,trade_feedback:position_closed;signal_source_null_or_SEM_FONTE,audit/paper/trade_feedback.jsonl
SEM_FONTE,2026-05-14 22:32:38,trade_feedback_iso_ts_converted_to_utc_naive,0,NA,LOSS,XAGUSD,H1,186790905,trade_feedback:position_closed;signal_source_null_or_SEM_FONTE,audit/paper/trade_feedback.jsonl
SEM_FONTE,2026-05-14 22:33:49,trade_feedback_iso_ts_converted_to_utc_naive,0,NA,LOSS,USDCHF,M15,186784610,trade_feedback:position_closed;signal_source_null_or_SEM_FONTE,audit/paper/trade_feedback.jsonl
SEM_FONTE,2026-05-14 22:33:49,trade_feedback_iso_ts_converted_to_utc_naive,0,NA,LOSS,USDCHF,M15,186784611,trade_feedback:position_closed;signal_source_null_or_SEM_FONTE,audit/paper/trade_feedback.jsonl
SEM_FONTE,2026-05-14 22:33:49,trade_feedback_iso_ts_converted_to_utc_naive,0,NA,LOSS,XAGUSD,M15,186790906,trade_feedback:position_closed;signal_source_null_or_SEM_FONTE,audit/paper/trade_feedback.jsonl
SEM_FONTE,2026-05-14 22:36:53,trade_feedback_iso_ts_converted_to_utc_naive,0,NA,LOSS,AUDJPY,M15,186791189,trade_feedback:position_closed;signal_source_null_or_SEM_FONTE,audit/paper/trade_feedback.jsonl
SEM_FONTE,2026-05-14 22:37:37,trade_feedback_iso_ts_converted_to_utc_naive,0,NA,WIN,XRPUSD,H1,186791171,trade_feedback:position_closed;signal_source_null_or_SEM_FONTE,audit/paper/trade_feedback.jsonl
SEM_FONTE,2026-05-14 22:40:41,trade_feedback_iso_ts_converted_to_utc_naive,0,NA,LOSS,GBPJPY,H1,186789631,trade_feedback:position_closed;signal_source_null_or_SEM_FONTE,audit/paper/trade_feedback.jsonl
SEM_FONTE,2026-05-14 22:40:41,trade_feedback_iso_ts_converted_to_utc_naive,0,NA,LOSS,GBPUSD,H1,186793489,trade_feedback:position_closed;signal_source_null_or_SEM_FONTE,audit/paper/trade_feedback.jsonl
SEM_FONTE,2026-05-14 22:41:30,trade_feedback_iso_ts_converted_to_utc_naive,0,NA,LOSS,USDJPY,H4,186792242,trade_feedback:position_closed;signal_source_null_or_SEM_FONTE,audit/paper/trade_feedback.jsonl
SEM_FONTE,2026-05-14 22:41:30,trade_feedback_iso_ts_converted_to_utc_naive,0,NA,LOSS,USDJPY,H4,186793459,trade_feedback:position_closed;signal_source_null_or_SEM_FONTE,audit/paper/trade_feedback.jsonl
SEM_FONTE,2026-05-14 22:46:33,trade_feedback_iso_ts_converted_to_utc_naive,0,NA,LOSS,DOGUSD,M15,186794392,trade_feedback:position_closed;signal_source_null_or_SEM_FONTE,audit/paper/trade_feedback.jsonl
SEM_FONTE,2026-05-14 22:49:00,trade_feedback_iso_ts_converted_to_utc_naive,0,NA,LOSS,CHFJPY,H4,186784754,trade_feedback:position_closed;signal_source_null_or_SEM_FONTE,audit/paper/trade_feedback.jsonl
SEM_FONTE,2026-05-14 22:49:00,trade_feedback_iso_ts_converted_to_utc_naive,0,NA,LOSS,CHFJPY,H4,186784755,trade_feedback:position_closed;signal_source_null_or_SEM_FONTE,audit/paper/trade_feedback.jsonl
SEM_FONTE,2026-05-14 22:51:08,trade_feedback_iso_ts_converted_to_utc_naive,0,NA,LOSS,XRPUSD,M15,186794632,trade_feedback:position_closed;signal_source_null_or_SEM_FONTE,audit/paper/trade_feedback.jsonl
SEM_FONTE,2026-05-14 22:52:12,trade_feedback_iso_ts_converted_to_utc_naive,0,NA,LOSS,CADJPY,M15,186788107,trade_feedback:position_closed;signal_source_null_or_SEM_FONTE,audit/paper/trade_feedback.jsonl
SEM_FONTE,2026-05-14 22:52:23,trade_feedback_iso_ts_converted_to_utc_naive,0,NA,LOSS,DOGUSD,H1,186795655,trade_feedback:position_closed;signal_source_null_or_SEM_FONTE,audit/paper/trade_feedback.jsonl
SEM_FONTE,2026-05-14 22:54:58,trade_feedback_iso_ts_converted_to_utc_naive,0,NA,LOSS,XAUUSD,M15,186795417,trade_feedback:position_closed;signal_source_null_or_SEM_FONTE,audit/paper/trade_feedback.jsonl
SEM_FONTE,2026-05-14 22:55:12,trade_feedback_iso_ts_converted_to_utc_naive,0,NA,LOSS,XAUUSD,H1,186795474,trade_feedback:position_closed;signal_source_null_or_SEM_FONTE,audit/paper/trade_feedback.jsonl
SEM_FONTE,2026-05-14 22:55:12,trade_feedback_iso_ts_converted_to_utc_naive,0,NA,LOSS,XAUUSD,H1,186795475,trade_feedback:position_closed;signal_source_null_or_SEM_FONTE,audit/paper/trade_feedback.jsonl
SEM_FONTE,2026-05-14 23:04:22,trade_feedback_iso_ts_converted_to_utc_naive,0,NA,LOSS,DOGUSD,H1,186797143,trade_feedback:position_closed;signal_source_null_or_SEM_FONTE,audit/paper/trade_feedback.jsonl
SEM_FONTE,2026-05-14 23:06:01,trade_feedback_iso_ts_converted_to_utc_naive,0,NA,LOSS,XRPUSD,M15,186796956,trade_feedback:position_closed;signal_source_null_or_SEM_FONTE,audit/paper/trade_feedback.jsonl
SEM_FONTE,2026-05-14 23:06:01,trade_feedback_iso_ts_converted_to_utc_naive,0,NA,LOSS,CHFJPY,M15,186797031,trade_feedback:position_closed;signal_source_null_or_SEM_FONTE,audit/paper/trade_feedback.jsonl
SEM_FONTE,2026-05-14 23:11:01,trade_feedback_iso_ts_converted_to_utc_naive,0,NA,LOSS,DOGUSD,H1,186797767,trade_feedback:position_closed;signal_source_null_or_SEM_FONTE,audit/paper/trade_feedback.jsonl
SEM_FONTE,2026-05-14 23:11:01,trade_feedback_iso_ts_converted_to_utc_naive,0,NA,WIN,GBPJPY,H1,186797891,trade_feedback:position_closed;signal_source_null_or_SEM_FONTE,audit/paper/trade_feedback.jsonl
SEM_FONTE,2026-05-14 23:22:20,trade_feedback_iso_ts_converted_to_utc_naive,0,NA,LOSS,USOIL+,H1,186800940,trade_feedback:position_closed;signal_source_null_or_SEM_FONTE,audit/paper/trade_feedback.jsonl
SEM_FONTE,2026-05-14 23:23:26,trade_feedback_iso_ts_converted_to_utc_naive,0,NA,LOSS,BTCUSD,M15,186799102,trade_feedback:position_closed;signal_source_null_or_SEM_FONTE,audit/paper/trade_feedback.jsonl
SEM_FONTE,2026-05-14 23:23:26,trade_feedback_iso_ts_converted_to_utc_naive,0,NA,LOSS,BTCUSD,M15,186799109,trade_feedback:position_closed;signal_source_null_or_SEM_FONTE,audit/paper/trade_feedback.jsonl
SEM_FONTE,2026-05-14 23:25:57,trade_feedback_iso_ts_converted_to_utc_naive,0,NA,LOSS,USOIL+,H4,186800941,trade_feedback:position_closed;signal_source_null_or_SEM_FONTE,audit/paper/trade_feedback.jsonl
SEM_FONTE,2026-05-14 23:32:29,trade_feedback_iso_ts_converted_to_utc_naive,0,NA,LOSS,XRPUSD,H4,186803004,trade_feedback:position_closed;signal_source_null_or_SEM_FONTE,audit/paper/trade_feedback.jsonl
SEM_FONTE,2026-05-14 23:33:46,trade_feedback_iso_ts_converted_to_utc_naive,0,NA,WIN,XAUUSD,H4,186806491,trade_feedback:position_closed;signal_source_null_or_SEM_FONTE,audit/paper/trade_feedback.jsonl
SEM_FONTE,2026-05-14 23:37:02,trade_feedback_iso_ts_converted_to_utc_naive,0,NA,WIN,XAUUSD,H1,186806492,trade_feedback:position_closed;signal_source_null_or_SEM_FONTE,audit/paper/trade_feedback.jsonl
SEM_FONTE,2026-05-14 23:38:56,trade_feedback_iso_ts_converted_to_utc_naive,0,NA,LOSS,DOGUSD,M15,186807733,trade_feedback:position_closed;signal_source_null_or_SEM_FONTE,audit/paper/trade_feedback.jsonl
SEM_FONTE,2026-05-14 23:39:08,trade_feedback_iso_ts_converted_to_utc_naive,0,NA,LOSS,XRPUSD,H4,186807200,trade_feedback:position_closed;signal_source_null_or_SEM_FONTE,audit/paper/trade_feedback.jsonl
SEM_FONTE,2026-05-14 23:50:38,trade_feedback_iso_ts_converted_to_utc_naive,0,NA,LOSS,USOIL+,M15,186812872,trade_feedback:position_closed;signal_source_null_or_SEM_FONTE,audit/paper/trade_feedback.jsonl
SEM_FONTE,2026-05-14 23:50:38,trade_feedback_iso_ts_converted_to_utc_naive,0,NA,LOSS,USOIL+,M15,186812889,trade_feedback:position_closed;signal_source_null_or_SEM_FONTE,audit/paper/trade_feedback.jsonl
SEM_FONTE,2026-05-14 23:59:22,trade_feedback_iso_ts_converted_to_utc_naive,0,NA,WIN,XAGUSD,H4,186813514,trade_feedback:position_closed;signal_source_null_or_SEM_FONTE,audit/paper/trade_feedback.jsonl
SEM_FONTE,2026-05-14 23:59:51,trade_feedback_iso_ts_converted_to_utc_naive,0,NA,LOSS,GBPJPY,H1,186815279,trade_feedback:position_closed;signal_source_null_or_SEM_FONTE,audit/paper/trade_feedback.jsonl
SEM_FONTE,2026-05-15 00:00:31,trade_feedback_iso_ts_converted_to_utc_naive,0,NA,LOSS,GBPJPY,H1,186814581,trade_feedback:position_closed;signal_source_null_or_SEM_FONTE,audit/paper/trade_feedback.jsonl
SEM_FONTE,2026-05-15 00:02:21,trade_feedback_iso_ts_converted_to_utc_naive,0,NA,WIN,ETHUSD,H4,186813229,trade_feedback:position_closed;signal_source_null_or_SEM_FONTE,audit/paper/trade_feedback.jsonl
SEM_FONTE,2026-05-15 00:02:21,trade_feedback_iso_ts_converted_to_utc_naive,0,NA,WIN,ETHUSD,H4,186813246,trade_feedback:position_closed;signal_source_null_or_SEM_FONTE,audit/paper/trade_feedback.jsonl
SEM_FONTE,2026-05-15 00:02:21,trade_feedback_iso_ts_converted_to_utc_naive,0,NA,WIN,GBPUSD,H4,186814764,trade_feedback:position_closed;signal_source_null_or_SEM_FONTE,audit/paper/trade_feedback.jsonl
SEM_FONTE,2026-05-15 00:02:21,trade_feedback_iso_ts_converted_to_utc_naive,0,NA,WIN,USDJPY,H4,186814796,trade_feedback:position_closed;signal_source_null_or_SEM_FONTE,audit/paper/trade_feedback.jsonl
SEM_FONTE,2026-05-15 00:02:24,trade_feedback_iso_ts_converted_to_utc_naive,0,NA,WIN,USDJPY,M15,186814804,trade_feedback:position_closed;signal_source_null_or_SEM_FONTE,audit/paper/trade_feedback.jsonl
SEM_FONTE,2026-05-15 00:07:55,trade_feedback_iso_ts_converted_to_utc_naive,0,NA,WIN,BTCUSD,M15,186816217,trade_feedback:position_closed;signal_source_null_or_SEM_FONTE,audit/paper/trade_feedback.jsonl
SEM_FONTE,2026-05-15 00:08:48,trade_feedback_iso_ts_converted_to_utc_naive,0,NA,WIN,BTCUSD,M15,186814612,trade_feedback:position_closed;signal_source_null_or_SEM_FONTE,audit/paper/trade_feedback.jsonl
SEM_FONTE,2026-05-15 00:31:09,trade_feedback_iso_ts_converted_to_utc_naive,0,NA,WIN,XAGUSD,H1,186828933,trade_feedback:position_closed;signal_source_null_or_SEM_FONTE,audit/paper/trade_feedback.jsonl
SEM_FONTE,2026-05-15 00:31:09,trade_feedback_iso_ts_converted_to_utc_naive,0,NA,WIN,XAGUSD,H1,186828934,trade_feedback:position_closed;signal_source_null_or_SEM_FONTE,audit/paper/trade_feedback.jsonl
SEM_FONTE,2026-05-15 00:41:20,trade_feedback_iso_ts_converted_to_utc_naive,0,NA,WIN,NZDUSD,H1,186840295,trade_feedback:position_closed;signal_source_null_or_SEM_FONTE,audit/paper/trade_feedback.jsonl
SEM_FONTE,2026-05-15 00:41:20,trade_feedback_iso_ts_converted_to_utc_naive,0,NA,WIN,NZDUSD,H1,186840297,trade_feedback:position_closed;signal_source_null_or_SEM_FONTE,audit/paper/trade_feedback.jsonl
SEM_FONTE,2026-05-15 00:41:20,trade_feedback_iso_ts_converted_to_utc_naive,0,NA,WIN,EURUSD,H1,186840945,trade_feedback:position_closed;signal_source_null_or_SEM_FONTE,audit/paper/trade_feedback.jsonl
SEM_FONTE,2026-05-15 00:41:20,trade_feedback_iso_ts_converted_to_utc_naive,0,NA,WIN,EURUSD,H1,186840948,trade_feedback:position_closed;signal_source_null_or_SEM_FONTE,audit/paper/trade_feedback.jsonl
SEM_FONTE,2026-05-15 00:44:12,trade_feedback_iso_ts_converted_to_utc_naive,0,NA,WIN,GBPJPY,M15,186841924,trade_feedback:position_closed;signal_source_null_or_SEM_FONTE,audit/paper/trade_feedback.jsonl
SEM_FONTE,2026-05-15 00:47:02,trade_feedback_iso_ts_converted_to_utc_naive,0,NA,LOSS,EURJPY,H1,186842586,trade_feedback:position_closed;signal_source_null_or_SEM_FONTE,audit/paper/trade_feedback.jsonl
SEM_FONTE,2026-05-15 00:47:02,trade_feedback_iso_ts_converted_to_utc_naive,0,NA,LOSS,EURJPY,H1,186842592,trade_feedback:position_closed;signal_source_null_or_SEM_FONTE,audit/paper/trade_feedback.jsonl
SEM_FONTE,2026-05-15 00:48:21,trade_feedback_iso_ts_converted_to_utc_naive,0,NA,WIN,CHFJPY,H4,186841028,trade_feedback:position_closed;signal_source_null_or_SEM_FONTE,audit/paper/trade_feedback.jsonl
SEM_FONTE,2026-05-15 00:51:53,trade_feedback_iso_ts_converted_to_utc_naive,0,NA,WIN,USOIL+,M15,186842742,trade_feedback:position_closed;signal_source_null_or_SEM_FONTE,audit/paper/trade_feedback.jsonl
SEM_FONTE,2026-05-15 00:54:21,trade_feedback_iso_ts_converted_to_utc_naive,0,NA,WIN,USOIL+,M15,186843067,trade_feedback:position_closed;signal_source_null_or_SEM_FONTE,audit/paper/trade_feedback.jsonl
SEM_FONTE,2026-05-15 01:06:54,trade_feedback_iso_ts_converted_to_utc_naive,0,NA,WIN,BTCUSD,H1,186852107,trade_feedback:position_closed;signal_source_null_or_SEM_FONTE,audit/paper/trade_feedback.jsonl
SEM_FONTE,2026-05-15 01:06:54,trade_feedback_iso_ts_converted_to_utc_naive,0,NA,WIN,BTCUSD,H1,186852116,trade_feedback:position_closed;signal_source_null_or_SEM_FONTE,audit/paper/trade_feedback.jsonl
SEM_FONTE,2026-05-15 01:30:48,trade_feedback_iso_ts_converted_to_utc_naive,0,NA,WIN,GBPJPY,H4,186860590,trade_feedback:position_closed;signal_source_null_or_SEM_FONTE,audit/paper/trade_feedback.jsonl
SEM_FONTE,2026-05-15 01:30:48,trade_feedback_iso_ts_converted_to_utc_naive,0,NA,WIN,GBPJPY,H4,186860698,trade_feedback:position_closed;signal_source_null_or_SEM_FONTE,audit/paper/trade_feedback.jsonl
SEM_FONTE,2026-05-15 22:10:07,trade_feedback_iso_ts_converted_to_utc_naive,0,NA,LOSS,DOGUSD,H4,187272307,trade_feedback:position_closed;signal_source_null_or_SEM_FONTE,audit/paper/trade_feedback.jsonl
SEM_FONTE,2026-05-15 22:30:45,trade_feedback_iso_ts_converted_to_utc_naive,0,NA,LOSS,ETHUSD,H4,187272487,trade_feedback:position_closed;signal_source_null_or_SEM_FONTE,audit/paper/trade_feedback.jsonl
SEM_FONTE,2026-05-17 22:56:35,trade_feedback_iso_ts_converted_to_utc_naive,0,NA,LOSS,USOIL+,M15,187347415,trade_feedback:position_closed;signal_source_null_or_SEM_FONTE,audit/paper/trade_feedback.jsonl
SEM_FONTE,2026-05-17 23:11:33,trade_feedback_iso_ts_converted_to_utc_naive,0,NA,LOSS,AUDJPY,H1,187351428,trade_feedback:position_closed;signal_source_null_or_SEM_FONTE,audit/paper/trade_feedback.jsonl
SEM_FONTE,2026-05-17 23:17:42,trade_feedback_iso_ts_converted_to_utc_naive,0,NA,WIN,GER40,H1,187349879,trade_feedback:position_closed;signal_source_null_or_SEM_FONTE,audit/paper/trade_feedback.jsonl
SEM_FONTE,2026-05-17 23:31:53,trade_feedback_iso_ts_converted_to_utc_naive,0,NA,LOSS,GBPJPY,M15,187355923,trade_feedback:position_closed;signal_source_null_or_SEM_FONTE,audit/paper/trade_feedback.jsonl
SEM_FONTE,2026-05-17 23:46:30,trade_feedback_iso_ts_converted_to_utc_naive,0,NA,LOSS,USDJPY,H1,187360606,trade_feedback:position_closed;signal_source_null_or_SEM_FONTE,audit/paper/trade_feedback.jsonl
SEM_FONTE,2026-05-18 00:00:20,trade_feedback_iso_ts_converted_to_utc_naive,0,NA,LOSS,GBPJPY,H1,187367353,trade_feedback:position_closed;signal_source_null_or_SEM_FONTE,audit/paper/trade_feedback.jsonl
SEM_FONTE,2026-05-18 00:00:51,trade_feedback_iso_ts_converted_to_utc_naive,0,NA,LOSS,USDCAD,M15,187366178,trade_feedback:position_closed;signal_source_null_or_SEM_FONTE,audit/paper/trade_feedback.jsonl
SEM_FONTE,2026-05-18 00:11:32,trade_feedback_iso_ts_converted_to_utc_naive,0,NA,LOSS,USDJPY,H1,187377207,trade_feedback:position_closed;signal_source_null_or_SEM_FONTE,audit/paper/trade_feedback.jsonl
SEM_FONTE,2026-05-18 00:11:49,trade_feedback_iso_ts_converted_to_utc_naive,0,NA,WIN,XAGUSD,M15,187371940,trade_feedback:position_closed;signal_source_null_or_SEM_FONTE,audit/paper/trade_feedback.jsonl
SEM_FONTE,2026-05-18 00:20:18,trade_feedback_iso_ts_converted_to_utc_naive,0,NA,WIN,USDCAD,H4,187381126,trade_feedback:position_closed;signal_source_null_or_SEM_FONTE,audit/paper/trade_feedback.jsonl
SEM_FONTE,2026-05-18 00:25:48,trade_feedback_iso_ts_converted_to_utc_naive,0,NA,WIN,XRPUSD,H1,187372181,trade_feedback:position_closed;signal_source_null_or_SEM_FONTE,audit/paper/trade_feedback.jsonl
SEM_FONTE,2026-05-18 00:48:49,trade_feedback_iso_ts_converted_to_utc_naive,0,NA,WIN,GER40,H1,187405764,trade_feedback:position_closed;signal_source_null_or_SEM_FONTE,audit/paper/trade_feedback.jsonl
SEM_FONTE,2026-05-18 00:57:32,trade_feedback_iso_ts_converted_to_utc_naive,0,NA,LOSS,SOLUSD,H1,187395357,trade_feedback:position_closed;signal_source_null_or_SEM_FONTE,audit/paper/trade_feedback.jsonl
SEM_FONTE,2026-05-18 01:00:41,trade_feedback_iso_ts_converted_to_utc_naive,0,NA,WIN,USOIL+,H1,187409057,trade_feedback:position_closed;signal_source_null_or_SEM_FONTE,audit/paper/trade_feedback.jsonl
SEM_FONTE,2026-05-18 01:28:21,trade_feedback_iso_ts_converted_to_utc_naive,0,NA,WIN,GBPJPY,M15,187422673,trade_feedback:position_closed;signal_source_null_or_SEM_FONTE,audit/paper/trade_feedback.jsonl
SEM_FONTE,2026-05-18 01:36:46,trade_feedback_iso_ts_converted_to_utc_naive,0,NA,LOSS,SOLUSD,H1,187436683,trade_feedback:position_closed;signal_source_null_or_SEM_FONTE,audit/paper/trade_feedback.jsonl
SEM_FONTE,2026-05-18 01:51:22,trade_feedback_iso_ts_converted_to_utc_naive,0,NA,LOSS,USDCAD,H4,187443899,trade_feedback:position_closed;signal_source_null_or_SEM_FONTE,audit/paper/trade_feedback.jsonl
SEM_FONTE,2026-05-18 01:53:08,trade_feedback_iso_ts_converted_to_utc_naive,0,NA,LOSS,DOGUSD,H1,187429623,trade_feedback:position_closed;signal_source_null_or_SEM_FONTE,audit/paper/trade_feedback.jsonl
SEM_FONTE,2026-05-18 02:08:03,trade_feedback_iso_ts_converted_to_utc_naive,0,NA,WIN,USDCHF,H1,187456468,trade_feedback:position_closed;signal_source_null_or_SEM_FONTE,audit/paper/trade_feedback.jsonl
SEM_FONTE,2026-05-18 02:12:11,trade_feedback_iso_ts_converted_to_utc_naive,0,NA,LOSS,EURUSD,H1,187455705,trade_feedback:position_closed;signal_source_null_or_SEM_FONTE,audit/paper/trade_feedback.jsonl
SEM_FONTE,2026-05-18 02:15:59,trade_feedback_iso_ts_converted_to_utc_naive,0,NA,LOSS,USOIL+,H1,187455809,trade_feedback:position_closed;signal_source_null_or_SEM_FONTE,audit/paper/trade_feedback.jsonl
SEM_FONTE,2026-05-18 02:35:52,trade_feedback_iso_ts_converted_to_utc_naive,0,NA,WIN,GBPJPY,H1,187459276,trade_feedback:position_closed;signal_source_null_or_SEM_FONTE,audit/paper/trade_feedback.jsonl
SEM_FONTE,2026-05-18 02:56:04,trade_feedback_iso_ts_converted_to_utc_naive,0,NA,LOSS,USOIL+,H1,187469512,trade_feedback:position_closed;signal_source_null_or_SEM_FONTE,audit/paper/trade_feedback.jsonl
SEM_FONTE,2026-05-18 02:58:13,trade_feedback_iso_ts_converted_to_utc_naive,0,NA,LOSS,NZDUSD,M15,187472072,trade_feedback:position_closed;signal_source_null_or_SEM_FONTE,audit/paper/trade_feedback.jsonl
SEM_FONTE,2026-05-18 03:20:20,trade_feedback_iso_ts_converted_to_utc_naive,0,NA,LOSS,USOIL+,H1,187476432,trade_feedback:position_closed;signal_source_null_or_SEM_FONTE,audit/paper/trade_feedback.jsonl
SEM_FONTE,2026-05-18 03:41:43,trade_feedback_iso_ts_converted_to_utc_naive,0,NA,WIN,XRPUSD,H1,187478107,trade_feedback:position_closed;signal_source_null_or_SEM_FONTE,audit/paper/trade_feedback.jsonl
SEM_FONTE,2026-05-18 03:41:43,trade_feedback_iso_ts_converted_to_utc_naive,0,NA,LOSS,GBPUSD,H1,187483962,trade_feedback:position_closed;signal_source_null_or_SEM_FONTE,audit/paper/trade_feedback.jsonl
SEM_FONTE,2026-05-18 03:52:04,trade_feedback_iso_ts_converted_to_utc_naive,0,NA,LOSS,GBPJPY,H1,187488395,trade_feedback:position_closed;signal_source_null_or_SEM_FONTE,audit/paper/trade_feedback.jsonl
SEM_FONTE,2026-05-18 04:10:31,trade_feedback_iso_ts_converted_to_utc_naive,0,NA,LOSS,XRPUSD,M15,187492640,trade_feedback:position_closed;signal_source_null_or_SEM_FONTE,audit/paper/trade_feedback.jsonl
SEM_FONTE,2026-05-18 04:32:21,trade_feedback_iso_ts_converted_to_utc_naive,0,NA,LOSS,USDJPY,M15,187497005,trade_feedback:position_closed;signal_source_null_or_SEM_FONTE,audit/paper/trade_feedback.jsonl
SEM_FONTE,2026-05-18 04:32:38,trade_feedback_iso_ts_converted_to_utc_naive,0,NA,WIN,USOIL+,H4,187495974,trade_feedback:position_closed;signal_source_null_or_SEM_FONTE,audit/paper/trade_feedback.jsonl
SEM_FONTE,2026-05-18 05:00:33,trade_feedback_iso_ts_converted_to_utc_naive,0,NA,LOSS,XAGUSD,H1,187504366,trade_feedback:position_closed;signal_source_null_or_SEM_FONTE,audit/paper/trade_feedback.jsonl
