,lb_stat,lb_pvalue
5,8.431375493627762,0.13400966771978517
10,9.1328913793658,0.5195399291225236
20,19.30833819075187,0.5018725458650536
