{
    "ADF_p_value": 8.469825510022769e-27,
    "Stationarity_Approved": true,
    "Total_Trades_Simulated": 381,
    "Win_Rate_Net": 0.08136482939632546,
    "Profit_Factor_Net": 0.05912874289014451,
    "CFO_Status": "REJECTED_BY_GATES"
}