timestamp_utc,ticket,time_setup,time_setup_msc,time_done,time_done_msc,time_expiration,type,type_time,type_filling,state,magic,position_id,position_by_id,reason,volume_initial,volume_current,price_open,sl,tp,price_current,price_stoplimit,symbol,comment,external_id
2026-05-04 00:05:00,182298963,2026-05-04T00:05:00+00:00,1777853100913,2026-05-04T00:05:00+00:00,1777853100913,1970-01-01T00:00:00+00:00,0,0,1,4,234001,182235357,0,4,0.25,0.0,1.35788,0.0,0.0,1.35788,0.0,GBPUSD,[sl 1.35788],
2026-05-04 00:05:00,182298964,2026-05-04T00:05:00+00:00,1777853100913,2026-05-04T00:05:00+00:00,1777853100914,1970-01-01T00:00:00+00:00,0,0,1,4,234001,182235359,0,4,0.25,0.0,0.72118,0.0,0.0,0.72118,0.0,AUDUSD,[sl 0.72118],
2026-05-04 00:05:01,182299023,2026-05-04T00:05:01+00:00,1777853101349,2026-05-04T00:05:01+00:00,1777853101349,1970-01-01T00:00:00+00:00,1,0,1,4,0,182298840,0,4,0.1,0.0,1.39115,0.0,0.0,1.39115,0.0,XRPUSD,[sl 1.39115],
2026-05-04 00:05:01,182299058,2026-05-04T00:05:01+00:00,1777853101915,2026-05-04T00:05:01+00:00,1777853101918,1970-01-01T00:00:00+00:00,0,0,1,4,234001,182235360,0,4,0.25,0.0,1.17257,0.0,0.0,1.17257,0.0,EURUSD,[sl 1.17257],
2026-05-04 00:07:52,182300009,2026-05-04T00:07:52+00:00,1777853272453,2026-05-04T00:07:52+00:00,1777853272453,1970-01-01T00:00:00+00:00,0,0,1,4,0,182300009,0,3,0.1,0.0,0.0,78967.8,79561.86,78984.3,0.0,BTCUSD,OV2|206939|H1|B,
2026-05-04 00:08:26,182300069,2026-05-04T00:08:26+00:00,1777853306472,2026-05-04T00:08:26+00:00,1777853306472,1970-01-01T00:00:00+00:00,1,0,1,4,0,182300069,0,3,0.1,0.0,0.0,1.39677,1.3768,1.3933,0.0,XRPUSD,OV2|06bf37|H1|S,
2026-05-04 00:08:29,182300072,2026-05-04T00:08:29+00:00,1777853309089,2026-05-04T00:08:29+00:00,1777853309089,1970-01-01T00:00:00+00:00,1,0,1,4,0,182300009,0,4,0.1,0.0,78967.8,0.0,0.0,78967.8,0.0,BTCUSD,[sl 78967.80],
2026-05-04 00:10:03,182300334,2026-05-04T00:10:03+00:00,1777853403135,2026-05-04T00:10:03+00:00,1777853403135,1970-01-01T00:00:00+00:00,0,0,1,4,0,182298908,0,4,0.1,0.0,2331.146,0.0,0.0,2331.146,0.0,ETHUSD,[sl 2331.146],
2026-05-04 00:10:45,182300437,2026-05-04T00:10:45+00:00,1777853445208,2026-05-04T00:10:45+00:00,1777853445208,1970-01-01T00:00:00+00:00,0,0,1,4,0,182300437,0,3,0.1,0.0,0.0,79000.25,79595.38,79016.75,0.0,BTCUSD,OV2|384b74|H1|B,
2026-05-04 00:12:07,182300594,2026-05-04T00:12:07+00:00,1777853527238,2026-05-04T00:12:07+00:00,1777853527238,1970-01-01T00:00:00+00:00,1,0,1,4,0,182300594,0,3,0.1,0.0,0.0,2333.519,2307.264,2332.019,0.0,ETHUSD,OV2|915f9d|H1|S,
2026-05-04 00:14:25,182300926,2026-05-04T00:14:25+00:00,1777853665741,2026-05-04T00:14:25+00:00,1777853665741,1970-01-01T00:00:00+00:00,0,0,1,4,0,182300069,0,4,0.1,0.0,1.39677,0.0,0.0,1.39677,0.0,XRPUSD,[sl 1.39677],
2026-05-04 00:14:35,182300941,2026-05-04T00:14:35+00:00,1777853675648,2026-05-04T00:14:35+00:00,1777853675648,1970-01-01T00:00:00+00:00,1,0,1,4,0,182300941,0,3,0.1,0.0,0.0,1.39935,1.37767,1.39475,0.0,XRPUSD,OV2|153641|H1|S,
2026-05-04 00:16:57,182301122,2026-05-04T00:16:57+00:00,1777853817218,2026-05-04T00:16:57+00:00,1777853817218,1970-01-01T00:00:00+00:00,1,0,1,4,0,182300437,0,4,0.1,0.0,79000.25,0.0,0.0,79000.25,0.0,BTCUSD,[sl 79000.25],
2026-05-04 00:19:25,182301361,2026-05-04T00:19:25+00:00,1777853965003,2026-05-04T00:19:25+00:00,1777853965003,1970-01-01T00:00:00+00:00,0,0,1,4,0,182301361,0,3,0.1,0.0,0.0,78950.61,79377.37,78969.11,0.0,BTCUSD,OV2|2b7a9f|H1|B,
2026-05-04 00:24:42,182301820,2026-05-04T00:24:42+00:00,1777854282373,2026-05-04T00:24:42+00:00,1777854282373,1970-01-01T00:00:00+00:00,1,0,1,4,0,182301361,0,4,0.1,0.0,78950.61,0.0,0.0,78950.61,0.0,BTCUSD,[sl 78950.61],
2026-05-04 00:25:43,182301907,2026-05-04T00:25:43+00:00,1777854343380,2026-05-04T00:25:43+00:00,1777854343380,1970-01-01T00:00:00+00:00,0,0,1,4,0,182301907,0,3,0.1,0.0,0.0,78915.16,79288.49,78931.66,0.0,BTCUSD,OV2|70776d|H1|B,
2026-05-04 00:26:42,182302004,2026-05-04T00:26:42+00:00,1777854402036,2026-05-04T00:26:42+00:00,1777854402036,1970-01-01T00:00:00+00:00,1,0,1,4,0,182301907,0,4,0.1,0.0,78915.16,0.0,0.0,78915.16,0.0,BTCUSD,[sl 78915.16],
2026-05-04 00:26:43,182302010,2026-05-04T00:26:43+00:00,1777854403101,2026-05-04T00:26:43+00:00,1777854403101,1970-01-01T00:00:00+00:00,0,0,1,4,0,182302010,0,3,0.1,0.0,0.0,78902.49,79282.69,78920.99,0.0,BTCUSD,OV2|439b29|H1|B,
2026-05-04 00:30:26,182302413,2026-05-04T00:30:26+00:00,1777854626522,2026-05-04T00:30:26+00:00,1777854626522,1970-01-01T00:00:00+00:00,1,0,1,4,0,182302010,0,4,0.1,0.0,78902.49,0.0,0.0,78902.49,0.0,BTCUSD,[sl 78902.49],
2026-05-04 01:02:48,182304961,2026-05-04T01:02:48+00:00,1777856568249,2026-05-04T01:02:48+00:00,1777856568252,1970-01-01T00:00:00+00:00,0,0,1,4,0,182300594,0,4,0.1,0.0,2333.519,0.0,0.0,2333.519,0.0,ETHUSD,[sl 2333.519],
2026-05-04 01:02:50,182305108,2026-05-04T01:02:50+00:00,1777856570436,2026-05-04T01:02:50+00:00,1777856570436,1970-01-01T00:00:00+00:00,0,0,1,4,0,182300941,0,4,0.1,0.0,1.39935,0.0,0.0,1.39935,0.0,XRPUSD,[sl 1.39935],
2026-05-04 01:03:33,182305291,2026-05-04T01:03:33+00:00,1777856613746,2026-05-04T01:03:33+00:00,1777856613747,1970-01-01T00:00:00+00:00,1,0,1,4,0,182305291,0,3,0.1,0.0,0.0,1.40095,1.37735,1.39505,0.0,XRPUSD,OV2|de47b0|H4|S,
2026-05-04 01:04:06,182305514,2026-05-04T01:04:06+00:00,1777856646519,2026-05-04T01:04:06+00:00,1777856646520,1970-01-01T00:00:00+00:00,1,0,1,4,0,182305514,0,3,0.1,0.0,0.0,2338.843,2301.824,2337.414,0.0,ETHUSD,OV2|531305|H1|S,
2026-05-04 01:04:37,182305718,2026-05-04T01:04:37+00:00,1777856677163,2026-05-04T01:04:37+00:00,1777856677163,1970-01-01T00:00:00+00:00,0,0,1,4,0,182305514,0,4,0.1,0.0,2338.843,0.0,0.0,2338.843,0.0,ETHUSD,[sl 2338.843],
2026-05-04 01:05:49,182307544,2026-05-04T01:05:49+00:00,1777856749310,2026-05-04T01:05:49+00:00,1777856749310,1970-01-01T00:00:00+00:00,0,0,1,4,0,182307544,0,3,0.1,0.0,0.0,79000.77,79641.07,79017.27,0.0,BTCUSD,OV2|208419|H1|B,
2026-05-04 01:06:27,182308341,2026-05-04T01:06:27+00:00,1777856787150,2026-05-04T01:06:27+00:00,1777856787150,1970-01-01T00:00:00+00:00,1,0,1,4,0,182307544,0,4,0.1,0.0,79000.77,0.0,0.0,79000.77,0.0,BTCUSD,[sl 79000.77],
2026-05-04 01:08:40,182309882,2026-05-04T01:08:40+00:00,1777856920984,2026-05-04T01:08:40+00:00,1777856920984,1970-01-01T00:00:00+00:00,0,0,1,4,0,182309882,0,3,0.1,0.0,0.0,78924.93,79609.26,78941.43,0.0,BTCUSD,OV2|8f89b6|H1|B,
2026-05-04 01:14:01,182314363,2026-05-04T01:14:01+00:00,1777857241822,2026-05-04T01:14:01+00:00,1777857241823,1970-01-01T00:00:00+00:00,0,0,1,4,0,182305291,0,4,0.1,0.0,1.40095,0.0,0.0,1.40095,0.0,XRPUSD,[sl 1.40095],
2026-05-04 01:14:51,182315108,2026-05-04T01:14:51+00:00,1777857291631,2026-05-04T01:14:51+00:00,1777857291631,1970-01-01T00:00:00+00:00,0,0,1,4,0,182315108,0,3,0.1,0.0,0.0,1.39726,1.4245,1.4020000000000001,0.0,XRPUSD,OV2|dcaad2|H1|B,
2026-05-04 01:23:25,182319966,2026-05-04T01:23:25+00:00,1777857805650,2026-05-04T01:23:25+00:00,1777857805650,1970-01-01T00:00:00+00:00,1,0,1,4,0,182315108,0,4,0.1,0.0,1.39726,0.0,0.0,1.39726,0.0,XRPUSD,[sl 1.39726],
2026-05-04 01:27:02,182321110,2026-05-04T01:27:02+00:00,1777858022093,2026-05-04T01:27:02+00:00,1777858022093,1970-01-01T00:00:00+00:00,0,0,1,4,0,182321110,0,3,0.1,0.0,0.0,1.3937300000000001,1.42344,1.3989,0.0,XRPUSD,OV2|e3ddac|H1|B,
2026-05-04 01:51:46,182330528,2026-05-04T01:51:46+00:00,1777859506926,2026-05-04T01:51:46+00:00,1777859506926,1970-01-01T00:00:00+00:00,1,0,1,4,0,182330528,0,3,0.1,0.0,0.0,1.3593899999999999,1.35659,1.35869,0.0,GBPUSD,OV2|ab9846|H1|S,
2026-05-04 01:57:17,182332785,2026-05-04T01:57:17+00:00,1777859837953,2026-05-04T01:57:17+00:00,1777859837954,1970-01-01T00:00:00+00:00,1,0,1,4,0,182309882,0,3,0.1,0.0,0.0,0.0,0.0,79181.46,0.0,BTCUSD,OMEGA_KILL_SWITC,
2026-05-04 01:57:18,182332786,2026-05-04T01:57:18+00:00,1777859838293,2026-05-04T01:57:18+00:00,1777859838293,1970-01-01T00:00:00+00:00,1,0,1,4,0,182321110,0,3,0.1,0.0,0.0,0.0,0.0,1.3971,0.0,XRPUSD,OMEGA_KILL_SWITC,
2026-05-04 01:57:18,182332787,2026-05-04T01:57:18+00:00,1777859838429,2026-05-04T01:57:18+00:00,1777859838429,1970-01-01T00:00:00+00:00,0,0,1,4,0,182330528,0,3,0.1,0.0,0.0,0.0,0.0,1.35886,0.0,GBPUSD,OMEGA_KILL_SWITC,
2026-05-04 01:58:43,182332986,2026-05-04T01:58:43+00:00,1777859923974,2026-05-04T01:58:43+00:00,1777859923974,1970-01-01T00:00:00+00:00,0,0,1,4,0,182332986,0,3,0.1,0.0,0.0,79164.06,79929.08,79180.56,0.0,BTCUSD,OV2|cce219|H1|B,
2026-05-04 01:59:23,182333098,2026-05-04T01:59:23+00:00,1777859963450,2026-05-04T01:59:23+00:00,1777859963450,1970-01-01T00:00:00+00:00,1,0,1,4,0,182332986,0,4,0.1,0.0,79164.06,0.0,0.0,79164.06,0.0,BTCUSD,[sl 79164.06],
2026-05-04 02:00:37,182334016,2026-05-04T02:00:37+00:00,1777860037229,2026-05-04T02:00:37+00:00,1777860037229,1970-01-01T00:00:00+00:00,1,0,1,4,0,182334016,0,3,0.1,0.0,0.0,1.17379,1.17107,1.17311,0.0,EURUSD,OV2|8607be|H1|S,
2026-05-04 02:01:58,182334784,2026-05-04T02:01:58+00:00,1777860118124,2026-05-04T02:01:58+00:00,1777860118124,1970-01-01T00:00:00+00:00,0,0,1,4,0,182334784,0,3,0.1,0.0,0.0,79147.41,79889.96,79163.91,0.0,BTCUSD,OV2|91e466|H1|B,
2026-05-04 02:07:08,182336453,2026-05-04T02:07:08+00:00,1777860428214,2026-05-04T02:07:08+00:00,1777860428215,1970-01-01T00:00:00+00:00,1,0,1,4,0,182334784,0,4,0.1,0.0,79147.41,0.0,0.0,79147.41,0.0,BTCUSD,[sl 79147.41],
2026-05-04 02:08:26,182336943,2026-05-04T02:08:26+00:00,1777860506079,2026-05-04T02:08:26+00:00,1777860506079,1970-01-01T00:00:00+00:00,0,0,1,4,0,182336943,0,3,0.1,0.0,0.0,79123.88,79851.93,79140.38,0.0,BTCUSD,OV2|92dfae|H1|B,
2026-05-04 02:09:34,182337378,2026-05-04T02:09:34+00:00,1777860574076,2026-05-04T02:09:34+00:00,1777860574076,1970-01-01T00:00:00+00:00,1,0,1,4,0,182336943,0,4,0.1,0.0,79123.88,0.0,0.0,79123.88,0.0,BTCUSD,[sl 79123.88],
2026-05-04 02:13:25,182339441,2026-05-04T02:13:25+00:00,1777860805375,2026-05-04T02:13:25+00:00,1777860805375,1970-01-01T00:00:00+00:00,1,0,1,4,0,182339441,0,3,0.05,0.0,0.0,4614.83,4594.82,4612.34,0.0,XAUUSD,OV2|7fbd04|H1|S,
2026-05-04 02:14:14,182339746,2026-05-04T02:14:14+00:00,1777860854287,2026-05-04T02:14:14+00:00,1777860854287,1970-01-01T00:00:00+00:00,0,0,1,4,0,182339441,0,4,0.05,0.0,4614.83,0.0,0.0,4614.83,0.0,XAUUSD,[sl 4614.83],
2026-05-04 02:17:15,182340803,2026-05-04T02:17:15+00:00,1777861035560,2026-05-04T02:17:15+00:00,1777861035560,1970-01-01T00:00:00+00:00,1,0,1,4,0,182340803,0,3,0.05,0.0,0.0,4617.8,4597.48,4615.3,0.0,XAUUSD,OV2|7c465e|H1|S,
2026-05-04 02:29:36,182343194,2026-05-04T02:29:36+00:00,1777861776237,2026-05-04T02:29:36+00:00,1777861776237,1970-01-01T00:00:00+00:00,0,0,1,4,0,182340803,0,4,0.05,0.0,4617.8,0.0,0.0,4617.8,0.0,XAUUSD,[sl 4617.80],
2026-05-04 02:32:42,182344030,2026-05-04T02:32:42+00:00,1777861962050,2026-05-04T02:32:42+00:00,1777861962050,1970-01-01T00:00:00+00:00,1,0,1,4,0,182344030,0,3,0.05,0.0,0.0,4619.69,4599.59,4617.19,0.0,XAUUSD,OV2|c80457|H1|S,
2026-05-04 02:58:25,182349868,2026-05-04T02:58:25+00:00,1777863505997,2026-05-04T02:58:25+00:00,1777863505997,1970-01-01T00:00:00+00:00,0,0,1,4,0,182349868,0,3,0.1,0.0,0.0,156.805,157.077,156.872,0.0,USDJPY,OV2|c36a94|H1|B,
2026-05-04 03:00:49,182351963,2026-05-04T03:00:49+00:00,1777863649065,2026-05-04T03:00:49+00:00,1777863649065,1970-01-01T00:00:00+00:00,1,0,1,4,0,182351963,0,3,0.1,0.0,0.0,78507.39,77774.13,78488.89,0.0,BTCUSD,OV2|a545aa|H1|S,
2026-05-04 03:01:50,182353141,2026-05-04T03:01:50+00:00,1777863710278,2026-05-04T03:01:50+00:00,1777863710279,1970-01-01T00:00:00+00:00,0,0,1,4,0,182351963,0,4,0.1,0.0,78507.39,0.0,0.0,78507.39,0.0,BTCUSD,[sl 78507.39],
2026-05-04 03:03:31,182354472,2026-05-04T03:03:31+00:00,1777863811290,2026-05-04T03:03:31+00:00,1777863811290,1970-01-01T00:00:00+00:00,1,0,1,4,0,182354472,0,3,0.1,0.0,0.0,78502.9,77921.91,78484.4,0.0,BTCUSD,OV2|ef0b51|H1|S,
2026-05-04 03:03:49,182354575,2026-05-04T03:03:49+00:00,1777863829567,2026-05-04T03:03:49+00:00,1777863829568,1970-01-01T00:00:00+00:00,0,0,1,4,0,182354472,0,4,0.1,0.0,78502.9,0.0,0.0,78502.9,0.0,BTCUSD,[sl 78502.90],
2026-05-04 03:09:48,182358854,2026-05-04T03:09:48+00:00,1777864188950,2026-05-04T03:09:48+00:00,1777864188950,1970-01-01T00:00:00+00:00,1,0,1,4,0,182358854,0,3,0.1,0.0,0.0,78461.89,77842.79,78445.44,0.0,BTCUSD,OV2|aa68d1|H1|S,
2026-05-04 03:09:54,182358874,2026-05-04T03:09:54+00:00,1777864194785,2026-05-04T03:09:54+00:00,1777864194785,1970-01-01T00:00:00+00:00,0,0,1,4,0,182358854,0,4,0.1,0.0,78461.89,0.0,0.0,78461.89,0.0,BTCUSD,[sl 78461.89],
2026-05-04 03:11:16,182359420,2026-05-04T03:11:16+00:00,1777864276579,2026-05-04T03:11:16+00:00,1777864276579,1970-01-01T00:00:00+00:00,1,0,1,4,0,182359420,0,3,0.1,0.0,0.0,78495.25,77876.15,78479.25,0.0,BTCUSD,OV2|b8299e|H1|S,
2026-05-04 03:14:26,182360582,2026-05-04T03:14:26+00:00,1777864466390,2026-05-04T03:14:26+00:00,1777864466391,1970-01-01T00:00:00+00:00,0,0,1,4,0,182359420,0,4,0.1,0.0,78495.25,0.0,0.0,78495.25,0.0,BTCUSD,[sl 78495.25],
2026-05-04 03:16:23,182361533,2026-05-04T03:16:23+00:00,1777864583704,2026-05-04T03:16:23+00:00,1777864583704,1970-01-01T00:00:00+00:00,1,0,1,4,0,182361533,0,3,0.1,0.0,0.0,78465.79,77891.92,78449.29,0.0,BTCUSD,OV2|4b8447|H1|S,
2026-05-04 03:16:41,182361647,2026-05-04T03:16:41+00:00,1777864601663,2026-05-04T03:16:41+00:00,1777864601663,1970-01-01T00:00:00+00:00,0,0,1,4,0,182361533,0,4,0.1,0.0,78465.79,0.0,0.0,78465.79,0.0,BTCUSD,[sl 78465.79],
2026-05-04 03:17:32,182361891,2026-05-04T03:17:32+00:00,1777864652737,2026-05-04T03:17:32+00:00,1777864652737,1970-01-01T00:00:00+00:00,1,0,1,4,0,182361891,0,3,0.1,0.0,0.0,78435.33,77846.82,78419.69,0.0,BTCUSD,OV2|2758e7|H1|S,
2026-05-04 03:19:09,182362960,2026-05-04T03:19:09+00:00,1777864749460,2026-05-04T03:19:09+00:00,1777864749460,1970-01-01T00:00:00+00:00,0,0,1,4,0,182361891,0,4,0.1,0.0,78435.33,0.0,0.0,78435.33,0.0,BTCUSD,[sl 78435.33],
2026-05-04 03:21:26,182364704,2026-05-04T03:21:26+00:00,1777864886143,2026-05-04T03:21:26+00:00,1777864886143,1970-01-01T00:00:00+00:00,1,0,1,4,0,182364704,0,3,0.1,0.0,0.0,78391.87,77805.23,78375.37,0.0,BTCUSD,OV2|805107|H1|S,
2026-05-04 03:28:18,182368712,2026-05-04T03:28:18+00:00,1777865298628,2026-05-04T03:28:18+00:00,1777865298628,1970-01-01T00:00:00+00:00,0,0,1,4,0,182364704,0,4,0.1,0.0,78391.87,0.0,0.0,78391.87,0.0,BTCUSD,[sl 78391.87],
2026-05-04 03:29:01,182369337,2026-05-04T03:29:01+00:00,1777865341819,2026-05-04T03:29:01+00:00,1777865341819,1970-01-01T00:00:00+00:00,1,0,1,4,0,182369337,0,3,0.1,0.0,0.0,78438.91,77801.43,78422.41,0.0,BTCUSD,OV2|818a72|H1|S,
2026-05-04 03:32:41,182372067,2026-05-04T03:32:41+00:00,1777865561878,2026-05-04T03:32:41+00:00,1777865561878,1970-01-01T00:00:00+00:00,0,0,1,4,0,182369337,0,4,0.1,0.0,78438.91,0.0,0.0,78438.91,0.0,BTCUSD,[sl 78438.91],
2026-05-04 03:32:54,182372105,2026-05-04T03:32:54+00:00,1777865574773,2026-05-04T03:32:54+00:00,1777865574773,1970-01-01T00:00:00+00:00,1,0,1,4,0,182372105,0,3,0.1,0.0,0.0,78448.44,77784.48,78431.44,0.0,BTCUSD,OV2|1e8845|H1|S,
2026-05-04 03:45:39,182375257,2026-05-04T03:45:39+00:00,1777866339423,2026-05-04T03:45:39+00:00,1777866339423,1970-01-01T00:00:00+00:00,0,0,1,4,0,182372105,0,4,0.1,0.0,78448.44,0.0,0.0,78448.44,0.0,BTCUSD,[sl 78448.44],
2026-05-04 03:45:43,182375297,2026-05-04T03:45:43+00:00,1777866343120,2026-05-04T03:45:43+00:00,1777866343121,1970-01-01T00:00:00+00:00,1,0,1,4,0,182375297,0,3,0.1,0.0,0.0,78447.15,77844.62,78434.08,0.0,BTCUSD,OV2|17e9ab|H1|S,
2026-05-04 03:46:21,182375418,2026-05-04T03:46:21+00:00,1777866381858,2026-05-04T03:46:21+00:00,1777866381858,1970-01-01T00:00:00+00:00,0,0,1,4,0,182375297,0,4,0.1,0.0,78447.15,0.0,0.0,78447.15,0.0,BTCUSD,[sl 78447.15],
2026-05-04 03:47:08,182375683,2026-05-04T03:47:08+00:00,1777866428075,2026-05-04T03:47:08+00:00,1777866428075,1970-01-01T00:00:00+00:00,1,0,1,4,0,182375683,0,3,0.1,0.0,0.0,78435.61,77815.44,78418.86,0.0,BTCUSD,OV2|b520b0|H1|S,
2026-05-04 03:48:27,182375873,2026-05-04T03:48:27+00:00,1777866507829,2026-05-04T03:48:27+00:00,1777866507829,1970-01-01T00:00:00+00:00,0,0,1,4,0,182375683,0,4,0.1,0.0,78435.61,0.0,0.0,78435.61,0.0,BTCUSD,[sl 78435.61],
2026-05-04 03:49:44,182376408,2026-05-04T03:49:44+00:00,1777866584207,2026-05-04T03:49:44+00:00,1777866584207,1970-01-01T00:00:00+00:00,1,0,1,4,0,182376408,0,3,0.1,0.0,0.0,78487.77,77863.88,78471.27,0.0,BTCUSD,OV2|f333cd|H1|S,
2026-05-04 03:56:29,182378460,2026-05-04T03:56:29+00:00,1777866989154,2026-05-04T03:56:29+00:00,1777866989155,1970-01-01T00:00:00+00:00,0,0,1,4,0,182376408,0,4,0.1,0.0,78487.77,0.0,0.0,78487.77,0.0,BTCUSD,[sl 78487.77],
2026-05-04 04:06:56,182384290,2026-05-04T04:06:56+00:00,1777867616670,2026-05-04T04:06:56+00:00,1777867616671,1970-01-01T00:00:00+00:00,0,0,1,4,0,182344030,0,5,0.05,0.0,4599.59,0.0,0.0,4599.59,0.0,XAUUSD,[tp 4599.59],
2026-05-04 04:07:32,182384976,2026-05-04T04:07:32+00:00,1777867652878,2026-05-04T04:07:32+00:00,1777867652878,1970-01-01T00:00:00+00:00,1,0,1,4,0,182384976,0,3,0.05,0.0,0.0,4601.02,4577.56,4598.52,0.0,XAUUSD,OV2|5c1a1e|H1|S,
2026-05-04 04:08:40,182385381,2026-05-04T04:08:40+00:00,1777867720523,2026-05-04T04:08:40+00:00,1777867720524,1970-01-01T00:00:00+00:00,0,0,1,4,0,182384976,0,4,0.05,0.0,4601.02,0.0,0.0,4601.02,0.0,XAUUSD,[sl 4601.02],
2026-05-04 04:08:54,182385436,2026-05-04T04:08:54+00:00,1777867734901,2026-05-04T04:08:54+00:00,1777867734901,1970-01-01T00:00:00+00:00,1,0,1,4,0,182385436,0,3,0.05,0.0,0.0,4603.03,4579.56,4600.43,0.0,XAUUSD,OV2|8a1320|H1|S,
2026-05-04 04:17:38,182389544,2026-05-04T04:17:38+00:00,1777868258558,2026-05-04T04:17:38+00:00,1777868258558,1970-01-01T00:00:00+00:00,0,0,1,4,0,182385436,0,4,0.05,0.0,4603.03,0.0,0.0,4603.03,0.0,XAUUSD,[sl 4603.03],
2026-05-04 04:17:39,182389577,2026-05-04T04:17:39+00:00,1777868259168,2026-05-04T04:17:39+00:00,1777868259168,1970-01-01T00:00:00+00:00,1,0,1,4,0,182349868,0,4,0.1,0.0,156.805,0.0,0.0,156.805,0.0,USDJPY,[sl 156.805],
2026-05-04 04:17:56,182390431,2026-05-04T04:17:56+00:00,1777868276131,2026-05-04T04:17:56+00:00,1777868276131,1970-01-01T00:00:00+00:00,1,0,1,4,0,182390431,0,3,0.05,0.0,0.0,4606.15,4581.64,4603.65,0.0,XAUUSD,OV2|d5aed8|H1|S,
2026-05-04 04:19:13,182390890,2026-05-04T04:19:13+00:00,1777868353009,2026-05-04T04:19:13+00:00,1777868353009,1970-01-01T00:00:00+00:00,0,0,1,4,0,182390890,0,3,0.1,0.0,0.0,156.804,157.159,156.883,0.0,USDJPY,OV2|91f775|H1|B,
2026-05-04 04:33:09,182396129,2026-05-04T04:33:09+00:00,1777869189775,2026-05-04T04:33:09+00:00,1777869189776,1970-01-01T00:00:00+00:00,0,0,1,4,0,182396129,0,3,0.1,0.0,0.0,79083.49,79881.93,79099.99,0.0,BTCUSD,OV2|886637|H1|B,
2026-05-04 04:33:12,182396145,2026-05-04T04:33:12+00:00,1777869192904,2026-05-04T04:33:12+00:00,1777869192904,1970-01-01T00:00:00+00:00,1,0,1,4,0,182396129,0,4,0.1,0.0,79083.49,0.0,0.0,79083.49,0.0,BTCUSD,[sl 79083.49],
2026-05-04 04:34:29,182396427,2026-05-04T04:34:29+00:00,1777869269846,2026-05-04T04:34:29+00:00,1777869269846,1970-01-01T00:00:00+00:00,0,0,1,4,0,182396427,0,3,0.1,0.0,0.0,78947.32,79814.85,78964.25,0.0,BTCUSD,OV2|66702c|H1|B,
2026-05-04 04:34:33,182396445,2026-05-04T04:34:33+00:00,1777869273338,2026-05-04T04:34:33+00:00,1777869273339,1970-01-01T00:00:00+00:00,1,0,1,4,0,182396427,0,4,0.1,0.0,78947.32,0.0,0.0,78947.32,0.0,BTCUSD,[sl 78947.32],
2026-05-04 04:37:07,182397393,2026-05-04T04:37:07+00:00,1777869427256,2026-05-04T04:37:07+00:00,1777869427256,1970-01-01T00:00:00+00:00,0,0,1,4,0,182397393,0,3,0.1,0.0,0.0,78783.34,79686.84,78799.84,0.0,BTCUSD,OV2|fa58bf|H1|B,
2026-05-04 04:37:08,182397402,2026-05-04T04:37:08+00:00,1777869428492,2026-05-04T04:37:08+00:00,1777869428493,1970-01-01T00:00:00+00:00,1,0,1,4,0,182397393,0,4,0.1,0.0,78783.34,0.0,0.0,78783.34,0.0,BTCUSD,[sl 78783.34],
2026-05-04 04:38:18,182397777,2026-05-04T04:38:18+00:00,1777869498965,2026-05-04T04:38:18+00:00,1777869498965,1970-01-01T00:00:00+00:00,0,0,1,4,0,182397777,0,3,0.1,0.0,0.0,78807.75,79723.71,78823.66,0.0,BTCUSD,OV2|4e8e41|H1|B,
2026-05-04 04:42:43,182399061,2026-05-04T04:42:43+00:00,1777869763027,2026-05-04T04:42:43+00:00,1777869763027,1970-01-01T00:00:00+00:00,1,0,1,4,0,182397777,0,4,0.1,0.0,78807.75,0.0,0.0,78807.75,0.0,BTCUSD,[sl 78807.75],
2026-05-04 04:43:29,182399259,2026-05-04T04:43:29+00:00,1777869809143,2026-05-04T04:43:29+00:00,1777869809143,1970-01-01T00:00:00+00:00,0,0,1,4,0,182399259,0,3,0.1,0.0,0.0,78794.63,79684.28,78811.13,0.0,BTCUSD,OV2|ea3087|H1|B,
2026-05-04 04:44:54,182399590,2026-05-04T04:44:54+00:00,1777869894030,2026-05-04T04:44:54+00:00,1777869894030,1970-01-01T00:00:00+00:00,1,0,1,4,0,182399259,0,4,0.1,0.0,78794.63,0.0,0.0,78794.63,0.0,BTCUSD,[sl 78794.63],
2026-05-04 04:46:05,182400231,2026-05-04T04:46:05+00:00,1777869965945,2026-05-04T04:46:05+00:00,1777869965945,1970-01-01T00:00:00+00:00,0,0,1,4,0,182400231,0,3,0.1,0.0,0.0,78835.03,79735.06,78851.48,0.0,BTCUSD,OV2|0e1231|H1|B,
2026-05-04 04:46:17,182400278,2026-05-04T04:46:17+00:00,1777869977296,2026-05-04T04:46:17+00:00,1777869977296,1970-01-01T00:00:00+00:00,1,0,1,4,0,182400231,0,4,0.1,0.0,78835.03,0.0,0.0,78835.03,0.0,BTCUSD,[sl 78835.03],
2026-05-04 04:47:17,182400459,2026-05-04T04:47:17+00:00,1777870037268,2026-05-04T04:47:17+00:00,1777870037268,1970-01-01T00:00:00+00:00,0,0,1,4,0,182400459,0,3,0.1,0.0,0.0,78846.35,79754.48,78862.85,0.0,BTCUSD,OV2|5d317e|H1|B,
2026-05-04 04:47:22,182400474,2026-05-04T04:47:22+00:00,1777870042864,2026-05-04T04:47:22+00:00,1777870042865,1970-01-01T00:00:00+00:00,1,0,1,4,0,182400459,0,4,0.1,0.0,78846.35,0.0,0.0,78846.35,0.0,BTCUSD,[sl 78846.35],
2026-05-04 04:48:33,182400754,2026-05-04T04:48:33+00:00,1777870113678,2026-05-04T04:48:33+00:00,1777870113678,1970-01-01T00:00:00+00:00,0,0,1,4,0,182400754,0,3,0.1,0.0,0.0,78836.89,79747.12,78851.95,0.0,BTCUSD,OV2|615dcf|H1|B,
2026-05-04 04:51:27,182402334,2026-05-04T04:51:27+00:00,1777870287944,2026-05-04T04:51:27+00:00,1777870287944,1970-01-01T00:00:00+00:00,0,0,1,4,0,182390431,0,4,0.05,0.0,4606.15,0.0,0.0,4606.15,0.0,XAUUSD,[sl 4606.15],
2026-05-04 04:56:00,182404274,2026-05-04T04:56:00+00:00,1777870560831,2026-05-04T04:56:00+00:00,1777870560832,1970-01-01T00:00:00+00:00,1,0,1,4,0,182400754,0,5,0.1,0.0,79747.12,0.0,0.0,79747.12,0.0,BTCUSD,[tp 79747.12],
2026-05-04 04:57:32,182405360,2026-05-04T04:57:32+00:00,1777870652522,2026-05-04T04:57:32+00:00,1777870652523,1970-01-01T00:00:00+00:00,0,0,1,4,0,182405360,0,3,0.1,0.0,0.0,79466.65,80869.25,79480.8,0.0,BTCUSD,OV2|b4476b|H1|B,
2026-05-04 04:57:32,182405363,2026-05-04T04:57:32+00:00,1777870652831,2026-05-04T04:57:32+00:00,1777870652831,1970-01-01T00:00:00+00:00,1,0,1,4,0,182405360,0,4,0.1,0.0,79466.65,0.0,0.0,79466.65,0.0,BTCUSD,[sl 79466.65],
2026-05-04 04:58:58,182406495,2026-05-04T04:58:58+00:00,1777870738419,2026-05-04T04:58:58+00:00,1777870738419,1970-01-01T00:00:00+00:00,0,0,1,4,0,182406495,0,3,0.1,0.0,0.0,79531.61,80962.46,79548.11,0.0,BTCUSD,OV2|8873b4|H1|B,
2026-05-04 05:01:32,182410976,2026-05-04T05:01:32+00:00,1777870892096,2026-05-04T05:01:32+00:00,1777870892096,1970-01-01T00:00:00+00:00,0,0,1,4,0,182410976,0,3,0.05,0.0,0.0,4612.11,4632.17,4614.61,0.0,XAUUSD,OV2|1b98e8|H1|B,
2026-05-04 05:02:44,182411519,2026-05-04T05:02:44+00:00,1777870964805,2026-05-04T05:02:44+00:00,1777870964805,1970-01-01T00:00:00+00:00,1,0,1,4,0,182406495,0,4,0.1,0.0,79531.61,0.0,0.0,79531.61,0.0,BTCUSD,[sl 79531.61],
2026-05-04 05:02:46,182411548,2026-05-04T05:02:46+00:00,1777870966931,2026-05-04T05:02:46+00:00,1777870966931,1970-01-01T00:00:00+00:00,0,0,1,4,0,182411548,0,3,0.1,0.0,0.0,79533.44,81300.82,79549.94,0.0,BTCUSD,OV2|a57d59|H1|B,
2026-05-04 05:05:55,182412955,2026-05-04T05:05:55+00:00,1777871155007,2026-05-04T05:05:55+00:00,1777871155007,1970-01-01T00:00:00+00:00,1,0,1,4,0,182410976,0,4,0.05,0.0,4612.11,0.0,0.0,4612.11,0.0,XAUUSD,[sl 4612.11],
2026-05-04 05:06:04,182413262,2026-05-04T05:06:04+00:00,1777871164347,2026-05-04T05:06:04+00:00,1777871164347,1970-01-01T00:00:00+00:00,1,0,1,4,0,182390890,0,5,0.1,0.0,157.159,0.0,0.0,157.159,0.0,USDJPY,[tp 157.159],
2026-05-04 05:06:32,182413536,2026-05-04T05:06:32+00:00,1777871192771,2026-05-04T05:06:32+00:00,1777871192771,1970-01-01T00:00:00+00:00,0,0,1,4,0,182413536,0,3,0.1,0.0,0.0,1.3578700000000001,1.36067,1.35857,0.0,GBPUSD,OV2|1995ef|H1|B,
2026-05-04 05:06:35,182413558,2026-05-04T05:06:35+00:00,1777871195568,2026-05-04T05:06:35+00:00,1777871195568,1970-01-01T00:00:00+00:00,0,0,1,4,0,182413558,0,3,0.05,0.0,0.0,4608.61,4627.89,4611.11,0.0,XAUUSD,OV2|291bb8|H1|B,
2026-05-04 05:06:41,182413618,2026-05-04T05:06:41+00:00,1777871201187,2026-05-04T05:06:41+00:00,1777871201187,1970-01-01T00:00:00+00:00,0,0,1,4,0,182413618,0,3,0.1,0.0,0.0,157.074,157.348,157.142,0.0,USDJPY,OV2|959eb4|H1|B,
2026-05-04 05:09:05,182414775,2026-05-04T05:09:05+00:00,1777871345684,2026-05-04T05:09:05+00:00,1777871345684,1970-01-01T00:00:00+00:00,1,0,1,4,0,182413558,0,4,0.05,0.0,4608.61,0.0,0.0,4608.61,0.0,XAUUSD,[sl 4608.61],
2026-05-04 05:09:14,182414983,2026-05-04T05:09:14+00:00,1777871354211,2026-05-04T05:09:14+00:00,1777871354211,1970-01-01T00:00:00+00:00,0,0,1,4,0,182414983,0,3,0.05,0.0,0.0,4605.76,4625.31,4608.31,0.0,XAUUSD,OV2|923465|H1|B,
2026-05-04 05:10:57,182416047,2026-05-04T05:10:57+00:00,1777871457679,2026-05-04T05:10:57+00:00,1777871457679,1970-01-01T00:00:00+00:00,1,0,1,4,0,182414983,0,4,0.05,0.0,4605.76,0.0,0.0,4605.76,0.0,XAUUSD,[sl 4605.76],
2026-05-04 05:11:42,182416493,2026-05-04T05:11:42+00:00,1777871502911,2026-05-04T05:11:42+00:00,1777871502911,1970-01-01T00:00:00+00:00,0,0,1,4,0,182416493,0,3,0.05,0.0,0.0,4602.78,4623.38,4605.28,0.0,XAUUSD,OV2|d192d2|H1|B,
2026-05-04 05:16:07,182419164,2026-05-04T05:16:07+00:00,1777871767093,2026-05-04T05:16:07+00:00,1777871767093,1970-01-01T00:00:00+00:00,1,0,1,4,0,182416493,0,4,0.05,0.0,4602.78,0.0,0.0,4602.78,0.0,XAUUSD,[sl 4602.78],
2026-05-04 05:16:50,182419547,2026-05-04T05:16:50+00:00,1777871810095,2026-05-04T05:16:50+00:00,1777871810095,1970-01-01T00:00:00+00:00,0,0,1,4,0,182419547,0,3,0.05,0.0,0.0,4600.95,4623.17,4603.45,0.0,XAUUSD,OV2|a93f03|H1|B,
2026-05-04 05:21:22,182421563,2026-05-04T05:21:22+00:00,1777872082258,2026-05-04T05:21:22+00:00,1777872082259,1970-01-01T00:00:00+00:00,1,0,1,4,0,182419547,0,4,0.05,0.0,4600.95,0.0,0.0,4600.95,0.0,XAUUSD,[sl 4600.95],
2026-05-04 05:27:16,182424570,2026-05-04T05:27:16+00:00,1777872436089,2026-05-04T05:27:16+00:00,1777872436090,1970-01-01T00:00:00+00:00,1,0,1,4,0,182424570,0,3,0.05,0.0,0.0,4599.02,4575.46,4596.52,0.0,XAUUSD,OV2|e93c44|H1|S,
2026-05-04 05:37:12,182430042,2026-05-04T05:37:12+00:00,1777873032777,2026-05-04T05:37:12+00:00,1777873032777,1970-01-01T00:00:00+00:00,0,0,1,4,0,182424570,0,4,0.05,0.0,4599.02,0.0,0.0,4599.02,0.0,XAUUSD,[sl 4599.02],
2026-05-04 05:55:29,182438942,2026-05-04T05:55:29+00:00,1777874129080,2026-05-04T05:55:29+00:00,1777874129080,1970-01-01T00:00:00+00:00,1,0,1,4,0,182413618,0,4,0.1,0.0,157.074,0.0,0.0,157.074,0.0,USDJPY,[sl 157.074],
2026-05-04 05:56:42,182439408,2026-05-04T05:56:42+00:00,1777874202687,2026-05-04T05:56:42+00:00,1777874202687,1970-01-01T00:00:00+00:00,0,0,1,4,0,182439408,0,3,0.1,0.0,0.0,157.1,157.372,157.168,0.0,USDJPY,OV2|ac5f43|H1|B,
2026-05-04 05:58:36,182440063,2026-05-04T05:58:36+00:00,1777874316941,2026-05-04T05:58:36+00:00,1777874316942,1970-01-01T00:00:00+00:00,1,0,1,4,0,182439408,0,4,0.1,0.0,157.1,0.0,0.0,157.1,0.0,USDJPY,[sl 157.100],
2026-05-04 06:17:10,182447078,2026-05-04T06:17:10+00:00,1777875430856,2026-05-04T06:17:10+00:00,1777875430856,1970-01-01T00:00:00+00:00,0,0,1,4,0,182447078,0,3,0.1,0.0,0.0,157.143,157.415,157.211,0.0,USDJPY,OV2|6e5d3a|H1|B,
2026-05-04 06:36:27,182449509,2026-05-04T06:36:27+00:00,1777876587946,2026-05-04T06:36:27+00:00,1777876587946,1970-01-01T00:00:00+00:00,0,0,1,4,0,182449509,0,3,0.05,0.0,0.0,4603.6,4620.38,4606.1,0.0,XAUUSD,OV2|10f886|H1|B,
2026-05-04 06:39:07,182450000,2026-05-04T06:39:07+00:00,1777876747429,2026-05-04T06:39:07+00:00,1777876747430,1970-01-01T00:00:00+00:00,1,0,1,4,0,182449509,0,4,0.05,0.0,4603.6,0.0,0.0,4603.6,0.0,XAUUSD,[sl 4603.60],
2026-05-04 06:45:00,182452750,2026-05-04T06:45:00+00:00,1777877100551,2026-05-04T06:45:00+00:00,1777877100551,1970-01-01T00:00:00+00:00,1,0,1,4,0,182447078,0,4,0.1,0.0,157.143,0.0,0.0,157.143,0.0,USDJPY,[sl 157.143],
2026-05-04 06:49:10,182456663,2026-05-04T06:49:10+00:00,1777877350900,2026-05-04T06:49:10+00:00,1777877350901,1970-01-01T00:00:00+00:00,1,0,1,4,0,182456663,0,3,0.07,0.0,0.0,156.296,155.616,156.146,0.0,USDJPY,OV2|a043ba|H1|S,
2026-05-04 06:49:32,182456835,2026-05-04T06:49:32+00:00,1777877372664,2026-05-04T06:49:32+00:00,1777877372664,1970-01-01T00:00:00+00:00,0,0,1,4,0,182456663,0,4,0.07,0.0,156.296,0.0,0.0,156.296,0.0,USDJPY,[sl 156.296],
2026-05-04 06:50:33,182457097,2026-05-04T06:50:33+00:00,1777877433502,2026-05-04T06:50:33+00:00,1777877433502,1970-01-01T00:00:00+00:00,1,0,1,4,0,182457097,0,3,0.06,0.0,0.0,156.54,155.797,156.39,0.0,USDJPY,OV2|e3167b|H1|S,
2026-05-04 06:53:25,182458331,2026-05-04T06:53:25+00:00,1777877605440,2026-05-04T06:53:25+00:00,1777877605440,1970-01-01T00:00:00+00:00,0,0,1,4,0,182334016,0,4,0.1,0.0,1.17379,0.0,0.0,1.17379,0.0,EURUSD,[sl 1.17379],
2026-05-04 06:54:32,182458823,2026-05-04T06:54:32+00:00,1777877672790,2026-05-04T06:54:32+00:00,1777877672790,1970-01-01T00:00:00+00:00,0,0,1,4,0,182457097,0,5,0.06,0.0,155.797,0.0,0.0,155.797,0.0,USDJPY,[tp 155.797],
2026-05-04 06:55:33,182459099,2026-05-04T06:55:33+00:00,1777877733377,2026-05-04T06:55:33+00:00,1777877733377,1970-01-01T00:00:00+00:00,1,0,1,4,0,182459099,0,3,0.06,0.0,0.0,156.036,155.13,155.885,0.0,USDJPY,OV2|fef1ba|H1|S,
2026-05-04 06:55:55,182459173,2026-05-04T06:55:55+00:00,1777877755032,2026-05-04T06:55:55+00:00,1777877755032,1970-01-01T00:00:00+00:00,0,0,1,4,0,182459099,0,4,0.06,0.0,156.036,0.0,0.0,156.036,0.0,USDJPY,[sl 156.036],
2026-05-04 06:56:47,182459433,2026-05-04T06:56:47+00:00,1777877807958,2026-05-04T06:56:47+00:00,1777877807958,1970-01-01T00:00:00+00:00,0,0,1,4,0,182459433,0,3,0.05,0.0,0.0,4610.47,4630.5,4612.77,0.0,XAUUSD,OV2|c37c14|H1|B,
2026-05-04 06:56:53,182459465,2026-05-04T06:56:53+00:00,1777877813480,2026-05-04T06:56:53+00:00,1777877813480,1970-01-01T00:00:00+00:00,1,0,1,4,0,182459465,0,3,0.06,0.0,0.0,156.162,155.21,156.012,0.0,USDJPY,OV2|3683a0|H1|S,
2026-05-04 06:57:36,182459556,2026-05-04T06:57:36+00:00,1777877856639,2026-05-04T06:57:36+00:00,1777877856640,1970-01-01T00:00:00+00:00,0,0,1,4,0,182459465,0,4,0.06,0.0,156.162,0.0,0.0,156.162,0.0,USDJPY,[sl 156.162],
2026-05-04 06:58:16,182460063,2026-05-04T06:58:16+00:00,1777877896171,2026-05-04T06:58:16+00:00,1777877896171,1970-01-01T00:00:00+00:00,1,0,1,4,0,182460063,0,3,0.06,0.0,0.0,156.291,155.305,156.141,0.0,USDJPY,OV2|baaeb3|H1|S,
2026-05-04 06:59:34,182460466,2026-05-04T06:59:34+00:00,1777877974695,2026-05-04T06:59:34+00:00,1777877974696,1970-01-01T00:00:00+00:00,0,0,1,4,0,182460063,0,4,0.06,0.0,156.291,0.0,0.0,156.291,0.0,USDJPY,[sl 156.291],
2026-05-04 07:00:45,182461472,2026-05-04T07:00:45+00:00,1777878045210,2026-05-04T07:00:45+00:00,1777878045210,1970-01-01T00:00:00+00:00,1,0,1,4,0,182461472,0,3,0.07,0.0,0.0,156.379,155.329,156.229,0.0,USDJPY,OV2|6636fd|H1|S,
2026-05-04 07:03:42,182462709,2026-05-04T07:03:42+00:00,1777878222830,2026-05-04T07:03:42+00:00,1777878222830,1970-01-01T00:00:00+00:00,1,0,1,4,0,182459433,0,4,0.05,0.0,4610.47,0.0,0.0,4610.47,0.0,XAUUSD,[sl 4610.47],
2026-05-04 07:03:54,182462800,2026-05-04T07:03:54+00:00,1777878234363,2026-05-04T07:03:54+00:00,1777878234363,1970-01-01T00:00:00+00:00,0,0,1,4,0,182461472,0,4,0.07,0.0,156.379,0.0,0.0,156.379,0.0,USDJPY,[sl 156.379],
2026-05-04 07:04:36,182463355,2026-05-04T07:04:36+00:00,1777878276607,2026-05-04T07:04:36+00:00,1777878276607,1970-01-01T00:00:00+00:00,1,0,1,4,0,182463355,0,3,0.07,0.0,0.0,156.501,155.412,156.351,0.0,USDJPY,OV2|889195|H1|S,
2026-05-04 07:04:39,182463383,2026-05-04T07:04:39+00:00,1777878279382,2026-05-04T07:04:39+00:00,1777878279382,1970-01-01T00:00:00+00:00,0,0,1,4,0,182463383,0,3,0.05,0.0,0.0,4605.75,4628.56,4608.25,0.0,XAUUSD,OV2|313c70|H1|B,
2026-05-04 07:06:19,182464217,2026-05-04T07:06:19+00:00,1777878379212,2026-05-04T07:06:19+00:00,1777878379212,1970-01-01T00:00:00+00:00,0,0,1,4,0,182463355,0,4,0.07,0.0,156.501,0.0,0.0,156.501,0.0,USDJPY,[sl 156.501],
2026-05-04 07:07:11,182464336,2026-05-04T07:07:11+00:00,1777878431914,2026-05-04T07:07:11+00:00,1777878431914,1970-01-01T00:00:00+00:00,1,0,1,4,0,182464336,0,3,0.07,0.0,0.0,156.658,155.53,156.508,0.0,USDJPY,OV2|ca7f74|H1|S,
2026-05-04 07:22:22,182467223,2026-05-04T07:22:22+00:00,1777879342200,2026-05-04T07:22:22+00:00,1777879342200,1970-01-01T00:00:00+00:00,0,0,1,4,0,182464336,0,4,0.07,0.0,156.658,0.0,0.0,156.658,0.0,USDJPY,[sl 156.658],
2026-05-04 07:55:16,182472438,2026-05-04T07:55:16+00:00,1777881316804,2026-05-04T07:55:16+00:00,1777881316805,1970-01-01T00:00:00+00:00,1,0,1,4,0,182463383,0,4,0.05,0.0,4605.75,0.0,0.0,4605.75,0.0,XAUUSD,[sl 4605.75],
2026-05-04 08:13:52,182476906,2026-05-04T08:13:52+00:00,1777882432761,2026-05-04T08:13:52+00:00,1777882432761,1970-01-01T00:00:00+00:00,1,0,1,4,0,182476906,0,3,0.05,0.0,0.0,4604.83,4589.52,4602.33,0.0,XAUUSD,OV2|d02e90|H1|S,
2026-05-04 08:18:57,182478060,2026-05-04T08:18:57+00:00,1777882737426,2026-05-04T08:18:57+00:00,1777882737427,1970-01-01T00:00:00+00:00,0,0,1,4,0,182476906,0,4,0.05,0.0,4604.83,0.0,0.0,4604.83,0.0,XAUUSD,[sl 4604.83],
2026-05-04 08:18:58,182478088,2026-05-04T08:18:58+00:00,1777882738579,2026-05-04T08:18:58+00:00,1777882738579,1970-01-01T00:00:00+00:00,1,0,1,4,0,182478088,0,3,0.05,0.0,0.0,4607.24,4591.27,4604.74,0.0,XAUUSD,OV2|ed4e7b|H1|S,
2026-05-04 08:19:05,182478292,2026-05-04T08:19:05+00:00,1777882745921,2026-05-04T08:19:05+00:00,1777882745922,1970-01-01T00:00:00+00:00,0,0,1,4,0,182478088,0,4,0.05,0.0,4607.24,0.0,0.0,4607.24,0.0,XAUUSD,[sl 4607.24],
2026-05-04 08:26:34,182483116,2026-05-04T08:26:34+00:00,1777883194806,2026-05-04T08:26:34+00:00,1777883194806,1970-01-01T00:00:00+00:00,1,0,1,4,0,182483116,0,3,0.05,0.0,0.0,4603.12,4580.81,4600.69,0.0,XAUUSD,OV2|2f7b32|H1|S,
2026-05-04 08:34:24,182487373,2026-05-04T08:34:24+00:00,1777883664350,2026-05-04T08:34:24+00:00,1777883664350,1970-01-01T00:00:00+00:00,0,0,1,4,0,182487373,0,3,0.1,0.0,0.0,156.749,157.141,156.836,0.0,USDJPY,OV2|57df84|H1|B,
2026-05-04 08:36:47,182487830,2026-05-04T08:36:47+00:00,1777883807396,2026-05-04T08:36:47+00:00,1777883807396,1970-01-01T00:00:00+00:00,1,0,1,4,0,182487830,0,3,0.1,0.0,0.0,1.17328,1.17056,1.1726,0.0,EURUSD,OV2|735e06|H1|S,
2026-05-04 08:38:14,182488006,2026-05-04T08:38:14+00:00,1777883894654,2026-05-04T08:38:14+00:00,1777883894654,1970-01-01T00:00:00+00:00,1,0,1,4,0,182487373,0,4,0.1,0.0,156.749,0.0,0.0,156.749,0.0,USDJPY,[sl 156.749],
2026-05-04 08:39:21,182488232,2026-05-04T08:39:21+00:00,1777883961744,2026-05-04T08:39:21+00:00,1777883961744,1970-01-01T00:00:00+00:00,0,0,1,4,0,182488232,0,3,0.1,0.0,0.0,156.705,157.186,156.812,0.0,USDJPY,OV2|57a035|H1|B,
2026-05-04 08:54:03,182492448,2026-05-04T08:54:03+00:00,1777884843681,2026-05-04T08:54:03+00:00,1777884843682,1970-01-01T00:00:00+00:00,1,0,1,4,0,182488232,0,4,0.1,0.0,156.705,0.0,0.0,156.705,0.0,USDJPY,[sl 156.705],
2026-05-04 08:54:54,182492540,2026-05-04T08:54:54+00:00,1777884894300,2026-05-04T08:54:54+00:00,1777884894300,1970-01-01T00:00:00+00:00,0,0,1,4,0,182492540,0,3,0.1,0.0,0.0,156.677,157.119,156.775,0.0,USDJPY,OV2|534d6d|H1|B,
2026-05-04 09:02:37,182494774,2026-05-04T09:02:37+00:00,1777885357674,2026-05-04T09:02:37+00:00,1777885357674,1970-01-01T00:00:00+00:00,0,0,1,4,0,182494774,0,3,0.1,0.0,0.0,1.35868,1.3614,1.3593600000000001,0.0,GBPUSD,OV2|1a0278|H1|B,
2026-05-04 09:02:40,182494777,2026-05-04T09:02:40+00:00,1777885360601,2026-05-04T09:02:40+00:00,1777885360602,1970-01-01T00:00:00+00:00,1,0,1,4,0,182494777,0,3,0.05,0.0,0.0,4598.49,4571.72,4595.99,0.0,XAUUSD,OV2|129da2|H1|S,
2026-05-04 09:03:42,182495134,2026-05-04T09:03:42+00:00,1777885422826,2026-05-04T09:03:42+00:00,1777885422826,1970-01-01T00:00:00+00:00,0,0,1,4,0,182487830,0,4,0.1,0.0,1.17328,0.0,0.0,1.17328,0.0,EURUSD,[sl 1.17328],
2026-05-04 09:09:40,182499099,2026-05-04T09:09:40+00:00,1777885780038,2026-05-04T09:09:40+00:00,1777885780038,1970-01-01T00:00:00+00:00,0,0,1,4,0,182494777,0,4,0.05,0.0,4598.49,0.0,0.0,4598.49,0.0,XAUUSD,[sl 4598.49],
2026-05-04 09:11:40,182499902,2026-05-04T09:11:40+00:00,1777885900638,2026-05-04T09:11:40+00:00,1777885900638,1970-01-01T00:00:00+00:00,1,0,1,4,0,182499902,0,3,0.05,0.0,0.0,4596.67,4570.41,4594.17,0.0,XAUUSD,OV2|f82b72|H1|S,
2026-05-04 09:12:11,182500034,2026-05-04T09:12:11+00:00,1777885931907,2026-05-04T09:12:11+00:00,1777885931908,1970-01-01T00:00:00+00:00,0,0,1,4,0,182499902,0,4,0.05,0.0,4596.67,0.0,0.0,4596.67,0.0,XAUUSD,[sl 4596.67],
2026-05-04 09:13:06,182500375,2026-05-04T09:13:06+00:00,1777885986287,2026-05-04T09:13:06+00:00,1777885986287,1970-01-01T00:00:00+00:00,1,0,1,4,0,182500375,0,3,0.05,0.0,0.0,4599.16,4573.76,4596.66,0.0,XAUUSD,OV2|bb6c74|H1|S,
2026-05-04 09:26:39,182504566,2026-05-04T09:26:39+00:00,1777886799377,2026-05-04T09:26:39+00:00,1777886799377,1970-01-01T00:00:00+00:00,1,0,1,4,0,182411548,0,4,0.1,0.0,79533.44,0.0,0.0,79533.44,0.0,BTCUSD,[sl 79533.44],
2026-05-04 09:40:05,182509599,2026-05-04T09:40:05+00:00,1777887605905,2026-05-04T09:40:05+00:00,1777887605905,1970-01-01T00:00:00+00:00,1,0,1,4,0,182494774,0,4,0.1,0.0,1.35868,0.0,0.0,1.35868,0.0,GBPUSD,[sl 1.35868],
2026-05-04 09:46:25,182512221,2026-05-04T09:46:25+00:00,1777887985766,2026-05-04T09:46:25+00:00,1777887985766,1970-01-01T00:00:00+00:00,1,0,1,4,0,182413536,0,4,0.1,0.0,1.3578700000000001,0.0,0.0,1.3578700000000001,0.0,GBPUSD,[sl 1.35787],
2026-05-04 09:46:28,182512266,2026-05-04T09:46:28+00:00,1777887988560,2026-05-04T09:46:28+00:00,1777887988560,1970-01-01T00:00:00+00:00,1,0,1,4,0,182512266,0,3,0.1,0.0,0.0,1.17295,1.17023,1.17227,0.0,EURUSD,OV2|29d7c1|H1|S,
2026-05-04 09:47:40,182512740,2026-05-04T09:47:40+00:00,1777888060060,2026-05-04T09:47:40+00:00,1777888060060,1970-01-01T00:00:00+00:00,1,0,1,4,0,182512740,0,3,0.1,0.0,0.0,1.17299,1.17035,1.17233,0.0,EURUSD,OV2|8d327a|H1|S,
2026-05-04 09:50:28,182514268,2026-05-04T09:50:28+00:00,1777888228277,2026-05-04T09:50:28+00:00,1777888228277,1970-01-01T00:00:00+00:00,0,0,1,4,0,182512266,0,4,0.1,0.0,1.17295,0.0,0.0,1.17295,0.0,EURUSD,[sl 1.17295],
2026-05-04 09:50:28,182514285,2026-05-04T09:50:28+00:00,1777888228739,2026-05-04T09:50:28+00:00,1777888228739,1970-01-01T00:00:00+00:00,0,0,1,4,0,182512740,0,4,0.1,0.0,1.17299,0.0,0.0,1.17299,0.0,EURUSD,[sl 1.17299],
2026-05-04 09:51:36,182514626,2026-05-04T09:51:36+00:00,1777888296881,2026-05-04T09:51:36+00:00,1777888296881,1970-01-01T00:00:00+00:00,1,0,1,4,0,182514626,0,3,0.1,0.0,0.0,1.17356,1.17084,1.17288,0.0,EURUSD,OV2|b5c288|H1|S,
2026-05-04 09:52:48,182514877,2026-05-04T09:52:48+00:00,1777888368500,2026-05-04T09:52:48+00:00,1777888368500,1970-01-01T00:00:00+00:00,1,0,1,4,0,182514877,0,3,0.1,0.0,0.0,1.17371,1.17099,1.17303,0.0,EURUSD,OV2|46d1f0|H1|S,
2026-05-04 10:56:53,182534084,2026-05-04T10:56:53+00:00,1777892213557,2026-05-04T10:56:53+00:00,1777892213558,1970-01-01T00:00:00+00:00,0,0,1,4,0,182483116,0,5,0.05,0.0,4580.81,0.0,0.0,4580.81,0.0,XAUUSD,[tp 4580.81],
2026-05-04 10:58:15,182534509,2026-05-04T10:58:15+00:00,1777892295896,2026-05-04T10:58:15+00:00,1777892295896,1970-01-01T00:00:00+00:00,1,0,1,4,0,182534509,0,3,0.05,0.0,0.0,4584.48,4562.43,4581.98,0.0,XAUUSD,OV2|4b1c5d|H1|S,
2026-05-04 12:15:03,182555504,2026-05-04T12:15:03+00:00,1777896903225,2026-05-04T12:15:03+00:00,1777896903226,1970-01-01T00:00:00+00:00,0,0,1,4,0,182534509,0,4,0.05,0.0,4584.48,0.0,0.0,4584.48,0.0,XAUUSD,[sl 4584.48],
2026-05-04 12:38:18,182558770,2026-05-04T12:38:18+00:00,1777898298917,2026-05-04T12:38:18+00:00,1777898298918,1970-01-01T00:00:00+00:00,0,0,1,4,0,182558770,0,3,0.1,0.0,0.0,79750.65,80224.03,79767.0,0.0,BTCUSD,OV2|d237a9|H1|B,
2026-05-04 12:38:25,182558777,2026-05-04T12:38:25+00:00,1777898305646,2026-05-04T12:38:25+00:00,1777898305646,1970-01-01T00:00:00+00:00,1,0,1,4,0,182558770,0,4,0.1,0.0,79750.65,0.0,0.0,79750.65,0.0,BTCUSD,[sl 79750.65],
2026-05-04 12:39:35,182558860,2026-05-04T12:39:35+00:00,1777898375863,2026-05-04T12:39:35+00:00,1777898375863,1970-01-01T00:00:00+00:00,0,0,1,4,0,182558860,0,3,0.1,0.0,0.0,79765.95,80211.38,79782.45,0.0,BTCUSD,OV2|c15fc0|H1|B,
2026-05-04 12:42:14,182559227,2026-05-04T12:42:14+00:00,1777898534805,2026-05-04T12:42:14+00:00,1777898534805,1970-01-01T00:00:00+00:00,0,0,1,4,0,182559227,0,3,0.1,0.0,0.0,79790.33,80208.65,79806.83,0.0,BTCUSD,OV2|531e0a|H1|B,
2026-05-04 12:47:51,182560066,2026-05-04T12:47:51+00:00,1777898871146,2026-05-04T12:47:51+00:00,1777898871146,1970-01-01T00:00:00+00:00,1,0,1,4,0,182559227,0,4,0.1,0.0,79790.33,0.0,0.0,79790.33,0.0,BTCUSD,[sl 79790.33],
2026-05-04 12:48:31,182560141,2026-05-04T12:48:31+00:00,1777898911598,2026-05-04T12:48:31+00:00,1777898911598,1970-01-01T00:00:00+00:00,0,0,1,4,0,182560141,0,3,0.1,0.0,0.0,79784.76,80213.04,79801.26,0.0,BTCUSD,OV2|bd277d|H1|B,
2026-05-04 12:58:11,182562878,2026-05-04T12:58:11+00:00,1777899491261,2026-05-04T12:58:11+00:00,1777899491263,1970-01-01T00:00:00+00:00,0,0,1,4,0,182500375,0,5,0.05,0.0,4573.76,0.0,0.0,4573.76,0.0,XAUUSD,[tp 4573.76],
2026-05-04 12:58:46,182563562,2026-05-04T12:58:46+00:00,1777899526241,2026-05-04T12:58:46+00:00,1777899526241,1970-01-01T00:00:00+00:00,1,0,1,4,0,182563562,0,3,0.05,0.0,0.0,4576.36,4562.16,4573.86,0.0,XAUUSD,OV2|7bc8b3|H1|S,
2026-05-04 13:01:18,182564873,2026-05-04T13:01:18+00:00,1777899678696,2026-05-04T13:01:18+00:00,1777899678696,1970-01-01T00:00:00+00:00,1,0,1,4,0,182560141,0,4,0.1,0.0,79784.76,0.0,0.0,79784.76,0.0,BTCUSD,[sl 79784.76],
2026-05-04 13:01:19,182564876,2026-05-04T13:01:19+00:00,1777899679653,2026-05-04T13:01:19+00:00,1777899679654,1970-01-01T00:00:00+00:00,0,0,1,4,0,182564876,0,3,0.1,0.0,0.0,79767.88,80244.76,79784.38,0.0,BTCUSD,OV2|6850d3|H1|B,
2026-05-04 13:01:30,182564909,2026-05-04T13:01:30+00:00,1777899690189,2026-05-04T13:01:30+00:00,1777899690189,1970-01-01T00:00:00+00:00,1,0,1,4,0,182564909,0,3,0.05,0.0,0.0,4575.69,4561.02,4573.19,0.0,XAUUSD,OV2|f9a6f7|H1|S,
2026-05-04 13:02:00,182565853,2026-05-04T13:02:00+00:00,1777899720591,2026-05-04T13:02:00+00:00,1777899720591,1970-01-01T00:00:00+00:00,1,0,1,4,0,182564876,0,4,0.1,0.0,79767.88,0.0,0.0,79767.88,0.0,BTCUSD,[sl 79767.88],
2026-05-04 13:02:00,182565861,2026-05-04T13:02:00+00:00,1777899720711,2026-05-04T13:02:00+00:00,1777899720711,1970-01-01T00:00:00+00:00,1,0,1,4,0,182558860,0,4,0.1,0.0,79765.95,0.0,0.0,79765.95,0.0,BTCUSD,[sl 79765.95],
2026-05-04 13:03:52,182569211,2026-05-04T13:03:52+00:00,1777899832608,2026-05-04T13:03:52+00:00,1777899832608,1970-01-01T00:00:00+00:00,0,0,1,4,0,182514877,0,5,0.1,0.0,1.17099,0.0,0.0,1.17099,0.0,EURUSD,[tp 1.17099],
2026-05-04 13:03:52,182569230,2026-05-04T13:03:52+00:00,1777899832673,2026-05-04T13:03:52+00:00,1777899832675,1970-01-01T00:00:00+00:00,0,0,1,4,0,182563562,0,5,0.05,0.0,4562.16,0.0,0.0,4562.16,0.0,XAUUSD,[tp 4562.16],
2026-05-04 13:03:52,182569334,2026-05-04T13:03:52+00:00,1777899832770,2026-05-04T13:03:52+00:00,1777899832772,1970-01-01T00:00:00+00:00,0,0,1,4,0,182564909,0,5,0.05,0.0,4561.02,0.0,0.0,4561.02,0.0,XAUUSD,[tp 4561.02],
2026-05-04 13:03:53,182569892,2026-05-04T13:03:53+00:00,1777899833110,2026-05-04T13:03:53+00:00,1777899833110,1970-01-01T00:00:00+00:00,0,0,1,4,0,182514626,0,5,0.1,0.0,1.17084,0.0,0.0,1.17084,0.0,EURUSD,[tp 1.17084],
2026-05-04 13:03:58,182570747,2026-05-04T13:03:58+00:00,1777899838788,2026-05-04T13:03:58+00:00,1777899838788,1970-01-01T00:00:00+00:00,1,0,1,4,0,182570747,0,3,0.1,0.0,0.0,1.17147,1.16875,1.1708,0.0,EURUSD,OV2|066ef9|H1|S,
2026-05-04 13:04:01,182570983,2026-05-04T13:04:01+00:00,1777899841511,2026-05-04T13:04:01+00:00,1777899841512,1970-01-01T00:00:00+00:00,1,0,1,4,0,182570983,0,3,0.05,0.0,0.0,4558.76,4537.62,4556.26,0.0,XAUUSD,OV2|0a8e1f|H1|S,
2026-05-04 13:04:49,182573011,2026-05-04T13:04:49+00:00,1777899889560,2026-05-04T13:04:49+00:00,1777899889560,1970-01-01T00:00:00+00:00,0,0,1,4,0,182570983,0,4,0.05,0.0,4558.76,0.0,0.0,4558.76,0.0,XAUUSD,[sl 4558.76],
2026-05-04 13:06:00,182575313,2026-05-04T13:06:00+00:00,1777899960585,2026-05-04T13:06:00+00:00,1777899960586,1970-01-01T00:00:00+00:00,1,0,1,4,0,182492540,0,5,0.1,0.0,157.119,0.0,0.0,157.119,0.0,USDJPY,[tp 157.119],
2026-05-04 13:06:35,182575968,2026-05-04T13:06:35+00:00,1777899995416,2026-05-04T13:06:35+00:00,1777899995416,1970-01-01T00:00:00+00:00,1,0,1,4,0,182575968,0,3,0.05,0.0,0.0,1.1714,1.16868,1.17073,0.0,EURUSD,OV2|8eb4b1|H1|S,
2026-05-04 13:06:38,182576045,2026-05-04T13:06:38+00:00,1777899998215,2026-05-04T13:06:38+00:00,1777899998215,1970-01-01T00:00:00+00:00,1,0,1,4,0,182576045,0,3,0.05,0.0,0.0,4550.8,4525.73,4548.3,0.0,XAUUSD,OV2|9b6d8a|H1|S,
2026-05-04 13:07:49,182578260,2026-05-04T13:07:49+00:00,1777900069993,2026-05-04T13:07:49+00:00,1777900069993,1970-01-01T00:00:00+00:00,1,0,1,4,0,182578260,0,3,0.05,0.0,0.0,4550.82,4524.59,4548.41,0.0,XAUUSD,OV2|2aeaa2|H1|S,
2026-05-04 13:32:02,182599879,2026-05-04T13:32:02+00:00,1777901522009,2026-05-04T13:32:02+00:00,1777901522009,1970-01-01T00:00:00+00:00,0,0,1,4,0,182576045,0,4,0.05,0.0,4550.8,0.0,0.0,4550.8,0.0,XAUUSD,[sl 4550.80],
2026-05-04 13:32:02,182599880,2026-05-04T13:32:02+00:00,1777901522009,2026-05-04T13:32:02+00:00,1777901522010,1970-01-01T00:00:00+00:00,0,0,1,4,0,182578260,0,4,0.05,0.0,4550.82,0.0,0.0,4550.82,0.0,XAUUSD,[sl 4550.82],
2026-05-04 13:32:22,182601774,2026-05-04T13:32:22+00:00,1777901542653,2026-05-04T13:32:22+00:00,1777901542653,1970-01-01T00:00:00+00:00,1,0,1,4,0,182601774,0,3,0.05,0.0,0.0,4557.47,4511.39,4555.11,0.0,XAUUSD,OV2|ec2b37|H1|S,
2026-05-04 13:32:22,182601776,2026-05-04T13:32:22+00:00,1777901542663,2026-05-04T13:32:22+00:00,1777901542664,1970-01-01T00:00:00+00:00,0,0,1,4,0,182575968,0,4,0.05,0.0,1.1714,0.0,0.0,1.1714,0.0,EURUSD,[sl 1.17140],
2026-05-04 13:32:22,182601793,2026-05-04T13:32:22+00:00,1777901542935,2026-05-04T13:32:22+00:00,1777901542935,1970-01-01T00:00:00+00:00,0,0,1,4,0,182570747,0,4,0.1,0.0,1.17147,0.0,0.0,1.17147,0.0,EURUSD,[sl 1.17147],
2026-05-04 13:32:25,182601879,2026-05-04T13:32:25+00:00,1777901545284,2026-05-04T13:32:25+00:00,1777901545284,1970-01-01T00:00:00+00:00,1,0,1,4,0,182601879,0,3,0.06,0.0,0.0,1.35646,1.35218,1.35541,0.0,GBPUSD,OV2|6fa5f5|H1|S,
2026-05-04 13:33:34,182603200,2026-05-04T13:33:34+00:00,1777901614468,2026-05-04T13:33:34+00:00,1777901614468,1970-01-01T00:00:00+00:00,1,0,1,4,0,182603200,0,3,0.03,0.0,0.0,4558.26,4511.48,4555.76,0.0,XAUUSD,OV2|e69d11|H1|S,
2026-05-04 13:33:39,182603304,2026-05-04T13:33:39+00:00,1777901619841,2026-05-04T13:33:39+00:00,1777901619841,1970-01-01T00:00:00+00:00,1,0,1,4,0,182603304,0,3,0.06,0.0,0.0,1.35614,1.35182,1.35508,0.0,GBPUSD,OV2|81565d|H1|S,
2026-05-04 13:33:53,182603444,2026-05-04T13:33:53+00:00,1777901633656,2026-05-04T13:33:53+00:00,1777901633656,1970-01-01T00:00:00+00:00,0,0,1,4,0,182601774,0,4,0.05,0.0,4557.47,0.0,0.0,4557.47,0.0,XAUUSD,[sl 4557.47],
2026-05-04 13:34:27,182603908,2026-05-04T13:34:27+00:00,1777901667463,2026-05-04T13:34:27+00:00,1777901667464,1970-01-01T00:00:00+00:00,0,0,1,4,0,182603200,0,4,0.03,0.0,4558.26,0.0,0.0,4558.26,0.0,XAUUSD,[sl 4558.26],
2026-05-04 13:35:00,182604269,2026-05-04T13:35:00+00:00,1777901700063,2026-05-04T13:35:00+00:00,1777901700063,1970-01-01T00:00:00+00:00,1,0,1,4,0,182604269,0,3,0.05,0.0,0.0,4560.1,4512.49,4557.56,0.0,XAUUSD,OV2|b6c243|H1|S,
2026-05-04 13:36:11,182605324,2026-05-04T13:36:11+00:00,1777901771602,2026-05-04T13:36:11+00:00,1777901771602,1970-01-01T00:00:00+00:00,1,0,1,4,0,182605324,0,3,0.05,0.0,0.0,4559.37,4511.55,4556.87,0.0,XAUUSD,OV2|616de3|H1|S,
2026-05-04 13:36:32,182605459,2026-05-04T13:36:32+00:00,1777901792097,2026-05-04T13:36:32+00:00,1777901792098,1970-01-01T00:00:00+00:00,0,0,1,4,0,182605324,0,4,0.05,0.0,4559.37,0.0,0.0,4559.37,0.0,XAUUSD,[sl 4559.37],
2026-05-04 13:36:36,182605592,2026-05-04T13:36:36+00:00,1777901796818,2026-05-04T13:36:36+00:00,1777901796818,1970-01-01T00:00:00+00:00,0,0,1,4,0,182604269,0,4,0.05,0.0,4560.1,0.0,0.0,4560.1,0.0,XAUUSD,[sl 4560.10],
2026-05-04 13:37:31,182606253,2026-05-04T13:37:31+00:00,1777901851672,2026-05-04T13:37:31+00:00,1777901851672,1970-01-01T00:00:00+00:00,1,0,1,4,0,182606253,0,3,0.05,0.0,0.0,4562.75,4514.01,4560.25,0.0,XAUUSD,OV2|da8a5e|H1|S,
2026-05-04 13:38:46,182606939,2026-05-04T13:38:46+00:00,1777901926113,2026-05-04T13:38:46+00:00,1777901926113,1970-01-01T00:00:00+00:00,1,0,1,4,0,182606939,0,3,0.05,0.0,0.0,4560.43,4511.53,4557.95,0.0,XAUUSD,OV2|6fe7da|H1|S,
2026-05-04 13:39:17,182607245,2026-05-04T13:39:17+00:00,1777901957153,2026-05-04T13:39:17+00:00,1777901957153,1970-01-01T00:00:00+00:00,0,0,1,4,0,182606939,0,4,0.05,0.0,4560.43,0.0,0.0,4560.43,0.0,XAUUSD,[sl 4560.43],
2026-05-04 13:39:30,182607441,2026-05-04T13:39:30+00:00,1777901970870,2026-05-04T13:39:30+00:00,1777901970871,1970-01-01T00:00:00+00:00,0,0,1,4,0,182606253,0,4,0.05,0.0,4562.75,0.0,0.0,4562.75,0.0,XAUUSD,[sl 4562.75],
2026-05-04 14:01:49,182615422,2026-05-04T14:01:49+00:00,1777903309063,2026-05-04T14:01:49+00:00,1777903309063,1970-01-01T00:00:00+00:00,0,0,1,4,0,182615422,0,3,0.1,0.0,0.0,157.023,157.343,157.094,0.0,USDJPY,OV2|2d614c|H1|B,
2026-05-04 14:03:08,182616339,2026-05-04T14:03:08+00:00,1777903388733,2026-05-04T14:03:08+00:00,1777903388734,1970-01-01T00:00:00+00:00,0,0,1,4,0,182616339,0,3,0.1,0.0,0.0,157.049,157.36,157.118,0.0,USDJPY,OV2|e864ad|H1|B,
2026-05-04 14:37:43,182631434,2026-05-04T14:37:43+00:00,1777905463292,2026-05-04T14:37:43+00:00,1777905463292,1970-01-01T00:00:00+00:00,1,0,1,4,0,182631434,0,3,0.05,0.0,0.0,4561.59,4536.31,4559.09,0.0,XAUUSD,OV2|2bef63|H1|S,
2026-05-04 14:39:00,182631780,2026-05-04T14:39:00+00:00,1777905540153,2026-05-04T14:39:00+00:00,1777905540153,1970-01-01T00:00:00+00:00,1,0,1,4,0,182631780,0,3,0.05,0.0,0.0,4559.89,4534.19,4557.39,0.0,XAUUSD,OV2|e00af4|H1|S,
2026-05-04 14:51:15,182636231,2026-05-04T14:51:15+00:00,1777906275918,2026-05-04T14:51:15+00:00,1777906275919,1970-01-01T00:00:00+00:00,0,0,1,4,0,182631780,0,4,0.05,0.0,4559.89,0.0,0.0,4559.89,0.0,XAUUSD,[sl 4559.89],
2026-05-04 14:51:57,182636430,2026-05-04T14:51:57+00:00,1777906317026,2026-05-04T14:51:57+00:00,1777906317026,1970-01-01T00:00:00+00:00,1,0,1,4,0,182636430,0,3,0.05,0.0,0.0,4561.1,4537.55,4558.6,0.0,XAUUSD,OV2|81e84a|H1|S,
2026-05-04 14:56:56,182637504,2026-05-04T14:56:56+00:00,1777906616340,2026-05-04T14:56:56+00:00,1777906616340,1970-01-01T00:00:00+00:00,0,0,1,4,0,182636430,0,4,0.05,0.0,4561.1,0.0,0.0,4561.1,0.0,XAUUSD,[sl 4561.10],
2026-05-04 14:57:04,182637619,2026-05-04T14:57:04+00:00,1777906624010,2026-05-04T14:57:04+00:00,1777906624010,1970-01-01T00:00:00+00:00,0,0,1,4,0,182631434,0,4,0.05,0.0,4561.59,0.0,0.0,4561.59,0.0,XAUUSD,[sl 4561.59],
2026-05-04 14:57:07,182637647,2026-05-04T14:57:07+00:00,1777906627530,2026-05-04T14:57:07+00:00,1777906627530,1970-01-01T00:00:00+00:00,1,0,1,4,0,182637647,0,3,0.05,0.0,0.0,4563.69,4541.08,4561.2,0.0,XAUUSD,OV2|330770|H1|S,
2026-05-04 14:58:16,182638421,2026-05-04T14:58:16+00:00,1777906696668,2026-05-04T14:58:16+00:00,1777906696669,1970-01-01T00:00:00+00:00,1,0,1,4,0,182638421,0,3,0.05,0.0,0.0,4565.08,4541.85,4562.58,0.0,XAUUSD,OV2|eb06fe|H1|S,
2026-05-04 15:02:25,182640057,2026-05-04T15:02:25+00:00,1777906945388,2026-05-04T15:02:25+00:00,1777906945388,1970-01-01T00:00:00+00:00,0,0,1,4,0,182637647,0,4,0.05,0.0,4563.69,0.0,0.0,4563.69,0.0,XAUUSD,[sl 4563.69],
2026-05-04 15:13:01,182642584,2026-05-04T15:13:01+00:00,1777907581853,2026-05-04T15:13:01+00:00,1777907581854,1970-01-01T00:00:00+00:00,0,0,1,4,0,182638421,0,4,0.05,0.0,4565.08,0.0,0.0,4565.08,0.0,XAUUSD,[sl 4565.08],
2026-05-04 15:18:17,182646618,2026-05-04T15:18:17+00:00,1777907897422,2026-05-04T15:18:17+00:00,1777907897422,1970-01-01T00:00:00+00:00,1,0,1,4,0,182616339,0,4,0.1,0.0,157.049,0.0,0.0,157.049,0.0,USDJPY,[sl 157.049],
2026-05-04 15:20:34,182648508,2026-05-04T15:20:34+00:00,1777908034323,2026-05-04T15:20:34+00:00,1777908034323,1970-01-01T00:00:00+00:00,1,0,1,4,0,182615422,0,4,0.1,0.0,157.023,0.0,0.0,157.023,0.0,USDJPY,[sl 157.023],
2026-05-04 15:21:22,182649399,2026-05-04T15:21:22+00:00,1777908082629,2026-05-04T15:21:22+00:00,1777908082629,1970-01-01T00:00:00+00:00,1,0,1,4,0,182649399,0,3,0.1,0.0,0.0,157.095,156.807,157.023,0.0,USDJPY,OV2|820f11|H1|S,
2026-05-04 15:21:32,182649552,2026-05-04T15:21:32+00:00,1777908092081,2026-05-04T15:21:32+00:00,1777908092082,1970-01-01T00:00:00+00:00,0,0,1,4,0,182649552,0,3,0.1,0.0,0.0,78978.0,79489.25,78994.5,0.0,BTCUSD,OV2|1d8b42|H1|B,
2026-05-04 15:21:43,182649624,2026-05-04T15:21:43+00:00,1777908103592,2026-05-04T15:21:43+00:00,1777908103592,1970-01-01T00:00:00+00:00,1,0,1,4,0,182649552,0,4,0.1,0.0,78978.0,0.0,0.0,78978.0,0.0,BTCUSD,[sl 78978.00],
2026-05-04 15:22:38,182650400,2026-05-04T15:22:38+00:00,1777908158712,2026-05-04T15:22:38+00:00,1777908158712,1970-01-01T00:00:00+00:00,0,0,1,4,0,182650400,0,3,0.1,0.0,0.0,78918.64,79453.28,78937.14,0.0,BTCUSD,OV2|acc533|H1|B,
2026-05-04 15:22:49,182650444,2026-05-04T15:22:49+00:00,1777908169331,2026-05-04T15:22:49+00:00,1777908169331,1970-01-01T00:00:00+00:00,1,0,1,4,0,182650444,0,3,0.1,0.0,0.0,157.143,156.855,157.073,0.0,USDJPY,OV2|a17007|H1|S,
2026-05-04 15:23:00,182650529,2026-05-04T15:23:00+00:00,1777908180744,2026-05-04T15:23:00+00:00,1777908180745,1970-01-01T00:00:00+00:00,1,0,1,4,0,182650400,0,4,0.1,0.0,78918.64,0.0,0.0,78918.64,0.0,BTCUSD,[sl 78918.64],
2026-05-04 15:23:23,182650671,2026-05-04T15:23:23+00:00,1777908203405,2026-05-04T15:23:23+00:00,1777908203405,1970-01-01T00:00:00+00:00,0,0,1,4,0,182649399,0,4,0.1,0.0,157.095,0.0,0.0,157.095,0.0,USDJPY,[sl 157.095],
2026-05-04 15:23:55,182651036,2026-05-04T15:23:55+00:00,1777908235469,2026-05-04T15:23:55+00:00,1777908235469,1970-01-01T00:00:00+00:00,1,0,1,4,0,182651036,0,3,0.1,0.0,0.0,157.157,156.877,157.087,0.0,USDJPY,OV2|e6766f|H1|S,
2026-05-04 15:24:03,182651195,2026-05-04T15:24:03+00:00,1777908243392,2026-05-04T15:24:03+00:00,1777908243392,1970-01-01T00:00:00+00:00,0,0,1,4,0,182651195,0,3,0.1,0.0,0.0,78929.73,79447.82,78946.23,0.0,BTCUSD,OV2|3305bd|H1|B,
2026-05-04 15:26:26,182652725,2026-05-04T15:26:26+00:00,1777908386835,2026-05-04T15:26:26+00:00,1777908386835,1970-01-01T00:00:00+00:00,1,0,1,4,0,182651195,0,4,0.1,0.0,78929.73,0.0,0.0,78929.73,0.0,BTCUSD,[sl 78929.73],
2026-05-04 15:27:48,182653637,2026-05-04T15:27:48+00:00,1777908468945,2026-05-04T15:27:48+00:00,1777908468945,1970-01-01T00:00:00+00:00,0,0,1,4,0,182653637,0,3,0.1,0.0,0.0,78954.25,79478.68,78970.75,0.0,BTCUSD,OV2|452141|H1|B,
2026-05-04 15:28:45,182654272,2026-05-04T15:28:45+00:00,1777908525638,2026-05-04T15:28:45+00:00,1777908525638,1970-01-01T00:00:00+00:00,0,0,1,4,0,182603304,0,4,0.06,0.0,1.35614,0.0,0.0,1.35614,0.0,GBPUSD,[sl 1.35614],
2026-05-04 15:29:10,182654573,2026-05-04T15:29:10+00:00,1777908550124,2026-05-04T15:29:10+00:00,1777908550124,1970-01-01T00:00:00+00:00,1,0,1,4,0,182653637,0,4,0.1,0.0,78954.25,0.0,0.0,78954.25,0.0,BTCUSD,[sl 78954.25],
2026-05-04 15:29:12,182654602,2026-05-04T15:29:12+00:00,1777908552263,2026-05-04T15:29:12+00:00,1777908552264,1970-01-01T00:00:00+00:00,0,0,1,4,0,182654602,0,3,0.1,0.0,0.0,78939.91,79486.18,78956.41,0.0,BTCUSD,OV2|47776b|H1|B,
2026-05-04 15:29:15,182654642,2026-05-04T15:29:15+00:00,1777908555044,2026-05-04T15:29:15+00:00,1777908555044,1970-01-01T00:00:00+00:00,1,0,1,4,0,182654602,0,4,0.1,0.0,78939.91,0.0,0.0,78939.91,0.0,BTCUSD,[sl 78939.91],
2026-05-04 15:31:40,182655911,2026-05-04T15:31:40+00:00,1777908700543,2026-05-04T15:31:40+00:00,1777908700543,1970-01-01T00:00:00+00:00,0,0,1,4,0,182655911,0,3,0.1,0.0,0.0,78912.19,79466.22,78928.69,0.0,BTCUSD,OV2|260167|H1|B,
2026-05-04 15:31:53,182655963,2026-05-04T15:31:53+00:00,1777908713690,2026-05-04T15:31:53+00:00,1777908713690,1970-01-01T00:00:00+00:00,1,0,1,4,0,182655911,0,4,0.1,0.0,78912.19,0.0,0.0,78912.19,0.0,BTCUSD,[sl 78912.19],
2026-05-04 15:38:12,182658667,2026-05-04T15:38:12+00:00,1777909092305,2026-05-04T15:38:12+00:00,1777909092305,1970-01-01T00:00:00+00:00,0,0,1,4,0,182658667,0,3,0.1,0.0,0.0,78917.85,79509.85,78936.25,0.0,BTCUSD,OV2|736372|H1|B,
2026-05-04 15:39:27,182659256,2026-05-04T15:39:27+00:00,1777909167754,2026-05-04T15:39:27+00:00,1777909167754,1970-01-01T00:00:00+00:00,0,0,1,4,0,182659256,0,3,0.1,0.0,0.0,78920.87,79509.54,78939.62,0.0,BTCUSD,OV2|e7ca43|H1|B,
2026-05-04 15:39:47,182659363,2026-05-04T15:39:47+00:00,1777909187387,2026-05-04T15:39:47+00:00,1777909187387,1970-01-01T00:00:00+00:00,1,0,1,4,0,182658667,0,4,0.1,0.0,78917.85,0.0,0.0,78917.85,0.0,BTCUSD,[sl 78917.85],
2026-05-04 15:39:47,182659364,2026-05-04T15:39:47+00:00,1777909187387,2026-05-04T15:39:47+00:00,1777909187388,1970-01-01T00:00:00+00:00,1,0,1,4,0,182659256,0,4,0.1,0.0,78920.87,0.0,0.0,78920.87,0.0,BTCUSD,[sl 78920.87],
2026-05-04 15:42:13,182660552,2026-05-04T15:42:13+00:00,1777909333853,2026-05-04T15:42:13+00:00,1777909333853,1970-01-01T00:00:00+00:00,0,0,1,4,0,182660552,0,3,0.1,0.0,0.0,78958.73,79539.57,78977.23,0.0,BTCUSD,OV2|43074b|H1|B,
2026-05-04 15:42:45,182660752,2026-05-04T15:42:45+00:00,1777909365798,2026-05-04T15:42:45+00:00,1777909365798,1970-01-01T00:00:00+00:00,1,0,1,4,0,182660552,0,4,0.1,0.0,78958.73,0.0,0.0,78958.73,0.0,BTCUSD,[sl 78958.73],
2026-05-04 15:43:33,182661055,2026-05-04T15:43:33+00:00,1777909413057,2026-05-04T15:43:33+00:00,1777909413057,1970-01-01T00:00:00+00:00,0,0,1,4,0,182661055,0,3,0.1,0.0,0.0,78974.27,79574.04,78992.94,0.0,BTCUSD,OV2|87a8e5|H1|B,
2026-05-04 15:43:58,182661107,2026-05-04T15:43:58+00:00,1777909438737,2026-05-04T15:43:58+00:00,1777909438737,1970-01-01T00:00:00+00:00,1,0,1,4,0,182661055,0,4,0.1,0.0,78974.27,0.0,0.0,78974.27,0.0,BTCUSD,[sl 78974.27],
2026-05-04 15:44:45,182661218,2026-05-04T15:44:45+00:00,1777909485959,2026-05-04T15:44:45+00:00,1777909485959,1970-01-01T00:00:00+00:00,0,0,1,4,0,182661218,0,3,0.1,0.0,0.0,78971.01,79570.78,78987.51,0.0,BTCUSD,OV2|62dab9|H1|B,
2026-05-04 15:45:10,182661303,2026-05-04T15:45:10+00:00,1777909510822,2026-05-04T15:45:10+00:00,1777909510822,1970-01-01T00:00:00+00:00,1,0,1,4,0,182661218,0,4,0.1,0.0,78971.01,0.0,0.0,78971.01,0.0,BTCUSD,[sl 78971.01],
2026-05-04 15:47:20,182661716,2026-05-04T15:47:20+00:00,1777909640430,2026-05-04T15:47:20+00:00,1777909640430,1970-01-01T00:00:00+00:00,0,0,1,4,0,182661716,0,3,0.1,0.0,0.0,78957.75,79539.32,78974.25,0.0,BTCUSD,OV2|d51938|H1|B,
2026-05-04 15:47:31,182661741,2026-05-04T15:47:31+00:00,1777909651460,2026-05-04T15:47:31+00:00,1777909651460,1970-01-01T00:00:00+00:00,1,0,1,4,0,182661716,0,4,0.1,0.0,78957.75,0.0,0.0,78957.75,0.0,BTCUSD,[sl 78957.75],
2026-05-04 15:48:44,182662469,2026-05-04T15:48:44+00:00,1777909724698,2026-05-04T15:48:44+00:00,1777909724698,1970-01-01T00:00:00+00:00,0,0,1,4,0,182662469,0,3,0.1,0.0,0.0,78962.41,79512.15,78978.91,0.0,BTCUSD,OV2|cbe9e7|H1|B,
2026-05-04 15:50:53,182663444,2026-05-04T15:50:53+00:00,1777909853090,2026-05-04T15:50:53+00:00,1777909853091,1970-01-01T00:00:00+00:00,1,0,1,4,0,182662469,0,4,0.1,0.0,78962.41,0.0,0.0,78962.41,0.0,BTCUSD,[sl 78962.41],
2026-05-04 15:52:32,182664161,2026-05-04T15:52:32+00:00,1777909952410,2026-05-04T15:52:32+00:00,1777909952410,1970-01-01T00:00:00+00:00,0,0,1,4,0,182664161,0,3,0.1,0.0,0.0,78953.32,79515.95,78969.82,0.0,BTCUSD,OV2|185485|H1|B,
2026-05-04 15:52:50,182664281,2026-05-04T15:52:50+00:00,1777909970826,2026-05-04T15:52:50+00:00,1777909970826,1970-01-01T00:00:00+00:00,1,0,1,4,0,182664161,0,4,0.1,0.0,78953.32,0.0,0.0,78953.32,0.0,BTCUSD,[sl 78953.32],
2026-05-04 15:53:51,182664594,2026-05-04T15:53:51+00:00,1777910031558,2026-05-04T15:53:51+00:00,1777910031558,1970-01-01T00:00:00+00:00,0,0,1,4,0,182664594,0,3,0.1,0.0,0.0,78949.49,79517.76,78965.99,0.0,BTCUSD,OV2|5a7d09|H1|B,
2026-05-04 15:55:19,182665041,2026-05-04T15:55:19+00:00,1777910119397,2026-05-04T15:55:19+00:00,1777910119397,1970-01-01T00:00:00+00:00,1,0,1,4,0,182664594,0,4,0.1,0.0,78949.49,0.0,0.0,78949.49,0.0,BTCUSD,[sl 78949.49],
2026-05-04 15:57:53,182665571,2026-05-04T15:57:53+00:00,1777910273628,2026-05-04T15:57:53+00:00,1777910273628,1970-01-01T00:00:00+00:00,0,0,1,4,0,182665571,0,3,0.1,0.0,0.0,78946.13,79426.67,78965.36,0.0,BTCUSD,OV2|b635fb|H1|B,
2026-05-04 15:58:54,182665756,2026-05-04T15:58:54+00:00,1777910334400,2026-05-04T15:58:54+00:00,1777910334400,1970-01-01T00:00:00+00:00,1,0,1,4,0,182665571,0,4,0.1,0.0,78946.13,0.0,0.0,78946.13,0.0,BTCUSD,[sl 78946.13],
2026-05-04 15:59:06,182665778,2026-05-04T15:59:06+00:00,1777910346700,2026-05-04T15:59:06+00:00,1777910346700,1970-01-01T00:00:00+00:00,0,0,1,4,0,182665778,0,3,0.1,0.0,0.0,78939.9,79431.85,78958.4,0.0,BTCUSD,OV2|92a83f|H1|B,
2026-05-04 15:59:45,182665966,2026-05-04T15:59:45+00:00,1777910385880,2026-05-04T15:59:45+00:00,1777910385880,1970-01-01T00:00:00+00:00,1,0,1,4,0,182665778,0,4,0.1,0.0,78939.9,0.0,0.0,78939.9,0.0,BTCUSD,[sl 78939.90],
2026-05-04 15:59:48,182666063,2026-05-04T15:59:48+00:00,1777910388233,2026-05-04T15:59:48+00:00,1777910388234,1970-01-01T00:00:00+00:00,0,0,1,4,0,182650444,0,4,0.1,0.0,157.143,0.0,0.0,157.143,0.0,USDJPY,[sl 157.143],
2026-05-04 15:59:53,182666371,2026-05-04T15:59:53+00:00,1777910393219,2026-05-04T15:59:53+00:00,1777910393219,1970-01-01T00:00:00+00:00,0,0,1,4,0,182651036,0,4,0.1,0.0,157.157,0.0,0.0,157.157,0.0,USDJPY,[sl 157.157],
2026-05-04 16:00:35,182668442,2026-05-04T16:00:35+00:00,1777910435239,2026-05-04T16:00:35+00:00,1777910435239,1970-01-01T00:00:00+00:00,0,0,1,4,0,182668442,0,3,0.1,0.0,0.0,157.101,157.389,157.166,0.0,USDJPY,OV2|2977f9|H1|B,
2026-05-04 16:01:52,182670116,2026-05-04T16:01:52+00:00,1777910512423,2026-05-04T16:01:52+00:00,1777910512423,1970-01-01T00:00:00+00:00,1,0,1,4,0,182670116,0,3,0.1,0.0,0.0,78653.0,78040.79,78636.5,0.0,BTCUSD,OV2|5d9186|H1|S,
2026-05-04 16:01:52,182670133,2026-05-04T16:01:52+00:00,1777910512973,2026-05-04T16:01:52+00:00,1777910512973,1970-01-01T00:00:00+00:00,0,0,1,4,0,182670116,0,4,0.1,0.0,78653.0,0.0,0.0,78653.0,0.0,BTCUSD,[sl 78653.00],
2026-05-04 16:01:54,182670192,2026-05-04T16:01:54+00:00,1777910514309,2026-05-04T16:01:54+00:00,1777910514309,1970-01-01T00:00:00+00:00,1,0,1,4,0,182668442,0,4,0.1,0.0,157.101,0.0,0.0,157.101,0.0,USDJPY,[sl 157.101],
2026-05-04 16:03:04,182670670,2026-05-04T16:03:04+00:00,1777910584031,2026-05-04T16:03:04+00:00,1777910584031,1970-01-01T00:00:00+00:00,1,0,1,4,0,182670670,0,3,0.1,0.0,0.0,78662.92,78100.62,78646.42,0.0,BTCUSD,OV2|684d13|H1|S,
2026-05-04 16:04:26,182671464,2026-05-04T16:04:26+00:00,1777910666575,2026-05-04T16:04:26+00:00,1777910666576,1970-01-01T00:00:00+00:00,1,0,1,4,0,182671464,0,3,0.05,0.0,0.0,78602.17,78002.84,78585.67,0.0,BTCUSD,OV2|756f95|H1|S,
2026-05-04 16:04:33,182671691,2026-05-04T16:04:33+00:00,1777910673547,2026-05-04T16:04:33+00:00,1777910673547,1970-01-01T00:00:00+00:00,0,0,1,4,0,182671464,0,4,0.05,0.0,78602.17,0.0,0.0,78602.17,0.0,BTCUSD,[sl 78602.17],
2026-05-04 16:04:34,182671831,2026-05-04T16:04:34+00:00,1777910674431,2026-05-04T16:04:34+00:00,1777910674431,1970-01-01T00:00:00+00:00,0,0,1,4,0,182670670,0,4,0.1,0.0,78662.92,0.0,0.0,78662.92,0.0,BTCUSD,[sl 78662.92],
2026-05-04 16:10:00,182676580,2026-05-04T16:10:00+00:00,1777911000357,2026-05-04T16:10:00+00:00,1777911000357,1970-01-01T00:00:00+00:00,0,0,1,4,0,182601879,0,4,0.06,0.0,1.35646,0.0,0.0,1.35646,0.0,GBPUSD,[sl 1.35646],
2026-05-04 16:10:49,182677537,2026-05-04T16:10:49+00:00,1777911049403,2026-05-04T16:10:49+00:00,1777911049403,1970-01-01T00:00:00+00:00,0,0,1,4,0,182677537,0,3,0.1,0.0,0.0,1.35564,1.35836,1.35632,0.0,GBPUSD,OV2|5113bc|H1|B,
2026-05-04 16:10:52,182677580,2026-05-04T16:10:52+00:00,1777911052238,2026-05-04T16:10:52+00:00,1777911052238,1970-01-01T00:00:00+00:00,1,0,1,4,0,182677580,0,3,0.1,0.0,0.0,157.097,156.817,157.027,0.0,USDJPY,OV2|19a867|H1|S,
2026-05-04 16:12:01,182677952,2026-05-04T16:12:01+00:00,1777911121046,2026-05-04T16:12:01+00:00,1777911121046,1970-01-01T00:00:00+00:00,0,0,1,4,0,182677952,0,3,0.05,0.0,0.0,1.35564,1.35836,1.35632,0.0,GBPUSD,OV2|795992|H1|B,
2026-05-04 16:12:06,182677986,2026-05-04T16:12:06+00:00,1777911126405,2026-05-04T16:12:06+00:00,1777911126405,1970-01-01T00:00:00+00:00,1,0,1,4,0,182677986,0,3,0.1,0.0,0.0,157.091,156.803,157.019,0.0,USDJPY,OV2|b48866|H1|S,
2026-05-04 16:16:56,182680404,2026-05-04T16:16:56+00:00,1777911416578,2026-05-04T16:16:56+00:00,1777911416578,1970-01-01T00:00:00+00:00,1,0,1,4,0,182677537,0,4,0.1,0.0,1.35564,0.0,0.0,1.35564,0.0,GBPUSD,[sl 1.35564],
2026-05-04 16:16:56,182680405,2026-05-04T16:16:56+00:00,1777911416578,2026-05-04T16:16:56+00:00,1777911416578,1970-01-01T00:00:00+00:00,1,0,1,4,0,182677952,0,4,0.05,0.0,1.35564,0.0,0.0,1.35564,0.0,GBPUSD,[sl 1.35564],
2026-05-04 16:22:17,182682012,2026-05-04T16:22:17+00:00,1777911737102,2026-05-04T16:22:17+00:00,1777911737103,1970-01-01T00:00:00+00:00,0,0,1,4,0,182682012,0,3,0.1,0.0,0.0,78968.47,79636.9,78984.97,0.0,BTCUSD,OV2|f7dede|H1|B,
2026-05-04 16:23:42,182682339,2026-05-04T16:23:42+00:00,1777911822490,2026-05-04T16:23:42+00:00,1777911822490,1970-01-01T00:00:00+00:00,0,0,1,4,0,182682339,0,3,0.1,0.0,0.0,78969.34,79673.51,78985.84,0.0,BTCUSD,OV2|9897d8|H1|B,
2026-05-04 16:23:50,182682366,2026-05-04T16:23:50+00:00,1777911830869,2026-05-04T16:23:50+00:00,1777911830870,1970-01-01T00:00:00+00:00,1,0,1,4,0,182682012,0,4,0.1,0.0,78968.47,0.0,0.0,78968.47,0.0,BTCUSD,[sl 78968.47],
2026-05-04 16:23:50,182682367,2026-05-04T16:23:50+00:00,1777911830869,2026-05-04T16:23:50+00:00,1777911830870,1970-01-01T00:00:00+00:00,1,0,1,4,0,182682339,0,4,0.1,0.0,78969.34,0.0,0.0,78969.34,0.0,BTCUSD,[sl 78969.34],
2026-05-04 16:25:00,182682780,2026-05-04T16:25:00+00:00,1777911900113,2026-05-04T16:25:00+00:00,1777911900113,1970-01-01T00:00:00+00:00,0,0,1,4,0,182682780,0,3,0.1,0.0,0.0,78944.46,79635.03,78960.96,0.0,BTCUSD,OV2|ef1f66|H1|B,
2026-05-04 16:25:00,182682846,2026-05-04T16:25:00+00:00,1777911900545,2026-05-04T16:25:00+00:00,1777911900545,1970-01-01T00:00:00+00:00,1,0,1,4,0,182682780,0,4,0.1,0.0,78944.46,0.0,0.0,78944.46,0.0,BTCUSD,[sl 78944.46],
2026-05-04 16:26:06,182683362,2026-05-04T16:26:06+00:00,1777911966164,2026-05-04T16:26:06+00:00,1777911966164,1970-01-01T00:00:00+00:00,0,0,1,4,0,182683362,0,3,0.1,0.0,0.0,78947.19,79647.68,78963.69,0.0,BTCUSD,OV2|e562d9|H1|B,
2026-05-04 16:26:30,182683510,2026-05-04T16:26:30+00:00,1777911990464,2026-05-04T16:26:30+00:00,1777911990464,1970-01-01T00:00:00+00:00,1,0,1,4,0,182683362,0,4,0.1,0.0,78947.19,0.0,0.0,78947.19,0.0,BTCUSD,[sl 78947.19],
2026-05-04 16:26:48,182683606,2026-05-04T16:26:48+00:00,1777912008468,2026-05-04T16:26:48+00:00,1777912008468,1970-01-01T00:00:00+00:00,0,0,1,4,0,182677986,0,4,0.1,0.0,157.091,0.0,0.0,157.091,0.0,USDJPY,[sl 157.091],
2026-05-04 16:27:06,182683954,2026-05-04T16:27:06+00:00,1777912026387,2026-05-04T16:27:06+00:00,1777912026387,1970-01-01T00:00:00+00:00,0,0,1,4,0,182677580,0,4,0.1,0.0,157.097,0.0,0.0,157.097,0.0,USDJPY,[sl 157.097],
2026-05-04 16:27:28,182684004,2026-05-04T16:27:28+00:00,1777912048641,2026-05-04T16:27:28+00:00,1777912048641,1970-01-01T00:00:00+00:00,1,0,1,4,0,182684004,0,3,0.1,0.0,0.0,157.145,156.849,157.071,0.0,USDJPY,OV2|d2b71b|H1|S,
2026-05-04 16:27:31,182684008,2026-05-04T16:27:31+00:00,1777912051266,2026-05-04T16:27:31+00:00,1777912051266,1970-01-01T00:00:00+00:00,0,0,1,4,0,182684008,0,3,0.1,0.0,0.0,78937.64,79621.8,78954.14,0.0,BTCUSD,OV2|7c0a2b|H1|B,
2026-05-04 16:28:43,182684288,2026-05-04T16:28:43+00:00,1777912123133,2026-05-04T16:28:43+00:00,1777912123134,1970-01-01T00:00:00+00:00,1,0,1,4,0,182684288,0,3,0.05,0.0,0.0,157.128,156.832,157.054,0.0,USDJPY,OV2|6d2281|H1|S,
2026-05-04 16:28:51,182684329,2026-05-04T16:28:51+00:00,1777912131386,2026-05-04T16:28:51+00:00,1777912131386,1970-01-01T00:00:00+00:00,0,0,1,4,0,182684329,0,3,0.1,0.0,0.0,78939.11,79626.01,78955.61,0.0,BTCUSD,OV2|5dc409|H1|B,
2026-05-04 16:30:09,182685195,2026-05-04T16:30:09+00:00,1777912209255,2026-05-04T16:30:09+00:00,1777912209255,1970-01-01T00:00:00+00:00,1,0,1,4,0,182684008,0,4,0.1,0.0,78937.64,0.0,0.0,78937.64,0.0,BTCUSD,[sl 78937.64],
2026-05-04 16:30:09,182685196,2026-05-04T16:30:09+00:00,1777912209255,2026-05-04T16:30:09+00:00,1777912209256,1970-01-01T00:00:00+00:00,1,0,1,4,0,182684329,0,4,0.1,0.0,78939.11,0.0,0.0,78939.11,0.0,BTCUSD,[sl 78939.11],
2026-05-04 16:31:17,182686591,2026-05-04T16:31:17+00:00,1777912277689,2026-05-04T16:31:17+00:00,1777912277689,1970-01-01T00:00:00+00:00,0,0,1,4,0,182686591,0,3,0.1,0.0,0.0,78950.8,79650.58,78967.3,0.0,BTCUSD,OV2|a96294|H1|B,
2026-05-04 16:31:19,182686639,2026-05-04T16:31:19+00:00,1777912279089,2026-05-04T16:31:19+00:00,1777912279089,1970-01-01T00:00:00+00:00,1,0,1,4,0,182686591,0,4,0.1,0.0,78950.8,0.0,0.0,78950.8,0.0,BTCUSD,[sl 78950.80],
2026-05-04 16:31:23,182686755,2026-05-04T16:31:23+00:00,1777912283183,2026-05-04T16:31:23+00:00,1777912283183,1970-01-01T00:00:00+00:00,1,0,1,4,0,182686755,0,3,0.05,0.0,0.0,4560.09,4529.88,4557.59,0.0,XAUUSD,OV2|19c047|H1|S,
2026-05-04 16:32:35,182688515,2026-05-04T16:32:35+00:00,1777912355176,2026-05-04T16:32:35+00:00,1777912355176,1970-01-01T00:00:00+00:00,1,0,1,4,0,182688515,0,3,0.05,0.0,0.0,4560.98,4530.11,4558.57,0.0,XAUUSD,OV2|65dd60|H1|S,
2026-05-04 16:32:36,182688533,2026-05-04T16:32:36+00:00,1777912356628,2026-05-04T16:32:36+00:00,1777912356629,1970-01-01T00:00:00+00:00,0,0,1,4,0,182686755,0,4,0.05,0.0,4560.09,0.0,0.0,4560.09,0.0,XAUUSD,[sl 4560.09],
2026-05-04 16:32:37,182688566,2026-05-04T16:32:37+00:00,1777912357907,2026-05-04T16:32:37+00:00,1777912357907,1970-01-01T00:00:00+00:00,0,0,1,4,0,182688566,0,3,0.1,0.0,0.0,78937.62,79637.4,78954.12,0.0,BTCUSD,OV2|a8eed6|H1|B,
2026-05-04 16:32:38,182688575,2026-05-04T16:32:38+00:00,1777912358039,2026-05-04T16:32:38+00:00,1777912358039,1970-01-01T00:00:00+00:00,0,0,1,4,0,182688515,0,4,0.05,0.0,4560.98,0.0,0.0,4560.98,0.0,XAUUSD,[sl 4560.98],
2026-05-04 16:34:00,182691537,2026-05-04T16:34:00+00:00,1777912440423,2026-05-04T16:34:00+00:00,1777912440423,1970-01-01T00:00:00+00:00,0,0,1,4,0,182691537,0,3,0.1,0.0,0.0,78976.76,79688.04,78993.26,0.0,BTCUSD,OV2|c6f27e|H1|B,
2026-05-04 16:34:41,182692224,2026-05-04T16:34:41+00:00,1777912481303,2026-05-04T16:34:41+00:00,1777912481304,1970-01-01T00:00:00+00:00,1,0,1,4,0,182691537,0,4,0.1,0.0,78976.76,0.0,0.0,78976.76,0.0,BTCUSD,[sl 78976.76],
2026-05-04 16:36:34,182693587,2026-05-04T16:36:34+00:00,1777912594281,2026-05-04T16:36:34+00:00,1777912594282,1970-01-01T00:00:00+00:00,0,0,1,4,0,182693587,0,3,0.1,0.0,0.0,79070.94,79841.21,79085.39,0.0,BTCUSD,OV2|fc5529|H1|B,
2026-05-04 16:36:36,182693599,2026-05-04T16:36:36+00:00,1777912596232,2026-05-04T16:36:36+00:00,1777912596232,1970-01-01T00:00:00+00:00,1,0,1,4,0,182693587,0,4,0.1,0.0,79070.94,0.0,0.0,79070.94,0.0,BTCUSD,[sl 79070.94],
2026-05-04 16:37:34,182694431,2026-05-04T16:37:34+00:00,1777912654229,2026-05-04T16:37:34+00:00,1777912654229,1970-01-01T00:00:00+00:00,1,0,1,4,0,182688566,0,4,0.1,0.0,78937.62,0.0,0.0,78937.62,0.0,BTCUSD,[sl 78937.62],
2026-05-04 16:37:40,182694479,2026-05-04T16:37:40+00:00,1777912660533,2026-05-04T16:37:40+00:00,1777912660533,1970-01-01T00:00:00+00:00,0,0,1,4,0,182694479,0,3,0.1,0.0,0.0,78930.62,79759.22,78949.12,0.0,BTCUSD,OV2|2d2b1b|H1|B,
2026-05-04 16:37:47,182694522,2026-05-04T16:37:47+00:00,1777912667417,2026-05-04T16:37:47+00:00,1777912667418,1970-01-01T00:00:00+00:00,1,0,1,4,0,182694479,0,4,0.1,0.0,78930.62,0.0,0.0,78930.62,0.0,BTCUSD,[sl 78930.62],
2026-05-04 16:38:57,182695059,2026-05-04T16:38:57+00:00,1777912737723,2026-05-04T16:38:57+00:00,1777912737723,1970-01-01T00:00:00+00:00,0,0,1,4,0,182695059,0,3,0.1,0.0,0.0,78863.09,79735.67,78878.48,0.0,BTCUSD,OV2|6ed512|H1|B,
2026-05-04 16:40:33,182695921,2026-05-04T16:40:33+00:00,1777912833432,2026-05-04T16:40:33+00:00,1777912833433,1970-01-01T00:00:00+00:00,1,0,1,4,0,182695059,0,4,0.1,0.0,78863.09,0.0,0.0,78863.09,0.0,BTCUSD,[sl 78863.09],
2026-05-04 16:41:34,182696649,2026-05-04T16:41:34+00:00,1777912894874,2026-05-04T16:41:34+00:00,1777912894874,1970-01-01T00:00:00+00:00,0,0,1,4,0,182696649,0,3,0.1,0.0,0.0,78917.53,79795.16,78934.03,0.0,BTCUSD,OV2|be1a9b|H1|B,
2026-05-04 16:41:44,182696864,2026-05-04T16:41:44+00:00,1777912904674,2026-05-04T16:41:44+00:00,1777912904674,1970-01-01T00:00:00+00:00,1,0,1,4,0,182696649,0,4,0.1,0.0,78917.53,0.0,0.0,78917.53,0.0,BTCUSD,[sl 78917.53],
2026-05-04 16:42:58,182698258,2026-05-04T16:42:58+00:00,1777912978003,2026-05-04T16:42:58+00:00,1777912978003,1970-01-01T00:00:00+00:00,0,0,1,4,0,182698258,0,3,0.1,0.0,0.0,1.35553,1.35825,1.35621,0.0,GBPUSD,OV2|221474|H1|B,
2026-05-04 16:43:00,182698276,2026-05-04T16:43:00+00:00,1777912980754,2026-05-04T16:43:00+00:00,1777912980754,1970-01-01T00:00:00+00:00,0,0,1,4,0,182698276,0,3,0.1,0.0,0.0,78876.99,79650.62,78893.49,0.0,BTCUSD,OV2|de419c|H1|B,
2026-05-04 16:43:37,182698917,2026-05-04T16:43:37+00:00,1777913017359,2026-05-04T16:43:37+00:00,1777913017359,1970-01-01T00:00:00+00:00,1,0,1,4,0,182698276,0,4,0.1,0.0,78876.99,0.0,0.0,78876.99,0.0,BTCUSD,[sl 78876.99],
2026-05-04 16:44:12,182699277,2026-05-04T16:44:12+00:00,1777913052871,2026-05-04T16:44:12+00:00,1777913052871,1970-01-01T00:00:00+00:00,0,0,1,4,0,182699277,0,3,0.1,0.0,0.0,78862.58,79636.21,78879.08,0.0,BTCUSD,OV2|cfd4ca|H1|B,
2026-05-04 16:44:15,182699302,2026-05-04T16:44:15+00:00,1777913055420,2026-05-04T16:44:15+00:00,1777913055420,1970-01-01T00:00:00+00:00,0,0,1,4,0,182699302,0,3,0.1,0.0,0.0,1.35555,1.35835,1.3562400000000001,0.0,GBPUSD,OV2|2100f8|H1|B,
2026-05-04 16:44:46,182699636,2026-05-04T16:44:46+00:00,1777913086826,2026-05-04T16:44:46+00:00,1777913086827,1970-01-01T00:00:00+00:00,1,0,1,4,0,182699277,0,4,0.1,0.0,78862.58,0.0,0.0,78862.58,0.0,BTCUSD,[sl 78862.58],
2026-05-04 16:46:52,182700574,2026-05-04T16:46:52+00:00,1777913212425,2026-05-04T16:46:52+00:00,1777913212425,1970-01-01T00:00:00+00:00,0,0,1,4,0,182700574,0,3,0.05,0.0,0.0,4562.64,4593.85,4565.11,0.0,XAUUSD,OV2|0fd1fc|H1|B,
2026-05-04 16:47:20,182700861,2026-05-04T16:47:20+00:00,1777913240327,2026-05-04T16:47:20+00:00,1777913240327,1970-01-01T00:00:00+00:00,1,0,1,4,0,182700574,0,4,0.05,0.0,4562.64,0.0,0.0,4562.64,0.0,XAUUSD,[sl 4562.64],
2026-05-04 16:48:04,182701279,2026-05-04T16:48:04+00:00,1777913284324,2026-05-04T16:48:04+00:00,1777913284324,1970-01-01T00:00:00+00:00,0,0,1,4,0,182701279,0,3,0.05,0.0,0.0,4561.04,4590.4,4563.54,0.0,XAUUSD,OV2|ecee94|H1|B,
2026-05-04 16:49:26,182702086,2026-05-04T16:49:26+00:00,1777913366818,2026-05-04T16:49:26+00:00,1777913366818,1970-01-01T00:00:00+00:00,0,0,1,4,0,182702086,0,3,0.05,0.0,0.0,4561.69,4591.66,4564.16,0.0,XAUUSD,OV2|a669b1|H1|B,
2026-05-04 16:49:52,182702235,2026-05-04T16:49:52+00:00,1777913392147,2026-05-04T16:49:52+00:00,1777913392148,1970-01-01T00:00:00+00:00,1,0,1,4,0,182702086,0,4,0.05,0.0,4561.69,0.0,0.0,4561.69,0.0,XAUUSD,[sl 4561.69],
2026-05-04 16:50:03,182702452,2026-05-04T16:50:03+00:00,1777913403338,2026-05-04T16:50:03+00:00,1777913403338,1970-01-01T00:00:00+00:00,1,0,1,4,0,182701279,0,4,0.05,0.0,4561.04,0.0,0.0,4561.04,0.0,XAUUSD,[sl 4561.04],
2026-05-04 16:51:58,182704058,2026-05-04T16:51:58+00:00,1777913518237,2026-05-04T16:51:58+00:00,1777913518237,1970-01-01T00:00:00+00:00,1,0,1,4,0,182704058,0,3,0.05,0.0,0.0,4566.29,4535.55,4563.79,0.0,XAUUSD,OV2|63c9b7|H1|S,
2026-05-04 16:53:17,182704942,2026-05-04T16:53:17+00:00,1777913597722,2026-05-04T16:53:17+00:00,1777913597722,1970-01-01T00:00:00+00:00,1,0,1,4,0,182704942,0,3,0.05,0.0,0.0,4561.57,4529.24,4559.06,0.0,XAUUSD,OV2|71bdf9|H1|S,
2026-05-04 16:54:41,182705750,2026-05-04T16:54:41+00:00,1777913681118,2026-05-04T16:54:41+00:00,1777913681118,1970-01-01T00:00:00+00:00,0,0,1,4,0,182704942,0,4,0.05,0.0,4561.57,0.0,0.0,4561.57,0.0,XAUUSD,[sl 4561.57],
2026-05-04 16:56:57,182707095,2026-05-04T16:56:57+00:00,1777913817987,2026-05-04T16:56:57+00:00,1777913817987,1970-01-01T00:00:00+00:00,1,0,1,4,0,182707095,0,3,0.05,0.0,0.0,4564.87,4533.18,4562.4,0.0,XAUUSD,OV2|13319c|H1|S,
2026-05-04 16:58:20,182707774,2026-05-04T16:58:20+00:00,1777913900949,2026-05-04T16:58:20+00:00,1777913900950,1970-01-01T00:00:00+00:00,0,0,1,4,0,182707095,0,4,0.05,0.0,4564.87,0.0,0.0,4564.87,0.0,XAUUSD,[sl 4564.87],
2026-05-04 16:58:26,182707846,2026-05-04T16:58:26+00:00,1777913906249,2026-05-04T16:58:26+00:00,1777913906249,1970-01-01T00:00:00+00:00,1,0,1,4,0,182707846,0,3,0.05,0.0,0.0,4567.65,4535.45,4565.15,0.0,XAUUSD,OV2|43e6ea|H1|S,
2026-05-04 16:58:26,182707893,2026-05-04T16:58:26+00:00,1777913906841,2026-05-04T16:58:26+00:00,1777913906841,1970-01-01T00:00:00+00:00,0,0,1,4,0,182704058,0,4,0.05,0.0,4566.29,0.0,0.0,4566.29,0.0,XAUUSD,[sl 4566.29],
2026-05-04 16:59:35,182708349,2026-05-04T16:59:35+00:00,1777913975491,2026-05-04T16:59:35+00:00,1777913975491,1970-01-01T00:00:00+00:00,1,0,1,4,0,182708349,0,3,0.05,0.0,0.0,4566.81,4534.26,4564.31,0.0,XAUUSD,OV2|21cb8a|H1|S,
2026-05-04 17:00:55,182709059,2026-05-04T17:00:55+00:00,1777914055369,2026-05-04T17:00:55+00:00,1777914055369,1970-01-01T00:00:00+00:00,1,0,1,4,0,182709059,0,3,0.1,0.0,0.0,78783.48,77999.42,78767.92,0.0,BTCUSD,OV2|6654f0|H1|S,
2026-05-04 17:01:03,182709182,2026-05-04T17:01:03+00:00,1777914063925,2026-05-04T17:01:03+00:00,1777914063925,1970-01-01T00:00:00+00:00,0,0,1,4,0,182709059,0,4,0.1,0.0,78783.48,0.0,0.0,78783.48,0.0,BTCUSD,[sl 78783.48],
2026-05-04 17:02:10,182709456,2026-05-04T17:02:10+00:00,1777914130089,2026-05-04T17:02:10+00:00,1777914130089,1970-01-01T00:00:00+00:00,1,0,1,4,0,182709456,0,3,0.1,0.0,0.0,78752.28,77946.91,78735.78,0.0,BTCUSD,OV2|ca8073|H1|S,
2026-05-04 17:02:13,182709473,2026-05-04T17:02:13+00:00,1777914133755,2026-05-04T17:02:13+00:00,1777914133755,1970-01-01T00:00:00+00:00,0,0,1,4,0,182709456,0,4,0.1,0.0,78752.28,0.0,0.0,78752.28,0.0,BTCUSD,[sl 78752.28],
2026-05-04 17:03:27,182710003,2026-05-04T17:03:27+00:00,1777914207431,2026-05-04T17:03:27+00:00,1777914207431,1970-01-01T00:00:00+00:00,1,0,1,4,0,182710003,0,3,0.1,0.0,0.0,78654.67,77859.6,78638.17,0.0,BTCUSD,OV2|da1f5c|H1|S,
2026-05-04 17:03:33,182710064,2026-05-04T17:03:33+00:00,1777914213060,2026-05-04T17:03:33+00:00,1777914213060,1970-01-01T00:00:00+00:00,0,0,1,4,0,182710003,0,4,0.1,0.0,78654.67,0.0,0.0,78654.67,0.0,BTCUSD,[sl 78654.67],
2026-05-04 17:04:49,182710759,2026-05-04T17:04:49+00:00,1777914289671,2026-05-04T17:04:49+00:00,1777914289671,1970-01-01T00:00:00+00:00,1,0,1,4,0,182710759,0,3,0.1,0.0,0.0,78626.79,77811.64,78610.29,0.0,BTCUSD,OV2|e0432e|H1|S,
2026-05-04 17:05:38,182711503,2026-05-04T17:05:38+00:00,1777914338867,2026-05-04T17:05:38+00:00,1777914338868,1970-01-01T00:00:00+00:00,0,0,1,4,0,182710759,0,4,0.1,0.0,78626.79,0.0,0.0,78626.79,0.0,BTCUSD,[sl 78626.79],
2026-05-04 17:05:58,182711722,2026-05-04T17:05:58+00:00,1777914358641,2026-05-04T17:05:58+00:00,1777914358641,1970-01-01T00:00:00+00:00,1,0,1,4,0,182711722,0,3,0.1,0.0,0.0,78638.39,77816.65,78621.94,0.0,BTCUSD,OV2|90c331|H1|S,
2026-05-04 17:07:08,182712390,2026-05-04T17:07:08+00:00,1777914428252,2026-05-04T17:07:08+00:00,1777914428252,1970-01-01T00:00:00+00:00,1,0,1,4,0,182699302,0,4,0.1,0.0,1.35555,0.0,0.0,1.35555,0.0,GBPUSD,[sl 1.35555],
2026-05-04 17:07:20,182712453,2026-05-04T17:07:20+00:00,1777914440978,2026-05-04T17:07:20+00:00,1777914440978,1970-01-01T00:00:00+00:00,1,0,1,4,0,182712453,0,3,0.1,0.0,0.0,78634.8,77803.86,78618.3,0.0,BTCUSD,OV2|e9453b|H1|S,
2026-05-04 17:07:43,182712597,2026-05-04T17:07:43+00:00,1777914463000,2026-05-04T17:07:43+00:00,1777914463000,1970-01-01T00:00:00+00:00,0,0,1,4,0,182712453,0,4,0.1,0.0,78634.8,0.0,0.0,78634.8,0.0,BTCUSD,[sl 78634.80],
2026-05-04 17:07:43,182712600,2026-05-04T17:07:43+00:00,1777914463730,2026-05-04T17:07:43+00:00,1777914463730,1970-01-01T00:00:00+00:00,0,0,1,4,0,182711722,0,4,0.1,0.0,78638.39,0.0,0.0,78638.39,0.0,BTCUSD,[sl 78638.39],
2026-05-04 17:08:18,182712948,2026-05-04T17:08:18+00:00,1777914498380,2026-05-04T17:08:18+00:00,1777914498381,1970-01-01T00:00:00+00:00,1,0,1,4,0,182698258,0,4,0.1,0.0,1.35553,0.0,0.0,1.35553,0.0,GBPUSD,[sl 1.35553],
2026-05-04 17:08:19,182713029,2026-05-04T17:08:19+00:00,1777914499177,2026-05-04T17:08:19+00:00,1777914499177,1970-01-01T00:00:00+00:00,0,0,1,4,0,182684288,0,4,0.05,0.0,157.128,0.0,0.0,157.128,0.0,USDJPY,[sl 157.128],
2026-05-04 17:08:29,182713405,2026-05-04T17:08:29+00:00,1777914509719,2026-05-04T17:08:29+00:00,1777914509719,1970-01-01T00:00:00+00:00,0,0,1,4,0,182684004,0,4,0.1,0.0,157.145,0.0,0.0,157.145,0.0,USDJPY,[sl 157.145],
2026-05-04 17:08:36,182713468,2026-05-04T17:08:36+00:00,1777914516041,2026-05-04T17:08:36+00:00,1777914516041,1970-01-01T00:00:00+00:00,1,0,1,4,0,182713468,0,3,0.1,0.0,0.0,78621.15,77763.01,78604.65,0.0,BTCUSD,OV2|a06a74|H1|S,
2026-05-04 17:08:56,182713613,2026-05-04T17:08:56+00:00,1777914536250,2026-05-04T17:08:56+00:00,1777914536251,1970-01-01T00:00:00+00:00,0,0,1,4,0,182713468,0,4,0.1,0.0,78621.15,0.0,0.0,78621.15,0.0,BTCUSD,[sl 78621.15],
2026-05-04 17:09:55,182714793,2026-05-04T17:09:55+00:00,1777914595844,2026-05-04T17:09:55+00:00,1777914595845,1970-01-01T00:00:00+00:00,1,0,1,4,0,182714793,0,3,0.1,0.0,0.0,78543.26,77634.14,78526.76,0.0,BTCUSD,OV2|b6d8af|H1|S,
2026-05-04 17:09:59,182714829,2026-05-04T17:09:59+00:00,1777914599005,2026-05-04T17:09:59+00:00,1777914599005,1970-01-01T00:00:00+00:00,0,0,1,4,0,182714793,0,4,0.1,0.0,78543.26,0.0,0.0,78543.26,0.0,BTCUSD,[sl 78543.26],
2026-05-04 17:11:15,182715732,2026-05-04T17:11:15+00:00,1777914675910,2026-05-04T17:11:15+00:00,1777914675910,1970-01-01T00:00:00+00:00,1,0,1,4,0,182715732,0,3,0.1,0.0,0.0,78705.53,77754.42,78689.03,0.0,BTCUSD,OV2|003537|H1|S,
2026-05-04 17:11:34,182715836,2026-05-04T17:11:34+00:00,1777914694370,2026-05-04T17:11:34+00:00,1777914694370,1970-01-01T00:00:00+00:00,0,0,1,4,0,182715732,0,4,0.1,0.0,78705.53,0.0,0.0,78705.53,0.0,BTCUSD,[sl 78705.53],
2026-05-04 17:12:27,182716299,2026-05-04T17:12:27+00:00,1777914747683,2026-05-04T17:12:27+00:00,1777914747683,1970-01-01T00:00:00+00:00,1,0,1,4,0,182716299,0,3,0.1,0.0,0.0,78825.97,77851.79,78809.47,0.0,BTCUSD,OV2|777ab0|H1|S,
2026-05-04 17:12:31,182716351,2026-05-04T17:12:31+00:00,1777914751796,2026-05-04T17:12:31+00:00,1777914751796,1970-01-01T00:00:00+00:00,0,0,1,4,0,182716299,0,4,0.1,0.0,78825.97,0.0,0.0,78825.97,0.0,BTCUSD,[sl 78825.97],
2026-05-04 17:13:50,182717914,2026-05-04T17:13:50+00:00,1777914830832,2026-05-04T17:13:50+00:00,1777914830832,1970-01-01T00:00:00+00:00,1,0,1,4,0,182717914,0,3,0.1,0.0,0.0,78920.37,77897.45,78903.87,0.0,BTCUSD,OV2|5d7ed5|H1|S,
2026-05-04 17:14:08,182718142,2026-05-04T17:14:08+00:00,1777914848618,2026-05-04T17:14:08+00:00,1777914848618,1970-01-01T00:00:00+00:00,0,0,1,4,0,182717914,0,4,0.1,0.0,78920.37,0.0,0.0,78920.37,0.0,BTCUSD,[sl 78920.37],
2026-05-04 17:16:19,182719540,2026-05-04T17:16:19+00:00,1777914979816,2026-05-04T17:16:19+00:00,1777914979816,1970-01-01T00:00:00+00:00,1,0,1,4,0,182719540,0,3,0.1,0.0,0.0,78985.43,77967.47,78969.03,0.0,BTCUSD,OV2|aeac95|H1|S,
2026-05-04 17:16:22,182719605,2026-05-04T17:16:22+00:00,1777914982738,2026-05-04T17:16:22+00:00,1777914982738,1970-01-01T00:00:00+00:00,0,0,1,4,0,182708349,0,4,0.05,0.0,4566.81,0.0,0.0,4566.81,0.0,XAUUSD,[sl 4566.81],
2026-05-04 17:16:27,182719695,2026-05-04T17:16:27+00:00,1777914987907,2026-05-04T17:16:27+00:00,1777914987907,1970-01-01T00:00:00+00:00,1,0,1,4,0,182719695,0,3,0.03,0.0,0.0,4569.21,4535.43,4566.71,0.0,XAUUSD,OV2|191de1|H1|S,
2026-05-04 17:16:58,182719985,2026-05-04T17:16:58+00:00,1777915018306,2026-05-04T17:16:58+00:00,1777915018307,1970-01-01T00:00:00+00:00,0,0,1,4,0,182707846,0,4,0.05,0.0,4567.65,0.0,0.0,4567.65,0.0,XAUUSD,[sl 4567.65],
2026-05-04 17:16:58,182720139,2026-05-04T17:16:58+00:00,1777915018562,2026-05-04T17:16:58+00:00,1777915018562,1970-01-01T00:00:00+00:00,0,0,1,4,0,182719540,0,4,0.1,0.0,78985.43,0.0,0.0,78985.43,0.0,BTCUSD,[sl 78985.43],
2026-05-04 17:17:34,182720672,2026-05-04T17:17:34+00:00,1777915054103,2026-05-04T17:17:34+00:00,1777915054103,1970-01-01T00:00:00+00:00,1,0,1,4,0,182720672,0,3,0.1,0.0,0.0,79006.29,77988.04,78989.79,0.0,BTCUSD,OV2|28882c|H1|S,
2026-05-04 17:17:39,182720712,2026-05-04T17:17:39+00:00,1777915059727,2026-05-04T17:17:39+00:00,1777915059728,1970-01-01T00:00:00+00:00,1,0,1,4,0,182720712,0,3,0.03,0.0,0.0,4569.35,4534.97,4566.85,0.0,XAUUSD,OV2|6a4572|H1|S,
2026-05-04 17:17:53,182720764,2026-05-04T17:17:53+00:00,1777915073624,2026-05-04T17:17:53+00:00,1777915073624,1970-01-01T00:00:00+00:00,0,0,1,4,0,182720672,0,4,0.1,0.0,79006.29,0.0,0.0,79006.29,0.0,BTCUSD,[sl 79006.29],
2026-05-04 17:18:39,182721189,2026-05-04T17:18:39+00:00,1777915119532,2026-05-04T17:18:39+00:00,1777915119532,1970-01-01T00:00:00+00:00,0,0,1,4,0,182719695,0,4,0.03,0.0,4569.21,0.0,0.0,4569.21,0.0,XAUUSD,[sl 4569.21],
2026-05-04 17:18:39,182721190,2026-05-04T17:18:39+00:00,1777915119532,2026-05-04T17:18:39+00:00,1777915119533,1970-01-01T00:00:00+00:00,0,0,1,4,0,182720712,0,4,0.03,0.0,4569.35,0.0,0.0,4569.35,0.0,XAUUSD,[sl 4569.35],
2026-05-04 17:18:54,182721862,2026-05-04T17:18:54+00:00,1777915134100,2026-05-04T17:18:54+00:00,1777915134100,1970-01-01T00:00:00+00:00,1,0,1,4,0,182721862,0,3,0.05,0.0,0.0,4573.93,4539.32,4571.42,0.0,XAUUSD,OV2|874c16|H1|S,
2026-05-04 17:18:59,182721957,2026-05-04T17:18:59+00:00,1777915139563,2026-05-04T17:18:59+00:00,1777915139563,1970-01-01T00:00:00+00:00,1,0,1,4,0,182721957,0,3,0.1,0.0,0.0,79036.92,78065.33,79018.42,0.0,BTCUSD,OV2|953a7a|H1|S,
2026-05-04 17:19:00,182722096,2026-05-04T17:19:00+00:00,1777915140662,2026-05-04T17:19:00+00:00,1777915140663,1970-01-01T00:00:00+00:00,0,0,1,4,0,182721862,0,4,0.05,0.0,4573.93,0.0,0.0,4573.93,0.0,XAUUSD,[sl 4573.93],
2026-05-04 17:19:01,182722149,2026-05-04T17:19:01+00:00,1777915141167,2026-05-04T17:19:01+00:00,1777915141168,1970-01-01T00:00:00+00:00,0,0,1,4,0,182721957,0,4,0.1,0.0,79036.92,0.0,0.0,79036.92,0.0,BTCUSD,[sl 79036.92],
2026-05-04 17:21:28,182724396,2026-05-04T17:21:28+00:00,1777915288112,2026-05-04T17:21:28+00:00,1777915288112,1970-01-01T00:00:00+00:00,0,0,1,4,0,182724396,0,3,0.05,0.0,0.0,4573.45,4608.28,4575.9,0.0,XAUUSD,OV2|0711ad|H1|B,
2026-05-04 17:21:36,182724445,2026-05-04T17:21:36+00:00,1777915296139,2026-05-04T17:21:36+00:00,1777915296139,1970-01-01T00:00:00+00:00,0,0,1,4,0,182724445,0,3,0.1,0.0,0.0,79034.86,79975.83,79053.36,0.0,BTCUSD,OV2|f589f5|H1|B,
2026-05-04 17:22:42,182726283,2026-05-04T17:22:42+00:00,1777915362339,2026-05-04T17:22:42+00:00,1777915362339,1970-01-01T00:00:00+00:00,0,0,1,4,0,182726283,0,3,0.05,0.0,0.0,79168.11,80156.1,79190.59,0.0,BTCUSD,OV2|e2f34b|H1|B,
2026-05-04 17:22:53,182726380,2026-05-04T17:22:53+00:00,1777915373221,2026-05-04T17:22:53+00:00,1777915373221,1970-01-01T00:00:00+00:00,0,0,1,4,0,182726380,0,3,0.05,0.0,0.0,4579.18,4616.18,4581.68,0.0,XAUUSD,OV2|6a937e|H1|B,
2026-05-04 17:22:59,182726426,2026-05-04T17:22:59+00:00,1777915379137,2026-05-04T17:22:59+00:00,1777915379137,1970-01-01T00:00:00+00:00,1,0,1,4,0,182726283,0,4,0.05,0.0,79168.11,0.0,0.0,79168.11,0.0,BTCUSD,[sl 79168.11],
2026-05-04 17:23:50,182727063,2026-05-04T17:23:50+00:00,1777915430180,2026-05-04T17:23:50+00:00,1777915430180,1970-01-01T00:00:00+00:00,1,0,1,4,0,182726380,0,4,0.05,0.0,4579.18,0.0,0.0,4579.18,0.0,XAUUSD,[sl 4579.18],
2026-05-04 17:24:04,182727374,2026-05-04T17:24:04+00:00,1777915444844,2026-05-04T17:24:04+00:00,1777915444845,1970-01-01T00:00:00+00:00,0,0,1,4,0,182727374,0,3,0.05,0.0,0.0,79216.65,80212.54,79233.15,0.0,BTCUSD,OV2|411375|H1|B,
2026-05-04 17:24:07,182727455,2026-05-04T17:24:07+00:00,1777915447679,2026-05-04T17:24:07+00:00,1777915447679,1970-01-01T00:00:00+00:00,0,0,1,4,0,182727455,0,3,0.05,0.0,0.0,4574.54,4609.44,4577.04,0.0,XAUUSD,OV2|49b333|H1|B,
2026-05-04 17:24:23,182727765,2026-05-04T17:24:23+00:00,1777915463231,2026-05-04T17:24:23+00:00,1777915463231,1970-01-01T00:00:00+00:00,1,0,1,4,0,182727455,0,4,0.05,0.0,4574.54,0.0,0.0,4574.54,0.0,XAUUSD,[sl 4574.54],
2026-05-04 17:25:58,182728648,2026-05-04T17:25:58+00:00,1777915558313,2026-05-04T17:25:58+00:00,1777915558313,1970-01-01T00:00:00+00:00,1,0,1,4,0,182724396,0,4,0.05,0.0,4573.45,0.0,0.0,4573.45,0.0,XAUUSD,[sl 4573.45],
2026-05-04 17:26:36,182728968,2026-05-04T17:26:36+00:00,1777915596334,2026-05-04T17:26:36+00:00,1777915596335,1970-01-01T00:00:00+00:00,0,0,1,4,0,182728968,0,3,0.05,0.0,0.0,4570.87,4606.95,4573.37,0.0,XAUUSD,OV2|641e88|H1|B,
2026-05-04 17:27:50,182729480,2026-05-04T17:27:50+00:00,1777915670916,2026-05-04T17:27:50+00:00,1777915670916,1970-01-01T00:00:00+00:00,0,0,1,4,0,182729480,0,3,0.05,0.0,0.0,4572.09,4607.53,4574.59,0.0,XAUUSD,OV2|54343a|H1|B,
2026-05-04 17:29:25,182730162,2026-05-04T17:29:25+00:00,1777915765665,2026-05-04T17:29:25+00:00,1777915765665,1970-01-01T00:00:00+00:00,1,0,1,4,0,182729480,0,4,0.05,0.0,4572.09,0.0,0.0,4572.09,0.0,XAUUSD,[sl 4572.09],
2026-05-04 17:29:43,182730389,2026-05-04T17:29:43+00:00,1777915783165,2026-05-04T17:29:43+00:00,1777915783166,1970-01-01T00:00:00+00:00,1,0,1,4,0,182728968,0,4,0.05,0.0,4570.87,0.0,0.0,4570.87,0.0,XAUUSD,[sl 4570.87],
2026-05-04 17:31:45,182732318,2026-05-04T17:31:45+00:00,1777915905712,2026-05-04T17:31:45+00:00,1777915905712,1970-01-01T00:00:00+00:00,0,0,1,4,0,182732318,0,3,0.05,0.0,0.0,4576.7,4613.95,4579.21,0.0,XAUUSD,OV2|290670|H1|B,
2026-05-04 17:32:15,182732619,2026-05-04T17:32:15+00:00,1777915935214,2026-05-04T17:32:15+00:00,1777915935214,1970-01-01T00:00:00+00:00,1,0,1,4,0,182732318,0,4,0.05,0.0,4576.7,0.0,0.0,4576.7,0.0,XAUUSD,[sl 4576.70],
2026-05-04 17:33:05,182732874,2026-05-04T17:33:05+00:00,1777915985585,2026-05-04T17:33:05+00:00,1777915985585,1970-01-01T00:00:00+00:00,0,0,1,4,0,182732874,0,3,0.1,0.0,0.0,1.17074,1.17346,1.17142,0.0,EURUSD,OV2|d5bc33|H1|B,
2026-05-04 17:33:11,182732896,2026-05-04T17:33:11+00:00,1777915991110,2026-05-04T17:33:11+00:00,1777915991110,1970-01-01T00:00:00+00:00,0,0,1,4,0,182732896,0,3,0.05,0.0,0.0,4575.46,4610.25,4577.97,0.0,XAUUSD,OV2|d6c30d|H1|B,
2026-05-04 17:34:20,182733180,2026-05-04T17:34:20+00:00,1777916060036,2026-05-04T17:34:20+00:00,1777916060037,1970-01-01T00:00:00+00:00,0,0,1,4,0,182733180,0,3,0.05,0.0,0.0,4574.62,4609.88,4577.12,0.0,XAUUSD,OV2|a6d5d6|H1|B,
2026-05-04 17:34:25,182733206,2026-05-04T17:34:25+00:00,1777916065555,2026-05-04T17:34:25+00:00,1777916065555,1970-01-01T00:00:00+00:00,0,0,1,4,0,182733206,0,3,0.1,0.0,0.0,1.17081,1.1734499999999999,1.17147,0.0,EURUSD,OV2|eda2a3|H1|B,
2026-05-04 17:34:26,182733218,2026-05-04T17:34:26+00:00,1777916066136,2026-05-04T17:34:26+00:00,1777916066136,1970-01-01T00:00:00+00:00,1,0,1,4,0,182732896,0,4,0.05,0.0,4575.46,0.0,0.0,4575.46,0.0,XAUUSD,[sl 4575.46],
2026-05-04 17:37:05,182734510,2026-05-04T17:37:05+00:00,1777916225239,2026-05-04T17:37:05+00:00,1777916225239,1970-01-01T00:00:00+00:00,0,0,1,4,0,182734510,0,3,0.05,0.0,0.0,4575.84,4610.44,4578.34,0.0,XAUUSD,OV2|9c1ff5|H1|B,
2026-05-04 17:39:30,182735664,2026-05-04T17:39:30+00:00,1777916370927,2026-05-04T17:39:30+00:00,1777916370927,1970-01-01T00:00:00+00:00,1,0,1,4,0,182735664,0,3,0.1,0.0,0.0,157.046,156.766,156.976,0.0,USDJPY,OV2|a606c1|H1|S,
2026-05-04 17:42:13,182737551,2026-05-04T17:42:13+00:00,1777916533324,2026-05-04T17:42:13+00:00,1777916533324,1970-01-01T00:00:00+00:00,1,0,1,4,0,182737551,0,3,0.1,0.0,0.0,157.042,156.762,156.972,0.0,USDJPY,OV2|c942ab|H1|S,
2026-05-04 17:43:03,182738083,2026-05-04T17:43:03+00:00,1777916583949,2026-05-04T17:43:03+00:00,1777916583949,1970-01-01T00:00:00+00:00,1,0,1,4,0,182734510,0,4,0.05,0.0,4575.84,0.0,0.0,4575.84,0.0,XAUUSD,[sl 4575.84],
2026-05-04 17:43:30,182738391,2026-05-04T17:43:30+00:00,1777916610360,2026-05-04T17:43:30+00:00,1777916610360,1970-01-01T00:00:00+00:00,0,0,1,4,0,182738391,0,3,0.05,0.0,0.0,4572.81,4607.63,4575.36,0.0,XAUUSD,OV2|acc66b|H1|B,
2026-05-04 17:44:47,182738941,2026-05-04T17:44:47+00:00,1777916687099,2026-05-04T17:44:47+00:00,1777916687099,1970-01-01T00:00:00+00:00,0,0,1,4,0,182737551,0,4,0.1,0.0,157.042,0.0,0.0,157.042,0.0,USDJPY,[sl 157.042],
2026-05-04 17:44:55,182738986,2026-05-04T17:44:55+00:00,1777916695439,2026-05-04T17:44:55+00:00,1777916695439,1970-01-01T00:00:00+00:00,1,0,1,4,0,182733206,0,4,0.1,0.0,1.17081,0.0,0.0,1.17081,0.0,EURUSD,[sl 1.17081],
2026-05-04 17:44:56,182738990,2026-05-04T17:44:56+00:00,1777916696529,2026-05-04T17:44:56+00:00,1777916696530,1970-01-01T00:00:00+00:00,1,0,1,4,0,182733180,0,4,0.05,0.0,4574.62,0.0,0.0,4574.62,0.0,XAUUSD,[sl 4574.62],
2026-05-04 17:45:04,182739208,2026-05-04T17:45:04+00:00,1777916704442,2026-05-04T17:45:04+00:00,1777916704443,1970-01-01T00:00:00+00:00,0,0,1,4,0,182735664,0,4,0.1,0.0,157.046,0.0,0.0,157.046,0.0,USDJPY,[sl 157.046],
2026-05-04 17:46:27,182739949,2026-05-04T17:46:27+00:00,1777916787498,2026-05-04T17:46:27+00:00,1777916787498,1970-01-01T00:00:00+00:00,1,0,1,4,0,182732874,0,4,0.1,0.0,1.17074,0.0,0.0,1.17074,0.0,EURUSD,[sl 1.17074],
2026-05-04 17:46:50,182740205,2026-05-04T17:46:50+00:00,1777916810868,2026-05-04T17:46:50+00:00,1777916810869,1970-01-01T00:00:00+00:00,1,0,1,4,0,182738391,0,4,0.05,0.0,4572.81,0.0,0.0,4572.81,0.0,XAUUSD,[sl 4572.81],
2026-05-04 17:47:10,182740355,2026-05-04T17:47:10+00:00,1777916830444,2026-05-04T17:47:10+00:00,1777916830444,1970-01-01T00:00:00+00:00,1,0,1,4,0,182740355,0,3,0.1,0.0,0.0,157.118,156.831,157.05,0.0,USDJPY,OV2|f45f75|H1|S,
2026-05-04 17:47:13,182740397,2026-05-04T17:47:13+00:00,1777916833286,2026-05-04T17:47:13+00:00,1777916833286,1970-01-01T00:00:00+00:00,0,0,1,4,0,182740397,0,3,0.05,0.0,0.0,4570.44,4605.19,4572.94,0.0,XAUUSD,OV2|f6eb56|H1|B,
2026-05-04 17:47:18,182740446,2026-05-04T17:47:18+00:00,1777916838622,2026-05-04T17:47:18+00:00,1777916838622,1970-01-01T00:00:00+00:00,1,0,1,4,0,182740446,0,3,0.1,0.0,0.0,1.17146,1.1687400000000001,1.17078,0.0,EURUSD,OV2|1ecf27|H1|S,
2026-05-04 17:48:17,182740809,2026-05-04T17:48:17+00:00,1777916897869,2026-05-04T17:48:17+00:00,1777916897870,1970-01-01T00:00:00+00:00,1,0,1,4,0,182724445,0,5,0.1,0.0,79975.83,0.0,0.0,79975.83,0.0,BTCUSD,[tp 79975.83],
2026-05-04 17:48:27,182740951,2026-05-04T17:48:27+00:00,1777916907608,2026-05-04T17:48:27+00:00,1777916907608,1970-01-01T00:00:00+00:00,0,0,1,4,0,182740951,0,3,0.05,0.0,0.0,4571.27,4604.86,4573.78,0.0,XAUUSD,OV2|2b205f|H1|B,
2026-05-04 17:48:30,182740985,2026-05-04T17:48:30+00:00,1777916910521,2026-05-04T17:48:30+00:00,1777916910521,1970-01-01T00:00:00+00:00,1,0,1,4,0,182740985,0,3,0.1,0.0,0.0,157.127,156.855,157.059,0.0,USDJPY,OV2|0ea172|H1|S,
2026-05-04 17:48:35,182741141,2026-05-04T17:48:35+00:00,1777916915930,2026-05-04T17:48:35+00:00,1777916915930,1970-01-01T00:00:00+00:00,1,0,1,4,0,182741141,0,3,0.1,0.0,0.0,1.17126,1.16862,1.1706,0.0,EURUSD,OV2|7d2f1d|H1|S,
2026-05-04 17:48:38,182741167,2026-05-04T17:48:38+00:00,1777916918563,2026-05-04T17:48:38+00:00,1777916918564,1970-01-01T00:00:00+00:00,0,0,1,4,0,182741167,0,3,0.1,0.0,0.0,80178.38,81534.36,80194.88,0.0,BTCUSD,OV2|5fe0e7|H1|B,
2026-05-04 17:48:39,182741193,2026-05-04T17:48:39+00:00,1777916919158,2026-05-04T17:48:39+00:00,1777916919159,1970-01-01T00:00:00+00:00,1,0,1,4,0,182741167,0,4,0.1,0.0,80178.38,0.0,0.0,80178.38,0.0,BTCUSD,[sl 80178.38],
2026-05-04 17:48:46,182741290,2026-05-04T17:48:46+00:00,1777916926928,2026-05-04T17:48:46+00:00,1777916926928,1970-01-01T00:00:00+00:00,1,0,1,4,0,182740951,0,4,0.05,0.0,4571.27,0.0,0.0,4571.27,0.0,XAUUSD,[sl 4571.27],
2026-05-04 17:49:20,182741602,2026-05-04T17:49:20+00:00,1777916960313,2026-05-04T17:49:20+00:00,1777916960314,1970-01-01T00:00:00+00:00,1,0,1,4,0,182740397,0,4,0.05,0.0,4570.44,0.0,0.0,4570.44,0.0,XAUUSD,[sl 4570.44],
2026-05-04 17:49:47,182742150,2026-05-04T17:49:47+00:00,1777916987491,2026-05-04T17:49:47+00:00,1777916987491,1970-01-01T00:00:00+00:00,0,0,1,4,0,182742150,0,3,0.1,0.0,0.0,79991.8,81347.78,80009.83,0.0,BTCUSD,OV2|159bff|H1|B,
2026-05-04 17:49:55,182742198,2026-05-04T17:49:55+00:00,1777916995421,2026-05-04T17:49:55+00:00,1777916995421,1970-01-01T00:00:00+00:00,0,0,1,4,0,182742198,0,3,0.05,0.0,0.0,4568.28,4603.27,4570.86,0.0,XAUUSD,OV2|6a436e|H1|B,
2026-05-04 17:50:53,182742514,2026-05-04T17:50:53+00:00,1777917053395,2026-05-04T17:50:53+00:00,1777917053395,1970-01-01T00:00:00+00:00,1,0,1,4,0,182727374,0,5,0.05,0.0,80212.54,0.0,0.0,80212.54,0.0,BTCUSD,[tp 80212.54],
2026-05-04 17:51:09,182742617,2026-05-04T17:51:09+00:00,1777917069633,2026-05-04T17:51:09+00:00,1777917069633,1970-01-01T00:00:00+00:00,0,0,1,4,0,182742617,0,3,0.1,0.0,0.0,80268.45,81552.27,80283.88,0.0,BTCUSD,OV2|bb37b0|H1|B,
2026-05-04 17:51:42,182742880,2026-05-04T17:51:42+00:00,1777917102429,2026-05-04T17:51:42+00:00,1777917102429,1970-01-01T00:00:00+00:00,1,0,1,4,0,182742617,0,4,0.1,0.0,80268.45,0.0,0.0,80268.45,0.0,BTCUSD,[sl 80268.45],
2026-05-04 17:52:23,182743197,2026-05-04T17:52:23+00:00,1777917143671,2026-05-04T17:52:23+00:00,1777917143671,1970-01-01T00:00:00+00:00,0,0,1,4,0,182743197,0,3,0.1,0.0,0.0,80355.14,81689.1,80367.13,0.0,BTCUSD,OV2|c716e4|H1|B,
2026-05-04 17:52:26,182743209,2026-05-04T17:52:26+00:00,1777917146557,2026-05-04T17:52:26+00:00,1777917146557,1970-01-01T00:00:00+00:00,0,0,1,4,0,182743209,0,3,0.05,0.0,0.0,4567.16,4600.29,4569.67,0.0,XAUUSD,OV2|3ce0d6|H1|B,
2026-05-04 17:52:44,182743332,2026-05-04T17:52:44+00:00,1777917164759,2026-05-04T17:52:44+00:00,1777917164759,1970-01-01T00:00:00+00:00,1,0,1,4,0,182742198,0,4,0.05,0.0,4568.28,0.0,0.0,4568.28,0.0,XAUUSD,[sl 4568.28],
2026-05-04 17:52:54,182743424,2026-05-04T17:52:54+00:00,1777917174734,2026-05-04T17:52:54+00:00,1777917174734,1970-01-01T00:00:00+00:00,1,0,1,4,0,182743197,0,4,0.1,0.0,80355.14,0.0,0.0,80355.14,0.0,BTCUSD,[sl 80355.14],
2026-05-04 17:53:36,182743777,2026-05-04T17:53:36+00:00,1777917216041,2026-05-04T17:53:36+00:00,1777917216041,1970-01-01T00:00:00+00:00,0,0,1,4,0,182743777,0,3,0.05,0.0,0.0,4566.12,4599.77,4568.62,0.0,XAUUSD,OV2|fdd630|H1|B,
2026-05-04 17:53:41,182743810,2026-05-04T17:53:41+00:00,1777917221789,2026-05-04T17:53:41+00:00,1777917221789,1970-01-01T00:00:00+00:00,1,0,1,4,0,182743209,0,4,0.05,0.0,4567.16,0.0,0.0,4567.16,0.0,XAUUSD,[sl 4567.16],
2026-05-04 17:54:58,182744344,2026-05-04T17:54:58+00:00,1777917298584,2026-05-04T17:54:58+00:00,1777917298585,1970-01-01T00:00:00+00:00,0,0,1,4,0,182744344,0,3,0.1,0.0,0.0,80441.77,81758.79,80458.27,0.0,BTCUSD,OV2|918ba8|H1|B,
2026-05-04 17:55:18,182744624,2026-05-04T17:55:18+00:00,1777917318565,2026-05-04T17:55:18+00:00,1777917318566,1970-01-01T00:00:00+00:00,1,0,1,4,0,182744344,0,4,0.1,0.0,80441.77,0.0,0.0,80441.77,0.0,BTCUSD,[sl 80441.77],
2026-05-04 17:56:09,182744991,2026-05-04T17:56:09+00:00,1777917369981,2026-05-04T17:56:09+00:00,1777917369981,1970-01-01T00:00:00+00:00,0,0,1,4,0,182744991,0,3,0.1,0.0,0.0,80395.96,81755.33,80412.46,0.0,BTCUSD,OV2|6f530e|H1|B,
2026-05-04 17:56:14,182745001,2026-05-04T17:56:14+00:00,1777917374363,2026-05-04T17:56:14+00:00,1777917374363,1970-01-01T00:00:00+00:00,1,0,1,4,0,182744991,0,4,0.1,0.0,80395.96,0.0,0.0,80395.96,0.0,BTCUSD,[sl 80395.96],
2026-05-04 17:57:04,182745680,2026-05-04T17:57:04+00:00,1777917424705,2026-05-04T17:57:04+00:00,1777917424706,1970-01-01T00:00:00+00:00,1,0,1,4,0,182743777,0,4,0.05,0.0,4566.12,0.0,0.0,4566.12,0.0,XAUUSD,[sl 4566.12],
2026-05-04 17:57:29,182746186,2026-05-04T17:57:29+00:00,1777917449902,2026-05-04T17:57:29+00:00,1777917449902,1970-01-01T00:00:00+00:00,0,0,1,4,0,182746186,0,3,0.1,0.0,0.0,80155.15,81563.09,80173.65,0.0,BTCUSD,OV2|e6c005|H1|B,
2026-05-04 18:00:14,182749221,2026-05-04T18:00:14+00:00,1777917614671,2026-05-04T18:00:14+00:00,1777917614672,1970-01-01T00:00:00+00:00,0,0,1,4,0,182740355,0,4,0.1,0.0,157.118,0.0,0.0,157.118,0.0,USDJPY,[sl 157.118],
2026-05-04 18:00:19,182749379,2026-05-04T18:00:19+00:00,1777917619140,2026-05-04T18:00:19+00:00,1777917619140,1970-01-01T00:00:00+00:00,0,0,1,4,0,182740985,0,4,0.1,0.0,157.127,0.0,0.0,157.127,0.0,USDJPY,[sl 157.127],
2026-05-04 18:03:51,182751992,2026-05-04T18:03:51+00:00,1777917831021,2026-05-04T18:03:51+00:00,1777917831021,1970-01-01T00:00:00+00:00,1,0,1,4,0,182751992,0,3,0.05,0.0,0.0,4563.04,4531.47,4560.54,0.0,XAUUSD,OV2|05c588|H1|S,
2026-05-04 18:04:52,182752371,2026-05-04T18:04:52+00:00,1777917892011,2026-05-04T18:04:52+00:00,1777917892011,1970-01-01T00:00:00+00:00,1,0,1,4,0,182746186,0,4,0.1,0.0,80155.15,0.0,0.0,80155.15,0.0,BTCUSD,[sl 80155.15],
2026-05-04 18:05:26,182752731,2026-05-04T18:05:26+00:00,1777917926268,2026-05-04T18:05:26+00:00,1777917926268,1970-01-01T00:00:00+00:00,0,0,1,4,0,182741141,0,4,0.1,0.0,1.17126,0.0,0.0,1.17126,0.0,EURUSD,[sl 1.17126],
2026-05-04 18:06:30,182753373,2026-05-04T18:06:30+00:00,1777917990454,2026-05-04T18:06:30+00:00,1777917990455,1970-01-01T00:00:00+00:00,0,0,1,4,0,182753373,0,3,0.1,0.0,0.0,80118.34,81595.45,80134.84,0.0,BTCUSD,OV2|87419a|H1|B,
2026-05-04 18:06:35,182753401,2026-05-04T18:06:35+00:00,1777917995831,2026-05-04T18:06:35+00:00,1777917995831,1970-01-01T00:00:00+00:00,1,0,1,4,0,182753401,0,3,0.1,0.0,0.0,1.1719,1.1691799999999999,1.17122,0.0,EURUSD,OV2|8f4d6a|H1|S,
2026-05-04 18:07:02,182753672,2026-05-04T18:07:02+00:00,1777918022322,2026-05-04T18:07:02+00:00,1777918022323,1970-01-01T00:00:00+00:00,0,0,1,4,0,182740446,0,4,0.1,0.0,1.17146,0.0,0.0,1.17146,0.0,EURUSD,[sl 1.17146],
2026-05-04 18:07:26,182753777,2026-05-04T18:07:26+00:00,1777918046948,2026-05-04T18:07:26+00:00,1777918046949,1970-01-01T00:00:00+00:00,1,0,1,4,0,182753373,0,4,0.1,0.0,80118.34,0.0,0.0,80118.34,0.0,BTCUSD,[sl 80118.34],
2026-05-04 18:07:41,182753851,2026-05-04T18:07:41+00:00,1777918061888,2026-05-04T18:07:41+00:00,1777918061888,1970-01-01T00:00:00+00:00,0,0,1,4,0,182753851,0,3,0.1,0.0,0.0,80156.27,81648.31,80172.77,0.0,BTCUSD,OV2|e5fef4|H1|B,
2026-05-04 18:07:47,182753880,2026-05-04T18:07:47+00:00,1777918067388,2026-05-04T18:07:47+00:00,1777918067388,1970-01-01T00:00:00+00:00,1,0,1,4,0,182753880,0,3,0.05,0.0,0.0,4561.44,4530.25,4558.94,0.0,XAUUSD,OV2|697361|H1|S,
2026-05-04 18:07:49,182753951,2026-05-04T18:07:49+00:00,1777918069044,2026-05-04T18:07:49+00:00,1777918069044,1970-01-01T00:00:00+00:00,1,0,1,4,0,182753851,0,4,0.1,0.0,80156.27,0.0,0.0,80156.27,0.0,BTCUSD,[sl 80156.27],
2026-05-04 18:09:04,182754848,2026-05-04T18:09:04+00:00,1777918144404,2026-05-04T18:09:04+00:00,1777918144404,1970-01-01T00:00:00+00:00,0,0,1,4,0,182754848,0,3,0.1,0.0,0.0,80123.79,81559.28,80140.29,0.0,BTCUSD,OV2|a0bd48|H1|B,
2026-05-04 18:09:07,182754863,2026-05-04T18:09:07+00:00,1777918147036,2026-05-04T18:09:07+00:00,1777918147036,1970-01-01T00:00:00+00:00,1,0,1,4,0,182754863,0,3,0.1,0.0,0.0,1.1718899999999999,1.16925,1.17123,0.0,EURUSD,OV2|6c1399|H1|S,
2026-05-04 18:09:59,182755327,2026-05-04T18:09:59+00:00,1777918199044,2026-05-04T18:09:59+00:00,1777918199044,1970-01-01T00:00:00+00:00,1,0,1,4,0,182754848,0,4,0.1,0.0,80123.79,0.0,0.0,80123.79,0.0,BTCUSD,[sl 80123.79],
2026-05-04 18:11:25,182755894,2026-05-04T18:11:25+00:00,1777918285479,2026-05-04T18:11:25+00:00,1777918285479,1970-01-01T00:00:00+00:00,1,0,1,4,0,182742150,0,4,0.1,0.0,79991.8,0.0,0.0,79991.8,0.0,BTCUSD,[sl 79991.80],
2026-05-04 18:11:35,182755962,2026-05-04T18:11:35+00:00,1777918295766,2026-05-04T18:11:35+00:00,1777918295766,1970-01-01T00:00:00+00:00,0,0,1,4,0,182755962,0,3,0.1,0.0,0.0,79956.48,81537.15,79972.97,0.0,BTCUSD,OV2|87f649|H1|B,
2026-05-04 18:11:36,182755964,2026-05-04T18:11:36+00:00,1777918296895,2026-05-04T18:11:36+00:00,1777918296896,1970-01-01T00:00:00+00:00,1,0,1,4,0,182755962,0,4,0.1,0.0,79956.48,0.0,0.0,79956.48,0.0,BTCUSD,[sl 79956.48],
2026-05-04 18:13:00,182756664,2026-05-04T18:13:00+00:00,1777918380494,2026-05-04T18:13:00+00:00,1777918380494,1970-01-01T00:00:00+00:00,0,0,1,4,0,182756664,0,3,0.1,0.0,0.0,80029.03,81603.18,80045.53,0.0,BTCUSD,OV2|ecea43|H1|B,
2026-05-04 18:13:15,182756842,2026-05-04T18:13:15+00:00,1777918395776,2026-05-04T18:13:15+00:00,1777918395776,1970-01-01T00:00:00+00:00,1,0,1,4,0,182756664,0,4,0.1,0.0,80029.03,0.0,0.0,80029.03,0.0,BTCUSD,[sl 80029.03],
2026-05-04 18:14:09,182757685,2026-05-04T18:14:09+00:00,1777918449397,2026-05-04T18:14:09+00:00,1777918449397,1970-01-01T00:00:00+00:00,0,0,1,4,0,182757685,0,3,0.1,0.0,0.0,80015.91,81599.04,80032.41,0.0,BTCUSD,OV2|108f9e|H1|B,
2026-05-04 18:14:11,182757703,2026-05-04T18:14:11+00:00,1777918451114,2026-05-04T18:14:11+00:00,1777918451114,1970-01-01T00:00:00+00:00,1,0,1,4,0,182757685,0,4,0.1,0.0,80015.91,0.0,0.0,80015.91,0.0,BTCUSD,[sl 80015.91],
2026-05-04 18:16:48,182760490,2026-05-04T18:16:48+00:00,1777918608074,2026-05-04T18:16:48+00:00,1777918608074,1970-01-01T00:00:00+00:00,0,0,1,4,0,182760490,0,3,0.1,0.0,0.0,80189.52,81800.23,80207.03,0.0,BTCUSD,OV2|2f3609|H1|B,
2026-05-04 18:16:56,182760632,2026-05-04T18:16:56+00:00,1777918616874,2026-05-04T18:16:56+00:00,1777918616874,1970-01-01T00:00:00+00:00,1,0,1,4,0,182760490,0,4,0.1,0.0,80189.52,0.0,0.0,80189.52,0.0,BTCUSD,[sl 80189.52],
2026-05-04 18:18:05,182761431,2026-05-04T18:18:05+00:00,1777918685906,2026-05-04T18:18:05+00:00,1777918685906,1970-01-01T00:00:00+00:00,0,0,1,4,0,182761431,0,3,0.1,0.0,0.0,80017.25,81570.26,80030.45,0.0,BTCUSD,OV2|4bbee8|H1|B,
2026-05-04 18:18:10,182761493,2026-05-04T18:18:10+00:00,1777918690687,2026-05-04T18:18:10+00:00,1777918690687,1970-01-01T00:00:00+00:00,1,0,1,4,0,182761431,0,4,0.1,0.0,80017.25,0.0,0.0,80017.25,0.0,BTCUSD,[sl 80017.25],
2026-05-04 18:19:20,182762758,2026-05-04T18:19:20+00:00,1777918760217,2026-05-04T18:19:20+00:00,1777918760217,1970-01-01T00:00:00+00:00,0,0,1,4,0,182762758,0,3,0.1,0.0,0.0,80006.25,81587.82,80022.75,0.0,BTCUSD,OV2|53294a|H1|B,
2026-05-04 18:19:20,182762765,2026-05-04T18:19:20+00:00,1777918760781,2026-05-04T18:19:20+00:00,1777918760781,1970-01-01T00:00:00+00:00,1,0,1,4,0,182762758,0,4,0.1,0.0,80006.25,0.0,0.0,80006.25,0.0,BTCUSD,[sl 80006.25],
2026-05-04 18:21:18,182766497,2026-05-04T18:21:18+00:00,1777918878221,2026-05-04T18:21:18+00:00,1777918878223,1970-01-01T00:00:00+00:00,0,0,1,4,0,182751992,0,5,0.05,0.0,4531.47,0.0,0.0,4531.47,0.0,XAUUSD,[tp 4531.47],
2026-05-04 18:21:19,182766622,2026-05-04T18:21:19+00:00,1777918879323,2026-05-04T18:21:19+00:00,1777918879324,1970-01-01T00:00:00+00:00,0,0,1,4,0,182753880,0,5,0.05,0.0,4530.25,0.0,0.0,4530.25,0.0,XAUUSD,[tp 4530.25],
2026-05-04 18:27:12,182775359,2026-05-04T18:27:12+00:00,1777919232539,2026-05-04T18:27:12+00:00,1777919232539,1970-01-01T00:00:00+00:00,1,0,1,4,0,182775359,0,3,0.05,0.0,0.0,4532.35,4487.47,4529.78,0.0,XAUUSD,OV2|6f44f6|H1|S,
2026-05-04 18:28:13,182776050,2026-05-04T18:28:13+00:00,1777919293810,2026-05-04T18:28:13+00:00,1777919293810,1970-01-01T00:00:00+00:00,0,0,1,4,0,182775359,0,4,0.05,0.0,4532.35,0.0,0.0,4532.35,0.0,XAUUSD,[sl 4532.35],
2026-05-04 18:28:24,182776177,2026-05-04T18:28:24+00:00,1777919304006,2026-05-04T18:28:24+00:00,1777919304006,1970-01-01T00:00:00+00:00,1,0,1,4,0,182776177,0,3,0.05,0.0,0.0,4533.72,4487.91,4531.31,0.0,XAUUSD,OV2|819c0e|H1|S,
2026-05-04 18:28:28,182776298,2026-05-04T18:28:28+00:00,1777919308111,2026-05-04T18:28:28+00:00,1777919308111,1970-01-01T00:00:00+00:00,0,0,1,4,0,182776177,0,4,0.05,0.0,4533.72,0.0,0.0,4533.72,0.0,XAUUSD,[sl 4533.72],
2026-05-04 18:29:44,182777929,2026-05-04T18:29:44+00:00,1777919384176,2026-05-04T18:29:44+00:00,1777919384176,1970-01-01T00:00:00+00:00,1,0,1,4,0,182777929,0,3,0.05,0.0,0.0,4541.69,4493.19,4539.12,0.0,XAUUSD,OV2|cb8f77|H1|S,
2026-05-04 18:32:11,182779801,2026-05-04T18:32:11+00:00,1777919531334,2026-05-04T18:32:11+00:00,1777919531334,1970-01-01T00:00:00+00:00,1,0,1,4,0,182779801,0,3,0.05,0.0,0.0,4534.76,4485.15,4532.26,0.0,XAUUSD,OV2|c8304d|H1|S,
2026-05-04 18:33:59,182780814,2026-05-04T18:33:59+00:00,1777919639341,2026-05-04T18:33:59+00:00,1777919639342,1970-01-01T00:00:00+00:00,0,0,1,4,0,182779801,0,4,0.05,0.0,4534.76,0.0,0.0,4534.76,0.0,XAUUSD,[sl 4534.76],
2026-05-04 18:34:53,182781575,2026-05-04T18:34:53+00:00,1777919693459,2026-05-04T18:34:53+00:00,1777919693459,1970-01-01T00:00:00+00:00,1,0,1,4,0,182781575,0,3,0.05,0.0,0.0,4538.24,4485.44,4535.74,0.0,XAUUSD,OV2|425cda|H1|S,
2026-05-04 18:36:46,182782877,2026-05-04T18:36:46+00:00,1777919806996,2026-05-04T18:36:46+00:00,1777919806997,1970-01-01T00:00:00+00:00,0,0,1,4,0,182781575,0,4,0.05,0.0,4538.24,0.0,0.0,4538.24,0.0,XAUUSD,[sl 4538.24],
2026-05-04 18:37:22,182783201,2026-05-04T18:37:22+00:00,1777919842493,2026-05-04T18:37:22+00:00,1777919842493,1970-01-01T00:00:00+00:00,1,0,1,4,0,182783201,0,3,0.05,0.0,0.0,4539.23,4486.0,4536.73,0.0,XAUUSD,OV2|258cb0|H1|S,
2026-05-04 18:38:05,182783625,2026-05-04T18:38:05+00:00,1777919885464,2026-05-04T18:38:05+00:00,1777919885465,1970-01-01T00:00:00+00:00,0,0,1,4,0,182783201,0,4,0.05,0.0,4539.23,0.0,0.0,4539.23,0.0,XAUUSD,[sl 4539.23],
2026-05-04 18:38:06,182783743,2026-05-04T18:38:06+00:00,1777919886105,2026-05-04T18:38:06+00:00,1777919886105,1970-01-01T00:00:00+00:00,0,0,1,4,0,182777929,0,4,0.05,0.0,4541.69,0.0,0.0,4541.69,0.0,XAUUSD,[sl 4541.69],
2026-05-04 18:38:50,182784738,2026-05-04T18:38:50+00:00,1777919930491,2026-05-04T18:38:50+00:00,1777919930492,1970-01-01T00:00:00+00:00,1,0,1,4,0,182784738,0,3,0.05,0.0,0.0,4540.33,4485.64,4537.83,0.0,XAUUSD,OV2|20d42d|H1|S,
2026-05-04 18:39:57,182785284,2026-05-04T18:39:57+00:00,1777919997114,2026-05-04T18:39:57+00:00,1777919997114,1970-01-01T00:00:00+00:00,1,0,1,4,0,182785284,0,3,0.05,0.0,0.0,4537.35,4484.25,4534.92,0.0,XAUUSD,OV2|9926c4|H1|S,
2026-05-04 18:41:17,182786005,2026-05-04T18:41:17+00:00,1777920077982,2026-05-04T18:41:17+00:00,1777920077982,1970-01-01T00:00:00+00:00,0,0,1,4,0,182785284,0,4,0.05,0.0,4537.35,0.0,0.0,4537.35,0.0,XAUUSD,[sl 4537.35],
2026-05-04 18:41:19,182786037,2026-05-04T18:41:19+00:00,1777920079631,2026-05-04T18:41:19+00:00,1777920079631,1970-01-01T00:00:00+00:00,1,0,1,4,0,182786037,0,3,0.05,0.0,0.0,4539.61,4485.8,4537.11,0.0,XAUUSD,OV2|ab6bf2|H1|S,
2026-05-04 18:46:31,182788018,2026-05-04T18:46:31+00:00,1777920391676,2026-05-04T18:46:31+00:00,1777920391676,1970-01-01T00:00:00+00:00,0,0,1,4,0,182788018,0,3,0.1,0.0,0.0,79837.64,81588.42,79854.14,0.0,BTCUSD,OV2|5a8a3d|H1|B,
2026-05-04 18:47:17,182788375,2026-05-04T18:47:17+00:00,1777920437828,2026-05-04T18:47:17+00:00,1777920437828,1970-01-01T00:00:00+00:00,1,0,1,4,0,182788018,0,4,0.1,0.0,79837.64,0.0,0.0,79837.64,0.0,BTCUSD,[sl 79837.64],
2026-05-04 18:47:51,182788635,2026-05-04T18:47:51+00:00,1777920471636,2026-05-04T18:47:51+00:00,1777920471637,1970-01-01T00:00:00+00:00,0,0,1,4,0,182788635,0,3,0.1,0.0,0.0,79797.88,81550.66,79816.38,0.0,BTCUSD,OV2|e9fab7|H1|B,
2026-05-04 18:47:55,182788723,2026-05-04T18:47:55+00:00,1777920475539,2026-05-04T18:47:55+00:00,1777920475539,1970-01-01T00:00:00+00:00,1,0,1,4,0,182788635,0,4,0.1,0.0,79797.88,0.0,0.0,79797.88,0.0,BTCUSD,[sl 79797.88],
2026-05-04 18:49:00,182789183,2026-05-04T18:49:00+00:00,1777920540709,2026-05-04T18:49:00+00:00,1777920540709,1970-01-01T00:00:00+00:00,0,0,1,4,0,182789183,0,3,0.1,0.0,0.0,79788.02,81506.49,79804.52,0.0,BTCUSD,OV2|a4c4cd|H1|B,
2026-05-04 18:49:22,182789351,2026-05-04T18:49:22+00:00,1777920562522,2026-05-04T18:49:22+00:00,1777920562522,1970-01-01T00:00:00+00:00,1,0,1,4,0,182789183,0,4,0.1,0.0,79788.02,0.0,0.0,79788.02,0.0,BTCUSD,[sl 79788.02],
2026-05-04 18:51:32,182791874,2026-05-04T18:51:32+00:00,1777920692602,2026-05-04T18:51:32+00:00,1777920692603,1970-01-01T00:00:00+00:00,0,0,1,4,0,182791874,0,3,0.1,0.0,0.0,79631.89,81267.56,79650.39,0.0,BTCUSD,OV2|77541a|H1|B,
2026-05-04 18:51:32,182791884,2026-05-04T18:51:32+00:00,1777920692937,2026-05-04T18:51:32+00:00,1777920692938,1970-01-01T00:00:00+00:00,1,0,1,4,0,182791874,0,4,0.1,0.0,79631.89,0.0,0.0,79631.89,0.0,BTCUSD,[sl 79631.89],
2026-05-04 18:51:43,182792124,2026-05-04T18:51:43+00:00,1777920703667,2026-05-04T18:51:43+00:00,1777920703668,1970-01-01T00:00:00+00:00,0,0,1,4,0,182792124,0,3,0.1,0.0,0.0,157.205,157.507,157.279,0.0,USDJPY,OV2|e64911|H1|B,
2026-05-04 18:52:33,182792802,2026-05-04T18:52:33+00:00,1777920753078,2026-05-04T18:52:33+00:00,1777920753078,1970-01-01T00:00:00+00:00,1,0,1,4,0,182792124,0,4,0.1,0.0,157.205,0.0,0.0,157.205,0.0,USDJPY,[sl 157.205],
2026-05-04 18:53:00,182793802,2026-05-04T18:53:00+00:00,1777920780625,2026-05-04T18:53:00+00:00,1777920780626,1970-01-01T00:00:00+00:00,0,0,1,4,0,182793802,0,3,0.1,0.0,0.0,79679.76,81387.96,79696.26,0.0,BTCUSD,OV2|6172d8|H1|B,
2026-05-04 18:54:10,182794983,2026-05-04T18:54:10+00:00,1777920850159,2026-05-04T18:54:10+00:00,1777920850160,1970-01-01T00:00:00+00:00,0,0,1,4,0,182794983,0,3,0.1,0.0,0.0,157.119,157.442,157.191,0.0,USDJPY,OV2|753341|H1|B,
2026-05-04 18:54:15,182795040,2026-05-04T18:54:15+00:00,1777920855459,2026-05-04T18:54:15+00:00,1777920855459,1970-01-01T00:00:00+00:00,0,0,1,4,0,182795040,0,3,0.1,0.0,0.0,79841.77,81514.97,79866.32,0.0,BTCUSD,OV2|01f81d|H1|B,
2026-05-04 18:56:52,182796067,2026-05-04T18:56:52+00:00,1777921012163,2026-05-04T18:56:52+00:00,1777921012163,1970-01-01T00:00:00+00:00,0,0,1,4,0,182796067,0,3,0.1,0.0,0.0,157.137,157.467,157.21,0.0,USDJPY,OV2|caad74|H1|B,
2026-05-04 19:00:42,182798052,2026-05-04T19:00:42+00:00,1777921242434,2026-05-04T19:00:42+00:00,1777921242435,1970-01-01T00:00:00+00:00,1,0,1,4,0,182796067,0,4,0.1,0.0,157.137,0.0,0.0,157.137,0.0,USDJPY,[sl 157.137],
2026-05-04 19:01:52,182798814,2026-05-04T19:01:52+00:00,1777921312121,2026-05-04T19:01:52+00:00,1777921312121,1970-01-01T00:00:00+00:00,0,0,1,4,0,182798814,0,3,0.1,0.0,0.0,157.146,157.461,157.218,0.0,USDJPY,OV2|14ceab|H1|B,
2026-05-04 19:07:52,182801487,2026-05-04T19:07:52+00:00,1777921672423,2026-05-04T19:07:52+00:00,1777921672423,1970-01-01T00:00:00+00:00,1,0,1,4,0,182795040,0,4,0.1,0.0,79841.77,0.0,0.0,79841.77,0.0,BTCUSD,[sl 79841.77],
2026-05-04 19:07:54,182801780,2026-05-04T19:07:54+00:00,1777921674713,2026-05-04T19:07:54+00:00,1777921674713,1970-01-01T00:00:00+00:00,0,0,1,4,0,182754863,0,5,0.1,0.0,1.16925,0.0,0.0,1.16925,0.0,EURUSD,[tp 1.16925],
2026-05-04 19:07:54,182801815,2026-05-04T19:07:54+00:00,1777921674875,2026-05-04T19:07:54+00:00,1777921674875,1970-01-01T00:00:00+00:00,0,0,1,4,0,182753401,0,5,0.1,0.0,1.1691799999999999,0.0,0.0,1.1691799999999999,0.0,EURUSD,[tp 1.16918],
2026-05-04 19:08:00,182803001,2026-05-04T19:08:00+00:00,1777921680756,2026-05-04T19:08:00+00:00,1777921680756,1970-01-01T00:00:00+00:00,1,0,1,4,0,182793802,0,4,0.1,0.0,79679.76,0.0,0.0,79679.76,0.0,BTCUSD,[sl 79679.76],
2026-05-04 19:08:16,182804090,2026-05-04T19:08:16+00:00,1777921696505,2026-05-04T19:08:16+00:00,1777921696505,1970-01-01T00:00:00+00:00,0,0,1,4,0,182804090,0,3,0.1,0.0,0.0,79765.86,81213.47,79779.11,0.0,BTCUSD,OV2|95867c|H1|B,
2026-05-04 19:08:17,182804114,2026-05-04T19:08:17+00:00,1777921697464,2026-05-04T19:08:17+00:00,1777921697464,1970-01-01T00:00:00+00:00,1,0,1,4,0,182804090,0,4,0.1,0.0,79765.86,0.0,0.0,79765.86,0.0,BTCUSD,[sl 79765.86],
2026-05-04 19:08:21,182804240,2026-05-04T19:08:21+00:00,1777921701976,2026-05-04T19:08:21+00:00,1777921701976,1970-01-01T00:00:00+00:00,1,0,1,4,0,182804240,0,3,0.06,0.0,0.0,1.35275,1.34954,1.35195,0.0,GBPUSD,OV2|0ca42a|H1|S,
2026-05-04 19:09:37,182805851,2026-05-04T19:09:37+00:00,1777921777043,2026-05-04T19:09:37+00:00,1777921777043,1970-01-01T00:00:00+00:00,0,0,1,4,0,182805851,0,3,0.1,0.0,0.0,79730.86,81162.16,79747.36,0.0,BTCUSD,OV2|55469b|H1|B,
2026-05-04 19:09:39,182805888,2026-05-04T19:09:39+00:00,1777921779785,2026-05-04T19:09:39+00:00,1777921779785,1970-01-01T00:00:00+00:00,1,0,1,4,0,182805888,0,3,0.08,0.0,0.0,1.35246,1.34935,1.3517000000000001,0.0,GBPUSD,OV2|44b286|H1|S,
2026-05-04 19:10:19,182806497,2026-05-04T19:10:19+00:00,1777921819350,2026-05-04T19:10:19+00:00,1777921819350,1970-01-01T00:00:00+00:00,1,0,1,4,0,182805851,0,4,0.1,0.0,79730.86,0.0,0.0,79730.86,0.0,BTCUSD,[sl 79730.86],
2026-05-04 19:10:59,182807615,2026-05-04T19:10:59+00:00,1777921859455,2026-05-04T19:10:59+00:00,1777921859455,1970-01-01T00:00:00+00:00,0,0,1,4,0,182807615,0,3,0.1,0.0,0.0,79709.14,81153.2,79725.64,0.0,BTCUSD,OV2|ecb7de|H1|B,
2026-05-04 19:11:17,182807966,2026-05-04T19:11:17+00:00,1777921877513,2026-05-04T19:11:17+00:00,1777921877513,1970-01-01T00:00:00+00:00,1,0,1,4,0,182807615,0,4,0.1,0.0,79709.14,0.0,0.0,79709.14,0.0,BTCUSD,[sl 79709.14],
2026-05-04 19:12:11,182808885,2026-05-04T19:12:11+00:00,1777921931289,2026-05-04T19:12:11+00:00,1777921931289,1970-01-01T00:00:00+00:00,0,0,1,4,0,182808885,0,3,0.1,0.0,0.0,79786.02,81111.69,79802.52,0.0,BTCUSD,OV2|7fe416|H1|B,
2026-05-04 19:12:25,182809156,2026-05-04T19:12:25+00:00,1777921945959,2026-05-04T19:12:25+00:00,1777921945959,1970-01-01T00:00:00+00:00,1,0,1,4,0,182808885,0,4,0.1,0.0,79786.02,0.0,0.0,79786.02,0.0,BTCUSD,[sl 79786.02],
2026-05-04 19:13:30,182809855,2026-05-04T19:13:30+00:00,1777922010740,2026-05-04T19:13:30+00:00,1777922010740,1970-01-01T00:00:00+00:00,0,0,1,4,0,182809855,0,3,0.1,0.0,0.0,79721.25,81078.88,79737.54,0.0,BTCUSD,OV2|787a5e|H1|B,
2026-05-04 19:13:34,182809896,2026-05-04T19:13:34+00:00,1777922014693,2026-05-04T19:13:34+00:00,1777922014693,1970-01-01T00:00:00+00:00,1,0,1,4,0,182809855,0,4,0.1,0.0,79721.25,0.0,0.0,79721.25,0.0,BTCUSD,[sl 79721.25],
2026-05-04 19:14:45,182810490,2026-05-04T19:14:45+00:00,1777922085187,2026-05-04T19:14:45+00:00,1777922085187,1970-01-01T00:00:00+00:00,0,0,1,4,0,182810490,0,3,0.1,0.0,0.0,79711.85,81093.69,79728.35,0.0,BTCUSD,OV2|f612ff|H1|B,
2026-05-04 19:14:45,182810493,2026-05-04T19:14:45+00:00,1777922085760,2026-05-04T19:14:45+00:00,1777922085760,1970-01-01T00:00:00+00:00,1,0,1,4,0,182810490,0,4,0.1,0.0,79711.85,0.0,0.0,79711.85,0.0,BTCUSD,[sl 79711.85],
2026-05-04 19:18:44,182813075,2026-05-04T19:18:44+00:00,1777922324460,2026-05-04T19:18:44+00:00,1777922324460,1970-01-01T00:00:00+00:00,0,0,1,4,0,182813075,0,3,0.1,0.0,0.0,79952.2,81294.81,79970.95,0.0,BTCUSD,OV2|b95a62|H1|B,
2026-05-04 19:18:45,182813080,2026-05-04T19:18:45+00:00,1777922325051,2026-05-04T19:18:45+00:00,1777922325051,1970-01-01T00:00:00+00:00,0,0,1,4,0,182805888,0,4,0.08,0.0,1.35246,0.0,0.0,1.35246,0.0,GBPUSD,[sl 1.35246],
2026-05-04 19:19:06,182813752,2026-05-04T19:19:06+00:00,1777922346861,2026-05-04T19:19:06+00:00,1777922346861,1970-01-01T00:00:00+00:00,0,0,1,4,0,182804240,0,4,0.06,0.0,1.35275,0.0,0.0,1.35275,0.0,GBPUSD,[sl 1.35275],
2026-05-04 19:19:50,182814641,2026-05-04T19:19:50+00:00,1777922390590,2026-05-04T19:19:50+00:00,1777922390590,1970-01-01T00:00:00+00:00,0,0,1,4,0,182814641,0,3,0.1,0.0,0.0,80133.48,81573.62,80149.98,0.0,BTCUSD,OV2|ce80fb|H1|B,
2026-05-04 19:19:55,182814755,2026-05-04T19:19:55+00:00,1777922395101,2026-05-04T19:19:55+00:00,1777922395102,1970-01-01T00:00:00+00:00,1,0,1,4,0,182814641,0,4,0.1,0.0,80133.48,0.0,0.0,80133.48,0.0,BTCUSD,[sl 80133.48],
2026-05-04 19:19:58,182814857,2026-05-04T19:19:58+00:00,1777922398932,2026-05-04T19:19:58+00:00,1777922398932,1970-01-01T00:00:00+00:00,1,0,1,4,0,182814857,0,3,0.1,0.0,0.0,1.1698,1.16708,1.16913,0.0,EURUSD,OV2|6f53cc|H1|S,
2026-05-04 19:21:10,182815567,2026-05-04T19:21:10+00:00,1777922470595,2026-05-04T19:21:10+00:00,1777922470595,1970-01-01T00:00:00+00:00,0,0,1,4,0,182815567,0,3,0.1,0.0,0.0,80244.77,81680.76,80261.27,0.0,BTCUSD,OV2|aa9903|H1|B,
2026-05-04 19:21:10,182815570,2026-05-04T19:21:10+00:00,1777922470866,2026-05-04T19:21:10+00:00,1777922470866,1970-01-01T00:00:00+00:00,1,0,1,4,0,182815567,0,4,0.1,0.0,80244.77,0.0,0.0,80244.77,0.0,BTCUSD,[sl 80244.77],
2026-05-04 19:22:24,182816267,2026-05-04T19:22:24+00:00,1777922544673,2026-05-04T19:22:24+00:00,1777922544674,1970-01-01T00:00:00+00:00,1,0,1,4,0,182816267,0,3,0.1,0.0,0.0,1.17014,1.1675,1.16948,0.0,EURUSD,OV2|1770bb|H1|S,
2026-05-04 19:22:30,182816282,2026-05-04T19:22:30+00:00,1777922550188,2026-05-04T19:22:30+00:00,1777922550188,1970-01-01T00:00:00+00:00,0,0,1,4,0,182816282,0,3,0.1,0.0,0.0,80265.7,81736.39,80282.2,0.0,BTCUSD,OV2|b7f021|H1|B,
2026-05-04 19:24:27,182816874,2026-05-04T19:24:27+00:00,1777922667230,2026-05-04T19:24:27+00:00,1777922667230,1970-01-01T00:00:00+00:00,1,0,1,4,0,182816282,0,4,0.1,0.0,80265.7,0.0,0.0,80265.7,0.0,BTCUSD,[sl 80265.70],
2026-05-04 19:24:58,182817042,2026-05-04T19:24:58+00:00,1777922698681,2026-05-04T19:24:58+00:00,1777922698681,1970-01-01T00:00:00+00:00,0,0,1,4,0,182817042,0,3,0.1,0.0,0.0,80238.91,81688.27,80255.41,0.0,BTCUSD,OV2|9de6b9|H1|B,
2026-05-04 19:25:56,182817255,2026-05-04T19:25:56+00:00,1777922756605,2026-05-04T19:25:56+00:00,1777922756605,1970-01-01T00:00:00+00:00,1,0,1,4,0,182817042,0,4,0.1,0.0,80238.91,0.0,0.0,80238.91,0.0,BTCUSD,[sl 80238.91],
2026-05-04 19:26:15,182817358,2026-05-04T19:26:15+00:00,1777922775672,2026-05-04T19:26:15+00:00,1777922775672,1970-01-01T00:00:00+00:00,0,0,1,4,0,182817358,0,3,0.1,0.0,0.0,80262.98,81719.71,80281.48,0.0,BTCUSD,OV2|29be3f|H1|B,
2026-05-04 19:26:35,182817399,2026-05-04T19:26:35+00:00,1777922795318,2026-05-04T19:26:35+00:00,1777922795319,1970-01-01T00:00:00+00:00,1,0,1,4,0,182817358,0,4,0.1,0.0,80262.98,0.0,0.0,80262.98,0.0,BTCUSD,[sl 80262.98],
2026-05-04 19:27:32,182818041,2026-05-04T19:27:32+00:00,1777922852678,2026-05-04T19:27:32+00:00,1777922852678,1970-01-01T00:00:00+00:00,0,0,1,4,0,182818041,0,3,0.1,0.0,0.0,80187.23,81597.91,80203.73,0.0,BTCUSD,OV2|b41fbc|H1|B,
2026-05-04 19:27:41,182818305,2026-05-04T19:27:41+00:00,1777922861016,2026-05-04T19:27:41+00:00,1777922861016,1970-01-01T00:00:00+00:00,1,0,1,4,0,182818041,0,4,0.1,0.0,80187.23,0.0,0.0,80187.23,0.0,BTCUSD,[sl 80187.23],
2026-05-04 19:28:57,182818935,2026-05-04T19:28:57+00:00,1777922937766,2026-05-04T19:28:57+00:00,1777922937766,1970-01-01T00:00:00+00:00,0,0,1,4,0,182818935,0,3,0.1,0.0,0.0,80212.82,81638.57,80229.32,0.0,BTCUSD,OV2|e04349|H1|B,
2026-05-04 19:29:00,182818978,2026-05-04T19:29:00+00:00,1777922940814,2026-05-04T19:29:00+00:00,1777922940814,1970-01-01T00:00:00+00:00,1,0,1,4,0,182818935,0,4,0.1,0.0,80212.82,0.0,0.0,80212.82,0.0,BTCUSD,[sl 80212.82],
2026-05-04 19:31:26,182819811,2026-05-04T19:31:26+00:00,1777923086530,2026-05-04T19:31:26+00:00,1777923086530,1970-01-01T00:00:00+00:00,0,0,1,4,0,182819811,0,3,0.1,0.0,0.0,80250.13,81708.86,80266.63,0.0,BTCUSD,OV2|a4525b|H1|B,
2026-05-04 19:31:29,182819828,2026-05-04T19:31:29+00:00,1777923089536,2026-05-04T19:31:29+00:00,1777923089536,1970-01-01T00:00:00+00:00,1,0,1,4,0,182819811,0,4,0.1,0.0,80250.13,0.0,0.0,80250.13,0.0,BTCUSD,[sl 80250.13],
2026-05-04 19:32:46,182820049,2026-05-04T19:32:46+00:00,1777923166083,2026-05-04T19:32:46+00:00,1777923166083,1970-01-01T00:00:00+00:00,0,0,1,4,0,182820049,0,3,0.1,0.0,0.0,80225.35,81684.08,80241.85,0.0,BTCUSD,OV2|2a5f50|H1|B,
2026-05-04 19:32:47,182820053,2026-05-04T19:32:47+00:00,1777923167418,2026-05-04T19:32:47+00:00,1777923167419,1970-01-01T00:00:00+00:00,1,0,1,4,0,182820049,0,4,0.1,0.0,80225.35,0.0,0.0,80225.35,0.0,BTCUSD,[sl 80225.35],
2026-05-04 19:34:00,182820329,2026-05-04T19:34:00+00:00,1777923240671,2026-05-04T19:34:00+00:00,1777923240671,1970-01-01T00:00:00+00:00,0,0,1,4,0,182820329,0,3,0.1,0.0,0.0,80219.1,81551.29,80235.6,0.0,BTCUSD,OV2|d1cf61|H1|B,
2026-05-04 19:49:15,182825071,2026-05-04T19:49:15+00:00,1777924155383,2026-05-04T19:49:15+00:00,1777924155384,1970-01-01T00:00:00+00:00,1,0,1,4,0,182820329,0,4,0.1,0.0,80219.1,0.0,0.0,80219.1,0.0,BTCUSD,[sl 80219.10],
2026-05-04 19:49:23,182825108,2026-05-04T19:49:23+00:00,1777924163321,2026-05-04T19:49:23+00:00,1777924163321,1970-01-01T00:00:00+00:00,0,0,1,4,0,182825108,0,3,0.1,0.0,0.0,80184.06,81273.63,80200.56,0.0,BTCUSD,OV2|3b0f43|H1|B,
2026-05-04 19:51:07,182825527,2026-05-04T19:51:07+00:00,1777924267217,2026-05-04T19:51:07+00:00,1777924267217,1970-01-01T00:00:00+00:00,1,0,1,4,0,182825108,0,4,0.1,0.0,80184.06,0.0,0.0,80184.06,0.0,BTCUSD,[sl 80184.06],
2026-05-04 19:51:59,182825850,2026-05-04T19:51:59+00:00,1777924319798,2026-05-04T19:51:59+00:00,1777924319798,1970-01-01T00:00:00+00:00,0,0,1,4,0,182825850,0,3,0.1,0.0,0.0,80181.78,81260.31,80198.28,0.0,BTCUSD,OV2|929c59|H1|B,
2026-05-04 19:52:05,182825904,2026-05-04T19:52:05+00:00,1777924325710,2026-05-04T19:52:05+00:00,1777924325710,1970-01-01T00:00:00+00:00,1,0,1,4,0,182825850,0,4,0.1,0.0,80181.78,0.0,0.0,80181.78,0.0,BTCUSD,[sl 80181.78],
2026-05-04 19:53:11,182826203,2026-05-04T19:53:11+00:00,1777924391531,2026-05-04T19:53:11+00:00,1777924391532,1970-01-01T00:00:00+00:00,0,0,1,4,0,182826203,0,3,0.1,0.0,0.0,80143.76,81226.14,80160.26,0.0,BTCUSD,OV2|760fe5|H1|B,
2026-05-04 19:53:12,182826206,2026-05-04T19:53:12+00:00,1777924392083,2026-05-04T19:53:12+00:00,1777924392083,1970-01-01T00:00:00+00:00,1,0,1,4,0,182826203,0,4,0.1,0.0,80143.76,0.0,0.0,80143.76,0.0,BTCUSD,[sl 80143.76],
2026-05-04 19:54:36,182826630,2026-05-04T19:54:36+00:00,1777924476519,2026-05-04T19:54:36+00:00,1777924476519,1970-01-01T00:00:00+00:00,0,0,1,4,0,182826630,0,3,0.1,0.0,0.0,80084.45,81114.77,80100.95,0.0,BTCUSD,OV2|a82f34|H1|B,
2026-05-04 19:54:40,182826637,2026-05-04T19:54:40+00:00,1777924480368,2026-05-04T19:54:40+00:00,1777924480368,1970-01-01T00:00:00+00:00,1,0,1,4,0,182826630,0,4,0.1,0.0,80084.45,0.0,0.0,80084.45,0.0,BTCUSD,[sl 80084.45],
2026-05-04 20:08:46,182831913,2026-05-04T20:08:46+00:00,1777925326286,2026-05-04T20:08:46+00:00,1777925326287,1970-01-01T00:00:00+00:00,0,0,1,4,0,182831913,0,3,0.1,0.0,0.0,80295.54,81070.17,80312.04,0.0,BTCUSD,OV2|52caa9|H1|B,
2026-05-04 20:08:49,182831929,2026-05-04T20:08:49+00:00,1777925329282,2026-05-04T20:08:49+00:00,1777925329282,1970-01-01T00:00:00+00:00,1,0,1,4,0,182831913,0,4,0.1,0.0,80295.54,0.0,0.0,80295.54,0.0,BTCUSD,[sl 80295.54],
2026-05-04 20:09:57,182832138,2026-05-04T20:09:57+00:00,1777925397581,2026-05-04T20:09:57+00:00,1777925397581,1970-01-01T00:00:00+00:00,0,0,1,4,0,182832138,0,3,0.1,0.0,0.0,80324.31,81097.38,80340.81,0.0,BTCUSD,OV2|4eeda7|H1|B,
2026-05-04 20:12:13,182832609,2026-05-04T20:12:13+00:00,1777925533660,2026-05-04T20:12:13+00:00,1777925533660,1970-01-01T00:00:00+00:00,1,0,1,4,0,182832138,0,4,0.1,0.0,80324.31,0.0,0.0,80324.31,0.0,BTCUSD,[sl 80324.31],
2026-05-04 20:12:29,182832654,2026-05-04T20:12:29+00:00,1777925549181,2026-05-04T20:12:29+00:00,1777925549182,1970-01-01T00:00:00+00:00,0,0,1,4,0,182832654,0,3,0.1,0.0,0.0,80303.04,81091.75,80319.54,0.0,BTCUSD,OV2|8da010|H1|B,
2026-05-04 20:17:33,182834251,2026-05-04T20:17:33+00:00,1777925853998,2026-05-04T20:17:33+00:00,1777925853998,1970-01-01T00:00:00+00:00,0,0,1,4,0,182834251,0,3,0.1,0.0,0.0,1.35325,1.35605,1.35395,0.0,GBPUSD,OV2|46696e|H1|B,
2026-05-04 20:22:49,182835969,2026-05-04T20:22:49+00:00,1777926169376,2026-05-04T20:22:49+00:00,1777926169376,1970-01-01T00:00:00+00:00,0,0,1,4,0,182835969,0,3,0.1,0.0,0.0,1.35314,1.35602,1.35386,0.0,GBPUSD,OV2|05f51a|H1|B,
2026-05-04 20:35:17,182838525,2026-05-04T20:35:17+00:00,1777926917454,2026-05-04T20:35:17+00:00,1777926917454,1970-01-01T00:00:00+00:00,1,0,1,4,0,182832654,0,4,0.1,0.0,80303.04,0.0,0.0,80303.04,0.0,BTCUSD,[sl 80303.04],
2026-05-04 20:36:25,182838873,2026-05-04T20:36:25+00:00,1777926985126,2026-05-04T20:36:25+00:00,1777926985126,1970-01-01T00:00:00+00:00,1,0,1,4,0,182834251,0,4,0.1,0.0,1.35325,0.0,0.0,1.35325,0.0,GBPUSD,[sl 1.35325],
2026-05-04 20:36:46,182838957,2026-05-04T20:36:46+00:00,1777927006852,2026-05-04T20:36:46+00:00,1777927006852,1970-01-01T00:00:00+00:00,0,0,1,4,0,182838957,0,3,0.1,0.0,0.0,1.35281,1.35553,1.35349,0.0,GBPUSD,OV2|214ea7|H1|B,
2026-05-04 20:36:49,182838960,2026-05-04T20:36:49+00:00,1777927009587,2026-05-04T20:36:49+00:00,1777927009587,1970-01-01T00:00:00+00:00,0,0,1,4,0,182838960,0,3,0.1,0.0,0.0,80331.99,81082.81,80348.49,0.0,BTCUSD,OV2|04bcf1|H1|B,
2026-05-04 20:37:24,182839025,2026-05-04T20:37:24+00:00,1777927044071,2026-05-04T20:37:24+00:00,1777927044071,1970-01-01T00:00:00+00:00,1,0,1,4,0,182838960,0,4,0.1,0.0,80331.99,0.0,0.0,80331.99,0.0,BTCUSD,[sl 80331.99],
2026-05-04 20:37:26,182839037,2026-05-04T20:37:26+00:00,1777927046120,2026-05-04T20:37:26+00:00,1777927046120,1970-01-01T00:00:00+00:00,1,0,1,4,0,182835969,0,4,0.1,0.0,1.35314,0.0,0.0,1.35314,0.0,GBPUSD,[sl 1.35314],
2026-05-04 20:38:07,182839122,2026-05-04T20:38:07+00:00,1777927087091,2026-05-04T20:38:07+00:00,1777927087091,1970-01-01T00:00:00+00:00,0,0,1,4,0,182839122,0,3,0.1,0.0,0.0,1.35256,1.35544,1.35327,0.0,GBPUSD,OV2|fdc910|H1|B,
2026-05-04 20:38:15,182839129,2026-05-04T20:38:15+00:00,1777927095097,2026-05-04T20:38:15+00:00,1777927095097,1970-01-01T00:00:00+00:00,0,0,1,4,0,182839129,0,3,0.1,0.0,0.0,80338.02,81100.82,80354.52,0.0,BTCUSD,OV2|e553fc|H1|B,
2026-05-04 20:38:58,182839188,2026-05-04T20:38:58+00:00,1777927138566,2026-05-04T20:38:58+00:00,1777927138566,1970-01-01T00:00:00+00:00,1,0,1,4,0,182839129,0,4,0.1,0.0,80338.02,0.0,0.0,80338.02,0.0,BTCUSD,[sl 80338.02],
2026-05-04 20:39:32,182839291,2026-05-04T20:39:32+00:00,1777927172322,2026-05-04T20:39:32+00:00,1777927172323,1970-01-01T00:00:00+00:00,0,0,1,4,0,182839291,0,3,0.1,0.0,0.0,80351.14,81081.13,80364.63,0.0,BTCUSD,OV2|5025d8|H1|B,
2026-05-04 20:39:41,182839321,2026-05-04T20:39:41+00:00,1777927181167,2026-05-04T20:39:41+00:00,1777927181168,1970-01-01T00:00:00+00:00,1,0,1,4,0,182839291,0,4,0.1,0.0,80351.14,0.0,0.0,80351.14,0.0,BTCUSD,[sl 80351.14],
2026-05-04 20:44:33,182839925,2026-05-04T20:44:33+00:00,1777927473508,2026-05-04T20:44:33+00:00,1777927473508,1970-01-01T00:00:00+00:00,0,0,1,4,0,182839925,0,3,0.1,0.0,0.0,80275.72,81004.51,80292.22,0.0,BTCUSD,OV2|4ea885|H1|B,
2026-05-04 20:44:54,182839982,2026-05-04T20:44:54+00:00,1777927494630,2026-05-04T20:44:54+00:00,1777927494630,1970-01-01T00:00:00+00:00,1,0,1,4,0,182839925,0,4,0.1,0.0,80275.72,0.0,0.0,80275.72,0.0,BTCUSD,[sl 80275.72],
2026-05-04 20:51:07,182840876,2026-05-04T20:51:07+00:00,1777927867611,2026-05-04T20:51:07+00:00,1777927867611,1970-01-01T00:00:00+00:00,0,0,1,4,0,182840876,0,3,0.1,0.0,0.0,80462.58,81162.71,80479.08,0.0,BTCUSD,OV2|6704b6|H1|B,
2026-05-04 20:54:52,182841812,2026-05-04T20:54:52+00:00,1777928092218,2026-05-04T20:54:52+00:00,1777928092218,1970-01-01T00:00:00+00:00,1,0,1,4,0,182840876,0,4,0.1,0.0,80462.58,0.0,0.0,80462.58,0.0,BTCUSD,[sl 80462.58],
2026-05-04 20:56:09,182842355,2026-05-04T20:56:09+00:00,1777928169573,2026-05-04T20:56:09+00:00,1777928169573,1970-01-01T00:00:00+00:00,0,0,1,4,0,182842355,0,3,0.1,0.0,0.0,80456.32,81382.3,80472.82,0.0,BTCUSD,OV2|2f5d15|H1|B,
2026-05-04 20:56:10,182842356,2026-05-04T20:56:10+00:00,1777928170169,2026-05-04T20:56:10+00:00,1777928170169,1970-01-01T00:00:00+00:00,1,0,1,4,0,182842355,0,4,0.1,0.0,80456.32,0.0,0.0,80456.32,0.0,BTCUSD,[sl 80456.32],
2026-05-04 20:57:26,182842615,2026-05-04T20:57:26+00:00,1777928246148,2026-05-04T20:57:26+00:00,1777928246148,1970-01-01T00:00:00+00:00,0,0,1,4,0,182842615,0,3,0.1,0.0,0.0,80484.97,81359.15,80501.47,0.0,BTCUSD,OV2|9c4609|H1|B,
2026-05-04 20:58:45,182842950,2026-05-04T20:58:45+00:00,1777928325182,2026-05-04T20:58:45+00:00,1777928325182,1970-01-01T00:00:00+00:00,1,0,1,4,0,182842615,0,4,0.1,0.0,80484.97,0.0,0.0,80484.97,0.0,BTCUSD,[sl 80484.97],
2026-05-04 20:58:48,182842955,2026-05-04T20:58:48+00:00,1777928328713,2026-05-04T20:58:48+00:00,1777928328713,1970-01-01T00:00:00+00:00,0,0,1,4,0,182842955,0,3,0.1,0.0,0.0,80469.56,81348.31,80486.06,0.0,BTCUSD,OV2|3aff79|H1|B,
2026-05-04 20:59:01,182842985,2026-05-04T20:59:01+00:00,1777928341020,2026-05-04T20:59:01+00:00,1777928341021,1970-01-01T00:00:00+00:00,1,0,1,4,0,182842955,0,4,0.1,0.0,80469.56,0.0,0.0,80469.56,0.0,BTCUSD,[sl 80469.56],
2026-05-04 20:59:54,182843437,2026-05-04T20:59:54+00:00,1777928394878,2026-05-04T20:59:54+00:00,1777928394878,1970-01-01T00:00:00+00:00,0,0,1,4,0,182843437,0,3,0.1,0.0,0.0,80372.92,81300.97,80392.68,0.0,BTCUSD,OV2|370389|H1|B,
2026-05-04 21:00:28,182843822,2026-05-04T21:00:28+00:00,1777928428460,2026-05-04T21:00:28+00:00,1777928428460,1970-01-01T00:00:00+00:00,1,0,1,4,0,182843437,0,4,0.1,0.0,80372.92,0.0,0.0,80372.92,0.0,BTCUSD,[sl 80372.92],
2026-05-04 21:01:22,182844046,2026-05-04T21:01:22+00:00,1777928482016,2026-05-04T21:01:22+00:00,1777928482016,1970-01-01T00:00:00+00:00,0,0,1,4,0,182844046,0,3,0.1,0.0,0.0,80289.89,81243.52,80306.39,0.0,BTCUSD,OV2|31a591|H1|B,
2026-05-04 21:15:26,182847466,2026-05-04T21:15:26+00:00,1777929326841,2026-05-04T21:15:26+00:00,1777929326841,1970-01-01T00:00:00+00:00,1,0,1,4,0,182844046,0,4,0.1,0.0,80289.89,0.0,0.0,80289.89,0.0,BTCUSD,[sl 80289.89],
2026-05-04 21:21:28,182848751,2026-05-04T21:21:28+00:00,1777929688461,2026-05-04T21:21:28+00:00,1777929688461,1970-01-01T00:00:00+00:00,1,0,1,4,0,182838957,0,4,0.1,0.0,1.35281,0.0,0.0,1.35281,0.0,GBPUSD,[sl 1.35281],
2026-05-04 21:49:41,182853934,2026-05-04T21:49:41+00:00,1777931381978,2026-05-04T21:49:41+00:00,1777931381979,1970-01-01T00:00:00+00:00,1,0,1,4,0,182798814,0,4,0.1,0.0,157.146,0.0,0.0,157.146,0.0,USDJPY,[sl 157.146],
2026-05-04 21:52:30,182854466,2026-05-04T21:52:30+00:00,1777931550320,2026-05-04T21:52:30+00:00,1777931550320,1970-01-01T00:00:00+00:00,1,0,1,4,0,182839122,0,4,0.1,0.0,1.35256,0.0,0.0,1.35256,0.0,GBPUSD,[sl 1.35256],
2026-05-04 21:56:59,182854892,2026-05-04T21:56:59+00:00,1777931819744,2026-05-04T21:56:59+00:00,1777931819744,1970-01-01T00:00:00+00:00,1,0,1,4,0,182794983,0,4,0.1,0.0,157.119,0.0,0.0,157.119,0.0,USDJPY,[sl 157.119],
2026-05-04 21:57:41,182854953,2026-05-04T21:57:41+00:00,1777931861192,2026-05-04T21:57:41+00:00,1777931861192,1970-01-01T00:00:00+00:00,1,0,1,4,0,182854953,0,3,0.1,0.0,0.0,157.179,156.891,157.107,0.0,USDJPY,OV2|35d696|H1|S,
2026-05-04 21:58:58,182855158,2026-05-04T21:58:58+00:00,1777931938462,2026-05-04T21:58:58+00:00,1777931938462,1970-01-01T00:00:00+00:00,1,0,1,4,0,182855158,0,3,0.1,0.0,0.0,157.141,156.853,157.069,0.0,USDJPY,OV2|eafb52|H1|S,
2026-05-04 21:59:32,182855340,2026-05-04T21:59:32+00:00,1777931972342,2026-05-04T21:59:32+00:00,1777931972343,1970-01-01T00:00:00+00:00,0,0,1,4,0,182854953,0,5,0.1,0.0,156.891,0.0,0.0,156.891,0.0,USDJPY,[tp 156.891],
2026-05-04 21:59:35,182855398,2026-05-04T21:59:35+00:00,1777931975004,2026-05-04T21:59:35+00:00,1777931975004,1970-01-01T00:00:00+00:00,0,0,1,4,0,182855158,0,5,0.1,0.0,156.853,0.0,0.0,156.853,0.0,USDJPY,[tp 156.853],
2026-05-04 21:59:54,182855693,2026-05-04T21:59:54+00:00,1777931994668,2026-05-04T21:59:54+00:00,1777931994668,1970-01-01T00:00:00+00:00,0,0,1,4,0,182814857,0,4,0.1,0.0,1.1698,0.0,0.0,1.1698,0.0,EURUSD,[sl 1.16980],
2026-05-04 22:01:29,182856358,2026-05-04T22:01:29+00:00,1777932089690,2026-05-04T22:01:29+00:00,1777932089690,1970-01-01T00:00:00+00:00,1,0,1,4,0,182856358,0,3,0.08,0.0,0.0,157.129,156.625,157.017,0.0,USDJPY,OV2|b8449d|H1|S,
2026-05-04 22:01:37,182856370,2026-05-04T22:01:37+00:00,1777932097451,2026-05-04T22:01:37+00:00,1777932097451,1970-01-01T00:00:00+00:00,0,0,1,4,0,182856370,0,3,0.1,0.0,0.0,1.3529900000000001,1.35571,1.35367,0.0,GBPUSD,OV2|ab511d|H1|B,
2026-05-04 22:02:43,182856528,2026-05-04T22:02:43+00:00,1777932163935,2026-05-04T22:02:43+00:00,1777932163935,1970-01-01T00:00:00+00:00,1,0,1,4,0,182856528,0,3,0.09,0.0,0.0,157.154,156.641,157.04,0.0,USDJPY,OV2|b11e22|H1|S,
2026-05-04 22:02:49,182856556,2026-05-04T22:02:49+00:00,1777932169359,2026-05-04T22:02:49+00:00,1777932169360,1970-01-01T00:00:00+00:00,0,0,1,4,0,182856556,0,3,0.1,0.0,0.0,1.35288,1.3556,1.3535599999999999,0.0,GBPUSD,OV2|1a5d36|H1|B,
2026-05-04 22:04:51,182856862,2026-05-04T22:04:51+00:00,1777932291654,2026-05-04T22:04:51+00:00,1777932291655,1970-01-01T00:00:00+00:00,0,0,1,4,0,182856358,0,4,0.08,0.0,157.129,0.0,0.0,157.129,0.0,USDJPY,[sl 157.129],
2026-05-04 22:05:31,182857039,2026-05-04T22:05:31+00:00,1777932331930,2026-05-04T22:05:31+00:00,1777932331931,1970-01-01T00:00:00+00:00,1,0,1,4,0,182813075,0,4,0.1,0.0,79952.2,0.0,0.0,79952.2,0.0,BTCUSD,[sl 79952.20],
2026-05-04 22:06:40,182857957,2026-05-04T22:06:40+00:00,1777932400290,2026-05-04T22:06:40+00:00,1777932400290,1970-01-01T00:00:00+00:00,1,0,1,4,0,182857957,0,3,0.08,0.0,0.0,157.154,156.593,157.029,0.0,USDJPY,OV2|5b1e8a|H1|S,
2026-05-04 22:24:25,182861244,2026-05-04T22:24:25+00:00,1777933465377,2026-05-04T22:24:25+00:00,1777933465377,1970-01-01T00:00:00+00:00,0,0,1,4,0,182816267,0,4,0.1,0.0,1.17014,0.0,0.0,1.17014,0.0,EURUSD,[sl 1.17014],
2026-05-04 23:07:54,182868529,2026-05-04T23:07:54+00:00,1777936074750,2026-05-04T23:07:54+00:00,1777936074750,1970-01-01T00:00:00+00:00,0,0,1,4,0,182856528,0,4,0.09,0.0,157.154,0.0,0.0,157.154,0.0,USDJPY,[sl 157.154],
2026-05-04 23:07:54,182868530,2026-05-04T23:07:54+00:00,1777936074750,2026-05-04T23:07:54+00:00,1777936074750,1970-01-01T00:00:00+00:00,0,0,1,4,0,182857957,0,4,0.08,0.0,157.154,0.0,0.0,157.154,0.0,USDJPY,[sl 157.154],
2026-05-04 23:18:06,182869790,2026-05-04T23:18:06+00:00,1777936686438,2026-05-04T23:18:06+00:00,1777936686438,1970-01-01T00:00:00+00:00,1,0,1,4,0,182856370,0,4,0.1,0.0,1.3529900000000001,0.0,0.0,1.3529900000000001,0.0,GBPUSD,[sl 1.35299],
2026-05-04 23:19:09,182869874,2026-05-04T23:19:09+00:00,1777936749461,2026-05-04T23:19:09+00:00,1777936749461,1970-01-01T00:00:00+00:00,1,0,1,4,0,182856556,0,4,0.1,0.0,1.35288,0.0,0.0,1.35288,0.0,GBPUSD,[sl 1.35288],
2026-05-04 23:23:13,182870451,2026-05-04T23:23:13+00:00,1777936993504,2026-05-04T23:23:13+00:00,1777936993504,1970-01-01T00:00:00+00:00,1,0,1,4,0,182870451,0,3,0.1,0.0,0.0,1.16937,1.16665,1.16869,0.0,EURUSD,OV2|e06c41|H1|S,
2026-05-04 23:28:57,182870838,2026-05-04T23:28:57+00:00,1777937337446,2026-05-04T23:28:57+00:00,1777937337446,1970-01-01T00:00:00+00:00,1,0,1,4,0,182870838,0,3,0.1,0.0,0.0,1.16951,1.16679,1.16883,0.0,EURUSD,OV2|d0505e|M5|S,
2026-05-04 23:33:28,182871357,2026-05-04T23:33:28+00:00,1777937608730,2026-05-04T23:33:28+00:00,1777937608730,1970-01-01T00:00:00+00:00,0,0,1,4,0,182871357,0,3,0.1,0.0,0.0,157.153,157.433,157.223,0.0,USDJPY,OV2|a3cfe4|M5|B,
2026-05-04 23:33:31,182871360,2026-05-04T23:33:31+00:00,1777937611550,2026-05-04T23:33:31+00:00,1777937611550,1970-01-01T00:00:00+00:00,0,0,1,4,0,182871360,0,3,0.1,0.0,0.0,157.155,157.427,157.223,0.0,USDJPY,OV2|7957c5|H1|B,
2026-05-05 00:24:03,182875846,2026-05-05T00:24:03+00:00,1777940643251,2026-05-05T00:24:03+00:00,1777940643251,1970-01-01T00:00:00+00:00,0,0,1,4,0,182875846,0,3,0.1,0.0,0.0,80214.33,80664.54,80230.83,0.0,BTCUSD,OV2|e8860d|H1|B,
2026-05-05 00:27:18,182876092,2026-05-05T00:27:18+00:00,1777940838250,2026-05-05T00:27:18+00:00,1777940838256,1970-01-01T00:00:00+00:00,0,0,1,4,0,182876092,0,3,0.1,0.0,0.0,80215.37,80665.85,80231.62,0.0,BTCUSD,OV2|383521|M5|B,
2026-05-05 00:27:53,182876102,2026-05-05T00:27:53+00:00,1777940873188,2026-05-05T00:27:53+00:00,1777940873188,1970-01-01T00:00:00+00:00,1,0,1,4,0,182875846,0,4,0.1,0.0,80214.33,0.0,0.0,80214.33,0.0,BTCUSD,[sl 80214.33],
2026-05-05 00:27:53,182876103,2026-05-05T00:27:53+00:00,1777940873188,2026-05-05T00:27:53+00:00,1777940873189,1970-01-01T00:00:00+00:00,1,0,1,4,0,182876092,0,4,0.1,0.0,80215.37,0.0,0.0,80215.37,0.0,BTCUSD,[sl 80215.37],
2026-05-05 00:31:32,182876322,2026-05-05T00:31:32+00:00,1777941092774,2026-05-05T00:31:32+00:00,1777941092774,1970-01-01T00:00:00+00:00,0,0,1,4,0,182876322,0,3,0.1,0.0,0.0,80244.83,80718.75,80261.33,0.0,BTCUSD,OV2|995ba9|M5|B,
2026-05-05 00:31:35,182876323,2026-05-05T00:31:35+00:00,1777941095318,2026-05-05T00:31:35+00:00,1777941095318,1970-01-01T00:00:00+00:00,0,0,1,4,0,182876323,0,3,0.1,0.0,0.0,80245.27,80719.19,80261.77,0.0,BTCUSD,OV2|437ff1|H1|B,
2026-05-05 00:32:38,182876394,2026-05-05T00:32:38+00:00,1777941158400,2026-05-05T00:32:38+00:00,1777941158401,1970-01-01T00:00:00+00:00,1,0,1,4,0,182876322,0,4,0.1,0.0,80244.83,0.0,0.0,80244.83,0.0,BTCUSD,[sl 80244.83],
2026-05-05 00:32:38,182876395,2026-05-05T00:32:38+00:00,1777941158400,2026-05-05T00:32:38+00:00,1777941158401,1970-01-01T00:00:00+00:00,1,0,1,4,0,182876323,0,4,0.1,0.0,80245.27,0.0,0.0,80245.27,0.0,BTCUSD,[sl 80245.27],
2026-05-05 00:32:57,182876456,2026-05-05T00:32:57+00:00,1777941177847,2026-05-05T00:32:57+00:00,1777941177847,1970-01-01T00:00:00+00:00,0,0,1,4,0,182870451,0,4,0.1,0.0,1.16937,0.0,0.0,1.16937,0.0,EURUSD,[sl 1.16937],
2026-05-05 00:33:24,182876484,2026-05-05T00:33:24+00:00,1777941204342,2026-05-05T00:33:24+00:00,1777941204342,1970-01-01T00:00:00+00:00,0,0,1,4,0,182876484,0,3,0.1,0.0,0.0,80224.12,80673.88,80240.62,0.0,BTCUSD,OV2|f700ae|M5|B,
2026-05-05 00:33:28,182876490,2026-05-05T00:33:28+00:00,1777941208085,2026-05-05T00:33:28+00:00,1777941208085,1970-01-01T00:00:00+00:00,0,0,1,4,0,182876490,0,3,0.1,0.0,0.0,80224.12,80673.9,80240.67,0.0,BTCUSD,OV2|b84b76|H1|B,
2026-05-05 00:35:14,182876516,2026-05-05T00:35:14+00:00,1777941314489,2026-05-05T00:35:14+00:00,1777941314490,1970-01-01T00:00:00+00:00,1,0,1,4,0,182876484,0,4,0.1,0.0,80224.12,0.0,0.0,80224.12,0.0,BTCUSD,[sl 80224.12],
2026-05-05 00:35:14,182876517,2026-05-05T00:35:14+00:00,1777941314490,2026-05-05T00:35:14+00:00,1777941314490,1970-01-01T00:00:00+00:00,1,0,1,4,0,182876490,0,4,0.1,0.0,80224.12,0.0,0.0,80224.12,0.0,BTCUSD,[sl 80224.12],
2026-05-05 00:36:11,182876569,2026-05-05T00:36:11+00:00,1777941371654,2026-05-05T00:36:11+00:00,1777941371654,1970-01-01T00:00:00+00:00,0,0,1,4,0,182876569,0,3,0.1,0.0,0.0,80263.22,80725.65,80279.72,0.0,BTCUSD,OV2|7fcb15|M5|B,
2026-05-05 00:36:13,182876570,2026-05-05T00:36:13+00:00,1777941373930,2026-05-05T00:36:13+00:00,1777941373930,1970-01-01T00:00:00+00:00,0,0,1,4,0,182876570,0,3,0.1,0.0,0.0,80263.59,80726.02,80280.09,0.0,BTCUSD,OV2|44fcc6|H1|B,
2026-05-05 00:37:00,182876595,2026-05-05T00:37:00+00:00,1777941420297,2026-05-05T00:37:00+00:00,1777941420297,1970-01-01T00:00:00+00:00,1,0,1,4,0,182876569,0,4,0.1,0.0,80263.22,0.0,0.0,80263.22,0.0,BTCUSD,[sl 80263.22],
2026-05-05 00:37:00,182876596,2026-05-05T00:37:00+00:00,1777941420297,2026-05-05T00:37:00+00:00,1777941420297,1970-01-01T00:00:00+00:00,1,0,1,4,0,182876570,0,4,0.1,0.0,80263.59,0.0,0.0,80263.59,0.0,BTCUSD,[sl 80263.59],
2026-05-05 00:38:13,182876607,2026-05-05T00:38:13+00:00,1777941493756,2026-05-05T00:38:13+00:00,1777941493757,1970-01-01T00:00:00+00:00,0,0,1,4,0,182876607,0,3,0.1,0.0,0.0,80260.84,80731.24,80277.39,0.0,BTCUSD,OV2|bc0f2a|M5|B,
2026-05-05 00:38:16,182876608,2026-05-05T00:38:16+00:00,1777941496015,2026-05-05T00:38:16+00:00,1777941496015,1970-01-01T00:00:00+00:00,0,0,1,4,0,182876608,0,3,0.1,0.0,0.0,80260.84,80731.24,80277.34,0.0,BTCUSD,OV2|0d083e|H1|B,
2026-05-05 00:38:40,182876615,2026-05-05T00:38:40+00:00,1777941520112,2026-05-05T00:38:40+00:00,1777941520112,1970-01-01T00:00:00+00:00,1,0,1,4,0,182876607,0,4,0.1,0.0,80260.84,0.0,0.0,80260.84,0.0,BTCUSD,[sl 80260.84],
2026-05-05 00:38:40,182876616,2026-05-05T00:38:40+00:00,1777941520112,2026-05-05T00:38:40+00:00,1777941520113,1970-01-01T00:00:00+00:00,1,0,1,4,0,182876608,0,4,0.1,0.0,80260.84,0.0,0.0,80260.84,0.0,BTCUSD,[sl 80260.84],
2026-05-05 00:39:38,182876633,2026-05-05T00:39:38+00:00,1777941578612,2026-05-05T00:39:38+00:00,1777941578612,1970-01-01T00:00:00+00:00,0,0,1,4,0,182876633,0,3,0.1,0.0,0.0,80229.53,80703.65,80246.03,0.0,BTCUSD,OV2|386415|M5|B,
2026-05-05 00:39:50,182876641,2026-05-05T00:39:50+00:00,1777941590280,2026-05-05T00:39:50+00:00,1777941590280,1970-01-01T00:00:00+00:00,0,0,1,4,0,182876641,0,3,0.1,0.0,0.0,80231.19,80706.06,80247.69,0.0,BTCUSD,OV2|120281|H1|B,
2026-05-05 00:43:49,182876762,2026-05-05T00:43:49+00:00,1777941829570,2026-05-05T00:43:49+00:00,1777941829570,1970-01-01T00:00:00+00:00,1,0,1,4,0,182876641,0,4,0.1,0.0,80231.19,0.0,0.0,80231.19,0.0,BTCUSD,[sl 80231.19],
2026-05-05 00:43:49,182876763,2026-05-05T00:43:49+00:00,1777941829651,2026-05-05T00:43:49+00:00,1777941829651,1970-01-01T00:00:00+00:00,1,0,1,4,0,182876633,0,4,0.1,0.0,80229.53,0.0,0.0,80229.53,0.0,BTCUSD,[sl 80229.53],
2026-05-05 00:44:19,182876764,2026-05-05T00:44:19+00:00,1777941859902,2026-05-05T00:44:19+00:00,1777941859902,1970-01-01T00:00:00+00:00,0,0,1,4,0,182876764,0,3,0.1,0.0,0.0,80243.59,80681.9,80260.09,0.0,BTCUSD,OV2|cb38d4|M5|B,
2026-05-05 00:44:22,182876765,2026-05-05T00:44:22+00:00,1777941862445,2026-05-05T00:44:22+00:00,1777941862445,1970-01-01T00:00:00+00:00,0,0,1,4,0,182876765,0,3,0.1,0.0,0.0,80246.97,80685.28,80263.47,0.0,BTCUSD,OV2|182814|H1|B,
2026-05-05 00:44:24,182876767,2026-05-05T00:44:24+00:00,1777941864614,2026-05-05T00:44:24+00:00,1777941864614,1970-01-01T00:00:00+00:00,1,0,1,4,0,182876765,0,4,0.1,0.0,80246.97,0.0,0.0,80246.97,0.0,BTCUSD,[sl 80246.97],
2026-05-05 00:44:28,182876768,2026-05-05T00:44:28+00:00,1777941868125,2026-05-05T00:44:28+00:00,1777941868125,1970-01-01T00:00:00+00:00,1,0,1,4,0,182876764,0,4,0.1,0.0,80243.59,0.0,0.0,80243.59,0.0,BTCUSD,[sl 80243.59],
2026-05-05 00:45:43,182876808,2026-05-05T00:45:43+00:00,1777941943395,2026-05-05T00:45:43+00:00,1777941943395,1970-01-01T00:00:00+00:00,0,0,1,4,0,182876808,0,3,0.1,0.0,0.0,80223.76,80639.46,80242.23,0.0,BTCUSD,OV2|76a493|M5|B,
2026-05-05 00:45:45,182876809,2026-05-05T00:45:45+00:00,1777941945973,2026-05-05T00:45:45+00:00,1777941945973,1970-01-01T00:00:00+00:00,0,0,1,4,0,182876809,0,3,0.1,0.0,0.0,80243.31,80667.94,80259.81,0.0,BTCUSD,OV2|cf161e|H1|B,
2026-05-05 00:56:42,182877065,2026-05-05T00:56:42+00:00,1777942602160,2026-05-05T00:56:42+00:00,1777942602160,1970-01-01T00:00:00+00:00,1,0,1,4,0,182871360,0,4,0.1,0.0,157.155,0.0,0.0,157.155,0.0,USDJPY,[sl 157.155],
2026-05-05 00:56:58,182877079,2026-05-05T00:56:58+00:00,1777942618480,2026-05-05T00:56:58+00:00,1777942618480,1970-01-01T00:00:00+00:00,1,0,1,4,0,182871357,0,4,0.1,0.0,157.153,0.0,0.0,157.153,0.0,USDJPY,[sl 157.153],
2026-05-05 00:57:12,182877093,2026-05-05T00:57:12+00:00,1777942632578,2026-05-05T00:57:12+00:00,1777942632578,1970-01-01T00:00:00+00:00,1,0,1,4,0,182876809,0,4,0.1,0.0,80243.31,0.0,0.0,80243.31,0.0,BTCUSD,[sl 80243.31],
2026-05-05 00:57:46,182877137,2026-05-05T00:57:46+00:00,1777942666754,2026-05-05T00:57:46+00:00,1777942666755,1970-01-01T00:00:00+00:00,0,0,1,4,0,182877137,0,3,0.1,0.0,0.0,80238.89,80707.35,80255.34,0.0,BTCUSD,OV2|1b169b|M5|B,
2026-05-05 01:00:01,182877225,2026-05-05T01:00:01+00:00,1777942801462,2026-05-05T01:00:01+00:00,1777942801462,1970-01-01T00:00:00+00:00,1,0,1,4,0,182877137,0,4,0.1,0.0,80238.89,0.0,0.0,80238.89,0.0,BTCUSD,[sl 80238.89],
2026-05-05 01:02:00,182878200,2026-05-05T01:02:00+00:00,1777942920479,2026-05-05T01:02:00+00:00,1777942920479,1970-01-01T00:00:00+00:00,0,0,1,4,0,182878200,0,3,0.1,0.0,0.0,157.183,157.455,157.256,0.0,USDJPY,OV2|16b0e7|H1|B,
2026-05-05 01:02:12,182878228,2026-05-05T01:02:12+00:00,1777942932904,2026-05-05T01:02:12+00:00,1777942932905,1970-01-01T00:00:00+00:00,0,0,1,4,0,182878228,0,3,0.1,0.0,0.0,80347.88,80873.69,80364.38,0.0,BTCUSD,OV2|a26f6a|M5|B,
2026-05-05 01:02:17,182878235,2026-05-05T01:02:17+00:00,1777942937693,2026-05-05T01:02:17+00:00,1777942937693,1970-01-01T00:00:00+00:00,1,0,1,4,0,182878228,0,4,0.1,0.0,80347.88,0.0,0.0,80347.88,0.0,BTCUSD,[sl 80347.88],
2026-05-05 01:03:42,182878473,2026-05-05T01:03:42+00:00,1777943022496,2026-05-05T01:03:42+00:00,1777943022496,1970-01-01T00:00:00+00:00,0,0,1,4,0,182878473,0,3,0.1,0.0,0.0,80305.9,80770.2,80322.4,0.0,BTCUSD,OV2|4740c0|M5|B,
2026-05-05 01:03:47,182878480,2026-05-05T01:03:47+00:00,1777943027824,2026-05-05T01:03:47+00:00,1777943027824,1970-01-01T00:00:00+00:00,0,0,1,4,0,182878480,0,3,0.1,0.0,0.0,157.205,157.477,157.273,0.0,USDJPY,OV2|d89a73|M5|B,
2026-05-05 01:06:00,182878892,2026-05-05T01:06:00+00:00,1777943160296,2026-05-05T01:06:00+00:00,1777943160296,1970-01-01T00:00:00+00:00,1,0,1,4,0,182878473,0,4,0.1,0.0,80305.9,0.0,0.0,80305.9,0.0,BTCUSD,[sl 80305.90],
2026-05-05 01:06:26,182878978,2026-05-05T01:06:26+00:00,1777943186267,2026-05-05T01:06:26+00:00,1777943186267,1970-01-01T00:00:00+00:00,0,0,1,4,0,182878978,0,3,0.1,0.0,0.0,80276.35,80738.67,80292.85,0.0,BTCUSD,OV2|8f7b53|M5|B,
2026-05-05 01:06:31,182878989,2026-05-05T01:06:31+00:00,1777943191411,2026-05-05T01:06:31+00:00,1777943191411,1970-01-01T00:00:00+00:00,1,0,1,4,0,182878978,0,4,0.1,0.0,80276.35,0.0,0.0,80276.35,0.0,BTCUSD,[sl 80276.35],
2026-05-05 01:08:02,182879226,2026-05-05T01:08:02+00:00,1777943282489,2026-05-05T01:08:02+00:00,1777943282489,1970-01-01T00:00:00+00:00,0,0,1,4,0,182879226,0,3,0.1,0.0,0.0,80269.91,80742.79,80286.41,0.0,BTCUSD,OV2|873152|M5|B,
2026-05-05 01:18:41,182880518,2026-05-05T01:18:41+00:00,1777943921387,2026-05-05T01:18:41+00:00,1777943921387,1970-01-01T00:00:00+00:00,1,0,1,4,0,182879226,0,4,0.1,0.0,80269.91,0.0,0.0,80269.91,0.0,BTCUSD,[sl 80269.91],
2026-05-05 01:21:46,182880886,2026-05-05T01:21:46+00:00,1777944106288,2026-05-05T01:21:46+00:00,1777944106288,1970-01-01T00:00:00+00:00,0,0,1,4,0,182880886,0,3,0.1,0.0,0.0,80270.12,80719.6,80286.57,0.0,BTCUSD,OV2|b2a0ef|M5|B,
2026-05-05 01:22:40,182880981,2026-05-05T01:22:40+00:00,1777944160912,2026-05-05T01:22:40+00:00,1777944160912,1970-01-01T00:00:00+00:00,1,0,1,4,0,182880886,0,4,0.1,0.0,80270.12,0.0,0.0,80270.12,0.0,BTCUSD,[sl 80270.12],
2026-05-05 01:23:01,182881005,2026-05-05T01:23:01+00:00,1777944181531,2026-05-05T01:23:01+00:00,1777944181531,1970-01-01T00:00:00+00:00,0,0,1,4,0,182881005,0,3,0.1,0.0,0.0,80261.77,80718.41,80278.27,0.0,BTCUSD,OV2|a3f4b0|M5|B,
2026-05-05 01:23:07,182881011,2026-05-05T01:23:07+00:00,1777944187468,2026-05-05T01:23:07+00:00,1777944187468,1970-01-01T00:00:00+00:00,1,0,1,4,0,182881005,0,4,0.1,0.0,80261.77,0.0,0.0,80261.77,0.0,BTCUSD,[sl 80261.77],
2026-05-05 01:24:31,182881102,2026-05-05T01:24:31+00:00,1777944271890,2026-05-05T01:24:31+00:00,1777944271890,1970-01-01T00:00:00+00:00,0,0,1,4,0,182881102,0,3,0.1,0.0,0.0,80291.32,80749.05,80305.37,0.0,BTCUSD,OV2|acabe1|M5|B,
2026-05-05 01:24:55,182881152,2026-05-05T01:24:55+00:00,1777944295701,2026-05-05T01:24:55+00:00,1777944295701,1970-01-01T00:00:00+00:00,1,0,1,4,0,182881102,0,4,0.1,0.0,80291.32,0.0,0.0,80291.32,0.0,BTCUSD,[sl 80291.32],
2026-05-05 01:26:01,182881272,2026-05-05T01:26:01+00:00,1777944361684,2026-05-05T01:26:01+00:00,1777944361684,1970-01-01T00:00:00+00:00,0,0,1,4,0,182881272,0,3,0.1,0.0,0.0,80287.65,80751.84,80304.15,0.0,BTCUSD,OV2|cf4447|M5|B,
2026-05-05 01:26:55,182881315,2026-05-05T01:26:55+00:00,1777944415212,2026-05-05T01:26:55+00:00,1777944415212,1970-01-01T00:00:00+00:00,1,0,1,4,0,182881272,0,4,0.1,0.0,80287.65,0.0,0.0,80287.65,0.0,BTCUSD,[sl 80287.65],
2026-05-05 01:27:31,182881380,2026-05-05T01:27:31+00:00,1777944451601,2026-05-05T01:27:31+00:00,1777944451602,1970-01-01T00:00:00+00:00,0,0,1,4,0,182881380,0,3,0.1,0.0,0.0,80252.47,80703.35,80268.97,0.0,BTCUSD,OV2|53f103|M5|B,
2026-05-05 01:29:00,182881492,2026-05-05T01:29:00+00:00,1777944540451,2026-05-05T01:29:00+00:00,1777944540451,1970-01-01T00:00:00+00:00,1,0,1,4,0,182881380,0,4,0.1,0.0,80252.47,0.0,0.0,80252.47,0.0,BTCUSD,[sl 80252.47],
2026-05-05 01:29:16,182881590,2026-05-05T01:29:16+00:00,1777944556031,2026-05-05T01:29:16+00:00,1777944556031,1970-01-01T00:00:00+00:00,0,0,1,4,0,182881590,0,3,0.1,0.0,0.0,80245.77,80701.56,80262.27,0.0,BTCUSD,OV2|f4add4|M5|B,
2026-05-05 01:29:30,182881635,2026-05-05T01:29:30+00:00,1777944570531,2026-05-05T01:29:30+00:00,1777944570531,1970-01-01T00:00:00+00:00,1,0,1,4,0,182878480,0,4,0.1,0.0,157.205,0.0,0.0,157.205,0.0,USDJPY,[sl 157.205],
2026-05-05 01:30:27,182881743,2026-05-05T01:30:27+00:00,1777944627752,2026-05-05T01:30:27+00:00,1777944627752,1970-01-01T00:00:00+00:00,1,0,1,4,0,182881590,0,4,0.1,0.0,80245.77,0.0,0.0,80245.77,0.0,BTCUSD,[sl 80245.77],
2026-05-05 01:30:36,182881823,2026-05-05T01:30:36+00:00,1777944636116,2026-05-05T01:30:36+00:00,1777944636116,1970-01-01T00:00:00+00:00,0,0,1,4,0,182881823,0,3,0.1,0.0,0.0,157.154,157.426,157.222,0.0,USDJPY,OV2|0059f4|M5|B,
2026-05-05 01:30:50,182881866,2026-05-05T01:30:50+00:00,1777944650832,2026-05-05T01:30:50+00:00,1777944650832,1970-01-01T00:00:00+00:00,0,0,1,4,0,182881866,0,3,0.1,0.0,0.0,80219.68,80637.26,80236.18,0.0,BTCUSD,OV2|176732|M5|B,
2026-05-05 01:30:54,182881871,2026-05-05T01:30:54+00:00,1777944654396,2026-05-05T01:30:54+00:00,1777944654396,1970-01-01T00:00:00+00:00,1,0,1,4,0,182876808,0,4,0.1,0.0,80223.76,0.0,0.0,80223.76,0.0,BTCUSD,[sl 80223.76],
2026-05-05 01:30:54,182881874,2026-05-05T01:30:54+00:00,1777944654396,2026-05-05T01:30:54+00:00,1777944654397,1970-01-01T00:00:00+00:00,1,0,1,4,0,182881866,0,4,0.1,0.0,80219.68,0.0,0.0,80219.68,0.0,BTCUSD,[sl 80219.68],
2026-05-05 01:31:59,182882048,2026-05-05T01:31:59+00:00,1777944719583,2026-05-05T01:31:59+00:00,1777944719583,1970-01-01T00:00:00+00:00,0,0,1,4,0,182882048,0,3,0.1,0.0,0.0,80218.22,80641.73,80234.72,0.0,BTCUSD,OV2|f26f4f|M5|B,
2026-05-05 01:32:02,182882052,2026-05-05T01:32:02+00:00,1777944722054,2026-05-05T01:32:02+00:00,1777944722054,1970-01-01T00:00:00+00:00,0,0,1,4,0,182882052,0,3,0.1,0.0,0.0,80218.47,80641.98,80234.97,0.0,BTCUSD,OV2|d265ec|H1|B,
2026-05-05 01:32:03,182882057,2026-05-05T01:32:03+00:00,1777944723586,2026-05-05T01:32:03+00:00,1777944723586,1970-01-01T00:00:00+00:00,1,0,1,4,0,182882048,0,4,0.1,0.0,80218.22,0.0,0.0,80218.22,0.0,BTCUSD,[sl 80218.22],
2026-05-05 01:32:03,182882058,2026-05-05T01:32:03+00:00,1777944723586,2026-05-05T01:32:03+00:00,1777944723587,1970-01-01T00:00:00+00:00,1,0,1,4,0,182882052,0,4,0.1,0.0,80218.47,0.0,0.0,80218.47,0.0,BTCUSD,[sl 80218.47],
2026-05-05 01:33:48,182882222,2026-05-05T01:33:48+00:00,1777944828774,2026-05-05T01:33:48+00:00,1777944828774,1970-01-01T00:00:00+00:00,0,0,1,4,0,182882222,0,3,0.1,0.0,0.0,80173.46,80573.24,80189.96,0.0,BTCUSD,OV2|b1f4ff|M5|B,
2026-05-05 01:33:51,182882225,2026-05-05T01:33:51+00:00,1777944831409,2026-05-05T01:33:51+00:00,1777944831409,1970-01-01T00:00:00+00:00,0,0,1,4,0,182882225,0,3,0.1,0.0,0.0,80174.01,80573.79,80190.51,0.0,BTCUSD,OV2|7f4451|H1|B,
2026-05-05 01:34:01,182882244,2026-05-05T01:34:01+00:00,1777944841794,2026-05-05T01:34:01+00:00,1777944841794,1970-01-01T00:00:00+00:00,1,0,1,4,0,182882225,0,4,0.1,0.0,80174.01,0.0,0.0,80174.01,0.0,BTCUSD,[sl 80174.01],
2026-05-05 01:34:14,182882256,2026-05-05T01:34:14+00:00,1777944854923,2026-05-05T01:34:14+00:00,1777944854923,1970-01-01T00:00:00+00:00,1,0,1,4,0,182882222,0,4,0.1,0.0,80173.46,0.0,0.0,80173.46,0.0,BTCUSD,[sl 80173.46],
2026-05-05 01:35:00,182882337,2026-05-05T01:35:00+00:00,1777944900307,2026-05-05T01:35:00+00:00,1777944900307,1970-01-01T00:00:00+00:00,0,0,1,4,0,182882337,0,3,0.1,0.0,0.0,80129.86,80559.05,80146.36,0.0,BTCUSD,OV2|755749|H1|B,
2026-05-05 01:35:02,182882353,2026-05-05T01:35:02+00:00,1777944902589,2026-05-05T01:35:02+00:00,1777944902590,1970-01-01T00:00:00+00:00,1,0,1,4,0,182882337,0,4,0.1,0.0,80129.86,0.0,0.0,80129.86,0.0,BTCUSD,[sl 80129.86],
2026-05-05 01:36:40,182882570,2026-05-05T01:36:40+00:00,1777945000858,2026-05-05T01:36:40+00:00,1777945000859,1970-01-01T00:00:00+00:00,0,0,1,4,0,182882570,0,3,0.1,0.0,0.0,80135.83,80550.11,80152.33,0.0,BTCUSD,OV2|492683|M5|B,
2026-05-05 01:36:43,182882578,2026-05-05T01:36:43+00:00,1777945003359,2026-05-05T01:36:43+00:00,1777945003359,1970-01-01T00:00:00+00:00,0,0,1,4,0,182882578,0,3,0.1,0.0,0.0,80135.83,80550.11,80152.33,0.0,BTCUSD,OV2|9fd43a|H1|B,
2026-05-05 01:36:45,182882583,2026-05-05T01:36:45+00:00,1777945005673,2026-05-05T01:36:45+00:00,1777945005673,1970-01-01T00:00:00+00:00,1,0,1,4,0,182882570,0,4,0.1,0.0,80135.83,0.0,0.0,80135.83,0.0,BTCUSD,[sl 80135.83],
2026-05-05 01:36:45,182882584,2026-05-05T01:36:45+00:00,1777945005673,2026-05-05T01:36:45+00:00,1777945005673,1970-01-01T00:00:00+00:00,1,0,1,4,0,182882578,0,4,0.1,0.0,80135.83,0.0,0.0,80135.83,0.0,BTCUSD,[sl 80135.83],
2026-05-05 01:37:55,182882668,2026-05-05T01:37:55+00:00,1777945075027,2026-05-05T01:37:55+00:00,1777945075027,1970-01-01T00:00:00+00:00,0,0,1,4,0,182882668,0,3,0.1,0.0,0.0,80119.27,80550.58,80135.77,0.0,BTCUSD,OV2|7b824f|M5|B,
2026-05-05 01:37:55,182882672,2026-05-05T01:37:55+00:00,1777945075829,2026-05-05T01:37:55+00:00,1777945075830,1970-01-01T00:00:00+00:00,1,0,1,4,0,182882668,0,4,0.1,0.0,80119.27,0.0,0.0,80119.27,0.0,BTCUSD,[sl 80119.27],
2026-05-05 01:37:57,182882676,2026-05-05T01:37:57+00:00,1777945077779,2026-05-05T01:37:57+00:00,1777945077779,1970-01-01T00:00:00+00:00,0,0,1,4,0,182882676,0,3,0.1,0.0,0.0,80103.7,80535.01,80120.2,0.0,BTCUSD,OV2|3213cb|H1|B,
2026-05-05 01:39:23,182882753,2026-05-05T01:39:23+00:00,1777945163244,2026-05-05T01:39:23+00:00,1777945163244,1970-01-01T00:00:00+00:00,0,0,1,4,0,182882753,0,3,0.1,0.0,0.0,80119.47,80538.55,80135.97,0.0,BTCUSD,OV2|b761bc|M5|B,
2026-05-05 01:40:38,182882883,2026-05-05T01:40:38+00:00,1777945238682,2026-05-05T01:40:38+00:00,1777945238682,1970-01-01T00:00:00+00:00,1,0,1,4,0,182882753,0,4,0.1,0.0,80119.47,0.0,0.0,80119.47,0.0,BTCUSD,[sl 80119.47],
2026-05-05 01:41:13,182882952,2026-05-05T01:41:13+00:00,1777945273865,2026-05-05T01:41:13+00:00,1777945273865,1970-01-01T00:00:00+00:00,1,0,1,4,0,182882676,0,4,0.1,0.0,80103.7,0.0,0.0,80103.7,0.0,BTCUSD,[sl 80103.70],
2026-05-05 01:42:38,182883199,2026-05-05T01:42:38+00:00,1777945358562,2026-05-05T01:42:38+00:00,1777945358563,1970-01-01T00:00:00+00:00,0,0,1,4,0,182883199,0,3,0.1,0.0,0.0,80116.65,80484.63,80133.15,0.0,BTCUSD,OV2|d2c837|M5|B,
2026-05-05 01:42:41,182883202,2026-05-05T01:42:41+00:00,1777945361228,2026-05-05T01:42:41+00:00,1777945361229,1970-01-01T00:00:00+00:00,0,0,1,4,0,182883202,0,3,0.1,0.0,0.0,80116.65,80484.68,80133.15,0.0,BTCUSD,OV2|e2d09e|H1|B,
2026-05-05 01:44:00,182883260,2026-05-05T01:44:00+00:00,1777945440450,2026-05-05T01:44:00+00:00,1777945440451,1970-01-01T00:00:00+00:00,1,0,1,4,0,182883199,0,4,0.1,0.0,80116.65,0.0,0.0,80116.65,0.0,BTCUSD,[sl 80116.65],
2026-05-05 01:44:00,182883261,2026-05-05T01:44:00+00:00,1777945440450,2026-05-05T01:44:00+00:00,1777945440451,1970-01-01T00:00:00+00:00,1,0,1,4,0,182883202,0,4,0.1,0.0,80116.65,0.0,0.0,80116.65,0.0,BTCUSD,[sl 80116.65],
2026-05-05 01:44:04,182883267,2026-05-05T01:44:04+00:00,1777945444151,2026-05-05T01:44:04+00:00,1777945444152,1970-01-01T00:00:00+00:00,0,0,1,4,0,182883267,0,3,0.1,0.0,0.0,80108.57,80481.05,80130.97,0.0,BTCUSD,OV2|cb0575|M5|B,
2026-05-05 01:44:06,182883270,2026-05-05T01:44:06+00:00,1777945446544,2026-05-05T01:44:06+00:00,1777945446544,1970-01-01T00:00:00+00:00,0,0,1,4,0,182883270,0,3,0.1,0.0,0.0,80109.98,80482.46,80126.48,0.0,BTCUSD,OV2|03f436|H1|B,
2026-05-05 01:44:32,182883292,2026-05-05T01:44:32+00:00,1777945472416,2026-05-05T01:44:32+00:00,1777945472416,1970-01-01T00:00:00+00:00,1,0,1,4,0,182883267,0,4,0.1,0.0,80108.57,0.0,0.0,80108.57,0.0,BTCUSD,[sl 80108.57],
2026-05-05 01:44:32,182883293,2026-05-05T01:44:32+00:00,1777945472416,2026-05-05T01:44:32+00:00,1777945472416,1970-01-01T00:00:00+00:00,1,0,1,4,0,182883270,0,4,0.1,0.0,80109.98,0.0,0.0,80109.98,0.0,BTCUSD,[sl 80109.98],
2026-05-05 01:46:53,182883915,2026-05-05T01:46:53+00:00,1777945613169,2026-05-05T01:46:53+00:00,1777945613169,1970-01-01T00:00:00+00:00,0,0,1,4,0,182883915,0,3,0.1,0.0,0.0,80117.63,80496.58,80134.13,0.0,BTCUSD,OV2|6ebce2|M5|B,
2026-05-05 01:46:56,182883984,2026-05-05T01:46:56+00:00,1777945616032,2026-05-05T01:46:56+00:00,1777945616033,1970-01-01T00:00:00+00:00,0,0,1,4,0,182883984,0,3,0.1,0.0,0.0,80117.63,80496.58,80134.13,0.0,BTCUSD,OV2|2e5d56|H1|B,
2026-05-05 01:52:13,182884925,2026-05-05T01:52:13+00:00,1777945933681,2026-05-05T01:52:13+00:00,1777945933681,1970-01-01T00:00:00+00:00,1,0,1,4,0,182883915,0,4,0.1,0.0,80117.63,0.0,0.0,80117.63,0.0,BTCUSD,[sl 80117.63],
2026-05-05 01:52:13,182884926,2026-05-05T01:52:13+00:00,1777945933681,2026-05-05T01:52:13+00:00,1777945933682,1970-01-01T00:00:00+00:00,1,0,1,4,0,182883984,0,4,0.1,0.0,80117.63,0.0,0.0,80117.63,0.0,BTCUSD,[sl 80117.63],
2026-05-05 01:53:21,182885223,2026-05-05T01:53:21+00:00,1777946001150,2026-05-05T01:53:21+00:00,1777946001150,1970-01-01T00:00:00+00:00,0,0,1,4,0,182885223,0,3,0.1,0.0,0.0,80111.52,80504.73,80128.02,0.0,BTCUSD,OV2|e04fe5|M5|B,
2026-05-05 01:53:23,182885244,2026-05-05T01:53:23+00:00,1777946003617,2026-05-05T01:53:23+00:00,1777946003617,1970-01-01T00:00:00+00:00,0,0,1,4,0,182885244,0,3,0.1,0.0,0.0,80111.52,80504.73,80128.02,0.0,BTCUSD,OV2|940346|H1|B,
2026-05-05 01:53:40,182885319,2026-05-05T01:53:40+00:00,1777946020791,2026-05-05T01:53:40+00:00,1777946020791,1970-01-01T00:00:00+00:00,1,0,1,4,0,182885223,0,4,0.1,0.0,80111.52,0.0,0.0,80111.52,0.0,BTCUSD,[sl 80111.52],
2026-05-05 01:53:40,182885320,2026-05-05T01:53:40+00:00,1777946020791,2026-05-05T01:53:40+00:00,1777946020792,1970-01-01T00:00:00+00:00,1,0,1,4,0,182885244,0,4,0.1,0.0,80111.52,0.0,0.0,80111.52,0.0,BTCUSD,[sl 80111.52],
2026-05-05 01:54:34,182885444,2026-05-05T01:54:34+00:00,1777946074997,2026-05-05T01:54:34+00:00,1777946074998,1970-01-01T00:00:00+00:00,0,0,1,4,0,182885444,0,3,0.1,0.0,0.0,80078.94,80469.5,80095.42,0.0,BTCUSD,OV2|ef60b0|H1|B,
2026-05-05 01:54:46,182885474,2026-05-05T01:54:46+00:00,1777946086341,2026-05-05T01:54:46+00:00,1777946086341,1970-01-01T00:00:00+00:00,1,0,1,4,0,182885444,0,4,0.1,0.0,80078.94,0.0,0.0,80078.94,0.0,BTCUSD,[sl 80078.94],
2026-05-05 01:57:43,182885943,2026-05-05T01:57:43+00:00,1777946263329,2026-05-05T01:57:43+00:00,1777946263329,1970-01-01T00:00:00+00:00,0,0,1,4,0,182885943,0,3,0.1,0.0,0.0,80058.7,80411.8,80075.2,0.0,BTCUSD,OV2|70957c|M5|B,
2026-05-05 01:57:45,182885948,2026-05-05T01:57:45+00:00,1777946265717,2026-05-05T01:57:45+00:00,1777946265717,1970-01-01T00:00:00+00:00,0,0,1,4,0,182885948,0,3,0.1,0.0,0.0,80055.83,80410.37,80072.33,0.0,BTCUSD,OV2|51ad2d|H1|B,
2026-05-05 01:58:06,182885967,2026-05-05T01:58:06+00:00,1777946286479,2026-05-05T01:58:06+00:00,1777946286480,1970-01-01T00:00:00+00:00,1,0,1,4,0,182885943,0,4,0.1,0.0,80058.7,0.0,0.0,80058.7,0.0,BTCUSD,[sl 80058.70],
2026-05-05 01:58:07,182885972,2026-05-05T01:58:07+00:00,1777946287874,2026-05-05T01:58:07+00:00,1777946287874,1970-01-01T00:00:00+00:00,1,0,1,4,0,182885948,0,4,0.1,0.0,80055.83,0.0,0.0,80055.83,0.0,BTCUSD,[sl 80055.83],
2026-05-05 01:59:11,182886249,2026-05-05T01:59:11+00:00,1777946351504,2026-05-05T01:59:11+00:00,1777946351504,1970-01-01T00:00:00+00:00,0,0,1,4,0,182886249,0,3,0.1,0.0,0.0,80060.52,80434.2,80077.02,0.0,BTCUSD,OV2|aaeeff|M5|B,
2026-05-05 01:59:14,182886252,2026-05-05T01:59:14+00:00,1777946354055,2026-05-05T01:59:14+00:00,1777946354055,1970-01-01T00:00:00+00:00,0,0,1,4,0,182886252,0,3,0.1,0.0,0.0,80058.53,80432.21,80075.03,0.0,BTCUSD,OV2|d30143|H1|B,
2026-05-05 01:59:45,182886323,2026-05-05T01:59:45+00:00,1777946385389,2026-05-05T01:59:45+00:00,1777946385390,1970-01-01T00:00:00+00:00,1,0,1,4,0,182886249,0,4,0.1,0.0,80060.52,0.0,0.0,80060.52,0.0,BTCUSD,[sl 80060.52],
2026-05-05 01:59:46,182886324,2026-05-05T01:59:46+00:00,1777946386962,2026-05-05T01:59:46+00:00,1777946386962,1970-01-01T00:00:00+00:00,1,0,1,4,0,182886252,0,4,0.1,0.0,80058.53,0.0,0.0,80058.53,0.0,BTCUSD,[sl 80058.53],
2026-05-05 02:02:44,182887384,2026-05-05T02:02:44+00:00,1777946564469,2026-05-05T02:02:44+00:00,1777946564469,1970-01-01T00:00:00+00:00,1,0,1,4,0,182878200,0,4,0.1,0.0,157.183,0.0,0.0,157.183,0.0,USDJPY,[sl 157.183],
2026-05-05 02:08:03,182888639,2026-05-05T02:08:03+00:00,1777946883161,2026-05-05T02:08:03+00:00,1777946883161,1970-01-01T00:00:00+00:00,1,0,1,4,0,182888639,0,3,0.1,0.0,0.0,2352.908,2336.04,2351.408,0.0,ETHUSD,OV2|f63e0f|H1|S,
2026-05-05 02:08:06,182888644,2026-05-05T02:08:06+00:00,1777946886347,2026-05-05T02:08:06+00:00,1777946886347,1970-01-01T00:00:00+00:00,1,0,1,4,0,182888644,0,3,0.1,0.0,0.0,2352.945,2336.077,2351.291,0.0,ETHUSD,OV2|f17bd5|M15|S,
2026-05-05 02:12:37,182889361,2026-05-05T02:12:37+00:00,1777947157281,2026-05-05T02:12:37+00:00,1777947157281,1970-01-01T00:00:00+00:00,0,0,1,4,0,182889361,0,3,0.1,0.0,0.0,157.139,157.411,157.207,0.0,USDJPY,OV2|4b791b|M5|B,
2026-05-05 02:28:18,182891811,2026-05-05T02:28:18+00:00,1777948098628,2026-05-05T02:28:18+00:00,1777948098629,1970-01-01T00:00:00+00:00,0,0,1,4,0,182888639,0,4,0.1,0.0,2352.908,0.0,0.0,2352.908,0.0,ETHUSD,[sl 2352.908],
2026-05-05 02:28:19,182891814,2026-05-05T02:28:19+00:00,1777948099447,2026-05-05T02:28:19+00:00,1777948099447,1970-01-01T00:00:00+00:00,0,0,1,4,0,182888644,0,4,0.1,0.0,2352.945,0.0,0.0,2352.945,0.0,ETHUSD,[sl 2352.945],
2026-05-05 02:28:37,182891837,2026-05-05T02:28:37+00:00,1777948117461,2026-05-05T02:28:37+00:00,1777948117461,1970-01-01T00:00:00+00:00,1,0,1,4,0,182891837,0,3,0.1,0.0,0.0,0.11412,0.09732,0.11013,0.0,DOGUSD,OV2|946a62|H1|S,
2026-05-05 02:28:40,182891842,2026-05-05T02:28:40+00:00,1777948120297,2026-05-05T02:28:40+00:00,1777948120298,1970-01-01T00:00:00+00:00,1,0,1,4,0,182891842,0,3,0.1,0.0,0.0,0.11413,0.09733,0.11013,0.0,DOGUSD,OV2|9a7be8|M15|S,
2026-05-05 02:30:20,182892090,2026-05-05T02:30:20+00:00,1777948220822,2026-05-05T02:30:20+00:00,1777948220822,1970-01-01T00:00:00+00:00,1,0,1,4,0,182892090,0,3,0.1,0.0,0.0,102.57,99.97,101.97,0.0,USOIL+,OV2|f4057c|H1|S,
2026-05-05 02:30:23,182892096,2026-05-05T02:30:23+00:00,1777948223877,2026-05-05T02:30:23+00:00,1777948223877,1970-01-01T00:00:00+00:00,1,0,1,4,0,182892096,0,3,0.1,0.0,0.0,102.57,99.97,101.97,0.0,USOIL+,OV2|4d38a4|M15|S,
2026-05-05 02:32:37,182892381,2026-05-05T02:32:37+00:00,1777948357975,2026-05-05T02:32:37+00:00,1777948357975,1970-01-01T00:00:00+00:00,1,0,1,4,0,182892381,0,3,0.1,0.0,0.0,1.3941,1.3796,1.391,0.0,XRPUSD,OV2|1ea9e6|H1|S,
2026-05-05 02:32:40,182892394,2026-05-05T02:32:40+00:00,1777948360865,2026-05-05T02:32:40+00:00,1777948360865,1970-01-01T00:00:00+00:00,1,0,1,4,0,182892394,0,3,0.1,0.0,0.0,1.39425,1.3792200000000001,1.39075,0.0,XRPUSD,OV2|30a466|M15|S,
2026-05-05 02:33:14,182892457,2026-05-05T02:33:14+00:00,1777948394772,2026-05-05T02:33:14+00:00,1777948394772,1970-01-01T00:00:00+00:00,0,0,1,4,0,182892457,0,3,0.1,0.0,0.0,183.714,184.058,183.8,0.0,EURJPY,OV2|418211|H1|B,
2026-05-05 02:33:17,182892464,2026-05-05T02:33:17+00:00,1777948397701,2026-05-05T02:33:17+00:00,1777948397701,1970-01-01T00:00:00+00:00,0,0,1,4,0,182892464,0,3,0.1,0.0,0.0,183.709,184.053,183.795,0.0,EURJPY,OV2|356142|M15|B,
2026-05-05 02:55:00,182895923,2026-05-05T02:55:00+00:00,1777949700147,2026-05-05T02:55:00+00:00,1777949700148,1970-01-01T00:00:00+00:00,0,0,1,4,0,182895923,0,3,0.1,0.0,0.0,200.448,200.824,200.542,0.0,CHFJPY,OV2|4376f3|H1|B,
2026-05-05 02:58:31,182897486,2026-05-05T02:58:31+00:00,1777949911911,2026-05-05T02:58:31+00:00,1777949911911,1970-01-01T00:00:00+00:00,0,0,1,4,0,182897486,0,3,0.1,0.0,0.0,112.587,112.931,112.673,0.0,AUDJPY,OV2|1b5011|H4|B,
2026-05-05 03:00:29,182898304,2026-05-05T03:00:29+00:00,1777950029901,2026-05-05T03:00:29+00:00,1777950029901,1970-01-01T00:00:00+00:00,0,0,1,4,0,182898304,0,3,0.1,0.0,0.0,112.613,112.925,112.691,0.0,AUDJPY,OV2|5431e2|M15|B,
2026-05-05 03:03:07,182900283,2026-05-05T03:03:07+00:00,1777950187116,2026-05-05T03:03:07+00:00,1777950187116,1970-01-01T00:00:00+00:00,0,0,1,4,0,182900283,0,3,0.1,0.0,0.0,200.481,200.857,200.574,0.0,CHFJPY,OV2|53050d|M15|B,
2026-05-05 03:03:07,182900284,2026-05-05T03:03:07+00:00,1777950187163,2026-05-05T03:03:07+00:00,1777950187163,1970-01-01T00:00:00+00:00,0,0,1,4,0,182892381,0,4,0.1,0.0,1.3941,0.0,0.0,1.3941,0.0,XRPUSD,[sl 1.39410],
2026-05-05 03:03:09,182900331,2026-05-05T03:03:09+00:00,1777950189961,2026-05-05T03:03:09+00:00,1777950189961,1970-01-01T00:00:00+00:00,0,0,1,4,0,182892394,0,4,0.1,0.0,1.39425,0.0,0.0,1.39425,0.0,XRPUSD,[sl 1.39425],
2026-05-05 03:08:22,182904099,2026-05-05T03:08:22+00:00,1777950502100,2026-05-05T03:08:22+00:00,1777950502100,1970-01-01T00:00:00+00:00,1,0,1,4,0,182904099,0,3,0.1,0.0,0.0,1.3952499999999999,1.38126,1.39225,0.0,XRPUSD,OV2|360d94|H1|S,
2026-05-05 03:08:24,182904125,2026-05-05T03:08:24+00:00,1777950504839,2026-05-05T03:08:24+00:00,1777950504839,1970-01-01T00:00:00+00:00,1,0,1,4,0,182904125,0,3,0.1,0.0,0.0,1.39535,1.38126,1.39225,0.0,XRPUSD,OV2|37adab|M15|S,
2026-05-05 03:18:34,182911983,2026-05-05T03:18:34+00:00,1777951114817,2026-05-05T03:18:34+00:00,1777951114817,1970-01-01T00:00:00+00:00,1,0,1,4,0,182900283,0,4,0.1,0.0,200.481,0.0,0.0,200.481,0.0,CHFJPY,[sl 200.481],
2026-05-05 03:19:27,182912535,2026-05-05T03:19:27+00:00,1777951167514,2026-05-05T03:19:27+00:00,1777951167514,1970-01-01T00:00:00+00:00,0,0,1,4,0,182912535,0,3,0.1,0.0,0.0,212.632,213.024,212.73,0.0,GBPJPY,OV2|4caa98|H1|B,
2026-05-05 03:19:30,182912543,2026-05-05T03:19:30+00:00,1777951170027,2026-05-05T03:19:30+00:00,1777951170027,1970-01-01T00:00:00+00:00,0,0,1,4,0,182912543,0,3,0.1,0.0,0.0,212.636,213.02,212.732,0.0,GBPJPY,OV2|e32fd9|M15|B,
2026-05-05 03:21:18,182913914,2026-05-05T03:21:18+00:00,1777951278271,2026-05-05T03:21:18+00:00,1777951278271,1970-01-01T00:00:00+00:00,1,0,1,4,0,182898304,0,4,0.1,0.0,112.613,0.0,0.0,112.613,0.0,AUDJPY,[sl 112.613],
2026-05-05 03:24:02,182915864,2026-05-05T03:24:02+00:00,1777951442214,2026-05-05T03:24:02+00:00,1777951442214,1970-01-01T00:00:00+00:00,1,0,1,4,0,182897486,0,4,0.1,0.0,112.587,0.0,0.0,112.587,0.0,AUDJPY,[sl 112.587],
2026-05-05 03:33:07,182922043,2026-05-05T03:33:07+00:00,1777951987687,2026-05-05T03:33:07+00:00,1777951987687,1970-01-01T00:00:00+00:00,1,0,1,4,0,182922043,0,3,0.1,0.0,0.0,112.654,112.334,112.574,0.0,AUDJPY,OV2|3df05f|H1|S,
2026-05-05 03:33:10,182922063,2026-05-05T03:33:10+00:00,1777951990520,2026-05-05T03:33:10+00:00,1777951990520,1970-01-01T00:00:00+00:00,1,0,1,4,0,182922063,0,3,0.1,0.0,0.0,112.654,112.342,112.576,0.0,AUDJPY,OV2|7be00f|M15|S,
2026-05-05 03:33:33,182922163,2026-05-05T03:33:33+00:00,1777952013237,2026-05-05T03:33:33+00:00,1777952013237,1970-01-01T00:00:00+00:00,1,0,1,4,0,182895923,0,4,0.1,0.0,200.448,0.0,0.0,200.448,0.0,CHFJPY,[sl 200.448],
2026-05-05 03:35:45,182922775,2026-05-05T03:35:45+00:00,1777952145529,2026-05-05T03:35:45+00:00,1777952145529,1970-01-01T00:00:00+00:00,1,0,1,4,0,182912543,0,4,0.1,0.0,212.636,0.0,0.0,212.636,0.0,GBPJPY,[sl 212.636],
2026-05-05 03:38:01,182923578,2026-05-05T03:38:01+00:00,1777952281386,2026-05-05T03:38:01+00:00,1777952281386,1970-01-01T00:00:00+00:00,1,0,1,4,0,182923578,0,3,0.1,0.0,0.0,0.58708,0.58396,0.5863,0.0,NZDUSD,OV2|d54ac2|H4|S,
2026-05-05 03:38:01,182923579,2026-05-05T03:38:01+00:00,1777952281508,2026-05-05T03:38:01+00:00,1777952281508,1970-01-01T00:00:00+00:00,1,0,1,4,0,182923579,0,3,0.1,0.0,0.0,1.16926,1.16654,1.16858,0.0,EURUSD,OV2|71926c|M5|S,
2026-05-05 03:38:51,182923830,2026-05-05T03:38:51+00:00,1777952331970,2026-05-05T03:38:51+00:00,1777952331970,1970-01-01T00:00:00+00:00,1,0,1,4,0,182923830,0,3,0.1,0.0,0.0,200.553,200.193,200.463,0.0,CHFJPY,OV2|486f21|H1|S,
2026-05-05 03:38:54,182923839,2026-05-05T03:38:54+00:00,1777952334873,2026-05-05T03:38:54+00:00,1777952334873,1970-01-01T00:00:00+00:00,1,0,1,4,0,182923839,0,3,0.1,0.0,0.0,200.562,200.17,200.464,0.0,CHFJPY,OV2|875cc9|M15|S,
2026-05-05 03:41:39,182924895,2026-05-05T03:41:39+00:00,1777952499077,2026-05-05T03:41:39+00:00,1777952499077,1970-01-01T00:00:00+00:00,1,0,1,4,0,182912535,0,4,0.1,0.0,212.632,0.0,0.0,212.632,0.0,GBPJPY,[sl 212.632],
2026-05-05 03:44:24,182925825,2026-05-05T03:44:24+00:00,1777952664500,2026-05-05T03:44:24+00:00,1777952664500,1970-01-01T00:00:00+00:00,1,0,1,4,0,182925825,0,3,0.1,0.0,0.0,0.58696,0.58392,0.5862,0.0,NZDUSD,OV2|d73f64|H1|S,
2026-05-05 03:48:29,182928239,2026-05-05T03:48:29+00:00,1777952909368,2026-05-05T03:48:29+00:00,1777952909369,1970-01-01T00:00:00+00:00,1,0,1,4,0,182928239,0,3,0.1,0.0,0.0,212.735,212.367,212.643,0.0,GBPJPY,OV2|5b0b86|H1|S,
2026-05-05 03:48:32,182928249,2026-05-05T03:48:32+00:00,1777952912377,2026-05-05T03:48:32+00:00,1777952912377,1970-01-01T00:00:00+00:00,1,0,1,4,0,182928249,0,3,0.1,0.0,0.0,212.736,212.352,212.636,0.0,GBPJPY,OV2|610ea5|M15|S,
2026-05-05 03:51:06,182929289,2026-05-05T03:51:06+00:00,1777953066560,2026-05-05T03:51:06+00:00,1777953066560,1970-01-01T00:00:00+00:00,0,0,1,4,0,182904099,0,4,0.1,0.0,1.3952499999999999,0.0,0.0,1.3952499999999999,0.0,XRPUSD,[sl 1.39525],
2026-05-05 03:51:06,182929292,2026-05-05T03:51:06+00:00,1777953066767,2026-05-05T03:51:06+00:00,1777953066767,1970-01-01T00:00:00+00:00,0,0,1,4,0,182904125,0,4,0.1,0.0,1.39535,0.0,0.0,1.39535,0.0,XRPUSD,[sl 1.39535],
2026-05-05 03:53:02,182929892,2026-05-05T03:53:02+00:00,1777953182379,2026-05-05T03:53:02+00:00,1777953182379,1970-01-01T00:00:00+00:00,1,0,1,4,0,182929892,0,3,0.1,0.0,0.0,1.3977,1.38242,1.3947,0.0,XRPUSD,OV2|b8aea2|H1|S,
2026-05-05 03:53:05,182929897,2026-05-05T03:53:05+00:00,1777953185293,2026-05-05T03:53:05+00:00,1777953185294,1970-01-01T00:00:00+00:00,1,0,1,4,0,182929897,0,3,0.1,0.0,0.0,1.3977,1.38242,1.3947,0.0,XRPUSD,OV2|4fc657|M15|S,
2026-05-05 04:00:59,182933391,2026-05-05T04:00:59+00:00,1777953659226,2026-05-05T04:00:59+00:00,1777953659226,1970-01-01T00:00:00+00:00,1,0,1,4,0,182892457,0,4,0.1,0.0,183.714,0.0,0.0,183.714,0.0,EURJPY,[sl 183.714],
2026-05-05 04:01:14,182933494,2026-05-05T04:01:14+00:00,1777953674701,2026-05-05T04:01:14+00:00,1777953674701,1970-01-01T00:00:00+00:00,1,0,1,4,0,182892464,0,4,0.1,0.0,183.709,0.0,0.0,183.709,0.0,EURJPY,[sl 183.709],
2026-05-05 04:01:26,182933541,2026-05-05T04:01:26+00:00,1777953686045,2026-05-05T04:01:26+00:00,1777953686045,1970-01-01T00:00:00+00:00,0,0,1,4,0,182933541,0,3,0.1,0.0,0.0,80096.09,80614.31,80112.59,0.0,BTCUSD,OV2|7443ca|M5|B,
2026-05-05 04:01:28,182933545,2026-05-05T04:01:28+00:00,1777953688551,2026-05-05T04:01:28+00:00,1777953688551,1970-01-01T00:00:00+00:00,0,0,1,4,0,182933545,0,3,0.1,0.0,0.0,80096.11,80614.33,80112.61,0.0,BTCUSD,OV2|68253d|H1|B,
2026-05-05 04:01:40,182933598,2026-05-05T04:01:40+00:00,1777953700338,2026-05-05T04:01:40+00:00,1777953700338,1970-01-01T00:00:00+00:00,1,0,1,4,0,182933541,0,4,0.1,0.0,80096.09,0.0,0.0,80096.09,0.0,BTCUSD,[sl 80096.09],
2026-05-05 04:01:40,182933599,2026-05-05T04:01:40+00:00,1777953700338,2026-05-05T04:01:40+00:00,1777953700339,1970-01-01T00:00:00+00:00,1,0,1,4,0,182933545,0,4,0.1,0.0,80096.11,0.0,0.0,80096.11,0.0,BTCUSD,[sl 80096.11],
2026-05-05 04:01:52,182933628,2026-05-05T04:01:52+00:00,1777953712353,2026-05-05T04:01:52+00:00,1777953712353,1970-01-01T00:00:00+00:00,1,0,1,4,0,182933628,0,3,0.1,0.0,0.0,183.802,183.482,183.722,0.0,EURJPY,OV2|c2fa0f|H1|S,
2026-05-05 04:01:55,182933632,2026-05-05T04:01:55+00:00,1777953715277,2026-05-05T04:01:55+00:00,1777953715277,1970-01-01T00:00:00+00:00,1,0,1,4,0,182933632,0,3,0.1,0.0,0.0,183.803,183.475,183.721,0.0,EURJPY,OV2|5f1ff7|M15|S,
2026-05-05 04:02:45,182934845,2026-05-05T04:02:45+00:00,1777953765368,2026-05-05T04:02:45+00:00,1777953765368,1970-01-01T00:00:00+00:00,0,0,1,4,0,182934845,0,3,0.1,0.0,0.0,80087.55,80624.38,80104.05,0.0,BTCUSD,OV2|b1de09|M5|B,
2026-05-05 04:02:48,182934872,2026-05-05T04:02:48+00:00,1777953768167,2026-05-05T04:02:48+00:00,1777953768167,1970-01-01T00:00:00+00:00,0,0,1,4,0,182934872,0,3,0.1,0.0,0.0,80088.58,80625.41,80105.08,0.0,BTCUSD,OV2|8c0c55|H1|B,
2026-05-05 04:03:22,182935319,2026-05-05T04:03:22+00:00,1777953802522,2026-05-05T04:03:22+00:00,1777953802522,1970-01-01T00:00:00+00:00,1,0,1,4,0,182934845,0,4,0.1,0.0,80087.55,0.0,0.0,80087.55,0.0,BTCUSD,[sl 80087.55],
2026-05-05 04:03:22,182935320,2026-05-05T04:03:22+00:00,1777953802522,2026-05-05T04:03:22+00:00,1777953802522,1970-01-01T00:00:00+00:00,1,0,1,4,0,182934872,0,4,0.1,0.0,80088.58,0.0,0.0,80088.58,0.0,BTCUSD,[sl 80088.58],
2026-05-05 04:04:31,182935700,2026-05-05T04:04:31+00:00,1777953871094,2026-05-05T04:04:31+00:00,1777953871094,1970-01-01T00:00:00+00:00,0,0,1,4,0,182935700,0,3,0.1,0.0,0.0,80098.63,80620.77,80115.13,0.0,BTCUSD,OV2|ba25be|M5|B,
2026-05-05 04:04:33,182935717,2026-05-05T04:04:33+00:00,1777953873691,2026-05-05T04:04:33+00:00,1777953873691,1970-01-01T00:00:00+00:00,0,0,1,4,0,182935717,0,3,0.1,0.0,0.0,80106.1,80629.81,80122.6,0.0,BTCUSD,OV2|440c6f|H1|B,
2026-05-05 04:09:26,182938145,2026-05-05T04:09:26+00:00,1777954166161,2026-05-05T04:09:26+00:00,1777954166161,1970-01-01T00:00:00+00:00,0,0,1,4,0,182929892,0,4,0.1,0.0,1.3977,0.0,0.0,1.3977,0.0,XRPUSD,[sl 1.39770],
2026-05-05 04:09:26,182938146,2026-05-05T04:09:26+00:00,1777954166161,2026-05-05T04:09:26+00:00,1777954166162,1970-01-01T00:00:00+00:00,0,0,1,4,0,182929897,0,4,0.1,0.0,1.3977,0.0,0.0,1.3977,0.0,XRPUSD,[sl 1.39770],
2026-05-05 04:14:29,182941685,2026-05-05T04:14:29+00:00,1777954469152,2026-05-05T04:14:29+00:00,1777954469152,1970-01-01T00:00:00+00:00,0,0,1,4,0,182786037,0,4,0.05,0.0,4539.61,0.0,0.0,4539.61,0.0,XAUUSD,[sl 4539.61],
2026-05-05 04:22:43,182945063,2026-05-05T04:22:43+00:00,1777954963938,2026-05-05T04:22:43+00:00,1777954963938,1970-01-01T00:00:00+00:00,1,0,1,4,0,182945063,0,3,0.1,0.0,0.0,111.71,109.11,111.11,0.0,UKOIL+,OV2|b45603|H1|S,
2026-05-05 04:22:47,182945083,2026-05-05T04:22:47+00:00,1777954967031,2026-05-05T04:22:47+00:00,1777954967032,1970-01-01T00:00:00+00:00,1,0,1,4,0,182945083,0,3,0.1,0.0,0.0,111.73,109.13,111.13,0.0,UKOIL+,OV2|1f309d|M15|S,
2026-05-05 04:37:01,182950661,2026-05-05T04:37:01+00:00,1777955821663,2026-05-05T04:37:01+00:00,1777955821664,1970-01-01T00:00:00+00:00,0,0,1,4,0,182784738,0,4,0.05,0.0,4540.33,0.0,0.0,4540.33,0.0,XAUUSD,[sl 4540.33],
2026-05-05 04:37:06,182950952,2026-05-05T04:37:06+00:00,1777955826573,2026-05-05T04:37:06+00:00,1777955826573,1970-01-01T00:00:00+00:00,0,0,1,4,0,182923830,0,4,0.1,0.0,200.553,0.0,0.0,200.553,0.0,CHFJPY,[sl 200.553],
2026-05-05 04:37:22,182951667,2026-05-05T04:37:22+00:00,1777955842361,2026-05-05T04:37:22+00:00,1777955842361,1970-01-01T00:00:00+00:00,0,0,1,4,0,182923839,0,4,0.1,0.0,200.562,0.0,0.0,200.562,0.0,CHFJPY,[sl 200.562],
2026-05-05 04:38:25,182952417,2026-05-05T04:38:25+00:00,1777955905816,2026-05-05T04:38:25+00:00,1777955905816,1970-01-01T00:00:00+00:00,0,0,1,4,0,182933628,0,4,0.1,0.0,183.802,0.0,0.0,183.802,0.0,EURJPY,[sl 183.802],
2026-05-05 04:38:25,182952418,2026-05-05T04:38:25+00:00,1777955905816,2026-05-05T04:38:25+00:00,1777955905817,1970-01-01T00:00:00+00:00,0,0,1,4,0,182933632,0,4,0.1,0.0,183.803,0.0,0.0,183.803,0.0,EURJPY,[sl 183.803],
2026-05-05 04:38:52,182952621,2026-05-05T04:38:52+00:00,1777955932625,2026-05-05T04:38:52+00:00,1777955932625,1970-01-01T00:00:00+00:00,1,0,1,4,0,182952621,0,3,0.1,0.0,0.0,183.838,183.502,183.754,0.0,EURJPY,OV2|2cea5f|H1|S,
2026-05-05 04:38:55,182952633,2026-05-05T04:38:55+00:00,1777955935734,2026-05-05T04:38:55+00:00,1777955935734,1970-01-01T00:00:00+00:00,1,0,1,4,0,182952633,0,3,0.1,0.0,0.0,183.838,183.502,183.754,0.0,EURJPY,OV2|3580bf|M15|S,
2026-05-05 04:43:12,182953586,2026-05-05T04:43:12+00:00,1777956192762,2026-05-05T04:43:12+00:00,1777956192763,1970-01-01T00:00:00+00:00,1,0,1,4,0,182953586,0,3,0.1,0.0,0.0,200.591,200.175,200.487,0.0,CHFJPY,OV2|d4b366|H1|S,
2026-05-05 04:43:17,182953666,2026-05-05T04:43:17+00:00,1777956197985,2026-05-05T04:43:17+00:00,1777956197985,1970-01-01T00:00:00+00:00,1,0,1,4,0,182953666,0,3,0.1,0.0,0.0,200.576,200.184,200.478,0.0,CHFJPY,OV2|24fe7e|H4|S,
2026-05-05 04:56:40,182956102,2026-05-05T04:56:40+00:00,1777957000492,2026-05-05T04:56:40+00:00,1777957000492,1970-01-01T00:00:00+00:00,0,0,1,4,0,182956102,0,3,0.1,0.0,0.0,0.78359,0.78631,0.78427,0.0,USDCHF,OV2|5bca29|H1|B,
2026-05-05 04:56:43,182956105,2026-05-05T04:56:43+00:00,1777957003139,2026-05-05T04:56:43+00:00,1777957003139,1970-01-01T00:00:00+00:00,0,0,1,4,0,182956105,0,3,0.1,0.0,0.0,0.78359,0.78631,0.78427,0.0,USDCHF,OV2|d82215|M15|B,
2026-05-05 05:01:16,182957357,2026-05-05T05:01:16+00:00,1777957276700,2026-05-05T05:01:16+00:00,1777957276700,1970-01-01T00:00:00+00:00,0,0,1,4,0,182957357,0,3,0.1,0.0,0.0,1.39435,1.40831,1.3973499999999999,0.0,XRPUSD,OV2|0f2c1d|M15|B,
2026-05-05 05:01:19,182957367,2026-05-05T05:01:19+00:00,1777957279635,2026-05-05T05:01:19+00:00,1777957279635,1970-01-01T00:00:00+00:00,0,0,1,4,0,182957367,0,3,0.1,0.0,0.0,1.3941,1.40856,1.3976,0.0,XRPUSD,OV2|ca04f4|H4|B,
2026-05-05 05:09:24,182959708,2026-05-05T05:09:24+00:00,1777957764197,2026-05-05T05:09:24+00:00,1777957764197,1970-01-01T00:00:00+00:00,0,0,1,4,0,182959708,0,3,0.1,0.0,0.0,115.354,115.698,115.44,0.0,CADJPY,OV2|a12d4c|H1|B,
2026-05-05 05:27:40,182963528,2026-05-05T05:27:40+00:00,1777958860380,2026-05-05T05:27:40+00:00,1777958860381,1970-01-01T00:00:00+00:00,0,0,1,4,0,182953666,0,4,0.1,0.0,200.576,0.0,0.0,200.576,0.0,CHFJPY,[sl 200.576],
2026-05-05 05:28:28,182963894,2026-05-05T05:28:28+00:00,1777958908577,2026-05-05T05:28:28+00:00,1777958908577,1970-01-01T00:00:00+00:00,0,0,1,4,0,182953586,0,4,0.1,0.0,200.591,0.0,0.0,200.591,0.0,CHFJPY,[sl 200.591],
2026-05-05 05:29:28,182964084,2026-05-05T05:29:28+00:00,1777958968835,2026-05-05T05:29:28+00:00,1777958968835,1970-01-01T00:00:00+00:00,0,0,1,4,0,182964084,0,3,0.1,0.0,0.0,200.491,200.859,200.583,0.0,CHFJPY,OV2|96e60d|H1|B,
2026-05-05 05:29:31,182964088,2026-05-05T05:29:31+00:00,1777958971830,2026-05-05T05:29:31+00:00,1777958971830,1970-01-01T00:00:00+00:00,0,0,1,4,0,182964088,0,3,0.1,0.0,0.0,200.486,200.878,200.584,0.0,CHFJPY,OV2|b7682d|M15|B,
2026-05-05 05:30:10,182964254,2026-05-05T05:30:10+00:00,1777959010583,2026-05-05T05:30:10+00:00,1777959010583,1970-01-01T00:00:00+00:00,0,0,1,4,0,182928239,0,4,0.1,0.0,212.735,0.0,0.0,212.735,0.0,GBPJPY,[sl 212.735],
2026-05-05 05:30:10,182964257,2026-05-05T05:30:10+00:00,1777959010867,2026-05-05T05:30:10+00:00,1777959010868,1970-01-01T00:00:00+00:00,0,0,1,4,0,182928249,0,4,0.1,0.0,212.736,0.0,0.0,212.736,0.0,GBPJPY,[sl 212.736],
2026-05-05 05:31:06,182964396,2026-05-05T05:31:06+00:00,1777959066182,2026-05-05T05:31:06+00:00,1777959066182,1970-01-01T00:00:00+00:00,0,0,1,4,0,182925825,0,4,0.1,0.0,0.58696,0.0,0.0,0.58696,0.0,NZDUSD,[sl 0.58696],
2026-05-05 05:39:08,182966535,2026-05-05T05:39:08+00:00,1777959548598,2026-05-05T05:39:08+00:00,1777959548599,1970-01-01T00:00:00+00:00,1,0,1,4,0,182935700,0,5,0.1,0.0,80620.77,0.0,0.0,80620.77,0.0,BTCUSD,[tp 80620.77],
2026-05-05 05:39:08,182966544,2026-05-05T05:39:08+00:00,1777959548694,2026-05-05T05:39:08+00:00,1777959548696,1970-01-01T00:00:00+00:00,1,0,1,4,0,182935717,0,5,0.1,0.0,80629.81,0.0,0.0,80629.81,0.0,BTCUSD,[tp 80629.81],
2026-05-05 05:39:32,182966689,2026-05-05T05:39:32+00:00,1777959572829,2026-05-05T05:39:32+00:00,1777959572829,1970-01-01T00:00:00+00:00,0,0,1,4,0,182966689,0,3,0.1,0.0,0.0,2373.72,2400.076,2375.22,0.0,ETHUSD,OV2|d83333|H1|B,
2026-05-05 05:39:35,182966697,2026-05-05T05:39:35+00:00,1777959575706,2026-05-05T05:39:35+00:00,1777959575706,1970-01-01T00:00:00+00:00,0,0,1,4,0,182966697,0,3,0.1,0.0,0.0,2373.649,2400.005,2375.149,0.0,ETHUSD,OV2|e0af1d|M15|B,
2026-05-05 05:40:01,182966755,2026-05-05T05:40:01+00:00,1777959601162,2026-05-05T05:40:01+00:00,1777959601162,1970-01-01T00:00:00+00:00,1,0,1,4,0,182966689,0,4,0.1,0.0,2373.72,0.0,0.0,2373.72,0.0,ETHUSD,[sl 2373.720],
2026-05-05 05:40:01,182966756,2026-05-05T05:40:01+00:00,1777959601162,2026-05-05T05:40:01+00:00,1777959601163,1970-01-01T00:00:00+00:00,1,0,1,4,0,182966697,0,4,0.1,0.0,2373.649,0.0,0.0,2373.649,0.0,ETHUSD,[sl 2373.649],
2026-05-05 05:40:30,182966884,2026-05-05T05:40:30+00:00,1777959630188,2026-05-05T05:40:30+00:00,1777959630188,1970-01-01T00:00:00+00:00,0,0,1,4,0,182966884,0,3,0.1,0.0,0.0,80653.44,81203.8,80673.13,0.0,BTCUSD,OV2|80cec7|M5|B,
2026-05-05 05:40:32,182966905,2026-05-05T05:40:32+00:00,1777959632964,2026-05-05T05:40:32+00:00,1777959632964,1970-01-01T00:00:00+00:00,0,0,1,4,0,182966905,0,3,0.1,0.0,0.0,80654.15,81206.51,80672.65,0.0,BTCUSD,OV2|acdeca|H1|B,
2026-05-05 05:40:40,182966955,2026-05-05T05:40:40+00:00,1777959640570,2026-05-05T05:40:40+00:00,1777959640570,1970-01-01T00:00:00+00:00,1,0,1,4,0,182966884,0,4,0.1,0.0,80653.44,0.0,0.0,80653.44,0.0,BTCUSD,[sl 80653.44],
2026-05-05 05:40:40,182966956,2026-05-05T05:40:40+00:00,1777959640570,2026-05-05T05:40:40+00:00,1777959640571,1970-01-01T00:00:00+00:00,1,0,1,4,0,182966905,0,4,0.1,0.0,80654.15,0.0,0.0,80654.15,0.0,BTCUSD,[sl 80654.15],
2026-05-05 05:41:58,182967365,2026-05-05T05:41:58+00:00,1777959718555,2026-05-05T05:41:58+00:00,1777959718555,1970-01-01T00:00:00+00:00,0,0,1,4,0,182967365,0,3,0.1,0.0,0.0,80686.7,81239.06,80706.01,0.0,BTCUSD,OV2|be92c6|M5|B,
2026-05-05 05:42:00,182967376,2026-05-05T05:42:00+00:00,1777959720953,2026-05-05T05:42:00+00:00,1777959720954,1970-01-01T00:00:00+00:00,0,0,1,4,0,182967376,0,3,0.1,0.0,0.0,80685.02,81200.28,80701.52,0.0,BTCUSD,OV2|b16311|H1|B,
2026-05-05 05:42:03,182967382,2026-05-05T05:42:03+00:00,1777959723078,2026-05-05T05:42:03+00:00,1777959723078,1970-01-01T00:00:00+00:00,1,0,1,4,0,182967365,0,4,0.1,0.0,80686.7,0.0,0.0,80686.7,0.0,BTCUSD,[sl 80686.70],
2026-05-05 05:42:03,182967384,2026-05-05T05:42:03+00:00,1777959723198,2026-05-05T05:42:03+00:00,1777959723199,1970-01-01T00:00:00+00:00,1,0,1,4,0,182967376,0,4,0.1,0.0,80685.02,0.0,0.0,80685.02,0.0,BTCUSD,[sl 80685.02],
2026-05-05 05:42:22,182967427,2026-05-05T05:42:22+00:00,1777959742654,2026-05-05T05:42:22+00:00,1777959742654,1970-01-01T00:00:00+00:00,0,0,1,4,0,182967427,0,3,0.1,0.0,0.0,80658.69,81187.52,80675.19,0.0,BTCUSD,OV2|48206b|H1|B,
2026-05-05 05:42:25,182967428,2026-05-05T05:42:25+00:00,1777959745541,2026-05-05T05:42:25+00:00,1777959745541,1970-01-01T00:00:00+00:00,0,0,1,4,0,182967428,0,3,0.1,0.0,0.0,80658.34,81187.41,80674.84,0.0,BTCUSD,OV2|bf1590|H4|B,
2026-05-05 05:42:31,182967437,2026-05-05T05:42:31+00:00,1777959751860,2026-05-05T05:42:31+00:00,1777959751860,1970-01-01T00:00:00+00:00,1,0,1,4,0,182967427,0,4,0.1,0.0,80658.69,0.0,0.0,80658.69,0.0,BTCUSD,[sl 80658.69],
2026-05-05 05:42:31,182967438,2026-05-05T05:42:31+00:00,1777959751860,2026-05-05T05:42:31+00:00,1777959751860,1970-01-01T00:00:00+00:00,1,0,1,4,0,182967428,0,4,0.1,0.0,80658.34,0.0,0.0,80658.34,0.0,BTCUSD,[sl 80658.34],
2026-05-05 05:43:51,182968673,2026-05-05T05:43:51+00:00,1777959831867,2026-05-05T05:43:51+00:00,1777959831867,1970-01-01T00:00:00+00:00,0,0,1,4,0,182968673,0,3,0.1,0.0,0.0,80739.96,81315.84,80756.46,0.0,BTCUSD,OV2|523971|H1|B,
2026-05-05 05:45:22,182969524,2026-05-05T05:45:22+00:00,1777959922806,2026-05-05T05:45:22+00:00,1777959922806,1970-01-01T00:00:00+00:00,0,0,1,4,0,182969524,0,3,0.1,0.0,0.0,80877.51,81451.78,80895.26,0.0,BTCUSD,OV2|64b624|M5|B,
2026-05-05 05:45:32,182969624,2026-05-05T05:45:32+00:00,1777959932966,2026-05-05T05:45:32+00:00,1777959932966,1970-01-01T00:00:00+00:00,1,0,1,4,0,182969524,0,4,0.1,0.0,80877.51,0.0,0.0,80877.51,0.0,BTCUSD,[sl 80877.51],
2026-05-05 05:46:08,182969968,2026-05-05T05:46:08+00:00,1777959968988,2026-05-05T05:46:08+00:00,1777959968988,1970-01-01T00:00:00+00:00,1,0,1,4,0,182968673,0,4,0.1,0.0,80739.96,0.0,0.0,80739.96,0.0,BTCUSD,[sl 80739.96],
2026-05-05 05:46:58,182970442,2026-05-05T05:46:58+00:00,1777960018009,2026-05-05T05:46:58+00:00,1777960018009,1970-01-01T00:00:00+00:00,0,0,1,4,0,182970442,0,3,0.1,0.0,0.0,80642.94,81291.76,80660.44,0.0,BTCUSD,OV2|6fe560|H1|B,
2026-05-05 05:47:02,182970475,2026-05-05T05:47:02+00:00,1777960022300,2026-05-05T05:47:02+00:00,1777960022300,1970-01-01T00:00:00+00:00,1,0,1,4,0,182970442,0,4,0.1,0.0,80642.94,0.0,0.0,80642.94,0.0,BTCUSD,[sl 80642.94],
2026-05-05 05:47:28,182970635,2026-05-05T05:47:28+00:00,1777960048270,2026-05-05T05:47:28+00:00,1777960048270,1970-01-01T00:00:00+00:00,0,0,1,4,0,182970635,0,3,0.1,0.0,0.0,2366.258,2393.085,2367.758,0.0,ETHUSD,OV2|a24771|H1|B,
2026-05-05 05:47:31,182970644,2026-05-05T05:47:31+00:00,1777960051213,2026-05-05T05:47:31+00:00,1777960051213,1970-01-01T00:00:00+00:00,0,0,1,4,0,182970644,0,3,0.1,0.0,0.0,2366.661,2393.488,2368.161,0.0,ETHUSD,OV2|4e50c3|M15|B,
2026-05-05 05:48:35,182971029,2026-05-05T05:48:35+00:00,1777960115477,2026-05-05T05:48:35+00:00,1777960115477,1970-01-01T00:00:00+00:00,1,0,1,4,0,182970644,0,4,0.1,0.0,2366.661,0.0,0.0,2366.661,0.0,ETHUSD,[sl 2366.661],
2026-05-05 05:48:49,182971116,2026-05-05T05:48:49+00:00,1777960129524,2026-05-05T05:48:49+00:00,1777960129525,1970-01-01T00:00:00+00:00,1,0,1,4,0,182970635,0,4,0.1,0.0,2366.258,0.0,0.0,2366.258,0.0,ETHUSD,[sl 2366.258],
2026-05-05 05:49:57,182971757,2026-05-05T05:49:57+00:00,1777960197739,2026-05-05T05:49:57+00:00,1777960197740,1970-01-01T00:00:00+00:00,0,0,1,4,0,182971757,0,3,0.1,0.0,0.0,80532.96,81223.89,80549.46,0.0,BTCUSD,OV2|01bd93|M5|B,
2026-05-05 05:50:00,182971773,2026-05-05T05:50:00+00:00,1777960200150,2026-05-05T05:50:00+00:00,1777960200150,1970-01-01T00:00:00+00:00,0,0,1,4,0,182971773,0,3,0.1,0.0,0.0,80539.64,81230.57,80556.14,0.0,BTCUSD,OV2|d0132a|H1|B,
2026-05-05 05:54:56,182974041,2026-05-05T05:54:56+00:00,1777960496510,2026-05-05T05:54:56+00:00,1777960496510,1970-01-01T00:00:00+00:00,1,0,1,4,0,182971773,0,4,0.1,0.0,80539.64,0.0,0.0,80539.64,0.0,BTCUSD,[sl 80539.64],
2026-05-05 05:54:59,182974070,2026-05-05T05:54:59+00:00,1777960499402,2026-05-05T05:54:59+00:00,1777960499402,1970-01-01T00:00:00+00:00,1,0,1,4,0,182971757,0,4,0.1,0.0,80532.96,0.0,0.0,80532.96,0.0,BTCUSD,[sl 80532.96],
2026-05-05 05:57:28,182976031,2026-05-05T05:57:28+00:00,1777960648080,2026-05-05T05:57:28+00:00,1777960648080,1970-01-01T00:00:00+00:00,0,0,1,4,0,182976031,0,3,0.1,0.0,0.0,80492.38,81177.24,80510.88,0.0,BTCUSD,OV2|d9099d|M5|B,
2026-05-05 05:57:30,182976049,2026-05-05T05:57:30+00:00,1777960650721,2026-05-05T05:57:30+00:00,1777960650721,1970-01-01T00:00:00+00:00,0,0,1,4,0,182976049,0,3,0.1,0.0,0.0,80493.8,81176.66,80510.3,0.0,BTCUSD,OV2|f67e2b|H1|B,
2026-05-05 06:02:30,182977643,2026-05-05T06:02:30+00:00,1777960950510,2026-05-05T06:02:30+00:00,1777960950510,1970-01-01T00:00:00+00:00,1,0,1,4,0,182976049,0,4,0.1,0.0,80493.8,0.0,0.0,80493.8,0.0,BTCUSD,[sl 80493.80],
2026-05-05 06:02:32,182977652,2026-05-05T06:02:32+00:00,1777960952872,2026-05-05T06:02:32+00:00,1777960952872,1970-01-01T00:00:00+00:00,1,0,1,4,0,182976031,0,4,0.1,0.0,80492.38,0.0,0.0,80492.38,0.0,BTCUSD,[sl 80492.38],
2026-05-05 06:03:10,182977739,2026-05-05T06:03:10+00:00,1777960990285,2026-05-05T06:03:10+00:00,1777960990286,1970-01-01T00:00:00+00:00,1,0,1,4,0,182964084,0,4,0.1,0.0,200.491,0.0,0.0,200.491,0.0,CHFJPY,[sl 200.491],
2026-05-05 06:03:58,182977950,2026-05-05T06:03:58+00:00,1777961038492,2026-05-05T06:03:58+00:00,1777961038492,1970-01-01T00:00:00+00:00,0,0,1,4,0,182977950,0,3,0.1,0.0,0.0,80462.95,81184.59,80481.45,0.0,BTCUSD,OV2|d0469a|M5|B,
2026-05-05 06:04:00,182977955,2026-05-05T06:04:00+00:00,1777961040202,2026-05-05T06:04:00+00:00,1777961040202,1970-01-01T00:00:00+00:00,1,0,1,4,0,182977950,0,4,0.1,0.0,80462.95,0.0,0.0,80462.95,0.0,BTCUSD,[sl 80462.95],
2026-05-05 06:04:00,182977963,2026-05-05T06:04:00+00:00,1777961040975,2026-05-05T06:04:00+00:00,1777961040975,1970-01-01T00:00:00+00:00,0,0,1,4,0,182977963,0,3,0.1,0.0,0.0,80451.92,81171.56,80468.71,0.0,BTCUSD,OV2|c1151d|H1|B,
2026-05-05 06:06:45,182978568,2026-05-05T06:06:45+00:00,1777961205951,2026-05-05T06:06:45+00:00,1777961205951,1970-01-01T00:00:00+00:00,0,0,1,4,0,182978568,0,3,0.1,0.0,0.0,80459.64,81128.88,80476.14,0.0,BTCUSD,OV2|0450f8|M5|B,
2026-05-05 06:45:10,182985729,2026-05-05T06:45:10+00:00,1777963510109,2026-05-05T06:45:10+00:00,1777963510109,1970-01-01T00:00:00+00:00,1,0,1,4,0,182957357,0,5,0.1,0.0,1.40831,0.0,0.0,1.40831,0.0,XRPUSD,[tp 1.40831],
2026-05-05 06:47:55,182986381,2026-05-05T06:47:55+00:00,1777963675041,2026-05-05T06:47:55+00:00,1777963675042,1970-01-01T00:00:00+00:00,1,0,1,4,0,182957367,0,5,0.1,0.0,1.40856,0.0,0.0,1.40856,0.0,XRPUSD,[tp 1.40856],
2026-05-05 06:49:01,182986462,2026-05-05T06:49:01+00:00,1777963741766,2026-05-05T06:49:01+00:00,1777963741766,1970-01-01T00:00:00+00:00,0,0,1,4,0,182986462,0,3,0.1,0.0,0.0,1.40621,1.4254,1.40955,0.0,XRPUSD,OV2|07a24f|H1|B,
2026-05-05 06:49:04,182986465,2026-05-05T06:49:04+00:00,1777963744731,2026-05-05T06:49:04+00:00,1777963744731,1970-01-01T00:00:00+00:00,0,0,1,4,0,182986465,0,3,0.1,0.0,0.0,1.40649,1.42583,1.40985,0.0,XRPUSD,OV2|49021e|M15|B,
2026-05-05 06:49:33,182986506,2026-05-05T06:49:33+00:00,1777963773415,2026-05-05T06:49:33+00:00,1777963773415,1970-01-01T00:00:00+00:00,1,0,1,4,0,182986462,0,4,0.1,0.0,1.40621,0.0,0.0,1.40621,0.0,XRPUSD,[sl 1.40621],
2026-05-05 06:49:33,182986507,2026-05-05T06:49:33+00:00,1777963773415,2026-05-05T06:49:33+00:00,1777963773416,1970-01-01T00:00:00+00:00,1,0,1,4,0,182986465,0,4,0.1,0.0,1.40649,0.0,0.0,1.40649,0.0,XRPUSD,[sl 1.40649],
2026-05-05 07:00:35,182988975,2026-05-05T07:00:35+00:00,1777964435707,2026-05-05T07:00:35+00:00,1777964435707,1970-01-01T00:00:00+00:00,0,0,1,4,0,182988975,0,3,0.1,0.0,0.0,1.40247,1.42103,1.4057,0.0,XRPUSD,OV2|a469cf|H1|B,
2026-05-05 07:00:38,182988979,2026-05-05T07:00:38+00:00,1777964438230,2026-05-05T07:00:38+00:00,1777964438230,1970-01-01T00:00:00+00:00,0,0,1,4,0,182988979,0,3,0.1,0.0,0.0,1.40262,1.42118,1.40585,0.0,XRPUSD,OV2|0bdb97|M15|B,
2026-05-05 07:03:55,182989543,2026-05-05T07:03:55+00:00,1777964635287,2026-05-05T07:03:55+00:00,1777964635287,1970-01-01T00:00:00+00:00,1,0,1,4,0,182989543,0,3,0.1,0.0,0.0,212.746,212.402,212.66,0.0,GBPJPY,OV2|d2352e|M15|S,
2026-05-05 07:03:57,182989561,2026-05-05T07:03:57+00:00,1777964637871,2026-05-05T07:03:57+00:00,1777964637872,1970-01-01T00:00:00+00:00,1,0,1,4,0,182989561,0,3,0.1,0.0,0.0,212.744,212.408,212.66,0.0,GBPJPY,OV2|9c6ed8|H4|S,
2026-05-05 07:10:44,182990944,2026-05-05T07:10:44+00:00,1777965044895,2026-05-05T07:10:44+00:00,1777965044895,1970-01-01T00:00:00+00:00,1,0,1,4,0,182988979,0,4,0.1,0.0,1.40262,0.0,0.0,1.40262,0.0,XRPUSD,[sl 1.40262],
2026-05-05 07:10:45,182990946,2026-05-05T07:10:45+00:00,1777965045874,2026-05-05T07:10:45+00:00,1777965045874,1970-01-01T00:00:00+00:00,1,0,1,4,0,182988975,0,4,0.1,0.0,1.40247,0.0,0.0,1.40247,0.0,XRPUSD,[sl 1.40247],
2026-05-05 07:13:34,182991137,2026-05-05T07:13:34+00:00,1777965214748,2026-05-05T07:13:34+00:00,1777965214749,1970-01-01T00:00:00+00:00,0,0,1,4,0,182991137,0,3,0.1,0.0,0.0,1.40116,1.4215200000000001,1.4047,0.0,XRPUSD,OV2|09e10b|H1|B,
2026-05-05 07:13:37,182991139,2026-05-05T07:13:37+00:00,1777965217659,2026-05-05T07:13:37+00:00,1777965217659,1970-01-01T00:00:00+00:00,0,0,1,4,0,182991139,0,3,0.1,0.0,0.0,1.4008,1.42156,1.4047,0.0,XRPUSD,OV2|66de46|M15|B,
2026-05-05 07:30:06,182994101,2026-05-05T07:30:06+00:00,1777966206437,2026-05-05T07:30:06+00:00,1777966206437,1970-01-01T00:00:00+00:00,0,0,1,4,0,182923578,0,4,0.1,0.0,0.58708,0.0,0.0,0.58708,0.0,NZDUSD,[sl 0.58708],
2026-05-05 07:30:26,182994598,2026-05-05T07:30:26+00:00,1777966226426,2026-05-05T07:30:26+00:00,1777966226426,1970-01-01T00:00:00+00:00,0,0,1,4,0,182922043,0,4,0.1,0.0,112.654,0.0,0.0,112.654,0.0,AUDJPY,[sl 112.654],
2026-05-05 07:30:26,182994599,2026-05-05T07:30:26+00:00,1777966226426,2026-05-05T07:30:26+00:00,1777966226427,1970-01-01T00:00:00+00:00,0,0,1,4,0,182922063,0,4,0.1,0.0,112.654,0.0,0.0,112.654,0.0,AUDJPY,[sl 112.654],
2026-05-05 07:30:27,182994611,2026-05-05T07:30:27+00:00,1777966227010,2026-05-05T07:30:27+00:00,1777966227010,1970-01-01T00:00:00+00:00,0,0,1,4,0,182989561,0,4,0.1,0.0,212.744,0.0,0.0,212.744,0.0,GBPJPY,[sl 212.744],
2026-05-05 07:30:27,182994616,2026-05-05T07:30:27+00:00,1777966227258,2026-05-05T07:30:27+00:00,1777966227258,1970-01-01T00:00:00+00:00,0,0,1,4,0,182989543,0,4,0.1,0.0,212.746,0.0,0.0,212.746,0.0,GBPJPY,[sl 212.746],
2026-05-05 07:31:00,182994762,2026-05-05T07:31:00+00:00,1777966260074,2026-05-05T07:31:00+00:00,1777966260074,1970-01-01T00:00:00+00:00,0,0,1,4,0,182994762,0,3,0.1,0.0,0.0,200.512,200.832,200.592,0.0,CHFJPY,OV2|3587a2|M15|B,
2026-05-05 07:31:33,182994887,2026-05-05T07:31:33+00:00,1777966293505,2026-05-05T07:31:33+00:00,1777966293505,1970-01-01T00:00:00+00:00,1,0,1,4,0,182991137,0,4,0.1,0.0,1.40116,0.0,0.0,1.40116,0.0,XRPUSD,[sl 1.40116],
2026-05-05 07:31:43,182994923,2026-05-05T07:31:43+00:00,1777966303445,2026-05-05T07:31:43+00:00,1777966303445,1970-01-01T00:00:00+00:00,0,0,1,4,0,182994923,0,3,0.1,0.0,0.0,1.3992,1.41598,1.4022000000000001,0.0,XRPUSD,OV2|d9f5c3|H1|B,
2026-05-05 07:32:39,182995198,2026-05-05T07:32:39+00:00,1777966359677,2026-05-05T07:32:39+00:00,1777966359677,1970-01-01T00:00:00+00:00,1,0,1,4,0,182991139,0,4,0.1,0.0,1.4008,0.0,0.0,1.4008,0.0,XRPUSD,[sl 1.40080],
2026-05-05 07:37:54,182995979,2026-05-05T07:37:54+00:00,1777966674785,2026-05-05T07:37:54+00:00,1777966674786,1970-01-01T00:00:00+00:00,0,0,1,4,0,182995979,0,3,0.1,0.0,0.0,1.39965,1.41656,1.40265,0.0,XRPUSD,OV2|e9f364|H1|B,
2026-05-05 07:41:24,182996197,2026-05-05T07:41:24+00:00,1777966884972,2026-05-05T07:41:24+00:00,1777966884972,1970-01-01T00:00:00+00:00,0,0,1,4,0,182996197,0,3,0.1,0.0,0.0,0.58635,0.58939,0.58711,0.0,NZDUSD,OV2|1bd7b5|H4|B,
2026-05-05 07:43:31,182996341,2026-05-05T07:43:31+00:00,1777967011322,2026-05-05T07:43:31+00:00,1777967011322,1970-01-01T00:00:00+00:00,0,0,1,4,0,182996341,0,3,0.1,0.0,0.0,212.6,212.952,212.688,0.0,GBPJPY,OV2|a04549|M15|B,
2026-05-05 07:43:34,182996349,2026-05-05T07:43:34+00:00,1777967014355,2026-05-05T07:43:34+00:00,1777967014356,1970-01-01T00:00:00+00:00,0,0,1,4,0,182996349,0,3,0.1,0.0,0.0,212.6,212.952,212.688,0.0,GBPJPY,OV2|dd514b|H4|B,
2026-05-05 07:45:27,182996450,2026-05-05T07:45:27+00:00,1777967127129,2026-05-05T07:45:27+00:00,1777967127129,1970-01-01T00:00:00+00:00,1,0,1,4,0,182995979,0,4,0.1,0.0,1.39965,0.0,0.0,1.39965,0.0,XRPUSD,[sl 1.39965],
2026-05-05 07:48:05,182997109,2026-05-05T07:48:05+00:00,1777967285999,2026-05-05T07:48:05+00:00,1777967285999,1970-01-01T00:00:00+00:00,1,0,1,4,0,182996197,0,4,0.1,0.0,0.58635,0.0,0.0,0.58635,0.0,NZDUSD,[sl 0.58635],
2026-05-05 07:54:34,182998595,2026-05-05T07:54:34+00:00,1777967674919,2026-05-05T07:54:34+00:00,1777967674920,1970-01-01T00:00:00+00:00,1,0,1,4,0,182994762,0,4,0.1,0.0,200.512,0.0,0.0,200.512,0.0,CHFJPY,[sl 200.512],
2026-05-05 07:55:19,182998749,2026-05-05T07:55:19+00:00,1777967719921,2026-05-05T07:55:19+00:00,1777967719921,1970-01-01T00:00:00+00:00,1,0,1,4,0,182964088,0,4,0.1,0.0,200.486,0.0,0.0,200.486,0.0,CHFJPY,[sl 200.486],
2026-05-05 07:56:03,182999127,2026-05-05T07:56:03+00:00,1777967763131,2026-05-05T07:56:03+00:00,1777967763131,1970-01-01T00:00:00+00:00,1,0,1,4,0,182996341,0,4,0.1,0.0,212.6,0.0,0.0,212.6,0.0,GBPJPY,[sl 212.600],
2026-05-05 07:56:03,182999128,2026-05-05T07:56:03+00:00,1777967763131,2026-05-05T07:56:03+00:00,1777967763132,1970-01-01T00:00:00+00:00,1,0,1,4,0,182996349,0,4,0.1,0.0,212.6,0.0,0.0,212.6,0.0,GBPJPY,[sl 212.600],
2026-05-05 08:01:13,183000457,2026-05-05T08:01:13+00:00,1777968073160,2026-05-05T08:01:13+00:00,1777968073160,1970-01-01T00:00:00+00:00,1,0,1,4,0,183000457,0,3,0.1,0.0,0.0,0.58656,0.58344,0.58578,0.0,NZDUSD,OV2|e38d9d|H1|S,
2026-05-05 08:01:15,183000465,2026-05-05T08:01:15+00:00,1777968075809,2026-05-05T08:01:15+00:00,1777968075809,1970-01-01T00:00:00+00:00,1,0,1,4,0,183000465,0,3,0.1,0.0,0.0,0.58656,0.58344,0.58578,0.0,NZDUSD,OV2|aaf0bb|M15|S,
2026-05-05 08:04:17,183001197,2026-05-05T08:04:17+00:00,1777968257724,2026-05-05T08:04:17+00:00,1777968257724,1970-01-01T00:00:00+00:00,1,0,1,4,0,183001197,0,3,0.1,0.0,0.0,200.553,200.185,200.462,0.0,CHFJPY,OV2|5b2cd9|H1|S,
2026-05-05 08:04:20,183001201,2026-05-05T08:04:20+00:00,1777968260591,2026-05-05T08:04:20+00:00,1777968260591,1970-01-01T00:00:00+00:00,1,0,1,4,0,183001201,0,3,0.1,0.0,0.0,200.556,200.188,200.464,0.0,CHFJPY,OV2|669d00|M15|S,
2026-05-05 08:06:45,183001645,2026-05-05T08:06:45+00:00,1777968405466,2026-05-05T08:06:45+00:00,1777968405466,1970-01-01T00:00:00+00:00,1,0,1,4,0,182994923,0,4,0.1,0.0,1.3992,0.0,0.0,1.3992,0.0,XRPUSD,[sl 1.39920],
2026-05-05 08:06:56,183001988,2026-05-05T08:06:56+00:00,1777968416868,2026-05-05T08:06:56+00:00,1777968416868,1970-01-01T00:00:00+00:00,1,0,1,4,0,183001988,0,3,0.1,0.0,0.0,212.683,212.339,212.595,0.0,GBPJPY,OV2|ba4c60|H1|S,
2026-05-05 08:06:59,183002006,2026-05-05T08:06:59+00:00,1777968419406,2026-05-05T08:06:59+00:00,1777968419406,1970-01-01T00:00:00+00:00,1,0,1,4,0,183002006,0,3,0.1,0.0,0.0,212.68,212.336,212.594,0.0,GBPJPY,OV2|906b09|M15|S,
2026-05-05 08:24:51,183008053,2026-05-05T08:24:51+00:00,1777969491844,2026-05-05T08:24:51+00:00,1777969491844,1970-01-01T00:00:00+00:00,1,0,1,4,0,182978568,0,5,0.1,0.0,81128.88,0.0,0.0,81128.88,0.0,BTCUSD,[tp 81128.88],
2026-05-05 08:24:54,183008078,2026-05-05T08:24:54+00:00,1777969494814,2026-05-05T08:24:54+00:00,1777969494815,1970-01-01T00:00:00+00:00,1,0,1,4,0,182977963,0,5,0.1,0.0,81171.56,0.0,0.0,81171.56,0.0,BTCUSD,[tp 81171.56],
2026-05-05 08:25:39,183008197,2026-05-05T08:25:39+00:00,1777969539330,2026-05-05T08:25:39+00:00,1777969539330,1970-01-01T00:00:00+00:00,0,0,1,4,0,183008197,0,3,0.1,0.0,0.0,81119.41,81740.32,81137.91,0.0,BTCUSD,OV2|f91a29|H1|B,
2026-05-05 08:25:41,183008203,2026-05-05T08:25:41+00:00,1777969541173,2026-05-05T08:25:41+00:00,1777969541173,1970-01-01T00:00:00+00:00,0,0,1,4,0,183008203,0,3,0.1,0.0,0.0,81120.06,81740.97,81138.56,0.0,BTCUSD,OV2|4228a8|M5|B,
2026-05-05 08:25:49,183008220,2026-05-05T08:25:49+00:00,1777969549428,2026-05-05T08:25:49+00:00,1777969549428,1970-01-01T00:00:00+00:00,1,0,1,4,0,183008197,0,4,0.1,0.0,81119.41,0.0,0.0,81119.41,0.0,BTCUSD,[sl 81119.41],
2026-05-05 08:25:49,183008221,2026-05-05T08:25:49+00:00,1777969549428,2026-05-05T08:25:49+00:00,1777969549428,1970-01-01T00:00:00+00:00,1,0,1,4,0,183008203,0,4,0.1,0.0,81120.06,0.0,0.0,81120.06,0.0,BTCUSD,[sl 81120.06],
2026-05-05 08:27:00,183008887,2026-05-05T08:27:00+00:00,1777969620264,2026-05-05T08:27:00+00:00,1777969620265,1970-01-01T00:00:00+00:00,0,0,1,4,0,183008887,0,3,0.1,0.0,0.0,81089.24,81654.06,81108.54,0.0,BTCUSD,OV2|d7aaf0|M5|B,
2026-05-05 08:27:02,183008901,2026-05-05T08:27:02+00:00,1777969622720,2026-05-05T08:27:02+00:00,1777969622720,1970-01-01T00:00:00+00:00,0,0,1,4,0,183008901,0,3,0.1,0.0,0.0,81089.1,81654.82,81107.65,0.0,BTCUSD,OV2|f9490f|H1|B,
2026-05-05 08:29:00,183009192,2026-05-05T08:29:00+00:00,1777969740887,2026-05-05T08:29:00+00:00,1777969740887,1970-01-01T00:00:00+00:00,1,0,1,4,0,183008887,0,4,0.1,0.0,81089.24,0.0,0.0,81089.24,0.0,BTCUSD,[sl 81089.24],
2026-05-05 08:29:00,183009193,2026-05-05T08:29:00+00:00,1777969740887,2026-05-05T08:29:00+00:00,1777969740887,1970-01-01T00:00:00+00:00,1,0,1,4,0,183008901,0,4,0.1,0.0,81089.1,0.0,0.0,81089.1,0.0,BTCUSD,[sl 81089.10],
2026-05-05 08:29:38,183009457,2026-05-05T08:29:38+00:00,1777969778884,2026-05-05T08:29:38+00:00,1777969778884,1970-01-01T00:00:00+00:00,0,0,1,4,0,183009457,0,3,0.1,0.0,0.0,81028.54,81646.82,81045.04,0.0,BTCUSD,OV2|df51ba|H1|B,
2026-05-05 08:29:41,183009461,2026-05-05T08:29:41+00:00,1777969781795,2026-05-05T08:29:41+00:00,1777969781795,1970-01-01T00:00:00+00:00,0,0,1,4,0,183009461,0,3,0.1,0.0,0.0,81039.47,81657.75,81056.02,0.0,BTCUSD,OV2|5b1d3c|H4|B,
2026-05-05 08:30:32,183009881,2026-05-05T08:30:32+00:00,1777969832150,2026-05-05T08:30:32+00:00,1777969832150,1970-01-01T00:00:00+00:00,1,0,1,4,0,183009461,0,4,0.1,0.0,81039.47,0.0,0.0,81039.47,0.0,BTCUSD,[sl 81039.47],
2026-05-05 08:30:35,183009890,2026-05-05T08:30:35+00:00,1777969835508,2026-05-05T08:30:35+00:00,1777969835508,1970-01-01T00:00:00+00:00,1,0,1,4,0,183009457,0,4,0.1,0.0,81028.54,0.0,0.0,81028.54,0.0,BTCUSD,[sl 81028.54],
2026-05-05 08:31:53,183010157,2026-05-05T08:31:53+00:00,1777969913346,2026-05-05T08:31:53+00:00,1777969913346,1970-01-01T00:00:00+00:00,1,0,1,4,0,183010157,0,3,0.1,0.0,0.0,112.41,112.074,112.328,0.0,AUDJPY,OV2|378c31|H1|S,
2026-05-05 08:31:56,183010165,2026-05-05T08:31:56+00:00,1777969916025,2026-05-05T08:31:56+00:00,1777969916025,1970-01-01T00:00:00+00:00,1,0,1,4,0,183010165,0,3,0.1,0.0,0.0,112.409,112.073,112.324,0.0,AUDJPY,OV2|05961b|M15|S,
2026-05-05 08:31:58,183010173,2026-05-05T08:31:58+00:00,1777969918077,2026-05-05T08:31:58+00:00,1777969918077,1970-01-01T00:00:00+00:00,0,0,1,4,0,183010173,0,3,0.1,0.0,0.0,81014.07,81597.63,81030.57,0.0,BTCUSD,OV2|560d6f|M5|B,
2026-05-05 08:32:00,183010233,2026-05-05T08:32:00+00:00,1777969920623,2026-05-05T08:32:00+00:00,1777969920624,1970-01-01T00:00:00+00:00,0,0,1,4,0,183010233,0,3,0.1,0.0,0.0,81013.65,81597.21,81030.15,0.0,BTCUSD,OV2|56e276|H1|B,
2026-05-05 08:32:32,183010394,2026-05-05T08:32:32+00:00,1777969952841,2026-05-05T08:32:32+00:00,1777969952842,1970-01-01T00:00:00+00:00,1,0,1,4,0,183010173,0,4,0.1,0.0,81014.07,0.0,0.0,81014.07,0.0,BTCUSD,[sl 81014.07],
2026-05-05 08:32:32,183010395,2026-05-05T08:32:32+00:00,1777969952841,2026-05-05T08:32:32+00:00,1777969952842,1970-01-01T00:00:00+00:00,1,0,1,4,0,183010233,0,4,0.1,0.0,81013.65,0.0,0.0,81013.65,0.0,BTCUSD,[sl 81013.65],
2026-05-05 08:33:26,183010620,2026-05-05T08:33:26+00:00,1777970006905,2026-05-05T08:33:26+00:00,1777970006906,1970-01-01T00:00:00+00:00,0,0,1,4,0,183010620,0,3,0.1,0.0,0.0,81035.87,81610.1,81056.11,0.0,BTCUSD,OV2|d82d79|M5|B,
2026-05-05 08:33:29,183010629,2026-05-05T08:33:29+00:00,1777970009374,2026-05-05T08:33:29+00:00,1777970009374,1970-01-01T00:00:00+00:00,0,0,1,4,0,183010629,0,3,0.1,0.0,0.0,81039.04,81611.27,81055.54,0.0,BTCUSD,OV2|5b9fc2|H1|B,
2026-05-05 08:34:59,183011880,2026-05-05T08:34:59+00:00,1777970099110,2026-05-05T08:34:59+00:00,1777970099110,1970-01-01T00:00:00+00:00,0,0,1,4,0,183000457,0,4,0.1,0.0,0.58656,0.0,0.0,0.58656,0.0,NZDUSD,[sl 0.58656],
2026-05-05 08:34:59,183011881,2026-05-05T08:34:59+00:00,1777970099110,2026-05-05T08:34:59+00:00,1777970099110,1970-01-01T00:00:00+00:00,0,0,1,4,0,183000465,0,4,0.1,0.0,0.58656,0.0,0.0,0.58656,0.0,NZDUSD,[sl 0.58656],
2026-05-05 08:35:35,183013039,2026-05-05T08:35:35+00:00,1777970135704,2026-05-05T08:35:35+00:00,1777970135704,1970-01-01T00:00:00+00:00,0,0,1,4,0,183001197,0,4,0.1,0.0,200.553,0.0,0.0,200.553,0.0,CHFJPY,[sl 200.553],
2026-05-05 08:35:35,183013040,2026-05-05T08:35:35+00:00,1777970135704,2026-05-05T08:35:35+00:00,1777970135705,1970-01-01T00:00:00+00:00,0,0,1,4,0,183001201,0,4,0.1,0.0,200.556,0.0,0.0,200.556,0.0,CHFJPY,[sl 200.556],
2026-05-05 08:38:22,183014374,2026-05-05T08:38:22+00:00,1777970302012,2026-05-05T08:38:22+00:00,1777970302013,1970-01-01T00:00:00+00:00,1,0,1,4,0,183014374,0,3,0.1,0.0,0.0,200.611,200.267,200.525,0.0,CHFJPY,OV2|6411c5|H1|S,
2026-05-05 08:38:25,183014394,2026-05-05T08:38:25+00:00,1777970305019,2026-05-05T08:38:25+00:00,1777970305019,1970-01-01T00:00:00+00:00,1,0,1,4,0,183014394,0,3,0.1,0.0,0.0,200.613,200.269,200.527,0.0,CHFJPY,OV2|008cc6|M15|S,
2026-05-05 08:38:30,183014428,2026-05-05T08:38:30+00:00,1777970310572,2026-05-05T08:38:30+00:00,1777970310572,1970-01-01T00:00:00+00:00,1,0,1,4,0,183014428,0,3,0.1,0.0,0.0,0.58752,0.5844,0.58674,0.0,NZDUSD,OV2|ff44cc|H1|S,
2026-05-05 08:38:33,183014446,2026-05-05T08:38:33+00:00,1777970313016,2026-05-05T08:38:33+00:00,1777970313016,1970-01-01T00:00:00+00:00,1,0,1,4,0,183014446,0,3,0.1,0.0,0.0,0.58751,0.58439,0.58673,0.0,NZDUSD,OV2|27166c|M15|S,
2026-05-05 08:44:49,183017521,2026-05-05T08:44:49+00:00,1777970689436,2026-05-05T08:44:49+00:00,1777970689436,1970-01-01T00:00:00+00:00,1,0,1,4,0,183010629,0,4,0.1,0.0,81039.04,0.0,0.0,81039.04,0.0,BTCUSD,[sl 81039.04],
2026-05-05 08:44:52,183017528,2026-05-05T08:44:52+00:00,1777970692535,2026-05-05T08:44:52+00:00,1777970692535,1970-01-01T00:00:00+00:00,1,0,1,4,0,183010620,0,4,0.1,0.0,81035.87,0.0,0.0,81035.87,0.0,BTCUSD,[sl 81035.87],
2026-05-05 08:45:40,183017789,2026-05-05T08:45:40+00:00,1777970740756,2026-05-05T08:45:40+00:00,1777970740757,1970-01-01T00:00:00+00:00,0,0,1,4,0,183017789,0,3,0.1,0.0,0.0,80990.16,81772.72,81008.66,0.0,BTCUSD,OV2|237ca1|M5|B,
2026-05-05 08:45:43,183017797,2026-05-05T08:45:43+00:00,1777970743175,2026-05-05T08:45:43+00:00,1777970743175,1970-01-01T00:00:00+00:00,0,0,1,4,0,183017797,0,3,0.1,0.0,0.0,80988.91,81771.47,81008.77,0.0,BTCUSD,OV2|f13dc2|H1|B,
2026-05-05 08:45:46,183017805,2026-05-05T08:45:46+00:00,1777970746222,2026-05-05T08:45:46+00:00,1777970746223,1970-01-01T00:00:00+00:00,1,0,1,4,0,183017789,0,4,0.1,0.0,80990.16,0.0,0.0,80990.16,0.0,BTCUSD,[sl 80990.16],
2026-05-05 08:45:47,183017806,2026-05-05T08:45:47+00:00,1777970747167,2026-05-05T08:45:47+00:00,1777970747167,1970-01-01T00:00:00+00:00,1,0,1,4,0,183017797,0,4,0.1,0.0,80988.91,0.0,0.0,80988.91,0.0,BTCUSD,[sl 80988.91],
2026-05-05 08:47:26,183018141,2026-05-05T08:47:26+00:00,1777970846147,2026-05-05T08:47:26+00:00,1777970846147,1970-01-01T00:00:00+00:00,0,0,1,4,0,183018141,0,3,0.1,0.0,0.0,2378.716,2404.316,2380.216,0.0,ETHUSD,OV2|75ede5|H1|B,
2026-05-05 08:47:28,183018145,2026-05-05T08:47:28+00:00,1777970848918,2026-05-05T08:47:28+00:00,1777970848918,1970-01-01T00:00:00+00:00,0,0,1,4,0,183018145,0,3,0.1,0.0,0.0,2378.608,2404.208,2380.108,0.0,ETHUSD,OV2|7d4301|M15|B,
2026-05-05 08:47:42,183018194,2026-05-05T08:47:42+00:00,1777970862961,2026-05-05T08:47:42+00:00,1777970862961,1970-01-01T00:00:00+00:00,1,0,1,4,0,183018141,0,4,0.1,0.0,2378.716,0.0,0.0,2378.716,0.0,ETHUSD,[sl 2378.716],
2026-05-05 08:47:42,183018195,2026-05-05T08:47:42+00:00,1777970862961,2026-05-05T08:47:42+00:00,1777970862962,1970-01-01T00:00:00+00:00,1,0,1,4,0,183018145,0,4,0.1,0.0,2378.608,0.0,0.0,2378.608,0.0,ETHUSD,[sl 2378.608],
2026-05-05 08:48:46,183018384,2026-05-05T08:48:46+00:00,1777970926315,2026-05-05T08:48:46+00:00,1777970926315,1970-01-01T00:00:00+00:00,0,0,1,4,0,183018384,0,3,0.1,0.0,0.0,80938.15,81721.97,80956.65,0.0,BTCUSD,OV2|307cc7|H1|B,
2026-05-05 08:48:49,183018392,2026-05-05T08:48:49+00:00,1777970929961,2026-05-05T08:48:49+00:00,1777970929961,1970-01-01T00:00:00+00:00,0,0,1,4,0,183018392,0,3,0.1,0.0,0.0,80938.63,81722.45,80957.13,0.0,BTCUSD,OV2|ad228c|H4|B,
2026-05-05 08:48:57,183018415,2026-05-05T08:48:57+00:00,1777970937778,2026-05-05T08:48:57+00:00,1777970937778,1970-01-01T00:00:00+00:00,1,0,1,4,0,183018384,0,4,0.1,0.0,80938.15,0.0,0.0,80938.15,0.0,BTCUSD,[sl 80938.15],
2026-05-05 08:48:57,183018416,2026-05-05T08:48:57+00:00,1777970937778,2026-05-05T08:48:57+00:00,1777970937779,1970-01-01T00:00:00+00:00,1,0,1,4,0,183018392,0,4,0.1,0.0,80938.63,0.0,0.0,80938.63,0.0,BTCUSD,[sl 80938.63],
2026-05-05 08:49:20,183018441,2026-05-05T08:49:20+00:00,1777970960411,2026-05-05T08:49:20+00:00,1777970960411,1970-01-01T00:00:00+00:00,0,0,1,4,0,183018441,0,3,0.1,0.0,0.0,80937.7,81726.12,80956.2,0.0,BTCUSD,OV2|6101d0|M5|B,
2026-05-05 08:49:23,183018455,2026-05-05T08:49:23+00:00,1777970963791,2026-05-05T08:49:23+00:00,1777970963791,1970-01-01T00:00:00+00:00,0,0,1,4,0,183018455,0,3,0.1,0.0,0.0,80950.87,81739.29,80970.13,0.0,BTCUSD,OV2|64d79f|H1|B,
2026-05-05 08:49:28,183018490,2026-05-05T08:49:28+00:00,1777970968665,2026-05-05T08:49:28+00:00,1777970968665,1970-01-01T00:00:00+00:00,1,0,1,4,0,183018455,0,4,0.1,0.0,80950.87,0.0,0.0,80950.87,0.0,BTCUSD,[sl 80950.87],
2026-05-05 08:50:55,183018847,2026-05-05T08:50:55+00:00,1777971055533,2026-05-05T08:50:55+00:00,1777971055533,1970-01-01T00:00:00+00:00,0,0,1,4,0,183018847,0,3,0.1,0.0,0.0,81014.95,81833.4,81031.45,0.0,BTCUSD,OV2|479d28|M5|B,
2026-05-05 08:52:02,183019015,2026-05-05T08:52:02+00:00,1777971122920,2026-05-05T08:52:02+00:00,1777971122921,1970-01-01T00:00:00+00:00,1,0,1,4,0,183018847,0,4,0.1,0.0,81014.95,0.0,0.0,81014.95,0.0,BTCUSD,[sl 81014.95],
2026-05-05 08:52:24,183019063,2026-05-05T08:52:24+00:00,1777971144459,2026-05-05T08:52:24+00:00,1777971144459,1970-01-01T00:00:00+00:00,0,0,1,4,0,183019063,0,3,0.1,0.0,0.0,80996.63,81819.45,81013.13,0.0,BTCUSD,OV2|d140eb|M5|B,
2026-05-05 08:52:31,183019077,2026-05-05T08:52:31+00:00,1777971151702,2026-05-05T08:52:31+00:00,1777971151702,1970-01-01T00:00:00+00:00,1,0,1,4,0,183019063,0,4,0.1,0.0,80996.63,0.0,0.0,80996.63,0.0,BTCUSD,[sl 80996.63],
2026-05-05 08:53:56,183019333,2026-05-05T08:53:56+00:00,1777971236807,2026-05-05T08:53:56+00:00,1777971236807,1970-01-01T00:00:00+00:00,0,0,1,4,0,183019333,0,3,0.1,0.0,0.0,80974.87,81810.89,80995.78,0.0,BTCUSD,OV2|c26d2d|M5|B,
2026-05-05 08:56:19,183020126,2026-05-05T08:56:19+00:00,1777971379121,2026-05-05T08:56:19+00:00,1777971379121,1970-01-01T00:00:00+00:00,1,0,1,4,0,183019333,0,4,0.1,0.0,80974.87,0.0,0.0,80974.87,0.0,BTCUSD,[sl 80974.87],
2026-05-05 08:57:27,183020226,2026-05-05T08:57:27+00:00,1777971447525,2026-05-05T08:57:27+00:00,1777971447525,1970-01-01T00:00:00+00:00,0,0,1,4,0,183020226,0,3,0.1,0.0,0.0,80965.0,81751.68,80981.5,0.0,BTCUSD,OV2|41db2b|M5|B,
2026-05-05 08:57:32,183020240,2026-05-05T08:57:32+00:00,1777971452465,2026-05-05T08:57:32+00:00,1777971452465,1970-01-01T00:00:00+00:00,1,0,1,4,0,183020226,0,4,0.1,0.0,80965.0,0.0,0.0,80965.0,0.0,BTCUSD,[sl 80965.00],
2026-05-05 08:58:50,183020374,2026-05-05T08:58:50+00:00,1777971530346,2026-05-05T08:58:50+00:00,1777971530346,1970-01-01T00:00:00+00:00,0,0,1,4,0,183020374,0,3,0.1,0.0,0.0,80974.11,81767.4,80990.61,0.0,BTCUSD,OV2|d49250|H1|B,
2026-05-05 08:59:18,183020435,2026-05-05T08:59:18+00:00,1777971558004,2026-05-05T08:59:18+00:00,1777971558004,1970-01-01T00:00:00+00:00,1,0,1,4,0,183020374,0,4,0.1,0.0,80974.11,0.0,0.0,80974.11,0.0,BTCUSD,[sl 80974.11],
2026-05-05 09:00:34,183021254,2026-05-05T09:00:34+00:00,1777971634399,2026-05-05T09:00:34+00:00,1777971634399,1970-01-01T00:00:00+00:00,0,0,1,4,0,183021254,0,3,0.1,0.0,0.0,1.39919,1.42083,1.40295,0.0,XRPUSD,OV2|c39510|H1|B,
2026-05-05 09:00:37,183021271,2026-05-05T09:00:37+00:00,1777971637397,2026-05-05T09:00:37+00:00,1777971637397,1970-01-01T00:00:00+00:00,0,0,1,4,0,183021271,0,3,0.1,0.0,0.0,1.39909,1.42073,1.40285,0.0,XRPUSD,OV2|709316|M15|B,
2026-05-05 09:01:31,183021972,2026-05-05T09:01:31+00:00,1777971691416,2026-05-05T09:01:31+00:00,1777971691416,1970-01-01T00:00:00+00:00,0,0,1,4,0,183002006,0,4,0.1,0.0,212.68,0.0,0.0,212.68,0.0,GBPJPY,[sl 212.680],
2026-05-05 09:01:52,183022082,2026-05-05T09:01:52+00:00,1777971712626,2026-05-05T09:01:52+00:00,1777971712626,1970-01-01T00:00:00+00:00,1,0,1,4,0,183018441,0,4,0.1,0.0,80937.7,0.0,0.0,80937.7,0.0,BTCUSD,[sl 80937.70],
2026-05-05 09:02:35,183022521,2026-05-05T09:02:35+00:00,1777971755911,2026-05-05T09:02:35+00:00,1777971755911,1970-01-01T00:00:00+00:00,0,0,1,4,0,183022521,0,3,0.1,0.0,0.0,80972.13,81785.13,80988.63,0.0,BTCUSD,OV2|1c23bb|M5|B,
2026-05-05 09:02:55,183022604,2026-05-05T09:02:55+00:00,1777971775902,2026-05-05T09:02:55+00:00,1777971775902,1970-01-01T00:00:00+00:00,1,0,1,4,0,183022521,0,4,0.1,0.0,80972.13,0.0,0.0,80972.13,0.0,BTCUSD,[sl 80972.13],
2026-05-05 09:04:08,183022739,2026-05-05T09:04:08+00:00,1777971848964,2026-05-05T09:04:08+00:00,1777971848965,1970-01-01T00:00:00+00:00,0,0,1,4,0,183022739,0,3,0.1,0.0,0.0,80948.75,81741.77,80967.25,0.0,BTCUSD,OV2|51e628|M5|B,
2026-05-05 09:04:17,183022748,2026-05-05T09:04:17+00:00,1777971857260,2026-05-05T09:04:17+00:00,1777971857260,1970-01-01T00:00:00+00:00,1,0,1,4,0,183022739,0,4,0.1,0.0,80948.75,0.0,0.0,80948.75,0.0,BTCUSD,[sl 80948.75],
2026-05-05 09:05:40,183023460,2026-05-05T09:05:40+00:00,1777971940198,2026-05-05T09:05:40+00:00,1777971940198,1970-01-01T00:00:00+00:00,0,0,1,4,0,183001988,0,4,0.1,0.0,212.683,0.0,0.0,212.683,0.0,GBPJPY,[sl 212.683],
2026-05-05 09:07:37,183023986,2026-05-05T09:07:37+00:00,1777972057870,2026-05-05T09:07:37+00:00,1777972057870,1970-01-01T00:00:00+00:00,0,0,1,4,0,183023986,0,3,0.1,0.0,0.0,2376.817,2401.575,2378.317,0.0,ETHUSD,OV2|7bdb02|H1|B,
2026-05-05 09:07:46,183024007,2026-05-05T09:07:46+00:00,1777972066087,2026-05-05T09:07:46+00:00,1777972066087,1970-01-01T00:00:00+00:00,1,0,1,4,0,183023986,0,4,0.1,0.0,2376.817,0.0,0.0,2376.817,0.0,ETHUSD,[sl 2376.817],
2026-05-05 09:08:37,183024266,2026-05-05T09:08:37+00:00,1777972117801,2026-05-05T09:08:37+00:00,1777972117801,1970-01-01T00:00:00+00:00,0,0,1,4,0,183014446,0,4,0.1,0.0,0.58751,0.0,0.0,0.58751,0.0,NZDUSD,[sl 0.58751],
2026-05-05 09:08:55,183024297,2026-05-05T09:08:55+00:00,1777972135637,2026-05-05T09:08:55+00:00,1777972135638,1970-01-01T00:00:00+00:00,0,0,1,4,0,183014428,0,4,0.1,0.0,0.58752,0.0,0.0,0.58752,0.0,NZDUSD,[sl 0.58752],
2026-05-05 09:09:19,183024345,2026-05-05T09:09:19+00:00,1777972159211,2026-05-05T09:09:19+00:00,1777972159211,1970-01-01T00:00:00+00:00,0,0,1,4,0,183024345,0,3,0.1,0.0,0.0,80923.66,81605.78,80940.16,0.0,BTCUSD,OV2|f04adb|M5|B,
2026-05-05 09:09:23,183024360,2026-05-05T09:09:23+00:00,1777972163697,2026-05-05T09:09:23+00:00,1777972163697,1970-01-01T00:00:00+00:00,0,0,1,4,0,183010157,0,4,0.1,0.0,112.41,0.0,0.0,112.41,0.0,AUDJPY,[sl 112.410],
2026-05-05 09:09:23,183024361,2026-05-05T09:09:23+00:00,1777972163697,2026-05-05T09:09:23+00:00,1777972163697,1970-01-01T00:00:00+00:00,0,0,1,4,0,183010165,0,4,0.1,0.0,112.409,0.0,0.0,112.409,0.0,AUDJPY,[sl 112.409],
2026-05-05 09:09:51,183024405,2026-05-05T09:09:51+00:00,1777972191367,2026-05-05T09:09:51+00:00,1777972191367,1970-01-01T00:00:00+00:00,1,0,1,4,0,183024345,0,4,0.1,0.0,80923.66,0.0,0.0,80923.66,0.0,BTCUSD,[sl 80923.66],
2026-05-05 09:11:41,183024646,2026-05-05T09:11:41+00:00,1777972301546,2026-05-05T09:11:41+00:00,1777972301546,1970-01-01T00:00:00+00:00,0,0,1,4,0,183024646,0,3,0.1,0.0,0.0,0.58661,0.58965,0.58737,0.0,NZDUSD,OV2|d9d6a4|H1|B,
2026-05-05 09:12:20,183024695,2026-05-05T09:12:20+00:00,1777972340245,2026-05-05T09:12:20+00:00,1777972340245,1970-01-01T00:00:00+00:00,0,0,1,4,0,183024695,0,3,0.1,0.0,0.0,80896.65,81569.69,80913.2,0.0,BTCUSD,OV2|7ce47d|M5|B,
2026-05-05 09:12:30,183024717,2026-05-05T09:12:30+00:00,1777972350362,2026-05-05T09:12:30+00:00,1777972350363,1970-01-01T00:00:00+00:00,1,0,1,4,0,183024695,0,4,0.1,0.0,80896.65,0.0,0.0,80896.65,0.0,BTCUSD,[sl 80896.65],
2026-05-05 09:13:42,183024888,2026-05-05T09:13:42+00:00,1777972422187,2026-05-05T09:13:42+00:00,1777972422187,1970-01-01T00:00:00+00:00,1,0,1,4,0,183024888,0,3,0.1,0.0,0.0,112.455,112.108,112.376,0.0,AUDJPY,OV2|27c395|H1|S,
2026-05-05 09:14:01,183024961,2026-05-05T09:14:01+00:00,1777972441384,2026-05-05T09:14:01+00:00,1777972441384,1970-01-01T00:00:00+00:00,0,0,1,4,0,183024961,0,3,0.1,0.0,0.0,80907.32,81590.3,80923.82,0.0,BTCUSD,OV2|5b3bbb|M5|B,
2026-05-05 09:14:58,183025095,2026-05-05T09:14:58+00:00,1777972498270,2026-05-05T09:14:58+00:00,1777972498271,1970-01-01T00:00:00+00:00,0,0,1,4,0,183014374,0,4,0.1,0.0,200.611,0.0,0.0,200.611,0.0,CHFJPY,[sl 200.611],
2026-05-05 09:15:03,183025151,2026-05-05T09:15:03+00:00,1777972503931,2026-05-05T09:15:03+00:00,1777972503932,1970-01-01T00:00:00+00:00,0,0,1,4,0,183014394,0,4,0.1,0.0,200.613,0.0,0.0,200.613,0.0,CHFJPY,[sl 200.613],
2026-05-05 09:16:24,183025303,2026-05-05T09:16:24+00:00,1777972584138,2026-05-05T09:16:24+00:00,1777972584138,1970-01-01T00:00:00+00:00,1,0,1,4,0,183024961,0,4,0.1,0.0,80907.32,0.0,0.0,80907.32,0.0,BTCUSD,[sl 80907.32],
2026-05-05 09:16:49,183025361,2026-05-05T09:16:49+00:00,1777972609250,2026-05-05T09:16:49+00:00,1777972609250,1970-01-01T00:00:00+00:00,0,0,1,4,0,183025361,0,3,0.1,0.0,0.0,200.495,200.863,200.587,0.0,CHFJPY,OV2|6e152c|H1|B,
2026-05-05 09:17:16,183025450,2026-05-05T09:17:16+00:00,1777972636631,2026-05-05T09:17:16+00:00,1777972636631,1970-01-01T00:00:00+00:00,0,0,1,4,0,183025450,0,3,0.1,0.0,0.0,80887.13,81577.59,80903.63,0.0,BTCUSD,OV2|741082|M5|B,
2026-05-05 09:17:32,183025477,2026-05-05T09:17:32+00:00,1777972652632,2026-05-05T09:17:32+00:00,1777972652633,1970-01-01T00:00:00+00:00,1,0,1,4,0,183025450,0,4,0.1,0.0,80887.13,0.0,0.0,80887.13,0.0,BTCUSD,[sl 80887.13],
2026-05-05 09:17:56,183025704,2026-05-05T09:17:56+00:00,1777972676810,2026-05-05T09:17:56+00:00,1777972676810,1970-01-01T00:00:00+00:00,0,0,1,4,0,183025704,0,3,0.1,0.0,0.0,80882.63,81574.18,80899.13,0.0,BTCUSD,OV2|b74c43|H1|B,
2026-05-05 09:19:20,183026283,2026-05-05T09:19:20+00:00,1777972760151,2026-05-05T09:19:20+00:00,1777972760152,1970-01-01T00:00:00+00:00,1,0,1,4,0,183025704,0,4,0.1,0.0,80882.63,0.0,0.0,80882.63,0.0,BTCUSD,[sl 80882.63],
2026-05-05 09:21:33,183026930,2026-05-05T09:21:33+00:00,1777972893451,2026-05-05T09:21:33+00:00,1777972893451,1970-01-01T00:00:00+00:00,0,0,1,4,0,183026930,0,3,0.1,0.0,0.0,212.594,212.938,212.68,0.0,GBPJPY,OV2|f7746c|H1|B,
2026-05-05 09:21:42,183027021,2026-05-05T09:21:42+00:00,1777972902674,2026-05-05T09:21:42+00:00,1777972902674,1970-01-01T00:00:00+00:00,0,0,1,4,0,183027021,0,3,0.1,0.0,0.0,80847.63,81430.49,80864.13,0.0,BTCUSD,OV2|068ba1|H1|B,
2026-05-05 09:22:01,183027172,2026-05-05T09:22:01+00:00,1777972921471,2026-05-05T09:22:01+00:00,1777972921472,1970-01-01T00:00:00+00:00,1,0,1,4,0,183027021,0,4,0.1,0.0,80847.63,0.0,0.0,80847.63,0.0,BTCUSD,[sl 80847.63],
2026-05-05 09:23:27,183027648,2026-05-05T09:23:27+00:00,1777973007608,2026-05-05T09:23:27+00:00,1777973007608,1970-01-01T00:00:00+00:00,0,0,1,4,0,183027648,0,3,0.1,0.0,0.0,80834.78,81439.01,80851.28,0.0,BTCUSD,OV2|6fe40c|M5|B,
2026-05-05 09:23:59,183027708,2026-05-05T09:23:59+00:00,1777973039702,2026-05-05T09:23:59+00:00,1777973039702,1970-01-01T00:00:00+00:00,1,0,1,4,0,183027648,0,4,0.1,0.0,80834.78,0.0,0.0,80834.78,0.0,BTCUSD,[sl 80834.78],
2026-05-05 09:24:26,183027873,2026-05-05T09:24:26+00:00,1777973066309,2026-05-05T09:24:26+00:00,1777973066309,1970-01-01T00:00:00+00:00,1,0,1,4,0,183026930,0,4,0.1,0.0,212.594,0.0,0.0,212.594,0.0,GBPJPY,[sl 212.594],
2026-05-05 09:24:27,183027910,2026-05-05T09:24:27+00:00,1777973067634,2026-05-05T09:24:27+00:00,1777973067634,1970-01-01T00:00:00+00:00,0,0,1,4,0,182945063,0,4,0.1,0.0,111.71,0.0,0.0,111.71,0.0,UKOIL+,[sl 111.71],
2026-05-05 09:24:27,183027911,2026-05-05T09:24:27+00:00,1777973067826,2026-05-05T09:24:27+00:00,1777973067827,1970-01-01T00:00:00+00:00,0,0,1,4,0,182945083,0,4,0.1,0.0,111.73,0.0,0.0,111.73,0.0,UKOIL+,[sl 111.73],
2026-05-05 09:24:32,183028015,2026-05-05T09:24:32+00:00,1777973072119,2026-05-05T09:24:32+00:00,1777973072119,1970-01-01T00:00:00+00:00,1,0,1,4,0,183024646,0,4,0.1,0.0,0.58661,0.0,0.0,0.58661,0.0,NZDUSD,[sl 0.58661],
2026-05-05 09:24:43,183028237,2026-05-05T09:24:43+00:00,1777973083139,2026-05-05T09:24:43+00:00,1777973083139,1970-01-01T00:00:00+00:00,1,0,1,4,0,183025361,0,4,0.1,0.0,200.495,0.0,0.0,200.495,0.0,CHFJPY,[sl 200.495],
2026-05-05 09:26:43,183028710,2026-05-05T09:26:43+00:00,1777973203122,2026-05-05T09:26:43+00:00,1777973203122,1970-01-01T00:00:00+00:00,0,0,1,4,0,183028710,0,3,0.1,0.0,0.0,80814.83,81345.8,80831.33,0.0,BTCUSD,OV2|bbab45|M5|B,
2026-05-05 09:26:53,183028734,2026-05-05T09:26:53+00:00,1777973213319,2026-05-05T09:26:53+00:00,1777973213319,1970-01-01T00:00:00+00:00,0,0,1,4,0,183028734,0,3,0.1,0.0,0.0,200.455,200.823,200.547,0.0,CHFJPY,OV2|492b66|H1|B,
2026-05-05 09:26:56,183028740,2026-05-05T09:26:56+00:00,1777973216925,2026-05-05T09:26:56+00:00,1777973216925,1970-01-01T00:00:00+00:00,1,0,1,4,0,183028710,0,4,0.1,0.0,80814.83,0.0,0.0,80814.83,0.0,BTCUSD,[sl 80814.83],
2026-05-05 09:27:39,183028903,2026-05-05T09:27:39+00:00,1777973259893,2026-05-05T09:27:39+00:00,1777973259893,1970-01-01T00:00:00+00:00,0,0,1,4,0,183028903,0,3,0.1,0.0,0.0,111.02,113.62,111.61,0.0,UKOIL+,OV2|a3a0a1|H1|B,
2026-05-05 09:28:14,183029049,2026-05-05T09:28:14+00:00,1777973294749,2026-05-05T09:28:14+00:00,1777973294749,1970-01-01T00:00:00+00:00,0,0,1,4,0,183029049,0,3,0.1,0.0,0.0,80807.52,81297.9,80826.02,0.0,BTCUSD,OV2|2731c1|M5|B,
2026-05-05 09:28:19,183029071,2026-05-05T09:28:19+00:00,1777973299981,2026-05-05T09:28:19+00:00,1777973299981,1970-01-01T00:00:00+00:00,1,0,1,4,0,183029049,0,4,0.1,0.0,80807.52,0.0,0.0,80807.52,0.0,BTCUSD,[sl 80807.52],
2026-05-05 09:29:54,183029227,2026-05-05T09:29:54+00:00,1777973394627,2026-05-05T09:29:54+00:00,1777973394627,1970-01-01T00:00:00+00:00,0,0,1,4,0,183029227,0,3,0.1,0.0,0.0,80804.39,81292.77,80820.89,0.0,BTCUSD,OV2|3bbb4d|M5|B,
2026-05-05 09:30:00,183029291,2026-05-05T09:30:00+00:00,1777973400425,2026-05-05T09:30:00+00:00,1777973400426,1970-01-01T00:00:00+00:00,1,0,1,4,0,183029227,0,4,0.1,0.0,80804.39,0.0,0.0,80804.39,0.0,BTCUSD,[sl 80804.39],
2026-05-05 09:32:08,183030341,2026-05-05T09:32:08+00:00,1777973528169,2026-05-05T09:32:08+00:00,1777973528169,1970-01-01T00:00:00+00:00,0,0,1,4,0,183030341,0,3,0.1,0.0,0.0,0.58646,0.58958,0.58724,0.0,NZDUSD,OV2|5a628a|H1|B,
2026-05-05 09:32:35,183030415,2026-05-05T09:32:35+00:00,1777973555772,2026-05-05T09:32:35+00:00,1777973555772,1970-01-01T00:00:00+00:00,0,0,1,4,0,183030415,0,3,0.09,0.0,0.0,23930.6,24017.49,23936.6,0.0,GER40,OV2|6c3b4a|H1|B,
2026-05-05 09:38:03,183032669,2026-05-05T09:38:03+00:00,1777973883105,2026-05-05T09:38:03+00:00,1777973883105,1970-01-01T00:00:00+00:00,0,0,1,4,0,183032669,0,3,0.1,0.0,0.0,212.656,213.087,212.756,0.0,GBPJPY,OV2|01c7ce|H1|B,
2026-05-05 09:38:13,183032704,2026-05-05T09:38:13+00:00,1777973893178,2026-05-05T09:38:13+00:00,1777973893178,1970-01-01T00:00:00+00:00,1,0,1,4,0,183028734,0,4,0.1,0.0,200.455,0.0,0.0,200.455,0.0,CHFJPY,[sl 200.455],
2026-05-05 09:41:25,183033781,2026-05-05T09:41:25+00:00,1777974085788,2026-05-05T09:41:25+00:00,1777974085788,1970-01-01T00:00:00+00:00,0,0,1,4,0,183033781,0,3,0.1,0.0,0.0,200.439,200.807,200.531,0.0,CHFJPY,OV2|87da8a|M15|B,
2026-05-05 09:43:17,183034012,2026-05-05T09:43:17+00:00,1777974197763,2026-05-05T09:43:17+00:00,1777974197764,1970-01-01T00:00:00+00:00,1,0,1,4,0,183028903,0,4,0.1,0.0,111.02,0.0,0.0,111.02,0.0,UKOIL+,[sl 111.02],
2026-05-05 09:49:08,183034905,2026-05-05T09:49:08+00:00,1777974548398,2026-05-05T09:49:08+00:00,1777974548398,1970-01-01T00:00:00+00:00,0,0,1,4,0,183034905,0,3,0.1,0.0,0.0,110.67,113.27,111.27,0.0,UKOIL+,OV2|7d4faa|H1|B,
2026-05-05 10:00:00,183037177,2026-05-05T10:00:00+00:00,1777975200281,2026-05-05T10:00:00+00:00,1777975200282,1970-01-01T00:00:00+00:00,1,0,1,4,0,183030415,0,5,0.09,0.0,24017.49,0.0,0.0,24017.49,0.0,GER40,[tp 24017.49],
2026-05-05 10:01:28,183038418,2026-05-05T10:01:28+00:00,1777975288951,2026-05-05T10:01:28+00:00,1777975288951,1970-01-01T00:00:00+00:00,1,0,1,4,0,183038418,0,3,0.1,0.0,0.0,1.36273,1.35993,1.36203,0.0,USDCAD,OV2|023f98|H1|S,
2026-05-05 10:01:42,183038516,2026-05-05T10:01:42+00:00,1777975302469,2026-05-05T10:01:42+00:00,1777975302469,1970-01-01T00:00:00+00:00,0,0,1,4,0,183038516,0,3,0.1,0.0,0.0,1.35312,1.35584,1.3538000000000001,0.0,GBPUSD,OV2|e82014|M5|B,
2026-05-05 10:03:10,183039419,2026-05-05T10:03:10+00:00,1777975390224,2026-05-05T10:03:10+00:00,1777975390224,1970-01-01T00:00:00+00:00,0,0,1,4,0,183039419,0,3,0.1,0.0,0.0,24000.5,24092.32,24006.5,0.0,GER40,OV2|e34c6e|H1|B,
2026-05-05 10:03:16,183039447,2026-05-05T10:03:16+00:00,1777975396546,2026-05-05T10:03:16+00:00,1777975396546,1970-01-01T00:00:00+00:00,1,0,1,4,0,183039419,0,4,0.1,0.0,24000.5,0.0,0.0,24000.5,0.0,GER40,[sl 24000.50],
2026-05-05 10:07:14,183040609,2026-05-05T10:07:14+00:00,1777975634500,2026-05-05T10:07:14+00:00,1777975634500,1970-01-01T00:00:00+00:00,1,0,1,4,0,182881823,0,4,0.1,0.0,157.154,0.0,0.0,157.154,0.0,USDJPY,[sl 157.154],
2026-05-05 10:07:45,183040902,2026-05-05T10:07:45+00:00,1777975665274,2026-05-05T10:07:45+00:00,1777975665274,1970-01-01T00:00:00+00:00,1,0,1,4,0,182889361,0,4,0.1,0.0,157.139,0.0,0.0,157.139,0.0,USDJPY,[sl 157.139],
2026-05-05 10:07:45,183040903,2026-05-05T10:07:45+00:00,1777975665336,2026-05-05T10:07:45+00:00,1777975665336,1970-01-01T00:00:00+00:00,0,0,1,4,0,182923579,0,4,0.1,0.0,1.16926,0.0,0.0,1.16926,0.0,EURUSD,[sl 1.16926],
2026-05-05 10:08:06,183041159,2026-05-05T10:08:06+00:00,1777975686934,2026-05-05T10:08:06+00:00,1777975686934,1970-01-01T00:00:00+00:00,1,0,1,4,0,183041159,0,3,0.1,0.0,0.0,157.218,156.922,157.144,0.0,USDJPY,OV2|c18f15|M5|S,
2026-05-05 10:09:17,183041459,2026-05-05T10:09:17+00:00,1777975757762,2026-05-05T10:09:17+00:00,1777975757762,1970-01-01T00:00:00+00:00,0,0,1,4,0,183041459,0,3,0.1,0.0,0.0,24038.0,24145.72,24043.5,0.0,GER40,OV2|46522b|H1|B,
2026-05-05 10:09:21,183041468,2026-05-05T10:09:21+00:00,1777975761746,2026-05-05T10:09:21+00:00,1777975761747,1970-01-01T00:00:00+00:00,1,0,1,4,0,183041459,0,4,0.1,0.0,24038.0,0.0,0.0,24038.0,0.0,GER40,[sl 24038.00],
2026-05-05 10:13:49,183042568,2026-05-05T10:13:49+00:00,1777976029751,2026-05-05T10:13:49+00:00,1777976029751,1970-01-01T00:00:00+00:00,0,0,1,4,0,183042568,0,3,0.1,0.0,0.0,24054.5,24167.22,24060.5,0.0,GER40,OV2|aee317|H1|B,
2026-05-05 10:14:12,183042697,2026-05-05T10:14:12+00:00,1777976052911,2026-05-05T10:14:12+00:00,1777976052911,1970-01-01T00:00:00+00:00,1,0,1,4,0,183042568,0,4,0.1,0.0,24054.5,0.0,0.0,24054.5,0.0,GER40,[sl 24054.50],
2026-05-05 10:15:54,183043040,2026-05-05T10:15:54+00:00,1777976154563,2026-05-05T10:15:54+00:00,1777976154564,1970-01-01T00:00:00+00:00,0,0,1,4,0,183043040,0,3,0.1,0.0,0.0,24055.0,24162.9,24061.0,0.0,GER40,OV2|b42133|H1|B,
2026-05-05 10:16:36,183043377,2026-05-05T10:16:36+00:00,1777976196106,2026-05-05T10:16:36+00:00,1777976196106,1970-01-01T00:00:00+00:00,1,0,1,4,0,183043040,0,4,0.1,0.0,24055.0,0.0,0.0,24055.0,0.0,GER40,[sl 24055.00],
2026-05-05 10:17:33,183043598,2026-05-05T10:17:33+00:00,1777976253285,2026-05-05T10:17:33+00:00,1777976253285,1970-01-01T00:00:00+00:00,0,0,1,4,0,183043598,0,3,0.1,0.0,0.0,80983.72,81421.51,81000.22,0.0,BTCUSD,OV2|243b9c|M5|B,
2026-05-05 10:17:47,183043634,2026-05-05T10:17:47+00:00,1777976267127,2026-05-05T10:17:47+00:00,1777976267127,1970-01-01T00:00:00+00:00,1,0,1,4,0,183043598,0,4,0.1,0.0,80983.72,0.0,0.0,80983.72,0.0,BTCUSD,[sl 80983.72],
2026-05-05 10:18:02,183043711,2026-05-05T10:18:02+00:00,1777976282476,2026-05-05T10:18:02+00:00,1777976282477,1970-01-01T00:00:00+00:00,0,0,1,4,0,183043711,0,3,0.1,0.0,0.0,2379.598,2397.465,2381.088,0.0,ETHUSD,OV2|edf92f|H1|B,
2026-05-05 10:18:35,183043759,2026-05-05T10:18:35+00:00,1777976315565,2026-05-05T10:18:35+00:00,1777976315565,1970-01-01T00:00:00+00:00,1,0,1,4,0,183043711,0,4,0.1,0.0,2379.598,0.0,0.0,2379.598,0.0,ETHUSD,[sl 2379.598],
2026-05-05 10:19:04,183043820,2026-05-05T10:19:04+00:00,1777976344943,2026-05-05T10:19:04+00:00,1777976344943,1970-01-01T00:00:00+00:00,1,0,1,4,0,182956102,0,4,0.1,0.0,0.78359,0.0,0.0,0.78359,0.0,USDCHF,[sl 0.78359],
2026-05-05 10:19:04,183043821,2026-05-05T10:19:04+00:00,1777976344943,2026-05-05T10:19:04+00:00,1777976344943,1970-01-01T00:00:00+00:00,1,0,1,4,0,182956105,0,4,0.1,0.0,0.78359,0.0,0.0,0.78359,0.0,USDCHF,[sl 0.78359],
2026-05-05 10:19:05,183043824,2026-05-05T10:19:05+00:00,1777976345520,2026-05-05T10:19:05+00:00,1777976345520,1970-01-01T00:00:00+00:00,0,0,1,4,0,183043824,0,3,0.1,0.0,0.0,80957.69,81380.9,80974.19,0.0,BTCUSD,OV2|fbfdd1|M5|B,
2026-05-05 10:22:12,183044563,2026-05-05T10:22:12+00:00,1777976532128,2026-05-05T10:22:12+00:00,1777976532128,1970-01-01T00:00:00+00:00,0,0,1,4,0,183044563,0,3,0.1,0.0,0.0,24073.5,24193.35,24079.5,0.0,GER40,OV2|ca7763|H1|B,
2026-05-05 10:22:48,183044659,2026-05-05T10:22:48+00:00,1777976568833,2026-05-05T10:22:48+00:00,1777976568833,1970-01-01T00:00:00+00:00,1,0,1,4,0,183044563,0,4,0.1,0.0,24073.5,0.0,0.0,24073.5,0.0,GER40,[sl 24073.50],
2026-05-05 10:23:35,183044752,2026-05-05T10:23:35+00:00,1777976615733,2026-05-05T10:23:35+00:00,1777976615733,1970-01-01T00:00:00+00:00,1,0,1,4,0,183044752,0,3,0.1,0.0,0.0,0.78422,0.7815,0.78354,0.0,USDCHF,OV2|992d4f|H1|S,
2026-05-05 10:26:07,183045222,2026-05-05T10:26:07+00:00,1777976767457,2026-05-05T10:26:07+00:00,1777976767457,1970-01-01T00:00:00+00:00,0,0,1,4,0,183041159,0,4,0.1,0.0,157.218,0.0,0.0,157.218,0.0,USDJPY,[sl 157.218],
2026-05-05 10:27:01,183045417,2026-05-05T10:27:01+00:00,1777976821026,2026-05-05T10:27:01+00:00,1777976821027,1970-01-01T00:00:00+00:00,1,0,1,4,0,183045417,0,3,0.1,0.0,0.0,157.278,156.99,157.206,0.0,USDJPY,OV2|57b448|M5|S,
2026-05-05 10:28:58,183045868,2026-05-05T10:28:58+00:00,1777976938554,2026-05-05T10:28:58+00:00,1777976938554,1970-01-01T00:00:00+00:00,0,0,1,4,0,183045868,0,3,0.1,0.0,0.0,24075.5,24199.82,24081.5,0.0,GER40,OV2|2e188b|H1|B,
2026-05-05 10:31:12,183046356,2026-05-05T10:31:12+00:00,1777977072726,2026-05-05T10:31:12+00:00,1777977072726,1970-01-01T00:00:00+00:00,0,0,1,4,0,183024888,0,4,0.1,0.0,112.455,0.0,0.0,112.455,0.0,AUDJPY,[sl 112.455],
2026-05-05 10:33:35,183046849,2026-05-05T10:33:35+00:00,1777977215767,2026-05-05T10:33:35+00:00,1777977215767,1970-01-01T00:00:00+00:00,1,0,1,4,0,183046849,0,3,0.04,0.0,0.0,10268.9,10191.55,10262.9,0.0,UK100,OV2|4fe9f8|H1|S,
2026-05-05 10:35:52,183047320,2026-05-05T10:35:52+00:00,1777977352562,2026-05-05T10:35:52+00:00,1777977352562,1970-01-01T00:00:00+00:00,1,0,1,4,0,183034905,0,4,0.1,0.0,110.67,0.0,0.0,110.67,0.0,UKOIL+,[sl 110.67],
2026-05-05 10:36:38,183047825,2026-05-05T10:36:38+00:00,1777977398329,2026-05-05T10:36:38+00:00,1777977398329,1970-01-01T00:00:00+00:00,0,0,1,4,0,183046849,0,4,0.04,0.0,10268.9,0.0,0.0,10268.9,0.0,UK100,[sl 10268.90],
2026-05-05 10:36:49,183048429,2026-05-05T10:36:49+00:00,1777977409632,2026-05-05T10:36:49+00:00,1777977409632,1970-01-01T00:00:00+00:00,0,0,1,4,0,182870838,0,4,0.1,0.0,1.16951,0.0,0.0,1.16951,0.0,EURUSD,[sl 1.16951],
2026-05-05 10:39:22,183050135,2026-05-05T10:39:22+00:00,1777977562592,2026-05-05T10:39:22+00:00,1777977562592,1970-01-01T00:00:00+00:00,1,0,1,4,0,183045868,0,5,0.1,0.0,24199.82,0.0,0.0,24199.82,0.0,GER40,[tp 24199.82],
2026-05-05 10:46:25,183052111,2026-05-05T10:46:25+00:00,1777977985060,2026-05-05T10:46:25+00:00,1777977985061,1970-01-01T00:00:00+00:00,1,0,1,4,0,183043824,0,4,0.1,0.0,80957.69,0.0,0.0,80957.69,0.0,BTCUSD,[sl 80957.69],
2026-05-05 10:47:39,183052959,2026-05-05T10:47:39+00:00,1777978059300,2026-05-05T10:47:39+00:00,1777978059300,1970-01-01T00:00:00+00:00,0,0,1,4,0,183052959,0,3,0.1,0.0,0.0,80895.87,81376.36,80912.37,0.0,BTCUSD,OV2|93166d|H1|B,
2026-05-05 10:51:39,183054391,2026-05-05T10:51:39+00:00,1777978299143,2026-05-05T10:51:39+00:00,1777978299143,1970-01-01T00:00:00+00:00,0,0,1,4,0,183054391,0,3,0.1,0.0,0.0,24137.0,24277.28,24143.5,0.0,GER40,OV2|36e3b5|H1|B,
2026-05-05 10:53:38,183054789,2026-05-05T10:53:38+00:00,1777978418245,2026-05-05T10:53:38+00:00,1777978418245,1970-01-01T00:00:00+00:00,1,0,1,4,0,183052959,0,4,0.1,0.0,80895.87,0.0,0.0,80895.87,0.0,BTCUSD,[sl 80895.87],
2026-05-05 10:54:23,183054865,2026-05-05T10:54:23+00:00,1777978463681,2026-05-05T10:54:23+00:00,1777978463681,1970-01-01T00:00:00+00:00,0,0,1,4,0,183054865,0,3,0.1,0.0,0.0,80885.52,81309.49,80902.02,0.0,BTCUSD,OV2|4b806d|M5|B,
2026-05-05 10:54:48,183054933,2026-05-05T10:54:48+00:00,1777978488998,2026-05-05T10:54:48+00:00,1777978488999,1970-01-01T00:00:00+00:00,1,0,1,4,0,183054865,0,4,0.1,0.0,80885.52,0.0,0.0,80885.52,0.0,BTCUSD,[sl 80885.52],
2026-05-05 10:55:02,183054991,2026-05-05T10:55:02+00:00,1777978502293,2026-05-05T10:55:02+00:00,1777978502293,1970-01-01T00:00:00+00:00,1,0,1,4,0,183054391,0,4,0.1,0.0,24137.0,0.0,0.0,24137.0,0.0,GER40,[sl 24137.00],
2026-05-05 10:55:54,183055228,2026-05-05T10:55:54+00:00,1777978554645,2026-05-05T10:55:54+00:00,1777978554646,1970-01-01T00:00:00+00:00,0,0,1,4,0,183055228,0,3,0.1,0.0,0.0,80845.8,81288.7,80862.3,0.0,BTCUSD,OV2|99e887|M5|B,
2026-05-05 10:56:48,183055568,2026-05-05T10:56:48+00:00,1777978608527,2026-05-05T10:56:48+00:00,1777978608527,1970-01-01T00:00:00+00:00,1,0,1,4,0,183055228,0,4,0.1,0.0,80845.8,0.0,0.0,80845.8,0.0,BTCUSD,[sl 80845.80],
2026-05-05 10:57:07,183055809,2026-05-05T10:57:07+00:00,1777978627723,2026-05-05T10:57:07+00:00,1777978627723,1970-01-01T00:00:00+00:00,0,0,1,4,0,183055809,0,3,0.1,0.0,0.0,80821.43,81262.03,80837.93,0.0,BTCUSD,OV2|259058|H1|B,
2026-05-05 10:57:37,183056041,2026-05-05T10:57:37+00:00,1777978657749,2026-05-05T10:57:37+00:00,1777978657749,1970-01-01T00:00:00+00:00,1,0,1,4,0,183056041,0,3,0.04,0.0,0.0,10263.7,10207.63,10257.7,0.0,UK100,OV2|5a26b4|H1|S,
2026-05-05 10:57:45,183056050,2026-05-05T10:57:45+00:00,1777978665532,2026-05-05T10:57:45+00:00,1777978665532,1970-01-01T00:00:00+00:00,1,0,1,4,0,183055809,0,4,0.1,0.0,80821.43,0.0,0.0,80821.43,0.0,BTCUSD,[sl 80821.43],
2026-05-05 10:58:46,183056209,2026-05-05T10:58:46+00:00,1777978726225,2026-05-05T10:58:46+00:00,1777978726225,1970-01-01T00:00:00+00:00,0,0,1,4,0,183056209,0,3,0.1,0.0,0.0,2378.943,2400.237,2380.443,0.0,ETHUSD,OV2|7fe943|H1|B,
2026-05-05 11:00:41,183056813,2026-05-05T11:00:41+00:00,1777978841827,2026-05-05T11:00:41+00:00,1777978841827,1970-01-01T00:00:00+00:00,0,0,1,4,0,183056041,0,4,0.04,0.0,10263.7,0.0,0.0,10263.7,0.0,UK100,[sl 10263.70],
2026-05-05 11:01:52,183057057,2026-05-05T11:01:52+00:00,1777978912038,2026-05-05T11:01:52+00:00,1777978912038,1970-01-01T00:00:00+00:00,1,0,1,4,0,183057057,0,3,0.04,0.0,0.0,10270.4,10219.86,10264.4,0.0,UK100,OV2|a54842|H1|S,
2026-05-05 11:02:51,183057163,2026-05-05T11:02:51+00:00,1777978971696,2026-05-05T11:02:51+00:00,1777978971696,1970-01-01T00:00:00+00:00,0,0,1,4,0,183057057,0,4,0.04,0.0,10270.4,0.0,0.0,10270.4,0.0,UK100,[sl 10270.40],
2026-05-05 11:04:31,183057625,2026-05-05T11:04:31+00:00,1777979071619,2026-05-05T11:04:31+00:00,1777979071620,1970-01-01T00:00:00+00:00,0,0,1,4,0,182952621,0,4,0.1,0.0,183.838,0.0,0.0,183.838,0.0,EURJPY,[sl 183.838],
2026-05-05 11:04:31,183057626,2026-05-05T11:04:31+00:00,1777979071619,2026-05-05T11:04:31+00:00,1777979071620,1970-01-01T00:00:00+00:00,0,0,1,4,0,182952633,0,4,0.1,0.0,183.838,0.0,0.0,183.838,0.0,EURJPY,[sl 183.838],
2026-05-05 11:06:40,183058755,2026-05-05T11:06:40+00:00,1777979200704,2026-05-05T11:06:40+00:00,1777979200705,1970-01-01T00:00:00+00:00,1,0,1,4,0,183033781,0,5,0.1,0.0,200.807,0.0,0.0,200.807,0.0,CHFJPY,[tp 200.807],
2026-05-05 11:08:36,183059059,2026-05-05T11:08:36+00:00,1777979316458,2026-05-05T11:08:36+00:00,1777979316458,1970-01-01T00:00:00+00:00,0,0,1,4,0,183059059,0,3,0.1,0.0,0.0,24150.0,24285.65,24156.0,0.0,GER40,OV2|1d465b|H1|B,
2026-05-05 11:12:24,183059803,2026-05-05T11:12:24+00:00,1777979544494,2026-05-05T11:12:24+00:00,1777979544494,1970-01-01T00:00:00+00:00,0,0,1,4,0,183059803,0,3,0.1,0.0,0.0,183.809,184.105,183.883,0.0,EURJPY,OV2|073e75|H1|B,
2026-05-05 11:14:10,183060632,2026-05-05T11:14:10+00:00,1777979650783,2026-05-05T11:14:10+00:00,1777979650783,1970-01-01T00:00:00+00:00,0,0,1,4,0,183045417,0,4,0.1,0.0,157.278,0.0,0.0,157.278,0.0,USDJPY,[sl 157.278],
2026-05-05 11:18:07,183061502,2026-05-05T11:18:07+00:00,1777979887924,2026-05-05T11:18:07+00:00,1777979887924,1970-01-01T00:00:00+00:00,1,0,1,4,0,183056209,0,4,0.1,0.0,2378.943,0.0,0.0,2378.943,0.0,ETHUSD,[sl 2378.943],
2026-05-05 11:18:14,183061515,2026-05-05T11:18:14+00:00,1777979894091,2026-05-05T11:18:14+00:00,1777979894092,1970-01-01T00:00:00+00:00,0,0,1,4,0,183061515,0,3,0.1,0.0,0.0,200.78,201.148,200.872,0.0,CHFJPY,OV2|dcb118|H1|B,
2026-05-05 11:18:16,183061528,2026-05-05T11:18:16+00:00,1777979896828,2026-05-05T11:18:16+00:00,1777979896828,1970-01-01T00:00:00+00:00,0,0,1,4,0,183061528,0,3,0.1,0.0,0.0,157.211,157.483,157.279,0.0,USDJPY,OV2|cec00f|M5|B,
2026-05-05 11:18:22,183061544,2026-05-05T11:18:22+00:00,1777979902321,2026-05-05T11:18:22+00:00,1777979902321,1970-01-01T00:00:00+00:00,0,0,1,4,0,183061544,0,3,0.1,0.0,0.0,2378.081,2397.419,2379.581,0.0,ETHUSD,OV2|883acf|H1|B,
2026-05-05 11:18:37,183061570,2026-05-05T11:18:37+00:00,1777979917089,2026-05-05T11:18:37+00:00,1777979917089,1970-01-01T00:00:00+00:00,1,0,1,4,0,183061544,0,4,0.1,0.0,2378.081,0.0,0.0,2378.081,0.0,ETHUSD,[sl 2378.081],
2026-05-05 11:19:15,183061790,2026-05-05T11:19:15+00:00,1777979955125,2026-05-05T11:19:15+00:00,1777979955125,1970-01-01T00:00:00+00:00,0,0,1,4,0,183061790,0,3,0.1,0.0,0.0,112.541,112.861,112.621,0.0,AUDJPY,OV2|e8b62a|H1|B,
2026-05-05 11:21:59,183062026,2026-05-05T11:21:59+00:00,1777980119728,2026-05-05T11:21:59+00:00,1777980119728,1970-01-01T00:00:00+00:00,0,0,1,4,0,183062026,0,3,0.1,0.0,0.0,2378.337,2397.66,2379.837,0.0,ETHUSD,OV2|c52bf9|H1|B,
2026-05-05 11:28:15,183063817,2026-05-05T11:28:15+00:00,1777980495492,2026-05-05T11:28:15+00:00,1777980495492,1970-01-01T00:00:00+00:00,1,0,1,4,0,183032669,0,5,0.1,0.0,213.087,0.0,0.0,213.087,0.0,GBPJPY,[tp 213.087],
2026-05-05 11:29:01,183063891,2026-05-05T11:29:01+00:00,1777980541378,2026-05-05T11:29:01+00:00,1777980541378,1970-01-01T00:00:00+00:00,1,0,1,4,0,183062026,0,4,0.1,0.0,2378.337,0.0,0.0,2378.337,0.0,ETHUSD,[sl 2378.337],
2026-05-05 11:36:54,183065950,2026-05-05T11:36:54+00:00,1777981014523,2026-05-05T11:36:54+00:00,1777981014523,1970-01-01T00:00:00+00:00,1,0,1,4,0,183059803,0,4,0.1,0.0,183.809,0.0,0.0,183.809,0.0,EURJPY,[sl 183.809],
2026-05-05 11:38:17,183066107,2026-05-05T11:38:17+00:00,1777981097209,2026-05-05T11:38:17+00:00,1777981097209,1970-01-01T00:00:00+00:00,1,0,1,4,0,183061790,0,4,0.1,0.0,112.541,0.0,0.0,112.541,0.0,AUDJPY,[sl 112.541],
2026-05-05 11:39:56,183066659,2026-05-05T11:39:56+00:00,1777981196718,2026-05-05T11:39:56+00:00,1777981196718,1970-01-01T00:00:00+00:00,1,0,1,4,0,183061515,0,4,0.1,0.0,200.78,0.0,0.0,200.78,0.0,CHFJPY,[sl 200.780],
2026-05-05 11:41:47,183066921,2026-05-05T11:41:47+00:00,1777981307133,2026-05-05T11:41:47+00:00,1777981307133,1970-01-01T00:00:00+00:00,0,0,1,4,0,183066921,0,3,0.1,0.0,0.0,212.831,213.175,212.917,0.0,GBPJPY,OV2|64877e|H1|B,
2026-05-05 11:42:19,183066991,2026-05-05T11:42:19+00:00,1777981339307,2026-05-05T11:42:19+00:00,1777981339307,1970-01-01T00:00:00+00:00,0,0,1,4,0,183066991,0,3,0.1,0.0,0.0,112.499,112.819,112.579,0.0,AUDJPY,OV2|417ed6|H1|B,
2026-05-05 11:43:11,183067069,2026-05-05T11:43:11+00:00,1777981391695,2026-05-05T11:43:11+00:00,1777981391695,1970-01-01T00:00:00+00:00,0,0,1,4,0,183067069,0,3,0.1,0.0,0.0,200.69,201.058,200.782,0.0,CHFJPY,OV2|db1098|H1|B,
2026-05-05 11:43:50,183067167,2026-05-05T11:43:50+00:00,1777981430165,2026-05-05T11:43:50+00:00,1777981430165,1970-01-01T00:00:00+00:00,0,0,1,4,0,183067167,0,3,0.1,0.0,0.0,183.733,184.013,183.803,0.0,EURJPY,OV2|1b629c|H1|B,
2026-05-05 12:00:11,183071884,2026-05-05T12:00:11+00:00,1777982411721,2026-05-05T12:00:11+00:00,1777982411722,1970-01-01T00:00:00+00:00,1,0,1,4,0,183066921,0,5,0.1,0.0,213.175,0.0,0.0,213.175,0.0,GBPJPY,[tp 213.175],
2026-05-05 12:00:11,183071889,2026-05-05T12:00:11+00:00,1777982411729,2026-05-05T12:00:11+00:00,1777982411729,1970-01-01T00:00:00+00:00,1,0,1,4,0,183067167,0,5,0.1,0.0,184.013,0.0,0.0,184.013,0.0,EURJPY,[tp 184.013],
2026-05-05 12:00:11,183071899,2026-05-05T12:00:11+00:00,1777982411862,2026-05-05T12:00:11+00:00,1777982411863,1970-01-01T00:00:00+00:00,1,0,1,4,0,183061528,0,5,0.1,0.0,157.483,0.0,0.0,157.483,0.0,USDJPY,[tp 157.483],
2026-05-05 12:00:12,183071994,2026-05-05T12:00:12+00:00,1777982412110,2026-05-05T12:00:12+00:00,1777982412110,1970-01-01T00:00:00+00:00,1,0,1,4,0,182959708,0,5,0.1,0.0,115.698,0.0,0.0,115.698,0.0,CADJPY,[tp 115.698],
2026-05-05 12:00:12,183072012,2026-05-05T12:00:12+00:00,1777982412185,2026-05-05T12:00:12+00:00,1777982412185,1970-01-01T00:00:00+00:00,1,0,1,4,0,183066991,0,5,0.1,0.0,112.819,0.0,0.0,112.819,0.0,AUDJPY,[tp 112.819],
2026-05-05 12:00:12,183072107,2026-05-05T12:00:12+00:00,1777982412548,2026-05-05T12:00:12+00:00,1777982412548,1970-01-01T00:00:00+00:00,1,0,1,4,0,183067069,0,5,0.1,0.0,201.058,0.0,0.0,201.058,0.0,CHFJPY,[tp 201.058],
2026-05-05 12:01:00,183072993,2026-05-05T12:01:00+00:00,1777982460811,2026-05-05T12:01:00+00:00,1777982460811,1970-01-01T00:00:00+00:00,0,0,1,4,0,183072993,0,3,0.1,0.0,0.0,157.431,157.756,157.505,0.0,USDJPY,OV2|fe95ad|H1|B,
2026-05-05 12:01:12,183073093,2026-05-05T12:01:12+00:00,1777982472131,2026-05-05T12:01:12+00:00,1777982472131,1970-01-01T00:00:00+00:00,1,0,1,4,0,183072993,0,4,0.1,0.0,157.431,0.0,0.0,157.431,0.0,USDJPY,[sl 157.431],
2026-05-05 12:01:59,183073330,2026-05-05T12:01:59+00:00,1777982519744,2026-05-05T12:01:59+00:00,1777982519745,1970-01-01T00:00:00+00:00,0,0,1,4,0,183073330,0,3,0.1,0.0,0.0,115.556,115.9,115.638,0.0,CADJPY,OV2|c5ba62|H1|B,
2026-05-05 12:02:39,183073433,2026-05-05T12:02:39+00:00,1777982559002,2026-05-05T12:02:39+00:00,1777982559002,1970-01-01T00:00:00+00:00,0,0,1,4,0,183073433,0,3,0.1,0.0,0.0,200.82,201.315,200.931,0.0,CHFJPY,OV2|1b451d|H1|B,
2026-05-05 12:03:05,183073514,2026-05-05T12:03:05+00:00,1777982585081,2026-05-05T12:03:05+00:00,1777982585081,1970-01-01T00:00:00+00:00,0,0,1,4,0,183073514,0,3,0.1,0.0,0.0,157.325,157.657,157.399,0.0,USDJPY,OV2|7ef9ce|M5|B,
2026-05-05 12:04:03,183073647,2026-05-05T12:04:03+00:00,1777982643596,2026-05-05T12:04:03+00:00,1777982643596,1970-01-01T00:00:00+00:00,0,0,1,4,0,183073647,0,3,0.1,0.0,0.0,183.901,184.357,184.003,0.0,EURJPY,OV2|3171e9|H1|B,
2026-05-05 12:08:32,183074803,2026-05-05T12:08:32+00:00,1777982912051,2026-05-05T12:08:32+00:00,1777982912051,1970-01-01T00:00:00+00:00,0,0,1,4,0,183074803,0,3,0.09,0.0,0.0,213.061,213.738,213.211,0.0,GBPJPY,OV2|8372d2|H1|B,
2026-05-05 12:12:34,183075944,2026-05-05T12:12:34+00:00,1777983154609,2026-05-05T12:12:34+00:00,1777983154609,1970-01-01T00:00:00+00:00,0,0,1,4,0,183075944,0,3,0.1,0.0,0.0,112.648,113.0,112.727,0.0,AUDJPY,OV2|9423de|H1|B,
2026-05-05 12:17:31,183076893,2026-05-05T12:17:31+00:00,1777983451593,2026-05-05T12:17:31+00:00,1777983451593,1970-01-01T00:00:00+00:00,1,0,1,4,0,183076893,0,3,0.04,0.0,0.0,10268.4,10229.5,10262.4,0.0,UK100,OV2|d7612a|H1|S,
2026-05-05 12:22:26,183078295,2026-05-05T12:22:26+00:00,1777983746568,2026-05-05T12:22:26+00:00,1777983746568,1970-01-01T00:00:00+00:00,1,0,1,4,0,183073514,0,5,0.1,0.0,157.657,0.0,0.0,157.657,0.0,USDJPY,[tp 157.657],
2026-05-05 12:23:39,183078572,2026-05-05T12:23:39+00:00,1777983819046,2026-05-05T12:23:39+00:00,1777983819047,1970-01-01T00:00:00+00:00,0,0,1,4,0,183078572,0,3,0.1,0.0,0.0,157.482,158.003,157.598,0.0,USDJPY,OV2|044b2f|H1|B,
2026-05-05 12:27:52,183078989,2026-05-05T12:27:52+00:00,1777984072011,2026-05-05T12:27:52+00:00,1777984072011,1970-01-01T00:00:00+00:00,0,0,1,4,0,183076893,0,4,0.04,0.0,10268.4,0.0,0.0,10268.4,0.0,UK100,[sl 10268.40],
2026-05-05 12:29:03,183079082,2026-05-05T12:29:03+00:00,1777984143180,2026-05-05T12:29:03+00:00,1777984143181,1970-01-01T00:00:00+00:00,1,0,1,4,0,183079082,0,3,0.04,0.0,0.0,10275.4,10237.75,10269.4,0.0,UK100,OV2|56131e|H1|S,
2026-05-05 12:30:44,183080094,2026-05-05T12:30:44+00:00,1777984244679,2026-05-05T12:30:44+00:00,1777984244679,1970-01-01T00:00:00+00:00,1,0,1,4,0,183078572,0,4,0.1,0.0,157.482,0.0,0.0,157.482,0.0,USDJPY,[sl 157.482],
2026-05-05 12:30:46,183080145,2026-05-05T12:30:46+00:00,1777984246619,2026-05-05T12:30:46+00:00,1777984246619,1970-01-01T00:00:00+00:00,1,0,1,4,0,183075944,0,4,0.1,0.0,112.648,0.0,0.0,112.648,0.0,AUDJPY,[sl 112.648],
2026-05-05 12:30:52,183080274,2026-05-05T12:30:52+00:00,1777984252054,2026-05-05T12:30:52+00:00,1777984252055,1970-01-01T00:00:00+00:00,1,0,1,4,0,183073330,0,4,0.1,0.0,115.556,0.0,0.0,115.556,0.0,CADJPY,[sl 115.556],
2026-05-05 12:30:52,183080284,2026-05-05T12:30:52+00:00,1777984252445,2026-05-05T12:30:52+00:00,1777984252445,1970-01-01T00:00:00+00:00,1,0,1,4,0,183073433,0,4,0.1,0.0,200.82,0.0,0.0,200.82,0.0,CHFJPY,[sl 200.820],
2026-05-05 12:30:52,183080285,2026-05-05T12:30:52+00:00,1777984252445,2026-05-05T12:30:52+00:00,1777984252446,1970-01-01T00:00:00+00:00,1,0,1,4,0,183074803,0,4,0.09,0.0,213.061,0.0,0.0,213.061,0.0,GBPJPY,[sl 213.061],
2026-05-05 12:30:52,183080292,2026-05-05T12:30:52+00:00,1777984252487,2026-05-05T12:30:52+00:00,1777984252488,1970-01-01T00:00:00+00:00,1,0,1,4,0,183073647,0,4,0.1,0.0,183.901,0.0,0.0,183.901,0.0,EURJPY,[sl 183.901],
2026-05-05 12:30:57,183080738,2026-05-05T12:30:57+00:00,1777984257125,2026-05-05T12:30:57+00:00,1777984257125,1970-01-01T00:00:00+00:00,0,0,1,4,0,183080738,0,3,0.07,0.0,0.0,183.595,184.386,183.762,0.0,EURJPY,OV2|107f90|H1|B,
2026-05-05 12:31:06,183081049,2026-05-05T12:31:06+00:00,1777984266055,2026-05-05T12:31:06+00:00,1777984266055,1970-01-01T00:00:00+00:00,0,0,1,4,0,183081049,0,3,0.09,0.0,0.0,200.711,201.559,200.861,0.0,CHFJPY,OV2|2d8b7f|H1|B,
2026-05-05 12:31:39,183081248,2026-05-05T12:31:39+00:00,1777984299504,2026-05-05T12:31:39+00:00,1777984299504,1970-01-01T00:00:00+00:00,0,0,1,4,0,183081248,0,3,0.1,0.0,0.0,115.501,116.058,115.627,0.0,CADJPY,OV2|f4fc94|H1|B,
2026-05-05 12:32:59,183082031,2026-05-05T12:32:59+00:00,1777984379382,2026-05-05T12:32:59+00:00,1777984379383,1970-01-01T00:00:00+00:00,0,0,1,4,0,183082031,0,3,0.09,0.0,0.0,213.117,214.096,213.267,0.0,GBPJPY,OV2|c0fafb|H1|B,
2026-05-05 12:33:14,183082085,2026-05-05T12:33:14+00:00,1777984394669,2026-05-05T12:33:14+00:00,1777984394669,1970-01-01T00:00:00+00:00,0,0,1,4,0,183082085,0,3,0.08,0.0,0.0,157.327,158.041,157.477,0.0,USDJPY,OV2|8a6108|M5|B,
2026-05-05 12:34:16,183082186,2026-05-05T12:34:16+00:00,1777984456249,2026-05-05T12:34:16+00:00,1777984456249,1970-01-01T00:00:00+00:00,0,0,1,4,0,183082186,0,3,0.1,0.0,0.0,112.608,113.119,112.723,0.0,AUDJPY,OV2|353853|H1|B,
2026-05-05 13:34:26,183093625,2026-05-05T13:34:26+00:00,1777988066354,2026-05-05T13:34:26+00:00,1777988066354,1970-01-01T00:00:00+00:00,1,0,1,4,0,183059059,0,5,0.1,0.0,24285.65,0.0,0.0,24285.65,0.0,GER40,[tp 24285.65],
2026-05-05 13:34:36,183094309,2026-05-05T13:34:36+00:00,1777988076583,2026-05-05T13:34:36+00:00,1777988076583,1970-01-01T00:00:00+00:00,0,0,1,4,0,183079082,0,4,0.04,0.0,10275.4,0.0,0.0,10275.4,0.0,UK100,[sl 10275.40],
2026-05-05 13:39:02,183095881,2026-05-05T13:39:02+00:00,1777988342722,2026-05-05T13:39:02+00:00,1777988342723,1970-01-01T00:00:00+00:00,0,0,1,4,0,183095881,0,3,0.1,0.0,0.0,24283.5,24373.06,24289.5,0.0,GER40,OV2|53de01|H1|B,
2026-05-05 13:39:38,183095951,2026-05-05T13:39:38+00:00,1777988378755,2026-05-05T13:39:38+00:00,1777988378755,1970-01-01T00:00:00+00:00,1,0,1,4,0,183095881,0,4,0.1,0.0,24283.5,0.0,0.0,24283.5,0.0,GER40,[sl 24283.50],
2026-05-05 13:41:57,183096593,2026-05-05T13:41:57+00:00,1777988517198,2026-05-05T13:41:57+00:00,1777988517198,1970-01-01T00:00:00+00:00,1,0,1,4,0,183096593,0,3,0.04,0.0,0.0,10260.9,10221.4,10254.9,0.0,UK100,OV2|dd498b|H1|S,
2026-05-05 13:44:07,183097584,2026-05-05T13:44:07+00:00,1777988647530,2026-05-05T13:44:07+00:00,1777988647530,1970-01-01T00:00:00+00:00,0,0,1,4,0,183097584,0,3,0.1,0.0,0.0,24259.0,24354.98,24265.5,0.0,GER40,OV2|bb791d|H1|B,
2026-05-05 13:45:01,183098094,2026-05-05T13:45:01+00:00,1777988701382,2026-05-05T13:45:01+00:00,1777988701382,1970-01-01T00:00:00+00:00,1,0,1,4,0,183097584,0,4,0.1,0.0,24259.0,0.0,0.0,24259.0,0.0,GER40,[sl 24259.00],
2026-05-05 13:48:25,183099058,2026-05-05T13:48:25+00:00,1777988905294,2026-05-05T13:48:25+00:00,1777988905294,1970-01-01T00:00:00+00:00,0,0,1,4,0,183099058,0,3,0.1,0.0,0.0,24261.5,24352.66,24267.5,0.0,GER40,OV2|5f0cd3|H1|B,
2026-05-05 14:00:44,183103114,2026-05-05T14:00:44+00:00,1777989644840,2026-05-05T14:00:44+00:00,1777989644840,1970-01-01T00:00:00+00:00,1,0,1,4,0,183103114,0,3,0.05,0.0,0.0,4544.11,4525.76,4541.54,0.0,XAUUSD,OV2|38e864|H1|S,
2026-05-05 14:01:00,183103379,2026-05-05T14:01:00+00:00,1777989660413,2026-05-05T14:01:00+00:00,1777989660413,1970-01-01T00:00:00+00:00,0,0,1,4,0,183103379,0,3,0.1,0.0,0.0,80793.27,81176.22,80811.77,0.0,BTCUSD,OV2|277a7a|H1|B,
2026-05-05 14:05:23,183104954,2026-05-05T14:05:23+00:00,1777989923214,2026-05-05T14:05:23+00:00,1777989923214,1970-01-01T00:00:00+00:00,0,0,1,4,0,183103114,0,4,0.05,0.0,4544.11,0.0,0.0,4544.11,0.0,XAUUSD,[sl 4544.11],
2026-05-05 14:16:45,183111184,2026-05-05T14:16:45+00:00,1777990605836,2026-05-05T14:16:45+00:00,1777990605836,1970-01-01T00:00:00+00:00,1,0,1,4,0,183111184,0,3,0.1,0.0,0.0,1.16907,1.16635,1.1684,0.0,EURUSD,OV2|6b0844|M5|S,
2026-05-05 14:17:08,183111374,2026-05-05T14:17:08+00:00,1777990628816,2026-05-05T14:17:08+00:00,1777990628816,1970-01-01T00:00:00+00:00,1,0,1,4,0,183099058,0,4,0.1,0.0,24261.5,0.0,0.0,24261.5,0.0,GER40,[sl 24261.50],
2026-05-05 14:19:14,183112058,2026-05-05T14:19:14+00:00,1777990754559,2026-05-05T14:19:14+00:00,1777990754559,1970-01-01T00:00:00+00:00,0,0,1,4,0,183112058,0,3,0.1,0.0,0.0,24262.5,24369.57,24268.5,0.0,GER40,OV2|175d0e|H1|B,
2026-05-05 14:21:43,183112833,2026-05-05T14:21:43+00:00,1777990903701,2026-05-05T14:21:43+00:00,1777990903701,1970-01-01T00:00:00+00:00,1,0,1,4,0,183038516,0,4,0.1,0.0,1.35312,0.0,0.0,1.35312,0.0,GBPUSD,[sl 1.35312],
2026-05-05 14:24:46,183114228,2026-05-05T14:24:46+00:00,1777991086129,2026-05-05T14:24:46+00:00,1777991086129,1970-01-01T00:00:00+00:00,0,0,1,4,0,183111184,0,4,0.1,0.0,1.16907,0.0,0.0,1.16907,0.0,EURUSD,[sl 1.16907],
2026-05-05 14:28:27,183115094,2026-05-05T14:28:27+00:00,1777991307754,2026-05-05T14:28:27+00:00,1777991307754,1970-01-01T00:00:00+00:00,0,0,1,4,0,183115094,0,3,0.1,0.0,0.0,0.71643,0.71923,0.71713,0.0,AUDUSD,OV2|9c7119|H1|B,
2026-05-05 14:35:59,183118226,2026-05-05T14:35:59+00:00,1777991759609,2026-05-05T14:35:59+00:00,1777991759609,1970-01-01T00:00:00+00:00,1,0,1,4,0,183080738,0,5,0.07,0.0,184.386,0.0,0.0,184.386,0.0,EURJPY,[tp 184.386],
2026-05-05 14:38:56,183119606,2026-05-05T14:38:56+00:00,1777991936025,2026-05-05T14:38:56+00:00,1777991936025,1970-01-01T00:00:00+00:00,0,0,1,4,0,183119606,0,3,0.1,0.0,0.0,184.303,184.599,184.377,0.0,EURJPY,OV2|a80128|H1|B,
2026-05-05 14:45:26,183123116,2026-05-05T14:45:26+00:00,1777992326329,2026-05-05T14:45:26+00:00,1777992326329,1970-01-01T00:00:00+00:00,1,0,1,4,0,183082186,0,5,0.1,0.0,113.119,0.0,0.0,113.119,0.0,AUDJPY,[tp 113.119],
2026-05-05 14:51:59,183125817,2026-05-05T14:51:59+00:00,1777992719493,2026-05-05T14:51:59+00:00,1777992719493,1970-01-01T00:00:00+00:00,0,0,1,4,0,183125817,0,3,0.1,0.0,0.0,113.058,113.394,113.142,0.0,AUDJPY,OV2|ee78bb|H1|B,
2026-05-05 15:00:17,183127643,2026-05-05T15:00:17+00:00,1777993217196,2026-05-05T15:00:17+00:00,1777993217196,1970-01-01T00:00:00+00:00,0,0,1,4,0,183096593,0,5,0.04,0.0,10221.4,0.0,0.0,10221.4,0.0,UK100,[tp 10221.40],
2026-05-05 15:02:49,183129127,2026-05-05T15:02:49+00:00,1777993369720,2026-05-05T15:02:49+00:00,1777993369721,1970-01-01T00:00:00+00:00,1,0,1,4,0,183129127,0,3,0.04,0.0,0.0,10220.4,10182.86,10214.4,0.0,UK100,OV2|503aa0|H1|S,
2026-05-05 15:04:34,183130510,2026-05-05T15:04:34+00:00,1777993474377,2026-05-05T15:04:34+00:00,1777993474377,1970-01-01T00:00:00+00:00,0,0,1,4,0,183044752,0,4,0.1,0.0,0.78422,0.0,0.0,0.78422,0.0,USDCHF,[sl 0.78422],
2026-05-05 15:06:32,183131187,2026-05-05T15:06:32+00:00,1777993592186,2026-05-05T15:06:32+00:00,1777993592186,1970-01-01T00:00:00+00:00,0,0,1,4,0,183129127,0,4,0.04,0.0,10220.4,0.0,0.0,10220.4,0.0,UK100,[sl 10220.40],
2026-05-05 15:07:10,183132519,2026-05-05T15:07:10+00:00,1777993630963,2026-05-05T15:07:10+00:00,1777993630963,1970-01-01T00:00:00+00:00,0,0,1,4,0,183132519,0,3,0.1,0.0,0.0,0.78352,0.78624,0.7842,0.0,USDCHF,OV2|8017a0|H1|B,
2026-05-05 15:11:52,183135452,2026-05-05T15:11:52+00:00,1777993912686,2026-05-05T15:11:52+00:00,1777993912687,1970-01-01T00:00:00+00:00,1,0,1,4,0,183119606,0,4,0.1,0.0,184.303,0.0,0.0,184.303,0.0,EURJPY,[sl 184.303],
2026-05-05 15:12:32,183136161,2026-05-05T15:12:32+00:00,1777993952918,2026-05-05T15:12:32+00:00,1777993952918,1970-01-01T00:00:00+00:00,1,0,1,4,0,183136161,0,3,0.04,0.0,0.0,10234.4,10195.15,10228.4,0.0,UK100,OV2|6c6087|H1|S,
2026-05-05 15:13:21,183136624,2026-05-05T15:13:21+00:00,1777994001993,2026-05-05T15:13:21+00:00,1777994001993,1970-01-01T00:00:00+00:00,1,0,1,4,0,183132519,0,4,0.1,0.0,0.78352,0.0,0.0,0.78352,0.0,USDCHF,[sl 0.78352],
2026-05-05 15:15:09,183137365,2026-05-05T15:15:09+00:00,1777994109934,2026-05-05T15:15:09+00:00,1777994109934,1970-01-01T00:00:00+00:00,1,0,1,4,0,183112058,0,5,0.1,0.0,24369.57,0.0,0.0,24369.57,0.0,GER40,[tp 24369.57],
2026-05-05 15:17:22,183138282,2026-05-05T15:17:22+00:00,1777994242906,2026-05-05T15:17:22+00:00,1777994242906,1970-01-01T00:00:00+00:00,0,0,1,4,0,183138282,0,3,0.1,0.0,0.0,0.78299,0.78571,0.78367,0.0,USDCHF,OV2|655f1e|H1|B,
2026-05-05 15:18:07,183138617,2026-05-05T15:18:07+00:00,1777994287086,2026-05-05T15:18:07+00:00,1777994287086,1970-01-01T00:00:00+00:00,0,0,1,4,0,183138617,0,3,0.1,0.0,0.0,184.402,184.698,184.476,0.0,EURJPY,OV2|315c90|H1|B,
2026-05-05 15:19:25,183139053,2026-05-05T15:19:25+00:00,1777994365293,2026-05-05T15:19:25+00:00,1777994365293,1970-01-01T00:00:00+00:00,0,0,1,4,0,183139053,0,3,0.1,0.0,0.0,24369.0,24481.59,24375.0,0.0,GER40,OV2|412cf2|H1|B,
2026-05-05 15:19:48,183139120,2026-05-05T15:19:48+00:00,1777994388387,2026-05-05T15:19:48+00:00,1777994388387,1970-01-01T00:00:00+00:00,1,0,1,4,0,183139053,0,4,0.1,0.0,24369.0,0.0,0.0,24369.0,0.0,GER40,[sl 24369.00],
2026-05-05 15:24:25,183142473,2026-05-05T15:24:25+00:00,1777994665657,2026-05-05T15:24:25+00:00,1777994665657,1970-01-01T00:00:00+00:00,0,0,1,4,0,183136161,0,4,0.04,0.0,10234.4,0.0,0.0,10234.4,0.0,UK100,[sl 10234.40],
2026-05-05 15:24:41,183143039,2026-05-05T15:24:41+00:00,1777994681393,2026-05-05T15:24:41+00:00,1777994681393,1970-01-01T00:00:00+00:00,1,0,1,4,0,183143039,0,3,0.04,0.0,0.0,10237.9,10194.93,10231.9,0.0,UK100,OV2|dbcf87|H1|S,
2026-05-05 15:25:17,183143921,2026-05-05T15:25:17+00:00,1777994717353,2026-05-05T15:25:17+00:00,1777994717353,1970-01-01T00:00:00+00:00,1,0,1,4,0,183138617,0,4,0.1,0.0,184.402,0.0,0.0,184.402,0.0,EURJPY,[sl 184.402],
2026-05-05 15:25:18,183143962,2026-05-05T15:25:18+00:00,1777994718121,2026-05-05T15:25:18+00:00,1777994718122,1970-01-01T00:00:00+00:00,1,0,1,4,0,183103379,0,5,0.1,0.0,81176.22,0.0,0.0,81176.22,0.0,BTCUSD,[tp 81176.22],
2026-05-05 15:25:28,183144167,2026-05-05T15:25:28+00:00,1777994728676,2026-05-05T15:25:28+00:00,1777994728676,1970-01-01T00:00:00+00:00,0,0,1,4,0,183144167,0,3,0.1,0.0,0.0,81144.7,81683.48,81161.2,0.0,BTCUSD,OV2|846fce|M5|B,
2026-05-05 15:26:16,183144670,2026-05-05T15:26:16+00:00,1777994776071,2026-05-05T15:26:16+00:00,1777994776072,1970-01-01T00:00:00+00:00,0,0,1,4,0,183143039,0,4,0.04,0.0,10237.9,0.0,0.0,10237.9,0.0,UK100,[sl 10237.90],
2026-05-05 15:31:19,183147211,2026-05-05T15:31:19+00:00,1777995079138,2026-05-05T15:31:19+00:00,1777995079138,1970-01-01T00:00:00+00:00,0,0,1,4,0,183147211,0,3,0.1,0.0,0.0,184.396,184.716,184.47,0.0,EURJPY,OV2|0ef291|H1|B,
2026-05-05 15:34:59,183148887,2026-05-05T15:34:59+00:00,1777995299328,2026-05-05T15:34:59+00:00,1777995299328,1970-01-01T00:00:00+00:00,1,0,1,4,0,183148887,0,3,0.04,0.0,0.0,10238.4,10194.47,10232.4,0.0,UK100,OV2|155669|H1|S,
2026-05-05 15:42:59,183151838,2026-05-05T15:42:59+00:00,1777995779797,2026-05-05T15:42:59+00:00,1777995779797,1970-01-01T00:00:00+00:00,0,0,1,4,0,183151838,0,3,0.1,0.0,0.0,24319.0,24443.57,24325.0,0.0,GER40,OV2|d624e6|H1|B,
2026-05-05 15:45:46,183152267,2026-05-05T15:45:46+00:00,1777995946109,2026-05-05T15:45:46+00:00,1777995946109,1970-01-01T00:00:00+00:00,1,0,1,4,0,183151838,0,4,0.1,0.0,24319.0,0.0,0.0,24319.0,0.0,GER40,[sl 24319.00],
2026-05-05 15:46:46,183152878,2026-05-05T15:46:46+00:00,1777996006073,2026-05-05T15:46:46+00:00,1777996006073,1970-01-01T00:00:00+00:00,0,0,1,4,0,183152878,0,3,0.1,0.0,0.0,24314.5,24439.6,24320.5,0.0,GER40,OV2|e147d6|H1|B,
2026-05-05 15:47:01,183153130,2026-05-05T15:47:01+00:00,1777996021884,2026-05-05T15:47:01+00:00,1777996021884,1970-01-01T00:00:00+00:00,1,0,1,4,0,183152878,0,4,0.1,0.0,24314.5,0.0,0.0,24314.5,0.0,GER40,[sl 24314.50],
2026-05-05 15:48:28,183153465,2026-05-05T15:48:28+00:00,1777996108258,2026-05-05T15:48:28+00:00,1777996108259,1970-01-01T00:00:00+00:00,0,0,1,4,0,183038418,0,4,0.1,0.0,1.36273,0.0,0.0,1.36273,0.0,USDCAD,[sl 1.36273],
2026-05-05 15:51:58,183155070,2026-05-05T15:51:58+00:00,1777996318893,2026-05-05T15:51:58+00:00,1777996318893,1970-01-01T00:00:00+00:00,0,0,1,4,0,183155070,0,3,0.1,0.0,0.0,24301.5,24405.53,24308.0,0.0,GER40,OV2|b6b70d|H1|B,
2026-05-05 15:53:00,183155597,2026-05-05T15:53:00+00:00,1777996380362,2026-05-05T15:53:00+00:00,1777996380363,1970-01-01T00:00:00+00:00,1,0,1,4,0,183155070,0,4,0.1,0.0,24301.5,0.0,0.0,24301.5,0.0,GER40,[sl 24301.50],
2026-05-05 16:06:52,183163660,2026-05-05T16:06:52+00:00,1777997212761,2026-05-05T16:06:52+00:00,1777997212761,1970-01-01T00:00:00+00:00,0,0,1,4,0,183163660,0,3,0.1,0.0,0.0,24340.5,24433.12,24346.5,0.0,GER40,OV2|8b0bf1|H1|B,
2026-05-05 16:07:15,183163776,2026-05-05T16:07:15+00:00,1777997235633,2026-05-05T16:07:15+00:00,1777997235633,1970-01-01T00:00:00+00:00,1,0,1,4,0,183163660,0,4,0.1,0.0,24340.5,0.0,0.0,24340.5,0.0,GER40,[sl 24340.50],
2026-05-05 16:08:05,183164353,2026-05-05T16:08:05+00:00,1777997285532,2026-05-05T16:08:05+00:00,1777997285532,1970-01-01T00:00:00+00:00,1,0,1,4,0,183138282,0,4,0.1,0.0,0.78299,0.0,0.0,0.78299,0.0,USDCHF,[sl 0.78299],
2026-05-05 16:08:32,183164612,2026-05-05T16:08:32+00:00,1777997312819,2026-05-05T16:08:32+00:00,1777997312819,1970-01-01T00:00:00+00:00,0,0,1,4,0,182892090,0,5,0.1,0.0,99.97,0.0,0.0,99.97,0.0,USOIL+,[tp 99.97],
2026-05-05 16:08:32,183164613,2026-05-05T16:08:32+00:00,1777997312819,2026-05-05T16:08:32+00:00,1777997312820,1970-01-01T00:00:00+00:00,0,0,1,4,0,182892096,0,5,0.1,0.0,99.97,0.0,0.0,99.97,0.0,USOIL+,[tp 99.97],
2026-05-05 16:08:47,183164976,2026-05-05T16:08:47+00:00,1777997327364,2026-05-05T16:08:47+00:00,1777997327364,1970-01-01T00:00:00+00:00,1,0,1,4,0,183164976,0,3,0.1,0.0,0.0,0.7835,0.78078,0.78282,0.0,USDCHF,OV2|039dd3|H1|S,
2026-05-05 16:11:03,183167558,2026-05-05T16:11:03+00:00,1777997463810,2026-05-05T16:11:03+00:00,1777997463811,1970-01-01T00:00:00+00:00,1,0,1,4,0,183167558,0,3,0.1,0.0,0.0,100.57,97.97,99.97,0.0,USOIL+,OV2|3213ee|H1|S,
2026-05-05 16:12:01,183167933,2026-05-05T16:12:01+00:00,1777997521620,2026-05-05T16:12:01+00:00,1777997521624,1970-01-01T00:00:00+00:00,0,0,1,4,0,183167933,0,3,0.1,0.0,0.0,24351.5,24446.44,24357.5,0.0,GER40,OV2|fa181b|H1|B,
2026-05-05 16:16:01,183170450,2026-05-05T16:16:01+00:00,1777997761050,2026-05-05T16:16:01+00:00,1777997761051,1970-01-01T00:00:00+00:00,1,0,1,4,0,183167933,0,4,0.1,0.0,24351.5,0.0,0.0,24351.5,0.0,GER40,[sl 24351.50],
2026-05-05 16:16:59,183171086,2026-05-05T16:16:59+00:00,1777997819340,2026-05-05T16:16:59+00:00,1777997819340,1970-01-01T00:00:00+00:00,0,0,1,4,0,183171086,0,3,0.1,0.0,0.0,24350.5,24442.77,24356.5,0.0,GER40,OV2|a458c5|H1|B,
2026-05-05 16:21:02,183174416,2026-05-05T16:21:02+00:00,1777998062794,2026-05-05T16:21:02+00:00,1777998062794,1970-01-01T00:00:00+00:00,1,0,1,4,0,183144167,0,5,0.1,0.0,81683.48,0.0,0.0,81683.48,0.0,BTCUSD,[tp 81683.48],
2026-05-05 16:21:09,183174549,2026-05-05T16:21:09+00:00,1777998069869,2026-05-05T16:21:09+00:00,1777998069869,1970-01-01T00:00:00+00:00,1,0,1,4,0,183171086,0,4,0.1,0.0,24350.5,0.0,0.0,24350.5,0.0,GER40,[sl 24350.50],
2026-05-05 16:21:18,183174654,2026-05-05T16:21:18+00:00,1777998078187,2026-05-05T16:21:18+00:00,1777998078187,1970-01-01T00:00:00+00:00,0,0,1,4,0,183174654,0,3,0.1,0.0,0.0,2396.464,2424.277,2397.964,0.0,ETHUSD,OV2|22a520|H1|B,
2026-05-05 16:21:25,183174726,2026-05-05T16:21:25+00:00,1777998085003,2026-05-05T16:21:25+00:00,1777998085004,1970-01-01T00:00:00+00:00,1,0,1,4,0,183174654,0,4,0.1,0.0,2396.464,0.0,0.0,2396.464,0.0,ETHUSD,[sl 2396.464],
2026-05-05 16:21:40,183174848,2026-05-05T16:21:40+00:00,1777998100629,2026-05-05T16:21:40+00:00,1777998100629,1970-01-01T00:00:00+00:00,0,0,1,4,0,183174848,0,3,0.1,0.0,0.0,81669.98,82443.98,81686.48,0.0,BTCUSD,OV2|e73fc2|M5|B,
2026-05-05 16:21:44,183174859,2026-05-05T16:21:44+00:00,1777998104343,2026-05-05T16:21:44+00:00,1777998104348,1970-01-01T00:00:00+00:00,1,0,1,4,0,183174848,0,4,0.1,0.0,81669.98,0.0,0.0,81669.98,0.0,BTCUSD,[sl 81669.98],
2026-05-05 16:23:26,183175658,2026-05-05T16:23:26+00:00,1777998206815,2026-05-05T16:23:26+00:00,1777998206815,1970-01-01T00:00:00+00:00,0,0,1,4,0,183175658,0,3,0.1,0.0,0.0,81587.1,82404.31,81605.6,0.0,BTCUSD,OV2|145866|M5|B,
2026-05-05 16:24:23,183176059,2026-05-05T16:24:23+00:00,1777998263850,2026-05-05T16:24:23+00:00,1777998263850,1970-01-01T00:00:00+00:00,1,0,1,4,0,183175658,0,4,0.1,0.0,81587.1,0.0,0.0,81587.1,0.0,BTCUSD,[sl 81587.10],
2026-05-05 16:24:44,183176291,2026-05-05T16:24:44+00:00,1777998284854,2026-05-05T16:24:44+00:00,1777998284854,1970-01-01T00:00:00+00:00,0,0,1,4,0,183176291,0,3,0.1,0.0,0.0,2392.281,2421.801,2393.853,0.0,ETHUSD,OV2|839992|H1|B,
2026-05-05 16:25:06,183176692,2026-05-05T16:25:06+00:00,1777998306785,2026-05-05T16:25:06+00:00,1777998306785,1970-01-01T00:00:00+00:00,1,0,1,4,0,183176291,0,4,0.1,0.0,2392.281,0.0,0.0,2392.281,0.0,ETHUSD,[sl 2392.281],
2026-05-05 16:25:32,183177190,2026-05-05T16:25:32+00:00,1777998332928,2026-05-05T16:25:32+00:00,1777998332928,1970-01-01T00:00:00+00:00,0,0,1,4,0,183177190,0,3,0.1,0.0,0.0,81460.45,82332.83,81476.95,0.0,BTCUSD,OV2|3ed81a|H1|B,
2026-05-05 16:25:39,183177273,2026-05-05T16:25:39+00:00,1777998339294,2026-05-05T16:25:39+00:00,1777998339294,1970-01-01T00:00:00+00:00,1,0,1,4,0,183177190,0,4,0.1,0.0,81460.45,0.0,0.0,81460.45,0.0,BTCUSD,[sl 81460.45],
2026-05-05 16:26:28,183177649,2026-05-05T16:26:28+00:00,1777998388715,2026-05-05T16:26:28+00:00,1777998388716,1970-01-01T00:00:00+00:00,0,0,1,4,0,183177649,0,3,0.1,0.0,0.0,81457.13,82340.24,81473.63,0.0,BTCUSD,OV2|82d9fe|M5|B,
2026-05-05 16:26:37,183177684,2026-05-05T16:26:37+00:00,1777998397954,2026-05-05T16:26:37+00:00,1777998397954,1970-01-01T00:00:00+00:00,1,0,1,4,0,183177649,0,4,0.1,0.0,81457.13,0.0,0.0,81457.13,0.0,BTCUSD,[sl 81457.13],
2026-05-05 16:27:00,183177757,2026-05-05T16:27:00+00:00,1777998420623,2026-05-05T16:27:00+00:00,1777998420623,1970-01-01T00:00:00+00:00,0,0,1,4,0,183177757,0,3,0.1,0.0,0.0,24327.0,24410.32,24333.0,0.0,GER40,OV2|3dce32|H1|B,
2026-05-05 16:28:19,183178383,2026-05-05T16:28:19+00:00,1777998499941,2026-05-05T16:28:19+00:00,1777998499942,1970-01-01T00:00:00+00:00,0,0,1,4,0,183178383,0,3,0.1,0.0,0.0,81412.9,82276.55,81429.4,0.0,BTCUSD,OV2|7ee3ab|M5|B,
2026-05-05 16:30:14,183179337,2026-05-05T16:30:14+00:00,1777998614316,2026-05-05T16:30:14+00:00,1777998614317,1970-01-01T00:00:00+00:00,1,0,1,4,0,183177757,0,4,0.1,0.0,24327.0,0.0,0.0,24327.0,0.0,GER40,[sl 24327.00],
2026-05-05 16:30:32,183179520,2026-05-05T16:30:32+00:00,1777998632964,2026-05-05T16:30:32+00:00,1777998632965,1970-01-01T00:00:00+00:00,1,0,1,4,0,183178383,0,4,0.1,0.0,81412.9,0.0,0.0,81412.9,0.0,BTCUSD,[sl 81412.90],
2026-05-05 16:30:36,183179570,2026-05-05T16:30:36+00:00,1777998636947,2026-05-05T16:30:36+00:00,1777998636947,1970-01-01T00:00:00+00:00,0,0,1,4,0,183179570,0,3,0.1,0.0,0.0,81379.31,82257.19,81395.81,0.0,BTCUSD,OV2|699844|H4|B,
2026-05-05 16:30:39,183179594,2026-05-05T16:30:39+00:00,1777998639498,2026-05-05T16:30:39+00:00,1777998639499,1970-01-01T00:00:00+00:00,1,0,1,4,0,183179570,0,4,0.1,0.0,81379.31,0.0,0.0,81379.31,0.0,BTCUSD,[sl 81379.31],
2026-05-05 16:31:23,183180003,2026-05-05T16:31:23+00:00,1777998683421,2026-05-05T16:31:23+00:00,1777998683421,1970-01-01T00:00:00+00:00,0,0,1,4,0,183180003,0,3,0.1,0.0,0.0,81433.1,82319.77,81449.6,0.0,BTCUSD,OV2|5fe40a|M5|B,
2026-05-05 16:32:09,183180515,2026-05-05T16:32:09+00:00,1777998729256,2026-05-05T16:32:09+00:00,1777998729257,1970-01-01T00:00:00+00:00,0,0,1,4,0,183180515,0,3,0.1,0.0,0.0,24318.5,24410.03,24325.0,0.0,GER40,OV2|a2fb1e|H1|B,
2026-05-05 16:32:15,183180694,2026-05-05T16:32:15+00:00,1777998735041,2026-05-05T16:32:15+00:00,1777998735041,1970-01-01T00:00:00+00:00,1,0,1,4,0,183180515,0,4,0.1,0.0,24318.5,0.0,0.0,24318.5,0.0,GER40,[sl 24318.50],
2026-05-05 16:34:16,183181709,2026-05-05T16:34:16+00:00,1777998856097,2026-05-05T16:34:16+00:00,1777998856097,1970-01-01T00:00:00+00:00,1,0,1,4,0,183181709,0,3,0.1,0.0,0.0,1.36204,1.35908,1.36129,0.0,USDCAD,OV2|ce3522|H1|S,
2026-05-05 16:34:41,183181879,2026-05-05T16:34:41+00:00,1777998881065,2026-05-05T16:34:41+00:00,1777998881065,1970-01-01T00:00:00+00:00,0,0,1,4,0,183181879,0,3,0.1,0.0,0.0,24306.5,24396.6,24312.5,0.0,GER40,OV2|a17c53|H1|B,
2026-05-05 16:35:00,183182063,2026-05-05T16:35:00+00:00,1777998900479,2026-05-05T16:35:00+00:00,1777998900479,1970-01-01T00:00:00+00:00,1,0,1,4,0,183181879,0,4,0.1,0.0,24306.5,0.0,0.0,24306.5,0.0,GER40,[sl 24306.50],
2026-05-05 16:35:08,183182121,2026-05-05T16:35:08+00:00,1777998908389,2026-05-05T16:35:08+00:00,1777998908390,1970-01-01T00:00:00+00:00,1,0,1,4,0,183180003,0,4,0.1,0.0,81433.1,0.0,0.0,81433.1,0.0,BTCUSD,[sl 81433.10],
2026-05-05 16:36:12,183183263,2026-05-05T16:36:12+00:00,1777998972091,2026-05-05T16:36:12+00:00,1777998972091,1970-01-01T00:00:00+00:00,0,0,1,4,0,183183263,0,3,0.1,0.0,0.0,2391.275,2424.218,2392.775,0.0,ETHUSD,OV2|07326e|H1|B,
2026-05-05 16:36:12,183183274,2026-05-05T16:36:12+00:00,1777998972790,2026-05-05T16:36:12+00:00,1777998972790,1970-01-01T00:00:00+00:00,1,0,1,4,0,183183263,0,4,0.1,0.0,2391.275,0.0,0.0,2391.275,0.0,ETHUSD,[sl 2391.275],
2026-05-05 16:36:23,183183362,2026-05-05T16:36:23+00:00,1777998983837,2026-05-05T16:36:23+00:00,1777998983837,1970-01-01T00:00:00+00:00,0,0,1,4,0,183183362,0,3,0.1,0.0,0.0,81477.59,82430.91,81492.37,0.0,BTCUSD,OV2|f968cf|M5|B,
2026-05-05 16:36:35,183183588,2026-05-05T16:36:35+00:00,1777998995854,2026-05-05T16:36:35+00:00,1777998995855,1970-01-01T00:00:00+00:00,1,0,1,4,0,183183362,0,4,0.1,0.0,81477.59,0.0,0.0,81477.59,0.0,BTCUSD,[sl 81477.59],
2026-05-05 16:37:55,183184766,2026-05-05T16:37:55+00:00,1777999075083,2026-05-05T16:37:55+00:00,1777999075083,1970-01-01T00:00:00+00:00,0,0,1,4,0,183184766,0,3,0.1,0.0,0.0,81426.46,82418.0,81442.96,0.0,BTCUSD,OV2|703cb3|M5|B,
2026-05-05 16:38:02,183184863,2026-05-05T16:38:02+00:00,1777999082908,2026-05-05T16:38:02+00:00,1777999082908,1970-01-01T00:00:00+00:00,1,0,1,4,0,183184766,0,4,0.1,0.0,81426.46,0.0,0.0,81426.46,0.0,BTCUSD,[sl 81426.46],
2026-05-05 16:38:09,183185020,2026-05-05T16:38:09+00:00,1777999089954,2026-05-05T16:38:09+00:00,1777999089954,1970-01-01T00:00:00+00:00,0,0,1,4,0,183148887,0,5,0.04,0.0,10194.47,0.0,0.0,10194.47,0.0,UK100,[tp 10194.47],
2026-05-05 16:39:42,183185618,2026-05-05T16:39:42+00:00,1777999182798,2026-05-05T16:39:42+00:00,1777999182799,1970-01-01T00:00:00+00:00,0,0,1,4,0,183185618,0,3,0.1,0.0,0.0,81406.9,82411.83,81423.4,0.0,BTCUSD,OV2|c052ba|M5|B,
2026-05-05 16:39:48,183185654,2026-05-05T16:39:48+00:00,1777999188601,2026-05-05T16:39:48+00:00,1777999188602,1970-01-01T00:00:00+00:00,1,0,1,4,0,183185618,0,4,0.1,0.0,81406.9,0.0,0.0,81406.9,0.0,BTCUSD,[sl 81406.90],
2026-05-05 16:40:38,183186132,2026-05-05T16:40:38+00:00,1777999238942,2026-05-05T16:40:38+00:00,1777999238942,1970-01-01T00:00:00+00:00,0,0,1,4,0,183186132,0,3,0.1,0.0,0.0,2382.835,2419.534,2384.335,0.0,ETHUSD,OV2|e89351|H1|B,
2026-05-05 16:43:54,183187795,2026-05-05T16:43:54+00:00,1777999434435,2026-05-05T16:43:54+00:00,1777999434435,1970-01-01T00:00:00+00:00,0,0,1,4,0,183164976,0,4,0.1,0.0,0.7835,0.0,0.0,0.7835,0.0,USDCHF,[sl 0.78350],
2026-05-05 16:44:50,183188268,2026-05-05T16:44:50+00:00,1777999490789,2026-05-05T16:44:50+00:00,1777999490790,1970-01-01T00:00:00+00:00,1,0,1,4,0,183188268,0,3,0.04,0.0,0.0,10191.7,10142.49,10185.7,0.0,UK100,OV2|888e19|H4|S,
2026-05-05 16:48:03,183189907,2026-05-05T16:48:03+00:00,1777999683462,2026-05-05T16:48:03+00:00,1777999683462,1970-01-01T00:00:00+00:00,0,0,1,4,0,183188268,0,4,0.04,0.0,10191.7,0.0,0.0,10191.7,0.0,UK100,[sl 10191.70],
2026-05-05 16:51:54,183192363,2026-05-05T16:51:54+00:00,1777999914968,2026-05-05T16:51:54+00:00,1777999914969,1970-01-01T00:00:00+00:00,1,0,1,4,0,183192363,0,3,0.1,0.0,0.0,0.78363,0.78091,0.78295,0.0,USDCHF,OV2|4a0a63|H1|S,
2026-05-05 17:01:03,183197875,2026-05-05T17:01:03+00:00,1778000463695,2026-05-05T17:01:03+00:00,1778000463695,1970-01-01T00:00:00+00:00,1,0,1,4,0,183197875,0,3,0.04,0.0,0.0,10203.2,10150.6,10197.2,0.0,UK100,OV2|efa1f3|H1|S,
2026-05-05 17:12:34,183203332,2026-05-05T17:12:34+00:00,1778001154850,2026-05-05T17:12:34+00:00,1778001154850,1970-01-01T00:00:00+00:00,0,0,1,4,0,183197875,0,4,0.04,0.0,10203.2,0.0,0.0,10203.2,0.0,UK100,[sl 10203.20],
2026-05-05 17:13:36,183204246,2026-05-05T17:13:36+00:00,1778001216233,2026-05-05T17:13:36+00:00,1778001216233,1970-01-01T00:00:00+00:00,1,0,1,4,0,183186132,0,4,0.1,0.0,2382.835,0.0,0.0,2382.835,0.0,ETHUSD,[sl 2382.835],
2026-05-05 17:13:51,183204572,2026-05-05T17:13:51+00:00,1778001231574,2026-05-05T17:13:51+00:00,1778001231574,1970-01-01T00:00:00+00:00,1,0,1,4,0,183204572,0,3,0.04,0.0,0.0,10200.4,10149.22,10194.4,0.0,UK100,OV2|d6dd85|H1|S,
2026-05-05 17:18:34,183208789,2026-05-05T17:18:34+00:00,1778001514037,2026-05-05T17:18:34+00:00,1778001514037,1970-01-01T00:00:00+00:00,0,0,1,4,0,183192363,0,4,0.1,0.0,0.78363,0.0,0.0,0.78363,0.0,USDCHF,[sl 0.78363],
2026-05-05 17:19:22,183210042,2026-05-05T17:19:22+00:00,1778001562808,2026-05-05T17:19:22+00:00,1778001562808,1970-01-01T00:00:00+00:00,1,0,1,4,0,183210042,0,3,0.1,0.0,0.0,0.78401,0.78129,0.78333,0.0,USDCHF,OV2|98e1f2|H1|S,
2026-05-05 17:23:23,183212910,2026-05-05T17:23:23+00:00,1778001803072,2026-05-05T17:23:23+00:00,1778001803072,1970-01-01T00:00:00+00:00,0,0,1,4,0,183212910,0,3,0.04,0.0,0.0,7246.45,7280.2,7252.45,0.0,US500,OV2|1704b3|H1|B,
2026-05-05 17:28:16,183217171,2026-05-05T17:28:16+00:00,1778002096860,2026-05-05T17:28:16+00:00,1778002096860,1970-01-01T00:00:00+00:00,0,0,1,4,0,183217171,0,3,0.1,0.0,0.0,81362.61,82667.6,81379.11,0.0,BTCUSD,OV2|affbed|M5|B,
2026-05-05 17:28:17,183217176,2026-05-05T17:28:17+00:00,1778002097139,2026-05-05T17:28:17+00:00,1778002097140,1970-01-01T00:00:00+00:00,1,0,1,4,0,183217171,0,4,0.1,0.0,81362.61,0.0,0.0,81362.61,0.0,BTCUSD,[sl 81362.61],
2026-05-05 17:28:58,183217871,2026-05-05T17:28:58+00:00,1778002138301,2026-05-05T17:28:58+00:00,1778002138301,1970-01-01T00:00:00+00:00,1,0,1,4,0,183081049,0,5,0.09,0.0,201.559,0.0,0.0,201.559,0.0,CHFJPY,[tp 201.559],
2026-05-05 17:29:43,183218359,2026-05-05T17:29:43+00:00,1778002183342,2026-05-05T17:29:43+00:00,1778002183342,1970-01-01T00:00:00+00:00,0,0,1,4,0,183218359,0,3,0.1,0.0,0.0,81428.47,82756.6,81444.97,0.0,BTCUSD,OV2|6e4283|M5|B,
2026-05-05 17:29:54,183218435,2026-05-05T17:29:54+00:00,1778002194267,2026-05-05T17:29:54+00:00,1778002194267,1970-01-01T00:00:00+00:00,1,0,1,4,0,183218359,0,4,0.1,0.0,81428.47,0.0,0.0,81428.47,0.0,BTCUSD,[sl 81428.47],
2026-05-05 17:31:35,183219809,2026-05-05T17:31:35+00:00,1778002295627,2026-05-05T17:31:35+00:00,1778002295627,1970-01-01T00:00:00+00:00,0,0,1,4,0,183219809,0,3,0.1,0.0,0.0,81432.42,82732.71,81448.92,0.0,BTCUSD,OV2|cad446|M5|B,
2026-05-05 17:32:01,183219944,2026-05-05T17:32:01+00:00,1778002321051,2026-05-05T17:32:01+00:00,1778002321052,1970-01-01T00:00:00+00:00,1,0,1,4,0,183219809,0,4,0.1,0.0,81432.42,0.0,0.0,81432.42,0.0,BTCUSD,[sl 81432.42],
2026-05-05 17:32:52,183220296,2026-05-05T17:32:52+00:00,1778002372470,2026-05-05T17:32:52+00:00,1778002372470,1970-01-01T00:00:00+00:00,0,0,1,4,0,183220296,0,3,0.1,0.0,0.0,81476.37,82776.66,81492.87,0.0,BTCUSD,OV2|6cd7b0|M5|B,
2026-05-05 17:32:53,183220300,2026-05-05T17:32:53+00:00,1778002373011,2026-05-05T17:32:53+00:00,1778002373011,1970-01-01T00:00:00+00:00,1,0,1,4,0,183220296,0,4,0.1,0.0,81476.37,0.0,0.0,81476.37,0.0,BTCUSD,[sl 81476.37],
2026-05-05 17:33:49,183220697,2026-05-05T17:33:49+00:00,1778002429257,2026-05-05T17:33:49+00:00,1778002429257,1970-01-01T00:00:00+00:00,0,0,1,4,0,183220697,0,3,0.1,0.0,0.0,201.509,201.885,201.601,0.0,CHFJPY,OV2|d72bd1|H1|B,
2026-05-05 17:36:11,183221553,2026-05-05T17:36:11+00:00,1778002571534,2026-05-05T17:36:11+00:00,1778002571535,1970-01-01T00:00:00+00:00,0,0,1,4,0,183221553,0,3,0.1,0.0,0.0,81406.03,82572.66,81422.53,0.0,BTCUSD,OV2|cbec50|M5|B,
2026-05-05 17:36:36,183221674,2026-05-05T17:36:36+00:00,1778002596504,2026-05-05T17:36:36+00:00,1778002596505,1970-01-01T00:00:00+00:00,1,0,1,4,0,183221553,0,4,0.1,0.0,81406.03,0.0,0.0,81406.03,0.0,BTCUSD,[sl 81406.03],
2026-05-05 17:43:36,183224632,2026-05-05T17:43:36+00:00,1778003016605,2026-05-05T17:43:36+00:00,1778003016605,1970-01-01T00:00:00+00:00,0,0,1,4,0,183224632,0,3,0.1,0.0,0.0,85.084,86.735,85.451,0.0,SOLUSD,OV2|bf6f23|H1|B,
2026-05-05 18:01:13,183232229,2026-05-05T18:01:13+00:00,1778004073929,2026-05-05T18:01:13+00:00,1778004073929,1970-01-01T00:00:00+00:00,0,0,1,4,0,183181709,0,4,0.1,0.0,1.36204,0.0,0.0,1.36204,0.0,USDCAD,[sl 1.36204],
2026-05-05 18:02:01,183232599,2026-05-05T18:02:01+00:00,1778004121513,2026-05-05T18:02:01+00:00,1778004121513,1970-01-01T00:00:00+00:00,0,0,1,4,0,183232599,0,3,0.1,0.0,0.0,24327.5,24447.78,24333.5,0.0,GER40,OV2|b4e13e|H1|B,
2026-05-05 18:02:27,183232689,2026-05-05T18:02:27+00:00,1778004147690,2026-05-05T18:02:27+00:00,1778004147690,1970-01-01T00:00:00+00:00,1,0,1,4,0,183232599,0,4,0.1,0.0,24327.5,0.0,0.0,24327.5,0.0,GER40,[sl 24327.50],
2026-05-05 18:02:33,183232715,2026-05-05T18:02:33+00:00,1778004153385,2026-05-05T18:02:33+00:00,1778004153385,1970-01-01T00:00:00+00:00,1,0,1,4,0,183030341,0,5,0.1,0.0,0.58958,0.0,0.0,0.58958,0.0,NZDUSD,[tp 0.58958],
2026-05-05 18:03:28,183233065,2026-05-05T18:03:28+00:00,1778004208466,2026-05-05T18:03:28+00:00,1778004208466,1970-01-01T00:00:00+00:00,1,0,1,4,0,183233065,0,3,0.1,0.0,0.0,1.36216,1.3592,1.36142,0.0,USDCAD,OV2|8e4cdf|H1|S,
2026-05-05 18:04:11,183233353,2026-05-05T18:04:11+00:00,1778004251216,2026-05-05T18:04:11+00:00,1778004251217,1970-01-01T00:00:00+00:00,1,0,1,4,0,183115094,0,5,0.1,0.0,0.71923,0.0,0.0,0.71923,0.0,AUDUSD,[tp 0.71923],
2026-05-05 18:04:31,183233445,2026-05-05T18:04:31+00:00,1778004271979,2026-05-05T18:04:31+00:00,1778004271980,1970-01-01T00:00:00+00:00,1,0,1,4,0,183125817,0,5,0.1,0.0,113.394,0.0,0.0,113.394,0.0,AUDJPY,[tp 113.394],
2026-05-05 18:07:07,183234743,2026-05-05T18:07:07+00:00,1778004427158,2026-05-05T18:07:07+00:00,1778004427159,1970-01-01T00:00:00+00:00,0,0,1,4,0,183234743,0,3,0.1,0.0,0.0,113.291,113.619,113.373,0.0,AUDJPY,OV2|164794|H1|B,
2026-05-05 18:07:15,183234805,2026-05-05T18:07:15+00:00,1778004435842,2026-05-05T18:07:15+00:00,1778004435842,1970-01-01T00:00:00+00:00,0,0,1,4,0,183234805,0,3,0.1,0.0,0.0,0.71862,0.7215,0.71934,0.0,AUDUSD,OV2|69aa67|H1|B,
2026-05-05 18:11:46,183235776,2026-05-05T18:11:46+00:00,1778004706273,2026-05-05T18:11:46+00:00,1778004706273,1970-01-01T00:00:00+00:00,0,0,1,4,0,183204572,0,4,0.04,0.0,10200.4,0.0,0.0,10200.4,0.0,UK100,[sl 10200.40],
2026-05-05 18:12:01,183235860,2026-05-05T18:12:01+00:00,1778004721960,2026-05-05T18:12:01+00:00,1778004721960,1970-01-01T00:00:00+00:00,0,0,1,4,0,183235860,0,3,0.1,0.0,0.0,24358.0,24455.78,24364.0,0.0,GER40,OV2|bbcc5b|M15|B,
2026-05-05 18:13:38,183236446,2026-05-05T18:13:38+00:00,1778004818657,2026-05-05T18:13:38+00:00,1778004818657,1970-01-01T00:00:00+00:00,1,0,1,4,0,183236446,0,3,0.04,0.0,0.0,10205.4,10160.43,10199.4,0.0,UK100,OV2|d136fa|H1|S,
2026-05-05 18:15:28,183236920,2026-05-05T18:15:28+00:00,1778004928816,2026-05-05T18:15:28+00:00,1778004928816,1970-01-01T00:00:00+00:00,0,0,1,4,0,183236446,0,4,0.04,0.0,10205.4,0.0,0.0,10205.4,0.0,UK100,[sl 10205.40],
2026-05-05 18:17:35,183237509,2026-05-05T18:17:35+00:00,1778005055747,2026-05-05T18:17:35+00:00,1778005055747,1970-01-01T00:00:00+00:00,1,0,1,4,0,183237509,0,3,0.04,0.0,0.0,10214.9,10169.22,10208.9,0.0,UK100,OV2|711ecc|H1|S,
2026-05-05 18:21:45,183238850,2026-05-05T18:21:45+00:00,1778005305707,2026-05-05T18:21:45+00:00,1778005305707,1970-01-01T00:00:00+00:00,0,0,1,4,0,183237509,0,4,0.04,0.0,10214.9,0.0,0.0,10214.9,0.0,UK100,[sl 10214.90],
2026-05-05 18:22:26,183239065,2026-05-05T18:22:26+00:00,1778005346701,2026-05-05T18:22:26+00:00,1778005346702,1970-01-01T00:00:00+00:00,1,0,1,4,0,183239065,0,3,0.04,0.0,0.0,10221.2,10176.45,10215.2,0.0,UK100,OV2|7964e7|H1|S,
2026-05-05 18:29:02,183241107,2026-05-05T18:29:02+00:00,1778005742566,2026-05-05T18:29:02+00:00,1778005742566,1970-01-01T00:00:00+00:00,0,0,1,4,0,183239065,0,4,0.04,0.0,10221.2,0.0,0.0,10221.2,0.0,UK100,[sl 10221.20],
2026-05-05 18:38:01,183243657,2026-05-05T18:38:01+00:00,1778006281662,2026-05-05T18:38:01+00:00,1778006281662,1970-01-01T00:00:00+00:00,0,0,1,4,0,183243657,0,3,0.1,0.0,0.0,0.58938,0.5925,0.59013,0.0,NZDUSD,OV2|e5f525|H1|B,
2026-05-05 18:49:18,183247821,2026-05-05T18:49:18+00:00,1778006958620,2026-05-05T18:49:18+00:00,1778006958620,1970-01-01T00:00:00+00:00,1,0,1,4,0,183247821,0,3,0.02,0.0,0.0,73.701,72.941,73.526,0.0,XAGUSD,OV2|03e544|H1|S,
2026-05-05 19:25:12,183259012,2026-05-05T19:25:12+00:00,1778009112355,2026-05-05T19:25:12+00:00,1778009112355,1970-01-01T00:00:00+00:00,1,0,1,4,0,183243657,0,4,0.1,0.0,0.58938,0.0,0.0,0.58938,0.0,NZDUSD,[sl 0.58938],
2026-05-05 19:31:20,183262317,2026-05-05T19:31:20+00:00,1778009480299,2026-05-05T19:31:20+00:00,1778009480299,1970-01-01T00:00:00+00:00,0,0,1,4,0,183247821,0,5,0.02,0.0,72.941,0.0,0.0,72.941,0.0,XAGUSD,[tp 72.941],
2026-05-05 19:32:57,183263216,2026-05-05T19:32:57+00:00,1778009577722,2026-05-05T19:32:57+00:00,1778009577722,1970-01-01T00:00:00+00:00,1,0,1,4,0,183263216,0,3,0.05,0.0,0.0,4557.18,4537.08,4554.68,0.0,XAUUSD,OV2|7955f6|M5|S,
2026-05-05 19:33:51,183263491,2026-05-05T19:33:51+00:00,1778009631457,2026-05-05T19:33:51+00:00,1778009631457,1970-01-01T00:00:00+00:00,0,0,1,4,0,183233065,0,4,0.1,0.0,1.36216,0.0,0.0,1.36216,0.0,USDCAD,[sl 1.36216],
2026-05-05 19:34:38,183263714,2026-05-05T19:34:38+00:00,1778009678892,2026-05-05T19:34:38+00:00,1778009678892,1970-01-01T00:00:00+00:00,0,0,1,4,0,183263216,0,4,0.05,0.0,4557.18,0.0,0.0,4557.18,0.0,XAUUSD,[sl 4557.18],
2026-05-05 19:34:39,183263724,2026-05-05T19:34:39+00:00,1778009679605,2026-05-05T19:34:39+00:00,1778009679606,1970-01-01T00:00:00+00:00,1,0,1,4,0,183263724,0,3,0.05,0.0,0.0,4559.63,4540.05,4557.14,0.0,XAUUSD,OV2|629776|H1|S,
2026-05-05 19:39:01,183265062,2026-05-05T19:39:01+00:00,1778009941163,2026-05-05T19:39:01+00:00,1778009941163,1970-01-01T00:00:00+00:00,1,0,1,4,0,183224632,0,4,0.1,0.0,85.084,0.0,0.0,85.084,0.0,SOLUSD,[sl 85.084],
2026-05-05 19:51:14,183267473,2026-05-05T19:51:14+00:00,1778010674235,2026-05-05T19:51:14+00:00,1778010674236,1970-01-01T00:00:00+00:00,0,0,1,4,0,183263724,0,4,0.05,0.0,4559.63,0.0,0.0,4559.63,0.0,XAUUSD,[sl 4559.63],
2026-05-05 19:51:58,183267850,2026-05-05T19:51:58+00:00,1778010718296,2026-05-05T19:51:58+00:00,1778010718296,1970-01-01T00:00:00+00:00,1,0,1,4,0,183267850,0,3,0.05,0.0,0.0,4561.64,4542.19,4559.14,0.0,XAUUSD,OV2|649b94|M5|S,
2026-05-05 19:55:52,183268598,2026-05-05T19:55:52+00:00,1778010952538,2026-05-05T19:55:52+00:00,1778010952538,1970-01-01T00:00:00+00:00,0,0,1,4,0,183267850,0,4,0.05,0.0,4561.64,0.0,0.0,4561.64,0.0,XAUUSD,[sl 4561.64],
2026-05-05 19:56:39,183268912,2026-05-05T19:56:39+00:00,1778010999610,2026-05-05T19:56:39+00:00,1778010999610,1970-01-01T00:00:00+00:00,1,0,1,4,0,183234805,0,4,0.1,0.0,0.71862,0.0,0.0,0.71862,0.0,AUDUSD,[sl 0.71862],
2026-05-05 19:57:10,183268997,2026-05-05T19:57:10+00:00,1778011030039,2026-05-05T19:57:10+00:00,1778011030039,1970-01-01T00:00:00+00:00,1,0,1,4,0,183268997,0,3,0.05,0.0,0.0,4563.91,4545.38,4561.41,0.0,XAUUSD,OV2|55ad9f|M5|S,
2026-05-05 20:26:44,183277102,2026-05-05T20:26:44+00:00,1778012804196,2026-05-05T20:26:44+00:00,1778012804196,1970-01-01T00:00:00+00:00,0,0,1,4,0,182891837,0,4,0.1,0.0,0.11412,0.0,0.0,0.11412,0.0,DOGUSD,[sl 0.11412],
2026-05-05 20:26:45,183277111,2026-05-05T20:26:45+00:00,1778012805265,2026-05-05T20:26:45+00:00,1778012805265,1970-01-01T00:00:00+00:00,0,0,1,4,0,182891842,0,4,0.1,0.0,0.11413,0.0,0.0,0.11413,0.0,DOGUSD,[sl 0.11413],
2026-05-05 20:31:40,183278407,2026-05-05T20:31:40+00:00,1778013100282,2026-05-05T20:31:40+00:00,1778013100282,1970-01-01T00:00:00+00:00,1,0,1,4,0,183278407,0,3,0.1,0.0,0.0,1.3556300000000001,1.35291,1.35495,0.0,GBPUSD,OV2|ee8d53|H1|S,
2026-05-05 21:12:38,183285535,2026-05-05T21:12:38+00:00,1778015558698,2026-05-05T21:12:38+00:00,1778015558698,1970-01-01T00:00:00+00:00,0,0,1,4,0,183285535,0,3,0.1,0.0,0.0,81477.87,81931.9,81494.37,0.0,BTCUSD,OV2|33b457|M5|B,
2026-05-05 21:14:15,183285953,2026-05-05T21:14:15+00:00,1778015655758,2026-05-05T21:14:15+00:00,1778015655760,1970-01-01T00:00:00+00:00,0,0,1,4,0,183268997,0,4,0.05,0.0,4563.91,0.0,0.0,4563.91,0.0,XAUUSD,[sl 4563.91],
2026-05-05 21:14:22,183286241,2026-05-05T21:14:22+00:00,1778015662024,2026-05-05T21:14:22+00:00,1778015662024,1970-01-01T00:00:00+00:00,1,0,1,4,0,183286241,0,3,0.05,0.0,0.0,4566.3,4552.38,4563.8,0.0,XAUUSD,OV2|39439b|M5|S,
2026-05-05 21:19:07,183287782,2026-05-05T21:19:07+00:00,1778015947141,2026-05-05T21:19:07+00:00,1778015947142,1970-01-01T00:00:00+00:00,1,0,1,4,0,183285535,0,4,0.1,0.0,81477.87,0.0,0.0,81477.87,0.0,BTCUSD,[sl 81477.87],
2026-05-05 21:19:34,183287864,2026-05-05T21:19:34+00:00,1778015974477,2026-05-05T21:19:34+00:00,1778015974477,1970-01-01T00:00:00+00:00,0,0,1,4,0,183287864,0,3,0.1,0.0,0.0,81449.05,81981.86,81465.55,0.0,BTCUSD,OV2|17ea6c|M5|B,
2026-05-05 21:19:40,183287880,2026-05-05T21:19:40+00:00,1778015980615,2026-05-05T21:19:40+00:00,1778015980615,1970-01-01T00:00:00+00:00,1,0,1,4,0,183287864,0,4,0.1,0.0,81449.05,0.0,0.0,81449.05,0.0,BTCUSD,[sl 81449.05],
2026-05-05 21:21:20,183288087,2026-05-05T21:21:20+00:00,1778016080815,2026-05-05T21:21:20+00:00,1778016080815,1970-01-01T00:00:00+00:00,0,0,1,4,0,183288087,0,3,0.1,0.0,0.0,81468.64,81973.9,81485.14,0.0,BTCUSD,OV2|b2372a|M5|B,
2026-05-05 21:23:08,183288361,2026-05-05T21:23:08+00:00,1778016188475,2026-05-05T21:23:08+00:00,1778016188475,1970-01-01T00:00:00+00:00,1,0,1,4,0,183288087,0,4,0.1,0.0,81468.64,0.0,0.0,81468.64,0.0,BTCUSD,[sl 81468.64],
2026-05-05 21:24:20,183288666,2026-05-05T21:24:20+00:00,1778016260704,2026-05-05T21:24:20+00:00,1778016260704,1970-01-01T00:00:00+00:00,0,0,1,4,0,183288666,0,3,0.1,0.0,0.0,81445.05,81977.92,81461.55,0.0,BTCUSD,OV2|6f1c84|M5|B,
2026-05-05 21:24:25,183288688,2026-05-05T21:24:25+00:00,1778016265221,2026-05-05T21:24:25+00:00,1778016265222,1970-01-01T00:00:00+00:00,1,0,1,4,0,183288666,0,4,0.1,0.0,81445.05,0.0,0.0,81445.05,0.0,BTCUSD,[sl 81445.05],
2026-05-05 21:25:35,183288884,2026-05-05T21:25:35+00:00,1778016335074,2026-05-05T21:25:35+00:00,1778016335074,1970-01-01T00:00:00+00:00,1,0,1,4,0,183147211,0,5,0.1,0.0,184.716,0.0,0.0,184.716,0.0,EURJPY,[tp 184.716],
2026-05-05 21:26:12,183288979,2026-05-05T21:26:12+00:00,1778016372853,2026-05-05T21:26:12+00:00,1778016372853,1970-01-01T00:00:00+00:00,0,0,1,4,0,183288979,0,3,0.1,0.0,0.0,81413.11,81953.71,81431.61,0.0,BTCUSD,OV2|1f98ec|M5|B,
2026-05-05 21:53:39,183294877,2026-05-05T21:53:39+00:00,1778018019578,2026-05-05T21:53:39+00:00,1778018019578,1970-01-01T00:00:00+00:00,1,0,1,4,0,183288979,0,4,0.1,0.0,81413.11,0.0,0.0,81413.11,0.0,BTCUSD,[sl 81413.11],
2026-05-05 21:56:33,183295230,2026-05-05T21:56:33+00:00,1778018193408,2026-05-05T21:56:33+00:00,1778018193408,1970-01-01T00:00:00+00:00,0,0,1,4,0,183295230,0,3,0.1,0.0,0.0,81485.92,81960.88,81504.42,0.0,BTCUSD,OV2|70656e|M5|B,
2026-05-05 22:01:21,183295759,2026-05-05T22:01:21+00:00,1778018481860,2026-05-05T22:01:21+00:00,1778018481860,1970-01-01T00:00:00+00:00,1,0,1,4,0,183295230,0,4,0.1,0.0,81485.92,0.0,0.0,81485.92,0.0,BTCUSD,[sl 81485.92],
2026-05-05 22:02:01,183295807,2026-05-05T22:02:01+00:00,1778018521152,2026-05-05T22:02:01+00:00,1778018521152,1970-01-01T00:00:00+00:00,0,0,1,4,0,183295807,0,3,0.1,0.0,0.0,81470.54,81893.51,81489.04,0.0,BTCUSD,OV2|13cfe9|M5|B,
2026-05-05 22:05:01,183296152,2026-05-05T22:05:01+00:00,1778018701535,2026-05-05T22:05:01+00:00,1778018701535,1970-01-01T00:00:00+00:00,1,0,1,4,0,183295807,0,4,0.1,0.0,81470.54,0.0,0.0,81470.54,0.0,BTCUSD,[sl 81470.54],
2026-05-05 22:06:47,183296343,2026-05-05T22:06:47+00:00,1778018807893,2026-05-05T22:06:47+00:00,1778018807893,1970-01-01T00:00:00+00:00,0,0,1,4,0,183296343,0,3,0.1,0.0,0.0,81465.48,81858.1,81481.98,0.0,BTCUSD,OV2|e73b81|M5|B,
2026-05-05 22:08:16,183296460,2026-05-05T22:08:16+00:00,1778018896211,2026-05-05T22:08:16+00:00,1778018896212,1970-01-01T00:00:00+00:00,1,0,1,4,0,183296343,0,4,0.1,0.0,81465.48,0.0,0.0,81465.48,0.0,BTCUSD,[sl 81465.48],
2026-05-05 22:08:20,183296538,2026-05-05T22:08:20+00:00,1778018900736,2026-05-05T22:08:20+00:00,1778018900736,1970-01-01T00:00:00+00:00,0,0,1,4,0,183296538,0,3,0.1,0.0,0.0,81444.96,81839.58,81463.2,0.0,BTCUSD,OV2|302070|M5|B,
2026-05-05 22:11:53,183297015,2026-05-05T22:11:53+00:00,1778019113570,2026-05-05T22:11:53+00:00,1778019113570,1970-01-01T00:00:00+00:00,1,0,1,4,0,183296538,0,4,0.1,0.0,81444.96,0.0,0.0,81444.96,0.0,BTCUSD,[sl 81444.96],
2026-05-05 22:11:54,183297016,2026-05-05T22:11:54+00:00,1778019114162,2026-05-05T22:11:54+00:00,1778019114163,1970-01-01T00:00:00+00:00,0,0,1,4,0,183297016,0,3,0.1,0.0,0.0,81434.23,81820.77,81452.73,0.0,BTCUSD,OV2|146e80|M5|B,
2026-05-05 22:12:23,183297045,2026-05-05T22:12:23+00:00,1778019143125,2026-05-05T22:12:23+00:00,1778019143125,1970-01-01T00:00:00+00:00,1,0,1,4,0,183297016,0,4,0.1,0.0,81434.23,0.0,0.0,81434.23,0.0,BTCUSD,[sl 81434.23],
2026-05-05 22:13:27,183297192,2026-05-05T22:13:27+00:00,1778019207488,2026-05-05T22:13:27+00:00,1778019207488,1970-01-01T00:00:00+00:00,0,0,1,4,0,183297192,0,3,0.1,0.0,0.0,81416.09,81799.79,81431.75,0.0,BTCUSD,OV2|dd1942|M5|B,
2026-05-05 22:57:03,183302810,2026-05-05T22:57:03+00:00,1778021823082,2026-05-05T22:57:03+00:00,1778021823082,1970-01-01T00:00:00+00:00,0,0,1,4,0,183286241,0,5,0.05,0.0,4552.38,0.0,0.0,4552.38,0.0,XAUUSD,[tp 4552.38],
2026-05-05 23:30:00,183307133,2026-05-05T23:30:00+00:00,1778023800602,2026-05-05T23:30:00+00:00,1778023800603,1970-01-01T00:00:00+00:00,1,0,1,4,0,183235860,0,5,0.1,0.0,24455.78,0.0,0.0,24455.78,0.0,GER40,[tp 24455.78],
2026-05-06 00:03:06,183310087,2026-05-06T00:03:06+00:00,1778025786209,2026-05-06T00:03:06+00:00,1778025786210,1970-01-01T00:00:00+00:00,1,0,1,4,0,183234743,0,4,0.1,0.0,113.291,0.0,0.0,113.291,0.0,AUDJPY,[sl 113.291],
2026-05-06 00:03:37,183310208,2026-05-06T00:03:37+00:00,1778025817811,2026-05-06T00:03:37+00:00,1778025817811,1970-01-01T00:00:00+00:00,1,0,1,4,0,183220697,0,4,0.1,0.0,201.509,0.0,0.0,201.509,0.0,CHFJPY,[sl 201.509],
2026-05-06 00:06:02,183310726,2026-05-06T00:06:02+00:00,1778025962051,2026-05-06T00:06:02+00:00,1778025962051,1970-01-01T00:00:00+00:00,1,0,1,4,0,183021271,0,5,0.1,0.0,1.42073,0.0,0.0,1.42073,0.0,XRPUSD,[tp 1.42073],
2026-05-06 00:06:02,183310727,2026-05-06T00:06:02+00:00,1778025962300,2026-05-06T00:06:02+00:00,1778025962300,1970-01-01T00:00:00+00:00,1,0,1,4,0,183021254,0,5,0.1,0.0,1.42083,0.0,0.0,1.42083,0.0,XRPUSD,[tp 1.42083],
2026-05-06 00:26:57,183311465,2026-05-06T00:26:57+00:00,1778027217442,2026-05-06T00:26:57+00:00,1778027217442,1970-01-01T00:00:00+00:00,0,0,1,4,0,183210042,0,4,0.1,0.0,0.78401,0.0,0.0,0.78401,0.0,USDCHF,[sl 0.78401],
2026-05-06 00:30:27,183311661,2026-05-06T00:30:27+00:00,1778027427150,2026-05-06T00:30:27+00:00,1778027427150,1970-01-01T00:00:00+00:00,1,0,1,4,0,183297192,0,4,0.1,0.0,81416.09,0.0,0.0,81416.09,0.0,BTCUSD,[sl 81416.09],
2026-05-06 01:10:32,183316799,2026-05-06T01:10:32+00:00,1778029832093,2026-05-06T01:10:32+00:00,1778029832093,1970-01-01T00:00:00+00:00,1,0,1,4,0,183316799,0,3,0.1,0.0,0.0,81410.96,80743.22,81394.46,0.0,BTCUSD,OV2|7dc827|M5|S,
2026-05-06 01:24:59,183318721,2026-05-06T01:24:59+00:00,1778030699568,2026-05-06T01:24:59+00:00,1778030699568,1970-01-01T00:00:00+00:00,0,0,1,4,0,183316799,0,4,0.1,0.0,81410.96,0.0,0.0,81410.96,0.0,BTCUSD,[sl 81410.96],
2026-05-06 01:25:41,183318825,2026-05-06T01:25:41+00:00,1778030741888,2026-05-06T01:25:41+00:00,1778030741888,1970-01-01T00:00:00+00:00,1,0,1,4,0,183318825,0,3,0.1,0.0,0.0,81424.87,80826.75,81408.37,0.0,BTCUSD,OV2|03d307|M5|S,
2026-05-06 01:26:00,183318852,2026-05-06T01:26:00+00:00,1778030760499,2026-05-06T01:26:00+00:00,1778030760499,1970-01-01T00:00:00+00:00,0,0,1,4,0,183318825,0,4,0.1,0.0,81424.87,0.0,0.0,81424.87,0.0,BTCUSD,[sl 81424.87],
2026-05-06 01:27:08,183319140,2026-05-06T01:27:08+00:00,1778030828326,2026-05-06T01:27:08+00:00,1778030828326,1970-01-01T00:00:00+00:00,1,0,1,4,0,183319140,0,3,0.1,0.0,0.0,81491.69,80915.42,81475.19,0.0,BTCUSD,OV2|0259c7|M5|S,
2026-05-06 01:27:13,183319149,2026-05-06T01:27:13+00:00,1778030833124,2026-05-06T01:27:13+00:00,1778030833125,1970-01-01T00:00:00+00:00,0,0,1,4,0,183319140,0,4,0.1,0.0,81491.69,0.0,0.0,81491.69,0.0,BTCUSD,[sl 81491.69],
2026-05-06 01:28:44,183319476,2026-05-06T01:28:44+00:00,1778030924107,2026-05-06T01:28:44+00:00,1778030924107,1970-01-01T00:00:00+00:00,1,0,1,4,0,183319476,0,3,0.1,0.0,0.0,81504.39,80908.28,81486.5,0.0,BTCUSD,OV2|a1d1a4|M5|S,
2026-05-06 01:29:10,183319667,2026-05-06T01:29:10+00:00,1778030950537,2026-05-06T01:29:10+00:00,1778030950537,1970-01-01T00:00:00+00:00,0,0,1,4,0,183319476,0,4,0.1,0.0,81504.39,0.0,0.0,81504.39,0.0,BTCUSD,[sl 81504.39],
2026-05-06 01:31:57,183320474,2026-05-06T01:31:57+00:00,1778031117722,2026-05-06T01:31:57+00:00,1778031117722,1970-01-01T00:00:00+00:00,1,0,1,4,0,183320474,0,3,0.1,0.0,0.0,81334.2,80703.87,81317.7,0.0,BTCUSD,OV2|c4f115|M5|S,
2026-05-06 01:52:09,183324701,2026-05-06T01:52:09+00:00,1778032329387,2026-05-06T01:52:09+00:00,1778032329387,1970-01-01T00:00:00+00:00,1,0,1,4,0,183212910,0,5,0.04,0.0,7280.2,0.0,0.0,7280.2,0.0,US500,[tp 7280.20],
2026-05-06 01:52:18,183326030,2026-05-06T01:52:18+00:00,1778032338131,2026-05-06T01:52:18+00:00,1778032338131,1970-01-01T00:00:00+00:00,0,0,1,4,0,183167558,0,5,0.1,0.0,97.97,0.0,0.0,97.97,0.0,USOIL+,[tp 97.97],
2026-05-06 01:52:31,183326953,2026-05-06T01:52:31+00:00,1778032351369,2026-05-06T01:52:31+00:00,1778032351369,1970-01-01T00:00:00+00:00,0,0,1,4,0,183320474,0,4,0.1,0.0,81334.2,0.0,0.0,81334.2,0.0,BTCUSD,[sl 81334.20],
2026-05-06 01:53:13,183328298,2026-05-06T01:53:13+00:00,1778032393832,2026-05-06T01:53:13+00:00,1778032393832,1970-01-01T00:00:00+00:00,1,0,1,4,0,183328298,0,3,0.05,0.0,0.0,4555.5,4540.97,4553.0,0.0,XAUUSD,OV2|a0b8db|M5|S,
2026-05-06 01:53:19,183328406,2026-05-06T01:53:19+00:00,1778032399080,2026-05-06T01:53:19+00:00,1778032399080,1970-01-01T00:00:00+00:00,1,0,1,4,0,183328406,0,3,0.1,0.0,0.0,81212.36,80284.52,81193.86,0.0,BTCUSD,OV2|62dc04|M5|S,
2026-05-06 01:53:19,183328407,2026-05-06T01:53:19+00:00,1778032399180,2026-05-06T01:53:19+00:00,1778032399180,1970-01-01T00:00:00+00:00,0,0,1,4,0,183328406,0,4,0.1,0.0,81212.36,0.0,0.0,81212.36,0.0,BTCUSD,[sl 81212.36],
2026-05-06 01:54:35,183329255,2026-05-06T01:54:35+00:00,1778032475426,2026-05-06T01:54:35+00:00,1778032475427,1970-01-01T00:00:00+00:00,0,0,1,4,0,183328298,0,4,0.05,0.0,4555.5,0.0,0.0,4555.5,0.0,XAUUSD,[sl 4555.50],
2026-05-06 01:54:37,183329304,2026-05-06T01:54:37+00:00,1778032477295,2026-05-06T01:54:37+00:00,1778032477295,1970-01-01T00:00:00+00:00,1,0,1,4,0,183329304,0,3,0.05,0.0,0.0,4557.77,4542.76,4555.38,0.0,XAUUSD,OV2|962c05|M5|S,
2026-05-06 01:54:52,183329571,2026-05-06T01:54:52+00:00,1778032492096,2026-05-06T01:54:52+00:00,1778032492096,1970-01-01T00:00:00+00:00,1,0,1,4,0,183329571,0,3,0.1,0.0,0.0,81200.48,80243.04,81181.98,0.0,BTCUSD,OV2|366c49|M5|S,
2026-05-06 01:54:52,183329576,2026-05-06T01:54:52+00:00,1778032492359,2026-05-06T01:54:52+00:00,1778032492360,1970-01-01T00:00:00+00:00,0,0,1,4,0,183329571,0,4,0.1,0.0,81200.48,0.0,0.0,81200.48,0.0,BTCUSD,[sl 81200.48],
2026-05-06 01:54:57,183329648,2026-05-06T01:54:57+00:00,1778032497469,2026-05-06T01:54:57+00:00,1778032497470,1970-01-01T00:00:00+00:00,0,0,1,4,0,183329304,0,4,0.05,0.0,4557.77,0.0,0.0,4557.77,0.0,XAUUSD,[sl 4557.77],
2026-05-06 01:55:02,183330701,2026-05-06T01:55:02+00:00,1778032502465,2026-05-06T01:55:02+00:00,1778032502466,1970-01-01T00:00:00+00:00,0,0,1,4,0,183278407,0,4,0.1,0.0,1.3556300000000001,0.0,0.0,1.3556300000000001,0.0,GBPUSD,[sl 1.35563],
2026-05-06 01:56:19,183336830,2026-05-06T01:56:19+00:00,1778032579890,2026-05-06T01:56:19+00:00,1778032579891,1970-01-01T00:00:00+00:00,1,0,1,4,0,183336830,0,3,0.1,0.0,0.0,81214.29,80246.23,81202.71,0.0,BTCUSD,OV2|14d092|M5|S,
2026-05-06 01:56:24,183336989,2026-05-06T01:56:24+00:00,1778032584415,2026-05-06T01:56:24+00:00,1778032584415,1970-01-01T00:00:00+00:00,0,0,1,4,0,183336830,0,4,0.1,0.0,81214.29,0.0,0.0,81214.29,0.0,BTCUSD,[sl 81214.29],
2026-05-06 01:56:25,183337079,2026-05-06T01:56:25+00:00,1778032585132,2026-05-06T01:56:25+00:00,1778032585132,1970-01-01T00:00:00+00:00,1,0,1,4,0,183337079,0,3,0.05,0.0,0.0,4574.25,4551.48,4571.75,0.0,XAUUSD,OV2|052729|M5|S,
2026-05-06 01:57:57,183338947,2026-05-06T01:57:57+00:00,1778032677789,2026-05-06T01:57:57+00:00,1778032677789,1970-01-01T00:00:00+00:00,1,0,1,4,0,183338947,0,3,0.1,0.0,0.0,81138.72,80175.71,81122.22,0.0,BTCUSD,OV2|ed8ec4|M5|S,
2026-05-06 02:00:02,183340947,2026-05-06T02:00:02+00:00,1778032802018,2026-05-06T02:00:02+00:00,1778032802018,1970-01-01T00:00:00+00:00,0,0,1,4,0,183337079,0,4,0.05,0.0,4574.25,0.0,0.0,4574.25,0.0,XAUUSD,[sl 4574.25],
2026-05-06 02:00:24,183341744,2026-05-06T02:00:24+00:00,1778032824550,2026-05-06T02:00:24+00:00,1778032824551,1970-01-01T00:00:00+00:00,0,0,1,4,0,183338947,0,4,0.1,0.0,81138.72,0.0,0.0,81138.72,0.0,BTCUSD,[sl 81138.72],
2026-05-06 02:00:51,183342403,2026-05-06T02:00:51+00:00,1778032851741,2026-05-06T02:00:51+00:00,1778032851741,1970-01-01T00:00:00+00:00,0,0,1,4,0,183342403,0,3,0.1,0.0,0.0,1.35521,1.35801,1.35591,0.0,GBPUSD,OV2|eab4ed|M5|B,
2026-05-06 02:01:02,183342629,2026-05-06T02:01:02+00:00,1778032862223,2026-05-06T02:01:02+00:00,1778032862223,1970-01-01T00:00:00+00:00,1,0,1,4,0,183342629,0,3,0.1,0.0,0.0,81161.49,80171.42,81144.99,0.0,BTCUSD,OV2|29a06f|M5|S,
2026-05-06 02:10:26,183349263,2026-05-06T02:10:26+00:00,1778033426379,2026-05-06T02:10:26+00:00,1778033426379,1970-01-01T00:00:00+00:00,0,0,1,4,0,183342629,0,4,0.1,0.0,81161.49,0.0,0.0,81161.49,0.0,BTCUSD,[sl 81161.49],
2026-05-06 02:11:33,183349709,2026-05-06T02:11:33+00:00,1778033493409,2026-05-06T02:11:33+00:00,1778033493410,1970-01-01T00:00:00+00:00,1,0,1,4,0,183349709,0,3,0.1,0.0,0.0,81196.48,80140.76,81178.48,0.0,BTCUSD,OV2|327e78|M5|S,
2026-05-06 02:11:39,183349820,2026-05-06T02:11:39+00:00,1778033499502,2026-05-06T02:11:39+00:00,1778033499502,1970-01-01T00:00:00+00:00,0,0,1,4,0,183349709,0,4,0.1,0.0,81196.48,0.0,0.0,81196.48,0.0,BTCUSD,[sl 81196.48],
2026-05-06 02:13:20,183352738,2026-05-06T02:13:20+00:00,1778033600305,2026-05-06T02:13:20+00:00,1778033600305,1970-01-01T00:00:00+00:00,1,0,1,4,0,183352738,0,3,0.1,0.0,0.0,81209.31,80242.4,81190.81,0.0,BTCUSD,OV2|dfab62|M5|S,
2026-05-06 02:14:26,183353687,2026-05-06T02:14:26+00:00,1778033666525,2026-05-06T02:14:26+00:00,1778033666526,1970-01-01T00:00:00+00:00,0,0,1,4,0,183352738,0,4,0.1,0.0,81209.31,0.0,0.0,81209.31,0.0,BTCUSD,[sl 81209.31],
2026-05-06 02:14:38,183354156,2026-05-06T02:14:38+00:00,1778033678517,2026-05-06T02:14:38+00:00,1778033678517,1970-01-01T00:00:00+00:00,1,0,1,4,0,183354156,0,3,0.1,0.0,0.0,81223.52,80255.06,81207.02,0.0,BTCUSD,OV2|6c592a|M5|S,
2026-05-06 03:11:44,183377413,2026-05-06T03:11:44+00:00,1778037104499,2026-05-06T03:11:44+00:00,1778037104499,1970-01-01T00:00:00+00:00,0,0,1,4,0,183354156,0,4,0.1,0.0,81223.52,0.0,0.0,81223.52,0.0,BTCUSD,[sl 81223.52],
2026-05-06 03:13:14,183378026,2026-05-06T03:13:14+00:00,1778037194216,2026-05-06T03:13:14+00:00,1778037194216,1970-01-01T00:00:00+00:00,1,0,1,4,0,183378026,0,3,0.1,0.0,0.0,81167.5,80489.15,81149.0,0.0,BTCUSD,OV2|b0bebf|M5|S,
2026-05-06 03:14:12,183378214,2026-05-06T03:14:12+00:00,1778037252507,2026-05-06T03:14:12+00:00,1778037252507,1970-01-01T00:00:00+00:00,0,0,1,4,0,183378026,0,4,0.1,0.0,81167.5,0.0,0.0,81167.5,0.0,BTCUSD,[sl 81167.50],
2026-05-06 03:14:46,183378353,2026-05-06T03:14:46+00:00,1778037286393,2026-05-06T03:14:46+00:00,1778037286394,1970-01-01T00:00:00+00:00,1,0,1,4,0,183378353,0,3,0.1,0.0,0.0,81159.7,80476.13,81143.2,0.0,BTCUSD,OV2|643288|M5|S,
2026-05-06 03:15:41,183378642,2026-05-06T03:15:41+00:00,1778037341115,2026-05-06T03:15:41+00:00,1778037341115,1970-01-01T00:00:00+00:00,0,0,1,4,0,183378353,0,4,0.1,0.0,81159.7,0.0,0.0,81159.7,0.0,BTCUSD,[sl 81159.70],
2026-05-06 03:16:13,183378775,2026-05-06T03:16:13+00:00,1778037373472,2026-05-06T03:16:13+00:00,1778037373473,1970-01-01T00:00:00+00:00,1,0,1,4,0,183378775,0,3,0.1,0.0,0.0,81222.4,80555.42,81205.9,0.0,BTCUSD,OV2|1e8a1d|M5|S,
2026-05-06 03:16:17,183378787,2026-05-06T03:16:17+00:00,1778037377323,2026-05-06T03:16:17+00:00,1778037377323,1970-01-01T00:00:00+00:00,0,0,1,4,0,183378775,0,4,0.1,0.0,81222.4,0.0,0.0,81222.4,0.0,BTCUSD,[sl 81222.40],
2026-05-06 03:17:40,183379393,2026-05-06T03:17:40+00:00,1778037460462,2026-05-06T03:17:40+00:00,1778037460462,1970-01-01T00:00:00+00:00,1,0,1,4,0,183379393,0,3,0.1,0.0,0.0,81156.37,80468.81,81139.87,0.0,BTCUSD,OV2|f669c9|M5|S,
2026-05-06 03:18:25,183380155,2026-05-06T03:18:25+00:00,1778037505991,2026-05-06T03:18:25+00:00,1778037505991,1970-01-01T00:00:00+00:00,0,0,1,4,0,183379393,0,4,0.1,0.0,81156.37,0.0,0.0,81156.37,0.0,BTCUSD,[sl 81156.37],
2026-05-06 03:19:18,183380978,2026-05-06T03:19:18+00:00,1778037558273,2026-05-06T03:19:18+00:00,1778037558273,1970-01-01T00:00:00+00:00,1,0,1,4,0,183380978,0,3,0.1,0.0,0.0,81135.51,80448.41,81117.01,0.0,BTCUSD,OV2|06955e|M5|S,
2026-05-06 04:04:03,183403692,2026-05-06T04:04:03+00:00,1778040243012,2026-05-06T04:04:03+00:00,1778040243013,1970-01-01T00:00:00+00:00,0,0,1,4,0,183380978,0,4,0.1,0.0,81135.51,0.0,0.0,81135.51,0.0,BTCUSD,[sl 81135.51],
2026-05-06 05:02:28,183425543,2026-05-06T05:02:28+00:00,1778043748880,2026-05-06T05:02:28+00:00,1778043748880,1970-01-01T00:00:00+00:00,0,0,1,4,0,183425543,0,3,0.1,0.0,0.0,81334.81,81902.61,81353.31,0.0,BTCUSD,OV2|a1168b|M5|B,
2026-05-06 05:03:31,183425814,2026-05-06T05:03:31+00:00,1778043811162,2026-05-06T05:03:31+00:00,1778043811162,1970-01-01T00:00:00+00:00,1,0,1,4,0,183425543,0,4,0.1,0.0,81334.81,0.0,0.0,81334.81,0.0,BTCUSD,[sl 81334.81],
2026-05-06 05:04:01,183425928,2026-05-06T05:04:01+00:00,1778043841012,2026-05-06T05:04:01+00:00,1778043841012,1970-01-01T00:00:00+00:00,0,0,1,4,0,183425928,0,3,0.1,0.0,0.0,81320.75,81856.36,81337.25,0.0,BTCUSD,OV2|4067d1|M5|B,
2026-05-06 05:04:39,183426049,2026-05-06T05:04:39+00:00,1778043879592,2026-05-06T05:04:39+00:00,1778043879592,1970-01-01T00:00:00+00:00,1,0,1,4,0,183425928,0,4,0.1,0.0,81320.75,0.0,0.0,81320.75,0.0,BTCUSD,[sl 81320.75],
2026-05-06 05:09:50,183428457,2026-05-06T05:09:50+00:00,1778044190555,2026-05-06T05:09:50+00:00,1778044190555,1970-01-01T00:00:00+00:00,0,0,1,4,0,183428457,0,3,0.1,0.0,0.0,81316.01,81856.55,81334.51,0.0,BTCUSD,OV2|ce1012|M5|B,
2026-05-06 05:09:56,183428513,2026-05-06T05:09:56+00:00,1778044196188,2026-05-06T05:09:56+00:00,1778044196188,1970-01-01T00:00:00+00:00,1,0,1,4,0,183428457,0,4,0.1,0.0,81316.01,0.0,0.0,81316.01,0.0,BTCUSD,[sl 81316.01],
2026-05-06 05:11:42,183429550,2026-05-06T05:11:42+00:00,1778044302968,2026-05-06T05:11:42+00:00,1778044302968,1970-01-01T00:00:00+00:00,0,0,1,4,0,183429550,0,3,0.1,0.0,0.0,81308.73,81852.5,81325.23,0.0,BTCUSD,OV2|c58b5d|M5|B,
2026-05-06 05:12:50,183429745,2026-05-06T05:12:50+00:00,1778044370515,2026-05-06T05:12:50+00:00,1778044370515,1970-01-01T00:00:00+00:00,1,0,1,4,0,183429550,0,4,0.1,0.0,81308.73,0.0,0.0,81308.73,0.0,BTCUSD,[sl 81308.73],
2026-05-06 05:13:00,183429766,2026-05-06T05:13:00+00:00,1778044380656,2026-05-06T05:13:00+00:00,1778044380656,1970-01-01T00:00:00+00:00,0,0,1,4,0,183429766,0,3,0.1,0.0,0.0,81291.24,81845.68,81307.74,0.0,BTCUSD,OV2|1d7062|M5|B,
2026-05-06 05:13:23,183429920,2026-05-06T05:13:23+00:00,1778044403101,2026-05-06T05:13:23+00:00,1778044403101,1970-01-01T00:00:00+00:00,1,0,1,4,0,183429766,0,4,0.1,0.0,81291.24,0.0,0.0,81291.24,0.0,BTCUSD,[sl 81291.24],
2026-05-06 05:14:27,183430448,2026-05-06T05:14:27+00:00,1778044467432,2026-05-06T05:14:27+00:00,1778044467432,1970-01-01T00:00:00+00:00,0,0,1,4,0,183430448,0,3,0.1,0.0,0.0,81275.69,81838.91,81291.64,0.0,BTCUSD,OV2|3f6342|M5|B,
2026-05-06 05:15:55,183430795,2026-05-06T05:15:55+00:00,1778044555654,2026-05-06T05:15:55+00:00,1778044555654,1970-01-01T00:00:00+00:00,1,0,1,4,0,183430448,0,4,0.1,0.0,81275.69,0.0,0.0,81275.69,0.0,BTCUSD,[sl 81275.69],
2026-05-06 05:16:19,183430877,2026-05-06T05:16:19+00:00,1778044579451,2026-05-06T05:16:19+00:00,1778044579451,1970-01-01T00:00:00+00:00,0,0,1,4,0,183430877,0,3,0.1,0.0,0.0,81268.03,81813.79,81284.53,0.0,BTCUSD,OV2|f7f766|M5|B,
2026-05-06 05:16:31,183430906,2026-05-06T05:16:31+00:00,1778044591761,2026-05-06T05:16:31+00:00,1778044591761,1970-01-01T00:00:00+00:00,1,0,1,4,0,183430877,0,4,0.1,0.0,81268.03,0.0,0.0,81268.03,0.0,BTCUSD,[sl 81268.03],
2026-05-06 05:17:52,183431399,2026-05-06T05:17:52+00:00,1778044672402,2026-05-06T05:17:52+00:00,1778044672402,1970-01-01T00:00:00+00:00,0,0,1,4,0,183431399,0,3,0.1,0.0,0.0,81260.52,81810.92,81277.02,0.0,BTCUSD,OV2|9d8d8a|M5|B,
2026-05-06 05:18:00,183431511,2026-05-06T05:18:00+00:00,1778044680515,2026-05-06T05:18:00+00:00,1778044680515,1970-01-01T00:00:00+00:00,1,0,1,4,0,183431399,0,4,0.1,0.0,81260.52,0.0,0.0,81260.52,0.0,BTCUSD,[sl 81260.52],
2026-05-06 05:19:04,183431994,2026-05-06T05:19:04+00:00,1778044744361,2026-05-06T05:19:04+00:00,1778044744361,1970-01-01T00:00:00+00:00,1,0,1,4,0,183082031,0,5,0.09,0.0,214.096,0.0,0.0,214.096,0.0,GBPJPY,[tp 214.096],
2026-05-06 05:19:14,183432036,2026-05-06T05:19:14+00:00,1778044754803,2026-05-06T05:19:14+00:00,1778044754803,1970-01-01T00:00:00+00:00,0,0,1,4,0,183432036,0,3,0.1,0.0,0.0,81247.35,81785.39,81263.85,0.0,BTCUSD,OV2|730c71|M5|B,
2026-05-06 05:22:42,183432971,2026-05-06T05:22:42+00:00,1778044962493,2026-05-06T05:22:42+00:00,1778044962493,1970-01-01T00:00:00+00:00,1,0,1,4,0,183432036,0,4,0.1,0.0,81247.35,0.0,0.0,81247.35,0.0,BTCUSD,[sl 81247.35],
2026-05-06 05:23:50,183433141,2026-05-06T05:23:50+00:00,1778045030769,2026-05-06T05:23:50+00:00,1778045030769,1970-01-01T00:00:00+00:00,0,0,1,4,0,183433141,0,3,0.1,0.0,0.0,81261.44,81804.76,81277.46,0.0,BTCUSD,OV2|cd0ef6|M5|B,
2026-05-06 05:23:59,183433155,2026-05-06T05:23:59+00:00,1778045039395,2026-05-06T05:23:59+00:00,1778045039396,1970-01-01T00:00:00+00:00,1,0,1,4,0,183433141,0,4,0.1,0.0,81261.44,0.0,0.0,81261.44,0.0,BTCUSD,[sl 81261.44],
2026-05-06 05:26:44,183433544,2026-05-06T05:26:44+00:00,1778045204950,2026-05-06T05:26:44+00:00,1778045204950,1970-01-01T00:00:00+00:00,0,0,1,4,0,183433544,0,3,0.1,0.0,0.0,81176.26,81756.73,81194.76,0.0,BTCUSD,OV2|7146a4|M5|B,
2026-05-06 05:27:52,183433753,2026-05-06T05:27:52+00:00,1778045272523,2026-05-06T05:27:52+00:00,1778045272523,1970-01-01T00:00:00+00:00,1,0,1,4,0,183433544,0,4,0.1,0.0,81176.26,0.0,0.0,81176.26,0.0,BTCUSD,[sl 81176.26],
2026-05-06 05:49:48,183441957,2026-05-06T05:49:48+00:00,1778046588403,2026-05-06T05:49:48+00:00,1778046588403,1970-01-01T00:00:00+00:00,0,0,1,4,0,183441957,0,3,0.1,0.0,0.0,81246.59,81751.07,81263.09,0.0,BTCUSD,OV2|2e0b94|M5|B,
2026-05-06 05:51:34,183442333,2026-05-06T05:51:34+00:00,1778046694824,2026-05-06T05:51:34+00:00,1778046694824,1970-01-01T00:00:00+00:00,1,0,1,4,0,183441957,0,4,0.1,0.0,81246.59,0.0,0.0,81246.59,0.0,BTCUSD,[sl 81246.59],
2026-05-06 05:54:28,183442858,2026-05-06T05:54:28+00:00,1778046868415,2026-05-06T05:54:28+00:00,1778046868415,1970-01-01T00:00:00+00:00,0,0,1,4,0,183442858,0,3,0.1,0.0,0.0,81267.75,81768.39,81284.25,0.0,BTCUSD,OV2|e8e89e|M5|B,
2026-05-06 05:54:33,183442934,2026-05-06T05:54:33+00:00,1778046873904,2026-05-06T05:54:33+00:00,1778046873905,1970-01-01T00:00:00+00:00,1,0,1,4,0,183442858,0,4,0.1,0.0,81267.75,0.0,0.0,81267.75,0.0,BTCUSD,[sl 81267.75],
2026-05-06 05:56:10,183443681,2026-05-06T05:56:10+00:00,1778046970335,2026-05-06T05:56:10+00:00,1778046970336,1970-01-01T00:00:00+00:00,0,0,1,4,0,183443681,0,3,0.1,0.0,0.0,81293.02,81804.11,81310.15,0.0,BTCUSD,OV2|bb84ea|M5|B,
2026-05-06 06:06:09,183447832,2026-05-06T06:06:09+00:00,1778047569238,2026-05-06T06:06:09+00:00,1778047569239,1970-01-01T00:00:00+00:00,1,0,1,4,0,183081248,0,5,0.1,0.0,116.058,0.0,0.0,116.058,0.0,CADJPY,[tp 116.058],
2026-05-06 07:27:26,183470095,2026-05-06T07:27:26+00:00,1778052446413,2026-05-06T07:27:26+00:00,1778052446414,1970-01-01T00:00:00+00:00,1,0,1,4,0,183082085,0,4,0.08,0.0,157.327,0.0,0.0,157.327,0.0,USDJPY,[sl 157.327],
2026-05-06 07:28:18,183471794,2026-05-06T07:28:18+00:00,1778052498149,2026-05-06T07:28:18+00:00,1778052498149,1970-01-01T00:00:00+00:00,1,0,1,4,0,183471794,0,3,0.1,0.0,0.0,157.349,156.934,157.258,0.0,USDJPY,OV2|795ada|M5|S,
2026-05-06 07:28:32,183472000,2026-05-06T07:28:32+00:00,1778052512045,2026-05-06T07:28:32+00:00,1778052512045,1970-01-01T00:00:00+00:00,0,0,1,4,0,183471794,0,5,0.1,0.0,156.934,0.0,0.0,156.934,0.0,USDJPY,[tp 156.934],
2026-05-06 07:30:30,183473475,2026-05-06T07:30:30+00:00,1778052630017,2026-05-06T07:30:30+00:00,1778052630017,1970-01-01T00:00:00+00:00,1,0,1,4,0,183342403,0,5,0.1,0.0,1.35801,0.0,0.0,1.35801,0.0,GBPUSD,[tp 1.35801],
2026-05-06 07:31:18,183473818,2026-05-06T07:31:18+00:00,1778052678364,2026-05-06T07:31:18+00:00,1778052678364,1970-01-01T00:00:00+00:00,0,0,1,4,0,183473818,0,3,0.1,0.0,0.0,1.35745,1.36025,1.35815,0.0,GBPUSD,OV2|62ebe2|M5|B,
2026-05-06 07:31:23,183473828,2026-05-06T07:31:23+00:00,1778052683849,2026-05-06T07:31:23+00:00,1778052683849,1970-01-01T00:00:00+00:00,1,0,1,4,0,183473828,0,3,0.06,0.0,0.0,156.833,156.207,156.694,0.0,USDJPY,OV2|1ea298|M5|S,
2026-05-06 07:35:10,183475088,2026-05-06T07:35:10+00:00,1778052910442,2026-05-06T07:35:10+00:00,1778052910443,1970-01-01T00:00:00+00:00,0,0,1,4,0,183473828,0,5,0.06,0.0,156.207,0.0,0.0,156.207,0.0,USDJPY,[tp 156.207],
2026-05-06 07:36:07,183475291,2026-05-06T07:36:07+00:00,1778052967220,2026-05-06T07:36:07+00:00,1778052967220,1970-01-01T00:00:00+00:00,1,0,1,4,0,183475291,0,3,0.05,0.0,0.0,156.394,155.541,156.241,0.0,USDJPY,OV2|ee0c00|M5|S,
2026-05-06 07:49:25,183478759,2026-05-06T07:49:25+00:00,1778053765119,2026-05-06T07:49:25+00:00,1778053765120,1970-01-01T00:00:00+00:00,0,0,1,4,0,183475291,0,5,0.05,0.0,155.541,0.0,0.0,155.541,0.0,USDJPY,[tp 155.541],
2026-05-06 07:49:51,183478964,2026-05-06T07:49:51+00:00,1778053791071,2026-05-06T07:49:51+00:00,1778053791072,1970-01-01T00:00:00+00:00,1,0,1,4,0,183478964,0,3,0.07,0.0,0.0,155.769,154.517,155.619,0.0,USDJPY,OV2|101511|M5|S,
2026-05-06 07:52:06,183480166,2026-05-06T07:52:06+00:00,1778053926771,2026-05-06T07:52:06+00:00,1778053926772,1970-01-01T00:00:00+00:00,1,0,1,4,0,183443681,0,4,0.1,0.0,81293.02,0.0,0.0,81293.02,0.0,BTCUSD,[sl 81293.02],
2026-05-06 07:57:52,183483391,2026-05-06T07:57:52+00:00,1778054272493,2026-05-06T07:57:52+00:00,1778054272493,1970-01-01T00:00:00+00:00,0,0,1,4,0,183478964,0,4,0.07,0.0,155.769,0.0,0.0,155.769,0.0,USDJPY,[sl 155.769],
2026-05-06 07:59:01,183483803,2026-05-06T07:59:01+00:00,1778054341494,2026-05-06T07:59:01+00:00,1778054341494,1970-01-01T00:00:00+00:00,1,0,1,4,0,183483803,0,3,0.07,0.0,0.0,155.885,154.239,155.736,0.0,USDJPY,OV2|ae9cf4|M5|S,
2026-05-06 07:59:50,183484052,2026-05-06T07:59:50+00:00,1778054390301,2026-05-06T07:59:50+00:00,1778054390301,1970-01-01T00:00:00+00:00,0,0,1,4,0,183483803,0,4,0.07,0.0,155.885,0.0,0.0,155.885,0.0,USDJPY,[sl 155.885],
2026-05-06 08:02:01,183485044,2026-05-06T08:02:01+00:00,1778054521553,2026-05-06T08:02:01+00:00,1778054521553,1970-01-01T00:00:00+00:00,1,0,1,4,0,183485044,0,3,0.07,0.0,0.0,156.019,154.242,155.869,0.0,USDJPY,OV2|3cc04b|M5|S,
2026-05-06 08:02:21,183485074,2026-05-06T08:02:21+00:00,1778054541750,2026-05-06T08:02:21+00:00,1778054541750,1970-01-01T00:00:00+00:00,0,0,1,4,0,183485074,0,3,0.05,0.0,0.0,4649.38,4665.74,4651.88,0.0,XAUUSD,OV2|6323c1|M5|B,
2026-05-06 08:06:57,183486052,2026-05-06T08:06:57+00:00,1778054817925,2026-05-06T08:06:57+00:00,1778054817926,1970-01-01T00:00:00+00:00,0,0,1,4,0,183485044,0,4,0.07,0.0,156.019,0.0,0.0,156.019,0.0,USDJPY,[sl 156.019],
2026-05-06 08:08:12,183486299,2026-05-06T08:08:12+00:00,1778054892328,2026-05-06T08:08:12+00:00,1778054892328,1970-01-01T00:00:00+00:00,1,0,1,4,0,183486299,0,3,0.07,0.0,0.0,156.287,154.417,156.137,0.0,USDJPY,OV2|49014f|M5|S,
2026-05-06 08:18:35,183490078,2026-05-06T08:18:35+00:00,1778055515851,2026-05-06T08:18:35+00:00,1778055515852,1970-01-01T00:00:00+00:00,0,0,1,4,0,183486299,0,4,0.07,0.0,156.287,0.0,0.0,156.287,0.0,USDJPY,[sl 156.287],
2026-05-06 08:19:00,183490116,2026-05-06T08:19:00+00:00,1778055540306,2026-05-06T08:19:00+00:00,1778055540307,1970-01-01T00:00:00+00:00,1,0,1,4,0,183490116,0,3,0.07,0.0,0.0,156.407,155.15,156.257,0.0,USDJPY,OV2|1698f9|M5|S,
2026-05-06 08:30:06,183492318,2026-05-06T08:30:06+00:00,1778056206454,2026-05-06T08:30:06+00:00,1778056206454,1970-01-01T00:00:00+00:00,1,0,1,4,0,183485074,0,4,0.05,0.0,4649.38,0.0,0.0,4649.38,0.0,XAUUSD,[sl 4649.38],
2026-05-06 08:31:21,183492677,2026-05-06T08:31:21+00:00,1778056281041,2026-05-06T08:31:21+00:00,1778056281041,1970-01-01T00:00:00+00:00,1,0,1,4,0,183492677,0,3,0.1,0.0,0.0,81236.74,80740.08,81220.24,0.0,BTCUSD,OV2|d7e548|H1|S,
2026-05-06 08:31:28,183492693,2026-05-06T08:31:28+00:00,1778056288337,2026-05-06T08:31:28+00:00,1778056288337,1970-01-01T00:00:00+00:00,0,0,1,4,0,183492693,0,3,0.05,0.0,0.0,4646.3,4664.09,4648.8,0.0,XAUUSD,OV2|3efa4a|M5|B,
2026-05-06 08:31:40,183492754,2026-05-06T08:31:40+00:00,1778056300646,2026-05-06T08:31:40+00:00,1778056300646,1970-01-01T00:00:00+00:00,0,0,1,4,0,183492677,0,4,0.1,0.0,81236.74,0.0,0.0,81236.74,0.0,BTCUSD,[sl 81236.74],
2026-05-06 08:32:07,183492979,2026-05-06T08:32:07+00:00,1778056327883,2026-05-06T08:32:07+00:00,1778056327883,1970-01-01T00:00:00+00:00,1,0,1,4,0,183492693,0,4,0.05,0.0,4646.3,0.0,0.0,4646.3,0.0,XAUUSD,[sl 4646.30],
2026-05-06 08:33:00,183493207,2026-05-06T08:33:00+00:00,1778056380242,2026-05-06T08:33:00+00:00,1778056380242,1970-01-01T00:00:00+00:00,1,0,1,4,0,183493207,0,3,0.1,0.0,0.0,81211.87,80703.54,81195.37,0.0,BTCUSD,OV2|7a3cbf|M5|S,
2026-05-06 08:33:10,183493236,2026-05-06T08:33:10+00:00,1778056390639,2026-05-06T08:33:10+00:00,1778056390639,1970-01-01T00:00:00+00:00,0,0,1,4,0,183493236,0,3,0.05,0.0,0.0,4644.67,4662.55,4647.17,0.0,XAUUSD,OV2|36d505|M5|B,
2026-05-06 08:33:22,183493267,2026-05-06T08:33:22+00:00,1778056402648,2026-05-06T08:33:22+00:00,1778056402648,1970-01-01T00:00:00+00:00,0,0,1,4,0,183493207,0,4,0.1,0.0,81211.87,0.0,0.0,81211.87,0.0,BTCUSD,[sl 81211.87],
2026-05-06 08:34:33,183493675,2026-05-06T08:34:33+00:00,1778056473456,2026-05-06T08:34:33+00:00,1778056473456,1970-01-01T00:00:00+00:00,1,0,1,4,0,183493675,0,3,0.1,0.0,0.0,81216.5,80801.45,81200.0,0.0,BTCUSD,OV2|d98338|M5|S,
2026-05-06 08:36:37,183493978,2026-05-06T08:36:37+00:00,1778056597074,2026-05-06T08:36:37+00:00,1778056597075,1970-01-01T00:00:00+00:00,1,0,1,4,0,183493236,0,4,0.05,0.0,4644.67,0.0,0.0,4644.67,0.0,XAUUSD,[sl 4644.67],
2026-05-06 08:37:28,183494638,2026-05-06T08:37:28+00:00,1778056648453,2026-05-06T08:37:28+00:00,1778056648453,1970-01-01T00:00:00+00:00,0,0,1,4,0,183494638,0,3,0.05,0.0,0.0,4643.15,4661.69,4645.65,0.0,XAUUSD,OV2|dc6e62|M5|B,
2026-05-06 08:47:59,183498345,2026-05-06T08:47:59+00:00,1778057279898,2026-05-06T08:47:59+00:00,1778057279898,1970-01-01T00:00:00+00:00,0,0,1,4,0,183493675,0,4,0.1,0.0,81216.5,0.0,0.0,81216.5,0.0,BTCUSD,[sl 81216.50],
2026-05-06 08:48:30,183498512,2026-05-06T08:48:30+00:00,1778057310016,2026-05-06T08:48:30+00:00,1778057310016,1970-01-01T00:00:00+00:00,1,0,1,4,0,183498512,0,3,0.1,0.0,0.0,81234.11,80798.85,81212.86,0.0,BTCUSD,OV2|bbd260|M5|S,
2026-05-06 08:49:12,183498693,2026-05-06T08:49:12+00:00,1778057352544,2026-05-06T08:49:12+00:00,1778057352544,1970-01-01T00:00:00+00:00,0,0,1,4,0,183498512,0,4,0.1,0.0,81234.11,0.0,0.0,81234.11,0.0,BTCUSD,[sl 81234.11],
2026-05-06 08:49:57,183498847,2026-05-06T08:49:57+00:00,1778057397545,2026-05-06T08:49:57+00:00,1778057397545,1970-01-01T00:00:00+00:00,1,0,1,4,0,183498847,0,3,0.1,0.0,0.0,81246.8,80808.79,81230.3,0.0,BTCUSD,OV2|3968ef|M5|S,
2026-05-06 08:50:02,183498873,2026-05-06T08:50:02+00:00,1778057402983,2026-05-06T08:50:02+00:00,1778057402983,1970-01-01T00:00:00+00:00,0,0,1,4,0,183498847,0,4,0.1,0.0,81246.8,0.0,0.0,81246.8,0.0,BTCUSD,[sl 81246.80],
2026-05-06 08:51:20,183499193,2026-05-06T08:51:20+00:00,1778057480427,2026-05-06T08:51:20+00:00,1778057480427,1970-01-01T00:00:00+00:00,1,0,1,4,0,183499193,0,3,0.1,0.0,0.0,81249.83,80827.09,81233.33,0.0,BTCUSD,OV2|b46d9c|M5|S,
2026-05-06 08:56:12,183500941,2026-05-06T08:56:12+00:00,1778057772395,2026-05-06T08:56:12+00:00,1778057772395,1970-01-01T00:00:00+00:00,0,0,1,4,0,183499193,0,4,0.1,0.0,81249.83,0.0,0.0,81249.83,0.0,BTCUSD,[sl 81249.83],
2026-05-06 08:57:28,183502703,2026-05-06T08:57:28+00:00,1778057848616,2026-05-06T08:57:28+00:00,1778057848617,1970-01-01T00:00:00+00:00,1,0,1,4,0,183502703,0,3,0.1,0.0,0.0,81289.88,80875.33,81273.38,0.0,BTCUSD,OV2|8466ce|M5|S,
2026-05-06 08:58:19,183502996,2026-05-06T08:58:19+00:00,1778057899613,2026-05-06T08:58:19+00:00,1778057899615,1970-01-01T00:00:00+00:00,1,0,1,4,0,183494638,0,5,0.05,0.0,4661.69,0.0,0.0,4661.69,0.0,XAUUSD,[tp 4661.69],
2026-05-06 08:58:42,183503478,2026-05-06T08:58:42+00:00,1778057922664,2026-05-06T08:58:42+00:00,1778057922664,1970-01-01T00:00:00+00:00,0,0,1,4,0,183502703,0,4,0.1,0.0,81289.88,0.0,0.0,81289.88,0.0,BTCUSD,[sl 81289.88],
2026-05-06 08:59:05,183503951,2026-05-06T08:59:05+00:00,1778057945974,2026-05-06T08:59:05+00:00,1778057945974,1970-01-01T00:00:00+00:00,1,0,1,4,0,183503951,0,3,0.1,0.0,0.0,81326.3,80893.92,81307.8,0.0,BTCUSD,OV2|4c09ac|M5|S,
2026-05-06 08:59:11,183503968,2026-05-06T08:59:11+00:00,1778057951171,2026-05-06T08:59:11+00:00,1778057951172,1970-01-01T00:00:00+00:00,0,0,1,4,0,183503968,0,3,0.05,0.0,0.0,4661.18,4682.7,4663.68,0.0,XAUUSD,OV2|653866|M5|B,
2026-05-06 09:00:07,183504634,2026-05-06T09:00:07+00:00,1778058007724,2026-05-06T09:00:07+00:00,1778058007725,1970-01-01T00:00:00+00:00,0,0,1,4,0,183503951,0,4,0.1,0.0,81326.3,0.0,0.0,81326.3,0.0,BTCUSD,[sl 81326.30],
2026-05-06 09:00:38,183505032,2026-05-06T09:00:38+00:00,1778058038640,2026-05-06T09:00:38+00:00,1778058038640,1970-01-01T00:00:00+00:00,1,0,1,4,0,183505032,0,3,0.1,0.0,0.0,81358.66,80925.56,81341.18,0.0,BTCUSD,OV2|aee544|M5|S,
2026-05-06 09:01:29,183505938,2026-05-06T09:01:29+00:00,1778058089760,2026-05-06T09:01:29+00:00,1778058089760,1970-01-01T00:00:00+00:00,0,0,1,4,0,183505032,0,4,0.1,0.0,81358.66,0.0,0.0,81358.66,0.0,BTCUSD,[sl 81358.66],
2026-05-06 09:02:22,183506356,2026-05-06T09:02:22+00:00,1778058142755,2026-05-06T09:02:22+00:00,1778058142755,1970-01-01T00:00:00+00:00,1,0,1,4,0,183506356,0,3,0.1,0.0,0.0,81336.76,80887.43,81320.26,0.0,BTCUSD,OV2|2a64d5|M5|S,
2026-05-06 09:02:25,183506390,2026-05-06T09:02:25+00:00,1778058145043,2026-05-06T09:02:25+00:00,1778058145043,1970-01-01T00:00:00+00:00,1,0,1,4,0,183503968,0,4,0.05,0.0,4661.18,0.0,0.0,4661.18,0.0,XAUUSD,[sl 4661.18],
2026-05-06 09:02:33,183506510,2026-05-06T09:02:33+00:00,1778058153717,2026-05-06T09:02:33+00:00,1778058153717,1970-01-01T00:00:00+00:00,0,0,1,4,0,183506356,0,4,0.1,0.0,81336.76,0.0,0.0,81336.76,0.0,BTCUSD,[sl 81336.76],
2026-05-06 09:03:41,183507155,2026-05-06T09:03:41+00:00,1778058221685,2026-05-06T09:03:41+00:00,1778058221685,1970-01-01T00:00:00+00:00,0,0,1,4,0,183490116,0,4,0.07,0.0,156.407,0.0,0.0,156.407,0.0,USDJPY,[sl 156.407],
2026-05-06 09:03:44,183507198,2026-05-06T09:03:44+00:00,1778058224504,2026-05-06T09:03:44+00:00,1778058224504,1970-01-01T00:00:00+00:00,1,0,1,4,0,183507198,0,3,0.1,0.0,0.0,81368.72,80921.92,81352.22,0.0,BTCUSD,OV2|7650ec|M5|S,
2026-05-06 09:03:54,183507275,2026-05-06T09:03:54+00:00,1778058234501,2026-05-06T09:03:54+00:00,1778058234501,1970-01-01T00:00:00+00:00,0,0,1,4,0,183507275,0,3,0.05,0.0,0.0,4658.27,4681.25,4660.77,0.0,XAUUSD,OV2|9e1e4e|M5|B,
2026-05-06 09:03:59,183507312,2026-05-06T09:03:59+00:00,1778058239674,2026-05-06T09:03:59+00:00,1778058239674,1970-01-01T00:00:00+00:00,1,0,1,4,0,183507312,0,3,0.1,0.0,0.0,156.481,156.11,156.399,0.0,USDJPY,OV2|62a9db|M5|S,
2026-05-06 09:04:26,183507427,2026-05-06T09:04:26+00:00,1778058266762,2026-05-06T09:04:26+00:00,1778058266762,1970-01-01T00:00:00+00:00,0,0,1,4,0,183507198,0,4,0.1,0.0,81368.72,0.0,0.0,81368.72,0.0,BTCUSD,[sl 81368.72],
2026-05-06 09:05:02,183507807,2026-05-06T09:05:02+00:00,1778058302241,2026-05-06T09:05:02+00:00,1778058302241,1970-01-01T00:00:00+00:00,1,0,1,4,0,183507275,0,4,0.05,0.0,4658.27,0.0,0.0,4658.27,0.0,XAUUSD,[sl 4658.27],
2026-05-06 09:06:45,183508380,2026-05-06T09:06:45+00:00,1778058405605,2026-05-06T09:06:45+00:00,1778058405605,1970-01-01T00:00:00+00:00,0,0,1,4,0,183508380,0,3,0.05,0.0,0.0,4655.97,4679.44,4658.47,0.0,XAUUSD,OV2|f4d813|M5|B,
2026-05-06 09:07:00,183508407,2026-05-06T09:07:00+00:00,1778058420049,2026-05-06T09:07:00+00:00,1778058420050,1970-01-01T00:00:00+00:00,1,0,1,4,0,183508407,0,3,0.1,0.0,0.0,81350.84,80898.23,81334.34,0.0,BTCUSD,OV2|b113e6|M5|S,
2026-05-06 09:28:15,183514069,2026-05-06T09:28:15+00:00,1778059695707,2026-05-06T09:28:15+00:00,1778059695708,1970-01-01T00:00:00+00:00,0,0,1,4,0,183508407,0,4,0.1,0.0,81350.84,0.0,0.0,81350.84,0.0,BTCUSD,[sl 81350.84],
2026-05-06 09:28:27,183514092,2026-05-06T09:28:27+00:00,1778059707715,2026-05-06T09:28:27+00:00,1778059707715,1970-01-01T00:00:00+00:00,1,0,1,4,0,183514092,0,3,0.1,0.0,0.0,81355.29,80928.95,81338.79,0.0,BTCUSD,OV2|7eb29c|M5|S,
2026-05-06 09:28:46,183514110,2026-05-06T09:28:46+00:00,1778059726313,2026-05-06T09:28:46+00:00,1778059726313,1970-01-01T00:00:00+00:00,0,0,1,4,0,183514092,0,4,0.1,0.0,81355.29,0.0,0.0,81355.29,0.0,BTCUSD,[sl 81355.29],
2026-05-06 09:33:10,183515606,2026-05-06T09:33:10+00:00,1778059990551,2026-05-06T09:33:10+00:00,1778059990551,1970-01-01T00:00:00+00:00,0,0,1,4,0,183515606,0,3,0.1,0.0,0.0,81376.26,81792.68,81392.76,0.0,BTCUSD,OV2|c5c270|M5|B,
2026-05-06 09:33:20,183515619,2026-05-06T09:33:20+00:00,1778060000652,2026-05-06T09:33:20+00:00,1778060000652,1970-01-01T00:00:00+00:00,1,0,1,4,0,183515606,0,4,0.1,0.0,81376.26,0.0,0.0,81376.26,0.0,BTCUSD,[sl 81376.26],
2026-05-06 09:37:37,183516529,2026-05-06T09:37:37+00:00,1778060257632,2026-05-06T09:37:37+00:00,1778060257633,1970-01-01T00:00:00+00:00,0,0,1,4,0,183516529,0,3,0.1,0.0,0.0,81417.57,81856.25,81434.07,0.0,BTCUSD,OV2|7018da|M5|B,
2026-05-06 09:37:43,183516595,2026-05-06T09:37:43+00:00,1778060263798,2026-05-06T09:37:43+00:00,1778060263798,1970-01-01T00:00:00+00:00,1,0,1,4,0,183516529,0,4,0.1,0.0,81417.57,0.0,0.0,81417.57,0.0,BTCUSD,[sl 81417.57],
2026-05-06 09:39:05,183517190,2026-05-06T09:39:05+00:00,1778060345802,2026-05-06T09:39:05+00:00,1778060345802,1970-01-01T00:00:00+00:00,0,0,1,4,0,183517190,0,3,0.1,0.0,0.0,81441.59,81862.54,81458.47,0.0,BTCUSD,OV2|e7810e|M5|B,
2026-05-06 09:39:12,183517230,2026-05-06T09:39:12+00:00,1778060352008,2026-05-06T09:39:12+00:00,1778060352008,1970-01-01T00:00:00+00:00,1,0,1,4,0,183517190,0,4,0.1,0.0,81441.59,0.0,0.0,81441.59,0.0,BTCUSD,[sl 81441.59],
2026-05-06 09:42:31,183518286,2026-05-06T09:42:31+00:00,1778060551427,2026-05-06T09:42:31+00:00,1778060551427,1970-01-01T00:00:00+00:00,0,0,1,4,0,183518286,0,3,0.1,0.0,0.0,81373.66,81807.88,81390.16,0.0,BTCUSD,OV2|9f10ff|M5|B,
2026-05-06 10:12:28,183526381,2026-05-06T10:12:28+00:00,1778062348860,2026-05-06T10:12:28+00:00,1778062348860,1970-01-01T00:00:00+00:00,0,0,1,4,0,183507312,0,4,0.1,0.0,156.481,0.0,0.0,156.481,0.0,USDJPY,[sl 156.481],
2026-05-06 10:13:19,183526734,2026-05-06T10:13:19+00:00,1778062399906,2026-05-06T10:13:19+00:00,1778062399906,1970-01-01T00:00:00+00:00,1,0,1,4,0,183526734,0,3,0.1,0.0,0.0,156.582,156.291,156.51,0.0,USDJPY,OV2|30842d|M5|S,
2026-05-06 10:50:34,183543268,2026-05-06T10:50:34+00:00,1778064634766,2026-05-06T10:50:34+00:00,1778064634766,1970-01-01T00:00:00+00:00,1,0,1,4,0,183518286,0,4,0.1,0.0,81373.66,0.0,0.0,81373.66,0.0,BTCUSD,[sl 81373.66],
2026-05-06 10:51:42,183544155,2026-05-06T10:51:42+00:00,1778064702144,2026-05-06T10:51:42+00:00,1778064702144,1970-01-01T00:00:00+00:00,0,0,1,4,0,183544155,0,3,0.1,0.0,0.0,81369.48,81847.34,81385.98,0.0,BTCUSD,OV2|cf1288|M5|B,
2026-05-06 10:52:16,183544380,2026-05-06T10:52:16+00:00,1778064736593,2026-05-06T10:52:16+00:00,1778064736593,1970-01-01T00:00:00+00:00,1,0,1,4,0,183544155,0,4,0.1,0.0,81369.48,0.0,0.0,81369.48,0.0,BTCUSD,[sl 81369.48],
2026-05-06 10:52:39,183544518,2026-05-06T10:52:39+00:00,1778064759903,2026-05-06T10:52:39+00:00,1778064759903,1970-01-01T00:00:00+00:00,0,0,1,4,0,183526734,0,5,0.1,0.0,156.291,0.0,0.0,156.291,0.0,USDJPY,[tp 156.291],
2026-05-06 10:53:09,183544596,2026-05-06T10:53:09+00:00,1778064789288,2026-05-06T10:53:09+00:00,1778064789289,1970-01-01T00:00:00+00:00,0,0,1,4,0,183544596,0,3,0.1,0.0,0.0,81328.61,81817.76,81345.11,0.0,BTCUSD,OV2|46d165|M5|B,
2026-05-06 10:53:31,183544647,2026-05-06T10:53:31+00:00,1778064811008,2026-05-06T10:53:31+00:00,1778064811008,1970-01-01T00:00:00+00:00,1,0,1,4,0,183544596,0,4,0.1,0.0,81328.61,0.0,0.0,81328.61,0.0,BTCUSD,[sl 81328.61],
2026-05-06 10:54:46,183544880,2026-05-06T10:54:46+00:00,1778064886926,2026-05-06T10:54:46+00:00,1778064886926,1970-01-01T00:00:00+00:00,0,0,1,4,0,183544880,0,3,0.1,0.0,0.0,81329.54,81750.0,81347.01,0.0,BTCUSD,OV2|eee4c9|M5|B,
2026-05-06 10:54:52,183544889,2026-05-06T10:54:52+00:00,1778064892102,2026-05-06T10:54:52+00:00,1778064892102,1970-01-01T00:00:00+00:00,1,0,1,4,0,183544889,0,3,0.1,0.0,0.0,156.333,155.994,156.259,0.0,USDJPY,OV2|0f4165|M5|S,
2026-05-06 10:55:28,183545061,2026-05-06T10:55:28+00:00,1778064928514,2026-05-06T10:55:28+00:00,1778064928514,1970-01-01T00:00:00+00:00,1,0,1,4,0,183544880,0,4,0.1,0.0,81329.54,0.0,0.0,81329.54,0.0,BTCUSD,[sl 81329.54],
2026-05-06 10:57:56,183545350,2026-05-06T10:57:56+00:00,1778065076392,2026-05-06T10:57:56+00:00,1778065076392,1970-01-01T00:00:00+00:00,0,0,1,4,0,183545350,0,3,0.1,0.0,0.0,81329.21,81764.42,81345.71,0.0,BTCUSD,OV2|b0daa5|M5|B,
2026-05-06 10:58:51,183545743,2026-05-06T10:58:51+00:00,1778065131391,2026-05-06T10:58:51+00:00,1778065131392,1970-01-01T00:00:00+00:00,0,0,1,4,0,183544889,0,5,0.1,0.0,155.994,0.0,0.0,155.994,0.0,USDJPY,[tp 155.994],
2026-05-06 10:59:13,183546059,2026-05-06T10:59:13+00:00,1778065153275,2026-05-06T10:59:13+00:00,1778065153275,1970-01-01T00:00:00+00:00,1,0,1,4,0,183545350,0,4,0.1,0.0,81329.21,0.0,0.0,81329.21,0.0,BTCUSD,[sl 81329.21],
2026-05-06 10:59:34,183546344,2026-05-06T10:59:34+00:00,1778065174310,2026-05-06T10:59:34+00:00,1778065174310,1970-01-01T00:00:00+00:00,0,0,1,4,0,183546344,0,3,0.1,0.0,0.0,81318.34,81760.49,81334.84,0.0,BTCUSD,OV2|5d54ac|M5|B,
2026-05-06 10:59:35,183546429,2026-05-06T10:59:35+00:00,1778065175795,2026-05-06T10:59:35+00:00,1778065175796,1970-01-01T00:00:00+00:00,1,0,1,4,0,183508380,0,5,0.05,0.0,4679.44,0.0,0.0,4679.44,0.0,XAUUSD,[tp 4679.44],
2026-05-06 10:59:39,183546648,2026-05-06T10:59:39+00:00,1778065179773,2026-05-06T10:59:39+00:00,1778065179773,1970-01-01T00:00:00+00:00,0,0,1,4,0,183546648,0,3,0.05,0.0,0.0,4677.8,4700.65,4680.3,0.0,XAUUSD,OV2|ff6fa0|M5|B,
2026-05-06 11:01:02,183548443,2026-05-06T11:01:02+00:00,1778065262081,2026-05-06T11:01:02+00:00,1778065262082,1970-01-01T00:00:00+00:00,1,0,1,4,0,183546648,0,4,0.05,0.0,4677.8,0.0,0.0,4677.8,0.0,XAUUSD,[sl 4677.80],
2026-05-06 11:01:12,183548611,2026-05-06T11:01:12+00:00,1778065272179,2026-05-06T11:01:12+00:00,1778065272179,1970-01-01T00:00:00+00:00,1,0,1,4,0,183548611,0,3,0.06,0.0,0.0,156.262,155.637,156.122,0.0,USDJPY,OV2|a65c04|M5|S,
2026-05-06 11:01:14,183548637,2026-05-06T11:01:14+00:00,1778065274308,2026-05-06T11:01:14+00:00,1778065274308,1970-01-01T00:00:00+00:00,1,0,1,4,0,183546344,0,4,0.1,0.0,81318.34,0.0,0.0,81318.34,0.0,BTCUSD,[sl 81318.34],
2026-05-06 11:02:35,183549096,2026-05-06T11:02:35+00:00,1778065355745,2026-05-06T11:02:35+00:00,1778065355745,1970-01-01T00:00:00+00:00,0,0,1,4,0,183549096,0,3,0.1,0.0,0.0,81408.1,81884.77,81424.6,0.0,BTCUSD,OV2|30f6e9|M5|B,
2026-05-06 11:02:45,183549126,2026-05-06T11:02:45+00:00,1778065365677,2026-05-06T11:02:45+00:00,1778065365677,1970-01-01T00:00:00+00:00,0,0,1,4,0,183549126,0,3,0.05,0.0,0.0,4674.9,4699.7,4677.4,0.0,XAUUSD,OV2|d523f6|M5|B,
2026-05-06 11:03:50,183549628,2026-05-06T11:03:50+00:00,1778065430913,2026-05-06T11:03:50+00:00,1778065430913,1970-01-01T00:00:00+00:00,0,0,1,4,0,183548611,0,4,0.06,0.0,156.262,0.0,0.0,156.262,0.0,USDJPY,[sl 156.262],
2026-05-06 11:03:58,183549659,2026-05-06T11:03:58+00:00,1778065438534,2026-05-06T11:03:58+00:00,1778065438534,1970-01-01T00:00:00+00:00,1,0,1,4,0,183549659,0,3,0.07,0.0,0.0,156.415,155.732,156.266,0.0,USDJPY,OV2|bb9c28|M5|S,
2026-05-06 11:31:32,183555516,2026-05-06T11:31:32+00:00,1778067092146,2026-05-06T11:31:32+00:00,1778067092147,1970-01-01T00:00:00+00:00,1,0,1,4,0,183473818,0,5,0.1,0.0,1.36025,0.0,0.0,1.36025,0.0,GBPUSD,[tp 1.36025],
2026-05-06 11:33:31,183556052,2026-05-06T11:33:31+00:00,1778067211265,2026-05-06T11:33:31+00:00,1778067211265,1970-01-01T00:00:00+00:00,0,0,1,4,0,183556052,0,3,0.1,0.0,0.0,1.36008,1.36304,1.36082,0.0,GBPUSD,OV2|151412|M5|B,
2026-05-06 11:35:13,183557067,2026-05-06T11:35:13+00:00,1778067313572,2026-05-06T11:35:13+00:00,1778067313572,1970-01-01T00:00:00+00:00,1,0,1,4,0,183549126,0,4,0.05,0.0,4674.9,0.0,0.0,4674.9,0.0,XAUUSD,[sl 4674.90],
2026-05-06 11:36:31,183558074,2026-05-06T11:36:31+00:00,1778067391671,2026-05-06T11:36:31+00:00,1778067391671,1970-01-01T00:00:00+00:00,0,0,1,4,0,183558074,0,3,0.05,0.0,0.0,4672.47,4695.14,4674.96,0.0,XAUUSD,OV2|6c5c6d|M5|B,
2026-05-06 11:50:41,183566308,2026-05-06T11:50:41+00:00,1778068241650,2026-05-06T11:50:41+00:00,1778068241653,1970-01-01T00:00:00+00:00,1,0,1,4,0,183558074,0,5,0.05,0.0,4695.14,0.0,0.0,4695.14,0.0,XAUUSD,[tp 4695.14],
2026-05-06 11:52:01,183570772,2026-05-06T11:52:01+00:00,1778068321277,2026-05-06T11:52:01+00:00,1778068321277,1970-01-01T00:00:00+00:00,0,0,1,4,0,183570772,0,3,0.05,0.0,0.0,4691.02,4717.65,4693.52,0.0,XAUUSD,OV2|0d7a4c|M5|B,
2026-05-06 11:52:38,183571911,2026-05-06T11:52:38+00:00,1778068358360,2026-05-06T11:52:38+00:00,1778068358360,1970-01-01T00:00:00+00:00,1,0,1,4,0,183549096,0,5,0.1,0.0,81884.77,0.0,0.0,81884.77,0.0,BTCUSD,[tp 81884.77],
2026-05-06 11:52:50,183572433,2026-05-06T11:52:50+00:00,1778068370882,2026-05-06T11:52:50+00:00,1778068370882,1970-01-01T00:00:00+00:00,1,0,1,4,0,183556052,0,5,0.1,0.0,1.36304,0.0,0.0,1.36304,0.0,GBPUSD,[tp 1.36304],
2026-05-06 11:53:39,183573555,2026-05-06T11:53:39+00:00,1778068419163,2026-05-06T11:53:39+00:00,1778068419163,1970-01-01T00:00:00+00:00,0,0,1,4,0,183573555,0,3,0.1,0.0,0.0,1.36212,1.36508,1.36285,0.0,GBPUSD,OV2|04572e|M5|B,
2026-05-06 11:53:44,183573641,2026-05-06T11:53:44+00:00,1778068424453,2026-05-06T11:53:44+00:00,1778068424454,1970-01-01T00:00:00+00:00,0,0,1,4,0,183573641,0,3,0.1,0.0,0.0,81889.3,82603.9,81905.8,0.0,BTCUSD,OV2|8dfaaf|M5|B,
2026-05-06 11:53:47,183573725,2026-05-06T11:53:47+00:00,1778068427153,2026-05-06T11:53:47+00:00,1778068427153,1970-01-01T00:00:00+00:00,1,0,1,4,0,183573641,0,4,0.1,0.0,81889.3,0.0,0.0,81889.3,0.0,BTCUSD,[sl 81889.30],
2026-05-06 11:54:57,183575204,2026-05-06T11:54:57+00:00,1778068497954,2026-05-06T11:54:57+00:00,1778068497954,1970-01-01T00:00:00+00:00,0,0,1,4,0,183575204,0,3,0.1,0.0,0.0,81900.17,82632.06,81916.67,0.0,BTCUSD,OV2|77bed0|M5|B,
2026-05-06 11:55:06,183575366,2026-05-06T11:55:06+00:00,1778068506336,2026-05-06T11:55:06+00:00,1778068506336,1970-01-01T00:00:00+00:00,1,0,1,4,0,183575204,0,4,0.1,0.0,81900.17,0.0,0.0,81900.17,0.0,BTCUSD,[sl 81900.17],
2026-05-06 11:56:30,183576509,2026-05-06T11:56:30+00:00,1778068590933,2026-05-06T11:56:30+00:00,1778068590934,1970-01-01T00:00:00+00:00,0,0,1,4,0,183576509,0,3,0.1,0.0,0.0,81920.68,82674.9,81935.97,0.0,BTCUSD,OV2|791474|M5|B,
2026-05-06 11:56:33,183576546,2026-05-06T11:56:33+00:00,1778068593417,2026-05-06T11:56:33+00:00,1778068593418,1970-01-01T00:00:00+00:00,1,0,1,4,0,183576509,0,4,0.1,0.0,81920.68,0.0,0.0,81920.68,0.0,BTCUSD,[sl 81920.68],
2026-05-06 11:58:19,183578170,2026-05-06T11:58:19+00:00,1778068699824,2026-05-06T11:58:19+00:00,1778068699824,1970-01-01T00:00:00+00:00,0,0,1,4,0,183578170,0,3,0.1,0.0,0.0,81908.71,82689.76,81925.49,0.0,BTCUSD,OV2|6c88c0|M5|B,
2026-05-06 11:58:57,183578583,2026-05-06T11:58:57+00:00,1778068737569,2026-05-06T11:58:57+00:00,1778068737569,1970-01-01T00:00:00+00:00,1,0,1,4,0,183578170,0,4,0.1,0.0,81908.71,0.0,0.0,81908.71,0.0,BTCUSD,[sl 81908.71],
2026-05-06 11:59:42,183579291,2026-05-06T11:59:42+00:00,1778068782444,2026-05-06T11:59:42+00:00,1778068782444,1970-01-01T00:00:00+00:00,0,0,1,4,0,183579291,0,3,0.1,0.0,0.0,81917.04,82698.09,81933.54,0.0,BTCUSD,OV2|8c689d|M5|B,
2026-05-06 12:00:20,183581299,2026-05-06T12:00:20+00:00,1778068820803,2026-05-06T12:00:20+00:00,1778068820803,1970-01-01T00:00:00+00:00,1,0,1,4,0,183579291,0,4,0.1,0.0,81917.04,0.0,0.0,81917.04,0.0,BTCUSD,[sl 81917.04],
2026-05-06 12:01:20,183582756,2026-05-06T12:01:20+00:00,1778068880189,2026-05-06T12:01:20+00:00,1778068880189,1970-01-01T00:00:00+00:00,0,0,1,4,0,183582756,0,3,0.1,0.0,0.0,81819.62,82647.13,81836.12,0.0,BTCUSD,OV2|d56c19|M5|B,
2026-05-06 12:01:20,183582759,2026-05-06T12:01:20+00:00,1778068880398,2026-05-06T12:01:20+00:00,1778068880398,1970-01-01T00:00:00+00:00,1,0,1,4,0,183582756,0,4,0.1,0.0,81819.62,0.0,0.0,81819.62,0.0,BTCUSD,[sl 81819.62],
2026-05-06 12:02:19,183583245,2026-05-06T12:02:19+00:00,1778068939548,2026-05-06T12:02:19+00:00,1778068939548,1970-01-01T00:00:00+00:00,1,0,1,4,0,183573555,0,4,0.1,0.0,1.36212,0.0,0.0,1.36212,0.0,GBPUSD,[sl 1.36212],
2026-05-06 12:02:42,183583492,2026-05-06T12:02:42+00:00,1778068962793,2026-05-06T12:02:42+00:00,1778068962793,1970-01-01T00:00:00+00:00,0,0,1,4,0,183583492,0,3,0.1,0.0,0.0,1.36118,1.36435,1.36194,0.0,GBPUSD,OV2|3ba647|M5|B,
2026-05-06 12:02:47,183583551,2026-05-06T12:02:47+00:00,1778068967990,2026-05-06T12:02:47+00:00,1778068967990,1970-01-01T00:00:00+00:00,0,0,1,4,0,183583551,0,3,0.1,0.0,0.0,81780.67,82632.34,81794.25,0.0,BTCUSD,OV2|37fdf9|M5|B,
2026-05-06 12:02:51,183583588,2026-05-06T12:02:51+00:00,1778068971899,2026-05-06T12:02:51+00:00,1778068971899,1970-01-01T00:00:00+00:00,1,0,1,4,0,183583551,0,4,0.1,0.0,81780.67,0.0,0.0,81780.67,0.0,BTCUSD,[sl 81780.67],
2026-05-06 12:04:30,183584511,2026-05-06T12:04:30+00:00,1778069070738,2026-05-06T12:04:30+00:00,1778069070738,1970-01-01T00:00:00+00:00,0,0,1,4,0,183584511,0,3,0.1,0.0,0.0,81760.84,82620.04,81777.34,0.0,BTCUSD,OV2|127254|M5|B,
2026-05-06 12:05:02,183584908,2026-05-06T12:05:02+00:00,1778069102690,2026-05-06T12:05:02+00:00,1778069102691,1970-01-01T00:00:00+00:00,1,0,1,4,0,183570772,0,4,0.05,0.0,4691.02,0.0,0.0,4691.02,0.0,XAUUSD,[sl 4691.02],
2026-05-06 12:05:56,183585408,2026-05-06T12:05:56+00:00,1778069156329,2026-05-06T12:05:56+00:00,1778069156329,1970-01-01T00:00:00+00:00,0,0,1,4,0,183585408,0,3,0.05,0.0,0.0,4687.78,4722.72,4690.28,0.0,XAUUSD,OV2|bf6f4a|H1|B,
2026-05-06 12:21:57,183590946,2026-05-06T12:21:57+00:00,1778070117598,2026-05-06T12:21:57+00:00,1778070117599,1970-01-01T00:00:00+00:00,1,0,1,4,0,183584511,0,4,0.1,0.0,81760.84,0.0,0.0,81760.84,0.0,BTCUSD,[sl 81760.84],
2026-05-06 12:22:51,183591339,2026-05-06T12:22:51+00:00,1778070171710,2026-05-06T12:22:51+00:00,1778070171710,1970-01-01T00:00:00+00:00,0,0,1,4,0,183591339,0,3,0.1,0.0,0.0,81729.13,82568.61,81745.63,0.0,BTCUSD,OV2|fccecc|M5|B,
2026-05-06 12:22:52,183591346,2026-05-06T12:22:52+00:00,1778070172175,2026-05-06T12:22:52+00:00,1778070172175,1970-01-01T00:00:00+00:00,1,0,1,4,0,183591339,0,4,0.1,0.0,81729.13,0.0,0.0,81729.13,0.0,BTCUSD,[sl 81729.13],
2026-05-06 12:24:24,183591735,2026-05-06T12:24:24+00:00,1778070264230,2026-05-06T12:24:24+00:00,1778070264230,1970-01-01T00:00:00+00:00,0,0,1,4,0,183591735,0,3,0.1,0.0,0.0,81695.52,82553.25,81712.02,0.0,BTCUSD,OV2|96cc55|M5|B,
2026-05-06 12:25:09,183591875,2026-05-06T12:25:09+00:00,1778070309044,2026-05-06T12:25:09+00:00,1778070309045,1970-01-01T00:00:00+00:00,1,0,1,4,0,183591735,0,4,0.1,0.0,81695.52,0.0,0.0,81695.52,0.0,BTCUSD,[sl 81695.52],
2026-05-06 12:26:07,183592013,2026-05-06T12:26:07+00:00,1778070367938,2026-05-06T12:26:07+00:00,1778070367938,1970-01-01T00:00:00+00:00,0,0,1,4,0,183592013,0,3,0.1,0.0,0.0,81696.91,82560.25,81715.41,0.0,BTCUSD,OV2|a16511|M5|B,
2026-05-06 13:51:03,183633990,2026-05-06T13:51:03+00:00,1778075463966,2026-05-06T13:51:03+00:00,1778075463966,1970-01-01T00:00:00+00:00,0,0,1,4,0,183549659,0,5,0.07,0.0,155.732,0.0,0.0,155.732,0.0,USDJPY,[tp 155.732],
2026-05-06 13:52:26,183634409,2026-05-06T13:52:26+00:00,1778075546280,2026-05-06T13:52:26+00:00,1778075546280,1970-01-01T00:00:00+00:00,1,0,1,4,0,183634409,0,3,0.1,0.0,0.0,155.815,155.406,155.724,0.0,USDJPY,OV2|f485d1|M5|S,
2026-05-06 13:54:06,183636467,2026-05-06T13:54:06+00:00,1778075646830,2026-05-06T13:54:06+00:00,1778075646831,1970-01-01T00:00:00+00:00,1,0,1,4,0,183585408,0,5,0.05,0.0,4722.72,0.0,0.0,4722.72,0.0,XAUUSD,[tp 4722.72],
2026-05-06 13:56:59,183638844,2026-05-06T13:56:59+00:00,1778075819393,2026-05-06T13:56:59+00:00,1778075819394,1970-01-01T00:00:00+00:00,0,0,1,4,0,183638844,0,3,0.05,0.0,0.0,4714.91,4741.28,4717.41,0.0,XAUUSD,OV2|613a66|M5|B,
2026-05-06 14:02:24,183641191,2026-05-06T14:02:24+00:00,1778076144228,2026-05-06T14:02:24+00:00,1778076144229,1970-01-01T00:00:00+00:00,1,0,1,4,0,183638844,0,4,0.05,0.0,4714.91,0.0,0.0,4714.91,0.0,XAUUSD,[sl 4714.91],
2026-05-06 14:03:11,183641665,2026-05-06T14:03:11+00:00,1778076191017,2026-05-06T14:03:11+00:00,1778076191017,1970-01-01T00:00:00+00:00,0,0,1,4,0,183641665,0,3,0.05,0.0,0.0,4710.72,4738.09,4713.35,0.0,XAUUSD,OV2|4f44ab|M5|B,
2026-05-06 14:05:01,183642531,2026-05-06T14:05:01+00:00,1778076301228,2026-05-06T14:05:01+00:00,1778076301229,1970-01-01T00:00:00+00:00,0,0,1,4,0,183634409,0,4,0.1,0.0,155.815,0.0,0.0,155.815,0.0,USDJPY,[sl 155.815],
2026-05-06 14:06:31,183643214,2026-05-06T14:06:31+00:00,1778076391204,2026-05-06T14:06:31+00:00,1778076391205,1970-01-01T00:00:00+00:00,1,0,1,4,0,183643214,0,3,0.1,0.0,0.0,155.907,155.452,155.806,0.0,USDJPY,OV2|b6fd93|M5|S,
2026-05-06 14:12:36,183645977,2026-05-06T14:12:36+00:00,1778076756119,2026-05-06T14:12:36+00:00,1778076756119,1970-01-01T00:00:00+00:00,1,0,1,4,0,183641665,0,4,0.05,0.0,4710.72,0.0,0.0,4710.72,0.0,XAUUSD,[sl 4710.72],
2026-05-06 14:12:40,183646110,2026-05-06T14:12:40+00:00,1778076760693,2026-05-06T14:12:40+00:00,1778076760694,1970-01-01T00:00:00+00:00,0,0,1,4,0,183646110,0,3,0.05,0.0,0.0,4708.26,4737.31,4710.76,0.0,XAUUSD,OV2|7331c8|M5|B,
2026-05-06 14:13:08,183646383,2026-05-06T14:13:08+00:00,1778076788421,2026-05-06T14:13:08+00:00,1778076788421,1970-01-01T00:00:00+00:00,0,0,1,4,0,183643214,0,4,0.1,0.0,155.907,0.0,0.0,155.907,0.0,USDJPY,[sl 155.907],
2026-05-06 14:14:03,183646705,2026-05-06T14:14:03+00:00,1778076843549,2026-05-06T14:14:03+00:00,1778076843549,1970-01-01T00:00:00+00:00,1,0,1,4,0,183646705,0,3,0.1,0.0,0.0,155.998,155.508,155.895,0.0,USDJPY,OV2|a4e79e|M5|S,
2026-05-06 14:17:32,183647780,2026-05-06T14:17:32+00:00,1778077052863,2026-05-06T14:17:32+00:00,1778077052863,1970-01-01T00:00:00+00:00,1,0,1,4,0,183592013,0,5,0.1,0.0,82560.25,0.0,0.0,82560.25,0.0,BTCUSD,[tp 82560.25],
2026-05-06 14:18:37,183648138,2026-05-06T14:18:37+00:00,1778077117218,2026-05-06T14:18:37+00:00,1778077117218,1970-01-01T00:00:00+00:00,0,0,1,4,0,183648138,0,3,0.1,0.0,0.0,82543.84,83241.22,82560.34,0.0,BTCUSD,OV2|1918c6|M5|B,
2026-05-06 14:18:39,183648143,2026-05-06T14:18:39+00:00,1778077119611,2026-05-06T14:18:39+00:00,1778077119611,1970-01-01T00:00:00+00:00,1,0,1,4,0,183648138,0,4,0.1,0.0,82543.84,0.0,0.0,82543.84,0.0,BTCUSD,[sl 82543.84],
2026-05-06 14:21:52,183648817,2026-05-06T14:21:52+00:00,1778077312044,2026-05-06T14:21:52+00:00,1778077312044,1970-01-01T00:00:00+00:00,0,0,1,4,0,183648817,0,3,0.1,0.0,0.0,82657.64,83471.55,82676.53,0.0,BTCUSD,OV2|49cfc1|M5|B,
2026-05-06 14:27:19,183650005,2026-05-06T14:27:19+00:00,1778077639786,2026-05-06T14:27:19+00:00,1778077639786,1970-01-01T00:00:00+00:00,1,0,1,4,0,183648817,0,4,0.1,0.0,82657.64,0.0,0.0,82657.64,0.0,BTCUSD,[sl 82657.64],
2026-05-06 14:27:49,183650244,2026-05-06T14:27:49+00:00,1778077669731,2026-05-06T14:27:49+00:00,1778077669731,1970-01-01T00:00:00+00:00,0,0,1,4,0,183650244,0,3,0.1,0.0,0.0,82652.67,83529.68,82671.9,0.0,BTCUSD,OV2|a16f95|M5|B,
2026-05-06 14:28:55,183650631,2026-05-06T14:28:55+00:00,1778077735475,2026-05-06T14:28:55+00:00,1778077735475,1970-01-01T00:00:00+00:00,1,0,1,4,0,183646110,0,4,0.05,0.0,4708.26,0.0,0.0,4708.26,0.0,XAUUSD,[sl 4708.26],
2026-05-06 14:28:57,183650693,2026-05-06T14:28:57+00:00,1778077737109,2026-05-06T14:28:57+00:00,1778077737109,1970-01-01T00:00:00+00:00,1,0,1,4,0,183650244,0,4,0.1,0.0,82652.67,0.0,0.0,82652.67,0.0,BTCUSD,[sl 82652.67],
2026-05-06 14:29:22,183650814,2026-05-06T14:29:22+00:00,1778077762750,2026-05-06T14:29:22+00:00,1778077762750,1970-01-01T00:00:00+00:00,0,0,1,4,0,183650814,0,3,0.05,0.0,0.0,4706.21,4733.41,4708.71,0.0,XAUUSD,OV2|54704f|M5|B,
2026-05-06 14:29:28,183650829,2026-05-06T14:29:28+00:00,1778077768211,2026-05-06T14:29:28+00:00,1778077768211,1970-01-01T00:00:00+00:00,0,0,1,4,0,183650829,0,3,0.1,0.0,0.0,82679.56,83554.67,82696.06,0.0,BTCUSD,OV2|ce1753|M5|B,
2026-05-06 14:29:43,183650978,2026-05-06T14:29:43+00:00,1778077783709,2026-05-06T14:29:43+00:00,1778077783709,1970-01-01T00:00:00+00:00,1,0,1,4,0,183650829,0,4,0.1,0.0,82679.56,0.0,0.0,82679.56,0.0,BTCUSD,[sl 82679.56],
2026-05-06 14:29:51,183651108,2026-05-06T14:29:51+00:00,1778077791031,2026-05-06T14:29:51+00:00,1778077791031,1970-01-01T00:00:00+00:00,1,0,1,4,0,183650814,0,4,0.05,0.0,4706.21,0.0,0.0,4706.21,0.0,XAUUSD,[sl 4706.21],
2026-05-06 14:31:00,183652221,2026-05-06T14:31:00+00:00,1778077860783,2026-05-06T14:31:00+00:00,1778077860783,1970-01-01T00:00:00+00:00,0,0,1,4,0,183652221,0,3,0.1,0.0,0.0,82664.19,83502.23,82680.69,0.0,BTCUSD,OV2|7c10c9|M5|B,
2026-05-06 14:32:28,183653135,2026-05-06T14:32:28+00:00,1778077948789,2026-05-06T14:32:28+00:00,1778077948789,1970-01-01T00:00:00+00:00,0,0,1,4,0,183653135,0,3,0.05,0.0,0.0,4708.29,4735.8,4710.71,0.0,XAUUSD,OV2|a571e4|M5|B,
2026-05-06 14:32:39,183653191,2026-05-06T14:32:39+00:00,1778077959151,2026-05-06T14:32:39+00:00,1778077959151,1970-01-01T00:00:00+00:00,1,0,1,4,0,183652221,0,4,0.1,0.0,82664.19,0.0,0.0,82664.19,0.0,BTCUSD,[sl 82664.19],
2026-05-06 14:32:48,183653277,2026-05-06T14:32:48+00:00,1778077968935,2026-05-06T14:32:48+00:00,1778077968935,1970-01-01T00:00:00+00:00,0,0,1,4,0,183653277,0,3,0.1,0.0,0.0,82645.95,83490.21,82662.45,0.0,BTCUSD,OV2|83c274|M5|B,
2026-05-06 14:32:58,183653340,2026-05-06T14:32:58+00:00,1778077978999,2026-05-06T14:32:58+00:00,1778077978999,1970-01-01T00:00:00+00:00,1,0,1,4,0,183653277,0,4,0.1,0.0,82645.95,0.0,0.0,82645.95,0.0,BTCUSD,[sl 82645.95],
2026-05-06 14:34:11,183654196,2026-05-06T14:34:11+00:00,1778078051759,2026-05-06T14:34:11+00:00,1778078051759,1970-01-01T00:00:00+00:00,0,0,1,4,0,183654196,0,3,0.1,0.0,0.0,82637.86,83454.85,82654.36,0.0,BTCUSD,OV2|e7ffc5|M5|B,
2026-05-06 14:40:48,183656801,2026-05-06T14:40:48+00:00,1778078448693,2026-05-06T14:40:48+00:00,1778078448693,1970-01-01T00:00:00+00:00,1,0,1,4,0,183653135,0,4,0.05,0.0,4708.29,0.0,0.0,4708.29,0.0,XAUUSD,[sl 4708.29],
2026-05-06 14:41:25,183657399,2026-05-06T14:41:25+00:00,1778078485978,2026-05-06T14:41:25+00:00,1778078485978,1970-01-01T00:00:00+00:00,1,0,1,4,0,183654196,0,4,0.1,0.0,82637.86,0.0,0.0,82637.86,0.0,BTCUSD,[sl 82637.86],
2026-05-06 14:41:47,183657869,2026-05-06T14:41:47+00:00,1778078507331,2026-05-06T14:41:47+00:00,1778078507331,1970-01-01T00:00:00+00:00,0,0,1,4,0,183646705,0,4,0.1,0.0,155.998,0.0,0.0,155.998,0.0,USDJPY,[sl 155.998],
2026-05-06 14:41:54,183658337,2026-05-06T14:41:54+00:00,1778078514115,2026-05-06T14:41:54+00:00,1778078514115,1970-01-01T00:00:00+00:00,1,0,1,4,0,183658337,0,3,0.1,0.0,0.0,156.044,155.67,155.961,0.0,USDJPY,OV2|c74dbd|M5|S,
2026-05-06 14:41:59,183658396,2026-05-06T14:41:59+00:00,1778078519685,2026-05-06T14:41:59+00:00,1778078519685,1970-01-01T00:00:00+00:00,0,0,1,4,0,183658396,0,3,0.05,0.0,0.0,4705.35,4733.51,4707.85,0.0,XAUUSD,OV2|9486f4|M5|B,
2026-05-06 14:42:05,183658467,2026-05-06T14:42:05+00:00,1778078525034,2026-05-06T14:42:05+00:00,1778078525035,1970-01-01T00:00:00+00:00,0,0,1,4,0,183658467,0,3,0.1,0.0,0.0,82534.03,83378.78,82550.53,0.0,BTCUSD,OV2|186601|M5|B,
2026-05-06 14:42:05,183658472,2026-05-06T14:42:05+00:00,1778078525670,2026-05-06T14:42:05+00:00,1778078525670,1970-01-01T00:00:00+00:00,1,0,1,4,0,183658467,0,4,0.1,0.0,82534.03,0.0,0.0,82534.03,0.0,BTCUSD,[sl 82534.03],
2026-05-06 14:42:22,183658664,2026-05-06T14:42:22+00:00,1778078542507,2026-05-06T14:42:22+00:00,1778078542507,1970-01-01T00:00:00+00:00,1,0,1,4,0,183658396,0,4,0.05,0.0,4705.35,0.0,0.0,4705.35,0.0,XAUUSD,[sl 4705.35],
2026-05-06 14:42:56,183658827,2026-05-06T14:42:56+00:00,1778078576490,2026-05-06T14:42:56+00:00,1778078576490,1970-01-01T00:00:00+00:00,0,0,1,4,0,183658337,0,4,0.1,0.0,156.044,0.0,0.0,156.044,0.0,USDJPY,[sl 156.044],
2026-05-06 14:43:17,183659824,2026-05-06T14:43:17+00:00,1778078597650,2026-05-06T14:43:17+00:00,1778078597650,1970-01-01T00:00:00+00:00,0,0,1,4,0,183659824,0,3,0.05,0.0,0.0,4698.18,4726.78,4700.68,0.0,XAUUSD,OV2|e23fb9|M5|B,
2026-05-06 14:43:27,183660001,2026-05-06T14:43:27+00:00,1778078607999,2026-05-06T14:43:27+00:00,1778078607999,1970-01-01T00:00:00+00:00,0,0,1,4,0,183660001,0,3,0.1,0.0,0.0,82490.74,83369.24,82507.24,0.0,BTCUSD,OV2|298211|M5|B,
2026-05-06 14:43:33,183660048,2026-05-06T14:43:33+00:00,1778078613116,2026-05-06T14:43:33+00:00,1778078613116,1970-01-01T00:00:00+00:00,1,0,1,4,0,183660048,0,3,0.1,0.0,0.0,156.137,155.739,156.048,0.0,USDJPY,OV2|538eb9|M5|S,
2026-05-06 14:43:46,183660140,2026-05-06T14:43:46+00:00,1778078626437,2026-05-06T14:43:46+00:00,1778078626438,1970-01-01T00:00:00+00:00,1,0,1,4,0,183660001,0,4,0.1,0.0,82490.74,0.0,0.0,82490.74,0.0,BTCUSD,[sl 82490.74],
2026-05-06 14:44:11,183660483,2026-05-06T14:44:11+00:00,1778078651561,2026-05-06T14:44:11+00:00,1778078651562,1970-01-01T00:00:00+00:00,1,0,1,4,0,183659824,0,4,0.05,0.0,4698.18,0.0,0.0,4698.18,0.0,XAUUSD,[sl 4698.18],
2026-05-06 14:46:23,183661852,2026-05-06T14:46:23+00:00,1778078783855,2026-05-06T14:46:23+00:00,1778078783856,1970-01-01T00:00:00+00:00,0,0,1,4,0,183661852,0,3,0.1,0.0,0.0,82471.25,83299.58,82487.75,0.0,BTCUSD,OV2|a2ab1d|M5|B,
2026-05-06 15:00:35,183667578,2026-05-06T15:00:35+00:00,1778079635146,2026-05-06T15:00:35+00:00,1778079635147,1970-01-01T00:00:00+00:00,0,0,1,4,0,183660048,0,4,0.1,0.0,156.137,0.0,0.0,156.137,0.0,USDJPY,[sl 156.137],
2026-05-06 15:01:40,183668646,2026-05-06T15:01:40+00:00,1778079700980,2026-05-06T15:01:40+00:00,1778079700980,1970-01-01T00:00:00+00:00,1,0,1,4,0,183661852,0,4,0.1,0.0,82471.25,0.0,0.0,82471.25,0.0,BTCUSD,[sl 82471.25],
2026-05-06 15:02:04,183669158,2026-05-06T15:02:04+00:00,1778079724714,2026-05-06T15:02:04+00:00,1778079724714,1970-01-01T00:00:00+00:00,0,0,1,4,0,183669158,0,3,0.1,0.0,0.0,82459.93,83153.99,82476.43,0.0,BTCUSD,OV2|818d19|M5|B,
2026-05-06 15:02:08,183669178,2026-05-06T15:02:08+00:00,1778079728721,2026-05-06T15:02:08+00:00,1778079728721,1970-01-01T00:00:00+00:00,1,0,1,4,0,183669158,0,4,0.1,0.0,82459.93,0.0,0.0,82459.93,0.0,BTCUSD,[sl 82459.93],
2026-05-06 15:03:27,183669896,2026-05-06T15:03:27+00:00,1778079807936,2026-05-06T15:03:27+00:00,1778079807936,1970-01-01T00:00:00+00:00,0,0,1,4,0,183669896,0,3,0.1,0.0,0.0,82387.42,83009.25,82403.92,0.0,BTCUSD,OV2|3036dd|M5|B,
2026-05-06 15:03:51,183670189,2026-05-06T15:03:51+00:00,1778079831786,2026-05-06T15:03:51+00:00,1778079831786,1970-01-01T00:00:00+00:00,1,0,1,4,0,183669896,0,4,0.1,0.0,82387.42,0.0,0.0,82387.42,0.0,BTCUSD,[sl 82387.42],
2026-05-06 15:06:39,183671942,2026-05-06T15:06:39+00:00,1778079999090,2026-05-06T15:06:39+00:00,1778079999090,1970-01-01T00:00:00+00:00,0,0,1,4,0,183671942,0,3,0.1,0.0,0.0,82327.73,82939.52,82344.23,0.0,BTCUSD,OV2|704e97|M5|B,
2026-05-06 15:06:40,183672022,2026-05-06T15:06:40+00:00,1778080000190,2026-05-06T15:06:40+00:00,1778080000190,1970-01-01T00:00:00+00:00,1,0,1,4,0,183671942,0,4,0.1,0.0,82327.73,0.0,0.0,82327.73,0.0,BTCUSD,[sl 82327.73],
2026-05-06 15:08:22,183672902,2026-05-06T15:08:22+00:00,1778080102072,2026-05-06T15:08:22+00:00,1778080102072,1970-01-01T00:00:00+00:00,0,0,1,4,0,183672902,0,3,0.1,0.0,0.0,82378.26,83024.86,82396.76,0.0,BTCUSD,OV2|53303c|M5|B,
2026-05-06 15:09:04,183673116,2026-05-06T15:09:04+00:00,1778080144237,2026-05-06T15:09:04+00:00,1778080144237,1970-01-01T00:00:00+00:00,1,0,1,4,0,183672902,0,4,0.1,0.0,82378.26,0.0,0.0,82378.26,0.0,BTCUSD,[sl 82378.26],
2026-05-06 15:09:44,183673322,2026-05-06T15:09:44+00:00,1778080184808,2026-05-06T15:09:44+00:00,1778080184808,1970-01-01T00:00:00+00:00,0,0,1,4,0,183673322,0,3,0.1,0.0,0.0,82348.49,82987.79,82364.99,0.0,BTCUSD,OV2|da3586|M5|B,
2026-05-06 15:09:48,183673344,2026-05-06T15:09:48+00:00,1778080188865,2026-05-06T15:09:48+00:00,1778080188866,1970-01-01T00:00:00+00:00,1,0,1,4,0,183673322,0,4,0.1,0.0,82348.49,0.0,0.0,82348.49,0.0,BTCUSD,[sl 82348.49],
2026-05-06 15:11:28,183674920,2026-05-06T15:11:28+00:00,1778080288932,2026-05-06T15:11:28+00:00,1778080288932,1970-01-01T00:00:00+00:00,0,0,1,4,0,183674920,0,3,0.1,0.0,0.0,82319.07,82974.81,82335.57,0.0,BTCUSD,OV2|4d0ef6|M5|B,
2026-05-06 15:11:34,183674944,2026-05-06T15:11:34+00:00,1778080294788,2026-05-06T15:11:34+00:00,1778080294788,1970-01-01T00:00:00+00:00,1,0,1,4,0,183674920,0,4,0.1,0.0,82319.07,0.0,0.0,82319.07,0.0,BTCUSD,[sl 82319.07],
2026-05-06 15:12:57,183675401,2026-05-06T15:12:57+00:00,1778080377125,2026-05-06T15:12:57+00:00,1778080377125,1970-01-01T00:00:00+00:00,0,0,1,4,0,183675401,0,3,0.1,0.0,0.0,82290.07,82929.77,82306.57,0.0,BTCUSD,OV2|710622|M5|B,
2026-05-06 15:14:23,183676313,2026-05-06T15:14:23+00:00,1778080463266,2026-05-06T15:14:23+00:00,1778080463266,1970-01-01T00:00:00+00:00,1,0,1,4,0,183583492,0,4,0.1,0.0,1.36118,0.0,0.0,1.36118,0.0,GBPUSD,[sl 1.36118],
2026-05-06 15:14:33,183676456,2026-05-06T15:14:33+00:00,1778080473756,2026-05-06T15:14:33+00:00,1778080473756,1970-01-01T00:00:00+00:00,1,0,1,4,0,183675401,0,4,0.1,0.0,82290.07,0.0,0.0,82290.07,0.0,BTCUSD,[sl 82290.07],
2026-05-06 15:15:57,183679174,2026-05-06T15:15:57+00:00,1778080557811,2026-05-06T15:15:57+00:00,1778080557811,1970-01-01T00:00:00+00:00,0,0,1,4,0,183679174,0,3,0.1,0.0,0.0,82290.43,83023.88,82306.93,0.0,BTCUSD,OV2|cadc41|M5|B,
2026-05-06 15:16:01,183679219,2026-05-06T15:16:01+00:00,1778080561216,2026-05-06T15:16:01+00:00,1778080561216,1970-01-01T00:00:00+00:00,1,0,1,4,0,183679174,0,4,0.1,0.0,82290.43,0.0,0.0,82290.43,0.0,BTCUSD,[sl 82290.43],
2026-05-06 15:17:45,183680112,2026-05-06T15:17:45+00:00,1778080665526,2026-05-06T15:17:45+00:00,1778080665526,1970-01-01T00:00:00+00:00,0,0,1,4,0,183680112,0,3,0.1,0.0,0.0,82239.72,82973.56,82256.22,0.0,BTCUSD,OV2|f16893|M5|B,
2026-05-06 15:19:08,183681680,2026-05-06T15:19:08+00:00,1778080748307,2026-05-06T15:19:08+00:00,1778080748307,1970-01-01T00:00:00+00:00,1,0,1,4,0,183680112,0,4,0.1,0.0,82239.72,0.0,0.0,82239.72,0.0,BTCUSD,[sl 82239.72],
2026-05-06 15:22:23,183685779,2026-05-06T15:22:23+00:00,1778080943381,2026-05-06T15:22:23+00:00,1778080943381,1970-01-01T00:00:00+00:00,0,0,1,4,0,183685779,0,3,0.1,0.0,0.0,82431.25,83137.06,82447.75,0.0,BTCUSD,OV2|aafe8a|M5|B,
2026-05-06 15:22:46,183685930,2026-05-06T15:22:46+00:00,1778080966372,2026-05-06T15:22:46+00:00,1778080966372,1970-01-01T00:00:00+00:00,1,0,1,4,0,183685779,0,4,0.1,0.0,82431.25,0.0,0.0,82431.25,0.0,BTCUSD,[sl 82431.25],
2026-05-06 15:23:36,183686223,2026-05-06T15:23:36+00:00,1778081016059,2026-05-06T15:23:36+00:00,1778081016059,1970-01-01T00:00:00+00:00,0,0,1,4,0,183686223,0,3,0.1,0.0,0.0,82451.81,83173.04,82468.31,0.0,BTCUSD,OV2|4b294e|M5|B,
2026-05-06 15:24:01,183686721,2026-05-06T15:24:01+00:00,1778081041436,2026-05-06T15:24:01+00:00,1778081041436,1970-01-01T00:00:00+00:00,1,0,1,4,0,183686223,0,4,0.1,0.0,82451.81,0.0,0.0,82451.81,0.0,BTCUSD,[sl 82451.81],
2026-05-06 15:26:46,183688401,2026-05-06T15:26:46+00:00,1778081206097,2026-05-06T15:26:46+00:00,1778081206097,1970-01-01T00:00:00+00:00,0,0,1,4,0,183688401,0,3,0.1,0.0,0.0,82394.69,83101.31,82410.78,0.0,BTCUSD,OV2|b16cc4|M5|B,
2026-05-06 15:27:49,183688711,2026-05-06T15:27:49+00:00,1778081269496,2026-05-06T15:27:49+00:00,1778081269497,1970-01-01T00:00:00+00:00,1,0,1,4,0,183688401,0,4,0.1,0.0,82394.69,0.0,0.0,82394.69,0.0,BTCUSD,[sl 82394.69],
2026-05-06 15:28:32,183689303,2026-05-06T15:28:32+00:00,1778081312910,2026-05-06T15:28:32+00:00,1778081312910,1970-01-01T00:00:00+00:00,0,0,1,4,0,183689303,0,3,0.1,0.0,0.0,82370.32,83053.64,82386.82,0.0,BTCUSD,OV2|0ba7ee|M5|B,
2026-05-06 15:30:33,183690526,2026-05-06T15:30:33+00:00,1778081433399,2026-05-06T15:30:33+00:00,1778081433399,1970-01-01T00:00:00+00:00,1,0,1,4,0,183689303,0,4,0.1,0.0,82370.32,0.0,0.0,82370.32,0.0,BTCUSD,[sl 82370.32],
2026-05-06 15:33:06,183692190,2026-05-06T15:33:06+00:00,1778081586323,2026-05-06T15:33:06+00:00,1778081586323,1970-01-01T00:00:00+00:00,0,0,1,4,0,183692190,0,3,0.1,0.0,0.0,82395.72,83049.91,82412.22,0.0,BTCUSD,OV2|a2c881|M5|B,
2026-05-06 15:33:21,183692307,2026-05-06T15:33:21+00:00,1778081601113,2026-05-06T15:33:21+00:00,1778081601114,1970-01-01T00:00:00+00:00,1,0,1,4,0,183692190,0,4,0.1,0.0,82395.72,0.0,0.0,82395.72,0.0,BTCUSD,[sl 82395.72],
2026-05-06 15:34:34,183692728,2026-05-06T15:34:34+00:00,1778081674067,2026-05-06T15:34:34+00:00,1778081674067,1970-01-01T00:00:00+00:00,0,0,1,4,0,183692728,0,3,0.1,0.0,0.0,82373.38,83040.01,82389.88,0.0,BTCUSD,OV2|4da286|M5|B,
2026-05-06 15:37:18,183693301,2026-05-06T15:37:18+00:00,1778081838169,2026-05-06T15:37:18+00:00,1778081838170,1970-01-01T00:00:00+00:00,1,0,1,4,0,183692728,0,4,0.1,0.0,82373.38,0.0,0.0,82373.38,0.0,BTCUSD,[sl 82373.38],
2026-05-06 15:37:33,183693382,2026-05-06T15:37:33+00:00,1778081853785,2026-05-06T15:37:33+00:00,1778081853786,1970-01-01T00:00:00+00:00,0,0,1,4,0,183693382,0,3,0.1,0.0,0.0,82338.36,83019.68,82354.86,0.0,BTCUSD,OV2|5e5c8a|M5|B,
2026-05-06 15:38:56,183693702,2026-05-06T15:38:56+00:00,1778081936235,2026-05-06T15:38:56+00:00,1778081936236,1970-01-01T00:00:00+00:00,1,0,1,4,0,183693382,0,4,0.1,0.0,82338.36,0.0,0.0,82338.36,0.0,BTCUSD,[sl 82338.36],
2026-05-06 15:39:17,183693742,2026-05-06T15:39:17+00:00,1778081957575,2026-05-06T15:39:17+00:00,1778081957576,1970-01-01T00:00:00+00:00,0,0,1,4,0,183693742,0,3,0.1,0.0,0.0,82317.02,83000.59,82333.52,0.0,BTCUSD,OV2|e72d7a|M5|B,
2026-05-06 15:40:13,183693912,2026-05-06T15:40:13+00:00,1778082013595,2026-05-06T15:40:13+00:00,1778082013595,1970-01-01T00:00:00+00:00,1,0,1,4,0,183693742,0,4,0.1,0.0,82317.02,0.0,0.0,82317.02,0.0,BTCUSD,[sl 82317.02],
2026-05-06 15:42:11,183694374,2026-05-06T15:42:11+00:00,1778082131709,2026-05-06T15:42:11+00:00,1778082131709,1970-01-01T00:00:00+00:00,0,0,1,4,0,183694374,0,3,0.1,0.0,0.0,82300.63,82960.48,82317.13,0.0,BTCUSD,OV2|29bad9|M5|B,
2026-05-06 15:44:03,183694755,2026-05-06T15:44:03+00:00,1778082243702,2026-05-06T15:44:03+00:00,1778082243703,1970-01-01T00:00:00+00:00,1,0,1,4,0,183694374,0,4,0.1,0.0,82300.63,0.0,0.0,82300.63,0.0,BTCUSD,[sl 82300.63],
2026-05-06 16:07:06,183705762,2026-05-06T16:07:06+00:00,1778083626364,2026-05-06T16:07:06+00:00,1778083626364,1970-01-01T00:00:00+00:00,1,0,1,4,0,183705762,0,3,0.05,0.0,0.0,4682.35,4648.78,4679.85,0.0,XAUUSD,OV2|ca7f80|M5|S,
2026-05-06 16:07:40,183706092,2026-05-06T16:07:40+00:00,1778083660273,2026-05-06T16:07:40+00:00,1778083660273,1970-01-01T00:00:00+00:00,0,0,1,4,0,183705762,0,4,0.05,0.0,4682.35,0.0,0.0,4682.35,0.0,XAUUSD,[sl 4682.35],
2026-05-06 16:08:44,183707688,2026-05-06T16:08:44+00:00,1778083724269,2026-05-06T16:08:44+00:00,1778083724269,1970-01-01T00:00:00+00:00,1,0,1,4,0,183707688,0,3,0.05,0.0,0.0,4673.07,4636.63,4670.57,0.0,XAUUSD,OV2|ee3176|M5|S,
2026-05-06 16:08:50,183707793,2026-05-06T16:08:50+00:00,1778083730256,2026-05-06T16:08:50+00:00,1778083730257,1970-01-01T00:00:00+00:00,0,0,1,4,0,183707688,0,4,0.05,0.0,4673.07,0.0,0.0,4673.07,0.0,XAUUSD,[sl 4673.07],
2026-05-06 16:11:35,183710012,2026-05-06T16:11:35+00:00,1778083895520,2026-05-06T16:11:35+00:00,1778083895520,1970-01-01T00:00:00+00:00,1,0,1,4,0,183710012,0,3,0.05,0.0,0.0,4682.07,4643.78,4679.58,0.0,XAUUSD,OV2|b08ae3|M5|S,
2026-05-06 16:14:23,183711151,2026-05-06T16:14:23+00:00,1778084063979,2026-05-06T16:14:23+00:00,1778084063979,1970-01-01T00:00:00+00:00,0,0,1,4,0,183710012,0,4,0.05,0.0,4682.07,0.0,0.0,4682.07,0.0,XAUUSD,[sl 4682.07],
2026-05-06 16:16:29,183713017,2026-05-06T16:16:29+00:00,1778084189054,2026-05-06T16:16:29+00:00,1778084189054,1970-01-01T00:00:00+00:00,1,0,1,4,0,183713017,0,3,0.05,0.0,0.0,4687.52,4647.9,4685.02,0.0,XAUUSD,OV2|a31a90|M5|S,
2026-05-06 16:19:20,183713857,2026-05-06T16:19:20+00:00,1778084360312,2026-05-06T16:19:20+00:00,1778084360312,1970-01-01T00:00:00+00:00,0,0,1,4,0,183713857,0,3,0.1,0.0,0.0,156.16,156.521,156.24,0.0,USDJPY,OV2|c071d5|M5|B,
2026-05-06 16:22:25,183715196,2026-05-06T16:22:25+00:00,1778084545454,2026-05-06T16:22:25+00:00,1778084545454,1970-01-01T00:00:00+00:00,1,0,1,4,0,183715196,0,3,0.1,0.0,0.0,1.17577,1.17305,1.17509,0.0,EURUSD,OV2|2f5433|M5|S,
2026-05-06 16:31:12,183719014,2026-05-06T16:31:12+00:00,1778085072231,2026-05-06T16:31:12+00:00,1778085072231,1970-01-01T00:00:00+00:00,0,0,1,4,0,183713017,0,4,0.05,0.0,4687.52,0.0,0.0,4687.52,0.0,XAUUSD,[sl 4687.52],
2026-05-06 16:31:48,183719678,2026-05-06T16:31:48+00:00,1778085108631,2026-05-06T16:31:48+00:00,1778085108631,1970-01-01T00:00:00+00:00,1,0,1,4,0,183719678,0,3,0.05,0.0,0.0,4689.84,4648.51,4687.34,0.0,XAUUSD,OV2|002890|M5|S,
2026-05-06 16:32:19,183720226,2026-05-06T16:32:19+00:00,1778085139342,2026-05-06T16:32:19+00:00,1778085139342,1970-01-01T00:00:00+00:00,0,0,1,4,0,183719678,0,4,0.05,0.0,4689.84,0.0,0.0,4689.84,0.0,XAUUSD,[sl 4689.84],
2026-05-06 16:33:21,183721805,2026-05-06T16:33:21+00:00,1778085201112,2026-05-06T16:33:21+00:00,1778085201112,1970-01-01T00:00:00+00:00,1,0,1,4,0,183721805,0,3,0.05,0.0,0.0,4691.76,4649.09,4689.26,0.0,XAUUSD,OV2|196a8b|M5|S,
2026-05-06 16:33:27,183721902,2026-05-06T16:33:27+00:00,1778085207466,2026-05-06T16:33:27+00:00,1778085207467,1970-01-01T00:00:00+00:00,0,0,1,4,0,183721805,0,4,0.05,0.0,4691.76,0.0,0.0,4691.76,0.0,XAUUSD,[sl 4691.76],
2026-05-06 16:34:37,183723950,2026-05-06T16:34:37+00:00,1778085277664,2026-05-06T16:34:37+00:00,1778085277664,1970-01-01T00:00:00+00:00,1,0,1,4,0,183713857,0,4,0.1,0.0,156.16,0.0,0.0,156.16,0.0,USDJPY,[sl 156.160],
2026-05-06 16:47:08,183731624,2026-05-06T16:47:08+00:00,1778086028389,2026-05-06T16:47:08+00:00,1778086028389,1970-01-01T00:00:00+00:00,1,0,1,4,0,183731624,0,3,0.1,0.0,0.0,81640.51,80521.82,81624.01,0.0,BTCUSD,OV2|189a65|M5|S,
2026-05-06 16:47:08,183731626,2026-05-06T16:47:08+00:00,1778086028619,2026-05-06T16:47:08+00:00,1778086028619,1970-01-01T00:00:00+00:00,0,0,1,4,0,183731624,0,4,0.1,0.0,81640.51,0.0,0.0,81640.51,0.0,BTCUSD,[sl 81640.51],
2026-05-06 16:47:13,183731669,2026-05-06T16:47:13+00:00,1778086033750,2026-05-06T16:47:13+00:00,1778086033750,1970-01-01T00:00:00+00:00,0,0,1,4,0,183731669,0,3,0.05,0.0,0.0,4691.49,4729.56,4693.89,0.0,XAUUSD,OV2|50089b|M5|B,
2026-05-06 16:48:42,183732541,2026-05-06T16:48:42+00:00,1778086122009,2026-05-06T16:48:42+00:00,1778086122010,1970-01-01T00:00:00+00:00,1,0,1,4,0,183732541,0,3,0.1,0.0,0.0,81713.79,80673.46,81695.29,0.0,BTCUSD,OV2|0770c5|M5|S,
2026-05-06 16:48:45,183732561,2026-05-06T16:48:45+00:00,1778086125270,2026-05-06T16:48:45+00:00,1778086125270,1970-01-01T00:00:00+00:00,0,0,1,4,0,183732541,0,4,0.1,0.0,81713.79,0.0,0.0,81713.79,0.0,BTCUSD,[sl 81713.79],
2026-05-06 16:50:35,183733873,2026-05-06T16:50:35+00:00,1778086235421,2026-05-06T16:50:35+00:00,1778086235421,1970-01-01T00:00:00+00:00,1,0,1,4,0,183733873,0,3,0.1,0.0,0.0,81689.54,80612.61,81673.04,0.0,BTCUSD,OV2|25cf70|M5|S,
2026-05-06 16:50:35,183733878,2026-05-06T16:50:35+00:00,1778086235844,2026-05-06T16:50:35+00:00,1778086235844,1970-01-01T00:00:00+00:00,0,0,1,4,0,183733873,0,4,0.1,0.0,81689.54,0.0,0.0,81689.54,0.0,BTCUSD,[sl 81689.54],
2026-05-06 16:51:58,183735110,2026-05-06T16:51:58+00:00,1778086318589,2026-05-06T16:51:58+00:00,1778086318589,1970-01-01T00:00:00+00:00,1,0,1,4,0,183735110,0,3,0.1,0.0,0.0,81661.84,80632.87,81645.34,0.0,BTCUSD,OV2|1e8ec6|M5|S,
2026-05-06 16:51:59,183735125,2026-05-06T16:51:59+00:00,1778086319042,2026-05-06T16:51:59+00:00,1778086319042,1970-01-01T00:00:00+00:00,0,0,1,4,0,183735110,0,4,0.1,0.0,81661.84,0.0,0.0,81661.84,0.0,BTCUSD,[sl 81661.84],
2026-05-06 16:53:31,183736050,2026-05-06T16:53:31+00:00,1778086411139,2026-05-06T16:53:31+00:00,1778086411139,1970-01-01T00:00:00+00:00,1,0,1,4,0,183736050,0,3,0.1,0.0,0.0,81642.4,80596.68,81624.08,0.0,BTCUSD,OV2|dec454|M5|S,
2026-05-06 16:53:46,183736295,2026-05-06T16:53:46+00:00,1778086426226,2026-05-06T16:53:46+00:00,1778086426226,1970-01-01T00:00:00+00:00,0,0,1,4,0,183736050,0,4,0.1,0.0,81642.4,0.0,0.0,81642.4,0.0,BTCUSD,[sl 81642.40],
2026-05-06 16:56:26,183739219,2026-05-06T16:56:26+00:00,1778086586989,2026-05-06T16:56:26+00:00,1778086586989,1970-01-01T00:00:00+00:00,1,0,1,4,0,183739219,0,3,0.1,0.0,0.0,81657.44,80577.83,81640.94,0.0,BTCUSD,OV2|3b52f8|M5|S,
2026-05-06 16:56:28,183739231,2026-05-06T16:56:28+00:00,1778086588941,2026-05-06T16:56:28+00:00,1778086588941,1970-01-01T00:00:00+00:00,0,0,1,4,0,183739219,0,4,0.1,0.0,81657.44,0.0,0.0,81657.44,0.0,BTCUSD,[sl 81657.44],
2026-05-06 16:58:04,183740102,2026-05-06T16:58:04+00:00,1778086684912,2026-05-06T16:58:04+00:00,1778086684912,1970-01-01T00:00:00+00:00,1,0,1,4,0,183740102,0,3,0.1,0.0,0.0,81728.65,80672.05,81712.15,0.0,BTCUSD,OV2|01e245|M5|S,
2026-05-06 17:02:48,183743205,2026-05-06T17:02:48+00:00,1778086968825,2026-05-06T17:02:48+00:00,1778086968825,1970-01-01T00:00:00+00:00,1,0,1,4,0,183743205,0,3,0.1,0.0,0.0,156.217,155.901,156.143,0.0,USDJPY,OV2|2abad5|M5|S,
2026-05-06 17:06:54,183745788,2026-05-06T17:06:54+00:00,1778087214693,2026-05-06T17:06:54+00:00,1778087214693,1970-01-01T00:00:00+00:00,0,0,1,4,0,183743205,0,4,0.1,0.0,156.217,0.0,0.0,156.217,0.0,USDJPY,[sl 156.217],
2026-05-06 17:19:50,183756189,2026-05-06T17:19:50+00:00,1778087990903,2026-05-06T17:19:50+00:00,1778087990903,1970-01-01T00:00:00+00:00,1,0,1,4,0,183756189,0,3,0.1,0.0,0.0,156.247,155.936,156.173,0.0,USDJPY,OV2|62f9d6|M5|S,
2026-05-06 17:27:40,183759761,2026-05-06T17:27:40+00:00,1778088460848,2026-05-06T17:27:40+00:00,1778088460849,1970-01-01T00:00:00+00:00,0,0,1,4,0,183740102,0,4,0.1,0.0,81728.65,0.0,0.0,81728.65,0.0,BTCUSD,[sl 81728.65],
2026-05-06 17:27:42,183759786,2026-05-06T17:27:42+00:00,1778088462469,2026-05-06T17:27:42+00:00,1778088462469,1970-01-01T00:00:00+00:00,1,0,1,4,0,183759786,0,3,0.1,0.0,0.0,81759.8,80633.2,81743.3,0.0,BTCUSD,OV2|f38fa9|H1|S,
2026-05-06 17:28:00,183759938,2026-05-06T17:28:00+00:00,1778088480505,2026-05-06T17:28:00+00:00,1778088480506,1970-01-01T00:00:00+00:00,0,0,1,4,0,183759786,0,4,0.1,0.0,81759.8,0.0,0.0,81759.8,0.0,BTCUSD,[sl 81759.80],
2026-05-06 17:29:07,183760859,2026-05-06T17:29:07+00:00,1778088547598,2026-05-06T17:29:07+00:00,1778088547598,1970-01-01T00:00:00+00:00,1,0,1,4,0,183760859,0,3,0.1,0.0,0.0,81717.99,80587.78,81701.49,0.0,BTCUSD,OV2|4fa4f7|M5|S,
2026-05-06 17:30:56,183762428,2026-05-06T17:30:56+00:00,1778088656961,2026-05-06T17:30:56+00:00,1778088656962,1970-01-01T00:00:00+00:00,0,0,1,4,0,183760859,0,4,0.1,0.0,81717.99,0.0,0.0,81717.99,0.0,BTCUSD,[sl 81717.99],
2026-05-06 17:32:12,183763116,2026-05-06T17:32:12+00:00,1778088732622,2026-05-06T17:32:12+00:00,1778088732622,1970-01-01T00:00:00+00:00,1,0,1,4,0,183763116,0,3,0.1,0.0,0.0,81720.41,80551.87,81700.05,0.0,BTCUSD,OV2|ef59cc|M5|S,
2026-05-06 17:32:20,183763183,2026-05-06T17:32:20+00:00,1778088740774,2026-05-06T17:32:20+00:00,1778088740775,1970-01-01T00:00:00+00:00,0,0,1,4,0,183763116,0,4,0.1,0.0,81720.41,0.0,0.0,81720.41,0.0,BTCUSD,[sl 81720.41],
2026-05-06 17:33:55,183763695,2026-05-06T17:33:55+00:00,1778088835378,2026-05-06T17:33:55+00:00,1778088835378,1970-01-01T00:00:00+00:00,1,0,1,4,0,183763695,0,3,0.1,0.0,0.0,81735.06,80614.54,81716.56,0.0,BTCUSD,OV2|3bfd9d|M5|S,
2026-05-06 17:34:02,183763744,2026-05-06T17:34:02+00:00,1778088842508,2026-05-06T17:34:02+00:00,1778088842508,1970-01-01T00:00:00+00:00,0,0,1,4,0,183763695,0,4,0.1,0.0,81735.06,0.0,0.0,81735.06,0.0,BTCUSD,[sl 81735.06],
2026-05-06 17:36:51,183764985,2026-05-06T17:36:51+00:00,1778089011442,2026-05-06T17:36:51+00:00,1778089011442,1970-01-01T00:00:00+00:00,1,0,1,4,0,183764985,0,3,0.1,0.0,0.0,81757.22,80666.42,81739.95,0.0,BTCUSD,OV2|591f60|M5|S,
2026-05-06 17:40:07,183766167,2026-05-06T17:40:07+00:00,1778089207197,2026-05-06T17:40:07+00:00,1778089207197,1970-01-01T00:00:00+00:00,0,0,1,4,0,183764985,0,4,0.1,0.0,81757.22,0.0,0.0,81757.22,0.0,BTCUSD,[sl 81757.22],
2026-05-06 17:40:43,183766417,2026-05-06T17:40:43+00:00,1778089243902,2026-05-06T17:40:43+00:00,1778089243902,1970-01-01T00:00:00+00:00,0,0,1,4,0,183715196,0,4,0.1,0.0,1.17577,0.0,0.0,1.17577,0.0,EURUSD,[sl 1.17577],
2026-05-06 17:41:24,183766721,2026-05-06T17:41:24+00:00,1778089284681,2026-05-06T17:41:24+00:00,1778089284681,1970-01-01T00:00:00+00:00,1,0,1,4,0,183766721,0,3,0.1,0.0,0.0,81758.08,80605.15,81739.58,0.0,BTCUSD,OV2|0aa62e|M5|S,
2026-05-06 17:41:40,183766788,2026-05-06T17:41:40+00:00,1778089300361,2026-05-06T17:41:40+00:00,1778089300361,1970-01-01T00:00:00+00:00,1,0,1,4,0,183766788,0,3,0.1,0.0,0.0,1.36212,1.35916,1.36137,0.0,GBPUSD,OV2|5f9b7a|M5|S,
2026-05-06 17:42:53,183767522,2026-05-06T17:42:53+00:00,1778089373311,2026-05-06T17:42:53+00:00,1778089373311,1970-01-01T00:00:00+00:00,0,0,1,4,0,183766721,0,4,0.1,0.0,81758.08,0.0,0.0,81758.08,0.0,BTCUSD,[sl 81758.08],
2026-05-06 17:42:58,183767657,2026-05-06T17:42:58+00:00,1778089378035,2026-05-06T17:42:58+00:00,1778089378035,1970-01-01T00:00:00+00:00,1,0,1,4,0,183767657,0,3,0.1,0.0,0.0,81770.96,80634.32,81752.46,0.0,BTCUSD,OV2|b887b6|M5|S,
2026-05-06 17:43:03,183767941,2026-05-06T17:43:03+00:00,1778089383350,2026-05-06T17:43:03+00:00,1778089383350,1970-01-01T00:00:00+00:00,0,0,1,4,0,183767657,0,4,0.1,0.0,81770.96,0.0,0.0,81770.96,0.0,BTCUSD,[sl 81770.96],
2026-05-06 17:44:46,183769151,2026-05-06T17:44:46+00:00,1778089486272,2026-05-06T17:44:46+00:00,1778089486272,1970-01-01T00:00:00+00:00,1,0,1,4,0,183769151,0,3,0.1,0.0,0.0,81862.7,80673.32,81846.2,0.0,BTCUSD,OV2|a327b9|M5|S,
2026-05-06 17:44:54,183769288,2026-05-06T17:44:54+00:00,1778089494925,2026-05-06T17:44:54+00:00,1778089494926,1970-01-01T00:00:00+00:00,0,0,1,4,0,183769151,0,4,0.1,0.0,81862.7,0.0,0.0,81862.7,0.0,BTCUSD,[sl 81862.70],
2026-05-06 17:45:59,183770301,2026-05-06T17:45:59+00:00,1778089559325,2026-05-06T17:45:59+00:00,1778089559325,1970-01-01T00:00:00+00:00,1,0,1,4,0,183770301,0,3,0.1,0.0,0.0,81947.72,80854.14,81931.22,0.0,BTCUSD,OV2|a83863|M5|S,
2026-05-06 17:46:00,183770333,2026-05-06T17:46:00+00:00,1778089560998,2026-05-06T17:46:00+00:00,1778089560999,1970-01-01T00:00:00+00:00,0,0,1,4,0,183770301,0,4,0.1,0.0,81947.72,0.0,0.0,81947.72,0.0,BTCUSD,[sl 81947.72],
2026-05-06 17:47:37,183770985,2026-05-06T17:47:37+00:00,1778089657397,2026-05-06T17:47:37+00:00,1778089657397,1970-01-01T00:00:00+00:00,1,0,1,4,0,183770985,0,3,0.1,0.0,0.0,81803.34,80664.84,81784.84,0.0,BTCUSD,OV2|a16cf0|M5|S,
2026-05-06 17:47:39,183770988,2026-05-06T17:47:39+00:00,1778089659487,2026-05-06T17:47:39+00:00,1778089659487,1970-01-01T00:00:00+00:00,0,0,1,4,0,183770985,0,4,0.1,0.0,81803.34,0.0,0.0,81803.34,0.0,BTCUSD,[sl 81803.34],
2026-05-06 17:49:10,183771503,2026-05-06T17:49:10+00:00,1778089750416,2026-05-06T17:49:10+00:00,1778089750416,1970-01-01T00:00:00+00:00,1,0,1,4,0,183771503,0,3,0.1,0.0,0.0,81727.44,80676.94,81709.69,0.0,BTCUSD,OV2|3b7be0|M5|S,
2026-05-06 17:49:20,183771687,2026-05-06T17:49:20+00:00,1778089760636,2026-05-06T17:49:20+00:00,1778089760636,1970-01-01T00:00:00+00:00,0,0,1,4,0,183771503,0,4,0.1,0.0,81727.44,0.0,0.0,81727.44,0.0,BTCUSD,[sl 81727.44],
2026-05-06 17:52:25,183773345,2026-05-06T17:52:25+00:00,1778089945782,2026-05-06T17:52:25+00:00,1778089945782,1970-01-01T00:00:00+00:00,1,0,1,4,0,183773345,0,3,0.1,0.0,0.0,81628.01,80581.85,81611.32,0.0,BTCUSD,OV2|9deeff|M5|S,
2026-05-06 17:52:29,183773378,2026-05-06T17:52:29+00:00,1778089949886,2026-05-06T17:52:29+00:00,1778089949886,1970-01-01T00:00:00+00:00,0,0,1,4,0,183773345,0,4,0.1,0.0,81628.01,0.0,0.0,81628.01,0.0,BTCUSD,[sl 81628.01],
2026-05-06 17:53:54,183773767,2026-05-06T17:53:54+00:00,1778090034214,2026-05-06T17:53:54+00:00,1778090034214,1970-01-01T00:00:00+00:00,1,0,1,4,0,183773767,0,3,0.1,0.0,0.0,81704.15,80655.99,81685.65,0.0,BTCUSD,OV2|c2a2ff|M5|S,
2026-05-06 17:55:03,183774209,2026-05-06T17:55:03+00:00,1778090103798,2026-05-06T17:55:03+00:00,1778090103798,1970-01-01T00:00:00+00:00,0,0,1,4,0,183773767,0,4,0.1,0.0,81704.15,0.0,0.0,81704.15,0.0,BTCUSD,[sl 81704.15],
2026-05-06 17:56:59,183775112,2026-05-06T17:56:59+00:00,1778090219621,2026-05-06T17:56:59+00:00,1778090219621,1970-01-01T00:00:00+00:00,1,0,1,4,0,183775112,0,3,0.1,0.0,0.0,81627.01,80623.45,81610.51,0.0,BTCUSD,OV2|f06dcc|M5|S,
2026-05-06 17:57:10,183775222,2026-05-06T17:57:10+00:00,1778090230797,2026-05-06T17:57:10+00:00,1778090230797,1970-01-01T00:00:00+00:00,0,0,1,4,0,183775112,0,4,0.1,0.0,81627.01,0.0,0.0,81627.01,0.0,BTCUSD,[sl 81627.01],
2026-05-06 17:58:04,183775449,2026-05-06T17:58:04+00:00,1778090284352,2026-05-06T17:58:04+00:00,1778090284352,1970-01-01T00:00:00+00:00,0,0,1,4,0,183756189,0,4,0.1,0.0,156.247,0.0,0.0,156.247,0.0,USDJPY,[sl 156.247],
2026-05-06 17:58:22,183775657,2026-05-06T17:58:22+00:00,1778090302478,2026-05-06T17:58:22+00:00,1778090302478,1970-01-01T00:00:00+00:00,0,0,1,4,0,183775657,0,3,0.1,0.0,0.0,156.181,156.474,156.251,0.0,USDJPY,OV2|9d510d|M5|B,
2026-05-06 17:58:28,183775678,2026-05-06T17:58:28+00:00,1778090308088,2026-05-06T17:58:28+00:00,1778090308089,1970-01-01T00:00:00+00:00,1,0,1,4,0,183775678,0,3,0.1,0.0,0.0,81536.39,80582.39,81519.89,0.0,BTCUSD,OV2|9ca157|M5|S,
2026-05-06 17:59:17,183775858,2026-05-06T17:59:17+00:00,1778090357062,2026-05-06T17:59:17+00:00,1778090357062,1970-01-01T00:00:00+00:00,0,0,1,4,0,183775678,0,4,0.1,0.0,81536.39,0.0,0.0,81536.39,0.0,BTCUSD,[sl 81536.39],
2026-05-06 17:59:55,183775980,2026-05-06T17:59:55+00:00,1778090395827,2026-05-06T17:59:55+00:00,1778090395828,1970-01-01T00:00:00+00:00,1,0,1,4,0,183775980,0,3,0.1,0.0,0.0,81539.59,80569.83,81523.09,0.0,BTCUSD,OV2|902d46|M5|S,
2026-05-06 18:00:12,183776386,2026-05-06T18:00:12+00:00,1778090412636,2026-05-06T18:00:12+00:00,1778090412636,1970-01-01T00:00:00+00:00,0,0,1,4,0,183775980,0,4,0.1,0.0,81539.59,0.0,0.0,81539.59,0.0,BTCUSD,[sl 81539.59],
2026-05-06 18:01:28,183776724,2026-05-06T18:01:28+00:00,1778090488233,2026-05-06T18:01:28+00:00,1778090488233,1970-01-01T00:00:00+00:00,1,0,1,4,0,183776724,0,3,0.1,0.0,0.0,81555.97,80596.19,81537.47,0.0,BTCUSD,OV2|fc834e|M5|S,
2026-05-06 18:02:05,183776860,2026-05-06T18:02:05+00:00,1778090525768,2026-05-06T18:02:05+00:00,1778090525768,1970-01-01T00:00:00+00:00,0,0,1,4,0,183776724,0,4,0.1,0.0,81555.97,0.0,0.0,81555.97,0.0,BTCUSD,[sl 81555.97],
2026-05-06 18:03:01,183777286,2026-05-06T18:03:01+00:00,1778090581741,2026-05-06T18:03:01+00:00,1778090581741,1970-01-01T00:00:00+00:00,1,0,1,4,0,183777286,0,3,0.1,0.0,0.0,81590.48,80680.6,81573.98,0.0,BTCUSD,OV2|ba0c82|M5|S,
2026-05-06 18:04:48,183777924,2026-05-06T18:04:48+00:00,1778090688542,2026-05-06T18:04:48+00:00,1778090688542,1970-01-01T00:00:00+00:00,0,0,1,4,0,183777286,0,4,0.1,0.0,81590.48,0.0,0.0,81590.48,0.0,BTCUSD,[sl 81590.48],
2026-05-06 18:07:49,183778742,2026-05-06T18:07:49+00:00,1778090869841,2026-05-06T18:07:49+00:00,1778090869841,1970-01-01T00:00:00+00:00,1,0,1,4,0,183778742,0,3,0.1,0.0,0.0,81577.62,80672.16,81561.12,0.0,BTCUSD,OV2|3cfbbb|M5|S,
2026-05-06 18:16:58,183783102,2026-05-06T18:16:58+00:00,1778091418630,2026-05-06T18:16:58+00:00,1778091418630,1970-01-01T00:00:00+00:00,0,0,1,4,0,183778742,0,4,0.1,0.0,81577.62,0.0,0.0,81577.62,0.0,BTCUSD,[sl 81577.62],
2026-05-06 18:17:11,183783356,2026-05-06T18:17:11+00:00,1778091431047,2026-05-06T18:17:11+00:00,1778091431047,1970-01-01T00:00:00+00:00,1,0,1,4,0,183783356,0,3,0.1,0.0,0.0,81614.46,80633.26,81597.96,0.0,BTCUSD,OV2|9d9718|M5|S,
2026-05-06 18:17:18,183783393,2026-05-06T18:17:18+00:00,1778091438241,2026-05-06T18:17:18+00:00,1778091438242,1970-01-01T00:00:00+00:00,0,0,1,4,0,183783356,0,4,0.1,0.0,81614.46,0.0,0.0,81614.46,0.0,BTCUSD,[sl 81614.46],
2026-05-06 18:18:39,183783954,2026-05-06T18:18:39+00:00,1778091519010,2026-05-06T18:18:39+00:00,1778091519010,1970-01-01T00:00:00+00:00,1,0,1,4,0,183783954,0,3,0.1,0.0,0.0,81694.0,80735.62,81677.5,0.0,BTCUSD,OV2|5440a5|M5|S,
2026-05-06 18:19:16,183784193,2026-05-06T18:19:16+00:00,1778091556630,2026-05-06T18:19:16+00:00,1778091556630,1970-01-01T00:00:00+00:00,0,0,1,4,0,183783954,0,4,0.1,0.0,81694.0,0.0,0.0,81694.0,0.0,BTCUSD,[sl 81694.00],
2026-05-06 18:21:48,183785198,2026-05-06T18:21:48+00:00,1778091708304,2026-05-06T18:21:48+00:00,1778091708305,1970-01-01T00:00:00+00:00,1,0,1,4,0,183785198,0,3,0.1,0.0,0.0,81803.15,80824.7,81784.65,0.0,BTCUSD,OV2|f4de99|M5|S,
2026-05-06 18:21:57,183785222,2026-05-06T18:21:57+00:00,1778091717332,2026-05-06T18:21:57+00:00,1778091717332,1970-01-01T00:00:00+00:00,0,0,1,4,0,183785198,0,4,0.1,0.0,81803.15,0.0,0.0,81803.15,0.0,BTCUSD,[sl 81803.15],
2026-05-06 18:23:06,183785502,2026-05-06T18:23:06+00:00,1778091786321,2026-05-06T18:23:06+00:00,1778091786321,1970-01-01T00:00:00+00:00,1,0,1,4,0,183785502,0,3,0.1,0.0,0.0,81752.0,80768.63,81735.5,0.0,BTCUSD,OV2|f91175|M5|S,
2026-05-06 18:23:08,183785513,2026-05-06T18:23:08+00:00,1778091788017,2026-05-06T18:23:08+00:00,1778091788017,1970-01-01T00:00:00+00:00,0,0,1,4,0,183785502,0,4,0.1,0.0,81752.0,0.0,0.0,81752.0,0.0,BTCUSD,[sl 81752.00],
2026-05-06 18:24:38,183785792,2026-05-06T18:24:38+00:00,1778091878697,2026-05-06T18:24:38+00:00,1778091878697,1970-01-01T00:00:00+00:00,1,0,1,4,0,183785792,0,3,0.1,0.0,0.0,81748.38,80850.2,81731.88,0.0,BTCUSD,OV2|8b7f6e|M5|S,
2026-05-06 18:24:40,183785796,2026-05-06T18:24:40+00:00,1778091880363,2026-05-06T18:24:40+00:00,1778091880363,1970-01-01T00:00:00+00:00,0,0,1,4,0,183785792,0,4,0.1,0.0,81748.38,0.0,0.0,81748.38,0.0,BTCUSD,[sl 81748.38],
2026-05-06 18:26:31,183786224,2026-05-06T18:26:31+00:00,1778091991650,2026-05-06T18:26:31+00:00,1778091991650,1970-01-01T00:00:00+00:00,1,0,1,4,0,183786224,0,3,0.1,0.0,0.0,81740.36,80833.89,81727.36,0.0,BTCUSD,OV2|18cd26|M5|S,
2026-05-06 18:33:26,183787604,2026-05-06T18:33:26+00:00,1778092406406,2026-05-06T18:33:26+00:00,1778092406407,1970-01-01T00:00:00+00:00,0,0,1,4,0,183786224,0,4,0.1,0.0,81740.36,0.0,0.0,81740.36,0.0,BTCUSD,[sl 81740.36],
2026-05-06 18:34:13,183787771,2026-05-06T18:34:13+00:00,1778092453000,2026-05-06T18:34:13+00:00,1778092453000,1970-01-01T00:00:00+00:00,1,0,1,4,0,183787771,0,3,0.1,0.0,0.0,81734.4,80929.15,81717.9,0.0,BTCUSD,OV2|c3dbbc|M5|S,
2026-05-06 18:40:14,183789817,2026-05-06T18:40:14+00:00,1778092814879,2026-05-06T18:40:14+00:00,1778092814879,1970-01-01T00:00:00+00:00,1,0,1,4,0,183731669,0,4,0.05,0.0,4691.49,0.0,0.0,4691.49,0.0,XAUUSD,[sl 4691.49],
2026-05-06 18:45:33,183792033,2026-05-06T18:45:33+00:00,1778093133520,2026-05-06T18:45:33+00:00,1778093133520,1970-01-01T00:00:00+00:00,0,0,1,4,0,183787771,0,4,0.1,0.0,81734.4,0.0,0.0,81734.4,0.0,BTCUSD,[sl 81734.40],
2026-05-06 18:46:12,183792303,2026-05-06T18:46:12+00:00,1778093172998,2026-05-06T18:46:12+00:00,1778093172998,1970-01-01T00:00:00+00:00,1,0,1,4,0,183792303,0,3,0.1,0.0,0.0,81731.31,80879.14,81706.12,0.0,BTCUSD,OV2|2cb782|M5|S,
2026-05-06 18:46:17,183792316,2026-05-06T18:46:17+00:00,1778093177168,2026-05-06T18:46:17+00:00,1778093177168,1970-01-01T00:00:00+00:00,0,0,1,4,0,183792303,0,4,0.1,0.0,81731.31,0.0,0.0,81731.31,0.0,BTCUSD,[sl 81731.31],
2026-05-06 18:48:05,183792765,2026-05-06T18:48:05+00:00,1778093285479,2026-05-06T18:48:05+00:00,1778093285480,1970-01-01T00:00:00+00:00,1,0,1,4,0,183792765,0,3,0.1,0.0,0.0,81727.42,80900.75,81710.92,0.0,BTCUSD,OV2|06cf45|M5|S,
2026-05-06 18:48:22,183792803,2026-05-06T18:48:22+00:00,1778093302995,2026-05-06T18:48:22+00:00,1778093302995,1970-01-01T00:00:00+00:00,0,0,1,4,0,183792765,0,4,0.1,0.0,81727.42,0.0,0.0,81727.42,0.0,BTCUSD,[sl 81727.42],
2026-05-06 18:49:22,183792958,2026-05-06T18:49:22+00:00,1778093362676,2026-05-06T18:49:22+00:00,1778093362676,1970-01-01T00:00:00+00:00,1,0,1,4,0,183792958,0,3,0.1,0.0,0.0,81721.66,80882.02,81705.16,0.0,BTCUSD,OV2|4122f4|M5|S,
2026-05-06 18:52:33,183793625,2026-05-06T18:52:33+00:00,1778093553034,2026-05-06T18:52:33+00:00,1778093553034,1970-01-01T00:00:00+00:00,0,0,1,4,0,183792958,0,4,0.1,0.0,81721.66,0.0,0.0,81721.66,0.0,BTCUSD,[sl 81721.66],
2026-05-06 18:52:37,183793656,2026-05-06T18:52:37+00:00,1778093557989,2026-05-06T18:52:37+00:00,1778093557989,1970-01-01T00:00:00+00:00,1,0,1,4,0,183793656,0,3,0.1,0.0,0.0,81740.28,80866.02,81719.74,0.0,BTCUSD,OV2|c8c87d|M5|S,
2026-05-06 18:54:09,183794104,2026-05-06T18:54:09+00:00,1778093649303,2026-05-06T18:54:09+00:00,1778093649303,1970-01-01T00:00:00+00:00,0,0,1,4,0,183793656,0,4,0.1,0.0,81740.28,0.0,0.0,81740.28,0.0,BTCUSD,[sl 81740.28],
2026-05-06 18:54:11,183794110,2026-05-06T18:54:11+00:00,1778093651208,2026-05-06T18:54:11+00:00,1778093651209,1970-01-01T00:00:00+00:00,1,0,1,4,0,183794110,0,3,0.1,0.0,0.0,81755.26,80965.74,81738.76,0.0,BTCUSD,OV2|99375b|M5|S,
2026-05-06 18:54:11,183794111,2026-05-06T18:54:11+00:00,1778093651779,2026-05-06T18:54:11+00:00,1778093651779,1970-01-01T00:00:00+00:00,0,0,1,4,0,183794110,0,4,0.1,0.0,81755.26,0.0,0.0,81755.26,0.0,BTCUSD,[sl 81755.26],
2026-05-06 18:57:06,183794590,2026-05-06T18:57:06+00:00,1778093826576,2026-05-06T18:57:06+00:00,1778093826576,1970-01-01T00:00:00+00:00,1,0,1,4,0,183794590,0,3,0.1,0.0,0.0,81722.65,81035.73,81704.15,0.0,BTCUSD,OV2|51321f|M5|S,
2026-05-06 19:01:57,183797171,2026-05-06T19:01:57+00:00,1778094117133,2026-05-06T19:01:57+00:00,1778094117133,1970-01-01T00:00:00+00:00,1,0,1,4,0,183797171,0,3,0.05,0.0,0.0,4687.23,4666.52,4684.53,0.0,XAUUSD,OV2|7c2d70|M5|S,
2026-05-06 19:02:43,183797578,2026-05-06T19:02:43+00:00,1778094163725,2026-05-06T19:02:43+00:00,1778094163725,1970-01-01T00:00:00+00:00,1,0,1,4,0,183775657,0,5,0.1,0.0,156.474,0.0,0.0,156.474,0.0,USDJPY,[tp 156.474],
2026-05-06 19:03:00,183797676,2026-05-06T19:03:00+00:00,1778094180347,2026-05-06T19:03:00+00:00,1778094180347,1970-01-01T00:00:00+00:00,0,0,1,4,0,183797171,0,4,0.05,0.0,4687.23,0.0,0.0,4687.23,0.0,XAUUSD,[sl 4687.23],
2026-05-06 19:03:25,183797805,2026-05-06T19:03:25+00:00,1778094205006,2026-05-06T19:03:25+00:00,1778094205006,1970-01-01T00:00:00+00:00,0,0,1,4,0,183797805,0,3,0.1,0.0,0.0,156.413,156.701,156.485,0.0,USDJPY,OV2|5ce9b0|M5|B,
2026-05-06 19:03:30,183797835,2026-05-06T19:03:30+00:00,1778094210500,2026-05-06T19:03:30+00:00,1778094210500,1970-01-01T00:00:00+00:00,1,0,1,4,0,183797835,0,3,0.05,0.0,0.0,4688.3,4668.58,4685.73,0.0,XAUUSD,OV2|a7989d|M5|S,
2026-05-06 19:05:08,183798286,2026-05-06T19:05:08+00:00,1778094308990,2026-05-06T19:05:08+00:00,1778094308990,1970-01-01T00:00:00+00:00,0,0,1,4,0,183794590,0,4,0.1,0.0,81722.65,0.0,0.0,81722.65,0.0,BTCUSD,[sl 81722.65],
2026-05-06 19:05:32,183798426,2026-05-06T19:05:32+00:00,1778094332078,2026-05-06T19:05:32+00:00,1778094332079,1970-01-01T00:00:00+00:00,0,0,1,4,0,183797835,0,4,0.05,0.0,4688.3,0.0,0.0,4688.3,0.0,XAUUSD,[sl 4688.30],
2026-05-06 19:06:30,183799308,2026-05-06T19:06:30+00:00,1778094390140,2026-05-06T19:06:30+00:00,1778094390140,1970-01-01T00:00:00+00:00,1,0,1,4,0,183799308,0,3,0.1,0.0,0.0,81716.6,80975.5,81700.1,0.0,BTCUSD,OV2|8773cb|M5|S,
2026-05-06 19:06:35,183799333,2026-05-06T19:06:35+00:00,1778094395831,2026-05-06T19:06:35+00:00,1778094395832,1970-01-01T00:00:00+00:00,0,0,1,4,0,183799308,0,4,0.1,0.0,81716.6,0.0,0.0,81716.6,0.0,BTCUSD,[sl 81716.60],
2026-05-06 19:06:52,183799635,2026-05-06T19:06:52+00:00,1778094412160,2026-05-06T19:06:52+00:00,1778094412160,1970-01-01T00:00:00+00:00,0,0,1,4,0,183766788,0,5,0.1,0.0,1.35916,0.0,0.0,1.35916,0.0,GBPUSD,[tp 1.35916],
2026-05-06 19:07:46,183800569,2026-05-06T19:07:46+00:00,1778094466717,2026-05-06T19:07:46+00:00,1778094466717,1970-01-01T00:00:00+00:00,1,0,1,4,0,183800569,0,3,0.1,0.0,0.0,1.35982,1.35694,1.3591,0.0,GBPUSD,OV2|f662f7|M5|S,
2026-05-06 19:08:01,183800654,2026-05-06T19:08:01+00:00,1778094481897,2026-05-06T19:08:01+00:00,1778094481898,1970-01-01T00:00:00+00:00,1,0,1,4,0,183800654,0,3,0.05,0.0,0.0,4686.55,4665.1,4684.05,0.0,XAUUSD,OV2|cc8ae0|M5|S,
2026-05-06 19:11:45,183802127,2026-05-06T19:11:45+00:00,1778094705553,2026-05-06T19:11:45+00:00,1778094705554,1970-01-01T00:00:00+00:00,1,0,1,4,0,183797805,0,4,0.1,0.0,156.413,0.0,0.0,156.413,0.0,USDJPY,[sl 156.413],
2026-05-06 19:12:33,183802315,2026-05-06T19:12:33+00:00,1778094753728,2026-05-06T19:12:33+00:00,1778094753728,1970-01-01T00:00:00+00:00,0,0,1,4,0,183802315,0,3,0.1,0.0,0.0,156.35,156.646,156.424,0.0,USDJPY,OV2|99ae68|M5|B,
2026-05-06 19:21:58,183806471,2026-05-06T19:21:58+00:00,1778095318327,2026-05-06T19:21:58+00:00,1778095318327,1970-01-01T00:00:00+00:00,1,0,1,4,0,183806471,0,3,0.1,0.0,0.0,81554.68,80749.93,81536.18,0.0,BTCUSD,OV2|dab7a1|M5|S,
2026-05-06 19:22:35,183806568,2026-05-06T19:22:35+00:00,1778095355042,2026-05-06T19:22:35+00:00,1778095355042,1970-01-01T00:00:00+00:00,0,0,1,4,0,183806471,0,4,0.1,0.0,81554.68,0.0,0.0,81554.68,0.0,BTCUSD,[sl 81554.68],
2026-05-06 19:23:10,183806666,2026-05-06T19:23:10+00:00,1778095390772,2026-05-06T19:23:10+00:00,1778095390772,1970-01-01T00:00:00+00:00,1,0,1,4,0,183806666,0,3,0.1,0.0,0.0,81542.13,80735.56,81523.63,0.0,BTCUSD,OV2|add629|M5|S,
2026-05-06 19:23:20,183806702,2026-05-06T19:23:20+00:00,1778095400822,2026-05-06T19:23:20+00:00,1778095400823,1970-01-01T00:00:00+00:00,0,0,1,4,0,183806666,0,4,0.1,0.0,81542.13,0.0,0.0,81542.13,0.0,BTCUSD,[sl 81542.13],
2026-05-06 19:26:01,183807218,2026-05-06T19:26:01+00:00,1778095561230,2026-05-06T19:26:01+00:00,1778095561231,1970-01-01T00:00:00+00:00,0,0,1,4,0,183800654,0,4,0.05,0.0,4686.55,0.0,0.0,4686.55,0.0,XAUUSD,[sl 4686.55],
2026-05-06 19:26:31,183807323,2026-05-06T19:26:31+00:00,1778095591265,2026-05-06T19:26:31+00:00,1778095591265,1970-01-01T00:00:00+00:00,1,0,1,4,0,183807323,0,3,0.1,0.0,0.0,81600.89,80853.85,81584.39,0.0,BTCUSD,OV2|077629|M5|S,
2026-05-06 19:28:02,183807947,2026-05-06T19:28:02+00:00,1778095682688,2026-05-06T19:28:02+00:00,1778095682688,1970-01-01T00:00:00+00:00,1,0,1,4,0,183807947,0,3,0.05,0.0,0.0,4689.61,4670.41,4687.11,0.0,XAUUSD,OV2|80e00c|M5|S,
2026-05-06 19:30:30,183808548,2026-05-06T19:30:30+00:00,1778095830419,2026-05-06T19:30:30+00:00,1778095830419,1970-01-01T00:00:00+00:00,0,0,1,4,0,183807947,0,4,0.05,0.0,4689.61,0.0,0.0,4689.61,0.0,XAUUSD,[sl 4689.61],
2026-05-06 19:32:34,183809243,2026-05-06T19:32:34+00:00,1778095954103,2026-05-06T19:32:34+00:00,1778095954103,1970-01-01T00:00:00+00:00,1,0,1,4,0,183809243,0,3,0.05,0.0,0.0,4691.96,4673.01,4689.46,0.0,XAUUSD,OV2|64b250|M5|S,
2026-05-06 19:39:31,183810778,2026-05-06T19:39:31+00:00,1778096371064,2026-05-06T19:39:31+00:00,1778096371064,1970-01-01T00:00:00+00:00,0,0,1,4,0,183807323,0,4,0.1,0.0,81600.89,0.0,0.0,81600.89,0.0,BTCUSD,[sl 81600.89],
2026-05-06 19:41:28,183811498,2026-05-06T19:41:28+00:00,1778096488352,2026-05-06T19:41:28+00:00,1778096488352,1970-01-01T00:00:00+00:00,0,0,1,4,0,183809243,0,4,0.05,0.0,4691.96,0.0,0.0,4691.96,0.0,XAUUSD,[sl 4691.96],
2026-05-06 19:41:53,183811745,2026-05-06T19:41:53+00:00,1778096513936,2026-05-06T19:41:53+00:00,1778096513936,1970-01-01T00:00:00+00:00,1,0,1,4,0,183811745,0,3,0.05,0.0,0.0,4693.89,4675.26,4691.39,0.0,XAUUSD,OV2|fffb96|M5|S,
2026-05-06 19:41:59,183811799,2026-05-06T19:41:59+00:00,1778096519266,2026-05-06T19:41:59+00:00,1778096519266,1970-01-01T00:00:00+00:00,1,0,1,4,0,183811799,0,3,0.1,0.0,0.0,81696.15,80914.21,81679.65,0.0,BTCUSD,OV2|f5d96a|M5|S,
2026-05-06 19:43:31,183812369,2026-05-06T19:43:31+00:00,1778096611448,2026-05-06T19:43:31+00:00,1778096611448,1970-01-01T00:00:00+00:00,0,0,1,4,0,183811799,0,4,0.1,0.0,81696.15,0.0,0.0,81696.15,0.0,BTCUSD,[sl 81696.15],
2026-05-06 19:44:54,183812622,2026-05-06T19:44:54+00:00,1778096694468,2026-05-06T19:44:54+00:00,1778096694468,1970-01-01T00:00:00+00:00,1,0,1,4,0,183812622,0,3,0.1,0.0,0.0,81693.63,80927.11,81675.13,0.0,BTCUSD,OV2|209ccb|M5|S,
2026-05-06 19:50:08,183813517,2026-05-06T19:50:08+00:00,1778097008056,2026-05-06T19:50:08+00:00,1778097008057,1970-01-01T00:00:00+00:00,0,0,1,4,0,183812622,0,4,0.1,0.0,81693.63,0.0,0.0,81693.63,0.0,BTCUSD,[sl 81693.63],
2026-05-06 19:55:55,183814970,2026-05-06T19:55:55+00:00,1778097355959,2026-05-06T19:55:55+00:00,1778097355960,1970-01-01T00:00:00+00:00,1,0,1,4,0,183814970,0,3,0.1,0.0,0.0,81689.54,81018.04,81673.04,0.0,BTCUSD,OV2|b0cab8|H1|S,
2026-05-06 19:56:06,183814991,2026-05-06T19:56:06+00:00,1778097366590,2026-05-06T19:56:06+00:00,1778097366590,1970-01-01T00:00:00+00:00,0,0,1,4,0,183814970,0,4,0.1,0.0,81689.54,0.0,0.0,81689.54,0.0,BTCUSD,[sl 81689.54],
2026-05-06 19:57:16,183815161,2026-05-06T19:57:16+00:00,1778097436273,2026-05-06T19:57:16+00:00,1778097436273,1970-01-01T00:00:00+00:00,1,0,1,4,0,183815161,0,3,0.1,0.0,0.0,81695.03,81053.6,81678.53,0.0,BTCUSD,OV2|efe31b|M5|S,
2026-05-06 19:57:23,183815176,2026-05-06T19:57:23+00:00,1778097443304,2026-05-06T19:57:23+00:00,1778097443304,1970-01-01T00:00:00+00:00,0,0,1,4,0,183815161,0,4,0.1,0.0,81695.03,0.0,0.0,81695.03,0.0,BTCUSD,[sl 81695.03],
2026-05-06 19:58:53,183816547,2026-05-06T19:58:53+00:00,1778097533342,2026-05-06T19:58:53+00:00,1778097533342,1970-01-01T00:00:00+00:00,1,0,1,4,0,183816547,0,3,0.1,0.0,0.0,81626.4,80925.75,81609.9,0.0,BTCUSD,OV2|b58ffb|M5|S,
2026-05-06 19:58:54,183816561,2026-05-06T19:58:54+00:00,1778097534855,2026-05-06T19:58:54+00:00,1778097534855,1970-01-01T00:00:00+00:00,0,0,1,4,0,183816547,0,4,0.1,0.0,81626.4,0.0,0.0,81626.4,0.0,BTCUSD,[sl 81626.40],
2026-05-06 20:02:04,183817886,2026-05-06T20:02:04+00:00,1778097724095,2026-05-06T20:02:04+00:00,1778097724095,1970-01-01T00:00:00+00:00,1,0,1,4,0,183817886,0,3,0.1,0.0,0.0,81553.55,80864.79,81535.05,0.0,BTCUSD,OV2|e2597a|M5|S,
2026-05-06 20:02:11,183817911,2026-05-06T20:02:11+00:00,1778097731010,2026-05-06T20:02:11+00:00,1778097731010,1970-01-01T00:00:00+00:00,0,0,1,4,0,183817886,0,4,0.1,0.0,81553.55,0.0,0.0,81553.55,0.0,BTCUSD,[sl 81553.55],
2026-05-06 20:03:22,183818558,2026-05-06T20:03:22+00:00,1778097802375,2026-05-06T20:03:22+00:00,1778097802375,1970-01-01T00:00:00+00:00,1,0,1,4,0,183818558,0,3,0.1,0.0,0.0,81589.38,80951.3,81570.88,0.0,BTCUSD,OV2|d4644b|M5|S,
2026-05-06 20:03:33,183818594,2026-05-06T20:03:33+00:00,1778097813290,2026-05-06T20:03:33+00:00,1778097813290,1970-01-01T00:00:00+00:00,0,0,1,4,0,183818558,0,4,0.1,0.0,81589.38,0.0,0.0,81589.38,0.0,BTCUSD,[sl 81589.38],
2026-05-06 20:04:59,183818876,2026-05-06T20:04:59+00:00,1778097899227,2026-05-06T20:04:59+00:00,1778097899227,1970-01-01T00:00:00+00:00,1,0,1,4,0,183818876,0,3,0.1,0.0,0.0,81634.45,80975.07,81617.95,0.0,BTCUSD,OV2|486426|M5|S,
2026-05-06 20:05:02,183818892,2026-05-06T20:05:02+00:00,1778097902515,2026-05-06T20:05:02+00:00,1778097902515,1970-01-01T00:00:00+00:00,0,0,1,4,0,183818876,0,4,0.1,0.0,81634.45,0.0,0.0,81634.45,0.0,BTCUSD,[sl 81634.45],
2026-05-06 20:06:31,183819343,2026-05-06T20:06:31+00:00,1778097991721,2026-05-06T20:06:31+00:00,1778097991721,1970-01-01T00:00:00+00:00,1,0,1,4,0,183819343,0,3,0.1,0.0,0.0,81605.95,80963.31,81586.02,0.0,BTCUSD,OV2|a15cec|M5|S,
2026-05-06 20:07:03,183819409,2026-05-06T20:07:03+00:00,1778098023792,2026-05-06T20:07:03+00:00,1778098023792,1970-01-01T00:00:00+00:00,0,0,1,4,0,183819343,0,4,0.1,0.0,81605.95,0.0,0.0,81605.95,0.0,BTCUSD,[sl 81605.95],
2026-05-06 20:08:04,183819670,2026-05-06T20:08:04+00:00,1778098084031,2026-05-06T20:08:04+00:00,1778098084031,1970-01-01T00:00:00+00:00,1,0,1,4,0,183819670,0,3,0.1,0.0,0.0,81640.23,80984.31,81623.73,0.0,BTCUSD,OV2|4c090a|M5|S,
2026-05-06 20:08:15,183819693,2026-05-06T20:08:15+00:00,1778098095641,2026-05-06T20:08:15+00:00,1778098095642,1970-01-01T00:00:00+00:00,0,0,1,4,0,183819670,0,4,0.1,0.0,81640.23,0.0,0.0,81640.23,0.0,BTCUSD,[sl 81640.23],
2026-05-06 20:09:51,183820027,2026-05-06T20:09:51+00:00,1778098191784,2026-05-06T20:09:51+00:00,1778098191784,1970-01-01T00:00:00+00:00,1,0,1,4,0,183820027,0,3,0.1,0.0,0.0,81674.16,81019.92,81657.66,0.0,BTCUSD,OV2|22f918|M5|S,
2026-05-06 20:11:01,183820203,2026-05-06T20:11:01+00:00,1778098261265,2026-05-06T20:11:01+00:00,1778098261266,1970-01-01T00:00:00+00:00,0,0,1,4,0,183820027,0,4,0.1,0.0,81674.16,0.0,0.0,81674.16,0.0,BTCUSD,[sl 81674.16],
2026-05-06 20:22:05,183822055,2026-05-06T20:22:05+00:00,1778098925509,2026-05-06T20:22:05+00:00,1778098925509,1970-01-01T00:00:00+00:00,1,0,1,4,0,183822055,0,3,0.1,0.0,0.0,81534.26,80842.12,81520.59,0.0,BTCUSD,OV2|1747e3|M5|S,
2026-05-06 20:23:19,183822192,2026-05-06T20:23:19+00:00,1778098999116,2026-05-06T20:23:19+00:00,1778098999116,1970-01-01T00:00:00+00:00,0,0,1,4,0,183822055,0,4,0.1,0.0,81534.26,0.0,0.0,81534.26,0.0,BTCUSD,[sl 81534.26],
2026-05-06 20:23:25,183822224,2026-05-06T20:23:25+00:00,1778099005775,2026-05-06T20:23:25+00:00,1778099005775,1970-01-01T00:00:00+00:00,0,0,1,4,0,183800569,0,4,0.1,0.0,1.35982,0.0,0.0,1.35982,0.0,GBPUSD,[sl 1.35982],
2026-05-06 20:23:27,183822244,2026-05-06T20:23:27+00:00,1778099007719,2026-05-06T20:23:27+00:00,1778099007719,1970-01-01T00:00:00+00:00,1,0,1,4,0,183822244,0,3,0.1,0.0,0.0,1.36049,1.3575300000000001,1.35975,0.0,GBPUSD,OV2|1df294|M5|S,
2026-05-06 20:23:32,183822273,2026-05-06T20:23:32+00:00,1778099012861,2026-05-06T20:23:32+00:00,1778099012862,1970-01-01T00:00:00+00:00,1,0,1,4,0,183822273,0,3,0.1,0.0,0.0,81549.89,80851.27,81533.39,0.0,BTCUSD,OV2|6a0ea0|M5|S,
2026-05-06 22:08:30,183844442,2026-05-06T22:08:30+00:00,1778105310626,2026-05-06T22:08:30+00:00,1778105310627,1970-01-01T00:00:00+00:00,0,0,1,4,0,183811745,0,4,0.05,0.0,4693.89,0.0,0.0,4693.89,0.0,XAUUSD,[sl 4693.89],
2026-05-06 22:24:54,183848848,2026-05-06T22:24:54+00:00,1778106294238,2026-05-06T22:24:54+00:00,1778106294238,1970-01-01T00:00:00+00:00,1,0,1,4,0,183802315,0,4,0.1,0.0,156.35,0.0,0.0,156.35,0.0,USDJPY,[sl 156.350],
2026-05-06 23:01:47,183853652,2026-05-06T23:01:47+00:00,1778108507473,2026-05-06T23:01:47+00:00,1778108507473,1970-01-01T00:00:00+00:00,0,0,1,4,0,183853652,0,3,0.05,0.0,0.0,4691.83,4706.03,4694.33,0.0,XAUUSD,OV2|1c6eb0|M5|B,
2026-05-06 23:02:12,183853688,2026-05-06T23:02:12+00:00,1778108532785,2026-05-06T23:02:12+00:00,1778108532785,1970-01-01T00:00:00+00:00,0,0,1,4,0,183822273,0,4,0.1,0.0,81549.89,0.0,0.0,81549.89,0.0,BTCUSD,[sl 81549.89],
2026-05-06 23:31:27,183856933,2026-05-06T23:31:27+00:00,1778110287896,2026-05-06T23:31:27+00:00,1778110287897,1970-01-01T00:00:00+00:00,1,0,1,4,0,183853652,0,4,0.05,0.0,4691.83,0.0,0.0,4691.83,0.0,XAUUSD,[sl 4691.83],
2026-05-07 04:29:58,183934309,2026-05-07T04:29:58+00:00,1778128198635,2026-05-07T04:29:58+00:00,1778128198636,1970-01-01T00:00:00+00:00,0,0,1,4,0,183822244,0,4,0.1,0.0,1.36049,0.0,0.0,1.36049,0.0,GBPUSD,[sl 1.36049],
2026-05-10 20:57:29,184836931,2026-05-10T20:57:29+00:00,1778446649392,2026-05-10T20:57:29+00:00,1778446649392,1970-01-01T00:00:00+00:00,0,0,1,4,0,184836931,0,3,0.1,0.0,0.0,1.49424,1.55354,1.50455,0.0,XRPUSD,OV2|1d87e1|H1|B,
2026-05-10 20:57:35,184836933,2026-05-10T20:57:35+00:00,1778446655548,2026-05-10T20:57:35+00:00,1778446655548,1970-01-01T00:00:00+00:00,0,0,1,4,0,184836933,0,3,0.1,0.0,0.0,81427.43,81881.28,81457.93,0.0,BTCUSD,OV2|246182|H1|B,
2026-05-10 20:57:36,184836937,2026-05-10T20:57:36+00:00,1778446656853,2026-05-10T20:57:36+00:00,1778446656854,1970-01-01T00:00:00+00:00,1,0,1,4,0,184836933,0,4,0.1,0.0,81427.43,0.0,0.0,81427.43,0.0,BTCUSD,[sl 81427.43],
2026-05-10 20:57:38,184836940,2026-05-10T20:57:38+00:00,1778446658848,2026-05-10T20:57:38+00:00,1778446658848,1970-01-01T00:00:00+00:00,0,0,1,4,0,184836940,0,3,0.1,0.0,0.0,2361.553,2386.679,2363.053,0.0,ETHUSD,OV2|1fcb05|H1|B,
2026-05-10 20:58:35,184837003,2026-05-10T20:58:35+00:00,1778446715325,2026-05-10T20:58:35+00:00,1778446715325,1970-01-01T00:00:00+00:00,1,0,1,4,0,184836940,0,4,0.1,0.0,2361.553,0.0,0.0,2361.553,0.0,ETHUSD,[sl 2361.553],
2026-05-10 20:58:39,184837005,2026-05-10T20:58:39+00:00,1778446719271,2026-05-10T20:58:39+00:00,1778446719271,1970-01-01T00:00:00+00:00,0,0,1,4,0,184837005,0,3,0.1,0.0,0.0,2361.49,2387.222,2362.99,0.0,ETHUSD,OV2|c5e129|H1|B,
2026-05-10 21:19:07,184837811,2026-05-10T21:19:07+00:00,1778447947504,2026-05-10T21:19:07+00:00,1778447947504,1970-01-01T00:00:00+00:00,1,0,1,4,0,184837005,0,4,0.1,0.0,2361.49,0.0,0.0,2361.49,0.0,ETHUSD,[sl 2361.490],
2026-05-10 21:19:10,184837832,2026-05-10T21:19:10+00:00,1778447950238,2026-05-10T21:19:10+00:00,1778447950238,1970-01-01T00:00:00+00:00,0,0,1,4,0,184837832,0,3,0.1,0.0,0.0,2360.266,2381.198,2361.766,0.0,ETHUSD,OV2|8eb81a|M15|B,
2026-05-10 21:32:30,184838201,2026-05-10T21:32:30+00:00,1778448750161,2026-05-10T21:32:30+00:00,1778448750161,1970-01-01T00:00:00+00:00,1,0,1,4,0,184837832,0,4,0.1,0.0,2360.266,0.0,0.0,2360.266,0.0,ETHUSD,[sl 2360.266],
2026-05-10 21:32:32,184838206,2026-05-10T21:32:32+00:00,1778448752589,2026-05-10T21:32:32+00:00,1778448752589,1970-01-01T00:00:00+00:00,0,0,1,4,0,184838206,0,3,0.1,0.0,0.0,2359.547,2379.727,2360.927,0.0,ETHUSD,OV2|423322|H1|B,
2026-05-10 21:33:07,184838277,2026-05-10T21:33:07+00:00,1778448787151,2026-05-10T21:33:07+00:00,1778448787151,1970-01-01T00:00:00+00:00,1,0,1,4,0,184838206,0,4,0.1,0.0,2359.547,0.0,0.0,2359.547,0.0,ETHUSD,[sl 2359.547],
2026-05-10 21:33:08,184838285,2026-05-10T21:33:08+00:00,1778448788530,2026-05-10T21:33:08+00:00,1778448788530,1970-01-01T00:00:00+00:00,0,0,1,4,0,184838285,0,3,0.1,0.0,0.0,2358.418,2375.397,2359.958,0.0,ETHUSD,OV2|cfd3e7|H1|B,
2026-05-10 21:36:41,184838346,2026-05-10T21:36:41+00:00,1778449001290,2026-05-10T21:36:41+00:00,1778449001290,1970-01-01T00:00:00+00:00,1,0,1,4,0,184838285,0,4,0.1,0.0,2358.418,0.0,0.0,2358.418,0.0,ETHUSD,[sl 2358.418],
2026-05-10 21:36:50,184838355,2026-05-10T21:36:50+00:00,1778449010314,2026-05-10T21:36:50+00:00,1778449010314,1970-01-01T00:00:00+00:00,1,0,1,4,0,184836931,0,4,0.1,0.0,1.49424,0.0,0.0,1.49424,0.0,XRPUSD,[sl 1.49424],
2026-05-10 21:36:54,184838365,2026-05-10T21:36:54+00:00,1778449014978,2026-05-10T21:36:54+00:00,1778449014979,1970-01-01T00:00:00+00:00,0,0,1,4,0,184838365,0,3,0.1,0.0,0.0,2357.147,2373.372,2358.647,0.0,ETHUSD,OV2|8e68c7|H1|B,
2026-05-10 21:37:03,184838371,2026-05-10T21:37:03+00:00,1778449023457,2026-05-10T21:37:03+00:00,1778449023457,1970-01-01T00:00:00+00:00,0,0,1,4,0,184838371,0,3,0.1,0.0,0.0,1.4892400000000001,1.5287,1.4961,0.0,XRPUSD,OV2|078dad|H1|B,
2026-05-10 21:41:01,184838466,2026-05-10T21:41:01+00:00,1778449261110,2026-05-10T21:41:01+00:00,1778449261110,1970-01-01T00:00:00+00:00,1,0,1,4,0,184838365,0,4,0.1,0.0,2357.147,0.0,0.0,2357.147,0.0,ETHUSD,[sl 2357.147],
2026-05-10 21:41:11,184838475,2026-05-10T21:41:11+00:00,1778449271947,2026-05-10T21:41:11+00:00,1778449271947,1970-01-01T00:00:00+00:00,0,0,1,4,0,184838475,0,3,0.1,0.0,0.0,81273.46,81629.01,81297.96,0.0,BTCUSD,OV2|a11745|H1|B,
2026-05-10 21:42:11,184838819,2026-05-10T21:42:11+00:00,1778449331359,2026-05-10T21:42:11+00:00,1778449331359,1970-01-01T00:00:00+00:00,1,0,1,4,0,184838371,0,4,0.1,0.0,1.4892400000000001,0.0,0.0,1.4892400000000001,0.0,XRPUSD,[sl 1.48924],
2026-05-10 21:42:12,184838820,2026-05-10T21:42:12+00:00,1778449332048,2026-05-10T21:42:12+00:00,1778449332048,1970-01-01T00:00:00+00:00,1,0,1,4,0,184838475,0,4,0.1,0.0,81273.46,0.0,0.0,81273.46,0.0,BTCUSD,[sl 81273.46],
2026-05-10 21:42:16,184838825,2026-05-10T21:42:16+00:00,1778449336489,2026-05-10T21:42:16+00:00,1778449336489,1970-01-01T00:00:00+00:00,0,0,1,4,0,184838825,0,3,0.1,0.0,0.0,1.4837799999999999,1.5218500000000001,1.4904,0.0,XRPUSD,OV2|427530|H1|B,
2026-05-10 21:42:32,184838845,2026-05-10T21:42:32+00:00,1778449352599,2026-05-10T21:42:32+00:00,1778449352599,1970-01-01T00:00:00+00:00,0,0,1,4,0,184838845,0,3,0.1,0.0,0.0,81238.15,81584.27,81266.65,0.0,BTCUSD,OV2|0c5da8|H1|B,
2026-05-10 21:42:45,184838858,2026-05-10T21:42:45+00:00,1778449365777,2026-05-10T21:42:45+00:00,1778449365777,1970-01-01T00:00:00+00:00,1,0,1,4,0,184838845,0,4,0.1,0.0,81238.15,0.0,0.0,81238.15,0.0,BTCUSD,[sl 81238.15],
2026-05-10 21:42:54,184838881,2026-05-10T21:42:54+00:00,1778449374512,2026-05-10T21:42:54+00:00,1778449374512,1970-01-01T00:00:00+00:00,0,0,1,4,0,184838881,0,3,0.1,0.0,0.0,81215.91,81568.83,81240.41,0.0,BTCUSD,OV2|aff656|H1|B,
2026-05-10 21:51:48,184839322,2026-05-10T21:51:48+00:00,1778449908880,2026-05-10T21:51:48+00:00,1778449908880,1970-01-01T00:00:00+00:00,1,0,1,4,0,184838881,0,4,0.1,0.0,81215.91,0.0,0.0,81215.91,0.0,BTCUSD,[sl 81215.91],
2026-05-10 21:52:06,184839365,2026-05-10T21:52:06+00:00,1778449926043,2026-05-10T21:52:06+00:00,1778449926043,1970-01-01T00:00:00+00:00,0,0,1,4,0,184839365,0,3,0.1,0.0,0.0,2356.561,2372.315,2358.159,0.0,ETHUSD,OV2|d25396|H1|B,
2026-05-10 22:00:15,184839438,2026-05-10T22:00:15+00:00,1778450415204,2026-05-10T22:00:15+00:00,1778450415205,1970-01-01T00:00:00+00:00,1,0,1,4,0,184838825,0,4,0.1,0.0,1.4837799999999999,0.0,0.0,1.4837799999999999,0.0,XRPUSD,[sl 1.48378],
2026-05-10 22:00:29,184839447,2026-05-10T22:00:29+00:00,1778450429194,2026-05-10T22:00:29+00:00,1778450429194,1970-01-01T00:00:00+00:00,0,0,1,4,0,184839447,0,3,0.1,0.0,0.0,1.47728,1.51449,1.4837500000000001,0.0,XRPUSD,OV2|7ad853|H1|B,
2026-05-10 22:00:29,184839448,2026-05-10T22:00:29+00:00,1778450429824,2026-05-10T22:00:29+00:00,1778450429824,1970-01-01T00:00:00+00:00,1,0,1,4,0,184839365,0,4,0.1,0.0,2356.561,0.0,0.0,2356.561,0.0,ETHUSD,[sl 2356.561],
2026-05-10 22:00:35,184839451,2026-05-10T22:00:35+00:00,1778450435271,2026-05-10T22:00:35+00:00,1778450435271,1970-01-01T00:00:00+00:00,0,0,1,4,0,184839451,0,3,0.1,0.0,0.0,2355.439,2370.243,2356.939,0.0,ETHUSD,OV2|2e83da|H1|B,
2026-05-10 22:00:55,184839458,2026-05-10T22:00:55+00:00,1778450455239,2026-05-10T22:00:55+00:00,1778450455240,1970-01-01T00:00:00+00:00,1,0,1,4,0,184839451,0,4,0.1,0.0,2355.439,0.0,0.0,2355.439,0.0,ETHUSD,[sl 2355.439],
2026-05-10 22:00:57,184839471,2026-05-10T22:00:57+00:00,1778450457568,2026-05-10T22:00:57+00:00,1778450457568,1970-01-01T00:00:00+00:00,0,0,1,4,0,184839471,0,3,0.1,0.0,0.0,2353.977,2369.506,2355.477,0.0,ETHUSD,OV2|b200bc|H1|B,
2026-05-10 22:01:06,184839502,2026-05-10T22:01:06+00:00,1778450466970,2026-05-10T22:01:06+00:00,1778450466970,1970-01-01T00:00:00+00:00,1,0,1,4,0,184839471,0,4,0.1,0.0,2353.977,0.0,0.0,2353.977,0.0,ETHUSD,[sl 2353.977],
2026-05-10 22:01:17,184839529,2026-05-10T22:01:17+00:00,1778450477224,2026-05-10T22:01:17+00:00,1778450477224,1970-01-01T00:00:00+00:00,0,0,1,4,0,184839529,0,3,0.1,0.0,0.0,2353.149,2369.302,2354.592,0.0,ETHUSD,OV2|38e4f2|H1|B,
2026-05-10 22:01:17,184839532,2026-05-10T22:01:17+00:00,1778450477855,2026-05-10T22:01:17+00:00,1778450477855,1970-01-01T00:00:00+00:00,1,0,1,4,0,184839529,0,4,0.1,0.0,2353.149,0.0,0.0,2353.149,0.0,ETHUSD,[sl 2353.149],
2026-05-10 22:01:36,184839550,2026-05-10T22:01:36+00:00,1778450496866,2026-05-10T22:01:36+00:00,1778450496866,1970-01-01T00:00:00+00:00,1,0,1,4,0,184839447,0,4,0.1,0.0,1.47728,0.0,0.0,1.47728,0.0,XRPUSD,[sl 1.47728],
2026-05-10 22:01:37,184839551,2026-05-10T22:01:37+00:00,1778450497842,2026-05-10T22:01:37+00:00,1778450497842,1970-01-01T00:00:00+00:00,0,0,1,4,0,184839551,0,3,0.1,0.0,0.0,2352.277,2368.998,2353.995,0.0,ETHUSD,OV2|a378e6|H1|B,
2026-05-10 22:02:05,184839582,2026-05-10T22:02:05+00:00,1778450525249,2026-05-10T22:02:05+00:00,1778450525249,1970-01-01T00:00:00+00:00,1,0,1,4,0,184839551,0,4,0.1,0.0,2352.277,0.0,0.0,2352.277,0.0,ETHUSD,[sl 2352.277],
2026-05-10 22:02:06,184839617,2026-05-10T22:02:06+00:00,1778450526542,2026-05-10T22:02:06+00:00,1778450526542,1970-01-01T00:00:00+00:00,0,0,1,4,0,184839617,0,3,0.1,0.0,0.0,2350.98,2368.043,2352.48,0.0,ETHUSD,OV2|c5d0da|M15|B,
2026-05-10 22:02:39,184839736,2026-05-10T22:02:39+00:00,1778450559980,2026-05-10T22:02:39+00:00,1778450559980,1970-01-01T00:00:00+00:00,1,0,1,4,0,184839617,0,4,0.1,0.0,2350.98,0.0,0.0,2350.98,0.0,ETHUSD,[sl 2350.980],
2026-05-10 22:02:52,184839749,2026-05-10T22:02:52+00:00,1778450572254,2026-05-10T22:02:52+00:00,1778450572254,1970-01-01T00:00:00+00:00,0,0,1,4,0,184839749,0,3,0.1,0.0,0.0,2350.414,2368.514,2352.115,0.0,ETHUSD,OV2|1592d6|H1|B,
2026-05-10 22:10:52,184840137,2026-05-10T22:10:52+00:00,1778451052928,2026-05-10T22:10:52+00:00,1778451052928,1970-01-01T00:00:00+00:00,0,0,1,4,0,184840137,0,3,0.1,0.0,0.0,1.47591,1.51784,1.4832,0.0,XRPUSD,OV2|1f70ff|H1|B,
2026-05-10 23:01:36,184841172,2026-05-10T23:01:36+00:00,1778454096550,2026-05-10T23:01:36+00:00,1778454096550,1970-01-01T00:00:00+00:00,1,0,1,4,0,184839749,0,5,0.1,0.0,2368.514,0.0,0.0,2368.514,0.0,ETHUSD,[tp 2368.514],
2026-05-10 23:01:38,184841177,2026-05-10T23:01:38+00:00,1778454098192,2026-05-10T23:01:38+00:00,1778454098193,1970-01-01T00:00:00+00:00,0,0,1,4,0,184841177,0,3,0.1,0.0,0.0,2367.193,2387.018,2368.693,0.0,ETHUSD,OV2|14ed8d|M15|B,
2026-05-10 23:06:08,184841224,2026-05-10T23:06:08+00:00,1778454368518,2026-05-10T23:06:08+00:00,1778454368518,1970-01-01T00:00:00+00:00,1,0,1,4,0,184841177,0,4,0.1,0.0,2367.193,0.0,0.0,2367.193,0.0,ETHUSD,[sl 2367.193],
2026-05-10 23:06:18,184841229,2026-05-10T23:06:18+00:00,1778454378492,2026-05-10T23:06:18+00:00,1778454378492,1970-01-01T00:00:00+00:00,0,0,1,4,0,184841229,0,3,0.1,0.0,0.0,81384.97,81690.84,81417.47,0.0,BTCUSD,OV2|67c7db|H1|B,
2026-05-10 23:12:41,184841327,2026-05-10T23:12:41+00:00,1778454761112,2026-05-10T23:12:41+00:00,1778454761112,1970-01-01T00:00:00+00:00,1,0,1,4,0,184841229,0,4,0.1,0.0,81384.97,0.0,0.0,81384.97,0.0,BTCUSD,[sl 81384.97],
2026-05-10 23:12:43,184841338,2026-05-10T23:12:43+00:00,1778454763414,2026-05-10T23:12:43+00:00,1778454763414,1970-01-01T00:00:00+00:00,0,0,1,4,0,184841338,0,3,0.1,0.0,0.0,81354.92,81667.3,81383.76,0.0,BTCUSD,OV2|109298|H1|B,
2026-05-10 23:12:51,184841348,2026-05-10T23:12:51+00:00,1778454771077,2026-05-10T23:12:51+00:00,1778454771077,1970-01-01T00:00:00+00:00,1,0,1,4,0,184841338,0,4,0.1,0.0,81354.92,0.0,0.0,81354.92,0.0,BTCUSD,[sl 81354.92],
2026-05-10 23:12:53,184841371,2026-05-10T23:12:53+00:00,1778454773919,2026-05-10T23:12:53+00:00,1778454773919,1970-01-01T00:00:00+00:00,0,0,1,4,0,184841371,0,3,0.1,0.0,0.0,81268.46,81625.27,81308.49,0.0,BTCUSD,OV2|1dbb5e|H1|B,
2026-05-10 23:13:00,184841401,2026-05-10T23:13:00+00:00,1778454780956,2026-05-10T23:13:00+00:00,1778454780956,1970-01-01T00:00:00+00:00,1,0,1,4,0,184841371,0,4,0.1,0.0,81268.46,0.0,0.0,81268.46,0.0,BTCUSD,[sl 81268.46],
2026-05-10 23:13:14,184841411,2026-05-10T23:13:14+00:00,1778454794176,2026-05-10T23:13:14+00:00,1778454794176,1970-01-01T00:00:00+00:00,0,0,1,4,0,184841411,0,3,0.1,0.0,0.0,81275.52,81640.28,81306.02,0.0,BTCUSD,OV2|16e555|H1|B,
2026-05-10 23:13:17,184841413,2026-05-10T23:13:17+00:00,1778454797014,2026-05-10T23:13:17+00:00,1778454797014,1970-01-01T00:00:00+00:00,1,0,1,4,0,184841411,0,4,0.1,0.0,81275.52,0.0,0.0,81275.52,0.0,BTCUSD,[sl 81275.52],
2026-05-10 23:13:17,184841416,2026-05-10T23:13:17+00:00,1778454797316,2026-05-10T23:13:17+00:00,1778454797316,1970-01-01T00:00:00+00:00,0,0,1,4,0,184841416,0,3,0.1,0.0,0.0,81252.26,81619.02,81284.76,0.0,BTCUSD,OV2|b578c6|H1|B,
2026-05-10 23:13:22,184841421,2026-05-10T23:13:22+00:00,1778454802851,2026-05-10T23:13:22+00:00,1778454802851,1970-01-01T00:00:00+00:00,1,0,1,4,0,184841416,0,4,0.1,0.0,81252.26,0.0,0.0,81252.26,0.0,BTCUSD,[sl 81252.26],
2026-05-10 23:13:38,184841442,2026-05-10T23:13:38+00:00,1778454818651,2026-05-10T23:13:38+00:00,1778454818651,1970-01-01T00:00:00+00:00,0,0,1,4,0,184841442,0,3,0.1,0.0,0.0,2357.172,2379.51,2358.768,0.0,ETHUSD,OV2|3d456c|H1|B,
2026-05-10 23:14:06,184841468,2026-05-10T23:14:06+00:00,1778454846841,2026-05-10T23:14:06+00:00,1778454846841,1970-01-01T00:00:00+00:00,1,0,1,4,0,184841442,0,4,0.1,0.0,2357.172,0.0,0.0,2357.172,0.0,ETHUSD,[sl 2357.172],
2026-05-10 23:14:09,184841478,2026-05-10T23:14:09+00:00,1778454849479,2026-05-10T23:14:09+00:00,1778454849479,1970-01-01T00:00:00+00:00,0,0,1,4,0,184841478,0,3,0.1,0.0,0.0,2355.93,2378.657,2357.43,0.0,ETHUSD,OV2|86e66d|H1|B,
2026-05-10 23:14:29,184841490,2026-05-10T23:14:29+00:00,1778454869340,2026-05-10T23:14:29+00:00,1778454869340,1970-01-01T00:00:00+00:00,1,0,1,4,0,184841478,0,4,0.1,0.0,2355.93,0.0,0.0,2355.93,0.0,ETHUSD,[sl 2355.930],
2026-05-10 23:14:31,184841493,2026-05-10T23:14:31+00:00,1778454871391,2026-05-10T23:14:31+00:00,1778454871391,1970-01-01T00:00:00+00:00,0,0,1,4,0,184841493,0,3,0.1,0.0,0.0,81169.03,81569.56,81193.53,0.0,BTCUSD,OV2|cd1117|H1|B,
2026-05-10 23:14:32,184841500,2026-05-10T23:14:32+00:00,1778454872695,2026-05-10T23:14:32+00:00,1778454872695,1970-01-01T00:00:00+00:00,1,0,1,4,0,184841493,0,4,0.1,0.0,81169.03,0.0,0.0,81169.03,0.0,BTCUSD,[sl 81169.03],
2026-05-10 23:14:32,184841501,2026-05-10T23:14:32+00:00,1778454872774,2026-05-10T23:14:32+00:00,1778454872775,1970-01-01T00:00:00+00:00,0,0,1,4,0,184841501,0,3,0.1,0.0,0.0,2353.923,2377.622,2355.657,0.0,ETHUSD,OV2|4b7315|H1|B,
2026-05-10 23:14:45,184841521,2026-05-10T23:14:45+00:00,1778454885785,2026-05-10T23:14:45+00:00,1778454885785,1970-01-01T00:00:00+00:00,1,0,1,4,0,184841501,0,4,0.1,0.0,2353.923,0.0,0.0,2353.923,0.0,ETHUSD,[sl 2353.923],
2026-05-10 23:14:47,184841523,2026-05-10T23:14:47+00:00,1778454887184,2026-05-10T23:14:47+00:00,1778454887184,1970-01-01T00:00:00+00:00,0,0,1,4,0,184841523,0,3,0.1,0.0,0.0,2352.791,2376.912,2354.482,0.0,ETHUSD,OV2|29dc06|M15|B,
2026-05-10 23:16:02,184841598,2026-05-10T23:16:02+00:00,1778454962688,2026-05-10T23:16:02+00:00,1778454962688,1970-01-01T00:00:00+00:00,1,0,1,4,0,184841523,0,4,0.1,0.0,2352.791,0.0,0.0,2352.791,0.0,ETHUSD,[sl 2352.791],
2026-05-10 23:16:02,184841600,2026-05-10T23:16:02+00:00,1778454962921,2026-05-10T23:16:02+00:00,1778454962922,1970-01-01T00:00:00+00:00,1,0,1,4,0,184840137,0,4,0.1,0.0,1.47591,0.0,0.0,1.47591,0.0,XRPUSD,[sl 1.47591],
2026-05-10 23:30:49,184842404,2026-05-10T23:30:49+00:00,1778455849627,2026-05-10T23:30:49+00:00,1778455849628,1970-01-01T00:00:00+00:00,1,0,1,4,0,184842404,0,3,1.0,0.0,0.0,81099.31,80492.95,81068.81,0.0,BTCUSD,OV2|482ea4|H1|S,
2026-05-10 23:37:40,184843103,2026-05-10T23:37:40+00:00,1778456260622,2026-05-10T23:37:40+00:00,1778456260623,1970-01-01T00:00:00+00:00,0,0,1,4,0,184842404,0,4,1.0,0.0,81099.31,0.0,0.0,81099.31,0.0,BTCUSD,[sl 81099.31],
2026-05-10 23:38:04,184843109,2026-05-10T23:38:04+00:00,1778456284588,2026-05-10T23:38:04+00:00,1778456284588,1970-01-01T00:00:00+00:00,1,0,1,4,0,184843109,0,3,0.88,0.0,0.0,81081.42,80368.8,81052.92,0.0,BTCUSD,OV2|91ac63|H1|S,
2026-05-10 23:38:42,184843124,2026-05-10T23:38:42+00:00,1778456322544,2026-05-10T23:38:42+00:00,1778456322544,1970-01-01T00:00:00+00:00,0,0,1,4,0,184843109,0,4,0.88,0.0,81081.42,0.0,0.0,81081.42,0.0,BTCUSD,[sl 81081.42],
2026-05-10 23:38:57,184843131,2026-05-10T23:38:57+00:00,1778456337950,2026-05-10T23:38:57+00:00,1778456337950,1970-01-01T00:00:00+00:00,1,0,1,4,0,184843131,0,3,1.0,0.0,0.0,81099.43,80386.81,81070.93,0.0,BTCUSD,OV2|416bd1|H1|S,
2026-05-10 23:48:16,184844277,2026-05-10T23:48:16+00:00,1778456896852,2026-05-10T23:48:16+00:00,1778456896852,1970-01-01T00:00:00+00:00,1,0,1,4,0,184844277,0,3,1.0,0.0,0.0,1.46033,1.39347,1.44885,0.0,XRPUSD,OV2|188bcd|H1|S,
2026-05-10 23:49:23,184844511,2026-05-10T23:49:23+00:00,1778456963476,2026-05-10T23:49:23+00:00,1778456963477,1970-01-01T00:00:00+00:00,0,0,1,4,0,184843131,0,5,1.0,0.0,80386.81,0.0,0.0,80386.81,0.0,BTCUSD,[tp 80386.81],
2026-05-10 23:49:51,184844706,2026-05-10T23:49:51+00:00,1778456991104,2026-05-10T23:49:51+00:00,1778456991104,1970-01-01T00:00:00+00:00,1,0,1,4,0,184844706,0,3,1.0,0.0,0.0,2314.583,2262.0,2313.083,0.0,ETHUSD,OV2|d49d1a|H1|S,
2026-05-10 23:49:52,184844713,2026-05-10T23:49:52+00:00,1778456992865,2026-05-10T23:49:52+00:00,1778456992866,1970-01-01T00:00:00+00:00,0,0,1,4,0,184844706,0,4,1.0,0.0,2314.583,0.0,0.0,2314.583,0.0,ETHUSD,[sl 2314.583],
2026-05-10 23:50:20,184844835,2026-05-10T23:50:20+00:00,1778457020846,2026-05-10T23:50:20+00:00,1778457020846,1970-01-01T00:00:00+00:00,1,0,1,4,0,184844835,0,3,1.0,0.0,0.0,80394.88,79323.08,80370.38,0.0,BTCUSD,OV2|041afa|H1|S,
2026-05-10 23:50:20,184844837,2026-05-10T23:50:20+00:00,1778457020991,2026-05-10T23:50:20+00:00,1778457020991,1970-01-01T00:00:00+00:00,0,0,1,4,0,184844835,0,4,1.0,0.0,80394.88,0.0,0.0,80394.88,0.0,BTCUSD,[sl 80394.88],
2026-05-10 23:50:24,184844857,2026-05-10T23:50:24+00:00,1778457024237,2026-05-10T23:50:24+00:00,1778457024237,1970-01-01T00:00:00+00:00,1,0,1,4,0,184844857,0,3,1.0,0.0,0.0,2319.152,2266.46,2317.223,0.0,ETHUSD,OV2|e4cba1|H1|S,
2026-05-10 23:50:27,184844865,2026-05-10T23:50:27+00:00,1778457027434,2026-05-10T23:50:27+00:00,1778457027434,1970-01-01T00:00:00+00:00,0,0,1,4,0,184844857,0,4,1.0,0.0,2319.152,0.0,0.0,2319.152,0.0,ETHUSD,[sl 2319.152],
2026-05-10 23:50:42,184844914,2026-05-10T23:50:42+00:00,1778457042736,2026-05-10T23:50:42+00:00,1778457042736,1970-01-01T00:00:00+00:00,1,0,1,4,0,184844914,0,3,1.0,0.0,0.0,2319.932,2267.24,2318.632,0.0,ETHUSD,OV2|81ed5f|H1|S,
2026-05-10 23:50:44,184844920,2026-05-10T23:50:44+00:00,1778457044142,2026-05-10T23:50:44+00:00,1778457044143,1970-01-01T00:00:00+00:00,0,0,1,4,0,184844914,0,4,1.0,0.0,2319.932,0.0,0.0,2319.932,0.0,ETHUSD,[sl 2319.932],
2026-05-10 23:50:49,184844951,2026-05-10T23:50:49+00:00,1778457049962,2026-05-10T23:50:49+00:00,1778457049962,1970-01-01T00:00:00+00:00,1,0,1,4,0,184844951,0,3,0.92,0.0,0.0,80491.3,79415.5,80463.3,0.0,BTCUSD,OV2|694658|H1|S,
2026-05-10 23:51:00,184844970,2026-05-10T23:51:00+00:00,1778457060481,2026-05-10T23:51:00+00:00,1778457060482,1970-01-01T00:00:00+00:00,0,0,1,4,0,184844951,0,4,0.92,0.0,80491.3,0.0,0.0,80491.3,0.0,BTCUSD,[sl 80491.30],
2026-05-10 23:51:07,184845005,2026-05-10T23:51:07+00:00,1778457067553,2026-05-10T23:51:07+00:00,1778457067553,1970-01-01T00:00:00+00:00,1,0,1,4,0,184845005,0,3,1.0,0.0,0.0,2325.071,2271.774,2323.571,0.0,ETHUSD,OV2|e65755|H1|S,
2026-05-10 23:51:11,184845046,2026-05-10T23:51:11+00:00,1778457071898,2026-05-10T23:51:11+00:00,1778457071898,1970-01-01T00:00:00+00:00,0,0,1,4,0,184845005,0,4,1.0,0.0,2325.071,0.0,0.0,2325.071,0.0,ETHUSD,[sl 2325.071],
2026-05-10 23:51:28,184845199,2026-05-10T23:51:28+00:00,1778457088120,2026-05-10T23:51:28+00:00,1778457088120,1970-01-01T00:00:00+00:00,1,0,1,4,0,184845199,0,3,1.0,0.0,0.0,2327.502,2272.6,2326.002,0.0,ETHUSD,OV2|291ab0|H1|S,
2026-05-10 23:51:36,184845225,2026-05-10T23:51:36+00:00,1778457096324,2026-05-10T23:51:36+00:00,1778457096324,1970-01-01T00:00:00+00:00,0,0,1,4,0,184845199,0,4,1.0,0.0,2327.502,0.0,0.0,2327.502,0.0,ETHUSD,[sl 2327.502],
2026-05-10 23:52:00,184845308,2026-05-10T23:52:00+00:00,1778457120531,2026-05-10T23:52:00+00:00,1778457120531,1970-01-01T00:00:00+00:00,1,0,1,4,0,184845308,0,3,1.0,0.0,0.0,2328.181,2272.673,2326.951,0.0,ETHUSD,OV2|910939|H1|S,
2026-05-10 23:52:03,184845325,2026-05-10T23:52:03+00:00,1778457123489,2026-05-10T23:52:03+00:00,1778457123489,1970-01-01T00:00:00+00:00,0,0,1,4,0,184845308,0,4,1.0,0.0,2328.181,0.0,0.0,2328.181,0.0,ETHUSD,[sl 2328.181],
2026-05-10 23:52:08,184845344,2026-05-10T23:52:08+00:00,1778457128243,2026-05-10T23:52:08+00:00,1778457128244,1970-01-01T00:00:00+00:00,1,0,1,4,0,184845344,0,3,0.87,0.0,0.0,80669.67,79520.05,80645.17,0.0,BTCUSD,OV2|87d25d|H1|S,
2026-05-10 23:52:08,184845347,2026-05-10T23:52:08+00:00,1778457128413,2026-05-10T23:52:08+00:00,1778457128414,1970-01-01T00:00:00+00:00,0,0,1,4,0,184845344,0,4,0.87,0.0,80669.67,0.0,0.0,80669.67,0.0,BTCUSD,[sl 80669.67],
2026-05-10 23:52:28,184845381,2026-05-10T23:52:28+00:00,1778457148212,2026-05-10T23:52:28+00:00,1778457148212,1970-01-01T00:00:00+00:00,1,0,1,4,0,184845381,0,3,1.0,0.0,0.0,80665.73,79510.08,80639.23,0.0,BTCUSD,OV2|90892b|H1|S,
2026-05-11 00:05:00,184845581,2026-05-11T00:05:00+00:00,1778457900028,2026-05-11T00:05:00+00:00,1778457900028,1970-01-01T00:00:00+00:00,0,0,1,4,0,184845381,0,4,1.0,0.0,80665.73,0.0,0.0,80665.73,0.0,BTCUSD,[sl 80665.73],
2026-05-11 00:05:32,184846853,2026-05-11T00:05:32+00:00,1778457932960,2026-05-11T00:05:32+00:00,1778457932961,1970-01-01T00:00:00+00:00,1,0,1,4,0,184846853,0,3,1.0,0.0,0.0,2331.08,2281.432,2329.58,0.0,ETHUSD,OV2|878de6|H1|S,
2026-05-11 00:05:43,184846936,2026-05-11T00:05:43+00:00,1778457943772,2026-05-11T00:05:43+00:00,1778457943772,1970-01-01T00:00:00+00:00,0,0,1,4,0,184846853,0,4,1.0,0.0,2331.08,0.0,0.0,2331.08,0.0,ETHUSD,[sl 2331.080],
2026-05-11 00:06:03,184847082,2026-05-11T00:06:03+00:00,1778457963341,2026-05-11T00:06:03+00:00,1778457963342,1970-01-01T00:00:00+00:00,1,0,1,4,0,184847082,0,3,1.0,0.0,0.0,80822.36,79720.88,80803.86,0.0,BTCUSD,OV2|3a34db|H1|S,
2026-05-11 00:06:03,184847088,2026-05-11T00:06:03+00:00,1778457963855,2026-05-11T00:06:03+00:00,1778457963855,1970-01-01T00:00:00+00:00,0,0,1,4,0,184847082,0,4,1.0,0.0,80822.36,0.0,0.0,80822.36,0.0,BTCUSD,[sl 80822.36],
2026-05-11 00:06:07,184847123,2026-05-11T00:06:07+00:00,1778457967129,2026-05-11T00:06:07+00:00,1778457967129,1970-01-01T00:00:00+00:00,1,0,1,4,0,184847123,0,3,1.0,0.0,0.0,2333.792,2284.471,2332.292,0.0,ETHUSD,OV2|6b5b8a|H1|S,
2026-05-11 00:07:24,184847424,2026-05-11T00:07:24+00:00,1778458044998,2026-05-11T00:07:24+00:00,1778458044998,1970-01-01T00:00:00+00:00,0,0,1,4,0,184847123,0,4,1.0,0.0,2333.792,0.0,0.0,2333.792,0.0,ETHUSD,[sl 2333.792],
2026-05-11 00:07:42,184847459,2026-05-11T00:07:42+00:00,1778458062507,2026-05-11T00:07:42+00:00,1778458062507,1970-01-01T00:00:00+00:00,1,0,1,4,0,184847459,0,3,0.96,0.0,0.0,80848.08,79715.61,80829.58,0.0,BTCUSD,OV2|53aba9|H1|S,
2026-05-11 00:08:50,184847581,2026-05-11T00:08:50+00:00,1778458130773,2026-05-11T00:08:50+00:00,1778458130773,1970-01-01T00:00:00+00:00,0,0,1,4,0,184847459,0,4,0.96,0.0,80848.08,0.0,0.0,80848.08,0.0,BTCUSD,[sl 80848.08],
2026-05-11 00:08:52,184847592,2026-05-11T00:08:52+00:00,1778458132072,2026-05-11T00:08:52+00:00,1778458132072,1970-01-01T00:00:00+00:00,1,0,1,4,0,184847592,0,3,1.0,0.0,0.0,2335.625,2285.429,2334.125,0.0,ETHUSD,OV2|6b0044|M15|S,
2026-05-11 00:30:07,184849556,2026-05-11T00:30:07+00:00,1778459407347,2026-05-11T00:30:07+00:00,1778459407347,1970-01-01T00:00:00+00:00,0,0,1,4,0,184844277,0,4,1.0,0.0,1.46033,0.0,0.0,1.46033,0.0,XRPUSD,[sl 1.46033],
2026-05-11 00:30:21,184849566,2026-05-11T00:30:21+00:00,1778459421354,2026-05-11T00:30:21+00:00,1778459421355,1970-01-01T00:00:00+00:00,0,0,1,4,0,184847592,0,4,1.0,0.0,2335.625,0.0,0.0,2335.625,0.0,ETHUSD,[sl 2335.625],
2026-05-11 00:31:08,184849647,2026-05-11T00:31:08+00:00,1778459468121,2026-05-11T00:31:08+00:00,1778459468121,1970-01-01T00:00:00+00:00,1,0,1,4,0,184849647,0,3,1.0,0.0,0.0,1.46963,1.4004699999999999,1.4576,0.0,XRPUSD,OV2|c2324e|H1|S,
2026-05-11 00:31:18,184849664,2026-05-11T00:31:18+00:00,1778459478045,2026-05-11T00:31:18+00:00,1778459478045,1970-01-01T00:00:00+00:00,1,0,1,4,0,184849664,0,3,1.0,0.0,0.0,2336.29,2299.871,2334.79,0.0,ETHUSD,OV2|00dcaf|H1|S,
2026-05-11 00:32:47,184849738,2026-05-11T00:32:47+00:00,1778459567658,2026-05-11T00:32:47+00:00,1778459567658,1970-01-01T00:00:00+00:00,0,0,1,4,0,184849664,0,4,1.0,0.0,2336.29,0.0,0.0,2336.29,0.0,ETHUSD,[sl 2336.290],
2026-05-11 00:32:57,184849752,2026-05-11T00:32:57+00:00,1778459577419,2026-05-11T00:32:57+00:00,1778459577419,1970-01-01T00:00:00+00:00,1,0,1,4,0,184849752,0,3,1.0,0.0,0.0,2337.51,2299.464,2336.01,0.0,ETHUSD,OV2|9e3271|H1|S,
2026-05-11 01:00:26,184852003,2026-05-11T01:00:26+00:00,1778461226347,2026-05-11T01:00:26+00:00,1778461226347,1970-01-01T00:00:00+00:00,1,0,1,4,0,184852003,0,3,0.25,0.0,0.0,1.17706,1.17426,1.17636,0.0,EURUSD,OV2|822601|H1|S,
2026-05-11 01:01:41,184852382,2026-05-11T01:01:41+00:00,1778461301027,2026-05-11T01:01:41+00:00,1778461301027,1970-01-01T00:00:00+00:00,0,0,1,4,0,184849752,0,4,1.0,0.0,2337.51,0.0,0.0,2337.51,0.0,ETHUSD,[sl 2337.510],
2026-05-11 01:02:00,184852561,2026-05-11T01:02:00+00:00,1778461320706,2026-05-11T01:02:00+00:00,1778461320706,1970-01-01T00:00:00+00:00,1,0,1,4,0,184852561,0,3,1.0,0.0,0.0,2339.444,2311.994,2337.656,0.0,ETHUSD,OV2|ed2999|H1|S,
2026-05-11 01:02:04,184852566,2026-05-11T01:02:04+00:00,1778461324529,2026-05-11T01:02:04+00:00,1778461324529,1970-01-01T00:00:00+00:00,0,0,1,4,0,184852561,0,4,1.0,0.0,2339.444,0.0,0.0,2339.444,0.0,ETHUSD,[sl 2339.444],
2026-05-11 01:03:03,184852825,2026-05-11T01:03:03+00:00,1778461383775,2026-05-11T01:03:03+00:00,1778461383775,1970-01-01T00:00:00+00:00,1,0,1,4,0,184852825,0,3,1.0,0.0,0.0,80916.88,80113.93,80898.38,0.0,BTCUSD,OV2|d50ccf|H1|S,
2026-05-11 01:03:20,184852874,2026-05-11T01:03:20+00:00,1778461400724,2026-05-11T01:03:20+00:00,1778461400724,1970-01-01T00:00:00+00:00,0,0,1,4,0,184852825,0,4,1.0,0.0,80916.88,0.0,0.0,80916.88,0.0,BTCUSD,[sl 80916.88],
2026-05-11 01:03:35,184852959,2026-05-11T01:03:35+00:00,1778461415036,2026-05-11T01:03:35+00:00,1778461415036,1970-01-01T00:00:00+00:00,1,0,1,4,0,184852959,0,3,1.0,0.0,0.0,80973.81,80121.73,80955.31,0.0,BTCUSD,OV2|b39694|H1|S,
2026-05-11 01:03:35,184852960,2026-05-11T01:03:35+00:00,1778461415066,2026-05-11T01:03:35+00:00,1778461415067,1970-01-01T00:00:00+00:00,0,0,1,4,0,184852959,0,4,1.0,0.0,80973.81,0.0,0.0,80973.81,0.0,BTCUSD,[sl 80973.81],
2026-05-11 01:03:51,184853057,2026-05-11T01:03:51+00:00,1778461431340,2026-05-11T01:03:51+00:00,1778461431340,1970-01-01T00:00:00+00:00,1,0,1,4,0,184853057,0,3,1.0,0.0,0.0,2341.43,2311.7,2339.93,0.0,ETHUSD,OV2|442496|H1|S,
2026-05-11 01:06:55,184857006,2026-05-11T01:06:55+00:00,1778461615602,2026-05-11T01:06:55+00:00,1778461615602,1970-01-01T00:00:00+00:00,0,0,1,4,0,184853057,0,4,1.0,0.0,2341.43,0.0,0.0,2341.43,0.0,ETHUSD,[sl 2341.430],
2026-05-11 01:06:57,184857028,2026-05-11T01:06:57+00:00,1778461617633,2026-05-11T01:06:57+00:00,1778461617633,1970-01-01T00:00:00+00:00,1,0,1,4,0,184857028,0,3,1.0,0.0,0.0,81102.25,80157.27,81081.74,0.0,BTCUSD,OV2|4b2dd7|H1|S,
2026-05-11 01:06:58,184857035,2026-05-11T01:06:58+00:00,1778461618348,2026-05-11T01:06:58+00:00,1778461618348,1970-01-01T00:00:00+00:00,0,0,1,4,0,184857028,0,4,1.0,0.0,81102.25,0.0,0.0,81102.25,0.0,BTCUSD,[sl 81102.25],
2026-05-11 01:07:00,184857083,2026-05-11T01:07:00+00:00,1778461620953,2026-05-11T01:07:00+00:00,1778461620953,1970-01-01T00:00:00+00:00,1,0,1,4,0,184857083,0,3,1.0,0.0,0.0,2342.839,2311.898,2341.19,0.0,ETHUSD,OV2|a40462|H1|S,
2026-05-11 01:07:06,184857172,2026-05-11T01:07:06+00:00,1778461626078,2026-05-11T01:07:06+00:00,1778461626078,1970-01-01T00:00:00+00:00,0,0,1,4,0,184857083,0,4,1.0,0.0,2342.839,0.0,0.0,2342.839,0.0,ETHUSD,[sl 2342.839],
2026-05-11 01:07:48,184857629,2026-05-11T01:07:48+00:00,1778461668083,2026-05-11T01:07:48+00:00,1778461668083,1970-01-01T00:00:00+00:00,1,0,1,4,0,184857629,0,3,1.0,0.0,0.0,2344.764,2311.3,2342.932,0.0,ETHUSD,OV2|9bbed7|H1|S,
2026-05-11 01:08:46,184858334,2026-05-11T01:08:46+00:00,1778461726939,2026-05-11T01:08:46+00:00,1778461726939,1970-01-01T00:00:00+00:00,1,0,1,4,0,184858334,0,3,0.06,0.0,0.0,4690.54,4661.51,4688.03,0.0,XAUUSD,OV2|723254|H1|S,
2026-05-11 01:08:53,184858394,2026-05-11T01:08:53+00:00,1778461733090,2026-05-11T01:08:53+00:00,1778461733090,1970-01-01T00:00:00+00:00,0,0,1,4,0,184857629,0,4,1.0,0.0,2344.764,0.0,0.0,2344.764,0.0,ETHUSD,[sl 2344.764],
2026-05-11 01:09:21,184858641,2026-05-11T01:09:21+00:00,1778461761169,2026-05-11T01:09:21+00:00,1778461761170,1970-01-01T00:00:00+00:00,1,0,1,4,0,184858641,0,3,1.0,0.0,0.0,2345.153,2313.336,2343.629,0.0,ETHUSD,OV2|18b42a|H1|S,
2026-05-11 01:10:28,184859335,2026-05-11T01:10:28+00:00,1778461828589,2026-05-11T01:10:28+00:00,1778461828589,1970-01-01T00:00:00+00:00,0,0,1,4,0,184858641,0,4,1.0,0.0,2345.153,0.0,0.0,2345.153,0.0,ETHUSD,[sl 2345.153],
2026-05-11 01:11:14,184859664,2026-05-11T01:11:14+00:00,1778461874143,2026-05-11T01:11:14+00:00,1778461874144,1970-01-01T00:00:00+00:00,1,0,1,4,0,184859664,0,3,1.0,0.0,0.0,2346.26,2312.922,2344.722,0.0,ETHUSD,OV2|12dd46|H1|S,
2026-05-11 01:11:26,184859790,2026-05-11T01:11:26+00:00,1778461886404,2026-05-11T01:11:26+00:00,1778461886404,1970-01-01T00:00:00+00:00,0,0,1,4,0,184858334,0,4,0.06,0.0,4690.54,0.0,0.0,4690.54,0.0,XAUUSD,[sl 4690.54],
2026-05-11 01:11:29,184859856,2026-05-11T01:11:29+00:00,1778461889477,2026-05-11T01:11:29+00:00,1778461889477,1970-01-01T00:00:00+00:00,0,0,1,4,0,184859664,0,4,1.0,0.0,2346.26,0.0,0.0,2346.26,0.0,ETHUSD,[sl 2346.260],
2026-05-11 01:11:54,184860173,2026-05-11T01:11:54+00:00,1778461914226,2026-05-11T01:11:54+00:00,1778461914226,1970-01-01T00:00:00+00:00,1,0,1,4,0,184860173,0,3,1.0,0.0,0.0,2347.402,2314.102,2345.902,0.0,ETHUSD,OV2|e9d660|H1|S,
2026-05-11 01:12:15,184860395,2026-05-11T01:12:15+00:00,1778461935215,2026-05-11T01:12:15+00:00,1778461935215,1970-01-01T00:00:00+00:00,0,0,1,4,0,184860173,0,4,1.0,0.0,2347.402,0.0,0.0,2347.402,0.0,ETHUSD,[sl 2347.402],
2026-05-11 01:13:09,184860981,2026-05-11T01:13:09+00:00,1778461989783,2026-05-11T01:13:09+00:00,1778461989783,1970-01-01T00:00:00+00:00,1,0,1,4,0,184860981,0,3,1.0,0.0,0.0,81320.94,80224.4,81302.68,0.0,BTCUSD,OV2|177c79|H1|S,
2026-05-11 01:13:34,184861185,2026-05-11T01:13:34+00:00,1778462014389,2026-05-11T01:13:34+00:00,1778462014389,1970-01-01T00:00:00+00:00,0,0,1,4,0,184860981,0,4,1.0,0.0,81320.94,0.0,0.0,81320.94,0.0,BTCUSD,[sl 81320.94],
2026-05-11 01:13:50,184861259,2026-05-11T01:13:50+00:00,1778462030635,2026-05-11T01:13:50+00:00,1778462030635,1970-01-01T00:00:00+00:00,1,0,1,4,0,184861259,0,3,0.05,0.0,0.0,4691.27,4659.01,4688.77,0.0,XAUUSD,OV2|86bfb2|H1|S,
2026-05-11 01:14:20,184861499,2026-05-11T01:14:20+00:00,1778462060080,2026-05-11T01:14:20+00:00,1778462060080,1970-01-01T00:00:00+00:00,1,0,1,4,0,184861499,0,3,1.0,0.0,0.0,81317.2,80210.53,81298.7,0.0,BTCUSD,OV2|0b2d1c|H1|S,
2026-05-11 01:14:22,184861506,2026-05-11T01:14:22+00:00,1778462062119,2026-05-11T01:14:22+00:00,1778462062119,1970-01-01T00:00:00+00:00,0,0,1,4,0,184861499,0,4,1.0,0.0,81317.2,0.0,0.0,81317.2,0.0,BTCUSD,[sl 81317.20],
2026-05-11 01:14:56,184861682,2026-05-11T01:14:56+00:00,1778462096433,2026-05-11T01:14:56+00:00,1778462096433,1970-01-01T00:00:00+00:00,1,0,1,4,0,184861682,0,3,1.0,0.0,0.0,81319.57,80214.9,81303.07,0.0,BTCUSD,OV2|9c38a7|H1|S,
2026-05-11 01:15:00,184861764,2026-05-11T01:15:00+00:00,1778462100475,2026-05-11T01:15:00+00:00,1778462100476,1970-01-01T00:00:00+00:00,0,0,1,4,0,184861682,0,4,1.0,0.0,81319.57,0.0,0.0,81319.57,0.0,BTCUSD,[sl 81319.57],
2026-05-11 01:26:13,184866801,2026-05-11T01:26:13+00:00,1778462773363,2026-05-11T01:26:13+00:00,1778462773363,1970-01-01T00:00:00+00:00,0,0,1,4,0,184861259,0,4,0.05,0.0,4691.27,0.0,0.0,4691.27,0.0,XAUUSD,[sl 4691.27],
2026-05-11 01:27:10,184867156,2026-05-11T01:27:10+00:00,1778462830166,2026-05-11T01:27:10+00:00,1778462830166,1970-01-01T00:00:00+00:00,1,0,1,4,0,184867156,0,3,0.06,0.0,0.0,4694.56,4656.08,4692.09,0.0,XAUUSD,OV2|ddc306|H1|S,
2026-05-11 01:27:37,184867538,2026-05-11T01:27:37+00:00,1778462857858,2026-05-11T01:27:37+00:00,1778462857858,1970-01-01T00:00:00+00:00,0,0,1,4,0,184849647,0,4,1.0,0.0,1.46963,0.0,0.0,1.46963,0.0,XRPUSD,[sl 1.46963],
2026-05-11 01:27:40,184867595,2026-05-11T01:27:40+00:00,1778462860642,2026-05-11T01:27:40+00:00,1778462860642,1970-01-01T00:00:00+00:00,0,0,1,4,0,184867595,0,3,1.0,0.0,0.0,81672.8,82969.05,81689.3,0.0,BTCUSD,OV2|704d2d|H1|B,
2026-05-11 01:27:40,184867596,2026-05-11T01:27:40+00:00,1778462860763,2026-05-11T01:27:40+00:00,1778462860763,1970-01-01T00:00:00+00:00,1,0,1,4,0,184867595,0,4,1.0,0.0,81672.8,0.0,0.0,81672.8,0.0,BTCUSD,[sl 81672.80],
2026-05-11 01:27:55,184867741,2026-05-11T01:27:55+00:00,1778462875638,2026-05-11T01:27:55+00:00,1778462875638,1970-01-01T00:00:00+00:00,1,0,1,4,0,184867741,0,3,1.0,0.0,0.0,1.47641,1.43091,1.4683,0.0,XRPUSD,OV2|e67b6d|M15|S,
2026-05-11 01:28:05,184867835,2026-05-11T01:28:05+00:00,1778462885732,2026-05-11T01:28:05+00:00,1778462885732,1970-01-01T00:00:00+00:00,0,0,1,4,0,184867156,0,4,0.06,0.0,4694.56,0.0,0.0,4694.56,0.0,XAUUSD,[sl 4694.56],
2026-05-11 01:28:13,184868027,2026-05-11T01:28:13+00:00,1778462893159,2026-05-11T01:28:13+00:00,1778462893160,1970-01-01T00:00:00+00:00,0,0,1,4,0,184868027,0,3,1.0,0.0,0.0,81649.93,82965.58,81669.91,0.0,BTCUSD,OV2|8aa3f2|H1|B,
2026-05-11 01:28:15,184868082,2026-05-11T01:28:15+00:00,1778462895889,2026-05-11T01:28:15+00:00,1778462895889,1970-01-01T00:00:00+00:00,1,0,1,4,0,184868082,0,3,0.05,0.0,0.0,4697.31,4657.6,4694.81,0.0,XAUUSD,OV2|0a8ad9|H1|S,
2026-05-11 01:28:20,184868142,2026-05-11T01:28:20+00:00,1778462900762,2026-05-11T01:28:20+00:00,1778462900763,1970-01-01T00:00:00+00:00,1,0,1,4,0,184868027,0,4,1.0,0.0,81649.93,0.0,0.0,81649.93,0.0,BTCUSD,[sl 81649.93],
2026-05-11 01:28:33,184868300,2026-05-11T01:28:33+00:00,1778462913207,2026-05-11T01:28:33+00:00,1778462913207,1970-01-01T00:00:00+00:00,0,0,1,4,0,184868300,0,3,1.0,0.0,0.0,81595.48,82909.13,81611.28,0.0,BTCUSD,OV2|d405e2|H1|B,
2026-05-11 01:28:35,184868329,2026-05-11T01:28:35+00:00,1778462915604,2026-05-11T01:28:35+00:00,1778462915604,1970-01-01T00:00:00+00:00,1,0,1,4,0,184868300,0,4,1.0,0.0,81595.48,0.0,0.0,81595.48,0.0,BTCUSD,[sl 81595.48],
2026-05-11 01:30:47,184869650,2026-05-11T01:30:47+00:00,1778463047418,2026-05-11T01:30:47+00:00,1778463047419,1970-01-01T00:00:00+00:00,0,0,1,4,0,184869650,0,3,1.0,0.0,0.0,81444.25,82774.65,81462.75,0.0,BTCUSD,OV2|bd593c|H1|B,
2026-05-11 01:31:16,184869959,2026-05-11T01:31:16+00:00,1778463076350,2026-05-11T01:31:16+00:00,1778463076351,1970-01-01T00:00:00+00:00,1,0,1,4,0,184869650,0,4,1.0,0.0,81444.25,0.0,0.0,81444.25,0.0,BTCUSD,[sl 81444.25],
2026-05-11 01:31:34,184870076,2026-05-11T01:31:34+00:00,1778463094742,2026-05-11T01:31:34+00:00,1778463094742,1970-01-01T00:00:00+00:00,0,0,1,4,0,184870076,0,3,1.0,0.0,0.0,81527.82,82876.75,81546.32,0.0,BTCUSD,OV2|292eaa|H1|B,
2026-05-11 01:31:40,184870103,2026-05-11T01:31:40+00:00,1778463100142,2026-05-11T01:31:40+00:00,1778463100142,1970-01-01T00:00:00+00:00,1,0,1,4,0,184870076,0,4,1.0,0.0,81527.82,0.0,0.0,81527.82,0.0,BTCUSD,[sl 81527.82],
2026-05-11 01:32:07,184870287,2026-05-11T01:32:07+00:00,1778463127508,2026-05-11T01:32:07+00:00,1778463127508,1970-01-01T00:00:00+00:00,0,0,1,4,0,184870287,0,3,1.0,0.0,0.0,81569.47,82948.41,81587.97,0.0,BTCUSD,OV2|b69aae|H1|B,
2026-05-11 02:00:00,184880966,2026-05-11T02:00:00+00:00,1778464800085,2026-05-11T02:00:00+00:00,1778464800086,1970-01-01T00:00:00+00:00,0,0,1,4,0,184867741,0,4,1.0,0.0,1.47641,0.0,0.0,1.47641,0.0,XRPUSD,[sl 1.47641],
2026-05-11 02:01:02,184882440,2026-05-11T02:01:02+00:00,1778464862235,2026-05-11T02:01:02+00:00,1778464862235,1970-01-01T00:00:00+00:00,0,0,1,4,0,184882440,0,3,1.0,0.0,0.0,1.46616,1.5129700000000001,1.4743,0.0,XRPUSD,OV2|f1762e|H1|B,
2026-05-11 02:27:29,184893572,2026-05-11T02:27:29+00:00,1778466449304,2026-05-11T02:27:29+00:00,1778466449304,1970-01-01T00:00:00+00:00,0,0,1,4,0,184868082,0,4,0.05,0.0,4697.31,0.0,0.0,4697.31,0.0,XAUUSD,[sl 4697.31],
2026-05-11 02:27:58,184893740,2026-05-11T02:27:58+00:00,1778466478861,2026-05-11T02:27:58+00:00,1778466478862,1970-01-01T00:00:00+00:00,1,0,1,4,0,184893740,0,3,0.07,0.0,0.0,4698.84,4681.23,4696.34,0.0,XAUUSD,OV2|0881af|H1|S,
2026-05-11 03:05:05,184910869,2026-05-11T03:05:05+00:00,1778468705190,2026-05-11T03:05:05+00:00,1778468705190,1970-01-01T00:00:00+00:00,0,0,1,4,0,184852003,0,4,0.25,0.0,1.17706,0.0,0.0,1.17706,0.0,EURUSD,[sl 1.17706],
2026-05-11 03:14:22,184916162,2026-05-11T03:14:22+00:00,1778469262834,2026-05-11T03:14:22+00:00,1778469262836,1970-01-01T00:00:00+00:00,0,0,1,4,0,184893740,0,5,0.07,0.0,4681.23,0.0,0.0,4681.23,0.0,XAUUSD,[tp 4681.23],
2026-05-11 03:14:43,184916634,2026-05-11T03:14:43+00:00,1778469283790,2026-05-11T03:14:43+00:00,1778469283790,1970-01-01T00:00:00+00:00,1,0,1,4,0,184916634,0,3,0.08,0.0,0.0,4684.29,4662.66,4681.94,0.0,XAUUSD,OV2|73c4f4|H1|S,
2026-05-11 03:15:24,184917197,2026-05-11T03:15:24+00:00,1778469324610,2026-05-11T03:15:24+00:00,1778469324610,1970-01-01T00:00:00+00:00,1,0,1,4,0,184882440,0,4,1.0,0.0,1.46616,0.0,0.0,1.46616,0.0,XRPUSD,[sl 1.46616],
2026-05-11 03:19:38,184920824,2026-05-11T03:19:38+00:00,1778469578755,2026-05-11T03:19:38+00:00,1778469578755,1970-01-01T00:00:00+00:00,1,0,1,4,0,184870287,0,4,1.0,0.0,81569.47,0.0,0.0,81569.47,0.0,BTCUSD,[sl 81569.47],
2026-05-11 03:19:47,184920905,2026-05-11T03:19:47+00:00,1778469587733,2026-05-11T03:19:47+00:00,1778469587733,1970-01-01T00:00:00+00:00,0,0,1,4,0,184920905,0,3,1.0,0.0,0.0,81575.77,82502.02,81592.27,0.0,BTCUSD,OV2|cdcb28|H1|B,
2026-05-11 03:19:52,184920941,2026-05-11T03:19:52+00:00,1778469592814,2026-05-11T03:19:52+00:00,1778469592814,1970-01-01T00:00:00+00:00,1,0,1,4,0,184920905,0,4,1.0,0.0,81575.77,0.0,0.0,81575.77,0.0,BTCUSD,[sl 81575.77],
2026-05-11 03:21:24,184923468,2026-05-11T03:21:24+00:00,1778469684466,2026-05-11T03:21:24+00:00,1778469684467,1970-01-01T00:00:00+00:00,0,0,1,4,0,184923468,0,3,1.0,0.0,0.0,81543.19,82559.53,81559.69,0.0,BTCUSD,OV2|aeb5ac|H1|B,
2026-05-11 03:22:27,184924287,2026-05-11T03:22:27+00:00,1778469747264,2026-05-11T03:22:27+00:00,1778469747265,1970-01-01T00:00:00+00:00,0,0,1,4,0,184916634,0,4,0.08,0.0,4684.29,0.0,0.0,4684.29,0.0,XAUUSD,[sl 4684.29],
2026-05-11 03:22:44,184924449,2026-05-11T03:22:44+00:00,1778469764352,2026-05-11T03:22:44+00:00,1778469764352,1970-01-01T00:00:00+00:00,1,0,1,4,0,184924449,0,3,0.06,0.0,0.0,4686.39,4660.77,4683.93,0.0,XAUUSD,OV2|aae04e|H1|S,
2026-05-11 03:25:35,184925691,2026-05-11T03:25:35+00:00,1778469935345,2026-05-11T03:25:35+00:00,1778469935345,1970-01-01T00:00:00+00:00,0,0,1,4,0,184924449,0,4,0.06,0.0,4686.39,0.0,0.0,4686.39,0.0,XAUUSD,[sl 4686.39],
2026-05-11 03:26:00,184925959,2026-05-11T03:26:00+00:00,1778469960212,2026-05-11T03:26:00+00:00,1778469960212,1970-01-01T00:00:00+00:00,1,0,1,4,0,184925959,0,3,0.07,0.0,0.0,4688.6,4662.15,4686.1,0.0,XAUUSD,OV2|66a4ba|H1|S,
2026-05-11 03:30:36,184928017,2026-05-11T03:30:36+00:00,1778470236812,2026-05-11T03:30:36+00:00,1778470236812,1970-01-01T00:00:00+00:00,1,0,1,4,0,184928017,0,3,1.0,0.0,0.0,1.46921,1.42834,1.4621,0.0,XRPUSD,OV2|e37200|H1|S,
2026-05-11 03:31:06,184928587,2026-05-11T03:31:06+00:00,1778470266401,2026-05-11T03:31:06+00:00,1778470266402,1970-01-01T00:00:00+00:00,0,0,1,4,0,184925959,0,4,0.07,0.0,4688.6,0.0,0.0,4688.6,0.0,XAUUSD,[sl 4688.60],
2026-05-11 03:31:14,184928819,2026-05-11T03:31:14+00:00,1778470274380,2026-05-11T03:31:14+00:00,1778470274380,1970-01-01T00:00:00+00:00,1,0,1,4,0,184928819,0,3,0.06,0.0,0.0,4691.34,4664.11,4688.87,0.0,XAUUSD,OV2|8c0de0|H1|S,
2026-05-11 03:31:49,184929356,2026-05-11T03:31:49+00:00,1778470309211,2026-05-11T03:31:49+00:00,1778470309211,1970-01-01T00:00:00+00:00,0,0,1,4,0,184928819,0,4,0.06,0.0,4691.34,0.0,0.0,4691.34,0.0,XAUUSD,[sl 4691.34],
2026-05-11 03:31:49,184929464,2026-05-11T03:31:49+00:00,1778470309984,2026-05-11T03:31:49+00:00,1778470309984,1970-01-01T00:00:00+00:00,1,0,1,4,0,184929464,0,3,0.06,0.0,0.0,4694.3,4666.05,4691.75,0.0,XAUUSD,OV2|1a67a9|M15|S,
2026-05-11 03:32:14,184929947,2026-05-11T03:32:14+00:00,1778470334892,2026-05-11T03:32:14+00:00,1778470334892,1970-01-01T00:00:00+00:00,0,0,1,4,0,184928017,0,4,1.0,0.0,1.46921,0.0,0.0,1.46921,0.0,XRPUSD,[sl 1.46921],
2026-05-11 03:32:17,184929968,2026-05-11T03:32:17+00:00,1778470337931,2026-05-11T03:32:17+00:00,1778470337931,1970-01-01T00:00:00+00:00,1,0,1,4,0,184929968,0,3,1.0,0.0,0.0,1.47488,1.42929,1.46695,0.0,XRPUSD,OV2|cce809|M15|S,
2026-05-11 03:41:53,184935189,2026-05-11T03:41:53+00:00,1778470913261,2026-05-11T03:41:53+00:00,1778470913262,1970-01-01T00:00:00+00:00,1,0,1,4,0,184923468,0,4,1.0,0.0,81543.19,0.0,0.0,81543.19,0.0,BTCUSD,[sl 81543.19],
2026-05-11 04:05:29,184961485,2026-05-11T04:05:29+00:00,1778472329457,2026-05-11T04:05:29+00:00,1778472329457,1970-01-01T00:00:00+00:00,0,0,1,4,0,184929464,0,4,0.06,0.0,4694.3,0.0,0.0,4694.3,0.0,XAUUSD,[sl 4694.30],
2026-05-11 04:05:46,184963478,2026-05-11T04:05:46+00:00,1778472346254,2026-05-11T04:05:46+00:00,1778472346254,1970-01-01T00:00:00+00:00,1,0,1,4,0,184963478,0,3,0.06,0.0,0.0,4699.28,4657.53,4696.91,0.0,XAUUSD,OV2|11d647|H1|S,
2026-05-11 04:06:34,184964339,2026-05-11T04:06:34+00:00,1778472394680,2026-05-11T04:06:34+00:00,1778472394681,1970-01-01T00:00:00+00:00,0,0,1,4,0,184963478,0,4,0.06,0.0,4699.28,0.0,0.0,4699.28,0.0,XAUUSD,[sl 4699.28],
2026-05-11 04:06:53,184964948,2026-05-11T04:06:53+00:00,1778472413770,2026-05-11T04:06:53+00:00,1778472413770,1970-01-01T00:00:00+00:00,1,0,1,4,0,184964948,0,3,0.06,0.0,0.0,4698.04,4655.66,4695.57,0.0,XAUUSD,OV2|09eb08|H1|S,
2026-05-11 04:07:04,184965360,2026-05-11T04:07:04+00:00,1778472424193,2026-05-11T04:07:04+00:00,1778472424193,1970-01-01T00:00:00+00:00,0,0,1,4,0,184964948,0,4,0.06,0.0,4698.04,0.0,0.0,4698.04,0.0,XAUUSD,[sl 4698.04],
2026-05-11 04:07:26,184965752,2026-05-11T04:07:26+00:00,1778472446454,2026-05-11T04:07:26+00:00,1778472446454,1970-01-01T00:00:00+00:00,1,0,1,4,0,184965752,0,3,0.07,0.0,0.0,4700.56,4658.18,4698.06,0.0,XAUUSD,OV2|3a2c11|H1|S,
2026-05-11 04:22:49,184976692,2026-05-11T04:22:49+00:00,1778473369075,2026-05-11T04:22:49+00:00,1778473369076,1970-01-01T00:00:00+00:00,0,0,1,4,0,184965752,0,4,0.07,0.0,4700.56,0.0,0.0,4700.56,0.0,XAUUSD,[sl 4700.56],
2026-05-11 04:38:27,184988653,2026-05-11T04:38:27+00:00,1778474307284,2026-05-11T04:38:27+00:00,1778474307284,1970-01-01T00:00:00+00:00,1,0,1,4,0,184988653,0,3,0.25,0.0,0.0,1.17706,1.17434,1.17638,0.0,EURUSD,OV2|4ff3a7|H1|S,
2026-05-11 05:07:30,185004844,2026-05-11T05:07:30+00:00,1778476050237,2026-05-11T05:07:30+00:00,1778476050237,1970-01-01T00:00:00+00:00,1,0,1,4,0,185004844,0,3,1.0,0.0,0.0,81396.1,80645.26,81379.6,0.0,BTCUSD,OV2|a40764|H1|S,
2026-05-11 05:07:51,185004970,2026-05-11T05:07:51+00:00,1778476071566,2026-05-11T05:07:51+00:00,1778476071566,1970-01-01T00:00:00+00:00,0,0,1,4,0,185004844,0,4,1.0,0.0,81396.1,0.0,0.0,81396.1,0.0,BTCUSD,[sl 81396.10],
2026-05-11 05:08:03,185005102,2026-05-11T05:08:03+00:00,1778476083397,2026-05-11T05:08:03+00:00,1778476083397,1970-01-01T00:00:00+00:00,1,0,1,4,0,185005102,0,3,0.99,0.0,0.0,81403.65,80635.97,81387.15,0.0,BTCUSD,OV2|7f374f|H1|S,
2026-05-11 05:08:08,185005142,2026-05-11T05:08:08+00:00,1778476088513,2026-05-11T05:08:08+00:00,1778476088514,1970-01-01T00:00:00+00:00,0,0,1,4,0,185005102,0,4,0.99,0.0,81403.65,0.0,0.0,81403.65,0.0,BTCUSD,[sl 81403.65],
2026-05-11 05:08:36,185005244,2026-05-11T05:08:36+00:00,1778476116083,2026-05-11T05:08:36+00:00,1778476116083,1970-01-01T00:00:00+00:00,1,0,1,4,0,185005244,0,3,1.0,0.0,0.0,81408.94,80641.26,81392.44,0.0,BTCUSD,OV2|66f5ca|H1|S,
2026-05-11 05:08:43,185005265,2026-05-11T05:08:43+00:00,1778476123019,2026-05-11T05:08:43+00:00,1778476123019,1970-01-01T00:00:00+00:00,0,0,1,4,0,185005244,0,4,1.0,0.0,81408.94,0.0,0.0,81408.94,0.0,BTCUSD,[sl 81408.94],
2026-05-11 05:09:08,185005398,2026-05-11T05:09:08+00:00,1778476148935,2026-05-11T05:09:08+00:00,1778476148935,1970-01-01T00:00:00+00:00,1,0,1,4,0,185005398,0,3,0.99,0.0,0.0,81422.68,80688.85,81406.18,0.0,BTCUSD,OV2|47367a|H1|S,
2026-05-11 05:09:16,185005419,2026-05-11T05:09:16+00:00,1778476156253,2026-05-11T05:09:16+00:00,1778476156253,1970-01-01T00:00:00+00:00,0,0,1,4,0,185005398,0,4,0.99,0.0,81422.68,0.0,0.0,81422.68,0.0,BTCUSD,[sl 81422.68],
2026-05-11 05:09:31,185005714,2026-05-11T05:09:31+00:00,1778476171920,2026-05-11T05:09:31+00:00,1778476171920,1970-01-01T00:00:00+00:00,1,0,1,4,0,185005714,0,3,0.99,0.0,0.0,81432.76,80694.1,81416.26,0.0,BTCUSD,OV2|cdaf8a|H1|S,
2026-05-11 05:11:02,185006072,2026-05-11T05:11:02+00:00,1778476262819,2026-05-11T05:11:02+00:00,1778476262819,1970-01-01T00:00:00+00:00,0,0,1,4,0,185005714,0,4,0.99,0.0,81432.76,0.0,0.0,81432.76,0.0,BTCUSD,[sl 81432.76],
2026-05-11 05:12:16,185006500,2026-05-11T05:12:16+00:00,1778476336482,2026-05-11T05:12:16+00:00,1778476336482,1970-01-01T00:00:00+00:00,1,0,1,4,0,185006500,0,3,1.0,0.0,0.0,81423.7,80710.91,81406.69,0.0,BTCUSD,OV2|c7ba98|H1|S,
2026-05-11 05:12:58,185006786,2026-05-11T05:12:58+00:00,1778476378615,2026-05-11T05:12:58+00:00,1778476378616,1970-01-01T00:00:00+00:00,0,0,1,4,0,185006500,0,4,1.0,0.0,81423.7,0.0,0.0,81423.7,0.0,BTCUSD,[sl 81423.70],
2026-05-11 05:13:50,185007098,2026-05-11T05:13:50+00:00,1778476430131,2026-05-11T05:13:50+00:00,1778476430131,1970-01-01T00:00:00+00:00,1,0,1,4,0,185007098,0,3,1.0,0.0,0.0,81420.69,80697.27,81404.19,0.0,BTCUSD,OV2|025279|H1|S,
2026-05-11 05:23:10,185008730,2026-05-11T05:23:10+00:00,1778476990328,2026-05-11T05:23:10+00:00,1778476990328,1970-01-01T00:00:00+00:00,1,0,1,4,0,185008730,0,3,0.07,0.0,0.0,4686.85,4658.19,4684.35,0.0,XAUUSD,OV2|36ce08|H1|S,
2026-05-11 05:24:58,185008960,2026-05-11T05:24:58+00:00,1778477098413,2026-05-11T05:24:58+00:00,1778477098414,1970-01-01T00:00:00+00:00,0,0,1,4,0,185008730,0,4,0.07,0.0,4686.85,0.0,0.0,4686.85,0.0,XAUUSD,[sl 4686.85],
2026-05-11 05:28:03,185009651,2026-05-11T05:28:03+00:00,1778477283994,2026-05-11T05:28:03+00:00,1778477283994,1970-01-01T00:00:00+00:00,1,0,1,4,0,185009651,0,3,0.07,0.0,0.0,4689.57,4661.1,4687.07,0.0,XAUUSD,OV2|bfb5c9|H1|S,
2026-05-11 05:30:00,185010040,2026-05-11T05:30:00+00:00,1778477400715,2026-05-11T05:30:00+00:00,1778477400717,1970-01-01T00:00:00+00:00,0,0,1,4,0,185009651,0,4,0.07,0.0,4689.57,0.0,0.0,4689.57,0.0,XAUUSD,[sl 4689.57],
2026-05-11 05:31:39,185011318,2026-05-11T05:31:39+00:00,1778477499977,2026-05-11T05:31:39+00:00,1778477499977,1970-01-01T00:00:00+00:00,1,0,1,4,0,185011318,0,3,0.07,0.0,0.0,4695.11,4666.43,4692.61,0.0,XAUUSD,OV2|7c00ba|H1|S,
2026-05-11 05:31:59,185011444,2026-05-11T05:31:59+00:00,1778477519184,2026-05-11T05:31:59+00:00,1778477519186,1970-01-01T00:00:00+00:00,0,0,1,4,0,185011318,0,4,0.07,0.0,4695.11,0.0,0.0,4695.11,0.0,XAUUSD,[sl 4695.11],
2026-05-11 05:32:16,185011798,2026-05-11T05:32:16+00:00,1778477536075,2026-05-11T05:32:16+00:00,1778477536075,1970-01-01T00:00:00+00:00,1,0,1,4,0,185011798,0,3,0.07,0.0,0.0,4696.89,4667.77,4694.39,0.0,XAUUSD,OV2|5f8d46|H1|S,
2026-05-11 05:37:01,185013429,2026-05-11T05:37:01+00:00,1778477821762,2026-05-11T05:37:01+00:00,1778477821762,1970-01-01T00:00:00+00:00,0,0,1,4,0,185011798,0,4,0.07,0.0,4696.89,0.0,0.0,4696.89,0.0,XAUUSD,[sl 4696.89],
2026-05-11 05:37:27,185013679,2026-05-11T05:37:27+00:00,1778477847169,2026-05-11T05:37:27+00:00,1778477847169,1970-01-01T00:00:00+00:00,1,0,1,4,0,185013679,0,3,0.07,0.0,0.0,4698.45,4671.14,4695.93,0.0,XAUUSD,OV2|abb66a|H1|S,
2026-05-11 05:37:45,185013841,2026-05-11T05:37:45+00:00,1778477865606,2026-05-11T05:37:45+00:00,1778477865606,1970-01-01T00:00:00+00:00,0,0,1,4,0,185013679,0,4,0.07,0.0,4698.45,0.0,0.0,4698.45,0.0,XAUUSD,[sl 4698.45],
2026-05-11 05:38:00,185014226,2026-05-11T05:38:00+00:00,1778477880268,2026-05-11T05:38:00+00:00,1778477880268,1970-01-01T00:00:00+00:00,1,0,1,4,0,185014226,0,3,0.06,0.0,0.0,4701.82,4673.72,4699.48,0.0,XAUUSD,OV2|7ec8f5|H1|S,
2026-05-11 06:13:24,185029739,2026-05-11T06:13:24+00:00,1778480004099,2026-05-11T06:13:24+00:00,1778480004099,1970-01-01T00:00:00+00:00,0,0,1,4,0,185007098,0,5,1.0,0.0,80697.27,0.0,0.0,80697.27,0.0,BTCUSD,[tp 80697.27],
2026-05-11 06:14:50,185030139,2026-05-11T06:14:50+00:00,1778480090098,2026-05-11T06:14:50+00:00,1778480090098,1970-01-01T00:00:00+00:00,1,0,1,4,0,185030139,0,3,1.0,0.0,0.0,80710.46,80039.85,80693.96,0.0,BTCUSD,OV2|0843a2|H1|S,
2026-05-11 06:44:34,185036718,2026-05-11T06:44:34+00:00,1778481874557,2026-05-11T06:44:34+00:00,1778481874557,1970-01-01T00:00:00+00:00,0,0,1,4,0,185030139,0,4,1.0,0.0,80710.46,0.0,0.0,80710.46,0.0,BTCUSD,[sl 80710.46],
2026-05-11 06:46:13,185037179,2026-05-11T06:46:13+00:00,1778481973831,2026-05-11T06:46:13+00:00,1778481973831,1970-01-01T00:00:00+00:00,1,0,1,4,0,185037179,0,3,1.0,0.0,0.0,80745.33,79920.15,80726.83,0.0,BTCUSD,OV2|2b2460|H1|S,
2026-05-11 06:46:27,185037222,2026-05-11T06:46:27+00:00,1778481987816,2026-05-11T06:46:27+00:00,1778481987817,1970-01-01T00:00:00+00:00,0,0,1,4,0,185037179,0,4,1.0,0.0,80745.33,0.0,0.0,80745.33,0.0,BTCUSD,[sl 80745.33],
2026-05-11 06:46:46,185037251,2026-05-11T06:46:46+00:00,1778482006750,2026-05-11T06:46:46+00:00,1778482006750,1970-01-01T00:00:00+00:00,1,0,1,4,0,185037251,0,3,1.0,0.0,0.0,80760.23,79927.6,80741.73,0.0,BTCUSD,OV2|e1a6f0|H1|S,
2026-05-11 07:03:28,185042034,2026-05-11T07:03:28+00:00,1778483008773,2026-05-11T07:03:28+00:00,1778483008774,1970-01-01T00:00:00+00:00,0,0,1,4,0,185014226,0,5,0.06,0.0,4673.72,0.0,0.0,4673.72,0.0,XAUUSD,[tp 4673.72],
2026-05-11 07:03:30,185042089,2026-05-11T07:03:30+00:00,1778483010535,2026-05-11T07:03:30+00:00,1778483010535,1970-01-01T00:00:00+00:00,1,0,1,4,0,185042089,0,3,0.08,0.0,0.0,4676.06,4656.27,4673.56,0.0,XAUUSD,OV2|9ba77f|H1|S,
2026-05-11 07:03:40,185042208,2026-05-11T07:03:40+00:00,1778483020415,2026-05-11T07:03:40+00:00,1778483020416,1970-01-01T00:00:00+00:00,0,0,1,4,0,185042089,0,4,0.08,0.0,4676.06,0.0,0.0,4676.06,0.0,XAUUSD,[sl 4676.06],
2026-05-11 07:04:01,185042295,2026-05-11T07:04:01+00:00,1778483041444,2026-05-11T07:04:01+00:00,1778483041444,1970-01-01T00:00:00+00:00,1,0,1,4,0,185042295,0,3,0.06,0.0,0.0,4678.21,4658.42,4675.69,0.0,XAUUSD,OV2|cf8308|H1|S,
2026-05-11 07:06:58,185043343,2026-05-11T07:06:58+00:00,1778483218217,2026-05-11T07:06:58+00:00,1778483218217,1970-01-01T00:00:00+00:00,0,0,1,4,0,185042295,0,4,0.06,0.0,4678.21,0.0,0.0,4678.21,0.0,XAUUSD,[sl 4678.21],
2026-05-11 07:07:17,185043463,2026-05-11T07:07:17+00:00,1778483237975,2026-05-11T07:07:17+00:00,1778483237975,1970-01-01T00:00:00+00:00,1,0,1,4,0,185043463,0,3,0.06,0.0,0.0,4681.01,4660.9,4678.51,0.0,XAUUSD,OV2|eb22e7|H1|S,
2026-05-11 07:24:34,185047808,2026-05-11T07:24:34+00:00,1778484274144,2026-05-11T07:24:34+00:00,1778484274144,1970-01-01T00:00:00+00:00,0,0,1,4,0,185037251,0,4,1.0,0.0,80760.23,0.0,0.0,80760.23,0.0,BTCUSD,[sl 80760.23],
2026-05-11 07:24:54,185047844,2026-05-11T07:24:54+00:00,1778484294136,2026-05-11T07:24:54+00:00,1778484294136,1970-01-01T00:00:00+00:00,1,0,1,4,0,185047844,0,3,0.94,0.0,0.0,80760.71,80336.71,80744.21,0.0,BTCUSD,OV2|de59d5|H1|S,
2026-05-11 07:25:08,185047917,2026-05-11T07:25:08+00:00,1778484308679,2026-05-11T07:25:08+00:00,1778484308679,1970-01-01T00:00:00+00:00,0,0,1,4,0,185047844,0,4,0.94,0.0,80760.71,0.0,0.0,80760.71,0.0,BTCUSD,[sl 80760.71],
2026-05-11 07:26:49,185048225,2026-05-11T07:26:49+00:00,1778484409180,2026-05-11T07:26:49+00:00,1778484409180,1970-01-01T00:00:00+00:00,1,0,1,4,0,185048225,0,3,1.0,0.0,0.0,80750.86,80322.73,80731.09,0.0,BTCUSD,OV2|d60e3d|H1|S,
2026-05-11 07:31:50,185050427,2026-05-11T07:31:50+00:00,1778484710246,2026-05-11T07:31:50+00:00,1778484710246,1970-01-01T00:00:00+00:00,0,0,1,4,0,185048225,0,4,1.0,0.0,80750.86,0.0,0.0,80750.86,0.0,BTCUSD,[sl 80750.86],
2026-05-11 07:32:00,185050456,2026-05-11T07:32:00+00:00,1778484720220,2026-05-11T07:32:00+00:00,1778484720220,1970-01-01T00:00:00+00:00,1,0,1,4,0,185050456,0,3,1.0,0.0,0.0,80761.16,80350.53,80744.66,0.0,BTCUSD,OV2|1451e0|H1|S,
2026-05-11 07:32:11,185050509,2026-05-11T07:32:11+00:00,1778484731059,2026-05-11T07:32:11+00:00,1778484731059,1970-01-01T00:00:00+00:00,0,0,1,4,0,185050456,0,4,1.0,0.0,80761.16,0.0,0.0,80761.16,0.0,BTCUSD,[sl 80761.16],
2026-05-11 07:32:18,185050550,2026-05-11T07:32:18+00:00,1778484738517,2026-05-11T07:32:18+00:00,1778484738517,1970-01-01T00:00:00+00:00,1,0,1,4,0,185050550,0,3,1.0,0.0,0.0,80790.49,80364.25,80771.99,0.0,BTCUSD,OV2|1f7282|H1|S,
2026-05-11 07:33:42,185050800,2026-05-11T07:33:42+00:00,1778484822365,2026-05-11T07:33:42+00:00,1778484822365,1970-01-01T00:00:00+00:00,0,0,1,4,0,185050550,0,4,1.0,0.0,80790.49,0.0,0.0,80790.49,0.0,BTCUSD,[sl 80790.49],
2026-05-11 07:33:42,185050801,2026-05-11T07:33:42+00:00,1778484822520,2026-05-11T07:33:42+00:00,1778484822520,1970-01-01T00:00:00+00:00,1,0,1,4,0,185050801,0,3,1.0,0.0,0.0,80800.5,80390.51,80782.0,0.0,BTCUSD,OV2|fe0d24|H1|S,
2026-05-11 07:33:48,185050814,2026-05-11T07:33:48+00:00,1778484828540,2026-05-11T07:33:48+00:00,1778484828540,1970-01-01T00:00:00+00:00,0,0,1,4,0,185050801,0,4,1.0,0.0,80800.5,0.0,0.0,80800.5,0.0,BTCUSD,[sl 80800.50],
2026-05-11 07:34:00,185051025,2026-05-11T07:34:00+00:00,1778484840999,2026-05-11T07:34:00+00:00,1778484840999,1970-01-01T00:00:00+00:00,1,0,1,4,0,185051025,0,3,1.0,0.0,0.0,80799.41,80384.22,80782.91,0.0,BTCUSD,OV2|6fbe04|H1|S,
2026-05-11 07:35:45,185051862,2026-05-11T07:35:45+00:00,1778484945067,2026-05-11T07:35:45+00:00,1778484945068,1970-01-01T00:00:00+00:00,0,0,1,4,0,185051025,0,4,1.0,0.0,80799.41,0.0,0.0,80799.41,0.0,BTCUSD,[sl 80799.41],
2026-05-11 07:36:13,185051939,2026-05-11T07:36:13+00:00,1778484973284,2026-05-11T07:36:13+00:00,1778484973284,1970-01-01T00:00:00+00:00,1,0,1,4,0,185051939,0,3,1.0,0.0,0.0,80805.21,80389.25,80786.71,0.0,BTCUSD,OV2|d8c166|H1|S,
2026-05-11 07:42:54,185052776,2026-05-11T07:42:54+00:00,1778485374294,2026-05-11T07:42:54+00:00,1778485374294,1970-01-01T00:00:00+00:00,0,0,1,4,0,185051939,0,4,1.0,0.0,80805.21,0.0,0.0,80805.21,0.0,BTCUSD,[sl 80805.21],
2026-05-11 07:43:36,185052814,2026-05-11T07:43:36+00:00,1778485416645,2026-05-11T07:43:36+00:00,1778485416645,1970-01-01T00:00:00+00:00,1,0,1,4,0,185052814,0,3,1.0,0.0,0.0,80813.34,80415.44,80796.84,0.0,BTCUSD,OV2|9e34fd|H1|S,
2026-05-11 07:45:08,185052952,2026-05-11T07:45:08+00:00,1778485508387,2026-05-11T07:45:08+00:00,1778485508387,1970-01-01T00:00:00+00:00,0,0,1,4,0,185052814,0,4,1.0,0.0,80813.34,0.0,0.0,80813.34,0.0,BTCUSD,[sl 80813.34],
2026-05-11 07:46:48,185053137,2026-05-11T07:46:48+00:00,1778485608030,2026-05-11T07:46:48+00:00,1778485608030,1970-01-01T00:00:00+00:00,1,0,1,4,0,185053137,0,3,1.0,0.0,0.0,80824.49,80430.5,80807.99,0.0,BTCUSD,OV2|4753f1|H1|S,
2026-05-11 07:53:31,185054084,2026-05-11T07:53:31+00:00,1778486011628,2026-05-11T07:53:31+00:00,1778486011629,1970-01-01T00:00:00+00:00,0,0,1,4,0,185053137,0,4,1.0,0.0,80824.49,0.0,0.0,80824.49,0.0,BTCUSD,[sl 80824.49],
2026-05-11 07:53:32,185054088,2026-05-11T07:53:32+00:00,1778486012338,2026-05-11T07:53:32+00:00,1778486012339,1970-01-01T00:00:00+00:00,1,0,1,4,0,185054088,0,3,1.0,0.0,0.0,80837.31,80420.96,80818.69,0.0,BTCUSD,OV2|5cd325|H1|S,
2026-05-11 07:53:56,185054125,2026-05-11T07:53:56+00:00,1778486036927,2026-05-11T07:53:56+00:00,1778486036928,1970-01-01T00:00:00+00:00,0,0,1,4,0,185054088,0,4,1.0,0.0,80837.31,0.0,0.0,80837.31,0.0,BTCUSD,[sl 80837.31],
2026-05-11 07:54:05,185054152,2026-05-11T07:54:05+00:00,1778486045390,2026-05-11T07:54:05+00:00,1778486045390,1970-01-01T00:00:00+00:00,1,0,1,4,0,185054152,0,3,1.0,0.0,0.0,80856.1,80466.63,80837.6,0.0,BTCUSD,OV2|dcc6fa|H1|S,
2026-05-11 07:54:55,185054207,2026-05-11T07:54:55+00:00,1778486095211,2026-05-11T07:54:55+00:00,1778486095211,1970-01-01T00:00:00+00:00,0,0,1,4,0,185054152,0,4,1.0,0.0,80856.1,0.0,0.0,80856.1,0.0,BTCUSD,[sl 80856.10],
2026-05-11 07:54:57,185054209,2026-05-11T07:54:57+00:00,1778486097485,2026-05-11T07:54:57+00:00,1778486097485,1970-01-01T00:00:00+00:00,1,0,1,4,0,185054209,0,3,1.0,0.0,0.0,80865.63,80471.75,80847.13,0.0,BTCUSD,OV2|e7bf71|H1|S,
2026-05-11 07:54:59,185054218,2026-05-11T07:54:59+00:00,1778486099838,2026-05-11T07:54:59+00:00,1778486099838,1970-01-01T00:00:00+00:00,0,0,1,4,0,185054209,0,4,1.0,0.0,80865.63,0.0,0.0,80865.63,0.0,BTCUSD,[sl 80865.63],
2026-05-11 07:56:55,185054509,2026-05-11T07:56:55+00:00,1778486215709,2026-05-11T07:56:55+00:00,1778486215709,1970-01-01T00:00:00+00:00,1,0,1,4,0,185054509,0,3,1.0,0.0,0.0,80850.83,80450.42,80832.48,0.0,BTCUSD,OV2|d22b8c|H1|S,
2026-05-11 07:57:49,185054586,2026-05-11T07:57:49+00:00,1778486269211,2026-05-11T07:57:49+00:00,1778486269211,1970-01-01T00:00:00+00:00,0,0,1,4,0,185054509,0,4,1.0,0.0,80850.83,0.0,0.0,80850.83,0.0,BTCUSD,[sl 80850.83],
2026-05-11 07:58:02,185054627,2026-05-11T07:58:02+00:00,1778486282044,2026-05-11T07:58:02+00:00,1778486282044,1970-01-01T00:00:00+00:00,1,0,1,4,0,185054627,0,3,1.0,0.0,0.0,80867.88,80490.54,80851.38,0.0,BTCUSD,OV2|eaa202|H1|S,
2026-05-11 08:03:04,185056066,2026-05-11T08:03:04+00:00,1778486584580,2026-05-11T08:03:04+00:00,1778486584580,1970-01-01T00:00:00+00:00,0,0,1,4,0,185054627,0,4,1.0,0.0,80867.88,0.0,0.0,80867.88,0.0,BTCUSD,[sl 80867.88],
2026-05-11 08:03:05,185056070,2026-05-11T08:03:05+00:00,1778486585936,2026-05-11T08:03:05+00:00,1778486585936,1970-01-01T00:00:00+00:00,1,0,1,4,0,185056070,0,3,1.0,0.0,0.0,80876.56,80509.37,80860.06,0.0,BTCUSD,OV2|10e209|H1|S,
2026-05-11 08:03:19,185056098,2026-05-11T08:03:19+00:00,1778486599743,2026-05-11T08:03:19+00:00,1778486599743,1970-01-01T00:00:00+00:00,0,0,1,4,0,185056070,0,4,1.0,0.0,80876.56,0.0,0.0,80876.56,0.0,BTCUSD,[sl 80876.56],
2026-05-11 08:03:52,185056197,2026-05-11T08:03:52+00:00,1778486632973,2026-05-11T08:03:52+00:00,1778486632973,1970-01-01T00:00:00+00:00,1,0,1,4,0,185056197,0,3,1.0,0.0,0.0,80877.56,80503.81,80861.96,0.0,BTCUSD,OV2|16abef|H1|S,
2026-05-11 08:04:01,185056239,2026-05-11T08:04:01+00:00,1778486641718,2026-05-11T08:04:01+00:00,1778486641718,1970-01-01T00:00:00+00:00,0,0,1,4,0,185056197,0,4,1.0,0.0,80877.56,0.0,0.0,80877.56,0.0,BTCUSD,[sl 80877.56],
2026-05-11 08:04:43,185056390,2026-05-11T08:04:43+00:00,1778486683073,2026-05-11T08:04:43+00:00,1778486683073,1970-01-01T00:00:00+00:00,1,0,1,4,0,185056390,0,3,1.0,0.0,0.0,80880.03,80506.28,80861.36,0.0,BTCUSD,OV2|8fd111|H1|S,
2026-05-11 08:05:35,185056534,2026-05-11T08:05:35+00:00,1778486735254,2026-05-11T08:05:35+00:00,1778486735254,1970-01-01T00:00:00+00:00,0,0,1,4,0,185056390,0,4,1.0,0.0,80880.03,0.0,0.0,80880.03,0.0,BTCUSD,[sl 80880.03],
2026-05-11 08:06:41,185056611,2026-05-11T08:06:41+00:00,1778486801814,2026-05-11T08:06:41+00:00,1778486801814,1970-01-01T00:00:00+00:00,1,0,1,4,0,185056611,0,3,1.0,0.0,0.0,80871.09,80506.37,80854.59,0.0,BTCUSD,OV2|cc3fd8|H1|S,
2026-05-11 08:11:29,185057582,2026-05-11T08:11:29+00:00,1778487089085,2026-05-11T08:11:29+00:00,1778487089085,1970-01-01T00:00:00+00:00,0,0,1,4,0,185056611,0,4,1.0,0.0,80871.09,0.0,0.0,80871.09,0.0,BTCUSD,[sl 80871.09],
2026-05-11 08:11:51,185057633,2026-05-11T08:11:51+00:00,1778487111540,2026-05-11T08:11:51+00:00,1778487111540,1970-01-01T00:00:00+00:00,1,0,1,4,0,185057633,0,3,1.0,0.0,0.0,80866.96,80466.92,80850.46,0.0,BTCUSD,OV2|60dfd3|H1|S,
2026-05-11 08:16:20,185058325,2026-05-11T08:16:20+00:00,1778487380838,2026-05-11T08:16:20+00:00,1778487380839,1970-01-01T00:00:00+00:00,0,0,1,4,0,185057633,0,4,1.0,0.0,80866.96,0.0,0.0,80866.96,0.0,BTCUSD,[sl 80866.96],
2026-05-11 08:46:14,185068411,2026-05-11T08:46:14+00:00,1778489174385,2026-05-11T08:46:14+00:00,1778489174385,1970-01-01T00:00:00+00:00,0,0,1,4,0,185043463,0,5,0.06,0.0,4660.9,0.0,0.0,4660.9,0.0,XAUUSD,[tp 4660.90],
2026-05-11 08:46:22,185068493,2026-05-11T08:46:22+00:00,1778489182622,2026-05-11T08:46:22+00:00,1778489182622,1970-01-01T00:00:00+00:00,1,0,1,4,0,185068493,0,3,0.08,0.0,0.0,4665.05,4643.12,4662.55,0.0,XAUUSD,OV2|440021|H1|S,
2026-05-11 09:08:38,185082246,2026-05-11T09:08:38+00:00,1778490518823,2026-05-11T09:08:38+00:00,1778490518823,1970-01-01T00:00:00+00:00,0,0,1,4,0,185068493,0,4,0.08,0.0,4665.05,0.0,0.0,4665.05,0.0,XAUUSD,[sl 4665.05],
2026-05-11 09:08:57,185082437,2026-05-11T09:08:57+00:00,1778490537987,2026-05-11T09:08:57+00:00,1778490537987,1970-01-01T00:00:00+00:00,1,0,1,4,0,185082437,0,3,0.07,0.0,0.0,4666.12,4632.52,4663.62,0.0,XAUUSD,OV2|3af85f|H1|S,
2026-05-11 09:12:39,185083840,2026-05-11T09:12:39+00:00,1778490759322,2026-05-11T09:12:39+00:00,1778490759322,1970-01-01T00:00:00+00:00,0,0,1,4,0,185082437,0,4,0.07,0.0,4666.12,0.0,0.0,4666.12,0.0,XAUUSD,[sl 4666.12],
2026-05-11 09:13:02,185084089,2026-05-11T09:13:02+00:00,1778490782807,2026-05-11T09:13:02+00:00,1778490782807,1970-01-01T00:00:00+00:00,1,0,1,4,0,185084089,0,3,0.07,0.0,0.0,4668.82,4635.8,4666.32,0.0,XAUUSD,OV2|41c575|H1|S,
2026-05-11 09:17:37,185085103,2026-05-11T09:17:37+00:00,1778491057215,2026-05-11T09:17:37+00:00,1778491057215,1970-01-01T00:00:00+00:00,0,0,1,4,0,185084089,0,4,0.07,0.0,4668.82,0.0,0.0,4668.82,0.0,XAUUSD,[sl 4668.82],
2026-05-11 09:17:41,185085181,2026-05-11T09:17:41+00:00,1778491061254,2026-05-11T09:17:41+00:00,1778491061254,1970-01-01T00:00:00+00:00,1,0,1,4,0,185085181,0,3,0.06,0.0,0.0,4670.74,4638.99,4668.24,0.0,XAUUSD,OV2|9cfe57|H1|S,
2026-05-11 09:18:50,185085579,2026-05-11T09:18:50+00:00,1778491130140,2026-05-11T09:18:50+00:00,1778491130140,1970-01-01T00:00:00+00:00,1,0,1,4,0,185085579,0,3,1.0,0.0,0.0,80832.84,80372.08,80816.34,0.0,BTCUSD,OV2|cdd9f2|H1|S,
2026-05-11 09:18:51,185085713,2026-05-11T09:18:51+00:00,1778491131105,2026-05-11T09:18:51+00:00,1778491131105,1970-01-01T00:00:00+00:00,0,0,1,4,0,185085579,0,4,1.0,0.0,80832.84,0.0,0.0,80832.84,0.0,BTCUSD,[sl 80832.84],
2026-05-11 09:19:15,185085793,2026-05-11T09:19:15+00:00,1778491155560,2026-05-11T09:19:15+00:00,1778491155560,1970-01-01T00:00:00+00:00,1,0,1,4,0,185085793,0,3,1.0,0.0,0.0,80849.51,80388.75,80833.01,0.0,BTCUSD,OV2|3c8df3|H1|S,
2026-05-11 09:19:55,185085962,2026-05-11T09:19:55+00:00,1778491195329,2026-05-11T09:19:55+00:00,1778491195329,1970-01-01T00:00:00+00:00,0,0,1,4,0,185085181,0,4,0.06,0.0,4670.74,0.0,0.0,4670.74,0.0,XAUUSD,[sl 4670.74],
2026-05-11 09:19:59,185086014,2026-05-11T09:19:59+00:00,1778491199323,2026-05-11T09:19:59+00:00,1778491199323,1970-01-01T00:00:00+00:00,0,0,1,4,0,185085793,0,4,1.0,0.0,80849.51,0.0,0.0,80849.51,0.0,BTCUSD,[sl 80849.51],
2026-05-11 09:21:52,185086564,2026-05-11T09:21:52+00:00,1778491312516,2026-05-11T09:21:52+00:00,1778491312517,1970-01-01T00:00:00+00:00,1,0,1,4,0,185086564,0,3,0.07,0.0,0.0,4670.08,4638.85,4667.61,0.0,XAUUSD,OV2|d39ff6|H1|S,
2026-05-11 09:30:41,185089251,2026-05-11T09:30:41+00:00,1778491841741,2026-05-11T09:30:41+00:00,1778491841741,1970-01-01T00:00:00+00:00,0,0,1,4,0,185086564,0,4,0.07,0.0,4670.08,0.0,0.0,4670.08,0.0,XAUUSD,[sl 4670.08],
2026-05-11 09:31:27,185089541,2026-05-11T09:31:27+00:00,1778491887291,2026-05-11T09:31:27+00:00,1778491887291,1970-01-01T00:00:00+00:00,1,0,1,4,0,185089541,0,3,0.07,0.0,0.0,4672.3,4644.08,4669.79,0.0,XAUUSD,OV2|957e11|H1|S,
2026-05-11 09:33:44,185089990,2026-05-11T09:33:44+00:00,1778492024226,2026-05-11T09:33:44+00:00,1778492024226,1970-01-01T00:00:00+00:00,0,0,1,4,0,185089541,0,4,0.07,0.0,4672.3,0.0,0.0,4672.3,0.0,XAUUSD,[sl 4672.30],
2026-05-11 09:33:45,185090048,2026-05-11T09:33:45+00:00,1778492025222,2026-05-11T09:33:45+00:00,1778492025222,1970-01-01T00:00:00+00:00,1,0,1,4,0,185090048,0,3,0.06,0.0,0.0,4674.3,4647.41,4671.81,0.0,XAUUSD,OV2|800740|H1|S,
2026-05-11 09:38:41,185091083,2026-05-11T09:38:41+00:00,1778492321831,2026-05-11T09:38:41+00:00,1778492321832,1970-01-01T00:00:00+00:00,0,0,1,4,0,185090048,0,4,0.06,0.0,4674.3,0.0,0.0,4674.3,0.0,XAUUSD,[sl 4674.30],
2026-05-11 09:39:11,185091252,2026-05-11T09:39:11+00:00,1778492351480,2026-05-11T09:39:11+00:00,1778492351480,1970-01-01T00:00:00+00:00,1,0,1,4,0,185091252,0,3,0.08,0.0,0.0,4674.55,4651.2,4672.05,0.0,XAUUSD,OV2|282971|H1|S,
2026-05-11 09:44:14,185092152,2026-05-11T09:44:14+00:00,1778492654807,2026-05-11T09:44:14+00:00,1778492654808,1970-01-01T00:00:00+00:00,0,0,1,4,0,185091252,0,4,0.08,0.0,4674.55,0.0,0.0,4674.55,0.0,XAUUSD,[sl 4674.55],
2026-05-11 09:44:15,185092156,2026-05-11T09:44:15+00:00,1778492655626,2026-05-11T09:44:15+00:00,1778492655626,1970-01-01T00:00:00+00:00,1,0,1,4,0,185092156,0,3,0.06,0.0,0.0,4676.7,4653.78,4674.2,0.0,XAUUSD,OV2|c86a3c|H1|S,
2026-05-11 09:48:54,185093102,2026-05-11T09:48:54+00:00,1778492934232,2026-05-11T09:48:54+00:00,1778492934233,1970-01-01T00:00:00+00:00,0,0,1,4,0,185092156,0,4,0.06,0.0,4676.7,0.0,0.0,4676.7,0.0,XAUUSD,[sl 4676.70],
2026-05-11 10:01:09,185097598,2026-05-11T10:01:09+00:00,1778493669901,2026-05-11T10:01:09+00:00,1778493669901,1970-01-01T00:00:00+00:00,0,0,1,4,0,185097598,0,3,0.25,0.0,0.0,1.3593600000000001,1.36232,1.3601,0.0,GBPUSD,OV2|889c7c|H1|B,
2026-05-11 10:21:20,185102556,2026-05-11T10:21:20+00:00,1778494880709,2026-05-11T10:21:20+00:00,1778494880709,1970-01-01T00:00:00+00:00,1,0,1,4,0,185102556,0,3,1.0,0.0,0.0,80810.66,80401.47,80794.16,0.0,BTCUSD,OV2|398023|H1|S,
2026-05-11 10:21:25,185102561,2026-05-11T10:21:25+00:00,1778494885190,2026-05-11T10:21:25+00:00,1778494885190,1970-01-01T00:00:00+00:00,0,0,1,4,0,185102556,0,4,1.0,0.0,80810.66,0.0,0.0,80810.66,0.0,BTCUSD,[sl 80810.66],
2026-05-11 10:21:55,185102627,2026-05-11T10:21:55+00:00,1778494915880,2026-05-11T10:21:55+00:00,1778494915880,1970-01-01T00:00:00+00:00,1,0,1,4,0,185102627,0,3,1.0,0.0,0.0,80784.25,80355.39,80765.75,0.0,BTCUSD,OV2|ec436d|H1|S,
2026-05-11 10:23:22,185102863,2026-05-11T10:23:22+00:00,1778495002233,2026-05-11T10:23:22+00:00,1778495002233,1970-01-01T00:00:00+00:00,0,0,1,4,0,184988653,0,4,0.25,0.0,1.17706,0.0,0.0,1.17706,0.0,EURUSD,[sl 1.17706],
2026-05-11 10:26:32,185103815,2026-05-11T10:26:32+00:00,1778495192407,2026-05-11T10:26:32+00:00,1778495192407,1970-01-01T00:00:00+00:00,0,0,1,4,0,185102627,0,4,1.0,0.0,80784.25,0.0,0.0,80784.25,0.0,BTCUSD,[sl 80784.25],
2026-05-11 10:26:33,185103817,2026-05-11T10:26:33+00:00,1778495193563,2026-05-11T10:26:33+00:00,1778495193563,1970-01-01T00:00:00+00:00,1,0,1,4,0,185103817,0,3,1.0,0.0,0.0,80792.0,80366.73,80775.5,0.0,BTCUSD,OV2|a50b64|H1|S,
2026-05-11 11:01:35,185112613,2026-05-11T11:01:35+00:00,1778497295479,2026-05-11T11:01:35+00:00,1778497295479,1970-01-01T00:00:00+00:00,1,0,1,4,0,185112613,0,3,0.07,0.0,0.0,4669.08,4649.81,4666.58,0.0,XAUUSD,OV2|58d5a3|H1|S,
2026-05-11 11:04:48,185113348,2026-05-11T11:04:48+00:00,1778497488605,2026-05-11T11:04:48+00:00,1778497488605,1970-01-01T00:00:00+00:00,0,0,1,4,0,185112613,0,4,0.07,0.0,4669.08,0.0,0.0,4669.08,0.0,XAUUSD,[sl 4669.08],
2026-05-11 11:06:48,185114234,2026-05-11T11:06:48+00:00,1778497608125,2026-05-11T11:06:48+00:00,1778497608125,1970-01-01T00:00:00+00:00,1,0,1,4,0,185114234,0,3,0.07,0.0,0.0,4672.32,4651.88,4669.83,0.0,XAUUSD,OV2|5686da|H1|S,
2026-05-11 11:11:49,185115985,2026-05-11T11:11:49+00:00,1778497909989,2026-05-11T11:11:49+00:00,1778497909989,1970-01-01T00:00:00+00:00,0,0,1,4,0,185114234,0,4,0.07,0.0,4672.32,0.0,0.0,4672.32,0.0,XAUUSD,[sl 4672.32],
2026-05-11 11:11:55,185116199,2026-05-11T11:11:55+00:00,1778497915877,2026-05-11T11:11:55+00:00,1778497915877,1970-01-01T00:00:00+00:00,1,0,1,4,0,185116199,0,3,0.06,0.0,0.0,4675.33,4651.64,4672.83,0.0,XAUUSD,OV2|acb0b9|H1|S,
2026-05-11 11:18:40,185118756,2026-05-11T11:18:40+00:00,1778498320874,2026-05-11T11:18:40+00:00,1778498320874,1970-01-01T00:00:00+00:00,0,0,1,4,0,185116199,0,4,0.06,0.0,4675.33,0.0,0.0,4675.33,0.0,XAUUSD,[sl 4675.33],
2026-05-11 11:18:48,185118824,2026-05-11T11:18:48+00:00,1778498328197,2026-05-11T11:18:48+00:00,1778498328197,1970-01-01T00:00:00+00:00,1,0,1,4,0,185118824,0,3,0.06,0.0,0.0,4677.29,4654.15,4674.79,0.0,XAUUSD,OV2|2debec|H1|S,
2026-05-11 11:22:00,185120482,2026-05-11T11:22:00+00:00,1778498520730,2026-05-11T11:22:00+00:00,1778498520730,1970-01-01T00:00:00+00:00,0,0,1,4,0,185118824,0,4,0.06,0.0,4677.29,0.0,0.0,4677.29,0.0,XAUUSD,[sl 4677.29],
2026-05-11 11:22:12,185120759,2026-05-11T11:22:12+00:00,1778498532240,2026-05-11T11:22:12+00:00,1778498532240,1970-01-01T00:00:00+00:00,1,0,1,4,0,185120759,0,3,0.07,0.0,0.0,4678.57,4654.66,4676.07,0.0,XAUUSD,OV2|2f1bfd|M15|S,
2026-05-11 11:23:32,185121165,2026-05-11T11:23:32+00:00,1778498612480,2026-05-11T11:23:32+00:00,1778498612480,1970-01-01T00:00:00+00:00,0,0,1,4,0,185120759,0,4,0.07,0.0,4678.57,0.0,0.0,4678.57,0.0,XAUUSD,[sl 4678.57],
2026-05-11 11:26:39,185121778,2026-05-11T11:26:39+00:00,1778498799473,2026-05-11T11:26:39+00:00,1778498799473,1970-01-01T00:00:00+00:00,1,0,1,4,0,185121778,0,3,0.08,0.0,0.0,4678.23,4654.34,4675.73,0.0,XAUUSD,OV2|ac276a|H1|S,
2026-05-11 11:38:44,185124896,2026-05-11T11:38:44+00:00,1778499524134,2026-05-11T11:38:44+00:00,1778499524134,1970-01-01T00:00:00+00:00,0,0,1,4,0,185103817,0,4,1.0,0.0,80792.0,0.0,0.0,80792.0,0.0,BTCUSD,[sl 80792.00],
2026-05-11 11:39:21,185125007,2026-05-11T11:39:21+00:00,1778499561750,2026-05-11T11:39:21+00:00,1778499561751,1970-01-01T00:00:00+00:00,1,0,1,4,0,185125007,0,3,1.0,0.0,0.0,80801.97,80316.41,80785.47,0.0,BTCUSD,OV2|2454ea|H1|S,
2026-05-11 11:41:21,185125401,2026-05-11T11:41:21+00:00,1778499681931,2026-05-11T11:41:21+00:00,1778499681931,1970-01-01T00:00:00+00:00,0,0,1,4,0,185125007,0,4,1.0,0.0,80801.97,0.0,0.0,80801.97,0.0,BTCUSD,[sl 80801.97],
2026-05-11 11:41:49,185125522,2026-05-11T11:41:49+00:00,1778499709412,2026-05-11T11:41:49+00:00,1778499709412,1970-01-01T00:00:00+00:00,1,0,1,4,0,185125522,0,3,1.0,0.0,0.0,80835.44,80321.6,80818.94,0.0,BTCUSD,OV2|6dd0c7|H1|S,
2026-05-11 11:44:29,185125962,2026-05-11T11:44:29+00:00,1778499869311,2026-05-11T11:44:29+00:00,1778499869311,1970-01-01T00:00:00+00:00,0,0,1,4,0,185125522,0,4,1.0,0.0,80835.44,0.0,0.0,80835.44,0.0,BTCUSD,[sl 80835.44],
2026-05-11 11:44:40,185125983,2026-05-11T11:44:40+00:00,1778499880073,2026-05-11T11:44:40+00:00,1778499880073,1970-01-01T00:00:00+00:00,1,0,1,4,0,185125983,0,3,1.0,0.0,0.0,80841.2,80338.37,80824.7,0.0,BTCUSD,OV2|2db943|H1|S,
2026-05-11 11:46:20,185126194,2026-05-11T11:46:20+00:00,1778499980139,2026-05-11T11:46:20+00:00,1778499980139,1970-01-01T00:00:00+00:00,0,0,1,4,0,185125983,0,4,1.0,0.0,80841.2,0.0,0.0,80841.2,0.0,BTCUSD,[sl 80841.20],
2026-05-11 11:51:29,185126921,2026-05-11T11:51:29+00:00,1778500289861,2026-05-11T11:51:29+00:00,1778500289861,1970-01-01T00:00:00+00:00,1,0,1,4,0,185126921,0,3,1.0,0.0,0.0,80823.13,80371.0,80804.63,0.0,BTCUSD,OV2|c3f396|H1|S,
2026-05-11 11:53:48,185127308,2026-05-11T11:53:48+00:00,1778500428515,2026-05-11T11:53:48+00:00,1778500428516,1970-01-01T00:00:00+00:00,0,0,1,4,0,185126921,0,4,1.0,0.0,80823.13,0.0,0.0,80823.13,0.0,BTCUSD,[sl 80823.13],
2026-05-11 11:54:13,185127406,2026-05-11T11:54:13+00:00,1778500453135,2026-05-11T11:54:13+00:00,1778500453136,1970-01-01T00:00:00+00:00,1,0,1,4,0,185127406,0,3,1.0,0.0,0.0,80822.44,80391.69,80805.94,0.0,BTCUSD,OV2|1b0139|H1|S,
2026-05-11 12:04:58,185130067,2026-05-11T12:04:58+00:00,1778501098737,2026-05-11T12:04:58+00:00,1778501098737,1970-01-01T00:00:00+00:00,0,0,1,4,0,185127406,0,4,1.0,0.0,80822.44,0.0,0.0,80822.44,0.0,BTCUSD,[sl 80822.44],
2026-05-11 12:32:20,185136529,2026-05-11T12:32:20+00:00,1778502740884,2026-05-11T12:32:20+00:00,1778502740885,1970-01-01T00:00:00+00:00,0,0,1,4,0,185121778,0,5,0.08,0.0,4654.34,0.0,0.0,4654.34,0.0,XAUUSD,[tp 4654.34],
2026-05-11 12:32:37,185137096,2026-05-11T12:32:37+00:00,1778502757565,2026-05-11T12:32:37+00:00,1778502757565,1970-01-01T00:00:00+00:00,1,0,1,4,0,185137096,0,3,0.06,0.0,0.0,4656.65,4638.94,4654.15,0.0,XAUUSD,OV2|371a7d|H1|S,
2026-05-11 12:35:37,185138389,2026-05-11T12:35:37+00:00,1778502937504,2026-05-11T12:35:37+00:00,1778502937505,1970-01-01T00:00:00+00:00,0,0,1,4,0,185137096,0,4,0.06,0.0,4656.65,0.0,0.0,4656.65,0.0,XAUUSD,[sl 4656.65],
2026-05-11 12:36:18,185138751,2026-05-11T12:36:18+00:00,1778502978703,2026-05-11T12:36:18+00:00,1778502978703,1970-01-01T00:00:00+00:00,1,0,1,4,0,185138751,0,3,0.06,0.0,0.0,4659.62,4640.88,4657.13,0.0,XAUUSD,OV2|bd47fd|H1|S,
2026-05-11 12:36:58,185139232,2026-05-11T12:36:58+00:00,1778503018257,2026-05-11T12:36:58+00:00,1778503018257,1970-01-01T00:00:00+00:00,0,0,1,4,0,185138751,0,4,0.06,0.0,4659.62,0.0,0.0,4659.62,0.0,XAUUSD,[sl 4659.62],
2026-05-11 12:37:23,185139572,2026-05-11T12:37:23+00:00,1778503043554,2026-05-11T12:37:23+00:00,1778503043554,1970-01-01T00:00:00+00:00,1,0,1,4,0,185139572,0,3,0.07,0.0,0.0,4661.97,4642.4,4659.47,0.0,XAUUSD,OV2|5dd3c3|H1|S,
2026-05-11 12:43:45,185140930,2026-05-11T12:43:45+00:00,1778503425870,2026-05-11T12:43:45+00:00,1778503425871,1970-01-01T00:00:00+00:00,0,0,1,4,0,185139572,0,4,0.07,0.0,4661.97,0.0,0.0,4661.97,0.0,XAUUSD,[sl 4661.97],
2026-05-11 12:43:50,185140999,2026-05-11T12:43:50+00:00,1778503430320,2026-05-11T12:43:50+00:00,1778503430320,1970-01-01T00:00:00+00:00,1,0,1,4,0,185140999,0,3,0.06,0.0,0.0,4664.1,4644.15,4661.6,0.0,XAUUSD,OV2|a7b5b7|H1|S,
2026-05-11 12:46:01,185141815,2026-05-11T12:46:01+00:00,1778503561062,2026-05-11T12:46:01+00:00,1778503561062,1970-01-01T00:00:00+00:00,0,0,1,4,0,185140999,0,4,0.06,0.0,4664.1,0.0,0.0,4664.1,0.0,XAUUSD,[sl 4664.10],
2026-05-11 12:46:53,185142271,2026-05-11T12:46:53+00:00,1778503613790,2026-05-11T12:46:53+00:00,1778503613791,1970-01-01T00:00:00+00:00,1,0,1,4,0,185142271,0,3,0.07,0.0,0.0,4665.04,4644.46,4662.54,0.0,XAUUSD,OV2|277ecc|H1|S,
2026-05-11 13:01:04,185145640,2026-05-11T13:01:04+00:00,1778504464478,2026-05-11T13:01:04+00:00,1778504464478,1970-01-01T00:00:00+00:00,0,0,1,4,0,185145640,0,3,1.0,0.0,0.0,80932.75,81255.45,80949.25,0.0,BTCUSD,OV2|5e4d9e|H1|B,
2026-05-11 13:03:38,185146226,2026-05-11T13:03:38+00:00,1778504618331,2026-05-11T13:03:38+00:00,1778504618331,1970-01-01T00:00:00+00:00,1,0,1,4,0,185145640,0,4,1.0,0.0,80932.75,0.0,0.0,80932.75,0.0,BTCUSD,[sl 80932.75],
2026-05-11 13:03:43,185146268,2026-05-11T13:03:43+00:00,1778504623592,2026-05-11T13:03:43+00:00,1778504623592,1970-01-01T00:00:00+00:00,0,0,1,4,0,185146268,0,3,1.0,0.0,0.0,80932.62,81265.62,80949.12,0.0,BTCUSD,OV2|f369b4|H1|B,
2026-05-11 13:04:01,185146311,2026-05-11T13:04:01+00:00,1778504641593,2026-05-11T13:04:01+00:00,1778504641593,1970-01-01T00:00:00+00:00,1,0,1,4,0,185146268,0,4,1.0,0.0,80932.62,0.0,0.0,80932.62,0.0,BTCUSD,[sl 80932.62],
2026-05-11 13:04:18,185146359,2026-05-11T13:04:18+00:00,1778504658137,2026-05-11T13:04:18+00:00,1778504658138,1970-01-01T00:00:00+00:00,0,0,1,4,0,185146359,0,3,1.0,0.0,0.0,80939.8,81272.8,80956.3,0.0,BTCUSD,OV2|185415|H1|B,
2026-05-11 13:04:43,185146402,2026-05-11T13:04:43+00:00,1778504683753,2026-05-11T13:04:43+00:00,1778504683754,1970-01-01T00:00:00+00:00,1,0,1,4,0,185146359,0,4,1.0,0.0,80939.8,0.0,0.0,80939.8,0.0,BTCUSD,[sl 80939.80],
2026-05-11 13:05:52,185146649,2026-05-11T13:05:52+00:00,1778504752983,2026-05-11T13:05:52+00:00,1778504752983,1970-01-01T00:00:00+00:00,0,0,1,4,0,185146649,0,3,1.0,0.0,0.0,80947.64,81280.64,80964.14,0.0,BTCUSD,OV2|51fb5b|H1|B,
2026-05-11 13:06:01,185146685,2026-05-11T13:06:01+00:00,1778504761813,2026-05-11T13:06:01+00:00,1778504761813,1970-01-01T00:00:00+00:00,1,0,1,4,0,185146649,0,4,1.0,0.0,80947.64,0.0,0.0,80947.64,0.0,BTCUSD,[sl 80947.64],
2026-05-11 13:06:22,185146766,2026-05-11T13:06:22+00:00,1778504782743,2026-05-11T13:06:22+00:00,1778504782743,1970-01-01T00:00:00+00:00,0,0,1,4,0,185146766,0,3,1.0,0.0,0.0,80936.04,81255.88,80952.54,0.0,BTCUSD,OV2|f2fa1b|H1|B,
2026-05-11 13:06:30,185146788,2026-05-11T13:06:30+00:00,1778504790083,2026-05-11T13:06:30+00:00,1778504790084,1970-01-01T00:00:00+00:00,1,0,1,4,0,185097598,0,4,0.25,0.0,1.3593600000000001,0.0,0.0,1.3593600000000001,0.0,GBPUSD,[sl 1.35936],
2026-05-11 13:24:42,185150516,2026-05-11T13:24:42+00:00,1778505882465,2026-05-11T13:24:42+00:00,1778505882466,1970-01-01T00:00:00+00:00,0,0,1,4,0,185142271,0,4,0.07,0.0,4665.04,0.0,0.0,4665.04,0.0,XAUUSD,[sl 4665.04],
2026-05-11 13:24:57,185150647,2026-05-11T13:24:57+00:00,1778505897768,2026-05-11T13:24:57+00:00,1778505897768,1970-01-01T00:00:00+00:00,1,0,1,4,0,185150647,0,3,0.07,0.0,0.0,4667.01,4649.32,4664.69,0.0,XAUUSD,OV2|095a59|H1|S,
2026-05-11 13:46:07,185155258,2026-05-11T13:46:07+00:00,1778507167503,2026-05-11T13:46:07+00:00,1778507167503,1970-01-01T00:00:00+00:00,1,0,1,4,0,185155258,0,3,0.25,0.0,0.0,1.35986,1.35714,1.35918,0.0,GBPUSD,OV2|55a73f|H1|S,
2026-05-11 13:49:18,185155807,2026-05-11T13:49:18+00:00,1778507358211,2026-05-11T13:49:18+00:00,1778507358211,1970-01-01T00:00:00+00:00,0,0,1,4,0,185155258,0,4,0.25,0.0,1.35986,0.0,0.0,1.35986,0.0,GBPUSD,[sl 1.35986],
2026-05-11 13:52:37,185156714,2026-05-11T13:52:37+00:00,1778507557242,2026-05-11T13:52:37+00:00,1778507557243,1970-01-01T00:00:00+00:00,0,0,1,4,0,185150647,0,4,0.07,0.0,4667.01,0.0,0.0,4667.01,0.0,XAUUSD,[sl 4667.01],
2026-05-11 13:56:29,185157649,2026-05-11T13:56:29+00:00,1778507789733,2026-05-11T13:56:29+00:00,1778507789733,1970-01-01T00:00:00+00:00,1,0,1,4,0,185157649,0,3,0.25,0.0,0.0,1.35994,1.35713,1.35925,0.0,GBPUSD,OV2|80a84b|H1|S,
2026-05-11 13:59:28,185158066,2026-05-11T13:59:28+00:00,1778507968107,2026-05-11T13:59:28+00:00,1778507968108,1970-01-01T00:00:00+00:00,1,0,1,4,0,185146766,0,4,1.0,0.0,80936.04,0.0,0.0,80936.04,0.0,BTCUSD,[sl 80936.04],
2026-05-11 13:59:44,185158097,2026-05-11T13:59:44+00:00,1778507984813,2026-05-11T13:59:44+00:00,1778507984813,1970-01-01T00:00:00+00:00,0,0,1,4,0,185158097,0,3,1.0,0.0,0.0,80927.8,81423.14,80944.3,0.0,BTCUSD,OV2|e6ac76|H1|B,
2026-05-11 13:59:49,185158103,2026-05-11T13:59:49+00:00,1778507989392,2026-05-11T13:59:49+00:00,1778507989392,1970-01-01T00:00:00+00:00,1,0,1,4,0,185158097,0,4,1.0,0.0,80927.8,0.0,0.0,80927.8,0.0,BTCUSD,[sl 80927.80],
2026-05-11 14:00:49,185158773,2026-05-11T14:00:49+00:00,1778508049961,2026-05-11T14:00:49+00:00,1778508049961,1970-01-01T00:00:00+00:00,0,0,1,4,0,185158773,0,3,1.0,0.0,0.0,80957.37,81434.59,80975.87,0.0,BTCUSD,OV2|54479f|H1|B,
2026-05-11 14:01:12,185158827,2026-05-11T14:01:12+00:00,1778508072750,2026-05-11T14:01:12+00:00,1778508072751,1970-01-01T00:00:00+00:00,1,0,1,4,0,185158773,0,4,1.0,0.0,80957.37,0.0,0.0,80957.37,0.0,BTCUSD,[sl 80957.37],
2026-05-11 14:01:35,185158904,2026-05-11T14:01:35+00:00,1778508095340,2026-05-11T14:01:35+00:00,1778508095341,1970-01-01T00:00:00+00:00,0,0,1,4,0,185158904,0,3,1.0,0.0,0.0,80957.82,81433.04,80974.32,0.0,BTCUSD,OV2|32e3e0|H1|B,
2026-05-11 14:01:54,185159020,2026-05-11T14:01:54+00:00,1778508114368,2026-05-11T14:01:54+00:00,1778508114369,1970-01-01T00:00:00+00:00,1,0,1,4,0,185158904,0,4,1.0,0.0,80957.82,0.0,0.0,80957.82,0.0,BTCUSD,[sl 80957.82],
2026-05-11 14:02:11,185159093,2026-05-11T14:02:11+00:00,1778508131358,2026-05-11T14:02:11+00:00,1778508131358,1970-01-01T00:00:00+00:00,0,0,1,4,0,185159093,0,3,1.0,0.0,0.0,80944.18,81424.62,80960.68,0.0,BTCUSD,OV2|94b1e2|H1|B,
2026-05-11 14:05:26,185161731,2026-05-11T14:05:26+00:00,1778508326522,2026-05-11T14:05:26+00:00,1778508326522,1970-01-01T00:00:00+00:00,0,0,1,4,0,185157649,0,4,0.25,0.0,1.35994,0.0,0.0,1.35994,0.0,GBPUSD,[sl 1.35994],
2026-05-11 14:06:12,185161960,2026-05-11T14:06:12+00:00,1778508372579,2026-05-11T14:06:12+00:00,1778508372579,1970-01-01T00:00:00+00:00,1,0,1,4,0,185161960,0,3,0.21,0.0,0.0,1.36052,1.35708,1.35968,0.0,GBPUSD,OV2|1eb52e|H1|S,
2026-05-11 14:06:58,185162101,2026-05-11T14:06:58+00:00,1778508418332,2026-05-11T14:06:58+00:00,1778508418332,1970-01-01T00:00:00+00:00,1,0,1,4,0,185159093,0,4,1.0,0.0,80944.18,0.0,0.0,80944.18,0.0,BTCUSD,[sl 80944.18],
2026-05-11 14:07:18,185162208,2026-05-11T14:07:18+00:00,1778508438444,2026-05-11T14:07:18+00:00,1778508438444,1970-01-01T00:00:00+00:00,0,0,1,4,0,185162208,0,3,1.0,0.0,0.0,80956.55,81436.98,80973.05,0.0,BTCUSD,OV2|750dfb|H1|B,
2026-05-11 14:07:26,185162241,2026-05-11T14:07:26+00:00,1778508446501,2026-05-11T14:07:26+00:00,1778508446502,1970-01-01T00:00:00+00:00,0,0,1,4,0,185161960,0,4,0.21,0.0,1.36052,0.0,0.0,1.36052,0.0,GBPUSD,[sl 1.36052],
2026-05-11 14:11:13,185163619,2026-05-11T14:11:13+00:00,1778508673001,2026-05-11T14:11:13+00:00,1778508673001,1970-01-01T00:00:00+00:00,1,0,1,4,0,185162208,0,4,1.0,0.0,80956.55,0.0,0.0,80956.55,0.0,BTCUSD,[sl 80956.55],
2026-05-11 14:12:07,185163818,2026-05-11T14:12:07+00:00,1778508727291,2026-05-11T14:12:07+00:00,1778508727291,1970-01-01T00:00:00+00:00,0,0,1,4,0,185163818,0,3,1.0,0.0,0.0,80911.31,81365.34,80927.76,0.0,BTCUSD,OV2|3b6847|H1|B,
2026-05-11 14:12:24,185163878,2026-05-11T14:12:24+00:00,1778508744093,2026-05-11T14:12:24+00:00,1778508744094,1970-01-01T00:00:00+00:00,1,0,1,4,0,185163818,0,4,1.0,0.0,80911.31,0.0,0.0,80911.31,0.0,BTCUSD,[sl 80911.31],
2026-05-11 14:12:36,185163947,2026-05-11T14:12:36+00:00,1778508756478,2026-05-11T14:12:36+00:00,1778508756478,1970-01-01T00:00:00+00:00,0,0,1,4,0,185163947,0,3,1.0,0.0,0.0,80882.4,81355.35,80898.9,0.0,BTCUSD,OV2|dd9804|H1|B,
2026-05-11 14:14:54,185164409,2026-05-11T14:14:54+00:00,1778508894409,2026-05-11T14:14:54+00:00,1778508894409,1970-01-01T00:00:00+00:00,0,0,1,4,0,185164409,0,3,0.25,0.0,0.0,1.17673,1.17945,1.17741,0.0,EURUSD,OV2|cec431|H1|B,
2026-05-11 14:55:42,185176847,2026-05-11T14:55:42+00:00,1778511342828,2026-05-11T14:55:42+00:00,1778511342828,1970-01-01T00:00:00+00:00,1,0,1,4,0,185164409,0,4,0.25,0.0,1.17673,0.0,0.0,1.17673,0.0,EURUSD,[sl 1.17673],
2026-05-11 14:56:19,185177046,2026-05-11T14:56:19+00:00,1778511379476,2026-05-11T14:56:19+00:00,1778511379476,1970-01-01T00:00:00+00:00,0,0,1,4,0,185177046,0,3,0.25,0.0,0.0,1.35964,1.3624399999999999,1.3603399999999999,0.0,GBPUSD,OV2|649258|H1|B,
2026-05-11 15:57:38,185214021,2026-05-11T15:57:38+00:00,1778515058177,2026-05-11T15:57:38+00:00,1778515058177,1970-01-01T00:00:00+00:00,0,0,1,4,0,185214021,0,3,0.09,0.0,0.0,4698.53,4733.65,4701.03,0.0,XAUUSD,OV2|f624ee|H1|B,
2026-05-11 15:57:45,185214109,2026-05-11T15:57:45+00:00,1778515065551,2026-05-11T15:57:45+00:00,1778515065551,1970-01-01T00:00:00+00:00,1,0,1,4,0,185214021,0,4,0.09,0.0,4698.53,0.0,0.0,4698.53,0.0,XAUUSD,[sl 4698.53],
2026-05-11 16:34:57,185244213,2026-05-11T16:34:57+00:00,1778517297374,2026-05-11T16:34:57+00:00,1778517297374,1970-01-01T00:00:00+00:00,1,0,1,4,0,185163947,0,4,1.0,0.0,80882.4,0.0,0.0,80882.4,0.0,BTCUSD,[sl 80882.40],
2026-05-11 16:38:12,185247299,2026-05-11T16:38:12+00:00,1778517492462,2026-05-11T16:38:12+00:00,1778517492462,1970-01-01T00:00:00+00:00,1,0,1,4,0,185177046,0,5,0.25,0.0,1.3624399999999999,0.0,0.0,1.3624399999999999,0.0,GBPUSD,[tp 1.36244],
2026-05-11 16:38:15,185247353,2026-05-11T16:38:15+00:00,1778517495976,2026-05-11T16:38:15+00:00,1778517495976,1970-01-01T00:00:00+00:00,0,0,1,4,0,185247353,0,3,0.25,0.0,0.0,1.36189,1.3648500000000001,1.36263,0.0,GBPUSD,OV2|2ecd16|H1|B,
2026-05-11 16:43:01,185252012,2026-05-11T16:43:01+00:00,1778517781844,2026-05-11T16:43:01+00:00,1778517781844,1970-01-01T00:00:00+00:00,0,0,1,4,0,185252012,0,3,1.0,0.0,0.0,81106.98,81923.41,81123.48,0.0,BTCUSD,OV2|7f4818|H1|B,
2026-05-11 16:43:03,185252040,2026-05-11T16:43:03+00:00,1778517783520,2026-05-11T16:43:03+00:00,1778517783520,1970-01-01T00:00:00+00:00,1,0,1,4,0,185252012,0,4,1.0,0.0,81106.98,0.0,0.0,81106.98,0.0,BTCUSD,[sl 81106.98],
2026-05-11 16:43:42,185252427,2026-05-11T16:43:42+00:00,1778517822268,2026-05-11T16:43:42+00:00,1778517822268,1970-01-01T00:00:00+00:00,0,0,1,4,0,185252427,0,3,1.0,0.0,0.0,81130.09,81946.52,81146.59,0.0,BTCUSD,OV2|3073dd|H1|B,
2026-05-11 16:43:43,185252440,2026-05-11T16:43:43+00:00,1778517823995,2026-05-11T16:43:43+00:00,1778517823995,1970-01-01T00:00:00+00:00,1,0,1,4,0,185252427,0,4,1.0,0.0,81130.09,0.0,0.0,81130.09,0.0,BTCUSD,[sl 81130.09],
2026-05-11 16:44:17,185252779,2026-05-11T16:44:17+00:00,1778517857797,2026-05-11T16:44:17+00:00,1778517857797,1970-01-01T00:00:00+00:00,0,0,1,4,0,185252779,0,3,1.0,0.0,0.0,81093.17,81909.6,81109.67,0.0,BTCUSD,OV2|13f0e3|H1|B,
2026-05-11 16:44:22,185252813,2026-05-11T16:44:22+00:00,1778517862873,2026-05-11T16:44:22+00:00,1778517862873,1970-01-01T00:00:00+00:00,1,0,1,4,0,185252779,0,4,1.0,0.0,81093.17,0.0,0.0,81093.17,0.0,BTCUSD,[sl 81093.17],
2026-05-11 17:05:31,185267220,2026-05-11T17:05:31+00:00,1778519131131,2026-05-11T17:05:31+00:00,1778519131131,1970-01-01T00:00:00+00:00,1,0,1,4,0,185247353,0,4,0.25,0.0,1.36189,0.0,0.0,1.36189,0.0,GBPUSD,[sl 1.36189],
2026-05-11 17:06:38,185268664,2026-05-11T17:06:38+00:00,1778519198462,2026-05-11T17:06:38+00:00,1778519198462,1970-01-01T00:00:00+00:00,0,0,1,4,0,185268664,0,3,0.25,0.0,0.0,1.36124,1.36404,1.36194,0.0,GBPUSD,OV2|79b0c6|H1|B,
2026-05-11 17:29:52,185283174,2026-05-11T17:29:52+00:00,1778520592158,2026-05-11T17:29:52+00:00,1778520592158,1970-01-01T00:00:00+00:00,1,0,1,4,0,185283174,0,3,1.0,0.0,0.0,80785.54,80038.73,80769.04,0.0,BTCUSD,OV2|ca259e|H1|S,
2026-05-11 17:30:34,185283840,2026-05-11T17:30:34+00:00,1778520634610,2026-05-11T17:30:34+00:00,1778520634610,1970-01-01T00:00:00+00:00,0,0,1,4,0,185283174,0,4,1.0,0.0,80785.54,0.0,0.0,80785.54,0.0,BTCUSD,[sl 80785.54],
2026-05-11 17:30:42,185283912,2026-05-11T17:30:42+00:00,1778520642784,2026-05-11T17:30:42+00:00,1778520642784,1970-01-01T00:00:00+00:00,1,0,1,4,0,185283912,0,3,1.0,0.0,0.0,80785.22,80009.82,80769.0,0.0,BTCUSD,OV2|ac6db5|H1|S,
2026-05-11 17:31:08,185284045,2026-05-11T17:31:08+00:00,1778520668337,2026-05-11T17:31:08+00:00,1778520668337,1970-01-01T00:00:00+00:00,0,0,1,4,0,185283912,0,4,1.0,0.0,80785.22,0.0,0.0,80785.22,0.0,BTCUSD,[sl 80785.22],
2026-05-11 17:31:29,185284174,2026-05-11T17:31:29+00:00,1778520689231,2026-05-11T17:31:29+00:00,1778520689231,1970-01-01T00:00:00+00:00,1,0,1,4,0,185284174,0,3,1.0,0.0,0.0,80769.22,79989.9,80752.72,0.0,BTCUSD,OV2|8aa80a|H1|S,
2026-05-11 17:31:34,185284210,2026-05-11T17:31:34+00:00,1778520694048,2026-05-11T17:31:34+00:00,1778520694049,1970-01-01T00:00:00+00:00,0,0,1,4,0,185284174,0,4,1.0,0.0,80769.22,0.0,0.0,80769.22,0.0,BTCUSD,[sl 80769.22],
2026-05-11 17:32:05,185285661,2026-05-11T17:32:05+00:00,1778520725072,2026-05-11T17:32:05+00:00,1778520725072,1970-01-01T00:00:00+00:00,1,0,1,4,0,185285661,0,3,1.0,0.0,0.0,80447.84,79542.03,80429.34,0.0,BTCUSD,OV2|bdd04e|H1|S,
2026-05-11 17:32:07,185285853,2026-05-11T17:32:07+00:00,1778520727558,2026-05-11T17:32:07+00:00,1778520727558,1970-01-01T00:00:00+00:00,0,0,1,4,0,185285661,0,4,1.0,0.0,80447.84,0.0,0.0,80447.84,0.0,BTCUSD,[sl 80447.84],
2026-05-11 17:32:36,185286653,2026-05-11T17:32:36+00:00,1778520756140,2026-05-11T17:32:36+00:00,1778520756140,1970-01-01T00:00:00+00:00,1,0,1,4,0,185286653,0,3,1.0,0.0,0.0,80617.46,79709.95,80598.96,0.0,BTCUSD,OV2|3f95f2|H1|S,
2026-05-11 17:35:15,185288180,2026-05-11T17:35:15+00:00,1778520915673,2026-05-11T17:35:15+00:00,1778520915674,1970-01-01T00:00:00+00:00,0,0,1,4,0,185286653,0,4,1.0,0.0,80617.46,0.0,0.0,80617.46,0.0,BTCUSD,[sl 80617.46],
2026-05-11 17:35:40,185288439,2026-05-11T17:35:40+00:00,1778520940429,2026-05-11T17:35:40+00:00,1778520940429,1970-01-01T00:00:00+00:00,1,0,1,4,0,185288439,0,3,1.0,0.0,0.0,80660.43,79736.47,80641.93,0.0,BTCUSD,OV2|846a11|H1|S,
2026-05-11 17:36:22,185289076,2026-05-11T17:36:22+00:00,1778520982510,2026-05-11T17:36:22+00:00,1778520982511,1970-01-01T00:00:00+00:00,0,0,1,4,0,185288439,0,4,1.0,0.0,80660.43,0.0,0.0,80660.43,0.0,BTCUSD,[sl 80660.43],
2026-05-11 17:36:51,185289587,2026-05-11T17:36:51+00:00,1778521011790,2026-05-11T17:36:51+00:00,1778521011790,1970-01-01T00:00:00+00:00,1,0,1,4,0,185289587,0,3,1.0,0.0,0.0,80649.62,79759.51,80633.12,0.0,BTCUSD,OV2|4e0296|H1|S,
2026-05-11 17:36:53,185289596,2026-05-11T17:36:53+00:00,1778521013880,2026-05-11T17:36:53+00:00,1778521013880,1970-01-01T00:00:00+00:00,0,0,1,4,0,185289587,0,4,1.0,0.0,80649.62,0.0,0.0,80649.62,0.0,BTCUSD,[sl 80649.62],
2026-05-11 17:37:32,185290026,2026-05-11T17:37:32+00:00,1778521052948,2026-05-11T17:37:32+00:00,1778521052948,1970-01-01T00:00:00+00:00,1,0,1,4,0,185290026,0,3,1.0,0.0,0.0,80732.69,79815.85,80714.19,0.0,BTCUSD,OV2|6e0f85|H1|S,
2026-05-11 17:38:04,185290591,2026-05-11T17:38:04+00:00,1778521084872,2026-05-11T17:38:04+00:00,1778521084872,1970-01-01T00:00:00+00:00,0,0,1,4,0,185290026,0,4,1.0,0.0,80732.69,0.0,0.0,80732.69,0.0,BTCUSD,[sl 80732.69],
2026-05-11 17:38:09,185290639,2026-05-11T17:38:09+00:00,1778521089338,2026-05-11T17:38:09+00:00,1778521089338,1970-01-01T00:00:00+00:00,1,0,1,4,0,185290639,0,3,0.87,0.0,0.0,80752.72,79829.19,80736.22,0.0,BTCUSD,OV2|321021|H1|S,
2026-05-11 17:38:10,185290667,2026-05-11T17:38:10+00:00,1778521090402,2026-05-11T17:38:10+00:00,1778521090403,1970-01-01T00:00:00+00:00,0,0,1,4,0,185290639,0,4,0.87,0.0,80752.72,0.0,0.0,80752.72,0.0,BTCUSD,[sl 80752.72],
2026-05-11 17:38:45,185291005,2026-05-11T17:38:45+00:00,1778521125459,2026-05-11T17:38:45+00:00,1778521125459,1970-01-01T00:00:00+00:00,1,0,1,4,0,185291005,0,3,1.0,0.0,0.0,80760.62,79827.55,80744.12,0.0,BTCUSD,OV2|b1c266|H1|S,
2026-05-11 17:39:18,185291263,2026-05-11T17:39:18+00:00,1778521158945,2026-05-11T17:39:18+00:00,1778521158945,1970-01-01T00:00:00+00:00,0,0,1,4,0,185291005,0,4,1.0,0.0,80760.62,0.0,0.0,80760.62,0.0,BTCUSD,[sl 80760.62],
2026-05-11 17:39:33,185291437,2026-05-11T17:39:33+00:00,1778521173200,2026-05-11T17:39:33+00:00,1778521173200,1970-01-01T00:00:00+00:00,1,0,1,4,0,185291437,0,3,0.89,0.0,0.0,80818.7,79870.3,80802.2,0.0,BTCUSD,OV2|6be63c|H1|S,
2026-05-11 17:39:36,185291457,2026-05-11T17:39:36+00:00,1778521176648,2026-05-11T17:39:36+00:00,1778521176648,1970-01-01T00:00:00+00:00,0,0,1,4,0,185291437,0,4,0.89,0.0,80818.7,0.0,0.0,80818.7,0.0,BTCUSD,[sl 80818.70],
2026-05-11 17:41:15,185292092,2026-05-11T17:41:15+00:00,1778521275249,2026-05-11T17:41:15+00:00,1778521275249,1970-01-01T00:00:00+00:00,1,0,1,4,0,185292092,0,3,1.0,0.0,0.0,80822.21,79839.24,80803.71,0.0,BTCUSD,OV2|c9fb5e|H1|S,
2026-05-11 17:41:57,185292568,2026-05-11T17:41:57+00:00,1778521317142,2026-05-11T17:41:57+00:00,1778521317142,1970-01-01T00:00:00+00:00,0,0,1,4,0,185292092,0,4,1.0,0.0,80822.21,0.0,0.0,80822.21,0.0,BTCUSD,[sl 80822.21],
2026-05-11 17:42:23,185292848,2026-05-11T17:42:23+00:00,1778521343367,2026-05-11T17:42:23+00:00,1778521343367,1970-01-01T00:00:00+00:00,1,0,1,4,0,185292848,0,3,1.0,0.0,0.0,80823.07,79908.27,80806.57,0.0,BTCUSD,OV2|2a650b|H1|S,
2026-05-11 17:42:30,185292874,2026-05-11T17:42:30+00:00,1778521350027,2026-05-11T17:42:30+00:00,1778521350027,1970-01-01T00:00:00+00:00,0,0,1,4,0,185292848,0,4,1.0,0.0,80823.07,0.0,0.0,80823.07,0.0,BTCUSD,[sl 80823.07],
2026-05-11 17:42:59,185293017,2026-05-11T17:42:59+00:00,1778521379284,2026-05-11T17:42:59+00:00,1778521379284,1970-01-01T00:00:00+00:00,1,0,1,4,0,185293017,0,3,1.0,0.0,0.0,80797.83,79870.15,80781.33,0.0,BTCUSD,OV2|25f118|H1|S,
2026-05-11 17:43:02,185293027,2026-05-11T17:43:02+00:00,1778521382585,2026-05-11T17:43:02+00:00,1778521382585,1970-01-01T00:00:00+00:00,0,0,1,4,0,185293017,0,4,1.0,0.0,80797.83,0.0,0.0,80797.83,0.0,BTCUSD,[sl 80797.83],
2026-05-11 17:43:35,185293376,2026-05-11T17:43:35+00:00,1778521415260,2026-05-11T17:43:35+00:00,1778521415260,1970-01-01T00:00:00+00:00,1,0,1,4,0,185293376,0,3,1.0,0.0,0.0,80837.75,79910.07,80821.25,0.0,BTCUSD,OV2|4e0e93|H1|S,
2026-05-11 17:52:05,185296250,2026-05-11T17:52:05+00:00,1778521925255,2026-05-11T17:52:05+00:00,1778521925255,1970-01-01T00:00:00+00:00,0,0,1,4,0,185293376,0,4,1.0,0.0,80837.75,0.0,0.0,80837.75,0.0,BTCUSD,[sl 80837.75],
2026-05-11 17:52:26,185296405,2026-05-11T17:52:26+00:00,1778521946792,2026-05-11T17:52:26+00:00,1778521946793,1970-01-01T00:00:00+00:00,1,0,1,4,0,185296405,0,3,1.0,0.0,0.0,80834.37,79877.27,80817.87,0.0,BTCUSD,OV2|f26abb|H1|S,
2026-05-11 17:52:37,185296427,2026-05-11T17:52:37+00:00,1778521957486,2026-05-11T17:52:37+00:00,1778521957486,1970-01-01T00:00:00+00:00,0,0,1,4,0,185296405,0,4,1.0,0.0,80834.37,0.0,0.0,80834.37,0.0,BTCUSD,[sl 80834.37],
2026-05-11 17:53:01,185296498,2026-05-11T17:53:01+00:00,1778521981707,2026-05-11T17:53:01+00:00,1778521981707,1970-01-01T00:00:00+00:00,1,0,1,4,0,185296498,0,3,1.0,0.0,0.0,80863.84,79898.01,80847.34,0.0,BTCUSD,OV2|99a7bd|H1|S,
2026-05-11 17:53:12,185296532,2026-05-11T17:53:12+00:00,1778521992629,2026-05-11T17:53:12+00:00,1778521992630,1970-01-01T00:00:00+00:00,0,0,1,4,0,185296498,0,4,1.0,0.0,80863.84,0.0,0.0,80863.84,0.0,BTCUSD,[sl 80863.84],
2026-05-11 17:53:37,185296724,2026-05-11T17:53:37+00:00,1778522017546,2026-05-11T17:53:37+00:00,1778522017546,1970-01-01T00:00:00+00:00,1,0,1,4,0,185296724,0,3,1.0,0.0,0.0,80894.37,79907.91,80877.87,0.0,BTCUSD,OV2|91356a|H1|S,
2026-05-11 17:53:37,185296728,2026-05-11T17:53:37+00:00,1778522017837,2026-05-11T17:53:37+00:00,1778522017837,1970-01-01T00:00:00+00:00,0,0,1,4,0,185296724,0,4,1.0,0.0,80894.37,0.0,0.0,80894.37,0.0,BTCUSD,[sl 80894.37],
2026-05-11 17:54:34,185297047,2026-05-11T17:54:34+00:00,1778522074637,2026-05-11T17:54:34+00:00,1778522074637,1970-01-01T00:00:00+00:00,1,0,1,4,0,185297047,0,3,1.0,0.0,0.0,80835.08,79854.43,80818.08,0.0,BTCUSD,OV2|265ab4|H1|S,
2026-05-11 17:54:49,185297087,2026-05-11T17:54:49+00:00,1778522089568,2026-05-11T17:54:49+00:00,1778522089568,1970-01-01T00:00:00+00:00,0,0,1,4,0,185297047,0,4,1.0,0.0,80835.08,0.0,0.0,80835.08,0.0,BTCUSD,[sl 80835.08],
2026-05-11 17:56:50,185297994,2026-05-11T17:56:50+00:00,1778522210147,2026-05-11T17:56:50+00:00,1778522210147,1970-01-01T00:00:00+00:00,1,0,1,4,0,185297994,0,3,1.0,0.0,0.0,80861.76,79862.0,80845.26,0.0,BTCUSD,OV2|873d6c|H1|S,
2026-05-11 17:56:53,185298008,2026-05-11T17:56:53+00:00,1778522213245,2026-05-11T17:56:53+00:00,1778522213245,1970-01-01T00:00:00+00:00,0,0,1,4,0,185297994,0,4,1.0,0.0,80861.76,0.0,0.0,80861.76,0.0,BTCUSD,[sl 80861.76],
2026-05-11 17:57:15,185298295,2026-05-11T17:57:15+00:00,1778522235318,2026-05-11T17:57:15+00:00,1778522235318,1970-01-01T00:00:00+00:00,1,0,1,4,0,185298295,0,3,1.0,0.0,0.0,80880.6,79912.07,80864.1,0.0,BTCUSD,OV2|fee6ca|H1|S,
2026-05-11 17:57:58,185298616,2026-05-11T17:57:58+00:00,1778522278595,2026-05-11T17:57:58+00:00,1778522278595,1970-01-01T00:00:00+00:00,0,0,1,4,0,185298295,0,4,1.0,0.0,80880.6,0.0,0.0,80880.6,0.0,BTCUSD,[sl 80880.60],
2026-05-11 17:58:21,185298754,2026-05-11T17:58:21+00:00,1778522301453,2026-05-11T17:58:21+00:00,1778522301453,1970-01-01T00:00:00+00:00,1,0,1,4,0,185298754,0,3,1.0,0.0,0.0,80906.02,79919.24,80889.52,0.0,BTCUSD,OV2|d43bde|H1|S,
2026-05-11 17:58:26,185298766,2026-05-11T17:58:26+00:00,1778522306034,2026-05-11T17:58:26+00:00,1778522306035,1970-01-01T00:00:00+00:00,0,0,1,4,0,185298754,0,4,1.0,0.0,80906.02,0.0,0.0,80906.02,0.0,BTCUSD,[sl 80906.02],
2026-05-11 17:58:56,185298869,2026-05-11T17:58:56+00:00,1778522336798,2026-05-11T17:58:56+00:00,1778522336798,1970-01-01T00:00:00+00:00,1,0,1,4,0,185298869,0,3,1.0,0.0,0.0,80935.42,79932.34,80918.92,0.0,BTCUSD,OV2|83f0ad|H1|S,
2026-05-11 17:59:01,185298881,2026-05-11T17:59:01+00:00,1778522341736,2026-05-11T17:59:01+00:00,1778522341737,1970-01-01T00:00:00+00:00,0,0,1,4,0,185298869,0,4,1.0,0.0,80935.42,0.0,0.0,80935.42,0.0,BTCUSD,[sl 80935.42],
2026-05-11 17:59:53,185299082,2026-05-11T17:59:53+00:00,1778522393101,2026-05-11T17:59:53+00:00,1778522393102,1970-01-01T00:00:00+00:00,1,0,1,4,0,185299082,0,3,1.0,0.0,0.0,80936.11,79925.04,80917.61,0.0,BTCUSD,OV2|2bf081|H1|S,
2026-05-11 18:00:31,185300179,2026-05-11T18:00:31+00:00,1778522431990,2026-05-11T18:00:31+00:00,1778522431990,1970-01-01T00:00:00+00:00,1,0,1,4,0,185268664,0,5,0.25,0.0,1.36404,0.0,0.0,1.36404,0.0,GBPUSD,[tp 1.36404],
2026-05-11 18:00:49,185300319,2026-05-11T18:00:49+00:00,1778522449075,2026-05-11T18:00:49+00:00,1778522449075,1970-01-01T00:00:00+00:00,0,0,1,4,0,185300319,0,3,0.25,0.0,0.0,1.36342,1.3663,1.36414,0.0,GBPUSD,OV2|84e5f3|H1|B,
2026-05-11 18:11:43,185304139,2026-05-11T18:11:43+00:00,1778523103361,2026-05-11T18:11:43+00:00,1778523103361,1970-01-01T00:00:00+00:00,0,0,1,4,0,185299082,0,4,1.0,0.0,80936.11,0.0,0.0,80936.11,0.0,BTCUSD,[sl 80936.11],
2026-05-11 18:12:00,185304191,2026-05-11T18:12:00+00:00,1778523120420,2026-05-11T18:12:00+00:00,1778523120420,1970-01-01T00:00:00+00:00,1,0,1,4,0,185304191,0,3,1.0,0.0,0.0,80965.51,80003.97,80949.01,0.0,BTCUSD,OV2|07beed|H1|S,
2026-05-11 18:12:01,185304199,2026-05-11T18:12:01+00:00,1778523121660,2026-05-11T18:12:01+00:00,1778523121660,1970-01-01T00:00:00+00:00,0,0,1,4,0,185304191,0,4,1.0,0.0,80965.51,0.0,0.0,80965.51,0.0,BTCUSD,[sl 80965.51],
2026-05-11 18:12:45,185304587,2026-05-11T18:12:45+00:00,1778523165898,2026-05-11T18:12:45+00:00,1778523165898,1970-01-01T00:00:00+00:00,1,0,1,4,0,185304587,0,3,1.0,0.0,0.0,80956.78,80153.63,80940.28,0.0,BTCUSD,OV2|b52232|H1|S,
2026-05-11 18:12:47,185304591,2026-05-11T18:12:47+00:00,1778523167294,2026-05-11T18:12:47+00:00,1778523167294,1970-01-01T00:00:00+00:00,0,0,1,4,0,185304587,0,4,1.0,0.0,80956.78,0.0,0.0,80956.78,0.0,BTCUSD,[sl 80956.78],
2026-05-11 18:13:21,185304709,2026-05-11T18:13:21+00:00,1778523201013,2026-05-11T18:13:21+00:00,1778523201013,1970-01-01T00:00:00+00:00,1,0,1,4,0,185304709,0,3,1.0,0.0,0.0,80999.69,80186.42,80981.19,0.0,BTCUSD,OV2|f85e6d|H1|S,
2026-05-11 18:13:24,185304717,2026-05-11T18:13:24+00:00,1778523204521,2026-05-11T18:13:24+00:00,1778523204521,1970-01-01T00:00:00+00:00,0,0,1,4,0,185304709,0,4,1.0,0.0,80999.69,0.0,0.0,80999.69,0.0,BTCUSD,[sl 80999.69],
2026-05-11 18:13:45,185304820,2026-05-11T18:13:45+00:00,1778523225941,2026-05-11T18:13:45+00:00,1778523225942,1970-01-01T00:00:00+00:00,1,0,1,4,0,185304820,0,3,1.0,0.0,0.0,81033.94,80194.86,81017.44,0.0,BTCUSD,OV2|5dfc32|H1|S,
2026-05-11 18:13:56,185304866,2026-05-11T18:13:56+00:00,1778523236571,2026-05-11T18:13:56+00:00,1778523236571,1970-01-01T00:00:00+00:00,0,0,1,4,0,185304820,0,4,1.0,0.0,81033.94,0.0,0.0,81033.94,0.0,BTCUSD,[sl 81033.94],
2026-05-11 18:14:32,185305013,2026-05-11T18:14:32+00:00,1778523272120,2026-05-11T18:14:32+00:00,1778523272120,1970-01-01T00:00:00+00:00,1,0,1,4,0,185305013,0,3,1.0,0.0,0.0,81019.65,80169.68,81001.15,0.0,BTCUSD,OV2|882421|H1|S,
2026-05-11 18:15:18,185305414,2026-05-11T18:15:18+00:00,1778523318004,2026-05-11T18:15:18+00:00,1778523318004,1970-01-01T00:00:00+00:00,0,0,1,4,0,184929968,0,4,1.0,0.0,1.47488,0.0,0.0,1.47488,0.0,XRPUSD,[sl 1.47488],
2026-05-11 18:15:43,185305545,2026-05-11T18:15:43+00:00,1778523343878,2026-05-11T18:15:43+00:00,1778523343879,1970-01-01T00:00:00+00:00,0,0,1,4,0,185305013,0,4,1.0,0.0,81019.65,0.0,0.0,81019.65,0.0,BTCUSD,[sl 81019.65],
2026-05-11 18:16:08,185305745,2026-05-11T18:16:08+00:00,1778523368214,2026-05-11T18:16:08+00:00,1778523368214,1970-01-01T00:00:00+00:00,1,0,1,4,0,185305745,0,3,1.0,0.0,0.0,81046.78,80257.46,81030.28,0.0,BTCUSD,OV2|4a0eef|H1|S,
2026-05-11 18:16:10,185305759,2026-05-11T18:16:10+00:00,1778523370619,2026-05-11T18:16:10+00:00,1778523370620,1970-01-01T00:00:00+00:00,0,0,1,4,0,185305745,0,4,1.0,0.0,81046.78,0.0,0.0,81046.78,0.0,BTCUSD,[sl 81046.78],
2026-05-11 18:16:42,185305986,2026-05-11T18:16:42+00:00,1778523402530,2026-05-11T18:16:42+00:00,1778523402531,1970-01-01T00:00:00+00:00,1,0,1,4,0,185305986,0,3,1.0,0.0,0.0,81055.89,80252.93,81039.39,0.0,BTCUSD,OV2|ca25ec|H1|S,
2026-05-11 18:16:46,185306031,2026-05-11T18:16:46+00:00,1778523406553,2026-05-11T18:16:46+00:00,1778523406553,1970-01-01T00:00:00+00:00,0,0,1,4,0,185305986,0,4,1.0,0.0,81055.89,0.0,0.0,81055.89,0.0,BTCUSD,[sl 81055.89],
2026-05-11 18:17:33,185306764,2026-05-11T18:17:33+00:00,1778523453469,2026-05-11T18:17:33+00:00,1778523453469,1970-01-01T00:00:00+00:00,1,0,1,4,0,185306764,0,3,1.0,0.0,0.0,81020.51,80215.55,81002.01,0.0,BTCUSD,OV2|005a27|H1|S,
2026-05-11 18:24:16,185310030,2026-05-11T18:24:16+00:00,1778523856246,2026-05-11T18:24:16+00:00,1778523856246,1970-01-01T00:00:00+00:00,0,0,1,4,0,185306764,0,4,1.0,0.0,81020.51,0.0,0.0,81020.51,0.0,BTCUSD,[sl 81020.51],
2026-05-11 18:24:29,185310163,2026-05-11T18:24:29+00:00,1778523869202,2026-05-11T18:24:29+00:00,1778523869202,1970-01-01T00:00:00+00:00,1,0,1,4,0,185310163,0,3,1.0,0.0,0.0,81038.11,80333.91,81019.61,0.0,BTCUSD,OV2|b54cd0|H1|S,
2026-05-11 18:24:41,185310260,2026-05-11T18:24:41+00:00,1778523881552,2026-05-11T18:24:41+00:00,1778523881552,1970-01-01T00:00:00+00:00,0,0,1,4,0,185310163,0,4,1.0,0.0,81038.11,0.0,0.0,81038.11,0.0,BTCUSD,[sl 81038.11],
2026-05-11 18:27:24,185311578,2026-05-11T18:27:24+00:00,1778524044914,2026-05-11T18:27:24+00:00,1778524044914,1970-01-01T00:00:00+00:00,0,0,1,4,0,185311578,0,3,1.0,0.0,0.0,81356.55,82183.51,81375.05,0.0,BTCUSD,OV2|109d2b|H1|B,
2026-05-11 18:27:25,185311583,2026-05-11T18:27:25+00:00,1778524045828,2026-05-11T18:27:25+00:00,1778524045828,1970-01-01T00:00:00+00:00,1,0,1,4,0,185311578,0,4,1.0,0.0,81356.55,0.0,0.0,81356.55,0.0,BTCUSD,[sl 81356.55],
2026-05-11 18:28:00,185311789,2026-05-11T18:28:00+00:00,1778524080731,2026-05-11T18:28:00+00:00,1778524080732,1970-01-01T00:00:00+00:00,0,0,1,4,0,185311789,0,3,1.0,0.0,0.0,81336.58,82180.35,81353.71,0.0,BTCUSD,OV2|542cd3|H1|B,
2026-05-11 18:28:17,185311895,2026-05-11T18:28:17+00:00,1778524097080,2026-05-11T18:28:17+00:00,1778524097080,1970-01-01T00:00:00+00:00,1,0,1,4,0,185311789,0,4,1.0,0.0,81336.58,0.0,0.0,81336.58,0.0,BTCUSD,[sl 81336.58],
2026-05-11 18:28:40,185311985,2026-05-11T18:28:40+00:00,1778524120752,2026-05-11T18:28:40+00:00,1778524120752,1970-01-01T00:00:00+00:00,0,0,1,4,0,185311985,0,3,1.0,0.0,0.0,81347.79,82189.55,81364.29,0.0,BTCUSD,OV2|9f4879|H1|B,
2026-05-11 18:29:04,185312068,2026-05-11T18:29:04+00:00,1778524144175,2026-05-11T18:29:04+00:00,1778524144175,1970-01-01T00:00:00+00:00,1,0,1,4,0,185311985,0,4,1.0,0.0,81347.79,0.0,0.0,81347.79,0.0,BTCUSD,[sl 81347.79],
2026-05-11 18:29:16,185312129,2026-05-11T18:29:16+00:00,1778524156398,2026-05-11T18:29:16+00:00,1778524156398,1970-01-01T00:00:00+00:00,0,0,1,4,0,185312129,0,3,1.0,0.0,0.0,81342.91,82184.68,81357.41,0.0,BTCUSD,OV2|4195c1|H1|B,
2026-05-11 18:29:24,185312148,2026-05-11T18:29:24+00:00,1778524164931,2026-05-11T18:29:24+00:00,1778524164931,1970-01-01T00:00:00+00:00,1,0,1,4,0,185312129,0,4,1.0,0.0,81342.91,0.0,0.0,81342.91,0.0,BTCUSD,[sl 81342.91],
2026-05-11 18:29:42,185312221,2026-05-11T18:29:42+00:00,1778524182297,2026-05-11T18:29:42+00:00,1778524182297,1970-01-01T00:00:00+00:00,0,0,1,4,0,185312221,0,3,1.0,0.0,0.0,81309.82,82153.59,81328.32,0.0,BTCUSD,OV2|953c3b|H1|B,
2026-05-11 18:29:49,185312275,2026-05-11T18:29:49+00:00,1778524189348,2026-05-11T18:29:49+00:00,1778524189348,1970-01-01T00:00:00+00:00,1,0,1,4,0,185312221,0,4,1.0,0.0,81309.82,0.0,0.0,81309.82,0.0,BTCUSD,[sl 81309.82],
2026-05-11 18:30:48,185312716,2026-05-11T18:30:48+00:00,1778524248961,2026-05-11T18:30:48+00:00,1778524248961,1970-01-01T00:00:00+00:00,0,0,1,4,0,185312716,0,3,1.0,0.0,0.0,81318.77,82148.56,81335.27,0.0,BTCUSD,OV2|e65fe0|H1|B,
2026-05-11 18:30:49,185312724,2026-05-11T18:30:49+00:00,1778524249988,2026-05-11T18:30:49+00:00,1778524249988,1970-01-01T00:00:00+00:00,1,0,1,4,0,185312716,0,4,1.0,0.0,81318.77,0.0,0.0,81318.77,0.0,BTCUSD,[sl 81318.77],
2026-05-11 18:31:41,185312957,2026-05-11T18:31:41+00:00,1778524301104,2026-05-11T18:31:41+00:00,1778524301105,1970-01-01T00:00:00+00:00,0,0,1,4,0,185312957,0,3,1.0,0.0,0.0,81389.0,82243.29,81405.87,0.0,BTCUSD,OV2|ccbdd5|H1|B,
2026-05-11 18:31:54,185313010,2026-05-11T18:31:54+00:00,1778524314681,2026-05-11T18:31:54+00:00,1778524314681,1970-01-01T00:00:00+00:00,1,0,1,4,0,185312957,0,4,1.0,0.0,81389.0,0.0,0.0,81389.0,0.0,BTCUSD,[sl 81389.00],
2026-05-11 18:32:17,185313117,2026-05-11T18:32:17+00:00,1778524337639,2026-05-11T18:32:17+00:00,1778524337639,1970-01-01T00:00:00+00:00,0,0,1,4,0,185313117,0,3,1.0,0.0,0.0,81250.46,82133.82,81268.96,0.0,BTCUSD,OV2|36ced9|H1|B,
2026-05-11 18:32:20,185313132,2026-05-11T18:32:20+00:00,1778524340530,2026-05-11T18:32:20+00:00,1778524340530,1970-01-01T00:00:00+00:00,1,0,1,4,0,185313117,0,4,1.0,0.0,81250.46,0.0,0.0,81250.46,0.0,BTCUSD,[sl 81250.46],
2026-05-11 18:32:53,185313259,2026-05-11T18:32:53+00:00,1778524373818,2026-05-11T18:32:53+00:00,1778524373818,1970-01-01T00:00:00+00:00,0,0,1,4,0,185313259,0,3,1.0,0.0,0.0,81216.04,82121.54,81234.54,0.0,BTCUSD,OV2|4318a5|H1|B,
2026-05-11 18:34:42,185313594,2026-05-11T18:34:42+00:00,1778524482379,2026-05-11T18:34:42+00:00,1778524482379,1970-01-01T00:00:00+00:00,1,0,1,4,0,185313259,0,4,1.0,0.0,81216.04,0.0,0.0,81216.04,0.0,BTCUSD,[sl 81216.04],
2026-05-11 18:36:00,185314165,2026-05-11T18:36:00+00:00,1778524560940,2026-05-11T18:36:00+00:00,1778524560940,1970-01-01T00:00:00+00:00,0,0,1,4,0,185314165,0,3,1.0,0.0,0.0,1.47451,1.51698,1.4819,0.0,XRPUSD,OV2|932733|H1|B,
2026-05-11 18:36:07,185314217,2026-05-11T18:36:07+00:00,1778524567060,2026-05-11T18:36:07+00:00,1778524567060,1970-01-01T00:00:00+00:00,0,0,1,4,0,185314217,0,3,1.0,0.0,0.0,81205.07,82037.25,81221.57,0.0,BTCUSD,OV2|744bb7|H1|B,
2026-05-11 18:38:28,185314661,2026-05-11T18:38:28+00:00,1778524708122,2026-05-11T18:38:28+00:00,1778524708123,1970-01-01T00:00:00+00:00,1,0,1,4,0,185314217,0,4,1.0,0.0,81205.07,0.0,0.0,81205.07,0.0,BTCUSD,[sl 81205.07],
2026-05-11 18:39:22,185314944,2026-05-11T18:39:22+00:00,1778524762984,2026-05-11T18:39:22+00:00,1778524762984,1970-01-01T00:00:00+00:00,0,0,1,4,0,185314944,0,3,1.0,0.0,0.0,81219.44,82034.82,81235.94,0.0,BTCUSD,OV2|e8f300|H1|B,
2026-05-11 18:41:59,185315770,2026-05-11T18:41:59+00:00,1778524919293,2026-05-11T18:41:59+00:00,1778524919293,1970-01-01T00:00:00+00:00,1,0,1,4,0,185314944,0,4,1.0,0.0,81219.44,0.0,0.0,81219.44,0.0,BTCUSD,[sl 81219.44],
2026-05-11 18:42:16,185315825,2026-05-11T18:42:16+00:00,1778524936894,2026-05-11T18:42:16+00:00,1778524936897,1970-01-01T00:00:00+00:00,0,0,1,4,0,185315825,0,3,1.0,0.0,0.0,81198.19,81976.02,81214.69,0.0,BTCUSD,OV2|8025d8|H1|B,
2026-05-11 18:42:18,185315832,2026-05-11T18:42:18+00:00,1778524938388,2026-05-11T18:42:18+00:00,1778524938388,1970-01-01T00:00:00+00:00,1,0,1,4,0,185315825,0,4,1.0,0.0,81198.19,0.0,0.0,81198.19,0.0,BTCUSD,[sl 81198.19],
2026-05-11 18:42:53,185316000,2026-05-11T18:42:53+00:00,1778524973481,2026-05-11T18:42:53+00:00,1778524973481,1970-01-01T00:00:00+00:00,0,0,1,4,0,185316000,0,3,1.0,0.0,0.0,81190.46,81974.86,81206.96,0.0,BTCUSD,OV2|2f1658|H1|B,
2026-05-11 18:45:00,185316557,2026-05-11T18:45:00+00:00,1778525100575,2026-05-11T18:45:00+00:00,1778525100576,1970-01-01T00:00:00+00:00,1,0,1,4,0,185316000,0,4,1.0,0.0,81190.46,0.0,0.0,81190.46,0.0,BTCUSD,[sl 81190.46],
2026-05-11 18:45:39,185317126,2026-05-11T18:45:39+00:00,1778525139640,2026-05-11T18:45:39+00:00,1778525139640,1970-01-01T00:00:00+00:00,0,0,1,4,0,185317126,0,3,1.0,0.0,0.0,81180.77,81960.94,81199.27,0.0,BTCUSD,OV2|25408d|H1|B,
2026-05-11 19:42:01,185334903,2026-05-11T19:42:01+00:00,1778528521163,2026-05-11T19:42:01+00:00,1778528521163,1970-01-01T00:00:00+00:00,1,0,1,4,0,185314165,0,4,1.0,0.0,1.47451,0.0,0.0,1.47451,0.0,XRPUSD,[sl 1.47451],
2026-05-11 19:43:27,185337560,2026-05-11T19:43:27+00:00,1778528607041,2026-05-11T19:43:27+00:00,1778528607041,1970-01-01T00:00:00+00:00,0,0,1,4,0,185337560,0,3,1.0,0.0,0.0,1.4669400000000001,1.50465,1.47355,0.0,XRPUSD,OV2|0d25b9|H1|B,
2026-05-11 19:56:58,185341251,2026-05-11T19:56:58+00:00,1778529418923,2026-05-11T19:56:58+00:00,1778529418923,1970-01-01T00:00:00+00:00,1,0,1,4,0,185341251,0,3,0.25,0.0,0.0,1.17802,1.1753,1.17734,0.0,EURUSD,OV2|fd8cb8|H1|S,
2026-05-11 20:02:30,185343081,2026-05-11T20:02:30+00:00,1778529750287,2026-05-11T20:02:30+00:00,1778529750287,1970-01-01T00:00:00+00:00,1,0,1,4,0,185337560,0,4,1.0,0.0,1.4669400000000001,0.0,0.0,1.4669400000000001,0.0,XRPUSD,[sl 1.46694],
2026-05-11 20:42:24,185352194,2026-05-11T20:42:24+00:00,1778532144130,2026-05-11T20:42:24+00:00,1778532144130,1970-01-01T00:00:00+00:00,1,0,1,4,0,185317126,0,5,1.0,0.0,81960.94,0.0,0.0,81960.94,0.0,BTCUSD,[tp 81960.94],
2026-05-11 20:42:51,185352240,2026-05-11T20:42:51+00:00,1778532171205,2026-05-11T20:42:51+00:00,1778532171205,1970-01-01T00:00:00+00:00,0,0,1,4,0,185352240,0,3,1.0,0.0,0.0,81927.69,82602.44,81937.2,0.0,BTCUSD,OV2|affe50|H1|B,
2026-05-11 20:47:39,185353235,2026-05-11T20:47:39+00:00,1778532459099,2026-05-11T20:47:39+00:00,1778532459099,1970-01-01T00:00:00+00:00,1,0,1,4,0,185352240,0,4,1.0,0.0,81927.69,0.0,0.0,81927.69,0.0,BTCUSD,[sl 81927.69],
2026-05-11 20:47:55,185353267,2026-05-11T20:47:55+00:00,1778532475599,2026-05-11T20:47:55+00:00,1778532475599,1970-01-01T00:00:00+00:00,0,0,1,4,0,185353267,0,3,1.0,0.0,0.0,81912.88,82628.28,81929.38,0.0,BTCUSD,OV2|20d4d4|H1|B,
2026-05-11 20:48:13,185353301,2026-05-11T20:48:13+00:00,1778532493546,2026-05-11T20:48:13+00:00,1778532493546,1970-01-01T00:00:00+00:00,1,0,1,4,0,185353267,0,4,1.0,0.0,81912.88,0.0,0.0,81912.88,0.0,BTCUSD,[sl 81912.88],
2026-05-11 20:48:47,185353352,2026-05-11T20:48:47+00:00,1778532527186,2026-05-11T20:48:47+00:00,1778532527186,1970-01-01T00:00:00+00:00,0,0,1,4,0,185353352,0,3,1.0,0.0,0.0,81907.5,82574.47,81924.0,0.0,BTCUSD,OV2|e093f9|H1|B,
2026-05-11 20:49:03,185353386,2026-05-11T20:49:03+00:00,1778532543852,2026-05-11T20:49:03+00:00,1778532543852,1970-01-01T00:00:00+00:00,1,0,1,4,0,185353352,0,4,1.0,0.0,81907.5,0.0,0.0,81907.5,0.0,BTCUSD,[sl 81907.50],
2026-05-11 20:49:22,185353444,2026-05-11T20:49:22+00:00,1778532562679,2026-05-11T20:49:22+00:00,1778532562679,1970-01-01T00:00:00+00:00,0,0,1,4,0,185353444,0,3,1.0,0.0,0.0,81909.5,82576.47,81926.0,0.0,BTCUSD,OV2|de4781|H1|B,
2026-05-11 20:49:35,185353473,2026-05-11T20:49:35+00:00,1778532575261,2026-05-11T20:49:35+00:00,1778532575262,1970-01-01T00:00:00+00:00,1,0,1,4,0,185353444,0,4,1.0,0.0,81909.5,0.0,0.0,81909.5,0.0,BTCUSD,[sl 81909.50],
2026-05-11 20:49:42,185353482,2026-05-11T20:49:42+00:00,1778532582997,2026-05-11T20:49:42+00:00,1778532582997,1970-01-01T00:00:00+00:00,0,0,1,4,0,185353482,0,3,1.0,0.0,0.0,81901.02,82569.58,81917.52,0.0,BTCUSD,OV2|8c2cee|H1|B,
2026-05-11 20:55:01,185354128,2026-05-11T20:55:01+00:00,1778532901545,2026-05-11T20:55:01+00:00,1778532901545,1970-01-01T00:00:00+00:00,1,0,1,4,0,185353482,0,4,1.0,0.0,81901.02,0.0,0.0,81901.02,0.0,BTCUSD,[sl 81901.02],
2026-05-11 20:55:51,185354259,2026-05-11T20:55:51+00:00,1778532951285,2026-05-11T20:55:51+00:00,1778532951285,1970-01-01T00:00:00+00:00,0,0,1,4,0,185354259,0,3,1.0,0.0,0.0,81915.66,82593.09,81931.7,0.0,BTCUSD,OV2|9eceab|H1|B,
2026-05-11 20:57:08,185354351,2026-05-11T20:57:08+00:00,1778533028375,2026-05-11T20:57:08+00:00,1778533028375,1970-01-01T00:00:00+00:00,1,0,1,4,0,185354259,0,4,1.0,0.0,81915.66,0.0,0.0,81915.66,0.0,BTCUSD,[sl 81915.66],
2026-05-11 20:57:44,185354384,2026-05-11T20:57:44+00:00,1778533064317,2026-05-11T20:57:44+00:00,1778533064317,1970-01-01T00:00:00+00:00,0,0,1,4,0,185354384,0,3,1.0,0.0,0.0,81904.35,82515.17,81920.85,0.0,BTCUSD,OV2|7452d4|H1|B,
2026-05-11 20:57:46,185354387,2026-05-11T20:57:46+00:00,1778533066443,2026-05-11T20:57:46+00:00,1778533066443,1970-01-01T00:00:00+00:00,1,0,1,4,0,185354384,0,4,1.0,0.0,81904.35,0.0,0.0,81904.35,0.0,BTCUSD,[sl 81904.35],
2026-05-11 20:58:20,185354411,2026-05-11T20:58:20+00:00,1778533100093,2026-05-11T20:58:20+00:00,1778533100093,1970-01-01T00:00:00+00:00,0,0,1,4,0,185354411,0,3,1.0,0.0,0.0,81893.52,82514.81,81917.99,0.0,BTCUSD,OV2|6285d3|H1|B,
2026-05-11 20:59:28,185354499,2026-05-11T20:59:28+00:00,1778533168345,2026-05-11T20:59:28+00:00,1778533168346,1970-01-01T00:00:00+00:00,1,0,1,4,0,185354411,0,4,1.0,0.0,81893.52,0.0,0.0,81893.52,0.0,BTCUSD,[sl 81893.52],
2026-05-11 21:01:03,185355036,2026-05-11T21:01:03+00:00,1778533263399,2026-05-11T21:01:03+00:00,1778533263399,1970-01-01T00:00:00+00:00,0,0,1,4,0,185355036,0,3,1.0,0.0,0.0,81905.65,82502.84,81922.15,0.0,BTCUSD,OV2|2e5374|H1|B,
2026-05-11 21:01:03,185355039,2026-05-11T21:01:03+00:00,1778533263729,2026-05-11T21:01:03+00:00,1778533263730,1970-01-01T00:00:00+00:00,1,0,1,4,0,185355036,0,4,1.0,0.0,81905.65,0.0,0.0,81905.65,0.0,BTCUSD,[sl 81905.65],
2026-05-11 21:01:11,185355107,2026-05-11T21:01:11+00:00,1778533271554,2026-05-11T21:01:11+00:00,1778533271554,1970-01-01T00:00:00+00:00,0,0,1,4,0,185355107,0,3,1.0,0.0,0.0,1.47527,1.5018799999999999,1.47995,0.0,XRPUSD,OV2|9115a7|H1|B,
2026-05-11 21:01:34,185355158,2026-05-11T21:01:34+00:00,1778533294020,2026-05-11T21:01:34+00:00,1778533294020,1970-01-01T00:00:00+00:00,0,0,1,4,0,185355158,0,3,1.0,0.0,0.0,81900.95,82498.14,81917.45,0.0,BTCUSD,OV2|4609cc|H1|B,
2026-05-11 21:01:53,185355193,2026-05-11T21:01:53+00:00,1778533313952,2026-05-11T21:01:53+00:00,1778533313952,1970-01-01T00:00:00+00:00,1,0,1,4,0,185355158,0,4,1.0,0.0,81900.95,0.0,0.0,81900.95,0.0,BTCUSD,[sl 81900.95],
2026-05-11 21:02:16,185355229,2026-05-11T21:02:16+00:00,1778533336777,2026-05-11T21:02:16+00:00,1778533336777,1970-01-01T00:00:00+00:00,0,0,1,4,0,185355229,0,3,1.0,0.0,0.0,81917.95,82518.73,81934.45,0.0,BTCUSD,OV2|1c2033|H1|B,
2026-05-11 21:08:28,185356522,2026-05-11T21:08:28+00:00,1778533708177,2026-05-11T21:08:28+00:00,1778533708177,1970-01-01T00:00:00+00:00,0,0,1,4,0,185341251,0,4,0.25,0.0,1.17802,0.0,0.0,1.17802,0.0,EURUSD,[sl 1.17802],
2026-05-11 21:15:16,185357649,2026-05-11T21:15:16+00:00,1778534116079,2026-05-11T21:15:16+00:00,1778534116079,1970-01-01T00:00:00+00:00,1,0,1,4,0,185355107,0,4,1.0,0.0,1.47527,0.0,0.0,1.47527,0.0,XRPUSD,[sl 1.47527],
2026-05-11 21:15:58,185357799,2026-05-11T21:15:58+00:00,1778534158961,2026-05-11T21:15:58+00:00,1778534158961,1970-01-01T00:00:00+00:00,0,0,1,4,0,185357799,0,3,1.0,0.0,0.0,1.4707,1.49887,1.4756,0.0,XRPUSD,OV2|a3843f|H1|B,
2026-05-11 21:16:11,185357863,2026-05-11T21:16:11+00:00,1778534171728,2026-05-11T21:16:11+00:00,1778534171728,1970-01-01T00:00:00+00:00,1,0,1,4,0,185355229,0,4,1.0,0.0,81917.95,0.0,0.0,81917.95,0.0,BTCUSD,[sl 81917.95],
2026-05-11 21:16:31,185357923,2026-05-11T21:16:31+00:00,1778534191603,2026-05-11T21:16:31+00:00,1778534191603,1970-01-01T00:00:00+00:00,0,0,1,4,0,185357923,0,3,1.0,0.0,0.0,81895.93,82561.77,81911.51,0.0,BTCUSD,OV2|04d1ee|H1|B,
2026-05-11 21:17:36,185358015,2026-05-11T21:17:36+00:00,1778534256095,2026-05-11T21:17:36+00:00,1778534256095,1970-01-01T00:00:00+00:00,1,0,1,4,0,185357923,0,4,1.0,0.0,81895.93,0.0,0.0,81895.93,0.0,BTCUSD,[sl 81895.93],
2026-05-11 21:17:59,185358050,2026-05-11T21:17:59+00:00,1778534279713,2026-05-11T21:17:59+00:00,1778534279713,1970-01-01T00:00:00+00:00,0,0,1,4,0,185358050,0,3,1.0,0.0,0.0,81885.75,82556.36,81902.25,0.0,BTCUSD,OV2|ae0435|H1|B,
2026-05-11 21:18:07,185358062,2026-05-11T21:18:07+00:00,1778534287699,2026-05-11T21:18:07+00:00,1778534287700,1970-01-01T00:00:00+00:00,1,0,1,4,0,185358050,0,4,1.0,0.0,81885.75,0.0,0.0,81885.75,0.0,BTCUSD,[sl 81885.75],
2026-05-11 21:18:36,185358124,2026-05-11T21:18:36+00:00,1778534316770,2026-05-11T21:18:36+00:00,1778534316771,1970-01-01T00:00:00+00:00,0,0,1,4,0,185358124,0,3,1.0,0.0,0.0,81827.54,82463.79,81844.04,0.0,BTCUSD,OV2|47d5e6|H1|B,
2026-05-11 21:26:35,185359510,2026-05-11T21:26:35+00:00,1778534795976,2026-05-11T21:26:35+00:00,1778534795976,1970-01-01T00:00:00+00:00,1,0,1,4,0,185358124,0,4,1.0,0.0,81827.54,0.0,0.0,81827.54,0.0,BTCUSD,[sl 81827.54],
2026-05-11 21:26:54,185359653,2026-05-11T21:26:54+00:00,1778534814943,2026-05-11T21:26:54+00:00,1778534814943,1970-01-01T00:00:00+00:00,0,0,1,4,0,185359653,0,3,1.0,0.0,0.0,81874.43,82499.83,81890.93,0.0,BTCUSD,OV2|680e93|H1|B,
2026-05-11 21:36:35,185362007,2026-05-11T21:36:35+00:00,1778535395151,2026-05-11T21:36:35+00:00,1778535395151,1970-01-01T00:00:00+00:00,1,0,1,4,0,185300319,0,4,0.25,0.0,1.36342,0.0,0.0,1.36342,0.0,GBPUSD,[sl 1.36342],
2026-05-11 21:54:18,185364423,2026-05-11T21:54:18+00:00,1778536458560,2026-05-11T21:54:18+00:00,1778536458560,1970-01-01T00:00:00+00:00,1,0,1,4,0,185359653,0,4,1.0,0.0,81874.43,0.0,0.0,81874.43,0.0,BTCUSD,[sl 81874.43],
2026-05-11 21:55:17,185364496,2026-05-11T21:55:17+00:00,1778536517284,2026-05-11T21:55:17+00:00,1778536517284,1970-01-01T00:00:00+00:00,1,0,1,4,0,185357799,0,4,1.0,0.0,1.4707,0.0,0.0,1.4707,0.0,XRPUSD,[sl 1.47070],
2026-05-12 08:54:31,185547839,2026-05-12T08:54:31+00:00,1778576071231,2026-05-12T08:54:31+00:00,1778576071231,1970-01-01T00:00:00+00:00,1,0,1,4,0,185547839,0,3,0.07,0.0,0.0,81257.87,80971.41,81207.87,0.0,BTCUSD,OV2|6593f3|H1|S,
2026-05-12 08:54:43,185547854,2026-05-12T08:54:43+00:00,1778576083533,2026-05-12T08:54:43+00:00,1778576083533,1970-01-01T00:00:00+00:00,0,0,1,4,0,185547854,0,3,0.1,0.0,0.0,1.45856,1.48266,1.46275,0.0,XRPUSD,OV2|045226|H4|B,
2026-05-12 09:21:45,185560957,2026-05-12T09:21:45+00:00,1778577705975,2026-05-12T09:21:45+00:00,1778577705975,1970-01-01T00:00:00+00:00,1,0,1,4,0,185547854,0,3,0.1,0.0,0.0,0.0,0.0,1.4656,0.0,XRPUSD,OMEGA_PARTIAL_CL,
2026-05-12 09:22:25,185561131,2026-05-12T09:22:25+00:00,1778577745911,2026-05-12T09:22:25+00:00,1778577745911,1970-01-01T00:00:00+00:00,0,0,1,4,0,185561131,0,3,0.1,0.0,0.0,1.46258,1.48455,1.46635,0.0,XRPUSD,OV2|915382|H4|B,
2026-05-12 09:22:37,185561358,2026-05-12T09:22:37+00:00,1778577757615,2026-05-12T09:22:37+00:00,1778577757615,1970-01-01T00:00:00+00:00,1,0,1,4,0,185561358,0,3,0.04,0.0,0.0,1.17643,1.17243,1.17543,0.0,EURUSD,OV2|47a9b0|H1|S,
2026-05-12 09:29:01,185564665,2026-05-12T09:29:01+00:00,1778578141952,2026-05-12T09:29:01+00:00,1778578141953,1970-01-01T00:00:00+00:00,1,0,1,4,0,185561131,0,4,0.1,0.0,1.46218,0.0,0.0,1.46218,0.0,XRPUSD,[sl 1.46218],
2026-05-12 09:33:27,185566250,2026-05-12T09:33:27+00:00,1778578407218,2026-05-12T09:33:27+00:00,1778578407218,1970-01-01T00:00:00+00:00,0,0,1,4,0,185547839,0,3,0.01,0.0,0.0,0.0,0.0,81125.35,0.0,BTCUSD,OMEGA_PARTIAL_CL,
2026-05-12 09:33:58,185567255,2026-05-12T09:33:58+00:00,1778578438238,2026-05-12T09:33:58+00:00,1778578438238,1970-01-01T00:00:00+00:00,1,0,1,4,0,185567255,0,3,0.1,0.0,0.0,1.4639,1.44263,1.4602,0.0,XRPUSD,OV2|a1d80a|H1|S,
2026-05-12 09:51:25,185572908,2026-05-12T09:51:25+00:00,1778579485829,2026-05-12T09:51:25+00:00,1778579485829,1970-01-01T00:00:00+00:00,0,0,1,4,0,185567255,0,3,0.1,0.0,0.0,0.0,0.0,1.45725,0.0,XRPUSD,OMEGA_PARTIAL_CL,
2026-05-12 09:52:19,185573158,2026-05-12T09:52:19+00:00,1778579539088,2026-05-12T09:52:19+00:00,1778579539088,1970-01-01T00:00:00+00:00,1,0,1,4,0,185573158,0,3,0.1,0.0,0.0,1.45896,1.43703,1.45515,0.0,XRPUSD,OV2|f5999b|H1|S,
2026-05-12 09:54:30,185573948,2026-05-12T09:54:30+00:00,1778579670280,2026-05-12T09:54:30+00:00,1778579670280,1970-01-01T00:00:00+00:00,0,0,1,4,0,185573158,0,4,0.1,0.0,1.45991,0.0,0.0,1.45991,0.0,XRPUSD,[sl 1.45991],
2026-05-12 09:55:50,185574550,2026-05-12T09:55:50+00:00,1778579750332,2026-05-12T09:55:50+00:00,1778579750332,1970-01-01T00:00:00+00:00,0,0,1,4,0,185561358,0,3,0.01,0.0,0.0,0.0,0.0,1.17505,0.0,EURUSD,OMEGA_PARTIAL_CL,
2026-05-12 09:56:12,185574660,2026-05-12T09:56:12+00:00,1778579772626,2026-05-12T09:56:12+00:00,1778579772626,1970-01-01T00:00:00+00:00,1,0,1,4,0,185574660,0,3,0.1,0.0,0.0,1.46194,1.43726,1.45735,0.0,XRPUSD,OV2|473def|H1|S,
2026-05-12 09:56:25,185574729,2026-05-12T09:56:25+00:00,1778579785773,2026-05-12T09:56:25+00:00,1778579785773,1970-01-01T00:00:00+00:00,1,0,1,4,0,185574729,0,3,0.03,0.0,0.0,1.35535,1.35255,1.35465,0.0,GBPUSD,OV2|af0c5e|H1|S,
2026-05-12 10:02:02,185577245,2026-05-12T10:02:02+00:00,1778580122452,2026-05-12T10:02:02+00:00,1778580122452,1970-01-01T00:00:00+00:00,0,0,1,4,0,185547839,0,5,0.06,0.0,80971.41,0.0,0.0,80971.41,0.0,BTCUSD,[tp 80971.41],
2026-05-12 10:04:46,185579443,2026-05-12T10:04:46+00:00,1778580286221,2026-05-12T10:04:46+00:00,1778580286221,1970-01-01T00:00:00+00:00,0,0,1,4,0,185574729,0,3,0.01,0.0,0.0,0.0,0.0,1.35395,0.0,GBPUSD,OMEGA_PARTIAL_CL,
2026-05-12 10:06:07,185580027,2026-05-12T10:06:07+00:00,1778580367694,2026-05-12T10:06:07+00:00,1778580367694,1970-01-01T00:00:00+00:00,1,0,1,4,0,185580027,0,3,0.07,0.0,0.0,80926.28,80483.53,80870.94,0.0,BTCUSD,OV2|53e240|H1|S,
2026-05-12 10:11:27,185584199,2026-05-12T10:11:27+00:00,1778580687993,2026-05-12T10:11:27+00:00,1778580687993,1970-01-01T00:00:00+00:00,0,0,1,4,0,185580027,0,4,0.07,0.0,81020.98,0.0,0.0,81020.98,0.0,BTCUSD,[sl 81020.98],
2026-05-12 10:11:41,185584336,2026-05-12T10:11:41+00:00,1778580701799,2026-05-12T10:11:41+00:00,1778580701799,1970-01-01T00:00:00+00:00,1,0,1,4,0,185584336,0,3,0.08,0.0,0.0,81078.89,80574.64,81016.36,0.0,BTCUSD,OV2|17821d|H1|S,
2026-05-12 10:11:41,185584337,2026-05-12T10:11:41+00:00,1778580701853,2026-05-12T10:11:41+00:00,1778580701854,1970-01-01T00:00:00+00:00,1,0,1,4,0,185584337,0,3,0.04,0.0,0.0,81079.39,80575.14,81016.36,0.0,BTCUSD,OV2|ec797e|H1|S,
2026-05-12 10:15:24,185585509,2026-05-12T10:15:24+00:00,1778580924224,2026-05-12T10:15:24+00:00,1778580924224,1970-01-01T00:00:00+00:00,0,0,1,4,0,185584336,0,3,0.01,0.0,0.0,0.0,0.0,80902.77,0.0,BTCUSD,OMEGA_PARTIAL_CL,
2026-05-12 10:15:24,185585510,2026-05-12T10:15:24+00:00,1778580924265,2026-05-12T10:15:24+00:00,1778580924265,1970-01-01T00:00:00+00:00,0,0,1,4,0,185584336,0,3,0.01,0.0,0.0,0.0,0.0,80902.77,0.0,BTCUSD,OMEGA_PARTIAL_CL,
2026-05-12 10:15:24,185585511,2026-05-12T10:15:24+00:00,1778580924350,2026-05-12T10:15:24+00:00,1778580924350,1970-01-01T00:00:00+00:00,0,0,1,4,0,185584337,0,3,0.01,0.0,0.0,0.0,0.0,80902.77,0.0,BTCUSD,OMEGA_PARTIAL_CL,
2026-05-12 10:15:24,185585514,2026-05-12T10:15:24+00:00,1778580924382,2026-05-12T10:15:24+00:00,1778580924382,1970-01-01T00:00:00+00:00,0,0,1,4,0,185584337,0,3,0.01,0.0,0.0,0.0,0.0,80902.77,0.0,BTCUSD,OMEGA_PARTIAL_CL,
2026-05-12 10:16:56,185585834,2026-05-12T10:16:56+00:00,1778581016610,2026-05-12T10:16:56+00:00,1778581016610,1970-01-01T00:00:00+00:00,1,0,1,4,0,185585834,0,3,0.01,0.0,0.0,4701.2,4671.38,4696.23,0.0,XAUUSD,OV2|6768d2|H1|S,
2026-05-12 10:16:56,185585835,2026-05-12T10:16:56+00:00,1778581016664,2026-05-12T10:16:56+00:00,1778581016664,1970-01-01T00:00:00+00:00,1,0,1,4,0,185585835,0,3,0.01,0.0,0.0,4701.2,4671.38,4696.24,0.0,XAUUSD,OV2|c9cfca|H1|S,
2026-05-12 10:19:55,185586638,2026-05-12T10:19:55+00:00,1778581195641,2026-05-12T10:19:55+00:00,1778581195642,1970-01-01T00:00:00+00:00,0,0,1,4,0,185584336,0,4,0.06,0.0,81016.36,0.0,0.0,81016.36,0.0,BTCUSD,[sl 81016.36],
2026-05-12 10:19:55,185586639,2026-05-12T10:19:55+00:00,1778581195641,2026-05-12T10:19:55+00:00,1778581195642,1970-01-01T00:00:00+00:00,0,0,1,4,0,185584337,0,4,0.02,0.0,81016.36,0.0,0.0,81016.36,0.0,BTCUSD,[sl 81016.36],
2026-05-12 10:21:10,185586949,2026-05-12T10:21:10+00:00,1778581270353,2026-05-12T10:21:10+00:00,1778581270354,1970-01-01T00:00:00+00:00,0,0,1,4,0,185574660,0,4,0.1,0.0,1.46347,0.0,0.0,1.46347,0.0,XRPUSD,[sl 1.46347],
2026-05-12 10:43:41,185591855,2026-05-12T10:43:41+00:00,1778582621750,2026-05-12T10:43:41+00:00,1778582621750,1970-01-01T00:00:00+00:00,0,0,1,4,0,185574729,0,5,0.02,0.0,1.35255,0.0,0.0,1.35255,0.0,GBPUSD,[tp 1.35255],
2026-05-12 10:57:14,185594339,2026-05-12T10:57:14+00:00,1778583434740,2026-05-12T10:57:14+00:00,1778583434740,1970-01-01T00:00:00+00:00,0,0,1,4,0,185585834,0,3,0.01,0.0,0.0,0.0,0.0,4703.32,0.0,XAUUSD,OMEGA_PARTIAL_CL,
2026-05-12 10:57:14,185594340,2026-05-12T10:57:14+00:00,1778583434798,2026-05-12T10:57:14+00:00,1778583434799,1970-01-01T00:00:00+00:00,0,0,1,4,0,185585835,0,3,0.01,0.0,0.0,0.0,0.0,4703.32,0.0,XAUUSD,OMEGA_PARTIAL_CL,
2026-05-12 10:57:54,185594503,2026-05-12T10:57:54+00:00,1778583474166,2026-05-12T10:57:54+00:00,1778583474166,1970-01-01T00:00:00+00:00,1,0,1,4,0,185594503,0,3,0.07,0.0,0.0,80965.69,80460.34,80902.52,0.0,BTCUSD,OV2|fde042|H1|S,
2026-05-12 10:57:54,185594504,2026-05-12T10:57:54+00:00,1778583474212,2026-05-12T10:57:54+00:00,1778583474212,1970-01-01T00:00:00+00:00,1,0,1,4,0,185594504,0,3,0.07,0.0,0.0,80965.69,80460.34,80902.52,0.0,BTCUSD,OV2|c85168|H1|S,
2026-05-12 10:58:00,185594547,2026-05-12T10:58:00+00:00,1778583480777,2026-05-12T10:58:00+00:00,1778583480777,1970-01-01T00:00:00+00:00,1,0,1,4,0,185594547,0,3,0.01,0.0,0.0,4705.28,4687.82,4702.28,0.0,XAUUSD,OV2|030ac7|H1|S,
2026-05-12 10:58:00,185594550,2026-05-12T10:58:00+00:00,1778583480812,2026-05-12T10:58:00+00:00,1778583480812,1970-01-01T00:00:00+00:00,1,0,1,4,0,185594550,0,3,0.01,0.0,0.0,4705.28,4687.82,4702.28,0.0,XAUUSD,OV2|582e04|H1|S,
2026-05-12 11:00:19,185595755,2026-05-12T11:00:19+00:00,1778583619740,2026-05-12T11:00:19+00:00,1778583619740,1970-01-01T00:00:00+00:00,0,0,1,4,0,185594503,0,3,0.01,0.0,0.0,0.0,0.0,80784.89,0.0,BTCUSD,OMEGA_PARTIAL_CL,
2026-05-12 11:00:19,185595756,2026-05-12T11:00:19+00:00,1778583619819,2026-05-12T11:00:19+00:00,1778583619819,1970-01-01T00:00:00+00:00,0,0,1,4,0,185594503,0,3,0.01,0.0,0.0,0.0,0.0,80784.89,0.0,BTCUSD,OMEGA_PARTIAL_CL,
2026-05-12 11:00:19,185595757,2026-05-12T11:00:19+00:00,1778583619876,2026-05-12T11:00:19+00:00,1778583619876,1970-01-01T00:00:00+00:00,0,0,1,4,0,185594504,0,3,0.01,0.0,0.0,0.0,0.0,80784.86,0.0,BTCUSD,OMEGA_PARTIAL_CL,
2026-05-12 11:00:19,185595758,2026-05-12T11:00:19+00:00,1778583619972,2026-05-12T11:00:19+00:00,1778583619972,1970-01-01T00:00:00+00:00,0,0,1,4,0,185594504,0,3,0.01,0.0,0.0,0.0,0.0,80783.85,0.0,BTCUSD,OMEGA_PARTIAL_CL,
2026-05-12 11:01:23,185596066,2026-05-12T11:01:23+00:00,1778583683047,2026-05-12T11:01:23+00:00,1778583683047,1970-01-01T00:00:00+00:00,0,0,1,4,0,185594503,0,4,0.05,0.0,80902.52,0.0,0.0,80902.52,0.0,BTCUSD,[sl 80902.52],
2026-05-12 11:01:23,185596067,2026-05-12T11:01:23+00:00,1778583683047,2026-05-12T11:01:23+00:00,1778583683048,1970-01-01T00:00:00+00:00,0,0,1,4,0,185594504,0,4,0.05,0.0,80902.52,0.0,0.0,80902.52,0.0,BTCUSD,[sl 80902.52],
2026-05-12 12:21:14,185613634,2026-05-12T12:21:14+00:00,1778588474189,2026-05-12T12:21:14+00:00,1778588474189,1970-01-01T00:00:00+00:00,0,0,1,4,0,185594547,0,3,0.01,0.0,0.0,0.0,0.0,4698.19,0.0,XAUUSD,OMEGA_PARTIAL_CL,
2026-05-12 12:21:14,185613635,2026-05-12T12:21:14+00:00,1778588474297,2026-05-12T12:21:14+00:00,1778588474297,1970-01-01T00:00:00+00:00,0,0,1,4,0,185594550,0,3,0.01,0.0,0.0,0.0,0.0,4698.19,0.0,XAUUSD,OMEGA_PARTIAL_CL,
2026-05-12 12:21:49,185613707,2026-05-12T12:21:49+00:00,1778588509298,2026-05-12T12:21:49+00:00,1778588509298,1970-01-01T00:00:00+00:00,1,0,1,4,0,185613707,0,3,0.01,0.0,0.0,4702.11,4685.26,4699.11,0.0,XAUUSD,OV2|459053|H1|S,
2026-05-12 12:22:09,185613784,2026-05-12T12:22:09+00:00,1778588529086,2026-05-12T12:22:09+00:00,1778588529086,1970-01-01T00:00:00+00:00,1,0,1,4,0,185613784,0,3,0.07,0.0,0.0,80760.88,80351.06,80709.4,0.0,BTCUSD,OV2|122920|H1|S,
2026-05-12 12:22:26,185613807,2026-05-12T12:22:26+00:00,1778588546342,2026-05-12T12:22:26+00:00,1778588546342,1970-01-01T00:00:00+00:00,1,0,1,4,0,185613807,0,3,0.1,0.0,0.0,1.45966,1.43374,1.4552,0.0,XRPUSD,OV2|6501df|H1|S,
2026-05-12 12:30:41,185615877,2026-05-12T12:30:41+00:00,1778589041837,2026-05-12T12:30:41+00:00,1778589041838,1970-01-01T00:00:00+00:00,0,0,1,4,0,185613784,0,4,0.07,0.0,80837.53,0.0,0.0,80837.53,0.0,BTCUSD,[sl 80837.53],
2026-05-12 13:04:47,185626496,2026-05-12T13:04:47+00:00,1778591087767,2026-05-12T13:04:47+00:00,1778591087767,1970-01-01T00:00:00+00:00,0,0,1,4,0,185613807,0,3,0.1,0.0,0.0,0.0,0.0,1.4517,0.0,XRPUSD,OMEGA_PARTIAL_CL,
2026-05-12 13:06:33,185626804,2026-05-12T13:06:33+00:00,1778591193131,2026-05-12T13:06:33+00:00,1778591193131,1970-01-01T00:00:00+00:00,1,0,1,4,0,185626804,0,3,0.08,0.0,0.0,80828.2,80401.81,80775.29,0.0,BTCUSD,OV2|cc3d61|H1|S,
2026-05-12 13:06:45,185626836,2026-05-12T13:06:45+00:00,1778591205452,2026-05-12T13:06:45+00:00,1778591205453,1970-01-01T00:00:00+00:00,1,0,1,4,0,185626836,0,3,0.02,0.0,0.0,1.35476,1.35158,1.35398,0.0,GBPUSD,OV2|2d9298|H1|S,
2026-05-12 13:25:30,185632223,2026-05-12T13:25:30+00:00,1778592330906,2026-05-12T13:25:30+00:00,1778592330906,1970-01-01T00:00:00+00:00,0,0,1,4,0,185626804,0,3,0.01,0.0,0.0,0.0,0.0,80663.77,0.0,BTCUSD,OMEGA_PARTIAL_CL,
2026-05-12 13:28:01,185632764,2026-05-12T13:28:01+00:00,1778592481528,2026-05-12T13:28:01+00:00,1778592481528,1970-01-01T00:00:00+00:00,0,0,1,4,0,185626836,0,4,0.02,0.0,1.35476,0.0,0.0,1.35476,0.0,GBPUSD,[sl 1.35476],
2026-05-12 13:28:51,185632902,2026-05-12T13:28:51+00:00,1778592531939,2026-05-12T13:28:51+00:00,1778592531939,1970-01-01T00:00:00+00:00,1,0,1,4,0,185632902,0,3,0.04,0.0,0.0,1.35534,1.35254,1.35464,0.0,GBPUSD,OV2|3a8b0a|H1|S,
2026-05-12 13:32:49,185635327,2026-05-12T13:32:49+00:00,1778592769090,2026-05-12T13:32:49+00:00,1778592769090,1970-01-01T00:00:00+00:00,0,0,1,4,0,185613707,0,3,0.01,0.0,0.0,0.0,0.0,4692.89,0.0,XAUUSD,OMEGA_PARTIAL_CL,
2026-05-12 13:35:44,185636214,2026-05-12T13:35:44+00:00,1778592944714,2026-05-12T13:35:44+00:00,1778592944714,1970-01-01T00:00:00+00:00,1,0,1,4,0,185636214,0,3,0.1,0.0,0.0,1.45425,1.43068,1.45015,0.0,XRPUSD,OV2|21276f|H1|S,
2026-05-12 13:36:47,185636631,2026-05-12T13:36:47+00:00,1778593007430,2026-05-12T13:36:47+00:00,1778593007430,1970-01-01T00:00:00+00:00,0,0,1,4,0,185632902,0,4,0.04,0.0,1.35535,0.0,0.0,1.35535,0.0,GBPUSD,[sl 1.35535],
2026-05-12 13:37:29,185636868,2026-05-12T13:37:29+00:00,1778593049323,2026-05-12T13:37:29+00:00,1778593049323,1970-01-01T00:00:00+00:00,1,0,1,4,0,185636868,0,3,0.04,0.0,0.0,1.35571,1.35275,1.35497,0.0,GBPUSD,OV2|a9fbc6|H4|S,
2026-05-12 13:43:18,185640462,2026-05-12T13:43:18+00:00,1778593398772,2026-05-12T13:43:18+00:00,1778593398772,1970-01-01T00:00:00+00:00,0,0,1,4,0,185636868,0,3,0.01,0.0,0.0,0.0,0.0,1.3545,0.0,GBPUSD,OMEGA_PARTIAL_CL,
2026-05-12 13:46:17,185641237,2026-05-12T13:46:17+00:00,1778593577969,2026-05-12T13:46:17+00:00,1778593577969,1970-01-01T00:00:00+00:00,1,0,1,4,0,185641237,0,3,0.01,0.0,0.0,4695.77,4671.84,4691.78,0.0,XAUUSD,OV2|7f948d|H1|S,
2026-05-12 14:03:13,185646094,2026-05-12T14:03:13+00:00,1778594593881,2026-05-12T14:03:13+00:00,1778594593881,1970-01-01T00:00:00+00:00,0,0,1,4,0,185636868,0,5,0.03,0.0,1.35275,0.0,0.0,1.35275,0.0,GBPUSD,[tp 1.35275],
2026-05-12 14:15:29,185651896,2026-05-12T14:15:29+00:00,1778595329778,2026-05-12T14:15:29+00:00,1778595329778,1970-01-01T00:00:00+00:00,0,0,1,4,0,185636214,0,3,0.1,0.0,0.0,0.0,0.0,1.4466,0.0,XRPUSD,OMEGA_PARTIAL_CL,
2026-05-12 14:15:54,185652063,2026-05-12T14:15:54+00:00,1778595354830,2026-05-12T14:15:54+00:00,1778595354830,1970-01-01T00:00:00+00:00,1,0,1,4,0,185652063,0,3,0.1,0.0,0.0,1.44966,1.42601,1.44555,0.0,XRPUSD,OV2|c83adc|H1|S,
2026-05-12 14:16:40,185652404,2026-05-12T14:16:40+00:00,1778595400349,2026-05-12T14:16:40+00:00,1778595400349,1970-01-01T00:00:00+00:00,1,0,1,4,0,185652404,0,3,0.02,0.0,0.0,1.35376,1.35096,1.35307,0.0,GBPUSD,OV2|0ed165|H1|S,
2026-05-12 14:35:58,185658064,2026-05-12T14:35:58+00:00,1778596558462,2026-05-12T14:35:58+00:00,1778596558463,1970-01-01T00:00:00+00:00,0,0,1,4,0,185641237,0,4,0.01,0.0,4702.61,0.0,0.0,4702.61,0.0,XAUUSD,[sl 4702.61],
2026-05-12 14:39:02,185658721,2026-05-12T14:39:02+00:00,1778596742200,2026-05-12T14:39:02+00:00,1778596742200,1970-01-01T00:00:00+00:00,0,0,1,4,0,185652404,0,3,0.02,0.0,0.0,0.0,0.0,1.35431,0.0,GBPUSD,OMEGA_PARTIAL_CL,
2026-05-12 14:41:36,185660029,2026-05-12T14:41:36+00:00,1778596896795,2026-05-12T14:41:36+00:00,1778596896795,1970-01-01T00:00:00+00:00,1,0,1,4,0,185660029,0,3,0.02,0.0,0.0,1.35506,1.3523399999999999,1.35438,0.0,GBPUSD,OV2|d1df47|H1|S,
2026-05-12 14:41:54,185660061,2026-05-12T14:41:54+00:00,1778596914395,2026-05-12T14:41:54+00:00,1778596914395,1970-01-01T00:00:00+00:00,1,0,1,4,0,185660061,0,3,0.01,0.0,0.0,4708.19,4681.49,4703.74,0.0,XAUUSD,OV2|8218fe|H1|S,
2026-05-12 14:51:06,185662910,2026-05-12T14:51:06+00:00,1778597466656,2026-05-12T14:51:06+00:00,1778597466656,1970-01-01T00:00:00+00:00,0,0,1,4,0,185660029,0,3,0.01,0.0,0.0,0.0,0.0,1.35386,0.0,GBPUSD,OMEGA_PARTIAL_CL,
2026-05-12 14:54:31,185663969,2026-05-12T14:54:31+00:00,1778597671740,2026-05-12T14:54:31+00:00,1778597671741,1970-01-01T00:00:00+00:00,0,0,1,4,0,185652063,0,4,0.1,0.0,1.44974,0.0,0.0,1.44974,0.0,XRPUSD,[sl 1.44974],
2026-05-12 14:55:37,185664320,2026-05-12T14:55:37+00:00,1778597737407,2026-05-12T14:55:37+00:00,1778597737407,1970-01-01T00:00:00+00:00,1,0,1,4,0,185664320,0,3,0.1,0.0,0.0,1.45181,1.43192,1.44835,0.0,XRPUSD,OV2|84bb26|H1|S,
2026-05-12 15:02:17,185667072,2026-05-12T15:02:17+00:00,1778598137556,2026-05-12T15:02:17+00:00,1778598137557,1970-01-01T00:00:00+00:00,0,0,1,4,0,185626804,0,4,0.07,0.0,80775.29,0.0,0.0,80775.29,0.0,BTCUSD,[sl 80775.29],
2026-05-12 15:08:25,185669422,2026-05-12T15:08:25+00:00,1778598505575,2026-05-12T15:08:25+00:00,1778598505575,1970-01-01T00:00:00+00:00,0,0,1,4,0,185660029,0,5,0.01,0.0,1.3523399999999999,0.0,0.0,1.3523399999999999,0.0,GBPUSD,[tp 1.35234],
2026-05-12 15:18:07,185673323,2026-05-12T15:18:07+00:00,1778599087950,2026-05-12T15:18:07+00:00,1778599087951,1970-01-01T00:00:00+00:00,0,0,1,4,0,185664320,0,4,0.1,0.0,1.45238,0.0,0.0,1.45238,0.0,XRPUSD,[sl 1.45238],
2026-05-12 15:18:42,185673481,2026-05-12T15:18:42+00:00,1778599122945,2026-05-12T15:18:42+00:00,1778599122945,1970-01-01T00:00:00+00:00,1,0,1,4,0,185673481,0,3,0.03,0.0,0.0,1.35328,1.3504,1.35256,0.0,GBPUSD,OV2|bdd351|H1|S,
2026-05-12 15:25:25,185676380,2026-05-12T15:25:25+00:00,1778599525406,2026-05-12T15:25:25+00:00,1778599525406,1970-01-01T00:00:00+00:00,0,0,1,4,0,185660061,0,3,0.01,0.0,0.0,0.0,0.0,4696.24,0.0,XAUUSD,OMEGA_PARTIAL_CL,
2026-05-12 15:26:10,185676659,2026-05-12T15:26:10+00:00,1778599570219,2026-05-12T15:26:10+00:00,1778599570219,1970-01-01T00:00:00+00:00,1,0,1,4,0,185676659,0,3,0.1,0.0,0.0,1.45464,1.4343,1.4511,0.0,XRPUSD,OV2|b4ca79|H1|S,
2026-05-12 15:26:37,185676833,2026-05-12T15:26:37+00:00,1778599597221,2026-05-12T15:26:37+00:00,1778599597221,1970-01-01T00:00:00+00:00,1,0,1,4,0,185676833,0,3,0.09,0.0,0.0,80807.93,80421.73,80757.93,0.0,BTCUSD,OV2|9b7545|H1|S,
2026-05-12 15:30:00,185677840,2026-05-12T15:30:00+00:00,1778599800982,2026-05-12T15:30:00+00:00,1778599800982,1970-01-01T00:00:00+00:00,0,0,1,4,0,185676659,0,4,0.1,0.0,1.45575,0.0,0.0,1.45575,0.0,XRPUSD,[sl 1.45575],
2026-05-12 15:30:38,185679335,2026-05-12T15:30:38+00:00,1778599838290,2026-05-12T15:30:38+00:00,1778599838290,1970-01-01T00:00:00+00:00,0,0,1,4,0,185676833,0,3,0.01,0.0,0.0,0.0,0.0,80649.75,0.0,BTCUSD,OMEGA_PARTIAL_CL,
2026-05-12 15:31:30,185680301,2026-05-12T15:31:30+00:00,1778599890264,2026-05-12T15:31:30+00:00,1778599890264,1970-01-01T00:00:00+00:00,1,0,1,4,0,185680301,0,3,0.01,0.0,0.0,4695.34,4667.39,4690.68,0.0,XAUUSD,OV2|4e7115|H1|S,
2026-05-12 15:31:31,185680353,2026-05-12T15:31:31+00:00,1778599891646,2026-05-12T15:31:31+00:00,1778599891646,1970-01-01T00:00:00+00:00,0,0,1,4,0,185673481,0,3,0.01,0.0,0.0,0.0,0.0,1.35147,0.0,GBPUSD,OMEGA_PARTIAL_CL,
2026-05-12 15:31:32,185680365,2026-05-12T15:31:32+00:00,1778599892088,2026-05-12T15:31:32+00:00,1778599892088,1970-01-01T00:00:00+00:00,1,0,1,4,0,185680365,0,3,0.1,0.0,0.0,1.4522599999999999,1.42749,1.44795,0.0,XRPUSD,OV2|45d63d|H1|S,
2026-05-12 15:34:04,185682058,2026-05-12T15:34:04+00:00,1778600044547,2026-05-12T15:34:04+00:00,1778600044547,1970-01-01T00:00:00+00:00,0,0,1,4,0,185673481,0,4,0.02,0.0,1.35256,0.0,0.0,1.35256,0.0,GBPUSD,[sl 1.35256],
2026-05-12 15:34:30,185682355,2026-05-12T15:34:30+00:00,1778600070482,2026-05-12T15:34:30+00:00,1778600070482,1970-01-01T00:00:00+00:00,0,0,1,4,0,185676833,0,4,0.08,0.0,80757.93,0.0,0.0,80757.93,0.0,BTCUSD,[sl 80757.93],
2026-05-12 15:39:03,185685173,2026-05-12T15:39:03+00:00,1778600343389,2026-05-12T15:39:03+00:00,1778600343389,1970-01-01T00:00:00+00:00,0,0,1,4,0,185680365,0,4,0.1,0.0,1.45485,0.0,0.0,1.45485,0.0,XRPUSD,[sl 1.45485],
2026-05-12 15:39:42,185685677,2026-05-12T15:39:42+00:00,1778600382003,2026-05-12T15:39:42+00:00,1778600382003,1970-01-01T00:00:00+00:00,1,0,1,4,0,185685677,0,3,0.09,0.0,0.0,81054.53,80344.43,80965.77,0.0,BTCUSD,OV2|fbc743|H1|S,
2026-05-12 15:40:14,185685922,2026-05-12T15:40:14+00:00,1778600414890,2026-05-12T15:40:14+00:00,1778600414890,1970-01-01T00:00:00+00:00,0,0,1,4,0,185680301,0,4,0.01,0.0,4703.58,0.0,0.0,4703.58,0.0,XAUUSD,[sl 4703.58],
2026-05-12 15:41:27,185686583,2026-05-12T15:41:27+00:00,1778600487424,2026-05-12T15:41:27+00:00,1778600487424,1970-01-01T00:00:00+00:00,1,0,1,4,0,185686583,0,3,0.1,0.0,0.0,1.45904,1.4266,1.4534,0.0,XRPUSD,OV2|d25ea8|H1|S,
2026-05-12 15:41:56,185686705,2026-05-12T15:41:56+00:00,1778600516510,2026-05-12T15:41:56+00:00,1778600516510,1970-01-01T00:00:00+00:00,1,0,1,4,0,185686705,0,3,0.02,0.0,0.0,1.3533,1.35034,1.35256,0.0,GBPUSD,OV2|18b3f7|H1|S,
2026-05-12 15:51:37,185692759,2026-05-12T15:51:37+00:00,1778601097657,2026-05-12T15:51:37+00:00,1778601097657,1970-01-01T00:00:00+00:00,0,0,1,4,0,185686705,0,4,0.02,0.0,1.3538999999999999,0.0,0.0,1.3538999999999999,0.0,GBPUSD,[sl 1.35390],
2026-05-12 16:14:23,185707080,2026-05-12T16:14:23+00:00,1778602463930,2026-05-12T16:14:23+00:00,1778602463930,1970-01-01T00:00:00+00:00,0,0,1,4,0,185685677,0,3,0.01,0.0,0.0,0.0,0.0,80834.44,0.0,BTCUSD,OMEGA_PARTIAL_CL,
2026-05-12 16:16:38,185709862,2026-05-12T16:16:38+00:00,1778602598851,2026-05-12T16:16:38+00:00,1778602598851,1970-01-01T00:00:00+00:00,1,0,1,4,0,185709862,0,3,0.02,0.0,0.0,1.35288,1.3498999999999999,1.35215,0.0,GBPUSD,OV2|dceb46|H1|S,
2026-05-12 16:17:50,185711741,2026-05-12T16:17:50+00:00,1778602670180,2026-05-12T16:17:50+00:00,1778602670181,1970-01-01T00:00:00+00:00,0,0,1,4,0,185686583,0,3,0.1,0.0,0.0,0.0,0.0,1.4501,0.0,XRPUSD,OMEGA_PARTIAL_CL,
2026-05-12 16:18:41,185712359,2026-05-12T16:18:41+00:00,1778602721686,2026-05-12T16:18:41+00:00,1778602721686,1970-01-01T00:00:00+00:00,1,0,1,4,0,185712359,0,3,0.1,0.0,0.0,1.45243,1.43042,1.4485999999999999,0.0,XRPUSD,OV2|cc2e1d|H1|S,
2026-05-12 16:19:01,185712697,2026-05-12T16:19:01+00:00,1778602741452,2026-05-12T16:19:01+00:00,1778602741452,1970-01-01T00:00:00+00:00,1,0,1,4,0,185712697,0,3,0.01,0.0,0.0,4692.94,4654.23,4686.49,0.0,XAUUSD,OV2|877666|H1|S,
2026-05-12 16:36:42,185725257,2026-05-12T16:36:42+00:00,1778603802251,2026-05-12T16:36:42+00:00,1778603802251,1970-01-01T00:00:00+00:00,0,0,1,4,0,185712359,0,3,0.1,0.0,0.0,0.0,0.0,1.4455,0.0,XRPUSD,OMEGA_PARTIAL_CL,
2026-05-12 16:50:52,185737710,2026-05-12T16:50:52+00:00,1778604652071,2026-05-12T16:50:52+00:00,1778604652071,1970-01-01T00:00:00+00:00,0,0,1,4,0,185709862,0,3,0.01,0.0,0.0,0.0,0.0,1.3511600000000001,0.0,GBPUSD,OMEGA_PARTIAL_CL,
2026-05-12 16:51:49,185738326,2026-05-12T16:51:49+00:00,1778604709646,2026-05-12T16:51:49+00:00,1778604709646,1970-01-01T00:00:00+00:00,1,0,1,4,0,185738326,0,3,0.1,0.0,0.0,1.44847,1.41643,1.4429,0.0,XRPUSD,OV2|a768e9|H1|S,
2026-05-12 16:57:04,185741372,2026-05-12T16:57:04+00:00,1778605024313,2026-05-12T16:57:04+00:00,1778605024313,1970-01-01T00:00:00+00:00,0,0,1,4,0,185738326,0,3,0.1,0.0,0.0,0.0,0.0,1.4364,0.0,XRPUSD,OMEGA_PARTIAL_CL,
2026-05-12 17:00:42,185747272,2026-05-12T17:00:42+00:00,1778605242584,2026-05-12T17:00:42+00:00,1778605242585,1970-01-01T00:00:00+00:00,1,0,1,4,0,185747272,0,3,0.1,0.0,0.0,1.44108,1.3995199999999999,1.43385,0.0,XRPUSD,OV2|462ff6|H1|S,
2026-05-12 17:00:42,185747273,2026-05-12T17:00:42+00:00,1778605242648,2026-05-12T17:00:42+00:00,1778605242648,1970-01-01T00:00:00+00:00,1,0,1,4,0,185747273,0,3,0.1,0.0,0.0,1.44108,1.3995199999999999,1.43385,0.0,XRPUSD,OV2|edf1b0|H1|S,
2026-05-12 17:03:13,185750886,2026-05-12T17:03:13+00:00,1778605393448,2026-05-12T17:03:13+00:00,1778605393449,1970-01-01T00:00:00+00:00,0,0,1,4,0,185709862,0,4,0.01,0.0,1.35215,0.0,0.0,1.35215,0.0,GBPUSD,[sl 1.35215],
2026-05-12 17:33:44,185769283,2026-05-12T17:33:44+00:00,1778607224310,2026-05-12T17:33:44+00:00,1778607224310,1970-01-01T00:00:00+00:00,0,0,1,4,0,185712697,0,3,0.01,0.0,0.0,0.0,0.0,4675.61,0.0,XAUUSD,OMEGA_PARTIAL_CL,
2026-05-12 17:50:42,185778437,2026-05-12T17:50:42+00:00,1778608242502,2026-05-12T17:50:42+00:00,1778608242502,1970-01-01T00:00:00+00:00,0,0,1,4,0,185747272,0,3,0.1,0.0,0.0,0.0,0.0,1.42785,0.0,XRPUSD,OMEGA_PARTIAL_CL,
2026-05-12 17:50:42,185778439,2026-05-12T17:50:42+00:00,1778608242588,2026-05-12T17:50:42+00:00,1778608242588,1970-01-01T00:00:00+00:00,0,0,1,4,0,185747273,0,3,0.1,0.0,0.0,0.0,0.0,1.42785,0.0,XRPUSD,OMEGA_PARTIAL_CL,
2026-05-12 17:51:20,185779180,2026-05-12T17:51:20+00:00,1778608280566,2026-05-12T17:51:20+00:00,1778608280566,1970-01-01T00:00:00+00:00,1,0,1,4,0,185779180,0,3,0.1,0.0,0.0,1.43155,1.38843,1.4241,0.0,XRPUSD,OV2|96e10d|H1|S,
2026-05-12 17:51:20,185779182,2026-05-12T17:51:20+00:00,1778608280615,2026-05-12T17:51:20+00:00,1778608280615,1970-01-01T00:00:00+00:00,1,0,1,4,0,185779182,0,3,0.1,0.0,0.0,1.43155,1.38843,1.4241,0.0,XRPUSD,OV2|ce343e|H1|S,
2026-05-12 17:51:32,185779432,2026-05-12T17:51:32+00:00,1778608292080,2026-05-12T17:51:32+00:00,1778608292080,1970-01-01T00:00:00+00:00,1,0,1,4,0,185779432,0,3,0.01,0.0,0.0,4677.73,4641.12,4671.63,0.0,XAUUSD,OV2|ee11dd|H1|S,
2026-05-12 17:51:32,185779436,2026-05-12T17:51:32+00:00,1778608292116,2026-05-12T17:51:32+00:00,1778608292117,1970-01-01T00:00:00+00:00,1,0,1,4,0,185779436,0,3,0.01,0.0,0.0,4677.73,4641.12,4671.63,0.0,XAUUSD,OV2|6abb93|H1|S,
2026-05-12 18:17:29,185795102,2026-05-12T18:17:29+00:00,1778609849874,2026-05-12T18:17:29+00:00,1778609849874,1970-01-01T00:00:00+00:00,0,0,1,4,0,185779432,0,3,0.01,0.0,0.0,0.0,0.0,4661.77,0.0,XAUUSD,OMEGA_PARTIAL_CL,
2026-05-12 18:17:30,185795160,2026-05-12T18:17:30+00:00,1778609850256,2026-05-12T18:17:30+00:00,1778609850256,1970-01-01T00:00:00+00:00,0,0,1,4,0,185779436,0,3,0.01,0.0,0.0,0.0,0.0,4661.77,0.0,XAUUSD,OMEGA_PARTIAL_CL,
2026-05-12 18:23:21,185801624,2026-05-12T18:23:21+00:00,1778610201527,2026-05-12T18:23:21+00:00,1778610201527,1970-01-01T00:00:00+00:00,0,0,1,4,0,185685677,0,5,0.08,0.0,80344.43,0.0,0.0,80344.43,0.0,BTCUSD,[tp 80344.43],
2026-05-12 18:25:23,185804271,2026-05-12T18:25:23+00:00,1778610323021,2026-05-12T18:25:23+00:00,1778610323022,1970-01-01T00:00:00+00:00,0,0,1,4,0,185561358,0,5,0.03,0.0,1.17243,0.0,0.0,1.17243,0.0,EURUSD,[tp 1.17243],
2026-05-12 20:13:48,185842086,2026-05-12T20:13:48+00:00,1778616828920,2026-05-12T20:13:48+00:00,1778616828920,1970-01-01T00:00:00+00:00,0,0,1,4,0,185779180,0,4,0.1,0.0,1.42994,0.0,0.0,1.42994,0.0,XRPUSD,[sl 1.42994],
2026-05-12 20:13:48,185842087,2026-05-12T20:13:48+00:00,1778616828920,2026-05-12T20:13:48+00:00,1778616828920,1970-01-01T00:00:00+00:00,0,0,1,4,0,185779182,0,4,0.1,0.0,1.42994,0.0,0.0,1.42994,0.0,XRPUSD,[sl 1.42994],
2026-05-12 20:32:19,185847920,2026-05-12T20:32:19+00:00,1778617939939,2026-05-12T20:32:19+00:00,1778617939939,1970-01-01T00:00:00+00:00,1,0,1,4,0,185847920,0,3,0.09,0.0,0.0,80563.11,79864.74,80462.79,0.0,BTCUSD,OV2|8148a9|H1|S,
2026-05-12 20:32:26,185847928,2026-05-12T20:32:26+00:00,1778617946106,2026-05-12T20:32:26+00:00,1778617946106,1970-01-01T00:00:00+00:00,1,0,1,4,0,185847928,0,3,0.05,0.0,0.0,185.07,184.774,184.996,0.0,EURJPY,OV2|24c2ef|H1|S,
2026-05-12 20:32:35,185847938,2026-05-12T20:32:35+00:00,1778617955383,2026-05-12T20:32:35+00:00,1778617955383,1970-01-01T00:00:00+00:00,1,0,1,4,0,185847938,0,3,0.1,0.0,0.0,1.43649,1.4154,1.4318,0.0,XRPUSD,OV2|8c55a2|H1|S,
2026-05-12 21:00:37,185851698,2026-05-12T21:00:37+00:00,1778619637695,2026-05-12T21:00:37+00:00,1778619637695,1970-01-01T00:00:00+00:00,0,0,1,4,0,185847928,0,4,0.05,0.0,185.047,0.0,0.0,185.047,0.0,EURJPY,[sl 185.047],
2026-05-12 21:01:56,185852266,2026-05-12T21:01:56+00:00,1778619716568,2026-05-12T21:01:56+00:00,1778619716568,1970-01-01T00:00:00+00:00,0,0,1,4,0,185852266,0,3,0.07,0.0,0.0,113.875,114.187,113.953,0.0,AUDJPY,OV2|56a2ae|H1|B,
2026-05-12 21:33:14,185859455,2026-05-12T21:33:14+00:00,1778621594895,2026-05-12T21:33:14+00:00,1778621594895,1970-01-01T00:00:00+00:00,1,0,1,4,0,185852266,0,3,0.01,0.0,0.0,0.0,0.0,113.999,0.0,AUDJPY,OMEGA_PARTIAL_CL,
2026-05-12 21:34:01,185859637,2026-05-12T21:34:01+00:00,1778621641025,2026-05-12T21:34:01+00:00,1778621641025,1970-01-01T00:00:00+00:00,1,0,1,4,0,185859637,0,3,0.07,0.0,0.0,185.069,184.773,184.995,0.0,EURJPY,OV2|10400c|H1|S,
2026-05-12 21:36:23,185860254,2026-05-12T21:36:23+00:00,1778621783885,2026-05-12T21:36:23+00:00,1778621783885,1970-01-01T00:00:00+00:00,0,0,1,4,0,185847938,0,4,0.1,0.0,1.43505,0.0,0.0,1.43505,0.0,XRPUSD,[sl 1.43505],
2026-05-12 21:36:38,185860405,2026-05-12T21:36:38+00:00,1778621798931,2026-05-12T21:36:38+00:00,1778621798931,1970-01-01T00:00:00+00:00,0,0,1,4,0,185847920,0,4,0.09,0.0,80598.01,0.0,0.0,80598.01,0.0,BTCUSD,[sl 80598.01],
2026-05-12 21:37:03,185860546,2026-05-12T21:37:03+00:00,1778621823405,2026-05-12T21:37:03+00:00,1778621823405,1970-01-01T00:00:00+00:00,1,0,1,4,0,185860546,0,3,0.01,0.0,0.0,4694.89,4682.66,4691.83,0.0,XAUUSD,OV2|5eee3e|H1|S,
2026-05-12 21:38:02,185860690,2026-05-12T21:38:02+00:00,1778621882653,2026-05-12T21:38:02+00:00,1778621882653,1970-01-01T00:00:00+00:00,1,0,1,4,0,185860690,0,3,0.05,0.0,0.0,1.17465,1.17065,1.17366,0.0,EURUSD,OV2|965e5b|H1|S,
2026-05-12 21:50:02,185864208,2026-05-12T21:50:02+00:00,1778622602550,2026-05-12T21:50:02+00:00,1778622602550,1970-01-01T00:00:00+00:00,0,0,1,4,0,185859637,0,4,0.07,0.0,185.048,0.0,0.0,185.048,0.0,EURJPY,[sl 185.048],
2026-05-12 21:51:38,185864538,2026-05-12T21:51:38+00:00,1778622698828,2026-05-12T21:51:38+00:00,1778622698828,1970-01-01T00:00:00+00:00,1,0,1,4,0,185864538,0,3,0.1,0.0,0.0,80706.31,80331.3,80652.74,0.0,BTCUSD,OV2|3e1cf7|H1|S,
2026-05-12 21:55:34,185865805,2026-05-12T21:55:34+00:00,1778622934374,2026-05-12T21:55:34+00:00,1778622934374,1970-01-01T00:00:00+00:00,0,0,1,4,0,185860690,0,4,0.05,0.0,1.17409,0.0,0.0,1.17409,0.0,EURUSD,[sl 1.17409],
2026-05-12 21:56:35,185865957,2026-05-12T21:56:35+00:00,1778622995888,2026-05-12T21:56:35+00:00,1778622995888,1970-01-01T00:00:00+00:00,1,0,1,4,0,185865957,0,3,0.04,0.0,0.0,1.35465,1.3486500000000001,1.35315,0.0,GBPUSD,OV2|caf23f|H1|S,
2026-05-12 22:07:46,185868076,2026-05-12T22:07:46+00:00,1778623666698,2026-05-12T22:07:46+00:00,1778623666698,1970-01-01T00:00:00+00:00,0,0,1,4,0,185860546,0,4,0.01,0.0,4699.53,0.0,0.0,4699.53,0.0,XAUUSD,[sl 4699.53],
2026-05-12 22:08:30,185868418,2026-05-12T22:08:30+00:00,1778623710358,2026-05-12T22:08:30+00:00,1778623710358,1970-01-01T00:00:00+00:00,0,0,1,4,0,185868418,0,3,0.01,0.0,0.0,4695.8,4708.6,4699.0,0.0,XAUUSD,OV2|96c7d1|M15|B,
2026-05-12 22:10:38,185868664,2026-05-12T22:10:38+00:00,1778623838285,2026-05-12T22:10:38+00:00,1778623838285,1970-01-01T00:00:00+00:00,0,0,1,4,0,185865957,0,4,0.04,0.0,1.35389,0.0,0.0,1.35389,0.0,GBPUSD,[sl 1.35389],
2026-05-12 22:15:42,185869948,2026-05-12T22:15:42+00:00,1778624142362,2026-05-12T22:15:42+00:00,1778624142363,1970-01-01T00:00:00+00:00,0,0,1,4,0,185864538,0,4,0.1,0.0,80820.76,0.0,0.0,80820.76,0.0,BTCUSD,[sl 80820.76],
2026-05-12 22:33:45,185874491,2026-05-12T22:33:45+00:00,1778625225847,2026-05-12T22:33:45+00:00,1778625225847,1970-01-01T00:00:00+00:00,1,0,1,4,0,185868418,0,3,0.01,0.0,0.0,0.0,0.0,4706.96,0.0,XAUUSD,OMEGA_PARTIAL_CL,
2026-05-12 22:37:51,185875985,2026-05-12T22:37:51+00:00,1778625471469,2026-05-12T22:37:51+00:00,1778625471469,1970-01-01T00:00:00+00:00,0,0,1,4,0,185875985,0,3,0.01,0.0,0.0,4706.39,4716.44,4708.93,0.0,XAUUSD,OV2|b86b20|M15|B,
2026-05-12 22:38:05,185876023,2026-05-12T22:38:05+00:00,1778625485195,2026-05-12T22:38:05+00:00,1778625485195,1970-01-01T00:00:00+00:00,1,0,1,4,0,185876023,0,3,0.1,0.0,0.0,80786.8,80381.21,80728.86,0.0,BTCUSD,OV2|1b9bf5|H1|S,
2026-05-12 22:47:39,185877404,2026-05-12T22:47:39+00:00,1778626059827,2026-05-12T22:47:39+00:00,1778626059827,1970-01-01T00:00:00+00:00,1,0,1,4,0,185877404,0,3,0.1,0.0,0.0,1.17515,1.17115,1.17415,0.0,EURUSD,OV2|db684a|H1|S,
2026-05-12 22:47:54,185877421,2026-05-12T22:47:54+00:00,1778626074959,2026-05-12T22:47:54+00:00,1778626074960,1970-01-01T00:00:00+00:00,0,0,1,4,0,185877421,0,3,0.08,0.0,0.0,1.35274,1.35874,1.3542399999999999,0.0,GBPUSD,OV2|d15d76|M15|B,
2026-05-12 22:53:03,185878280,2026-05-12T22:53:03+00:00,1778626383278,2026-05-12T22:53:03+00:00,1778626383278,1970-01-01T00:00:00+00:00,0,0,1,4,0,185876023,0,4,0.1,0.0,80843.49,0.0,0.0,80843.49,0.0,BTCUSD,[sl 80843.49],
2026-05-12 22:55:41,185879481,2026-05-12T22:55:41+00:00,1778626541760,2026-05-12T22:55:41+00:00,1778626541760,1970-01-01T00:00:00+00:00,1,0,1,4,0,185875985,0,3,0.01,0.0,0.0,0.0,0.0,4712.41,0.0,XAUUSD,OMEGA_PARTIAL_CL,
2026-05-12 22:57:45,185880032,2026-05-12T22:57:45+00:00,1778626665498,2026-05-12T22:57:45+00:00,1778626665498,1970-01-01T00:00:00+00:00,1,0,1,4,0,185880032,0,3,0.1,0.0,0.0,80853.62,80503.62,80803.62,0.0,BTCUSD,OV2|5f7e9f|H1|S,
2026-05-12 22:58:08,185880082,2026-05-12T22:58:08+00:00,1778626688050,2026-05-12T22:58:08+00:00,1778626688050,1970-01-01T00:00:00+00:00,0,0,1,4,0,185880082,0,3,0.1,0.0,0.0,184.958,185.254,185.032,0.0,EURJPY,OV2|e0d23a|M15|B,
2026-05-12 22:59:25,185880336,2026-05-12T22:59:25+00:00,1778626765366,2026-05-12T22:59:25+00:00,1778626765367,1970-01-01T00:00:00+00:00,0,0,1,4,0,185880336,0,3,0.01,0.0,0.0,4712.48,4722.48,4714.98,0.0,XAUUSD,OV2|f3af16|M15|B,
2026-05-12 23:08:23,185883292,2026-05-12T23:08:23+00:00,1778627303161,2026-05-12T23:08:23+00:00,1778627303161,1970-01-01T00:00:00+00:00,1,0,1,4,0,185877421,0,4,0.08,0.0,1.35369,0.0,0.0,1.35369,0.0,GBPUSD,[sl 1.35369],
2026-05-12 23:14:13,185883906,2026-05-12T23:14:13+00:00,1778627653452,2026-05-12T23:14:13+00:00,1778627653452,1970-01-01T00:00:00+00:00,0,0,1,4,0,185883906,0,3,0.08,0.0,0.0,1.35245,1.35845,1.35395,0.0,GBPUSD,OV2|74a188|M15|B,
2026-05-12 23:18:33,185884191,2026-05-12T23:18:33+00:00,1778627913252,2026-05-12T23:18:33+00:00,1778627913252,1970-01-01T00:00:00+00:00,0,0,1,4,0,185877404,0,3,0.02,0.0,0.0,0.0,0.0,1.17394,0.0,EURUSD,OMEGA_PARTIAL_CL,
2026-05-12 23:35:19,185885424,2026-05-12T23:35:19+00:00,1778628919859,2026-05-12T23:35:19+00:00,1778628919860,1970-01-01T00:00:00+00:00,0,0,1,4,0,185880032,0,3,0.02,0.0,0.0,0.0,0.0,80727.35,0.0,BTCUSD,OMEGA_PARTIAL_CL,
2026-05-12 23:39:35,185885820,2026-05-12T23:39:35+00:00,1778629175965,2026-05-12T23:39:35+00:00,1778629175965,1970-01-01T00:00:00+00:00,1,0,1,4,0,185883906,0,4,0.08,0.0,1.35366,0.0,0.0,1.35366,0.0,GBPUSD,[sl 1.35366],
2026-05-12 23:46:42,185886569,2026-05-12T23:46:42+00:00,1778629602455,2026-05-12T23:46:42+00:00,1778629602455,1970-01-01T00:00:00+00:00,1,0,1,4,0,185880082,0,3,0.02,0.0,0.0,0.0,0.0,185.055,0.0,EURJPY,OMEGA_PARTIAL_CL,
2026-05-12 23:55:56,185887368,2026-05-12T23:55:56+00:00,1778630156385,2026-05-12T23:55:56+00:00,1778630156386,1970-01-01T00:00:00+00:00,1,0,1,4,0,185880082,0,4,0.08,0.0,185.032,0.0,0.0,185.032,0.0,EURJPY,[sl 185.032],
2026-05-13 00:25:00,185889069,2026-05-13T00:25:00+00:00,1778631900993,2026-05-13T00:25:00+00:00,1778631900993,1970-01-01T00:00:00+00:00,0,0,1,4,0,185877404,0,4,0.08,0.0,1.17415,0.0,0.0,1.17415,0.0,EURUSD,[sl 1.17415],
2026-05-13 00:28:11,185889303,2026-05-13T00:28:11+00:00,1778632091021,2026-05-13T00:28:11+00:00,1778632091021,1970-01-01T00:00:00+00:00,1,0,1,4,0,185889303,0,3,0.08,0.0,0.0,1.17463,1.17063,1.17363,0.0,EURUSD,OV2|d15a76|H4|S,
2026-05-13 00:29:30,185889380,2026-05-13T00:29:30+00:00,1778632170028,2026-05-13T00:29:30+00:00,1778632170028,1970-01-01T00:00:00+00:00,0,0,1,4,0,185889380,0,3,0.06,0.0,0.0,1.35256,1.35856,1.35406,0.0,GBPUSD,OV2|87c52b|M5|B,
2026-05-13 00:37:43,185889700,2026-05-13T00:37:43+00:00,1778632663442,2026-05-13T00:37:43+00:00,1778632663442,1970-01-01T00:00:00+00:00,0,0,1,4,0,185889700,0,3,0.1,0.0,0.0,1.43428,1.46318,1.4407,0.0,XRPUSD,OV2|ab6dbe|M5|B,
2026-05-13 00:46:59,185889892,2026-05-13T00:46:59+00:00,1778633219544,2026-05-13T00:46:59+00:00,1778633219544,1970-01-01T00:00:00+00:00,0,0,1,4,0,185889303,0,4,0.08,0.0,1.17395,0.0,0.0,1.17395,0.0,EURUSD,[sl 1.17395],
2026-05-13 00:49:44,185889996,2026-05-13T00:49:44+00:00,1778633384669,2026-05-13T00:49:44+00:00,1778633384670,1970-01-01T00:00:00+00:00,0,0,1,4,0,185880032,0,5,0.08,0.0,80503.62,0.0,0.0,80503.62,0.0,BTCUSD,[tp 80503.62],
2026-05-13 00:51:17,185890058,2026-05-13T00:51:17+00:00,1778633477366,2026-05-13T00:51:17+00:00,1778633477366,1970-01-01T00:00:00+00:00,1,0,1,4,0,185890058,0,3,0.1,0.0,0.0,80538.76,80189.67,80488.76,0.0,BTCUSD,OV2|dfa913|H4|S,
2026-05-13 01:00:01,185890371,2026-05-13T01:00:01+00:00,1778634001275,2026-05-13T01:00:01+00:00,1778634001276,1970-01-01T00:00:00+00:00,1,0,1,4,0,185889700,0,4,0.1,0.0,1.43701,0.0,0.0,1.43701,0.0,XRPUSD,[sl 1.43701],
2026-05-13 01:00:02,185890393,2026-05-13T01:00:02+00:00,1778634002534,2026-05-13T01:00:02+00:00,1778634002535,1970-01-01T00:00:00+00:00,0,0,1,4,0,185890058,0,4,0.1,0.0,80601.69,0.0,0.0,80601.69,0.0,BTCUSD,[sl 80601.69],
2026-05-13 01:01:28,185891660,2026-05-13T01:01:28+00:00,1778634088476,2026-05-13T01:01:28+00:00,1778634088476,1970-01-01T00:00:00+00:00,1,0,1,4,0,185891660,0,3,0.09,0.0,0.0,80717.64,80367.64,80667.64,0.0,BTCUSD,OV2|001ae2|H4|S,
2026-05-13 01:04:16,185892245,2026-05-13T01:04:16+00:00,1778634256638,2026-05-13T01:04:16+00:00,1778634256638,1970-01-01T00:00:00+00:00,0,0,1,4,0,185892245,0,3,0.1,0.0,0.0,1.43957,1.4586000000000001,1.4438,0.0,XRPUSD,OV2|62013f|M15|B,
2026-05-13 01:04:43,185892643,2026-05-13T01:04:43+00:00,1778634283029,2026-05-13T01:04:43+00:00,1778634283029,1970-01-01T00:00:00+00:00,1,0,1,4,0,185880336,0,3,0.01,0.0,0.0,0.0,0.0,4720.15,0.0,XAUUSD,OMEGA_PARTIAL_CL,
2026-05-13 01:08:35,185893759,2026-05-13T01:08:35+00:00,1778634515922,2026-05-13T01:08:35+00:00,1778634515922,1970-01-01T00:00:00+00:00,1,0,1,4,0,185893759,0,3,0.05,0.0,0.0,185.082,184.674,184.98,0.0,EURJPY,OV2|bf14f9|H1|S,
2026-05-13 01:15:03,185894982,2026-05-13T01:15:03+00:00,1778634903293,2026-05-13T01:15:03+00:00,1778634903294,1970-01-01T00:00:00+00:00,1,0,1,4,0,185892245,0,4,0.1,0.0,1.43829,0.0,0.0,1.43829,0.0,XRPUSD,[sl 1.43829],
2026-05-13 01:18:03,185895330,2026-05-13T01:18:03+00:00,1778635083017,2026-05-13T01:18:03+00:00,1778635083017,1970-01-01T00:00:00+00:00,0,0,1,4,0,185895330,0,3,0.1,0.0,0.0,1.43764,1.46265,1.4432,0.0,XRPUSD,OV2|42b914|M15|B,
2026-05-13 01:32:48,185897611,2026-05-13T01:32:48+00:00,1778635968778,2026-05-13T01:32:48+00:00,1778635968778,1970-01-01T00:00:00+00:00,0,0,1,4,0,185897611,0,3,0.01,0.0,0.0,4715.36,4727.61,4718.42,0.0,XAUUSD,OV2|8a0a82|H1|B,
2026-05-13 01:39:16,185898845,2026-05-13T01:39:16+00:00,1778636356356,2026-05-13T01:39:16+00:00,1778636356357,1970-01-01T00:00:00+00:00,0,0,1,4,0,185893759,0,4,0.05,0.0,185.031,0.0,0.0,185.031,0.0,EURJPY,[sl 185.031],
2026-05-13 01:39:54,185898890,2026-05-13T01:39:54+00:00,1778636394704,2026-05-13T01:39:54+00:00,1778636394704,1970-01-01T00:00:00+00:00,0,0,1,4,0,185898890,0,3,0.1,0.0,0.0,184.949,185.277,185.031,0.0,EURJPY,OV2|9d5267|M5|B,
2026-05-13 01:45:29,185899423,2026-05-13T01:45:29+00:00,1778636729256,2026-05-13T01:45:29+00:00,1778636729256,1970-01-01T00:00:00+00:00,1,0,1,4,0,185898890,0,4,0.1,0.0,185.002,0.0,0.0,185.002,0.0,EURJPY,[sl 185.002],
2026-05-13 01:57:45,185902179,2026-05-13T01:57:45+00:00,1778637465557,2026-05-13T01:57:45+00:00,1778637465557,1970-01-01T00:00:00+00:00,1,0,1,4,0,185895330,0,3,0.1,0.0,0.0,0.0,0.0,1.43945,0.0,XRPUSD,OMEGA_PARTIAL_CL,
2026-05-13 02:04:19,185903929,2026-05-13T02:04:19+00:00,1778637859082,2026-05-13T02:04:19+00:00,1778637859082,1970-01-01T00:00:00+00:00,1,0,1,4,0,185903929,0,3,0.1,0.0,0.0,1.44464,1.42105,1.4394,0.0,XRPUSD,OV2|2cfaa6|H1|S,
2026-05-13 02:08:05,185904508,2026-05-13T02:08:05+00:00,1778638085422,2026-05-13T02:08:05+00:00,1778638085422,1970-01-01T00:00:00+00:00,1,0,1,4,0,185889380,0,3,0.01,0.0,0.0,0.0,0.0,1.35418,0.0,GBPUSD,OMEGA_PARTIAL_CL,
2026-05-13 02:09:03,185905150,2026-05-13T02:09:03+00:00,1778638143453,2026-05-13T02:09:03+00:00,1778638143453,1970-01-01T00:00:00+00:00,1,0,1,4,0,185897611,0,3,0.01,0.0,0.0,0.0,0.0,4722.93,0.0,XAUUSD,OMEGA_PARTIAL_CL,
2026-05-13 02:09:41,185905399,2026-05-13T02:09:41+00:00,1778638181857,2026-05-13T02:09:41+00:00,1778638181857,1970-01-01T00:00:00+00:00,0,0,1,4,0,185905399,0,3,0.01,0.0,0.0,4718.69,4730.26,4721.58,0.0,XAUUSD,OV2|7c5d97|H1|B,
2026-05-13 02:10:01,185905533,2026-05-13T02:10:01+00:00,1778638201206,2026-05-13T02:10:01+00:00,1778638201206,1970-01-01T00:00:00+00:00,1,0,1,4,0,185889380,0,4,0.05,0.0,1.35406,0.0,0.0,1.35406,0.0,GBPUSD,[sl 1.35406],
2026-05-13 02:15:04,185906568,2026-05-13T02:15:04+00:00,1778638504619,2026-05-13T02:15:04+00:00,1778638504619,1970-01-01T00:00:00+00:00,0,0,1,4,0,185891660,0,3,0.01,0.0,0.0,0.0,0.0,80590.03,0.0,BTCUSD,OMEGA_PARTIAL_CL,
2026-05-13 02:35:43,185910187,2026-05-13T02:35:43+00:00,1778639743830,2026-05-13T02:35:43+00:00,1778639743830,1970-01-01T00:00:00+00:00,1,0,1,4,0,185910187,0,3,0.1,0.0,0.0,185.045,184.757,184.973,0.0,EURJPY,OV2|3f8c4c|H1|S,
2026-05-13 02:42:38,185912001,2026-05-13T02:42:38+00:00,1778640158328,2026-05-13T02:42:38+00:00,1778640158328,1970-01-01T00:00:00+00:00,0,0,1,4,0,185903929,0,3,0.1,0.0,0.0,0.0,0.0,1.43705,0.0,XRPUSD,OMEGA_PARTIAL_CL,
2026-05-13 02:48:09,185913680,2026-05-13T02:48:09+00:00,1778640489094,2026-05-13T02:48:09+00:00,1778640489095,1970-01-01T00:00:00+00:00,0,0,1,4,0,185910187,0,4,0.1,0.0,185.011,0.0,0.0,185.011,0.0,EURJPY,[sl 185.011],
2026-05-13 02:52:51,185914875,2026-05-13T02:52:51+00:00,1778640771240,2026-05-13T02:52:51+00:00,1778640771240,1970-01-01T00:00:00+00:00,0,0,1,4,0,185914875,0,3,0.1,0.0,0.0,184.962,185.274,185.04,0.0,EURJPY,OV2|c16c80|M15|B,
2026-05-13 03:08:19,185922100,2026-05-13T03:08:19+00:00,1778641699186,2026-05-13T03:08:19+00:00,1778641699186,1970-01-01T00:00:00+00:00,1,0,1,4,0,185922100,0,3,0.09,0.0,0.0,1.35508,1.34908,1.35358,0.0,GBPUSD,OV2|76bd93|H4|S,
2026-05-13 03:13:46,185923227,2026-05-13T03:13:46+00:00,1778642026405,2026-05-13T03:13:46+00:00,1778642026405,1970-01-01T00:00:00+00:00,0,0,1,4,0,185922100,0,3,0.01,0.0,0.0,0.0,0.0,1.35321,0.0,GBPUSD,OMEGA_PARTIAL_CL,
2026-05-13 03:19:03,185925070,2026-05-13T03:19:03+00:00,1778642343591,2026-05-13T03:19:03+00:00,1778642343591,1970-01-01T00:00:00+00:00,0,0,1,4,0,185922100,0,4,0.08,0.0,1.35358,0.0,0.0,1.35358,0.0,GBPUSD,[sl 1.35358],
2026-05-13 03:21:31,185925871,2026-05-13T03:21:31+00:00,1778642491256,2026-05-13T03:21:31+00:00,1778642491256,1970-01-01T00:00:00+00:00,1,0,1,4,0,185925871,0,3,0.1,0.0,0.0,1.1745700000000001,1.17057,1.17357,0.0,EURUSD,OV2|efb14b|H1|S,
2026-05-13 03:24:03,185926712,2026-05-13T03:24:03+00:00,1778642643970,2026-05-13T03:24:03+00:00,1778642643970,1970-01-01T00:00:00+00:00,0,0,1,4,0,185891660,0,4,0.08,0.0,80667.64,0.0,0.0,80667.64,0.0,BTCUSD,[sl 80667.64],
2026-05-13 03:26:22,185927229,2026-05-13T03:26:22+00:00,1778642782161,2026-05-13T03:26:22+00:00,1778642782161,1970-01-01T00:00:00+00:00,0,0,1,4,0,185927229,0,3,0.1,0.0,0.0,80649.77,81147.92,80720.83,0.0,BTCUSD,OV2|dba2b6|M5|B,
2026-05-13 03:53:01,185935371,2026-05-13T03:53:01+00:00,1778644381693,2026-05-13T03:53:01+00:00,1778644381693,1970-01-01T00:00:00+00:00,1,0,1,4,0,185914875,0,3,0.02,0.0,0.0,0.0,0.0,185.085,0.0,EURJPY,OMEGA_PARTIAL_CL,
2026-05-13 04:00:12,185938604,2026-05-13T04:00:12+00:00,1778644812753,2026-05-13T04:00:12+00:00,1778644812754,1970-01-01T00:00:00+00:00,1,0,1,4,0,185905399,0,4,0.01,0.0,4712.92,0.0,0.0,4712.92,0.0,XAUUSD,[sl 4712.92],
2026-05-13 04:01:31,185940719,2026-05-13T04:01:31+00:00,1778644891957,2026-05-13T04:01:31+00:00,1778644891957,1970-01-01T00:00:00+00:00,1,0,1,4,0,185940719,0,3,0.01,0.0,0.0,4715.51,4700.87,4711.86,0.0,XAUUSD,OV2|850605|M5|S,
2026-05-13 04:11:40,185949526,2026-05-13T04:11:40+00:00,1778645500480,2026-05-13T04:11:40+00:00,1778645500480,1970-01-01T00:00:00+00:00,1,0,1,4,0,185927229,0,3,0.02,0.0,0.0,0.0,0.0,80930.79,0.0,BTCUSD,OMEGA_PARTIAL_CL,
2026-05-13 04:24:46,185955560,2026-05-13T04:24:46+00:00,1778646286323,2026-05-13T04:24:46+00:00,1778646286323,1970-01-01T00:00:00+00:00,1,0,1,4,0,185914875,0,4,0.08,0.0,185.04,0.0,0.0,185.04,0.0,EURJPY,[sl 185.040],
2026-05-13 04:48:08,185963799,2026-05-13T04:48:08+00:00,1778647688881,2026-05-13T04:48:08+00:00,1778647688881,1970-01-01T00:00:00+00:00,0,0,1,4,0,185925871,0,4,0.1,0.0,1.174,0.0,0.0,1.174,0.0,EURUSD,[sl 1.17400],
2026-05-13 04:49:29,185964425,2026-05-13T04:49:29+00:00,1778647769579,2026-05-13T04:49:29+00:00,1778647769579,1970-01-01T00:00:00+00:00,1,0,1,4,0,185852266,0,5,0.06,0.0,114.187,0.0,0.0,114.187,0.0,AUDJPY,[tp 114.187],
2026-05-13 04:52:02,185965161,2026-05-13T04:52:02+00:00,1778647922453,2026-05-13T04:52:02+00:00,1778647922453,1970-01-01T00:00:00+00:00,1,0,1,4,0,185927229,0,5,0.08,0.0,81147.92,0.0,0.0,81147.92,0.0,BTCUSD,[tp 81147.92],
2026-05-13 05:07:59,185970491,2026-05-13T05:07:59+00:00,1778648879155,2026-05-13T05:07:59+00:00,1778648879156,1970-01-01T00:00:00+00:00,0,0,1,4,0,185940719,0,5,0.01,0.0,4700.87,0.0,0.0,4700.87,0.0,XAUUSD,[tp 4700.87],
2026-05-13 08:56:02,186020915,2026-05-13T08:56:02+00:00,1778662562416,2026-05-13T08:56:02+00:00,1778662562416,1970-01-01T00:00:00+00:00,0,0,1,4,0,186020915,0,3,0.09,0.0,0.0,184.983,185.279,185.057,0.0,EURJPY,OV2|3f93c8|H4|B,
2026-05-13 08:57:00,186021154,2026-05-13T08:57:00+00:00,1778662620789,2026-05-13T08:57:00+00:00,1778662620789,1970-01-01T00:00:00+00:00,1,0,1,4,0,186021154,0,3,0.1,0.0,0.0,81036.05,80728.72,80986.05,0.0,BTCUSD,OV2|806a6f|M5|S,
2026-05-13 08:58:03,186021465,2026-05-13T08:58:03+00:00,1778662683479,2026-05-13T08:58:03+00:00,1778662683479,1970-01-01T00:00:00+00:00,0,0,1,4,0,186021465,0,3,0.08,0.0,0.0,1.35342,1.35942,1.35492,0.0,GBPUSD,OV2|3f662e|M5|B,
2026-05-13 08:58:33,186021616,2026-05-13T08:58:33+00:00,1778662713855,2026-05-13T08:58:33+00:00,1778662713855,1970-01-01T00:00:00+00:00,0,0,1,4,0,186021616,0,3,0.1,0.0,0.0,114.09,114.426,114.174,0.0,AUDJPY,OV2|502a0b|H1|B,
2026-05-13 09:03:06,186023785,2026-05-13T09:03:06+00:00,1778662986668,2026-05-13T09:03:06+00:00,1778662986668,1970-01-01T00:00:00+00:00,1,0,1,4,0,186020915,0,4,0.09,0.0,185.004,0.0,0.0,185.004,0.0,EURJPY,[sl 185.004],
2026-05-13 09:04:32,186024607,2026-05-13T09:04:32+00:00,1778663072878,2026-05-13T09:04:32+00:00,1778663072878,1970-01-01T00:00:00+00:00,0,0,1,4,0,186024607,0,3,0.08,0.0,0.0,184.971,185.267,185.045,0.0,EURJPY,OV2|48bae1|H4|B,
2026-05-13 09:06:17,186025895,2026-05-13T09:06:17+00:00,1778663177591,2026-05-13T09:06:17+00:00,1778663177591,1970-01-01T00:00:00+00:00,1,0,1,4,0,186021616,0,3,0.02,0.0,0.0,0.0,0.0,114.216,0.0,AUDJPY,OMEGA_PARTIAL_CL,
2026-05-13 09:08:13,186026772,2026-05-13T09:08:13+00:00,1778663293604,2026-05-13T09:08:13+00:00,1778663293604,1970-01-01T00:00:00+00:00,1,0,1,4,0,186026772,0,3,0.08,0.0,0.0,1.17409,1.17009,1.17309,0.0,EURUSD,OV2|1afaea|H1|S,
2026-05-13 09:09:44,186027745,2026-05-13T09:09:44+00:00,1778663384291,2026-05-13T09:09:44+00:00,1778663384291,1970-01-01T00:00:00+00:00,0,0,1,4,0,186027745,0,3,0.1,0.0,0.0,1.45551,1.4729999999999999,1.4594,0.0,XRPUSD,OV2|34d306|H1|B,
2026-05-13 09:09:48,186027761,2026-05-13T09:09:48+00:00,1778663388553,2026-05-13T09:09:48+00:00,1778663388554,1970-01-01T00:00:00+00:00,1,0,1,4,0,186021616,0,4,0.08,0.0,114.174,0.0,0.0,114.174,0.0,AUDJPY,[sl 114.174],
2026-05-13 09:09:50,186027813,2026-05-13T09:09:50+00:00,1778663390650,2026-05-13T09:09:50+00:00,1778663390651,1970-01-01T00:00:00+00:00,1,0,1,4,0,186021465,0,4,0.08,0.0,1.35423,0.0,0.0,1.35423,0.0,GBPUSD,[sl 1.35423],
2026-05-13 09:11:17,186028330,2026-05-13T09:11:17+00:00,1778663477191,2026-05-13T09:11:17+00:00,1778663477192,1970-01-01T00:00:00+00:00,1,0,1,4,0,186024607,0,4,0.08,0.0,184.981,0.0,0.0,184.981,0.0,EURJPY,[sl 184.981],
2026-05-13 09:11:25,186028469,2026-05-13T09:11:25+00:00,1778663485621,2026-05-13T09:11:25+00:00,1778663485621,1970-01-01T00:00:00+00:00,0,0,1,4,0,186026772,0,3,0.01,0.0,0.0,0.0,0.0,1.1727,0.0,EURUSD,OMEGA_PARTIAL_CL,
2026-05-13 09:12:37,186028793,2026-05-13T09:12:37+00:00,1778663557775,2026-05-13T09:12:37+00:00,1778663557775,1970-01-01T00:00:00+00:00,0,0,1,4,0,186021154,0,3,0.1,0.0,0.0,0.0,0.0,81075.87,0.0,BTCUSD,OMEGA_PARTIAL_CL,
2026-05-13 09:13:07,186028901,2026-05-13T09:13:07+00:00,1778663587683,2026-05-13T09:13:07+00:00,1778663587683,1970-01-01T00:00:00+00:00,0,0,1,4,0,186028901,0,3,0.1,0.0,0.0,81025.62,81321.96,81075.62,0.0,BTCUSD,OV2|b8935d|H1|B,
2026-05-13 09:14:25,186029046,2026-05-13T09:14:25+00:00,1778663665909,2026-05-13T09:14:25+00:00,1778663665909,1970-01-01T00:00:00+00:00,0,0,1,4,0,186029046,0,3,0.09,0.0,0.0,114.116,114.452,114.2,0.0,AUDJPY,OV2|fad76a|H1|B,
2026-05-13 09:15:54,186029649,2026-05-13T09:15:54+00:00,1778663754564,2026-05-13T09:15:54+00:00,1778663754564,1970-01-01T00:00:00+00:00,1,0,1,4,0,186029649,0,3,0.05,0.0,0.0,1.3554300000000001,1.34943,1.35393,0.0,GBPUSD,OV2|471232|H4|S,
2026-05-13 09:16:38,186029839,2026-05-13T09:16:38+00:00,1778663798795,2026-05-13T09:16:38+00:00,1778663798795,1970-01-01T00:00:00+00:00,1,0,1,4,0,186029839,0,3,0.08,0.0,0.0,185.03,184.734,184.958,0.0,EURJPY,OV2|b0693e|H1|S,
2026-05-13 09:21:05,186031713,2026-05-13T09:21:05+00:00,1778664065552,2026-05-13T09:21:05+00:00,1778664065552,1970-01-01T00:00:00+00:00,1,0,1,4,0,186029046,0,4,0.09,0.0,114.118,0.0,0.0,114.118,0.0,AUDJPY,[sl 114.118],
2026-05-13 09:23:13,186032656,2026-05-13T09:23:13+00:00,1778664193950,2026-05-13T09:23:13+00:00,1778664193950,1970-01-01T00:00:00+00:00,0,0,1,4,0,186032656,0,3,0.05,0.0,0.0,114.061,114.373,114.139,0.0,AUDJPY,OV2|1f1d2c|H1|B,
2026-05-13 09:27:35,186033465,2026-05-13T09:27:35+00:00,1778664455233,2026-05-13T09:27:35+00:00,1778664455233,1970-01-01T00:00:00+00:00,1,0,1,4,0,186027745,0,4,0.1,0.0,1.45408,0.0,0.0,1.45408,0.0,XRPUSD,[sl 1.45408],
2026-05-13 09:29:12,186033805,2026-05-13T09:29:12+00:00,1778664552905,2026-05-13T09:29:12+00:00,1778664552905,1970-01-01T00:00:00+00:00,0,0,1,4,0,186033805,0,3,0.1,0.0,0.0,1.45151,1.47103,1.4558499999999999,0.0,XRPUSD,OV2|01dc29|H1|B,
2026-05-13 09:38:14,186035067,2026-05-13T09:38:14+00:00,1778665094500,2026-05-13T09:38:14+00:00,1778665094500,1970-01-01T00:00:00+00:00,0,0,1,4,0,186029839,0,3,0.01,0.0,0.0,0.0,0.0,184.906,0.0,EURJPY,OMEGA_PARTIAL_CL,
2026-05-13 09:45:54,186036635,2026-05-13T09:45:54+00:00,1778665554992,2026-05-13T09:45:54+00:00,1778665554992,1970-01-01T00:00:00+00:00,0,0,1,4,0,186029649,0,3,0.01,0.0,0.0,0.0,0.0,1.35339,0.0,GBPUSD,OMEGA_PARTIAL_CL,
2026-05-13 09:52:31,186038830,2026-05-13T09:52:31+00:00,1778665951577,2026-05-13T09:52:31+00:00,1778665951577,1970-01-01T00:00:00+00:00,1,0,1,4,0,186028901,0,4,0.1,0.0,80967.63,0.0,0.0,80967.63,0.0,BTCUSD,[sl 80967.63],
2026-05-13 09:53:48,186039347,2026-05-13T09:53:48+00:00,1778666028889,2026-05-13T09:53:48+00:00,1778666028889,1970-01-01T00:00:00+00:00,1,0,1,4,0,186039347,0,3,0.1,0.0,0.0,81005.98,80655.98,80955.98,0.0,BTCUSD,OV2|9e9741|M5|S,
2026-05-13 09:56:59,186040946,2026-05-13T09:56:59+00:00,1778666219778,2026-05-13T09:56:59+00:00,1778666219778,1970-01-01T00:00:00+00:00,1,0,1,4,0,186040946,0,3,0.01,0.0,0.0,4702.93,4689.08,4699.47,0.0,XAUUSD,OV2|3d18dc|H1|S,
2026-05-13 10:13:36,186046721,2026-05-13T10:13:36+00:00,1778667216198,2026-05-13T10:13:36+00:00,1778667216198,1970-01-01T00:00:00+00:00,1,0,1,4,0,186033805,0,3,0.1,0.0,0.0,0.0,0.0,1.45815,0.0,XRPUSD,OMEGA_PARTIAL_CL,
2026-05-13 10:22:49,186049567,2026-05-13T10:22:49+00:00,1778667769951,2026-05-13T10:22:49+00:00,1778667769951,1970-01-01T00:00:00+00:00,0,0,1,4,0,186039347,0,3,0.02,0.0,0.0,0.0,0.0,80885.0,0.0,BTCUSD,OMEGA_PARTIAL_CL,
2026-05-13 10:39:31,186052437,2026-05-13T10:39:31+00:00,1778668771737,2026-05-13T10:39:31+00:00,1778668771738,1970-01-01T00:00:00+00:00,0,0,1,4,0,186039347,0,4,0.08,0.0,80955.98,0.0,0.0,80955.98,0.0,BTCUSD,[sl 80955.98],
2026-05-13 10:41:27,186052928,2026-05-13T10:41:27+00:00,1778668887138,2026-05-13T10:41:27+00:00,1778668887138,1970-01-01T00:00:00+00:00,0,0,1,4,0,186052928,0,3,0.09,0.0,0.0,80882.88,81232.88,80932.88,0.0,BTCUSD,OV2|e9d0a1|H1|B,
2026-05-13 10:46:05,186053459,2026-05-13T10:46:05+00:00,1778669165436,2026-05-13T10:46:05+00:00,1778669165436,1970-01-01T00:00:00+00:00,0,0,1,4,0,186053459,0,3,0.1,0.0,0.0,1.45837,1.47492,1.46205,0.0,XRPUSD,OV2|b04bf2|H1|B,
2026-05-13 10:56:55,186054927,2026-05-13T10:56:55+00:00,1778669815119,2026-05-13T10:56:55+00:00,1778669815119,1970-01-01T00:00:00+00:00,1,0,1,4,0,186032656,0,3,0.01,0.0,0.0,0.0,0.0,114.189,0.0,AUDJPY,OMEGA_PARTIAL_CL,
2026-05-13 10:59:00,186055218,2026-05-13T10:59:00+00:00,1778669940682,2026-05-13T10:59:00+00:00,1778669940682,1970-01-01T00:00:00+00:00,1,0,1,4,0,186052928,0,3,0.01,0.0,0.0,0.0,0.0,81001.46,0.0,BTCUSD,OMEGA_PARTIAL_CL,
2026-05-13 11:03:00,186056628,2026-05-13T11:03:00+00:00,1778670180472,2026-05-13T11:03:00+00:00,1778670180472,1970-01-01T00:00:00+00:00,0,0,1,4,0,186029839,0,5,0.07,0.0,184.734,0.0,0.0,184.734,0.0,EURJPY,[tp 184.734],
2026-05-13 11:03:02,186056640,2026-05-13T11:03:02+00:00,1778670182696,2026-05-13T11:03:02+00:00,1778670182696,1970-01-01T00:00:00+00:00,1,0,1,4,0,186056640,0,3,0.05,0.0,0.0,184.793,184.497,184.719,0.0,EURJPY,OV2|6c203b|M15|S,
2026-05-13 11:04:05,186056875,2026-05-13T11:04:05+00:00,1778670245723,2026-05-13T11:04:05+00:00,1778670245724,1970-01-01T00:00:00+00:00,1,0,1,4,0,186032656,0,4,0.04,0.0,114.139,0.0,0.0,114.139,0.0,AUDJPY,[sl 114.139],
2026-05-13 11:06:05,186057388,2026-05-13T11:06:05+00:00,1778670365517,2026-05-13T11:06:05+00:00,1778670365517,1970-01-01T00:00:00+00:00,0,0,1,4,0,186057388,0,3,0.08,0.0,0.0,114.094,114.382,114.166,0.0,AUDJPY,OV2|8391c2|H1|B,
2026-05-13 11:25:18,186060194,2026-05-13T11:25:18+00:00,1778671518383,2026-05-13T11:25:18+00:00,1778671518383,1970-01-01T00:00:00+00:00,1,0,1,4,0,186057388,0,3,0.01,0.0,0.0,0.0,0.0,114.219,0.0,AUDJPY,OMEGA_PARTIAL_CL,
2026-05-13 11:28:13,186061286,2026-05-13T11:28:13+00:00,1778671693207,2026-05-13T11:28:13+00:00,1778671693207,1970-01-01T00:00:00+00:00,0,0,1,4,0,186040946,0,3,0.01,0.0,0.0,0.0,0.0,4695.39,0.0,XAUUSD,OMEGA_PARTIAL_CL,
2026-05-13 11:32:16,186062306,2026-05-13T11:32:16+00:00,1778671936395,2026-05-13T11:32:16+00:00,1778671936395,1970-01-01T00:00:00+00:00,1,0,1,4,0,186052928,0,4,0.08,0.0,80932.88,0.0,0.0,80932.88,0.0,BTCUSD,[sl 80932.88],
2026-05-13 11:34:29,186062583,2026-05-13T11:34:29+00:00,1778672069174,2026-05-13T11:34:29+00:00,1778672069175,1970-01-01T00:00:00+00:00,0,0,1,4,0,186062583,0,3,0.1,0.0,0.0,80908.08,81291.97,80962.92,0.0,BTCUSD,OV2|81ee68|H1|B,
2026-05-13 11:41:21,186063741,2026-05-13T11:41:21+00:00,1778672481501,2026-05-13T11:41:21+00:00,1778672481501,1970-01-01T00:00:00+00:00,1,0,1,4,0,186062583,0,3,0.02,0.0,0.0,0.0,0.0,81090.49,0.0,BTCUSD,OMEGA_PARTIAL_CL,
2026-05-13 11:49:30,186065157,2026-05-13T11:49:30+00:00,1778672970802,2026-05-13T11:49:30+00:00,1778672970802,1970-01-01T00:00:00+00:00,0,0,1,4,0,186056640,0,3,0.01,0.0,0.0,0.0,0.0,184.657,0.0,EURJPY,OMEGA_PARTIAL_CL,
2026-05-13 11:52:43,186065559,2026-05-13T11:52:43+00:00,1778673163079,2026-05-13T11:52:43+00:00,1778673163080,1970-01-01T00:00:00+00:00,0,0,1,4,0,186026772,0,5,0.07,0.0,1.17009,0.0,0.0,1.17009,0.0,EURUSD,[tp 1.17009],
2026-05-13 11:53:19,186065639,2026-05-13T11:53:19+00:00,1778673199645,2026-05-13T11:53:19+00:00,1778673199645,1970-01-01T00:00:00+00:00,1,0,1,4,0,186065639,0,3,0.08,0.0,0.0,1.17102,1.16702,1.17002,0.0,EURUSD,OV2|90017e|H1|S,
2026-05-13 12:02:07,186068932,2026-05-13T12:02:07+00:00,1778673727267,2026-05-13T12:02:07+00:00,1778673727267,1970-01-01T00:00:00+00:00,0,0,1,4,0,186056640,0,4,0.04,0.0,184.719,0.0,0.0,184.719,0.0,EURJPY,[sl 184.719],
2026-05-13 12:04:31,186069419,2026-05-13T12:04:31+00:00,1778673871924,2026-05-13T12:04:31+00:00,1778673871924,1970-01-01T00:00:00+00:00,1,0,1,4,0,186069419,0,3,0.06,0.0,0.0,184.775,184.479,184.701,0.0,EURJPY,OV2|7da8c3|H1|S,
2026-05-13 12:04:55,186069460,2026-05-13T12:04:55+00:00,1778673895984,2026-05-13T12:04:55+00:00,1778673895984,1970-01-01T00:00:00+00:00,1,0,1,4,0,186062583,0,5,0.08,0.0,81291.97,0.0,0.0,81291.97,0.0,BTCUSD,[tp 81291.97],
2026-05-13 12:05:53,186069628,2026-05-13T12:05:53+00:00,1778673953149,2026-05-13T12:05:53+00:00,1778673953149,1970-01-01T00:00:00+00:00,0,0,1,4,0,186069628,0,3,0.1,0.0,0.0,81210.42,81693.87,81279.4,0.0,BTCUSD,OV2|ead3d1|H1|B,
2026-05-13 12:07:10,186069841,2026-05-13T12:07:10+00:00,1778674030745,2026-05-13T12:07:10+00:00,1778674030746,1970-01-01T00:00:00+00:00,1,0,1,4,0,186069841,0,3,0.01,0.0,0.0,4701.22,4689.21,4698.22,0.0,XAUUSD,OV2|82ed64|H1|S,
2026-05-13 12:16:15,186072364,2026-05-13T12:16:15+00:00,1778674575608,2026-05-13T12:16:15+00:00,1778674575608,1970-01-01T00:00:00+00:00,0,0,1,4,0,186069841,0,3,0.01,0.0,0.0,0.0,0.0,4692.83,0.0,XAUUSD,OMEGA_PARTIAL_CL,
2026-05-13 12:16:59,186072561,2026-05-13T12:16:59+00:00,1778674619641,2026-05-13T12:16:59+00:00,1778674619641,1970-01-01T00:00:00+00:00,1,0,1,4,0,186072561,0,3,0.01,0.0,0.0,4695.36,4683.27,4692.34,0.0,XAUUSD,OV2|6f0ce2|H1|S,
2026-05-13 12:20:09,186073799,2026-05-13T12:20:09+00:00,1778674809205,2026-05-13T12:20:09+00:00,1778674809205,1970-01-01T00:00:00+00:00,1,0,1,4,0,186053459,0,3,0.1,0.0,0.0,0.0,0.0,1.4642,0.0,XRPUSD,OMEGA_PARTIAL_CL,
2026-05-13 12:21:07,186074149,2026-05-13T12:21:07+00:00,1778674867181,2026-05-13T12:21:07+00:00,1778674867181,1970-01-01T00:00:00+00:00,1,0,1,4,0,186069628,0,4,0.1,0.0,81162.76,0.0,0.0,81162.76,0.0,BTCUSD,[sl 81162.76],
2026-05-13 12:23:59,186075723,2026-05-13T12:23:59+00:00,1778675039584,2026-05-13T12:23:59+00:00,1778675039584,1970-01-01T00:00:00+00:00,0,0,1,4,0,186072561,0,3,0.01,0.0,0.0,0.0,0.0,4687.2,0.0,XAUUSD,OMEGA_PARTIAL_CL,
2026-05-13 12:24:28,186076044,2026-05-13T12:24:28+00:00,1778675068607,2026-05-13T12:24:28+00:00,1778675068608,1970-01-01T00:00:00+00:00,1,0,1,4,0,186076044,0,3,0.01,0.0,0.0,4689.43,4676.93,4686.31,0.0,XAUUSD,OV2|26ca75|H1|S,
2026-05-13 12:27:28,186076951,2026-05-13T12:27:28+00:00,1778675248737,2026-05-13T12:27:28+00:00,1778675248737,1970-01-01T00:00:00+00:00,0,0,1,4,0,186076951,0,3,0.1,0.0,0.0,81103.37,81453.37,81153.37,0.0,BTCUSD,OV2|b60ce8|H1|B,
2026-05-13 12:29:50,186077553,2026-05-13T12:29:50+00:00,1778675390312,2026-05-13T12:29:50+00:00,1778675390312,1970-01-01T00:00:00+00:00,0,0,1,4,0,186065639,0,3,0.01,0.0,0.0,0.0,0.0,1.16965,0.0,EURUSD,OMEGA_PARTIAL_CL,
2026-05-13 12:30:54,186078219,2026-05-13T12:30:54+00:00,1778675454216,2026-05-13T12:30:54+00:00,1778675454216,1970-01-01T00:00:00+00:00,0,0,1,4,0,186069419,0,3,0.01,0.0,0.0,0.0,0.0,184.655,0.0,EURJPY,OMEGA_PARTIAL_CL,
2026-05-13 12:32:23,186078625,2026-05-13T12:32:23+00:00,1778675543162,2026-05-13T12:32:23+00:00,1778675543162,1970-01-01T00:00:00+00:00,0,0,1,4,0,186065639,0,4,0.07,0.0,1.17002,0.0,0.0,1.17002,0.0,EURUSD,[sl 1.17002],
2026-05-13 12:32:25,186078637,2026-05-13T12:32:25+00:00,1778675545277,2026-05-13T12:32:25+00:00,1778675545278,1970-01-01T00:00:00+00:00,0,0,1,4,0,186069419,0,4,0.05,0.0,184.701,0.0,0.0,184.701,0.0,EURJPY,[sl 184.701],
2026-05-13 12:33:20,186078955,2026-05-13T12:33:20+00:00,1778675600123,2026-05-13T12:33:20+00:00,1778675600123,1970-01-01T00:00:00+00:00,1,0,1,4,0,186076951,0,3,0.02,0.0,0.0,0.0,0.0,81243.66,0.0,BTCUSD,OMEGA_PARTIAL_CL,
2026-05-13 12:34:09,186079137,2026-05-13T12:34:09+00:00,1778675649454,2026-05-13T12:34:09+00:00,1778675649454,1970-01-01T00:00:00+00:00,1,0,1,4,0,186079137,0,3,0.07,0.0,0.0,184.773,184.501,184.705,0.0,EURJPY,OV2|1a89d5|H1|S,
2026-05-13 12:45:47,186081751,2026-05-13T12:45:47+00:00,1778676347906,2026-05-13T12:45:47+00:00,1778676347906,1970-01-01T00:00:00+00:00,0,0,1,4,0,186076044,0,3,0.01,0.0,0.0,0.0,0.0,4694.77,0.0,XAUUSD,OMEGA_PARTIAL_CL,
2026-05-13 12:47:28,186082148,2026-05-13T12:47:28+00:00,1778676448331,2026-05-13T12:47:28+00:00,1778676448331,1970-01-01T00:00:00+00:00,1,0,1,4,0,186082148,0,3,0.01,0.0,0.0,4696.65,4683.42,4693.35,0.0,XAUUSD,OV2|359cb8|H1|S,
2026-05-13 12:55:55,186084033,2026-05-13T12:55:55+00:00,1778676955216,2026-05-13T12:55:55+00:00,1778676955216,1970-01-01T00:00:00+00:00,0,0,1,4,0,186079137,0,4,0.07,0.0,184.784,0.0,0.0,184.784,0.0,EURJPY,[sl 184.784],
2026-05-13 12:57:04,186084492,2026-05-13T12:57:04+00:00,1778677024094,2026-05-13T12:57:04+00:00,1778677024094,1970-01-01T00:00:00+00:00,1,0,1,4,0,186084492,0,3,0.07,0.0,0.0,1.17132,1.16732,1.17032,0.0,EURUSD,OV2|ea0cdf|H1|S,
2026-05-13 12:58:28,186084841,2026-05-13T12:58:28+00:00,1778677108875,2026-05-13T12:58:28+00:00,1778677108875,1970-01-01T00:00:00+00:00,1,0,1,4,0,186084841,0,3,0.06,0.0,0.0,184.835,184.539,184.762,0.0,EURJPY,OV2|d6b40a|M15|S,
2026-05-13 12:59:49,186085113,2026-05-13T12:59:49+00:00,1778677189161,2026-05-13T12:59:49+00:00,1778677189161,1970-01-01T00:00:00+00:00,0,0,1,4,0,186082148,0,4,0.01,0.0,4701.2,0.0,0.0,4701.2,0.0,XAUUSD,[sl 4701.20],
2026-05-13 13:02:15,186086142,2026-05-13T13:02:15+00:00,1778677335299,2026-05-13T13:02:15+00:00,1778677335300,1970-01-01T00:00:00+00:00,1,0,1,4,0,186086142,0,3,0.01,0.0,0.0,4703.24,4690.57,4700.06,0.0,XAUUSD,OV2|365d6b|H1|S,
2026-05-13 13:07:44,186087255,2026-05-13T13:07:44+00:00,1778677664375,2026-05-13T13:07:44+00:00,1778677664376,1970-01-01T00:00:00+00:00,1,0,1,4,0,186076951,0,4,0.08,0.0,81153.37,0.0,0.0,81153.37,0.0,BTCUSD,[sl 81153.37],
2026-05-13 13:08:43,186088501,2026-05-13T13:08:43+00:00,1778677723021,2026-05-13T13:08:43+00:00,1778677723021,1970-01-01T00:00:00+00:00,0,0,1,4,0,186086142,0,4,0.01,0.0,4707.47,0.0,0.0,4707.47,0.0,XAUUSD,[sl 4707.47],
2026-05-13 13:11:01,186090946,2026-05-13T13:11:01+00:00,1778677861630,2026-05-13T13:11:01+00:00,1778677861630,1970-01-01T00:00:00+00:00,1,0,1,4,0,186090946,0,3,0.01,0.0,0.0,4708.2,4694.25,4704.71,0.0,XAUUSD,OV2|2ce4bb|M15|S,
2026-05-13 13:11:38,186091075,2026-05-13T13:11:38+00:00,1778677898179,2026-05-13T13:11:38+00:00,1778677898179,1970-01-01T00:00:00+00:00,0,0,1,4,0,186084841,0,3,0.01,0.0,0.0,0.0,0.0,184.682,0.0,EURJPY,OMEGA_PARTIAL_CL,
2026-05-13 13:21:01,186093825,2026-05-13T13:21:01+00:00,1778678461922,2026-05-13T13:21:01+00:00,1778678461922,1970-01-01T00:00:00+00:00,0,0,1,4,0,186093825,0,3,0.1,0.0,0.0,81075.7,81404.31,81125.7,0.0,BTCUSD,OV2|3b0f13|H1|B,
2026-05-13 13:22:23,186094308,2026-05-13T13:22:23+00:00,1778678543580,2026-05-13T13:22:23+00:00,1778678543580,1970-01-01T00:00:00+00:00,0,0,1,4,0,186094308,0,3,0.1,0.0,0.0,1.45797,1.47407,1.46155,0.0,XRPUSD,OV2|0cf4dd|H1|B,
2026-05-13 13:27:03,186095401,2026-05-13T13:27:03+00:00,1778678823554,2026-05-13T13:27:03+00:00,1778678823554,1970-01-01T00:00:00+00:00,1,0,1,4,0,186093825,0,4,0.1,0.0,81019.0,0.0,0.0,81019.0,0.0,BTCUSD,[sl 81019.00],
2026-05-13 13:27:03,186095402,2026-05-13T13:27:03+00:00,1778678823691,2026-05-13T13:27:03+00:00,1778678823691,1970-01-01T00:00:00+00:00,1,0,1,4,0,186094308,0,4,0.1,0.0,1.4571,0.0,0.0,1.4571,0.0,XRPUSD,[sl 1.45710],
2026-05-13 13:28:07,186095635,2026-05-13T13:28:07+00:00,1778678887809,2026-05-13T13:28:07+00:00,1778678887809,1970-01-01T00:00:00+00:00,1,0,1,4,0,186095635,0,3,0.1,0.0,0.0,1.46009,1.44258,1.4562,0.0,XRPUSD,OV2|9e8b52|M5|S,
2026-05-13 13:29:09,186095857,2026-05-13T13:29:09+00:00,1778678949134,2026-05-13T13:29:09+00:00,1778678949134,1970-01-01T00:00:00+00:00,0,0,1,4,0,186084841,0,4,0.05,0.0,184.762,0.0,0.0,184.762,0.0,EURJPY,[sl 184.762],
2026-05-13 13:29:16,186095866,2026-05-13T13:29:16+00:00,1778678956685,2026-05-13T13:29:16+00:00,1778678956685,1970-01-01T00:00:00+00:00,1,0,1,4,0,186095866,0,3,0.1,0.0,0.0,80998.65,80648.65,80948.65,0.0,BTCUSD,OV2|a6775e|M5|S,
2026-05-13 13:29:56,186095920,2026-05-13T13:29:56+00:00,1778678996704,2026-05-13T13:29:56+00:00,1778678996704,1970-01-01T00:00:00+00:00,0,0,1,4,0,186095920,0,3,0.07,0.0,0.0,184.703,184.991,184.775,0.0,EURJPY,OV2|5e3705|M5|B,
2026-05-13 13:30:51,186096200,2026-05-13T13:30:51+00:00,1778679051099,2026-05-13T13:30:51+00:00,1778679051099,1970-01-01T00:00:00+00:00,0,0,1,4,0,186090946,0,3,0.01,0.0,0.0,0.0,0.0,4699.13,0.0,XAUUSD,OMEGA_PARTIAL_CL,
2026-05-13 13:31:33,186096481,2026-05-13T13:31:33+00:00,1778679093184,2026-05-13T13:31:33+00:00,1778679093184,1970-01-01T00:00:00+00:00,1,0,1,4,0,186096481,0,3,0.01,0.0,0.0,4701.85,4688.1,4698.42,0.0,XAUUSD,OV2|eaed10|H1|S,
2026-05-13 13:41:40,186098708,2026-05-13T13:41:40+00:00,1778679700573,2026-05-13T13:41:40+00:00,1778679700574,1970-01-01T00:00:00+00:00,0,0,1,4,0,186084492,0,4,0.07,0.0,1.17092,0.0,0.0,1.17092,0.0,EURUSD,[sl 1.17092],
2026-05-13 13:44:09,186099458,2026-05-13T13:44:09+00:00,1778679849712,2026-05-13T13:44:09+00:00,1778679849712,1970-01-01T00:00:00+00:00,0,0,1,4,0,186095866,0,3,0.02,0.0,0.0,0.0,0.0,80837.59,0.0,BTCUSD,OMEGA_PARTIAL_CL,
2026-05-13 13:47:04,186099925,2026-05-13T13:47:04+00:00,1778680024746,2026-05-13T13:47:04+00:00,1778680024746,1970-01-01T00:00:00+00:00,1,0,1,4,0,186095920,0,3,0.01,0.0,0.0,0.0,0.0,184.816,0.0,EURJPY,OMEGA_PARTIAL_CL,
2026-05-13 13:48:21,186100127,2026-05-13T13:48:21+00:00,1778680101583,2026-05-13T13:48:21+00:00,1778680101584,1970-01-01T00:00:00+00:00,1,0,1,4,0,186057388,0,5,0.07,0.0,114.382,0.0,0.0,114.382,0.0,AUDJPY,[tp 114.382],
2026-05-13 13:48:52,186100276,2026-05-13T13:48:52+00:00,1778680132770,2026-05-13T13:48:52+00:00,1778680132770,1970-01-01T00:00:00+00:00,0,0,1,4,0,186100276,0,3,0.1,0.0,0.0,114.32,114.624,114.396,0.0,AUDJPY,OV2|bacb5f|H1|B,
2026-05-13 13:52:10,186101027,2026-05-13T13:52:10+00:00,1778680330331,2026-05-13T13:52:10+00:00,1778680330332,1970-01-01T00:00:00+00:00,1,0,1,4,0,186101027,0,3,0.06,0.0,0.0,1.17229,1.16829,1.1712799999999999,0.0,EURUSD,OV2|ca5a8f|H1|S,
2026-05-13 13:58:46,186101831,2026-05-13T13:58:46+00:00,1778680726708,2026-05-13T13:58:46+00:00,1778680726708,1970-01-01T00:00:00+00:00,0,0,1,4,0,186096481,0,3,0.01,0.0,0.0,0.0,0.0,4694.34,0.0,XAUUSD,OMEGA_PARTIAL_CL,
2026-05-13 14:01:15,186102930,2026-05-13T14:01:15+00:00,1778680875022,2026-05-13T14:01:15+00:00,1778680875022,1970-01-01T00:00:00+00:00,0,0,1,4,0,186095635,0,4,0.1,0.0,1.4601600000000001,0.0,0.0,1.4601600000000001,0.0,XRPUSD,[sl 1.46016],
2026-05-13 14:02:05,186103097,2026-05-13T14:02:05+00:00,1778680925639,2026-05-13T14:02:05+00:00,1778680925639,1970-01-01T00:00:00+00:00,1,0,1,4,0,186103097,0,3,0.01,0.0,0.0,4696.37,4686.37,4693.87,0.0,XAUUSD,OV2|987e2d|H1|S,
2026-05-13 14:06:25,186104454,2026-05-13T14:06:25+00:00,1778681185043,2026-05-13T14:06:25+00:00,1778681185044,1970-01-01T00:00:00+00:00,0,0,1,4,0,186095866,0,5,0.08,0.0,80648.65,0.0,0.0,80648.65,0.0,BTCUSD,[tp 80648.65],
2026-05-13 14:06:55,186104543,2026-05-13T14:06:55+00:00,1778681215134,2026-05-13T14:06:55+00:00,1778681215134,1970-01-01T00:00:00+00:00,1,0,1,4,0,186104543,0,3,0.1,0.0,0.0,80685.37,80246.33,80622.73,0.0,BTCUSD,OV2|a6ad03|M5|S,
2026-05-13 14:07:15,186104593,2026-05-13T14:07:15+00:00,1778681235898,2026-05-13T14:07:15+00:00,1778681235898,1970-01-01T00:00:00+00:00,0,0,1,4,0,186104593,0,3,0.1,0.0,0.0,1.44874,1.46813,1.45305,0.0,XRPUSD,OV2|a1364b|H1|B,
2026-05-13 14:15:21,186107146,2026-05-13T14:15:21+00:00,1778681721473,2026-05-13T14:15:21+00:00,1778681721474,1970-01-01T00:00:00+00:00,0,0,1,4,0,186103097,0,4,0.01,0.0,4699.58,0.0,0.0,4699.58,0.0,XAUUSD,[sl 4699.58],
2026-05-13 14:18:26,186108240,2026-05-13T14:18:26+00:00,1778681906231,2026-05-13T14:18:26+00:00,1778681906231,1970-01-01T00:00:00+00:00,1,0,1,4,0,186108240,0,3,0.01,0.0,0.0,4699.96,4689.96,4697.43,0.0,XAUUSD,OV2|d6d9b3|H1|S,
2026-05-13 14:34:00,186111573,2026-05-13T14:34:00+00:00,1778682840035,2026-05-13T14:34:00+00:00,1778682840035,1970-01-01T00:00:00+00:00,0,0,1,4,0,186101027,0,4,0.06,0.0,1.17166,0.0,0.0,1.17166,0.0,EURUSD,[sl 1.17166],
2026-05-13 14:35:17,186112310,2026-05-13T14:35:17+00:00,1778682917191,2026-05-13T14:35:17+00:00,1778682917192,1970-01-01T00:00:00+00:00,0,0,1,4,0,186108240,0,4,0.01,0.0,4704.32,0.0,0.0,4704.32,0.0,XAUUSD,[sl 4704.32],
2026-05-13 14:38:37,186113432,2026-05-13T14:38:37+00:00,1778683117198,2026-05-13T14:38:37+00:00,1778683117198,1970-01-01T00:00:00+00:00,0,0,1,4,0,186113432,0,3,0.09,0.0,0.0,1.17073,1.17473,1.17173,0.0,EURUSD,OV2|210c63|M5|B,
2026-05-13 14:38:57,186113470,2026-05-13T14:38:57+00:00,1778683137704,2026-05-13T14:38:57+00:00,1778683137704,1970-01-01T00:00:00+00:00,1,0,1,4,0,186113470,0,3,0.01,0.0,0.0,4705.77,4694.13,4702.84,0.0,XAUUSD,OV2|3d0421|H1|S,
2026-05-13 14:47:42,186115659,2026-05-13T14:47:42+00:00,1778683662178,2026-05-13T14:47:42+00:00,1778683662178,1970-01-01T00:00:00+00:00,1,0,1,4,0,186113432,0,4,0.09,0.0,1.17131,0.0,0.0,1.17131,0.0,EURUSD,[sl 1.17131],
2026-05-13 14:48:07,186115786,2026-05-13T14:48:07+00:00,1778683687002,2026-05-13T14:48:07+00:00,1778683687002,1970-01-01T00:00:00+00:00,1,0,1,4,0,186115786,0,3,0.1,0.0,0.0,1.1722299999999999,1.1682299999999999,1.17123,0.0,EURUSD,OV2|b3e258|H1|S,
2026-05-13 14:50:22,186116410,2026-05-13T14:50:22+00:00,1778683822536,2026-05-13T14:50:22+00:00,1778683822536,1970-01-01T00:00:00+00:00,1,0,1,4,0,186104593,0,4,0.1,0.0,1.44903,0.0,0.0,1.44903,0.0,XRPUSD,[sl 1.44903],
2026-05-13 14:51:08,186116566,2026-05-13T14:51:08+00:00,1778683868016,2026-05-13T14:51:08+00:00,1778683868016,1970-01-01T00:00:00+00:00,0,0,1,4,0,186104543,0,3,0.02,0.0,0.0,0.0,0.0,80526.51,0.0,BTCUSD,OMEGA_PARTIAL_CL,
2026-05-13 14:57:30,186117949,2026-05-13T14:57:30+00:00,1778684250398,2026-05-13T14:57:30+00:00,1778684250399,1970-01-01T00:00:00+00:00,1,0,1,4,0,186095920,0,4,0.06,0.0,184.775,0.0,0.0,184.775,0.0,EURJPY,[sl 184.775],
2026-05-13 14:57:54,186118008,2026-05-13T14:57:54+00:00,1778684274806,2026-05-13T14:57:54+00:00,1778684274806,1970-01-01T00:00:00+00:00,1,0,1,4,0,186118008,0,3,0.09,0.0,0.0,184.847,184.559,184.775,0.0,EURJPY,OV2|5244e3|H1|S,
2026-05-13 14:58:52,186118135,2026-05-13T14:58:52+00:00,1778684332016,2026-05-13T14:58:52+00:00,1778684332017,1970-01-01T00:00:00+00:00,0,0,1,4,0,186113470,0,3,0.01,0.0,0.0,0.0,0.0,4697.87,0.0,XAUUSD,OMEGA_PARTIAL_CL,
2026-05-13 15:01:10,186119170,2026-05-13T15:01:10+00:00,1778684470237,2026-05-13T15:01:10+00:00,1778684470237,1970-01-01T00:00:00+00:00,1,0,1,4,0,186119170,0,3,0.01,0.0,0.0,4698.7,4687.39,4695.88,0.0,XAUUSD,OV2|5b0677|H1|S,
2026-05-13 15:10:11,186121565,2026-05-13T15:10:11+00:00,1778685011753,2026-05-13T15:10:11+00:00,1778685011753,1970-01-01T00:00:00+00:00,0,0,1,4,0,186118008,0,4,0.09,0.0,184.842,0.0,0.0,184.842,0.0,EURJPY,[sl 184.842],
2026-05-13 15:16:27,186124948,2026-05-13T15:16:27+00:00,1778685387261,2026-05-13T15:16:27+00:00,1778685387261,1970-01-01T00:00:00+00:00,1,0,1,4,0,186124948,0,3,0.08,0.0,0.0,184.82,184.524,184.746,0.0,EURJPY,OV2|78f620|H1|S,
2026-05-13 15:16:36,186125065,2026-05-13T15:16:36+00:00,1778685396432,2026-05-13T15:16:36+00:00,1778685396433,1970-01-01T00:00:00+00:00,0,0,1,4,0,186115786,0,3,0.02,0.0,0.0,0.0,0.0,1.1709100000000001,0.0,EURUSD,OMEGA_PARTIAL_CL,
2026-05-13 15:21:26,186127082,2026-05-13T15:21:26+00:00,1778685686375,2026-05-13T15:21:26+00:00,1778685686375,1970-01-01T00:00:00+00:00,0,0,1,4,0,186119170,0,3,0.01,0.0,0.0,0.0,0.0,4688.64,0.0,XAUUSD,OMEGA_PARTIAL_CL,
2026-05-13 15:21:27,186127089,2026-05-13T15:21:27+00:00,1778685687907,2026-05-13T15:21:27+00:00,1778685687907,1970-01-01T00:00:00+00:00,1,0,1,4,0,186100276,0,4,0.1,0.0,114.341,0.0,0.0,114.341,0.0,AUDJPY,[sl 114.341],
2026-05-13 15:22:08,186127664,2026-05-13T15:22:08+00:00,1778685728998,2026-05-13T15:22:08+00:00,1778685728998,1970-01-01T00:00:00+00:00,1,0,1,4,0,186127664,0,3,0.01,0.0,0.0,4692.0,4678.66,4688.45,0.0,XAUUSD,OV2|6ad21d|H1|S,
2026-05-13 15:22:44,186128479,2026-05-13T15:22:44+00:00,1778685764718,2026-05-13T15:22:44+00:00,1778685764718,1970-01-01T00:00:00+00:00,0,0,1,4,0,186104543,0,5,0.08,0.0,80246.33,0.0,0.0,80246.33,0.0,BTCUSD,[tp 80246.33],
2026-05-13 15:23:08,186128780,2026-05-13T15:23:08+00:00,1778685788885,2026-05-13T15:23:08+00:00,1778685788885,1970-01-01T00:00:00+00:00,1,0,1,4,0,186128780,0,3,0.1,0.0,0.0,80267.35,79763.41,80195.48,0.0,BTCUSD,OV2|3eaa13|H1|S,
2026-05-13 15:25:48,186129899,2026-05-13T15:25:48+00:00,1778685948015,2026-05-13T15:25:48+00:00,1778685948015,1970-01-01T00:00:00+00:00,0,0,1,4,0,186129899,0,3,0.1,0.0,0.0,1.4382,1.458,1.4426,0.0,XRPUSD,OV2|137225|H4|B,
2026-05-13 15:27:25,186130768,2026-05-13T15:27:25+00:00,1778686045312,2026-05-13T15:27:25+00:00,1778686045313,1970-01-01T00:00:00+00:00,0,0,1,4,0,186130768,0,3,0.06,0.0,0.0,114.244,114.572,114.326,0.0,AUDJPY,OV2|b841db|H1|B,
2026-05-13 15:28:20,186131059,2026-05-13T15:28:20+00:00,1778686100204,2026-05-13T15:28:20+00:00,1778686100204,1970-01-01T00:00:00+00:00,0,0,1,4,0,186029649,0,5,0.04,0.0,1.34943,0.0,0.0,1.34943,0.0,GBPUSD,[tp 1.34943],
2026-05-13 15:30:02,186133413,2026-05-13T15:30:02+00:00,1778686202745,2026-05-13T15:30:02+00:00,1778686202755,1970-01-01T00:00:00+00:00,0,0,1,4,0,186127664,0,5,0.01,0.0,4678.66,0.0,0.0,4678.66,0.0,XAUUSD,[tp 4678.66],
2026-05-13 15:30:29,186134763,2026-05-13T15:30:29+00:00,1778686229936,2026-05-13T15:30:29+00:00,1778686229936,1970-01-01T00:00:00+00:00,1,0,1,4,0,186130768,0,4,0.06,0.0,114.254,0.0,0.0,114.254,0.0,AUDJPY,[sl 114.254],
2026-05-13 15:30:44,186134996,2026-05-13T15:30:44+00:00,1778686244338,2026-05-13T15:30:44+00:00,1778686244339,1970-01-01T00:00:00+00:00,0,0,1,4,0,186124948,0,3,0.01,0.0,0.0,0.0,0.0,184.682,0.0,EURJPY,OMEGA_PARTIAL_CL,
2026-05-13 15:31:00,186135195,2026-05-13T15:31:00+00:00,1778686260490,2026-05-13T15:31:00+00:00,1778686260490,1970-01-01T00:00:00+00:00,1,0,1,4,0,186129899,0,4,0.1,0.0,1.43679,0.0,0.0,1.43679,0.0,XRPUSD,[sl 1.43679],
2026-05-13 15:31:16,186135441,2026-05-13T15:31:16+00:00,1778686276796,2026-05-13T15:31:16+00:00,1778686276796,1970-01-01T00:00:00+00:00,0,0,1,4,0,186135441,0,3,0.04,0.0,0.0,114.199,114.535,114.283,0.0,AUDJPY,OV2|836519|H1|B,
2026-05-13 15:32:08,186136025,2026-05-13T15:32:08+00:00,1778686328782,2026-05-13T15:32:08+00:00,1778686328782,1970-01-01T00:00:00+00:00,1,0,1,4,0,186136025,0,3,0.01,0.0,0.0,4683.98,4666.39,4679.56,0.0,XAUUSD,OV2|68c477|H1|S,
2026-05-13 15:32:53,186136580,2026-05-13T15:32:53+00:00,1778686373140,2026-05-13T15:32:53+00:00,1778686373140,1970-01-01T00:00:00+00:00,0,0,1,4,0,186124948,0,4,0.07,0.0,184.746,0.0,0.0,184.746,0.0,EURJPY,[sl 184.746],
2026-05-13 15:34:46,186137903,2026-05-13T15:34:46+00:00,1778686486278,2026-05-13T15:34:46+00:00,1778686486279,1970-01-01T00:00:00+00:00,1,0,1,4,0,186135441,0,3,0.01,0.0,0.0,0.0,0.0,114.365,0.0,AUDJPY,OMEGA_PARTIAL_CL,
2026-05-13 15:35:57,186138818,2026-05-13T15:35:57+00:00,1778686557488,2026-05-13T15:35:57+00:00,1778686557488,1970-01-01T00:00:00+00:00,0,0,1,4,0,186138818,0,3,0.1,0.0,0.0,1.43136,1.45808,1.4373,0.0,XRPUSD,OV2|5482c1|H4|B,
2026-05-13 15:37:04,186139360,2026-05-13T15:37:04+00:00,1778686624333,2026-05-13T15:37:04+00:00,1778686624333,1970-01-01T00:00:00+00:00,1,0,1,4,0,186139360,0,3,0.04,0.0,0.0,1.35083,1.34483,1.34932,0.0,GBPUSD,OV2|859793|H4|S,
2026-05-13 15:37:52,186140011,2026-05-13T15:37:52+00:00,1778686672882,2026-05-13T15:37:52+00:00,1778686672883,1970-01-01T00:00:00+00:00,1,0,1,4,0,186138818,0,4,0.1,0.0,1.42946,0.0,0.0,1.42946,0.0,XRPUSD,[sl 1.42946],
2026-05-13 15:37:58,186140071,2026-05-13T15:37:58+00:00,1778686678211,2026-05-13T15:37:58+00:00,1778686678211,1970-01-01T00:00:00+00:00,0,0,1,4,0,186128780,0,3,0.02,0.0,0.0,0.0,0.0,79908.6,0.0,BTCUSD,OMEGA_PARTIAL_CL,
2026-05-13 15:38:52,186140519,2026-05-13T15:38:52+00:00,1778686732559,2026-05-13T15:38:52+00:00,1778686732559,1970-01-01T00:00:00+00:00,1,0,1,4,0,186140519,0,3,0.05,0.0,0.0,184.842,184.546,184.768,0.0,EURJPY,OV2|8d69f3|H1|S,
2026-05-13 15:41:46,186141742,2026-05-13T15:41:46+00:00,1778686906748,2026-05-13T15:41:46+00:00,1778686906748,1970-01-01T00:00:00+00:00,0,0,1,4,0,186141742,0,3,0.1,0.0,0.0,1.4239600000000001,1.46015,1.432,0.0,XRPUSD,OV2|6c5145|H4|B,
2026-05-13 15:45:29,186143456,2026-05-13T15:45:29+00:00,1778687129138,2026-05-13T15:45:29+00:00,1778687129138,1970-01-01T00:00:00+00:00,0,0,1,4,0,186128780,0,4,0.08,0.0,80195.48,0.0,0.0,80195.48,0.0,BTCUSD,[sl 80195.48],
2026-05-13 15:51:46,186145859,2026-05-13T15:51:46+00:00,1778687506660,2026-05-13T15:51:46+00:00,1778687506660,1970-01-01T00:00:00+00:00,1,0,1,4,0,186145859,0,3,0.1,0.0,0.0,80345.38,79390.49,80209.14,0.0,BTCUSD,OV2|176785|H1|S,
2026-05-13 15:53:02,186146274,2026-05-13T15:53:02+00:00,1778687582532,2026-05-13T15:53:02+00:00,1778687582532,1970-01-01T00:00:00+00:00,0,0,1,4,0,186140519,0,3,0.01,0.0,0.0,0.0,0.0,184.696,0.0,EURJPY,OMEGA_PARTIAL_CL,
2026-05-13 16:09:24,186153936,2026-05-13T16:09:24+00:00,1778688564188,2026-05-13T16:09:24+00:00,1778688564188,1970-01-01T00:00:00+00:00,0,0,1,4,0,186140519,0,4,0.04,0.0,184.768,0.0,0.0,184.768,0.0,EURJPY,[sl 184.768],
2026-05-13 16:11:59,186154487,2026-05-13T16:11:59+00:00,1778688719170,2026-05-13T16:11:59+00:00,1778688719170,1970-01-01T00:00:00+00:00,1,0,1,4,0,186154487,0,3,0.05,0.0,0.0,184.801,184.505,184.727,0.0,EURJPY,OV2|a3b865|M15|S,
2026-05-13 16:11:59,186154489,2026-05-13T16:11:59+00:00,1778688719689,2026-05-13T16:11:59+00:00,1778688719689,1970-01-01T00:00:00+00:00,1,0,1,4,0,186141742,0,3,0.1,0.0,0.0,0.0,0.0,1.4376,0.0,XRPUSD,OMEGA_PARTIAL_CL,
2026-05-13 16:12:32,186154603,2026-05-13T16:12:32+00:00,1778688752042,2026-05-13T16:12:32+00:00,1778688752042,1970-01-01T00:00:00+00:00,1,0,1,4,0,186154603,0,3,0.1,0.0,0.0,1.44345,1.41555,1.4374,0.0,XRPUSD,OV2|6ae4c4|H1|S,
2026-05-13 16:18:33,186156565,2026-05-13T16:18:33+00:00,1778689113015,2026-05-13T16:18:33+00:00,1778689113016,1970-01-01T00:00:00+00:00,0,0,1,4,0,186136025,0,4,0.01,0.0,4690.6,0.0,0.0,4690.6,0.0,XAUUSD,[sl 4690.60],
2026-05-13 16:22:28,186158379,2026-05-13T16:22:28+00:00,1778689348369,2026-05-13T16:22:28+00:00,1778689348369,1970-01-01T00:00:00+00:00,1,0,1,4,0,186158379,0,3,0.01,0.0,0.0,4695.64,4677.88,4691.2,0.0,XAUUSD,OV2|34ab8c|H1|S,
2026-05-13 16:30:18,186161395,2026-05-13T16:30:18+00:00,1778689818244,2026-05-13T16:30:18+00:00,1778689818245,1970-01-01T00:00:00+00:00,0,0,1,4,0,186145859,0,3,0.02,0.0,0.0,0.0,0.0,80105.87,0.0,BTCUSD,OMEGA_PARTIAL_CL,
2026-05-13 16:31:58,186162691,2026-05-13T16:31:58+00:00,1778689918020,2026-05-13T16:31:58+00:00,1778689918020,1970-01-01T00:00:00+00:00,0,0,1,4,0,186154603,0,3,0.1,0.0,0.0,0.0,0.0,1.43365,0.0,XRPUSD,OMEGA_PARTIAL_CL,
2026-05-13 16:32:22,186163051,2026-05-13T16:32:22+00:00,1778689942859,2026-05-13T16:32:22+00:00,1778689942860,1970-01-01T00:00:00+00:00,0,0,1,4,0,186139360,0,4,0.04,0.0,1.35025,0.0,0.0,1.35025,0.0,GBPUSD,[sl 1.35025],
2026-05-13 16:32:31,186163164,2026-05-13T16:32:31+00:00,1778689951351,2026-05-13T16:32:31+00:00,1778689951352,1970-01-01T00:00:00+00:00,1,0,1,4,0,186163164,0,3,0.1,0.0,0.0,1.43821,1.4213,1.43445,0.0,XRPUSD,OV2|42df03|H1|S,
2026-05-13 16:35:00,186165444,2026-05-13T16:35:00+00:00,1778690100216,2026-05-13T16:35:00+00:00,1778690100216,1970-01-01T00:00:00+00:00,0,0,1,4,0,186158379,0,3,0.01,0.0,0.0,0.0,0.0,4684.24,0.0,XAUUSD,OMEGA_PARTIAL_CL,
2026-05-13 16:36:03,186167051,2026-05-13T16:36:03+00:00,1778690163348,2026-05-13T16:36:03+00:00,1778690163348,1970-01-01T00:00:00+00:00,1,0,1,4,0,186167051,0,3,0.01,0.0,0.0,4682.06,4664.36,4677.64,0.0,XAUUSD,OV2|0f5b6a|H1|S,
2026-05-13 16:36:29,186167976,2026-05-13T16:36:29+00:00,1778690189872,2026-05-13T16:36:29+00:00,1778690189873,1970-01-01T00:00:00+00:00,1,0,1,4,0,186135441,0,4,0.03,0.0,114.283,0.0,0.0,114.283,0.0,AUDJPY,[sl 114.283],
2026-05-13 16:38:13,186169538,2026-05-13T16:38:13+00:00,1778690293088,2026-05-13T16:38:13+00:00,1778690293088,1970-01-01T00:00:00+00:00,0,0,1,4,0,186163164,0,3,0.1,0.0,0.0,0.0,0.0,1.4304000000000001,0.0,XRPUSD,OMEGA_PARTIAL_CL,
2026-05-13 16:41:06,186172153,2026-05-13T16:41:06+00:00,1778690466892,2026-05-13T16:41:06+00:00,1778690466892,1970-01-01T00:00:00+00:00,0,0,1,4,0,186172153,0,3,0.05,0.0,0.0,114.228,114.54,114.306,0.0,AUDJPY,OV2|aed1a4|H1|B,
2026-05-13 16:41:18,186172442,2026-05-13T16:41:18+00:00,1778690478659,2026-05-13T16:41:18+00:00,1778690478659,1970-01-01T00:00:00+00:00,1,0,1,4,0,186172442,0,3,0.1,0.0,0.0,1.43334,1.41337,1.4289,0.0,XRPUSD,OV2|27307c|H1|S,
2026-05-13 16:45:41,186176275,2026-05-13T16:45:41+00:00,1778690741051,2026-05-13T16:45:41+00:00,1778690741051,1970-01-01T00:00:00+00:00,0,0,1,4,0,186115786,0,4,0.08,0.0,1.17123,0.0,0.0,1.17123,0.0,EURUSD,[sl 1.17123],
2026-05-13 16:47:23,186178122,2026-05-13T16:47:23+00:00,1778690843511,2026-05-13T16:47:23+00:00,1778690843511,1970-01-01T00:00:00+00:00,1,0,1,4,0,186178122,0,3,0.06,0.0,0.0,1.1718,1.1678,1.1708,0.0,EURUSD,OV2|3f29b8|H1|S,
2026-05-13 16:48:02,186178443,2026-05-13T16:48:02+00:00,1778690882499,2026-05-13T16:48:02+00:00,1778690882499,1970-01-01T00:00:00+00:00,0,0,1,4,0,186172442,0,3,0.1,0.0,0.0,0.0,0.0,1.42465,0.0,XRPUSD,OMEGA_PARTIAL_CL,
2026-05-13 16:50:52,186181138,2026-05-13T16:50:52+00:00,1778691052279,2026-05-13T16:50:52+00:00,1778691052279,1970-01-01T00:00:00+00:00,1,0,1,4,0,186181138,0,3,0.1,0.0,0.0,1.42997,1.40602,1.4245999999999999,0.0,XRPUSD,OV2|6a6ca1|H1|S,
2026-05-13 17:11:54,186194574,2026-05-13T17:11:54+00:00,1778692314325,2026-05-13T17:11:54+00:00,1778692314325,1970-01-01T00:00:00+00:00,1,0,1,4,0,186172153,0,3,0.01,0.0,0.0,0.0,0.0,114.381,0.0,AUDJPY,OMEGA_PARTIAL_CL,
2026-05-13 17:21:49,186199442,2026-05-13T17:21:49+00:00,1778692909704,2026-05-13T17:21:49+00:00,1778692909704,1970-01-01T00:00:00+00:00,0,0,1,4,0,186154487,0,4,0.05,0.0,184.807,0.0,0.0,184.807,0.0,EURJPY,[sl 184.807],
2026-05-13 17:22:49,186199811,2026-05-13T17:22:49+00:00,1778692969456,2026-05-13T17:22:49+00:00,1778692969456,1970-01-01T00:00:00+00:00,0,0,1,4,0,186199811,0,3,0.07,0.0,0.0,184.747,185.043,184.82,0.0,EURJPY,OV2|88672c|M5|B,
2026-05-13 17:27:20,186202967,2026-05-13T17:27:20+00:00,1778693240611,2026-05-13T17:27:20+00:00,1778693240611,1970-01-01T00:00:00+00:00,0,0,1,4,0,186181138,0,4,0.1,0.0,1.43125,0.0,0.0,1.43125,0.0,XRPUSD,[sl 1.43125],
2026-05-13 17:32:41,186205689,2026-05-13T17:32:41+00:00,1778693561633,2026-05-13T17:32:41+00:00,1778693561633,1970-01-01T00:00:00+00:00,1,0,1,4,0,186205689,0,3,0.1,0.0,0.0,1.43276,1.4090799999999999,1.4275,0.0,XRPUSD,OV2|00eb6d|H1|S,
2026-05-13 17:34:05,186206304,2026-05-13T17:34:05+00:00,1778693645786,2026-05-13T17:34:05+00:00,1778693645786,1970-01-01T00:00:00+00:00,0,0,1,4,0,186206304,0,3,0.05,0.0,0.0,1.3502399999999999,1.3562400000000001,1.3517299999999999,0.0,GBPUSD,OV2|ad6058|M15|B,
2026-05-13 17:34:49,186206642,2026-05-13T17:34:49+00:00,1778693689733,2026-05-13T17:34:49+00:00,1778693689734,1970-01-01T00:00:00+00:00,0,0,1,4,0,186167051,0,4,0.01,0.0,4689.87,0.0,0.0,4689.87,0.0,XAUUSD,[sl 4689.87],
2026-05-13 17:36:49,186208038,2026-05-13T17:36:49+00:00,1778693809666,2026-05-13T17:36:49+00:00,1778693809667,1970-01-01T00:00:00+00:00,1,0,1,4,0,186208038,0,3,0.01,0.0,0.0,4692.1,4672.79,4687.28,0.0,XAUUSD,OV2|7ff14a|H1|S,
2026-05-13 17:42:02,186210044,2026-05-13T17:42:02+00:00,1778694122358,2026-05-13T17:42:02+00:00,1778694122359,1970-01-01T00:00:00+00:00,1,0,1,4,0,186206304,0,4,0.05,0.0,1.35074,0.0,0.0,1.35074,0.0,GBPUSD,[sl 1.35074],
2026-05-13 17:46:19,186212835,2026-05-13T17:46:19+00:00,1778694379588,2026-05-13T17:46:19+00:00,1778694379589,1970-01-01T00:00:00+00:00,0,0,1,4,0,186208038,0,3,0.01,0.0,0.0,0.0,0.0,4679.17,0.0,XAUUSD,OMEGA_PARTIAL_CL,
2026-05-13 17:46:41,186213092,2026-05-13T17:46:41+00:00,1778694401667,2026-05-13T17:46:41+00:00,1778694401667,1970-01-01T00:00:00+00:00,1,0,1,4,0,186213092,0,3,0.01,0.0,0.0,4683.67,4663.72,4678.68,0.0,XAUUSD,OV2|a37ef6|H1|S,
2026-05-13 17:48:46,186214174,2026-05-13T17:48:46+00:00,1778694526636,2026-05-13T17:48:46+00:00,1778694526636,1970-01-01T00:00:00+00:00,1,0,1,4,0,186199811,0,4,0.07,0.0,184.744,0.0,0.0,184.744,0.0,EURJPY,[sl 184.744],
2026-05-13 17:49:37,186214505,2026-05-13T17:49:37+00:00,1778694577725,2026-05-13T17:49:37+00:00,1778694577725,1970-01-01T00:00:00+00:00,1,0,1,4,0,186214505,0,3,0.07,0.0,0.0,184.802,184.506,184.728,0.0,EURJPY,OV2|0c1edf|H1|S,
2026-05-13 17:51:25,186215029,2026-05-13T17:51:25+00:00,1778694685208,2026-05-13T17:51:25+00:00,1778694685208,1970-01-01T00:00:00+00:00,0,0,1,4,0,186214505,0,4,0.07,0.0,184.81,0.0,0.0,184.81,0.0,EURJPY,[sl 184.810],
2026-05-13 17:53:43,186215886,2026-05-13T17:53:43+00:00,1778694823107,2026-05-13T17:53:43+00:00,1778694823107,1970-01-01T00:00:00+00:00,1,0,1,4,0,186215886,0,3,0.07,0.0,0.0,184.859,184.563,184.785,0.0,EURJPY,OV2|701a37|H1|S,
2026-05-13 17:55:20,186216355,2026-05-13T17:55:20+00:00,1778694920949,2026-05-13T17:55:20+00:00,1778694920949,1970-01-01T00:00:00+00:00,1,0,1,4,0,186172153,0,5,0.04,0.0,114.54,0.0,0.0,114.54,0.0,AUDJPY,[tp 114.540],
2026-05-13 17:56:47,186216719,2026-05-13T17:56:47+00:00,1778695007843,2026-05-13T17:56:47+00:00,1778695007843,1970-01-01T00:00:00+00:00,0,0,1,4,0,186216719,0,3,0.07,0.0,0.0,114.473,114.809,114.557,0.0,AUDJPY,OV2|7290bd|H1|B,
2026-05-13 18:03:51,186219830,2026-05-13T18:03:51+00:00,1778695431193,2026-05-13T18:03:51+00:00,1778695431194,1970-01-01T00:00:00+00:00,0,0,1,4,0,186205689,0,4,0.1,0.0,1.4322599999999999,0.0,0.0,1.4322599999999999,0.0,XRPUSD,[sl 1.43226],
2026-05-13 18:05:44,186220501,2026-05-13T18:05:44+00:00,1778695544125,2026-05-13T18:05:44+00:00,1778695544125,1970-01-01T00:00:00+00:00,1,0,1,4,0,186220501,0,3,0.1,0.0,0.0,1.43312,1.4145699999999999,1.429,0.0,XRPUSD,OV2|aff414|H1|S,
2026-05-13 18:08:19,186221455,2026-05-13T18:08:19+00:00,1778695699187,2026-05-13T18:08:19+00:00,1778695699187,1970-01-01T00:00:00+00:00,0,0,1,4,0,186220501,0,3,0.1,0.0,0.0,0.0,0.0,1.4255,0.0,XRPUSD,OMEGA_PARTIAL_CL,
2026-05-13 18:09:03,186221908,2026-05-13T18:09:03+00:00,1778695743714,2026-05-13T18:09:03+00:00,1778695743714,1970-01-01T00:00:00+00:00,0,0,1,4,0,186221908,0,3,0.04,0.0,0.0,1.35022,1.35622,1.35172,0.0,GBPUSD,OV2|89c862|M15|B,
2026-05-13 18:10:08,186222826,2026-05-13T18:10:08+00:00,1778695808658,2026-05-13T18:10:08+00:00,1778695808658,1970-01-01T00:00:00+00:00,0,0,1,4,0,186213092,0,4,0.01,0.0,4690.33,0.0,0.0,4690.33,0.0,XAUUSD,[sl 4690.33],
2026-05-13 18:11:16,186223411,2026-05-13T18:11:16+00:00,1778695876418,2026-05-13T18:11:16+00:00,1778695876418,1970-01-01T00:00:00+00:00,1,0,1,4,0,186223411,0,3,0.1,0.0,0.0,1.42845,1.40775,1.42385,0.0,XRPUSD,OV2|606746|H1|S,
2026-05-13 18:15:04,186224796,2026-05-13T18:15:04+00:00,1778696104395,2026-05-13T18:15:04+00:00,1778696104395,1970-01-01T00:00:00+00:00,0,0,1,4,0,186145859,0,5,0.08,0.0,79390.49,0.0,0.0,79390.49,0.0,BTCUSD,[tp 79390.49],
2026-05-13 18:22:43,186227208,2026-05-13T18:22:43+00:00,1778696563096,2026-05-13T18:22:43+00:00,1778696563096,1970-01-01T00:00:00+00:00,1,0,1,4,0,186216719,0,3,0.01,0.0,0.0,0.0,0.0,114.615,0.0,AUDJPY,OMEGA_PARTIAL_CL,
2026-05-13 18:23:05,186227318,2026-05-13T18:23:05+00:00,1778696585383,2026-05-13T18:23:05+00:00,1778696585383,1970-01-01T00:00:00+00:00,0,0,1,4,0,186215886,0,4,0.07,0.0,184.872,0.0,0.0,184.872,0.0,EURJPY,[sl 184.872],
2026-05-13 18:23:05,186227321,2026-05-13T18:23:05+00:00,1778696585678,2026-05-13T18:23:05+00:00,1778696585678,1970-01-01T00:00:00+00:00,1,0,1,4,0,186227321,0,3,0.1,0.0,0.0,79441.65,78719.89,79338.67,0.0,BTCUSD,OV2|d459c8|H1|S,
2026-05-13 18:23:52,186227684,2026-05-13T18:23:52+00:00,1778696632877,2026-05-13T18:23:52+00:00,1778696632877,1970-01-01T00:00:00+00:00,1,0,1,4,0,186227684,0,3,0.05,0.0,0.0,184.922,184.626,184.848,0.0,EURJPY,OV2|3d4d11|H1|S,
2026-05-13 18:26:31,186228400,2026-05-13T18:26:31+00:00,1778696791502,2026-05-13T18:26:31+00:00,1778696791502,1970-01-01T00:00:00+00:00,0,0,1,4,0,186223411,0,3,0.1,0.0,0.0,0.0,0.0,1.4191,0.0,XRPUSD,OMEGA_PARTIAL_CL,
2026-05-13 18:26:52,186228484,2026-05-13T18:26:52+00:00,1778696812862,2026-05-13T18:26:52+00:00,1778696812862,1970-01-01T00:00:00+00:00,1,0,1,4,0,186228484,0,3,0.1,0.0,0.0,1.42436,1.39912,1.41875,0.0,XRPUSD,OV2|02f7a3|H1|S,
2026-05-13 18:33:45,186232334,2026-05-13T18:33:45+00:00,1778697225081,2026-05-13T18:33:45+00:00,1778697225081,1970-01-01T00:00:00+00:00,0,0,1,4,0,186178122,0,4,0.06,0.0,1.1714,0.0,0.0,1.1714,0.0,EURUSD,[sl 1.17140],
2026-05-13 18:36:19,186235199,2026-05-13T18:36:19+00:00,1778697379638,2026-05-13T18:36:19+00:00,1778697379638,1970-01-01T00:00:00+00:00,1,0,1,4,0,186221908,0,3,0.01,0.0,0.0,0.0,0.0,1.35266,0.0,GBPUSD,OMEGA_PARTIAL_CL,
2026-05-13 18:37:19,186236143,2026-05-13T18:37:19+00:00,1778697439168,2026-05-13T18:37:19+00:00,1778697439168,1970-01-01T00:00:00+00:00,0,0,1,4,0,186236143,0,3,0.07,0.0,0.0,1.1705,1.1745,1.1715,0.0,EURUSD,OV2|1e8ccb|M15|B,
2026-05-13 18:45:33,186239909,2026-05-13T18:45:33+00:00,1778697933851,2026-05-13T18:45:33+00:00,1778697933851,1970-01-01T00:00:00+00:00,0,0,1,4,0,186227321,0,3,0.02,0.0,0.0,0.0,0.0,79171.5,0.0,BTCUSD,OMEGA_PARTIAL_CL,
2026-05-13 18:49:21,186241349,2026-05-13T18:49:21+00:00,1778698161794,2026-05-13T18:49:21+00:00,1778698161794,1970-01-01T00:00:00+00:00,1,0,1,4,0,186241349,0,3,0.01,0.0,0.0,4700.22,4686.82,4696.87,0.0,XAUUSD,OV2|83b1f1|H1|S,
2026-05-13 18:58:14,186244724,2026-05-13T18:58:14+00:00,1778698694371,2026-05-13T18:58:14+00:00,1778698694371,1970-01-01T00:00:00+00:00,0,0,1,4,0,186228484,0,3,0.1,0.0,0.0,0.0,0.0,1.4134,0.0,XRPUSD,OMEGA_PARTIAL_CL,
2026-05-13 19:06:14,186248430,2026-05-13T19:06:14+00:00,1778699174626,2026-05-13T19:06:14+00:00,1778699174627,1970-01-01T00:00:00+00:00,1,0,1,4,0,186248430,0,3,0.1,0.0,0.0,1.42103,1.39503,1.41525,0.0,XRPUSD,OV2|12db94|H1|S,
2026-05-13 19:06:33,186248503,2026-05-13T19:06:33+00:00,1778699193164,2026-05-13T19:06:33+00:00,1778699193164,1970-01-01T00:00:00+00:00,1,0,1,4,0,186221908,0,4,0.03,0.0,1.35172,0.0,0.0,1.35172,0.0,GBPUSD,[sl 1.35172],
2026-05-13 19:12:21,186251816,2026-05-13T19:12:21+00:00,1778699541507,2026-05-13T19:12:21+00:00,1778699541507,1970-01-01T00:00:00+00:00,1,0,1,4,0,186251816,0,3,0.04,0.0,0.0,1.35372,1.34772,1.35222,0.0,GBPUSD,OV2|fd8cad|H4|S,
2026-05-13 19:15:48,186253023,2026-05-13T19:15:48+00:00,1778699748882,2026-05-13T19:15:48+00:00,1778699748882,1970-01-01T00:00:00+00:00,0,0,1,4,0,186241349,0,4,0.01,0.0,4703.82,0.0,0.0,4703.82,0.0,XAUUSD,[sl 4703.82],
2026-05-13 19:15:56,186253108,2026-05-13T19:15:56+00:00,1778699756884,2026-05-13T19:15:56+00:00,1778699756884,1970-01-01T00:00:00+00:00,1,0,1,4,0,186236143,0,4,0.07,0.0,1.17102,0.0,0.0,1.17102,0.0,EURUSD,[sl 1.17102],
2026-05-13 19:17:44,186253601,2026-05-13T19:17:44+00:00,1778699864635,2026-05-13T19:17:44+00:00,1778699864635,1970-01-01T00:00:00+00:00,1,0,1,4,0,186253601,0,3,0.01,0.0,0.0,4704.68,4693.48,4701.88,0.0,XAUUSD,OV2|ab1fbd|H1|S,
2026-05-13 19:19:33,186254422,2026-05-13T19:19:33+00:00,1778699973207,2026-05-13T19:19:33+00:00,1778699973207,1970-01-01T00:00:00+00:00,0,0,1,4,0,186254422,0,3,0.08,0.0,0.0,1.17016,1.17416,1.17116,0.0,EURUSD,OV2|56d211|M15|B,
2026-05-13 19:24:33,186257555,2026-05-13T19:24:33+00:00,1778700273366,2026-05-13T19:24:33+00:00,1778700273366,1970-01-01T00:00:00+00:00,1,0,1,4,0,186254422,0,3,0.01,0.0,0.0,0.0,0.0,1.17165,0.0,EURUSD,OMEGA_PARTIAL_CL,
2026-05-13 19:24:41,186257793,2026-05-13T19:24:41+00:00,1778700281691,2026-05-13T19:24:41+00:00,1778700281692,1970-01-01T00:00:00+00:00,0,0,1,4,0,186253601,0,4,0.01,0.0,4709.44,0.0,0.0,4709.44,0.0,XAUUSD,[sl 4709.44],
2026-05-13 19:31:57,186261641,2026-05-13T19:31:57+00:00,1778700717854,2026-05-13T19:31:57+00:00,1778700717854,1970-01-01T00:00:00+00:00,1,0,1,4,0,186261641,0,3,0.01,0.0,0.0,4707.77,4693.78,4704.27,0.0,XAUUSD,OV2|cf1589|H1|S,
2026-05-13 19:38:35,186263121,2026-05-13T19:38:35+00:00,1778701115099,2026-05-13T19:38:35+00:00,1778701115100,1970-01-01T00:00:00+00:00,0,0,1,4,0,186248430,0,4,0.1,0.0,1.4219,0.0,0.0,1.4219,0.0,XRPUSD,[sl 1.42190],
2026-05-13 19:40:16,186263556,2026-05-13T19:40:16+00:00,1778701216174,2026-05-13T19:40:16+00:00,1778701216174,1970-01-01T00:00:00+00:00,1,0,1,4,0,186254422,0,4,0.07,0.0,1.17116,0.0,0.0,1.17116,0.0,EURUSD,[sl 1.17116],
2026-05-13 19:43:16,186264886,2026-05-13T19:43:16+00:00,1778701396078,2026-05-13T19:43:16+00:00,1778701396079,1970-01-01T00:00:00+00:00,1,0,1,4,0,186264886,0,3,0.1,0.0,0.0,1.42572,1.40717,1.4216,0.0,XRPUSD,OV2|408562|H1|S,
2026-05-13 19:46:54,186265853,2026-05-13T19:46:54+00:00,1778701614438,2026-05-13T19:46:54+00:00,1778701614438,1970-01-01T00:00:00+00:00,0,0,1,4,0,186251816,0,3,0.01,0.0,0.0,0.0,0.0,1.35171,0.0,GBPUSD,OMEGA_PARTIAL_CL,
2026-05-13 19:47:30,186266023,2026-05-13T19:47:30+00:00,1778701650242,2026-05-13T19:47:30+00:00,1778701650243,1970-01-01T00:00:00+00:00,0,0,1,4,0,186266023,0,3,0.06,0.0,0.0,1.17019,1.17419,1.17119,0.0,EURUSD,OV2|ba8f49|M15|B,
2026-05-13 19:51:29,186267342,2026-05-13T19:51:29+00:00,1778701889462,2026-05-13T19:51:29+00:00,1778701889462,1970-01-01T00:00:00+00:00,0,0,1,4,0,186261641,0,3,0.01,0.0,0.0,0.0,0.0,4697.74,0.0,XAUUSD,OMEGA_PARTIAL_CL,
2026-05-13 19:52:15,186267715,2026-05-13T19:52:15+00:00,1778701935280,2026-05-13T19:52:15+00:00,1778701935280,1970-01-01T00:00:00+00:00,1,0,1,4,0,186267715,0,3,0.01,0.0,0.0,4700.7,4687.17,4697.32,0.0,XAUUSD,OV2|a7a398|H1|S,
2026-05-13 20:00:24,186270492,2026-05-13T20:00:24+00:00,1778702424543,2026-05-13T20:00:24+00:00,1778702424543,1970-01-01T00:00:00+00:00,0,0,1,4,0,186264886,0,4,0.1,0.0,1.42529,0.0,0.0,1.42529,0.0,XRPUSD,[sl 1.42529],
2026-05-13 20:27:51,186275839,2026-05-13T20:27:51+00:00,1778704071068,2026-05-13T20:27:51+00:00,1778704071068,1970-01-01T00:00:00+00:00,0,0,1,4,0,186227321,0,4,0.08,0.0,79338.67,0.0,0.0,79338.67,0.0,BTCUSD,[sl 79338.67],
2026-05-13 20:29:48,186276172,2026-05-13T20:29:48+00:00,1778704188048,2026-05-13T20:29:48+00:00,1778704188048,1970-01-01T00:00:00+00:00,1,0,1,4,0,186276172,0,3,0.08,0.0,0.0,79379.06,78836.62,79301.82,0.0,BTCUSD,OV2|601593|H1|S,
2026-05-13 20:30:57,186276438,2026-05-13T20:30:57+00:00,1778704257783,2026-05-13T20:30:57+00:00,1778704257783,1970-01-01T00:00:00+00:00,1,0,1,4,0,186266023,0,4,0.06,0.0,1.1709,0.0,0.0,1.1709,0.0,EURUSD,[sl 1.17090],
2026-05-13 20:35:12,186278410,2026-05-13T20:35:12+00:00,1778704512958,2026-05-13T20:35:12+00:00,1778704512959,1970-01-01T00:00:00+00:00,0,0,1,4,0,186267715,0,3,0.01,0.0,0.0,0.0,0.0,4691.28,0.0,XAUUSD,OMEGA_PARTIAL_CL,
2026-05-13 20:39:47,186279160,2026-05-13T20:39:47+00:00,1778704787149,2026-05-13T20:39:47+00:00,1778704787149,1970-01-01T00:00:00+00:00,1,0,1,4,0,186279160,0,3,0.01,0.0,0.0,4693.2,4682.74,4690.59,0.0,XAUUSD,OV2|f665a7|H1|S,
2026-05-13 20:50:09,186280993,2026-05-13T20:50:09+00:00,1778705409302,2026-05-13T20:50:09+00:00,1778705409302,1970-01-01T00:00:00+00:00,0,0,1,4,0,186276172,0,4,0.08,0.0,79463.32,0.0,0.0,79463.32,0.0,BTCUSD,[sl 79463.32],
2026-05-13 20:57:08,186282744,2026-05-13T20:57:08+00:00,1778705828901,2026-05-13T20:57:08+00:00,1778705828901,1970-01-01T00:00:00+00:00,1,0,1,4,0,186282744,0,3,0.08,0.0,0.0,79469.63,79071.54,79412.76,0.0,BTCUSD,OV2|b6e326|H4|S,
2026-05-13 21:01:30,186284440,2026-05-13T21:01:30+00:00,1778706090455,2026-05-13T21:01:30+00:00,1778706090455,1970-01-01T00:00:00+00:00,0,0,1,4,0,186282744,0,4,0.08,0.0,79549.14,0.0,0.0,79549.14,0.0,BTCUSD,[sl 79549.14],
2026-05-13 21:13:19,186286691,2026-05-13T21:13:19+00:00,1778706799866,2026-05-13T21:13:19+00:00,1778706799866,1970-01-01T00:00:00+00:00,1,0,1,4,0,186286691,0,3,0.08,0.0,0.0,79615.16,79207.0,79556.85,0.0,BTCUSD,OV2|715cb8|H4|S,
2026-05-13 21:20:09,186288267,2026-05-13T21:20:09+00:00,1778707209287,2026-05-13T21:20:09+00:00,1778707209287,1970-01-01T00:00:00+00:00,0,0,1,4,0,186286691,0,4,0.08,0.0,79713.56,0.0,0.0,79713.56,0.0,BTCUSD,[sl 79713.56],
2026-05-13 21:20:30,186288302,2026-05-13T21:20:30+00:00,1778707230378,2026-05-13T21:20:30+00:00,1778707230378,1970-01-01T00:00:00+00:00,0,0,1,4,0,186288302,0,3,0.1,0.0,0.0,1.42911,1.44527,1.4327,0.0,XRPUSD,OV2|83db28|M5|B,
2026-05-13 21:27:58,186289392,2026-05-13T21:27:58+00:00,1778707678302,2026-05-13T21:27:58+00:00,1778707678302,1970-01-01T00:00:00+00:00,1,0,1,4,0,186289392,0,3,0.08,0.0,0.0,79781.78,79281.93,79710.37,0.0,BTCUSD,OV2|31db41|H1|S,
2026-05-13 21:42:29,186292478,2026-05-13T21:42:29+00:00,1778708549508,2026-05-13T21:42:29+00:00,1778708549509,1970-01-01T00:00:00+00:00,1,0,1,4,0,186216719,0,4,0.06,0.0,114.557,0.0,0.0,114.557,0.0,AUDJPY,[sl 114.557],
2026-05-13 21:44:13,186292920,2026-05-13T21:44:13+00:00,1778708653366,2026-05-13T21:44:13+00:00,1778708653366,1970-01-01T00:00:00+00:00,1,0,1,4,0,186288302,0,4,0.1,0.0,1.42861,0.0,0.0,1.42861,0.0,XRPUSD,[sl 1.42861],
2026-05-13 21:44:30,186293046,2026-05-13T21:44:30+00:00,1778708670068,2026-05-13T21:44:30+00:00,1778708670068,1970-01-01T00:00:00+00:00,0,0,1,4,0,186279160,0,3,0.01,0.0,0.0,0.0,0.0,4686.42,0.0,XAUUSD,OMEGA_PARTIAL_CL,
2026-05-13 21:46:18,186293661,2026-05-13T21:46:18+00:00,1778708778137,2026-05-13T21:46:18+00:00,1778708778138,1970-01-01T00:00:00+00:00,1,0,1,4,0,186293661,0,3,0.01,0.0,0.0,4687.03,4677.03,4684.53,0.0,XAUUSD,OV2|9e353c|M15|S,
2026-05-13 21:47:33,186294583,2026-05-13T21:47:33+00:00,1778708853801,2026-05-13T21:47:33+00:00,1778708853801,1970-01-01T00:00:00+00:00,0,0,1,4,0,186289392,0,3,0.01,0.0,0.0,0.0,0.0,79572.34,0.0,BTCUSD,OMEGA_PARTIAL_CL,
2026-05-13 21:47:51,186294925,2026-05-13T21:47:51+00:00,1778708871067,2026-05-13T21:47:51+00:00,1778708871067,1970-01-01T00:00:00+00:00,0,0,1,4,0,186293661,0,3,0.01,0.0,0.0,0.0,0.0,4679.09,0.0,XAUUSD,OMEGA_PARTIAL_CL,
2026-05-13 21:48:59,186295615,2026-05-13T21:48:59+00:00,1778708939935,2026-05-13T21:48:59+00:00,1778708939936,1970-01-01T00:00:00+00:00,1,0,1,4,0,186295615,0,3,0.01,0.0,0.0,4684.01,4671.95,4680.73,0.0,XAUUSD,OV2|5f3598|H1|S,
2026-05-13 21:51:56,186296187,2026-05-13T21:51:56+00:00,1778709116572,2026-05-13T21:51:56+00:00,1778709116573,1970-01-01T00:00:00+00:00,0,0,1,4,0,186296187,0,3,0.07,0.0,0.0,114.481,114.793,114.559,0.0,AUDJPY,OV2|5bbe6a|H1|B,
2026-05-13 21:57:11,186297376,2026-05-13T21:57:11+00:00,1778709431180,2026-05-13T21:57:11+00:00,1778709431180,1970-01-01T00:00:00+00:00,1,0,1,4,0,186297376,0,3,0.1,0.0,0.0,1.1718,1.1678,1.17079,0.0,EURUSD,OV2|5ffbde|H1|S,
2026-05-13 22:00:39,186297969,2026-05-13T22:00:39+00:00,1778709639220,2026-05-13T22:00:39+00:00,1778709639220,1970-01-01T00:00:00+00:00,0,0,1,4,0,186227684,0,4,0.05,0.0,184.894,0.0,0.0,184.894,0.0,EURJPY,[sl 184.894],
2026-05-13 22:01:31,186298077,2026-05-13T22:01:31+00:00,1778709691070,2026-05-13T22:01:31+00:00,1778709691070,1970-01-01T00:00:00+00:00,0,0,1,4,0,186298077,0,3,0.1,0.0,0.0,184.805,185.101,184.879,0.0,EURJPY,OV2|4e7aec|M15|B,
2026-05-13 22:14:38,186299747,2026-05-13T22:14:38+00:00,1778710478635,2026-05-13T22:14:38+00:00,1778710478635,1970-01-01T00:00:00+00:00,0,0,1,4,0,186295615,0,4,0.01,0.0,4688.73,0.0,0.0,4688.73,0.0,XAUUSD,[sl 4688.73],
2026-05-13 22:16:24,186300107,2026-05-13T22:16:24+00:00,1778710584408,2026-05-13T22:16:24+00:00,1778710584408,1970-01-01T00:00:00+00:00,1,0,1,4,0,186300107,0,3,0.01,0.0,0.0,4690.7,4677.46,4687.39,0.0,XAUUSD,OV2|6cff8a|M15|S,
2026-05-13 22:18:51,186300422,2026-05-13T22:18:51+00:00,1778710731816,2026-05-13T22:18:51+00:00,1778710731816,1970-01-01T00:00:00+00:00,0,0,1,4,0,186251816,0,4,0.03,0.0,1.35222,0.0,0.0,1.35222,0.0,GBPUSD,[sl 1.35222],
2026-05-13 22:30:01,186301903,2026-05-13T22:30:01+00:00,1778711401713,2026-05-13T22:30:01+00:00,1778711401713,1970-01-01T00:00:00+00:00,0,0,1,4,0,186297376,0,4,0.1,0.0,1.17118,0.0,0.0,1.17118,0.0,EURUSD,[sl 1.17118],
2026-05-13 22:32:12,186302051,2026-05-13T22:32:12+00:00,1778711532436,2026-05-13T22:32:12+00:00,1778711532436,1970-01-01T00:00:00+00:00,0,0,1,4,0,186302051,0,3,0.09,0.0,0.0,1.35089,1.35689,1.35239,0.0,GBPUSD,OV2|8475e0|M5|B,
2026-05-13 22:34:36,186302426,2026-05-13T22:34:36+00:00,1778711676199,2026-05-13T22:34:36+00:00,1778711676199,1970-01-01T00:00:00+00:00,1,0,1,4,0,186302426,0,3,0.09,0.0,0.0,1.172,1.168,1.171,0.0,EURUSD,OV2|816513|H1|S,
2026-05-13 22:57:22,186304752,2026-05-13T22:57:22+00:00,1778713042033,2026-05-13T22:57:22+00:00,1778713042033,1970-01-01T00:00:00+00:00,1,0,1,4,0,186296187,0,4,0.07,0.0,114.508,0.0,0.0,114.508,0.0,AUDJPY,[sl 114.508],
2026-05-13 22:57:54,186304846,2026-05-13T22:57:54+00:00,1778713074416,2026-05-13T22:57:54+00:00,1778713074416,1970-01-01T00:00:00+00:00,1,0,1,4,0,186304846,0,3,0.09,0.0,0.0,114.589,114.269,114.509,0.0,AUDJPY,OV2|2ae6ad|M5|S,
2026-05-13 23:08:16,186306362,2026-05-13T23:08:16+00:00,1778713696604,2026-05-13T23:08:16+00:00,1778713696604,1970-01-01T00:00:00+00:00,1,0,1,4,0,186298077,0,3,0.02,0.0,0.0,0.0,0.0,184.913,0.0,EURJPY,OMEGA_PARTIAL_CL,
2026-05-13 23:11:01,186306710,2026-05-13T23:11:01+00:00,1778713861904,2026-05-13T23:11:01+00:00,1778713861904,1970-01-01T00:00:00+00:00,0,0,1,4,0,186289392,0,4,0.07,0.0,79710.37,0.0,0.0,79710.37,0.0,BTCUSD,[sl 79710.37],
2026-05-13 23:14:25,186306928,2026-05-13T23:14:25+00:00,1778714065257,2026-05-13T23:14:25+00:00,1778714065257,1970-01-01T00:00:00+00:00,1,0,1,4,0,186306928,0,3,0.1,0.0,0.0,79672.08,79266.02,79614.07,0.0,BTCUSD,OV2|ef5b4b|H1|S,
2026-05-13 23:16:15,186307091,2026-05-13T23:16:15+00:00,1778714175440,2026-05-13T23:16:15+00:00,1778714175440,1970-01-01T00:00:00+00:00,0,0,1,4,0,186302426,0,4,0.09,0.0,1.17127,0.0,0.0,1.17127,0.0,EURUSD,[sl 1.17127],
2026-05-13 23:19:03,186307407,2026-05-13T23:19:03+00:00,1778714343519,2026-05-13T23:19:03+00:00,1778714343519,1970-01-01T00:00:00+00:00,1,0,1,4,0,186298077,0,4,0.08,0.0,184.879,0.0,0.0,184.879,0.0,EURJPY,[sl 184.879],
2026-05-13 23:22:00,186307619,2026-05-13T23:22:00+00:00,1778714520477,2026-05-13T23:22:00+00:00,1778714520477,1970-01-01T00:00:00+00:00,0,0,1,4,0,186304846,0,4,0.09,0.0,114.579,0.0,0.0,114.579,0.0,AUDJPY,[sl 114.579],
2026-05-13 23:23:16,186307670,2026-05-13T23:23:16+00:00,1778714596491,2026-05-13T23:23:16+00:00,1778714596491,1970-01-01T00:00:00+00:00,0,0,1,4,0,186307670,0,3,0.07,0.0,0.0,114.508,114.812,114.584,0.0,AUDJPY,OV2|b138c6|H1|B,
2026-05-13 23:24:16,186307819,2026-05-13T23:24:16+00:00,1778714656424,2026-05-13T23:24:16+00:00,1778714656424,1970-01-01T00:00:00+00:00,0,0,1,4,0,186300107,0,4,0.01,0.0,4692.25,0.0,0.0,4692.25,0.0,XAUUSD,[sl 4692.25],
2026-05-13 23:24:28,186308001,2026-05-13T23:24:28+00:00,1778714668832,2026-05-13T23:24:28+00:00,1778714668833,1970-01-01T00:00:00+00:00,0,0,1,4,0,186308001,0,3,0.1,0.0,0.0,184.857,185.153,184.931,0.0,EURJPY,OV2|1e79c2|M15|B,
2026-05-14 00:03:17,186310446,2026-05-14T00:03:17+00:00,1778716997150,2026-05-14T00:03:17+00:00,1778716997151,1970-01-01T00:00:00+00:00,1,0,1,4,0,186308001,0,4,0.1,0.0,184.888,0.0,0.0,184.888,0.0,EURJPY,[sl 184.888],
2026-05-14 00:03:27,186310512,2026-05-14T00:03:27+00:00,1778717007084,2026-05-14T00:03:27+00:00,1778717007084,1970-01-01T00:00:00+00:00,1,0,1,4,0,186307670,0,4,0.07,0.0,114.532,0.0,0.0,114.532,0.0,AUDJPY,[sl 114.532],
2026-05-14 00:08:34,186311212,2026-05-14T00:08:34+00:00,1778717314493,2026-05-14T00:08:34+00:00,1778717314493,1970-01-01T00:00:00+00:00,0,0,1,4,0,186306928,0,3,0.02,0.0,0.0,0.0,0.0,79479.53,0.0,BTCUSD,OMEGA_PARTIAL_CL,
2026-05-14 00:16:06,186311616,2026-05-14T00:16:06+00:00,1778717766805,2026-05-14T00:16:06+00:00,1778717766805,1970-01-01T00:00:00+00:00,1,0,1,4,0,186311616,0,3,0.1,0.0,0.0,1.42363,1.40595,1.4197,0.0,XRPUSD,OV2|ce5bcd|M5|S,
2026-05-14 00:24:46,186312050,2026-05-14T00:24:46+00:00,1778718286728,2026-05-14T00:24:46+00:00,1778718286729,1970-01-01T00:00:00+00:00,1,0,1,4,0,186302051,0,4,0.09,0.0,1.35202,0.0,0.0,1.35202,0.0,GBPUSD,[sl 1.35202],
2026-05-14 00:44:57,186313305,2026-05-14T00:44:57+00:00,1778719497084,2026-05-14T00:44:57+00:00,1778719497084,1970-01-01T00:00:00+00:00,1,0,1,4,0,186313305,0,3,0.06,0.0,0.0,1.35379,1.34779,1.35229,0.0,GBPUSD,OV2|6ea47c|H4|S,
2026-05-14 01:01:00,186314742,2026-05-14T01:01:00+00:00,1778720460555,2026-05-14T01:01:00+00:00,1778720460556,1970-01-01T00:00:00+00:00,0,0,1,4,0,186313305,0,4,0.06,0.0,1.35264,0.0,0.0,1.35264,0.0,GBPUSD,[sl 1.35264],
2026-05-14 01:01:19,186314941,2026-05-14T01:01:19+00:00,1778720479476,2026-05-14T01:01:19+00:00,1778720479476,1970-01-01T00:00:00+00:00,0,0,1,4,0,186314941,0,3,0.04,0.0,0.0,184.793,185.393,184.943,0.0,EURJPY,OV2|0a9228|M5|B,
2026-05-14 01:02:08,186315242,2026-05-14T01:02:08+00:00,1778720528150,2026-05-14T01:02:08+00:00,1778720528150,1970-01-01T00:00:00+00:00,0,0,1,4,0,186315242,0,3,0.05,0.0,0.0,213.333,213.94,213.473,0.0,GBPJPY,OV2|05e674|H1|B,
2026-05-14 01:03:05,186315502,2026-05-14T01:03:05+00:00,1778720585886,2026-05-14T01:03:05+00:00,1778720585886,1970-01-01T00:00:00+00:00,1,0,1,4,0,186315502,0,3,0.08,0.0,0.0,157.877,157.605,157.809,0.0,USDJPY,OV2|81a768|M15|S,
2026-05-14 01:05:20,186315877,2026-05-14T01:05:20+00:00,1778720720730,2026-05-14T01:05:20+00:00,1778720720731,1970-01-01T00:00:00+00:00,0,0,1,4,0,186306928,0,5,0.08,0.0,79266.02,0.0,0.0,79266.02,0.0,BTCUSD,[tp 79266.02],
2026-05-14 01:06:09,186316032,2026-05-14T01:06:09+00:00,1778720769082,2026-05-14T01:06:09+00:00,1778720769083,1970-01-01T00:00:00+00:00,0,0,1,4,0,186311616,0,3,0.1,0.0,0.0,0.0,0.0,1.4165,0.0,XRPUSD,OMEGA_PARTIAL_CL,
2026-05-14 01:06:11,186316036,2026-05-14T01:06:11+00:00,1778720771279,2026-05-14T01:06:11+00:00,1778720771279,1970-01-01T00:00:00+00:00,0,0,1,4,0,186316036,0,3,0.18,0.0,0.0,1.3513,1.3573,1.3528,0.0,GBPUSD,OV2|515c6a|M5|B,
2026-05-14 01:08:25,186316349,2026-05-14T01:08:25+00:00,1778720905851,2026-05-14T01:08:25+00:00,1778720905851,1970-01-01T00:00:00+00:00,1,0,1,4,0,186316349,0,3,0.1,0.0,0.0,79281.51,78807.28,79222.34,0.0,BTCUSD,OV2|aec463|H1|S,
2026-05-14 01:14:29,186317435,2026-05-14T01:14:29+00:00,1778721269071,2026-05-14T01:14:29+00:00,1778721269071,1970-01-01T00:00:00+00:00,0,0,1,4,0,186317435,0,3,0.08,0.0,0.0,114.479,114.839,114.568,0.0,AUDJPY,OV2|344cdc|H1|B,
2026-05-14 01:14:51,186317474,2026-05-14T01:14:51+00:00,1778721291880,2026-05-14T01:14:51+00:00,1778721291880,1970-01-01T00:00:00+00:00,0,0,1,4,0,186316349,0,4,0.1,0.0,79385.54,0.0,0.0,79385.54,0.0,BTCUSD,[sl 79385.54],
2026-05-14 01:16:03,186317741,2026-05-14T01:16:03+00:00,1778721363143,2026-05-14T01:16:03+00:00,1778721363143,1970-01-01T00:00:00+00:00,1,0,1,4,0,186316036,0,3,0.03,0.0,0.0,0.0,0.0,1.35308,0.0,GBPUSD,OMEGA_PARTIAL_CL,
2026-05-14 01:16:33,186318047,2026-05-14T01:16:33+00:00,1778721393999,2026-05-14T01:16:33+00:00,1778721393999,1970-01-01T00:00:00+00:00,1,0,1,4,0,186318047,0,3,0.1,0.0,0.0,1.42184,1.4041000000000001,1.4179,0.0,XRPUSD,OV2|23c2de|H4|S,
2026-05-14 01:17:33,186318536,2026-05-14T01:17:33+00:00,1778721453615,2026-05-14T01:17:33+00:00,1778721453615,1970-01-01T00:00:00+00:00,1,0,1,4,0,186318536,0,3,0.1,0.0,0.0,79387.53,78920.22,79319.35,0.0,BTCUSD,OV2|3729ca|H1|S,
2026-05-14 01:30:35,186320553,2026-05-14T01:30:35+00:00,1778722235692,2026-05-14T01:30:35+00:00,1778722235692,1970-01-01T00:00:00+00:00,0,0,1,4,0,186318047,0,4,0.1,0.0,1.42239,0.0,0.0,1.42239,0.0,XRPUSD,[sl 1.42239],
2026-05-14 01:32:46,186320906,2026-05-14T01:32:46+00:00,1778722366575,2026-05-14T01:32:46+00:00,1778722366575,1970-01-01T00:00:00+00:00,0,0,1,4,0,186318536,0,3,0.02,0.0,0.0,0.0,0.0,79210.8,0.0,BTCUSD,OMEGA_PARTIAL_CL,
2026-05-14 01:32:53,186320920,2026-05-14T01:32:53+00:00,1778722373380,2026-05-14T01:32:53+00:00,1778722373381,1970-01-01T00:00:00+00:00,1,0,1,4,0,186320920,0,3,0.1,0.0,0.0,1.42431,1.40717,1.4205,0.0,XRPUSD,OV2|bb3d8f|H1|S,
2026-05-14 01:36:29,186321266,2026-05-14T01:36:29+00:00,1778722589099,2026-05-14T01:36:29+00:00,1778722589099,1970-01-01T00:00:00+00:00,1,0,1,4,0,186315242,0,3,0.01,0.0,0.0,0.0,0.0,213.526,0.0,GBPJPY,OMEGA_PARTIAL_CL,
2026-05-14 01:41:05,186322159,2026-05-14T01:41:05+00:00,1778722865500,2026-05-14T01:41:05+00:00,1778722865500,1970-01-01T00:00:00+00:00,0,0,1,4,0,186318536,0,4,0.08,0.0,79319.35,0.0,0.0,79319.35,0.0,BTCUSD,[sl 79319.35],
2026-05-14 01:45:27,186323086,2026-05-14T01:45:27+00:00,1778723127594,2026-05-14T01:45:27+00:00,1778723127594,1970-01-01T00:00:00+00:00,1,0,1,4,0,186314941,0,3,0.04,0.0,0.0,0.0,0.0,184.905,0.0,EURJPY,OMEGA_PARTIAL_CL,
2026-05-14 01:48:19,186323621,2026-05-14T01:48:19+00:00,1778723299346,2026-05-14T01:48:19+00:00,1778723299346,1970-01-01T00:00:00+00:00,0,0,1,4,0,186323621,0,3,0.1,0.0,0.0,184.844,185.172,184.926,0.0,EURJPY,OV2|4b7ba2|M15|B,
2026-05-14 01:49:02,186323725,2026-05-14T01:49:02+00:00,1778723342837,2026-05-14T01:49:02+00:00,1778723342837,1970-01-01T00:00:00+00:00,1,0,1,4,0,186323725,0,3,0.1,0.0,0.0,79438.55,78989.49,79374.4,0.0,BTCUSD,OV2|722918|H4|S,
2026-05-14 01:55:34,186324820,2026-05-14T01:55:34+00:00,1778723734444,2026-05-14T01:55:34+00:00,1778723734444,1970-01-01T00:00:00+00:00,0,0,1,4,0,186320920,0,4,0.1,0.0,1.42445,0.0,0.0,1.42445,0.0,XRPUSD,[sl 1.42445],
2026-05-14 01:55:56,186324858,2026-05-14T01:55:56+00:00,1778723756507,2026-05-14T01:55:56+00:00,1778723756507,1970-01-01T00:00:00+00:00,1,0,1,4,0,186316036,0,4,0.15,0.0,1.3528,0.0,0.0,1.3528,0.0,GBPUSD,[sl 1.35280],
2026-05-14 01:58:13,186325174,2026-05-14T01:58:13+00:00,1778723893391,2026-05-14T01:58:13+00:00,1778723893392,1970-01-01T00:00:00+00:00,1,0,1,4,0,186315242,0,4,0.04,0.0,213.473,0.0,0.0,213.473,0.0,GBPJPY,[sl 213.473],
2026-05-14 02:00:43,186325884,2026-05-14T02:00:43+00:00,1778724043084,2026-05-14T02:00:43+00:00,1778724043084,1970-01-01T00:00:00+00:00,0,0,1,4,0,186325884,0,3,0.17,0.0,0.0,213.401,213.761,213.491,0.0,GBPJPY,OV2|7e9a99|H1|B,
2026-05-14 02:02:40,186326285,2026-05-14T02:02:40+00:00,1778724160372,2026-05-14T02:02:40+00:00,1778724160373,1970-01-01T00:00:00+00:00,1,0,1,4,0,186323621,0,4,0.1,0.0,184.897,0.0,0.0,184.897,0.0,EURJPY,[sl 184.897],
2026-05-14 02:08:37,186327301,2026-05-14T02:08:37+00:00,1778724517893,2026-05-14T02:08:37+00:00,1778724517894,1970-01-01T00:00:00+00:00,1,0,1,4,0,186325884,0,4,0.17,0.0,213.439,0.0,0.0,213.439,0.0,GBPJPY,[sl 213.439],
2026-05-14 02:09:01,186327368,2026-05-14T02:09:01+00:00,1778724541152,2026-05-14T02:09:01+00:00,1778724541153,1970-01-01T00:00:00+00:00,1,0,1,4,0,186317435,0,4,0.08,0.0,114.54,0.0,0.0,114.54,0.0,AUDJPY,[sl 114.540],
2026-05-14 02:14:40,186328362,2026-05-14T02:14:40+00:00,1778724880292,2026-05-14T02:14:40+00:00,1778724880292,1970-01-01T00:00:00+00:00,0,0,1,4,0,186328362,0,3,0.15,0.0,0.0,213.406,213.766,213.496,0.0,GBPJPY,OV2|fce870|M15|B,
2026-05-14 02:18:49,186328975,2026-05-14T02:18:49+00:00,1778725129247,2026-05-14T02:18:49+00:00,1778725129247,1970-01-01T00:00:00+00:00,1,0,1,4,0,186328362,0,4,0.15,0.0,213.441,0.0,0.0,213.441,0.0,GBPJPY,[sl 213.441],
2026-05-14 02:29:13,186330767,2026-05-14T02:29:13+00:00,1778725753530,2026-05-14T02:29:13+00:00,1778725753530,1970-01-01T00:00:00+00:00,0,0,1,4,0,186323725,0,3,0.02,0.0,0.0,0.0,0.0,79278.95,0.0,BTCUSD,OMEGA_PARTIAL_CL,
2026-05-14 02:30:50,186331178,2026-05-14T02:30:50+00:00,1778725850022,2026-05-14T02:30:50+00:00,1778725850022,1970-01-01T00:00:00+00:00,0,0,1,4,0,186315502,0,4,0.08,0.0,157.826,0.0,0.0,157.826,0.0,USDJPY,[sl 157.826],
2026-05-14 02:34:07,186332182,2026-05-14T02:34:07+00:00,1778726047824,2026-05-14T02:34:07+00:00,1778726047824,1970-01-01T00:00:00+00:00,0,0,1,4,0,186332182,0,3,0.14,0.0,0.0,114.429,114.749,114.509,0.0,AUDJPY,OV2|2a4479|H1|B,
2026-05-14 02:46:50,186334784,2026-05-14T02:46:50+00:00,1778726810153,2026-05-14T02:46:50+00:00,1778726810157,1970-01-01T00:00:00+00:00,0,0,1,4,0,186334784,0,3,0.18,0.0,0.0,213.436,213.78,213.522,0.0,GBPJPY,OV2|e741d4|M5|B,
2026-05-14 03:00:45,186337095,2026-05-14T03:00:45+00:00,1778727645547,2026-05-14T03:00:45+00:00,1778727645547,1970-01-01T00:00:00+00:00,0,0,1,4,0,186323725,0,4,0.08,0.0,79374.4,0.0,0.0,79374.4,0.0,BTCUSD,[sl 79374.40],
2026-05-14 03:02:13,186338369,2026-05-14T03:02:13+00:00,1778727733674,2026-05-14T03:02:13+00:00,1778727733675,1970-01-01T00:00:00+00:00,0,0,1,4,0,186338369,0,3,0.2,0.0,0.0,184.908,185.18,184.976,0.0,EURJPY,OV2|cadd98|M15|B,
2026-05-14 03:03:02,186338590,2026-05-14T03:03:02+00:00,1778727782816,2026-05-14T03:03:02+00:00,1778727782816,1970-01-01T00:00:00+00:00,1,0,1,4,0,186338590,0,3,0.1,0.0,0.0,79404.07,78927.44,79345.05,0.0,BTCUSD,OV2|acfeeb|H1|S,
2026-05-14 03:03:20,186338959,2026-05-14T03:03:20+00:00,1778727800602,2026-05-14T03:03:20+00:00,1778727800602,1970-01-01T00:00:00+00:00,1,0,1,4,0,186338369,0,4,0.2,0.0,184.934,0.0,0.0,184.934,0.0,EURJPY,[sl 184.934],
2026-05-14 03:04:20,186340317,2026-05-14T03:04:20+00:00,1778727860520,2026-05-14T03:04:20+00:00,1778727860521,1970-01-01T00:00:00+00:00,1,0,1,4,0,186332182,0,4,0.14,0.0,114.438,0.0,0.0,114.438,0.0,AUDJPY,[sl 114.438],
2026-05-14 03:06:10,186340965,2026-05-14T03:06:10+00:00,1778727970920,2026-05-14T03:06:10+00:00,1778727970921,1970-01-01T00:00:00+00:00,1,0,1,4,0,186340965,0,3,0.1,0.0,0.0,1.42956,1.41241,1.42575,0.0,XRPUSD,OV2|0dac6a|H1|S,
2026-05-14 03:07:44,186341940,2026-05-14T03:07:44+00:00,1778728064645,2026-05-14T03:07:44+00:00,1778728064645,1970-01-01T00:00:00+00:00,0,0,1,4,0,186341940,0,3,0.1,0.0,0.0,184.877,185.173,184.951,0.0,EURJPY,OV2|40354e|M15|B,
2026-05-14 03:08:55,186342141,2026-05-14T03:08:55+00:00,1778728135108,2026-05-14T03:08:55+00:00,1778728135108,1970-01-01T00:00:00+00:00,0,0,1,4,0,186342141,0,3,0.12,0.0,0.0,0.72456,0.72736,0.72526,0.0,AUDUSD,OV2|3351b9|H4|B,
2026-05-14 03:11:37,186342981,2026-05-14T03:11:37+00:00,1778728297763,2026-05-14T03:11:37+00:00,1778728297763,1970-01-01T00:00:00+00:00,1,0,1,4,0,186342981,0,3,0.16,0.0,0.0,1.35418,1.34818,1.3526799999999999,0.0,GBPUSD,OV2|24234f|H4|S,
2026-05-14 03:13:52,186343762,2026-05-14T03:13:52+00:00,1778728432224,2026-05-14T03:13:52+00:00,1778728432224,1970-01-01T00:00:00+00:00,0,0,1,4,0,186338590,0,4,0.1,0.0,79491.81,0.0,0.0,79491.81,0.0,BTCUSD,[sl 79491.81],
2026-05-14 03:15:04,186344356,2026-05-14T03:15:04+00:00,1778728504845,2026-05-14T03:15:04+00:00,1778728504845,1970-01-01T00:00:00+00:00,0,0,1,4,0,186342981,0,4,0.16,0.0,1.35307,0.0,0.0,1.35307,0.0,GBPUSD,[sl 1.35307],
2026-05-14 03:17:17,186347332,2026-05-14T03:17:17+00:00,1778728637382,2026-05-14T03:17:17+00:00,1778728637382,1970-01-01T00:00:00+00:00,1,0,1,4,0,186342141,0,3,0.02,0.0,0.0,0.0,0.0,0.72565,0.0,AUDUSD,OMEGA_PARTIAL_CL,
2026-05-14 03:18:00,186348300,2026-05-14T03:18:00+00:00,1778728680859,2026-05-14T03:18:00+00:00,1778728680859,1970-01-01T00:00:00+00:00,0,0,1,4,0,186348300,0,3,0.19,0.0,0.0,1.35176,1.35776,1.3532600000000001,0.0,GBPUSD,OV2|635e5e|M5|B,
2026-05-14 03:18:46,186348752,2026-05-14T03:18:46+00:00,1778728726413,2026-05-14T03:18:46+00:00,1778728726413,1970-01-01T00:00:00+00:00,0,0,1,4,0,186348752,0,3,0.01,0.0,0.0,4701.68,4715.15,4705.05,0.0,XAUUSD,OV2|a993dd|H1|B,
2026-05-14 03:19:02,186348912,2026-05-14T03:19:02+00:00,1778728742039,2026-05-14T03:19:02+00:00,1778728742039,1970-01-01T00:00:00+00:00,1,0,1,4,0,186348912,0,3,0.09,0.0,0.0,79546.45,79107.54,79493.86,0.0,BTCUSD,OV2|f95e51|H1|S,
2026-05-14 03:19:02,186348913,2026-05-14T03:19:02+00:00,1778728742073,2026-05-14T03:19:02+00:00,1778728742074,1970-01-01T00:00:00+00:00,1,0,1,4,0,186348913,0,3,0.09,0.0,0.0,79548.72,79109.81,79496.81,0.0,BTCUSD,OV2|c36642|H1|S,
2026-05-14 03:19:06,186348957,2026-05-14T03:19:06+00:00,1778728746576,2026-05-14T03:19:06+00:00,1778728746576,1970-01-01T00:00:00+00:00,0,0,1,4,0,186340965,0,4,0.1,0.0,1.4308,0.0,0.0,1.4308,0.0,XRPUSD,[sl 1.43080],
2026-05-14 03:19:08,186349043,2026-05-14T03:19:08+00:00,1778728748111,2026-05-14T03:19:08+00:00,1778728748111,1970-01-01T00:00:00+00:00,1,0,1,4,0,186348752,0,4,0.01,0.0,4701.68,0.0,0.0,4701.68,0.0,XAUUSD,[sl 4701.68],
2026-05-14 03:19:30,186349397,2026-05-14T03:19:30+00:00,1778728770652,2026-05-14T03:19:30+00:00,1778728770652,1970-01-01T00:00:00+00:00,1,0,1,4,0,186349397,0,3,0.11,0.0,0.0,114.578,114.218,114.488,0.0,AUDJPY,OV2|ade3f3|M5|S,
2026-05-14 03:20:59,186350009,2026-05-14T03:20:59+00:00,1778728859406,2026-05-14T03:20:59+00:00,1778728859406,1970-01-01T00:00:00+00:00,1,0,1,4,0,186350009,0,3,0.1,0.0,0.0,1.43296,1.41266,1.42845,0.0,XRPUSD,OV2|30f5c8|H1|S,
2026-05-14 03:21:07,186350059,2026-05-14T03:21:07+00:00,1778728867735,2026-05-14T03:21:07+00:00,1778728867735,1970-01-01T00:00:00+00:00,1,0,1,4,0,186342141,0,4,0.1,0.0,0.72526,0.0,0.0,0.72526,0.0,AUDUSD,[sl 0.72526],
2026-05-14 03:21:18,186350103,2026-05-14T03:21:18+00:00,1778728878466,2026-05-14T03:21:18+00:00,1778728878466,1970-01-01T00:00:00+00:00,1,0,1,4,0,186348300,0,4,0.19,0.0,1.3528,0.0,0.0,1.3528,0.0,GBPUSD,[sl 1.35280],
2026-05-14 03:21:21,186350113,2026-05-14T03:21:21+00:00,1778728881136,2026-05-14T03:21:21+00:00,1778728881137,1970-01-01T00:00:00+00:00,1,0,1,4,0,186341940,0,4,0.1,0.0,184.902,0.0,0.0,184.902,0.0,EURJPY,[sl 184.902],
2026-05-14 03:23:18,186350433,2026-05-14T03:23:18+00:00,1778728998897,2026-05-14T03:23:18+00:00,1778728998897,1970-01-01T00:00:00+00:00,1,0,1,4,0,186350433,0,3,0.11,0.0,0.0,1.3544399999999999,1.34844,1.35294,0.0,GBPUSD,OV2|99810a|H4|S,
2026-05-14 03:23:53,186350481,2026-05-14T03:23:53+00:00,1778729033986,2026-05-14T03:23:53+00:00,1778729033986,1970-01-01T00:00:00+00:00,0,0,1,4,0,186350481,0,3,0.01,0.0,0.0,4697.28,4711.95,4700.95,0.0,XAUUSD,OV2|104167|M15|B,
2026-05-14 03:24:47,186350808,2026-05-14T03:24:47+00:00,1778729087752,2026-05-14T03:24:47+00:00,1778729087752,1970-01-01T00:00:00+00:00,0,0,1,4,0,186350808,0,3,0.13,0.0,0.0,0.7247,0.7275,0.7254,0.0,AUDUSD,OV2|cff69f|H1|B,
2026-05-14 03:27:59,186351465,2026-05-14T03:27:59+00:00,1778729279128,2026-05-14T03:27:59+00:00,1778729279128,1970-01-01T00:00:00+00:00,0,0,1,4,0,186351465,0,3,0.18,0.0,0.0,184.833,185.137,184.909,0.0,EURJPY,OV2|36744d|M15|B,
2026-05-14 03:46:22,186358448,2026-05-14T03:46:22+00:00,1778730382268,2026-05-14T03:46:22+00:00,1778730382268,1970-01-01T00:00:00+00:00,0,0,1,4,0,186348912,0,4,0.09,0.0,79652.81,0.0,0.0,79652.81,0.0,BTCUSD,[sl 79652.81],
2026-05-14 03:46:23,186358475,2026-05-14T03:46:23+00:00,1778730383241,2026-05-14T03:46:23+00:00,1778730383241,1970-01-01T00:00:00+00:00,0,0,1,4,0,186348913,0,4,0.09,0.0,79655.76,0.0,0.0,79655.76,0.0,BTCUSD,[sl 79655.76],
2026-05-14 03:49:39,186359776,2026-05-14T03:49:39+00:00,1778730579596,2026-05-14T03:49:39+00:00,1778730579596,1970-01-01T00:00:00+00:00,1,0,1,4,0,186359776,0,3,0.08,0.0,0.0,79660.03,79186.16,79600.8,0.0,BTCUSD,OV2|311bda|H1|S,
2026-05-14 03:50:43,186361263,2026-05-14T03:50:43+00:00,1778730643758,2026-05-14T03:50:43+00:00,1778730643758,1970-01-01T00:00:00+00:00,1,0,1,4,0,186350808,0,4,0.13,0.0,0.72491,0.0,0.0,0.72491,0.0,AUDUSD,[sl 0.72491],
2026-05-14 03:51:18,186361458,2026-05-14T03:51:18+00:00,1778730678178,2026-05-14T03:51:18+00:00,1778730678178,1970-01-01T00:00:00+00:00,0,0,1,4,0,186349397,0,3,0.02,0.0,0.0,0.0,0.0,114.43,0.0,AUDJPY,OMEGA_PARTIAL_CL,
2026-05-14 03:56:22,186362846,2026-05-14T03:56:22+00:00,1778730982189,2026-05-14T03:56:22+00:00,1778730982189,1970-01-01T00:00:00+00:00,0,0,1,4,0,186362846,0,3,0.1,0.0,0.0,0.72437,0.72717,0.72507,0.0,AUDUSD,OV2|7a10c5|H4|B,
2026-05-14 03:56:31,186362896,2026-05-14T03:56:31+00:00,1778730991636,2026-05-14T03:56:31+00:00,1778730991636,1970-01-01T00:00:00+00:00,1,0,1,4,0,186351465,0,3,0.03,0.0,0.0,0.0,0.0,184.943,0.0,EURJPY,OMEGA_PARTIAL_CL,
2026-05-14 04:01:36,186366396,2026-05-14T04:01:36+00:00,1778731296407,2026-05-14T04:01:36+00:00,1778731296407,1970-01-01T00:00:00+00:00,0,0,1,4,0,186350009,0,4,0.1,0.0,1.433,0.0,0.0,1.433,0.0,XRPUSD,[sl 1.43300],
2026-05-14 04:02:06,186366611,2026-05-14T04:02:06+00:00,1778731326571,2026-05-14T04:02:06+00:00,1778731326571,1970-01-01T00:00:00+00:00,1,0,1,4,0,186334784,0,3,0.03,0.0,0.0,0.0,0.0,213.569,0.0,GBPJPY,OMEGA_PARTIAL_CL,
2026-05-14 04:06:42,186371101,2026-05-14T04:06:42+00:00,1778731602257,2026-05-14T04:06:42+00:00,1778731602258,1970-01-01T00:00:00+00:00,1,0,1,4,0,186350481,0,4,0.01,0.0,4689.59,0.0,0.0,4689.59,0.0,XAUUSD,[sl 4689.59],
2026-05-14 04:16:01,186382166,2026-05-14T04:16:01+00:00,1778732161534,2026-05-14T04:16:01+00:00,1778732161534,1970-01-01T00:00:00+00:00,0,0,1,4,0,186382166,0,3,0.1,0.0,0.0,1.42873,1.4447999999999999,1.4323000000000001,0.0,XRPUSD,OV2|b5a8fb|M5|B,
2026-05-14 04:33:40,186389372,2026-05-14T04:33:40+00:00,1778733220749,2026-05-14T04:33:40+00:00,1778733220749,1970-01-01T00:00:00+00:00,0,0,1,4,0,186359776,0,3,0.01,0.0,0.0,0.0,0.0,79489.49,0.0,BTCUSD,OMEGA_PARTIAL_CL,
2026-05-14 04:33:52,186389396,2026-05-14T04:33:52+00:00,1778733232718,2026-05-14T04:33:52+00:00,1778733232718,1970-01-01T00:00:00+00:00,1,0,1,4,0,186382166,0,4,0.1,0.0,1.43034,0.0,0.0,1.43034,0.0,XRPUSD,[sl 1.43034],
2026-05-14 04:37:22,186390555,2026-05-14T04:37:22+00:00,1778733442227,2026-05-14T04:37:22+00:00,1778733442227,1970-01-01T00:00:00+00:00,1,0,1,4,0,186390555,0,3,0.1,0.0,0.0,1.43091,1.41263,1.42685,0.0,XRPUSD,OV2|ea9781|H4|S,
2026-05-14 04:38:23,186391101,2026-05-14T04:38:23+00:00,1778733503320,2026-05-14T04:38:23+00:00,1778733503320,1970-01-01T00:00:00+00:00,1,0,1,4,0,186391101,0,3,0.01,0.0,0.0,4693.7,4670.44,4687.93,0.0,XAUUSD,OV2|f61041|M15|S,
2026-05-14 04:40:55,186392126,2026-05-14T04:40:55+00:00,1778733655783,2026-05-14T04:40:55+00:00,1778733655784,1970-01-01T00:00:00+00:00,0,0,1,4,0,186349397,0,4,0.09,0.0,114.488,0.0,0.0,114.488,0.0,AUDJPY,[sl 114.488],
2026-05-14 04:42:24,186393196,2026-05-14T04:42:24+00:00,1778733744361,2026-05-14T04:42:24+00:00,1778733744361,1970-01-01T00:00:00+00:00,1,0,1,4,0,186393196,0,3,0.16,0.0,0.0,114.53,114.234,114.456,0.0,AUDJPY,OV2|279666|M15|S,
2026-05-14 04:51:42,186397303,2026-05-14T04:51:42+00:00,1778734302243,2026-05-14T04:51:42+00:00,1778734302243,1970-01-01T00:00:00+00:00,0,0,1,4,0,186350433,0,3,0.02,0.0,0.0,0.0,0.0,1.35263,0.0,GBPUSD,OMEGA_PARTIAL_CL,
2026-05-14 04:51:49,186397330,2026-05-14T04:51:49+00:00,1778734309272,2026-05-14T04:51:49+00:00,1778734309273,1970-01-01T00:00:00+00:00,0,0,1,4,0,186359776,0,4,0.07,0.0,79600.8,0.0,0.0,79600.8,0.0,BTCUSD,[sl 79600.80],
2026-05-14 04:52:04,186397606,2026-05-14T04:52:04+00:00,1778734324077,2026-05-14T04:52:04+00:00,1778734324077,1970-01-01T00:00:00+00:00,1,0,1,4,0,186362846,0,4,0.1,0.0,0.72462,0.0,0.0,0.72462,0.0,AUDUSD,[sl 0.72462],
2026-05-14 04:53:07,186398840,2026-05-14T04:53:07+00:00,1778734387720,2026-05-14T04:53:07+00:00,1778734387720,1970-01-01T00:00:00+00:00,0,0,1,4,0,186390555,0,4,0.1,0.0,1.4319600000000001,0.0,0.0,1.4319600000000001,0.0,XRPUSD,[sl 1.43196],
2026-05-14 04:57:26,186400034,2026-05-14T04:57:26+00:00,1778734646450,2026-05-14T04:57:26+00:00,1778734646450,1970-01-01T00:00:00+00:00,0,0,1,4,0,186400034,0,3,0.09,0.0,0.0,79535.06,80100.01,79605.68,0.0,BTCUSD,OV2|0f706e|M5|B,
2026-05-14 04:58:17,186400299,2026-05-14T04:58:17+00:00,1778734697134,2026-05-14T04:58:17+00:00,1778734697134,1970-01-01T00:00:00+00:00,1,0,1,4,0,186334784,0,4,0.15,0.0,213.522,0.0,0.0,213.522,0.0,GBPJPY,[sl 213.522],
2026-05-14 05:00:46,186401722,2026-05-14T05:00:46+00:00,1778734846590,2026-05-14T05:00:46+00:00,1778734846590,1970-01-01T00:00:00+00:00,0,0,1,4,0,186401722,0,3,0.1,0.0,0.0,1.42844,1.4476200000000001,1.4327,0.0,XRPUSD,OV2|cc9556|M5|B,
2026-05-14 05:01:55,186402021,2026-05-14T05:01:55+00:00,1778734915858,2026-05-14T05:01:55+00:00,1778734915858,1970-01-01T00:00:00+00:00,0,0,1,4,0,186393196,0,3,0.03,0.0,0.0,0.0,0.0,114.414,0.0,AUDJPY,OMEGA_PARTIAL_CL,
2026-05-14 05:03:16,186402668,2026-05-14T05:03:16+00:00,1778734996425,2026-05-14T05:03:16+00:00,1778734996425,1970-01-01T00:00:00+00:00,0,0,1,4,0,186393196,0,4,0.13,0.0,114.456,0.0,0.0,114.456,0.0,AUDJPY,[sl 114.456],
2026-05-14 05:07:57,186403929,2026-05-14T05:07:57+00:00,1778735277605,2026-05-14T05:07:57+00:00,1778735277606,1970-01-01T00:00:00+00:00,1,0,1,4,0,186403929,0,3,0.14,0.0,0.0,114.533,114.197,114.449,0.0,AUDJPY,OV2|cf8b67|M15|S,
2026-05-14 05:11:33,186404647,2026-05-14T05:11:33+00:00,1778735493861,2026-05-14T05:11:33+00:00,1778735493862,1970-01-01T00:00:00+00:00,0,0,1,4,0,186404647,0,3,0.2,0.0,0.0,157.859,158.131,157.927,0.0,USDJPY,OV2|44f526|H1|B,
2026-05-14 05:22:51,186406619,2026-05-14T05:22:51+00:00,1778736171390,2026-05-14T05:22:51+00:00,1778736171390,1970-01-01T00:00:00+00:00,0,0,1,4,0,186406619,0,3,0.11,0.0,0.0,0.72411,0.72691,0.72481,0.0,AUDUSD,OV2|a63e4e|H4|B,
2026-05-14 05:32:19,186408625,2026-05-14T05:32:19+00:00,1778736739654,2026-05-14T05:32:19+00:00,1778736739654,1970-01-01T00:00:00+00:00,0,0,1,4,0,186403929,0,4,0.14,0.0,114.525,0.0,0.0,114.525,0.0,AUDJPY,[sl 114.525],
2026-05-14 05:33:01,186409270,2026-05-14T05:33:01+00:00,1778736781595,2026-05-14T05:33:01+00:00,1778736781596,1970-01-01T00:00:00+00:00,0,0,1,4,0,186391101,0,4,0.01,0.0,4697.31,0.0,0.0,4697.31,0.0,XAUUSD,[sl 4697.31],
2026-05-14 05:41:41,186412673,2026-05-14T05:41:41+00:00,1778737301021,2026-05-14T05:41:41+00:00,1778737301021,1970-01-01T00:00:00+00:00,1,0,1,4,0,186401722,0,4,0.1,0.0,1.42825,0.0,0.0,1.42825,0.0,XRPUSD,[sl 1.42825],
2026-05-14 05:47:32,186414748,2026-05-14T05:47:32+00:00,1778737652686,2026-05-14T05:47:32+00:00,1778737652686,1970-01-01T00:00:00+00:00,1,0,1,4,0,186400034,0,4,0.09,0.0,79478.82,0.0,0.0,79478.82,0.0,BTCUSD,[sl 79478.82],
2026-05-14 06:28:38,186427256,2026-05-14T06:28:38+00:00,1778740118189,2026-05-14T06:28:38+00:00,1778740118189,1970-01-01T00:00:00+00:00,0,0,1,4,0,186350433,0,4,0.09,0.0,1.35294,0.0,0.0,1.35294,0.0,GBPUSD,[sl 1.35294],
2026-05-14 07:05:37,186438943,2026-05-14T07:05:37+00:00,1778742337434,2026-05-14T07:05:37+00:00,1778742337434,1970-01-01T00:00:00+00:00,1,0,1,4,0,186404647,0,4,0.2,0.0,157.881,0.0,0.0,157.881,0.0,USDJPY,[sl 157.881],
2026-05-14 07:05:38,186438948,2026-05-14T07:05:38+00:00,1778742338125,2026-05-14T07:05:38+00:00,1778742338125,1970-01-01T00:00:00+00:00,1,0,1,4,0,186351465,0,4,0.15,0.0,184.909,0.0,0.0,184.909,0.0,EURJPY,[sl 184.909],
2026-05-14 10:58:39,186517533,2026-05-14T10:58:39+00:00,1778756319339,2026-05-14T10:58:39+00:00,1778756319339,1970-01-01T00:00:00+00:00,1,0,1,4,0,186406619,0,4,0.11,0.0,0.72443,0.0,0.0,0.72443,0.0,AUDUSD,[sl 0.72443],
2026-05-14 16:52:34,186647448,2026-05-14T16:52:34+00:00,1778777554018,2026-05-14T16:52:34+00:00,1778777554018,1970-01-01T00:00:00+00:00,1,0,1,4,0,186647448,0,3,0.01,0.0,0.0,4688.5,4660.3,4681.56,0.0,XAUUSD,OV2|dba5ba|H1|S,
2026-05-14 17:20:46,186666019,2026-05-14T17:20:46+00:00,1778779246033,2026-05-14T17:20:46+00:00,1778779246033,1970-01-01T00:00:00+00:00,0,0,1,4,0,186647448,0,4,0.01,0.0,4699.86,0.0,0.0,4699.86,0.0,XAUUSD,[sl 4699.86],
2026-05-14 18:13:08,186695342,2026-05-14T18:13:08+00:00,1778782388164,2026-05-14T18:13:08+00:00,1778782388164,1970-01-01T00:00:00+00:00,1,0,1,4,0,186695342,0,3,0.06,0.0,0.0,1.16829,1.16429,1.16729,0.0,EURUSD,OV2|13d923|H1|S,
2026-05-14 18:17:02,186697616,2026-05-14T18:17:02+00:00,1778782622563,2026-05-14T18:17:02+00:00,1778782622563,1970-01-01T00:00:00+00:00,0,0,1,4,0,186697616,0,3,0.1,0.0,0.0,158.092,158.372,158.162,0.0,USDJPY,OV2|93adf3|M15|B,
2026-05-14 18:17:28,186697900,2026-05-14T18:17:28+00:00,1778782648529,2026-05-14T18:17:28+00:00,1778782648529,1970-01-01T00:00:00+00:00,1,0,1,4,0,186697900,0,3,0.07,0.0,0.0,184.688,184.392,184.614,0.0,EURJPY,OV2|4207e3|H1|S,
2026-05-14 18:23:37,186700354,2026-05-14T18:23:37+00:00,1778783017302,2026-05-14T18:23:37+00:00,1778783017302,1970-01-01T00:00:00+00:00,1,0,1,4,0,186700354,0,3,0.05,0.0,0.0,213.273,212.861,213.178,0.0,GBPJPY,OV2|9d18fd|H1|S,
2026-05-14 18:42:19,186704800,2026-05-14T18:42:19+00:00,1778784139754,2026-05-14T18:42:19+00:00,1778784139754,1970-01-01T00:00:00+00:00,0,0,1,4,0,186700354,0,3,0.01,0.0,0.0,0.0,0.0,213.077,0.0,GBPJPY,OMEGA_PARTIAL_CL,
2026-05-14 18:50:13,186706770,2026-05-14T18:50:13+00:00,1778784613369,2026-05-14T18:50:13+00:00,1778784613369,1970-01-01T00:00:00+00:00,1,0,1,4,0,186697616,0,4,0.1,0.0,158.094,0.0,0.0,158.094,0.0,USDJPY,[sl 158.094],
2026-05-14 18:56:34,186708183,2026-05-14T18:56:34+00:00,1778784994815,2026-05-14T18:56:34+00:00,1778784994815,1970-01-01T00:00:00+00:00,0,0,1,4,0,186695342,0,4,0.06,0.0,1.16782,0.0,0.0,1.16782,0.0,EURUSD,[sl 1.16782],
2026-05-14 18:56:59,186708449,2026-05-14T18:56:59+00:00,1778785019274,2026-05-14T18:56:59+00:00,1778785019274,1970-01-01T00:00:00+00:00,1,0,1,4,0,186708449,0,3,0.07,0.0,0.0,1.34936,1.34336,1.34786,0.0,GBPUSD,OV2|7fdea3|H1|S,
2026-05-14 18:59:07,186708877,2026-05-14T18:59:07+00:00,1778785147200,2026-05-14T18:59:07+00:00,1778785147200,1970-01-01T00:00:00+00:00,0,0,1,4,0,186708877,0,3,0.18,0.0,0.0,158.032,158.312,158.102,0.0,USDJPY,OV2|47b732|H1|B,
2026-05-14 19:08:42,186713442,2026-05-14T19:08:42+00:00,1778785722202,2026-05-14T19:08:42+00:00,1778785722202,1970-01-01T00:00:00+00:00,0,0,1,4,0,186708449,0,3,0.01,0.0,0.0,0.0,0.0,1.3471199999999999,0.0,GBPUSD,OMEGA_PARTIAL_CL,
2026-05-14 19:11:39,186714570,2026-05-14T19:11:39+00:00,1778785899204,2026-05-14T19:11:39+00:00,1778785899204,1970-01-01T00:00:00+00:00,1,0,1,4,0,186708877,0,3,0.03,0.0,0.0,0.0,0.0,158.139,0.0,USDJPY,OMEGA_PARTIAL_CL,
2026-05-14 19:14:36,186715572,2026-05-14T19:14:36+00:00,1778786076104,2026-05-14T19:14:36+00:00,1778786076104,1970-01-01T00:00:00+00:00,0,0,1,4,0,186697900,0,4,0.07,0.0,184.686,0.0,0.0,184.686,0.0,EURJPY,[sl 184.686],
2026-05-14 19:15:46,186715937,2026-05-14T19:15:46+00:00,1778786146736,2026-05-14T19:15:46+00:00,1778786146736,1970-01-01T00:00:00+00:00,0,0,1,4,0,186700354,0,5,0.04,0.0,212.861,0.0,0.0,212.861,0.0,GBPJPY,[tp 212.861],
2026-05-14 19:17:07,186716553,2026-05-14T19:17:07+00:00,1778786227279,2026-05-14T19:17:07+00:00,1778786227279,1970-01-01T00:00:00+00:00,1,0,1,4,0,186716553,0,3,0.05,0.0,0.0,212.873,212.415,212.767,0.0,GBPJPY,OV2|453dd6|H1|S,
2026-05-14 19:17:25,186716680,2026-05-14T19:17:25+00:00,1778786245363,2026-05-14T19:17:25+00:00,1778786245363,1970-01-01T00:00:00+00:00,0,0,1,4,0,186716680,0,3,0.01,0.0,0.0,50130.53,50333.37,50164.3,0.0,US30,OV2|3e1d82|M15|B,
2026-05-14 19:19:00,186717358,2026-05-14T19:19:00+00:00,1778786340756,2026-05-14T19:19:00+00:00,1778786340756,1970-01-01T00:00:00+00:00,1,0,1,4,0,186717358,0,3,0.11,0.0,0.0,1.16883,1.16483,1.16783,0.0,EURUSD,OV2|b0d5e6|H1|S,
2026-05-14 19:26:58,186720240,2026-05-14T19:26:58+00:00,1778786818992,2026-05-14T19:26:58+00:00,1778786818992,1970-01-01T00:00:00+00:00,1,0,1,4,0,186716680,0,4,0.01,0.0,50075.75,0.0,0.0,50075.75,0.0,US30,[sl 50075.75],
2026-05-14 19:28:27,186720599,2026-05-14T19:28:27+00:00,1778786907226,2026-05-14T19:28:27+00:00,1778786907226,1970-01-01T00:00:00+00:00,1,0,1,4,0,186720599,0,3,0.01,0.0,0.0,4679.18,4666.47,4676.01,0.0,XAUUSD,OV2|d02d0b|H1|S,
2026-05-14 19:29:43,186720946,2026-05-14T19:29:43+00:00,1778786983450,2026-05-14T19:29:43+00:00,1778786983450,1970-01-01T00:00:00+00:00,0,0,1,4,0,186717358,0,3,0.02,0.0,0.0,0.0,0.0,1.1674,0.0,EURUSD,OMEGA_PARTIAL_CL,
2026-05-14 19:32:14,186721676,2026-05-14T19:32:14+00:00,1778787134305,2026-05-14T19:32:14+00:00,1778787134305,1970-01-01T00:00:00+00:00,0,0,1,4,0,186721676,0,3,0.1,0.0,0.0,114.12,114.448,114.202,0.0,AUDJPY,OV2|e15fdf|H4|B,
2026-05-14 19:32:35,186721734,2026-05-14T19:32:35+00:00,1778787155400,2026-05-14T19:32:35+00:00,1778787155400,1970-01-01T00:00:00+00:00,1,0,1,4,0,186721734,0,3,0.12,0.0,0.0,184.727,184.431,184.653,0.0,EURJPY,OV2|efce9f|H1|S,
2026-05-14 19:35:19,186722958,2026-05-14T19:35:19+00:00,1778787319740,2026-05-14T19:35:19+00:00,1778787319740,1970-01-01T00:00:00+00:00,0,0,1,4,0,186716553,0,3,0.01,0.0,0.0,0.0,0.0,212.621,0.0,GBPJPY,OMEGA_PARTIAL_CL,
2026-05-14 19:37:01,186724112,2026-05-14T19:37:01+00:00,1778787421212,2026-05-14T19:37:01+00:00,1778787421212,1970-01-01T00:00:00+00:00,0,0,1,4,0,186724112,0,3,0.01,0.0,0.0,50035.84,50239.61,50069.8,0.0,US30,OV2|8f511a|H1|B,
2026-05-14 19:44:51,186726561,2026-05-14T19:44:51+00:00,1778787891379,2026-05-14T19:44:51+00:00,1778787891379,1970-01-01T00:00:00+00:00,0,0,1,4,0,186708449,0,5,0.06,0.0,1.34336,0.0,0.0,1.34336,0.0,GBPUSD,[tp 1.34336],
2026-05-14 19:55:06,186729852,2026-05-14T19:55:06+00:00,1778788506324,2026-05-14T19:55:06+00:00,1778788506324,1970-01-01T00:00:00+00:00,1,0,1,4,0,186724112,0,4,0.01,0.0,49984.18,0.0,0.0,49984.18,0.0,US30,[sl 49984.18],
2026-05-14 19:57:36,186730501,2026-05-14T19:57:36+00:00,1778788656045,2026-05-14T19:57:36+00:00,1778788656045,1970-01-01T00:00:00+00:00,1,0,1,4,0,186730501,0,3,0.01,0.0,0.0,50032.15,49811.94,49995.5,0.0,US30,OV2|540f75|M5|S,
2026-05-14 20:01:48,186732552,2026-05-14T20:01:48+00:00,1778788908256,2026-05-14T20:01:48+00:00,1778788908256,1970-01-01T00:00:00+00:00,0,0,1,4,0,186717358,0,4,0.09,0.0,1.16783,0.0,0.0,1.16783,0.0,EURUSD,[sl 1.16783],
2026-05-14 20:06:27,186734120,2026-05-14T20:06:27+00:00,1778789187001,2026-05-14T20:06:27+00:00,1778789187001,1970-01-01T00:00:00+00:00,1,0,1,4,0,186734120,0,3,0.05,0.0,0.0,1.34559,1.33959,1.34409,0.0,GBPUSD,OV2|75fd45|H1|S,
2026-05-14 20:10:39,186735149,2026-05-14T20:10:39+00:00,1778789439989,2026-05-14T20:10:39+00:00,1778789439989,1970-01-01T00:00:00+00:00,0,0,1,4,0,186721734,0,4,0.12,0.0,184.724,0.0,0.0,184.724,0.0,EURJPY,[sl 184.724],
2026-05-14 20:11:46,186735335,2026-05-14T20:11:46+00:00,1778789506608,2026-05-14T20:11:46+00:00,1778789506609,1970-01-01T00:00:00+00:00,1,0,1,4,0,186721676,0,3,0.02,0.0,0.0,0.0,0.0,114.257,0.0,AUDJPY,OMEGA_PARTIAL_CL,
2026-05-14 20:12:54,186735459,2026-05-14T20:12:54+00:00,1778789574189,2026-05-14T20:12:54+00:00,1778789574189,1970-01-01T00:00:00+00:00,1,0,1,4,0,186735459,0,3,0.13,0.0,0.0,184.769,184.473,184.695,0.0,EURJPY,OV2|da5ccc|H1|S,
2026-05-14 20:19:49,186737065,2026-05-14T20:19:49+00:00,1778789989243,2026-05-14T20:19:49+00:00,1778789989243,1970-01-01T00:00:00+00:00,0,0,1,4,0,186734120,0,3,0.01,0.0,0.0,0.0,0.0,1.34317,0.0,GBPUSD,OMEGA_PARTIAL_CL,
2026-05-14 20:21:14,186737463,2026-05-14T20:21:14+00:00,1778790074273,2026-05-14T20:21:14+00:00,1778790074274,1970-01-01T00:00:00+00:00,0,0,1,4,0,186720599,0,4,0.01,0.0,4682.14,0.0,0.0,4682.14,0.0,XAUUSD,[sl 4682.14],
2026-05-14 20:24:03,186738358,2026-05-14T20:24:03+00:00,1778790243319,2026-05-14T20:24:03+00:00,1778790243319,1970-01-01T00:00:00+00:00,0,0,1,4,0,186716553,0,5,0.04,0.0,212.415,0.0,0.0,212.415,0.0,GBPJPY,[tp 212.415],
2026-05-14 20:24:18,186738452,2026-05-14T20:24:18+00:00,1778790258695,2026-05-14T20:24:18+00:00,1778790258695,1970-01-01T00:00:00+00:00,1,0,1,4,0,186738452,0,3,0.05,0.0,0.0,212.49,212.146,212.404,0.0,GBPJPY,OV2|fdc3f1|H4|S,
2026-05-14 20:27:23,186739109,2026-05-14T20:27:23+00:00,1778790443492,2026-05-14T20:27:23+00:00,1778790443492,1970-01-01T00:00:00+00:00,1,0,1,4,0,186721676,0,4,0.08,0.0,114.202,0.0,0.0,114.202,0.0,AUDJPY,[sl 114.202],
2026-05-14 20:36:06,186741604,2026-05-14T20:36:06+00:00,1778790966004,2026-05-14T20:36:06+00:00,1778790966004,1970-01-01T00:00:00+00:00,0,0,1,4,0,186741604,0,3,0.12,0.0,0.0,0.72178,0.72458,0.72247,0.0,AUDUSD,OV2|b66659|M5|B,
2026-05-14 20:39:40,186742115,2026-05-14T20:39:40+00:00,1778791180378,2026-05-14T20:39:40+00:00,1778791180379,1970-01-01T00:00:00+00:00,1,0,1,4,0,186742115,0,3,0.01,0.0,0.0,4681.25,4671.25,4678.76,0.0,XAUUSD,OV2|c1ff78|H1|S,
2026-05-14 20:40:02,186742207,2026-05-14T20:40:02+00:00,1778791202282,2026-05-14T20:40:02+00:00,1778791202282,1970-01-01T00:00:00+00:00,0,0,1,4,0,186738452,0,3,0.01,0.0,0.0,0.0,0.0,212.303,0.0,GBPJPY,OMEGA_PARTIAL_CL,
2026-05-14 20:40:07,186742224,2026-05-14T20:40:07+00:00,1778791207262,2026-05-14T20:40:07+00:00,1778791207262,1970-01-01T00:00:00+00:00,0,0,1,4,0,186735459,0,4,0.13,0.0,184.75,0.0,0.0,184.75,0.0,EURJPY,[sl 184.750],
2026-05-14 20:45:23,186743406,2026-05-14T20:45:23+00:00,1778791523363,2026-05-14T20:45:23+00:00,1778791523363,1970-01-01T00:00:00+00:00,0,0,1,4,0,186730501,0,4,0.01,0.0,50071.48,0.0,0.0,50071.48,0.0,US30,[sl 50071.48],
2026-05-14 20:47:36,186744044,2026-05-14T20:47:36+00:00,1778791656610,2026-05-14T20:47:36+00:00,1778791656610,1970-01-01T00:00:00+00:00,0,0,1,4,0,186744044,0,3,0.01,0.0,0.0,50046.81,50172.96,50078.35,0.0,US30,OV2|47a620|H1|B,
2026-05-14 20:52:50,186744648,2026-05-14T20:52:50+00:00,1778791970149,2026-05-14T20:52:50+00:00,1778791970149,1970-01-01T00:00:00+00:00,1,0,1,4,0,186741604,0,4,0.12,0.0,0.72247,0.0,0.0,0.72247,0.0,AUDUSD,[sl 0.72247],
2026-05-14 20:53:04,186744752,2026-05-14T20:53:04+00:00,1778791984156,2026-05-14T20:53:04+00:00,1778791984156,1970-01-01T00:00:00+00:00,1,0,1,4,0,186744752,0,3,0.16,0.0,0.0,1.16894,1.16494,1.16794,0.0,EURUSD,OV2|06c68e|H1|S,
2026-05-14 20:54:25,186744940,2026-05-14T20:54:25+00:00,1778792065267,2026-05-14T20:54:25+00:00,1778792065267,1970-01-01T00:00:00+00:00,1,0,1,4,0,186744044,0,4,0.01,0.0,50035.65,0.0,0.0,50035.65,0.0,US30,[sl 50035.65],
2026-05-14 20:56:42,186745345,2026-05-14T20:56:42+00:00,1778792202766,2026-05-14T20:56:42+00:00,1778792202767,1970-01-01T00:00:00+00:00,0,0,1,4,0,186742115,0,3,0.01,0.0,0.0,0.0,0.0,4678.31,0.0,XAUUSD,PSA_CLOSE_AGRESS,
2026-05-14 20:56:42,186745346,2026-05-14T20:56:42+00:00,1778792202796,2026-05-14T20:56:42+00:00,1778792202796,1970-01-01T00:00:00+00:00,0,0,1,4,0,186744752,0,3,0.16,0.0,0.0,0.0,0.0,1.16785,0.0,EURUSD,PSA_CLOSE_AGRESS,
2026-05-14 21:00:21,186746056,2026-05-14T21:00:21+00:00,1778792421951,2026-05-14T21:00:21+00:00,1778792421951,1970-01-01T00:00:00+00:00,0,0,1,4,0,186738452,0,5,0.04,0.0,212.146,0.0,0.0,212.146,0.0,GBPJPY,[tp 212.146],
2026-05-14 21:16:56,186751853,2026-05-14T21:16:56+00:00,1778793416683,2026-05-14T21:16:56+00:00,1778793416683,1970-01-01T00:00:00+00:00,0,0,1,4,0,186734120,0,5,0.04,0.0,1.33959,0.0,0.0,1.33959,0.0,GBPUSD,[tp 1.33959],
2026-05-14 21:35:54,186754184,2026-05-14T21:35:54+00:00,1778794554333,2026-05-14T21:35:54+00:00,1778794554333,1970-01-01T00:00:00+00:00,0,0,1,4,0,186754184,0,3,0.02,0.0,0.0,7495.36,7519.33,7501.35,0.0,US500,OV2|eab523|H1|B,
2026-05-14 21:36:46,186754241,2026-05-14T21:36:46+00:00,1778794606239,2026-05-14T21:36:46+00:00,1778794606239,1970-01-01T00:00:00+00:00,0,0,1,4,0,186754241,0,3,0.1,0.0,0.0,102.19,104.59,102.79,0.0,UKOIL+,OV2|efd8a8|M15|B,
2026-05-14 21:38:30,186754636,2026-05-14T21:38:30+00:00,1778794710975,2026-05-14T21:38:30+00:00,1778794710975,1970-01-01T00:00:00+00:00,1,0,1,4,0,186754636,0,3,0.25,0.0,0.0,1.16848,1.16448,1.16748,0.0,EURUSD,OV2|7ca159|H1|S,
2026-05-14 21:38:45,186754673,2026-05-14T21:38:45+00:00,1778794725582,2026-05-14T21:38:45+00:00,1778794725582,1970-01-01T00:00:00+00:00,1,0,1,4,0,186754673,0,3,0.2,0.0,0.0,0.59236,0.5894,0.59162,0.0,NZDUSD,OV2|d49c61|M15|S,
2026-05-14 21:42:13,186755414,2026-05-14T21:42:13+00:00,1778794933807,2026-05-14T21:42:13+00:00,1778794933807,1970-01-01T00:00:00+00:00,0,0,1,4,0,186755414,0,3,0.2,0.0,0.0,1.3721,1.37506,1.37283,0.0,USDCAD,OV2|284756|H1|B,
2026-05-14 21:44:16,186755691,2026-05-14T21:44:16+00:00,1778795056477,2026-05-14T21:44:16+00:00,1778795056477,1970-01-01T00:00:00+00:00,0,0,1,4,0,186755691,0,3,0.1,0.0,0.0,0.11383,0.12983,0.11783,0.0,DOGUSD,OV2|18d3a9|H1|B,
2026-05-14 21:45:23,186755964,2026-05-14T21:45:23+00:00,1778795123748,2026-05-14T21:45:23+00:00,1778795123748,1970-01-01T00:00:00+00:00,0,0,1,4,0,186754673,0,4,0.2,0.0,0.59183,0.0,0.0,0.59183,0.0,NZDUSD,[sl 0.59183],
2026-05-14 21:47:04,186756599,2026-05-14T21:47:04+00:00,1778795224346,2026-05-14T21:47:04+00:00,1778795224346,1970-01-01T00:00:00+00:00,1,0,1,4,0,186754241,0,3,0.03,0.0,0.0,0.0,0.0,102.96,0.0,UKOIL+,OMEGA_PARTIAL_CL,
2026-05-14 21:47:48,186756738,2026-05-14T21:47:48+00:00,1778795268810,2026-05-14T21:47:48+00:00,1778795268810,1970-01-01T00:00:00+00:00,1,0,1,4,0,186755414,0,4,0.2,0.0,1.3725399999999999,0.0,0.0,1.3725399999999999,0.0,USDCAD,[sl 1.37254],
2026-05-14 21:49:10,186756877,2026-05-14T21:49:10+00:00,1778795350446,2026-05-14T21:49:10+00:00,1778795350446,1970-01-01T00:00:00+00:00,0,0,1,4,0,186754636,0,4,0.25,0.0,1.1677,0.0,0.0,1.1677,0.0,EURUSD,[sl 1.16770],
2026-05-14 21:51:27,186757108,2026-05-14T21:51:27+00:00,1778795487917,2026-05-14T21:51:27+00:00,1778795487917,1970-01-01T00:00:00+00:00,1,0,1,4,0,186757108,0,3,0.14,0.0,0.0,114.34,114.036,114.264,0.0,AUDJPY,OV2|3b1fcf|H1|S,
2026-05-14 21:53:48,186757286,2026-05-14T21:53:48+00:00,1778795628985,2026-05-14T21:53:48+00:00,1778795628985,1970-01-01T00:00:00+00:00,1,0,1,4,0,186755691,0,4,0.1,0.0,0.11693,0.0,0.0,0.11693,0.0,DOGUSD,[sl 0.11693],
2026-05-14 21:55:44,186757466,2026-05-14T21:55:44+00:00,1778795744601,2026-05-14T21:55:44+00:00,1778795744601,1970-01-01T00:00:00+00:00,0,0,1,4,0,186757108,0,4,0.14,0.0,114.291,0.0,0.0,114.291,0.0,AUDJPY,[sl 114.291],
2026-05-14 21:56:29,186757556,2026-05-14T21:56:29+00:00,1778795789619,2026-05-14T21:56:29+00:00,1778795789619,1970-01-01T00:00:00+00:00,1,0,1,4,0,186754241,0,4,0.07,0.0,102.79,0.0,0.0,102.79,0.0,UKOIL+,[sl 102.79],
2026-05-14 21:57:24,186757687,2026-05-14T21:57:24+00:00,1778795844981,2026-05-14T21:57:24+00:00,1778795844981,1970-01-01T00:00:00+00:00,0,0,1,4,0,186757687,0,3,0.1,0.0,0.0,0.11387,0.12987,0.11787,0.0,DOGUSD,OV2|17ec6f|H1|B,
2026-05-14 21:58:46,186757982,2026-05-14T21:58:46+00:00,1778795926625,2026-05-14T21:58:46+00:00,1778795926625,1970-01-01T00:00:00+00:00,0,0,1,4,0,186757982,0,3,0.1,0.0,0.0,102.27,104.67,102.87,0.0,UKOIL+,OV2|ab893c|M15|B,
2026-05-14 22:01:34,186758604,2026-05-14T22:01:34+00:00,1778796094012,2026-05-14T22:01:34+00:00,1778796094012,1970-01-01T00:00:00+00:00,1,0,1,4,0,186754184,0,3,0.01,0.0,0.0,0.0,0.0,7507.95,0.0,US500,OMEGA_PARTIAL_CL,
2026-05-14 22:04:50,186759092,2026-05-14T22:04:50+00:00,1778796290504,2026-05-14T22:04:50+00:00,1778796290504,1970-01-01T00:00:00+00:00,1,0,1,4,0,186759092,0,3,0.14,0.0,0.0,114.347,114.043,114.271,0.0,AUDJPY,OV2|5592b4|H1|S,
2026-05-14 22:06:15,186759290,2026-05-14T22:06:15+00:00,1778796375941,2026-05-14T22:06:15+00:00,1778796375941,1970-01-01T00:00:00+00:00,0,0,1,4,0,186759290,0,3,0.2,0.0,0.0,1.37185,1.37481,1.37259,0.0,USDCAD,OV2|a3d3cb|H1|B,
2026-05-14 22:06:36,186759334,2026-05-14T22:06:36+00:00,1778796396085,2026-05-14T22:06:36+00:00,1778796396085,1970-01-01T00:00:00+00:00,1,0,1,4,0,186759334,0,3,0.05,0.0,0.0,4670.02,4660.02,4667.5,0.0,XAUUSD,OV2|2fbc2d|H1|S,
2026-05-14 22:10:18,186759826,2026-05-14T22:10:18+00:00,1778796618341,2026-05-14T22:10:18+00:00,1778796618341,1970-01-01T00:00:00+00:00,0,0,1,4,0,186759092,0,4,0.14,0.0,114.298,0.0,0.0,114.298,0.0,AUDJPY,[sl 114.298],
2026-05-14 22:11:54,186759933,2026-05-14T22:11:54+00:00,1778796714873,2026-05-14T22:11:54+00:00,1778796714873,1970-01-01T00:00:00+00:00,0,0,1,4,0,186759933,0,3,0.1,0.0,0.0,96.85,99.25,97.45,0.0,USOIL+,OV2|9161e0|M15|B,
2026-05-14 22:13:00,186760017,2026-05-14T22:13:00+00:00,1778796780869,2026-05-14T22:13:00+00:00,1778796780869,1970-01-01T00:00:00+00:00,1,0,1,4,0,186757687,0,4,0.1,0.0,0.11714,0.0,0.0,0.11714,0.0,DOGUSD,[sl 0.11714],
2026-05-14 22:13:48,186760093,2026-05-14T22:13:48+00:00,1778796828378,2026-05-14T22:13:48+00:00,1778796828378,1970-01-01T00:00:00+00:00,0,0,1,4,0,186760093,0,3,0.1,0.0,0.0,102.44,104.84,103.04,0.0,UKOIL+,OV2|ae8008|M15|B,
2026-05-14 22:15:35,186760293,2026-05-14T22:15:35+00:00,1778796935240,2026-05-14T22:15:35+00:00,1778796935240,1970-01-01T00:00:00+00:00,1,0,1,4,0,186757982,0,3,0.03,0.0,0.0,0.0,0.0,103.0,0.0,UKOIL+,OMEGA_PARTIAL_CL,
2026-05-14 22:19:47,186760854,2026-05-14T22:19:47+00:00,1778797187941,2026-05-14T22:19:47+00:00,1778797187941,1970-01-01T00:00:00+00:00,0,0,1,4,0,186760854,0,3,0.1,0.0,0.0,96.96,99.36,97.56,0.0,USOIL+,OV2|bd4633|M15|B,
2026-05-14 22:19:54,186760859,2026-05-14T22:19:54+00:00,1778797194137,2026-05-14T22:19:54+00:00,1778797194137,1970-01-01T00:00:00+00:00,0,0,1,4,0,186760859,0,3,0.2,0.0,0.0,1.37195,1.37483,1.37267,0.0,USDCAD,OV2|c1a7ad|H1|B,
2026-05-14 22:22:54,186761220,2026-05-14T22:22:54+00:00,1778797374837,2026-05-14T22:22:54+00:00,1778797374837,1970-01-01T00:00:00+00:00,1,0,1,4,0,186760854,0,4,0.1,0.0,97.42,0.0,0.0,97.42,0.0,USOIL+,[sl 97.42],
2026-05-14 22:23:23,186761277,2026-05-14T22:23:23+00:00,1778797403435,2026-05-14T22:23:23+00:00,1778797403435,1970-01-01T00:00:00+00:00,1,0,1,4,0,186760093,0,4,0.1,0.0,102.91,0.0,0.0,102.91,0.0,UKOIL+,[sl 102.91],
2026-05-14 22:28:51,186761847,2026-05-14T22:28:51+00:00,1778797731872,2026-05-14T22:28:51+00:00,1778797731872,1970-01-01T00:00:00+00:00,1,0,1,4,0,186761847,0,3,0.22,0.0,0.0,212.27,211.926,212.184,0.0,GBPJPY,OV2|7d4792|H4|S,
2026-05-14 22:30:16,186762924,2026-05-14T22:30:16+00:00,1778797816259,2026-05-14T22:30:16+00:00,1778797816259,1970-01-01T00:00:00+00:00,1,0,1,4,0,186754184,0,4,0.01,0.0,7501.35,0.0,0.0,7501.35,0.0,US500,[sl 7501.35],
2026-05-14 22:31:57,186763305,2026-05-14T22:31:57+00:00,1778797917934,2026-05-14T22:31:57+00:00,1778797917934,1970-01-01T00:00:00+00:00,0,0,1,4,0,186763305,0,3,0.03,0.0,0.0,7501.74,7520.97,7506.55,0.0,US500,OV2|1d6ae4|H1|B,
2026-05-14 22:32:50,186763631,2026-05-14T22:32:50+00:00,1778797970202,2026-05-14T22:32:50+00:00,1778797970202,1970-01-01T00:00:00+00:00,0,0,1,4,0,186763631,0,3,0.25,0.0,0.0,158.229,158.509,158.299,0.0,USDJPY,OV2|61541e|H1|B,
2026-05-14 22:35:56,186764137,2026-05-14T22:35:56+00:00,1778798156497,2026-05-14T22:35:56+00:00,1778798156497,1970-01-01T00:00:00+00:00,0,0,1,4,0,186759334,0,3,0.01,0.0,0.0,0.0,0.0,4663.72,0.0,XAUUSD,OMEGA_PARTIAL_CL,
2026-05-14 22:35:56,186764138,2026-05-14T22:35:56+00:00,1778798156634,2026-05-14T22:35:56+00:00,1778798156634,1970-01-01T00:00:00+00:00,1,0,1,4,0,186759933,0,3,0.03,0.0,0.0,0.0,0.0,97.62,0.0,USOIL+,OMEGA_PARTIAL_CL,
2026-05-14 22:36:19,186764180,2026-05-14T22:36:19+00:00,1778798179483,2026-05-14T22:36:19+00:00,1778798179483,1970-01-01T00:00:00+00:00,1,0,1,4,0,186760859,0,4,0.2,0.0,1.37246,0.0,0.0,1.37246,0.0,USDCAD,[sl 1.37246],
2026-05-14 22:38:47,186764676,2026-05-14T22:38:47+00:00,1778798327569,2026-05-14T22:38:47+00:00,1778798327574,1970-01-01T00:00:00+00:00,0,0,1,4,0,186759334,0,5,0.04,0.0,4660.02,0.0,0.0,4660.02,0.0,XAUUSD,[tp 4660.02],
2026-05-14 22:39:01,186765024,2026-05-14T22:39:01+00:00,1778798341965,2026-05-14T22:39:01+00:00,1778798341965,1970-01-01T00:00:00+00:00,1,0,1,4,0,186765024,0,3,0.19,0.0,0.0,114.377,114.065,114.299,0.0,AUDJPY,OV2|7ffd7e|H1|S,
2026-05-14 22:39:41,186765174,2026-05-14T22:39:41+00:00,1778798381955,2026-05-14T22:39:41+00:00,1778798381955,1970-01-01T00:00:00+00:00,0,0,1,4,0,186765174,0,3,0.1,0.0,0.0,97.09,99.49,97.69,0.0,USOIL+,OV2|27b626|H1|B,
2026-05-14 22:40:35,186765363,2026-05-14T22:40:35+00:00,1778798435355,2026-05-14T22:40:35+00:00,1778798435355,1970-01-01T00:00:00+00:00,1,0,1,4,0,186708877,0,5,0.15,0.0,158.312,0.0,0.0,158.312,0.0,USDJPY,[tp 158.312],
2026-05-14 22:41:23,186765743,2026-05-14T22:41:23+00:00,1778798483117,2026-05-14T22:41:23+00:00,1778798483117,1970-01-01T00:00:00+00:00,0,0,1,4,0,186765743,0,3,0.25,0.0,0.0,158.274,158.562,158.346,0.0,USDJPY,OV2|0c18af|H1|B,
2026-05-14 22:41:40,186766233,2026-05-14T22:41:40+00:00,1778798500520,2026-05-14T22:41:40+00:00,1778798500520,1970-01-01T00:00:00+00:00,1,0,1,4,0,186766233,0,3,0.25,0.0,0.0,212.199,211.855,212.113,0.0,GBPJPY,OV2|9e8144|H4|S,
2026-05-14 22:42:45,186766512,2026-05-14T22:42:45+00:00,1778798565985,2026-05-14T22:42:45+00:00,1778798565985,1970-01-01T00:00:00+00:00,0,0,1,4,0,186761847,0,3,0.06,0.0,0.0,0.0,0.0,212.143,0.0,GBPJPY,OMEGA_PARTIAL_CL,
2026-05-14 22:44:31,186767010,2026-05-14T22:44:31+00:00,1778798671569,2026-05-14T22:44:31+00:00,1778798671569,1970-01-01T00:00:00+00:00,0,0,1,4,0,186767010,0,3,0.03,0.0,0.0,7501.46,7521.02,7506.35,0.0,US500,OV2|1b05cc|H1|B,
2026-05-14 22:46:30,186767553,2026-05-14T22:46:30+00:00,1778798790504,2026-05-14T22:46:30+00:00,1778798790504,1970-01-01T00:00:00+00:00,0,0,1,4,0,186766233,0,4,0.25,0.0,212.173,0.0,0.0,212.173,0.0,GBPJPY,[sl 212.173],
2026-05-14 22:46:57,186767629,2026-05-14T22:46:57+00:00,1778798817719,2026-05-14T22:46:57+00:00,1778798817719,1970-01-01T00:00:00+00:00,1,0,1,4,0,186767629,0,3,0.19,0.0,0.0,114.381,114.045,114.297,0.0,AUDJPY,OV2|464074|H1|S,
2026-05-14 22:47:13,186767685,2026-05-14T22:47:13+00:00,1778798833642,2026-05-14T22:47:13+00:00,1778798833642,1970-01-01T00:00:00+00:00,0,0,1,4,0,186761847,0,4,0.16,0.0,212.184,0.0,0.0,212.184,0.0,GBPJPY,[sl 212.184],
2026-05-14 22:47:34,186767839,2026-05-14T22:47:34+00:00,1778798854970,2026-05-14T22:47:34+00:00,1778798854970,1970-01-01T00:00:00+00:00,0,0,1,4,0,186767839,0,3,0.02,0.0,0.0,50052.85,50136.96,50073.85,0.0,US30,OV2|29cef4|H1|B,
2026-05-14 22:48:24,186768090,2026-05-14T22:48:24+00:00,1778798904164,2026-05-14T22:48:24+00:00,1778798904164,1970-01-01T00:00:00+00:00,1,0,1,4,0,186768090,0,3,0.05,0.0,0.0,4656.65,4645.54,4653.88,0.0,XAUUSD,OV2|98ecb2|H1|S,
2026-05-14 22:48:58,186768309,2026-05-14T22:48:58+00:00,1778798938762,2026-05-14T22:48:58+00:00,1778798938763,1970-01-01T00:00:00+00:00,0,0,1,4,0,186768090,0,4,0.05,0.0,4656.65,0.0,0.0,4656.65,0.0,XAUUSD,[sl 4656.65],
2026-05-14 22:49:23,186768435,2026-05-14T22:49:23+00:00,1778798963691,2026-05-14T22:49:23+00:00,1778798963691,1970-01-01T00:00:00+00:00,1,0,1,4,0,186763631,0,3,0.06,0.0,0.0,0.0,0.0,158.341,0.0,USDJPY,OMEGA_PARTIAL_CL,
2026-05-14 22:50:01,186768535,2026-05-14T22:50:01+00:00,1778799001598,2026-05-14T22:50:01+00:00,1778799001598,1970-01-01T00:00:00+00:00,1,0,1,4,0,186763305,0,4,0.03,0.0,7501.89,0.0,0.0,7501.89,0.0,US500,[sl 7501.89],
2026-05-14 22:50:01,186768536,2026-05-14T22:50:01+00:00,1778799001598,2026-05-14T22:50:01+00:00,1778799001598,1970-01-01T00:00:00+00:00,1,0,1,4,0,186767010,0,4,0.03,0.0,7501.83,0.0,0.0,7501.83,0.0,US500,[sl 7501.83],
2026-05-14 22:50:06,186768547,2026-05-14T22:50:06+00:00,1778799006277,2026-05-14T22:50:06+00:00,1778799006277,1970-01-01T00:00:00+00:00,1,0,1,4,0,186759290,0,4,0.2,0.0,1.37264,0.0,0.0,1.37264,0.0,USDCAD,[sl 1.37264],
2026-05-14 22:50:44,186768601,2026-05-14T22:50:44+00:00,1778799044836,2026-05-14T22:50:44+00:00,1778799044836,1970-01-01T00:00:00+00:00,1,0,1,4,0,186767839,0,4,0.02,0.0,50043.8,0.0,0.0,50043.8,0.0,US30,[sl 50043.80],
2026-05-14 22:55:29,186769546,2026-05-14T22:55:29+00:00,1778799329953,2026-05-14T22:55:29+00:00,1778799329953,1970-01-01T00:00:00+00:00,0,0,1,4,0,186767629,0,4,0.19,0.0,114.333,0.0,0.0,114.333,0.0,AUDJPY,[sl 114.333],
2026-05-14 22:55:35,186769562,2026-05-14T22:55:35+00:00,1778799335016,2026-05-14T22:55:35+00:00,1778799335016,1970-01-01T00:00:00+00:00,0,0,1,4,0,186765024,0,4,0.19,0.0,114.335,0.0,0.0,114.335,0.0,AUDJPY,[sl 114.335],
2026-05-14 22:58:56,186770346,2026-05-14T22:58:56+00:00,1778799536970,2026-05-14T22:58:56+00:00,1778799536970,1970-01-01T00:00:00+00:00,1,0,1,4,0,186770346,0,3,0.25,0.0,0.0,212.281,211.937,212.195,0.0,GBPJPY,OV2|7242cd|H4|S,
2026-05-14 22:59:11,186770386,2026-05-14T22:59:11+00:00,1778799551501,2026-05-14T22:59:11+00:00,1778799551501,1970-01-01T00:00:00+00:00,0,0,1,4,0,186770386,0,3,0.21,0.0,0.0,115.334,115.678,115.42,0.0,CADJPY,OV2|0a1f0e|H1|B,
2026-05-14 22:59:34,186770412,2026-05-14T22:59:34+00:00,1778799574733,2026-05-14T22:59:34+00:00,1778799574733,1970-01-01T00:00:00+00:00,0,0,1,4,0,186770412,0,3,0.1,0.0,0.0,102.81,105.21,103.41,0.0,UKOIL+,OV2|aeb6e3|M15|B,
2026-05-14 23:03:07,186771373,2026-05-14T23:03:07+00:00,1778799787666,2026-05-14T23:03:07+00:00,1778799787667,1970-01-01T00:00:00+00:00,1,0,1,4,0,186765174,0,3,0.03,0.0,0.0,0.0,0.0,97.84,0.0,USOIL+,OMEGA_PARTIAL_CL,
2026-05-14 23:03:07,186771374,2026-05-14T23:03:07+00:00,1778799787753,2026-05-14T23:03:07+00:00,1778799787753,1970-01-01T00:00:00+00:00,1,0,1,4,0,186770386,0,3,0.21,0.0,0.0,0.0,0.0,115.387,0.0,CADJPY,OMEGA_PARTIAL_CL,
2026-05-14 23:05:15,186772524,2026-05-14T23:05:15+00:00,1778799915614,2026-05-14T23:05:15+00:00,1778799915614,1970-01-01T00:00:00+00:00,1,0,1,4,0,186770412,0,4,0.1,0.0,103.35,0.0,0.0,103.35,0.0,UKOIL+,[sl 103.35],
2026-05-14 23:05:39,186772607,2026-05-14T23:05:39+00:00,1778799939097,2026-05-14T23:05:39+00:00,1778799939098,1970-01-01T00:00:00+00:00,0,0,1,4,0,186772607,0,3,0.25,0.0,0.0,115.328,115.648,115.408,0.0,CADJPY,OV2|54bdd4|H1|B,
2026-05-14 23:13:14,186773600,2026-05-14T23:13:14+00:00,1778800394152,2026-05-14T23:13:14+00:00,1778800394152,1970-01-01T00:00:00+00:00,1,0,1,4,0,186773600,0,3,0.25,0.0,0.0,212.253,211.909,212.167,0.0,GBPJPY,OV2|62e30e|H4|S,
2026-05-14 23:16:43,186774067,2026-05-14T23:16:43+00:00,1778800603011,2026-05-14T23:16:43+00:00,1778800603011,1970-01-01T00:00:00+00:00,1,0,1,4,0,186774067,0,3,0.05,0.0,0.0,4652.21,4638.07,4648.85,0.0,XAUUSD,OV2|6f15e0|H1|S,
2026-05-14 23:17:14,186774168,2026-05-14T23:17:14+00:00,1778800634900,2026-05-14T23:17:14+00:00,1778800634900,1970-01-01T00:00:00+00:00,1,0,1,4,0,186765743,0,3,0.06,0.0,0.0,0.0,0.0,158.381,0.0,USDJPY,OMEGA_PARTIAL_CL,
2026-05-14 23:22:32,186774503,2026-05-14T23:22:32+00:00,1778800952953,2026-05-14T23:22:32+00:00,1778800952953,1970-01-01T00:00:00+00:00,1,0,1,4,0,186774503,0,3,0.05,0.0,0.0,4651.56,4639.18,4648.47,0.0,XAUUSD,OV2|54b7cc|H4|S,
2026-05-14 23:26:25,186775078,2026-05-14T23:26:25+00:00,1778801185939,2026-05-14T23:26:25+00:00,1778801185939,1970-01-01T00:00:00+00:00,0,0,1,4,0,186773600,0,4,0.25,0.0,212.215,0.0,0.0,212.215,0.0,GBPJPY,[sl 212.215],
2026-05-14 23:26:31,186775082,2026-05-14T23:26:31+00:00,1778801191129,2026-05-14T23:26:31+00:00,1778801191130,1970-01-01T00:00:00+00:00,0,0,1,4,0,186770346,0,4,0.25,0.0,212.229,0.0,0.0,212.229,0.0,GBPJPY,[sl 212.229],
2026-05-14 23:30:45,186775445,2026-05-14T23:30:45+00:00,1778801445942,2026-05-14T23:30:45+00:00,1778801445942,1970-01-01T00:00:00+00:00,1,0,1,4,0,186772607,0,3,0.06,0.0,0.0,0.0,0.0,115.432,0.0,CADJPY,OMEGA_PARTIAL_CL,
2026-05-14 23:31:41,186775510,2026-05-14T23:31:41+00:00,1778801501186,2026-05-14T23:31:41+00:00,1778801501186,1970-01-01T00:00:00+00:00,0,0,1,4,0,186775510,0,3,0.2,0.0,0.0,114.279,114.599,114.359,0.0,AUDJPY,OV2|996bf0|M15|B,
2026-05-14 23:32:01,186775521,2026-05-14T23:32:01+00:00,1778801521268,2026-05-14T23:32:01+00:00,1778801521269,1970-01-01T00:00:00+00:00,0,0,1,4,0,186775521,0,3,0.2,0.0,0.0,114.273,114.593,114.353,0.0,AUDJPY,OV2|787746|M15|B,
2026-05-14 23:33:05,186775609,2026-05-14T23:33:05+00:00,1778801585994,2026-05-14T23:33:05+00:00,1778801585994,1970-01-01T00:00:00+00:00,0,0,1,4,0,186775609,0,3,0.16,0.0,0.0,1.37158,1.37446,1.3723,0.0,USDCAD,OV2|aa607c|H4|B,
2026-05-14 23:33:16,186775622,2026-05-14T23:33:16+00:00,1778801596074,2026-05-14T23:33:16+00:00,1778801596074,1970-01-01T00:00:00+00:00,0,0,1,4,0,186775622,0,3,0.1,0.0,0.0,0.1116,0.1294,0.1156,0.0,DOGUSD,OV2|7de30c|H1|B,
2026-05-14 23:36:08,186775865,2026-05-14T23:36:08+00:00,1778801768363,2026-05-14T23:36:08+00:00,1778801768364,1970-01-01T00:00:00+00:00,1,0,1,4,0,186775609,0,3,0.16,0.0,0.0,0.0,0.0,1.3719700000000001,0.0,USDCAD,OMEGA_PARTIAL_CL,
2026-05-14 23:37:01,186775924,2026-05-14T23:37:01+00:00,1778801821505,2026-05-14T23:37:01+00:00,1778801821505,1970-01-01T00:00:00+00:00,1,0,1,4,0,186775622,0,4,0.1,0.0,0.11507,0.0,0.0,0.11507,0.0,DOGUSD,[sl 0.11507],
2026-05-14 23:39:09,186776540,2026-05-14T23:39:09+00:00,1778801949470,2026-05-14T23:39:09+00:00,1778801949470,1970-01-01T00:00:00+00:00,0,0,1,4,0,186776540,0,3,0.03,0.0,0.0,50034.37,50112.1,50053.8,0.0,US30,OV2|5783c3|H1|B,
2026-05-14 23:39:24,186776575,2026-05-14T23:39:24+00:00,1778801964621,2026-05-14T23:39:24+00:00,1778801964621,1970-01-01T00:00:00+00:00,1,0,1,4,0,186776575,0,3,0.18,0.0,0.0,212.297,211.953,212.211,0.0,GBPJPY,OV2|dd5adf|H4|S,
2026-05-14 23:39:29,186776588,2026-05-14T23:39:29+00:00,1778801969332,2026-05-14T23:39:29+00:00,1778801969332,1970-01-01T00:00:00+00:00,0,0,1,4,0,186776588,0,3,0.03,0.0,0.0,50035.73,50114.03,50055.3,0.0,US30,OV2|4228ec|H1|B,
2026-05-14 23:39:45,186776622,2026-05-14T23:39:45+00:00,1778801985435,2026-05-14T23:39:45+00:00,1778801985435,1970-01-01T00:00:00+00:00,1,0,1,4,0,186776622,0,3,0.22,0.0,0.0,212.3,211.956,212.214,0.0,GBPJPY,OV2|2f2c32|H4|S,
2026-05-14 23:42:01,186777379,2026-05-14T23:42:01+00:00,1778802121159,2026-05-14T23:42:01+00:00,1778802121159,1970-01-01T00:00:00+00:00,0,0,1,4,0,186774067,0,4,0.05,0.0,4651.5,0.0,0.0,4651.5,0.0,XAUUSD,[sl 4651.50],
2026-05-14 23:42:01,186777380,2026-05-14T23:42:01+00:00,1778802121159,2026-05-14T23:42:01+00:00,1778802121160,1970-01-01T00:00:00+00:00,0,0,1,4,0,186774503,0,4,0.05,0.0,4651.5,0.0,0.0,4651.5,0.0,XAUUSD,[sl 4651.50],
2026-05-14 23:44:48,186778158,2026-05-14T23:44:48+00:00,1778802288742,2026-05-14T23:44:48+00:00,1778802288742,1970-01-01T00:00:00+00:00,0,0,1,4,0,186776575,0,4,0.18,0.0,212.254,0.0,0.0,212.254,0.0,GBPJPY,[sl 212.254],
2026-05-14 23:44:48,186778159,2026-05-14T23:44:48+00:00,1778802288742,2026-05-14T23:44:48+00:00,1778802288743,1970-01-01T00:00:00+00:00,0,0,1,4,0,186776622,0,4,0.22,0.0,212.257,0.0,0.0,212.257,0.0,GBPJPY,[sl 212.257],
2026-05-14 23:45:34,186778243,2026-05-14T23:45:34+00:00,1778802334627,2026-05-14T23:45:34+00:00,1778802334627,1970-01-01T00:00:00+00:00,1,0,1,4,0,186778243,0,3,0.04,0.0,0.0,4653.23,4643.23,4650.73,0.0,XAUUSD,OV2|540100|H1|S,
2026-05-14 23:45:34,186778244,2026-05-14T23:45:34+00:00,1778802334697,2026-05-14T23:45:34+00:00,1778802334697,1970-01-01T00:00:00+00:00,1,0,1,4,0,186778244,0,3,0.04,0.0,0.0,4653.23,4643.23,4650.71,0.0,XAUUSD,OV2|234adb|H1|S,
2026-05-14 23:45:45,186778256,2026-05-14T23:45:45+00:00,1778802345769,2026-05-14T23:45:45+00:00,1778802345770,1970-01-01T00:00:00+00:00,0,0,1,4,0,186778256,0,3,0.25,0.0,0.0,202.004,202.372,202.096,0.0,CHFJPY,OV2|559804|H1|B,
2026-05-14 23:45:45,186778257,2026-05-14T23:45:45+00:00,1778802345919,2026-05-14T23:45:45+00:00,1778802345919,1970-01-01T00:00:00+00:00,0,0,1,4,0,186778257,0,3,0.25,0.0,0.0,202.004,202.372,202.096,0.0,CHFJPY,OV2|d84c49|H1|B,
2026-05-14 23:49:39,186778608,2026-05-14T23:49:39+00:00,1778802579937,2026-05-14T23:49:39+00:00,1778802579937,1970-01-01T00:00:00+00:00,0,0,1,4,0,186778608,0,3,0.1,0.0,0.0,81268.47,81637.36,81351.37,0.0,BTCUSD,OV2|76be43|H1|B,
2026-05-14 23:49:39,186778611,2026-05-14T23:49:39+00:00,1778802579985,2026-05-14T23:49:39+00:00,1778802579985,1970-01-01T00:00:00+00:00,0,0,1,4,0,186778611,0,3,0.1,0.0,0.0,81268.47,81637.36,81351.37,0.0,BTCUSD,OV2|661327|H1|B,
2026-05-14 23:53:21,186779071,2026-05-14T23:53:21+00:00,1778802801031,2026-05-14T23:53:21+00:00,1778802801031,1970-01-01T00:00:00+00:00,0,0,1,4,0,186779071,0,3,0.18,0.0,0.0,1.3713,1.37426,1.37204,0.0,USDCAD,OV2|1cb2df|H4|B,
2026-05-14 23:53:21,186779072,2026-05-14T23:53:21+00:00,1778802801236,2026-05-14T23:53:21+00:00,1778802801236,1970-01-01T00:00:00+00:00,0,0,1,4,0,186779072,0,3,0.18,0.0,0.0,1.3713,1.37426,1.37204,0.0,USDCAD,OV2|252829|H4|B,
2026-05-14 23:54:06,186779145,2026-05-14T23:54:06+00:00,1778802846995,2026-05-14T23:54:06+00:00,1778802846995,1970-01-01T00:00:00+00:00,1,0,1,4,0,186778608,0,3,0.03,0.0,0.0,0.0,0.0,81442.4,0.0,BTCUSD,OMEGA_PARTIAL_CL,
2026-05-14 23:54:07,186779146,2026-05-14T23:54:07+00:00,1778802847243,2026-05-14T23:54:07+00:00,1778802847243,1970-01-01T00:00:00+00:00,1,0,1,4,0,186778608,0,3,0.03,0.0,0.0,0.0,0.0,81442.4,0.0,BTCUSD,OMEGA_PARTIAL_CL,
2026-05-14 23:57:12,186779527,2026-05-14T23:57:12+00:00,1778803032557,2026-05-14T23:57:12+00:00,1778803032557,1970-01-01T00:00:00+00:00,1,0,1,4,0,186778256,0,4,0.25,0.0,202.061,0.0,0.0,202.061,0.0,CHFJPY,[sl 202.061],
2026-05-14 23:57:12,186779528,2026-05-14T23:57:12+00:00,1778803032557,2026-05-14T23:57:12+00:00,1778803032557,1970-01-01T00:00:00+00:00,1,0,1,4,0,186778257,0,4,0.25,0.0,202.061,0.0,0.0,202.061,0.0,CHFJPY,[sl 202.061],
2026-05-15 00:03:29,186779859,2026-05-15T00:03:29+00:00,1778803409989,2026-05-15T00:03:29+00:00,1778803409989,1970-01-01T00:00:00+00:00,1,0,1,4,0,186765743,0,4,0.19,0.0,158.346,0.0,0.0,158.346,0.0,USDJPY,[sl 158.346],
2026-05-15 00:03:30,186779865,2026-05-15T00:03:30+00:00,1778803410023,2026-05-15T00:03:30+00:00,1778803410023,1970-01-01T00:00:00+00:00,1,0,1,4,0,186775510,0,4,0.2,0.0,114.34,0.0,0.0,114.34,0.0,AUDJPY,[sl 114.340],
2026-05-15 00:03:30,186779866,2026-05-15T00:03:30+00:00,1778803410023,2026-05-15T00:03:30+00:00,1778803410024,1970-01-01T00:00:00+00:00,1,0,1,4,0,186775521,0,4,0.2,0.0,114.342,0.0,0.0,114.342,0.0,AUDJPY,[sl 114.342],
2026-05-15 00:03:30,186779868,2026-05-15T00:03:30+00:00,1778803410186,2026-05-15T00:03:30+00:00,1778803410186,1970-01-01T00:00:00+00:00,1,0,1,4,0,186772607,0,4,0.19,0.0,115.408,0.0,0.0,115.408,0.0,CADJPY,[sl 115.408],
2026-05-15 00:07:31,186780055,2026-05-15T00:07:31+00:00,1778803651626,2026-05-15T00:07:31+00:00,1778803651626,1970-01-01T00:00:00+00:00,0,0,1,4,0,186780055,0,3,0.1,0.0,0.0,1.49608,1.53601,1.50505,0.0,XRPUSD,OV2|7e72bb|H4|B,
2026-05-15 00:07:31,186780056,2026-05-15T00:07:31+00:00,1778803651703,2026-05-15T00:07:31+00:00,1778803651703,1970-01-01T00:00:00+00:00,0,0,1,4,0,186780056,0,3,0.1,0.0,0.0,1.49608,1.53601,1.50505,0.0,XRPUSD,OV2|0f8432|H4|B,
2026-05-15 00:11:58,186780256,2026-05-15T00:11:58+00:00,1778803918896,2026-05-15T00:11:58+00:00,1778803918896,1970-01-01T00:00:00+00:00,1,0,1,4,0,186780055,0,3,0.1,0.0,0.0,0.0,0.0,1.4978500000000001,0.0,XRPUSD,OMEGA_PARTIAL_CL,
2026-05-15 00:12:32,186780300,2026-05-15T00:12:32+00:00,1778803952519,2026-05-15T00:12:32+00:00,1778803952520,1970-01-01T00:00:00+00:00,1,0,1,4,0,186778611,0,4,0.1,0.0,81371.55,0.0,0.0,81371.55,0.0,BTCUSD,[sl 81371.55],
2026-05-15 00:12:39,186780302,2026-05-15T00:12:39+00:00,1778803959678,2026-05-15T00:12:39+00:00,1778803959678,1970-01-01T00:00:00+00:00,1,0,1,4,0,186780056,0,4,0.1,0.0,1.49608,0.0,0.0,1.49608,0.0,XRPUSD,[sl 1.49608],
2026-05-15 00:14:03,186780327,2026-05-15T00:14:03+00:00,1778804043814,2026-05-15T00:14:03+00:00,1778804043814,1970-01-01T00:00:00+00:00,1,0,1,4,0,186778608,0,4,0.04,0.0,81351.37,0.0,0.0,81351.37,0.0,BTCUSD,[sl 81351.37],
2026-05-15 00:22:23,186780704,2026-05-15T00:22:23+00:00,1778804543062,2026-05-15T00:22:23+00:00,1778804543063,1970-01-01T00:00:00+00:00,0,0,1,4,0,186780704,0,3,0.1,0.0,0.0,81289.84,81595.75,81358.58,0.0,BTCUSD,OV2|dac029|H1|B,
2026-05-15 00:22:23,186780706,2026-05-15T00:22:23+00:00,1778804543815,2026-05-15T00:22:23+00:00,1778804543815,1970-01-01T00:00:00+00:00,0,0,1,4,0,186780706,0,3,0.1,0.0,0.0,81288.25,81594.16,81356.99,0.0,BTCUSD,OV2|1e9f55|H1|B,
2026-05-15 00:26:40,186780830,2026-05-15T00:26:40+00:00,1778804800600,2026-05-15T00:26:40+00:00,1778804800601,1970-01-01T00:00:00+00:00,0,0,1,4,0,186780830,0,3,0.1,0.0,0.0,1.4924,1.52843,1.5005,0.0,XRPUSD,OV2|81067a|H4|B,
2026-05-15 00:28:35,186780943,2026-05-15T00:28:35+00:00,1778804915235,2026-05-15T00:28:35+00:00,1778804915235,1970-01-01T00:00:00+00:00,0,0,1,4,0,186780943,0,3,0.1,0.0,0.0,1.4949,1.53004,1.5028000000000001,0.0,XRPUSD,OV2|70ac97|H4|B,
2026-05-15 00:28:35,186780944,2026-05-15T00:28:35+00:00,1778804915410,2026-05-15T00:28:35+00:00,1778804915410,1970-01-01T00:00:00+00:00,0,0,1,4,0,186780944,0,3,0.1,0.0,0.0,1.4949,1.53004,1.5028000000000001,0.0,XRPUSD,OV2|dbdf8c|H4|B,
2026-05-15 00:30:03,186781068,2026-05-15T00:30:03+00:00,1778805003088,2026-05-15T00:30:03+00:00,1778805003088,1970-01-01T00:00:00+00:00,1,0,1,4,0,186780704,0,3,0.03,0.0,0.0,0.0,0.0,81424.44,0.0,BTCUSD,OMEGA_PARTIAL_CL,
2026-05-15 00:30:03,186781069,2026-05-15T00:30:03+00:00,1778805003227,2026-05-15T00:30:03+00:00,1778805003227,1970-01-01T00:00:00+00:00,1,0,1,4,0,186780706,0,3,0.03,0.0,0.0,0.0,0.0,81424.48,0.0,BTCUSD,OMEGA_PARTIAL_CL,
2026-05-15 00:30:03,186781070,2026-05-15T00:30:03+00:00,1778805003266,2026-05-15T00:30:03+00:00,1778805003266,1970-01-01T00:00:00+00:00,1,0,1,4,0,186780704,0,3,0.03,0.0,0.0,0.0,0.0,81424.48,0.0,BTCUSD,OMEGA_PARTIAL_CL,
2026-05-15 00:30:03,186781071,2026-05-15T00:30:03+00:00,1778805003393,2026-05-15T00:30:03+00:00,1778805003393,1970-01-01T00:00:00+00:00,1,0,1,4,0,186780706,0,3,0.03,0.0,0.0,0.0,0.0,81424.48,0.0,BTCUSD,OMEGA_PARTIAL_CL,
2026-05-15 00:31:57,186781115,2026-05-15T00:31:57+00:00,1778805117391,2026-05-15T00:31:57+00:00,1778805117391,1970-01-01T00:00:00+00:00,1,0,1,4,0,186763631,0,4,0.19,0.0,158.299,0.0,0.0,158.299,0.0,USDJPY,[sl 158.299],
2026-05-15 00:34:53,186781201,2026-05-15T00:34:53+00:00,1778805293384,2026-05-15T00:34:53+00:00,1778805293384,1970-01-01T00:00:00+00:00,1,0,1,4,0,186780830,0,4,0.1,0.0,1.5005,0.0,0.0,1.5005,0.0,XRPUSD,[sl 1.50050],
2026-05-15 00:34:53,186781202,2026-05-15T00:34:53+00:00,1778805293384,2026-05-15T00:34:53+00:00,1778805293384,1970-01-01T00:00:00+00:00,1,0,1,4,0,186780943,0,4,0.1,0.0,1.49923,0.0,0.0,1.49923,0.0,XRPUSD,[sl 1.49923],
2026-05-15 00:34:53,186781203,2026-05-15T00:34:53+00:00,1778805293384,2026-05-15T00:34:53+00:00,1778805293384,1970-01-01T00:00:00+00:00,1,0,1,4,0,186780944,0,4,0.1,0.0,1.49923,0.0,0.0,1.49923,0.0,XRPUSD,[sl 1.49923],
2026-05-15 00:44:06,186781629,2026-05-15T00:44:06+00:00,1778805846510,2026-05-15T00:44:06+00:00,1778805846511,1970-01-01T00:00:00+00:00,0,0,1,4,0,186781629,0,3,0.23,0.0,0.0,158.298,158.626,158.38,0.0,USDJPY,OV2|9043e0|H1|B,
2026-05-15 00:44:44,186781632,2026-05-15T00:44:44+00:00,1778805884657,2026-05-15T00:44:44+00:00,1778805884657,1970-01-01T00:00:00+00:00,1,0,1,4,0,186779071,0,4,0.18,0.0,1.37204,0.0,0.0,1.37204,0.0,USDCAD,[sl 1.37204],
2026-05-15 00:44:44,186781633,2026-05-15T00:44:44+00:00,1778805884657,2026-05-15T00:44:44+00:00,1778805884657,1970-01-01T00:00:00+00:00,1,0,1,4,0,186779072,0,4,0.18,0.0,1.37204,0.0,0.0,1.37204,0.0,USDCAD,[sl 1.37204],
2026-05-15 00:45:27,186781683,2026-05-15T00:45:27+00:00,1778805927207,2026-05-15T00:45:27+00:00,1778805927207,1970-01-01T00:00:00+00:00,1,0,1,4,0,186781629,0,4,0.23,0.0,158.361,0.0,0.0,158.361,0.0,USDJPY,[sl 158.361],
2026-05-15 01:00:06,186782139,2026-05-15T01:00:06+00:00,1778806806042,2026-05-15T01:00:06+00:00,1778806806042,1970-01-01T00:00:00+00:00,1,0,1,4,0,186765174,0,4,0.07,0.0,97.69,0.0,0.0,97.69,0.0,USOIL+,[sl 97.69],
2026-05-15 01:00:09,186782201,2026-05-15T01:00:09+00:00,1778806809286,2026-05-15T01:00:09+00:00,1778806809286,1970-01-01T00:00:00+00:00,0,0,1,4,0,186782201,0,3,0.25,0.0,0.0,158.292,158.564,158.36,0.0,USDJPY,OV2|c34cce|H1|B,
2026-05-15 01:00:09,186782262,2026-05-15T01:00:09+00:00,1778806809644,2026-05-15T01:00:09+00:00,1778806809645,1970-01-01T00:00:00+00:00,0,0,1,4,0,186778243,0,4,0.04,0.0,4652.97,0.0,0.0,4652.97,0.0,XAUUSD,[sl 4652.97],
2026-05-15 01:00:09,186782263,2026-05-15T01:00:09+00:00,1778806809644,2026-05-15T01:00:09+00:00,1778806809645,1970-01-01T00:00:00+00:00,0,0,1,4,0,186778244,0,4,0.04,0.0,4652.95,0.0,0.0,4652.95,0.0,XAUUSD,[sl 4652.95],
2026-05-15 01:00:15,186782959,2026-05-15T01:00:15+00:00,1778806815275,2026-05-15T01:00:15+00:00,1778806815275,1970-01-01T00:00:00+00:00,1,0,1,4,0,186776540,0,4,0.03,0.0,50048.21,0.0,0.0,50048.21,0.0,US30,[sl 50048.21],
2026-05-15 01:00:15,186782960,2026-05-15T01:00:15+00:00,1778806815275,2026-05-15T01:00:15+00:00,1778806815275,1970-01-01T00:00:00+00:00,1,0,1,4,0,186776588,0,4,0.03,0.0,50047.6,0.0,0.0,50047.6,0.0,US30,[sl 50047.60],
2026-05-15 01:01:12,186784163,2026-05-15T01:01:12+00:00,1778806872430,2026-05-15T01:01:12+00:00,1778806872430,1970-01-01T00:00:00+00:00,1,0,1,4,0,186780704,0,4,0.04,0.0,81358.58,0.0,0.0,81358.58,0.0,BTCUSD,[sl 81358.58],
2026-05-15 01:01:14,186784175,2026-05-15T01:01:14+00:00,1778806874196,2026-05-15T01:01:14+00:00,1778806874196,1970-01-01T00:00:00+00:00,1,0,1,4,0,186780706,0,4,0.04,0.0,81356.99,0.0,0.0,81356.99,0.0,BTCUSD,[sl 81356.99],
2026-05-15 01:01:28,186784257,2026-05-15T01:01:28+00:00,1778806888359,2026-05-15T01:01:28+00:00,1778806888359,1970-01-01T00:00:00+00:00,1,0,1,4,0,186784257,0,3,0.2,0.0,0.0,0.59184,0.58888,0.5911,0.0,NZDUSD,OV2|1c1d2d|H1|S,
2026-05-15 01:01:32,186784277,2026-05-15T01:01:32+00:00,1778806892995,2026-05-15T01:01:32+00:00,1778806892995,1970-01-01T00:00:00+00:00,1,0,1,4,0,186784277,0,3,0.1,0.0,0.0,0.59184,0.58888,0.5911,0.0,NZDUSD,OV2|54f4d5|M15|S,
2026-05-15 01:02:50,186784610,2026-05-15T01:02:50+00:00,1778806970856,2026-05-15T01:02:50+00:00,1778806970857,1970-01-01T00:00:00+00:00,0,0,1,4,0,186784610,0,3,0.19,0.0,0.0,0.78303,0.78623,0.78383,0.0,USDCHF,OV2|6394ec|H1|B,
2026-05-15 01:02:51,186784611,2026-05-15T01:02:51+00:00,1778806971010,2026-05-15T01:02:51+00:00,1778806971010,1970-01-01T00:00:00+00:00,0,0,1,4,0,186784611,0,3,0.19,0.0,0.0,0.78303,0.78623,0.78383,0.0,USDCHF,OV2|4027ec|H1|B,
2026-05-15 01:03:52,186784754,2026-05-15T01:03:52+00:00,1778807032939,2026-05-15T01:03:52+00:00,1778807032939,1970-01-01T00:00:00+00:00,0,0,1,4,0,186784754,0,3,0.18,0.0,0.0,201.969,202.401,202.077,0.0,CHFJPY,OV2|013a8e|H4|B,
2026-05-15 01:03:53,186784755,2026-05-15T01:03:53+00:00,1778807033146,2026-05-15T01:03:53+00:00,1778807033146,1970-01-01T00:00:00+00:00,0,0,1,4,0,186784755,0,3,0.18,0.0,0.0,201.969,202.401,202.077,0.0,CHFJPY,OV2|b6b7b1|H4|B,
2026-05-15 01:04:13,186784865,2026-05-15T01:04:13+00:00,1778807053369,2026-05-15T01:04:13+00:00,1778807053369,1970-01-01T00:00:00+00:00,0,0,1,4,0,186784257,0,4,0.2,0.0,0.59127,0.0,0.0,0.59127,0.0,NZDUSD,[sl 0.59127],
2026-05-15 01:04:13,186784866,2026-05-15T01:04:13+00:00,1778807053369,2026-05-15T01:04:13+00:00,1778807053369,1970-01-01T00:00:00+00:00,0,0,1,4,0,186784277,0,4,0.1,0.0,0.59127,0.0,0.0,0.59127,0.0,NZDUSD,[sl 0.59127],
2026-05-15 01:04:24,186784901,2026-05-15T01:04:24+00:00,1778807064918,2026-05-15T01:04:24+00:00,1778807064918,1970-01-01T00:00:00+00:00,0,0,1,4,0,186784901,0,3,0.1,0.0,0.0,81334.91,81617.67,81398.45,0.0,BTCUSD,OV2|68b81a|H1|B,
2026-05-15 01:04:36,186784962,2026-05-15T01:04:36+00:00,1778807076494,2026-05-15T01:04:36+00:00,1778807076494,1970-01-01T00:00:00+00:00,1,0,1,4,0,186782201,0,4,0.25,0.0,158.36,0.0,0.0,158.36,0.0,USDJPY,[sl 158.360],
2026-05-15 01:08:12,186787044,2026-05-15T01:08:12+00:00,1778807292537,2026-05-15T01:08:12+00:00,1778807292538,1970-01-01T00:00:00+00:00,1,0,1,4,0,186759933,0,4,0.07,0.0,97.45,0.0,0.0,97.45,0.0,USOIL+,[sl 97.45],
2026-05-15 01:08:43,186787202,2026-05-15T01:08:43+00:00,1778807323068,2026-05-15T01:08:43+00:00,1778807323068,1970-01-01T00:00:00+00:00,1,0,1,4,0,186787202,0,3,0.06,0.0,0.0,4658.62,4646.83,4655.67,0.0,XAUUSD,OV2|065769|H1|S,
2026-05-15 01:09:36,186787437,2026-05-15T01:09:36+00:00,1778807376173,2026-05-15T01:09:36+00:00,1778807376173,1970-01-01T00:00:00+00:00,0,0,1,4,0,186787437,0,3,0.1,0.0,0.0,81391.47,81669.81,81444.5,0.0,BTCUSD,OV2|54bdd9|H1|B,
2026-05-15 01:09:59,186787489,2026-05-15T01:09:59+00:00,1778807399186,2026-05-15T01:09:59+00:00,1778807399186,1970-01-01T00:00:00+00:00,1,0,1,4,0,186787489,0,3,0.06,0.0,0.0,4658.76,4646.87,4655.79,0.0,XAUUSD,OV2|8d6f4e|H1|S,
2026-05-15 01:09:59,186787490,2026-05-15T01:09:59+00:00,1778807399257,2026-05-15T01:09:59+00:00,1778807399257,1970-01-01T00:00:00+00:00,1,0,1,4,0,186787490,0,3,0.06,0.0,0.0,4658.76,4646.87,4655.79,0.0,XAUUSD,OV2|75e37f|H1|S,
2026-05-15 01:10:23,186787652,2026-05-15T01:10:23+00:00,1778807423592,2026-05-15T01:10:23+00:00,1778807423592,1970-01-01T00:00:00+00:00,0,0,1,4,0,186787202,0,4,0.06,0.0,4658.12,0.0,0.0,4658.12,0.0,XAUUSD,[sl 4658.12],
2026-05-15 01:11:54,186788107,2026-05-15T01:11:54+00:00,1778807514807,2026-05-15T01:11:54+00:00,1778807514807,1970-01-01T00:00:00+00:00,0,0,1,4,0,186788107,0,3,0.22,0.0,0.0,115.378,115.73,115.466,0.0,CADJPY,OV2|2381d3|H1|B,
2026-05-15 01:13:35,186788431,2026-05-15T01:13:35+00:00,1778807615304,2026-05-15T01:13:35+00:00,1778807615304,1970-01-01T00:00:00+00:00,0,0,1,4,0,186788431,0,3,0.25,0.0,0.0,158.326,158.598,158.394,0.0,USDJPY,OV2|29e3b8|H1|B,
2026-05-15 01:17:01,186789225,2026-05-15T01:17:01+00:00,1778807821793,2026-05-15T01:17:01+00:00,1778807821793,1970-01-01T00:00:00+00:00,1,0,1,4,0,186788431,0,4,0.25,0.0,158.368,0.0,0.0,158.368,0.0,USDJPY,[sl 158.368],
2026-05-15 01:18:57,186789548,2026-05-15T01:18:57+00:00,1778807937778,2026-05-15T01:18:57+00:00,1778807937778,1970-01-01T00:00:00+00:00,0,0,1,4,0,186787489,0,4,0.06,0.0,4659.13,0.0,0.0,4659.13,0.0,XAUUSD,[sl 4659.13],
2026-05-15 01:18:57,186789550,2026-05-15T01:18:57+00:00,1778807937778,2026-05-15T01:18:57+00:00,1778807937779,1970-01-01T00:00:00+00:00,0,0,1,4,0,186787490,0,4,0.06,0.0,4659.13,0.0,0.0,4659.13,0.0,XAUUSD,[sl 4659.13],
2026-05-15 01:18:59,186789631,2026-05-15T01:18:59+00:00,1778807939279,2026-05-15T01:18:59+00:00,1778807939279,1970-01-01T00:00:00+00:00,1,0,1,4,0,186789631,0,3,0.14,0.0,0.0,212.282,211.905,212.192,0.0,GBPJPY,OV2|e83d3a|H1|S,
2026-05-15 01:25:53,186790905,2026-05-15T01:25:53+00:00,1778808353411,2026-05-15T01:25:53+00:00,1778808353411,1970-01-01T00:00:00+00:00,1,0,1,4,0,186790905,0,3,0.01,0.0,0.0,83.77,82.905,83.554,0.0,XAGUSD,OV2|18d323|M15|S,
2026-05-15 01:25:53,186790906,2026-05-15T01:25:53+00:00,1778808353464,2026-05-15T01:25:53+00:00,1778808353464,1970-01-01T00:00:00+00:00,1,0,1,4,0,186790906,0,3,0.01,0.0,0.0,83.77,82.905,83.554,0.0,XAGUSD,OV2|038963|M15|S,
2026-05-15 01:25:59,186790912,2026-05-15T01:25:59+00:00,1778808359246,2026-05-15T01:25:59+00:00,1778808359246,1970-01-01T00:00:00+00:00,0,0,1,4,0,186790912,0,3,0.2,0.0,0.0,114.284,114.66,114.378,0.0,AUDJPY,OV2|d8725b|M15|B,
2026-05-15 01:28:06,186791060,2026-05-15T01:28:06+00:00,1778808486440,2026-05-15T01:28:06+00:00,1778808486440,1970-01-01T00:00:00+00:00,1,0,1,4,0,186790912,0,3,0.2,0.0,0.0,0.0,0.0,114.348,0.0,AUDJPY,OMEGA_PARTIAL_CL,
2026-05-15 01:29:29,186791171,2026-05-15T01:29:29+00:00,1778808569636,2026-05-15T01:29:29+00:00,1778808569636,1970-01-01T00:00:00+00:00,0,0,1,4,0,186791171,0,3,0.1,0.0,0.0,1.49799,1.52451,1.5039500000000001,0.0,XRPUSD,OV2|e98770|H4|B,
2026-05-15 01:29:51,186791189,2026-05-15T01:29:51+00:00,1778808591875,2026-05-15T01:29:51+00:00,1778808591875,1970-01-01T00:00:00+00:00,0,0,1,4,0,186791189,0,3,0.2,0.0,0.0,114.275,114.683,114.377,0.0,AUDJPY,OV2|1b4d0f|M15|B,
2026-05-15 01:31:40,186792242,2026-05-15T01:31:40+00:00,1778808700963,2026-05-15T01:31:40+00:00,1778808700963,1970-01-01T00:00:00+00:00,0,0,1,4,0,186792242,0,3,0.25,0.0,0.0,158.312,158.584,158.38,0.0,USDJPY,OV2|1f5541|H1|B,
2026-05-15 01:32:36,186792561,2026-05-15T01:32:36+00:00,1778808756727,2026-05-15T01:32:36+00:00,1778808756727,1970-01-01T00:00:00+00:00,1,0,1,4,0,186784901,0,3,0.03,0.0,0.0,0.0,0.0,81511.35,0.0,BTCUSD,OMEGA_PARTIAL_CL,
2026-05-15 01:32:36,186792562,2026-05-15T01:32:36+00:00,1778808756811,2026-05-15T01:32:36+00:00,1778808756811,1970-01-01T00:00:00+00:00,1,0,1,4,0,186787437,0,3,0.03,0.0,0.0,0.0,0.0,81513.0,0.0,BTCUSD,OMEGA_PARTIAL_CL,
2026-05-15 01:32:36,186792565,2026-05-15T01:32:36+00:00,1778808756905,2026-05-15T01:32:36+00:00,1778808756905,1970-01-01T00:00:00+00:00,0,0,1,4,0,186790905,0,3,0.01,0.0,0.0,0.0,0.0,83.747,0.0,XAGUSD,OMEGA_PARTIAL_CL,
2026-05-15 01:33:16,186792801,2026-05-15T01:33:16+00:00,1778808796952,2026-05-15T01:33:16+00:00,1778808796952,1970-01-01T00:00:00+00:00,0,0,1,4,0,186790906,0,3,0.01,0.0,0.0,0.0,0.0,83.735,0.0,XAGUSD,OMEGA_PARTIAL_CL,
2026-05-15 01:33:20,186792805,2026-05-15T01:33:20+00:00,1778808800625,2026-05-15T01:33:20+00:00,1778808800625,1970-01-01T00:00:00+00:00,1,0,1,4,0,186784610,0,4,0.19,0.0,0.78369,0.0,0.0,0.78369,0.0,USDCHF,[sl 0.78369],
2026-05-15 01:33:20,186792806,2026-05-15T01:33:20+00:00,1778808800625,2026-05-15T01:33:20+00:00,1778808800625,1970-01-01T00:00:00+00:00,1,0,1,4,0,186784611,0,4,0.19,0.0,0.78369,0.0,0.0,0.78369,0.0,USDCHF,[sl 0.78369],
2026-05-15 01:35:49,186793459,2026-05-15T01:35:49+00:00,1778808949944,2026-05-15T01:35:49+00:00,1778808949944,1970-01-01T00:00:00+00:00,0,0,1,4,0,186793459,0,3,0.25,0.0,0.0,158.316,158.588,158.384,0.0,USDJPY,OV2|ba813f|H1|B,
2026-05-15 01:36:05,186793489,2026-05-15T01:36:05+00:00,1778808965958,2026-05-15T01:36:05+00:00,1778808965958,1970-01-01T00:00:00+00:00,1,0,1,4,0,186793489,0,3,0.25,0.0,0.0,1.34131,1.33531,1.33981,0.0,GBPUSD,OV2|e224c7|M15|S,
2026-05-15 01:36:51,186793557,2026-05-15T01:36:51+00:00,1778809011683,2026-05-15T01:36:51+00:00,1778809011684,1970-01-01T00:00:00+00:00,1,0,1,4,0,186791189,0,4,0.2,0.0,114.352,0.0,0.0,114.352,0.0,AUDJPY,[sl 114.352],
2026-05-15 01:37:31,186793636,2026-05-15T01:37:31+00:00,1778809051508,2026-05-15T01:37:31+00:00,1778809051508,1970-01-01T00:00:00+00:00,1,0,1,4,0,186791171,0,4,0.1,0.0,1.50182,0.0,0.0,1.50182,0.0,XRPUSD,[sl 1.50182],
2026-05-15 01:40:26,186793896,2026-05-15T01:40:26+00:00,1778809226549,2026-05-15T01:40:26+00:00,1778809226550,1970-01-01T00:00:00+00:00,0,0,1,4,0,186793489,0,4,0.25,0.0,1.33995,0.0,0.0,1.33995,0.0,GBPUSD,[sl 1.33995],
2026-05-15 01:40:36,186793932,2026-05-15T01:40:36+00:00,1778809236987,2026-05-15T01:40:36+00:00,1778809236987,1970-01-01T00:00:00+00:00,0,0,1,4,0,186789631,0,4,0.14,0.0,212.224,0.0,0.0,212.224,0.0,GBPJPY,[sl 212.224],
2026-05-15 01:41:26,186794105,2026-05-15T01:41:26+00:00,1778809286642,2026-05-15T01:41:26+00:00,1778809286642,1970-01-01T00:00:00+00:00,1,0,1,4,0,186792242,0,4,0.25,0.0,158.372,0.0,0.0,158.372,0.0,USDJPY,[sl 158.372],
2026-05-15 01:41:26,186794107,2026-05-15T01:41:26+00:00,1778809286925,2026-05-15T01:41:26+00:00,1778809286925,1970-01-01T00:00:00+00:00,1,0,1,4,0,186793459,0,4,0.25,0.0,158.365,0.0,0.0,158.365,0.0,USDJPY,[sl 158.365],
2026-05-15 01:42:36,186794392,2026-05-15T01:42:36+00:00,1778809356248,2026-05-15T01:42:36+00:00,1778809356248,1970-01-01T00:00:00+00:00,0,0,1,4,0,186794392,0,3,0.1,0.0,0.0,0.11261,0.12861,0.11661,0.0,DOGUSD,OV2|8f80f3|H1|B,
2026-05-15 01:43:23,186794632,2026-05-15T01:43:23+00:00,1778809403273,2026-05-15T01:43:23+00:00,1778809403273,1970-01-01T00:00:00+00:00,0,0,1,4,0,186794632,0,3,0.1,0.0,0.0,1.49864,1.52162,1.5038,0.0,XRPUSD,OV2|577d66|H4|B,
2026-05-15 01:46:27,186795213,2026-05-15T01:46:27+00:00,1778809587475,2026-05-15T01:46:27+00:00,1778809587476,1970-01-01T00:00:00+00:00,1,0,1,4,0,186794392,0,3,0.1,0.0,0.0,0.0,0.0,0.11633,0.0,DOGUSD,OMEGA_PARTIAL_CL,
2026-05-15 01:48:29,186795417,2026-05-15T01:48:29+00:00,1778809709113,2026-05-15T01:48:29+00:00,1778809709113,1970-01-01T00:00:00+00:00,1,0,1,4,0,186795417,0,3,0.08,0.0,0.0,4663.27,4654.15,4660.99,0.0,XAUUSD,OV2|f75519|H1|S,
2026-05-15 01:48:59,186795449,2026-05-15T01:48:59+00:00,1778809739197,2026-05-15T01:48:59+00:00,1778809739197,1970-01-01T00:00:00+00:00,1,0,1,4,0,186784754,0,4,0.18,0.0,202.057,0.0,0.0,202.057,0.0,CHFJPY,[sl 202.057],
2026-05-15 01:48:59,186795450,2026-05-15T01:48:59+00:00,1778809739197,2026-05-15T01:48:59+00:00,1778809739198,1970-01-01T00:00:00+00:00,1,0,1,4,0,186784755,0,4,0.18,0.0,202.057,0.0,0.0,202.057,0.0,CHFJPY,[sl 202.057],
2026-05-15 01:49:05,186795474,2026-05-15T01:49:05+00:00,1778809745987,2026-05-15T01:49:05+00:00,1778809745987,1970-01-01T00:00:00+00:00,1,0,1,4,0,186795474,0,3,0.07,0.0,0.0,4663.16,4654.0,4660.87,0.0,XAUUSD,OV2|e160b2|H1|S,
2026-05-15 01:49:06,186795475,2026-05-15T01:49:06+00:00,1778809746089,2026-05-15T01:49:06+00:00,1778809746089,1970-01-01T00:00:00+00:00,1,0,1,4,0,186795475,0,3,0.07,0.0,0.0,4663.16,4654.0,4660.88,0.0,XAUUSD,OV2|d809e6|H1|S,
2026-05-15 01:51:01,186795622,2026-05-15T01:51:01+00:00,1778809861358,2026-05-15T01:51:01+00:00,1778809861358,1970-01-01T00:00:00+00:00,1,0,1,4,0,186794632,0,4,0.1,0.0,1.50137,0.0,0.0,1.50137,0.0,XRPUSD,[sl 1.50137],
2026-05-15 01:51:14,186795655,2026-05-15T01:51:14+00:00,1778809874923,2026-05-15T01:51:14+00:00,1778809874923,1970-01-01T00:00:00+00:00,0,0,1,4,0,186795655,0,3,0.1,0.0,0.0,0.1127,0.1287,0.1167,0.0,DOGUSD,OV2|19008e|H1|B,
2026-05-15 01:52:10,186795746,2026-05-15T01:52:10+00:00,1778809930704,2026-05-15T01:52:10+00:00,1778809930704,1970-01-01T00:00:00+00:00,1,0,1,4,0,186788107,0,4,0.22,0.0,115.456,0.0,0.0,115.456,0.0,CADJPY,[sl 115.456],
2026-05-15 01:52:13,186795757,2026-05-15T01:52:13+00:00,1778809933867,2026-05-15T01:52:13+00:00,1778809933867,1970-01-01T00:00:00+00:00,1,0,1,4,0,186795655,0,3,0.1,0.0,0.0,0.0,0.0,0.11634,0.0,DOGUSD,OMEGA_PARTIAL_CL,
2026-05-15 01:54:46,186795955,2026-05-15T01:54:46+00:00,1778810086030,2026-05-15T01:54:46+00:00,1778810086030,1970-01-01T00:00:00+00:00,0,0,1,4,0,186795417,0,4,0.08,0.0,4662.78,0.0,0.0,4662.78,0.0,XAUUSD,[sl 4662.78],
2026-05-15 01:54:57,186796010,2026-05-15T01:54:57+00:00,1778810097933,2026-05-15T01:54:57+00:00,1778810097933,1970-01-01T00:00:00+00:00,0,0,1,4,0,186795474,0,4,0.07,0.0,4662.98,0.0,0.0,4662.98,0.0,XAUUSD,[sl 4662.98],
2026-05-15 01:54:57,186796011,2026-05-15T01:54:57+00:00,1778810097933,2026-05-15T01:54:57+00:00,1778810097933,1970-01-01T00:00:00+00:00,0,0,1,4,0,186795475,0,4,0.07,0.0,4662.99,0.0,0.0,4662.99,0.0,XAUUSD,[sl 4662.99],
2026-05-15 01:57:01,186796218,2026-05-15T01:57:01+00:00,1778810221090,2026-05-15T01:57:01+00:00,1778810221090,1970-01-01T00:00:00+00:00,1,0,1,4,0,186787437,0,4,0.07,0.0,81444.5,0.0,0.0,81444.5,0.0,BTCUSD,[sl 81444.50],
2026-05-15 02:00:01,186796734,2026-05-15T02:00:01+00:00,1778810401944,2026-05-15T02:00:01+00:00,1778810401944,1970-01-01T00:00:00+00:00,1,0,1,4,0,186784901,0,4,0.07,0.0,81398.45,0.0,0.0,81398.45,0.0,BTCUSD,[sl 81398.45],
2026-05-15 02:00:22,186796956,2026-05-15T02:00:22+00:00,1778810422211,2026-05-15T02:00:22+00:00,1778810422211,1970-01-01T00:00:00+00:00,0,0,1,4,0,186796956,0,3,0.1,0.0,0.0,1.49475,1.51522,1.49935,0.0,XRPUSD,OV2|8c15c8|H1|B,
2026-05-15 02:00:58,186797031,2026-05-15T02:00:58+00:00,1778810458679,2026-05-15T02:00:58+00:00,1778810458679,1970-01-01T00:00:00+00:00,0,0,1,4,0,186797031,0,3,0.25,0.0,0.0,201.955,202.339,202.051,0.0,CHFJPY,OV2|f8fc73|H1|B,
2026-05-15 02:01:36,186797143,2026-05-15T02:01:36+00:00,1778810496953,2026-05-15T02:01:36+00:00,1778810496953,1970-01-01T00:00:00+00:00,0,0,1,4,0,186797143,0,3,0.1,0.0,0.0,0.11246,0.12846,0.11646,0.0,DOGUSD,OV2|b09021|M15|B,
2026-05-15 02:04:03,186797398,2026-05-15T02:04:03+00:00,1778810643074,2026-05-15T02:04:03+00:00,1778810643074,1970-01-01T00:00:00+00:00,1,0,1,4,0,186797143,0,3,0.1,0.0,0.0,0.0,0.0,0.11598,0.0,DOGUSD,OMEGA_PARTIAL_CL,
2026-05-15 02:04:39,186797483,2026-05-15T02:04:39+00:00,1778810679841,2026-05-15T02:04:39+00:00,1778810679841,1970-01-01T00:00:00+00:00,1,0,1,4,0,186796956,0,4,0.1,0.0,1.49709,0.0,0.0,1.49709,0.0,XRPUSD,[sl 1.49709],
2026-05-15 02:04:44,186797503,2026-05-15T02:04:44+00:00,1778810684945,2026-05-15T02:04:44+00:00,1778810684945,1970-01-01T00:00:00+00:00,1,0,1,4,0,186797031,0,4,0.25,0.0,202.033,0.0,0.0,202.033,0.0,CHFJPY,[sl 202.033],
2026-05-15 02:06:21,186797767,2026-05-15T02:06:21+00:00,1778810781113,2026-05-15T02:06:21+00:00,1778810781113,1970-01-01T00:00:00+00:00,0,0,1,4,0,186797767,0,3,0.1,0.0,0.0,0.11223,0.12823,0.11623,0.0,DOGUSD,OV2|d657e6|H1|B,
2026-05-15 02:07:52,186797891,2026-05-15T02:07:52+00:00,1778810872999,2026-05-15T02:07:52+00:00,1778810872999,1970-01-01T00:00:00+00:00,1,0,1,4,0,186797891,0,3,0.25,0.0,0.0,212.267,211.915,212.179,0.0,GBPJPY,OV2|0087d5|H1|S,
2026-05-15 02:10:33,186798430,2026-05-15T02:10:33+00:00,1778811033631,2026-05-15T02:10:33+00:00,1778811033631,1970-01-01T00:00:00+00:00,1,0,1,4,0,186797767,0,3,0.1,0.0,0.0,0.0,0.0,0.11558,0.0,DOGUSD,OMEGA_PARTIAL_CL,
2026-05-15 02:10:33,186798431,2026-05-15T02:10:33+00:00,1778811033732,2026-05-15T02:10:33+00:00,1778811033732,1970-01-01T00:00:00+00:00,0,0,1,4,0,186797891,0,3,0.06,0.0,0.0,0.0,0.0,212.115,0.0,GBPJPY,OMEGA_PARTIAL_CL,
2026-05-15 02:13:36,186799102,2026-05-15T02:13:36+00:00,1778811216843,2026-05-15T02:13:36+00:00,1778811216844,1970-01-01T00:00:00+00:00,0,0,1,4,0,186799102,0,3,0.09,0.0,0.0,81210.06,81444.52,81262.75,0.0,BTCUSD,OV2|cf83b7|H1|B,
2026-05-15 02:13:37,186799109,2026-05-15T02:13:37+00:00,1778811217192,2026-05-15T02:13:37+00:00,1778811217193,1970-01-01T00:00:00+00:00,0,0,1,4,0,186799109,0,3,0.04,0.0,0.0,81209.66,81444.12,81262.35,0.0,BTCUSD,OV2|1f46bc|H1|B,
2026-05-15 02:15:36,186800084,2026-05-15T02:15:36+00:00,1778811336262,2026-05-15T02:15:36+00:00,1778811336262,1970-01-01T00:00:00+00:00,0,0,1,4,0,186800084,0,3,0.1,0.0,0.0,1.49064,1.51117,1.49525,0.0,XRPUSD,OV2|9cf7e8|H1|B,
2026-05-15 02:17:19,186800769,2026-05-15T02:17:19+00:00,1778811439765,2026-05-15T02:17:19+00:00,1778811439765,1970-01-01T00:00:00+00:00,1,0,1,4,0,186800084,0,4,0.1,0.0,1.49292,0.0,0.0,1.49292,0.0,XRPUSD,[sl 1.49292],
2026-05-15 02:18:43,186800940,2026-05-15T02:18:43+00:00,1778811523296,2026-05-15T02:18:43+00:00,1778811523296,1970-01-01T00:00:00+00:00,0,0,1,4,0,186800940,0,3,0.1,0.0,0.0,97.27,99.67,97.87,0.0,USOIL+,OV2|0b07a9|H1|B,
2026-05-15 02:18:43,186800941,2026-05-15T02:18:43+00:00,1778811523371,2026-05-15T02:18:43+00:00,1778811523371,1970-01-01T00:00:00+00:00,0,0,1,4,0,186800941,0,3,0.1,0.0,0.0,97.27,99.67,97.87,0.0,USOIL+,OV2|ab235f|H1|B,
2026-05-15 02:22:10,186801335,2026-05-15T02:22:10+00:00,1778811730417,2026-05-15T02:22:10+00:00,1778811730417,1970-01-01T00:00:00+00:00,1,0,1,4,0,186800940,0,3,0.1,0.0,0.0,0.0,0.0,97.77,0.0,USOIL+,OMEGA_PARTIAL_CL,
2026-05-15 02:22:38,186801413,2026-05-15T02:22:38+00:00,1778811758772,2026-05-15T02:22:38+00:00,1778811758773,1970-01-01T00:00:00+00:00,1,0,1,4,0,186799102,0,4,0.09,0.0,81214.95,0.0,0.0,81214.95,0.0,BTCUSD,[sl 81214.95],
2026-05-15 02:22:38,186801414,2026-05-15T02:22:38+00:00,1778811758772,2026-05-15T02:22:38+00:00,1778811758773,1970-01-01T00:00:00+00:00,1,0,1,4,0,186799109,0,4,0.04,0.0,81214.55,0.0,0.0,81214.55,0.0,BTCUSD,[sl 81214.55],
2026-05-15 02:25:56,186802143,2026-05-15T02:25:56+00:00,1778811956317,2026-05-15T02:25:56+00:00,1778811956317,1970-01-01T00:00:00+00:00,1,0,1,4,0,186800941,0,3,0.1,0.0,0.0,0.0,0.0,97.74,0.0,USOIL+,OMEGA_PARTIAL_CL,
2026-05-15 02:27:25,186802938,2026-05-15T02:27:25+00:00,1778812045215,2026-05-15T02:27:25+00:00,1778812045215,1970-01-01T00:00:00+00:00,0,0,1,4,0,186802938,0,3,0.1,0.0,0.0,0.11202,0.12802,0.11602,0.0,DOGUSD,OV2|10eabe|H1|B,
2026-05-15 02:28:00,186803004,2026-05-15T02:28:00+00:00,1778812080468,2026-05-15T02:28:00+00:00,1778812080468,1970-01-01T00:00:00+00:00,0,0,1,4,0,186803004,0,3,0.1,0.0,0.0,1.49074,1.51214,1.49555,0.0,XRPUSD,OV2|7ddfd6|H1|B,
2026-05-15 02:28:48,186803199,2026-05-15T02:28:48+00:00,1778812128594,2026-05-15T02:28:48+00:00,1778812128594,1970-01-01T00:00:00+00:00,1,0,1,4,0,186802938,0,3,0.1,0.0,0.0,0.0,0.0,0.11558,0.0,DOGUSD,OMEGA_PARTIAL_CL,
2026-05-15 02:32:25,186806491,2026-05-15T02:32:25+00:00,1778812345574,2026-05-15T02:32:25+00:00,1778812345574,1970-01-01T00:00:00+00:00,1,0,1,4,0,186806491,0,3,0.05,0.0,0.0,4660.79,4647.7,4657.52,0.0,XAUUSD,OV2|dd43e1|H1|S,
2026-05-15 02:32:25,186806492,2026-05-15T02:32:25+00:00,1778812345646,2026-05-15T02:32:25+00:00,1778812345646,1970-01-01T00:00:00+00:00,1,0,1,4,0,186806492,0,3,0.05,0.0,0.0,4660.79,4647.7,4657.52,0.0,XAUUSD,OV2|cb88e7|H1|S,
2026-05-15 02:32:27,186806505,2026-05-15T02:32:27+00:00,1778812347085,2026-05-15T02:32:27+00:00,1778812347085,1970-01-01T00:00:00+00:00,1,0,1,4,0,186803004,0,4,0.1,0.0,1.49314,0.0,0.0,1.49314,0.0,XRPUSD,[sl 1.49314],
2026-05-15 02:33:45,186806911,2026-05-15T02:33:45+00:00,1778812425035,2026-05-15T02:33:45+00:00,1778812425035,1970-01-01T00:00:00+00:00,0,0,1,4,0,186806491,0,3,0.01,0.0,0.0,0.0,0.0,4653.59,0.0,XAUUSD,OMEGA_PARTIAL_CL,
2026-05-15 02:34:37,186807200,2026-05-15T02:34:37+00:00,1778812477677,2026-05-15T02:34:37+00:00,1778812477677,1970-01-01T00:00:00+00:00,0,0,1,4,0,186807200,0,3,0.1,0.0,0.0,1.4905300000000001,1.5131000000000001,1.4956,0.0,XRPUSD,OV2|ffc645|H1|B,
2026-05-15 02:34:52,186807733,2026-05-15T02:34:52+00:00,1778812492165,2026-05-15T02:34:52+00:00,1778812492165,1970-01-01T00:00:00+00:00,0,0,1,4,0,186807733,0,3,0.1,0.0,0.0,0.11194,0.12794,0.11594,0.0,DOGUSD,OV2|5798d1|H1|B,
2026-05-15 02:37:02,186809444,2026-05-15T02:37:02+00:00,1778812622074,2026-05-15T02:37:02+00:00,1778812622075,1970-01-01T00:00:00+00:00,0,0,1,4,0,186806491,0,5,0.04,0.0,4647.7,0.0,0.0,4647.7,0.0,XAUUSD,[tp 4647.70],
2026-05-15 02:37:02,186809446,2026-05-15T02:37:02+00:00,1778812622074,2026-05-15T02:37:02+00:00,1778812622076,1970-01-01T00:00:00+00:00,0,0,1,4,0,186806492,0,5,0.05,0.0,4647.7,0.0,0.0,4647.7,0.0,XAUUSD,[tp 4647.70],
2026-05-15 02:38:54,186810388,2026-05-15T02:38:54+00:00,1778812734688,2026-05-15T02:38:54+00:00,1778812734688,1970-01-01T00:00:00+00:00,1,0,1,4,0,186807733,0,3,0.1,0.0,0.0,0.0,0.0,0.11565,0.0,DOGUSD,OMEGA_PARTIAL_CL,
2026-05-15 02:39:06,186810486,2026-05-15T02:39:06+00:00,1778812746585,2026-05-15T02:39:06+00:00,1778812746586,1970-01-01T00:00:00+00:00,1,0,1,4,0,186807200,0,4,0.1,0.0,1.4931,0.0,0.0,1.4931,0.0,XRPUSD,[sl 1.49310],
2026-05-15 02:39:48,186810633,2026-05-15T02:39:48+00:00,1778812788584,2026-05-15T02:39:48+00:00,1778812788584,1970-01-01T00:00:00+00:00,0,0,1,4,0,186797891,0,4,0.19,0.0,212.179,0.0,0.0,212.179,0.0,GBPJPY,[sl 212.179],
2026-05-15 02:40:56,186810901,2026-05-15T02:40:56+00:00,1778812856458,2026-05-15T02:40:56+00:00,1778812856458,1970-01-01T00:00:00+00:00,1,0,1,4,0,186810901,0,3,0.01,0.0,0.0,83.59,82.59,83.34,0.0,XAGUSD,OV2|b72a7b|M15|S,
2026-05-15 02:41:02,186810918,2026-05-15T02:41:02+00:00,1778812862070,2026-05-15T02:41:02+00:00,1778812862070,1970-01-01T00:00:00+00:00,1,0,1,4,0,186810918,0,3,0.01,0.0,0.0,83.612,82.612,83.362,0.0,XAGUSD,OV2|92c457|M15|S,
2026-05-15 02:43:21,186811714,2026-05-15T02:43:21+00:00,1778813001393,2026-05-15T02:43:21+00:00,1778813001393,1970-01-01T00:00:00+00:00,0,0,1,4,0,186810901,0,4,0.01,0.0,83.59,0.0,0.0,83.59,0.0,XAGUSD,[sl 83.590],
2026-05-15 02:43:23,186811739,2026-05-15T02:43:23+00:00,1778813003928,2026-05-15T02:43:23+00:00,1778813003928,1970-01-01T00:00:00+00:00,0,0,1,4,0,186810918,0,4,0.01,0.0,83.612,0.0,0.0,83.612,0.0,XAGUSD,[sl 83.612],
2026-05-15 02:43:32,186811929,2026-05-15T02:43:32+00:00,1778813012927,2026-05-15T02:43:32+00:00,1778813012927,1970-01-01T00:00:00+00:00,1,0,1,4,0,186811929,0,3,0.1,0.0,0.0,0.1193,0.1033,0.1153,0.0,DOGUSD,OV2|7162a1|M15|S,
2026-05-15 02:45:03,186812612,2026-05-15T02:45:03+00:00,1778813103210,2026-05-15T02:45:03+00:00,1778813103210,1970-01-01T00:00:00+00:00,0,0,1,4,0,186811929,0,3,0.1,0.0,0.0,0.0,0.0,0.11553,0.0,DOGUSD,OMEGA_PARTIAL_CL,
2026-05-15 02:45:47,186812872,2026-05-15T02:45:47+00:00,1778813147064,2026-05-15T02:45:47+00:00,1778813147064,1970-01-01T00:00:00+00:00,0,0,1,4,0,186812872,0,3,0.1,0.0,0.0,97.27,99.67,97.87,0.0,USOIL+,OV2|aef469|H1|B,
2026-05-15 02:45:54,186812889,2026-05-15T02:45:54+00:00,1778813154329,2026-05-15T02:45:54+00:00,1778813154329,1970-01-01T00:00:00+00:00,0,0,1,4,0,186812889,0,3,0.05,0.0,0.0,97.27,99.67,97.87,0.0,USOIL+,OV2|33d875|H1|B,
2026-05-15 02:47:08,186813229,2026-05-15T02:47:08+00:00,1778813228749,2026-05-15T02:47:08+00:00,1778813228749,1970-01-01T00:00:00+00:00,1,0,1,4,0,186813229,0,3,0.1,0.0,0.0,2287.667,2275.667,2284.667,0.0,ETHUSD,OV2|a2686c|M15|S,
2026-05-15 02:47:16,186813246,2026-05-15T02:47:16+00:00,1778813236148,2026-05-15T02:47:16+00:00,1778813236148,1970-01-01T00:00:00+00:00,1,0,1,4,0,186813246,0,3,0.1,0.0,0.0,2288.051,2276.051,2285.051,0.0,ETHUSD,OV2|902df0|M15|S,
2026-05-15 02:47:50,186813514,2026-05-15T02:47:50+00:00,1778813270704,2026-05-15T02:47:50+00:00,1778813270704,1970-01-01T00:00:00+00:00,1,0,1,4,0,186813514,0,3,0.01,0.0,0.0,83.728,82.728,83.48,0.0,XAGUSD,OV2|cf6079|M15|S,
2026-05-15 02:50:22,186814101,2026-05-15T02:50:22+00:00,1778813422592,2026-05-15T02:50:22+00:00,1778813422592,1970-01-01T00:00:00+00:00,1,0,1,4,0,186812872,0,3,0.1,0.0,0.0,0.0,0.0,97.78,0.0,USOIL+,OMEGA_PARTIAL_CL,
2026-05-15 02:50:28,186814134,2026-05-15T02:50:28+00:00,1778813428766,2026-05-15T02:50:28+00:00,1778813428767,1970-01-01T00:00:00+00:00,1,0,1,4,0,186812889,0,3,0.05,0.0,0.0,0.0,0.0,97.78,0.0,USOIL+,OMEGA_PARTIAL_CL,
2026-05-15 02:52:26,186814581,2026-05-15T02:52:26+00:00,1778813546542,2026-05-15T02:52:26+00:00,1778813546542,1970-01-01T00:00:00+00:00,1,0,1,4,0,186814581,0,3,0.25,0.0,0.0,212.175,211.783,212.077,0.0,GBPJPY,OV2|9cd54d|H1|S,
2026-05-15 02:52:47,186814612,2026-05-15T02:52:47+00:00,1778813567575,2026-05-15T02:52:47+00:00,1778813567575,1970-01-01T00:00:00+00:00,0,0,1,4,0,186814612,0,3,0.08,0.0,0.0,81046.51,81295.87,81102.55,0.0,BTCUSD,OV2|c65f2e|H4|B,
2026-05-15 02:54:20,186814764,2026-05-15T02:54:20+00:00,1778813660826,2026-05-15T02:54:20+00:00,1778813660827,1970-01-01T00:00:00+00:00,1,0,1,4,0,186814764,0,3,0.25,0.0,0.0,1.34089,1.3348900000000001,1.33939,0.0,GBPUSD,OV2|c99c01|M15|S,
2026-05-15 02:54:25,186814783,2026-05-15T02:54:25+00:00,1778813665340,2026-05-15T02:54:25+00:00,1778813665341,1970-01-01T00:00:00+00:00,1,0,1,4,0,186814783,0,3,0.25,0.0,0.0,1.34089,1.3348900000000001,1.33939,0.0,GBPUSD,OV2|6aa58b|M15|S,
2026-05-15 02:54:28,186814796,2026-05-15T02:54:28+00:00,1778813668016,2026-05-15T02:54:28+00:00,1778813668016,1970-01-01T00:00:00+00:00,0,0,1,4,0,186814796,0,3,0.2,0.0,0.0,158.284,158.556,158.352,0.0,USDJPY,OV2|d022f9|H1|B,
2026-05-15 02:54:32,186814804,2026-05-15T02:54:32+00:00,1778813672297,2026-05-15T02:54:32+00:00,1778813672297,1970-01-01T00:00:00+00:00,0,0,1,4,0,186814804,0,3,0.2,0.0,0.0,158.284,158.556,158.352,0.0,USDJPY,OV2|b5b095|H1|B,
2026-05-15 02:55:39,186815279,2026-05-15T02:55:39+00:00,1778813739403,2026-05-15T02:55:39+00:00,1778813739403,1970-01-01T00:00:00+00:00,1,0,1,4,0,186815279,0,3,0.25,0.0,0.0,212.152,211.76,212.051,0.0,GBPJPY,OV2|87fa04|M15|S,
2026-05-15 02:56:35,186815747,2026-05-15T02:56:35+00:00,1778813795410,2026-05-15T02:56:35+00:00,1778813795410,1970-01-01T00:00:00+00:00,0,0,1,4,0,186814783,0,3,0.06,0.0,0.0,0.0,0.0,1.33911,0.0,GBPUSD,OMEGA_PARTIAL_CL,
2026-05-15 02:59:12,186816217,2026-05-15T02:59:12+00:00,1778813952376,2026-05-15T02:59:12+00:00,1778813952376,1970-01-01T00:00:00+00:00,0,0,1,4,0,186816217,0,3,0.08,0.0,0.0,81020.07,81276.3,81077.65,0.0,BTCUSD,OV2|f1dacd|H1|B,
2026-05-15 02:59:21,186816232,2026-05-15T02:59:21+00:00,1778813961792,2026-05-15T02:59:21+00:00,1778813961792,1970-01-01T00:00:00+00:00,0,0,1,4,0,186813514,0,4,0.01,0.0,83.48,0.0,0.0,83.48,0.0,XAGUSD,[sl 83.480],
2026-05-15 02:59:46,186816304,2026-05-15T02:59:46+00:00,1778813986782,2026-05-15T02:59:46+00:00,1778813986782,1970-01-01T00:00:00+00:00,0,0,1,4,0,186815279,0,4,0.25,0.0,212.091,0.0,0.0,212.091,0.0,GBPJPY,[sl 212.091],
2026-05-15 03:00:31,186817003,2026-05-15T03:00:31+00:00,1778814031323,2026-05-15T03:00:31+00:00,1778814031323,1970-01-01T00:00:00+00:00,0,0,1,4,0,186814581,0,4,0.25,0.0,212.115,0.0,0.0,212.115,0.0,GBPJPY,[sl 212.115],
2026-05-15 03:00:31,186817004,2026-05-15T03:00:31+00:00,1778814031560,2026-05-15T03:00:31+00:00,1778814031560,1970-01-01T00:00:00+00:00,0,0,1,4,0,186817004,0,3,0.1,0.0,0.0,97.17,99.57,97.77,0.0,USOIL+,OV2|95d715|H1|B,
2026-05-15 03:01:38,186818089,2026-05-15T03:01:38+00:00,1778814098941,2026-05-15T03:01:38+00:00,1778814098941,1970-01-01T00:00:00+00:00,1,0,1,4,0,186818089,0,3,0.01,0.0,0.0,83.581,82.524,83.317,0.0,XAGUSD,OV2|a6194a|M15|S,
2026-05-15 03:02:21,186819573,2026-05-15T03:02:21+00:00,1778814141021,2026-05-15T03:02:21+00:00,1778814141021,1970-01-01T00:00:00+00:00,0,0,1,4,0,186813229,0,3,0.1,0.0,0.0,0.0,0.0,2284.2,0.0,ETHUSD,OMEGA_PARTIAL_CL,
2026-05-15 03:02:21,186819574,2026-05-15T03:02:21+00:00,1778814141043,2026-05-15T03:02:21+00:00,1778814141043,1970-01-01T00:00:00+00:00,0,0,1,4,0,186813246,0,3,0.1,0.0,0.0,0.0,0.0,2284.2,0.0,ETHUSD,OMEGA_PARTIAL_CL,
2026-05-15 03:02:21,186819577,2026-05-15T03:02:21+00:00,1778814141184,2026-05-15T03:02:21+00:00,1778814141184,1970-01-01T00:00:00+00:00,0,0,1,4,0,186814764,0,3,0.06,0.0,0.0,0.0,0.0,1.33869,0.0,GBPUSD,OMEGA_PARTIAL_CL,
2026-05-15 03:02:21,186819580,2026-05-15T03:02:21+00:00,1778814141227,2026-05-15T03:02:21+00:00,1778814141227,1970-01-01T00:00:00+00:00,0,0,1,4,0,186814764,0,3,0.05,0.0,0.0,0.0,0.0,1.3387,0.0,GBPUSD,OMEGA_PARTIAL_CL,
2026-05-15 03:02:21,186819582,2026-05-15T03:02:21+00:00,1778814141315,2026-05-15T03:02:21+00:00,1778814141315,1970-01-01T00:00:00+00:00,1,0,1,4,0,186814796,0,3,0.05,0.0,0.0,0.0,0.0,158.399,0.0,USDJPY,OMEGA_PARTIAL_CL,
2026-05-15 03:02:21,186819587,2026-05-15T03:02:21+00:00,1778814141402,2026-05-15T03:02:21+00:00,1778814141402,1970-01-01T00:00:00+00:00,1,0,1,4,0,186814804,0,3,0.05,0.0,0.0,0.0,0.0,158.399,0.0,USDJPY,OMEGA_PARTIAL_CL,
2026-05-15 03:02:59,186820000,2026-05-15T03:02:59+00:00,1778814179974,2026-05-15T03:02:59+00:00,1778814179974,1970-01-01T00:00:00+00:00,1,0,1,4,0,186817004,0,3,0.1,0.0,0.0,0.0,0.0,97.64,0.0,USOIL+,OMEGA_PARTIAL_CL,
2026-05-15 03:03:16,186820353,2026-05-15T03:03:16+00:00,1778814196801,2026-05-15T03:03:16+00:00,1778814196801,1970-01-01T00:00:00+00:00,0,0,1,4,0,186818089,0,4,0.01,0.0,83.592,0.0,0.0,83.592,0.0,XAGUSD,[sl 83.592],
2026-05-15 03:04:06,186821202,2026-05-15T03:04:06+00:00,1778814246050,2026-05-15T03:04:06+00:00,1778814246050,1970-01-01T00:00:00+00:00,0,0,1,4,0,186821202,0,3,0.1,0.0,0.0,1.48291,1.5064600000000001,1.4882,0.0,XRPUSD,OV2|ce34dd|H4|B,
2026-05-15 03:04:57,186821659,2026-05-15T03:04:57+00:00,1778814297138,2026-05-15T03:04:57+00:00,1778814297138,1970-01-01T00:00:00+00:00,1,0,1,4,0,186821659,0,3,0.2,0.0,0.0,184.725,184.405,184.645,0.0,EURJPY,OV2|ecd31f|H1|S,
2026-05-15 03:04:57,186821661,2026-05-15T03:04:57+00:00,1778814297543,2026-05-15T03:04:57+00:00,1778814297543,1970-01-01T00:00:00+00:00,1,0,1,4,0,186821661,0,3,0.2,0.0,0.0,184.726,184.406,184.645,0.0,EURJPY,OV2|e60b44|H1|S,
2026-05-15 03:05:45,186821911,2026-05-15T03:05:45+00:00,1778814345142,2026-05-15T03:05:45+00:00,1778814345142,1970-01-01T00:00:00+00:00,1,0,1,4,0,186821911,0,3,0.25,0.0,0.0,212.134,211.75,212.038,0.0,GBPJPY,OV2|1edf86|M15|S,
2026-05-15 03:05:45,186821912,2026-05-15T03:05:45+00:00,1778814345221,2026-05-15T03:05:45+00:00,1778814345221,1970-01-01T00:00:00+00:00,1,0,1,4,0,186821912,0,3,0.25,0.0,0.0,212.134,211.75,212.038,0.0,GBPJPY,OV2|90dcbf|M15|S,
2026-05-15 03:07:53,186823014,2026-05-15T03:07:53+00:00,1778814473974,2026-05-15T03:07:53+00:00,1778814473975,1970-01-01T00:00:00+00:00,1,0,1,4,0,186816217,0,5,0.08,0.0,81276.3,0.0,0.0,81276.3,0.0,BTCUSD,[tp 81276.30],
2026-05-15 03:08:20,186823215,2026-05-15T03:08:20+00:00,1778814500726,2026-05-15T03:08:20+00:00,1778814500726,1970-01-01T00:00:00+00:00,1,0,1,4,0,186823215,0,3,0.05,0.0,0.0,4653.45,4632.57,4648.24,0.0,XAUUSD,OV2|b44a2e|H1|S,
2026-05-15 03:08:22,186823237,2026-05-15T03:08:22+00:00,1778814502802,2026-05-15T03:08:22+00:00,1778814502802,1970-01-01T00:00:00+00:00,1,0,1,4,0,186823237,0,3,0.05,0.0,0.0,4653.97,4633.09,4648.76,0.0,XAUUSD,OV2|52a4ce|H1|S,
2026-05-15 03:08:45,186823513,2026-05-15T03:08:45+00:00,1778814525737,2026-05-15T03:08:45+00:00,1778814525737,1970-01-01T00:00:00+00:00,1,0,1,4,0,186814612,0,3,0.02,0.0,0.0,0.0,0.0,81285.99,0.0,BTCUSD,OMEGA_PARTIAL_CL,
2026-05-15 03:08:45,186823515,2026-05-15T03:08:45+00:00,1778814525778,2026-05-15T03:08:45+00:00,1778814525778,1970-01-01T00:00:00+00:00,1,0,1,4,0,186814612,0,3,0.01,0.0,0.0,0.0,0.0,81285.99,0.0,BTCUSD,OMEGA_PARTIAL_CL,
2026-05-15 03:08:45,186823516,2026-05-15T03:08:45+00:00,1778814525803,2026-05-15T03:08:45+00:00,1778814525803,1970-01-01T00:00:00+00:00,0,0,1,4,0,186821659,0,3,0.2,0.0,0.0,0.0,0.0,184.693,0.0,EURJPY,OMEGA_PARTIAL_CL,
2026-05-15 03:08:47,186823535,2026-05-15T03:08:47+00:00,1778814527759,2026-05-15T03:08:47+00:00,1778814527759,1970-01-01T00:00:00+00:00,0,0,1,4,0,186821661,0,3,0.2,0.0,0.0,0.0,0.0,184.693,0.0,EURJPY,OMEGA_PARTIAL_CL,
2026-05-15 03:08:48,186823547,2026-05-15T03:08:48+00:00,1778814528944,2026-05-15T03:08:48+00:00,1778814528944,1970-01-01T00:00:00+00:00,1,0,1,4,0,186814612,0,5,0.05,0.0,81295.87,0.0,0.0,81295.87,0.0,BTCUSD,[tp 81295.87],
2026-05-15 03:09:18,186823839,2026-05-15T03:09:18+00:00,1778814558622,2026-05-15T03:09:18+00:00,1778814558622,1970-01-01T00:00:00+00:00,0,0,1,4,0,186821911,0,3,0.25,0.0,0.0,0.0,0.0,212.091,0.0,GBPJPY,OMEGA_PARTIAL_CL,
2026-05-15 03:10:34,186824252,2026-05-15T03:10:34+00:00,1778814634960,2026-05-15T03:10:34+00:00,1778814634960,1970-01-01T00:00:00+00:00,0,0,1,4,0,186824252,0,3,0.1,0.0,0.0,102.62,105.02,103.22,0.0,UKOIL+,OV2|f3ca9c|M15|B,
2026-05-15 03:10:55,186824294,2026-05-15T03:10:55+00:00,1778814655637,2026-05-15T03:10:55+00:00,1778814655637,1970-01-01T00:00:00+00:00,0,0,1,4,0,186824294,0,3,0.1,0.0,0.0,97.07,99.47,97.67,0.0,USOIL+,OV2|70e9ef|H1|B,
2026-05-15 03:11:02,186824315,2026-05-15T03:11:02+00:00,1778814662628,2026-05-15T03:11:02+00:00,1778814662629,1970-01-01T00:00:00+00:00,1,0,1,4,0,186824315,0,3,0.2,0.0,0.0,184.736,184.44,184.663,0.0,EURJPY,OV2|fa349b|H1|S,
2026-05-15 03:12:27,186824806,2026-05-15T03:12:27+00:00,1778814747985,2026-05-15T03:12:27+00:00,1778814747985,1970-01-01T00:00:00+00:00,1,0,1,4,0,186824806,0,3,0.25,0.0,0.0,212.132,211.756,212.038,0.0,GBPJPY,OV2|962089|M15|S,
2026-05-15 03:12:38,186824900,2026-05-15T03:12:38+00:00,1778814758686,2026-05-15T03:12:38+00:00,1778814758686,1970-01-01T00:00:00+00:00,1,0,1,4,0,186814796,0,4,0.15,0.0,158.352,0.0,0.0,158.352,0.0,USDJPY,[sl 158.352],
2026-05-15 03:12:38,186824901,2026-05-15T03:12:38+00:00,1778814758686,2026-05-15T03:12:38+00:00,1778814758687,1970-01-01T00:00:00+00:00,1,0,1,4,0,186814804,0,4,0.15,0.0,158.352,0.0,0.0,158.352,0.0,USDJPY,[sl 158.352],
2026-05-15 03:12:40,186824914,2026-05-15T03:12:40+00:00,1778814760034,2026-05-15T03:12:40+00:00,1778814760034,1970-01-01T00:00:00+00:00,0,0,1,4,0,186824914,0,3,0.1,0.0,0.0,0.11195,0.12795,0.11595,0.0,DOGUSD,OV2|5724a7|H1|B,
2026-05-15 03:13:09,186825189,2026-05-15T03:13:09+00:00,1778814789847,2026-05-15T03:13:09+00:00,1778814789848,1970-01-01T00:00:00+00:00,1,0,1,4,0,186825189,0,3,0.2,0.0,0.0,0.59088,0.58784,0.59012,0.0,NZDUSD,OV2|928bec|M15|S,
2026-05-15 03:13:11,186825250,2026-05-15T03:13:11+00:00,1778814791985,2026-05-15T03:13:11+00:00,1778814791985,1970-01-01T00:00:00+00:00,1,0,1,4,0,186825250,0,3,0.2,0.0,0.0,0.59085,0.58797,0.59013,0.0,NZDUSD,OV2|ecd1c7|H1|S,
2026-05-15 03:13:21,186825409,2026-05-15T03:13:21+00:00,1778814801856,2026-05-15T03:13:21+00:00,1778814801856,1970-01-01T00:00:00+00:00,1,0,1,4,0,186825409,0,3,0.25,0.0,0.0,1.1669100000000001,1.16291,1.16591,0.0,EURUSD,OV2|f683b1|H1|S,
2026-05-15 03:14:25,186825807,2026-05-15T03:14:25+00:00,1778814865913,2026-05-15T03:14:25+00:00,1778814865913,1970-01-01T00:00:00+00:00,1,0,1,4,0,186821202,0,3,0.1,0.0,0.0,0.0,0.0,1.4923,0.0,XRPUSD,OMEGA_PARTIAL_CL,
2026-05-15 03:14:28,186825876,2026-05-15T03:14:28+00:00,1778814868030,2026-05-15T03:14:28+00:00,1778814868030,1970-01-01T00:00:00+00:00,0,0,1,4,0,186825409,0,4,0.25,0.0,1.16608,0.0,0.0,1.16608,0.0,EURUSD,[sl 1.16608],
2026-05-15 03:15:01,186826237,2026-05-15T03:15:01+00:00,1778814901820,2026-05-15T03:15:01+00:00,1778814901820,1970-01-01T00:00:00+00:00,1,0,1,4,0,186824252,0,4,0.1,0.0,103.12,0.0,0.0,103.12,0.0,UKOIL+,[sl 103.12],
2026-05-15 03:15:01,186826239,2026-05-15T03:15:01+00:00,1778814901827,2026-05-15T03:15:01+00:00,1778814901827,1970-01-01T00:00:00+00:00,1,0,1,4,0,186824294,0,4,0.1,0.0,97.58,0.0,0.0,97.58,0.0,USOIL+,[sl 97.58],
2026-05-15 03:15:01,186826242,2026-05-15T03:15:01+00:00,1778814901906,2026-05-15T03:15:01+00:00,1778814901907,1970-01-01T00:00:00+00:00,0,0,1,4,0,186823215,0,4,0.05,0.0,4653.08,0.0,0.0,4653.08,0.0,XAUUSD,[sl 4653.08],
2026-05-15 03:15:02,186826279,2026-05-15T03:15:02+00:00,1778814902206,2026-05-15T03:15:02+00:00,1778814902206,1970-01-01T00:00:00+00:00,0,0,1,4,0,186825189,0,4,0.2,0.0,0.5903,0.0,0.0,0.5903,0.0,NZDUSD,[sl 0.59030],
2026-05-15 03:15:02,186826305,2026-05-15T03:15:02+00:00,1778814902667,2026-05-15T03:15:02+00:00,1778814902667,1970-01-01T00:00:00+00:00,0,0,1,4,0,186823237,0,4,0.05,0.0,4653.6,0.0,0.0,4653.6,0.0,XAUUSD,[sl 4653.60],
2026-05-15 03:15:02,186826326,2026-05-15T03:15:02+00:00,1778814902772,2026-05-15T03:15:02+00:00,1778814902772,1970-01-01T00:00:00+00:00,0,0,1,4,0,186825250,0,4,0.2,0.0,0.59031,0.0,0.0,0.59031,0.0,NZDUSD,[sl 0.59031],
2026-05-15 03:17:23,186828930,2026-05-15T03:17:23+00:00,1778815043738,2026-05-15T03:17:23+00:00,1778815043738,1970-01-01T00:00:00+00:00,1,0,1,4,0,186828930,0,3,0.01,0.0,0.0,83.705,82.622,83.434,0.0,XAGUSD,OV2|d05d6d|M15|S,
2026-05-15 03:17:24,186828933,2026-05-15T03:17:24+00:00,1778815044213,2026-05-15T03:17:24+00:00,1778815044213,1970-01-01T00:00:00+00:00,1,0,1,4,0,186828933,0,3,0.01,0.0,0.0,83.72,82.637,83.45,0.0,XAGUSD,OV2|9cfe16|M15|S,
2026-05-15 03:17:24,186828934,2026-05-15T03:17:24+00:00,1778815044250,2026-05-15T03:17:24+00:00,1778815044250,1970-01-01T00:00:00+00:00,1,0,1,4,0,186828934,0,3,0.01,0.0,0.0,83.721,82.638,83.45,0.0,XAGUSD,OV2|9e950c|M15|S,
2026-05-15 03:18:14,186829497,2026-05-15T03:18:14+00:00,1778815094441,2026-05-15T03:18:14+00:00,1778815094441,1970-01-01T00:00:00+00:00,0,0,1,4,0,186824315,0,4,0.2,0.0,184.696,0.0,0.0,184.696,0.0,EURJPY,[sl 184.696],
2026-05-15 03:18:15,186829576,2026-05-15T03:18:15+00:00,1778815095538,2026-05-15T03:18:15+00:00,1778815095538,1970-01-01T00:00:00+00:00,0,0,1,4,0,186828930,0,4,0.01,0.0,83.691,0.0,0.0,83.691,0.0,XAGUSD,[sl 83.691],
2026-05-15 03:18:38,186829814,2026-05-15T03:18:38+00:00,1778815118100,2026-05-15T03:18:38+00:00,1778815118100,1970-01-01T00:00:00+00:00,0,0,1,4,0,186821912,0,4,0.25,0.0,212.084,0.0,0.0,212.084,0.0,GBPJPY,[sl 212.084],
2026-05-15 03:18:38,186829815,2026-05-15T03:18:38+00:00,1778815118100,2026-05-15T03:18:38+00:00,1778815118100,1970-01-01T00:00:00+00:00,0,0,1,4,0,186824806,0,4,0.25,0.0,212.084,0.0,0.0,212.084,0.0,GBPJPY,[sl 212.084],
2026-05-15 03:18:54,186829985,2026-05-15T03:18:54+00:00,1778815134106,2026-05-15T03:18:54+00:00,1778815134107,1970-01-01T00:00:00+00:00,1,0,1,4,0,186824914,0,4,0.1,0.0,0.11586,0.0,0.0,0.11586,0.0,DOGUSD,[sl 0.11586],
2026-05-15 03:30:37,186838868,2026-05-15T03:30:37+00:00,1778815837018,2026-05-15T03:30:37+00:00,1778815837018,1970-01-01T00:00:00+00:00,1,0,1,4,0,186838868,0,3,0.25,0.0,0.0,212.163,211.707,212.049,0.0,GBPJPY,OV2|e92d76|M15|S,
2026-05-15 03:30:37,186838870,2026-05-15T03:30:37+00:00,1778815837226,2026-05-15T03:30:37+00:00,1778815837226,1970-01-01T00:00:00+00:00,1,0,1,4,0,186838870,0,3,0.25,0.0,0.0,212.163,211.707,212.049,0.0,GBPJPY,OV2|10a10c|M15|S,
2026-05-15 03:30:59,186839645,2026-05-15T03:30:59+00:00,1778815859792,2026-05-15T03:30:59+00:00,1778815859792,1970-01-01T00:00:00+00:00,0,0,1,4,0,186828933,0,5,0.01,0.0,82.637,0.0,0.0,82.637,0.0,XAGUSD,[tp 82.637],
2026-05-15 03:30:59,186839646,2026-05-15T03:30:59+00:00,1778815859792,2026-05-15T03:30:59+00:00,1778815859793,1970-01-01T00:00:00+00:00,0,0,1,4,0,186828934,0,5,0.01,0.0,82.638,0.0,0.0,82.638,0.0,XAGUSD,[tp 82.638],
2026-05-15 03:32:01,186840295,2026-05-15T03:32:01+00:00,1778815921514,2026-05-15T03:32:01+00:00,1778815921514,1970-01-01T00:00:00+00:00,1,0,1,4,0,186840295,0,3,0.2,0.0,0.0,0.59068,0.58772,0.58994,0.0,NZDUSD,OV2|b1a530|H1|S,
2026-05-15 03:32:01,186840297,2026-05-15T03:32:01+00:00,1778815921706,2026-05-15T03:32:01+00:00,1778815921706,1970-01-01T00:00:00+00:00,1,0,1,4,0,186840297,0,3,0.2,0.0,0.0,0.59068,0.58772,0.58994,0.0,NZDUSD,OV2|8a96cc|H1|S,
2026-05-15 03:32:51,186840580,2026-05-15T03:32:51+00:00,1778815971265,2026-05-15T03:32:51+00:00,1778815971265,1970-01-01T00:00:00+00:00,0,0,1,4,0,186840580,0,3,0.1,0.0,0.0,81468.01,81809.47,81544.65,0.0,BTCUSD,OV2|e13d5a|H4|B,
2026-05-15 03:32:51,186840585,2026-05-15T03:32:51+00:00,1778815971549,2026-05-15T03:32:51+00:00,1778815971549,1970-01-01T00:00:00+00:00,0,0,1,4,0,186840585,0,3,0.1,0.0,0.0,81468.06,81809.52,81544.65,0.0,BTCUSD,OV2|537270|H4|B,
2026-05-15 03:33:31,186840945,2026-05-15T03:33:31+00:00,1778816011944,2026-05-15T03:33:31+00:00,1778816011944,1970-01-01T00:00:00+00:00,1,0,1,4,0,186840945,0,3,0.25,0.0,0.0,1.1667399999999999,1.1627399999999999,1.16574,0.0,EURUSD,OV2|75acac|H1|S,
2026-05-15 03:33:32,186840948,2026-05-15T03:33:32+00:00,1778816012148,2026-05-15T03:33:32+00:00,1778816012148,1970-01-01T00:00:00+00:00,1,0,1,4,0,186840948,0,3,0.25,0.0,0.0,1.1667399999999999,1.1627399999999999,1.16574,0.0,EURUSD,OV2|3509eb|H1|S,
2026-05-15 03:33:45,186841025,2026-05-15T03:33:45+00:00,1778816025232,2026-05-15T03:33:45+00:00,1778816025233,1970-01-01T00:00:00+00:00,1,0,1,4,0,186841025,0,3,0.25,0.0,0.0,201.988,201.604,201.893,0.0,CHFJPY,OV2|ce05d9|M15|S,
2026-05-15 03:33:45,186841028,2026-05-15T03:33:45+00:00,1778816025471,2026-05-15T03:33:45+00:00,1778816025471,1970-01-01T00:00:00+00:00,1,0,1,4,0,186841028,0,3,0.25,0.0,0.0,201.989,201.605,201.893,0.0,CHFJPY,OV2|9b64d0|M15|S,
2026-05-15 03:34:34,186841332,2026-05-15T03:34:34+00:00,1778816074153,2026-05-15T03:34:34+00:00,1778816074153,1970-01-01T00:00:00+00:00,1,0,1,4,0,186840580,0,3,0.03,0.0,0.0,0.0,0.0,81651.06,0.0,BTCUSD,OMEGA_PARTIAL_CL,
2026-05-15 03:34:34,186841337,2026-05-15T03:34:34+00:00,1778816074916,2026-05-15T03:34:34+00:00,1778816074916,1970-01-01T00:00:00+00:00,1,0,1,4,0,186840585,0,3,0.03,0.0,0.0,0.0,0.0,81654.46,0.0,BTCUSD,OMEGA_PARTIAL_CL,
2026-05-15 03:35:23,186841595,2026-05-15T03:35:23+00:00,1778816123626,2026-05-15T03:35:23+00:00,1778816123626,1970-01-01T00:00:00+00:00,0,0,1,4,0,186838868,0,4,0.25,0.0,212.088,0.0,0.0,212.088,0.0,GBPJPY,[sl 212.088],
2026-05-15 03:35:31,186841630,2026-05-15T03:35:31+00:00,1778816131144,2026-05-15T03:35:31+00:00,1778816131144,1970-01-01T00:00:00+00:00,0,0,1,4,0,186841025,0,4,0.25,0.0,201.926,0.0,0.0,201.926,0.0,CHFJPY,[sl 201.926],
2026-05-15 03:36:47,186841923,2026-05-15T03:36:47+00:00,1778816207959,2026-05-15T03:36:47+00:00,1778816207959,1970-01-01T00:00:00+00:00,1,0,1,4,0,186841923,0,3,0.25,0.0,0.0,212.143,211.775,212.051,0.0,GBPJPY,OV2|82825d|M15|S,
2026-05-15 03:36:48,186841924,2026-05-15T03:36:48+00:00,1778816208016,2026-05-15T03:36:48+00:00,1778816208019,1970-01-01T00:00:00+00:00,1,0,1,4,0,186841924,0,3,0.25,0.0,0.0,212.143,211.775,212.051,0.0,GBPJPY,OV2|91387b|M15|S,
2026-05-15 03:37:04,186842079,2026-05-15T03:37:04+00:00,1778816224195,2026-05-15T03:37:04+00:00,1778816224195,1970-01-01T00:00:00+00:00,0,0,1,4,0,186842079,0,3,0.1,0.0,0.0,0.11298,0.12898,0.11698,0.0,DOGUSD,OV2|d09ce6|H1|B,
2026-05-15 03:38:10,186842550,2026-05-15T03:38:10+00:00,1778816290009,2026-05-15T03:38:10+00:00,1778816290009,1970-01-01T00:00:00+00:00,0,0,1,4,0,186842550,0,3,0.25,0.0,0.0,158.386,158.658,158.454,0.0,USDJPY,OV2|d28559|H1|B,
2026-05-15 03:38:21,186842586,2026-05-15T03:38:21+00:00,1778816301805,2026-05-15T03:38:21+00:00,1778816301806,1970-01-01T00:00:00+00:00,1,0,1,4,0,186842586,0,3,0.2,0.0,0.0,184.727,184.439,184.655,0.0,EURJPY,OV2|fa29de|H1|S,
2026-05-15 03:38:22,186842592,2026-05-15T03:38:22+00:00,1778816302341,2026-05-15T03:38:22+00:00,1778816302341,1970-01-01T00:00:00+00:00,1,0,1,4,0,186842592,0,3,0.2,0.0,0.0,184.724,184.436,184.652,0.0,EURJPY,OV2|3c83ef|H1|S,
2026-05-15 03:38:55,186842709,2026-05-15T03:38:55+00:00,1778816335774,2026-05-15T03:38:55+00:00,1778816335775,1970-01-01T00:00:00+00:00,0,0,1,4,0,186842709,0,3,0.1,0.0,0.0,1.4917099999999999,1.51748,1.4975,0.0,XRPUSD,OV2|73736d|H1|B,
2026-05-15 03:39:05,186842742,2026-05-15T03:39:05+00:00,1778816345512,2026-05-15T03:39:05+00:00,1778816345512,1970-01-01T00:00:00+00:00,0,0,1,4,0,186842742,0,3,0.09,0.0,0.0,97.05,99.45,97.65,0.0,USOIL+,OV2|b504cc|H1|B,
2026-05-15 03:39:12,186842829,2026-05-15T03:39:12+00:00,1778816352631,2026-05-15T03:39:12+00:00,1778816352631,1970-01-01T00:00:00+00:00,1,0,1,4,0,186840580,0,4,0.07,0.0,81544.65,0.0,0.0,81544.65,0.0,BTCUSD,[sl 81544.65],
2026-05-15 03:39:12,186842830,2026-05-15T03:39:12+00:00,1778816352631,2026-05-15T03:39:12+00:00,1778816352631,1970-01-01T00:00:00+00:00,1,0,1,4,0,186840585,0,4,0.07,0.0,81544.65,0.0,0.0,81544.65,0.0,BTCUSD,[sl 81544.65],
2026-05-15 03:39:18,186843067,2026-05-15T03:39:18+00:00,1778816358520,2026-05-15T03:39:18+00:00,1778816358520,1970-01-01T00:00:00+00:00,0,0,1,4,0,186843067,0,3,0.1,0.0,0.0,97.11,99.51,97.71,0.0,USOIL+,OV2|d849e9|H1|B,
2026-05-15 03:39:45,186843518,2026-05-15T03:39:45+00:00,1778816385240,2026-05-15T03:39:45+00:00,1778816385240,1970-01-01T00:00:00+00:00,1,0,1,4,0,186843518,0,3,0.05,0.0,0.0,4626.25,4600.6,4619.78,0.0,XAUUSD,OV2|c5a472|H4|S,
2026-05-15 03:41:06,186844668,2026-05-15T03:41:06+00:00,1778816466519,2026-05-15T03:41:06+00:00,1778816466519,1970-01-01T00:00:00+00:00,0,0,1,4,0,186840295,0,3,0.05,0.0,0.0,0.0,0.0,0.58958,0.0,NZDUSD,OMEGA_PARTIAL_CL,
2026-05-15 03:41:07,186844677,2026-05-15T03:41:07+00:00,1778816467086,2026-05-15T03:41:07+00:00,1778816467086,1970-01-01T00:00:00+00:00,0,0,1,4,0,186840297,0,3,0.05,0.0,0.0,0.0,0.0,0.58958,0.0,NZDUSD,OMEGA_PARTIAL_CL,
2026-05-15 03:41:07,186844678,2026-05-15T03:41:07+00:00,1778816467130,2026-05-15T03:41:07+00:00,1778816467131,1970-01-01T00:00:00+00:00,0,0,1,4,0,186840295,0,3,0.05,0.0,0.0,0.0,0.0,0.58958,0.0,NZDUSD,OMEGA_PARTIAL_CL,
2026-05-15 03:41:07,186844679,2026-05-15T03:41:07+00:00,1778816467163,2026-05-15T03:41:07+00:00,1778816467163,1970-01-01T00:00:00+00:00,0,0,1,4,0,186840295,0,3,0.05,0.0,0.0,0.0,0.0,0.58958,0.0,NZDUSD,OMEGA_PARTIAL_CL,
2026-05-15 03:41:07,186844680,2026-05-15T03:41:07+00:00,1778816467302,2026-05-15T03:41:07+00:00,1778816467302,1970-01-01T00:00:00+00:00,0,0,1,4,0,186840945,0,3,0.06,0.0,0.0,0.0,0.0,1.16545,0.0,EURUSD,OMEGA_PARTIAL_CL,
2026-05-15 03:41:07,186844681,2026-05-15T03:41:07+00:00,1778816467332,2026-05-15T03:41:07+00:00,1778816467332,1970-01-01T00:00:00+00:00,0,0,1,4,0,186840297,0,3,0.05,0.0,0.0,0.0,0.0,0.58958,0.0,NZDUSD,OMEGA_PARTIAL_CL,
2026-05-15 03:41:07,186844683,2026-05-15T03:41:07+00:00,1778816467362,2026-05-15T03:41:07+00:00,1778816467363,1970-01-01T00:00:00+00:00,0,0,1,4,0,186840297,0,3,0.05,0.0,0.0,0.0,0.0,0.58958,0.0,NZDUSD,OMEGA_PARTIAL_CL,
2026-05-15 03:41:07,186844685,2026-05-15T03:41:07+00:00,1778816467503,2026-05-15T03:41:07+00:00,1778816467503,1970-01-01T00:00:00+00:00,0,0,1,4,0,186840945,0,3,0.06,0.0,0.0,0.0,0.0,1.16545,0.0,EURUSD,OMEGA_PARTIAL_CL,
2026-05-15 03:41:07,186844686,2026-05-15T03:41:07+00:00,1778816467538,2026-05-15T03:41:07+00:00,1778816467538,1970-01-01T00:00:00+00:00,0,0,1,4,0,186840945,0,3,0.06,0.0,0.0,0.0,0.0,1.16545,0.0,EURUSD,OMEGA_PARTIAL_CL,
2026-05-15 03:41:07,186844688,2026-05-15T03:41:07+00:00,1778816467570,2026-05-15T03:41:07+00:00,1778816467570,1970-01-01T00:00:00+00:00,0,0,1,4,0,186840948,0,3,0.06,0.0,0.0,0.0,0.0,1.16545,0.0,EURUSD,OMEGA_PARTIAL_CL,
2026-05-15 03:41:07,186844690,2026-05-15T03:41:07+00:00,1778816467709,2026-05-15T03:41:07+00:00,1778816467709,1970-01-01T00:00:00+00:00,0,0,1,4,0,186840948,0,3,0.06,0.0,0.0,0.0,0.0,1.16545,0.0,EURUSD,OMEGA_PARTIAL_CL,
2026-05-15 03:41:07,186844691,2026-05-15T03:41:07+00:00,1778816467741,2026-05-15T03:41:07+00:00,1778816467741,1970-01-01T00:00:00+00:00,0,0,1,4,0,186840948,0,3,0.06,0.0,0.0,0.0,0.0,1.16545,0.0,EURUSD,OMEGA_PARTIAL_CL,
2026-05-15 03:41:07,186844695,2026-05-15T03:41:07+00:00,1778816467871,2026-05-15T03:41:07+00:00,1778816467871,1970-01-01T00:00:00+00:00,1,0,1,4,0,186842079,0,3,0.1,0.0,0.0,0.0,0.0,0.1164,0.0,DOGUSD,OMEGA_PARTIAL_CL,
2026-05-15 03:41:07,186844697,2026-05-15T03:41:07+00:00,1778816467943,2026-05-15T03:41:07+00:00,1778816467943,1970-01-01T00:00:00+00:00,1,0,1,4,0,186842709,0,3,0.1,0.0,0.0,0.0,0.0,1.4934,0.0,XRPUSD,OMEGA_PARTIAL_CL,
2026-05-15 03:41:34,186845067,2026-05-15T03:41:34+00:00,1778816494078,2026-05-15T03:41:34+00:00,1778816494078,1970-01-01T00:00:00+00:00,0,0,1,4,0,186838870,0,3,0.06,0.0,0.0,0.0,0.0,211.989,0.0,GBPJPY,OMEGA_PARTIAL_CL,
2026-05-15 03:41:34,186845068,2026-05-15T03:41:34+00:00,1778816494161,2026-05-15T03:41:34+00:00,1778816494161,1970-01-01T00:00:00+00:00,0,0,1,4,0,186841923,0,3,0.06,0.0,0.0,0.0,0.0,211.989,0.0,GBPJPY,OMEGA_PARTIAL_CL,
2026-05-15 03:43:59,186846195,2026-05-15T03:43:59+00:00,1778816639977,2026-05-15T03:43:59+00:00,1778816639977,1970-01-01T00:00:00+00:00,1,0,1,4,0,186846195,0,3,0.25,0.0,0.0,201.955,201.579,201.861,0.0,CHFJPY,OV2|85bf46|M15|S,
2026-05-15 03:44:11,186846275,2026-05-15T03:44:11+00:00,1778816651369,2026-05-15T03:44:11+00:00,1778816651369,1970-01-01T00:00:00+00:00,0,0,1,4,0,186841924,0,3,0.25,0.0,0.0,0.0,0.0,211.966,0.0,GBPJPY,OMEGA_PARTIAL_CL,
2026-05-15 03:44:12,186846281,2026-05-15T03:44:12+00:00,1778816652979,2026-05-15T03:44:12+00:00,1778816652979,1970-01-01T00:00:00+00:00,1,0,1,4,0,186846281,0,3,0.1,0.0,0.0,2290.005,2275.851,2286.467,0.0,ETHUSD,OV2|4730b0|M15|S,
2026-05-15 03:44:13,186846282,2026-05-15T03:44:13+00:00,1778816653111,2026-05-15T03:44:13+00:00,1778816653111,1970-01-01T00:00:00+00:00,1,0,1,4,0,186846282,0,3,0.1,0.0,0.0,2290.011,2275.857,2286.473,0.0,ETHUSD,OV2|4d209b|M15|S,
2026-05-15 03:44:13,186846284,2026-05-15T03:44:13+00:00,1778816653213,2026-05-15T03:44:13+00:00,1778816653213,1970-01-01T00:00:00+00:00,1,0,1,4,0,186846284,0,3,0.1,0.0,0.0,2290.011,2275.857,2286.473,0.0,ETHUSD,OV2|4b7049|M15|S,
2026-05-15 03:44:14,186846287,2026-05-15T03:44:14+00:00,1778816654141,2026-05-15T03:44:14+00:00,1778816654141,1970-01-01T00:00:00+00:00,0,0,1,4,0,186846195,0,4,0.25,0.0,201.892,0.0,0.0,201.892,0.0,CHFJPY,[sl 201.892],
2026-05-15 03:46:03,186847214,2026-05-15T03:46:03+00:00,1778816763564,2026-05-15T03:46:03+00:00,1778816763564,1970-01-01T00:00:00+00:00,0,0,1,4,0,186843518,0,4,0.05,0.0,4622.53,0.0,0.0,4622.53,0.0,XAUUSD,[sl 4622.53],
2026-05-15 03:46:04,186847261,2026-05-15T03:46:04+00:00,1778816764115,2026-05-15T03:46:04+00:00,1778816764115,1970-01-01T00:00:00+00:00,0,0,1,4,0,186846281,0,4,0.1,0.0,2290.012,0.0,0.0,2290.012,0.0,ETHUSD,[sl 2290.012],
2026-05-15 03:46:04,186847262,2026-05-15T03:46:04+00:00,1778816764115,2026-05-15T03:46:04+00:00,1778816764116,1970-01-01T00:00:00+00:00,0,0,1,4,0,186846282,0,4,0.1,0.0,2290.011,0.0,0.0,2290.011,0.0,ETHUSD,[sl 2290.011],
2026-05-15 03:46:04,186847263,2026-05-15T03:46:04+00:00,1778816764115,2026-05-15T03:46:04+00:00,1778816764116,1970-01-01T00:00:00+00:00,0,0,1,4,0,186846284,0,4,0.1,0.0,2290.011,0.0,0.0,2290.011,0.0,ETHUSD,[sl 2290.011],
2026-05-15 03:47:01,186847834,2026-05-15T03:47:01+00:00,1778816821233,2026-05-15T03:47:01+00:00,1778816821233,1970-01-01T00:00:00+00:00,0,0,1,4,0,186842586,0,4,0.2,0.0,184.668,0.0,0.0,184.668,0.0,EURJPY,[sl 184.668],
2026-05-15 03:47:01,186847835,2026-05-15T03:47:01+00:00,1778816821233,2026-05-15T03:47:01+00:00,1778816821234,1970-01-01T00:00:00+00:00,0,0,1,4,0,186842592,0,4,0.2,0.0,184.668,0.0,0.0,184.668,0.0,EURJPY,[sl 184.668],
2026-05-15 03:47:53,186848602,2026-05-15T03:47:53+00:00,1778816873739,2026-05-15T03:47:53+00:00,1778816873739,1970-01-01T00:00:00+00:00,0,0,1,4,0,186848602,0,3,0.1,0.0,0.0,1.48975,1.5189,1.4963,0.0,XRPUSD,OV2|b13184|H1|B,
2026-05-15 03:48:19,186848828,2026-05-15T03:48:19+00:00,1778816899271,2026-05-15T03:48:19+00:00,1778816899271,1970-01-01T00:00:00+00:00,0,0,1,4,0,186841028,0,4,0.25,0.0,201.906,0.0,0.0,201.906,0.0,CHFJPY,[sl 201.906],
2026-05-15 03:49:46,186849213,2026-05-15T03:49:46+00:00,1778816986195,2026-05-15T03:49:46+00:00,1778816986195,1970-01-01T00:00:00+00:00,0,0,1,4,0,186849213,0,3,0.1,0.0,0.0,0.11298,0.12898,0.11699,0.0,DOGUSD,OV2|73ec62|H1|B,
2026-05-15 03:49:53,186849264,2026-05-15T03:49:53+00:00,1778816993222,2026-05-15T03:49:53+00:00,1778816993222,1970-01-01T00:00:00+00:00,0,0,1,4,0,186849264,0,3,0.25,0.0,0.0,158.395,158.667,158.463,0.0,USDJPY,OV2|db529b|H1|B,
2026-05-15 03:51:46,186850317,2026-05-15T03:51:46+00:00,1778817106027,2026-05-15T03:51:46+00:00,1778817106027,1970-01-01T00:00:00+00:00,1,0,1,4,0,186842742,0,3,0.02,0.0,0.0,0.0,0.0,97.75,0.0,USOIL+,OMEGA_PARTIAL_CL,
2026-05-15 03:51:46,186850320,2026-05-15T03:51:46+00:00,1778817106362,2026-05-15T03:51:46+00:00,1778817106362,1970-01-01T00:00:00+00:00,1,0,1,4,0,186849213,0,3,0.1,0.0,0.0,0.0,0.0,0.11654,0.0,DOGUSD,OMEGA_PARTIAL_CL,
2026-05-15 03:52:02,186850397,2026-05-15T03:52:02+00:00,1778817122221,2026-05-15T03:52:02+00:00,1778817122221,1970-01-01T00:00:00+00:00,1,0,1,4,0,186848602,0,4,0.1,0.0,1.49315,0.0,0.0,1.49315,0.0,XRPUSD,[sl 1.49315],
2026-05-15 03:54:20,186851297,2026-05-15T03:54:20+00:00,1778817260866,2026-05-15T03:54:20+00:00,1778817260866,1970-01-01T00:00:00+00:00,1,0,1,4,0,186843067,0,4,0.1,0.0,97.71,0.0,0.0,97.71,0.0,USOIL+,[sl 97.71],
2026-05-15 03:55:18,186851722,2026-05-15T03:55:18+00:00,1778817318533,2026-05-15T03:55:18+00:00,1778817318533,1970-01-01T00:00:00+00:00,0,0,1,4,0,186838870,0,4,0.19,0.0,212.049,0.0,0.0,212.049,0.0,GBPJPY,[sl 212.049],
2026-05-15 03:55:19,186851725,2026-05-15T03:55:19+00:00,1778817319135,2026-05-15T03:55:19+00:00,1778817319135,1970-01-01T00:00:00+00:00,0,0,1,4,0,186841923,0,4,0.19,0.0,212.051,0.0,0.0,212.051,0.0,GBPJPY,[sl 212.051],
2026-05-15 03:55:27,186851924,2026-05-15T03:55:27+00:00,1778817327311,2026-05-15T03:55:27+00:00,1778817327311,1970-01-01T00:00:00+00:00,0,0,1,4,0,186851924,0,3,0.22,0.0,0.0,115.317,115.661,115.403,0.0,CADJPY,OV2|b222be|H1|B,
2026-05-15 03:55:32,186851961,2026-05-15T03:55:32+00:00,1778817332142,2026-05-15T03:55:32+00:00,1778817332142,1970-01-01T00:00:00+00:00,0,0,1,4,0,186851961,0,3,0.22,0.0,0.0,115.319,115.663,115.405,0.0,CADJPY,OV2|6aa9dc|H1|B,
2026-05-15 03:56:12,186852107,2026-05-15T03:56:12+00:00,1778817372286,2026-05-15T03:56:12+00:00,1778817372286,1970-01-01T00:00:00+00:00,0,0,1,4,0,186852107,0,3,0.1,0.0,0.0,81416.17,81890.18,81522.56,0.0,BTCUSD,OV2|70b6b5|H1|B,
2026-05-15 03:56:16,186852116,2026-05-15T03:56:16+00:00,1778817376651,2026-05-15T03:56:16+00:00,1778817376651,1970-01-01T00:00:00+00:00,0,0,1,4,0,186852116,0,3,0.1,0.0,0.0,81419.07,81893.08,81525.46,0.0,BTCUSD,OV2|c856c4|H1|B,
2026-05-15 03:56:30,186852177,2026-05-15T03:56:30+00:00,1778817390073,2026-05-15T03:56:30+00:00,1778817390073,1970-01-01T00:00:00+00:00,1,0,1,4,0,186852177,0,3,0.17,0.0,0.0,184.755,184.467,184.683,0.0,EURJPY,OV2|149d15|H1|S,
2026-05-15 03:56:35,186852185,2026-05-15T03:56:35+00:00,1778817395498,2026-05-15T03:56:35+00:00,1778817395498,1970-01-01T00:00:00+00:00,1,0,1,4,0,186852185,0,3,0.17,0.0,0.0,184.773,184.453,184.693,0.0,EURJPY,OV2|0602f5|H1|S,
2026-05-15 03:57:21,186852490,2026-05-15T03:57:21+00:00,1778817441975,2026-05-15T03:57:21+00:00,1778817441975,1970-01-01T00:00:00+00:00,1,0,1,4,0,186851924,0,3,0.22,0.0,0.0,0.0,0.0,115.37,0.0,CADJPY,OMEGA_PARTIAL_CL,
2026-05-15 03:57:23,186852509,2026-05-15T03:57:23+00:00,1778817443083,2026-05-15T03:57:23+00:00,1778817443083,1970-01-01T00:00:00+00:00,1,0,1,4,0,186851961,0,3,0.22,0.0,0.0,0.0,0.0,115.367,0.0,CADJPY,OMEGA_PARTIAL_CL,
2026-05-15 03:57:25,186852516,2026-05-15T03:57:25+00:00,1778817445468,2026-05-15T03:57:25+00:00,1778817445468,1970-01-01T00:00:00+00:00,1,0,1,4,0,186849264,0,4,0.25,0.0,158.46,0.0,0.0,158.46,0.0,USDJPY,[sl 158.460],
2026-05-15 03:57:26,186852522,2026-05-15T03:57:26+00:00,1778817446324,2026-05-15T03:57:26+00:00,1778817446324,1970-01-01T00:00:00+00:00,1,0,1,4,0,186842550,0,4,0.25,0.0,158.454,0.0,0.0,158.454,0.0,USDJPY,[sl 158.454],
2026-05-15 03:59:00,186853253,2026-05-15T03:59:00+00:00,1778817540559,2026-05-15T03:59:00+00:00,1778817540559,1970-01-01T00:00:00+00:00,1,0,1,4,0,186842742,0,4,0.07,0.0,97.65,0.0,0.0,97.65,0.0,USOIL+,[sl 97.65],
2026-05-15 03:59:25,186853857,2026-05-15T03:59:25+00:00,1778817565470,2026-05-15T03:59:25+00:00,1778817565471,1970-01-01T00:00:00+00:00,0,0,1,4,0,186852177,0,4,0.17,0.0,184.713,0.0,0.0,184.713,0.0,EURJPY,[sl 184.713],
2026-05-15 03:59:30,186853893,2026-05-15T03:59:30+00:00,1778817570183,2026-05-15T03:59:30+00:00,1778817570183,1970-01-01T00:00:00+00:00,0,0,1,4,0,186852185,0,4,0.17,0.0,184.723,0.0,0.0,184.723,0.0,EURJPY,[sl 184.723],
2026-05-15 04:00:00,186854711,2026-05-15T04:00:00+00:00,1778817600676,2026-05-15T04:00:00+00:00,1778817600677,1970-01-01T00:00:00+00:00,0,0,1,4,0,186854711,0,3,0.22,0.0,0.0,115.308,115.636,115.394,0.0,CADJPY,OV2|660b0b|H1|B,
2026-05-15 04:01:06,186856242,2026-05-15T04:01:06+00:00,1778817666049,2026-05-15T04:01:06+00:00,1778817666049,1970-01-01T00:00:00+00:00,0,0,1,4,0,186856242,0,3,0.2,0.0,0.0,1.37299,1.37587,1.37371,0.0,USDCAD,OV2|a05b2c|H1|B,
2026-05-15 04:01:06,186856247,2026-05-15T04:01:06+00:00,1778817666705,2026-05-15T04:01:06+00:00,1778817666705,1970-01-01T00:00:00+00:00,0,0,1,4,0,186856247,0,3,0.2,0.0,0.0,1.37299,1.37587,1.37371,0.0,USDCAD,OV2|a5f05a|H1|B,
2026-05-15 04:02:56,186857522,2026-05-15T04:02:56+00:00,1778817776933,2026-05-15T04:02:56+00:00,1778817776933,1970-01-01T00:00:00+00:00,1,0,1,4,0,186857522,0,3,0.2,0.0,0.0,184.759,184.439,184.679,0.0,EURJPY,OV2|f3d577|M15|S,
2026-05-15 04:02:58,186857530,2026-05-15T04:02:58+00:00,1778817778403,2026-05-15T04:02:58+00:00,1778817778404,1970-01-01T00:00:00+00:00,1,0,1,4,0,186857530,0,3,0.2,0.0,0.0,184.759,184.439,184.679,0.0,EURJPY,OV2|36af5b|M15|S,
2026-05-15 04:04:49,186859219,2026-05-15T04:04:49+00:00,1778817889820,2026-05-15T04:04:49+00:00,1778817889820,1970-01-01T00:00:00+00:00,1,0,1,4,0,186854711,0,3,0.22,0.0,0.0,0.0,0.0,115.365,0.0,CADJPY,OMEGA_PARTIAL_CL,
2026-05-15 04:04:49,186859220,2026-05-15T04:04:49+00:00,1778817889860,2026-05-15T04:04:49+00:00,1778817889861,1970-01-01T00:00:00+00:00,1,0,1,4,0,186856247,0,3,0.2,0.0,0.0,0.0,0.0,1.37351,0.0,USDCAD,OMEGA_PARTIAL_CL,
2026-05-15 04:04:50,186859222,2026-05-15T04:04:50+00:00,1778817890717,2026-05-15T04:04:50+00:00,1778817890717,1970-01-01T00:00:00+00:00,1,0,1,4,0,186856242,0,3,0.2,0.0,0.0,0.0,0.0,1.37353,0.0,USDCAD,OMEGA_PARTIAL_CL,
2026-05-15 04:05:05,186859359,2026-05-15T04:05:05+00:00,1778817905255,2026-05-15T04:05:05+00:00,1778817905255,1970-01-01T00:00:00+00:00,0,0,1,4,0,186857522,0,4,0.2,0.0,184.712,0.0,0.0,184.712,0.0,EURJPY,[sl 184.712],
2026-05-15 04:05:05,186859360,2026-05-15T04:05:05+00:00,1778817905255,2026-05-15T04:05:05+00:00,1778817905256,1970-01-01T00:00:00+00:00,0,0,1,4,0,186857530,0,4,0.2,0.0,184.712,0.0,0.0,184.712,0.0,EURJPY,[sl 184.712],
2026-05-15 04:06:49,186860312,2026-05-15T04:06:49+00:00,1778818009501,2026-05-15T04:06:49+00:00,1778818009501,1970-01-01T00:00:00+00:00,1,0,1,4,0,186852116,0,4,0.1,0.0,81525.46,0.0,0.0,81525.46,0.0,BTCUSD,[sl 81525.46],
2026-05-15 04:06:53,186860329,2026-05-15T04:06:53+00:00,1778818013122,2026-05-15T04:06:53+00:00,1778818013123,1970-01-01T00:00:00+00:00,1,0,1,4,0,186852107,0,4,0.1,0.0,81522.56,0.0,0.0,81522.56,0.0,BTCUSD,[sl 81522.56],
2026-05-15 04:06:55,186860590,2026-05-15T04:06:55+00:00,1778818015810,2026-05-15T04:06:55+00:00,1778818015810,1970-01-01T00:00:00+00:00,1,0,1,4,0,186860590,0,3,0.25,0.0,0.0,212.105,211.737,212.013,0.0,GBPJPY,OV2|4ab54f|H1|S,
2026-05-15 04:06:58,186860698,2026-05-15T04:06:58+00:00,1778818018001,2026-05-15T04:06:58+00:00,1778818018001,1970-01-01T00:00:00+00:00,1,0,1,4,0,186860698,0,3,0.12,0.0,0.0,212.103,211.743,212.013,0.0,GBPJPY,OV2|3b1225|M15|S,
2026-05-15 04:08:11,186861862,2026-05-15T04:08:11+00:00,1778818091006,2026-05-15T04:08:11+00:00,1778818091006,1970-01-01T00:00:00+00:00,0,0,1,4,0,186861862,0,3,0.19,0.0,0.0,115.286,115.646,115.376,0.0,CADJPY,OV2|96f0ff|H1|B,
2026-05-15 04:08:20,186861909,2026-05-15T04:08:20+00:00,1778818100397,2026-05-15T04:08:20+00:00,1778818100398,1970-01-01T00:00:00+00:00,0,0,1,4,0,186861909,0,3,0.25,0.0,0.0,158.399,158.671,158.467,0.0,USDJPY,OV2|4af48d|H1|B,
2026-05-15 04:08:23,186861932,2026-05-15T04:08:23+00:00,1778818103358,2026-05-15T04:08:23+00:00,1778818103358,1970-01-01T00:00:00+00:00,0,0,1,4,0,186861932,0,3,0.25,0.0,0.0,158.4,158.672,158.468,0.0,USDJPY,OV2|2de6ce|M15|B,
2026-05-15 04:08:23,186861933,2026-05-15T04:08:23+00:00,1778818103404,2026-05-15T04:08:23+00:00,1778818103404,1970-01-01T00:00:00+00:00,0,0,1,4,0,186861933,0,3,0.25,0.0,0.0,158.4,158.672,158.468,0.0,USDJPY,OV2|a9ef16|M15|B,
2026-05-15 04:09:31,186862421,2026-05-15T04:09:31+00:00,1778818171134,2026-05-15T04:09:31+00:00,1778818171134,1970-01-01T00:00:00+00:00,1,0,1,4,0,186862421,0,3,0.1,0.0,0.0,2295.55,2280.395,2291.761,0.0,ETHUSD,OV2|fddb02|M15|S,
2026-05-15 04:09:31,186862422,2026-05-15T04:09:31+00:00,1778818171190,2026-05-15T04:09:31+00:00,1778818171191,1970-01-01T00:00:00+00:00,1,0,1,4,0,186862422,0,3,0.1,0.0,0.0,2295.55,2280.395,2291.761,0.0,ETHUSD,OV2|5464a6|M15|S,
2026-05-15 04:09:31,186862423,2026-05-15T04:09:31+00:00,1778818171270,2026-05-15T04:09:31+00:00,1778818171270,1970-01-01T00:00:00+00:00,1,0,1,4,0,186862423,0,3,0.1,0.0,0.0,2295.285,2280.13,2291.496,0.0,ETHUSD,OV2|987f0b|M15|S,
2026-05-15 04:09:45,186862516,2026-05-15T04:09:45+00:00,1778818185760,2026-05-15T04:09:45+00:00,1778818185760,1970-01-01T00:00:00+00:00,1,0,1,4,0,186862516,0,3,0.05,0.0,0.0,4619.16,4588.24,4611.41,0.0,XAUUSD,OV2|59b7e1|H4|S,
2026-05-15 04:09:45,186862519,2026-05-15T04:09:45+00:00,1778818185896,2026-05-15T04:09:45+00:00,1778818185896,1970-01-01T00:00:00+00:00,1,0,1,4,0,186862519,0,3,0.05,0.0,0.0,4619.13,4588.19,4611.41,0.0,XAUUSD,OV2|7843a4|H4|S,
2026-05-15 04:09:45,186862523,2026-05-15T04:09:45+00:00,1778818185946,2026-05-15T04:09:45+00:00,1778818185946,1970-01-01T00:00:00+00:00,1,0,1,4,0,186862523,0,3,0.05,0.0,0.0,4619.09,4588.13,4611.36,0.0,XAUUSD,OV2|1f370e|H4|S,
2026-05-15 04:11:01,186863555,2026-05-15T04:11:01+00:00,1778818261443,2026-05-15T04:11:01+00:00,1778818261443,1970-01-01T00:00:00+00:00,0,0,1,4,0,186863555,0,3,0.1,0.0,0.0,0.11297,0.12897,0.11697,0.0,DOGUSD,OV2|e39145|M15|B,
2026-05-15 04:11:01,186863558,2026-05-15T04:11:01+00:00,1778818261650,2026-05-15T04:11:01+00:00,1778818261650,1970-01-01T00:00:00+00:00,0,0,1,4,0,186863558,0,3,0.1,0.0,0.0,0.11297,0.12897,0.11698,0.0,DOGUSD,OV2|660080|M15|B,
2026-05-15 04:11:07,186863649,2026-05-15T04:11:07+00:00,1778818267670,2026-05-15T04:11:07+00:00,1778818267670,1970-01-01T00:00:00+00:00,0,0,1,4,0,186863649,0,3,0.1,0.0,0.0,97.26,99.66,97.86,0.0,USOIL+,OV2|16bc21|H1|B,
2026-05-15 04:11:09,186863656,2026-05-15T04:11:09+00:00,1778818269374,2026-05-15T04:11:09+00:00,1778818269374,1970-01-01T00:00:00+00:00,0,0,1,4,0,186863656,0,3,0.1,0.0,0.0,97.26,99.66,97.86,0.0,USOIL+,OV2|768265|M15|B,
2026-05-15 04:11:23,186863715,2026-05-15T04:11:23+00:00,1778818283712,2026-05-15T04:11:23+00:00,1778818283712,1970-01-01T00:00:00+00:00,1,0,1,4,0,186863555,0,3,0.1,0.0,0.0,0.0,0.0,0.11653,0.0,DOGUSD,OMEGA_PARTIAL_CL,
2026-05-15 04:11:23,186863717,2026-05-15T04:11:23+00:00,1778818283767,2026-05-15T04:11:23+00:00,1778818283767,1970-01-01T00:00:00+00:00,1,0,1,4,0,186861862,0,3,0.19,0.0,0.0,0.0,0.0,115.353,0.0,CADJPY,OMEGA_PARTIAL_CL,
2026-05-15 04:13:20,186864349,2026-05-15T04:13:20+00:00,1778818400033,2026-05-15T04:13:20+00:00,1778818400033,1970-01-01T00:00:00+00:00,1,0,1,4,0,186863558,0,3,0.1,0.0,0.0,0.0,0.0,0.11666,0.0,DOGUSD,OMEGA_PARTIAL_CL,
2026-05-15 04:14:14,186864747,2026-05-15T04:14:14+00:00,1778818454909,2026-05-15T04:14:14+00:00,1778818454909,1970-01-01T00:00:00+00:00,1,0,1,4,0,186863649,0,4,0.1,0.0,97.86,0.0,0.0,97.86,0.0,USOIL+,[sl 97.86],
2026-05-15 04:14:14,186864748,2026-05-15T04:14:14+00:00,1778818454909,2026-05-15T04:14:14+00:00,1778818454909,1970-01-01T00:00:00+00:00,1,0,1,4,0,186863656,0,4,0.1,0.0,97.86,0.0,0.0,97.86,0.0,USOIL+,[sl 97.86],
2026-05-15 04:15:41,186865595,2026-05-15T04:15:41+00:00,1778818541313,2026-05-15T04:15:41+00:00,1778818541313,1970-01-01T00:00:00+00:00,0,0,1,4,0,186865595,0,3,0.1,0.0,0.0,1.4916800000000001,1.51692,1.49735,0.0,XRPUSD,OV2|82b1ba|H1|B,
2026-05-15 04:16:18,186866422,2026-05-15T04:16:18+00:00,1778818578751,2026-05-15T04:16:18+00:00,1778818578751,1970-01-01T00:00:00+00:00,0,0,1,4,0,186862516,0,4,0.05,0.0,4618.89,0.0,0.0,4618.89,0.0,XAUUSD,[sl 4618.89],
2026-05-15 04:16:18,186866423,2026-05-15T04:16:18+00:00,1778818578751,2026-05-15T04:16:18+00:00,1778818578752,1970-01-01T00:00:00+00:00,0,0,1,4,0,186862519,0,4,0.05,0.0,4618.89,0.0,0.0,4618.89,0.0,XAUUSD,[sl 4618.89],
2026-05-15 04:16:18,186866424,2026-05-15T04:16:18+00:00,1778818578751,2026-05-15T04:16:18+00:00,1778818578752,1970-01-01T00:00:00+00:00,0,0,1,4,0,186862523,0,4,0.05,0.0,4618.89,0.0,0.0,4618.89,0.0,XAUUSD,[sl 4618.89],
2026-05-15 04:16:43,186866687,2026-05-15T04:16:43+00:00,1778818603613,2026-05-15T04:16:43+00:00,1778818603613,1970-01-01T00:00:00+00:00,0,0,1,4,0,186862421,0,4,0.1,0.0,2294.392,0.0,0.0,2294.392,0.0,ETHUSD,[sl 2294.392],
2026-05-15 04:16:43,186866688,2026-05-15T04:16:43+00:00,1778818603613,2026-05-15T04:16:43+00:00,1778818603614,1970-01-01T00:00:00+00:00,0,0,1,4,0,186862422,0,4,0.1,0.0,2294.392,0.0,0.0,2294.392,0.0,ETHUSD,[sl 2294.392],
2026-05-15 04:16:43,186866689,2026-05-15T04:16:43+00:00,1778818603613,2026-05-15T04:16:43+00:00,1778818603614,1970-01-01T00:00:00+00:00,0,0,1,4,0,186862423,0,4,0.1,0.0,2294.392,0.0,0.0,2294.392,0.0,ETHUSD,[sl 2294.392],
2026-05-15 04:17:34,186867469,2026-05-15T04:17:34+00:00,1778818654562,2026-05-15T04:17:34+00:00,1778818654562,1970-01-01T00:00:00+00:00,1,0,1,4,0,186865595,0,4,0.1,0.0,1.49486,0.0,0.0,1.49486,0.0,XRPUSD,[sl 1.49486],
2026-05-15 04:24:11,186870628,2026-05-15T04:24:11+00:00,1778819051086,2026-05-15T04:24:11+00:00,1778819051086,1970-01-01T00:00:00+00:00,1,0,1,4,0,186861909,0,4,0.25,0.0,158.442,0.0,0.0,158.442,0.0,USDJPY,[sl 158.442],
2026-05-15 04:24:11,186870629,2026-05-15T04:24:11+00:00,1778819051086,2026-05-15T04:24:11+00:00,1778819051087,1970-01-01T00:00:00+00:00,1,0,1,4,0,186861932,0,4,0.25,0.0,158.441,0.0,0.0,158.441,0.0,USDJPY,[sl 158.441],
2026-05-15 04:24:11,186870630,2026-05-15T04:24:11+00:00,1778819051086,2026-05-15T04:24:11+00:00,1778819051087,1970-01-01T00:00:00+00:00,1,0,1,4,0,186861933,0,4,0.25,0.0,158.441,0.0,0.0,158.441,0.0,USDJPY,[sl 158.441],
2026-05-15 04:27:50,186872798,2026-05-15T04:27:50+00:00,1778819270545,2026-05-15T04:27:50+00:00,1778819270545,1970-01-01T00:00:00+00:00,0,0,1,4,0,186872798,0,3,0.1,0.0,0.0,0.11308,0.12908,0.11707,0.0,DOGUSD,OV2|1ac6c4|H1|B,
2026-05-15 04:27:50,186872800,2026-05-15T04:27:50+00:00,1778819270778,2026-05-15T04:27:50+00:00,1778819270778,1970-01-01T00:00:00+00:00,0,0,1,4,0,186872800,0,3,0.1,0.0,0.0,0.11307,0.12907,0.11706,0.0,DOGUSD,OV2|c1c9e2|H1|B,
2026-05-15 04:27:50,186872801,2026-05-15T04:27:50+00:00,1778819270994,2026-05-15T04:27:50+00:00,1778819270994,1970-01-01T00:00:00+00:00,0,0,1,4,0,186872801,0,3,0.1,0.0,0.0,0.11306,0.12906,0.11705,0.0,DOGUSD,OV2|fcde29|H1|B,
2026-05-15 04:27:54,186872824,2026-05-15T04:27:54+00:00,1778819274661,2026-05-15T04:27:54+00:00,1778819274661,1970-01-01T00:00:00+00:00,0,0,1,4,0,186872824,0,3,0.1,0.0,0.0,103.3,105.7,103.9,0.0,UKOIL+,OV2|c6ce90|H4|B,
2026-05-15 04:28:47,186873323,2026-05-15T04:28:47+00:00,1778819327091,2026-05-15T04:28:47+00:00,1778819327091,1970-01-01T00:00:00+00:00,1,0,1,4,0,186873323,0,3,0.05,0.0,0.0,4622.27,4586.38,4613.31,0.0,XAUUSD,OV2|b780e2|H4|S,
2026-05-15 04:28:47,186873325,2026-05-15T04:28:47+00:00,1778819327216,2026-05-15T04:28:47+00:00,1778819327216,1970-01-01T00:00:00+00:00,1,0,1,4,0,186873325,0,3,0.05,0.0,0.0,4621.86,4585.97,4612.97,0.0,XAUUSD,OV2|b495b2|H4|S,
2026-05-15 04:30:20,186874699,2026-05-15T04:30:20+00:00,1778819420135,2026-05-15T04:30:20+00:00,1778819420135,1970-01-01T00:00:00+00:00,1,0,1,4,0,186874699,0,3,0.2,0.0,0.0,184.744,184.424,184.664,0.0,EURJPY,OV2|fc4a5d|H1|S,
2026-05-15 04:30:21,186874709,2026-05-15T04:30:21+00:00,1778819421034,2026-05-15T04:30:21+00:00,1778819421034,1970-01-01T00:00:00+00:00,1,0,1,4,0,186874709,0,3,0.2,0.0,0.0,184.744,184.424,184.664,0.0,EURJPY,OV2|e0dd93|H1|S,
2026-05-15 04:30:40,186874909,2026-05-15T04:30:40+00:00,1778819440412,2026-05-15T04:30:40+00:00,1778819440413,1970-01-01T00:00:00+00:00,0,0,1,4,0,186874909,0,3,0.2,0.0,0.0,0.78468,0.7874,0.78536,0.0,USDCHF,OV2|c74fac|H1|B,
2026-05-15 04:30:41,186874919,2026-05-15T04:30:41+00:00,1778819441643,2026-05-15T04:30:41+00:00,1778819441643,1970-01-01T00:00:00+00:00,0,0,1,4,0,186874919,0,3,0.2,0.0,0.0,0.78466,0.78738,0.78534,0.0,USDCHF,OV2|35a7cf|H1|B,
2026-05-15 04:30:48,186874970,2026-05-15T04:30:48+00:00,1778819448097,2026-05-15T04:30:48+00:00,1778819448097,1970-01-01T00:00:00+00:00,0,0,1,4,0,186860590,0,3,0.06,0.0,0.0,0.0,0.0,211.909,0.0,GBPJPY,OMEGA_PARTIAL_CL,
2026-05-15 04:30:48,186874973,2026-05-15T04:30:48+00:00,1778819448234,2026-05-15T04:30:48+00:00,1778819448234,1970-01-01T00:00:00+00:00,0,0,1,4,0,186860698,0,3,0.03,0.0,0.0,0.0,0.0,211.907,0.0,GBPJPY,OMEGA_PARTIAL_CL,
2026-05-15 04:30:49,186875014,2026-05-15T04:30:49+00:00,1778819449814,2026-05-15T04:30:49+00:00,1778819449814,1970-01-01T00:00:00+00:00,1,0,1,4,0,186872798,0,3,0.1,0.0,0.0,0.0,0.0,0.11623,0.0,DOGUSD,OMEGA_PARTIAL_CL,
2026-05-15 04:35:13,186877283,2026-05-15T04:35:13+00:00,1778819713541,2026-05-15T04:35:13+00:00,1778819713541,1970-01-01T00:00:00+00:00,1,0,1,4,0,186874909,0,4,0.2,0.0,0.78521,0.0,0.0,0.78521,0.0,USDCHF,[sl 0.78521],
2026-05-15 04:35:36,186877445,2026-05-15T04:35:36+00:00,1778819736387,2026-05-15T04:35:36+00:00,1778819736388,1970-01-01T00:00:00+00:00,1,0,1,4,0,186874919,0,4,0.2,0.0,0.78519,0.0,0.0,0.78519,0.0,USDCHF,[sl 0.78519],
2026-05-15 04:40:04,186879567,2026-05-15T04:40:04+00:00,1778820004590,2026-05-15T04:40:04+00:00,1778820004590,1970-01-01T00:00:00+00:00,1,0,1,4,0,186872824,0,4,0.1,0.0,103.75,0.0,0.0,103.75,0.0,UKOIL+,[sl 103.75],
2026-05-15 04:42:50,186880522,2026-05-15T04:42:50+00:00,1778820170458,2026-05-15T04:42:50+00:00,1778820170459,1970-01-01T00:00:00+00:00,0,0,1,4,0,186873325,0,4,0.05,0.0,4621.86,0.0,0.0,4621.86,0.0,XAUUSD,[sl 4621.86],
2026-05-15 04:43:00,186880626,2026-05-15T04:43:00+00:00,1778820180572,2026-05-15T04:43:00+00:00,1778820180572,1970-01-01T00:00:00+00:00,0,0,1,4,0,186873323,0,4,0.05,0.0,4622.46,0.0,0.0,4622.46,0.0,XAUUSD,[sl 4622.46],
2026-05-15 05:01:40,186889201,2026-05-15T05:01:40+00:00,1778821300192,2026-05-15T05:01:40+00:00,1778821300192,1970-01-01T00:00:00+00:00,0,0,1,4,0,186874709,0,4,0.2,0.0,184.692,0.0,0.0,184.692,0.0,EURJPY,[sl 184.692],
2026-05-15 05:26:45,186896256,2026-05-15T05:26:45+00:00,1778822805765,2026-05-15T05:26:45+00:00,1778822805765,1970-01-01T00:00:00+00:00,0,0,1,4,0,186874699,0,4,0.2,0.0,184.703,0.0,0.0,184.703,0.0,EURJPY,[sl 184.703],
2026-05-15 05:51:41,186902955,2026-05-15T05:51:41+00:00,1778824301327,2026-05-15T05:51:41+00:00,1778824301327,1970-01-01T00:00:00+00:00,0,0,1,4,0,186860590,0,4,0.19,0.0,212.013,0.0,0.0,212.013,0.0,GBPJPY,[sl 212.013],
2026-05-15 05:51:41,186902956,2026-05-15T05:51:41+00:00,1778824301327,2026-05-15T05:51:41+00:00,1778824301328,1970-01-01T00:00:00+00:00,0,0,1,4,0,186860698,0,4,0.09,0.0,212.013,0.0,0.0,212.013,0.0,GBPJPY,[sl 212.013],
2026-05-15 05:51:44,186903178,2026-05-15T05:51:44+00:00,1778824304386,2026-05-15T05:51:44+00:00,1778824304387,1970-01-01T00:00:00+00:00,0,0,1,4,0,186840945,0,4,0.07,0.0,1.16574,0.0,0.0,1.16574,0.0,EURUSD,[sl 1.16574],
2026-05-15 05:51:44,186903179,2026-05-15T05:51:44+00:00,1778824304386,2026-05-15T05:51:44+00:00,1778824304387,1970-01-01T00:00:00+00:00,0,0,1,4,0,186840948,0,4,0.07,0.0,1.16574,0.0,0.0,1.16574,0.0,EURUSD,[sl 1.16574],
2026-05-15 07:45:54,186928934,2026-05-15T07:45:54+00:00,1778831154103,2026-05-15T07:45:54+00:00,1778831154103,1970-01-01T00:00:00+00:00,0,0,1,4,0,186840295,0,5,0.05,0.0,0.58772,0.0,0.0,0.58772,0.0,NZDUSD,[tp 0.58772],
2026-05-15 07:45:54,186928935,2026-05-15T07:45:54+00:00,1778831154103,2026-05-15T07:45:54+00:00,1778831154103,1970-01-01T00:00:00+00:00,0,0,1,4,0,186840297,0,5,0.05,0.0,0.58772,0.0,0.0,0.58772,0.0,NZDUSD,[tp 0.58772],
2026-05-15 08:32:11,186949288,2026-05-15T08:32:11+00:00,1778833931550,2026-05-15T08:32:11+00:00,1778833931551,1970-01-01T00:00:00+00:00,1,0,1,4,0,186872800,0,4,0.1,0.0,0.11307,0.0,0.0,0.11307,0.0,DOGUSD,[sl 0.11307],
2026-05-15 08:32:13,186949385,2026-05-15T08:32:13+00:00,1778833933090,2026-05-15T08:32:13+00:00,1778833933090,1970-01-01T00:00:00+00:00,1,0,1,4,0,186872801,0,4,0.1,0.0,0.11306,0.0,0.0,0.11306,0.0,DOGUSD,[sl 0.11306],
2026-05-15 08:45:22,186956602,2026-05-15T08:45:22+00:00,1778834722685,2026-05-15T08:45:22+00:00,1778834722685,1970-01-01T00:00:00+00:00,0,0,1,4,0,186814764,0,5,0.14,0.0,1.3348900000000001,0.0,0.0,1.3348900000000001,0.0,GBPUSD,[tp 1.33489],
2026-05-15 08:45:22,186956603,2026-05-15T08:45:22+00:00,1778834722685,2026-05-15T08:45:22+00:00,1778834722686,1970-01-01T00:00:00+00:00,0,0,1,4,0,186814783,0,5,0.19,0.0,1.3348900000000001,0.0,0.0,1.3348900000000001,0.0,GBPUSD,[tp 1.33489],
2026-05-15 11:08:56,187007880,2026-05-15T11:08:56+00:00,1778843336851,2026-05-15T11:08:56+00:00,1778843336851,1970-01-01T00:00:00+00:00,1,0,1,4,0,186757982,0,5,0.07,0.0,104.67,0.0,0.0,104.67,0.0,UKOIL+,[tp 104.67],
2026-05-16 01:08:08,187272307,2026-05-16T01:08:08+00:00,1778893688599,2026-05-16T01:08:08+00:00,1778893688599,1970-01-01T00:00:00+00:00,0,0,1,4,0,187272307,0,3,0.1,0.0,0.0,0.10946,0.12546,0.11346,0.0,DOGUSD,OV2|1a3216|M15|B,
2026-05-16 01:10:07,187272343,2026-05-16T01:10:07+00:00,1778893807575,2026-05-16T01:10:07+00:00,1778893807575,1970-01-01T00:00:00+00:00,1,0,1,4,0,187272307,0,3,0.1,0.0,0.0,0.0,0.0,0.11324,0.0,DOGUSD,OMEGA_PARTIAL_CL,
2026-05-16 01:27:14,187272487,2026-05-16T01:27:14+00:00,1778894834652,2026-05-16T01:27:14+00:00,1778894834652,1970-01-01T00:00:00+00:00,1,0,1,4,0,187272487,0,3,0.1,0.0,0.0,2222.392,2210.392,2219.392,0.0,ETHUSD,OV2|1184ad|H1|S,
2026-05-16 01:30:43,187272514,2026-05-16T01:30:43+00:00,1778895043415,2026-05-16T01:30:43+00:00,1778895043415,1970-01-01T00:00:00+00:00,0,0,1,4,0,187272487,0,4,0.1,0.0,2221.128,0.0,0.0,2221.128,0.0,ETHUSD,[sl 2221.128],
2026-05-18 01:34:33,187344012,2026-05-18T01:34:33+00:00,1779068073923,2026-05-18T01:34:33+00:00,1779068073923,1970-01-01T00:00:00+00:00,1,0,1,4,0,187344012,0,3,0.05,0.0,0.0,4553.5,4527.35,4546.97,0.0,XAUUSD,OV2|f41715|H1|S,
2026-05-18 01:35:58,187344322,2026-05-18T01:35:58+00:00,1779068158766,2026-05-18T01:35:58+00:00,1779068158766,1970-01-01T00:00:00+00:00,1,0,1,4,0,187344322,0,3,0.15,0.0,0.0,23880.72,23826.57,23867.2,0.0,GER40,OV2|60a5c4|M15|S,
2026-05-18 01:39:07,187345109,2026-05-18T01:39:07+00:00,1779068347856,2026-05-18T01:39:07+00:00,1779068347856,1970-01-01T00:00:00+00:00,0,0,1,4,0,187345109,0,3,0.18,0.0,0.0,184.48,184.88,184.58,0.0,EURJPY,OV2|b1748f|M15|B,
2026-05-18 01:40:00,187345348,2026-05-18T01:40:00+00:00,1779068400319,2026-05-18T01:40:00+00:00,1779068400319,1970-01-01T00:00:00+00:00,0,0,1,4,0,187344322,0,4,0.15,0.0,23880.72,0.0,0.0,23880.72,0.0,GER40,[sl 23880.72],
2026-05-18 01:40:48,187345588,2026-05-18T01:40:48+00:00,1779068448918,2026-05-18T01:40:48+00:00,1779068448918,1970-01-01T00:00:00+00:00,0,0,1,4,0,187344012,0,4,0.05,0.0,4553.91,0.0,0.0,4553.91,0.0,XAUUSD,[sl 4553.91],
2026-05-18 01:44:05,187346382,2026-05-18T01:44:05+00:00,1779068645791,2026-05-18T01:44:05+00:00,1779068645791,1970-01-01T00:00:00+00:00,1,0,1,4,0,187346382,0,3,0.23,0.0,0.0,211.509,211.109,211.409,0.0,GBPJPY,OV2|c9d2cc|H1|S,
2026-05-18 01:47:58,187347272,2026-05-18T01:47:58+00:00,1779068878618,2026-05-18T01:47:58+00:00,1779068878619,1970-01-01T00:00:00+00:00,1,0,1,4,0,187347272,0,3,0.04,0.0,0.0,4555.0,4534.62,4552.5,0.0,XAUUSD,OV2|0f5964|H1|S,
2026-05-18 01:48:54,187347379,2026-05-18T01:48:54+00:00,1779068934925,2026-05-18T01:48:54+00:00,1779068934925,1970-01-01T00:00:00+00:00,0,0,1,4,0,187347379,0,3,0.21,0.0,0.0,115.406,115.75,115.491,0.0,CADJPY,OV2|bfa348|H1|B,
2026-05-18 01:49:25,187347415,2026-05-18T01:49:25+00:00,1779068965676,2026-05-18T01:49:25+00:00,1779068965676,1970-01-01T00:00:00+00:00,0,0,1,4,0,187347415,0,3,0.1,0.0,0.0,101.34,103.74,101.94,0.0,USOIL+,OV2|fea41b|H1|B,
2026-05-18 01:50:03,187347458,2026-05-18T01:50:03+00:00,1779069003694,2026-05-18T01:50:03+00:00,1779069003695,1970-01-01T00:00:00+00:00,1,0,1,4,0,187345109,0,3,0.18,0.0,0.0,0.0,0.0,184.556,0.0,EURJPY,OMEGA_PARTIAL_CL,
2026-05-18 01:50:03,187347460,2026-05-18T01:50:03+00:00,1779069003856,2026-05-18T01:50:03+00:00,1779069003856,1970-01-01T00:00:00+00:00,1,0,1,4,0,187347379,0,3,0.21,0.0,0.0,0.0,0.0,115.471,0.0,CADJPY,OMEGA_PARTIAL_CL,
2026-05-18 01:50:05,187347467,2026-05-18T01:50:05+00:00,1779069005339,2026-05-18T01:50:05+00:00,1779069005339,1970-01-01T00:00:00+00:00,0,0,1,4,0,187346382,0,4,0.23,0.0,211.452,0.0,0.0,211.452,0.0,GBPJPY,[sl 211.452],
2026-05-18 01:56:04,187348824,2026-05-18T01:56:04+00:00,1779069364060,2026-05-18T01:56:04+00:00,1779069364061,1970-01-01T00:00:00+00:00,1,0,1,4,0,187347415,0,4,0.1,0.0,101.81,0.0,0.0,101.81,0.0,USOIL+,[sl 101.81],
2026-05-18 01:57:02,187349216,2026-05-18T01:57:02+00:00,1779069422873,2026-05-18T01:57:02+00:00,1779069422873,1970-01-01T00:00:00+00:00,1,0,1,4,0,187349216,0,3,0.25,0.0,0.0,1.33296,1.32696,1.3314599999999999,0.0,GBPUSD,OV2|a2a1c8|H1|S,
2026-05-18 01:58:52,187349879,2026-05-18T01:58:52+00:00,1779069532219,2026-05-18T01:58:52+00:00,1779069532219,1970-01-01T00:00:00+00:00,1,0,1,4,0,187349879,0,3,0.12,0.0,0.0,23882.13,23843.77,23876.15,0.0,GER40,OV2|ab18b0|M15|S,
2026-05-18 02:01:35,187350734,2026-05-18T02:01:35+00:00,1779069695496,2026-05-18T02:01:35+00:00,1779069695496,1970-01-01T00:00:00+00:00,0,0,1,4,0,187349216,0,3,0.25,0.0,0.0,0.0,0.0,1.33175,0.0,GBPUSD,OMEGA_PARTIAL_CL,
2026-05-18 02:04:09,187351083,2026-05-18T02:04:09+00:00,1779069849649,2026-05-18T02:04:09+00:00,1779069849649,1970-01-01T00:00:00+00:00,1,0,1,4,0,187351083,0,3,0.1,0.0,0.0,2177.851,2167.351,2176.355,0.0,ETHUSD,OV2|9df1e2|H1|S,
2026-05-18 02:04:35,187351107,2026-05-18T02:04:35+00:00,1779069875404,2026-05-18T02:04:35+00:00,1779069875404,1970-01-01T00:00:00+00:00,0,0,1,4,0,187351107,0,3,0.25,0.0,0.0,201.74,202.132,201.838,0.0,CHFJPY,OV2|d3e923|M15|B,
2026-05-18 02:05:39,187351428,2026-05-18T02:05:39+00:00,1779069939050,2026-05-18T02:05:39+00:00,1779069939050,1970-01-01T00:00:00+00:00,1,0,1,4,0,187351428,0,3,0.2,0.0,0.0,113.607,113.279,113.525,0.0,AUDJPY,OV2|7b62f2|H1|S,
2026-05-18 02:09:31,187352727,2026-05-18T02:09:31+00:00,1779070171254,2026-05-18T02:09:31+00:00,1779070171254,1970-01-01T00:00:00+00:00,0,0,1,4,0,187347272,0,3,0.01,0.0,0.0,0.0,0.0,4541.95,0.0,XAUUSD,OMEGA_PARTIAL_CL,
2026-05-18 02:09:31,187352728,2026-05-18T02:09:31+00:00,1779070171466,2026-05-18T02:09:31+00:00,1779070171466,1970-01-01T00:00:00+00:00,0,0,1,4,0,187351083,0,3,0.1,0.0,0.0,0.0,0.0,2172.298,0.0,ETHUSD,OMEGA_PARTIAL_CL,
2026-05-18 02:09:31,187352730,2026-05-18T02:09:31+00:00,1779070171508,2026-05-18T02:09:31+00:00,1779070171508,1970-01-01T00:00:00+00:00,1,0,1,4,0,187351107,0,3,0.25,0.0,0.0,0.0,0.0,201.804,0.0,CHFJPY,OMEGA_PARTIAL_CL,
2026-05-18 02:11:30,187353331,2026-05-18T02:11:30+00:00,1779070290515,2026-05-18T02:11:30+00:00,1779070290515,1970-01-01T00:00:00+00:00,0,0,1,4,0,187351428,0,4,0.2,0.0,113.548,0.0,0.0,113.548,0.0,AUDJPY,[sl 113.548],
2026-05-18 02:17:18,187354401,2026-05-18T02:17:18+00:00,1779070638062,2026-05-18T02:17:18+00:00,1779070638062,1970-01-01T00:00:00+00:00,0,0,1,4,0,187349879,0,5,0.12,0.0,23843.77,0.0,0.0,23843.77,0.0,GER40,[tp 23843.77],
2026-05-18 02:20:52,187355507,2026-05-18T02:20:52+00:00,1779070852439,2026-05-18T02:20:52+00:00,1779070852439,1970-01-01T00:00:00+00:00,1,0,1,4,0,187355507,0,3,0.15,0.0,0.0,113.579,113.227,113.488,0.0,AUDJPY,OV2|1b3737|H4|S,
2026-05-18 02:22:51,187355923,2026-05-18T02:22:51+00:00,1779070971966,2026-05-18T02:22:51+00:00,1779070971966,1970-01-01T00:00:00+00:00,1,0,1,4,0,187355923,0,3,0.22,0.0,0.0,211.597,211.253,211.512,0.0,GBPJPY,OV2|ac40c6|H4|S,
2026-05-18 02:24:38,187356237,2026-05-18T02:24:38+00:00,1779071078615,2026-05-18T02:24:38+00:00,1779071078615,1970-01-01T00:00:00+00:00,0,0,1,4,0,187356237,0,3,0.25,0.0,0.0,201.739,202.107,201.831,0.0,CHFJPY,OV2|248c62|M15|B,
2026-05-18 02:26:38,187356708,2026-05-18T02:26:38+00:00,1779071198168,2026-05-18T02:26:38+00:00,1779071198168,1970-01-01T00:00:00+00:00,1,0,1,4,0,187356237,0,3,0.25,0.0,0.0,0.0,0.0,201.798,0.0,CHFJPY,OMEGA_PARTIAL_CL,
2026-05-18 02:29:04,187357213,2026-05-18T02:29:04+00:00,1779071344019,2026-05-18T02:29:04+00:00,1779071344019,1970-01-01T00:00:00+00:00,1,0,1,4,0,187357213,0,3,0.1,0.0,0.0,2170.958,2158.028,2169.458,0.0,ETHUSD,OV2|1cbd80|H1|S,
2026-05-18 02:29:46,187357310,2026-05-18T02:29:46+00:00,1779071386207,2026-05-18T02:29:46+00:00,1779071386207,1970-01-01T00:00:00+00:00,0,0,1,4,0,187357310,0,3,0.25,0.0,0.0,201.731,202.123,201.829,0.0,CHFJPY,OV2|037913|M15|B,
2026-05-18 02:30:24,187358373,2026-05-18T02:30:24+00:00,1779071424351,2026-05-18T02:30:24+00:00,1779071424351,1970-01-01T00:00:00+00:00,1,0,1,4,0,187358373,0,3,0.25,0.0,0.0,1.33277,1.32677,1.33128,0.0,GBPUSD,OV2|cb264b|H1|S,
2026-05-18 02:31:35,187358788,2026-05-18T02:31:35+00:00,1779071495725,2026-05-18T02:31:35+00:00,1779071495725,1970-01-01T00:00:00+00:00,0,0,1,4,0,187355923,0,4,0.22,0.0,211.541,0.0,0.0,211.541,0.0,GBPJPY,[sl 211.541],
2026-05-18 02:32:03,187358850,2026-05-18T02:32:03+00:00,1779071523920,2026-05-18T02:32:03+00:00,1779071523920,1970-01-01T00:00:00+00:00,0,0,1,4,0,187358850,0,3,0.25,0.0,0.0,158.796,159.068,158.866,0.0,USDJPY,OV2|03a139|H1|B,
2026-05-18 02:33:00,187359035,2026-05-18T02:33:00+00:00,1779071580510,2026-05-18T02:33:00+00:00,1779071580510,1970-01-01T00:00:00+00:00,0,0,1,4,0,187357213,0,4,0.1,0.0,2170.958,0.0,0.0,2170.958,0.0,ETHUSD,[sl 2170.958],
2026-05-18 02:34:03,187359179,2026-05-18T02:34:03+00:00,1779071643611,2026-05-18T02:34:03+00:00,1779071643611,1970-01-01T00:00:00+00:00,0,0,1,4,0,187355507,0,3,0.04,0.0,0.0,0.0,0.0,113.45,0.0,AUDJPY,OMEGA_PARTIAL_CL,
2026-05-18 02:34:03,187359181,2026-05-18T02:34:03+00:00,1779071643719,2026-05-18T02:34:03+00:00,1779071643719,1970-01-01T00:00:00+00:00,0,0,1,4,0,187358373,0,3,0.25,0.0,0.0,0.0,0.0,1.33161,0.0,GBPUSD,OMEGA_PARTIAL_CL,
2026-05-18 02:34:12,187359306,2026-05-18T02:34:12+00:00,1779071652129,2026-05-18T02:34:12+00:00,1779071652129,1970-01-01T00:00:00+00:00,1,0,1,4,0,187358850,0,4,0.25,0.0,158.848,0.0,0.0,158.848,0.0,USDJPY,[sl 158.848],
2026-05-18 02:34:12,187359307,2026-05-18T02:34:12+00:00,1779071652237,2026-05-18T02:34:12+00:00,1779071652237,1970-01-01T00:00:00+00:00,1,0,1,4,0,187357310,0,4,0.25,0.0,201.803,0.0,0.0,201.803,0.0,CHFJPY,[sl 201.803],
2026-05-18 02:37:20,187360211,2026-05-18T02:37:20+00:00,1779071840067,2026-05-18T02:37:20+00:00,1779071840067,1970-01-01T00:00:00+00:00,1,0,1,4,0,187360211,0,3,0.25,0.0,0.0,1.33291,1.32691,1.33141,0.0,GBPUSD,OV2|40337f|H1|S,
2026-05-18 02:39:30,187360606,2026-05-18T02:39:30+00:00,1779071970060,2026-05-18T02:39:30+00:00,1779071970060,1970-01-01T00:00:00+00:00,0,0,1,4,0,187360606,0,3,0.25,0.0,0.0,158.798,159.07,158.866,0.0,USDJPY,OV2|3fcfb5|H1|B,
2026-05-18 02:40:31,187361587,2026-05-18T02:40:31+00:00,1779072031640,2026-05-18T02:40:31+00:00,1779072031641,1970-01-01T00:00:00+00:00,0,0,1,4,0,187347272,0,5,0.03,0.0,4534.62,0.0,0.0,4534.62,0.0,XAUUSD,[tp 4534.62],
2026-05-18 02:41:22,187362972,2026-05-18T02:41:22+00:00,1779072082835,2026-05-18T02:41:22+00:00,1779072082835,1970-01-01T00:00:00+00:00,1,0,1,4,0,187362972,0,3,0.2,0.0,0.0,0.58381,0.58077,0.58305,0.0,NZDUSD,OV2|752185|H1|S,
2026-05-18 02:42:08,187363891,2026-05-18T02:42:08+00:00,1779072128345,2026-05-18T02:42:08+00:00,1779072128345,1970-01-01T00:00:00+00:00,0,0,1,4,0,187360211,0,3,0.06,0.0,0.0,0.0,0.0,1.3311,0.0,GBPUSD,OMEGA_PARTIAL_CL,
2026-05-18 02:42:08,187363892,2026-05-18T02:42:08+00:00,1779072128405,2026-05-18T02:42:08+00:00,1779072128405,1970-01-01T00:00:00+00:00,0,0,1,4,0,187362972,0,3,0.2,0.0,0.0,0.0,0.0,0.58326,0.0,NZDUSD,OMEGA_PARTIAL_CL,
2026-05-18 02:46:22,187365712,2026-05-18T02:46:22+00:00,1779072382573,2026-05-18T02:46:22+00:00,1779072382573,1970-01-01T00:00:00+00:00,1,0,1,4,0,187360606,0,4,0.25,0.0,158.848,0.0,0.0,158.848,0.0,USDJPY,[sl 158.848],
2026-05-18 02:47:39,187366148,2026-05-18T02:47:39+00:00,1779072459811,2026-05-18T02:47:39+00:00,1779072459811,1970-01-01T00:00:00+00:00,1,0,1,4,0,187366148,0,3,0.2,0.0,0.0,0.58381,0.58085,0.58307,0.0,NZDUSD,OV2|d06e29|H1|S,
2026-05-18 02:47:54,187366178,2026-05-18T02:47:54+00:00,1779072474085,2026-05-18T02:47:54+00:00,1779072474085,1970-01-01T00:00:00+00:00,0,0,1,4,0,187366178,0,3,0.2,0.0,0.0,1.37548,1.37836,1.3761999999999999,0.0,USDCAD,OV2|c951bf|H1|B,
2026-05-18 02:50:09,187367110,2026-05-18T02:50:09+00:00,1779072609894,2026-05-18T02:50:09+00:00,1779072609894,1970-01-01T00:00:00+00:00,0,0,1,4,0,187366148,0,3,0.2,0.0,0.0,0.0,0.0,0.5834,0.0,NZDUSD,OMEGA_PARTIAL_CL,
2026-05-18 02:51:57,187367353,2026-05-18T02:51:57+00:00,1779072717465,2026-05-18T02:51:57+00:00,1779072717466,1970-01-01T00:00:00+00:00,1,0,1,4,0,187367353,0,3,0.23,0.0,0.0,211.524,211.156,211.432,0.0,GBPJPY,OV2|096232|H1|S,
2026-05-18 02:52:45,187367682,2026-05-18T02:52:45+00:00,1779072765994,2026-05-18T02:52:45+00:00,1779072765994,1970-01-01T00:00:00+00:00,0,0,1,4,0,187367682,0,3,0.25,0.0,0.0,201.684,202.068,201.78,0.0,CHFJPY,OV2|4bc499|M15|B,
2026-05-18 02:55:44,187369542,2026-05-18T02:55:44+00:00,1779072944301,2026-05-18T02:55:44+00:00,1779072944301,1970-01-01T00:00:00+00:00,1,0,1,4,0,187369542,0,3,0.05,0.0,0.0,4540.62,4523.16,4538.14,0.0,XAUUSD,OV2|c83a08|H1|S,
2026-05-18 02:55:59,187369581,2026-05-18T02:55:59+00:00,1779072959105,2026-05-18T02:55:59+00:00,1779072959105,1970-01-01T00:00:00+00:00,0,0,1,4,0,187369581,0,3,0.1,0.0,0.0,101.59,103.99,102.19,0.0,USOIL+,OV2|5c20a5|H1|B,
2026-05-18 02:56:23,187369656,2026-05-18T02:56:23+00:00,1779072983015,2026-05-18T02:56:23+00:00,1779072983016,1970-01-01T00:00:00+00:00,0,0,1,4,0,187369542,0,4,0.05,0.0,4540.62,0.0,0.0,4540.62,0.0,XAUUSD,[sl 4540.62],
2026-05-18 02:58:36,187370532,2026-05-18T02:58:36+00:00,1779073116346,2026-05-18T02:58:36+00:00,1779073116346,1970-01-01T00:00:00+00:00,1,0,1,4,0,187369581,0,3,0.1,0.0,0.0,0.0,0.0,101.96,0.0,USOIL+,OMEGA_PARTIAL_CL,
2026-05-18 02:58:41,187370553,2026-05-18T02:58:41+00:00,1779073121095,2026-05-18T02:58:41+00:00,1779073121096,1970-01-01T00:00:00+00:00,1,0,1,4,0,187367682,0,4,0.25,0.0,201.752,0.0,0.0,201.752,0.0,CHFJPY,[sl 201.752],
2026-05-18 03:00:10,187371618,2026-05-18T03:00:10+00:00,1779073210044,2026-05-18T03:00:10+00:00,1779073210044,1970-01-01T00:00:00+00:00,0,0,1,4,0,187367353,0,4,0.23,0.0,211.468,0.0,0.0,211.468,0.0,GBPJPY,[sl 211.468],
2026-05-18 03:00:34,187371940,2026-05-18T03:00:34+00:00,1779073234579,2026-05-18T03:00:34+00:00,1779073234579,1970-01-01T00:00:00+00:00,1,0,1,4,0,187371940,0,3,0.01,0.0,0.0,76.869,75.786,76.61,0.0,XAGUSD,OV2|cd35ed|H1|S,
2026-05-18 03:00:48,187372181,2026-05-18T03:00:48+00:00,1779073248539,2026-05-18T03:00:48+00:00,1779073248539,1970-01-01T00:00:00+00:00,1,0,1,4,0,187372181,0,3,0.1,0.0,0.0,1.4129,1.3468200000000001,1.39805,0.0,XRPUSD,OV2|9e867d|H1|S,
2026-05-18 03:00:48,187372182,2026-05-18T03:00:48+00:00,1779073248557,2026-05-18T03:00:48+00:00,1779073248557,1970-01-01T00:00:00+00:00,1,0,1,4,0,187366178,0,4,0.2,0.0,1.37606,0.0,0.0,1.37606,0.0,USDCAD,[sl 1.37606],
2026-05-18 03:02:45,187373428,2026-05-18T03:02:45+00:00,1779073365011,2026-05-18T03:02:45+00:00,1779073365012,1970-01-01T00:00:00+00:00,0,0,1,4,0,187360211,0,4,0.19,0.0,1.33141,0.0,0.0,1.33141,0.0,GBPUSD,[sl 1.33141],
2026-05-18 03:05:34,187376106,2026-05-18T03:05:34+00:00,1779073534715,2026-05-18T03:05:34+00:00,1779073534715,1970-01-01T00:00:00+00:00,0,0,1,4,0,187355507,0,5,0.11,0.0,113.227,0.0,0.0,113.227,0.0,AUDJPY,[tp 113.227],
2026-05-18 03:06:29,187377207,2026-05-18T03:06:29+00:00,1779073589840,2026-05-18T03:06:29+00:00,1779073589840,1970-01-01T00:00:00+00:00,0,0,1,4,0,187377207,0,3,0.25,0.0,0.0,158.775,159.047,158.843,0.0,USDJPY,OV2|569f99|H1|B,
2026-05-18 03:08:40,187378302,2026-05-18T03:08:40+00:00,1779073720979,2026-05-18T03:08:40+00:00,1779073720979,1970-01-01T00:00:00+00:00,1,0,1,4,0,187378302,0,3,0.1,0.0,0.0,77057.78,76309.16,77042.78,0.0,BTCUSD,OV2|1c50db|H1|S,
2026-05-18 03:09:35,187379393,2026-05-18T03:09:35+00:00,1779073775888,2026-05-18T03:09:35+00:00,1779073775888,1970-01-01T00:00:00+00:00,1,0,1,4,0,187379393,0,3,0.12,0.0,0.0,23745.05,23663.93,23739.55,0.0,GER40,OV2|85f3a6|M15|S,
2026-05-18 03:11:25,187381054,2026-05-18T03:11:25+00:00,1779073885532,2026-05-18T03:11:25+00:00,1779073885532,1970-01-01T00:00:00+00:00,1,0,1,4,0,187377207,0,4,0.25,0.0,158.82,0.0,0.0,158.82,0.0,USDJPY,[sl 158.820],
2026-05-18 03:11:33,187381126,2026-05-18T03:11:33+00:00,1779073893054,2026-05-18T03:11:33+00:00,1779073893054,1970-01-01T00:00:00+00:00,0,0,1,4,0,187381126,0,3,0.2,0.0,0.0,1.37514,1.37802,1.37586,0.0,USDCAD,OV2|100f99|H1|B,
2026-05-18 03:11:47,187381391,2026-05-18T03:11:47+00:00,1779073907355,2026-05-18T03:11:47+00:00,1779073907355,1970-01-01T00:00:00+00:00,0,0,1,4,0,187371940,0,4,0.01,0.0,76.61,0.0,0.0,76.61,0.0,XAGUSD,[sl 76.610],
2026-05-18 03:11:48,187381416,2026-05-18T03:11:48+00:00,1779073908956,2026-05-18T03:11:48+00:00,1779073908956,1970-01-01T00:00:00+00:00,0,0,1,4,0,187379393,0,4,0.12,0.0,23745.05,0.0,0.0,23745.05,0.0,GER40,[sl 23745.05],
2026-05-18 03:11:57,187381502,2026-05-18T03:11:57+00:00,1779073917356,2026-05-18T03:11:57+00:00,1779073917356,1970-01-01T00:00:00+00:00,0,0,1,4,0,187378302,0,4,0.1,0.0,77057.78,0.0,0.0,77057.78,0.0,BTCUSD,[sl 77057.78],
2026-05-18 03:12:56,187381955,2026-05-18T03:12:56+00:00,1779073976374,2026-05-18T03:12:56+00:00,1779073976374,1970-01-01T00:00:00+00:00,0,0,1,4,0,187381955,0,3,0.2,0.0,0.0,0.78633,0.78905,0.78701,0.0,USDCHF,OV2|096ed5|H1|B,
2026-05-18 03:17:15,187386038,2026-05-18T03:17:15+00:00,1779074235034,2026-05-18T03:17:15+00:00,1779074235034,1970-01-01T00:00:00+00:00,1,0,1,4,0,187386038,0,3,0.25,0.0,0.0,1.16248,1.15848,1.16148,0.0,EURUSD,OV2|d67188|M15|S,
2026-05-18 03:17:57,187386359,2026-05-18T03:17:57+00:00,1779074277266,2026-05-18T03:17:57+00:00,1779074277266,1970-01-01T00:00:00+00:00,0,0,1,4,0,187386359,0,3,0.25,0.0,0.0,201.761,202.153,201.859,0.0,CHFJPY,OV2|702895|M15|B,
2026-05-18 03:18:35,187386668,2026-05-18T03:18:35+00:00,1779074315952,2026-05-18T03:18:35+00:00,1779074315952,1970-01-01T00:00:00+00:00,1,0,1,4,0,187386668,0,3,0.1,0.0,0.0,651.94,629.37,646.3,0.0,BNBUSD,OV2|cf71d7|H1|S,
2026-05-18 03:20:04,187387584,2026-05-18T03:20:04+00:00,1779074404414,2026-05-18T03:20:04+00:00,1779074404414,1970-01-01T00:00:00+00:00,1,0,1,4,0,187381126,0,4,0.2,0.0,1.37586,0.0,0.0,1.37586,0.0,USDCAD,[sl 1.37586],
2026-05-18 03:22:31,187389909,2026-05-18T03:22:31+00:00,1779074551758,2026-05-18T03:22:31+00:00,1779074551758,1970-01-01T00:00:00+00:00,1,0,1,4,0,187386359,0,4,0.25,0.0,201.816,0.0,0.0,201.816,0.0,CHFJPY,[sl 201.816],
2026-05-18 03:23:01,187390067,2026-05-18T03:23:01+00:00,1779074581939,2026-05-18T03:23:01+00:00,1779074581940,1970-01-01T00:00:00+00:00,0,0,1,4,0,187386038,0,4,0.25,0.0,1.16172,0.0,0.0,1.16172,0.0,EURUSD,[sl 1.16172],
2026-05-18 03:24:36,187391844,2026-05-18T03:24:36+00:00,1779074676899,2026-05-18T03:24:36+00:00,1779074676899,1970-01-01T00:00:00+00:00,1,0,1,4,0,187391844,0,3,0.25,0.0,0.0,211.535,211.143,211.437,0.0,GBPJPY,OV2|24ab92|H1|S,
2026-05-18 03:25:33,187392458,2026-05-18T03:25:33+00:00,1779074733899,2026-05-18T03:25:33+00:00,1779074733899,1970-01-01T00:00:00+00:00,1,0,1,4,0,187392458,0,3,0.2,0.0,0.0,0.58377,0.58073,0.58301,0.0,NZDUSD,OV2|02ede0|H1|S,
2026-05-18 03:25:47,187392527,2026-05-18T03:25:47+00:00,1779074747057,2026-05-18T03:25:47+00:00,1779074747057,1970-01-01T00:00:00+00:00,0,0,1,4,0,187372181,0,4,0.1,0.0,1.39805,0.0,0.0,1.39805,0.0,XRPUSD,[sl 1.39805],
2026-05-18 03:27:38,187393144,2026-05-18T03:27:38+00:00,1779074858707,2026-05-18T03:27:38+00:00,1779074858707,1970-01-01T00:00:00+00:00,0,0,1,4,0,187393144,0,3,0.2,0.0,0.0,1.3755,1.37838,1.37622,0.0,USDCAD,OV2|322d11|H1|B,
2026-05-18 03:28:34,187393368,2026-05-18T03:28:34+00:00,1779074914948,2026-05-18T03:28:34+00:00,1779074914948,1970-01-01T00:00:00+00:00,0,0,1,4,0,187393368,0,3,0.1,0.0,0.0,105.77,108.17,106.37,0.0,UKOIL+,OV2|cf1f5d|H1|B,
2026-05-18 03:30:59,187394839,2026-05-18T03:30:59+00:00,1779075059253,2026-05-18T03:30:59+00:00,1779075059253,1970-01-01T00:00:00+00:00,0,0,1,4,0,187391844,0,4,0.25,0.0,211.437,0.0,0.0,211.437,0.0,GBPJPY,[sl 211.437],
2026-05-18 03:31:27,187395018,2026-05-18T03:31:27+00:00,1779075087675,2026-05-18T03:31:27+00:00,1779075087675,1970-01-01T00:00:00+00:00,1,0,1,4,0,187393144,0,4,0.2,0.0,1.3759700000000001,0.0,0.0,1.3759700000000001,0.0,USDCAD,[sl 1.37597],
2026-05-18 03:32:58,187395357,2026-05-18T03:32:58+00:00,1779075178919,2026-05-18T03:32:58+00:00,1779075178919,1970-01-01T00:00:00+00:00,1,0,1,4,0,187395357,0,3,0.1,0.0,0.0,85.576,83.225,84.988,0.0,SOLUSD,OV2|2df2b8|H1|S,
2026-05-18 03:33:38,187396898,2026-05-18T03:33:38+00:00,1779075218633,2026-05-18T03:33:38+00:00,1779075218633,1970-01-01T00:00:00+00:00,1,0,1,4,0,187396898,0,3,0.25,0.0,0.0,1.16242,1.15842,1.16141,0.0,EURUSD,OV2|5c17d2|H1|S,
2026-05-18 03:35:42,187403392,2026-05-18T03:35:42+00:00,1779075342388,2026-05-18T03:35:42+00:00,1779075342388,1970-01-01T00:00:00+00:00,0,0,1,4,0,187403392,0,3,0.25,0.0,0.0,158.783,159.055,158.853,0.0,USDJPY,OV2|4d64b4|H1|B,
2026-05-18 03:35:56,187403551,2026-05-18T03:35:56+00:00,1779075356523,2026-05-18T03:35:56+00:00,1779075356523,1970-01-01T00:00:00+00:00,0,0,1,4,0,187403551,0,3,0.24,0.0,0.0,115.38,115.724,115.466,0.0,CADJPY,OV2|1c7aa8|H1|B,
2026-05-18 03:37:52,187405007,2026-05-18T03:37:52+00:00,1779075472261,2026-05-18T03:37:52+00:00,1779075472261,1970-01-01T00:00:00+00:00,0,0,1,4,0,187386668,0,4,0.1,0.0,646.3,0.0,0.0,646.3,0.0,BNBUSD,[sl 646.30],
2026-05-18 03:38:01,187405119,2026-05-18T03:38:01+00:00,1779075481651,2026-05-18T03:38:01+00:00,1779075481651,1970-01-01T00:00:00+00:00,1,0,1,4,0,187403551,0,4,0.24,0.0,115.444,0.0,0.0,115.444,0.0,CADJPY,[sl 115.444],
2026-05-18 03:39:31,187405764,2026-05-18T03:39:31+00:00,1779075571254,2026-05-18T03:39:31+00:00,1779075571254,1970-01-01T00:00:00+00:00,1,0,1,4,0,187405764,0,3,0.17,0.0,0.0,23783.36,23685.12,23777.4,0.0,GER40,OV2|805d44|M15|S,
2026-05-18 03:41:50,187407773,2026-05-18T03:41:50+00:00,1779075710937,2026-05-18T03:41:50+00:00,1779075710937,1970-01-01T00:00:00+00:00,1,0,1,4,0,187407773,0,3,0.01,0.0,0.0,74.672,73.157,74.418,0.0,XAGUSD,OV2|8f7254|M15|S,
2026-05-18 03:44:43,187409057,2026-05-18T03:44:43+00:00,1779075883076,2026-05-18T03:44:43+00:00,1779075883076,1970-01-01T00:00:00+00:00,0,0,1,4,0,187409057,0,3,0.1,0.0,0.0,101.78,104.18,102.38,0.0,USOIL+,OV2|afd9f8|H1|B,
2026-05-18 03:44:49,187409156,2026-05-18T03:44:49+00:00,1779075889194,2026-05-18T03:44:49+00:00,1779075889194,1970-01-01T00:00:00+00:00,1,0,1,4,0,187381955,0,3,0.05,0.0,0.0,0.0,0.0,0.78742,0.0,USDCHF,OMEGA_PARTIAL_CL,
2026-05-18 03:44:49,187409226,2026-05-18T03:44:49+00:00,1779075889344,2026-05-18T03:44:49+00:00,1779075889344,1970-01-01T00:00:00+00:00,1,0,1,4,0,187393368,0,3,0.03,0.0,0.0,0.0,0.0,106.79,0.0,UKOIL+,OMEGA_PARTIAL_CL,
2026-05-18 03:44:49,187409227,2026-05-18T03:44:49+00:00,1779075889373,2026-05-18T03:44:49+00:00,1779075889373,1970-01-01T00:00:00+00:00,1,0,1,4,0,187393368,0,3,0.02,0.0,0.0,0.0,0.0,106.79,0.0,UKOIL+,OMEGA_PARTIAL_CL,
2026-05-18 03:44:49,187409258,2026-05-18T03:44:49+00:00,1779075889510,2026-05-18T03:44:49+00:00,1779075889510,1970-01-01T00:00:00+00:00,0,0,1,4,0,187396898,0,3,0.06,0.0,0.0,0.0,0.0,1.16113,0.0,EURUSD,OMEGA_PARTIAL_CL,
2026-05-18 03:46:09,187410530,2026-05-18T03:46:09+00:00,1779075969682,2026-05-18T03:46:09+00:00,1779075969682,1970-01-01T00:00:00+00:00,0,0,1,4,0,187407773,0,4,0.01,0.0,74.418,0.0,0.0,74.418,0.0,XAGUSD,[sl 74.418],
2026-05-18 03:47:37,187411220,2026-05-18T03:47:37+00:00,1779076057389,2026-05-18T03:47:37+00:00,1779076057389,1970-01-01T00:00:00+00:00,0,0,1,4,0,187411220,0,3,0.25,0.0,0.0,115.378,115.722,115.464,0.0,CADJPY,OV2|0e6b31|H1|B,
2026-05-18 03:48:34,187411588,2026-05-18T03:48:34+00:00,1779076114844,2026-05-18T03:48:34+00:00,1779076114844,1970-01-01T00:00:00+00:00,0,0,1,4,0,187405764,0,4,0.17,0.0,23777.4,0.0,0.0,23777.4,0.0,GER40,[sl 23777.40],
2026-05-18 03:52:46,187413385,2026-05-18T03:52:46+00:00,1779076366017,2026-05-18T03:52:46+00:00,1779076366017,1970-01-01T00:00:00+00:00,0,0,1,4,0,187392458,0,3,0.05,0.0,0.0,0.0,0.0,0.58272,0.0,NZDUSD,OMEGA_PARTIAL_CL,
2026-05-18 03:52:46,187413386,2026-05-18T03:52:46+00:00,1779076366149,2026-05-18T03:52:46+00:00,1779076366149,1970-01-01T00:00:00+00:00,1,0,1,4,0,187403392,0,3,0.06,0.0,0.0,0.0,0.0,158.911,0.0,USDJPY,OMEGA_PARTIAL_CL,
2026-05-18 03:52:46,187413387,2026-05-18T03:52:46+00:00,1779076366184,2026-05-18T03:52:46+00:00,1779076366184,1970-01-01T00:00:00+00:00,1,0,1,4,0,187403392,0,3,0.05,0.0,0.0,0.0,0.0,158.911,0.0,USDJPY,OMEGA_PARTIAL_CL,
2026-05-18 03:57:14,187416856,2026-05-18T03:57:14+00:00,1779076634272,2026-05-18T03:57:14+00:00,1779076634273,1970-01-01T00:00:00+00:00,0,0,1,4,0,187395357,0,4,0.1,0.0,85.196,0.0,0.0,85.196,0.0,SOLUSD,[sl 85.196],
2026-05-18 04:00:01,187419683,2026-05-18T04:00:01+00:00,1779076801349,2026-05-18T04:00:01+00:00,1779076801350,1970-01-01T00:00:00+00:00,1,0,1,4,0,187409057,0,4,0.1,0.0,102.38,0.0,0.0,102.38,0.0,USOIL+,[sl 102.38],
2026-05-18 04:00:48,187421132,2026-05-18T04:00:48+00:00,1779076848320,2026-05-18T04:00:48+00:00,1779076848320,1970-01-01T00:00:00+00:00,1,0,1,4,0,187411220,0,3,0.06,0.0,0.0,0.0,0.0,115.502,0.0,CADJPY,OMEGA_PARTIAL_CL,
2026-05-18 04:02:45,187422673,2026-05-18T04:02:45+00:00,1779076965208,2026-05-18T04:02:45+00:00,1779076965208,1970-01-01T00:00:00+00:00,1,0,1,4,0,187422673,0,3,0.18,0.0,0.0,211.581,211.213,211.489,0.0,GBPJPY,OV2|da80c1|H4|S,
2026-05-18 04:02:56,187422951,2026-05-18T04:02:56+00:00,1779076976170,2026-05-18T04:02:56+00:00,1779076976170,1970-01-01T00:00:00+00:00,1,0,1,4,0,187422951,0,3,0.17,0.0,0.0,23776.85,23688.1,23770.9,0.0,GER40,OV2|2d2140|M15|S,
2026-05-18 04:06:11,187425578,2026-05-18T04:06:11+00:00,1779077171105,2026-05-18T04:06:11+00:00,1779077171105,1970-01-01T00:00:00+00:00,0,0,1,4,0,187422951,0,4,0.17,0.0,23776.85,0.0,0.0,23776.85,0.0,GER40,[sl 23776.85],
2026-05-18 04:09:55,187427940,2026-05-18T04:09:55+00:00,1779077395388,2026-05-18T04:09:55+00:00,1779077395389,1970-01-01T00:00:00+00:00,0,0,1,4,0,187396898,0,4,0.19,0.0,1.16141,0.0,0.0,1.16141,0.0,EURUSD,[sl 1.16141],
2026-05-18 04:09:57,187427990,2026-05-18T04:09:57+00:00,1779077397677,2026-05-18T04:09:57+00:00,1779077397677,1970-01-01T00:00:00+00:00,0,0,1,4,0,187392458,0,4,0.15,0.0,0.58301,0.0,0.0,0.58301,0.0,NZDUSD,[sl 0.58301],
2026-05-18 04:12:01,187429404,2026-05-18T04:12:01+00:00,1779077521187,2026-05-18T04:12:01+00:00,1779077521188,1970-01-01T00:00:00+00:00,1,0,1,4,0,187429404,0,3,0.05,0.0,0.0,4506.44,4466.11,4503.96,0.0,XAUUSD,OV2|6a6ded|M15|S,
2026-05-18 04:12:26,187429623,2026-05-18T04:12:26+00:00,1779077546105,2026-05-18T04:12:26+00:00,1779077546105,1970-01-01T00:00:00+00:00,1,0,1,4,0,187429623,0,3,0.1,0.0,0.0,0.11049,0.09269,0.10649,0.0,DOGUSD,OV2|bb9ba9|H1|S,
2026-05-18 04:14:58,187430714,2026-05-18T04:14:58+00:00,1779077698539,2026-05-18T04:14:58+00:00,1779077698539,1970-01-01T00:00:00+00:00,0,0,1,4,0,187430714,0,3,0.1,0.0,0.0,102.52,104.92,103.12,0.0,USOIL+,OV2|b46585|M15|B,
2026-05-18 04:20:45,187433300,2026-05-18T04:20:45+00:00,1779078045896,2026-05-18T04:20:45+00:00,1779078045896,1970-01-01T00:00:00+00:00,0,0,1,4,0,187433300,0,3,0.2,0.0,0.0,1.37528,1.37816,1.376,0.0,USDCAD,OV2|52c7a4|H1|B,
2026-05-18 04:22:34,187434111,2026-05-18T04:22:34+00:00,1779078154332,2026-05-18T04:22:34+00:00,1779078154332,1970-01-01T00:00:00+00:00,1,0,1,4,0,187430714,0,3,0.03,0.0,0.0,0.0,0.0,103.45,0.0,USOIL+,OMEGA_PARTIAL_CL,
2026-05-18 04:22:34,187434112,2026-05-18T04:22:34+00:00,1779078154364,2026-05-18T04:22:34+00:00,1779078154364,1970-01-01T00:00:00+00:00,1,0,1,4,0,187433300,0,3,0.2,0.0,0.0,0.0,0.0,1.37565,0.0,USDCAD,OMEGA_PARTIAL_CL,
2026-05-18 04:24:13,187435003,2026-05-18T04:24:13+00:00,1779078253380,2026-05-18T04:24:13+00:00,1779078253380,1970-01-01T00:00:00+00:00,0,0,1,4,0,187429404,0,4,0.05,0.0,4506.13,0.0,0.0,4506.13,0.0,XAUUSD,[sl 4506.13],
2026-05-18 04:26:30,187436683,2026-05-18T04:26:30+00:00,1779078390580,2026-05-18T04:26:30+00:00,1779078390580,1970-01-01T00:00:00+00:00,1,0,1,4,0,187436683,0,3,0.1,0.0,0.0,85.27,83.341,84.788,0.0,SOLUSD,OV2|bf0424|H1|S,
2026-05-18 04:27:40,187437438,2026-05-18T04:27:40+00:00,1779078460869,2026-05-18T04:27:40+00:00,1779078460870,1970-01-01T00:00:00+00:00,1,0,1,4,0,187437438,0,3,0.15,0.0,0.0,23717.9,23616.54,23711.9,0.0,GER40,OV2|205a3d|M15|S,
2026-05-18 04:28:03,187437600,2026-05-18T04:28:03+00:00,1779078483916,2026-05-18T04:28:03+00:00,1779078483916,1970-01-01T00:00:00+00:00,0,0,1,4,0,187437438,0,4,0.15,0.0,23717.9,0.0,0.0,23717.9,0.0,GER40,[sl 23717.90],
2026-05-18 04:28:19,187437687,2026-05-18T04:28:19+00:00,1779078499286,2026-05-18T04:28:19+00:00,1779078499286,1970-01-01T00:00:00+00:00,0,0,1,4,0,187422673,0,4,0.18,0.0,211.489,0.0,0.0,211.489,0.0,GBPJPY,[sl 211.489],
2026-05-18 04:30:31,187438547,2026-05-18T04:30:31+00:00,1779078631496,2026-05-18T04:30:31+00:00,1779078631496,1970-01-01T00:00:00+00:00,0,0,1,4,0,187438547,0,3,0.2,0.0,0.0,1.37522,1.3780999999999999,1.37594,0.0,USDCAD,OV2|219282|H1|B,
2026-05-18 04:31:52,187439148,2026-05-18T04:31:52+00:00,1779078712876,2026-05-18T04:31:52+00:00,1779078712876,1970-01-01T00:00:00+00:00,1,0,1,4,0,187438547,0,4,0.2,0.0,1.37572,0.0,0.0,1.37572,0.0,USDCAD,[sl 1.37572],
2026-05-18 04:34:32,187440512,2026-05-18T04:34:32+00:00,1779078872283,2026-05-18T04:34:32+00:00,1779078872283,1970-01-01T00:00:00+00:00,1,0,1,4,0,187440512,0,3,0.23,0.0,0.0,1.16241,1.15841,1.16141,0.0,EURUSD,OV2|de494c|H1|S,
2026-05-18 04:35:44,187441330,2026-05-18T04:35:44+00:00,1779078944430,2026-05-18T04:35:44+00:00,1779078944431,1970-01-01T00:00:00+00:00,1,0,1,4,0,187381955,0,4,0.15,0.0,0.78701,0.0,0.0,0.78701,0.0,USDCHF,[sl 0.78701],
2026-05-18 04:36:04,187441527,2026-05-18T04:36:04+00:00,1779078964248,2026-05-18T04:36:04+00:00,1779078964248,1970-01-01T00:00:00+00:00,1,0,1,4,0,187441527,0,3,0.1,0.0,0.0,1.39383,1.36166,1.3866,0.0,XRPUSD,OV2|a0dc8b|H1|S,
2026-05-18 04:36:11,187441548,2026-05-18T04:36:11+00:00,1779078971280,2026-05-18T04:36:11+00:00,1779078971280,1970-01-01T00:00:00+00:00,0,0,1,4,0,187436683,0,4,0.1,0.0,84.913,0.0,0.0,84.913,0.0,SOLUSD,[sl 84.913],
2026-05-18 04:39:59,187443899,2026-05-18T04:39:59+00:00,1779079199379,2026-05-18T04:39:59+00:00,1779079199379,1970-01-01T00:00:00+00:00,0,0,1,4,0,187443899,0,3,0.18,0.0,0.0,1.37516,1.37804,1.37588,0.0,USDCAD,OV2|b60dca|H1|B,
2026-05-18 04:42:20,187444501,2026-05-18T04:42:20+00:00,1779079340905,2026-05-18T04:42:20+00:00,1779079340905,1970-01-01T00:00:00+00:00,1,0,1,4,0,187444501,0,3,0.05,0.0,0.0,4510.6,4481.76,4508.1,0.0,XAUUSD,OV2|324ed1|H1|S,
2026-05-18 04:42:46,187444675,2026-05-18T04:42:46+00:00,1779079366482,2026-05-18T04:42:46+00:00,1779079366482,1970-01-01T00:00:00+00:00,0,0,1,4,0,187444501,0,4,0.05,0.0,4510.6,0.0,0.0,4510.6,0.0,XAUUSD,[sl 4510.60],
2026-05-18 04:43:01,187444795,2026-05-18T04:43:01+00:00,1779079381332,2026-05-18T04:43:01+00:00,1779079381332,1970-01-01T00:00:00+00:00,1,0,1,4,0,187444795,0,3,0.2,0.0,0.0,0.58351,0.58047,0.58275,0.0,NZDUSD,OV2|6a76b0|H1|S,
2026-05-18 04:45:03,187445818,2026-05-18T04:45:03+00:00,1779079503978,2026-05-18T04:45:03+00:00,1779079503978,1970-01-01T00:00:00+00:00,1,0,1,4,0,187430714,0,4,0.07,0.0,103.12,0.0,0.0,103.12,0.0,USOIL+,[sl 103.12],
2026-05-18 04:48:11,187448533,2026-05-18T04:48:11+00:00,1779079691850,2026-05-18T04:48:11+00:00,1779079691851,1970-01-01T00:00:00+00:00,0,0,1,4,0,187441527,0,4,0.1,0.0,1.39012,0.0,0.0,1.39012,0.0,XRPUSD,[sl 1.39012],
2026-05-18 04:48:26,187448952,2026-05-18T04:48:26+00:00,1779079706484,2026-05-18T04:48:26+00:00,1779079706484,1970-01-01T00:00:00+00:00,0,0,1,4,0,187440512,0,4,0.23,0.0,1.16163,0.0,0.0,1.16163,0.0,EURUSD,[sl 1.16163],
2026-05-18 04:48:26,187448953,2026-05-18T04:48:26+00:00,1779079706541,2026-05-18T04:48:26+00:00,1779079706542,1970-01-01T00:00:00+00:00,0,0,1,4,0,187444795,0,4,0.2,0.0,0.58301,0.0,0.0,0.58301,0.0,NZDUSD,[sl 0.58301],
2026-05-18 04:51:20,187450685,2026-05-18T04:51:20+00:00,1779079880533,2026-05-18T04:51:20+00:00,1779079880533,1970-01-01T00:00:00+00:00,1,0,1,4,0,187443899,0,4,0.18,0.0,1.37568,0.0,0.0,1.37568,0.0,USDCAD,[sl 1.37568],
2026-05-18 04:52:15,187451848,2026-05-18T04:52:15+00:00,1779079935221,2026-05-18T04:52:15+00:00,1779079935221,1970-01-01T00:00:00+00:00,0,0,1,4,0,187451848,0,3,0.21,0.0,0.0,211.434,211.858,211.54,0.0,GBPJPY,OV2|8da890|M15|B,
2026-05-18 04:52:58,187452201,2026-05-18T04:52:58+00:00,1779079978358,2026-05-18T04:52:58+00:00,1779079978359,1970-01-01T00:00:00+00:00,0,0,1,4,0,187429623,0,4,0.1,0.0,0.1067,0.0,0.0,0.1067,0.0,DOGUSD,[sl 0.10670],
2026-05-18 04:54:09,187452891,2026-05-18T04:54:09+00:00,1779080049030,2026-05-18T04:54:09+00:00,1779080049030,1970-01-01T00:00:00+00:00,1,0,1,4,0,187452891,0,3,0.11,0.0,0.0,23762.4,23683.76,23756.4,0.0,GER40,OV2|1388c0|M15|S,
2026-05-18 05:00:41,187455643,2026-05-18T05:00:41+00:00,1779080441083,2026-05-18T05:00:41+00:00,1779080441083,1970-01-01T00:00:00+00:00,1,0,1,4,0,187455643,0,3,0.1,0.0,0.0,0.11053,0.09273,0.10653,0.0,DOGUSD,OV2|46b409|H1|S,
2026-05-18 05:00:53,187455705,2026-05-18T05:00:53+00:00,1779080453258,2026-05-18T05:00:53+00:00,1779080453258,1970-01-01T00:00:00+00:00,1,0,1,4,0,187455705,0,3,0.24,0.0,0.0,1.16256,1.15856,1.16156,0.0,EURUSD,OV2|6754d2|H1|S,
2026-05-18 05:01:06,187455809,2026-05-18T05:01:06+00:00,1779080466283,2026-05-18T05:01:06+00:00,1779080466284,1970-01-01T00:00:00+00:00,0,0,1,4,0,187455809,0,3,0.1,0.0,0.0,102.33,104.73,102.93,0.0,USOIL+,OV2|205eef|H1|B,
2026-05-18 05:02:11,187456468,2026-05-18T05:02:11+00:00,1779080531791,2026-05-18T05:02:11+00:00,1779080531791,1970-01-01T00:00:00+00:00,0,0,1,4,0,187456468,0,3,0.18,0.0,0.0,0.78658,0.7893,0.78726,0.0,USDCHF,OV2|8dbd18|H1|B,
2026-05-18 05:05:18,187457978,2026-05-18T05:05:18+00:00,1779080718358,2026-05-18T05:05:18+00:00,1779080718358,1970-01-01T00:00:00+00:00,0,0,1,4,0,187452891,0,3,0.03,0.0,0.0,0.0,0.0,23732.9,0.0,GER40,OMEGA_PARTIAL_CL,
2026-05-18 05:05:18,187457979,2026-05-18T05:05:18+00:00,1779080718405,2026-05-18T05:05:18+00:00,1779080718405,1970-01-01T00:00:00+00:00,0,0,1,4,0,187455643,0,3,0.1,0.0,0.0,0.0,0.0,0.10701,0.0,DOGUSD,OMEGA_PARTIAL_CL,
2026-05-18 05:05:24,187458010,2026-05-18T05:05:24+00:00,1779080724427,2026-05-18T05:05:24+00:00,1779080724427,1970-01-01T00:00:00+00:00,1,0,1,4,0,187451848,0,4,0.21,0.0,211.516,0.0,0.0,211.516,0.0,GBPJPY,[sl 211.516],
2026-05-18 05:07:55,187458667,2026-05-18T05:07:55+00:00,1779080875594,2026-05-18T05:07:55+00:00,1779080875594,1970-01-01T00:00:00+00:00,1,0,1,4,0,187456468,0,4,0.18,0.0,0.78726,0.0,0.0,0.78726,0.0,USDCHF,[sl 0.78726],
2026-05-18 05:09:11,187458988,2026-05-18T05:09:11+00:00,1779080951736,2026-05-18T05:09:11+00:00,1779080951736,1970-01-01T00:00:00+00:00,1,0,1,4,0,187458988,0,3,0.09,0.0,0.0,77162.65,76828.06,77147.65,0.0,BTCUSD,OV2|b39f2f|H1|S,
2026-05-18 05:11:33,187459276,2026-05-18T05:11:33+00:00,1779081093025,2026-05-18T05:11:33+00:00,1779081093026,1970-01-01T00:00:00+00:00,0,0,1,4,0,187459276,0,3,0.25,0.0,0.0,211.45,211.802,211.538,0.0,GBPJPY,OV2|e2dd98|M15|B,
2026-05-18 05:11:57,187459450,2026-05-18T05:11:57+00:00,1779081117369,2026-05-18T05:11:57+00:00,1779081117369,1970-01-01T00:00:00+00:00,0,0,1,4,0,187455705,0,4,0.24,0.0,1.1616900000000001,0.0,0.0,1.1616900000000001,0.0,EURUSD,[sl 1.16169],
2026-05-18 05:12:33,187459812,2026-05-18T05:12:33+00:00,1779081153409,2026-05-18T05:12:33+00:00,1779081153409,1970-01-01T00:00:00+00:00,0,0,1,4,0,187458988,0,4,0.09,0.0,77162.65,0.0,0.0,77162.65,0.0,BTCUSD,[sl 77162.65],
2026-05-18 05:15:08,187460916,2026-05-18T05:15:08+00:00,1779081308782,2026-05-18T05:15:08+00:00,1779081308782,1970-01-01T00:00:00+00:00,0,0,1,4,0,187452891,0,4,0.08,0.0,23756.4,0.0,0.0,23756.4,0.0,GER40,[sl 23756.40],
2026-05-18 05:15:56,187461095,2026-05-18T05:15:56+00:00,1779081356890,2026-05-18T05:15:56+00:00,1779081356890,1970-01-01T00:00:00+00:00,1,0,1,4,0,187455809,0,4,0.1,0.0,102.81,0.0,0.0,102.81,0.0,USOIL+,[sl 102.81],
2026-05-18 05:18:04,187461649,2026-05-18T05:18:04+00:00,1779081484877,2026-05-18T05:18:04+00:00,1779081484877,1970-01-01T00:00:00+00:00,1,0,1,4,0,187461649,0,3,0.1,0.0,0.0,2120.434,2109.604,2118.934,0.0,ETHUSD,OV2|033608|H1|S,
2026-05-18 05:18:27,187461724,2026-05-18T05:18:27+00:00,1779081507245,2026-05-18T05:18:27+00:00,1779081507246,1970-01-01T00:00:00+00:00,0,0,1,4,0,187461649,0,4,0.1,0.0,2120.434,0.0,0.0,2120.434,0.0,ETHUSD,[sl 2120.434],
2026-05-18 05:21:08,187462331,2026-05-18T05:21:08+00:00,1779081668785,2026-05-18T05:21:08+00:00,1779081668785,1970-01-01T00:00:00+00:00,1,0,1,4,0,187462331,0,3,0.15,0.0,0.0,0.58387,0.58083,0.58311,0.0,NZDUSD,OV2|8d7eac|H1|S,
2026-05-18 05:23:29,187462860,2026-05-18T05:23:29+00:00,1779081809586,2026-05-18T05:23:29+00:00,1779081809586,1970-01-01T00:00:00+00:00,0,0,1,4,0,187462331,0,4,0.15,0.0,0.58333,0.0,0.0,0.58333,0.0,NZDUSD,[sl 0.58333],
2026-05-18 05:27:44,187464173,2026-05-18T05:27:44+00:00,1779082064192,2026-05-18T05:27:44+00:00,1779082064192,1970-01-01T00:00:00+00:00,1,0,1,4,0,187464173,0,3,0.18,0.0,0.0,23766.87,23701.86,23760.9,0.0,GER40,OV2|0cf632|M15|S,
2026-05-18 05:28:09,187464277,2026-05-18T05:28:09+00:00,1779082089000,2026-05-18T05:28:09+00:00,1779082089001,1970-01-01T00:00:00+00:00,1,0,1,4,0,187464277,0,3,0.1,0.0,0.0,1.40336,1.3784,1.39775,0.0,XRPUSD,OV2|27a6ff|H1|S,
2026-05-18 05:29:32,187464509,2026-05-18T05:29:32+00:00,1779082172931,2026-05-18T05:29:32+00:00,1779082172931,1970-01-01T00:00:00+00:00,0,0,1,4,0,187464509,0,3,0.1,0.0,0.0,102.3,104.7,102.9,0.0,USOIL+,OV2|6b6799|H1|B,
2026-05-18 05:31:17,187465616,2026-05-18T05:31:17+00:00,1779082277686,2026-05-18T05:31:17+00:00,1779082277687,1970-01-01T00:00:00+00:00,1,0,1,4,0,187464509,0,4,0.1,0.0,102.75,0.0,0.0,102.75,0.0,USOIL+,[sl 102.75],
2026-05-18 05:33:45,187466596,2026-05-18T05:33:45+00:00,1779082425951,2026-05-18T05:33:45+00:00,1779082425951,1970-01-01T00:00:00+00:00,0,0,1,4,0,187466596,0,3,0.1,0.0,0.0,102.27,104.67,102.87,0.0,USOIL+,OV2|fe9a38|H1|B,
2026-05-18 05:35:48,187466958,2026-05-18T05:35:48+00:00,1779082548570,2026-05-18T05:35:48+00:00,1779082548570,1970-01-01T00:00:00+00:00,1,0,1,4,0,187459276,0,4,0.25,0.0,211.538,0.0,0.0,211.538,0.0,GBPJPY,[sl 211.538],
2026-05-18 05:35:52,187466979,2026-05-18T05:35:52+00:00,1779082552144,2026-05-18T05:35:52+00:00,1779082552144,1970-01-01T00:00:00+00:00,1,0,1,4,0,187466979,0,3,0.1,0.0,0.0,0.11047,0.09267,0.10647,0.0,DOGUSD,OV2|f631fa|H1|S,
2026-05-18 05:36:45,187467217,2026-05-18T05:36:45+00:00,1779082605546,2026-05-18T05:36:45+00:00,1779082605546,1970-01-01T00:00:00+00:00,1,0,1,4,0,187467217,0,3,0.22,0.0,0.0,1.3328,1.3268,1.3313,0.0,GBPUSD,OV2|0ccc0c|H1|S,
2026-05-18 05:39:31,187468102,2026-05-18T05:39:31+00:00,1779082771961,2026-05-18T05:39:31+00:00,1779082771961,1970-01-01T00:00:00+00:00,0,0,1,4,0,187464173,0,3,0.04,0.0,0.0,0.0,0.0,23735.4,0.0,GER40,OMEGA_PARTIAL_CL,
2026-05-18 05:39:32,187468103,2026-05-18T05:39:32+00:00,1779082772230,2026-05-18T05:39:32+00:00,1779082772231,1970-01-01T00:00:00+00:00,0,0,1,4,0,187464277,0,3,0.1,0.0,0.0,0.0,0.0,1.3939,0.0,XRPUSD,OMEGA_PARTIAL_CL,
2026-05-18 05:39:32,187468104,2026-05-18T05:39:32+00:00,1779082772282,2026-05-18T05:39:32+00:00,1779082772282,1970-01-01T00:00:00+00:00,0,0,1,4,0,187466979,0,3,0.1,0.0,0.0,0.0,0.0,0.10673,0.0,DOGUSD,OMEGA_PARTIAL_CL,
2026-05-18 05:40:39,187468433,2026-05-18T05:40:39+00:00,1779082839337,2026-05-18T05:40:39+00:00,1779082839337,1970-01-01T00:00:00+00:00,1,0,1,4,0,187466596,0,4,0.1,0.0,102.73,0.0,0.0,102.73,0.0,USOIL+,[sl 102.73],
2026-05-18 05:44:34,187469512,2026-05-18T05:44:34+00:00,1779083074627,2026-05-18T05:44:34+00:00,1779083074627,1970-01-01T00:00:00+00:00,0,0,1,4,0,187469512,0,3,0.1,0.0,0.0,102.22,104.62,102.82,0.0,USOIL+,OV2|493bd7|H1|B,
2026-05-18 05:44:48,187469554,2026-05-18T05:44:48+00:00,1779083088136,2026-05-18T05:44:48+00:00,1779083088137,1970-01-01T00:00:00+00:00,0,0,1,4,0,187469554,0,3,0.2,0.0,0.0,1.3749799999999999,1.37786,1.3757,0.0,USDCAD,OV2|014d58|H1|B,
2026-05-18 05:46:18,187469894,2026-05-18T05:46:18+00:00,1779083178794,2026-05-18T05:46:18+00:00,1779083178794,1970-01-01T00:00:00+00:00,1,0,1,4,0,187469894,0,3,0.25,0.0,0.0,211.613,211.245,211.521,0.0,GBPJPY,OV2|ce0972|H4|S,
2026-05-18 05:46:55,187470286,2026-05-18T05:46:55+00:00,1779083215892,2026-05-18T05:46:55+00:00,1779083215892,1970-01-01T00:00:00+00:00,1,0,1,4,0,187470286,0,3,0.04,0.0,0.0,4543.63,4523.84,4541.08,0.0,XAUUSD,OV2|33f315|H1|S,
2026-05-18 05:48:24,187470912,2026-05-18T05:48:24+00:00,1779083304124,2026-05-18T05:48:24+00:00,1779083304125,1970-01-01T00:00:00+00:00,0,0,1,4,0,187469894,0,4,0.25,0.0,211.554,0.0,0.0,211.554,0.0,GBPJPY,[sl 211.554],
2026-05-18 05:51:44,187472072,2026-05-18T05:51:44+00:00,1779083504357,2026-05-18T05:51:44+00:00,1779083504358,1970-01-01T00:00:00+00:00,1,0,1,4,0,187472072,0,3,0.2,0.0,0.0,0.58388,0.58076,0.5831,0.0,NZDUSD,OV2|5b78d1|H1|S,
2026-05-18 05:52:20,187472231,2026-05-18T05:52:20+00:00,1779083540412,2026-05-18T05:52:20+00:00,1779083540413,1970-01-01T00:00:00+00:00,0,0,1,4,0,187464173,0,5,0.14,0.0,23701.86,0.0,0.0,23701.86,0.0,GER40,[tp 23701.86],
2026-05-18 05:54:02,187472742,2026-05-18T05:54:02+00:00,1779083642107,2026-05-18T05:54:02+00:00,1779083642107,1970-01-01T00:00:00+00:00,1,0,1,4,0,187472742,0,3,0.1,0.0,0.0,1.39328,1.37402,1.38895,0.0,XRPUSD,OV2|5a10cf|H1|S,
2026-05-18 05:55:02,187472875,2026-05-18T05:55:02+00:00,1779083702956,2026-05-18T05:55:02+00:00,1779083702956,1970-01-01T00:00:00+00:00,1,0,1,4,0,187469512,0,4,0.1,0.0,102.7,0.0,0.0,102.7,0.0,USOIL+,[sl 102.70],
2026-05-18 05:56:20,187473158,2026-05-18T05:56:20+00:00,1779083780455,2026-05-18T05:56:20+00:00,1779083780456,1970-01-01T00:00:00+00:00,0,0,1,4,0,187467217,0,3,0.06,0.0,0.0,0.0,0.0,1.33071,0.0,GBPUSD,OMEGA_PARTIAL_CL,
2026-05-18 05:56:20,187473160,2026-05-18T05:56:20+00:00,1779083780577,2026-05-18T05:56:20+00:00,1779083780577,1970-01-01T00:00:00+00:00,0,0,1,4,0,187467217,0,3,0.04,0.0,0.0,0.0,0.0,1.33071,0.0,GBPUSD,OMEGA_PARTIAL_CL,
2026-05-18 05:56:20,187473161,2026-05-18T05:56:20+00:00,1779083780665,2026-05-18T05:56:20+00:00,1779083780666,1970-01-01T00:00:00+00:00,1,0,1,4,0,187469554,0,3,0.05,0.0,0.0,0.0,0.0,1.37592,0.0,USDCAD,OMEGA_PARTIAL_CL,
2026-05-18 05:56:20,187473163,2026-05-18T05:56:20+00:00,1779083780788,2026-05-18T05:56:20+00:00,1779083780789,1970-01-01T00:00:00+00:00,0,0,1,4,0,187470286,0,3,0.01,0.0,0.0,0.0,0.0,4531.61,0.0,XAUUSD,OMEGA_PARTIAL_CL,
2026-05-18 05:56:20,187473164,2026-05-18T05:56:20+00:00,1779083780845,2026-05-18T05:56:20+00:00,1779083780845,1970-01-01T00:00:00+00:00,0,0,1,4,0,187472742,0,3,0.1,0.0,0.0,0.0,0.0,1.3912499999999999,0.0,XRPUSD,OMEGA_PARTIAL_CL,
2026-05-18 05:58:04,187473389,2026-05-18T05:58:04+00:00,1779083884531,2026-05-18T05:58:04+00:00,1779083884531,1970-01-01T00:00:00+00:00,0,0,1,4,0,187472072,0,4,0.2,0.0,0.58328,0.0,0.0,0.58328,0.0,NZDUSD,[sl 0.58328],
2026-05-18 05:58:13,187473406,2026-05-18T05:58:13+00:00,1779083893694,2026-05-18T05:58:13+00:00,1779083893694,1970-01-01T00:00:00+00:00,0,0,1,4,0,187473406,0,3,0.25,0.0,0.0,211.426,211.778,211.514,0.0,GBPJPY,OV2|c525f4|M15|B,
2026-05-18 06:00:04,187473967,2026-05-18T06:00:04+00:00,1779084004985,2026-05-18T06:00:04+00:00,1779084004986,1970-01-01T00:00:00+00:00,1,0,1,4,0,187469554,0,4,0.15,0.0,1.3757,0.0,0.0,1.3757,0.0,USDCAD,[sl 1.37570],
2026-05-18 06:05:37,187475108,2026-05-18T06:05:37+00:00,1779084337311,2026-05-18T06:05:37+00:00,1779084337311,1970-01-01T00:00:00+00:00,1,0,1,4,0,187473406,0,4,0.25,0.0,211.483,0.0,0.0,211.483,0.0,GBPJPY,[sl 211.483],
2026-05-18 06:09:29,187476432,2026-05-18T06:09:29+00:00,1779084569289,2026-05-18T06:09:29+00:00,1779084569289,1970-01-01T00:00:00+00:00,0,0,1,4,0,187476432,0,3,0.1,0.0,0.0,102.28,104.68,102.88,0.0,USOIL+,OV2|bb2f55|H1|B,
2026-05-18 06:11:27,187476750,2026-05-18T06:11:27+00:00,1779084687797,2026-05-18T06:11:27+00:00,1779084687797,1970-01-01T00:00:00+00:00,1,0,1,4,0,187476750,0,3,0.18,0.0,0.0,23725.37,23667.22,23719.4,0.0,GER40,OV2|fe2a00|M15|S,
2026-05-18 06:12:12,187476885,2026-05-18T06:12:12+00:00,1779084732613,2026-05-18T06:12:12+00:00,1779084732613,1970-01-01T00:00:00+00:00,0,0,1,4,0,187476885,0,3,0.25,0.0,0.0,211.452,211.804,211.54,0.0,GBPJPY,OV2|a9119c|M15|B,
2026-05-18 06:17:51,187478035,2026-05-18T06:17:51+00:00,1779085071457,2026-05-18T06:17:51+00:00,1779085071457,1970-01-01T00:00:00+00:00,1,0,1,4,0,187478035,0,3,0.19,0.0,0.0,0.58402,0.58106,0.58328,0.0,NZDUSD,OV2|bbd5d6|H1|S,
2026-05-18 06:18:33,187478107,2026-05-18T06:18:33+00:00,1779085113496,2026-05-18T06:18:33+00:00,1779085113496,1970-01-01T00:00:00+00:00,1,0,1,4,0,187478107,0,3,0.1,0.0,0.0,1.39662,1.37672,1.39215,0.0,XRPUSD,OV2|c7ee15|H1|S,
2026-05-18 06:20:12,187478401,2026-05-18T06:20:12+00:00,1779085212906,2026-05-18T06:20:12+00:00,1779085212906,1970-01-01T00:00:00+00:00,1,0,1,4,0,187476432,0,4,0.1,0.0,102.77,0.0,0.0,102.77,0.0,USOIL+,[sl 102.77],
2026-05-18 06:22:31,187478586,2026-05-18T06:22:31+00:00,1779085351352,2026-05-18T06:22:31+00:00,1779085351352,1970-01-01T00:00:00+00:00,0,0,1,4,0,187476750,0,3,0.04,0.0,0.0,0.0,0.0,23700.4,0.0,GER40,OMEGA_PARTIAL_CL,
2026-05-18 06:22:58,187478697,2026-05-18T06:22:58+00:00,1779085378675,2026-05-18T06:22:58+00:00,1779085378675,1970-01-01T00:00:00+00:00,0,0,1,4,0,187478035,0,4,0.19,0.0,0.58344,0.0,0.0,0.58344,0.0,NZDUSD,[sl 0.58344],
2026-05-18 06:27:06,187479978,2026-05-18T06:27:06+00:00,1779085626111,2026-05-18T06:27:06+00:00,1779085626111,1970-01-01T00:00:00+00:00,1,0,1,4,0,187479978,0,3,0.1,0.0,0.0,76898.46,76640.07,76883.46,0.0,BTCUSD,OV2|84f70b|H1|S,
2026-05-18 06:27:09,187479993,2026-05-18T06:27:09+00:00,1779085629093,2026-05-18T06:27:09+00:00,1779085629093,1970-01-01T00:00:00+00:00,0,0,1,4,0,187479978,0,4,0.1,0.0,76898.46,0.0,0.0,76898.46,0.0,BTCUSD,[sl 76898.46],
2026-05-18 06:27:34,187480045,2026-05-18T06:27:34+00:00,1779085654940,2026-05-18T06:27:34+00:00,1779085654940,1970-01-01T00:00:00+00:00,0,0,1,4,0,187467217,0,4,0.12,0.0,1.3313,0.0,0.0,1.3313,0.0,GBPUSD,[sl 1.33130],
2026-05-18 06:29:34,187480824,2026-05-18T06:29:34+00:00,1779085774454,2026-05-18T06:29:34+00:00,1779085774454,1970-01-01T00:00:00+00:00,0,0,1,4,0,187476750,0,4,0.14,0.0,23719.4,0.0,0.0,23719.4,0.0,GER40,[sl 23719.40],
2026-05-18 06:30:58,187481418,2026-05-18T06:30:58+00:00,1779085858651,2026-05-18T06:30:58+00:00,1779085858651,1970-01-01T00:00:00+00:00,1,0,1,4,0,187481418,0,3,0.1,0.0,0.0,0.11034,0.09254,0.10634,0.0,DOGUSD,OV2|00c14d|H1|S,
2026-05-18 06:31:03,187481448,2026-05-18T06:31:03+00:00,1779085863898,2026-05-18T06:31:03+00:00,1779085863898,1970-01-01T00:00:00+00:00,0,0,1,4,0,187481418,0,3,0.1,0.0,0.0,0.0,0.0,0.10671,0.0,DOGUSD,OMEGA_PARTIAL_CL,
2026-05-18 06:32:05,187481703,2026-05-18T06:32:05+00:00,1779085925561,2026-05-18T06:32:05+00:00,1779085925561,1970-01-01T00:00:00+00:00,1,0,1,4,0,187476885,0,4,0.25,0.0,211.54,0.0,0.0,211.54,0.0,GBPJPY,[sl 211.540],
2026-05-18 06:37:30,187483962,2026-05-18T06:37:30+00:00,1779086250693,2026-05-18T06:37:30+00:00,1779086250693,1970-01-01T00:00:00+00:00,1,0,1,4,0,187483962,0,3,0.22,0.0,0.0,1.33264,1.32664,1.33114,0.0,GBPUSD,OV2|9f68b8|H1|S,
2026-05-18 06:41:38,187484783,2026-05-18T06:41:38+00:00,1779086498040,2026-05-18T06:41:38+00:00,1779086498040,1970-01-01T00:00:00+00:00,0,0,1,4,0,187483962,0,4,0.22,0.0,1.33129,0.0,0.0,1.33129,0.0,GBPUSD,[sl 1.33129],
2026-05-18 06:41:38,187484785,2026-05-18T06:41:38+00:00,1779086498822,2026-05-18T06:41:38+00:00,1779086498822,1970-01-01T00:00:00+00:00,0,0,1,4,0,187478107,0,4,0.1,0.0,1.39223,0.0,0.0,1.39223,0.0,XRPUSD,[sl 1.39223],
2026-05-18 06:43:59,187485693,2026-05-18T06:43:59+00:00,1779086639766,2026-05-18T06:43:59+00:00,1779086639767,1970-01-01T00:00:00+00:00,0,0,1,4,0,187470286,0,4,0.03,0.0,4541.08,0.0,0.0,4541.08,0.0,XAUUSD,[sl 4541.08],
2026-05-18 06:46:54,187487922,2026-05-18T06:46:54+00:00,1779086814387,2026-05-18T06:46:54+00:00,1779086814387,1970-01-01T00:00:00+00:00,1,0,1,4,0,187487922,0,3,0.1,0.0,0.0,76945.38,76704.1,76930.38,0.0,BTCUSD,OV2|10a4ea|H1|S,
2026-05-18 06:47:17,187488080,2026-05-18T06:47:17+00:00,1779086837433,2026-05-18T06:47:17+00:00,1779086837433,1970-01-01T00:00:00+00:00,0,0,1,4,0,187487922,0,4,0.1,0.0,76945.38,0.0,0.0,76945.38,0.0,BTCUSD,[sl 76945.38],
2026-05-18 06:48:39,187488395,2026-05-18T06:48:39+00:00,1779086919310,2026-05-18T06:48:39+00:00,1779086919310,1970-01-01T00:00:00+00:00,0,0,1,4,0,187488395,0,3,0.25,0.0,0.0,211.562,211.954,211.66,0.0,GBPJPY,OV2|c799e7|M15|B,
2026-05-18 06:50:26,187489020,2026-05-18T06:50:26+00:00,1779087026890,2026-05-18T06:50:26+00:00,1779087026890,1970-01-01T00:00:00+00:00,0,0,1,4,0,187489020,0,3,0.1,0.0,0.0,102.22,104.62,102.82,0.0,USOIL+,OV2|5d58ff|H1|B,
2026-05-18 06:51:50,187489790,2026-05-18T06:51:50+00:00,1779087110693,2026-05-18T06:51:50+00:00,1779087110694,1970-01-01T00:00:00+00:00,1,0,1,4,0,187488395,0,4,0.25,0.0,211.632,0.0,0.0,211.632,0.0,GBPJPY,[sl 211.632],
2026-05-18 06:52:38,187490141,2026-05-18T06:52:38+00:00,1779087158856,2026-05-18T06:52:38+00:00,1779087158856,1970-01-01T00:00:00+00:00,0,0,1,4,0,187490141,0,3,0.14,0.0,0.0,1.37467,1.37755,1.37539,0.0,USDCAD,OV2|128855|H4|B,
2026-05-18 06:54:07,187490305,2026-05-18T06:54:07+00:00,1779087247702,2026-05-18T06:54:07+00:00,1779087247702,1970-01-01T00:00:00+00:00,1,0,1,4,0,187490305,0,3,0.16,0.0,0.0,113.446,113.142,113.368,0.0,AUDJPY,OV2|2698a9|H4|S,
2026-05-18 06:54:29,187490334,2026-05-18T06:54:29+00:00,1779087269508,2026-05-18T06:54:29+00:00,1779087269508,1970-01-01T00:00:00+00:00,1,0,1,4,0,187490334,0,3,0.18,0.0,0.0,0.58445,0.58157,0.58373,0.0,NZDUSD,OV2|41183d|H1|S,
2026-05-18 06:56:49,187490606,2026-05-18T06:56:49+00:00,1779087409948,2026-05-18T06:56:49+00:00,1779087409948,1970-01-01T00:00:00+00:00,0,0,1,4,0,187490305,0,4,0.16,0.0,113.446,0.0,0.0,113.446,0.0,AUDJPY,[sl 113.446],
2026-05-18 06:56:54,187490664,2026-05-18T06:56:54+00:00,1779087414579,2026-05-18T06:56:54+00:00,1779087414579,1970-01-01T00:00:00+00:00,1,0,1,4,0,187403392,0,5,0.14,0.0,159.055,0.0,0.0,159.055,0.0,USDJPY,[tp 159.055],
2026-05-18 06:57:40,187490741,2026-05-18T06:57:40+00:00,1779087460434,2026-05-18T06:57:40+00:00,1779087460434,1970-01-01T00:00:00+00:00,1,0,1,4,0,187489020,0,3,0.1,0.0,0.0,0.0,0.0,102.73,0.0,USOIL+,OMEGA_PARTIAL_CL,
2026-05-18 06:57:40,187490742,2026-05-18T06:57:40+00:00,1779087460503,2026-05-18T06:57:40+00:00,1779087460503,1970-01-01T00:00:00+00:00,1,0,1,4,0,187490141,0,3,0.14,0.0,0.0,0.0,0.0,1.37514,0.0,USDCAD,OMEGA_PARTIAL_CL,
2026-05-18 06:57:40,187490743,2026-05-18T06:57:40+00:00,1779087460586,2026-05-18T06:57:40+00:00,1779087460586,1970-01-01T00:00:00+00:00,0,0,1,4,0,187490334,0,3,0.18,0.0,0.0,0.0,0.0,0.58414,0.0,NZDUSD,OMEGA_PARTIAL_CL,
2026-05-18 07:00:44,187491821,2026-05-18T07:00:44+00:00,1779087644417,2026-05-18T07:00:44+00:00,1779087644417,1970-01-01T00:00:00+00:00,0,0,1,4,0,187491821,0,3,0.14,0.0,0.0,1.37461,1.3774899999999999,1.37533,0.0,USDCAD,OV2|12b574|H4|B,
2026-05-18 07:02:29,187492640,2026-05-18T07:02:29+00:00,1779087749669,2026-05-18T07:02:29+00:00,1779087749669,1970-01-01T00:00:00+00:00,1,0,1,4,0,187492640,0,3,0.1,0.0,0.0,1.3969,1.37554,1.3921000000000001,0.0,XRPUSD,OV2|b24b2a|H1|S,
2026-05-18 07:02:59,187492876,2026-05-18T07:02:59+00:00,1779087779183,2026-05-18T07:02:59+00:00,1779087779183,1970-01-01T00:00:00+00:00,1,0,1,4,0,187492876,0,3,0.1,0.0,0.0,0.11032,0.09252,0.10632,0.0,DOGUSD,OV2|c92b9f|H1|S,
2026-05-18 07:03:55,187493013,2026-05-18T07:03:55+00:00,1779087835797,2026-05-18T07:03:55+00:00,1779087835797,1970-01-01T00:00:00+00:00,0,0,1,4,0,187493013,0,3,0.05,0.0,0.0,4544.17,4567.36,4546.58,0.0,XAUUSD,OV2|6d876c|M15|B,
2026-05-18 07:04:13,187493133,2026-05-18T07:04:13+00:00,1779087853457,2026-05-18T07:04:13+00:00,1779087853457,1970-01-01T00:00:00+00:00,1,0,1,4,0,187493013,0,4,0.05,0.0,4544.17,0.0,0.0,4544.17,0.0,XAUUSD,[sl 4544.17],
2026-05-18 07:06:48,187494308,2026-05-18T07:06:48+00:00,1779088008940,2026-05-18T07:06:48+00:00,1779088008940,1970-01-01T00:00:00+00:00,1,0,1,4,0,187491821,0,3,0.14,0.0,0.0,0.0,0.0,1.37512,0.0,USDCAD,OMEGA_PARTIAL_CL,
2026-05-18 07:06:49,187494309,2026-05-18T07:06:49+00:00,1779088009006,2026-05-18T07:06:49+00:00,1779088009006,1970-01-01T00:00:00+00:00,0,0,1,4,0,187492876,0,3,0.1,0.0,0.0,0.0,0.0,0.10666,0.0,DOGUSD,OMEGA_PARTIAL_CL,
2026-05-18 07:10:12,187494860,2026-05-18T07:10:12+00:00,1779088212928,2026-05-18T07:10:12+00:00,1779088212928,1970-01-01T00:00:00+00:00,0,0,1,4,0,187492640,0,4,0.1,0.0,1.3944,0.0,0.0,1.3944,0.0,XRPUSD,[sl 1.39440],
2026-05-18 07:14:28,187495467,2026-05-18T07:14:28+00:00,1779088468297,2026-05-18T07:14:28+00:00,1779088468297,1970-01-01T00:00:00+00:00,0,0,1,4,0,187495467,0,3,0.08,0.0,0.0,102.11,104.51,102.71,0.0,USOIL+,OV2|429a77|H1|B,
2026-05-18 07:16:15,187495775,2026-05-18T07:16:15+00:00,1779088575292,2026-05-18T07:16:15+00:00,1779088575292,1970-01-01T00:00:00+00:00,1,0,1,4,0,187495467,0,4,0.08,0.0,102.63,0.0,0.0,102.63,0.0,USOIL+,[sl 102.63],
2026-05-18 07:17:49,187495974,2026-05-18T07:17:49+00:00,1779088669628,2026-05-18T07:17:49+00:00,1779088669628,1970-01-01T00:00:00+00:00,0,0,1,4,0,187495974,0,3,0.09,0.0,0.0,102.17,104.57,102.77,0.0,USOIL+,OV2|60a43e|H1|B,
2026-05-18 07:18:04,187496029,2026-05-18T07:18:04+00:00,1779088684602,2026-05-18T07:18:04+00:00,1779088684602,1970-01-01T00:00:00+00:00,1,0,1,4,0,187496029,0,3,0.1,0.0,0.0,1.39594,1.37662,1.3916,0.0,XRPUSD,OV2|be6bab|H1|S,
2026-05-18 07:21:36,187496454,2026-05-18T07:21:36+00:00,1779088896551,2026-05-18T07:21:36+00:00,1779088896551,1970-01-01T00:00:00+00:00,1,0,1,4,0,187496454,0,3,0.09,0.0,0.0,76897.48,76713.93,76882.48,0.0,BTCUSD,OV2|a0ae28|H1|S,
2026-05-18 07:22:06,187496613,2026-05-18T07:22:06+00:00,1779088926718,2026-05-18T07:22:06+00:00,1779088926718,1970-01-01T00:00:00+00:00,0,0,1,4,0,187496454,0,4,0.09,0.0,76897.48,0.0,0.0,76897.48,0.0,BTCUSD,[sl 76897.48],
2026-05-18 07:23:42,187497005,2026-05-18T07:23:42+00:00,1779089022210,2026-05-18T07:23:42+00:00,1779089022210,1970-01-01T00:00:00+00:00,0,0,1,4,0,187497005,0,3,0.25,0.0,0.0,158.961,159.233,159.029,0.0,USDJPY,OV2|ce17f6|H1|B,
2026-05-18 07:25:02,187497935,2026-05-18T07:25:02+00:00,1779089102060,2026-05-18T07:25:02+00:00,1779089102060,1970-01-01T00:00:00+00:00,0,0,1,4,0,187496029,0,3,0.1,0.0,0.0,0.0,0.0,1.38755,0.0,XRPUSD,OMEGA_PARTIAL_CL,
2026-05-18 07:28:23,187499185,2026-05-18T07:28:23+00:00,1779089303931,2026-05-18T07:28:23+00:00,1779089303931,1970-01-01T00:00:00+00:00,1,0,1,4,0,187499185,0,3,0.2,0.0,0.0,113.476,113.164,113.397,0.0,AUDJPY,OV2|e4301f|H4|S,
2026-05-18 07:28:31,187499262,2026-05-18T07:28:31+00:00,1779089311840,2026-05-18T07:28:31+00:00,1779089311840,1970-01-01T00:00:00+00:00,1,0,1,4,0,187499262,0,3,0.01,0.0,0.0,75.364,74.364,75.114,0.0,XAGUSD,OV2|6b30f7|H1|S,
2026-05-18 07:30:18,187500452,2026-05-18T07:30:18+00:00,1779089418995,2026-05-18T07:30:18+00:00,1779089418996,1970-01-01T00:00:00+00:00,0,0,1,4,0,187499262,0,4,0.01,0.0,75.364,0.0,0.0,75.364,0.0,XAGUSD,[sl 75.364],
2026-05-18 07:32:14,187501352,2026-05-18T07:32:14+00:00,1779089534324,2026-05-18T07:32:14+00:00,1779089534325,1970-01-01T00:00:00+00:00,1,0,1,4,0,187497005,0,4,0.25,0.0,158.98,0.0,0.0,158.98,0.0,USDJPY,[sl 158.980],
2026-05-18 07:32:25,187501391,2026-05-18T07:32:25+00:00,1779089545325,2026-05-18T07:32:25+00:00,1779089545325,1970-01-01T00:00:00+00:00,1,0,1,4,0,187495974,0,4,0.09,0.0,102.77,0.0,0.0,102.77,0.0,USOIL+,[sl 102.77],
2026-05-18 07:44:35,187503742,2026-05-18T07:44:35+00:00,1779090275220,2026-05-18T07:44:35+00:00,1779090275220,1970-01-01T00:00:00+00:00,0,0,1,4,0,187503742,0,3,0.18,0.0,0.0,211.583,212.007,211.689,0.0,GBPJPY,OV2|757991|M15|B,
2026-05-18 07:47:22,187504342,2026-05-18T07:47:22+00:00,1779090442709,2026-05-18T07:47:22+00:00,1779090442709,1970-01-01T00:00:00+00:00,0,0,1,4,0,187504342,0,3,0.25,0.0,0.0,158.898,159.17,158.966,0.0,USDJPY,OV2|73a55b|H1|B,
2026-05-18 07:47:38,187504366,2026-05-18T07:47:38+00:00,1779090458059,2026-05-18T07:47:38+00:00,1779090458059,1970-01-01T00:00:00+00:00,1,0,1,4,0,187504366,0,3,0.01,0.0,0.0,75.557,74.557,75.307,0.0,XAGUSD,OV2|30277e|H1|S,
2026-05-18 07:48:20,187504430,2026-05-18T07:48:20+00:00,1779090500522,2026-05-18T07:48:20+00:00,1779090500522,1970-01-01T00:00:00+00:00,1,0,1,4,0,187504430,0,3,0.22,0.0,0.0,1.3330600000000001,1.32706,1.33156,0.0,GBPUSD,OV2|28e33f|H1|S,
2026-05-18 07:51:29,187504832,2026-05-18T07:51:29+00:00,1779090689965,2026-05-18T07:51:29+00:00,1779090689965,1970-01-01T00:00:00+00:00,1,0,1,4,0,187504342,0,4,0.25,0.0,158.966,0.0,0.0,158.966,0.0,USDJPY,[sl 158.966],
2026-05-18 07:51:37,187504847,2026-05-18T07:51:37+00:00,1779090697307,2026-05-18T07:51:37+00:00,1779090697307,1970-01-01T00:00:00+00:00,0,0,1,4,0,187504430,0,4,0.22,0.0,1.33167,0.0,0.0,1.33167,0.0,GBPUSD,[sl 1.33167],
2026-05-18 07:52:22,187505182,2026-05-18T07:52:22+00:00,1779090742768,2026-05-18T07:52:22+00:00,1779090742768,1970-01-01T00:00:00+00:00,1,0,1,4,0,187503742,0,4,0.18,0.0,211.654,0.0,0.0,211.654,0.0,GBPJPY,[sl 211.654],
2026-05-18 08:00:04,187507788,2026-05-18T08:00:04+00:00,1779091204730,2026-05-18T08:00:04+00:00,1779091204731,1970-01-01T00:00:00+00:00,0,0,1,4,0,187504366,0,4,0.01,0.0,75.462,0.0,0.0,75.462,0.0,XAGUSD,[sl 75.462],
2026-05-18 08:02:09,187508707,2026-05-18T08:02:09+00:00,1779091329264,2026-05-18T08:02:09+00:00,1779091329265,1970-01-01T00:00:00+00:00,0,0,1,4,0,187508707,0,3,0.25,0.0,0.0,211.63,211.974,211.715,0.0,GBPJPY,OV2|47c610|M15|B,
2026-05-18 08:02:20,187508732,2026-05-18T08:02:20+00:00,1779091340415,2026-05-18T08:02:20+00:00,1779091340415,1970-01-01T00:00:00+00:00,0,0,1,4,0,187508732,0,3,0.25,0.0,0.0,158.932,159.212,159.002,0.0,USDJPY,OV2|28836e|H1|B,
2026-05-18 08:03:15,187508989,2026-05-18T08:03:15+00:00,1779091395171,2026-05-18T08:03:15+00:00,1779091395171,1970-01-01T00:00:00+00:00,1,0,1,4,0,187508989,0,3,0.1,0.0,0.0,0.1105,0.0927,0.10649,0.0,DOGUSD,OV2|5aa70f|H1|S,
2026-05-18 08:03:35,187509100,2026-05-18T08:03:35+00:00,1779091415068,2026-05-18T08:03:35+00:00,1779091415068,1970-01-01T00:00:00+00:00,0,0,1,4,0,187499185,0,3,0.2,0.0,0.0,0.0,0.0,113.379,0.0,AUDJPY,OMEGA_PARTIAL_CL,
2026-05-18 08:03:35,187509103,2026-05-18T08:03:35+00:00,1779091415569,2026-05-18T08:03:35+00:00,1779091415569,1970-01-01T00:00:00+00:00,0,0,1,4,0,187508989,0,3,0.1,0.0,0.0,0.0,0.0,0.10688,0.0,DOGUSD,OMEGA_PARTIAL_CL,
2026-05-18 08:03:37,187509125,2026-05-18T08:03:37+00:00,1779091417855,2026-05-18T08:03:37+00:00,1779091417855,1970-01-01T00:00:00+00:00,1,0,1,4,0,187508707,0,4,0.25,0.0,211.678,0.0,0.0,211.678,0.0,GBPJPY,[sl 211.678],
2026-05-18 08:04:44,187509458,2026-05-18T08:04:44+00:00,1779091484158,2026-05-18T08:04:44+00:00,1779091484158,1970-01-01T00:00:00+00:00,1,0,1,4,0,187508732,0,4,0.25,0.0,158.978,0.0,0.0,158.978,0.0,USDJPY,[sl 158.978],
2026-05-18 10:23:32,187550928,2026-05-18T10:23:32+00:00,1779099812409,2026-05-18T10:23:32+00:00,1779099812409,1970-01-01T00:00:00+00:00,1,0,1,4,0,187393368,0,4,0.05,0.0,106.37,0.0,0.0,106.37,0.0,UKOIL+,[sl 106.37],
2026-05-18 16:51:01,187701310,2026-05-18T16:51:01+00:00,1779123061913,2026-05-18T16:51:01+00:00,1779123061913,1970-01-01T00:00:00+00:00,1,0,1,4,0,187411220,0,4,0.19,0.0,115.464,0.0,0.0,115.464,0.0,CADJPY,[sl 115.464],
