ticket,position_id,symbol,entry,profit,reason,reason_label,timestamp_utc,volume,price,sl,tp,timezone_note,magic,commission,swap,fee,comment,order
186103535,182235357,GBPUSD,1,-74.5,4,SL,2026-05-04 00:05:00,0.25,1.36014,0.0,0.0,converted_from_iso8601_offset_to_utc_naive,234001,0.0,-0.62,0.0,[sl 1.35788],182298963
186103536,182235359,AUDUSD,1,-28.0,4,SL,2026-05-04 00:05:00,0.25,0.72156,0.0,0.0,converted_from_iso8601_offset_to_utc_naive,234001,0.0,-0.92,0.0,[sl 0.72118],182298964
186103585,182298840,XRPUSD,1,-0.43,4,SL,2026-05-04 00:05:01,0.1,1.38985,0.0,0.0,converted_from_iso8601_offset_to_utc_naive,0,0.0,0.0,0.0,[sl 1.39115],182299023
186103649,182235360,EURUSD,1,-72.75,4,SL,2026-05-04 00:05:01,0.25,1.17482,0.0,0.0,converted_from_iso8601_offset_to_utc_naive,234001,0.0,0.87,0.0,[sl 1.17257],182299058
186104596,182300009,BTCUSD,0,0.0,3,EXPERT,2026-05-04 00:07:52,0.1,78984.3,0.0,0.0,converted_from_iso8601_offset_to_utc_naive,0,0.0,0.0,0.0,OV2|206939|H1|B,182300009
186104658,182300069,XRPUSD,0,0.0,3,EXPERT,2026-05-04 00:08:26,0.1,1.3933,0.0,0.0,converted_from_iso8601_offset_to_utc_naive,0,0.0,0.0,0.0,OV2|06bf37|H1|S,182300069
186104662,182300009,BTCUSD,1,-1.81,4,SL,2026-05-04 00:08:29,0.1,78966.19,0.0,0.0,converted_from_iso8601_offset_to_utc_naive,0,0.0,0.0,0.0,[sl 78967.80],182300072
186104920,182298908,ETHUSD,1,-0.2,4,SL,2026-05-04 00:10:03,0.1,2331.607,0.0,0.0,converted_from_iso8601_offset_to_utc_naive,0,0.0,0.0,0.0,[sl 2331.146],182300334
186105044,182300437,BTCUSD,0,0.0,3,EXPERT,2026-05-04 00:10:45,0.1,79016.75,0.0,0.0,converted_from_iso8601_offset_to_utc_naive,0,0.0,0.0,0.0,OV2|384b74|H1|B,182300437
186105226,182300594,ETHUSD,0,0.0,3,EXPERT,2026-05-04 00:12:07,0.1,2332.019,0.0,0.0,converted_from_iso8601_offset_to_utc_naive,0,0.0,0.0,0.0,OV2|915f9d|H1|S,182300594
186105535,182300069,XRPUSD,1,-0.35,4,SL,2026-05-04 00:14:25,0.1,1.3968,0.0,0.0,converted_from_iso8601_offset_to_utc_naive,0,0.0,0.0,0.0,[sl 1.39677],182300926
186105554,182300941,XRPUSD,0,0.0,3,EXPERT,2026-05-04 00:14:35,0.1,1.39475,0.0,0.0,converted_from_iso8601_offset_to_utc_naive,0,0.0,0.0,0.0,OV2|153641|H1|S,182300941
186105768,182300437,BTCUSD,1,-2.29,4,SL,2026-05-04 00:16:57,0.1,78993.83,0.0,0.0,converted_from_iso8601_offset_to_utc_naive,0,0.0,0.0,0.0,[sl 79000.25],182301122
186106029,182301361,BTCUSD,0,0.0,3,EXPERT,2026-05-04 00:19:25,0.1,78969.11,0.0,0.0,converted_from_iso8601_offset_to_utc_naive,0,0.0,0.0,0.0,OV2|2b7a9f|H1|B,182301361
186106587,182301361,BTCUSD,1,-2.25,4,SL,2026-05-04 00:24:42,0.1,78946.62,0.0,0.0,converted_from_iso8601_offset_to_utc_naive,0,0.0,0.0,0.0,[sl 78950.61],182301820
186106684,182301907,BTCUSD,0,0.0,3,EXPERT,2026-05-04 00:25:43,0.1,78931.66,0.0,0.0,converted_from_iso8601_offset_to_utc_naive,0,0.0,0.0,0.0,OV2|70776d|H1|B,182301907
186106739,182301907,BTCUSD,1,-1.94,4,SL,2026-05-04 00:26:42,0.1,78912.27,0.0,0.0,converted_from_iso8601_offset_to_utc_naive,0,0.0,0.0,0.0,[sl 78915.16],182302004
186106740,182302010,BTCUSD,0,0.0,3,EXPERT,2026-05-04 00:26:43,0.1,78920.99,0.0,0.0,converted_from_iso8601_offset_to_utc_naive,0,0.0,0.0,0.0,OV2|439b29|H1|B,182302010
186106924,182302010,BTCUSD,1,-1.96,4,SL,2026-05-04 00:30:26,0.1,78901.38,0.0,0.0,converted_from_iso8601_offset_to_utc_naive,0,0.0,0.0,0.0,[sl 78902.49],182302413
186110792,182300594,ETHUSD,1,-0.27,4,SL,2026-05-04 01:02:48,0.1,2334.67,0.0,0.0,converted_from_iso8601_offset_to_utc_naive,0,0.0,0.0,0.0,[sl 2333.519],182304961
186110944,182300941,XRPUSD,1,-0.49,4,SL,2026-05-04 01:02:50,0.1,1.39966,0.0,0.0,converted_from_iso8601_offset_to_utc_naive,0,0.0,0.0,0.0,[sl 1.39935],182305108
186111216,182305291,XRPUSD,0,0.0,3,EXPERT,2026-05-04 01:03:33,0.1,1.39505,0.0,0.0,converted_from_iso8601_offset_to_utc_naive,0,0.0,0.0,0.0,OV2|de47b0|H4|S,182305291
186111503,182305514,ETHUSD,0,0.0,3,EXPERT,2026-05-04 01:04:06,0.1,2337.414,0.0,0.0,converted_from_iso8601_offset_to_utc_naive,0,0.0,0.0,0.0,OV2|531305|H1|S,182305514
186111578,182305514,ETHUSD,1,-0.16,4,SL,2026-05-04 01:04:37,0.1,2339.032,0.0,0.0,converted_from_iso8601_offset_to_utc_naive,0,0.0,0.0,0.0,[sl 2338.843],182305718
186113945,182307544,BTCUSD,0,0.0,3,EXPERT,2026-05-04 01:05:49,0.1,79017.27,0.0,0.0,converted_from_iso8601_offset_to_utc_naive,0,0.0,0.0,0.0,OV2|208419|H1|B,182307544
186114754,182307544,BTCUSD,1,-1.83,4,SL,2026-05-04 01:06:27,0.1,78998.96,0.0,0.0,converted_from_iso8601_offset_to_utc_naive,0,0.0,0.0,0.0,[sl 79000.77],182308341
186116102,182309882,BTCUSD,0,0.0,3,EXPERT,2026-05-04 01:08:40,0.1,78941.43,0.0,0.0,converted_from_iso8601_offset_to_utc_naive,0,0.0,0.0,0.0,OV2|8f89b6|H1|B,182309882
186120721,182305291,XRPUSD,1,-0.63,4,SL,2026-05-04 01:14:01,0.1,1.4013,0.0,0.0,converted_from_iso8601_offset_to_utc_naive,0,0.0,0.0,0.0,[sl 1.40095],182314363
186121606,182315108,XRPUSD,0,0.0,3,EXPERT,2026-05-04 01:14:51,0.1,1.4020000000000001,0.0,0.0,converted_from_iso8601_offset_to_utc_naive,0,0.0,0.0,0.0,OV2|dcaad2|H1|B,182315108
186127523,182315108,XRPUSD,1,-0.48,4,SL,2026-05-04 01:23:25,0.1,1.39725,0.0,0.0,converted_from_iso8601_offset_to_utc_naive,0,0.0,0.0,0.0,[sl 1.39726],182319966
186129195,182321110,XRPUSD,0,0.0,3,EXPERT,2026-05-04 01:27:02,0.1,1.3989,0.0,0.0,converted_from_iso8601_offset_to_utc_naive,0,0.0,0.0,0.0,OV2|e3ddac|H1|B,182321110
186139805,182330528,GBPUSD,0,0.0,3,EXPERT,2026-05-04 01:51:46,0.1,1.35869,0.0,0.0,converted_from_iso8601_offset_to_utc_naive,0,0.0,0.0,0.0,OV2|ab9846|H1|S,182330528
186143178,182309882,BTCUSD,1,24.0,3,EXPERT,2026-05-04 01:57:17,0.1,79181.46,0.0,0.0,converted_from_iso8601_offset_to_utc_naive,0,0.0,0.0,0.0,OMEGA_KILL_SWITC,182332785
186143179,182321110,XRPUSD,1,-0.18,3,EXPERT,2026-05-04 01:57:18,0.1,1.3971,0.0,0.0,converted_from_iso8601_offset_to_utc_naive,0,0.0,0.0,0.0,OMEGA_KILL_SWITC,182332786
186143180,182330528,GBPUSD,1,-1.7,3,EXPERT,2026-05-04 01:57:18,0.1,1.35886,0.0,0.0,converted_from_iso8601_offset_to_utc_naive,0,0.0,0.0,0.0,OMEGA_KILL_SWITC,182332787
186143510,182332986,BTCUSD,0,0.0,3,EXPERT,2026-05-04 01:58:43,0.1,79180.56,0.0,0.0,converted_from_iso8601_offset_to_utc_naive,0,0.0,0.0,0.0,OV2|cce219|H1|B,182332986
186143708,182332986,BTCUSD,1,-2.11,4,SL,2026-05-04 01:59:23,0.1,79159.46,0.0,0.0,converted_from_iso8601_offset_to_utc_naive,0,0.0,0.0,0.0,[sl 79164.06],182333098
186144635,182334016,EURUSD,0,0.0,3,EXPERT,2026-05-04 02:00:37,0.1,1.17311,0.0,0.0,converted_from_iso8601_offset_to_utc_naive,0,0.0,0.0,0.0,OV2|8607be|H1|S,182334016
186145872,182334784,BTCUSD,0,0.0,3,EXPERT,2026-05-04 02:01:58,0.1,79163.91,0.0,0.0,converted_from_iso8601_offset_to_utc_naive,0,0.0,0.0,0.0,OV2|91e466|H1|B,182334784
186148167,182334784,BTCUSD,1,-3.46,4,SL,2026-05-04 02:07:08,0.1,79129.33,0.0,0.0,converted_from_iso8601_offset_to_utc_naive,0,0.0,0.0,0.0,[sl 79147.41],182336453
186148890,182336943,BTCUSD,0,0.0,3,EXPERT,2026-05-04 02:08:26,0.1,79140.38,0.0,0.0,converted_from_iso8601_offset_to_utc_naive,0,0.0,0.0,0.0,OV2|92dfae|H1|B,182336943
186149613,182336943,BTCUSD,1,-1.8599999999999999,4,SL,2026-05-04 02:09:34,0.1,79121.81,0.0,0.0,converted_from_iso8601_offset_to_utc_naive,0,0.0,0.0,0.0,[sl 79123.88],182337378
186152745,182339441,XAUUSD,0,0.0,3,EXPERT,2026-05-04 02:13:25,0.05,4612.34,0.0,0.0,converted_from_iso8601_offset_to_utc_naive,0,0.0,0.0,0.0,OV2|7fbd04|H1|S,182339441
186153140,182339441,XAUUSD,1,-12.6,4,SL,2026-05-04 02:14:14,0.05,4614.86,0.0,0.0,converted_from_iso8601_offset_to_utc_naive,0,0.0,0.0,0.0,[sl 4614.83],182339746
186154735,182340803,XAUUSD,0,0.0,3,EXPERT,2026-05-04 02:17:15,0.05,4615.3,0.0,0.0,converted_from_iso8601_offset_to_utc_naive,0,0.0,0.0,0.0,OV2|7c465e|H1|S,182340803
186158310,182340803,XAUUSD,1,-13.1,4,SL,2026-05-04 02:29:36,0.05,4617.92,0.0,0.0,converted_from_iso8601_offset_to_utc_naive,0,0.0,0.0,0.0,[sl 4617.80],182343194
186159595,182344030,XAUUSD,0,0.0,3,EXPERT,2026-05-04 02:32:42,0.05,4617.19,0.0,0.0,converted_from_iso8601_offset_to_utc_naive,0,0.0,0.0,0.0,OV2|c80457|H1|S,182344030
186167890,182349868,USDJPY,0,0.0,3,EXPERT,2026-05-04 02:58:25,0.1,156.872,0.0,0.0,converted_from_iso8601_offset_to_utc_naive,0,0.0,0.0,0.0,OV2|c36a94|H1|B,182349868
186170855,182351963,BTCUSD,0,0.0,3,EXPERT,2026-05-04 03:00:49,0.1,78488.89,0.0,0.0,converted_from_iso8601_offset_to_utc_naive,0,0.0,0.0,0.0,OV2|a545aa|H1|S,182351963
186172778,182351963,BTCUSD,1,-2.01,4,SL,2026-05-04 03:01:50,0.1,78508.96,0.0,0.0,converted_from_iso8601_offset_to_utc_naive,0,0.0,0.0,0.0,[sl 78507.39],182353141
186174793,182354472,BTCUSD,0,0.0,3,EXPERT,2026-05-04 03:03:31,0.1,78484.4,0.0,0.0,converted_from_iso8601_offset_to_utc_naive,0,0.0,0.0,0.0,OV2|ef0b51|H1|S,182354472
186174922,182354472,BTCUSD,1,-2.14,4,SL,2026-05-04 03:03:49,0.1,78505.76,0.0,0.0,converted_from_iso8601_offset_to_utc_naive,0,0.0,0.0,0.0,[sl 78502.90],182354575
186181503,182358854,BTCUSD,0,0.0,3,EXPERT,2026-05-04 03:09:48,0.1,78445.44,0.0,0.0,converted_from_iso8601_offset_to_utc_naive,0,0.0,0.0,0.0,OV2|aa68d1|H1|S,182358854
186181528,182358854,BTCUSD,1,-1.78,4,SL,2026-05-04 03:09:54,0.1,78463.24,0.0,0.0,converted_from_iso8601_offset_to_utc_naive,0,0.0,0.0,0.0,[sl 78461.89],182358874
186182270,182359420,BTCUSD,0,0.0,3,EXPERT,2026-05-04 03:11:16,0.1,78479.25,0.0,0.0,converted_from_iso8601_offset_to_utc_naive,0,0.0,0.0,0.0,OV2|b8299e|H1|S,182359420
186183939,182359420,BTCUSD,1,-2.24,4,SL,2026-05-04 03:14:26,0.1,78501.64,0.0,0.0,converted_from_iso8601_offset_to_utc_naive,0,0.0,0.0,0.0,[sl 78495.25],182360582
186185263,182361533,BTCUSD,0,0.0,3,EXPERT,2026-05-04 03:16:23,0.1,78449.29,0.0,0.0,converted_from_iso8601_offset_to_utc_naive,0,0.0,0.0,0.0,OV2|4b8447|H1|S,182361533
186185426,182361533,BTCUSD,1,-1.65,4,SL,2026-05-04 03:16:41,0.1,78465.83,0.0,0.0,converted_from_iso8601_offset_to_utc_naive,0,0.0,0.0,0.0,[sl 78465.79],182361647
186185768,182361891,BTCUSD,0,0.0,3,EXPERT,2026-05-04 03:17:32,0.1,78419.69,0.0,0.0,converted_from_iso8601_offset_to_utc_naive,0,0.0,0.0,0.0,OV2|2758e7|H1|S,182361891
186187284,182361891,BTCUSD,1,-1.5899999999999999,4,SL,2026-05-04 03:19:09,0.1,78435.62,0.0,0.0,converted_from_iso8601_offset_to_utc_naive,0,0.0,0.0,0.0,[sl 78435.33],182362960
186189888,182364704,BTCUSD,0,0.0,3,EXPERT,2026-05-04 03:21:26,0.1,78375.37,0.0,0.0,converted_from_iso8601_offset_to_utc_naive,0,0.0,0.0,0.0,OV2|805107|H1|S,182364704
186195839,182364704,BTCUSD,1,-1.85,4,SL,2026-05-04 03:28:18,0.1,78393.83,0.0,0.0,converted_from_iso8601_offset_to_utc_naive,0,0.0,0.0,0.0,[sl 78391.87],182368712
186196616,182369337,BTCUSD,0,0.0,3,EXPERT,2026-05-04 03:29:01,0.1,78422.41,0.0,0.0,converted_from_iso8601_offset_to_utc_naive,0,0.0,0.0,0.0,OV2|818a72|H1|S,182369337
186200442,182369337,BTCUSD,1,-1.73,4,SL,2026-05-04 03:32:41,0.1,78439.74,0.0,0.0,converted_from_iso8601_offset_to_utc_naive,0,0.0,0.0,0.0,[sl 78438.91],182372067
186200499,182372105,BTCUSD,0,0.0,3,EXPERT,2026-05-04 03:32:54,0.1,78431.44,0.0,0.0,converted_from_iso8601_offset_to_utc_naive,0,0.0,0.0,0.0,OV2|1e8845|H1|S,182372105
186204991,182372105,BTCUSD,1,-1.72,4,SL,2026-05-04 03:45:39,0.1,78448.68,0.0,0.0,converted_from_iso8601_offset_to_utc_naive,0,0.0,0.0,0.0,[sl 78448.44],182375257
186205035,182375297,BTCUSD,0,0.0,3,EXPERT,2026-05-04 03:45:43,0.1,78434.08,0.0,0.0,converted_from_iso8601_offset_to_utc_naive,0,0.0,0.0,0.0,OV2|17e9ab|H1|S,182375297
186205233,182375297,BTCUSD,1,-1.56,4,SL,2026-05-04 03:46:21,0.1,78449.71,0.0,0.0,converted_from_iso8601_offset_to_utc_naive,0,0.0,0.0,0.0,[sl 78447.15],182375418
186205635,182375683,BTCUSD,0,0.0,3,EXPERT,2026-05-04 03:47:08,0.1,78418.86,0.0,0.0,converted_from_iso8601_offset_to_utc_naive,0,0.0,0.0,0.0,OV2|b520b0|H1|S,182375683
186205948,182375683,BTCUSD,1,-1.81,4,SL,2026-05-04 03:48:27,0.1,78436.93,0.0,0.0,converted_from_iso8601_offset_to_utc_naive,0,0.0,0.0,0.0,[sl 78435.61],182375873
186206789,182376408,BTCUSD,0,0.0,3,EXPERT,2026-05-04 03:49:44,0.1,78471.27,0.0,0.0,converted_from_iso8601_offset_to_utc_naive,0,0.0,0.0,0.0,OV2|f333cd|H1|S,182376408
186210020,182376408,BTCUSD,1,-2.31,4,SL,2026-05-04 03:56:29,0.1,78494.39,0.0,0.0,converted_from_iso8601_offset_to_utc_naive,0,0.0,0.0,0.0,[sl 78487.77],182378460
186218552,182344030,XAUUSD,1,88.5,5,TP,2026-05-04 04:06:56,0.05,4599.49,0.0,0.0,converted_from_iso8601_offset_to_utc_naive,0,0.0,0.0,0.0,[tp 4599.59],182384290
186219753,182384976,XAUUSD,0,0.0,3,EXPERT,2026-05-04 04:07:32,0.05,4598.52,0.0,0.0,converted_from_iso8601_offset_to_utc_naive,0,0.0,0.0,0.0,OV2|5c1a1e|H1|S,182384976
186220410,182384976,XAUUSD,1,-12.55,4,SL,2026-05-04 04:08:40,0.05,4601.03,0.0,0.0,converted_from_iso8601_offset_to_utc_naive,0,0.0,0.0,0.0,[sl 4601.02],182385381
186220477,182385436,XAUUSD,0,0.0,3,EXPERT,2026-05-04 04:08:54,0.05,4600.43,0.0,0.0,converted_from_iso8601_offset_to_utc_naive,0,0.0,0.0,0.0,OV2|8a1320|H1|S,182385436
186226910,182385436,XAUUSD,1,-14.2,4,SL,2026-05-04 04:17:38,0.05,4603.27,0.0,0.0,converted_from_iso8601_offset_to_utc_naive,0,0.0,0.0,0.0,[sl 4603.03],182389544
186227001,182349868,USDJPY,1,-4.3,4,SL,2026-05-04 04:17:39,0.1,156.805,0.0,0.0,converted_from_iso8601_offset_to_utc_naive,0,0.0,0.0,0.0,[sl 156.805],182389577
186228509,182390431,XAUUSD,0,0.0,3,EXPERT,2026-05-04 04:17:56,0.05,4603.65,0.0,0.0,converted_from_iso8601_offset_to_utc_naive,0,0.0,0.0,0.0,OV2|d5aed8|H1|S,182390431
186229195,182390890,USDJPY,0,0.0,3,EXPERT,2026-05-04 04:19:13,0.1,156.883,0.0,0.0,converted_from_iso8601_offset_to_utc_naive,0,0.0,0.0,0.0,OV2|91f775|H1|B,182390890
186237434,182396129,BTCUSD,0,0.0,3,EXPERT,2026-05-04 04:33:09,0.1,79099.99,0.0,0.0,converted_from_iso8601_offset_to_utc_naive,0,0.0,0.0,0.0,OV2|886637|H1|B,182396129
186237457,182396129,BTCUSD,1,-1.79,4,SL,2026-05-04 04:33:12,0.1,79082.09,0.0,0.0,converted_from_iso8601_offset_to_utc_naive,0,0.0,0.0,0.0,[sl 79083.49],182396145
186237871,182396427,BTCUSD,0,0.0,3,EXPERT,2026-05-04 04:34:29,0.1,78964.25,0.0,0.0,converted_from_iso8601_offset_to_utc_naive,0,0.0,0.0,0.0,OV2|66702c|H1|B,182396427
186237888,182396427,BTCUSD,1,-1.81,4,SL,2026-05-04 04:34:33,0.1,78946.11,0.0,0.0,converted_from_iso8601_offset_to_utc_naive,0,0.0,0.0,0.0,[sl 78947.32],182396445
186239407,182397393,BTCUSD,0,0.0,3,EXPERT,2026-05-04 04:37:07,0.1,78799.84,0.0,0.0,converted_from_iso8601_offset_to_utc_naive,0,0.0,0.0,0.0,OV2|fa58bf|H1|B,182397393
186239412,182397393,BTCUSD,1,-1.88,4,SL,2026-05-04 04:37:08,0.1,78781.04,0.0,0.0,converted_from_iso8601_offset_to_utc_naive,0,0.0,0.0,0.0,[sl 78783.34],182397402
186239954,182397777,BTCUSD,0,0.0,3,EXPERT,2026-05-04 04:38:18,0.1,78823.66,0.0,0.0,converted_from_iso8601_offset_to_utc_naive,0,0.0,0.0,0.0,OV2|4e8e41|H1|B,182397777
186241803,182397777,BTCUSD,1,-1.75,4,SL,2026-05-04 04:42:43,0.1,78806.12,0.0,0.0,converted_from_iso8601_offset_to_utc_naive,0,0.0,0.0,0.0,[sl 78807.75],182399061
186242043,182399259,BTCUSD,0,0.0,3,EXPERT,2026-05-04 04:43:29,0.1,78811.13,0.0,0.0,converted_from_iso8601_offset_to_utc_naive,0,0.0,0.0,0.0,OV2|ea3087|H1|B,182399259
186242530,182399259,BTCUSD,1,-1.67,4,SL,2026-05-04 04:44:54,0.1,78794.46,0.0,0.0,converted_from_iso8601_offset_to_utc_naive,0,0.0,0.0,0.0,[sl 78794.63],182399590
186243451,182400231,BTCUSD,0,0.0,3,EXPERT,2026-05-04 04:46:05,0.1,78851.48,0.0,0.0,converted_from_iso8601_offset_to_utc_naive,0,0.0,0.0,0.0,OV2|0e1231|H1|B,182400231
186243531,182400231,BTCUSD,1,-1.79,4,SL,2026-05-04 04:46:17,0.1,78833.58,0.0,0.0,converted_from_iso8601_offset_to_utc_naive,0,0.0,0.0,0.0,[sl 78835.03],182400278
186243797,182400459,BTCUSD,0,0.0,3,EXPERT,2026-05-04 04:47:17,0.1,78862.85,0.0,0.0,converted_from_iso8601_offset_to_utc_naive,0,0.0,0.0,0.0,OV2|5d317e|H1|B,182400459
186243828,182400459,BTCUSD,1,-1.73,4,SL,2026-05-04 04:47:22,0.1,78845.59,0.0,0.0,converted_from_iso8601_offset_to_utc_naive,0,0.0,0.0,0.0,[sl 78846.35],182400474
186244210,182400754,BTCUSD,0,0.0,3,EXPERT,2026-05-04 04:48:33,0.1,78851.95,0.0,0.0,converted_from_iso8601_offset_to_utc_naive,0,0.0,0.0,0.0,OV2|615dcf|H1|B,182400754
186246553,182390431,XAUUSD,1,-12.65,4,SL,2026-05-04 04:51:27,0.05,4606.18,0.0,0.0,converted_from_iso8601_offset_to_utc_naive,0,0.0,0.0,0.0,[sl 4606.15],182402334
186249311,182400754,BTCUSD,1,90.91,5,TP,2026-05-04 04:56:00,0.1,79761.08,0.0,0.0,converted_from_iso8601_offset_to_utc_naive,0,0.0,0.0,0.0,[tp 79747.12],182404274
186250816,182405360,BTCUSD,0,0.0,3,EXPERT,2026-05-04 04:57:32,0.1,79480.8,0.0,0.0,converted_from_iso8601_offset_to_utc_naive,0,0.0,0.0,0.0,OV2|b4476b|H1|B,182405360
186250820,182405360,BTCUSD,1,-1.5699999999999998,4,SL,2026-05-04 04:57:32,0.1,79465.09,0.0,0.0,converted_from_iso8601_offset_to_utc_naive,0,0.0,0.0,0.0,[sl 79466.65],182405363
186252541,182406495,BTCUSD,0,0.0,3,EXPERT,2026-05-04 04:58:58,0.1,79548.11,0.0,0.0,converted_from_iso8601_offset_to_utc_naive,0,0.0,0.0,0.0,OV2|8873b4|H1|B,182406495
186258819,182410976,XAUUSD,0,0.0,3,EXPERT,2026-05-04 05:01:32,0.05,4614.61,0.0,0.0,converted_from_iso8601_offset_to_utc_naive,0,0.0,0.0,0.0,OV2|1b98e8|H1|B,182410976
186259552,182406495,BTCUSD,1,-1.79,4,SL,2026-05-04 05:02:44,0.1,79530.22,0.0,0.0,converted_from_iso8601_offset_to_utc_naive,0,0.0,0.0,0.0,[sl 79531.61],182411519
186259584,182411548,BTCUSD,0,0.0,3,EXPERT,2026-05-04 05:02:46,0.1,79549.94,0.0,0.0,converted_from_iso8601_offset_to_utc_naive,0,0.0,0.0,0.0,OV2|a57d59|H1|B,182411548
186261259,182410976,XAUUSD,1,-13.6,4,SL,2026-05-04 05:05:55,0.05,4611.89,0.0,0.0,converted_from_iso8601_offset_to_utc_naive,0,0.0,0.0,0.0,[sl 4612.11],182412955
186261790,182390890,USDJPY,1,17.45,5,TP,2026-05-04 05:06:04,0.1,157.159,0.0,0.0,converted_from_iso8601_offset_to_utc_naive,0,0.0,0.0,0.0,[tp 157.159],182413262
186262177,182413536,GBPUSD,0,0.0,3,EXPERT,2026-05-04 05:06:32,0.1,1.35857,0.0,0.0,converted_from_iso8601_offset_to_utc_naive,0,0.0,0.0,0.0,OV2|1995ef|H1|B,182413536
186262209,182413558,XAUUSD,0,0.0,3,EXPERT,2026-05-04 05:06:35,0.05,4611.11,0.0,0.0,converted_from_iso8601_offset_to_utc_naive,0,0.0,0.0,0.0,OV2|291bb8|H1|B,182413558
186262303,182413618,USDJPY,0,0.0,3,EXPERT,2026-05-04 05:06:41,0.1,157.142,0.0,0.0,converted_from_iso8601_offset_to_utc_naive,0,0.0,0.0,0.0,OV2|959eb4|H1|B,182413618
186263927,182413558,XAUUSD,1,-12.85,4,SL,2026-05-04 05:09:05,0.05,4608.54,0.0,0.0,converted_from_iso8601_offset_to_utc_naive,0,0.0,0.0,0.0,[sl 4608.61],182414775
186264289,182414983,XAUUSD,0,0.0,3,EXPERT,2026-05-04 05:09:14,0.05,4608.31,0.0,0.0,converted_from_iso8601_offset_to_utc_naive,0,0.0,0.0,0.0,OV2|923465|H1|B,182414983
186265817,182414983,XAUUSD,1,-12.75,4,SL,2026-05-04 05:10:57,0.05,4605.76,0.0,0.0,converted_from_iso8601_offset_to_utc_naive,0,0.0,0.0,0.0,[sl 4605.76],182416047
186266491,182416493,XAUUSD,0,0.0,3,EXPERT,2026-05-04 05:11:42,0.05,4605.28,0.0,0.0,converted_from_iso8601_offset_to_utc_naive,0,0.0,0.0,0.0,OV2|d192d2|H1|B,182416493
186270244,182416493,XAUUSD,1,-13.05,4,SL,2026-05-04 05:16:07,0.05,4602.67,0.0,0.0,converted_from_iso8601_offset_to_utc_naive,0,0.0,0.0,0.0,[sl 4602.78],182419164
186270867,182419547,XAUUSD,0,0.0,3,EXPERT,2026-05-04 05:16:50,0.05,4603.45,0.0,0.0,converted_from_iso8601_offset_to_utc_naive,0,0.0,0.0,0.0,OV2|a93f03|H1|B,182419547
186273295,182419547,XAUUSD,1,-12.75,4,SL,2026-05-04 05:21:22,0.05,4600.9,0.0,0.0,converted_from_iso8601_offset_to_utc_naive,0,0.0,0.0,0.0,[sl 4600.95],182421563
186277439,182424570,XAUUSD,0,0.0,3,EXPERT,2026-05-04 05:27:16,0.05,4596.52,0.0,0.0,converted_from_iso8601_offset_to_utc_naive,0,0.0,0.0,0.0,OV2|e93c44|H1|S,182424570
186284942,182424570,XAUUSD,1,-12.7,4,SL,2026-05-04 05:37:12,0.05,4599.06,0.0,0.0,converted_from_iso8601_offset_to_utc_naive,0,0.0,0.0,0.0,[sl 4599.02],182430042
186297072,182413618,USDJPY,1,-4.81,4,SL,2026-05-04 05:55:29,0.1,157.067,0.0,0.0,converted_from_iso8601_offset_to_utc_naive,0,0.0,0.0,0.0,[sl 157.074],182438942
186297795,182439408,USDJPY,0,0.0,3,EXPERT,2026-05-04 05:56:42,0.1,157.168,0.0,0.0,converted_from_iso8601_offset_to_utc_naive,0,0.0,0.0,0.0,OV2|ac5f43|H1|B,182439408
186298687,182439408,USDJPY,1,-4.36,4,SL,2026-05-04 05:58:36,0.1,157.1,0.0,0.0,converted_from_iso8601_offset_to_utc_naive,0,0.0,0.0,0.0,[sl 157.100],182440063
186306159,182447078,USDJPY,0,0.0,3,EXPERT,2026-05-04 06:17:10,0.1,157.211,0.0,0.0,converted_from_iso8601_offset_to_utc_naive,0,0.0,0.0,0.0,OV2|6e5d3a|H1|B,182447078
186309744,182449509,XAUUSD,0,0.0,3,EXPERT,2026-05-04 06:36:27,0.05,4606.1,0.0,0.0,converted_from_iso8601_offset_to_utc_naive,0,0.0,0.0,0.0,OV2|10f886|H1|B,182449509
186310542,182449509,XAUUSD,1,-13.2,4,SL,2026-05-04 06:39:07,0.05,4603.46,0.0,0.0,converted_from_iso8601_offset_to_utc_naive,0,0.0,0.0,0.0,[sl 4603.60],182450000
186314681,182447078,USDJPY,1,-4.68,4,SL,2026-05-04 06:45:00,0.1,157.138,0.0,0.0,converted_from_iso8601_offset_to_utc_naive,0,0.0,0.0,0.0,[sl 157.143],182452750
186320473,182456663,USDJPY,0,0.0,3,EXPERT,2026-05-04 06:49:10,0.07,156.146,0.0,0.0,converted_from_iso8601_offset_to_utc_naive,0,0.0,0.0,0.0,OV2|a043ba|H1|S,182456663
186320772,182456663,USDJPY,1,-6.98,4,SL,2026-05-04 06:49:32,0.07,156.301,0.0,0.0,converted_from_iso8601_offset_to_utc_naive,0,0.0,0.0,0.0,[sl 156.296],182456835
186321138,182457097,USDJPY,0,0.0,3,EXPERT,2026-05-04 06:50:33,0.06,156.39,0.0,0.0,converted_from_iso8601_offset_to_utc_naive,0,0.0,0.0,0.0,OV2|e3167b|H1|S,182457097
186322900,182334016,EURUSD,1,-6.9,4,SL,2026-05-04 06:53:25,0.1,1.1738,0.0,0.0,converted_from_iso8601_offset_to_utc_naive,0,0.0,0.0,0.0,[sl 1.17379],182458331
186323686,182457097,USDJPY,1,22.85,5,TP,2026-05-04 06:54:32,0.06,155.793,0.0,0.0,converted_from_iso8601_offset_to_utc_naive,0,0.0,0.0,0.0,[tp 155.797],182458823
186324106,182459099,USDJPY,0,0.0,3,EXPERT,2026-05-04 06:55:33,0.06,155.885,0.0,0.0,converted_from_iso8601_offset_to_utc_naive,0,0.0,0.0,0.0,OV2|fef1ba|H1|S,182459099
186324201,182459099,USDJPY,1,-5.96,4,SL,2026-05-04 06:55:55,0.06,156.039,0.0,0.0,converted_from_iso8601_offset_to_utc_naive,0,0.0,0.0,0.0,[sl 156.036],182459173
186324537,182459433,XAUUSD,0,0.0,3,EXPERT,2026-05-04 06:56:47,0.05,4612.77,0.0,0.0,converted_from_iso8601_offset_to_utc_naive,0,0.0,0.0,0.0,OV2|c37c14|H1|B,182459433
186324574,182459465,USDJPY,0,0.0,3,EXPERT,2026-05-04 06:56:53,0.06,156.012,0.0,0.0,converted_from_iso8601_offset_to_utc_naive,0,0.0,0.0,0.0,OV2|3683a0|H1|S,182459465
186324705,182459465,USDJPY,1,-5.88,4,SL,2026-05-04 06:57:36,0.06,156.164,0.0,0.0,converted_from_iso8601_offset_to_utc_naive,0,0.0,0.0,0.0,[sl 156.162],182459556
186325477,182460063,USDJPY,0,0.0,3,EXPERT,2026-05-04 06:58:16,0.06,156.141,0.0,0.0,converted_from_iso8601_offset_to_utc_naive,0,0.0,0.0,0.0,OV2|baaeb3|H1|S,182460063
186326024,182460063,USDJPY,1,-5.83,4,SL,2026-05-04 06:59:34,0.06,156.292,0.0,0.0,converted_from_iso8601_offset_to_utc_naive,0,0.0,0.0,0.0,[sl 156.291],182460466
186327008,182461472,USDJPY,0,0.0,3,EXPERT,2026-05-04 07:00:45,0.07,156.229,0.0,0.0,converted_from_iso8601_offset_to_utc_naive,0,0.0,0.0,0.0,OV2|6636fd|H1|S,182461472
186328342,182459433,XAUUSD,1,-11.9,4,SL,2026-05-04 07:03:42,0.05,4610.39,0.0,0.0,converted_from_iso8601_offset_to_utc_naive,0,0.0,0.0,0.0,[sl 4610.47],182462709
186328454,182461472,USDJPY,1,-6.75,4,SL,2026-05-04 07:03:54,0.07,156.379,0.0,0.0,converted_from_iso8601_offset_to_utc_naive,0,0.0,0.0,0.0,[sl 156.379],182462800
186329284,182463355,USDJPY,0,0.0,3,EXPERT,2026-05-04 07:04:36,0.07,156.351,0.0,0.0,converted_from_iso8601_offset_to_utc_naive,0,0.0,0.0,0.0,OV2|889195|H1|S,182463355
186329326,182463383,XAUUSD,0,0.0,3,EXPERT,2026-05-04 07:04:39,0.05,4608.25,0.0,0.0,converted_from_iso8601_offset_to_utc_naive,0,0.0,0.0,0.0,OV2|313c70|H1|B,182463383
186330111,182463355,USDJPY,1,-6.79,4,SL,2026-05-04 07:06:19,0.07,156.502,0.0,0.0,converted_from_iso8601_offset_to_utc_naive,0,0.0,0.0,0.0,[sl 156.501],182464217
186330272,182464336,USDJPY,0,0.0,3,EXPERT,2026-05-04 07:07:11,0.07,156.508,0.0,0.0,converted_from_iso8601_offset_to_utc_naive,0,0.0,0.0,0.0,OV2|ca7f74|H1|S,182464336
186333623,182464336,USDJPY,1,-7.01,4,SL,2026-05-04 07:22:22,0.07,156.664,0.0,0.0,converted_from_iso8601_offset_to_utc_naive,0,0.0,0.0,0.0,[sl 156.658],182467223
186341299,182463383,XAUUSD,1,-12.55,4,SL,2026-05-04 07:55:16,0.05,4605.74,0.0,0.0,converted_from_iso8601_offset_to_utc_naive,0,0.0,0.0,0.0,[sl 4605.75],182472438
186346120,182476906,XAUUSD,0,0.0,3,EXPERT,2026-05-04 08:13:52,0.05,4602.33,0.0,0.0,converted_from_iso8601_offset_to_utc_naive,0,0.0,0.0,0.0,OV2|d02e90|H1|S,182476906
186347680,182476906,XAUUSD,1,-12.5,4,SL,2026-05-04 08:18:57,0.05,4604.83,0.0,0.0,converted_from_iso8601_offset_to_utc_naive,0,0.0,0.0,0.0,[sl 4604.83],182478060
186347729,182478088,XAUUSD,0,0.0,3,EXPERT,2026-05-04 08:18:58,0.05,4604.74,0.0,0.0,converted_from_iso8601_offset_to_utc_naive,0,0.0,0.0,0.0,OV2|ed4e7b|H1|S,182478088
186347896,182478088,XAUUSD,1,-12.55,4,SL,2026-05-04 08:19:05,0.05,4607.25,0.0,0.0,converted_from_iso8601_offset_to_utc_naive,0,0.0,0.0,0.0,[sl 4607.24],182478292
186354939,182483116,XAUUSD,0,0.0,3,EXPERT,2026-05-04 08:26:34,0.05,4600.69,0.0,0.0,converted_from_iso8601_offset_to_utc_naive,0,0.0,0.0,0.0,OV2|2f7b32|H1|S,182483116
186360645,182487373,USDJPY,0,0.0,3,EXPERT,2026-05-04 08:34:24,0.1,156.836,0.0,0.0,converted_from_iso8601_offset_to_utc_naive,0,0.0,0.0,0.0,OV2|57df84|H1|B,182487373
186361347,182487830,EURUSD,0,0.0,3,EXPERT,2026-05-04 08:36:47,0.1,1.1726,0.0,0.0,converted_from_iso8601_offset_to_utc_naive,0,0.0,0.0,0.0,OV2|735e06|H1|S,182487830
186361613,182487373,USDJPY,1,-5.58,4,SL,2026-05-04 08:38:14,0.1,156.749,0.0,0.0,converted_from_iso8601_offset_to_utc_naive,0,0.0,0.0,0.0,[sl 156.749],182488006
186361906,182488232,USDJPY,0,0.0,3,EXPERT,2026-05-04 08:39:21,0.1,156.812,0.0,0.0,converted_from_iso8601_offset_to_utc_naive,0,0.0,0.0,0.0,OV2|57a035|H1|B,182488232
186367711,182488232,USDJPY,1,-7.38,4,SL,2026-05-04 08:54:03,0.1,156.697,0.0,0.0,converted_from_iso8601_offset_to_utc_naive,0,0.0,0.0,0.0,[sl 156.705],182492448
186367801,182492540,USDJPY,0,0.0,3,EXPERT,2026-05-04 08:54:54,0.1,156.775,0.0,0.0,converted_from_iso8601_offset_to_utc_naive,0,0.0,0.0,0.0,OV2|534d6d|H1|B,182492540
186370658,182494774,GBPUSD,0,0.0,3,EXPERT,2026-05-04 09:02:37,0.1,1.3593600000000001,0.0,0.0,converted_from_iso8601_offset_to_utc_naive,0,0.0,0.0,0.0,OV2|1a0278|H1|B,182494774
186370663,182494777,XAUUSD,0,0.0,3,EXPERT,2026-05-04 09:02:40,0.05,4595.99,0.0,0.0,converted_from_iso8601_offset_to_utc_naive,0,0.0,0.0,0.0,OV2|129da2|H1|S,182494777
186371128,182487830,EURUSD,1,-6.9,4,SL,2026-05-04 09:03:42,0.1,1.17329,0.0,0.0,converted_from_iso8601_offset_to_utc_naive,0,0.0,0.0,0.0,[sl 1.17328],182495134
186376317,182494777,XAUUSD,1,-12.75,4,SL,2026-05-04 09:09:40,0.05,4598.54,0.0,0.0,converted_from_iso8601_offset_to_utc_naive,0,0.0,0.0,0.0,[sl 4598.49],182499099
186377344,182499902,XAUUSD,0,0.0,3,EXPERT,2026-05-04 09:11:40,0.05,4594.17,0.0,0.0,converted_from_iso8601_offset_to_utc_naive,0,0.0,0.0,0.0,OV2|f82b72|H1|S,182499902
186377480,182499902,XAUUSD,1,-13.0,4,SL,2026-05-04 09:12:11,0.05,4596.77,0.0,0.0,converted_from_iso8601_offset_to_utc_naive,0,0.0,0.0,0.0,[sl 4596.67],182500034
186377868,182500375,XAUUSD,0,0.0,3,EXPERT,2026-05-04 09:13:06,0.05,4596.66,0.0,0.0,converted_from_iso8601_offset_to_utc_naive,0,0.0,0.0,0.0,OV2|bb6c74|H1|S,182500375
186382605,182411548,BTCUSD,1,-1.74,4,SL,2026-05-04 09:26:39,0.1,79532.57,0.0,0.0,converted_from_iso8601_offset_to_utc_naive,0,0.0,0.0,0.0,[sl 79533.44],182504566
186388913,182494774,GBPUSD,1,-6.8,4,SL,2026-05-04 09:40:05,0.1,1.35868,0.0,0.0,converted_from_iso8601_offset_to_utc_naive,0,0.0,0.0,0.0,[sl 1.35868],182509599
186391948,182413536,GBPUSD,1,-7.2,4,SL,2026-05-04 09:46:25,0.1,1.35785,0.0,0.0,converted_from_iso8601_offset_to_utc_naive,0,0.0,0.0,0.0,[sl 1.35787],182512221
186392009,182512266,EURUSD,0,0.0,3,EXPERT,2026-05-04 09:46:28,0.1,1.17227,0.0,0.0,converted_from_iso8601_offset_to_utc_naive,0,0.0,0.0,0.0,OV2|29d7c1|H1|S,182512266
186392568,182512740,EURUSD,0,0.0,3,EXPERT,2026-05-04 09:47:40,0.1,1.17233,0.0,0.0,converted_from_iso8601_offset_to_utc_naive,0,0.0,0.0,0.0,OV2|8d327a|H1|S,182512740
186394528,182512266,EURUSD,1,-6.8,4,SL,2026-05-04 09:50:28,0.1,1.17295,0.0,0.0,converted_from_iso8601_offset_to_utc_naive,0,0.0,0.0,0.0,[sl 1.17295],182514268
186394556,182512740,EURUSD,1,-6.6,4,SL,2026-05-04 09:50:28,0.1,1.17299,0.0,0.0,converted_from_iso8601_offset_to_utc_naive,0,0.0,0.0,0.0,[sl 1.17299],182514285
186394923,182514626,EURUSD,0,0.0,3,EXPERT,2026-05-04 09:51:36,0.1,1.17288,0.0,0.0,converted_from_iso8601_offset_to_utc_naive,0,0.0,0.0,0.0,OV2|b5c288|H1|S,182514626
186395169,182514877,EURUSD,0,0.0,3,EXPERT,2026-05-04 09:52:48,0.1,1.17303,0.0,0.0,converted_from_iso8601_offset_to_utc_naive,0,0.0,0.0,0.0,OV2|46d1f0|H1|S,182514877
186418473,182483116,XAUUSD,1,99.6,5,TP,2026-05-04 10:56:53,0.05,4580.77,0.0,0.0,converted_from_iso8601_offset_to_utc_naive,0,0.0,0.0,0.0,[tp 4580.81],182534084
186419035,182534509,XAUUSD,0,0.0,3,EXPERT,2026-05-04 10:58:15,0.05,4581.98,0.0,0.0,converted_from_iso8601_offset_to_utc_naive,0,0.0,0.0,0.0,OV2|4b1c5d|H1|S,182534509
186447398,182534509,XAUUSD,1,-13.4,4,SL,2026-05-04 12:15:03,0.05,4584.66,0.0,0.0,converted_from_iso8601_offset_to_utc_naive,0,0.0,0.0,0.0,[sl 4584.48],182555504
186451504,182558770,BTCUSD,0,0.0,3,EXPERT,2026-05-04 12:38:18,0.1,79767.0,0.0,0.0,converted_from_iso8601_offset_to_utc_naive,0,0.0,0.0,0.0,OV2|d237a9|H1|B,182558770
186451512,182558770,BTCUSD,1,-1.8199999999999998,4,SL,2026-05-04 12:38:25,0.1,79748.81,0.0,0.0,converted_from_iso8601_offset_to_utc_naive,0,0.0,0.0,0.0,[sl 79750.65],182558777
186451622,182558860,BTCUSD,0,0.0,3,EXPERT,2026-05-04 12:39:35,0.1,79782.45,0.0,0.0,converted_from_iso8601_offset_to_utc_naive,0,0.0,0.0,0.0,OV2|c15fc0|H1|B,182558860
186452115,182559227,BTCUSD,0,0.0,3,EXPERT,2026-05-04 12:42:14,0.1,79806.83,0.0,0.0,converted_from_iso8601_offset_to_utc_naive,0,0.0,0.0,0.0,OV2|531e0a|H1|B,182559227
186453284,182559227,BTCUSD,1,-1.88,4,SL,2026-05-04 12:47:51,0.1,79788.01,0.0,0.0,converted_from_iso8601_offset_to_utc_naive,0,0.0,0.0,0.0,[sl 79790.33],182560066
186453368,182560141,BTCUSD,0,0.0,3,EXPERT,2026-05-04 12:48:31,0.1,79801.26,0.0,0.0,converted_from_iso8601_offset_to_utc_naive,0,0.0,0.0,0.0,OV2|bd277d|H1|B,182560141
186456922,182500375,XAUUSD,1,115.15,5,TP,2026-05-04 12:58:11,0.05,4573.63,0.0,0.0,converted_from_iso8601_offset_to_utc_naive,0,0.0,0.0,0.0,[tp 4573.76],182562878
186458022,182563562,XAUUSD,0,0.0,3,EXPERT,2026-05-04 12:58:46,0.05,4573.86,0.0,0.0,converted_from_iso8601_offset_to_utc_naive,0,0.0,0.0,0.0,OV2|7bc8b3|H1|S,182563562
186459288,182560141,BTCUSD,1,-2.43,4,SL,2026-05-04 13:01:18,0.1,79776.98,0.0,0.0,converted_from_iso8601_offset_to_utc_naive,0,0.0,0.0,0.0,[sl 79784.76],182564873
186459293,182564876,BTCUSD,0,0.0,3,EXPERT,2026-05-04 13:01:19,0.1,79784.38,0.0,0.0,converted_from_iso8601_offset_to_utc_naive,0,0.0,0.0,0.0,OV2|6850d3|H1|B,182564876
186459326,182564909,XAUUSD,0,0.0,3,EXPERT,2026-05-04 13:01:30,0.05,4573.19,0.0,0.0,converted_from_iso8601_offset_to_utc_naive,0,0.0,0.0,0.0,OV2|f9a6f7|H1|S,182564909
186460746,182564876,BTCUSD,1,-1.65,4,SL,2026-05-04 13:02:00,0.1,79767.87,0.0,0.0,converted_from_iso8601_offset_to_utc_naive,0,0.0,0.0,0.0,[sl 79767.88],182565853
186460769,182558860,BTCUSD,1,-2.18,4,SL,2026-05-04 13:02:00,0.1,79760.69,0.0,0.0,converted_from_iso8601_offset_to_utc_naive,0,0.0,0.0,0.0,[sl 79765.95],182565861
186465681,182514877,EURUSD,1,20.4,5,TP,2026-05-04 13:03:52,0.1,1.17099,0.0,0.0,converted_from_iso8601_offset_to_utc_naive,0,0.0,0.0,0.0,[tp 1.17099],182569211
186465710,182563562,XAUUSD,1,59.4,5,TP,2026-05-04 13:03:52,0.05,4561.98,0.0,0.0,converted_from_iso8601_offset_to_utc_naive,0,0.0,0.0,0.0,[tp 4562.16],182569230
186465794,182564909,XAUUSD,1,63.45,5,TP,2026-05-04 13:03:52,0.05,4560.5,0.0,0.0,converted_from_iso8601_offset_to_utc_naive,0,0.0,0.0,0.0,[tp 4561.02],182569334
186466355,182514626,EURUSD,1,20.5,5,TP,2026-05-04 13:03:53,0.1,1.17083,0.0,0.0,converted_from_iso8601_offset_to_utc_naive,0,0.0,0.0,0.0,[tp 1.17084],182569892
186468162,182570747,EURUSD,0,0.0,3,EXPERT,2026-05-04 13:03:58,0.1,1.1708,0.0,0.0,converted_from_iso8601_offset_to_utc_naive,0,0.0,0.0,0.0,OV2|066ef9|H1|S,182570747
186468564,182570983,XAUUSD,0,0.0,3,EXPERT,2026-05-04 13:04:01,0.05,4556.26,0.0,0.0,converted_from_iso8601_offset_to_utc_naive,0,0.0,0.0,0.0,OV2|0a8e1f|H1|S,182570983
186471667,182570983,XAUUSD,1,-12.9,4,SL,2026-05-04 13:04:49,0.05,4558.84,0.0,0.0,converted_from_iso8601_offset_to_utc_naive,0,0.0,0.0,0.0,[sl 4558.76],182573011
186475072,182492540,USDJPY,1,21.76,5,TP,2026-05-04 13:06:00,0.1,157.119,0.0,0.0,converted_from_iso8601_offset_to_utc_naive,0,0.0,0.0,0.0,[tp 157.119],182575313
186476037,182575968,EURUSD,0,0.0,3,EXPERT,2026-05-04 13:06:35,0.05,1.17073,0.0,0.0,converted_from_iso8601_offset_to_utc_naive,0,0.0,0.0,0.0,OV2|8eb4b1|H1|S,182575968
186476120,182576045,XAUUSD,0,0.0,3,EXPERT,2026-05-04 13:06:38,0.05,4548.3,0.0,0.0,converted_from_iso8601_offset_to_utc_naive,0,0.0,0.0,0.0,OV2|9b6d8a|H1|S,182576045
186479260,182578260,XAUUSD,0,0.0,3,EXPERT,2026-05-04 13:07:49,0.05,4548.41,0.0,0.0,converted_from_iso8601_offset_to_utc_naive,0,0.0,0.0,0.0,OV2|2aeaa2|H1|S,182578260
186507758,182576045,XAUUSD,1,-13.15,4,SL,2026-05-04 13:32:02,0.05,4550.93,0.0,0.0,converted_from_iso8601_offset_to_utc_naive,0,0.0,0.0,0.0,[sl 4550.80],182599879
186507762,182578260,XAUUSD,1,-12.6,4,SL,2026-05-04 13:32:02,0.05,4550.93,0.0,0.0,converted_from_iso8601_offset_to_utc_naive,0,0.0,0.0,0.0,[sl 4550.82],182599880
186510841,182601774,XAUUSD,0,0.0,3,EXPERT,2026-05-04 13:32:22,0.05,4555.11,0.0,0.0,converted_from_iso8601_offset_to_utc_naive,0,0.0,0.0,0.0,OV2|ec2b37|H1|S,182601774
186510842,182575968,EURUSD,1,-3.4,4,SL,2026-05-04 13:32:22,0.05,1.17141,0.0,0.0,converted_from_iso8601_offset_to_utc_naive,0,0.0,0.0,0.0,[sl 1.17140],182601776
186510876,182570747,EURUSD,1,-6.9,4,SL,2026-05-04 13:32:22,0.1,1.17149,0.0,0.0,converted_from_iso8601_offset_to_utc_naive,0,0.0,0.0,0.0,[sl 1.17147],182601793
186511065,182601879,GBPUSD,0,0.0,3,EXPERT,2026-05-04 13:32:25,0.06,1.35541,0.0,0.0,converted_from_iso8601_offset_to_utc_naive,0,0.0,0.0,0.0,OV2|6fa5f5|H1|S,182601879
186512907,182603200,XAUUSD,0,0.0,3,EXPERT,2026-05-04 13:33:34,0.03,4555.76,0.0,0.0,converted_from_iso8601_offset_to_utc_naive,0,0.0,0.0,0.0,OV2|e69d11|H1|S,182603200
186513056,182603304,GBPUSD,0,0.0,3,EXPERT,2026-05-04 13:33:39,0.06,1.35508,0.0,0.0,converted_from_iso8601_offset_to_utc_naive,0,0.0,0.0,0.0,OV2|81565d|H1|S,182603304
186513247,182601774,XAUUSD,1,-11.9,4,SL,2026-05-04 13:33:53,0.05,4557.49,0.0,0.0,converted_from_iso8601_offset_to_utc_naive,0,0.0,0.0,0.0,[sl 4557.47],182603444
186513894,182603200,XAUUSD,1,-8.22,4,SL,2026-05-04 13:34:27,0.03,4558.5,0.0,0.0,converted_from_iso8601_offset_to_utc_naive,0,0.0,0.0,0.0,[sl 4558.26],182603908
186514394,182604269,XAUUSD,0,0.0,3,EXPERT,2026-05-04 13:35:00,0.05,4557.56,0.0,0.0,converted_from_iso8601_offset_to_utc_naive,0,0.0,0.0,0.0,OV2|b6c243|H1|S,182604269
186515896,182605324,XAUUSD,0,0.0,3,EXPERT,2026-05-04 13:36:11,0.05,4556.87,0.0,0.0,converted_from_iso8601_offset_to_utc_naive,0,0.0,0.0,0.0,OV2|616de3|H1|S,182605324
186516075,182605324,XAUUSD,1,-12.95,4,SL,2026-05-04 13:36:32,0.05,4559.46,0.0,0.0,converted_from_iso8601_offset_to_utc_naive,0,0.0,0.0,0.0,[sl 4559.37],182605459
186516165,182604269,XAUUSD,1,-13.75,4,SL,2026-05-04 13:36:36,0.05,4560.31,0.0,0.0,converted_from_iso8601_offset_to_utc_naive,0,0.0,0.0,0.0,[sl 4560.10],182605592
186517275,182606253,XAUUSD,0,0.0,3,EXPERT,2026-05-04 13:37:31,0.05,4560.25,0.0,0.0,converted_from_iso8601_offset_to_utc_naive,0,0.0,0.0,0.0,OV2|da8a5e|H1|S,182606253
186518222,182606939,XAUUSD,0,0.0,3,EXPERT,2026-05-04 13:38:46,0.05,4557.95,0.0,0.0,converted_from_iso8601_offset_to_utc_naive,0,0.0,0.0,0.0,OV2|6fe7da|H1|S,182606939
186518570,182606939,XAUUSD,1,-12.5,4,SL,2026-05-04 13:39:17,0.05,4560.45,0.0,0.0,converted_from_iso8601_offset_to_utc_naive,0,0.0,0.0,0.0,[sl 4560.43],182607245
186518836,182606253,XAUUSD,1,-14.45,4,SL,2026-05-04 13:39:30,0.05,4563.14,0.0,0.0,converted_from_iso8601_offset_to_utc_naive,0,0.0,0.0,0.0,[sl 4562.75],182607441
186529788,182615422,USDJPY,0,0.0,3,EXPERT,2026-05-04 14:01:49,0.1,157.094,0.0,0.0,converted_from_iso8601_offset_to_utc_naive,0,0.0,0.0,0.0,OV2|2d614c|H1|B,182615422
186531159,182616339,USDJPY,0,0.0,3,EXPERT,2026-05-04 14:03:08,0.1,157.118,0.0,0.0,converted_from_iso8601_offset_to_utc_naive,0,0.0,0.0,0.0,OV2|e864ad|H1|B,182616339
186549696,182631434,XAUUSD,0,0.0,3,EXPERT,2026-05-04 14:37:43,0.05,4559.09,0.0,0.0,converted_from_iso8601_offset_to_utc_naive,0,0.0,0.0,0.0,OV2|2bef63|H1|S,182631434
186550194,182631780,XAUUSD,0,0.0,3,EXPERT,2026-05-04 14:39:00,0.05,4557.39,0.0,0.0,converted_from_iso8601_offset_to_utc_naive,0,0.0,0.0,0.0,OV2|e00af4|H1|S,182631780
186556697,182631780,XAUUSD,1,-12.65,4,SL,2026-05-04 14:51:15,0.05,4559.92,0.0,0.0,converted_from_iso8601_offset_to_utc_naive,0,0.0,0.0,0.0,[sl 4559.89],182636231
186556977,182636430,XAUUSD,0,0.0,3,EXPERT,2026-05-04 14:51:57,0.05,4558.6,0.0,0.0,converted_from_iso8601_offset_to_utc_naive,0,0.0,0.0,0.0,OV2|81e84a|H1|S,182636430
186558607,182636430,XAUUSD,1,-12.55,4,SL,2026-05-04 14:56:56,0.05,4561.11,0.0,0.0,converted_from_iso8601_offset_to_utc_naive,0,0.0,0.0,0.0,[sl 4561.10],182637504
186558790,182631434,XAUUSD,1,-12.9,4,SL,2026-05-04 14:57:04,0.05,4561.67,0.0,0.0,converted_from_iso8601_offset_to_utc_naive,0,0.0,0.0,0.0,[sl 4561.59],182637619
186558839,182637647,XAUUSD,0,0.0,3,EXPERT,2026-05-04 14:57:07,0.05,4561.2,0.0,0.0,converted_from_iso8601_offset_to_utc_naive,0,0.0,0.0,0.0,OV2|330770|H1|S,182637647
186559840,182638421,XAUUSD,0,0.0,3,EXPERT,2026-05-04 14:58:16,0.05,4562.58,0.0,0.0,converted_from_iso8601_offset_to_utc_naive,0,0.0,0.0,0.0,OV2|eb06fe|H1|S,182638421
186561945,182637647,XAUUSD,1,-12.8,4,SL,2026-05-04 15:02:25,0.05,4563.76,0.0,0.0,converted_from_iso8601_offset_to_utc_naive,0,0.0,0.0,0.0,[sl 4563.69],182640057
186565548,182638421,XAUUSD,1,-12.55,4,SL,2026-05-04 15:13:01,0.05,4565.09,0.0,0.0,converted_from_iso8601_offset_to_utc_naive,0,0.0,0.0,0.0,[sl 4565.08],182642584
186571331,182616339,USDJPY,1,-4.49,4,SL,2026-05-04 15:18:17,0.1,157.048,0.0,0.0,converted_from_iso8601_offset_to_utc_naive,0,0.0,0.0,0.0,[sl 157.049],182646618
186574174,182615422,USDJPY,1,-4.55,4,SL,2026-05-04 15:20:34,0.1,157.023,0.0,0.0,converted_from_iso8601_offset_to_utc_naive,0,0.0,0.0,0.0,[sl 157.023],182648508
186575557,182649399,USDJPY,0,0.0,3,EXPERT,2026-05-04 15:21:22,0.1,157.023,0.0,0.0,converted_from_iso8601_offset_to_utc_naive,0,0.0,0.0,0.0,OV2|820f11|H1|S,182649399
186575788,182649552,BTCUSD,0,0.0,3,EXPERT,2026-05-04 15:21:32,0.1,78994.5,0.0,0.0,converted_from_iso8601_offset_to_utc_naive,0,0.0,0.0,0.0,OV2|1d8b42|H1|B,182649552
186575884,182649552,BTCUSD,1,-1.8199999999999998,4,SL,2026-05-04 15:21:43,0.1,78976.34,0.0,0.0,converted_from_iso8601_offset_to_utc_naive,0,0.0,0.0,0.0,[sl 78978.00],182649624
186577061,182650400,BTCUSD,0,0.0,3,EXPERT,2026-05-04 15:22:38,0.1,78937.14,0.0,0.0,converted_from_iso8601_offset_to_utc_naive,0,0.0,0.0,0.0,OV2|acc533|H1|B,182650400
186577119,182650444,USDJPY,0,0.0,3,EXPERT,2026-05-04 15:22:49,0.1,157.073,0.0,0.0,converted_from_iso8601_offset_to_utc_naive,0,0.0,0.0,0.0,OV2|a17007|H1|S,182650444
186577222,182650400,BTCUSD,1,-1.94,4,SL,2026-05-04 15:23:00,0.1,78917.74,0.0,0.0,converted_from_iso8601_offset_to_utc_naive,0,0.0,0.0,0.0,[sl 78918.64],182650529
186577407,182649399,USDJPY,1,-4.93,4,SL,2026-05-04 15:23:23,0.1,157.1,0.0,0.0,converted_from_iso8601_offset_to_utc_naive,0,0.0,0.0,0.0,[sl 157.095],182650671
186577907,182651036,USDJPY,0,0.0,3,EXPERT,2026-05-04 15:23:55,0.1,157.087,0.0,0.0,converted_from_iso8601_offset_to_utc_naive,0,0.0,0.0,0.0,OV2|e6766f|H1|S,182651036
186578101,182651195,BTCUSD,0,0.0,3,EXPERT,2026-05-04 15:24:03,0.1,78946.23,0.0,0.0,converted_from_iso8601_offset_to_utc_naive,0,0.0,0.0,0.0,OV2|3305bd|H1|B,182651195
186580335,182651195,BTCUSD,1,-1.6600000000000001,4,SL,2026-05-04 15:26:26,0.1,78929.67,0.0,0.0,converted_from_iso8601_offset_to_utc_naive,0,0.0,0.0,0.0,[sl 78929.73],182652725
186581718,182653637,BTCUSD,0,0.0,3,EXPERT,2026-05-04 15:27:48,0.1,78970.75,0.0,0.0,converted_from_iso8601_offset_to_utc_naive,0,0.0,0.0,0.0,OV2|452141|H1|B,182653637
186582501,182603304,GBPUSD,1,-6.42,4,SL,2026-05-04 15:28:45,0.06,1.35615,0.0,0.0,converted_from_iso8601_offset_to_utc_naive,0,0.0,0.0,0.0,[sl 1.35614],182654272
186582882,182653637,BTCUSD,1,-2.02,4,SL,2026-05-04 15:29:10,0.1,78950.57,0.0,0.0,converted_from_iso8601_offset_to_utc_naive,0,0.0,0.0,0.0,[sl 78954.25],182654573
186582913,182654602,BTCUSD,0,0.0,3,EXPERT,2026-05-04 15:29:12,0.1,78956.41,0.0,0.0,converted_from_iso8601_offset_to_utc_naive,0,0.0,0.0,0.0,OV2|47776b|H1|B,182654602
186582957,182654602,BTCUSD,1,-1.74,4,SL,2026-05-04 15:29:15,0.1,78939.03,0.0,0.0,converted_from_iso8601_offset_to_utc_naive,0,0.0,0.0,0.0,[sl 78939.91],182654642
186584740,182655911,BTCUSD,0,0.0,3,EXPERT,2026-05-04 15:31:40,0.1,78928.69,0.0,0.0,converted_from_iso8601_offset_to_utc_naive,0,0.0,0.0,0.0,OV2|260167|H1|B,182655911
186584801,182655911,BTCUSD,1,-1.81,4,SL,2026-05-04 15:31:53,0.1,78910.6,0.0,0.0,converted_from_iso8601_offset_to_utc_naive,0,0.0,0.0,0.0,[sl 78912.19],182655963
186588975,182658667,BTCUSD,0,0.0,3,EXPERT,2026-05-04 15:38:12,0.1,78936.25,0.0,0.0,converted_from_iso8601_offset_to_utc_naive,0,0.0,0.0,0.0,OV2|736372|H1|B,182658667
186589804,182659256,BTCUSD,0,0.0,3,EXPERT,2026-05-04 15:39:27,0.1,78939.62,0.0,0.0,converted_from_iso8601_offset_to_utc_naive,0,0.0,0.0,0.0,OV2|e7ca43|H1|B,182659256
186589951,182658667,BTCUSD,1,-2.48,4,SL,2026-05-04 15:39:47,0.1,78911.46,0.0,0.0,converted_from_iso8601_offset_to_utc_naive,0,0.0,0.0,0.0,[sl 78917.85],182659363
186589952,182659256,BTCUSD,1,-2.82,4,SL,2026-05-04 15:39:47,0.1,78911.46,0.0,0.0,converted_from_iso8601_offset_to_utc_naive,0,0.0,0.0,0.0,[sl 78920.87],182659364
186591550,182660552,BTCUSD,0,0.0,3,EXPERT,2026-05-04 15:42:13,0.1,78977.23,0.0,0.0,converted_from_iso8601_offset_to_utc_naive,0,0.0,0.0,0.0,OV2|43074b|H1|B,182660552
186591762,182660552,BTCUSD,1,-2.4,4,SL,2026-05-04 15:42:45,0.1,78953.19,0.0,0.0,converted_from_iso8601_offset_to_utc_naive,0,0.0,0.0,0.0,[sl 78958.73],182660752
186592273,182661055,BTCUSD,0,0.0,3,EXPERT,2026-05-04 15:43:33,0.1,78992.94,0.0,0.0,converted_from_iso8601_offset_to_utc_naive,0,0.0,0.0,0.0,OV2|87a8e5|H1|B,182661055
186592346,182661055,BTCUSD,1,-2.06,4,SL,2026-05-04 15:43:58,0.1,78972.31,0.0,0.0,converted_from_iso8601_offset_to_utc_naive,0,0.0,0.0,0.0,[sl 78974.27],182661107
186592513,182661218,BTCUSD,0,0.0,3,EXPERT,2026-05-04 15:44:45,0.1,78987.51,0.0,0.0,converted_from_iso8601_offset_to_utc_naive,0,0.0,0.0,0.0,OV2|62dab9|H1|B,182661218
186592584,182661218,BTCUSD,1,-2.14,4,SL,2026-05-04 15:45:10,0.1,78966.16,0.0,0.0,converted_from_iso8601_offset_to_utc_naive,0,0.0,0.0,0.0,[sl 78971.01],182661303
186593177,182661716,BTCUSD,0,0.0,3,EXPERT,2026-05-04 15:47:20,0.1,78974.25,0.0,0.0,converted_from_iso8601_offset_to_utc_naive,0,0.0,0.0,0.0,OV2|d51938|H1|B,182661716
186593211,182661716,BTCUSD,1,-1.69,4,SL,2026-05-04 15:47:31,0.1,78957.32,0.0,0.0,converted_from_iso8601_offset_to_utc_naive,0,0.0,0.0,0.0,[sl 78957.75],182661741
186594255,182662469,BTCUSD,0,0.0,3,EXPERT,2026-05-04 15:48:44,0.1,78978.91,0.0,0.0,converted_from_iso8601_offset_to_utc_naive,0,0.0,0.0,0.0,OV2|cbe9e7|H1|B,182662469
186595632,182662469,BTCUSD,1,-1.8900000000000001,4,SL,2026-05-04 15:50:53,0.1,78960.01,0.0,0.0,converted_from_iso8601_offset_to_utc_naive,0,0.0,0.0,0.0,[sl 78962.41],182663444
186596639,182664161,BTCUSD,0,0.0,3,EXPERT,2026-05-04 15:52:32,0.1,78969.82,0.0,0.0,converted_from_iso8601_offset_to_utc_naive,0,0.0,0.0,0.0,OV2|185485|H1|B,182664161
186596802,182664161,BTCUSD,1,-1.9100000000000001,4,SL,2026-05-04 15:52:50,0.1,78950.72,0.0,0.0,converted_from_iso8601_offset_to_utc_naive,0,0.0,0.0,0.0,[sl 78953.32],182664281
186597230,182664594,BTCUSD,0,0.0,3,EXPERT,2026-05-04 15:53:51,0.1,78965.99,0.0,0.0,converted_from_iso8601_offset_to_utc_naive,0,0.0,0.0,0.0,OV2|5a7d09|H1|B,182664594
186597853,182664594,BTCUSD,1,-1.8399999999999999,4,SL,2026-05-04 15:55:19,0.1,78947.64,0.0,0.0,converted_from_iso8601_offset_to_utc_naive,0,0.0,0.0,0.0,[sl 78949.49],182665041
186598627,182665571,BTCUSD,0,0.0,3,EXPERT,2026-05-04 15:57:53,0.1,78965.36,0.0,0.0,converted_from_iso8601_offset_to_utc_naive,0,0.0,0.0,0.0,OV2|b635fb|H1|B,182665571
186598911,182665571,BTCUSD,1,-2.0,4,SL,2026-05-04 15:58:54,0.1,78945.32,0.0,0.0,converted_from_iso8601_offset_to_utc_naive,0,0.0,0.0,0.0,[sl 78946.13],182665756
186598938,182665778,BTCUSD,0,0.0,3,EXPERT,2026-05-04 15:59:06,0.1,78958.4,0.0,0.0,converted_from_iso8601_offset_to_utc_naive,0,0.0,0.0,0.0,OV2|92a83f|H1|B,182665778
186599181,182665778,BTCUSD,1,-2.18,4,SL,2026-05-04 15:59:45,0.1,78936.58,0.0,0.0,converted_from_iso8601_offset_to_utc_naive,0,0.0,0.0,0.0,[sl 78939.90],182665966
186599304,182650444,USDJPY,1,-4.48,4,SL,2026-05-04 15:59:48,0.1,157.143,0.0,0.0,converted_from_iso8601_offset_to_utc_naive,0,0.0,0.0,0.0,[sl 157.143],182666063
186599709,182651036,USDJPY,1,-4.48,4,SL,2026-05-04 15:59:53,0.1,157.157,0.0,0.0,converted_from_iso8601_offset_to_utc_naive,0,0.0,0.0,0.0,[sl 157.157],182666371
186602500,182668442,USDJPY,0,0.0,3,EXPERT,2026-05-04 16:00:35,0.1,157.166,0.0,0.0,converted_from_iso8601_offset_to_utc_naive,0,0.0,0.0,0.0,OV2|2977f9|H1|B,182668442
186605207,182670116,BTCUSD,0,0.0,3,EXPERT,2026-05-04 16:01:52,0.1,78636.5,0.0,0.0,converted_from_iso8601_offset_to_utc_naive,0,0.0,0.0,0.0,OV2|5d9186|H1|S,182670116
186605240,182670116,BTCUSD,1,-1.65,4,SL,2026-05-04 16:01:52,0.1,78653.03,0.0,0.0,converted_from_iso8601_offset_to_utc_naive,0,0.0,0.0,0.0,[sl 78653.00],182670133
186605346,182668442,USDJPY,1,-4.16,4,SL,2026-05-04 16:01:54,0.1,157.101,0.0,0.0,converted_from_iso8601_offset_to_utc_naive,0,0.0,0.0,0.0,[sl 157.101],182670192
186605978,182670670,BTCUSD,0,0.0,3,EXPERT,2026-05-04 16:03:04,0.1,78646.42,0.0,0.0,converted_from_iso8601_offset_to_utc_naive,0,0.0,0.0,0.0,OV2|684d13|H1|S,182670670
186606983,182671464,BTCUSD,0,0.0,3,EXPERT,2026-05-04 16:04:26,0.05,78585.67,0.0,0.0,converted_from_iso8601_offset_to_utc_naive,0,0.0,0.0,0.0,OV2|756f95|H1|S,182671464
186607290,182671464,BTCUSD,1,-1.26,4,SL,2026-05-04 16:04:33,0.05,78610.95,0.0,0.0,converted_from_iso8601_offset_to_utc_naive,0,0.0,0.0,0.0,[sl 78602.17],182671691
186607403,182670670,BTCUSD,1,-1.72,4,SL,2026-05-04 16:04:34,0.1,78663.61,0.0,0.0,converted_from_iso8601_offset_to_utc_naive,0,0.0,0.0,0.0,[sl 78662.92],182671831
186613711,182601879,GBPUSD,1,-6.3,4,SL,2026-05-04 16:10:00,0.06,1.35646,0.0,0.0,converted_from_iso8601_offset_to_utc_naive,0,0.0,0.0,0.0,[sl 1.35646],182676580
186615194,182677537,GBPUSD,0,0.0,3,EXPERT,2026-05-04 16:10:49,0.1,1.35632,0.0,0.0,converted_from_iso8601_offset_to_utc_naive,0,0.0,0.0,0.0,OV2|5113bc|H1|B,182677537
186615255,182677580,USDJPY,0,0.0,3,EXPERT,2026-05-04 16:10:52,0.1,157.027,0.0,0.0,converted_from_iso8601_offset_to_utc_naive,0,0.0,0.0,0.0,OV2|19a867|H1|S,182677580
186615809,182677952,GBPUSD,0,0.0,3,EXPERT,2026-05-04 16:12:01,0.05,1.35632,0.0,0.0,converted_from_iso8601_offset_to_utc_naive,0,0.0,0.0,0.0,OV2|795992|H1|B,182677952
186615866,182677986,USDJPY,0,0.0,3,EXPERT,2026-05-04 16:12:06,0.1,157.019,0.0,0.0,converted_from_iso8601_offset_to_utc_naive,0,0.0,0.0,0.0,OV2|b48866|H1|S,182677986
186619112,182677537,GBPUSD,1,-6.9,4,SL,2026-05-04 16:16:56,0.1,1.3556300000000001,0.0,0.0,converted_from_iso8601_offset_to_utc_naive,0,0.0,0.0,0.0,[sl 1.35564],182680404
186619113,182677952,GBPUSD,1,-3.45,4,SL,2026-05-04 16:16:56,0.05,1.3556300000000001,0.0,0.0,converted_from_iso8601_offset_to_utc_naive,0,0.0,0.0,0.0,[sl 1.35564],182680405
186621319,182682012,BTCUSD,0,0.0,3,EXPERT,2026-05-04 16:22:17,0.1,78984.97,0.0,0.0,converted_from_iso8601_offset_to_utc_naive,0,0.0,0.0,0.0,OV2|f7dede|H1|B,182682012
186621836,182682339,BTCUSD,0,0.0,3,EXPERT,2026-05-04 16:23:42,0.1,78985.84,0.0,0.0,converted_from_iso8601_offset_to_utc_naive,0,0.0,0.0,0.0,OV2|9897d8|H1|B,182682339
186621875,182682012,BTCUSD,1,-1.6800000000000002,4,SL,2026-05-04 16:23:50,0.1,78968.15,0.0,0.0,converted_from_iso8601_offset_to_utc_naive,0,0.0,0.0,0.0,[sl 78968.47],182682366
186621876,182682339,BTCUSD,1,-1.77,4,SL,2026-05-04 16:23:50,0.1,78968.15,0.0,0.0,converted_from_iso8601_offset_to_utc_naive,0,0.0,0.0,0.0,[sl 78969.34],182682367
186622383,182682780,BTCUSD,0,0.0,3,EXPERT,2026-05-04 16:25:00,0.1,78960.96,0.0,0.0,converted_from_iso8601_offset_to_utc_naive,0,0.0,0.0,0.0,OV2|ef1f66|H1|B,182682780
186622398,182682780,BTCUSD,1,-2.0,4,SL,2026-05-04 16:25:00,0.1,78940.92,0.0,0.0,converted_from_iso8601_offset_to_utc_naive,0,0.0,0.0,0.0,[sl 78944.46],182682846
186623084,182683362,BTCUSD,0,0.0,3,EXPERT,2026-05-04 16:26:06,0.1,78963.69,0.0,0.0,converted_from_iso8601_offset_to_utc_naive,0,0.0,0.0,0.0,OV2|e562d9|H1|B,182683362
186623291,182683362,BTCUSD,1,-1.88,4,SL,2026-05-04 16:26:30,0.1,78944.93,0.0,0.0,converted_from_iso8601_offset_to_utc_naive,0,0.0,0.0,0.0,[sl 78947.19],182683510
186623402,182677986,USDJPY,1,-4.61,4,SL,2026-05-04 16:26:48,0.1,157.091,0.0,0.0,converted_from_iso8601_offset_to_utc_naive,0,0.0,0.0,0.0,[sl 157.091],182683606
186624053,182677580,USDJPY,1,-4.49,4,SL,2026-05-04 16:27:06,0.1,157.097,0.0,0.0,converted_from_iso8601_offset_to_utc_naive,0,0.0,0.0,0.0,[sl 157.097],182683954
186624122,182684004,USDJPY,0,0.0,3,EXPERT,2026-05-04 16:27:28,0.1,157.071,0.0,0.0,converted_from_iso8601_offset_to_utc_naive,0,0.0,0.0,0.0,OV2|d2b71b|H1|S,182684004
186624129,182684008,BTCUSD,0,0.0,3,EXPERT,2026-05-04 16:27:31,0.1,78954.14,0.0,0.0,converted_from_iso8601_offset_to_utc_naive,0,0.0,0.0,0.0,OV2|7c0a2b|H1|B,182684008
186624479,182684288,USDJPY,0,0.0,3,EXPERT,2026-05-04 16:28:43,0.05,157.054,0.0,0.0,converted_from_iso8601_offset_to_utc_naive,0,0.0,0.0,0.0,OV2|6d2281|H1|S,182684288
186624537,182684329,BTCUSD,0,0.0,3,EXPERT,2026-05-04 16:28:51,0.1,78955.61,0.0,0.0,converted_from_iso8601_offset_to_utc_naive,0,0.0,0.0,0.0,OV2|5dc409|H1|B,182684329
186625567,182684008,BTCUSD,1,-2.02,4,SL,2026-05-04 16:30:09,0.1,78933.91,0.0,0.0,converted_from_iso8601_offset_to_utc_naive,0,0.0,0.0,0.0,[sl 78937.64],182685195
186625568,182684329,BTCUSD,1,-2.17,4,SL,2026-05-04 16:30:09,0.1,78933.91,0.0,0.0,converted_from_iso8601_offset_to_utc_naive,0,0.0,0.0,0.0,[sl 78939.11],182685196
186627636,182686591,BTCUSD,0,0.0,3,EXPERT,2026-05-04 16:31:17,0.1,78967.3,0.0,0.0,converted_from_iso8601_offset_to_utc_naive,0,0.0,0.0,0.0,OV2|a96294|H1|B,182686591
186627701,182686591,BTCUSD,1,-1.8,4,SL,2026-05-04 16:31:19,0.1,78949.32,0.0,0.0,converted_from_iso8601_offset_to_utc_naive,0,0.0,0.0,0.0,[sl 78950.80],182686639
186627855,182686755,XAUUSD,0,0.0,3,EXPERT,2026-05-04 16:31:23,0.05,4557.59,0.0,0.0,converted_from_iso8601_offset_to_utc_naive,0,0.0,0.0,0.0,OV2|19c047|H1|S,182686755
186630120,182688515,XAUUSD,0,0.0,3,EXPERT,2026-05-04 16:32:35,0.05,4558.57,0.0,0.0,converted_from_iso8601_offset_to_utc_naive,0,0.0,0.0,0.0,OV2|65dd60|H1|S,182688515
186630151,182686755,XAUUSD,1,-13.15,4,SL,2026-05-04 16:32:36,0.05,4560.22,0.0,0.0,converted_from_iso8601_offset_to_utc_naive,0,0.0,0.0,0.0,[sl 4560.09],182688533
186630187,182688566,BTCUSD,0,0.0,3,EXPERT,2026-05-04 16:32:37,0.1,78954.12,0.0,0.0,converted_from_iso8601_offset_to_utc_naive,0,0.0,0.0,0.0,OV2|a8eed6|H1|B,182688566
186630192,182688515,XAUUSD,1,-12.05,4,SL,2026-05-04 16:32:38,0.05,4560.98,0.0,0.0,converted_from_iso8601_offset_to_utc_naive,0,0.0,0.0,0.0,[sl 4560.98],182688575
186634418,182691537,BTCUSD,0,0.0,3,EXPERT,2026-05-04 16:34:00,0.1,78993.26,0.0,0.0,converted_from_iso8601_offset_to_utc_naive,0,0.0,0.0,0.0,OV2|c6f27e|H1|B,182691537
186635390,182691537,BTCUSD,1,-1.6600000000000001,4,SL,2026-05-04 16:34:41,0.1,78976.67,0.0,0.0,converted_from_iso8601_offset_to_utc_naive,0,0.0,0.0,0.0,[sl 78976.76],182692224
186637301,182693587,BTCUSD,0,0.0,3,EXPERT,2026-05-04 16:36:34,0.1,79085.39,0.0,0.0,converted_from_iso8601_offset_to_utc_naive,0,0.0,0.0,0.0,OV2|fc5529|H1|B,182693587
186637313,182693587,BTCUSD,1,-1.51,4,SL,2026-05-04 16:36:36,0.1,79070.29,0.0,0.0,converted_from_iso8601_offset_to_utc_naive,0,0.0,0.0,0.0,[sl 79070.94],182693599
186638423,182688566,BTCUSD,1,-1.6800000000000002,4,SL,2026-05-04 16:37:34,0.1,78937.34,0.0,0.0,converted_from_iso8601_offset_to_utc_naive,0,0.0,0.0,0.0,[sl 78937.62],182694431
186638488,182694479,BTCUSD,0,0.0,3,EXPERT,2026-05-04 16:37:40,0.1,78949.12,0.0,0.0,converted_from_iso8601_offset_to_utc_naive,0,0.0,0.0,0.0,OV2|2d2b1b|H1|B,182694479
186638542,182694479,BTCUSD,1,-1.8599999999999999,4,SL,2026-05-04 16:37:47,0.1,78930.51,0.0,0.0,converted_from_iso8601_offset_to_utc_naive,0,0.0,0.0,0.0,[sl 78930.62],182694522
186639224,182695059,BTCUSD,0,0.0,3,EXPERT,2026-05-04 16:38:57,0.1,78878.48,0.0,0.0,converted_from_iso8601_offset_to_utc_naive,0,0.0,0.0,0.0,OV2|6ed512|H1|B,182695059
186640237,182695059,BTCUSD,1,-1.79,4,SL,2026-05-04 16:40:33,0.1,78860.6,0.0,0.0,converted_from_iso8601_offset_to_utc_naive,0,0.0,0.0,0.0,[sl 78863.09],182695921
186641234,182696649,BTCUSD,0,0.0,3,EXPERT,2026-05-04 16:41:34,0.1,78934.03,0.0,0.0,converted_from_iso8601_offset_to_utc_naive,0,0.0,0.0,0.0,OV2|be1a9b|H1|B,182696649
186641518,182696649,BTCUSD,1,-1.6800000000000002,4,SL,2026-05-04 16:41:44,0.1,78917.25,0.0,0.0,converted_from_iso8601_offset_to_utc_naive,0,0.0,0.0,0.0,[sl 78917.53],182696864
186643546,182698258,GBPUSD,0,0.0,3,EXPERT,2026-05-04 16:42:58,0.1,1.35621,0.0,0.0,converted_from_iso8601_offset_to_utc_naive,0,0.0,0.0,0.0,OV2|221474|H1|B,182698258
186643564,182698276,BTCUSD,0,0.0,3,EXPERT,2026-05-04 16:43:00,0.1,78893.49,0.0,0.0,converted_from_iso8601_offset_to_utc_naive,0,0.0,0.0,0.0,OV2|de419c|H1|B,182698276
186644451,182698276,BTCUSD,1,-2.5,4,SL,2026-05-04 16:43:37,0.1,78868.48,0.0,0.0,converted_from_iso8601_offset_to_utc_naive,0,0.0,0.0,0.0,[sl 78876.99],182698917
186644907,182699277,BTCUSD,0,0.0,3,EXPERT,2026-05-04 16:44:12,0.1,78879.08,0.0,0.0,converted_from_iso8601_offset_to_utc_naive,0,0.0,0.0,0.0,OV2|cfd4ca|H1|B,182699277
186644938,182699302,GBPUSD,0,0.0,3,EXPERT,2026-05-04 16:44:15,0.1,1.3562400000000001,0.0,0.0,converted_from_iso8601_offset_to_utc_naive,0,0.0,0.0,0.0,OV2|2100f8|H1|B,182699302
186645328,182699277,BTCUSD,1,-2.06,4,SL,2026-05-04 16:44:46,0.1,78858.47,0.0,0.0,converted_from_iso8601_offset_to_utc_naive,0,0.0,0.0,0.0,[sl 78862.58],182699636
186646526,182700574,XAUUSD,0,0.0,3,EXPERT,2026-05-04 16:46:52,0.05,4565.11,0.0,0.0,converted_from_iso8601_offset_to_utc_naive,0,0.0,0.0,0.0,OV2|0fd1fc|H1|B,182700574
186646892,182700574,XAUUSD,1,-13.75,4,SL,2026-05-04 16:47:20,0.05,4562.36,0.0,0.0,converted_from_iso8601_offset_to_utc_naive,0,0.0,0.0,0.0,[sl 4562.64],182700861
186647394,182701279,XAUUSD,0,0.0,3,EXPERT,2026-05-04 16:48:04,0.05,4563.54,0.0,0.0,converted_from_iso8601_offset_to_utc_naive,0,0.0,0.0,0.0,OV2|ecee94|H1|B,182701279
186648453,182702086,XAUUSD,0,0.0,3,EXPERT,2026-05-04 16:49:26,0.05,4564.16,0.0,0.0,converted_from_iso8601_offset_to_utc_naive,0,0.0,0.0,0.0,OV2|a669b1|H1|B,182702086
186648648,182702086,XAUUSD,1,-12.4,4,SL,2026-05-04 16:49:52,0.05,4561.68,0.0,0.0,converted_from_iso8601_offset_to_utc_naive,0,0.0,0.0,0.0,[sl 4561.69],182702235
186648935,182701279,XAUUSD,1,-13.95,4,SL,2026-05-04 16:50:03,0.05,4560.75,0.0,0.0,converted_from_iso8601_offset_to_utc_naive,0,0.0,0.0,0.0,[sl 4561.04],182702452
186651367,182704058,XAUUSD,0,0.0,3,EXPERT,2026-05-04 16:51:58,0.05,4563.79,0.0,0.0,converted_from_iso8601_offset_to_utc_naive,0,0.0,0.0,0.0,OV2|63c9b7|H1|S,182704058
186652656,182704942,XAUUSD,0,0.0,3,EXPERT,2026-05-04 16:53:17,0.05,4559.06,0.0,0.0,converted_from_iso8601_offset_to_utc_naive,0,0.0,0.0,0.0,OV2|71bdf9|H1|S,182704942
186653824,182704942,XAUUSD,1,-13.6,4,SL,2026-05-04 16:54:41,0.05,4561.78,0.0,0.0,converted_from_iso8601_offset_to_utc_naive,0,0.0,0.0,0.0,[sl 4561.57],182705750
186655688,182707095,XAUUSD,0,0.0,3,EXPERT,2026-05-04 16:56:57,0.05,4562.4,0.0,0.0,converted_from_iso8601_offset_to_utc_naive,0,0.0,0.0,0.0,OV2|13319c|H1|S,182707095
186656585,182707095,XAUUSD,1,-12.4,4,SL,2026-05-04 16:58:20,0.05,4564.88,0.0,0.0,converted_from_iso8601_offset_to_utc_naive,0,0.0,0.0,0.0,[sl 4564.87],182707774
186656688,182707846,XAUUSD,0,0.0,3,EXPERT,2026-05-04 16:58:26,0.05,4565.15,0.0,0.0,converted_from_iso8601_offset_to_utc_naive,0,0.0,0.0,0.0,OV2|43e6ea|H1|S,182707846
186656705,182704058,XAUUSD,1,-12.65,4,SL,2026-05-04 16:58:26,0.05,4566.32,0.0,0.0,converted_from_iso8601_offset_to_utc_naive,0,0.0,0.0,0.0,[sl 4566.29],182707893
186657404,182708349,XAUUSD,0,0.0,3,EXPERT,2026-05-04 16:59:35,0.05,4564.31,0.0,0.0,converted_from_iso8601_offset_to_utc_naive,0,0.0,0.0,0.0,OV2|21cb8a|H1|S,182708349
186658057,182709059,BTCUSD,0,0.0,3,EXPERT,2026-05-04 17:00:55,0.1,78767.92,0.0,0.0,converted_from_iso8601_offset_to_utc_naive,0,0.0,0.0,0.0,OV2|6654f0|H1|S,182709059
186658272,182709059,BTCUSD,1,-1.6,4,SL,2026-05-04 17:01:03,0.1,78783.93,0.0,0.0,converted_from_iso8601_offset_to_utc_naive,0,0.0,0.0,0.0,[sl 78783.48],182709182
186658640,182709456,BTCUSD,0,0.0,3,EXPERT,2026-05-04 17:02:10,0.1,78735.78,0.0,0.0,converted_from_iso8601_offset_to_utc_naive,0,0.0,0.0,0.0,OV2|ca8073|H1|S,182709456
186658664,182709456,BTCUSD,1,-1.6800000000000002,4,SL,2026-05-04 17:02:13,0.1,78752.58,0.0,0.0,converted_from_iso8601_offset_to_utc_naive,0,0.0,0.0,0.0,[sl 78752.28],182709473
186659345,182710003,BTCUSD,0,0.0,3,EXPERT,2026-05-04 17:03:27,0.1,78638.17,0.0,0.0,converted_from_iso8601_offset_to_utc_naive,0,0.0,0.0,0.0,OV2|da1f5c|H1|S,182710003
186659425,182710003,BTCUSD,1,-1.8,4,SL,2026-05-04 17:03:33,0.1,78656.12,0.0,0.0,converted_from_iso8601_offset_to_utc_naive,0,0.0,0.0,0.0,[sl 78654.67],182710064
186660372,182710759,BTCUSD,0,0.0,3,EXPERT,2026-05-04 17:04:49,0.1,78610.29,0.0,0.0,converted_from_iso8601_offset_to_utc_naive,0,0.0,0.0,0.0,OV2|e0432e|H1|S,182710759
186661303,182710759,BTCUSD,1,-1.94,4,SL,2026-05-04 17:05:38,0.1,78629.68,0.0,0.0,converted_from_iso8601_offset_to_utc_naive,0,0.0,0.0,0.0,[sl 78626.79],182711503
186661589,182711722,BTCUSD,0,0.0,3,EXPERT,2026-05-04 17:05:58,0.1,78621.94,0.0,0.0,converted_from_iso8601_offset_to_utc_naive,0,0.0,0.0,0.0,OV2|90c331|H1|S,182711722
186662521,182699302,GBPUSD,1,-6.9,4,SL,2026-05-04 17:07:08,0.1,1.35555,0.0,0.0,converted_from_iso8601_offset_to_utc_naive,0,0.0,0.0,0.0,[sl 1.35555],182712390
186662600,182712453,BTCUSD,0,0.0,3,EXPERT,2026-05-04 17:07:20,0.1,78618.3,0.0,0.0,converted_from_iso8601_offset_to_utc_naive,0,0.0,0.0,0.0,OV2|e9453b|H1|S,182712453
186662845,182712453,BTCUSD,1,-1.6800000000000002,4,SL,2026-05-04 17:07:43,0.1,78635.11,0.0,0.0,converted_from_iso8601_offset_to_utc_naive,0,0.0,0.0,0.0,[sl 78634.80],182712597
186662848,182711722,BTCUSD,1,-1.99,4,SL,2026-05-04 17:07:43,0.1,78641.85,0.0,0.0,converted_from_iso8601_offset_to_utc_naive,0,0.0,0.0,0.0,[sl 78638.39],182712600
186663327,182698258,GBPUSD,1,-7.5,4,SL,2026-05-04 17:08:18,0.1,1.3554599999999999,0.0,0.0,converted_from_iso8601_offset_to_utc_naive,0,0.0,0.0,0.0,[sl 1.35553],182712948
186663398,182684288,USDJPY,1,-2.4,4,SL,2026-05-04 17:08:19,0.05,157.129,0.0,0.0,converted_from_iso8601_offset_to_utc_naive,0,0.0,0.0,0.0,[sl 157.128],182713029
186663975,182684004,USDJPY,1,-4.74,4,SL,2026-05-04 17:08:29,0.1,157.145,0.0,0.0,converted_from_iso8601_offset_to_utc_naive,0,0.0,0.0,0.0,[sl 157.145],182713405
186664078,182713468,BTCUSD,0,0.0,3,EXPERT,2026-05-04 17:08:36,0.1,78604.65,0.0,0.0,converted_from_iso8601_offset_to_utc_naive,0,0.0,0.0,0.0,OV2|a06a74|H1|S,182713468
186664283,182713468,BTCUSD,1,-1.81,4,SL,2026-05-04 17:08:56,0.1,78622.7,0.0,0.0,converted_from_iso8601_offset_to_utc_naive,0,0.0,0.0,0.0,[sl 78621.15],182713613
186666033,182714793,BTCUSD,0,0.0,3,EXPERT,2026-05-04 17:09:55,0.1,78526.76,0.0,0.0,converted_from_iso8601_offset_to_utc_naive,0,0.0,0.0,0.0,OV2|b6d8af|H1|S,182714793
186666081,182714793,BTCUSD,1,-1.65,4,SL,2026-05-04 17:09:59,0.1,78543.29,0.0,0.0,converted_from_iso8601_offset_to_utc_naive,0,0.0,0.0,0.0,[sl 78543.26],182714829
186667327,182715732,BTCUSD,0,0.0,3,EXPERT,2026-05-04 17:11:15,0.1,78689.03,0.0,0.0,converted_from_iso8601_offset_to_utc_naive,0,0.0,0.0,0.0,OV2|003537|H1|S,182715732
186667477,182715732,BTCUSD,1,-1.78,4,SL,2026-05-04 17:11:34,0.1,78706.81,0.0,0.0,converted_from_iso8601_offset_to_utc_naive,0,0.0,0.0,0.0,[sl 78705.53],182715836
186668086,182716299,BTCUSD,0,0.0,3,EXPERT,2026-05-04 17:12:27,0.1,78809.47,0.0,0.0,converted_from_iso8601_offset_to_utc_naive,0,0.0,0.0,0.0,OV2|777ab0|H1|S,182716299
186668159,182716299,BTCUSD,1,-2.07,4,SL,2026-05-04 17:12:31,0.1,78830.13,0.0,0.0,converted_from_iso8601_offset_to_utc_naive,0,0.0,0.0,0.0,[sl 78825.97],182716351
186670422,182717914,BTCUSD,0,0.0,3,EXPERT,2026-05-04 17:13:50,0.1,78903.87,0.0,0.0,converted_from_iso8601_offset_to_utc_naive,0,0.0,0.0,0.0,OV2|5d7ed5|H1|S,182717914
186670708,182717914,BTCUSD,1,-2.24,4,SL,2026-05-04 17:14:08,0.1,78926.3,0.0,0.0,converted_from_iso8601_offset_to_utc_naive,0,0.0,0.0,0.0,[sl 78920.37],182718142
186672689,182719540,BTCUSD,0,0.0,3,EXPERT,2026-05-04 17:16:19,0.1,78969.03,0.0,0.0,converted_from_iso8601_offset_to_utc_naive,0,0.0,0.0,0.0,OV2|aeac95|H1|S,182719540
186672724,182708349,XAUUSD,1,-14.2,4,SL,2026-05-04 17:16:22,0.05,4567.15,0.0,0.0,converted_from_iso8601_offset_to_utc_naive,0,0.0,0.0,0.0,[sl 4566.81],182719605
186672921,182719695,XAUUSD,0,0.0,3,EXPERT,2026-05-04 17:16:27,0.03,4566.71,0.0,0.0,converted_from_iso8601_offset_to_utc_naive,0,0.0,0.0,0.0,OV2|191de1|H1|S,182719695
186673344,182707846,XAUUSD,1,-15.45,4,SL,2026-05-04 17:16:58,0.05,4568.24,0.0,0.0,converted_from_iso8601_offset_to_utc_naive,0,0.0,0.0,0.0,[sl 4567.65],182719985
186673388,182719540,BTCUSD,1,-2.26,4,SL,2026-05-04 17:16:58,0.1,78991.61,0.0,0.0,converted_from_iso8601_offset_to_utc_naive,0,0.0,0.0,0.0,[sl 78985.43],182720139
186674329,182720672,BTCUSD,0,0.0,3,EXPERT,2026-05-04 17:17:34,0.1,78989.79,0.0,0.0,converted_from_iso8601_offset_to_utc_naive,0,0.0,0.0,0.0,OV2|28882c|H1|S,182720672
186674372,182720712,XAUUSD,0,0.0,3,EXPERT,2026-05-04 17:17:39,0.03,4566.85,0.0,0.0,converted_from_iso8601_offset_to_utc_naive,0,0.0,0.0,0.0,OV2|6a4572|H1|S,182720712
186674441,182720672,BTCUSD,1,-3.3,4,SL,2026-05-04 17:17:53,0.1,79022.82,0.0,0.0,converted_from_iso8601_offset_to_utc_naive,0,0.0,0.0,0.0,[sl 79006.29],182720764
186674975,182719695,XAUUSD,1,-8.04,4,SL,2026-05-04 17:18:39,0.03,4569.39,0.0,0.0,converted_from_iso8601_offset_to_utc_naive,0,0.0,0.0,0.0,[sl 4569.21],182721189
186674979,182720712,XAUUSD,1,-7.62,4,SL,2026-05-04 17:18:39,0.03,4569.39,0.0,0.0,converted_from_iso8601_offset_to_utc_naive,0,0.0,0.0,0.0,[sl 4569.35],182721190
186676056,182721862,XAUUSD,0,0.0,3,EXPERT,2026-05-04 17:18:54,0.05,4571.42,0.0,0.0,converted_from_iso8601_offset_to_utc_naive,0,0.0,0.0,0.0,OV2|874c16|H1|S,182721862
186676216,182721957,BTCUSD,0,0.0,3,EXPERT,2026-05-04 17:18:59,0.1,79018.42,0.0,0.0,converted_from_iso8601_offset_to_utc_naive,0,0.0,0.0,0.0,OV2|953a7a|H1|S,182721957
186676335,182721862,XAUUSD,1,-12.55,4,SL,2026-05-04 17:19:00,0.05,4573.93,0.0,0.0,converted_from_iso8601_offset_to_utc_naive,0,0.0,0.0,0.0,[sl 4573.93],182722096
186676431,182721957,BTCUSD,1,-2.01,4,SL,2026-05-04 17:19:01,0.1,79038.55,0.0,0.0,converted_from_iso8601_offset_to_utc_naive,0,0.0,0.0,0.0,[sl 79036.92],182722149
186679872,182724396,XAUUSD,0,0.0,3,EXPERT,2026-05-04 17:21:28,0.05,4575.9,0.0,0.0,converted_from_iso8601_offset_to_utc_naive,0,0.0,0.0,0.0,OV2|0711ad|H1|B,182724396
186679936,182724445,BTCUSD,0,0.0,3,EXPERT,2026-05-04 17:21:36,0.1,79053.36,0.0,0.0,converted_from_iso8601_offset_to_utc_naive,0,0.0,0.0,0.0,OV2|f589f5|H1|B,182724445
186682844,182726283,BTCUSD,0,0.0,3,EXPERT,2026-05-04 17:22:42,0.05,79190.59,0.0,0.0,converted_from_iso8601_offset_to_utc_naive,0,0.0,0.0,0.0,OV2|e2f34b|H1|B,182726283
186682989,182726380,XAUUSD,0,0.0,3,EXPERT,2026-05-04 17:22:53,0.05,4581.68,0.0,0.0,converted_from_iso8601_offset_to_utc_naive,0,0.0,0.0,0.0,OV2|6a937e|H1|B,182726380
186683059,182726283,BTCUSD,1,-1.3900000000000001,4,SL,2026-05-04 17:22:59,0.05,79162.82,0.0,0.0,converted_from_iso8601_offset_to_utc_naive,0,0.0,0.0,0.0,[sl 79168.11],182726426
186683906,182726380,XAUUSD,1,-12.5,4,SL,2026-05-04 17:23:50,0.05,4579.18,0.0,0.0,converted_from_iso8601_offset_to_utc_naive,0,0.0,0.0,0.0,[sl 4579.18],182727063
186684351,182727374,BTCUSD,0,0.0,3,EXPERT,2026-05-04 17:24:04,0.05,79233.15,0.0,0.0,converted_from_iso8601_offset_to_utc_naive,0,0.0,0.0,0.0,OV2|411375|H1|B,182727374
186684491,182727455,XAUUSD,0,0.0,3,EXPERT,2026-05-04 17:24:07,0.05,4577.04,0.0,0.0,converted_from_iso8601_offset_to_utc_naive,0,0.0,0.0,0.0,OV2|49b333|H1|B,182727455
186684888,182727455,XAUUSD,1,-13.0,4,SL,2026-05-04 17:24:23,0.05,4574.44,0.0,0.0,converted_from_iso8601_offset_to_utc_naive,0,0.0,0.0,0.0,[sl 4574.54],182727765
186686168,182724396,XAUUSD,1,-12.3,4,SL,2026-05-04 17:25:58,0.05,4573.44,0.0,0.0,converted_from_iso8601_offset_to_utc_naive,0,0.0,0.0,0.0,[sl 4573.45],182728648
186686655,182728968,XAUUSD,0,0.0,3,EXPERT,2026-05-04 17:26:36,0.05,4573.37,0.0,0.0,converted_from_iso8601_offset_to_utc_naive,0,0.0,0.0,0.0,OV2|641e88|H1|B,182728968
186687297,182729480,XAUUSD,0,0.0,3,EXPERT,2026-05-04 17:27:50,0.05,4574.59,0.0,0.0,converted_from_iso8601_offset_to_utc_naive,0,0.0,0.0,0.0,OV2|54343a|H1|B,182729480
186688180,182729480,XAUUSD,1,-14.55,4,SL,2026-05-04 17:29:25,0.05,4571.68,0.0,0.0,converted_from_iso8601_offset_to_utc_naive,0,0.0,0.0,0.0,[sl 4572.09],182730162
186688481,182728968,XAUUSD,1,-12.5,4,SL,2026-05-04 17:29:43,0.05,4570.87,0.0,0.0,converted_from_iso8601_offset_to_utc_naive,0,0.0,0.0,0.0,[sl 4570.87],182730389
186691337,182732318,XAUUSD,0,0.0,3,EXPERT,2026-05-04 17:31:45,0.05,4579.21,0.0,0.0,converted_from_iso8601_offset_to_utc_naive,0,0.0,0.0,0.0,OV2|290670|H1|B,182732318
186691771,182732318,XAUUSD,1,-12.7,4,SL,2026-05-04 17:32:15,0.05,4576.67,0.0,0.0,converted_from_iso8601_offset_to_utc_naive,0,0.0,0.0,0.0,[sl 4576.70],182732619
186692134,182732874,EURUSD,0,0.0,3,EXPERT,2026-05-04 17:33:05,0.1,1.17142,0.0,0.0,converted_from_iso8601_offset_to_utc_naive,0,0.0,0.0,0.0,OV2|d5bc33|H1|B,182732874
186692163,182732896,XAUUSD,0,0.0,3,EXPERT,2026-05-04 17:33:11,0.05,4577.97,0.0,0.0,converted_from_iso8601_offset_to_utc_naive,0,0.0,0.0,0.0,OV2|d6c30d|H1|B,182732896
186692549,182733180,XAUUSD,0,0.0,3,EXPERT,2026-05-04 17:34:20,0.05,4577.12,0.0,0.0,converted_from_iso8601_offset_to_utc_naive,0,0.0,0.0,0.0,OV2|a6d5d6|H1|B,182733180
186692579,182733206,EURUSD,0,0.0,3,EXPERT,2026-05-04 17:34:25,0.1,1.17147,0.0,0.0,converted_from_iso8601_offset_to_utc_naive,0,0.0,0.0,0.0,OV2|eda2a3|H1|B,182733206
186692592,182732896,XAUUSD,1,-13.6,4,SL,2026-05-04 17:34:26,0.05,4575.25,0.0,0.0,converted_from_iso8601_offset_to_utc_naive,0,0.0,0.0,0.0,[sl 4575.46],182733218
186694339,182734510,XAUUSD,0,0.0,3,EXPERT,2026-05-04 17:37:05,0.05,4578.34,0.0,0.0,converted_from_iso8601_offset_to_utc_naive,0,0.0,0.0,0.0,OV2|9c1ff5|H1|B,182734510
186695821,182735664,USDJPY,0,0.0,3,EXPERT,2026-05-04 17:39:30,0.1,156.976,0.0,0.0,converted_from_iso8601_offset_to_utc_naive,0,0.0,0.0,0.0,OV2|a606c1|H1|S,182735664
186698493,182737551,USDJPY,0,0.0,3,EXPERT,2026-05-04 17:42:13,0.1,156.972,0.0,0.0,converted_from_iso8601_offset_to_utc_naive,0,0.0,0.0,0.0,OV2|c942ab|H1|S,182737551
186699304,182734510,XAUUSD,1,-14.1,4,SL,2026-05-04 17:43:03,0.05,4575.52,0.0,0.0,converted_from_iso8601_offset_to_utc_naive,0,0.0,0.0,0.0,[sl 4575.84],182738083
186699759,182738391,XAUUSD,0,0.0,3,EXPERT,2026-05-04 17:43:30,0.05,4575.36,0.0,0.0,converted_from_iso8601_offset_to_utc_naive,0,0.0,0.0,0.0,OV2|acc66b|H1|B,182738391
186700492,182737551,USDJPY,1,-4.55,4,SL,2026-05-04 17:44:47,0.1,157.043,0.0,0.0,converted_from_iso8601_offset_to_utc_naive,0,0.0,0.0,0.0,[sl 157.042],182738941
186700556,182733206,EURUSD,1,-6.6,4,SL,2026-05-04 17:44:55,0.1,1.17081,0.0,0.0,converted_from_iso8601_offset_to_utc_naive,0,0.0,0.0,0.0,[sl 1.17081],182738986
186700561,182733180,XAUUSD,1,-13.1,4,SL,2026-05-04 17:44:56,0.05,4574.5,0.0,0.0,converted_from_iso8601_offset_to_utc_naive,0,0.0,0.0,0.0,[sl 4574.62],182738990
186700795,182735664,USDJPY,1,-4.55,4,SL,2026-05-04 17:45:04,0.1,157.047,0.0,0.0,converted_from_iso8601_offset_to_utc_naive,0,0.0,0.0,0.0,[sl 157.046],182739208
186701794,182732874,EURUSD,1,-6.8,4,SL,2026-05-04 17:46:27,0.1,1.17074,0.0,0.0,converted_from_iso8601_offset_to_utc_naive,0,0.0,0.0,0.0,[sl 1.17074],182739949
186702157,182738391,XAUUSD,1,-13.0,4,SL,2026-05-04 17:46:50,0.05,4572.76,0.0,0.0,converted_from_iso8601_offset_to_utc_naive,0,0.0,0.0,0.0,[sl 4572.81],182740205
186702372,182740355,USDJPY,0,0.0,3,EXPERT,2026-05-04 17:47:10,0.1,157.05,0.0,0.0,converted_from_iso8601_offset_to_utc_naive,0,0.0,0.0,0.0,OV2|f45f75|H1|S,182740355
186702430,182740397,XAUUSD,0,0.0,3,EXPERT,2026-05-04 17:47:13,0.05,4572.94,0.0,0.0,converted_from_iso8601_offset_to_utc_naive,0,0.0,0.0,0.0,OV2|f6eb56|H1|B,182740397
186702511,182740446,EURUSD,0,0.0,3,EXPERT,2026-05-04 17:47:18,0.1,1.17078,0.0,0.0,converted_from_iso8601_offset_to_utc_naive,0,0.0,0.0,0.0,OV2|1ecf27|H1|S,182740446
186703037,182724445,BTCUSD,1,92.33,5,TP,2026-05-04 17:48:17,0.1,79976.65,0.0,0.0,converted_from_iso8601_offset_to_utc_naive,0,0.0,0.0,0.0,[tp 79975.83],182740809
186703239,182740951,XAUUSD,0,0.0,3,EXPERT,2026-05-04 17:48:27,0.05,4573.78,0.0,0.0,converted_from_iso8601_offset_to_utc_naive,0,0.0,0.0,0.0,OV2|2b205f|H1|B,182740951
186703276,182740985,USDJPY,0,0.0,3,EXPERT,2026-05-04 17:48:30,0.1,157.059,0.0,0.0,converted_from_iso8601_offset_to_utc_naive,0,0.0,0.0,0.0,OV2|0ea172|H1|S,182740985
186703504,182741141,EURUSD,0,0.0,3,EXPERT,2026-05-04 17:48:35,0.1,1.1706,0.0,0.0,converted_from_iso8601_offset_to_utc_naive,0,0.0,0.0,0.0,OV2|7d2f1d|H1|S,182741141
186703554,182741167,BTCUSD,0,0.0,3,EXPERT,2026-05-04 17:48:38,0.1,80194.88,0.0,0.0,converted_from_iso8601_offset_to_utc_naive,0,0.0,0.0,0.0,OV2|5fe0e7|H1|B,182741167
186703582,182741167,BTCUSD,1,-1.78,4,SL,2026-05-04 17:48:39,0.1,80177.13,0.0,0.0,converted_from_iso8601_offset_to_utc_naive,0,0.0,0.0,0.0,[sl 80178.38],182741193
186703715,182740951,XAUUSD,1,-12.55,4,SL,2026-05-04 17:48:46,0.05,4571.27,0.0,0.0,converted_from_iso8601_offset_to_utc_naive,0,0.0,0.0,0.0,[sl 4571.27],182741290
186704186,182740397,XAUUSD,1,-12.65,4,SL,2026-05-04 17:49:20,0.05,4570.41,0.0,0.0,converted_from_iso8601_offset_to_utc_naive,0,0.0,0.0,0.0,[sl 4570.44],182741602
186705057,182742150,BTCUSD,0,0.0,3,EXPERT,2026-05-04 17:49:47,0.1,80009.83,0.0,0.0,converted_from_iso8601_offset_to_utc_naive,0,0.0,0.0,0.0,OV2|159bff|H1|B,182742150
186705134,182742198,XAUUSD,0,0.0,3,EXPERT,2026-05-04 17:49:55,0.05,4570.86,0.0,0.0,converted_from_iso8601_offset_to_utc_naive,0,0.0,0.0,0.0,OV2|6a436e|H1|B,182742198
186705583,182727374,BTCUSD,1,49.0,5,TP,2026-05-04 17:50:53,0.05,80213.15,0.0,0.0,converted_from_iso8601_offset_to_utc_naive,0,0.0,0.0,0.0,[tp 80212.54],182742514
186705732,182742617,BTCUSD,0,0.0,3,EXPERT,2026-05-04 17:51:09,0.1,80283.88,0.0,0.0,converted_from_iso8601_offset_to_utc_naive,0,0.0,0.0,0.0,OV2|bb37b0|H1|B,182742617
186706122,182742617,BTCUSD,1,-1.96,4,SL,2026-05-04 17:51:42,0.1,80264.29,0.0,0.0,converted_from_iso8601_offset_to_utc_naive,0,0.0,0.0,0.0,[sl 80268.45],182742880
186706595,182743197,BTCUSD,0,0.0,3,EXPERT,2026-05-04 17:52:23,0.1,80367.13,0.0,0.0,converted_from_iso8601_offset_to_utc_naive,0,0.0,0.0,0.0,OV2|c716e4|H1|B,182743197
186706610,182743209,XAUUSD,0,0.0,3,EXPERT,2026-05-04 17:52:26,0.05,4569.67,0.0,0.0,converted_from_iso8601_offset_to_utc_naive,0,0.0,0.0,0.0,OV2|3ce0d6|H1|B,182743209
186706755,182742198,XAUUSD,1,-14.3,4,SL,2026-05-04 17:52:44,0.05,4568.0,0.0,0.0,converted_from_iso8601_offset_to_utc_naive,0,0.0,0.0,0.0,[sl 4568.28],182743332
186706922,182743197,BTCUSD,1,-1.67,4,SL,2026-05-04 17:52:54,0.1,80350.45,0.0,0.0,converted_from_iso8601_offset_to_utc_naive,0,0.0,0.0,0.0,[sl 80355.14],182743424
186707469,182743777,XAUUSD,0,0.0,3,EXPERT,2026-05-04 17:53:36,0.05,4568.62,0.0,0.0,converted_from_iso8601_offset_to_utc_naive,0,0.0,0.0,0.0,OV2|fdd630|H1|B,182743777
186707516,182743209,XAUUSD,1,-13.0,4,SL,2026-05-04 17:53:41,0.05,4567.07,0.0,0.0,converted_from_iso8601_offset_to_utc_naive,0,0.0,0.0,0.0,[sl 4567.16],182743810
186708299,182744344,BTCUSD,0,0.0,3,EXPERT,2026-05-04 17:54:58,0.1,80458.27,0.0,0.0,converted_from_iso8601_offset_to_utc_naive,0,0.0,0.0,0.0,OV2|918ba8|H1|B,182744344
186708691,182744344,BTCUSD,1,-1.96,4,SL,2026-05-04 17:55:18,0.1,80438.64,0.0,0.0,converted_from_iso8601_offset_to_utc_naive,0,0.0,0.0,0.0,[sl 80441.77],182744624
186709214,182744991,BTCUSD,0,0.0,3,EXPERT,2026-05-04 17:56:09,0.1,80412.46,0.0,0.0,converted_from_iso8601_offset_to_utc_naive,0,0.0,0.0,0.0,OV2|6f530e|H1|B,182744991
186709228,182744991,BTCUSD,1,-2.11,4,SL,2026-05-04 17:56:14,0.1,80391.41,0.0,0.0,converted_from_iso8601_offset_to_utc_naive,0,0.0,0.0,0.0,[sl 80395.96],182745001
186710178,182743777,XAUUSD,1,-14.0,4,SL,2026-05-04 17:57:04,0.05,4565.82,0.0,0.0,converted_from_iso8601_offset_to_utc_naive,0,0.0,0.0,0.0,[sl 4566.12],182745680
186710946,182746186,BTCUSD,0,0.0,3,EXPERT,2026-05-04 17:57:29,0.1,80173.65,0.0,0.0,converted_from_iso8601_offset_to_utc_naive,0,0.0,0.0,0.0,OV2|e6c005|H1|B,182746186
186715273,182740355,USDJPY,1,-4.42,4,SL,2026-05-04 18:00:14,0.1,157.119,0.0,0.0,converted_from_iso8601_offset_to_utc_naive,0,0.0,0.0,0.0,[sl 157.118],182749221
186715542,182740985,USDJPY,1,-4.68,4,SL,2026-05-04 18:00:19,0.1,157.132,0.0,0.0,converted_from_iso8601_offset_to_utc_naive,0,0.0,0.0,0.0,[sl 157.127],182749379
186719235,182751992,XAUUSD,0,0.0,3,EXPERT,2026-05-04 18:03:51,0.05,4560.54,0.0,0.0,converted_from_iso8601_offset_to_utc_naive,0,0.0,0.0,0.0,OV2|05c588|H1|S,182751992
186719730,182746186,BTCUSD,1,-2.24,4,SL,2026-05-04 18:04:52,0.1,80151.22,0.0,0.0,converted_from_iso8601_offset_to_utc_naive,0,0.0,0.0,0.0,[sl 80155.15],182752371
186720213,182741141,EURUSD,1,-6.7,4,SL,2026-05-04 18:05:26,0.1,1.17127,0.0,0.0,converted_from_iso8601_offset_to_utc_naive,0,0.0,0.0,0.0,[sl 1.17126],182752731
186721051,182753373,BTCUSD,0,0.0,3,EXPERT,2026-05-04 18:06:30,0.1,80134.84,0.0,0.0,converted_from_iso8601_offset_to_utc_naive,0,0.0,0.0,0.0,OV2|87419a|H1|B,182753373
186721090,182753401,EURUSD,0,0.0,3,EXPERT,2026-05-04 18:06:35,0.1,1.17122,0.0,0.0,converted_from_iso8601_offset_to_utc_naive,0,0.0,0.0,0.0,OV2|8f4d6a|H1|S,182753401
186721460,182740446,EURUSD,1,-6.8,4,SL,2026-05-04 18:07:02,0.1,1.17146,0.0,0.0,converted_from_iso8601_offset_to_utc_naive,0,0.0,0.0,0.0,[sl 1.17146],182753672
186721582,182753373,BTCUSD,1,-1.69,4,SL,2026-05-04 18:07:26,0.1,80117.95,0.0,0.0,converted_from_iso8601_offset_to_utc_naive,0,0.0,0.0,0.0,[sl 80118.34],182753777
186721678,182753851,BTCUSD,0,0.0,3,EXPERT,2026-05-04 18:07:41,0.1,80172.77,0.0,0.0,converted_from_iso8601_offset_to_utc_naive,0,0.0,0.0,0.0,OV2|e5fef4|H1|B,182753851
186721705,182753880,XAUUSD,0,0.0,3,EXPERT,2026-05-04 18:07:47,0.05,4558.94,0.0,0.0,converted_from_iso8601_offset_to_utc_naive,0,0.0,0.0,0.0,OV2|697361|H1|S,182753880
186721773,182753851,BTCUSD,1,-2.2,4,SL,2026-05-04 18:07:49,0.1,80150.74,0.0,0.0,converted_from_iso8601_offset_to_utc_naive,0,0.0,0.0,0.0,[sl 80156.27],182753951
186722910,182754848,BTCUSD,0,0.0,3,EXPERT,2026-05-04 18:09:04,0.1,80140.29,0.0,0.0,converted_from_iso8601_offset_to_utc_naive,0,0.0,0.0,0.0,OV2|a0bd48|H1|B,182754848
186722927,182754863,EURUSD,0,0.0,3,EXPERT,2026-05-04 18:09:07,0.1,1.17123,0.0,0.0,converted_from_iso8601_offset_to_utc_naive,0,0.0,0.0,0.0,OV2|6c1399|H1|S,182754863
186723548,182754848,BTCUSD,1,-2.19,4,SL,2026-05-04 18:09:59,0.1,80118.37,0.0,0.0,converted_from_iso8601_offset_to_utc_naive,0,0.0,0.0,0.0,[sl 80123.79],182755327
186724294,182742150,BTCUSD,1,-1.81,4,SL,2026-05-04 18:11:25,0.1,79991.78,0.0,0.0,converted_from_iso8601_offset_to_utc_naive,0,0.0,0.0,0.0,[sl 79991.80],182755894
186724400,182755962,BTCUSD,0,0.0,3,EXPERT,2026-05-04 18:11:35,0.1,79972.97,0.0,0.0,converted_from_iso8601_offset_to_utc_naive,0,0.0,0.0,0.0,OV2|87f649|H1|B,182755962
186724402,182755962,BTCUSD,1,-2.26,4,SL,2026-05-04 18:11:36,0.1,79950.4,0.0,0.0,converted_from_iso8601_offset_to_utc_naive,0,0.0,0.0,0.0,[sl 79956.48],182755964
186725374,182756664,BTCUSD,0,0.0,3,EXPERT,2026-05-04 18:13:00,0.1,80045.53,0.0,0.0,converted_from_iso8601_offset_to_utc_naive,0,0.0,0.0,0.0,OV2|ecea43|H1|B,182756664
186725637,182756664,BTCUSD,1,-1.73,4,SL,2026-05-04 18:13:15,0.1,80028.24,0.0,0.0,converted_from_iso8601_offset_to_utc_naive,0,0.0,0.0,0.0,[sl 80029.03],182756842
186726917,182757685,BTCUSD,0,0.0,3,EXPERT,2026-05-04 18:14:09,0.1,80032.41,0.0,0.0,converted_from_iso8601_offset_to_utc_naive,0,0.0,0.0,0.0,OV2|108f9e|H1|B,182757685
186726940,182757685,BTCUSD,1,-1.73,4,SL,2026-05-04 18:14:11,0.1,80015.07,0.0,0.0,converted_from_iso8601_offset_to_utc_naive,0,0.0,0.0,0.0,[sl 80015.91],182757703
186731022,182760490,BTCUSD,0,0.0,3,EXPERT,2026-05-04 18:16:48,0.1,80207.03,0.0,0.0,converted_from_iso8601_offset_to_utc_naive,0,0.0,0.0,0.0,OV2|2f3609|H1|B,182760490
186731200,182760490,BTCUSD,1,-1.92,4,SL,2026-05-04 18:16:56,0.1,80187.88,0.0,0.0,converted_from_iso8601_offset_to_utc_naive,0,0.0,0.0,0.0,[sl 80189.52],182760632
186732328,182761431,BTCUSD,0,0.0,3,EXPERT,2026-05-04 18:18:05,0.1,80030.45,0.0,0.0,converted_from_iso8601_offset_to_utc_naive,0,0.0,0.0,0.0,OV2|4bbee8|H1|B,182761431
186732428,182761431,BTCUSD,1,-1.85,4,SL,2026-05-04 18:18:10,0.1,80011.99,0.0,0.0,converted_from_iso8601_offset_to_utc_naive,0,0.0,0.0,0.0,[sl 80017.25],182761493
186734322,182762758,BTCUSD,0,0.0,3,EXPERT,2026-05-04 18:19:20,0.1,80022.75,0.0,0.0,converted_from_iso8601_offset_to_utc_naive,0,0.0,0.0,0.0,OV2|53294a|H1|B,182762758
186734339,182762758,BTCUSD,1,-2.19,4,SL,2026-05-04 18:19:20,0.1,80000.82,0.0,0.0,converted_from_iso8601_offset_to_utc_naive,0,0.0,0.0,0.0,[sl 80006.25],182762765
186739934,182751992,XAUUSD,1,145.7,5,TP,2026-05-04 18:21:18,0.05,4531.4,0.0,0.0,converted_from_iso8601_offset_to_utc_naive,0,0.0,0.0,0.0,[tp 4531.47],182766497
186740059,182753880,XAUUSD,1,144.25,5,TP,2026-05-04 18:21:19,0.05,4530.09,0.0,0.0,converted_from_iso8601_offset_to_utc_naive,0,0.0,0.0,0.0,[tp 4530.25],182766622
186753312,182775359,XAUUSD,0,0.0,3,EXPERT,2026-05-04 18:27:12,0.05,4529.78,0.0,0.0,converted_from_iso8601_offset_to_utc_naive,0,0.0,0.0,0.0,OV2|6f44f6|H1|S,182775359
186754346,182775359,XAUUSD,1,-13.25,4,SL,2026-05-04 18:28:13,0.05,4532.43,0.0,0.0,converted_from_iso8601_offset_to_utc_naive,0,0.0,0.0,0.0,[sl 4532.35],182776050
186754534,182776177,XAUUSD,0,0.0,3,EXPERT,2026-05-04 18:28:24,0.05,4531.31,0.0,0.0,converted_from_iso8601_offset_to_utc_naive,0,0.0,0.0,0.0,OV2|819c0e|H1|S,182776177
186754725,182776177,XAUUSD,1,-12.2,4,SL,2026-05-04 18:28:28,0.05,4533.75,0.0,0.0,converted_from_iso8601_offset_to_utc_naive,0,0.0,0.0,0.0,[sl 4533.72],182776298
186757311,182777929,XAUUSD,0,0.0,3,EXPERT,2026-05-04 18:29:44,0.05,4539.12,0.0,0.0,converted_from_iso8601_offset_to_utc_naive,0,0.0,0.0,0.0,OV2|cb8f77|H1|S,182777929
186759775,182779801,XAUUSD,0,0.0,3,EXPERT,2026-05-04 18:32:11,0.05,4532.26,0.0,0.0,converted_from_iso8601_offset_to_utc_naive,0,0.0,0.0,0.0,OV2|c8304d|H1|S,182779801
186761225,182779801,XAUUSD,1,-14.1,4,SL,2026-05-04 18:33:59,0.05,4535.08,0.0,0.0,converted_from_iso8601_offset_to_utc_naive,0,0.0,0.0,0.0,[sl 4534.76],182780814
186762270,182781575,XAUUSD,0,0.0,3,EXPERT,2026-05-04 18:34:53,0.05,4535.74,0.0,0.0,converted_from_iso8601_offset_to_utc_naive,0,0.0,0.0,0.0,OV2|425cda|H1|S,182781575
186764121,182781575,XAUUSD,1,-12.65,4,SL,2026-05-04 18:36:46,0.05,4538.27,0.0,0.0,converted_from_iso8601_offset_to_utc_naive,0,0.0,0.0,0.0,[sl 4538.24],182782877
186764581,182783201,XAUUSD,0,0.0,3,EXPERT,2026-05-04 18:37:22,0.05,4536.73,0.0,0.0,converted_from_iso8601_offset_to_utc_naive,0,0.0,0.0,0.0,OV2|258cb0|H1|S,182783201
186765154,182783201,XAUUSD,1,-15.1,4,SL,2026-05-04 18:38:05,0.05,4539.75,0.0,0.0,converted_from_iso8601_offset_to_utc_naive,0,0.0,0.0,0.0,[sl 4539.23],182783625
186765241,182777929,XAUUSD,1,-14.5,4,SL,2026-05-04 18:38:06,0.05,4542.02,0.0,0.0,converted_from_iso8601_offset_to_utc_naive,0,0.0,0.0,0.0,[sl 4541.69],182783743
186766988,182784738,XAUUSD,0,0.0,3,EXPERT,2026-05-04 18:38:50,0.05,4537.83,0.0,0.0,converted_from_iso8601_offset_to_utc_naive,0,0.0,0.0,0.0,OV2|20d42d|H1|S,182784738
186767710,182785284,XAUUSD,0,0.0,3,EXPERT,2026-05-04 18:39:57,0.05,4534.92,0.0,0.0,converted_from_iso8601_offset_to_utc_naive,0,0.0,0.0,0.0,OV2|9926c4|H1|S,182785284
186768742,182785284,XAUUSD,1,-13.75,4,SL,2026-05-04 18:41:17,0.05,4537.67,0.0,0.0,converted_from_iso8601_offset_to_utc_naive,0,0.0,0.0,0.0,[sl 4537.35],182786005
186768780,182786037,XAUUSD,0,0.0,3,EXPERT,2026-05-04 18:41:19,0.05,4537.11,0.0,0.0,converted_from_iso8601_offset_to_utc_naive,0,0.0,0.0,0.0,OV2|ab6bf2|H1|S,182786037
186771284,182788018,BTCUSD,0,0.0,3,EXPERT,2026-05-04 18:46:31,0.1,79854.14,0.0,0.0,converted_from_iso8601_offset_to_utc_naive,0,0.0,0.0,0.0,OV2|5a8a3d|H1|B,182788018
186771829,182788018,BTCUSD,1,-1.9300000000000002,4,SL,2026-05-04 18:47:17,0.1,79834.86,0.0,0.0,converted_from_iso8601_offset_to_utc_naive,0,0.0,0.0,0.0,[sl 79837.64],182788375
186772186,182788635,BTCUSD,0,0.0,3,EXPERT,2026-05-04 18:47:51,0.1,79816.38,0.0,0.0,converted_from_iso8601_offset_to_utc_naive,0,0.0,0.0,0.0,OV2|e9fab7|H1|B,182788635
186772294,182788635,BTCUSD,1,-1.9,4,SL,2026-05-04 18:47:55,0.1,79797.38,0.0,0.0,converted_from_iso8601_offset_to_utc_naive,0,0.0,0.0,0.0,[sl 79797.88],182788723
186773015,182789183,BTCUSD,0,0.0,3,EXPERT,2026-05-04 18:49:00,0.1,79804.52,0.0,0.0,converted_from_iso8601_offset_to_utc_naive,0,0.0,0.0,0.0,OV2|a4c4cd|H1|B,182789183
186773267,182789183,BTCUSD,1,-1.8599999999999999,4,SL,2026-05-04 18:49:22,0.1,79785.92,0.0,0.0,converted_from_iso8601_offset_to_utc_naive,0,0.0,0.0,0.0,[sl 79788.02],182789351
186776948,182791874,BTCUSD,0,0.0,3,EXPERT,2026-05-04 18:51:32,0.1,79650.39,0.0,0.0,converted_from_iso8601_offset_to_utc_naive,0,0.0,0.0,0.0,OV2|77541a|H1|B,182791874
186776958,182791874,BTCUSD,1,-2.15,4,SL,2026-05-04 18:51:32,0.1,79628.94,0.0,0.0,converted_from_iso8601_offset_to_utc_naive,0,0.0,0.0,0.0,[sl 79631.89],182791884
186777337,182792124,USDJPY,0,0.0,3,EXPERT,2026-05-04 18:51:43,0.1,157.279,0.0,0.0,converted_from_iso8601_offset_to_utc_naive,0,0.0,0.0,0.0,OV2|e64911|H1|B,182792124
186778287,182792124,USDJPY,1,-4.86,4,SL,2026-05-04 18:52:33,0.1,157.203,0.0,0.0,converted_from_iso8601_offset_to_utc_naive,0,0.0,0.0,0.0,[sl 157.205],182792802
186779774,182793802,BTCUSD,0,0.0,3,EXPERT,2026-05-04 18:53:00,0.1,79696.26,0.0,0.0,converted_from_iso8601_offset_to_utc_naive,0,0.0,0.0,0.0,OV2|6172d8|H1|B,182793802
186781552,182794983,USDJPY,0,0.0,3,EXPERT,2026-05-04 18:54:10,0.1,157.191,0.0,0.0,converted_from_iso8601_offset_to_utc_naive,0,0.0,0.0,0.0,OV2|753341|H1|B,182794983
186781629,182795040,BTCUSD,0,0.0,3,EXPERT,2026-05-04 18:54:15,0.1,79866.32,0.0,0.0,converted_from_iso8601_offset_to_utc_naive,0,0.0,0.0,0.0,OV2|01f81d|H1|B,182795040
186783058,182796067,USDJPY,0,0.0,3,EXPERT,2026-05-04 18:56:52,0.1,157.21,0.0,0.0,converted_from_iso8601_offset_to_utc_naive,0,0.0,0.0,0.0,OV2|caad74|H1|B,182796067
186785298,182796067,USDJPY,1,-4.87,4,SL,2026-05-04 19:00:42,0.1,157.134,0.0,0.0,converted_from_iso8601_offset_to_utc_naive,0,0.0,0.0,0.0,[sl 157.137],182798052
186786337,182798814,USDJPY,0,0.0,3,EXPERT,2026-05-04 19:01:52,0.1,157.218,0.0,0.0,converted_from_iso8601_offset_to_utc_naive,0,0.0,0.0,0.0,OV2|14ceab|H1|B,182798814
186789487,182795040,BTCUSD,1,-2.54,4,SL,2026-05-04 19:07:52,0.1,79840.92,0.0,0.0,converted_from_iso8601_offset_to_utc_naive,0,0.0,0.0,0.0,[sl 79841.77],182801487
186790006,182754863,EURUSD,1,19.9,5,TP,2026-05-04 19:07:54,0.1,1.16924,0.0,0.0,converted_from_iso8601_offset_to_utc_naive,0,0.0,0.0,0.0,[tp 1.16925],182801780
186790044,182753401,EURUSD,1,20.9,5,TP,2026-05-04 19:07:54,0.1,1.16913,0.0,0.0,converted_from_iso8601_offset_to_utc_naive,0,0.0,0.0,0.0,[tp 1.16918],182801815
186791568,182793802,BTCUSD,1,-1.9300000000000002,4,SL,2026-05-04 19:08:00,0.1,79676.95,0.0,0.0,converted_from_iso8601_offset_to_utc_naive,0,0.0,0.0,0.0,[sl 79679.76],182803001
186793379,182804090,BTCUSD,0,0.0,3,EXPERT,2026-05-04 19:08:16,0.1,79779.11,0.0,0.0,converted_from_iso8601_offset_to_utc_naive,0,0.0,0.0,0.0,OV2|95867c|H1|B,182804090
186793400,182804090,BTCUSD,1,-1.6099999999999999,4,SL,2026-05-04 19:08:17,0.1,79762.99,0.0,0.0,converted_from_iso8601_offset_to_utc_naive,0,0.0,0.0,0.0,[sl 79765.86],182804114
186793596,182804240,GBPUSD,0,0.0,3,EXPERT,2026-05-04 19:08:21,0.06,1.35195,0.0,0.0,converted_from_iso8601_offset_to_utc_naive,0,0.0,0.0,0.0,OV2|0ca42a|H1|S,182804240
186795779,182805851,BTCUSD,0,0.0,3,EXPERT,2026-05-04 19:09:37,0.1,79747.36,0.0,0.0,converted_from_iso8601_offset_to_utc_naive,0,0.0,0.0,0.0,OV2|55469b|H1|B,182805851
186795824,182805888,GBPUSD,0,0.0,3,EXPERT,2026-05-04 19:09:39,0.08,1.3517000000000001,0.0,0.0,converted_from_iso8601_offset_to_utc_naive,0,0.0,0.0,0.0,OV2|44b286|H1|S,182805888
186796634,182805851,BTCUSD,1,-1.87,4,SL,2026-05-04 19:10:19,0.1,79728.7,0.0,0.0,converted_from_iso8601_offset_to_utc_naive,0,0.0,0.0,0.0,[sl 79730.86],182806497
186798391,182807615,BTCUSD,0,0.0,3,EXPERT,2026-05-04 19:10:59,0.1,79725.64,0.0,0.0,converted_from_iso8601_offset_to_utc_naive,0,0.0,0.0,0.0,OV2|ecb7de|H1|B,182807615
186798886,182807615,BTCUSD,1,-1.87,4,SL,2026-05-04 19:11:17,0.1,79706.9,0.0,0.0,converted_from_iso8601_offset_to_utc_naive,0,0.0,0.0,0.0,[sl 79709.14],182807966
186800239,182808885,BTCUSD,0,0.0,3,EXPERT,2026-05-04 19:12:11,0.1,79802.52,0.0,0.0,converted_from_iso8601_offset_to_utc_naive,0,0.0,0.0,0.0,OV2|7fe416|H1|B,182808885
186800656,182808885,BTCUSD,1,-2.13,4,SL,2026-05-04 19:12:25,0.1,79781.18,0.0,0.0,converted_from_iso8601_offset_to_utc_naive,0,0.0,0.0,0.0,[sl 79786.02],182809156
186801610,182809855,BTCUSD,0,0.0,3,EXPERT,2026-05-04 19:13:30,0.1,79737.54,0.0,0.0,converted_from_iso8601_offset_to_utc_naive,0,0.0,0.0,0.0,OV2|787a5e|H1|B,182809855
186801670,182809855,BTCUSD,1,-1.85,4,SL,2026-05-04 19:13:34,0.1,79719.0,0.0,0.0,converted_from_iso8601_offset_to_utc_naive,0,0.0,0.0,0.0,[sl 79721.25],182809896
186802495,182810490,BTCUSD,0,0.0,3,EXPERT,2026-05-04 19:14:45,0.1,79728.35,0.0,0.0,converted_from_iso8601_offset_to_utc_naive,0,0.0,0.0,0.0,OV2|f612ff|H1|B,182810490
186802502,182810490,BTCUSD,1,-1.78,4,SL,2026-05-04 19:14:45,0.1,79710.58,0.0,0.0,converted_from_iso8601_offset_to_utc_naive,0,0.0,0.0,0.0,[sl 79711.85],182810493
186806066,182813075,BTCUSD,0,0.0,3,EXPERT,2026-05-04 19:18:44,0.1,79970.95,0.0,0.0,converted_from_iso8601_offset_to_utc_naive,0,0.0,0.0,0.0,OV2|b95a62|H1|B,182813075
186806078,182805888,GBPUSD,1,-6.08,4,SL,2026-05-04 19:18:45,0.08,1.35246,0.0,0.0,converted_from_iso8601_offset_to_utc_naive,0,0.0,0.0,0.0,[sl 1.35246],182813080
186807077,182804240,GBPUSD,1,-4.8,4,SL,2026-05-04 19:19:06,0.06,1.35275,0.0,0.0,converted_from_iso8601_offset_to_utc_naive,0,0.0,0.0,0.0,[sl 1.35275],182813752
186808421,182814641,BTCUSD,0,0.0,3,EXPERT,2026-05-04 19:19:50,0.1,80149.98,0.0,0.0,converted_from_iso8601_offset_to_utc_naive,0,0.0,0.0,0.0,OV2|ce80fb|H1|B,182814641
186808597,182814641,BTCUSD,1,-1.72,4,SL,2026-05-04 19:19:55,0.1,80132.74,0.0,0.0,converted_from_iso8601_offset_to_utc_naive,0,0.0,0.0,0.0,[sl 80133.48],182814755
186808745,182814857,EURUSD,0,0.0,3,EXPERT,2026-05-04 19:19:58,0.1,1.16913,0.0,0.0,converted_from_iso8601_offset_to_utc_naive,0,0.0,0.0,0.0,OV2|6f53cc|H1|S,182814857
186809721,182815567,BTCUSD,0,0.0,3,EXPERT,2026-05-04 19:21:10,0.1,80261.27,0.0,0.0,converted_from_iso8601_offset_to_utc_naive,0,0.0,0.0,0.0,OV2|aa9903|H1|B,182815567
186809722,182815567,BTCUSD,1,-1.77,4,SL,2026-05-04 19:21:10,0.1,80243.61,0.0,0.0,converted_from_iso8601_offset_to_utc_naive,0,0.0,0.0,0.0,[sl 80244.77],182815570
186810700,182816267,EURUSD,0,0.0,3,EXPERT,2026-05-04 19:22:24,0.1,1.16948,0.0,0.0,converted_from_iso8601_offset_to_utc_naive,0,0.0,0.0,0.0,OV2|1770bb|H1|S,182816267
186810718,182816282,BTCUSD,0,0.0,3,EXPERT,2026-05-04 19:22:30,0.1,80282.2,0.0,0.0,converted_from_iso8601_offset_to_utc_naive,0,0.0,0.0,0.0,OV2|b7f021|H1|B,182816282
186811339,182816282,BTCUSD,1,-2.0,4,SL,2026-05-04 19:24:27,0.1,80262.17,0.0,0.0,converted_from_iso8601_offset_to_utc_naive,0,0.0,0.0,0.0,[sl 80265.70],182816874
186811559,182817042,BTCUSD,0,0.0,3,EXPERT,2026-05-04 19:24:58,0.1,80255.41,0.0,0.0,converted_from_iso8601_offset_to_utc_naive,0,0.0,0.0,0.0,OV2|9de6b9|H1|B,182817042
186811827,182817042,BTCUSD,1,-1.71,4,SL,2026-05-04 19:25:56,0.1,80238.32,0.0,0.0,converted_from_iso8601_offset_to_utc_naive,0,0.0,0.0,0.0,[sl 80238.91],182817255
186811973,182817358,BTCUSD,0,0.0,3,EXPERT,2026-05-04 19:26:15,0.1,80281.48,0.0,0.0,converted_from_iso8601_offset_to_utc_naive,0,0.0,0.0,0.0,OV2|29be3f|H1|B,182817358
186812022,182817358,BTCUSD,1,-1.87,4,SL,2026-05-04 19:26:35,0.1,80262.78,0.0,0.0,converted_from_iso8601_offset_to_utc_naive,0,0.0,0.0,0.0,[sl 80262.98],182817399
186812945,182818041,BTCUSD,0,0.0,3,EXPERT,2026-05-04 19:27:32,0.1,80203.73,0.0,0.0,converted_from_iso8601_offset_to_utc_naive,0,0.0,0.0,0.0,OV2|b41fbc|H1|B,182818041
186813301,182818041,BTCUSD,1,-1.76,4,SL,2026-05-04 19:27:41,0.1,80186.17,0.0,0.0,converted_from_iso8601_offset_to_utc_naive,0,0.0,0.0,0.0,[sl 80187.23],182818305
186814290,182818935,BTCUSD,0,0.0,3,EXPERT,2026-05-04 19:28:57,0.1,80229.32,0.0,0.0,converted_from_iso8601_offset_to_utc_naive,0,0.0,0.0,0.0,OV2|e04349|H1|B,182818935
186814339,182818935,BTCUSD,1,-1.67,4,SL,2026-05-04 19:29:00,0.1,80212.62,0.0,0.0,converted_from_iso8601_offset_to_utc_naive,0,0.0,0.0,0.0,[sl 80212.82],182818978
186815443,182819811,BTCUSD,0,0.0,3,EXPERT,2026-05-04 19:31:26,0.1,80266.63,0.0,0.0,converted_from_iso8601_offset_to_utc_naive,0,0.0,0.0,0.0,OV2|a4525b|H1|B,182819811
186815465,182819811,BTCUSD,1,-1.9300000000000002,4,SL,2026-05-04 19:31:29,0.1,80247.31,0.0,0.0,converted_from_iso8601_offset_to_utc_naive,0,0.0,0.0,0.0,[sl 80250.13],182819828
186815791,182820049,BTCUSD,0,0.0,3,EXPERT,2026-05-04 19:32:46,0.1,80241.85,0.0,0.0,converted_from_iso8601_offset_to_utc_naive,0,0.0,0.0,0.0,OV2|2a5f50|H1|B,182820049
186815797,182820049,BTCUSD,1,-1.8199999999999998,4,SL,2026-05-04 19:32:47,0.1,80223.68,0.0,0.0,converted_from_iso8601_offset_to_utc_naive,0,0.0,0.0,0.0,[sl 80225.35],182820053
186816174,182820329,BTCUSD,0,0.0,3,EXPERT,2026-05-04 19:34:00,0.1,80235.6,0.0,0.0,converted_from_iso8601_offset_to_utc_naive,0,0.0,0.0,0.0,OV2|d1cf61|H1|B,182820329
186823037,182820329,BTCUSD,1,-2.3,4,SL,2026-05-04 19:49:15,0.1,80212.65,0.0,0.0,converted_from_iso8601_offset_to_utc_naive,0,0.0,0.0,0.0,[sl 80219.10],182825071
186823093,182825108,BTCUSD,0,0.0,3,EXPERT,2026-05-04 19:49:23,0.1,80200.56,0.0,0.0,converted_from_iso8601_offset_to_utc_naive,0,0.0,0.0,0.0,OV2|3b0f43|H1|B,182825108
186823684,182825108,BTCUSD,1,-2.06,4,SL,2026-05-04 19:51:07,0.1,80179.97,0.0,0.0,converted_from_iso8601_offset_to_utc_naive,0,0.0,0.0,0.0,[sl 80184.06],182825527
186824148,182825850,BTCUSD,0,0.0,3,EXPERT,2026-05-04 19:51:59,0.1,80198.28,0.0,0.0,converted_from_iso8601_offset_to_utc_naive,0,0.0,0.0,0.0,OV2|929c59|H1|B,182825850
186824234,182825850,BTCUSD,1,-1.6800000000000002,4,SL,2026-05-04 19:52:05,0.1,80181.44,0.0,0.0,converted_from_iso8601_offset_to_utc_naive,0,0.0,0.0,0.0,[sl 80181.78],182825904
186824681,182826203,BTCUSD,0,0.0,3,EXPERT,2026-05-04 19:53:11,0.1,80160.26,0.0,0.0,converted_from_iso8601_offset_to_utc_naive,0,0.0,0.0,0.0,OV2|760fe5|H1|B,182826203
186824684,182826203,BTCUSD,1,-2.02,4,SL,2026-05-04 19:53:12,0.1,80140.04,0.0,0.0,converted_from_iso8601_offset_to_utc_naive,0,0.0,0.0,0.0,[sl 80143.76],182826206
186825322,182826630,BTCUSD,0,0.0,3,EXPERT,2026-05-04 19:54:36,0.1,80100.95,0.0,0.0,converted_from_iso8601_offset_to_utc_naive,0,0.0,0.0,0.0,OV2|a82f34|H1|B,182826630
186825332,182826630,BTCUSD,1,-1.6600000000000001,4,SL,2026-05-04 19:54:40,0.1,80084.37,0.0,0.0,converted_from_iso8601_offset_to_utc_naive,0,0.0,0.0,0.0,[sl 80084.45],182826637
186832656,182831913,BTCUSD,0,0.0,3,EXPERT,2026-05-04 20:08:46,0.1,80312.04,0.0,0.0,converted_from_iso8601_offset_to_utc_naive,0,0.0,0.0,0.0,OV2|52caa9|H1|B,182831913
186832669,182831913,BTCUSD,1,-2.16,4,SL,2026-05-04 20:08:49,0.1,80290.44,0.0,0.0,converted_from_iso8601_offset_to_utc_naive,0,0.0,0.0,0.0,[sl 80295.54],182831929
186832949,182832138,BTCUSD,0,0.0,3,EXPERT,2026-05-04 20:09:57,0.1,80340.81,0.0,0.0,converted_from_iso8601_offset_to_utc_naive,0,0.0,0.0,0.0,OV2|4eeda7|H1|B,182832138
186833605,182832138,BTCUSD,1,-1.7,4,SL,2026-05-04 20:12:13,0.1,80323.78,0.0,0.0,converted_from_iso8601_offset_to_utc_naive,0,0.0,0.0,0.0,[sl 80324.31],182832609
186833672,182832654,BTCUSD,0,0.0,3,EXPERT,2026-05-04 20:12:29,0.1,80319.54,0.0,0.0,converted_from_iso8601_offset_to_utc_naive,0,0.0,0.0,0.0,OV2|8da010|H1|B,182832654
186835922,182834251,GBPUSD,0,0.0,3,EXPERT,2026-05-04 20:17:33,0.1,1.35395,0.0,0.0,converted_from_iso8601_offset_to_utc_naive,0,0.0,0.0,0.0,OV2|46696e|H1|B,182834251
186838391,182835969,GBPUSD,0,0.0,3,EXPERT,2026-05-04 20:22:49,0.1,1.35386,0.0,0.0,converted_from_iso8601_offset_to_utc_naive,0,0.0,0.0,0.0,OV2|05f51a|H1|B,182835969
186842067,182832654,BTCUSD,1,-1.8900000000000001,4,SL,2026-05-04 20:35:17,0.1,80300.62,0.0,0.0,converted_from_iso8601_offset_to_utc_naive,0,0.0,0.0,0.0,[sl 80303.04],182838525
186842547,182834251,GBPUSD,1,-7.0,4,SL,2026-05-04 20:36:25,0.1,1.35325,0.0,0.0,converted_from_iso8601_offset_to_utc_naive,0,0.0,0.0,0.0,[sl 1.35325],182838873
186842657,182838957,GBPUSD,0,0.0,3,EXPERT,2026-05-04 20:36:46,0.1,1.35349,0.0,0.0,converted_from_iso8601_offset_to_utc_naive,0,0.0,0.0,0.0,OV2|214ea7|H1|B,182838957
186842660,182838960,BTCUSD,0,0.0,3,EXPERT,2026-05-04 20:36:49,0.1,80348.49,0.0,0.0,converted_from_iso8601_offset_to_utc_naive,0,0.0,0.0,0.0,OV2|04bcf1|H1|B,182838960
186842752,182838960,BTCUSD,1,-1.6800000000000002,4,SL,2026-05-04 20:37:24,0.1,80331.74,0.0,0.0,converted_from_iso8601_offset_to_utc_naive,0,0.0,0.0,0.0,[sl 80331.99],182839025
186842757,182835969,GBPUSD,1,-7.2,4,SL,2026-05-04 20:37:26,0.1,1.35314,0.0,0.0,converted_from_iso8601_offset_to_utc_naive,0,0.0,0.0,0.0,[sl 1.35314],182839037
186842882,182839122,GBPUSD,0,0.0,3,EXPERT,2026-05-04 20:38:07,0.1,1.35327,0.0,0.0,converted_from_iso8601_offset_to_utc_naive,0,0.0,0.0,0.0,OV2|fdc910|H1|B,182839122
186842892,182839129,BTCUSD,0,0.0,3,EXPERT,2026-05-04 20:38:15,0.1,80354.52,0.0,0.0,converted_from_iso8601_offset_to_utc_naive,0,0.0,0.0,0.0,OV2|e553fc|H1|B,182839129
186842973,182839129,BTCUSD,1,-1.8199999999999998,4,SL,2026-05-04 20:38:58,0.1,80336.31,0.0,0.0,converted_from_iso8601_offset_to_utc_naive,0,0.0,0.0,0.0,[sl 80338.02],182839188
186843123,182839291,BTCUSD,0,0.0,3,EXPERT,2026-05-04 20:39:32,0.1,80364.63,0.0,0.0,converted_from_iso8601_offset_to_utc_naive,0,0.0,0.0,0.0,OV2|5025d8|H1|B,182839291
186843172,182839291,BTCUSD,1,-1.45,4,SL,2026-05-04 20:39:41,0.1,80350.11,0.0,0.0,converted_from_iso8601_offset_to_utc_naive,0,0.0,0.0,0.0,[sl 80351.14],182839321
186844074,182839925,BTCUSD,0,0.0,3,EXPERT,2026-05-04 20:44:33,0.1,80292.22,0.0,0.0,converted_from_iso8601_offset_to_utc_naive,0,0.0,0.0,0.0,OV2|4ea885|H1|B,182839925
186844154,182839925,BTCUSD,1,-2.27,4,SL,2026-05-04 20:44:54,0.1,80269.56,0.0,0.0,converted_from_iso8601_offset_to_utc_naive,0,0.0,0.0,0.0,[sl 80275.72],182839982
186845344,182840876,BTCUSD,0,0.0,3,EXPERT,2026-05-04 20:51:07,0.1,80479.08,0.0,0.0,converted_from_iso8601_offset_to_utc_naive,0,0.0,0.0,0.0,OV2|6704b6|H1|B,182840876
186846303,182840876,BTCUSD,1,-1.78,4,SL,2026-05-04 20:54:52,0.1,80461.24,0.0,0.0,converted_from_iso8601_offset_to_utc_naive,0,0.0,0.0,0.0,[sl 80462.58],182841812
186846652,182842355,BTCUSD,0,0.0,3,EXPERT,2026-05-04 20:56:09,0.1,80472.82,0.0,0.0,converted_from_iso8601_offset_to_utc_naive,0,0.0,0.0,0.0,OV2|2f5d15|H1|B,182842355
186846653,182842355,BTCUSD,1,-1.7,4,SL,2026-05-04 20:56:10,0.1,80455.83,0.0,0.0,converted_from_iso8601_offset_to_utc_naive,0,0.0,0.0,0.0,[sl 80456.32],182842356
186846823,182842615,BTCUSD,0,0.0,3,EXPERT,2026-05-04 20:57:26,0.1,80501.47,0.0,0.0,converted_from_iso8601_offset_to_utc_naive,0,0.0,0.0,0.0,OV2|9c4609|H1|B,182842615
186847075,182842615,BTCUSD,1,-1.8900000000000001,4,SL,2026-05-04 20:58:45,0.1,80482.6,0.0,0.0,converted_from_iso8601_offset_to_utc_naive,0,0.0,0.0,0.0,[sl 80484.97],182842950
186847080,182842955,BTCUSD,0,0.0,3,EXPERT,2026-05-04 20:58:48,0.1,80486.06,0.0,0.0,converted_from_iso8601_offset_to_utc_naive,0,0.0,0.0,0.0,OV2|3aff79|H1|B,182842955
186847119,182842955,BTCUSD,1,-1.87,4,SL,2026-05-04 20:59:01,0.1,80467.41,0.0,0.0,converted_from_iso8601_offset_to_utc_naive,0,0.0,0.0,0.0,[sl 80469.56],182842985
186847384,182843437,BTCUSD,0,0.0,3,EXPERT,2026-05-04 20:59:54,0.1,80392.68,0.0,0.0,converted_from_iso8601_offset_to_utc_naive,0,0.0,0.0,0.0,OV2|370389|H1|B,182843437
186847715,182843437,BTCUSD,1,-2.05,4,SL,2026-05-04 21:00:28,0.1,80372.15,0.0,0.0,converted_from_iso8601_offset_to_utc_naive,0,0.0,0.0,0.0,[sl 80372.92],182843822
186847922,182844046,BTCUSD,0,0.0,3,EXPERT,2026-05-04 21:01:22,0.1,80306.39,0.0,0.0,converted_from_iso8601_offset_to_utc_naive,0,0.0,0.0,0.0,OV2|31a591|H1|B,182844046
186851662,182844046,BTCUSD,1,-2.17,4,SL,2026-05-04 21:15:26,0.1,80284.7,0.0,0.0,converted_from_iso8601_offset_to_utc_naive,0,0.0,0.0,0.0,[sl 80289.89],182847466
186853496,182838957,GBPUSD,1,-6.9,4,SL,2026-05-04 21:21:28,0.1,1.3528,0.0,0.0,converted_from_iso8601_offset_to_utc_naive,0,0.0,0.0,0.0,[sl 1.35281],182848751
186861329,182798814,USDJPY,1,-5.25,4,SL,2026-05-04 21:49:41,0.1,157.136,0.0,0.0,converted_from_iso8601_offset_to_utc_naive,0,0.0,0.0,0.0,[sl 157.146],182853934
186862150,182839122,GBPUSD,1,-7.2,4,SL,2026-05-04 21:52:30,0.1,1.35255,0.0,0.0,converted_from_iso8601_offset_to_utc_naive,0,0.0,0.0,0.0,[sl 1.35256],182854466
186862782,182794983,USDJPY,1,-4.74,4,SL,2026-05-04 21:56:59,0.1,157.117,0.0,0.0,converted_from_iso8601_offset_to_utc_naive,0,0.0,0.0,0.0,[sl 157.119],182854892
186862878,182854953,USDJPY,0,0.0,3,EXPERT,2026-05-04 21:57:41,0.1,157.107,0.0,0.0,converted_from_iso8601_offset_to_utc_naive,0,0.0,0.0,0.0,OV2|35d696|H1|S,182854953
186863186,182855158,USDJPY,0,0.0,3,EXPERT,2026-05-04 21:58:58,0.1,157.069,0.0,0.0,converted_from_iso8601_offset_to_utc_naive,0,0.0,0.0,0.0,OV2|eafb52|H1|S,182855158
186863446,182854953,USDJPY,1,14.01,5,TP,2026-05-04 21:59:32,0.1,156.886,0.0,0.0,converted_from_iso8601_offset_to_utc_naive,0,0.0,0.0,0.0,[tp 156.891],182855340
186863538,182855158,USDJPY,1,14.64,5,TP,2026-05-04 21:59:35,0.1,156.838,0.0,0.0,converted_from_iso8601_offset_to_utc_naive,0,0.0,0.0,0.0,[tp 156.853],182855398
186863959,182814857,EURUSD,1,-7.0,4,SL,2026-05-04 21:59:54,0.1,1.16983,0.0,0.0,converted_from_iso8601_offset_to_utc_naive,0,0.0,0.0,0.0,[sl 1.16980],182855693
186864844,182856358,USDJPY,0,0.0,3,EXPERT,2026-05-04 22:01:29,0.08,157.017,0.0,0.0,converted_from_iso8601_offset_to_utc_naive,0,0.0,0.0,0.0,OV2|b8449d|H1|S,182856358
186864860,182856370,GBPUSD,0,0.0,3,EXPERT,2026-05-04 22:01:37,0.1,1.35367,0.0,0.0,converted_from_iso8601_offset_to_utc_naive,0,0.0,0.0,0.0,OV2|ab511d|H1|B,182856370
186865112,182856528,USDJPY,0,0.0,3,EXPERT,2026-05-04 22:02:43,0.09,157.04,0.0,0.0,converted_from_iso8601_offset_to_utc_naive,0,0.0,0.0,0.0,OV2|b11e22|H1|S,182856528
186865149,182856556,GBPUSD,0,0.0,3,EXPERT,2026-05-04 22:02:49,0.1,1.3535599999999999,0.0,0.0,converted_from_iso8601_offset_to_utc_naive,0,0.0,0.0,0.0,OV2|1a5d36|H1|B,182856556
186865590,182856358,USDJPY,1,-5.73,4,SL,2026-05-04 22:04:51,0.08,157.129,0.0,0.0,converted_from_iso8601_offset_to_utc_naive,0,0.0,0.0,0.0,[sl 157.129],182856862
186865859,182813075,BTCUSD,1,-2.03,4,SL,2026-05-04 22:05:31,0.1,79950.67,0.0,0.0,converted_from_iso8601_offset_to_utc_naive,0,0.0,0.0,0.0,[sl 79952.20],182857039
186867276,182857957,USDJPY,0,0.0,3,EXPERT,2026-05-04 22:06:40,0.08,157.029,0.0,0.0,converted_from_iso8601_offset_to_utc_naive,0,0.0,0.0,0.0,OV2|5b1e8a|H1|S,182857957
186872193,182816267,EURUSD,1,-6.6,4,SL,2026-05-04 22:24:25,0.1,1.17014,0.0,0.0,converted_from_iso8601_offset_to_utc_naive,0,0.0,0.0,0.0,[sl 1.17014],182861244
186882394,182856528,USDJPY,1,-6.63,4,SL,2026-05-04 23:07:54,0.09,157.155,0.0,0.0,converted_from_iso8601_offset_to_utc_naive,0,0.0,0.0,0.0,[sl 157.154],182868529
186882395,182857957,USDJPY,1,-6.45,4,SL,2026-05-04 23:07:54,0.08,157.155,0.0,0.0,converted_from_iso8601_offset_to_utc_naive,0,0.0,0.0,0.0,[sl 157.154],182868530
186884375,182856370,GBPUSD,1,-6.9,4,SL,2026-05-04 23:18:06,0.1,1.35298,0.0,0.0,converted_from_iso8601_offset_to_utc_naive,0,0.0,0.0,0.0,[sl 1.35299],182869790
186884523,182856556,GBPUSD,1,-6.8,4,SL,2026-05-04 23:19:09,0.1,1.35288,0.0,0.0,converted_from_iso8601_offset_to_utc_naive,0,0.0,0.0,0.0,[sl 1.35288],182869874
186885289,182870451,EURUSD,0,0.0,3,EXPERT,2026-05-04 23:23:13,0.1,1.16869,0.0,0.0,converted_from_iso8601_offset_to_utc_naive,0,0.0,0.0,0.0,OV2|e06c41|H1|S,182870451
186885889,182870838,EURUSD,0,0.0,3,EXPERT,2026-05-04 23:28:57,0.1,1.16883,0.0,0.0,converted_from_iso8601_offset_to_utc_naive,0,0.0,0.0,0.0,OV2|d0505e|M5|S,182870838
186886634,182871357,USDJPY,0,0.0,3,EXPERT,2026-05-04 23:33:28,0.1,157.223,0.0,0.0,converted_from_iso8601_offset_to_utc_naive,0,0.0,0.0,0.0,OV2|a3cfe4|M5|B,182871357
186886641,182871360,USDJPY,0,0.0,3,EXPERT,2026-05-04 23:33:31,0.1,157.223,0.0,0.0,converted_from_iso8601_offset_to_utc_naive,0,0.0,0.0,0.0,OV2|7957c5|H1|B,182871360
186891674,182875846,BTCUSD,0,0.0,3,EXPERT,2026-05-05 00:24:03,0.1,80230.83,0.0,0.0,converted_from_iso8601_offset_to_utc_naive,0,0.0,0.0,0.0,OV2|e8860d|H1|B,182875846
186891997,182876092,BTCUSD,0,0.0,3,EXPERT,2026-05-05 00:27:18,0.1,80231.62,0.0,0.0,converted_from_iso8601_offset_to_utc_naive,0,0.0,0.0,0.0,OV2|383521|M5|B,182876092
186892008,182875846,BTCUSD,1,-1.8199999999999998,4,SL,2026-05-05 00:27:53,0.1,80212.66,0.0,0.0,converted_from_iso8601_offset_to_utc_naive,0,0.0,0.0,0.0,[sl 80214.33],182876102
186892009,182876092,BTCUSD,1,-1.9,4,SL,2026-05-05 00:27:53,0.1,80212.66,0.0,0.0,converted_from_iso8601_offset_to_utc_naive,0,0.0,0.0,0.0,[sl 80215.37],182876103
186892449,182876322,BTCUSD,0,0.0,3,EXPERT,2026-05-05 00:31:32,0.1,80261.33,0.0,0.0,converted_from_iso8601_offset_to_utc_naive,0,0.0,0.0,0.0,OV2|995ba9|M5|B,182876322
186892454,182876323,BTCUSD,0,0.0,3,EXPERT,2026-05-05 00:31:35,0.1,80261.77,0.0,0.0,converted_from_iso8601_offset_to_utc_naive,0,0.0,0.0,0.0,OV2|437ff1|H1|B,182876323
186892650,182876322,BTCUSD,1,-1.72,4,SL,2026-05-05 00:32:38,0.1,80244.09,0.0,0.0,converted_from_iso8601_offset_to_utc_naive,0,0.0,0.0,0.0,[sl 80244.83],182876394
186892651,182876323,BTCUSD,1,-1.77,4,SL,2026-05-05 00:32:38,0.1,80244.09,0.0,0.0,converted_from_iso8601_offset_to_utc_naive,0,0.0,0.0,0.0,[sl 80245.27],182876395
186892728,182870451,EURUSD,1,-6.9,4,SL,2026-05-05 00:32:57,0.1,1.16938,0.0,0.0,converted_from_iso8601_offset_to_utc_naive,0,0.0,0.35,0.0,[sl 1.16937],182876456
186892799,182876484,BTCUSD,0,0.0,3,EXPERT,2026-05-05 00:33:24,0.1,80240.62,0.0,0.0,converted_from_iso8601_offset_to_utc_naive,0,0.0,0.0,0.0,OV2|f700ae|M5|B,182876484
186892810,182876490,BTCUSD,0,0.0,3,EXPERT,2026-05-05 00:33:28,0.1,80240.67,0.0,0.0,converted_from_iso8601_offset_to_utc_naive,0,0.0,0.0,0.0,OV2|b84b76|H1|B,182876490
186892973,182876484,BTCUSD,1,-2.2,4,SL,2026-05-05 00:35:14,0.1,80218.63,0.0,0.0,converted_from_iso8601_offset_to_utc_naive,0,0.0,0.0,0.0,[sl 80224.12],182876516
186892974,182876490,BTCUSD,1,-2.2,4,SL,2026-05-05 00:35:14,0.1,80218.63,0.0,0.0,converted_from_iso8601_offset_to_utc_naive,0,0.0,0.0,0.0,[sl 80224.12],182876517
186893115,182876569,BTCUSD,0,0.0,3,EXPERT,2026-05-05 00:36:11,0.1,80279.72,0.0,0.0,converted_from_iso8601_offset_to_utc_naive,0,0.0,0.0,0.0,OV2|7fcb15|M5|B,182876569
186893118,182876570,BTCUSD,0,0.0,3,EXPERT,2026-05-05 00:36:13,0.1,80280.09,0.0,0.0,converted_from_iso8601_offset_to_utc_naive,0,0.0,0.0,0.0,OV2|44fcc6|H1|B,182876570
186893194,182876569,BTCUSD,1,-1.73,4,SL,2026-05-05 00:37:00,0.1,80262.41,0.0,0.0,converted_from_iso8601_offset_to_utc_naive,0,0.0,0.0,0.0,[sl 80263.22],182876595
186893195,182876570,BTCUSD,1,-1.77,4,SL,2026-05-05 00:37:00,0.1,80262.41,0.0,0.0,converted_from_iso8601_offset_to_utc_naive,0,0.0,0.0,0.0,[sl 80263.59],182876596
186893272,182876607,BTCUSD,0,0.0,3,EXPERT,2026-05-05 00:38:13,0.1,80277.39,0.0,0.0,converted_from_iso8601_offset_to_utc_naive,0,0.0,0.0,0.0,OV2|bc0f2a|M5|B,182876607
186893276,182876608,BTCUSD,0,0.0,3,EXPERT,2026-05-05 00:38:16,0.1,80277.34,0.0,0.0,converted_from_iso8601_offset_to_utc_naive,0,0.0,0.0,0.0,OV2|0d083e|H1|B,182876608
186893309,182876607,BTCUSD,1,-1.87,4,SL,2026-05-05 00:38:40,0.1,80258.71,0.0,0.0,converted_from_iso8601_offset_to_utc_naive,0,0.0,0.0,0.0,[sl 80260.84],182876615
186893310,182876608,BTCUSD,1,-1.8599999999999999,4,SL,2026-05-05 00:38:40,0.1,80258.71,0.0,0.0,converted_from_iso8601_offset_to_utc_naive,0,0.0,0.0,0.0,[sl 80260.84],182876616
186893373,182876633,BTCUSD,0,0.0,3,EXPERT,2026-05-05 00:39:38,0.1,80246.03,0.0,0.0,converted_from_iso8601_offset_to_utc_naive,0,0.0,0.0,0.0,OV2|386415|M5|B,182876633
186893387,182876641,BTCUSD,0,0.0,3,EXPERT,2026-05-05 00:39:50,0.1,80247.69,0.0,0.0,converted_from_iso8601_offset_to_utc_naive,0,0.0,0.0,0.0,OV2|120281|H1|B,182876641
186893654,182876641,BTCUSD,1,-1.71,4,SL,2026-05-05 00:43:49,0.1,80230.64,0.0,0.0,converted_from_iso8601_offset_to_utc_naive,0,0.0,0.0,0.0,[sl 80231.19],182876762
186893655,182876633,BTCUSD,1,-2.31,4,SL,2026-05-05 00:43:49,0.1,80222.98,0.0,0.0,converted_from_iso8601_offset_to_utc_naive,0,0.0,0.0,0.0,[sl 80229.53],182876763
186893662,182876764,BTCUSD,0,0.0,3,EXPERT,2026-05-05 00:44:19,0.1,80260.09,0.0,0.0,converted_from_iso8601_offset_to_utc_naive,0,0.0,0.0,0.0,OV2|cb38d4|M5|B,182876764
186893663,182876765,BTCUSD,0,0.0,3,EXPERT,2026-05-05 00:44:22,0.1,80263.47,0.0,0.0,converted_from_iso8601_offset_to_utc_naive,0,0.0,0.0,0.0,OV2|182814|H1|B,182876765
186893665,182876765,BTCUSD,1,-1.98,4,SL,2026-05-05 00:44:24,0.1,80243.67,0.0,0.0,converted_from_iso8601_offset_to_utc_naive,0,0.0,0.0,0.0,[sl 80246.97],182876767
186893667,182876764,BTCUSD,1,-1.85,4,SL,2026-05-05 00:44:28,0.1,80241.62,0.0,0.0,converted_from_iso8601_offset_to_utc_naive,0,0.0,0.0,0.0,[sl 80243.59],182876768
186893728,182876808,BTCUSD,0,0.0,3,EXPERT,2026-05-05 00:45:43,0.1,80242.23,0.0,0.0,converted_from_iso8601_offset_to_utc_naive,0,0.0,0.0,0.0,OV2|76a493|M5|B,182876808
186893729,182876809,BTCUSD,0,0.0,3,EXPERT,2026-05-05 00:45:45,0.1,80259.81,0.0,0.0,converted_from_iso8601_offset_to_utc_naive,0,0.0,0.0,0.0,OV2|cf161e|H1|B,182876809
186894118,182871360,USDJPY,1,-4.36,4,SL,2026-05-05 00:56:42,0.1,157.155,0.0,0.0,converted_from_iso8601_offset_to_utc_naive,0,0.0,0.66,0.0,[sl 157.155],182877065
186894135,182871357,USDJPY,1,-5.38,4,SL,2026-05-05 00:56:58,0.1,157.139,0.0,0.0,converted_from_iso8601_offset_to_utc_naive,0,0.0,0.66,0.0,[sl 157.153],182877079
186894155,182876809,BTCUSD,1,-1.67,4,SL,2026-05-05 00:57:12,0.1,80243.09,0.0,0.0,converted_from_iso8601_offset_to_utc_naive,0,0.0,0.0,0.0,[sl 80243.31],182877093
186894206,182877137,BTCUSD,0,0.0,3,EXPERT,2026-05-05 00:57:46,0.1,80255.34,0.0,0.0,converted_from_iso8601_offset_to_utc_naive,0,0.0,0.0,0.0,OV2|1b169b|M5|B,182877137
186894302,182877137,BTCUSD,1,-2.92,4,SL,2026-05-05 01:00:01,0.1,80226.14,0.0,0.0,converted_from_iso8601_offset_to_utc_naive,0,0.0,0.0,0.0,[sl 80238.89],182877225
186895220,182878200,USDJPY,0,0.0,3,EXPERT,2026-05-05 01:02:00,0.1,157.256,0.0,0.0,converted_from_iso8601_offset_to_utc_naive,0,0.0,0.0,0.0,OV2|16b0e7|H1|B,182878200
186895270,182878228,BTCUSD,0,0.0,3,EXPERT,2026-05-05 01:02:12,0.1,80364.38,0.0,0.0,converted_from_iso8601_offset_to_utc_naive,0,0.0,0.0,0.0,OV2|a26f6a|M5|B,182878228
186895278,182878228,BTCUSD,1,-1.8,4,SL,2026-05-05 01:02:17,0.1,80346.43,0.0,0.0,converted_from_iso8601_offset_to_utc_naive,0,0.0,0.0,0.0,[sl 80347.88],182878235
186895620,182878473,BTCUSD,0,0.0,3,EXPERT,2026-05-05 01:03:42,0.1,80322.4,0.0,0.0,converted_from_iso8601_offset_to_utc_naive,0,0.0,0.0,0.0,OV2|4740c0|M5|B,182878473
186895632,182878480,USDJPY,0,0.0,3,EXPERT,2026-05-05 01:03:47,0.1,157.273,0.0,0.0,converted_from_iso8601_offset_to_utc_naive,0,0.0,0.0,0.0,OV2|d89a73|M5|B,182878480
186896203,182878473,BTCUSD,1,-1.69,4,SL,2026-05-05 01:06:00,0.1,80305.51,0.0,0.0,converted_from_iso8601_offset_to_utc_naive,0,0.0,0.0,0.0,[sl 80305.90],182878892
186896334,182878978,BTCUSD,0,0.0,3,EXPERT,2026-05-05 01:06:26,0.1,80292.85,0.0,0.0,converted_from_iso8601_offset_to_utc_naive,0,0.0,0.0,0.0,OV2|8f7b53|M5|B,182878978
186896353,182878978,BTCUSD,1,-1.8900000000000001,4,SL,2026-05-05 01:06:31,0.1,80273.93,0.0,0.0,converted_from_iso8601_offset_to_utc_naive,0,0.0,0.0,0.0,[sl 80276.35],182878989
186896697,182879226,BTCUSD,0,0.0,3,EXPERT,2026-05-05 01:08:02,0.1,80286.41,0.0,0.0,converted_from_iso8601_offset_to_utc_naive,0,0.0,0.0,0.0,OV2|873152|M5|B,182879226
186898359,182879226,BTCUSD,1,-1.8599999999999999,4,SL,2026-05-05 01:18:41,0.1,80267.82,0.0,0.0,converted_from_iso8601_offset_to_utc_naive,0,0.0,0.0,0.0,[sl 80269.91],182880518
186898737,182880886,BTCUSD,0,0.0,3,EXPERT,2026-05-05 01:21:46,0.1,80286.57,0.0,0.0,converted_from_iso8601_offset_to_utc_naive,0,0.0,0.0,0.0,OV2|b2a0ef|M5|B,182880886
186898810,182880886,BTCUSD,1,-1.67,4,SL,2026-05-05 01:22:40,0.1,80269.83,0.0,0.0,converted_from_iso8601_offset_to_utc_naive,0,0.0,0.0,0.0,[sl 80270.12],182880981
186898826,182881005,BTCUSD,0,0.0,3,EXPERT,2026-05-05 01:23:01,0.1,80278.27,0.0,0.0,converted_from_iso8601_offset_to_utc_naive,0,0.0,0.0,0.0,OV2|a3f4b0|M5|B,182881005
186898831,182881005,BTCUSD,1,-1.79,4,SL,2026-05-05 01:23:07,0.1,80260.33,0.0,0.0,converted_from_iso8601_offset_to_utc_naive,0,0.0,0.0,0.0,[sl 80261.77],182881011
186898945,182881102,BTCUSD,0,0.0,3,EXPERT,2026-05-05 01:24:31,0.1,80305.37,0.0,0.0,converted_from_iso8601_offset_to_utc_naive,0,0.0,0.0,0.0,OV2|acabe1|M5|B,182881102
186899013,182881102,BTCUSD,1,-1.44,4,SL,2026-05-05 01:24:55,0.1,80291.0,0.0,0.0,converted_from_iso8601_offset_to_utc_naive,0,0.0,0.0,0.0,[sl 80291.32],182881152
186899145,182881272,BTCUSD,0,0.0,3,EXPERT,2026-05-05 01:26:01,0.1,80304.15,0.0,0.0,converted_from_iso8601_offset_to_utc_naive,0,0.0,0.0,0.0,OV2|cf4447|M5|B,182881272
186899201,182881272,BTCUSD,1,-1.8599999999999999,4,SL,2026-05-05 01:26:55,0.1,80285.55,0.0,0.0,converted_from_iso8601_offset_to_utc_naive,0,0.0,0.0,0.0,[sl 80287.65],182881315
186899273,182881380,BTCUSD,0,0.0,3,EXPERT,2026-05-05 01:27:31,0.1,80268.97,0.0,0.0,converted_from_iso8601_offset_to_utc_naive,0,0.0,0.0,0.0,OV2|53f103|M5|B,182881380
186899385,182881380,BTCUSD,1,-1.79,4,SL,2026-05-05 01:29:00,0.1,80251.12,0.0,0.0,converted_from_iso8601_offset_to_utc_naive,0,0.0,0.0,0.0,[sl 80252.47],182881492
186899483,182881590,BTCUSD,0,0.0,3,EXPERT,2026-05-05 01:29:16,0.1,80262.27,0.0,0.0,converted_from_iso8601_offset_to_utc_naive,0,0.0,0.0,0.0,OV2|f4add4|M5|B,182881590
186899526,182878480,USDJPY,1,-4.36,4,SL,2026-05-05 01:29:30,0.1,157.205,0.0,0.0,converted_from_iso8601_offset_to_utc_naive,0,0.0,0.0,0.0,[sl 157.205],182881635
186899619,182881590,BTCUSD,1,-1.75,4,SL,2026-05-05 01:30:27,0.1,80244.78,0.0,0.0,converted_from_iso8601_offset_to_utc_naive,0,0.0,0.0,0.0,[sl 80245.77],182881743
186899711,182881823,USDJPY,0,0.0,3,EXPERT,2026-05-05 01:30:36,0.1,157.222,0.0,0.0,converted_from_iso8601_offset_to_utc_naive,0,0.0,0.0,0.0,OV2|0059f4|M5|B,182881823
186899762,182881866,BTCUSD,0,0.0,3,EXPERT,2026-05-05 01:30:50,0.1,80236.18,0.0,0.0,converted_from_iso8601_offset_to_utc_naive,0,0.0,0.0,0.0,OV2|176732|M5|B,182881866
186899766,182876808,BTCUSD,1,-2.74,4,SL,2026-05-05 01:30:54,0.1,80214.87,0.0,0.0,converted_from_iso8601_offset_to_utc_naive,0,0.0,0.0,0.0,[sl 80223.76],182881871
186899768,182881866,BTCUSD,1,-2.13,4,SL,2026-05-05 01:30:54,0.1,80214.87,0.0,0.0,converted_from_iso8601_offset_to_utc_naive,0,0.0,0.0,0.0,[sl 80219.68],182881874
186899976,182882048,BTCUSD,0,0.0,3,EXPERT,2026-05-05 01:31:59,0.1,80234.72,0.0,0.0,converted_from_iso8601_offset_to_utc_naive,0,0.0,0.0,0.0,OV2|f26f4f|M5|B,182882048
186899979,182882052,BTCUSD,0,0.0,3,EXPERT,2026-05-05 01:32:02,0.1,80234.97,0.0,0.0,converted_from_iso8601_offset_to_utc_naive,0,0.0,0.0,0.0,OV2|d265ec|H1|B,182882052
186899983,182882048,BTCUSD,1,-3.37,4,SL,2026-05-05 01:32:03,0.1,80201.01,0.0,0.0,converted_from_iso8601_offset_to_utc_naive,0,0.0,0.0,0.0,[sl 80218.22],182882057
186899985,182882052,BTCUSD,1,-3.4,4,SL,2026-05-05 01:32:03,0.1,80201.01,0.0,0.0,converted_from_iso8601_offset_to_utc_naive,0,0.0,0.0,0.0,[sl 80218.47],182882058
186900167,182882222,BTCUSD,0,0.0,3,EXPERT,2026-05-05 01:33:48,0.1,80189.96,0.0,0.0,converted_from_iso8601_offset_to_utc_naive,0,0.0,0.0,0.0,OV2|b1f4ff|M5|B,182882222
186900172,182882225,BTCUSD,0,0.0,3,EXPERT,2026-05-05 01:33:51,0.1,80190.51,0.0,0.0,converted_from_iso8601_offset_to_utc_naive,0,0.0,0.0,0.0,OV2|7f4451|H1|B,182882225
186900195,182882225,BTCUSD,1,-1.67,4,SL,2026-05-05 01:34:01,0.1,80173.86,0.0,0.0,converted_from_iso8601_offset_to_utc_naive,0,0.0,0.0,0.0,[sl 80174.01],182882244
186900205,182882222,BTCUSD,1,-1.74,4,SL,2026-05-05 01:34:14,0.1,80172.6,0.0,0.0,converted_from_iso8601_offset_to_utc_naive,0,0.0,0.0,0.0,[sl 80173.46],182882256
186900283,182882337,BTCUSD,0,0.0,3,EXPERT,2026-05-05 01:35:00,0.1,80146.36,0.0,0.0,converted_from_iso8601_offset_to_utc_naive,0,0.0,0.0,0.0,OV2|755749|H1|B,182882337
186900296,182882337,BTCUSD,1,-1.75,4,SL,2026-05-05 01:35:02,0.1,80128.86,0.0,0.0,converted_from_iso8601_offset_to_utc_naive,0,0.0,0.0,0.0,[sl 80129.86],182882353
186900591,182882570,BTCUSD,0,0.0,3,EXPERT,2026-05-05 01:36:40,0.1,80152.33,0.0,0.0,converted_from_iso8601_offset_to_utc_naive,0,0.0,0.0,0.0,OV2|492683|M5|B,182882570
186900604,182882578,BTCUSD,0,0.0,3,EXPERT,2026-05-05 01:36:43,0.1,80152.33,0.0,0.0,converted_from_iso8601_offset_to_utc_naive,0,0.0,0.0,0.0,OV2|9fd43a|H1|B,182882578
186900609,182882570,BTCUSD,1,-1.76,4,SL,2026-05-05 01:36:45,0.1,80134.69,0.0,0.0,converted_from_iso8601_offset_to_utc_naive,0,0.0,0.0,0.0,[sl 80135.83],182882583
186900610,182882578,BTCUSD,1,-1.76,4,SL,2026-05-05 01:36:45,0.1,80134.69,0.0,0.0,converted_from_iso8601_offset_to_utc_naive,0,0.0,0.0,0.0,[sl 80135.83],182882584
186900710,182882668,BTCUSD,0,0.0,3,EXPERT,2026-05-05 01:37:55,0.1,80135.77,0.0,0.0,converted_from_iso8601_offset_to_utc_naive,0,0.0,0.0,0.0,OV2|7b824f|M5|B,182882668
186900712,182882668,BTCUSD,1,-1.8,4,SL,2026-05-05 01:37:55,0.1,80117.8,0.0,0.0,converted_from_iso8601_offset_to_utc_naive,0,0.0,0.0,0.0,[sl 80119.27],182882672
186900715,182882676,BTCUSD,0,0.0,3,EXPERT,2026-05-05 01:37:57,0.1,80120.2,0.0,0.0,converted_from_iso8601_offset_to_utc_naive,0,0.0,0.0,0.0,OV2|3213cb|H1|B,182882676
186900784,182882753,BTCUSD,0,0.0,3,EXPERT,2026-05-05 01:39:23,0.1,80135.97,0.0,0.0,converted_from_iso8601_offset_to_utc_naive,0,0.0,0.0,0.0,OV2|b761bc|M5|B,182882753
186900960,182882753,BTCUSD,1,-1.9,4,SL,2026-05-05 01:40:38,0.1,80117.0,0.0,0.0,converted_from_iso8601_offset_to_utc_naive,0,0.0,0.0,0.0,[sl 80119.47],182882883
186901046,182882676,BTCUSD,1,-1.6800000000000002,4,SL,2026-05-05 01:41:13,0.1,80103.43,0.0,0.0,converted_from_iso8601_offset_to_utc_naive,0,0.0,0.0,0.0,[sl 80103.70],182882952
186901316,182883199,BTCUSD,0,0.0,3,EXPERT,2026-05-05 01:42:38,0.1,80133.15,0.0,0.0,converted_from_iso8601_offset_to_utc_naive,0,0.0,0.0,0.0,OV2|d2c837|M5|B,182883199
186901319,182883202,BTCUSD,0,0.0,3,EXPERT,2026-05-05 01:42:41,0.1,80133.15,0.0,0.0,converted_from_iso8601_offset_to_utc_naive,0,0.0,0.0,0.0,OV2|e2d09e|H1|B,182883202
186901393,182883199,BTCUSD,1,-1.7,4,SL,2026-05-05 01:44:00,0.1,80116.15,0.0,0.0,converted_from_iso8601_offset_to_utc_naive,0,0.0,0.0,0.0,[sl 80116.65],182883260
186901394,182883202,BTCUSD,1,-1.7,4,SL,2026-05-05 01:44:00,0.1,80116.15,0.0,0.0,converted_from_iso8601_offset_to_utc_naive,0,0.0,0.0,0.0,[sl 80116.65],182883261
186901398,182883267,BTCUSD,0,0.0,3,EXPERT,2026-05-05 01:44:04,0.1,80130.97,0.0,0.0,converted_from_iso8601_offset_to_utc_naive,0,0.0,0.0,0.0,OV2|cb0575|M5|B,182883267
186901401,182883270,BTCUSD,0,0.0,3,EXPERT,2026-05-05 01:44:06,0.1,80126.48,0.0,0.0,converted_from_iso8601_offset_to_utc_naive,0,0.0,0.0,0.0,OV2|03f436|H1|B,182883270
186901418,182883267,BTCUSD,1,-2.41,4,SL,2026-05-05 01:44:32,0.1,80106.89,0.0,0.0,converted_from_iso8601_offset_to_utc_naive,0,0.0,0.0,0.0,[sl 80108.57],182883292
186901419,182883270,BTCUSD,1,-1.96,4,SL,2026-05-05 01:44:32,0.1,80106.89,0.0,0.0,converted_from_iso8601_offset_to_utc_naive,0,0.0,0.0,0.0,[sl 80109.98],182883293
186902144,182883915,BTCUSD,0,0.0,3,EXPERT,2026-05-05 01:46:53,0.1,80134.13,0.0,0.0,converted_from_iso8601_offset_to_utc_naive,0,0.0,0.0,0.0,OV2|6ebce2|M5|B,182883915
186902241,182883984,BTCUSD,0,0.0,3,EXPERT,2026-05-05 01:46:56,0.1,80134.13,0.0,0.0,converted_from_iso8601_offset_to_utc_naive,0,0.0,0.0,0.0,OV2|2e5d56|H1|B,182883984
186903478,182883915,BTCUSD,1,-1.96,4,SL,2026-05-05 01:52:13,0.1,80114.53,0.0,0.0,converted_from_iso8601_offset_to_utc_naive,0,0.0,0.0,0.0,[sl 80117.63],182884925
186903479,182883984,BTCUSD,1,-1.96,4,SL,2026-05-05 01:52:13,0.1,80114.53,0.0,0.0,converted_from_iso8601_offset_to_utc_naive,0,0.0,0.0,0.0,[sl 80117.63],182884926
186903909,182885223,BTCUSD,0,0.0,3,EXPERT,2026-05-05 01:53:21,0.1,80128.02,0.0,0.0,converted_from_iso8601_offset_to_utc_naive,0,0.0,0.0,0.0,OV2|e04fe5|M5|B,182885223
186903938,182885244,BTCUSD,0,0.0,3,EXPERT,2026-05-05 01:53:23,0.1,80128.02,0.0,0.0,converted_from_iso8601_offset_to_utc_naive,0,0.0,0.0,0.0,OV2|940346|H1|B,182885244
186904032,182885223,BTCUSD,1,-1.6800000000000002,4,SL,2026-05-05 01:53:40,0.1,80111.18,0.0,0.0,converted_from_iso8601_offset_to_utc_naive,0,0.0,0.0,0.0,[sl 80111.52],182885319
186904033,182885244,BTCUSD,1,-1.6800000000000002,4,SL,2026-05-05 01:53:40,0.1,80111.18,0.0,0.0,converted_from_iso8601_offset_to_utc_naive,0,0.0,0.0,0.0,[sl 80111.52],182885320
186904190,182885444,BTCUSD,0,0.0,3,EXPERT,2026-05-05 01:54:34,0.1,80095.42,0.0,0.0,converted_from_iso8601_offset_to_utc_naive,0,0.0,0.0,0.0,OV2|ef60b0|H1|B,182885444
186904233,182885444,BTCUSD,1,-2.84,4,SL,2026-05-05 01:54:46,0.1,80067.02,0.0,0.0,converted_from_iso8601_offset_to_utc_naive,0,0.0,0.0,0.0,[sl 80078.94],182885474
186904829,182885943,BTCUSD,0,0.0,3,EXPERT,2026-05-05 01:57:43,0.1,80075.2,0.0,0.0,converted_from_iso8601_offset_to_utc_naive,0,0.0,0.0,0.0,OV2|70957c|M5|B,182885943
186904832,182885948,BTCUSD,0,0.0,3,EXPERT,2026-05-05 01:57:45,0.1,80072.33,0.0,0.0,converted_from_iso8601_offset_to_utc_naive,0,0.0,0.0,0.0,OV2|51ad2d|H1|B,182885948
186904848,182885943,BTCUSD,1,-1.77,4,SL,2026-05-05 01:58:06,0.1,80057.47,0.0,0.0,converted_from_iso8601_offset_to_utc_naive,0,0.0,0.0,0.0,[sl 80058.70],182885967
186904854,182885948,BTCUSD,1,-2.64,4,SL,2026-05-05 01:58:07,0.1,80045.96,0.0,0.0,converted_from_iso8601_offset_to_utc_naive,0,0.0,0.0,0.0,[sl 80055.83],182885972
186905168,182886249,BTCUSD,0,0.0,3,EXPERT,2026-05-05 01:59:11,0.1,80077.02,0.0,0.0,converted_from_iso8601_offset_to_utc_naive,0,0.0,0.0,0.0,OV2|aaeeff|M5|B,182886249
186905171,182886252,BTCUSD,0,0.0,3,EXPERT,2026-05-05 01:59:14,0.1,80075.03,0.0,0.0,converted_from_iso8601_offset_to_utc_naive,0,0.0,0.0,0.0,OV2|d30143|H1|B,182886252
186905253,182886249,BTCUSD,1,-1.73,4,SL,2026-05-05 01:59:45,0.1,80059.76,0.0,0.0,converted_from_iso8601_offset_to_utc_naive,0,0.0,0.0,0.0,[sl 80060.52],182886323
186905258,182886252,BTCUSD,1,-1.67,4,SL,2026-05-05 01:59:46,0.1,80058.34,0.0,0.0,converted_from_iso8601_offset_to_utc_naive,0,0.0,0.0,0.0,[sl 80058.53],182886324
186906190,182878200,USDJPY,1,-4.67,4,SL,2026-05-05 02:02:44,0.1,157.183,0.0,0.0,converted_from_iso8601_offset_to_utc_naive,0,0.0,0.0,0.0,[sl 157.183],182887384
186907320,182888639,ETHUSD,0,0.0,3,EXPERT,2026-05-05 02:08:03,0.1,2351.408,0.0,0.0,converted_from_iso8601_offset_to_utc_naive,0,0.0,0.0,0.0,OV2|f63e0f|H1|S,182888639
186907324,182888644,ETHUSD,0,0.0,3,EXPERT,2026-05-05 02:08:06,0.1,2351.291,0.0,0.0,converted_from_iso8601_offset_to_utc_naive,0,0.0,0.0,0.0,OV2|f17bd5|M15|S,182888644
186908228,182889361,USDJPY,0,0.0,3,EXPERT,2026-05-05 02:12:37,0.1,157.207,0.0,0.0,converted_from_iso8601_offset_to_utc_naive,0,0.0,0.0,0.0,OV2|4b791b|M5|B,182889361
186910851,182888639,ETHUSD,1,-0.15,4,SL,2026-05-05 02:28:18,0.1,2352.939,0.0,0.0,converted_from_iso8601_offset_to_utc_naive,0,0.0,0.0,0.0,[sl 2352.908],182891811
186910857,182888644,ETHUSD,1,-0.17,4,SL,2026-05-05 02:28:19,0.1,2352.976,0.0,0.0,converted_from_iso8601_offset_to_utc_naive,0,0.0,0.0,0.0,[sl 2352.945],182891814
186910888,182891837,DOGUSD,0,0.0,3,EXPERT,2026-05-05 02:28:37,0.1,0.11013,0.0,0.0,converted_from_iso8601_offset_to_utc_naive,0,0.0,0.0,0.0,OV2|946a62|H1|S,182891837
186910892,182891842,DOGUSD,0,0.0,3,EXPERT,2026-05-05 02:28:40,0.1,0.11013,0.0,0.0,converted_from_iso8601_offset_to_utc_naive,0,0.0,0.0,0.0,OV2|9a7be8|M15|S,182891842
186911075,182892090,USOIL+,0,0.0,3,EXPERT,2026-05-05 02:30:20,0.1,101.97,0.0,0.0,converted_from_iso8601_offset_to_utc_naive,0,0.0,0.0,0.0,OV2|f4057c|H1|S,182892090
186911078,182892096,USOIL+,0,0.0,3,EXPERT,2026-05-05 02:30:23,0.1,101.97,0.0,0.0,converted_from_iso8601_offset_to_utc_naive,0,0.0,0.0,0.0,OV2|4d38a4|M15|S,182892096
186911558,182892381,XRPUSD,0,0.0,3,EXPERT,2026-05-05 02:32:37,0.1,1.391,0.0,0.0,converted_from_iso8601_offset_to_utc_naive,0,0.0,0.0,0.0,OV2|1ea9e6|H1|S,182892381
186911568,182892394,XRPUSD,0,0.0,3,EXPERT,2026-05-05 02:32:40,0.1,1.39075,0.0,0.0,converted_from_iso8601_offset_to_utc_naive,0,0.0,0.0,0.0,OV2|30a466|M15|S,182892394
186911650,182892457,EURJPY,0,0.0,3,EXPERT,2026-05-05 02:33:14,0.1,183.8,0.0,0.0,converted_from_iso8601_offset_to_utc_naive,0,0.0,0.0,0.0,OV2|418211|H1|B,182892457
186911659,182892464,EURJPY,0,0.0,3,EXPERT,2026-05-05 02:33:17,0.1,183.795,0.0,0.0,converted_from_iso8601_offset_to_utc_naive,0,0.0,0.0,0.0,OV2|356142|M15|B,182892464
186915433,182895923,CHFJPY,0,0.0,3,EXPERT,2026-05-05 02:55:00,0.1,200.542,0.0,0.0,converted_from_iso8601_offset_to_utc_naive,0,0.0,0.0,0.0,OV2|4376f3|H1|B,182895923
186917086,182897486,AUDJPY,0,0.0,3,EXPERT,2026-05-05 02:58:31,0.1,112.673,0.0,0.0,converted_from_iso8601_offset_to_utc_naive,0,0.0,0.0,0.0,OV2|1b5011|H4|B,182897486
186917798,182898304,AUDJPY,0,0.0,3,EXPERT,2026-05-05 03:00:29,0.1,112.691,0.0,0.0,converted_from_iso8601_offset_to_utc_naive,0,0.0,0.0,0.0,OV2|5431e2|M15|B,182898304
186920238,182900283,CHFJPY,0,0.0,3,EXPERT,2026-05-05 03:03:07,0.1,200.574,0.0,0.0,converted_from_iso8601_offset_to_utc_naive,0,0.0,0.0,0.0,OV2|53050d|M15|B,182900283
186920241,182892381,XRPUSD,1,-0.31,4,SL,2026-05-05 03:03:07,0.1,1.3941,0.0,0.0,converted_from_iso8601_offset_to_utc_naive,0,0.0,0.0,0.0,[sl 1.39410],182900284
186920304,182892394,XRPUSD,1,-0.38,4,SL,2026-05-05 03:03:09,0.1,1.3945,0.0,0.0,converted_from_iso8601_offset_to_utc_naive,0,0.0,0.0,0.0,[sl 1.39425],182900331
186925502,182904099,XRPUSD,0,0.0,3,EXPERT,2026-05-05 03:08:22,0.1,1.39225,0.0,0.0,converted_from_iso8601_offset_to_utc_naive,0,0.0,0.0,0.0,OV2|360d94|H1|S,182904099
186925534,182904125,XRPUSD,0,0.0,3,EXPERT,2026-05-05 03:08:24,0.1,1.39225,0.0,0.0,converted_from_iso8601_offset_to_utc_naive,0,0.0,0.0,0.0,OV2|37adab|M15|S,182904125
186937271,182900283,CHFJPY,1,-6.08,4,SL,2026-05-05 03:18:34,0.1,200.479,0.0,0.0,converted_from_iso8601_offset_to_utc_naive,0,0.0,0.0,0.0,[sl 200.481],182911983
186938001,182912535,GBPJPY,0,0.0,3,EXPERT,2026-05-05 03:19:27,0.1,212.73,0.0,0.0,converted_from_iso8601_offset_to_utc_naive,0,0.0,0.0,0.0,OV2|4caa98|H1|B,182912535
186938012,182912543,GBPJPY,0,0.0,3,EXPERT,2026-05-05 03:19:30,0.1,212.732,0.0,0.0,converted_from_iso8601_offset_to_utc_naive,0,0.0,0.0,0.0,OV2|e32fd9|M15|B,182912543
186940076,182898304,AUDJPY,1,-4.99,4,SL,2026-05-05 03:21:18,0.1,112.613,0.0,0.0,converted_from_iso8601_offset_to_utc_naive,0,0.0,0.0,0.0,[sl 112.613],182913914
186943202,182897486,AUDJPY,1,-5.56,4,SL,2026-05-05 03:24:02,0.1,112.586,0.0,0.0,converted_from_iso8601_offset_to_utc_naive,0,0.0,0.0,0.0,[sl 112.587],182915864
186952190,182922043,AUDJPY,0,0.0,3,EXPERT,2026-05-05 03:33:07,0.1,112.574,0.0,0.0,converted_from_iso8601_offset_to_utc_naive,0,0.0,0.0,0.0,OV2|3df05f|H1|S,182922043
186952222,182922063,AUDJPY,0,0.0,3,EXPERT,2026-05-05 03:33:10,0.1,112.576,0.0,0.0,converted_from_iso8601_offset_to_utc_naive,0,0.0,0.0,0.0,OV2|7be00f|M15|S,182922063
186952374,182895923,CHFJPY,1,-6.27,4,SL,2026-05-05 03:33:33,0.1,200.444,0.0,0.0,converted_from_iso8601_offset_to_utc_naive,0,0.0,0.0,0.0,[sl 200.448],182922163
186953346,182912543,GBPJPY,1,-6.21,4,SL,2026-05-05 03:35:45,0.1,212.635,0.0,0.0,converted_from_iso8601_offset_to_utc_naive,0,0.0,0.0,0.0,[sl 212.636],182922775
186954545,182923578,NZDUSD,0,0.0,3,EXPERT,2026-05-05 03:38:01,0.1,0.5863,0.0,0.0,converted_from_iso8601_offset_to_utc_naive,0,0.0,0.0,0.0,OV2|d54ac2|H4|S,182923578
186954546,182923579,EURUSD,0,0.0,3,EXPERT,2026-05-05 03:38:01,0.1,1.16858,0.0,0.0,converted_from_iso8601_offset_to_utc_naive,0,0.0,0.0,0.0,OV2|71926c|M5|S,182923579
186954926,182923830,CHFJPY,0,0.0,3,EXPERT,2026-05-05 03:38:51,0.1,200.463,0.0,0.0,converted_from_iso8601_offset_to_utc_naive,0,0.0,0.0,0.0,OV2|486f21|H1|S,182923830
186954935,182923839,CHFJPY,0,0.0,3,EXPERT,2026-05-05 03:38:54,0.1,200.464,0.0,0.0,converted_from_iso8601_offset_to_utc_naive,0,0.0,0.0,0.0,OV2|875cc9|M15|S,182923839
186956467,182912535,GBPJPY,1,-6.34,4,SL,2026-05-05 03:41:39,0.1,212.631,0.0,0.0,converted_from_iso8601_offset_to_utc_naive,0,0.0,0.0,0.0,[sl 212.632],182924895
186957871,182925825,NZDUSD,0,0.0,3,EXPERT,2026-05-05 03:44:24,0.1,0.5862,0.0,0.0,converted_from_iso8601_offset_to_utc_naive,0,0.0,0.0,0.0,OV2|d73f64|H1|S,182925825
186961525,182928239,GBPJPY,0,0.0,3,EXPERT,2026-05-05 03:48:29,0.1,212.643,0.0,0.0,converted_from_iso8601_offset_to_utc_naive,0,0.0,0.0,0.0,OV2|5b0b86|H1|S,182928239
186961539,182928249,GBPJPY,0,0.0,3,EXPERT,2026-05-05 03:48:32,0.1,212.636,0.0,0.0,converted_from_iso8601_offset_to_utc_naive,0,0.0,0.0,0.0,OV2|610ea5|M15|S,182928249
186963087,182904099,XRPUSD,1,-0.3,4,SL,2026-05-05 03:51:06,0.1,1.3952499999999999,0.0,0.0,converted_from_iso8601_offset_to_utc_naive,0,0.0,0.0,0.0,[sl 1.39525],182929289
186963088,182904125,XRPUSD,1,-0.31,4,SL,2026-05-05 03:51:06,0.1,1.39535,0.0,0.0,converted_from_iso8601_offset_to_utc_naive,0,0.0,0.0,0.0,[sl 1.39535],182929292
186964074,182929892,XRPUSD,0,0.0,3,EXPERT,2026-05-05 03:53:02,0.1,1.3947,0.0,0.0,converted_from_iso8601_offset_to_utc_naive,0,0.0,0.0,0.0,OV2|b8aea2|H1|S,182929892
186964084,182929897,XRPUSD,0,0.0,3,EXPERT,2026-05-05 03:53:05,0.1,1.3947,0.0,0.0,converted_from_iso8601_offset_to_utc_naive,0,0.0,0.0,0.0,OV2|4fc657|M15|S,182929897
186969032,182892457,EURJPY,1,-5.5,4,SL,2026-05-05 04:00:59,0.1,183.714,0.0,0.0,converted_from_iso8601_offset_to_utc_naive,0,0.0,0.0,0.0,[sl 183.714],182933391
186969171,182892464,EURJPY,1,-5.56,4,SL,2026-05-05 04:01:14,0.1,183.708,0.0,0.0,converted_from_iso8601_offset_to_utc_naive,0,0.0,0.0,0.0,[sl 183.709],182933494
186969239,182933541,BTCUSD,0,0.0,3,EXPERT,2026-05-05 04:01:26,0.1,80112.59,0.0,0.0,converted_from_iso8601_offset_to_utc_naive,0,0.0,0.0,0.0,OV2|7443ca|M5|B,182933541
186969247,182933545,BTCUSD,0,0.0,3,EXPERT,2026-05-05 04:01:28,0.1,80112.61,0.0,0.0,converted_from_iso8601_offset_to_utc_naive,0,0.0,0.0,0.0,OV2|68253d|H1|B,182933545
186969315,182933541,BTCUSD,1,-1.9300000000000002,4,SL,2026-05-05 04:01:40,0.1,80093.3,0.0,0.0,converted_from_iso8601_offset_to_utc_naive,0,0.0,0.0,0.0,[sl 80096.09],182933598
186969316,182933545,BTCUSD,1,-1.9300000000000002,4,SL,2026-05-05 04:01:40,0.1,80093.3,0.0,0.0,converted_from_iso8601_offset_to_utc_naive,0,0.0,0.0,0.0,[sl 80096.11],182933599
186969362,182933628,EURJPY,0,0.0,3,EXPERT,2026-05-05 04:01:52,0.1,183.722,0.0,0.0,converted_from_iso8601_offset_to_utc_naive,0,0.0,0.0,0.0,OV2|c2fa0f|H1|S,182933628
186969369,182933632,EURJPY,0,0.0,3,EXPERT,2026-05-05 04:01:55,0.1,183.721,0.0,0.0,converted_from_iso8601_offset_to_utc_naive,0,0.0,0.0,0.0,OV2|5f1ff7|M15|S,182933632
186971336,182934845,BTCUSD,0,0.0,3,EXPERT,2026-05-05 04:02:45,0.1,80104.05,0.0,0.0,converted_from_iso8601_offset_to_utc_naive,0,0.0,0.0,0.0,OV2|b1de09|M5|B,182934845
186971385,182934872,BTCUSD,0,0.0,3,EXPERT,2026-05-05 04:02:48,0.1,80105.08,0.0,0.0,converted_from_iso8601_offset_to_utc_naive,0,0.0,0.0,0.0,OV2|8c0c55|H1|B,182934872
186972043,182934845,BTCUSD,1,-1.79,4,SL,2026-05-05 04:03:22,0.1,80086.16,0.0,0.0,converted_from_iso8601_offset_to_utc_naive,0,0.0,0.0,0.0,[sl 80087.55],182935319
186972044,182934872,BTCUSD,1,-1.8900000000000001,4,SL,2026-05-05 04:03:22,0.1,80086.16,0.0,0.0,converted_from_iso8601_offset_to_utc_naive,0,0.0,0.0,0.0,[sl 80088.58],182935320
186972602,182935700,BTCUSD,0,0.0,3,EXPERT,2026-05-05 04:04:31,0.1,80115.13,0.0,0.0,converted_from_iso8601_offset_to_utc_naive,0,0.0,0.0,0.0,OV2|ba25be|M5|B,182935700
186972630,182935717,BTCUSD,0,0.0,3,EXPERT,2026-05-05 04:04:33,0.1,80122.6,0.0,0.0,converted_from_iso8601_offset_to_utc_naive,0,0.0,0.0,0.0,OV2|440c6f|H1|B,182935717
186976425,182929892,XRPUSD,1,-0.32,4,SL,2026-05-05 04:09:26,0.1,1.3979,0.0,0.0,converted_from_iso8601_offset_to_utc_naive,0,0.0,0.0,0.0,[sl 1.39770],182938145
186976426,182929897,XRPUSD,1,-0.32,4,SL,2026-05-05 04:09:26,0.1,1.3979,0.0,0.0,converted_from_iso8601_offset_to_utc_naive,0,0.0,0.0,0.0,[sl 1.39770],182938146
186982180,182786037,XAUUSD,1,-12.5,4,SL,2026-05-05 04:14:29,0.05,4539.61,0.0,0.0,converted_from_iso8601_offset_to_utc_naive,0,0.0,1.87,0.0,[sl 4539.61],182941685
186987566,182945063,UKOIL+,0,0.0,3,EXPERT,2026-05-05 04:22:43,0.1,111.11,0.0,0.0,converted_from_iso8601_offset_to_utc_naive,0,0.0,0.0,0.0,OV2|b45603|H1|S,182945063
186987602,182945083,UKOIL+,0,0.0,3,EXPERT,2026-05-05 04:22:47,0.1,111.13,0.0,0.0,converted_from_iso8601_offset_to_utc_naive,0,0.0,0.0,0.0,OV2|1f309d|M15|S,182945083
186995727,182784738,XAUUSD,1,-12.8,4,SL,2026-05-05 04:37:01,0.05,4540.39,0.0,0.0,converted_from_iso8601_offset_to_utc_naive,0,0.0,1.87,0.0,[sl 4540.33],182950661
186996163,182923830,CHFJPY,1,-5.89,4,SL,2026-05-05 04:37:06,0.1,200.555,0.0,0.0,converted_from_iso8601_offset_to_utc_naive,0,0.0,0.0,0.0,[sl 200.553],182950952
186997369,182923839,CHFJPY,1,-6.27,4,SL,2026-05-05 04:37:22,0.1,200.562,0.0,0.0,converted_from_iso8601_offset_to_utc_naive,0,0.0,0.0,0.0,[sl 200.562],182951667
186998337,182933628,EURJPY,1,-5.18,4,SL,2026-05-05 04:38:25,0.1,183.803,0.0,0.0,converted_from_iso8601_offset_to_utc_naive,0,0.0,0.0,0.0,[sl 183.802],182952417
186998338,182933632,EURJPY,1,-5.24,4,SL,2026-05-05 04:38:25,0.1,183.803,0.0,0.0,converted_from_iso8601_offset_to_utc_naive,0,0.0,0.0,0.0,[sl 183.803],182952418
186998643,182952621,EURJPY,0,0.0,3,EXPERT,2026-05-05 04:38:52,0.1,183.754,0.0,0.0,converted_from_iso8601_offset_to_utc_naive,0,0.0,0.0,0.0,OV2|2cea5f|H1|S,182952621
186998659,182952633,EURJPY,0,0.0,3,EXPERT,2026-05-05 04:38:55,0.1,183.754,0.0,0.0,converted_from_iso8601_offset_to_utc_naive,0,0.0,0.0,0.0,OV2|3580bf|M15|S,182952633
187000050,182953586,CHFJPY,0,0.0,3,EXPERT,2026-05-05 04:43:12,0.1,200.487,0.0,0.0,converted_from_iso8601_offset_to_utc_naive,0,0.0,0.0,0.0,OV2|d4b366|H1|S,182953586
187000188,182953666,CHFJPY,0,0.0,3,EXPERT,2026-05-05 04:43:17,0.1,200.478,0.0,0.0,converted_from_iso8601_offset_to_utc_naive,0,0.0,0.0,0.0,OV2|24fe7e|H4|S,182953666
187003681,182956102,USDCHF,0,0.0,3,EXPERT,2026-05-05 04:56:40,0.1,0.78427,0.0,0.0,converted_from_iso8601_offset_to_utc_naive,0,0.0,0.0,0.0,OV2|5bca29|H1|B,182956102
187003685,182956105,USDCHF,0,0.0,3,EXPERT,2026-05-05 04:56:43,0.1,0.78427,0.0,0.0,converted_from_iso8601_offset_to_utc_naive,0,0.0,0.0,0.0,OV2|d82215|M15|B,182956105
187005272,182957357,XRPUSD,0,0.0,3,EXPERT,2026-05-05 05:01:16,0.1,1.3973499999999999,0.0,0.0,converted_from_iso8601_offset_to_utc_naive,0,0.0,0.0,0.0,OV2|0f2c1d|M15|B,182957357
187005282,182957367,XRPUSD,0,0.0,3,EXPERT,2026-05-05 05:01:19,0.1,1.3976,0.0,0.0,converted_from_iso8601_offset_to_utc_naive,0,0.0,0.0,0.0,OV2|ca04f4|H4|B,182957367
187008200,182959708,CADJPY,0,0.0,3,EXPERT,2026-05-05 05:09:24,0.1,115.44,0.0,0.0,converted_from_iso8601_offset_to_utc_naive,0,0.0,0.0,0.0,OV2|a12d4c|H1|B,182959708
187012801,182953666,CHFJPY,1,-6.46,4,SL,2026-05-05 05:27:40,0.1,200.579,0.0,0.0,converted_from_iso8601_offset_to_utc_naive,0,0.0,0.0,0.0,[sl 200.576],182963528
187013348,182953586,CHFJPY,1,-6.66,4,SL,2026-05-05 05:28:28,0.1,200.591,0.0,0.0,converted_from_iso8601_offset_to_utc_naive,0,0.0,0.0,0.0,[sl 200.591],182963894
187013615,182964084,CHFJPY,0,0.0,3,EXPERT,2026-05-05 05:29:28,0.1,200.583,0.0,0.0,converted_from_iso8601_offset_to_utc_naive,0,0.0,0.0,0.0,OV2|96e60d|H1|B,182964084
187013621,182964088,CHFJPY,0,0.0,3,EXPERT,2026-05-05 05:29:31,0.1,200.584,0.0,0.0,converted_from_iso8601_offset_to_utc_naive,0,0.0,0.0,0.0,OV2|b7682d|M15|B,182964088
187013753,182928239,GBPJPY,1,-5.89,4,SL,2026-05-05 05:30:10,0.1,212.735,0.0,0.0,converted_from_iso8601_offset_to_utc_naive,0,0.0,0.0,0.0,[sl 212.735],182964254
187013756,182928249,GBPJPY,1,-6.4,4,SL,2026-05-05 05:30:10,0.1,212.736,0.0,0.0,converted_from_iso8601_offset_to_utc_naive,0,0.0,0.0,0.0,[sl 212.736],182964257
187013988,182925825,NZDUSD,1,-7.6,4,SL,2026-05-05 05:31:06,0.1,0.58696,0.0,0.0,converted_from_iso8601_offset_to_utc_naive,0,0.0,0.0,0.0,[sl 0.58696],182964396
187016781,182935700,BTCUSD,1,51.23,5,TP,2026-05-05 05:39:08,0.1,80627.43,0.0,0.0,converted_from_iso8601_offset_to_utc_naive,0,0.0,0.0,0.0,[tp 80620.77],182966535
187016793,182935717,BTCUSD,1,54.07,5,TP,2026-05-05 05:39:08,0.1,80663.33,0.0,0.0,converted_from_iso8601_offset_to_utc_naive,0,0.0,0.0,0.0,[tp 80629.81],182966544
187017027,182966689,ETHUSD,0,0.0,3,EXPERT,2026-05-05 05:39:32,0.1,2375.22,0.0,0.0,converted_from_iso8601_offset_to_utc_naive,0,0.0,0.0,0.0,OV2|d83333|H1|B,182966689
187017039,182966697,ETHUSD,0,0.0,3,EXPERT,2026-05-05 05:39:35,0.1,2375.149,0.0,0.0,converted_from_iso8601_offset_to_utc_naive,0,0.0,0.0,0.0,OV2|e0af1d|M15|B,182966697
187017110,182966689,ETHUSD,1,-0.16,4,SL,2026-05-05 05:40:01,0.1,2373.572,0.0,0.0,converted_from_iso8601_offset_to_utc_naive,0,0.0,0.0,0.0,[sl 2373.720],182966755
187017111,182966697,ETHUSD,1,-0.16,4,SL,2026-05-05 05:40:01,0.1,2373.572,0.0,0.0,converted_from_iso8601_offset_to_utc_naive,0,0.0,0.0,0.0,[sl 2373.649],182966756
187017174,182966884,BTCUSD,0,0.0,3,EXPERT,2026-05-05 05:40:30,0.1,80673.13,0.0,0.0,converted_from_iso8601_offset_to_utc_naive,0,0.0,0.0,0.0,OV2|80cec7|M5|B,182966884
187017186,182966905,BTCUSD,0,0.0,3,EXPERT,2026-05-05 05:40:32,0.1,80672.65,0.0,0.0,converted_from_iso8601_offset_to_utc_naive,0,0.0,0.0,0.0,OV2|acdeca|H1|B,182966905
187017206,182966884,BTCUSD,1,-1.97,4,SL,2026-05-05 05:40:40,0.1,80653.41,0.0,0.0,converted_from_iso8601_offset_to_utc_naive,0,0.0,0.0,0.0,[sl 80653.44],182966955
187017207,182966905,BTCUSD,1,-1.92,4,SL,2026-05-05 05:40:40,0.1,80653.41,0.0,0.0,converted_from_iso8601_offset_to_utc_naive,0,0.0,0.0,0.0,[sl 80654.15],182966956
187017529,182967365,BTCUSD,0,0.0,3,EXPERT,2026-05-05 05:41:58,0.1,80706.01,0.0,0.0,converted_from_iso8601_offset_to_utc_naive,0,0.0,0.0,0.0,OV2|be92c6|M5|B,182967365
187017542,182967376,BTCUSD,0,0.0,3,EXPERT,2026-05-05 05:42:00,0.1,80701.52,0.0,0.0,converted_from_iso8601_offset_to_utc_naive,0,0.0,0.0,0.0,OV2|b16311|H1|B,182967376
187017552,182967365,BTCUSD,1,-2.05,4,SL,2026-05-05 05:42:03,0.1,80685.49,0.0,0.0,converted_from_iso8601_offset_to_utc_naive,0,0.0,0.0,0.0,[sl 80686.70],182967382
187017554,182967376,BTCUSD,1,-1.88,4,SL,2026-05-05 05:42:03,0.1,80682.75,0.0,0.0,converted_from_iso8601_offset_to_utc_naive,0,0.0,0.0,0.0,[sl 80685.02],182967384
187017627,182967427,BTCUSD,0,0.0,3,EXPERT,2026-05-05 05:42:22,0.1,80675.19,0.0,0.0,converted_from_iso8601_offset_to_utc_naive,0,0.0,0.0,0.0,OV2|48206b|H1|B,182967427
187017628,182967428,BTCUSD,0,0.0,3,EXPERT,2026-05-05 05:42:25,0.1,80674.84,0.0,0.0,converted_from_iso8601_offset_to_utc_naive,0,0.0,0.0,0.0,OV2|bf1590|H4|B,182967428
187017639,182967427,BTCUSD,1,-1.7,4,SL,2026-05-05 05:42:31,0.1,80658.22,0.0,0.0,converted_from_iso8601_offset_to_utc_naive,0,0.0,0.0,0.0,[sl 80658.69],182967437
187017640,182967428,BTCUSD,1,-1.6600000000000001,4,SL,2026-05-05 05:42:31,0.1,80658.22,0.0,0.0,converted_from_iso8601_offset_to_utc_naive,0,0.0,0.0,0.0,[sl 80658.34],182967438
187019095,182968673,BTCUSD,0,0.0,3,EXPERT,2026-05-05 05:43:51,0.1,80756.46,0.0,0.0,converted_from_iso8601_offset_to_utc_naive,0,0.0,0.0,0.0,OV2|523971|H1|B,182968673
187020259,182969524,BTCUSD,0,0.0,3,EXPERT,2026-05-05 05:45:22,0.1,80895.26,0.0,0.0,converted_from_iso8601_offset_to_utc_naive,0,0.0,0.0,0.0,OV2|64b624|M5|B,182969524
187020381,182969524,BTCUSD,1,-3.29,4,SL,2026-05-05 05:45:32,0.1,80862.35,0.0,0.0,converted_from_iso8601_offset_to_utc_naive,0,0.0,0.0,0.0,[sl 80877.51],182969624
187020805,182968673,BTCUSD,1,-1.72,4,SL,2026-05-05 05:46:08,0.1,80739.23,0.0,0.0,converted_from_iso8601_offset_to_utc_naive,0,0.0,0.0,0.0,[sl 80739.96],182969968
187021132,182970442,BTCUSD,0,0.0,3,EXPERT,2026-05-05 05:46:58,0.1,80660.44,0.0,0.0,converted_from_iso8601_offset_to_utc_naive,0,0.0,0.0,0.0,OV2|6fe560|H1|B,182970442
187021146,182970442,BTCUSD,1,-1.81,4,SL,2026-05-05 05:47:02,0.1,80642.32,0.0,0.0,converted_from_iso8601_offset_to_utc_naive,0,0.0,0.0,0.0,[sl 80642.94],182970475
187021282,182970635,ETHUSD,0,0.0,3,EXPERT,2026-05-05 05:47:28,0.1,2367.758,0.0,0.0,converted_from_iso8601_offset_to_utc_naive,0,0.0,0.0,0.0,OV2|a24771|H1|B,182970635
187021294,182970644,ETHUSD,0,0.0,3,EXPERT,2026-05-05 05:47:31,0.1,2368.161,0.0,0.0,converted_from_iso8601_offset_to_utc_naive,0,0.0,0.0,0.0,OV2|4e50c3|M15|B,182970644
187021887,182970644,ETHUSD,1,-0.17,4,SL,2026-05-05 05:48:35,0.1,2366.483,0.0,0.0,converted_from_iso8601_offset_to_utc_naive,0,0.0,0.0,0.0,[sl 2366.661],182971029
187022036,182970635,ETHUSD,1,-0.19,4,SL,2026-05-05 05:48:49,0.1,2365.901,0.0,0.0,converted_from_iso8601_offset_to_utc_naive,0,0.0,0.0,0.0,[sl 2366.258],182971116
187022942,182971757,BTCUSD,0,0.0,3,EXPERT,2026-05-05 05:49:57,0.1,80549.46,0.0,0.0,converted_from_iso8601_offset_to_utc_naive,0,0.0,0.0,0.0,OV2|01bd93|M5|B,182971757
187022956,182971773,BTCUSD,0,0.0,3,EXPERT,2026-05-05 05:50:00,0.1,80556.14,0.0,0.0,converted_from_iso8601_offset_to_utc_naive,0,0.0,0.0,0.0,OV2|d0132a|H1|B,182971773
187025525,182971773,BTCUSD,1,-1.6800000000000002,4,SL,2026-05-05 05:54:56,0.1,80539.38,0.0,0.0,converted_from_iso8601_offset_to_utc_naive,0,0.0,0.0,0.0,[sl 80539.64],182974041
187025570,182971757,BTCUSD,1,-1.67,4,SL,2026-05-05 05:54:59,0.1,80532.79,0.0,0.0,converted_from_iso8601_offset_to_utc_naive,0,0.0,0.0,0.0,[sl 80532.96],182974070
187028202,182976031,BTCUSD,0,0.0,3,EXPERT,2026-05-05 05:57:28,0.1,80510.88,0.0,0.0,converted_from_iso8601_offset_to_utc_naive,0,0.0,0.0,0.0,OV2|d9099d|M5|B,182976031
187028225,182976049,BTCUSD,0,0.0,3,EXPERT,2026-05-05 05:57:30,0.1,80510.3,0.0,0.0,converted_from_iso8601_offset_to_utc_naive,0,0.0,0.0,0.0,OV2|f67e2b|H1|B,182976049
187030319,182976049,BTCUSD,1,-1.65,4,SL,2026-05-05 06:02:30,0.1,80493.76,0.0,0.0,converted_from_iso8601_offset_to_utc_naive,0,0.0,0.0,0.0,[sl 80493.80],182977643
187030328,182976031,BTCUSD,1,-2.05,4,SL,2026-05-05 06:02:32,0.1,80490.34,0.0,0.0,converted_from_iso8601_offset_to_utc_naive,0,0.0,0.0,0.0,[sl 80492.38],182977652
187030464,182964084,CHFJPY,1,-5.89,4,SL,2026-05-05 06:03:10,0.1,200.491,0.0,0.0,converted_from_iso8601_offset_to_utc_naive,0,0.0,0.0,0.0,[sl 200.491],182977739
187030807,182977950,BTCUSD,0,0.0,3,EXPERT,2026-05-05 06:03:58,0.1,80481.45,0.0,0.0,converted_from_iso8601_offset_to_utc_naive,0,0.0,0.0,0.0,OV2|d0469a|M5|B,182977950
187030814,182977950,BTCUSD,1,-1.85,4,SL,2026-05-05 06:04:00,0.1,80462.92,0.0,0.0,converted_from_iso8601_offset_to_utc_naive,0,0.0,0.0,0.0,[sl 80462.95],182977955
187030820,182977963,BTCUSD,0,0.0,3,EXPERT,2026-05-05 06:04:00,0.1,80468.71,0.0,0.0,converted_from_iso8601_offset_to_utc_naive,0,0.0,0.0,0.0,OV2|c1151d|H1|B,182977963
187031738,182978568,BTCUSD,0,0.0,3,EXPERT,2026-05-05 06:06:45,0.1,80476.14,0.0,0.0,converted_from_iso8601_offset_to_utc_naive,0,0.0,0.0,0.0,OV2|0450f8|M5|B,182978568
187039547,182957357,XRPUSD,1,1.1,5,TP,2026-05-05 06:45:10,0.1,1.40835,0.0,0.0,converted_from_iso8601_offset_to_utc_naive,0,0.0,0.0,0.0,[tp 1.40831],182985729
187040058,182957367,XRPUSD,1,1.11,5,TP,2026-05-05 06:47:55,0.1,1.40865,0.0,0.0,converted_from_iso8601_offset_to_utc_naive,0,0.0,0.0,0.0,[tp 1.40856],182986381
187040165,182986462,XRPUSD,0,0.0,3,EXPERT,2026-05-05 06:49:01,0.1,1.40955,0.0,0.0,converted_from_iso8601_offset_to_utc_naive,0,0.0,0.0,0.0,OV2|07a24f|H1|B,182986462
187040168,182986465,XRPUSD,0,0.0,3,EXPERT,2026-05-05 06:49:04,0.1,1.40985,0.0,0.0,converted_from_iso8601_offset_to_utc_naive,0,0.0,0.0,0.0,OV2|49021e|M15|B,182986465
187040223,182986462,XRPUSD,1,-0.37,4,SL,2026-05-05 06:49:33,0.1,1.4059,0.0,0.0,converted_from_iso8601_offset_to_utc_naive,0,0.0,0.0,0.0,[sl 1.40621],182986506
187040224,182986465,XRPUSD,1,-0.4,4,SL,2026-05-05 06:49:33,0.1,1.4059,0.0,0.0,converted_from_iso8601_offset_to_utc_naive,0,0.0,0.0,0.0,[sl 1.40649],182986507
187043733,182988975,XRPUSD,0,0.0,3,EXPERT,2026-05-05 07:00:35,0.1,1.4057,0.0,0.0,converted_from_iso8601_offset_to_utc_naive,0,0.0,0.0,0.0,OV2|a469cf|H1|B,182988975
187043738,182988979,XRPUSD,0,0.0,3,EXPERT,2026-05-05 07:00:38,0.1,1.40585,0.0,0.0,converted_from_iso8601_offset_to_utc_naive,0,0.0,0.0,0.0,OV2|0bdb97|M15|B,182988979
187044498,182989543,GBPJPY,0,0.0,3,EXPERT,2026-05-05 07:03:55,0.1,212.66,0.0,0.0,converted_from_iso8601_offset_to_utc_naive,0,0.0,0.0,0.0,OV2|d2352e|M15|S,182989543
187044509,182989561,GBPJPY,0,0.0,3,EXPERT,2026-05-05 07:03:57,0.1,212.66,0.0,0.0,converted_from_iso8601_offset_to_utc_naive,0,0.0,0.0,0.0,OV2|9c6ed8|H4|S,182989561
187045658,182988979,XRPUSD,1,-0.34,4,SL,2026-05-05 07:10:44,0.1,1.4025,0.0,0.0,converted_from_iso8601_offset_to_utc_naive,0,0.0,0.0,0.0,[sl 1.40262],182990944
187045661,182988975,XRPUSD,1,-0.34,4,SL,2026-05-05 07:10:45,0.1,1.40235,0.0,0.0,converted_from_iso8601_offset_to_utc_naive,0,0.0,0.0,0.0,[sl 1.40247],182990946
187045948,182991137,XRPUSD,0,0.0,3,EXPERT,2026-05-05 07:13:34,0.1,1.4047,0.0,0.0,converted_from_iso8601_offset_to_utc_naive,0,0.0,0.0,0.0,OV2|09e10b|H1|B,182991137
187045950,182991139,XRPUSD,0,0.0,3,EXPERT,2026-05-05 07:13:37,0.1,1.4047,0.0,0.0,converted_from_iso8601_offset_to_utc_naive,0,0.0,0.0,0.0,OV2|66de46|M15|B,182991139
187050367,182923578,NZDUSD,1,-8.4,4,SL,2026-05-05 07:30:06,0.1,0.58714,0.0,0.0,converted_from_iso8601_offset_to_utc_naive,0,0.0,0.0,0.0,[sl 0.58708],182994101
187051163,182922043,AUDJPY,1,-5.75,4,SL,2026-05-05 07:30:26,0.1,112.664,0.0,0.0,converted_from_iso8601_offset_to_utc_naive,0,0.0,0.0,0.0,[sl 112.654],182994598
187051165,182922063,AUDJPY,1,-5.63,4,SL,2026-05-05 07:30:26,0.1,112.664,0.0,0.0,converted_from_iso8601_offset_to_utc_naive,0,0.0,0.0,0.0,[sl 112.654],182994599
187051188,182989561,GBPJPY,1,-5.43,4,SL,2026-05-05 07:30:27,0.1,212.745,0.0,0.0,converted_from_iso8601_offset_to_utc_naive,0,0.0,0.0,0.0,[sl 212.744],182994611
187051198,182989543,GBPJPY,1,-5.75,4,SL,2026-05-05 07:30:27,0.1,212.75,0.0,0.0,converted_from_iso8601_offset_to_utc_naive,0,0.0,0.0,0.0,[sl 212.746],182994616
187051435,182994762,CHFJPY,0,0.0,3,EXPERT,2026-05-05 07:31:00,0.1,200.592,0.0,0.0,converted_from_iso8601_offset_to_utc_naive,0,0.0,0.0,0.0,OV2|3587a2|M15|B,182994762
187051603,182991137,XRPUSD,1,-0.36,4,SL,2026-05-05 07:31:33,0.1,1.40115,0.0,0.0,converted_from_iso8601_offset_to_utc_naive,0,0.0,0.0,0.0,[sl 1.40116],182994887
187051664,182994923,XRPUSD,0,0.0,3,EXPERT,2026-05-05 07:31:43,0.1,1.4022000000000001,0.0,0.0,converted_from_iso8601_offset_to_utc_naive,0,0.0,0.0,0.0,OV2|d9f5c3|H1|B,182994923
187052066,182991139,XRPUSD,1,-0.4,4,SL,2026-05-05 07:32:39,0.1,1.40075,0.0,0.0,converted_from_iso8601_offset_to_utc_naive,0,0.0,0.0,0.0,[sl 1.40080],182995198
187053294,182995979,XRPUSD,0,0.0,3,EXPERT,2026-05-05 07:37:54,0.1,1.40265,0.0,0.0,converted_from_iso8601_offset_to_utc_naive,0,0.0,0.0,0.0,OV2|e9f364|H1|B,182995979
187053593,182996197,NZDUSD,0,0.0,3,EXPERT,2026-05-05 07:41:24,0.1,0.58711,0.0,0.0,converted_from_iso8601_offset_to_utc_naive,0,0.0,0.0,0.0,OV2|1bd7b5|H4|B,182996197
187053792,182996341,GBPJPY,0,0.0,3,EXPERT,2026-05-05 07:43:31,0.1,212.688,0.0,0.0,converted_from_iso8601_offset_to_utc_naive,0,0.0,0.0,0.0,OV2|a04549|M15|B,182996341
187053802,182996349,GBPJPY,0,0.0,3,EXPERT,2026-05-05 07:43:34,0.1,212.688,0.0,0.0,converted_from_iso8601_offset_to_utc_naive,0,0.0,0.0,0.0,OV2|dd514b|H4|B,182996349
187053918,182995979,XRPUSD,1,-0.34,4,SL,2026-05-05 07:45:27,0.1,1.3993,0.0,0.0,converted_from_iso8601_offset_to_utc_naive,0,0.0,0.0,0.0,[sl 1.39965],182996450
187054954,182996197,NZDUSD,1,-7.8,4,SL,2026-05-05 07:48:05,0.1,0.58633,0.0,0.0,converted_from_iso8601_offset_to_utc_naive,0,0.0,0.0,0.0,[sl 0.58635],182997109
187057292,182994762,CHFJPY,1,-5.12,4,SL,2026-05-05 07:54:34,0.1,200.512,0.0,0.0,converted_from_iso8601_offset_to_utc_naive,0,0.0,0.0,0.0,[sl 200.512],182998595
187057497,182964088,CHFJPY,1,-6.84,4,SL,2026-05-05 07:55:19,0.1,200.477,0.0,0.0,converted_from_iso8601_offset_to_utc_naive,0,0.0,0.0,0.0,[sl 200.486],182998749
187058132,182996341,GBPJPY,1,-5.63,4,SL,2026-05-05 07:56:03,0.1,212.6,0.0,0.0,converted_from_iso8601_offset_to_utc_naive,0,0.0,0.0,0.0,[sl 212.600],182999127
187058133,182996349,GBPJPY,1,-5.63,4,SL,2026-05-05 07:56:03,0.1,212.6,0.0,0.0,converted_from_iso8601_offset_to_utc_naive,0,0.0,0.0,0.0,[sl 212.600],182999128
187059640,183000457,NZDUSD,0,0.0,3,EXPERT,2026-05-05 08:01:13,0.1,0.58578,0.0,0.0,converted_from_iso8601_offset_to_utc_naive,0,0.0,0.0,0.0,OV2|e38d9d|H1|S,183000457
187059653,183000465,NZDUSD,0,0.0,3,EXPERT,2026-05-05 08:01:15,0.1,0.58578,0.0,0.0,converted_from_iso8601_offset_to_utc_naive,0,0.0,0.0,0.0,OV2|aaf0bb|M15|S,183000465
187060701,183001197,CHFJPY,0,0.0,3,EXPERT,2026-05-05 08:04:17,0.1,200.462,0.0,0.0,converted_from_iso8601_offset_to_utc_naive,0,0.0,0.0,0.0,OV2|5b2cd9|H1|S,183001197
187060706,183001201,CHFJPY,0,0.0,3,EXPERT,2026-05-05 08:04:20,0.1,200.464,0.0,0.0,converted_from_iso8601_offset_to_utc_naive,0,0.0,0.0,0.0,OV2|669d00|M15|S,183001201
187061396,182994923,XRPUSD,1,-0.3,4,SL,2026-05-05 08:06:45,0.1,1.3992,0.0,0.0,converted_from_iso8601_offset_to_utc_naive,0,0.0,0.0,0.0,[sl 1.39920],183001645
187061906,183001988,GBPJPY,0,0.0,3,EXPERT,2026-05-05 08:06:56,0.1,212.595,0.0,0.0,converted_from_iso8601_offset_to_utc_naive,0,0.0,0.0,0.0,OV2|ba4c60|H1|S,183001988
187061941,183002006,GBPJPY,0,0.0,3,EXPERT,2026-05-05 08:06:59,0.1,212.594,0.0,0.0,converted_from_iso8601_offset_to_utc_naive,0,0.0,0.0,0.0,OV2|906b09|M15|S,183002006
187070529,182978568,BTCUSD,1,66.04,5,TP,2026-05-05 08:24:51,0.1,81136.53,0.0,0.0,converted_from_iso8601_offset_to_utc_naive,0,0.0,0.0,0.0,[tp 81128.88],183008053
187070592,182977963,BTCUSD,1,70.43,5,TP,2026-05-05 08:24:54,0.1,81173.01,0.0,0.0,converted_from_iso8601_offset_to_utc_naive,0,0.0,0.0,0.0,[tp 81171.56],183008078
187070743,183008197,BTCUSD,0,0.0,3,EXPERT,2026-05-05 08:25:39,0.1,81137.91,0.0,0.0,converted_from_iso8601_offset_to_utc_naive,0,0.0,0.0,0.0,OV2|f91a29|H1|B,183008197
187070749,183008203,BTCUSD,0,0.0,3,EXPERT,2026-05-05 08:25:41,0.1,81138.56,0.0,0.0,converted_from_iso8601_offset_to_utc_naive,0,0.0,0.0,0.0,OV2|4228a8|M5|B,183008203
187070769,183008197,BTCUSD,1,-2.56,4,SL,2026-05-05 08:25:49,0.1,81112.28,0.0,0.0,converted_from_iso8601_offset_to_utc_naive,0,0.0,0.0,0.0,[sl 81119.41],183008220
187070770,183008203,BTCUSD,1,-2.63,4,SL,2026-05-05 08:25:49,0.1,81112.28,0.0,0.0,converted_from_iso8601_offset_to_utc_naive,0,0.0,0.0,0.0,[sl 81120.06],183008221
187071262,183008887,BTCUSD,0,0.0,3,EXPERT,2026-05-05 08:27:00,0.1,81108.54,0.0,0.0,converted_from_iso8601_offset_to_utc_naive,0,0.0,0.0,0.0,OV2|d7aaf0|M5|B,183008887
187071276,183008901,BTCUSD,0,0.0,3,EXPERT,2026-05-05 08:27:02,0.1,81107.65,0.0,0.0,converted_from_iso8601_offset_to_utc_naive,0,0.0,0.0,0.0,OV2|f9490f|H1|B,183008901
187071499,183008887,BTCUSD,1,-2.03,4,SL,2026-05-05 08:29:00,0.1,81088.29,0.0,0.0,converted_from_iso8601_offset_to_utc_naive,0,0.0,0.0,0.0,[sl 81089.24],183009192
187071500,183008901,BTCUSD,1,-1.94,4,SL,2026-05-05 08:29:00,0.1,81088.29,0.0,0.0,converted_from_iso8601_offset_to_utc_naive,0,0.0,0.0,0.0,[sl 81089.10],183009193
187071662,183009457,BTCUSD,0,0.0,3,EXPERT,2026-05-05 08:29:38,0.1,81045.04,0.0,0.0,converted_from_iso8601_offset_to_utc_naive,0,0.0,0.0,0.0,OV2|df51ba|H1|B,183009457
187071665,183009461,BTCUSD,0,0.0,3,EXPERT,2026-05-05 08:29:41,0.1,81056.02,0.0,0.0,converted_from_iso8601_offset_to_utc_naive,0,0.0,0.0,0.0,OV2|5b1d3c|H4|B,183009461
187072210,183009461,BTCUSD,1,-1.71,4,SL,2026-05-05 08:30:32,0.1,81038.95,0.0,0.0,converted_from_iso8601_offset_to_utc_naive,0,0.0,0.0,0.0,[sl 81039.47],183009881
187072221,183009457,BTCUSD,1,-1.83,4,SL,2026-05-05 08:30:35,0.1,81026.73,0.0,0.0,converted_from_iso8601_offset_to_utc_naive,0,0.0,0.0,0.0,[sl 81028.54],183009890
187072533,183010157,AUDJPY,0,0.0,3,EXPERT,2026-05-05 08:31:53,0.1,112.328,0.0,0.0,converted_from_iso8601_offset_to_utc_naive,0,0.0,0.0,0.0,OV2|378c31|H1|S,183010157
187072543,183010165,AUDJPY,0,0.0,3,EXPERT,2026-05-05 08:31:56,0.1,112.324,0.0,0.0,converted_from_iso8601_offset_to_utc_naive,0,0.0,0.0,0.0,OV2|05961b|M15|S,183010165
187072554,183010173,BTCUSD,0,0.0,3,EXPERT,2026-05-05 08:31:58,0.1,81030.57,0.0,0.0,converted_from_iso8601_offset_to_utc_naive,0,0.0,0.0,0.0,OV2|560d6f|M5|B,183010173
187072643,183010233,BTCUSD,0,0.0,3,EXPERT,2026-05-05 08:32:00,0.1,81030.15,0.0,0.0,converted_from_iso8601_offset_to_utc_naive,0,0.0,0.0,0.0,OV2|56e276|H1|B,183010233
187072882,183010173,BTCUSD,1,-2.0,4,SL,2026-05-05 08:32:32,0.1,81010.59,0.0,0.0,converted_from_iso8601_offset_to_utc_naive,0,0.0,0.0,0.0,[sl 81014.07],183010394
187072883,183010233,BTCUSD,1,-1.96,4,SL,2026-05-05 08:32:32,0.1,81010.59,0.0,0.0,converted_from_iso8601_offset_to_utc_naive,0,0.0,0.0,0.0,[sl 81013.65],183010395
187073217,183010620,BTCUSD,0,0.0,3,EXPERT,2026-05-05 08:33:26,0.1,81056.11,0.0,0.0,converted_from_iso8601_offset_to_utc_naive,0,0.0,0.0,0.0,OV2|d82d79|M5|B,183010620
187073231,183010629,BTCUSD,0,0.0,3,EXPERT,2026-05-05 08:33:29,0.1,81055.54,0.0,0.0,converted_from_iso8601_offset_to_utc_naive,0,0.0,0.0,0.0,OV2|5b9fc2|H1|B,183010629
187075122,183000457,NZDUSD,1,-7.8,4,SL,2026-05-05 08:34:59,0.1,0.58656,0.0,0.0,converted_from_iso8601_offset_to_utc_naive,0,0.0,0.0,0.0,[sl 0.58656],183011880
187075123,183000465,NZDUSD,1,-7.8,4,SL,2026-05-05 08:34:59,0.1,0.58656,0.0,0.0,converted_from_iso8601_offset_to_utc_naive,0,0.0,0.0,0.0,[sl 0.58656],183011881
187076961,183001197,CHFJPY,1,-6.02,4,SL,2026-05-05 08:35:35,0.1,200.556,0.0,0.0,converted_from_iso8601_offset_to_utc_naive,0,0.0,0.0,0.0,[sl 200.553],183013039
187076962,183001201,CHFJPY,1,-5.89,4,SL,2026-05-05 08:35:35,0.1,200.556,0.0,0.0,converted_from_iso8601_offset_to_utc_naive,0,0.0,0.0,0.0,[sl 200.556],183013040
187078336,183014374,CHFJPY,0,0.0,3,EXPERT,2026-05-05 08:38:22,0.1,200.525,0.0,0.0,converted_from_iso8601_offset_to_utc_naive,0,0.0,0.0,0.0,OV2|6411c5|H1|S,183014374
187078341,183014394,CHFJPY,0,0.0,3,EXPERT,2026-05-05 08:38:25,0.1,200.527,0.0,0.0,converted_from_iso8601_offset_to_utc_naive,0,0.0,0.0,0.0,OV2|008cc6|M15|S,183014394
187078353,183014428,NZDUSD,0,0.0,3,EXPERT,2026-05-05 08:38:30,0.1,0.58674,0.0,0.0,converted_from_iso8601_offset_to_utc_naive,0,0.0,0.0,0.0,OV2|ff44cc|H1|S,183014428
187078362,183014446,NZDUSD,0,0.0,3,EXPERT,2026-05-05 08:38:33,0.1,0.58673,0.0,0.0,converted_from_iso8601_offset_to_utc_naive,0,0.0,0.0,0.0,OV2|27166c|M15|S,183014446
187081391,183010629,BTCUSD,1,-1.75,4,SL,2026-05-05 08:44:49,0.1,81038.07,0.0,0.0,converted_from_iso8601_offset_to_utc_naive,0,0.0,0.0,0.0,[sl 81039.04],183017521
187081395,183010620,BTCUSD,1,-2.09,4,SL,2026-05-05 08:44:52,0.1,81035.24,0.0,0.0,converted_from_iso8601_offset_to_utc_naive,0,0.0,0.0,0.0,[sl 81035.87],183017528
187081764,183017789,BTCUSD,0,0.0,3,EXPERT,2026-05-05 08:45:40,0.1,81008.66,0.0,0.0,converted_from_iso8601_offset_to_utc_naive,0,0.0,0.0,0.0,OV2|237ca1|M5|B,183017789
187081776,183017797,BTCUSD,0,0.0,3,EXPERT,2026-05-05 08:45:43,0.1,81008.77,0.0,0.0,converted_from_iso8601_offset_to_utc_naive,0,0.0,0.0,0.0,OV2|f13dc2|H1|B,183017797
187081789,183017789,BTCUSD,1,-1.9300000000000002,4,SL,2026-05-05 08:45:46,0.1,80989.38,0.0,0.0,converted_from_iso8601_offset_to_utc_naive,0,0.0,0.0,0.0,[sl 80990.16],183017805
187081790,183017797,BTCUSD,1,-2.0,4,SL,2026-05-05 08:45:47,0.1,80988.79,0.0,0.0,converted_from_iso8601_offset_to_utc_naive,0,0.0,0.0,0.0,[sl 80988.91],183017806
187082251,183018141,ETHUSD,0,0.0,3,EXPERT,2026-05-05 08:47:26,0.1,2380.216,0.0,0.0,converted_from_iso8601_offset_to_utc_naive,0,0.0,0.0,0.0,OV2|75ede5|H1|B,183018141
187082257,183018145,ETHUSD,0,0.0,3,EXPERT,2026-05-05 08:47:28,0.1,2380.108,0.0,0.0,converted_from_iso8601_offset_to_utc_naive,0,0.0,0.0,0.0,OV2|7d4301|M15|B,183018145
187082312,183018141,ETHUSD,1,-0.17,4,SL,2026-05-05 08:47:42,0.1,2378.56,0.0,0.0,converted_from_iso8601_offset_to_utc_naive,0,0.0,0.0,0.0,[sl 2378.716],183018194
187082313,183018145,ETHUSD,1,-0.15,4,SL,2026-05-05 08:47:42,0.1,2378.56,0.0,0.0,converted_from_iso8601_offset_to_utc_naive,0,0.0,0.0,0.0,[sl 2378.608],183018195
187082570,183018384,BTCUSD,0,0.0,3,EXPERT,2026-05-05 08:48:46,0.1,80956.65,0.0,0.0,converted_from_iso8601_offset_to_utc_naive,0,0.0,0.0,0.0,OV2|307cc7|H1|B,183018384
187082580,183018392,BTCUSD,0,0.0,3,EXPERT,2026-05-05 08:48:49,0.1,80957.13,0.0,0.0,converted_from_iso8601_offset_to_utc_naive,0,0.0,0.0,0.0,OV2|ad228c|H4|B,183018392
187082609,183018384,BTCUSD,1,-2.03,4,SL,2026-05-05 08:48:57,0.1,80936.4,0.0,0.0,converted_from_iso8601_offset_to_utc_naive,0,0.0,0.0,0.0,[sl 80938.15],183018415
187082610,183018392,BTCUSD,1,-2.07,4,SL,2026-05-05 08:48:57,0.1,80936.4,0.0,0.0,converted_from_iso8601_offset_to_utc_naive,0,0.0,0.0,0.0,[sl 80938.63],183018416
187082633,183018441,BTCUSD,0,0.0,3,EXPERT,2026-05-05 08:49:20,0.1,80956.2,0.0,0.0,converted_from_iso8601_offset_to_utc_naive,0,0.0,0.0,0.0,OV2|6101d0|M5|B,183018441
187082656,183018455,BTCUSD,0,0.0,3,EXPERT,2026-05-05 08:49:23,0.1,80970.13,0.0,0.0,converted_from_iso8601_offset_to_utc_naive,0,0.0,0.0,0.0,OV2|64d79f|H1|B,183018455
187082708,183018455,BTCUSD,1,-2.26,4,SL,2026-05-05 08:49:28,0.1,80947.54,0.0,0.0,converted_from_iso8601_offset_to_utc_naive,0,0.0,0.0,0.0,[sl 80950.87],183018490
187083153,183018847,BTCUSD,0,0.0,3,EXPERT,2026-05-05 08:50:55,0.1,81031.45,0.0,0.0,converted_from_iso8601_offset_to_utc_naive,0,0.0,0.0,0.0,OV2|479d28|M5|B,183018847
187083370,183018847,BTCUSD,1,-2.24,4,SL,2026-05-05 08:52:02,0.1,81009.07,0.0,0.0,converted_from_iso8601_offset_to_utc_naive,0,0.0,0.0,0.0,[sl 81014.95],183019015
187083436,183019063,BTCUSD,0,0.0,3,EXPERT,2026-05-05 08:52:24,0.1,81013.13,0.0,0.0,converted_from_iso8601_offset_to_utc_naive,0,0.0,0.0,0.0,OV2|d140eb|M5|B,183019063
187083457,183019063,BTCUSD,1,-2.02,4,SL,2026-05-05 08:52:31,0.1,80992.98,0.0,0.0,converted_from_iso8601_offset_to_utc_naive,0,0.0,0.0,0.0,[sl 80996.63],183019077
187083808,183019333,BTCUSD,0,0.0,3,EXPERT,2026-05-05 08:53:56,0.1,80995.78,0.0,0.0,converted_from_iso8601_offset_to_utc_naive,0,0.0,0.0,0.0,OV2|c26d2d|M5|B,183019333
187084740,183019333,BTCUSD,1,-2.31,4,SL,2026-05-05 08:56:19,0.1,80972.68,0.0,0.0,converted_from_iso8601_offset_to_utc_naive,0,0.0,0.0,0.0,[sl 80974.87],183020126
187084862,183020226,BTCUSD,0,0.0,3,EXPERT,2026-05-05 08:57:27,0.1,80981.5,0.0,0.0,converted_from_iso8601_offset_to_utc_naive,0,0.0,0.0,0.0,OV2|41db2b|M5|B,183020226
187084878,183020226,BTCUSD,1,-1.79,4,SL,2026-05-05 08:57:32,0.1,80963.62,0.0,0.0,converted_from_iso8601_offset_to_utc_naive,0,0.0,0.0,0.0,[sl 80965.00],183020240
187085042,183020374,BTCUSD,0,0.0,3,EXPERT,2026-05-05 08:58:50,0.1,80990.61,0.0,0.0,converted_from_iso8601_offset_to_utc_naive,0,0.0,0.0,0.0,OV2|d49250|H1|B,183020374
187085135,183020374,BTCUSD,1,-1.6600000000000001,4,SL,2026-05-05 08:59:18,0.1,80974.06,0.0,0.0,converted_from_iso8601_offset_to_utc_naive,0,0.0,0.0,0.0,[sl 80974.11],183020435
187086034,183021254,XRPUSD,0,0.0,3,EXPERT,2026-05-05 09:00:34,0.1,1.40295,0.0,0.0,converted_from_iso8601_offset_to_utc_naive,0,0.0,0.0,0.0,OV2|c39510|H1|B,183021254
187086057,183021271,XRPUSD,0,0.0,3,EXPERT,2026-05-05 09:00:37,0.1,1.40285,0.0,0.0,converted_from_iso8601_offset_to_utc_naive,0,0.0,0.0,0.0,OV2|709316|M15|B,183021271
187087053,183002006,GBPJPY,1,-5.5,4,SL,2026-05-05 09:01:31,0.1,212.68,0.0,0.0,converted_from_iso8601_offset_to_utc_naive,0,0.0,0.0,0.0,[sl 212.680],183021972
187087175,183018441,BTCUSD,1,-1.85,4,SL,2026-05-05 09:01:52,0.1,80937.69,0.0,0.0,converted_from_iso8601_offset_to_utc_naive,0,0.0,0.0,0.0,[sl 80937.70],183022082
187087911,183022521,BTCUSD,0,0.0,3,EXPERT,2026-05-05 09:02:35,0.1,80988.63,0.0,0.0,converted_from_iso8601_offset_to_utc_naive,0,0.0,0.0,0.0,OV2|1c23bb|M5|B,183022521
187088015,183022521,BTCUSD,1,-2.07,4,SL,2026-05-05 09:02:55,0.1,80967.94,0.0,0.0,converted_from_iso8601_offset_to_utc_naive,0,0.0,0.0,0.0,[sl 80972.13],183022604
187088200,183022739,BTCUSD,0,0.0,3,EXPERT,2026-05-05 09:04:08,0.1,80967.25,0.0,0.0,converted_from_iso8601_offset_to_utc_naive,0,0.0,0.0,0.0,OV2|51e628|M5|B,183022739
187088209,183022739,BTCUSD,1,-2.18,4,SL,2026-05-05 09:04:17,0.1,80945.47,0.0,0.0,converted_from_iso8601_offset_to_utc_naive,0,0.0,0.0,0.0,[sl 80948.75],183022748
187089199,183001988,GBPJPY,1,-5.63,4,SL,2026-05-05 09:05:40,0.1,212.683,0.0,0.0,converted_from_iso8601_offset_to_utc_naive,0,0.0,0.0,0.0,[sl 212.683],183023460
187089924,183023986,ETHUSD,0,0.0,3,EXPERT,2026-05-05 09:07:37,0.1,2378.317,0.0,0.0,converted_from_iso8601_offset_to_utc_naive,0,0.0,0.0,0.0,OV2|7bdb02|H1|B,183023986
187089953,183023986,ETHUSD,1,-0.16,4,SL,2026-05-05 09:07:46,0.1,2376.744,0.0,0.0,converted_from_iso8601_offset_to_utc_naive,0,0.0,0.0,0.0,[sl 2376.817],183024007
187090359,183014446,NZDUSD,1,-7.8,4,SL,2026-05-05 09:08:37,0.1,0.58751,0.0,0.0,converted_from_iso8601_offset_to_utc_naive,0,0.0,0.0,0.0,[sl 0.58751],183024266
187090405,183014428,NZDUSD,1,-7.8,4,SL,2026-05-05 09:08:55,0.1,0.58752,0.0,0.0,converted_from_iso8601_offset_to_utc_naive,0,0.0,0.0,0.0,[sl 0.58752],183024297
187090471,183024345,BTCUSD,0,0.0,3,EXPERT,2026-05-05 09:09:19,0.1,80940.16,0.0,0.0,converted_from_iso8601_offset_to_utc_naive,0,0.0,0.0,0.0,OV2|f04adb|M5|B,183024345
187090493,183010157,AUDJPY,1,-5.24,4,SL,2026-05-05 09:09:23,0.1,112.41,0.0,0.0,converted_from_iso8601_offset_to_utc_naive,0,0.0,0.0,0.0,[sl 112.410],183024360
187090494,183010165,AUDJPY,1,-5.5,4,SL,2026-05-05 09:09:23,0.1,112.41,0.0,0.0,converted_from_iso8601_offset_to_utc_naive,0,0.0,0.0,0.0,[sl 112.409],183024361
187090559,183024345,BTCUSD,1,-1.6800000000000002,4,SL,2026-05-05 09:09:51,0.1,80923.33,0.0,0.0,converted_from_iso8601_offset_to_utc_naive,0,0.0,0.0,0.0,[sl 80923.66],183024405
187090899,183024646,NZDUSD,0,0.0,3,EXPERT,2026-05-05 09:11:41,0.1,0.58737,0.0,0.0,converted_from_iso8601_offset_to_utc_naive,0,0.0,0.0,0.0,OV2|d9d6a4|H1|B,183024646
187090961,183024695,BTCUSD,0,0.0,3,EXPERT,2026-05-05 09:12:20,0.1,80913.2,0.0,0.0,converted_from_iso8601_offset_to_utc_naive,0,0.0,0.0,0.0,OV2|7ce47d|M5|B,183024695
187090998,183024695,BTCUSD,1,-1.72,4,SL,2026-05-05 09:12:30,0.1,80895.97,0.0,0.0,converted_from_iso8601_offset_to_utc_naive,0,0.0,0.0,0.0,[sl 80896.65],183024717
187091222,183024888,AUDJPY,0,0.0,3,EXPERT,2026-05-05 09:13:42,0.1,112.376,0.0,0.0,converted_from_iso8601_offset_to_utc_naive,0,0.0,0.0,0.0,OV2|27c395|H1|S,183024888
187091334,183024961,BTCUSD,0,0.0,3,EXPERT,2026-05-05 09:14:01,0.1,80923.82,0.0,0.0,converted_from_iso8601_offset_to_utc_naive,0,0.0,0.0,0.0,OV2|5b3bbb|M5|B,183024961
187091511,183014374,CHFJPY,1,-5.5,4,SL,2026-05-05 09:14:58,0.1,200.611,0.0,0.0,converted_from_iso8601_offset_to_utc_naive,0,0.0,0.0,0.0,[sl 200.611],183025095
187091558,183014394,CHFJPY,1,-5.5,4,SL,2026-05-05 09:15:03,0.1,200.613,0.0,0.0,converted_from_iso8601_offset_to_utc_naive,0,0.0,0.0,0.0,[sl 200.613],183025151
187091762,183024961,BTCUSD,1,-1.6800000000000002,4,SL,2026-05-05 09:16:24,0.1,80907.05,0.0,0.0,converted_from_iso8601_offset_to_utc_naive,0,0.0,0.0,0.0,[sl 80907.32],183025303
187091841,183025361,CHFJPY,0,0.0,3,EXPERT,2026-05-05 09:16:49,0.1,200.587,0.0,0.0,converted_from_iso8601_offset_to_utc_naive,0,0.0,0.0,0.0,OV2|6e152c|H1|B,183025361
187091964,183025450,BTCUSD,0,0.0,3,EXPERT,2026-05-05 09:17:16,0.1,80903.63,0.0,0.0,converted_from_iso8601_offset_to_utc_naive,0,0.0,0.0,0.0,OV2|741082|M5|B,183025450
187091994,183025450,BTCUSD,1,-1.95,4,SL,2026-05-05 09:17:32,0.1,80884.1,0.0,0.0,converted_from_iso8601_offset_to_utc_naive,0,0.0,0.0,0.0,[sl 80887.13],183025477
187092329,183025704,BTCUSD,0,0.0,3,EXPERT,2026-05-05 09:17:56,0.1,80899.13,0.0,0.0,converted_from_iso8601_offset_to_utc_naive,0,0.0,0.0,0.0,OV2|b74c43|H1|B,183025704
187093186,183025704,BTCUSD,1,-1.72,4,SL,2026-05-05 09:19:20,0.1,80881.95,0.0,0.0,converted_from_iso8601_offset_to_utc_naive,0,0.0,0.0,0.0,[sl 80882.63],183026283
187094156,183026930,GBPJPY,0,0.0,3,EXPERT,2026-05-05 09:21:33,0.1,212.68,0.0,0.0,converted_from_iso8601_offset_to_utc_naive,0,0.0,0.0,0.0,OV2|f7746c|H1|B,183026930
187094296,183027021,BTCUSD,0,0.0,3,EXPERT,2026-05-05 09:21:42,0.1,80864.13,0.0,0.0,converted_from_iso8601_offset_to_utc_naive,0,0.0,0.0,0.0,OV2|068ba1|H1|B,183027021
187094509,183027021,BTCUSD,1,-2.05,4,SL,2026-05-05 09:22:01,0.1,80843.66,0.0,0.0,converted_from_iso8601_offset_to_utc_naive,0,0.0,0.0,0.0,[sl 80847.63],183027172
187095158,183027648,BTCUSD,0,0.0,3,EXPERT,2026-05-05 09:23:27,0.1,80851.28,0.0,0.0,converted_from_iso8601_offset_to_utc_naive,0,0.0,0.0,0.0,OV2|6fe40c|M5|B,183027648
187095213,183027648,BTCUSD,1,-1.6800000000000002,4,SL,2026-05-05 09:23:59,0.1,80834.48,0.0,0.0,converted_from_iso8601_offset_to_utc_naive,0,0.0,0.0,0.0,[sl 80834.78],183027708
187095391,183026930,GBPJPY,1,-5.5,4,SL,2026-05-05 09:24:26,0.1,212.594,0.0,0.0,converted_from_iso8601_offset_to_utc_naive,0,0.0,0.0,0.0,[sl 212.594],183027873
187095483,182945063,UKOIL+,1,-6.0,4,SL,2026-05-05 09:24:27,0.1,111.71,0.0,0.0,converted_from_iso8601_offset_to_utc_naive,0,0.0,0.0,0.0,[sl 111.71],183027910
187095486,182945083,UKOIL+,1,-6.2,4,SL,2026-05-05 09:24:27,0.1,111.75,0.0,0.0,converted_from_iso8601_offset_to_utc_naive,0,0.0,0.0,0.0,[sl 111.73],183027911
187095652,183024646,NZDUSD,1,-7.7,4,SL,2026-05-05 09:24:32,0.1,0.5866,0.0,0.0,converted_from_iso8601_offset_to_utc_naive,0,0.0,0.0,0.0,[sl 0.58661],183028015
187095973,183025361,CHFJPY,1,-6.02,4,SL,2026-05-05 09:24:43,0.1,200.493,0.0,0.0,converted_from_iso8601_offset_to_utc_naive,0,0.0,0.0,0.0,[sl 200.495],183028237
187096638,183028710,BTCUSD,0,0.0,3,EXPERT,2026-05-05 09:26:43,0.1,80831.33,0.0,0.0,converted_from_iso8601_offset_to_utc_naive,0,0.0,0.0,0.0,OV2|bbab45|M5|B,183028710
187096669,183028734,CHFJPY,0,0.0,3,EXPERT,2026-05-05 09:26:53,0.1,200.547,0.0,0.0,converted_from_iso8601_offset_to_utc_naive,0,0.0,0.0,0.0,OV2|492b66|H1|B,183028734
187096675,183028710,BTCUSD,1,-1.8399999999999999,4,SL,2026-05-05 09:26:56,0.1,80812.92,0.0,0.0,converted_from_iso8601_offset_to_utc_naive,0,0.0,0.0,0.0,[sl 80814.83],183028740
187096945,183028903,UKOIL+,0,0.0,3,EXPERT,2026-05-05 09:27:39,0.1,111.61,0.0,0.0,converted_from_iso8601_offset_to_utc_naive,0,0.0,0.0,0.0,OV2|a3a0a1|H1|B,183028903
187097135,183029049,BTCUSD,0,0.0,3,EXPERT,2026-05-05 09:28:14,0.1,80826.02,0.0,0.0,converted_from_iso8601_offset_to_utc_naive,0,0.0,0.0,0.0,OV2|2731c1|M5|B,183029049
187097164,183029049,BTCUSD,1,-1.92,4,SL,2026-05-05 09:28:19,0.1,80806.8,0.0,0.0,converted_from_iso8601_offset_to_utc_naive,0,0.0,0.0,0.0,[sl 80807.52],183029071
187097340,183029227,BTCUSD,0,0.0,3,EXPERT,2026-05-05 09:29:54,0.1,80820.89,0.0,0.0,converted_from_iso8601_offset_to_utc_naive,0,0.0,0.0,0.0,OV2|3bbb4d|M5|B,183029227
187097375,183029227,BTCUSD,1,-1.95,4,SL,2026-05-05 09:30:00,0.1,80801.44,0.0,0.0,converted_from_iso8601_offset_to_utc_naive,0,0.0,0.0,0.0,[sl 80804.39],183029291
187098791,183030341,NZDUSD,0,0.0,3,EXPERT,2026-05-05 09:32:08,0.1,0.58724,0.0,0.0,converted_from_iso8601_offset_to_utc_naive,0,0.0,0.0,0.0,OV2|5a628a|H1|B,183030341
187098910,183030415,GER40,0,0.0,3,EXPERT,2026-05-05 09:32:35,0.09,23936.6,0.0,0.0,converted_from_iso8601_offset_to_utc_naive,0,0.0,0.0,0.0,OV2|6c3b4a|H1|B,183030415
187101951,183032669,GBPJPY,0,0.0,3,EXPERT,2026-05-05 09:38:03,0.1,212.756,0.0,0.0,converted_from_iso8601_offset_to_utc_naive,0,0.0,0.0,0.0,OV2|01c7ce|H1|B,183032669
187102000,183028734,CHFJPY,1,-5.89,4,SL,2026-05-05 09:38:13,0.1,200.455,0.0,0.0,converted_from_iso8601_offset_to_utc_naive,0,0.0,0.0,0.0,[sl 200.455],183032704
187103483,183033781,CHFJPY,0,0.0,3,EXPERT,2026-05-05 09:41:25,0.1,200.531,0.0,0.0,converted_from_iso8601_offset_to_utc_naive,0,0.0,0.0,0.0,OV2|87da8a|M15|B,183033781
187103770,183028903,UKOIL+,1,-6.0,4,SL,2026-05-05 09:43:17,0.1,111.01,0.0,0.0,converted_from_iso8601_offset_to_utc_naive,0,0.0,0.0,0.0,[sl 111.02],183034012
187104945,183034905,UKOIL+,0,0.0,3,EXPERT,2026-05-05 09:49:08,0.1,111.27,0.0,0.0,converted_from_iso8601_offset_to_utc_naive,0,0.0,0.0,0.0,OV2|7d4faa|H1|B,183034905
187107813,183030415,GER40,1,8.84,5,TP,2026-05-05 10:00:00,0.09,24021.2,0.0,0.0,converted_from_iso8601_offset_to_utc_naive,0,0.0,0.0,0.0,[tp 24017.49],183037177
187109264,183038418,USDCAD,0,0.0,3,EXPERT,2026-05-05 10:01:28,0.1,1.36203,0.0,0.0,converted_from_iso8601_offset_to_utc_naive,0,0.0,0.0,0.0,OV2|023f98|H1|S,183038418
187109385,183038516,GBPUSD,0,0.0,3,EXPERT,2026-05-05 10:01:42,0.1,1.3538000000000001,0.0,0.0,converted_from_iso8601_offset_to_utc_naive,0,0.0,0.0,0.0,OV2|e82014|M5|B,183038516
187110610,183039419,GER40,0,0.0,3,EXPERT,2026-05-05 10:03:10,0.1,24006.5,0.0,0.0,converted_from_iso8601_offset_to_utc_naive,0,0.0,0.0,0.0,OV2|e34c6e|H1|B,183039419
187110643,183039419,GER40,1,-0.71,4,SL,2026-05-05 10:03:16,0.1,24000.4,0.0,0.0,converted_from_iso8601_offset_to_utc_naive,0,0.0,0.0,0.0,[sl 24000.50],183039447
187112154,182881823,USDJPY,1,-4.61,4,SL,2026-05-05 10:07:14,0.1,157.15,0.0,0.0,converted_from_iso8601_offset_to_utc_naive,0,0.0,0.0,0.0,[sl 157.154],183040609
187112545,182889361,USDJPY,1,-4.36,4,SL,2026-05-05 10:07:45,0.1,157.139,0.0,0.0,converted_from_iso8601_offset_to_utc_naive,0,0.0,0.0,0.0,[sl 157.139],183040902
187112546,182923579,EURUSD,1,-6.8,4,SL,2026-05-05 10:07:45,0.1,1.16926,0.0,0.0,converted_from_iso8601_offset_to_utc_naive,0,0.0,0.0,0.0,[sl 1.16926],183040903
187112880,183041159,USDJPY,0,0.0,3,EXPERT,2026-05-05 10:08:06,0.1,157.144,0.0,0.0,converted_from_iso8601_offset_to_utc_naive,0,0.0,0.0,0.0,OV2|c18f15|M5|S,183041159
187113246,183041459,GER40,0,0.0,3,EXPERT,2026-05-05 10:09:17,0.1,24043.5,0.0,0.0,converted_from_iso8601_offset_to_utc_naive,0,0.0,0.0,0.0,OV2|46522b|H1|B,183041459
187113252,183041459,GER40,1,-0.83,4,SL,2026-05-05 10:09:21,0.1,24036.4,0.0,0.0,converted_from_iso8601_offset_to_utc_naive,0,0.0,0.0,0.0,[sl 24038.00],183041468
187114674,183042568,GER40,0,0.0,3,EXPERT,2026-05-05 10:13:49,0.1,24060.5,0.0,0.0,converted_from_iso8601_offset_to_utc_naive,0,0.0,0.0,0.0,OV2|aee317|H1|B,183042568
187114873,183042568,GER40,1,-0.71,4,SL,2026-05-05 10:14:12,0.1,24054.4,0.0,0.0,converted_from_iso8601_offset_to_utc_naive,0,0.0,0.0,0.0,[sl 24054.50],183042697
187115288,183043040,GER40,0,0.0,3,EXPERT,2026-05-05 10:15:54,0.1,24061.0,0.0,0.0,converted_from_iso8601_offset_to_utc_naive,0,0.0,0.0,0.0,OV2|b42133|H1|B,183043040
187115776,183043040,GER40,1,-0.71,4,SL,2026-05-05 10:16:36,0.1,24054.9,0.0,0.0,converted_from_iso8601_offset_to_utc_naive,0,0.0,0.0,0.0,[sl 24055.00],183043377
187116076,183043598,BTCUSD,0,0.0,3,EXPERT,2026-05-05 10:17:33,0.1,81000.22,0.0,0.0,converted_from_iso8601_offset_to_utc_naive,0,0.0,0.0,0.0,OV2|243b9c|M5|B,183043598
187116122,183043598,BTCUSD,1,-1.8399999999999999,4,SL,2026-05-05 10:17:47,0.1,80981.85,0.0,0.0,converted_from_iso8601_offset_to_utc_naive,0,0.0,0.0,0.0,[sl 80983.72],183043634
187116235,183043711,ETHUSD,0,0.0,3,EXPERT,2026-05-05 10:18:02,0.1,2381.088,0.0,0.0,converted_from_iso8601_offset_to_utc_naive,0,0.0,0.0,0.0,OV2|edf92f|H1|B,183043711
187116298,183043711,ETHUSD,1,-0.16,4,SL,2026-05-05 10:18:35,0.1,2379.464,0.0,0.0,converted_from_iso8601_offset_to_utc_naive,0,0.0,0.0,0.0,[sl 2379.598],183043759
187116384,182956102,USDCHF,1,-8.73,4,SL,2026-05-05 10:19:04,0.1,0.78359,0.0,0.0,converted_from_iso8601_offset_to_utc_naive,0,0.0,0.0,0.0,[sl 0.78359],183043820
187116385,182956105,USDCHF,1,-8.73,4,SL,2026-05-05 10:19:04,0.1,0.78359,0.0,0.0,converted_from_iso8601_offset_to_utc_naive,0,0.0,0.0,0.0,[sl 0.78359],183043821
187116390,183043824,BTCUSD,0,0.0,3,EXPERT,2026-05-05 10:19:05,0.1,80974.19,0.0,0.0,converted_from_iso8601_offset_to_utc_naive,0,0.0,0.0,0.0,OV2|fbfdd1|M5|B,183043824
187117363,183044563,GER40,0,0.0,3,EXPERT,2026-05-05 10:22:12,0.1,24079.5,0.0,0.0,converted_from_iso8601_offset_to_utc_naive,0,0.0,0.0,0.0,OV2|ca7763|H1|B,183044563
187117503,183044563,GER40,1,-0.71,4,SL,2026-05-05 10:22:48,0.1,24073.4,0.0,0.0,converted_from_iso8601_offset_to_utc_naive,0,0.0,0.0,0.0,[sl 24073.50],183044659
187117625,183044752,USDCHF,0,0.0,3,EXPERT,2026-05-05 10:23:35,0.1,0.78354,0.0,0.0,converted_from_iso8601_offset_to_utc_naive,0,0.0,0.0,0.0,OV2|992d4f|H1|S,183044752
187118253,183041159,USDJPY,1,-4.8,4,SL,2026-05-05 10:26:07,0.1,157.219,0.0,0.0,converted_from_iso8601_offset_to_utc_naive,0,0.0,0.0,0.0,[sl 157.218],183045222
187118534,183045417,USDJPY,0,0.0,3,EXPERT,2026-05-05 10:27:01,0.1,157.206,0.0,0.0,converted_from_iso8601_offset_to_utc_naive,0,0.0,0.0,0.0,OV2|57b448|M5|S,183045417
187119170,183045868,GER40,0,0.0,3,EXPERT,2026-05-05 10:28:58,0.1,24081.5,0.0,0.0,converted_from_iso8601_offset_to_utc_naive,0,0.0,0.0,0.0,OV2|2e188b|H1|B,183045868
187119782,183024888,AUDJPY,1,-5.05,4,SL,2026-05-05 10:31:12,0.1,112.455,0.0,0.0,converted_from_iso8601_offset_to_utc_naive,0,0.0,0.0,0.0,[sl 112.455],183046356
187120462,183046849,UK100,0,0.0,3,EXPERT,2026-05-05 10:33:35,0.04,10262.9,0.0,0.0,converted_from_iso8601_offset_to_utc_naive,0,0.0,0.0,0.0,OV2|4fe9f8|H1|S,183046849
187121086,183034905,UKOIL+,1,-6.0,4,SL,2026-05-05 10:35:52,0.1,110.67,0.0,0.0,converted_from_iso8601_offset_to_utc_naive,0,0.0,0.0,0.0,[sl 110.67],183047320
187121858,183046849,UK100,1,-0.33,4,SL,2026-05-05 10:36:38,0.04,10269.0,0.0,0.0,converted_from_iso8601_offset_to_utc_naive,0,0.0,0.0,0.0,[sl 10268.90],183047825
187122764,182870838,EURUSD,1,-6.8,4,SL,2026-05-05 10:36:49,0.1,1.16951,0.0,0.0,converted_from_iso8601_offset_to_utc_naive,0,0.0,0.35,0.0,[sl 1.16951],183048429
187125195,183045868,GER40,1,13.88,5,TP,2026-05-05 10:39:22,0.1,24200.9,0.0,0.0,converted_from_iso8601_offset_to_utc_naive,0,0.0,0.0,0.0,[tp 24199.82],183050135
187127828,183043824,BTCUSD,1,-2.63,4,SL,2026-05-05 10:46:25,0.1,80947.87,0.0,0.0,converted_from_iso8601_offset_to_utc_naive,0,0.0,0.0,0.0,[sl 80957.69],183052111
187129114,183052959,BTCUSD,0,0.0,3,EXPERT,2026-05-05 10:47:39,0.1,80912.37,0.0,0.0,converted_from_iso8601_offset_to_utc_naive,0,0.0,0.0,0.0,OV2|93166d|H1|B,183052959
187130917,183054391,GER40,0,0.0,3,EXPERT,2026-05-05 10:51:39,0.1,24143.5,0.0,0.0,converted_from_iso8601_offset_to_utc_naive,0,0.0,0.0,0.0,OV2|36e3b5|H1|B,183054391
187131470,183052959,BTCUSD,1,-1.6800000000000002,4,SL,2026-05-05 10:53:38,0.1,80895.62,0.0,0.0,converted_from_iso8601_offset_to_utc_naive,0,0.0,0.0,0.0,[sl 80895.87],183054789
187131574,183054865,BTCUSD,0,0.0,3,EXPERT,2026-05-05 10:54:23,0.1,80902.02,0.0,0.0,converted_from_iso8601_offset_to_utc_naive,0,0.0,0.0,0.0,OV2|4b806d|M5|B,183054865
187131659,183054865,BTCUSD,1,-1.8,4,SL,2026-05-05 10:54:48,0.1,80884.02,0.0,0.0,converted_from_iso8601_offset_to_utc_naive,0,0.0,0.0,0.0,[sl 80885.52],183054933
187131716,183054391,GER40,1,-0.83,4,SL,2026-05-05 10:55:02,0.1,24136.4,0.0,0.0,converted_from_iso8601_offset_to_utc_naive,0,0.0,0.0,0.0,[sl 24137.00],183054991
187132040,183055228,BTCUSD,0,0.0,3,EXPERT,2026-05-05 10:55:54,0.1,80862.3,0.0,0.0,converted_from_iso8601_offset_to_utc_naive,0,0.0,0.0,0.0,OV2|99e887|M5|B,183055228
187132452,183055228,BTCUSD,1,-1.69,4,SL,2026-05-05 10:56:48,0.1,80845.4,0.0,0.0,converted_from_iso8601_offset_to_utc_naive,0,0.0,0.0,0.0,[sl 80845.80],183055568
187132710,183055809,BTCUSD,0,0.0,3,EXPERT,2026-05-05 10:57:07,0.1,80837.93,0.0,0.0,converted_from_iso8601_offset_to_utc_naive,0,0.0,0.0,0.0,OV2|259058|H1|B,183055809
187133085,183056041,UK100,0,0.0,3,EXPERT,2026-05-05 10:57:37,0.04,10257.7,0.0,0.0,converted_from_iso8601_offset_to_utc_naive,0,0.0,0.0,0.0,OV2|5a26b4|H1|S,183056041
187133097,183055809,BTCUSD,1,-1.6800000000000002,4,SL,2026-05-05 10:57:45,0.1,80821.11,0.0,0.0,converted_from_iso8601_offset_to_utc_naive,0,0.0,0.0,0.0,[sl 80821.43],183056050
187133253,183056209,ETHUSD,0,0.0,3,EXPERT,2026-05-05 10:58:46,0.1,2380.443,0.0,0.0,converted_from_iso8601_offset_to_utc_naive,0,0.0,0.0,0.0,OV2|7fe943|H1|B,183056209
187133812,183056041,UK100,1,-0.34,4,SL,2026-05-05 11:00:41,0.04,10264.0,0.0,0.0,converted_from_iso8601_offset_to_utc_naive,0,0.0,0.0,0.0,[sl 10263.70],183056813
187134115,183057057,UK100,0,0.0,3,EXPERT,2026-05-05 11:01:52,0.04,10264.4,0.0,0.0,converted_from_iso8601_offset_to_utc_naive,0,0.0,0.0,0.0,OV2|a54842|H1|S,183057057
187134252,183057057,UK100,1,-0.35,4,SL,2026-05-05 11:02:51,0.04,10270.8,0.0,0.0,converted_from_iso8601_offset_to_utc_naive,0,0.0,0.0,0.0,[sl 10270.40],183057163
187134845,182952621,EURJPY,1,-5.37,4,SL,2026-05-05 11:04:31,0.1,183.838,0.0,0.0,converted_from_iso8601_offset_to_utc_naive,0,0.0,0.0,0.0,[sl 183.838],183057625
187134846,182952633,EURJPY,1,-5.37,4,SL,2026-05-05 11:04:31,0.1,183.838,0.0,0.0,converted_from_iso8601_offset_to_utc_naive,0,0.0,0.0,0.0,[sl 183.838],183057626
187136502,183033781,CHFJPY,1,17.57,5,TP,2026-05-05 11:06:40,0.1,200.809,0.0,0.0,converted_from_iso8601_offset_to_utc_naive,0,0.0,0.0,0.0,[tp 200.807],183058755
187136920,183059059,GER40,0,0.0,3,EXPERT,2026-05-05 11:08:36,0.1,24156.0,0.0,0.0,converted_from_iso8601_offset_to_utc_naive,0,0.0,0.0,0.0,OV2|1d465b|H1|B,183059059
187137831,183059803,EURJPY,0,0.0,3,EXPERT,2026-05-05 11:12:24,0.1,183.883,0.0,0.0,converted_from_iso8601_offset_to_utc_naive,0,0.0,0.0,0.0,OV2|073e75|H1|B,183059803
187138908,183045417,USDJPY,1,-4.67,4,SL,2026-05-05 11:14:10,0.1,157.279,0.0,0.0,converted_from_iso8601_offset_to_utc_naive,0,0.0,0.0,0.0,[sl 157.278],183060632
187139993,183056209,ETHUSD,1,-0.16,4,SL,2026-05-05 11:18:07,0.1,2378.835,0.0,0.0,converted_from_iso8601_offset_to_utc_naive,0,0.0,0.0,0.0,[sl 2378.943],183061502
187140014,183061515,CHFJPY,0,0.0,3,EXPERT,2026-05-05 11:18:14,0.1,200.872,0.0,0.0,converted_from_iso8601_offset_to_utc_naive,0,0.0,0.0,0.0,OV2|dcb118|H1|B,183061515
187140026,183061528,USDJPY,0,0.0,3,EXPERT,2026-05-05 11:18:16,0.1,157.279,0.0,0.0,converted_from_iso8601_offset_to_utc_naive,0,0.0,0.0,0.0,OV2|cec00f|M5|B,183061528
187140051,183061544,ETHUSD,0,0.0,3,EXPERT,2026-05-05 11:18:22,0.1,2379.581,0.0,0.0,converted_from_iso8601_offset_to_utc_naive,0,0.0,0.0,0.0,OV2|883acf|H1|B,183061544
187140087,183061544,ETHUSD,1,-0.17,4,SL,2026-05-05 11:18:37,0.1,2377.921,0.0,0.0,converted_from_iso8601_offset_to_utc_naive,0,0.0,0.0,0.0,[sl 2378.081],183061570
187140401,183061790,AUDJPY,0,0.0,3,EXPERT,2026-05-05 11:19:15,0.1,112.621,0.0,0.0,converted_from_iso8601_offset_to_utc_naive,0,0.0,0.0,0.0,OV2|e8b62a|H1|B,183061790
187140742,183062026,ETHUSD,0,0.0,3,EXPERT,2026-05-05 11:21:59,0.1,2379.837,0.0,0.0,converted_from_iso8601_offset_to_utc_naive,0,0.0,0.0,0.0,OV2|c52bf9|H1|B,183062026
187143092,183032669,GBPJPY,1,20.98,5,TP,2026-05-05 11:28:15,0.1,213.088,0.0,0.0,converted_from_iso8601_offset_to_utc_naive,0,0.0,0.0,0.0,[tp 213.087],183063817
187143202,183062026,ETHUSD,1,-0.18,4,SL,2026-05-05 11:29:01,0.1,2378.06,0.0,0.0,converted_from_iso8601_offset_to_utc_naive,0,0.0,0.0,0.0,[sl 2378.337],183063891
187145825,183059803,EURJPY,1,-4.74,4,SL,2026-05-05 11:36:54,0.1,183.809,0.0,0.0,converted_from_iso8601_offset_to_utc_naive,0,0.0,0.0,0.0,[sl 183.809],183065950
187146030,183061790,AUDJPY,1,-5.12,4,SL,2026-05-05 11:38:17,0.1,112.541,0.0,0.0,converted_from_iso8601_offset_to_utc_naive,0,0.0,0.0,0.0,[sl 112.541],183066107
187146826,183061515,CHFJPY,1,-5.95,4,SL,2026-05-05 11:39:56,0.1,200.779,0.0,0.0,converted_from_iso8601_offset_to_utc_naive,0,0.0,0.0,0.0,[sl 200.780],183066659
187147189,183066921,GBPJPY,0,0.0,3,EXPERT,2026-05-05 11:41:47,0.1,212.917,0.0,0.0,converted_from_iso8601_offset_to_utc_naive,0,0.0,0.0,0.0,OV2|64877e|H1|B,183066921
187147292,183066991,AUDJPY,0,0.0,3,EXPERT,2026-05-05 11:42:19,0.1,112.579,0.0,0.0,converted_from_iso8601_offset_to_utc_naive,0,0.0,0.0,0.0,OV2|417ed6|H1|B,183066991
187147394,183067069,CHFJPY,0,0.0,3,EXPERT,2026-05-05 11:43:11,0.1,200.782,0.0,0.0,converted_from_iso8601_offset_to_utc_naive,0,0.0,0.0,0.0,OV2|db1098|H1|B,183067069
187147529,183067167,EURJPY,0,0.0,3,EXPERT,2026-05-05 11:43:50,0.1,183.803,0.0,0.0,converted_from_iso8601_offset_to_utc_naive,0,0.0,0.0,0.0,OV2|1b629c|H1|B,183067167
187153640,183066921,GBPJPY,1,18.12,5,TP,2026-05-05 12:00:11,0.1,213.204,0.0,0.0,converted_from_iso8601_offset_to_utc_naive,0,0.0,0.0,0.0,[tp 213.175],183071884
187153641,183067167,EURJPY,1,14.14,5,TP,2026-05-05 12:00:11,0.1,184.027,0.0,0.0,converted_from_iso8601_offset_to_utc_naive,0,0.0,0.0,0.0,[tp 184.013],183071889
187153654,183061528,USDJPY,1,13.57,5,TP,2026-05-05 12:00:11,0.1,157.494,0.0,0.0,converted_from_iso8601_offset_to_utc_naive,0,0.0,0.0,0.0,[tp 157.483],183071899
187153725,182959708,CADJPY,1,22.2,5,TP,2026-05-05 12:00:12,0.1,115.792,0.0,0.0,converted_from_iso8601_offset_to_utc_naive,0,0.0,0.0,0.0,[tp 115.698],183071994
187153764,183066991,AUDJPY,1,15.39,5,TP,2026-05-05 12:00:12,0.1,112.823,0.0,0.0,converted_from_iso8601_offset_to_utc_naive,0,0.0,0.0,0.0,[tp 112.819],183072012
187153884,183067069,CHFJPY,1,20.48,5,TP,2026-05-05 12:00:12,0.1,201.107,0.0,0.0,converted_from_iso8601_offset_to_utc_naive,0,0.0,0.0,0.0,[tp 201.058],183072107
187155292,183072993,USDJPY,0,0.0,3,EXPERT,2026-05-05 12:01:00,0.1,157.505,0.0,0.0,converted_from_iso8601_offset_to_utc_naive,0,0.0,0.0,0.0,OV2|fe95ad|H1|B,183072993
187155401,183072993,USDJPY,1,-5.05,4,SL,2026-05-05 12:01:12,0.1,157.426,0.0,0.0,converted_from_iso8601_offset_to_utc_naive,0,0.0,0.0,0.0,[sl 157.431],183073093
187155747,183073330,CADJPY,0,0.0,3,EXPERT,2026-05-05 12:01:59,0.1,115.638,0.0,0.0,converted_from_iso8601_offset_to_utc_naive,0,0.0,0.0,0.0,OV2|c5ba62|H1|B,183073330
187155881,183073433,CHFJPY,0,0.0,3,EXPERT,2026-05-05 12:02:39,0.1,200.931,0.0,0.0,converted_from_iso8601_offset_to_utc_naive,0,0.0,0.0,0.0,OV2|1b451d|H1|B,183073433
187155978,183073514,USDJPY,0,0.0,3,EXPERT,2026-05-05 12:03:05,0.1,157.399,0.0,0.0,converted_from_iso8601_offset_to_utc_naive,0,0.0,0.0,0.0,OV2|7ef9ce|M5|B,183073514
187156169,183073647,EURJPY,0,0.0,3,EXPERT,2026-05-05 12:04:03,0.1,184.003,0.0,0.0,converted_from_iso8601_offset_to_utc_naive,0,0.0,0.0,0.0,OV2|3171e9|H1|B,183073647
187157786,183074803,GBPJPY,0,0.0,3,EXPERT,2026-05-05 12:08:32,0.09,213.211,0.0,0.0,converted_from_iso8601_offset_to_utc_naive,0,0.0,0.0,0.0,OV2|8372d2|H1|B,183074803
187159109,183075944,AUDJPY,0,0.0,3,EXPERT,2026-05-05 12:12:34,0.1,112.727,0.0,0.0,converted_from_iso8601_offset_to_utc_naive,0,0.0,0.0,0.0,OV2|9423de|H1|B,183075944
187160349,183076893,UK100,0,0.0,3,EXPERT,2026-05-05 12:17:31,0.04,10262.4,0.0,0.0,converted_from_iso8601_offset_to_utc_naive,0,0.0,0.0,0.0,OV2|d7612a|H1|S,183076893
187162335,183073514,USDJPY,1,16.45,5,TP,2026-05-05 12:22:26,0.1,157.66,0.0,0.0,converted_from_iso8601_offset_to_utc_naive,0,0.0,0.0,0.0,[tp 157.657],183078295
187162693,183078572,USDJPY,0,0.0,3,EXPERT,2026-05-05 12:23:39,0.1,157.598,0.0,0.0,converted_from_iso8601_offset_to_utc_naive,0,0.0,0.0,0.0,OV2|044b2f|H1|B,183078572
187163316,183076893,UK100,1,-0.32,4,SL,2026-05-05 12:27:52,0.04,10268.5,0.0,0.0,converted_from_iso8601_offset_to_utc_naive,0,0.0,0.0,0.0,[sl 10268.40],183078989
187163443,183079082,UK100,0,0.0,3,EXPERT,2026-05-05 12:29:03,0.04,10269.4,0.0,0.0,converted_from_iso8601_offset_to_utc_naive,0,0.0,0.0,0.0,OV2|56131e|H1|S,183079082
187164963,183078572,USDJPY,1,-7.73,4,SL,2026-05-05 12:30:44,0.1,157.477,0.0,0.0,converted_from_iso8601_offset_to_utc_naive,0,0.0,0.0,0.0,[sl 157.482],183080094
187165054,183075944,AUDJPY,1,-5.11,4,SL,2026-05-05 12:30:46,0.1,112.647,0.0,0.0,converted_from_iso8601_offset_to_utc_naive,0,0.0,0.0,0.0,[sl 112.648],183080145
187165210,183073330,CADJPY,1,-5.37,4,SL,2026-05-05 12:30:52,0.1,115.554,0.0,0.0,converted_from_iso8601_offset_to_utc_naive,0,0.0,0.0,0.0,[sl 115.556],183080274
187165228,183073433,CHFJPY,1,-7.22,4,SL,2026-05-05 12:30:52,0.1,200.818,0.0,0.0,converted_from_iso8601_offset_to_utc_naive,0,0.0,0.0,0.0,[sl 200.820],183080284
187165229,183074803,GBPJPY,1,-9.44,4,SL,2026-05-05 12:30:52,0.09,213.047,0.0,0.0,converted_from_iso8601_offset_to_utc_naive,0,0.0,0.0,0.0,[sl 213.061],183080285
187165234,183073647,EURJPY,1,-8.25,4,SL,2026-05-05 12:30:52,0.1,183.874,0.0,0.0,converted_from_iso8601_offset_to_utc_naive,0,0.0,0.0,0.0,[sl 183.901],183080292
187165817,183080738,EURJPY,0,0.0,3,EXPERT,2026-05-05 12:30:57,0.07,183.762,0.0,0.0,converted_from_iso8601_offset_to_utc_naive,0,0.0,0.0,0.0,OV2|107f90|H1|B,183080738
187166381,183081049,CHFJPY,0,0.0,3,EXPERT,2026-05-05 12:31:06,0.09,200.861,0.0,0.0,converted_from_iso8601_offset_to_utc_naive,0,0.0,0.0,0.0,OV2|2d8b7f|H1|B,183081049
187166680,183081248,CADJPY,0,0.0,3,EXPERT,2026-05-05 12:31:39,0.1,115.627,0.0,0.0,converted_from_iso8601_offset_to_utc_naive,0,0.0,0.0,0.0,OV2|f4fc94|H1|B,183081248
187168050,183082031,GBPJPY,0,0.0,3,EXPERT,2026-05-05 12:32:59,0.09,213.267,0.0,0.0,converted_from_iso8601_offset_to_utc_naive,0,0.0,0.0,0.0,OV2|c0fafb|H1|B,183082031
187168124,183082085,USDJPY,0,0.0,3,EXPERT,2026-05-05 12:33:14,0.08,157.477,0.0,0.0,converted_from_iso8601_offset_to_utc_naive,0,0.0,0.0,0.0,OV2|8a6108|M5|B,183082085
187168265,183082186,AUDJPY,0,0.0,3,EXPERT,2026-05-05 12:34:16,0.1,112.723,0.0,0.0,converted_from_iso8601_offset_to_utc_naive,0,0.0,0.0,0.0,OV2|353853|H1|B,183082186
187184027,183059059,GER40,1,15.16,5,TP,2026-05-05 13:34:26,0.1,24286.4,0.0,0.0,converted_from_iso8601_offset_to_utc_naive,0,0.0,0.0,0.0,[tp 24285.65],183093625
187185057,183079082,UK100,1,-0.33,4,SL,2026-05-05 13:34:36,0.04,10275.5,0.0,0.0,converted_from_iso8601_offset_to_utc_naive,0,0.0,0.0,0.0,[sl 10275.40],183094309
187187140,183095881,GER40,0,0.0,3,EXPERT,2026-05-05 13:39:02,0.1,24289.5,0.0,0.0,converted_from_iso8601_offset_to_utc_naive,0,0.0,0.0,0.0,OV2|53de01|H1|B,183095881
187187203,183095881,GER40,1,-0.9,4,SL,2026-05-05 13:39:38,0.1,24281.9,0.0,0.0,converted_from_iso8601_offset_to_utc_naive,0,0.0,0.0,0.0,[sl 24283.50],183095951
187188086,183096593,UK100,0,0.0,3,EXPERT,2026-05-05 13:41:57,0.04,10254.9,0.0,0.0,converted_from_iso8601_offset_to_utc_naive,0,0.0,0.0,0.0,OV2|dd498b|H1|S,183096593
187189560,183097584,GER40,0,0.0,3,EXPERT,2026-05-05 13:44:07,0.1,24265.5,0.0,0.0,converted_from_iso8601_offset_to_utc_naive,0,0.0,0.0,0.0,OV2|bb791d|H1|B,183097584
187190211,183097584,GER40,1,-0.77,4,SL,2026-05-05 13:45:01,0.1,24258.9,0.0,0.0,converted_from_iso8601_offset_to_utc_naive,0,0.0,0.0,0.0,[sl 24259.00],183098094
187191548,183099058,GER40,0,0.0,3,EXPERT,2026-05-05 13:48:25,0.1,24267.5,0.0,0.0,converted_from_iso8601_offset_to_utc_naive,0,0.0,0.0,0.0,OV2|5f0cd3|H1|B,183099058
187197088,183103114,XAUUSD,0,0.0,3,EXPERT,2026-05-05 14:00:44,0.05,4541.54,0.0,0.0,converted_from_iso8601_offset_to_utc_naive,0,0.0,0.0,0.0,OV2|38e864|H1|S,183103114
187197438,183103379,BTCUSD,0,0.0,3,EXPERT,2026-05-05 14:01:00,0.1,80811.77,0.0,0.0,converted_from_iso8601_offset_to_utc_naive,0,0.0,0.0,0.0,OV2|277a7a|H1|B,183103379
187199515,183103114,XAUUSD,1,-13.55,4,SL,2026-05-05 14:05:23,0.05,4544.25,0.0,0.0,converted_from_iso8601_offset_to_utc_naive,0,0.0,0.0,0.0,[sl 4544.11],183104954
187208158,183111184,EURUSD,0,0.0,3,EXPERT,2026-05-05 14:16:45,0.1,1.1684,0.0,0.0,converted_from_iso8601_offset_to_utc_naive,0,0.0,0.0,0.0,OV2|6b0844|M5|S,183111184
187208402,183099058,GER40,1,-0.71,4,SL,2026-05-05 14:17:08,0.1,24261.4,0.0,0.0,converted_from_iso8601_offset_to_utc_naive,0,0.0,0.0,0.0,[sl 24261.50],183111374
187209360,183112058,GER40,0,0.0,3,EXPERT,2026-05-05 14:19:14,0.1,24268.5,0.0,0.0,converted_from_iso8601_offset_to_utc_naive,0,0.0,0.0,0.0,OV2|175d0e|H1|B,183112058
187210335,183038516,GBPUSD,1,-6.8,4,SL,2026-05-05 14:21:43,0.1,1.35312,0.0,0.0,converted_from_iso8601_offset_to_utc_naive,0,0.0,0.0,0.0,[sl 1.35312],183112833
187212255,183111184,EURUSD,1,-6.7,4,SL,2026-05-05 14:24:46,0.1,1.16907,0.0,0.0,converted_from_iso8601_offset_to_utc_naive,0,0.0,0.0,0.0,[sl 1.16907],183114228
187213372,183115094,AUDUSD,0,0.0,3,EXPERT,2026-05-05 14:28:27,0.1,0.71713,0.0,0.0,converted_from_iso8601_offset_to_utc_naive,0,0.0,0.0,0.0,OV2|9c7119|H1|B,183115094
187217605,183080738,EURJPY,1,27.53,5,TP,2026-05-05 14:35:59,0.07,184.386,0.0,0.0,converted_from_iso8601_offset_to_utc_naive,0,0.0,0.0,0.0,[tp 184.386],183118226
187219454,183119606,EURJPY,0,0.0,3,EXPERT,2026-05-05 14:38:56,0.1,184.377,0.0,0.0,converted_from_iso8601_offset_to_utc_naive,0,0.0,0.0,0.0,OV2|a80128|H1|B,183119606
187224714,183082186,AUDJPY,1,24.96,5,TP,2026-05-05 14:45:26,0.1,113.119,0.0,0.0,converted_from_iso8601_offset_to_utc_naive,0,0.0,0.0,0.0,[tp 113.119],183123116
187228518,183125817,AUDJPY,0,0.0,3,EXPERT,2026-05-05 14:51:59,0.1,113.142,0.0,0.0,converted_from_iso8601_offset_to_utc_naive,0,0.0,0.0,0.0,OV2|ee78bb|H1|B,183125817
187230744,183096593,UK100,1,1.8,5,TP,2026-05-05 15:00:17,0.04,10221.3,0.0,0.0,converted_from_iso8601_offset_to_utc_naive,0,0.0,0.0,0.0,[tp 10221.40],183127643
187232881,183129127,UK100,0,0.0,3,EXPERT,2026-05-05 15:02:49,0.04,10214.4,0.0,0.0,converted_from_iso8601_offset_to_utc_naive,0,0.0,0.0,0.0,OV2|503aa0|H1|S,183129127
187234865,183044752,USDCHF,1,-8.72,4,SL,2026-05-05 15:04:34,0.1,0.78422,0.0,0.0,converted_from_iso8601_offset_to_utc_naive,0,0.0,0.0,0.0,[sl 0.78422],183130510
187235680,183129127,UK100,1,-0.35,4,SL,2026-05-05 15:06:32,0.04,10221.0,0.0,0.0,converted_from_iso8601_offset_to_utc_naive,0,0.0,0.0,0.0,[sl 10220.40],183131187
187237695,183132519,USDCHF,0,0.0,3,EXPERT,2026-05-05 15:07:10,0.1,0.7842,0.0,0.0,converted_from_iso8601_offset_to_utc_naive,0,0.0,0.0,0.0,OV2|8017a0|H1|B,183132519
187241843,183119606,EURJPY,1,-4.72,4,SL,2026-05-05 15:11:52,0.1,184.303,0.0,0.0,converted_from_iso8601_offset_to_utc_naive,0,0.0,0.0,0.0,[sl 184.303],183135452
187243021,183136161,UK100,0,0.0,3,EXPERT,2026-05-05 15:12:32,0.04,10228.4,0.0,0.0,converted_from_iso8601_offset_to_utc_naive,0,0.0,0.0,0.0,OV2|6c6087|H1|S,183136161
187243634,183132519,USDCHF,1,-8.73,4,SL,2026-05-05 15:13:21,0.1,0.78352,0.0,0.0,converted_from_iso8601_offset_to_utc_naive,0,0.0,0.0,0.0,[sl 0.78352],183136624
187244567,183112058,GER40,1,11.84,5,TP,2026-05-05 15:15:09,0.1,24370.4,0.0,0.0,converted_from_iso8601_offset_to_utc_naive,0,0.0,0.0,0.0,[tp 24369.57],183137365
187245809,183138282,USDCHF,0,0.0,3,EXPERT,2026-05-05 15:17:22,0.1,0.78367,0.0,0.0,converted_from_iso8601_offset_to_utc_naive,0,0.0,0.0,0.0,OV2|655f1e|H1|B,183138282
187246245,183138617,EURJPY,0,0.0,3,EXPERT,2026-05-05 15:18:07,0.1,184.476,0.0,0.0,converted_from_iso8601_offset_to_utc_naive,0,0.0,0.0,0.0,OV2|315c90|H1|B,183138617
187246766,183139053,GER40,0,0.0,3,EXPERT,2026-05-05 15:19:25,0.1,24375.0,0.0,0.0,converted_from_iso8601_offset_to_utc_naive,0,0.0,0.0,0.0,OV2|412cf2|H1|B,183139053
187246855,183139053,GER40,1,-0.71,4,SL,2026-05-05 15:19:48,0.1,24368.9,0.0,0.0,converted_from_iso8601_offset_to_utc_naive,0,0.0,0.0,0.0,[sl 24369.00],183139120
187251572,183136161,UK100,1,-0.35,4,SL,2026-05-05 15:24:25,0.04,10234.8,0.0,0.0,converted_from_iso8601_offset_to_utc_naive,0,0.0,0.0,0.0,[sl 10234.40],183142473
187252461,183143039,UK100,0,0.0,3,EXPERT,2026-05-05 15:24:41,0.04,10231.9,0.0,0.0,converted_from_iso8601_offset_to_utc_naive,0,0.0,0.0,0.0,OV2|dbcf87|H1|S,183143039
187253834,183138617,EURJPY,1,-4.72,4,SL,2026-05-05 15:25:17,0.1,184.402,0.0,0.0,converted_from_iso8601_offset_to_utc_naive,0,0.0,0.0,0.0,[sl 184.402],183143921
187253923,183103379,BTCUSD,1,37.05,5,TP,2026-05-05 15:25:18,0.1,81182.23,0.0,0.0,converted_from_iso8601_offset_to_utc_naive,0,0.0,0.0,0.0,[tp 81176.22],183143962
187254264,183144167,BTCUSD,0,0.0,3,EXPERT,2026-05-05 15:25:28,0.1,81161.2,0.0,0.0,converted_from_iso8601_offset_to_utc_naive,0,0.0,0.0,0.0,OV2|846fce|M5|B,183144167
187255048,183143039,UK100,1,-0.33,4,SL,2026-05-05 15:26:16,0.04,10238.0,0.0,0.0,converted_from_iso8601_offset_to_utc_naive,0,0.0,0.0,0.0,[sl 10237.90],183144670
187258471,183147211,EURJPY,0,0.0,3,EXPERT,2026-05-05 15:31:19,0.1,184.47,0.0,0.0,converted_from_iso8601_offset_to_utc_naive,0,0.0,0.0,0.0,OV2|0ef291|H1|B,183147211
187260386,183148887,UK100,0,0.0,3,EXPERT,2026-05-05 15:34:59,0.04,10232.4,0.0,0.0,converted_from_iso8601_offset_to_utc_naive,0,0.0,0.0,0.0,OV2|155669|H1|S,183148887
187263434,183151838,GER40,0,0.0,3,EXPERT,2026-05-05 15:42:59,0.1,24325.0,0.0,0.0,converted_from_iso8601_offset_to_utc_naive,0,0.0,0.0,0.0,OV2|d624e6|H1|B,183151838
187263916,183151838,GER40,1,-0.71,4,SL,2026-05-05 15:45:46,0.1,24318.9,0.0,0.0,converted_from_iso8601_offset_to_utc_naive,0,0.0,0.0,0.0,[sl 24319.00],183152267
187264416,183152878,GER40,0,0.0,3,EXPERT,2026-05-05 15:46:46,0.1,24320.5,0.0,0.0,converted_from_iso8601_offset_to_utc_naive,0,0.0,0.0,0.0,OV2|e147d6|H1|B,183152878
187264676,183152878,GER40,1,-0.77,4,SL,2026-05-05 15:47:01,0.1,24313.9,0.0,0.0,converted_from_iso8601_offset_to_utc_naive,0,0.0,0.0,0.0,[sl 24314.50],183153130
187265173,183038418,USDCAD,1,-5.17,4,SL,2026-05-05 15:48:28,0.1,1.36273,0.0,0.0,converted_from_iso8601_offset_to_utc_naive,0,0.0,0.0,0.0,[sl 1.36273],183153465
187267515,183155070,GER40,0,0.0,3,EXPERT,2026-05-05 15:51:58,0.1,24308.0,0.0,0.0,converted_from_iso8601_offset_to_utc_naive,0,0.0,0.0,0.0,OV2|b6b70d|H1|B,183155070
187267794,183155070,GER40,1,-0.77,4,SL,2026-05-05 15:53:00,0.1,24301.4,0.0,0.0,converted_from_iso8601_offset_to_utc_naive,0,0.0,0.0,0.0,[sl 24301.50],183155597
187277725,183163660,GER40,0,0.0,3,EXPERT,2026-05-05 16:06:52,0.1,24346.5,0.0,0.0,converted_from_iso8601_offset_to_utc_naive,0,0.0,0.0,0.0,OV2|8b0bf1|H1|B,183163660
187277871,183163660,GER40,1,-0.71,4,SL,2026-05-05 16:07:15,0.1,24340.4,0.0,0.0,converted_from_iso8601_offset_to_utc_naive,0,0.0,0.0,0.0,[sl 24340.50],183163776
187278322,183138282,USDCHF,1,-8.73,4,SL,2026-05-05 16:08:05,0.1,0.78299,0.0,0.0,converted_from_iso8601_offset_to_utc_naive,0,0.0,0.0,0.0,[sl 0.78299],183164353
187278574,182892090,USOIL+,1,20.2,5,TP,2026-05-05 16:08:32,0.1,99.95,0.0,0.0,converted_from_iso8601_offset_to_utc_naive,0,0.0,0.0,0.0,[tp 99.97],183164612
187278575,182892096,USOIL+,1,20.2,5,TP,2026-05-05 16:08:32,0.1,99.95,0.0,0.0,converted_from_iso8601_offset_to_utc_naive,0,0.0,0.0,0.0,[tp 99.97],183164613
187279091,183164976,USDCHF,0,0.0,3,EXPERT,2026-05-05 16:08:47,0.1,0.78282,0.0,0.0,converted_from_iso8601_offset_to_utc_naive,0,0.0,0.0,0.0,OV2|039dd3|H1|S,183164976
187282807,183167558,USOIL+,0,0.0,3,EXPERT,2026-05-05 16:11:03,0.1,99.97,0.0,0.0,converted_from_iso8601_offset_to_utc_naive,0,0.0,0.0,0.0,OV2|3213ee|H1|S,183167558
187283323,183167933,GER40,0,0.0,3,EXPERT,2026-05-05 16:12:01,0.1,24357.5,0.0,0.0,converted_from_iso8601_offset_to_utc_naive,0,0.0,0.0,0.0,OV2|fa181b|H1|B,183167933
187286583,183167933,GER40,1,-0.71,4,SL,2026-05-05 16:16:01,0.1,24351.4,0.0,0.0,converted_from_iso8601_offset_to_utc_naive,0,0.0,0.0,0.0,[sl 24351.50],183170450
187287096,183171086,GER40,0,0.0,3,EXPERT,2026-05-05 16:16:59,0.1,24356.5,0.0,0.0,converted_from_iso8601_offset_to_utc_naive,0,0.0,0.0,0.0,OV2|a458c5|H1|B,183171086
187291233,183144167,BTCUSD,1,52.3,5,TP,2026-05-05 16:21:02,0.1,81684.23,0.0,0.0,converted_from_iso8601_offset_to_utc_naive,0,0.0,0.0,0.0,[tp 81683.48],183174416
187291369,183171086,GER40,1,-0.71,4,SL,2026-05-05 16:21:09,0.1,24350.4,0.0,0.0,converted_from_iso8601_offset_to_utc_naive,0,0.0,0.0,0.0,[sl 24350.50],183174549
187291482,183174654,ETHUSD,0,0.0,3,EXPERT,2026-05-05 16:21:18,0.1,2397.964,0.0,0.0,converted_from_iso8601_offset_to_utc_naive,0,0.0,0.0,0.0,OV2|22a520|H1|B,183174654
187291535,183174654,ETHUSD,1,-0.15,4,SL,2026-05-05 16:21:25,0.1,2396.455,0.0,0.0,converted_from_iso8601_offset_to_utc_naive,0,0.0,0.0,0.0,[sl 2396.464],183174726
187291608,183174848,BTCUSD,0,0.0,3,EXPERT,2026-05-05 16:21:40,0.1,81686.48,0.0,0.0,converted_from_iso8601_offset_to_utc_naive,0,0.0,0.0,0.0,OV2|e73fc2|M5|B,183174848
187291618,183174848,BTCUSD,1,-1.71,4,SL,2026-05-05 16:21:44,0.1,81669.35,0.0,0.0,converted_from_iso8601_offset_to_utc_naive,0,0.0,0.0,0.0,[sl 81669.98],183174859
187292483,183175658,BTCUSD,0,0.0,3,EXPERT,2026-05-05 16:23:26,0.1,81605.6,0.0,0.0,converted_from_iso8601_offset_to_utc_naive,0,0.0,0.0,0.0,OV2|145866|M5|B,183175658
187292848,183175658,BTCUSD,1,-1.9100000000000001,4,SL,2026-05-05 16:24:23,0.1,81586.46,0.0,0.0,converted_from_iso8601_offset_to_utc_naive,0,0.0,0.0,0.0,[sl 81587.10],183176059
187293140,183176291,ETHUSD,0,0.0,3,EXPERT,2026-05-05 16:24:44,0.1,2393.853,0.0,0.0,converted_from_iso8601_offset_to_utc_naive,0,0.0,0.0,0.0,OV2|839992|H1|B,183176291
187293643,183176291,ETHUSD,1,-0.17,4,SL,2026-05-05 16:25:06,0.1,2392.186,0.0,0.0,converted_from_iso8601_offset_to_utc_naive,0,0.0,0.0,0.0,[sl 2392.281],183176692
187294151,183177190,BTCUSD,0,0.0,3,EXPERT,2026-05-05 16:25:32,0.1,81476.95,0.0,0.0,converted_from_iso8601_offset_to_utc_naive,0,0.0,0.0,0.0,OV2|3ed81a|H1|B,183177190
187294235,183177190,BTCUSD,1,-1.67,4,SL,2026-05-05 16:25:39,0.1,81460.21,0.0,0.0,converted_from_iso8601_offset_to_utc_naive,0,0.0,0.0,0.0,[sl 81460.45],183177273
187294615,183177649,BTCUSD,0,0.0,3,EXPERT,2026-05-05 16:26:28,0.1,81473.63,0.0,0.0,converted_from_iso8601_offset_to_utc_naive,0,0.0,0.0,0.0,OV2|82d9fe|M5|B,183177649
187294656,183177649,BTCUSD,1,-1.79,4,SL,2026-05-05 16:26:37,0.1,81455.77,0.0,0.0,converted_from_iso8601_offset_to_utc_naive,0,0.0,0.0,0.0,[sl 81457.13],183177684
187294738,183177757,GER40,0,0.0,3,EXPERT,2026-05-05 16:27:00,0.1,24333.0,0.0,0.0,converted_from_iso8601_offset_to_utc_naive,0,0.0,0.0,0.0,OV2|3dce32|H1|B,183177757
187295631,183178383,BTCUSD,0,0.0,3,EXPERT,2026-05-05 16:28:19,0.1,81429.4,0.0,0.0,converted_from_iso8601_offset_to_utc_naive,0,0.0,0.0,0.0,OV2|7ee3ab|M5|B,183178383
187296743,183177757,GER40,1,-0.77,4,SL,2026-05-05 16:30:14,0.1,24326.4,0.0,0.0,converted_from_iso8601_offset_to_utc_naive,0,0.0,0.0,0.0,[sl 24327.00],183179337
187296995,183178383,BTCUSD,1,-1.85,4,SL,2026-05-05 16:30:32,0.1,81410.92,0.0,0.0,converted_from_iso8601_offset_to_utc_naive,0,0.0,0.0,0.0,[sl 81412.90],183179520
187297059,183179570,BTCUSD,0,0.0,3,EXPERT,2026-05-05 16:30:36,0.1,81395.81,0.0,0.0,converted_from_iso8601_offset_to_utc_naive,0,0.0,0.0,0.0,OV2|699844|H4|B,183179570
187297093,183179570,BTCUSD,1,-2.02,4,SL,2026-05-05 16:30:39,0.1,81375.61,0.0,0.0,converted_from_iso8601_offset_to_utc_naive,0,0.0,0.0,0.0,[sl 81379.31],183179594
187297582,183180003,BTCUSD,0,0.0,3,EXPERT,2026-05-05 16:31:23,0.1,81449.6,0.0,0.0,converted_from_iso8601_offset_to_utc_naive,0,0.0,0.0,0.0,OV2|5fe40a|M5|B,183180003
187298196,183180515,GER40,0,0.0,3,EXPERT,2026-05-05 16:32:09,0.1,24325.0,0.0,0.0,converted_from_iso8601_offset_to_utc_naive,0,0.0,0.0,0.0,OV2|a2fb1e|H1|B,183180515
187298448,183180515,GER40,1,-0.83,4,SL,2026-05-05 16:32:15,0.1,24317.9,0.0,0.0,converted_from_iso8601_offset_to_utc_naive,0,0.0,0.0,0.0,[sl 24318.50],183180694
187299765,183181709,USDCAD,0,0.0,3,EXPERT,2026-05-05 16:34:16,0.1,1.36129,0.0,0.0,converted_from_iso8601_offset_to_utc_naive,0,0.0,0.0,0.0,OV2|ce3522|H1|S,183181709
187299981,183181879,GER40,0,0.0,3,EXPERT,2026-05-05 16:34:41,0.1,24312.5,0.0,0.0,converted_from_iso8601_offset_to_utc_naive,0,0.0,0.0,0.0,OV2|a17c53|H1|B,183181879
187300201,183181879,GER40,1,-0.71,4,SL,2026-05-05 16:35:00,0.1,24306.4,0.0,0.0,converted_from_iso8601_offset_to_utc_naive,0,0.0,0.0,0.0,[sl 24306.50],183182063
187300281,183180003,BTCUSD,1,-1.8599999999999999,4,SL,2026-05-05 16:35:08,0.1,81431.0,0.0,0.0,converted_from_iso8601_offset_to_utc_naive,0,0.0,0.0,0.0,[sl 81433.10],183182121
187301960,183183263,ETHUSD,0,0.0,3,EXPERT,2026-05-05 16:36:12,0.1,2392.775,0.0,0.0,converted_from_iso8601_offset_to_utc_naive,0,0.0,0.0,0.0,OV2|07326e|H1|B,183183263
187301978,183183263,ETHUSD,1,-0.16,4,SL,2026-05-05 16:36:12,0.1,2391.16,0.0,0.0,converted_from_iso8601_offset_to_utc_naive,0,0.0,0.0,0.0,[sl 2391.275],183183274
187302089,183183362,BTCUSD,0,0.0,3,EXPERT,2026-05-05 16:36:23,0.1,81492.37,0.0,0.0,converted_from_iso8601_offset_to_utc_naive,0,0.0,0.0,0.0,OV2|f968cf|M5|B,183183362
187302435,183183362,BTCUSD,1,-1.8,4,SL,2026-05-05 16:36:35,0.1,81474.34,0.0,0.0,converted_from_iso8601_offset_to_utc_naive,0,0.0,0.0,0.0,[sl 81477.59],183183588
187304112,183184766,BTCUSD,0,0.0,3,EXPERT,2026-05-05 16:37:55,0.1,81442.96,0.0,0.0,converted_from_iso8601_offset_to_utc_naive,0,0.0,0.0,0.0,OV2|703cb3|M5|B,183184766
187304221,183184766,BTCUSD,1,-2.3,4,SL,2026-05-05 16:38:02,0.1,81419.99,0.0,0.0,converted_from_iso8601_offset_to_utc_naive,0,0.0,0.0,0.0,[sl 81426.46],183184863
187304431,183148887,UK100,1,2.05,5,TP,2026-05-05 16:38:09,0.04,10194.3,0.0,0.0,converted_from_iso8601_offset_to_utc_naive,0,0.0,0.0,0.0,[tp 10194.47],183185020
187305249,183185618,BTCUSD,0,0.0,3,EXPERT,2026-05-05 16:39:42,0.1,81423.4,0.0,0.0,converted_from_iso8601_offset_to_utc_naive,0,0.0,0.0,0.0,OV2|c052ba|M5|B,183185618
187305295,183185618,BTCUSD,1,-2.26,4,SL,2026-05-05 16:39:48,0.1,81400.84,0.0,0.0,converted_from_iso8601_offset_to_utc_naive,0,0.0,0.0,0.0,[sl 81406.90],183185654
187305939,183186132,ETHUSD,0,0.0,3,EXPERT,2026-05-05 16:40:38,0.1,2384.335,0.0,0.0,converted_from_iso8601_offset_to_utc_naive,0,0.0,0.0,0.0,OV2|e89351|H1|B,183186132
187308146,183164976,USDCHF,1,-8.73,4,SL,2026-05-05 16:43:54,0.1,0.7835,0.0,0.0,converted_from_iso8601_offset_to_utc_naive,0,0.0,0.0,0.0,[sl 0.78350],183187795
187308761,183188268,UK100,0,0.0,3,EXPERT,2026-05-05 16:44:50,0.04,10185.7,0.0,0.0,converted_from_iso8601_offset_to_utc_naive,0,0.0,0.0,0.0,OV2|888e19|H4|S,183188268
187310876,183188268,UK100,1,-0.34,4,SL,2026-05-05 16:48:03,0.04,10192.0,0.0,0.0,converted_from_iso8601_offset_to_utc_naive,0,0.0,0.0,0.0,[sl 10191.70],183189907
187313669,183192363,USDCHF,0,0.0,3,EXPERT,2026-05-05 16:51:54,0.1,0.78295,0.0,0.0,converted_from_iso8601_offset_to_utc_naive,0,0.0,0.0,0.0,OV2|4a0a63|H1|S,183192363
187320181,183197875,UK100,0,0.0,3,EXPERT,2026-05-05 17:01:03,0.04,10197.2,0.0,0.0,converted_from_iso8601_offset_to_utc_naive,0,0.0,0.0,0.0,OV2|efa1f3|H1|S,183197875
187327551,183197875,UK100,1,-0.33,4,SL,2026-05-05 17:12:34,0.04,10203.3,0.0,0.0,converted_from_iso8601_offset_to_utc_naive,0,0.0,0.0,0.0,[sl 10203.20],183203332
187328819,183186132,ETHUSD,1,-0.18,4,SL,2026-05-05 17:13:36,0.1,2382.55,0.0,0.0,converted_from_iso8601_offset_to_utc_naive,0,0.0,0.0,0.0,[sl 2382.835],183204246
187329356,183204572,UK100,0,0.0,3,EXPERT,2026-05-05 17:13:51,0.04,10194.4,0.0,0.0,converted_from_iso8601_offset_to_utc_naive,0,0.0,0.0,0.0,OV2|d6dd85|H1|S,183204572
187335382,183192363,USDCHF,1,-8.73,4,SL,2026-05-05 17:18:34,0.1,0.78363,0.0,0.0,converted_from_iso8601_offset_to_utc_naive,0,0.0,0.0,0.0,[sl 0.78363],183208789
187337259,183210042,USDCHF,0,0.0,3,EXPERT,2026-05-05 17:19:22,0.1,0.78333,0.0,0.0,converted_from_iso8601_offset_to_utc_naive,0,0.0,0.0,0.0,OV2|98e1f2|H1|S,183210042
187341104,183212910,US500,0,0.0,3,EXPERT,2026-05-05 17:23:23,0.04,7252.45,0.0,0.0,converted_from_iso8601_offset_to_utc_naive,0,0.0,0.0,0.0,OV2|1704b3|H1|B,183212910
187346947,183217171,BTCUSD,0,0.0,3,EXPERT,2026-05-05 17:28:16,0.1,81379.11,0.0,0.0,converted_from_iso8601_offset_to_utc_naive,0,0.0,0.0,0.0,OV2|affbed|M5|B,183217171
187346951,183217171,BTCUSD,1,-1.9,4,SL,2026-05-05 17:28:17,0.1,81360.13,0.0,0.0,converted_from_iso8601_offset_to_utc_naive,0,0.0,0.0,0.0,[sl 81362.61],183217176
187348031,183081049,CHFJPY,1,39.65,5,TP,2026-05-05 17:28:58,0.09,201.56,0.0,0.0,converted_from_iso8601_offset_to_utc_naive,0,0.0,0.0,0.0,[tp 201.559],183217871
187348735,183218359,BTCUSD,0,0.0,3,EXPERT,2026-05-05 17:29:43,0.1,81444.97,0.0,0.0,converted_from_iso8601_offset_to_utc_naive,0,0.0,0.0,0.0,OV2|6e4283|M5|B,183218359
187348831,183218359,BTCUSD,1,-1.72,4,SL,2026-05-05 17:29:54,0.1,81427.79,0.0,0.0,converted_from_iso8601_offset_to_utc_naive,0,0.0,0.0,0.0,[sl 81428.47],183218435
187350661,183219809,BTCUSD,0,0.0,3,EXPERT,2026-05-05 17:31:35,0.1,81448.92,0.0,0.0,converted_from_iso8601_offset_to_utc_naive,0,0.0,0.0,0.0,OV2|cad446|M5|B,183219809
187350847,183219809,BTCUSD,1,-2.09,4,SL,2026-05-05 17:32:01,0.1,81427.98,0.0,0.0,converted_from_iso8601_offset_to_utc_naive,0,0.0,0.0,0.0,[sl 81432.42],183219944
187351259,183220296,BTCUSD,0,0.0,3,EXPERT,2026-05-05 17:32:52,0.1,81492.87,0.0,0.0,converted_from_iso8601_offset_to_utc_naive,0,0.0,0.0,0.0,OV2|6cd7b0|M5|B,183220296
187351265,183220296,BTCUSD,1,-2.62,4,SL,2026-05-05 17:32:53,0.1,81466.65,0.0,0.0,converted_from_iso8601_offset_to_utc_naive,0,0.0,0.0,0.0,[sl 81476.37],183220300
187351757,183220697,CHFJPY,0,0.0,3,EXPERT,2026-05-05 17:33:49,0.1,201.601,0.0,0.0,converted_from_iso8601_offset_to_utc_naive,0,0.0,0.0,0.0,OV2|d72bd1|H1|B,183220697
187352945,183221553,BTCUSD,0,0.0,3,EXPERT,2026-05-05 17:36:11,0.1,81422.53,0.0,0.0,converted_from_iso8601_offset_to_utc_naive,0,0.0,0.0,0.0,OV2|cbec50|M5|B,183221553
187353082,183221553,BTCUSD,1,-1.6800000000000002,4,SL,2026-05-05 17:36:36,0.1,81405.78,0.0,0.0,converted_from_iso8601_offset_to_utc_naive,0,0.0,0.0,0.0,[sl 81406.03],183221674
187357211,183224632,SOLUSD,0,0.0,3,EXPERT,2026-05-05 17:43:36,0.1,85.451,0.0,0.0,converted_from_iso8601_offset_to_utc_naive,0,0.0,0.0,0.0,OV2|bf6f23|H1|B,183224632
187366731,183181709,USDCAD,1,-5.54,4,SL,2026-05-05 18:01:13,0.1,1.36204,0.0,0.0,converted_from_iso8601_offset_to_utc_naive,0,0.0,0.0,0.0,[sl 1.36204],183232229
187367252,183232599,GER40,0,0.0,3,EXPERT,2026-05-05 18:02:01,0.1,24333.5,0.0,0.0,converted_from_iso8601_offset_to_utc_naive,0,0.0,0.0,0.0,OV2|b4e13e|H1|B,183232599
187367367,183232599,GER40,1,-0.71,4,SL,2026-05-05 18:02:27,0.1,24327.4,0.0,0.0,converted_from_iso8601_offset_to_utc_naive,0,0.0,0.0,0.0,[sl 24327.50],183232689
187367401,183030341,NZDUSD,1,23.4,5,TP,2026-05-05 18:02:33,0.1,0.58958,0.0,0.0,converted_from_iso8601_offset_to_utc_naive,0,0.0,0.0,0.0,[tp 0.58958],183232715
187367944,183233065,USDCAD,0,0.0,3,EXPERT,2026-05-05 18:03:28,0.1,1.36142,0.0,0.0,converted_from_iso8601_offset_to_utc_naive,0,0.0,0.0,0.0,OV2|8e4cdf|H1|S,183233065
187368313,183115094,AUDUSD,1,21.0,5,TP,2026-05-05 18:04:11,0.1,0.71923,0.0,0.0,converted_from_iso8601_offset_to_utc_naive,0,0.0,0.0,0.0,[tp 0.71923],183233353
187368443,183125817,AUDJPY,1,15.95,5,TP,2026-05-05 18:04:31,0.1,113.395,0.0,0.0,converted_from_iso8601_offset_to_utc_naive,0,0.0,0.0,0.0,[tp 113.394],183233445
187370245,183234743,AUDJPY,0,0.0,3,EXPERT,2026-05-05 18:07:07,0.1,113.373,0.0,0.0,converted_from_iso8601_offset_to_utc_naive,0,0.0,0.0,0.0,OV2|164794|H1|B,183234743
187370332,183234805,AUDUSD,0,0.0,3,EXPERT,2026-05-05 18:07:15,0.1,0.71934,0.0,0.0,converted_from_iso8601_offset_to_utc_naive,0,0.0,0.0,0.0,OV2|69aa67|H1|B,183234805
187371564,183204572,UK100,1,-0.33,4,SL,2026-05-05 18:11:46,0.04,10200.5,0.0,0.0,converted_from_iso8601_offset_to_utc_naive,0,0.0,0.0,0.0,[sl 10200.40],183235776
187371648,183235860,GER40,0,0.0,3,EXPERT,2026-05-05 18:12:01,0.1,24364.0,0.0,0.0,converted_from_iso8601_offset_to_utc_naive,0,0.0,0.0,0.0,OV2|bbcc5b|M15|B,183235860
187372156,183236446,UK100,0,0.0,3,EXPERT,2026-05-05 18:13:38,0.04,10199.4,0.0,0.0,converted_from_iso8601_offset_to_utc_naive,0,0.0,0.0,0.0,OV2|d136fa|H1|S,183236446
187372650,183236446,UK100,1,-0.35,4,SL,2026-05-05 18:15:28,0.04,10206.0,0.0,0.0,converted_from_iso8601_offset_to_utc_naive,0,0.0,0.0,0.0,[sl 10205.40],183236920
187373389,183237509,UK100,0,0.0,3,EXPERT,2026-05-05 18:17:35,0.04,10208.9,0.0,0.0,converted_from_iso8601_offset_to_utc_naive,0,0.0,0.0,0.0,OV2|711ecc|H1|S,183237509
187375332,183237509,UK100,1,-0.33,4,SL,2026-05-05 18:21:45,0.04,10215.0,0.0,0.0,converted_from_iso8601_offset_to_utc_naive,0,0.0,0.0,0.0,[sl 10214.90],183238850
187375670,183239065,UK100,0,0.0,3,EXPERT,2026-05-05 18:22:26,0.04,10215.2,0.0,0.0,converted_from_iso8601_offset_to_utc_naive,0,0.0,0.0,0.0,OV2|7964e7|H1|S,183239065
187377748,183239065,UK100,1,-0.35,4,SL,2026-05-05 18:29:02,0.04,10221.8,0.0,0.0,converted_from_iso8601_offset_to_utc_naive,0,0.0,0.0,0.0,[sl 10221.20],183241107
187380307,183243657,NZDUSD,0,0.0,3,EXPERT,2026-05-05 18:38:01,0.1,0.59013,0.0,0.0,converted_from_iso8601_offset_to_utc_naive,0,0.0,0.0,0.0,OV2|e5f525|H1|B,183243657
187385244,183247821,XAGUSD,0,0.0,3,EXPERT,2026-05-05 18:49:18,0.02,73.526,0.0,0.0,converted_from_iso8601_offset_to_utc_naive,0,0.0,0.0,0.0,OV2|03e544|H1|S,183247821
187400371,183243657,NZDUSD,1,-7.5,4,SL,2026-05-05 19:25:12,0.1,0.58938,0.0,0.0,converted_from_iso8601_offset_to_utc_naive,0,0.0,0.0,0.0,[sl 0.58938],183259012
187405120,183247821,XAGUSD,1,58.9,5,TP,2026-05-05 19:31:20,0.02,72.937,0.0,0.0,converted_from_iso8601_offset_to_utc_naive,0,0.0,0.0,0.0,[tp 72.941],183262317
187406468,183263216,XAUUSD,0,0.0,3,EXPERT,2026-05-05 19:32:57,0.05,4554.68,0.0,0.0,converted_from_iso8601_offset_to_utc_naive,0,0.0,0.0,0.0,OV2|7955f6|M5|S,183263216
187406900,183233065,USDCAD,1,-5.46,4,SL,2026-05-05 19:33:51,0.1,1.36216,0.0,0.0,converted_from_iso8601_offset_to_utc_naive,0,0.0,0.0,0.0,[sl 1.36216],183263491
187407189,183263216,XAUUSD,1,-13.2,4,SL,2026-05-05 19:34:38,0.05,4557.32,0.0,0.0,converted_from_iso8601_offset_to_utc_naive,0,0.0,0.0,0.0,[sl 4557.18],183263714
187407209,183263724,XAUUSD,0,0.0,3,EXPERT,2026-05-05 19:34:39,0.05,4557.14,0.0,0.0,converted_from_iso8601_offset_to_utc_naive,0,0.0,0.0,0.0,OV2|629776|H1|S,183263724
187409081,183224632,SOLUSD,1,-0.04,4,SL,2026-05-05 19:39:01,0.1,85.083,0.0,0.0,converted_from_iso8601_offset_to_utc_naive,0,0.0,0.0,0.0,[sl 85.084],183265062
187412069,183263724,XAUUSD,1,-12.95,4,SL,2026-05-05 19:51:14,0.05,4559.73,0.0,0.0,converted_from_iso8601_offset_to_utc_naive,0,0.0,0.0,0.0,[sl 4559.63],183267473
187412669,183267850,XAUUSD,0,0.0,3,EXPERT,2026-05-05 19:51:58,0.05,4559.14,0.0,0.0,converted_from_iso8601_offset_to_utc_naive,0,0.0,0.0,0.0,OV2|649b94|M5|S,183267850
187413673,183267850,XAUUSD,1,-12.6,4,SL,2026-05-05 19:55:52,0.05,4561.66,0.0,0.0,converted_from_iso8601_offset_to_utc_naive,0,0.0,0.0,0.0,[sl 4561.64],183268598
187414124,183234805,AUDUSD,1,-7.2,4,SL,2026-05-05 19:56:39,0.1,0.71862,0.0,0.0,converted_from_iso8601_offset_to_utc_naive,0,0.0,0.0,0.0,[sl 0.71862],183268912
187414237,183268997,XAUUSD,0,0.0,3,EXPERT,2026-05-05 19:57:10,0.05,4561.41,0.0,0.0,converted_from_iso8601_offset_to_utc_naive,0,0.0,0.0,0.0,OV2|55ad9f|M5|S,183268997
187425585,182891837,DOGUSD,1,-0.4,4,SL,2026-05-05 20:26:44,0.1,0.11412,0.0,0.0,converted_from_iso8601_offset_to_utc_naive,0,0.0,0.0,0.0,[sl 0.11412],183277102
187425598,182891842,DOGUSD,1,-0.4,4,SL,2026-05-05 20:26:45,0.1,0.11413,0.0,0.0,converted_from_iso8601_offset_to_utc_naive,0,0.0,0.0,0.0,[sl 0.11413],183277111
187427258,183278407,GBPUSD,0,0.0,3,EXPERT,2026-05-05 20:31:40,0.1,1.35495,0.0,0.0,converted_from_iso8601_offset_to_utc_naive,0,0.0,0.0,0.0,OV2|ee8d53|H1|S,183278407
187436950,183285535,BTCUSD,0,0.0,3,EXPERT,2026-05-05 21:12:38,0.1,81494.37,0.0,0.0,converted_from_iso8601_offset_to_utc_naive,0,0.0,0.0,0.0,OV2|33b457|M5|B,183285535
187437371,183268997,XAUUSD,1,-15.2,4,SL,2026-05-05 21:14:15,0.05,4564.45,0.0,0.0,converted_from_iso8601_offset_to_utc_naive,0,0.0,0.0,0.0,[sl 4563.91],183285953
187438039,183286241,XAUUSD,0,0.0,3,EXPERT,2026-05-05 21:14:22,0.05,4563.8,0.0,0.0,converted_from_iso8601_offset_to_utc_naive,0,0.0,0.0,0.0,OV2|39439b|M5|S,183286241
187440345,183285535,BTCUSD,1,-1.71,4,SL,2026-05-05 21:19:07,0.1,81477.24,0.0,0.0,converted_from_iso8601_offset_to_utc_naive,0,0.0,0.0,0.0,[sl 81477.87],183287782
187440469,183287864,BTCUSD,0,0.0,3,EXPERT,2026-05-05 21:19:34,0.1,81465.55,0.0,0.0,converted_from_iso8601_offset_to_utc_naive,0,0.0,0.0,0.0,OV2|17ea6c|M5|B,183287864
187440492,183287864,BTCUSD,1,-1.92,4,SL,2026-05-05 21:19:40,0.1,81446.38,0.0,0.0,converted_from_iso8601_offset_to_utc_naive,0,0.0,0.0,0.0,[sl 81449.05],183287880
187440809,183288087,BTCUSD,0,0.0,3,EXPERT,2026-05-05 21:21:20,0.1,81485.14,0.0,0.0,converted_from_iso8601_offset_to_utc_naive,0,0.0,0.0,0.0,OV2|b2372a|M5|B,183288087
187441216,183288087,BTCUSD,1,-1.74,4,SL,2026-05-05 21:23:08,0.1,81467.77,0.0,0.0,converted_from_iso8601_offset_to_utc_naive,0,0.0,0.0,0.0,[sl 81468.64],183288361
187441662,183288666,BTCUSD,0,0.0,3,EXPERT,2026-05-05 21:24:20,0.1,81461.55,0.0,0.0,converted_from_iso8601_offset_to_utc_naive,0,0.0,0.0,0.0,OV2|6f1c84|M5|B,183288666
187441700,183288666,BTCUSD,1,-1.74,4,SL,2026-05-05 21:24:25,0.1,81444.14,0.0,0.0,converted_from_iso8601_offset_to_utc_naive,0,0.0,0.0,0.0,[sl 81445.05],183288688
187441932,183147211,EURJPY,1,15.49,5,TP,2026-05-05 21:25:35,0.1,184.716,0.0,0.0,converted_from_iso8601_offset_to_utc_naive,0,0.0,0.0,0.0,[tp 184.716],183288884
187442047,183288979,BTCUSD,0,0.0,3,EXPERT,2026-05-05 21:26:12,0.1,81431.61,0.0,0.0,converted_from_iso8601_offset_to_utc_naive,0,0.0,0.0,0.0,OV2|1f98ec|M5|B,183288979
187450077,183288979,BTCUSD,1,-2.3,4,SL,2026-05-05 21:53:39,0.1,81408.66,0.0,0.0,converted_from_iso8601_offset_to_utc_naive,0,0.0,0.0,0.0,[sl 81413.11],183294877
187450605,183295230,BTCUSD,0,0.0,3,EXPERT,2026-05-05 21:56:33,0.1,81504.42,0.0,0.0,converted_from_iso8601_offset_to_utc_naive,0,0.0,0.0,0.0,OV2|70656e|M5|B,183295230
187451193,183295230,BTCUSD,1,-2.04,4,SL,2026-05-05 22:01:21,0.1,81484.04,0.0,0.0,converted_from_iso8601_offset_to_utc_naive,0,0.0,0.0,0.0,[sl 81485.92],183295759
187451251,183295807,BTCUSD,0,0.0,3,EXPERT,2026-05-05 22:02:01,0.1,81489.04,0.0,0.0,converted_from_iso8601_offset_to_utc_naive,0,0.0,0.0,0.0,OV2|13cfe9|M5|B,183295807
187451758,183295807,BTCUSD,1,-2.11,4,SL,2026-05-05 22:05:01,0.1,81467.93,0.0,0.0,converted_from_iso8601_offset_to_utc_naive,0,0.0,0.0,0.0,[sl 81470.54],183296152
187452021,183296343,BTCUSD,0,0.0,3,EXPERT,2026-05-05 22:06:47,0.1,81481.98,0.0,0.0,converted_from_iso8601_offset_to_utc_naive,0,0.0,0.0,0.0,OV2|e73b81|M5|B,183296343
187452184,183296343,BTCUSD,1,-1.81,4,SL,2026-05-05 22:08:16,0.1,81463.93,0.0,0.0,converted_from_iso8601_offset_to_utc_naive,0,0.0,0.0,0.0,[sl 81465.48],183296460
187452268,183296538,BTCUSD,0,0.0,3,EXPERT,2026-05-05 22:08:20,0.1,81463.2,0.0,0.0,converted_from_iso8601_offset_to_utc_naive,0,0.0,0.0,0.0,OV2|302070|M5|B,183296538
187452944,183296538,BTCUSD,1,-1.95,4,SL,2026-05-05 22:11:53,0.1,81443.73,0.0,0.0,converted_from_iso8601_offset_to_utc_naive,0,0.0,0.0,0.0,[sl 81444.96],183297015
187452947,183297016,BTCUSD,0,0.0,3,EXPERT,2026-05-05 22:11:54,0.1,81452.73,0.0,0.0,converted_from_iso8601_offset_to_utc_naive,0,0.0,0.0,0.0,OV2|146e80|M5|B,183297016
187452984,183297016,BTCUSD,1,-2.25,4,SL,2026-05-05 22:12:23,0.1,81430.26,0.0,0.0,converted_from_iso8601_offset_to_utc_naive,0,0.0,0.0,0.0,[sl 81434.23],183297045
187453176,183297192,BTCUSD,0,0.0,3,EXPERT,2026-05-05 22:13:27,0.1,81431.75,0.0,0.0,converted_from_iso8601_offset_to_utc_naive,0,0.0,0.0,0.0,OV2|dd1942|M5|B,183297192
187460646,183286241,XAUUSD,1,57.2,5,TP,2026-05-05 22:57:03,0.05,4552.36,0.0,0.0,converted_from_iso8601_offset_to_utc_naive,0,0.0,0.0,0.0,[tp 4552.38],183302810
187465380,183235860,GER40,1,12.92,5,TP,2026-05-05 23:30:00,0.1,24475.15,0.0,0.0,converted_from_iso8601_offset_to_utc_naive,0,0.0,0.0,0.0,[tp 24455.78],183307133
187468492,183234743,AUDJPY,1,-6.31,4,SL,2026-05-06 00:03:06,0.1,113.274,0.0,0.0,converted_from_iso8601_offset_to_utc_naive,0,0.0,0.4,0.0,[sl 113.291],183310087
187468629,183220697,CHFJPY,1,-9.05,4,SL,2026-05-06 00:03:37,0.1,201.459,0.0,0.0,converted_from_iso8601_offset_to_utc_naive,0,0.0,-0.56,0.0,[sl 201.509],183310208
187468912,183021271,XRPUSD,1,1.79,5,TP,2026-05-06 00:06:02,0.1,1.42075,0.0,0.0,converted_from_iso8601_offset_to_utc_naive,0,0.0,-0.1,0.0,[tp 1.42073],183310726
187468913,183021254,XRPUSD,1,1.81,5,TP,2026-05-06 00:06:02,0.1,1.42105,0.0,0.0,converted_from_iso8601_offset_to_utc_naive,0,0.0,-0.1,0.0,[tp 1.42083],183310727
187469846,183210042,USDCHF,1,-11.42,4,SL,2026-05-06 00:26:57,0.1,0.78422,0.0,0.0,converted_from_iso8601_offset_to_utc_naive,0,0.0,-1.72,0.0,[sl 0.78401],183311465
187470107,183297192,BTCUSD,1,-1.9,4,SL,2026-05-06 00:30:27,0.1,81412.72,0.0,0.0,converted_from_iso8601_offset_to_utc_naive,0,0.0,-4.99,0.0,[sl 81416.09],183311661
187477334,183316799,BTCUSD,0,0.0,3,EXPERT,2026-05-06 01:10:32,0.1,81394.46,0.0,0.0,converted_from_iso8601_offset_to_utc_naive,0,0.0,0.0,0.0,OV2|7dc827|M5|S,183316799
187480156,183316799,BTCUSD,1,-1.81,4,SL,2026-05-06 01:24:59,0.1,81412.53,0.0,0.0,converted_from_iso8601_offset_to_utc_naive,0,0.0,0.0,0.0,[sl 81410.96],183318721
187480301,183318825,BTCUSD,0,0.0,3,EXPERT,2026-05-06 01:25:41,0.1,81408.37,0.0,0.0,converted_from_iso8601_offset_to_utc_naive,0,0.0,0.0,0.0,OV2|03d307|M5|S,183318825
187480340,183318825,BTCUSD,1,-2.05,4,SL,2026-05-06 01:26:00,0.1,81428.87,0.0,0.0,converted_from_iso8601_offset_to_utc_naive,0,0.0,0.0,0.0,[sl 81424.87],183318852
187480790,183319140,BTCUSD,0,0.0,3,EXPERT,2026-05-06 01:27:08,0.1,81475.19,0.0,0.0,converted_from_iso8601_offset_to_utc_naive,0,0.0,0.0,0.0,OV2|0259c7|M5|S,183319140
187480806,183319140,BTCUSD,1,-1.73,4,SL,2026-05-06 01:27:13,0.1,81492.45,0.0,0.0,converted_from_iso8601_offset_to_utc_naive,0,0.0,0.0,0.0,[sl 81491.69],183319149
187481297,183319476,BTCUSD,0,0.0,3,EXPERT,2026-05-06 01:28:44,0.1,81486.5,0.0,0.0,converted_from_iso8601_offset_to_utc_naive,0,0.0,0.0,0.0,OV2|a1d1a4|M5|S,183319476
187481588,183319476,BTCUSD,1,-2.08,4,SL,2026-05-06 01:29:10,0.1,81507.3,0.0,0.0,converted_from_iso8601_offset_to_utc_naive,0,0.0,0.0,0.0,[sl 81504.39],183319667
187482858,183320474,BTCUSD,0,0.0,3,EXPERT,2026-05-06 01:31:57,0.1,81317.7,0.0,0.0,converted_from_iso8601_offset_to_utc_naive,0,0.0,0.0,0.0,OV2|c4f115|M5|S,183320474
187488787,183212910,US500,1,1.17,5,TP,2026-05-06 01:52:09,0.04,7281.75,0.0,0.0,converted_from_iso8601_offset_to_utc_naive,0,0.0,-0.07,0.0,[tp 7280.20],183324701
187490246,183167558,USOIL+,1,20.4,5,TP,2026-05-06 01:52:18,0.1,97.93,0.0,0.0,converted_from_iso8601_offset_to_utc_naive,0,0.0,-0.32,0.0,[tp 97.97],183326030
187491590,183320474,BTCUSD,1,-1.69,4,SL,2026-05-06 01:52:31,0.1,81334.61,0.0,0.0,converted_from_iso8601_offset_to_utc_naive,0,0.0,0.0,0.0,[sl 81334.20],183326953
187492644,183328298,XAUUSD,0,0.0,3,EXPERT,2026-05-06 01:53:13,0.05,4553.0,0.0,0.0,converted_from_iso8601_offset_to_utc_naive,0,0.0,0.0,0.0,OV2|a0b8db|M5|S,183328298
187492755,183328406,BTCUSD,0,0.0,3,EXPERT,2026-05-06 01:53:19,0.1,81193.86,0.0,0.0,converted_from_iso8601_offset_to_utc_naive,0,0.0,0.0,0.0,OV2|62dc04|M5|S,183328406
187492756,183328406,BTCUSD,1,-1.9300000000000002,4,SL,2026-05-06 01:53:19,0.1,81213.11,0.0,0.0,converted_from_iso8601_offset_to_utc_naive,0,0.0,0.0,0.0,[sl 81212.36],183328407
187493298,183328298,XAUUSD,1,-13.05,4,SL,2026-05-06 01:54:35,0.05,4555.61,0.0,0.0,converted_from_iso8601_offset_to_utc_naive,0,0.0,0.0,0.0,[sl 4555.50],183329255
187493346,183329304,XAUUSD,0,0.0,3,EXPERT,2026-05-06 01:54:37,0.05,4555.38,0.0,0.0,converted_from_iso8601_offset_to_utc_naive,0,0.0,0.0,0.0,OV2|962c05|M5|S,183329304
187493654,183329571,BTCUSD,0,0.0,3,EXPERT,2026-05-06 01:54:52,0.1,81181.98,0.0,0.0,converted_from_iso8601_offset_to_utc_naive,0,0.0,0.0,0.0,OV2|366c49|M5|S,183329571
187493655,183329571,BTCUSD,1,-2.05,4,SL,2026-05-06 01:54:52,0.1,81202.52,0.0,0.0,converted_from_iso8601_offset_to_utc_naive,0,0.0,0.0,0.0,[sl 81200.48],183329576
187493713,183329304,XAUUSD,1,-14.4,4,SL,2026-05-06 01:54:57,0.05,4558.26,0.0,0.0,converted_from_iso8601_offset_to_utc_naive,0,0.0,0.0,0.0,[sl 4557.77],183329648
187495253,183278407,GBPUSD,1,-6.9,4,SL,2026-05-06 01:55:02,0.1,1.35564,0.0,0.0,converted_from_iso8601_offset_to_utc_naive,0,0.0,-0.21,0.0,[sl 1.35563],183330701
187503445,183336830,BTCUSD,0,0.0,3,EXPERT,2026-05-06 01:56:19,0.1,81202.71,0.0,0.0,converted_from_iso8601_offset_to_utc_naive,0,0.0,0.0,0.0,OV2|14d092|M5|S,183336830
187503606,183336830,BTCUSD,1,-1.55,4,SL,2026-05-06 01:56:24,0.1,81218.24,0.0,0.0,converted_from_iso8601_offset_to_utc_naive,0,0.0,0.0,0.0,[sl 81214.29],183336989
187503666,183337079,XAUUSD,0,0.0,3,EXPERT,2026-05-06 01:56:25,0.05,4571.75,0.0,0.0,converted_from_iso8601_offset_to_utc_naive,0,0.0,0.0,0.0,OV2|052729|M5|S,183337079
187505583,183338947,BTCUSD,0,0.0,3,EXPERT,2026-05-06 01:57:57,0.1,81122.22,0.0,0.0,converted_from_iso8601_offset_to_utc_naive,0,0.0,0.0,0.0,OV2|ed8ec4|M5|S,183338947
187507636,183337079,XAUUSD,1,-13.15,4,SL,2026-05-06 02:00:02,0.05,4574.38,0.0,0.0,converted_from_iso8601_offset_to_utc_naive,0,0.0,0.0,0.0,[sl 4574.25],183340947
187508546,183338947,BTCUSD,1,-1.8199999999999998,4,SL,2026-05-06 02:00:24,0.1,81140.41,0.0,0.0,converted_from_iso8601_offset_to_utc_naive,0,0.0,0.0,0.0,[sl 81138.72],183341744
187509331,183342403,GBPUSD,0,0.0,3,EXPERT,2026-05-06 02:00:51,0.1,1.35591,0.0,0.0,converted_from_iso8601_offset_to_utc_naive,0,0.0,0.0,0.0,OV2|eab4ed|M5|B,183342403
187509568,183342629,BTCUSD,0,0.0,3,EXPERT,2026-05-06 02:01:02,0.1,81144.99,0.0,0.0,converted_from_iso8601_offset_to_utc_naive,0,0.0,0.0,0.0,OV2|29a06f|M5|S,183342629
187518302,183342629,BTCUSD,1,-2.05,4,SL,2026-05-06 02:10:26,0.1,81165.51,0.0,0.0,converted_from_iso8601_offset_to_utc_naive,0,0.0,0.0,0.0,[sl 81161.49],183349263
187518924,183349709,BTCUSD,0,0.0,3,EXPERT,2026-05-06 02:11:33,0.1,81178.48,0.0,0.0,converted_from_iso8601_offset_to_utc_naive,0,0.0,0.0,0.0,OV2|327e78|M5|S,183349709
187519091,183349709,BTCUSD,1,-2.55,4,SL,2026-05-06 02:11:39,0.1,81204.02,0.0,0.0,converted_from_iso8601_offset_to_utc_naive,0,0.0,0.0,0.0,[sl 81196.48],183349820
187523691,183352738,BTCUSD,0,0.0,3,EXPERT,2026-05-06 02:13:20,0.1,81190.81,0.0,0.0,converted_from_iso8601_offset_to_utc_naive,0,0.0,0.0,0.0,OV2|dfab62|M5|S,183352738
187525074,183352738,BTCUSD,1,-2.0,4,SL,2026-05-06 02:14:26,0.1,81210.78,0.0,0.0,converted_from_iso8601_offset_to_utc_naive,0,0.0,0.0,0.0,[sl 81209.31],183353687
187525835,183354156,BTCUSD,0,0.0,3,EXPERT,2026-05-06 02:14:38,0.1,81207.02,0.0,0.0,converted_from_iso8601_offset_to_utc_naive,0,0.0,0.0,0.0,OV2|6c592a|M5|S,183354156
187535401,0,,0,0.01,0,CLIENT,2026-05-06 02:31:54,0.0,0.0,,,converted_from_iso8601_offset_to_utc_naive,0,0.0,0.0,0.0,Dividend US500 May 05 26,0
187558994,183354156,BTCUSD,1,-2.25,4,SL,2026-05-06 03:11:44,0.1,81229.49,0.0,0.0,converted_from_iso8601_offset_to_utc_naive,0,0.0,0.0,0.0,[sl 81223.52],183377413
187559947,183378026,BTCUSD,0,0.0,3,EXPERT,2026-05-06 03:13:14,0.1,81149.0,0.0,0.0,converted_from_iso8601_offset_to_utc_naive,0,0.0,0.0,0.0,OV2|b0bebf|M5|S,183378026
187560234,183378026,BTCUSD,1,-2.32,4,SL,2026-05-06 03:14:12,0.1,81172.16,0.0,0.0,converted_from_iso8601_offset_to_utc_naive,0,0.0,0.0,0.0,[sl 81167.50],183378214
187560457,183378353,BTCUSD,0,0.0,3,EXPERT,2026-05-06 03:14:46,0.1,81143.2,0.0,0.0,converted_from_iso8601_offset_to_utc_naive,0,0.0,0.0,0.0,OV2|643288|M5|S,183378353
187560812,183378353,BTCUSD,1,-2.69,4,SL,2026-05-06 03:15:41,0.1,81170.05,0.0,0.0,converted_from_iso8601_offset_to_utc_naive,0,0.0,0.0,0.0,[sl 81159.70],183378642
187560997,183378775,BTCUSD,0,0.0,3,EXPERT,2026-05-06 03:16:13,0.1,81205.9,0.0,0.0,converted_from_iso8601_offset_to_utc_naive,0,0.0,0.0,0.0,OV2|1e8a1d|M5|S,183378775
187561009,183378775,BTCUSD,1,-3.7199999999999998,4,SL,2026-05-06 03:16:17,0.1,81243.13,0.0,0.0,converted_from_iso8601_offset_to_utc_naive,0,0.0,0.0,0.0,[sl 81222.40],183378787
187561935,183379393,BTCUSD,0,0.0,3,EXPERT,2026-05-06 03:17:40,0.1,81139.87,0.0,0.0,converted_from_iso8601_offset_to_utc_naive,0,0.0,0.0,0.0,OV2|f669c9|M5|S,183379393
187563104,183379393,BTCUSD,1,-1.8599999999999999,4,SL,2026-05-06 03:18:25,0.1,81158.46,0.0,0.0,converted_from_iso8601_offset_to_utc_naive,0,0.0,0.0,0.0,[sl 81156.37],183380155
187564411,183380978,BTCUSD,0,0.0,3,EXPERT,2026-05-06 03:19:18,0.1,81117.01,0.0,0.0,converted_from_iso8601_offset_to_utc_naive,0,0.0,0.0,0.0,OV2|06955e|M5|S,183380978
187598005,183380978,BTCUSD,1,-2.1,4,SL,2026-05-06 04:04:03,0.1,81138.04,0.0,0.0,converted_from_iso8601_offset_to_utc_naive,0,0.0,0.0,0.0,[sl 81135.51],183403692
187629504,183425543,BTCUSD,0,0.0,3,EXPERT,2026-05-06 05:02:28,0.1,81353.31,0.0,0.0,converted_from_iso8601_offset_to_utc_naive,0,0.0,0.0,0.0,OV2|a1168b|M5|B,183425543
187629930,183425543,BTCUSD,1,-1.97,4,SL,2026-05-06 05:03:31,0.1,81333.66,0.0,0.0,converted_from_iso8601_offset_to_utc_naive,0,0.0,0.0,0.0,[sl 81334.81],183425814
187630086,183425928,BTCUSD,0,0.0,3,EXPERT,2026-05-06 05:04:01,0.1,81337.25,0.0,0.0,converted_from_iso8601_offset_to_utc_naive,0,0.0,0.0,0.0,OV2|4067d1|M5|B,183425928
187630267,183425928,BTCUSD,1,-1.72,4,SL,2026-05-06 05:04:39,0.1,81320.1,0.0,0.0,converted_from_iso8601_offset_to_utc_naive,0,0.0,0.0,0.0,[sl 81320.75],183426049
187633798,183428457,BTCUSD,0,0.0,3,EXPERT,2026-05-06 05:09:50,0.1,81334.51,0.0,0.0,converted_from_iso8601_offset_to_utc_naive,0,0.0,0.0,0.0,OV2|ce1012|M5|B,183428457
187633866,183428457,BTCUSD,1,-4.7,4,SL,2026-05-06 05:09:56,0.1,81287.53,0.0,0.0,converted_from_iso8601_offset_to_utc_naive,0,0.0,0.0,0.0,[sl 81316.01],183428513
187635480,183429550,BTCUSD,0,0.0,3,EXPERT,2026-05-06 05:11:42,0.1,81325.23,0.0,0.0,converted_from_iso8601_offset_to_utc_naive,0,0.0,0.0,0.0,OV2|c58b5d|M5|B,183429550
187635759,183429550,BTCUSD,1,-1.9300000000000002,4,SL,2026-05-06 05:12:50,0.1,81305.92,0.0,0.0,converted_from_iso8601_offset_to_utc_naive,0,0.0,0.0,0.0,[sl 81308.73],183429745
187635785,183429766,BTCUSD,0,0.0,3,EXPERT,2026-05-06 05:13:00,0.1,81307.74,0.0,0.0,converted_from_iso8601_offset_to_utc_naive,0,0.0,0.0,0.0,OV2|1d7062|M5|B,183429766
187635996,183429766,BTCUSD,1,-1.7,4,SL,2026-05-06 05:13:23,0.1,81290.74,0.0,0.0,converted_from_iso8601_offset_to_utc_naive,0,0.0,0.0,0.0,[sl 81291.24],183429920
187636813,183430448,BTCUSD,0,0.0,3,EXPERT,2026-05-06 05:14:27,0.1,81291.64,0.0,0.0,converted_from_iso8601_offset_to_utc_naive,0,0.0,0.0,0.0,OV2|3f6342|M5|B,183430448
187637265,183430448,BTCUSD,1,-1.6400000000000001,4,SL,2026-05-06 05:15:55,0.1,81275.28,0.0,0.0,converted_from_iso8601_offset_to_utc_naive,0,0.0,0.0,0.0,[sl 81275.69],183430795
187637372,183430877,BTCUSD,0,0.0,3,EXPERT,2026-05-06 05:16:19,0.1,81284.53,0.0,0.0,converted_from_iso8601_offset_to_utc_naive,0,0.0,0.0,0.0,OV2|f7f766|M5|B,183430877
187637415,183430877,BTCUSD,1,-1.72,4,SL,2026-05-06 05:16:31,0.1,81267.37,0.0,0.0,converted_from_iso8601_offset_to_utc_naive,0,0.0,0.0,0.0,[sl 81268.03],183430906
187638189,183431399,BTCUSD,0,0.0,3,EXPERT,2026-05-06 05:17:52,0.1,81277.02,0.0,0.0,converted_from_iso8601_offset_to_utc_naive,0,0.0,0.0,0.0,OV2|9d8d8a|M5|B,183431399
187638376,183431399,BTCUSD,1,-1.85,4,SL,2026-05-06 05:18:00,0.1,81258.49,0.0,0.0,converted_from_iso8601_offset_to_utc_naive,0,0.0,0.0,0.0,[sl 81260.52],183431511
187639061,183082031,GBPJPY,1,47.08,5,TP,2026-05-06 05:19:04,0.09,214.097,0.0,0.0,converted_from_iso8601_offset_to_utc_naive,0,0.0,0.64,0.0,[tp 214.096],183431994
187639108,183432036,BTCUSD,0,0.0,3,EXPERT,2026-05-06 05:19:14,0.1,81263.85,0.0,0.0,converted_from_iso8601_offset_to_utc_naive,0,0.0,0.0,0.0,OV2|730c71|M5|B,183432036
187640330,183432036,BTCUSD,1,-2.12,4,SL,2026-05-06 05:22:42,0.1,81242.68,0.0,0.0,converted_from_iso8601_offset_to_utc_naive,0,0.0,0.0,0.0,[sl 81247.35],183432971
187640579,183433141,BTCUSD,0,0.0,3,EXPERT,2026-05-06 05:23:50,0.1,81277.46,0.0,0.0,converted_from_iso8601_offset_to_utc_naive,0,0.0,0.0,0.0,OV2|cd0ef6|M5|B,183433141
187640596,183433141,BTCUSD,1,-1.6600000000000001,4,SL,2026-05-06 05:23:59,0.1,81260.86,0.0,0.0,converted_from_iso8601_offset_to_utc_naive,0,0.0,0.0,0.0,[sl 81261.44],183433155
187641134,183433544,BTCUSD,0,0.0,3,EXPERT,2026-05-06 05:26:44,0.1,81194.76,0.0,0.0,converted_from_iso8601_offset_to_utc_naive,0,0.0,0.0,0.0,OV2|7146a4|M5|B,183433544
187641427,183433544,BTCUSD,1,-1.98,4,SL,2026-05-06 05:27:52,0.1,81174.97,0.0,0.0,converted_from_iso8601_offset_to_utc_naive,0,0.0,0.0,0.0,[sl 81176.26],183433753
187653584,183441957,BTCUSD,0,0.0,3,EXPERT,2026-05-06 05:49:48,0.1,81263.09,0.0,0.0,converted_from_iso8601_offset_to_utc_naive,0,0.0,0.0,0.0,OV2|2e0b94|M5|B,183441957
187654176,183441957,BTCUSD,1,-1.72,4,SL,2026-05-06 05:51:34,0.1,81245.94,0.0,0.0,converted_from_iso8601_offset_to_utc_naive,0,0.0,0.0,0.0,[sl 81246.59],183442333
187654895,183442858,BTCUSD,0,0.0,3,EXPERT,2026-05-06 05:54:28,0.1,81284.25,0.0,0.0,converted_from_iso8601_offset_to_utc_naive,0,0.0,0.0,0.0,OV2|e8e89e|M5|B,183442858
187655002,183442858,BTCUSD,1,-1.71,4,SL,2026-05-06 05:54:33,0.1,81267.2,0.0,0.0,converted_from_iso8601_offset_to_utc_naive,0,0.0,0.0,0.0,[sl 81267.75],183442934
187656061,183443681,BTCUSD,0,0.0,3,EXPERT,2026-05-06 05:56:10,0.1,81310.15,0.0,0.0,converted_from_iso8601_offset_to_utc_naive,0,0.0,0.0,0.0,OV2|bb84ea|M5|B,183443681
187662006,183081248,CADJPY,1,27.15,5,TP,2026-05-06 06:06:09,0.1,116.058,0.0,0.0,converted_from_iso8601_offset_to_utc_naive,0,0.0,0.16,0.0,[tp 116.058],183447832
187692860,183082085,USDJPY,1,-10.79,4,SL,2026-05-06 07:27:26,0.08,157.266,0.0,0.0,converted_from_iso8601_offset_to_utc_naive,0,0.0,0.46,0.0,[sl 157.327],183470095
187695481,183471794,USDJPY,0,0.0,3,EXPERT,2026-05-06 07:28:18,0.1,157.258,0.0,0.0,converted_from_iso8601_offset_to_utc_naive,0,0.0,0.0,0.0,OV2|795ada|M5|S,183471794
187695774,183471794,USDJPY,1,21.09,5,TP,2026-05-06 07:28:32,0.1,156.925,0.0,0.0,converted_from_iso8601_offset_to_utc_naive,0,0.0,0.0,0.0,[tp 156.934],183472000
187697837,183342403,GBPUSD,1,21.0,5,TP,2026-05-06 07:30:30,0.1,1.35801,0.0,0.0,converted_from_iso8601_offset_to_utc_naive,0,0.0,0.0,0.0,[tp 1.35801],183473475
187698348,183473818,GBPUSD,0,0.0,3,EXPERT,2026-05-06 07:31:18,0.1,1.35815,0.0,0.0,converted_from_iso8601_offset_to_utc_naive,0,0.0,0.0,0.0,OV2|62ebe2|M5|B,183473818
187698363,183473828,USDJPY,0,0.0,3,EXPERT,2026-05-06 07:31:23,0.06,156.694,0.0,0.0,converted_from_iso8601_offset_to_utc_naive,0,0.0,0.0,0.0,OV2|1ea298|M5|S,183473828
187700244,183473828,USDJPY,1,18.94,5,TP,2026-05-06 07:35:10,0.06,156.198,0.0,0.0,converted_from_iso8601_offset_to_utc_naive,0,0.0,0.0,0.0,[tp 156.207],183475088
187700552,183475291,USDJPY,0,0.0,3,EXPERT,2026-05-06 07:36:07,0.05,156.241,0.0,0.0,converted_from_iso8601_offset_to_utc_naive,0,0.0,0.0,0.0,OV2|ee0c00|M5|S,183475291
187705479,183475291,USDJPY,1,22.39,5,TP,2026-05-06 07:49:25,0.05,155.54,0.0,0.0,converted_from_iso8601_offset_to_utc_naive,0,0.0,0.0,0.0,[tp 155.541],183478759
187705782,183478964,USDJPY,0,0.0,3,EXPERT,2026-05-06 07:49:51,0.07,155.619,0.0,0.0,converted_from_iso8601_offset_to_utc_naive,0,0.0,0.0,0.0,OV2|101511|M5|S,183478964
187706704,183443681,BTCUSD,1,-1.8900000000000001,4,SL,2026-05-06 07:52:06,0.1,81291.28,0.0,0.0,converted_from_iso8601_offset_to_utc_naive,0,0.0,0.0,0.0,[sl 81293.02],183480166
187708264,183478964,USDJPY,1,-6.87,4,SL,2026-05-06 07:57:52,0.07,155.771,0.0,0.0,converted_from_iso8601_offset_to_utc_naive,0,0.0,0.0,0.0,[sl 155.769],183483391
187708523,183483803,USDJPY,0,0.0,3,EXPERT,2026-05-06 07:59:01,0.07,155.736,0.0,0.0,converted_from_iso8601_offset_to_utc_naive,0,0.0,0.0,0.0,OV2|ae9cf4|M5|S,183483803
187708712,183483803,USDJPY,1,-7.54,4,SL,2026-05-06 07:59:50,0.07,155.903,0.0,0.0,converted_from_iso8601_offset_to_utc_naive,0,0.0,0.0,0.0,[sl 155.885],183484052
187709735,183485044,USDJPY,0,0.0,3,EXPERT,2026-05-06 08:02:01,0.07,155.869,0.0,0.0,converted_from_iso8601_offset_to_utc_naive,0,0.0,0.0,0.0,OV2|3cc04b|M5|S,183485044
187709776,183485074,XAUUSD,0,0.0,3,EXPERT,2026-05-06 08:02:21,0.05,4651.88,0.0,0.0,converted_from_iso8601_offset_to_utc_naive,0,0.0,0.0,0.0,OV2|6323c1|M5|B,183485074
187711183,183485044,USDJPY,1,-7.26,4,SL,2026-05-06 08:06:57,0.07,156.03,0.0,0.0,converted_from_iso8601_offset_to_utc_naive,0,0.0,0.0,0.0,[sl 156.019],183486052
187711554,183486299,USDJPY,0,0.0,3,EXPERT,2026-05-06 08:08:12,0.07,156.137,0.0,0.0,converted_from_iso8601_offset_to_utc_naive,0,0.0,0.0,0.0,OV2|49014f|M5|S,183486299
187717069,183486299,USDJPY,1,-6.76,4,SL,2026-05-06 08:18:35,0.07,156.287,0.0,0.0,converted_from_iso8601_offset_to_utc_naive,0,0.0,0.0,0.0,[sl 156.287],183490078
187717131,183490116,USDJPY,0,0.0,3,EXPERT,2026-05-06 08:19:00,0.07,156.257,0.0,0.0,converted_from_iso8601_offset_to_utc_naive,0,0.0,0.0,0.0,OV2|1698f9|M5|S,183490116
187720157,183485074,XAUUSD,1,-12.8,4,SL,2026-05-06 08:30:06,0.05,4649.32,0.0,0.0,converted_from_iso8601_offset_to_utc_naive,0,0.0,0.0,0.0,[sl 4649.38],183492318
187720732,183492677,BTCUSD,0,0.0,3,EXPERT,2026-05-06 08:31:21,0.1,81220.24,0.0,0.0,converted_from_iso8601_offset_to_utc_naive,0,0.0,0.0,0.0,OV2|d7e548|H1|S,183492677
187720759,183492693,XAUUSD,0,0.0,3,EXPERT,2026-05-06 08:31:28,0.05,4648.8,0.0,0.0,converted_from_iso8601_offset_to_utc_naive,0,0.0,0.0,0.0,OV2|3efa4a|M5|B,183492693
187720857,183492677,BTCUSD,1,-1.6600000000000001,4,SL,2026-05-06 08:31:40,0.1,81236.81,0.0,0.0,converted_from_iso8601_offset_to_utc_naive,0,0.0,0.0,0.0,[sl 81236.74],183492754
187721155,183492693,XAUUSD,1,-13.5,4,SL,2026-05-06 08:32:07,0.05,4646.1,0.0,0.0,converted_from_iso8601_offset_to_utc_naive,0,0.0,0.0,0.0,[sl 4646.30],183492979
187721557,183493207,BTCUSD,0,0.0,3,EXPERT,2026-05-06 08:33:00,0.1,81195.37,0.0,0.0,converted_from_iso8601_offset_to_utc_naive,0,0.0,0.0,0.0,OV2|7a3cbf|M5|S,183493207
187721604,183493236,XAUUSD,0,0.0,3,EXPERT,2026-05-06 08:33:10,0.05,4647.17,0.0,0.0,converted_from_iso8601_offset_to_utc_naive,0,0.0,0.0,0.0,OV2|36d505|M5|B,183493236
187721651,183493207,BTCUSD,1,-2.17,4,SL,2026-05-06 08:33:22,0.1,81217.09,0.0,0.0,converted_from_iso8601_offset_to_utc_naive,0,0.0,0.0,0.0,[sl 81211.87],183493267
187722244,183493675,BTCUSD,0,0.0,3,EXPERT,2026-05-06 08:34:33,0.1,81200.0,0.0,0.0,converted_from_iso8601_offset_to_utc_naive,0,0.0,0.0,0.0,OV2|d98338|M5|S,183493675
187722700,183493236,XAUUSD,1,-12.5,4,SL,2026-05-06 08:36:37,0.05,4644.67,0.0,0.0,converted_from_iso8601_offset_to_utc_naive,0,0.0,0.0,0.0,[sl 4644.67],183493978
187723817,183494638,XAUUSD,0,0.0,3,EXPERT,2026-05-06 08:37:28,0.05,4645.65,0.0,0.0,converted_from_iso8601_offset_to_utc_naive,0,0.0,0.0,0.0,OV2|dc6e62|M5|B,183494638
187728369,183493675,BTCUSD,1,-1.67,4,SL,2026-05-06 08:47:59,0.1,81216.68,0.0,0.0,converted_from_iso8601_offset_to_utc_naive,0,0.0,0.0,0.0,[sl 81216.50],183498345
187728549,183498512,BTCUSD,0,0.0,3,EXPERT,2026-05-06 08:48:30,0.1,81212.86,0.0,0.0,converted_from_iso8601_offset_to_utc_naive,0,0.0,0.0,0.0,OV2|bbd260|M5|S,183498512
187728773,183498512,BTCUSD,1,-2.17,4,SL,2026-05-06 08:49:12,0.1,81234.53,0.0,0.0,converted_from_iso8601_offset_to_utc_naive,0,0.0,0.0,0.0,[sl 81234.11],183498693
187728956,183498847,BTCUSD,0,0.0,3,EXPERT,2026-05-06 08:49:57,0.1,81230.3,0.0,0.0,converted_from_iso8601_offset_to_utc_naive,0,0.0,0.0,0.0,OV2|3968ef|M5|S,183498847
187728991,183498847,BTCUSD,1,-2.05,4,SL,2026-05-06 08:50:02,0.1,81250.8,0.0,0.0,converted_from_iso8601_offset_to_utc_naive,0,0.0,0.0,0.0,[sl 81246.80],183498873
187729406,183499193,BTCUSD,0,0.0,3,EXPERT,2026-05-06 08:51:20,0.1,81233.33,0.0,0.0,converted_from_iso8601_offset_to_utc_naive,0,0.0,0.0,0.0,OV2|b46d9c|M5|S,183499193
187731677,183499193,BTCUSD,1,-2.0,4,SL,2026-05-06 08:56:12,0.1,81253.3,0.0,0.0,converted_from_iso8601_offset_to_utc_naive,0,0.0,0.0,0.0,[sl 81249.83],183500941
187734517,183502703,BTCUSD,0,0.0,3,EXPERT,2026-05-06 08:57:28,0.1,81273.38,0.0,0.0,converted_from_iso8601_offset_to_utc_naive,0,0.0,0.0,0.0,OV2|8466ce|M5|S,183502703
187734811,183494638,XAUUSD,1,80.55,5,TP,2026-05-06 08:58:19,0.05,4661.76,0.0,0.0,converted_from_iso8601_offset_to_utc_naive,0,0.0,0.0,0.0,[tp 4661.69],183502996
187735736,183502703,BTCUSD,1,-1.87,4,SL,2026-05-06 08:58:42,0.1,81292.11,0.0,0.0,converted_from_iso8601_offset_to_utc_naive,0,0.0,0.0,0.0,[sl 81289.88],183503478
187736443,183503951,BTCUSD,0,0.0,3,EXPERT,2026-05-06 08:59:05,0.1,81307.8,0.0,0.0,converted_from_iso8601_offset_to_utc_naive,0,0.0,0.0,0.0,OV2|4c09ac|M5|S,183503951
187736468,183503968,XAUUSD,0,0.0,3,EXPERT,2026-05-06 08:59:11,0.05,4663.68,0.0,0.0,converted_from_iso8601_offset_to_utc_naive,0,0.0,0.0,0.0,OV2|653866|M5|B,183503968
187737178,183503951,BTCUSD,1,-1.8900000000000001,4,SL,2026-05-06 09:00:07,0.1,81326.7,0.0,0.0,converted_from_iso8601_offset_to_utc_naive,0,0.0,0.0,0.0,[sl 81326.30],183504634
187737631,183505032,BTCUSD,0,0.0,3,EXPERT,2026-05-06 09:00:38,0.1,81341.18,0.0,0.0,converted_from_iso8601_offset_to_utc_naive,0,0.0,0.0,0.0,OV2|aee544|M5|S,183505032
187738801,183505032,BTCUSD,1,-2.24,4,SL,2026-05-06 09:01:29,0.1,81363.61,0.0,0.0,converted_from_iso8601_offset_to_utc_naive,0,0.0,0.0,0.0,[sl 81358.66],183505938
187739356,183506356,BTCUSD,0,0.0,3,EXPERT,2026-05-06 09:02:22,0.1,81320.26,0.0,0.0,converted_from_iso8601_offset_to_utc_naive,0,0.0,0.0,0.0,OV2|2a64d5|M5|S,183506356
187739407,183503968,XAUUSD,1,-12.55,4,SL,2026-05-06 09:02:25,0.05,4661.17,0.0,0.0,converted_from_iso8601_offset_to_utc_naive,0,0.0,0.0,0.0,[sl 4661.18],183506390
187739565,183506356,BTCUSD,1,-1.78,4,SL,2026-05-06 09:02:33,0.1,81338.08,0.0,0.0,converted_from_iso8601_offset_to_utc_naive,0,0.0,0.0,0.0,[sl 81336.76],183506510
187740336,183490116,USDJPY,1,-6.8,4,SL,2026-05-06 09:03:41,0.07,156.408,0.0,0.0,converted_from_iso8601_offset_to_utc_naive,0,0.0,0.0,0.0,[sl 156.407],183507155
187740397,183507198,BTCUSD,0,0.0,3,EXPERT,2026-05-06 09:03:44,0.1,81352.22,0.0,0.0,converted_from_iso8601_offset_to_utc_naive,0,0.0,0.0,0.0,OV2|7650ec|M5|S,183507198
187740505,183507275,XAUUSD,0,0.0,3,EXPERT,2026-05-06 09:03:54,0.05,4660.77,0.0,0.0,converted_from_iso8601_offset_to_utc_naive,0,0.0,0.0,0.0,OV2|9e1e4e|M5|B,183507275
187740557,183507312,USDJPY,0,0.0,3,EXPERT,2026-05-06 09:03:59,0.1,156.399,0.0,0.0,converted_from_iso8601_offset_to_utc_naive,0,0.0,0.0,0.0,OV2|62a9db|M5|S,183507312
187740726,183507198,BTCUSD,1,-1.7,4,SL,2026-05-06 09:04:26,0.1,81369.26,0.0,0.0,converted_from_iso8601_offset_to_utc_naive,0,0.0,0.0,0.0,[sl 81368.72],183507427
187741284,183507275,XAUUSD,1,-12.9,4,SL,2026-05-06 09:05:02,0.05,4658.19,0.0,0.0,converted_from_iso8601_offset_to_utc_naive,0,0.0,0.0,0.0,[sl 4658.27],183507807
187742079,183508380,XAUUSD,0,0.0,3,EXPERT,2026-05-06 09:06:45,0.05,4658.47,0.0,0.0,converted_from_iso8601_offset_to_utc_naive,0,0.0,0.0,0.0,OV2|f4d813|M5|B,183508380
187742116,183508407,BTCUSD,0,0.0,3,EXPERT,2026-05-06 09:07:00,0.1,81334.34,0.0,0.0,converted_from_iso8601_offset_to_utc_naive,0,0.0,0.0,0.0,OV2|b113e6|M5|S,183508407
187750157,183508407,BTCUSD,1,-1.8199999999999998,4,SL,2026-05-06 09:28:15,0.1,81352.5,0.0,0.0,converted_from_iso8601_offset_to_utc_naive,0,0.0,0.0,0.0,[sl 81350.84],183514069
187750188,183514092,BTCUSD,0,0.0,3,EXPERT,2026-05-06 09:28:27,0.1,81338.79,0.0,0.0,converted_from_iso8601_offset_to_utc_naive,0,0.0,0.0,0.0,OV2|7eb29c|M5|S,183514092
187750213,183514092,BTCUSD,1,-1.73,4,SL,2026-05-06 09:28:46,0.1,81356.06,0.0,0.0,converted_from_iso8601_offset_to_utc_naive,0,0.0,0.0,0.0,[sl 81355.29],183514110
187752039,183515606,BTCUSD,0,0.0,3,EXPERT,2026-05-06 09:33:10,0.1,81392.76,0.0,0.0,converted_from_iso8601_offset_to_utc_naive,0,0.0,0.0,0.0,OV2|c5c270|M5|B,183515606
187752061,183515606,BTCUSD,1,-1.75,4,SL,2026-05-06 09:33:20,0.1,81375.23,0.0,0.0,converted_from_iso8601_offset_to_utc_naive,0,0.0,0.0,0.0,[sl 81376.26],183515619
187753322,183516529,BTCUSD,0,0.0,3,EXPERT,2026-05-06 09:37:37,0.1,81434.07,0.0,0.0,converted_from_iso8601_offset_to_utc_naive,0,0.0,0.0,0.0,OV2|7018da|M5|B,183516529
187753418,183516529,BTCUSD,1,-1.6600000000000001,4,SL,2026-05-06 09:37:43,0.1,81417.49,0.0,0.0,converted_from_iso8601_offset_to_utc_naive,0,0.0,0.0,0.0,[sl 81417.57],183516595
187754195,183517190,BTCUSD,0,0.0,3,EXPERT,2026-05-06 09:39:05,0.1,81458.47,0.0,0.0,converted_from_iso8601_offset_to_utc_naive,0,0.0,0.0,0.0,OV2|e7810e|M5|B,183517190
187754262,183517190,BTCUSD,1,-2.18,4,SL,2026-05-06 09:39:12,0.1,81436.69,0.0,0.0,converted_from_iso8601_offset_to_utc_naive,0,0.0,0.0,0.0,[sl 81441.59],183517230
187755790,183518286,BTCUSD,0,0.0,3,EXPERT,2026-05-06 09:42:31,0.1,81390.16,0.0,0.0,converted_from_iso8601_offset_to_utc_naive,0,0.0,0.0,0.0,OV2|9f10ff|M5|B,183518286
187765958,183507312,USDJPY,1,-5.27,4,SL,2026-05-06 10:12:28,0.1,156.481,0.0,0.0,converted_from_iso8601_offset_to_utc_naive,0,0.0,0.0,0.0,[sl 156.481],183526381
187766457,183526734,USDJPY,0,0.0,3,EXPERT,2026-05-06 10:13:19,0.1,156.51,0.0,0.0,converted_from_iso8601_offset_to_utc_naive,0,0.0,0.0,0.0,OV2|30842d|M5|S,183526734
187788775,183518286,BTCUSD,1,-1.71,4,SL,2026-05-06 10:50:34,0.1,81373.08,0.0,0.0,converted_from_iso8601_offset_to_utc_naive,0,0.0,0.0,0.0,[sl 81373.66],183543268
187789944,183544155,BTCUSD,0,0.0,3,EXPERT,2026-05-06 10:51:42,0.1,81385.98,0.0,0.0,converted_from_iso8601_offset_to_utc_naive,0,0.0,0.0,0.0,OV2|cf1288|M5|B,183544155
187790246,183544155,BTCUSD,1,-1.7,4,SL,2026-05-06 10:52:16,0.1,81369.02,0.0,0.0,converted_from_iso8601_offset_to_utc_naive,0,0.0,0.0,0.0,[sl 81369.48],183544380
187790454,183526734,USDJPY,1,14.37,5,TP,2026-05-06 10:52:39,0.1,156.284,0.0,0.0,converted_from_iso8601_offset_to_utc_naive,0,0.0,0.0,0.0,[tp 156.291],183544518
187790554,183544596,BTCUSD,0,0.0,3,EXPERT,2026-05-06 10:53:09,0.1,81345.11,0.0,0.0,converted_from_iso8601_offset_to_utc_naive,0,0.0,0.0,0.0,OV2|46d165|M5|B,183544596
187790632,183544596,BTCUSD,1,-1.6600000000000001,4,SL,2026-05-06 10:53:31,0.1,81328.5,0.0,0.0,converted_from_iso8601_offset_to_utc_naive,0,0.0,0.0,0.0,[sl 81328.61],183544647
187790953,183544880,BTCUSD,0,0.0,3,EXPERT,2026-05-06 10:54:46,0.1,81347.01,0.0,0.0,converted_from_iso8601_offset_to_utc_naive,0,0.0,0.0,0.0,OV2|eee4c9|M5|B,183544880
187790960,183544889,USDJPY,0,0.0,3,EXPERT,2026-05-06 10:54:52,0.1,156.259,0.0,0.0,converted_from_iso8601_offset_to_utc_naive,0,0.0,0.0,0.0,OV2|0f4165|M5|S,183544889
187791168,183544880,BTCUSD,1,-2.24,4,SL,2026-05-06 10:55:28,0.1,81324.57,0.0,0.0,converted_from_iso8601_offset_to_utc_naive,0,0.0,0.0,0.0,[sl 81329.54],183545061
187791601,183545350,BTCUSD,0,0.0,3,EXPERT,2026-05-06 10:57:56,0.1,81345.71,0.0,0.0,converted_from_iso8601_offset_to_utc_naive,0,0.0,0.0,0.0,OV2|b0daa5|M5|B,183545350
187792170,183544889,USDJPY,1,17.08,5,TP,2026-05-06 10:58:51,0.1,155.991,0.0,0.0,converted_from_iso8601_offset_to_utc_naive,0,0.0,0.0,0.0,[tp 155.994],183545743
187792604,183545350,BTCUSD,1,-1.69,4,SL,2026-05-06 10:59:13,0.1,81328.79,0.0,0.0,converted_from_iso8601_offset_to_utc_naive,0,0.0,0.0,0.0,[sl 81329.21],183546059
187792998,183546344,BTCUSD,0,0.0,3,EXPERT,2026-05-06 10:59:34,0.1,81334.84,0.0,0.0,converted_from_iso8601_offset_to_utc_naive,0,0.0,0.0,0.0,OV2|5d54ac|M5|B,183546344
187793098,183508380,XAUUSD,1,107.1,5,TP,2026-05-06 10:59:35,0.05,4679.89,0.0,0.0,converted_from_iso8601_offset_to_utc_naive,0,0.0,0.0,0.0,[tp 4679.44],183546429
187793505,183546648,XAUUSD,0,0.0,3,EXPERT,2026-05-06 10:59:39,0.05,4680.3,0.0,0.0,converted_from_iso8601_offset_to_utc_naive,0,0.0,0.0,0.0,OV2|ff6fa0|M5|B,183546648
187795861,183546648,XAUUSD,1,-12.6,4,SL,2026-05-06 11:01:02,0.05,4677.78,0.0,0.0,converted_from_iso8601_offset_to_utc_naive,0,0.0,0.0,0.0,[sl 4677.80],183548443
187796116,183548611,USDJPY,0,0.0,3,EXPERT,2026-05-06 11:01:12,0.06,156.122,0.0,0.0,converted_from_iso8601_offset_to_utc_naive,0,0.0,0.0,0.0,OV2|a65c04|M5|S,183548611
187796150,183546344,BTCUSD,1,-1.81,4,SL,2026-05-06 11:01:14,0.1,81316.72,0.0,0.0,converted_from_iso8601_offset_to_utc_naive,0,0.0,0.0,0.0,[sl 81318.34],183548637
187796810,183549096,BTCUSD,0,0.0,3,EXPERT,2026-05-06 11:02:35,0.1,81424.6,0.0,0.0,converted_from_iso8601_offset_to_utc_naive,0,0.0,0.0,0.0,OV2|30f6e9|M5|B,183549096
187796847,183549126,XAUUSD,0,0.0,3,EXPERT,2026-05-06 11:02:45,0.05,4677.4,0.0,0.0,converted_from_iso8601_offset_to_utc_naive,0,0.0,0.0,0.0,OV2|d523f6|M5|B,183549126
187797428,183548611,USDJPY,1,-5.95,4,SL,2026-05-06 11:03:50,0.06,156.276,0.0,0.0,converted_from_iso8601_offset_to_utc_naive,0,0.0,0.0,0.0,[sl 156.262],183549628
187797471,183549659,USDJPY,0,0.0,3,EXPERT,2026-05-06 11:03:58,0.07,156.266,0.0,0.0,converted_from_iso8601_offset_to_utc_naive,0,0.0,0.0,0.0,OV2|bb9c28|M5|S,183549659
187805357,183473818,GBPUSD,1,21.0,5,TP,2026-05-06 11:31:32,0.1,1.36025,0.0,0.0,converted_from_iso8601_offset_to_utc_naive,0,0.0,0.0,0.0,[tp 1.36025],183555516
187806118,183556052,GBPUSD,0,0.0,3,EXPERT,2026-05-06 11:33:31,0.1,1.36082,0.0,0.0,converted_from_iso8601_offset_to_utc_naive,0,0.0,0.0,0.0,OV2|151412|M5|B,183556052
187807123,183549126,XAUUSD,1,-12.55,4,SL,2026-05-06 11:35:13,0.05,4674.89,0.0,0.0,converted_from_iso8601_offset_to_utc_naive,0,0.0,0.0,0.0,[sl 4674.90],183557067
187808607,183558074,XAUUSD,0,0.0,3,EXPERT,2026-05-06 11:36:31,0.05,4674.96,0.0,0.0,converted_from_iso8601_offset_to_utc_naive,0,0.0,0.0,0.0,OV2|6c5c6d|M5|B,183558074
187819654,183558074,XAUUSD,1,103.05,5,TP,2026-05-06 11:50:41,0.05,4695.57,0.0,0.0,converted_from_iso8601_offset_to_utc_naive,0,0.0,0.0,0.0,[tp 4695.14],183566308
187826227,183570772,XAUUSD,0,0.0,3,EXPERT,2026-05-06 11:52:01,0.05,4693.52,0.0,0.0,converted_from_iso8601_offset_to_utc_naive,0,0.0,0.0,0.0,OV2|0d7a4c|M5|B,183570772
187827655,183549096,BTCUSD,1,46.33,5,TP,2026-05-06 11:52:38,0.1,81887.94,0.0,0.0,converted_from_iso8601_offset_to_utc_naive,0,0.0,0.0,0.0,[tp 81884.77],183571911
187828387,183556052,GBPUSD,1,22.4,5,TP,2026-05-06 11:52:50,0.1,1.36306,0.0,0.0,converted_from_iso8601_offset_to_utc_naive,0,0.0,0.0,0.0,[tp 1.36304],183572433
187829796,183573555,GBPUSD,0,0.0,3,EXPERT,2026-05-06 11:53:39,0.1,1.36285,0.0,0.0,converted_from_iso8601_offset_to_utc_naive,0,0.0,0.0,0.0,OV2|04572e|M5|B,183573555
187829874,183573641,BTCUSD,0,0.0,3,EXPERT,2026-05-06 11:53:44,0.1,81905.8,0.0,0.0,converted_from_iso8601_offset_to_utc_naive,0,0.0,0.0,0.0,OV2|8dfaaf|M5|B,183573641
187829985,183573641,BTCUSD,1,-1.99,4,SL,2026-05-06 11:53:47,0.1,81885.89,0.0,0.0,converted_from_iso8601_offset_to_utc_naive,0,0.0,0.0,0.0,[sl 81889.30],183573725
187831675,183575204,BTCUSD,0,0.0,3,EXPERT,2026-05-06 11:54:57,0.1,81916.67,0.0,0.0,converted_from_iso8601_offset_to_utc_naive,0,0.0,0.0,0.0,OV2|77bed0|M5|B,183575204
187831875,183575204,BTCUSD,1,-2.71,4,SL,2026-05-06 11:55:06,0.1,81889.56,0.0,0.0,converted_from_iso8601_offset_to_utc_naive,0,0.0,0.0,0.0,[sl 81900.17],183575366
187833361,183576509,BTCUSD,0,0.0,3,EXPERT,2026-05-06 11:56:30,0.1,81935.97,0.0,0.0,converted_from_iso8601_offset_to_utc_naive,0,0.0,0.0,0.0,OV2|791474|M5|B,183576509
187833414,183576509,BTCUSD,1,-1.6800000000000002,4,SL,2026-05-06 11:56:33,0.1,81919.22,0.0,0.0,converted_from_iso8601_offset_to_utc_naive,0,0.0,0.0,0.0,[sl 81920.68],183576546
187835062,183578170,BTCUSD,0,0.0,3,EXPERT,2026-05-06 11:58:19,0.1,81925.49,0.0,0.0,converted_from_iso8601_offset_to_utc_naive,0,0.0,0.0,0.0,OV2|6c88c0|M5|B,183578170
187835541,183578170,BTCUSD,1,-1.7,4,SL,2026-05-06 11:58:57,0.1,81908.46,0.0,0.0,converted_from_iso8601_offset_to_utc_naive,0,0.0,0.0,0.0,[sl 81908.71],183578583
187836379,183579291,BTCUSD,0,0.0,3,EXPERT,2026-05-06 11:59:42,0.1,81933.54,0.0,0.0,converted_from_iso8601_offset_to_utc_naive,0,0.0,0.0,0.0,OV2|8c689d|M5|B,183579291
187838913,183579291,BTCUSD,1,-1.77,4,SL,2026-05-06 12:00:20,0.1,81915.89,0.0,0.0,converted_from_iso8601_offset_to_utc_naive,0,0.0,0.0,0.0,[sl 81917.04],183581299
187840549,183582756,BTCUSD,0,0.0,3,EXPERT,2026-05-06 12:01:20,0.1,81836.12,0.0,0.0,converted_from_iso8601_offset_to_utc_naive,0,0.0,0.0,0.0,OV2|d56c19|M5|B,183582756
187840553,183582756,BTCUSD,1,-1.79,4,SL,2026-05-06 12:01:20,0.1,81818.19,0.0,0.0,converted_from_iso8601_offset_to_utc_naive,0,0.0,0.0,0.0,[sl 81819.62],183582759
187841218,183573555,GBPUSD,1,-7.5,4,SL,2026-05-06 12:02:19,0.1,1.3620999999999999,0.0,0.0,converted_from_iso8601_offset_to_utc_naive,0,0.0,0.0,0.0,[sl 1.36212],183583245
187841594,183583492,GBPUSD,0,0.0,3,EXPERT,2026-05-06 12:02:42,0.1,1.36194,0.0,0.0,converted_from_iso8601_offset_to_utc_naive,0,0.0,0.0,0.0,OV2|3ba647|M5|B,183583492
187841672,183583551,BTCUSD,0,0.0,3,EXPERT,2026-05-06 12:02:47,0.1,81794.25,0.0,0.0,converted_from_iso8601_offset_to_utc_naive,0,0.0,0.0,0.0,OV2|37fdf9|M5|B,183583551
187841718,183583551,BTCUSD,1,-1.46,4,SL,2026-05-06 12:02:51,0.1,81779.65,0.0,0.0,converted_from_iso8601_offset_to_utc_naive,0,0.0,0.0,0.0,[sl 81780.67],183583588
187843098,183584511,BTCUSD,0,0.0,3,EXPERT,2026-05-06 12:04:30,0.1,81777.34,0.0,0.0,converted_from_iso8601_offset_to_utc_naive,0,0.0,0.0,0.0,OV2|127254|M5|B,183584511
187843714,183570772,XAUUSD,1,-13.05,4,SL,2026-05-06 12:05:02,0.05,4690.91,0.0,0.0,converted_from_iso8601_offset_to_utc_naive,0,0.0,0.0,0.0,[sl 4691.02],183584908
187844477,183585408,XAUUSD,0,0.0,3,EXPERT,2026-05-06 12:05:56,0.05,4690.28,0.0,0.0,converted_from_iso8601_offset_to_utc_naive,0,0.0,0.0,0.0,OV2|bf6f4a|H1|B,183585408
187851930,183584511,BTCUSD,1,-1.71,4,SL,2026-05-06 12:21:57,0.1,81760.23,0.0,0.0,converted_from_iso8601_offset_to_utc_naive,0,0.0,0.0,0.0,[sl 81760.84],183590946
187852499,183591339,BTCUSD,0,0.0,3,EXPERT,2026-05-06 12:22:51,0.1,81745.63,0.0,0.0,converted_from_iso8601_offset_to_utc_naive,0,0.0,0.0,0.0,OV2|fccecc|M5|B,183591339
187852512,183591339,BTCUSD,1,-1.94,4,SL,2026-05-06 12:22:52,0.1,81726.23,0.0,0.0,converted_from_iso8601_offset_to_utc_naive,0,0.0,0.0,0.0,[sl 81729.13],183591346
187853030,183591735,BTCUSD,0,0.0,3,EXPERT,2026-05-06 12:24:24,0.1,81712.02,0.0,0.0,converted_from_iso8601_offset_to_utc_naive,0,0.0,0.0,0.0,OV2|96cc55|M5|B,183591735
187853225,183591735,BTCUSD,1,-2.0,4,SL,2026-05-06 12:25:09,0.1,81692.02,0.0,0.0,converted_from_iso8601_offset_to_utc_naive,0,0.0,0.0,0.0,[sl 81695.52],183591875
187853413,183592013,BTCUSD,0,0.0,3,EXPERT,2026-05-06 12:26:07,0.1,81715.41,0.0,0.0,converted_from_iso8601_offset_to_utc_naive,0,0.0,0.0,0.0,OV2|a16511|M5|B,183592013
187900486,183549659,USDJPY,1,23.86,5,TP,2026-05-06 13:51:03,0.07,155.732,0.0,0.0,converted_from_iso8601_offset_to_utc_naive,0,0.0,0.0,0.0,[tp 155.732],183633990
187901107,183634409,USDJPY,0,0.0,3,EXPERT,2026-05-06 13:52:26,0.1,155.724,0.0,0.0,converted_from_iso8601_offset_to_utc_naive,0,0.0,0.0,0.0,OV2|f485d1|M5|S,183634409
187904137,183585408,XAUUSD,1,162.7,5,TP,2026-05-06 13:54:06,0.05,4722.82,0.0,0.0,converted_from_iso8601_offset_to_utc_naive,0,0.0,0.0,0.0,[tp 4722.72],183636467
187907003,183638844,XAUUSD,0,0.0,3,EXPERT,2026-05-06 13:56:59,0.05,4717.41,0.0,0.0,converted_from_iso8601_offset_to_utc_naive,0,0.0,0.0,0.0,OV2|613a66|M5|B,183638844
187909921,183638844,XAUUSD,1,-13.7,4,SL,2026-05-06 14:02:24,0.05,4714.67,0.0,0.0,converted_from_iso8601_offset_to_utc_naive,0,0.0,0.0,0.0,[sl 4714.91],183641191
187910650,183641665,XAUUSD,0,0.0,3,EXPERT,2026-05-06 14:03:11,0.05,4713.35,0.0,0.0,converted_from_iso8601_offset_to_utc_naive,0,0.0,0.0,0.0,OV2|4f44ab|M5|B,183641665
187911456,183634409,USDJPY,1,-5.88,4,SL,2026-05-06 14:05:01,0.1,155.815,0.0,0.0,converted_from_iso8601_offset_to_utc_naive,0,0.0,0.0,0.0,[sl 155.815],183642531
187912467,183643214,USDJPY,0,0.0,3,EXPERT,2026-05-06 14:06:31,0.1,155.806,0.0,0.0,converted_from_iso8601_offset_to_utc_naive,0,0.0,0.0,0.0,OV2|b6fd93|M5|S,183643214
187915538,183641665,XAUUSD,1,-13.15,4,SL,2026-05-06 14:12:36,0.05,4710.72,0.0,0.0,converted_from_iso8601_offset_to_utc_naive,0,0.0,0.0,0.0,[sl 4710.72],183645977
187915786,183646110,XAUUSD,0,0.0,3,EXPERT,2026-05-06 14:12:40,0.05,4710.76,0.0,0.0,converted_from_iso8601_offset_to_utc_naive,0,0.0,0.0,0.0,OV2|7331c8|M5|B,183646110
187916226,183643214,USDJPY,1,-6.52,4,SL,2026-05-06 14:13:08,0.1,155.907,0.0,0.0,converted_from_iso8601_offset_to_utc_naive,0,0.0,0.0,0.0,[sl 155.907],183646383
187916715,183646705,USDJPY,0,0.0,3,EXPERT,2026-05-06 14:14:03,0.1,155.895,0.0,0.0,converted_from_iso8601_offset_to_utc_naive,0,0.0,0.0,0.0,OV2|a4e79e|M5|S,183646705
187917963,183592013,BTCUSD,1,84.79,5,TP,2026-05-06 14:17:32,0.1,82563.3,0.0,0.0,converted_from_iso8601_offset_to_utc_naive,0,0.0,0.0,0.0,[tp 82560.25],183647780
187918329,183648138,BTCUSD,0,0.0,3,EXPERT,2026-05-06 14:18:37,0.1,82560.34,0.0,0.0,converted_from_iso8601_offset_to_utc_naive,0,0.0,0.0,0.0,OV2|1918c6|M5|B,183648138
187918335,183648138,BTCUSD,1,-2.07,4,SL,2026-05-06 14:18:39,0.1,82539.63,0.0,0.0,converted_from_iso8601_offset_to_utc_naive,0,0.0,0.0,0.0,[sl 82543.84],183648143
187919234,183648817,BTCUSD,0,0.0,3,EXPERT,2026-05-06 14:21:52,0.1,82676.53,0.0,0.0,converted_from_iso8601_offset_to_utc_naive,0,0.0,0.0,0.0,OV2|49cfc1|M5|B,183648817
187920895,183648817,BTCUSD,1,-4.39,4,SL,2026-05-06 14:27:19,0.1,82632.63,0.0,0.0,converted_from_iso8601_offset_to_utc_naive,0,0.0,0.0,0.0,[sl 82657.64],183650005
187921012,183650244,BTCUSD,0,0.0,3,EXPERT,2026-05-06 14:27:49,0.1,82671.9,0.0,0.0,converted_from_iso8601_offset_to_utc_naive,0,0.0,0.0,0.0,OV2|a16f95|M5|B,183650244
187921392,183646110,XAUUSD,1,-12.7,4,SL,2026-05-06 14:28:55,0.05,4708.22,0.0,0.0,converted_from_iso8601_offset_to_utc_naive,0,0.0,0.0,0.0,[sl 4708.26],183650631
187921493,183650244,BTCUSD,1,-1.94,4,SL,2026-05-06 14:28:57,0.1,82652.5,0.0,0.0,converted_from_iso8601_offset_to_utc_naive,0,0.0,0.0,0.0,[sl 82652.67],183650693
187921691,183650814,XAUUSD,0,0.0,3,EXPERT,2026-05-06 14:29:22,0.05,4708.71,0.0,0.0,converted_from_iso8601_offset_to_utc_naive,0,0.0,0.0,0.0,OV2|54704f|M5|B,183650814
187921714,183650829,BTCUSD,0,0.0,3,EXPERT,2026-05-06 14:29:28,0.1,82696.06,0.0,0.0,converted_from_iso8601_offset_to_utc_naive,0,0.0,0.0,0.0,OV2|ce1753|M5|B,183650829
187921942,183650829,BTCUSD,1,-1.67,4,SL,2026-05-06 14:29:43,0.1,82679.38,0.0,0.0,converted_from_iso8601_offset_to_utc_naive,0,0.0,0.0,0.0,[sl 82679.56],183650978
187922193,183650814,XAUUSD,1,-12.8,4,SL,2026-05-06 14:29:51,0.05,4706.15,0.0,0.0,converted_from_iso8601_offset_to_utc_naive,0,0.0,0.0,0.0,[sl 4706.21],183651108
187923337,183652221,BTCUSD,0,0.0,3,EXPERT,2026-05-06 14:31:00,0.1,82680.69,0.0,0.0,converted_from_iso8601_offset_to_utc_naive,0,0.0,0.0,0.0,OV2|7c10c9|M5|B,183652221
187924541,183653135,XAUUSD,0,0.0,3,EXPERT,2026-05-06 14:32:28,0.05,4710.71,0.0,0.0,converted_from_iso8601_offset_to_utc_naive,0,0.0,0.0,0.0,OV2|a571e4|M5|B,183653135
187924633,183652221,BTCUSD,1,-1.67,4,SL,2026-05-06 14:32:39,0.1,82663.97,0.0,0.0,converted_from_iso8601_offset_to_utc_naive,0,0.0,0.0,0.0,[sl 82664.19],183653191
187924687,183653277,BTCUSD,0,0.0,3,EXPERT,2026-05-06 14:32:48,0.1,82662.45,0.0,0.0,converted_from_iso8601_offset_to_utc_naive,0,0.0,0.0,0.0,OV2|83c274|M5|B,183653277
187924700,183653277,BTCUSD,1,-1.6600000000000001,4,SL,2026-05-06 14:32:58,0.1,82645.85,0.0,0.0,converted_from_iso8601_offset_to_utc_naive,0,0.0,0.0,0.0,[sl 82645.95],183653340
187925651,183654196,BTCUSD,0,0.0,3,EXPERT,2026-05-06 14:34:11,0.1,82654.36,0.0,0.0,converted_from_iso8601_offset_to_utc_naive,0,0.0,0.0,0.0,OV2|e7ffc5|M5|B,183654196
187929321,183653135,XAUUSD,1,-12.55,4,SL,2026-05-06 14:40:48,0.05,4708.2,0.0,0.0,converted_from_iso8601_offset_to_utc_naive,0,0.0,0.0,0.0,[sl 4708.29],183656801
187929951,183654196,BTCUSD,1,-1.77,4,SL,2026-05-06 14:41:25,0.1,82636.65,0.0,0.0,converted_from_iso8601_offset_to_utc_naive,0,0.0,0.0,0.0,[sl 82637.86],183657399
187930438,183646705,USDJPY,1,-6.64,4,SL,2026-05-06 14:41:47,0.1,155.998,0.0,0.0,converted_from_iso8601_offset_to_utc_naive,0,0.0,0.0,0.0,[sl 155.998],183657869
187931152,183658337,USDJPY,0,0.0,3,EXPERT,2026-05-06 14:41:54,0.1,155.961,0.0,0.0,converted_from_iso8601_offset_to_utc_naive,0,0.0,0.0,0.0,OV2|c74dbd|M5|S,183658337
187931228,183658396,XAUUSD,0,0.0,3,EXPERT,2026-05-06 14:41:59,0.05,4707.85,0.0,0.0,converted_from_iso8601_offset_to_utc_naive,0,0.0,0.0,0.0,OV2|9486f4|M5|B,183658396
187931318,183658467,BTCUSD,0,0.0,3,EXPERT,2026-05-06 14:42:05,0.1,82550.53,0.0,0.0,converted_from_iso8601_offset_to_utc_naive,0,0.0,0.0,0.0,OV2|186601|M5|B,183658467
187931324,183658467,BTCUSD,1,-1.75,4,SL,2026-05-06 14:42:05,0.1,82533.08,0.0,0.0,converted_from_iso8601_offset_to_utc_naive,0,0.0,0.0,0.0,[sl 82534.03],183658472
187931573,183658396,XAUUSD,1,-12.65,4,SL,2026-05-06 14:42:22,0.05,4705.32,0.0,0.0,converted_from_iso8601_offset_to_utc_naive,0,0.0,0.0,0.0,[sl 4705.35],183658664
187931817,183658337,USDJPY,1,-5.41,4,SL,2026-05-06 14:42:56,0.1,156.045,0.0,0.0,converted_from_iso8601_offset_to_utc_naive,0,0.0,0.0,0.0,[sl 156.044],183658827
187933302,183659824,XAUUSD,0,0.0,3,EXPERT,2026-05-06 14:43:17,0.05,4700.68,0.0,0.0,converted_from_iso8601_offset_to_utc_naive,0,0.0,0.0,0.0,OV2|e23fb9|M5|B,183659824
187933567,183660001,BTCUSD,0,0.0,3,EXPERT,2026-05-06 14:43:27,0.1,82507.24,0.0,0.0,converted_from_iso8601_offset_to_utc_naive,0,0.0,0.0,0.0,OV2|298211|M5|B,183660001
187933631,183660048,USDJPY,0,0.0,3,EXPERT,2026-05-06 14:43:33,0.1,156.048,0.0,0.0,converted_from_iso8601_offset_to_utc_naive,0,0.0,0.0,0.0,OV2|538eb9|M5|S,183660048
187933767,183660001,BTCUSD,1,-1.7,4,SL,2026-05-06 14:43:46,0.1,82490.28,0.0,0.0,converted_from_iso8601_offset_to_utc_naive,0,0.0,0.0,0.0,[sl 82490.74],183660140
187934189,183659824,XAUUSD,1,-15.4,4,SL,2026-05-06 14:44:11,0.05,4697.6,0.0,0.0,converted_from_iso8601_offset_to_utc_naive,0,0.0,0.0,0.0,[sl 4698.18],183660483
187936191,183661852,BTCUSD,0,0.0,3,EXPERT,2026-05-06 14:46:23,0.1,82487.75,0.0,0.0,converted_from_iso8601_offset_to_utc_naive,0,0.0,0.0,0.0,OV2|a2ab1d|M5|B,183661852
187944310,183660048,USDJPY,1,-5.73,4,SL,2026-05-06 15:00:35,0.1,156.137,0.0,0.0,converted_from_iso8601_offset_to_utc_naive,0,0.0,0.0,0.0,[sl 156.137],183667578
187946013,183661852,BTCUSD,1,-2.02,4,SL,2026-05-06 15:01:40,0.1,82467.55,0.0,0.0,converted_from_iso8601_offset_to_utc_naive,0,0.0,0.0,0.0,[sl 82471.25],183668646
187946812,183669158,BTCUSD,0,0.0,3,EXPERT,2026-05-06 15:02:04,0.1,82476.43,0.0,0.0,converted_from_iso8601_offset_to_utc_naive,0,0.0,0.0,0.0,OV2|818d19|M5|B,183669158
187946844,183669158,BTCUSD,1,-1.75,4,SL,2026-05-06 15:02:08,0.1,82458.9,0.0,0.0,converted_from_iso8601_offset_to_utc_naive,0,0.0,0.0,0.0,[sl 82459.93],183669178
187947867,183669896,BTCUSD,0,0.0,3,EXPERT,2026-05-06 15:03:27,0.1,82403.92,0.0,0.0,converted_from_iso8601_offset_to_utc_naive,0,0.0,0.0,0.0,OV2|3036dd|M5|B,183669896
187948315,183669896,BTCUSD,1,-1.75,4,SL,2026-05-06 15:03:51,0.1,82386.47,0.0,0.0,converted_from_iso8601_offset_to_utc_naive,0,0.0,0.0,0.0,[sl 82387.42],183670189
187951011,183671942,BTCUSD,0,0.0,3,EXPERT,2026-05-06 15:06:39,0.1,82344.23,0.0,0.0,converted_from_iso8601_offset_to_utc_naive,0,0.0,0.0,0.0,OV2|704e97|M5|B,183671942
187951051,183671942,BTCUSD,1,-1.73,4,SL,2026-05-06 15:06:40,0.1,82326.98,0.0,0.0,converted_from_iso8601_offset_to_utc_naive,0,0.0,0.0,0.0,[sl 82327.73],183672022
187952470,183672902,BTCUSD,0,0.0,3,EXPERT,2026-05-06 15:08:22,0.1,82396.76,0.0,0.0,converted_from_iso8601_offset_to_utc_naive,0,0.0,0.0,0.0,OV2|53303c|M5|B,183672902
187952779,183672902,BTCUSD,1,-2.35,4,SL,2026-05-06 15:09:04,0.1,82373.29,0.0,0.0,converted_from_iso8601_offset_to_utc_naive,0,0.0,0.0,0.0,[sl 82378.26],183673116
187953043,183673322,BTCUSD,0,0.0,3,EXPERT,2026-05-06 15:09:44,0.1,82364.99,0.0,0.0,converted_from_iso8601_offset_to_utc_naive,0,0.0,0.0,0.0,OV2|da3586|M5|B,183673322
187953074,183673322,BTCUSD,1,-1.97,4,SL,2026-05-06 15:09:48,0.1,82345.33,0.0,0.0,converted_from_iso8601_offset_to_utc_naive,0,0.0,0.0,0.0,[sl 82348.49],183673344
187955523,183674920,BTCUSD,0,0.0,3,EXPERT,2026-05-06 15:11:28,0.1,82335.57,0.0,0.0,converted_from_iso8601_offset_to_utc_naive,0,0.0,0.0,0.0,OV2|4d0ef6|M5|B,183674920
187955554,183674920,BTCUSD,1,-1.67,4,SL,2026-05-06 15:11:34,0.1,82318.84,0.0,0.0,converted_from_iso8601_offset_to_utc_naive,0,0.0,0.0,0.0,[sl 82319.07],183674944
187956247,183675401,BTCUSD,0,0.0,3,EXPERT,2026-05-06 15:12:57,0.1,82306.57,0.0,0.0,converted_from_iso8601_offset_to_utc_naive,0,0.0,0.0,0.0,OV2|710622|M5|B,183675401
187957669,183583492,GBPUSD,1,-8.0,4,SL,2026-05-06 15:14:23,0.1,1.36114,0.0,0.0,converted_from_iso8601_offset_to_utc_naive,0,0.0,0.0,0.0,[sl 1.36118],183676313
187957814,183675401,BTCUSD,1,-2.22,4,SL,2026-05-06 15:14:33,0.1,82284.42,0.0,0.0,converted_from_iso8601_offset_to_utc_naive,0,0.0,0.0,0.0,[sl 82290.07],183676456
187961947,183679174,BTCUSD,0,0.0,3,EXPERT,2026-05-06 15:15:57,0.1,82306.93,0.0,0.0,converted_from_iso8601_offset_to_utc_naive,0,0.0,0.0,0.0,OV2|cadc41|M5|B,183679174
187962002,183679174,BTCUSD,1,-2.02,4,SL,2026-05-06 15:16:01,0.1,82286.72,0.0,0.0,converted_from_iso8601_offset_to_utc_naive,0,0.0,0.0,0.0,[sl 82290.43],183679219
187963347,183680112,BTCUSD,0,0.0,3,EXPERT,2026-05-06 15:17:45,0.1,82256.22,0.0,0.0,converted_from_iso8601_offset_to_utc_naive,0,0.0,0.0,0.0,OV2|f16893|M5|B,183680112
187965841,183680112,BTCUSD,1,-2.01,4,SL,2026-05-06 15:19:08,0.1,82236.1,0.0,0.0,converted_from_iso8601_offset_to_utc_naive,0,0.0,0.0,0.0,[sl 82239.72],183681680
187972374,183685779,BTCUSD,0,0.0,3,EXPERT,2026-05-06 15:22:23,0.1,82447.75,0.0,0.0,converted_from_iso8601_offset_to_utc_naive,0,0.0,0.0,0.0,OV2|aafe8a|M5|B,183685779
187972585,183685779,BTCUSD,1,-1.6600000000000001,4,SL,2026-05-06 15:22:46,0.1,82431.17,0.0,0.0,converted_from_iso8601_offset_to_utc_naive,0,0.0,0.0,0.0,[sl 82431.25],183685930
187973003,183686223,BTCUSD,0,0.0,3,EXPERT,2026-05-06 15:23:36,0.1,82468.31,0.0,0.0,converted_from_iso8601_offset_to_utc_naive,0,0.0,0.0,0.0,OV2|4b294e|M5|B,183686223
187973738,183686223,BTCUSD,1,-1.8199999999999998,4,SL,2026-05-06 15:24:01,0.1,82450.11,0.0,0.0,converted_from_iso8601_offset_to_utc_naive,0,0.0,0.0,0.0,[sl 82451.81],183686721
187976306,183688401,BTCUSD,0,0.0,3,EXPERT,2026-05-06 15:26:46,0.1,82410.78,0.0,0.0,converted_from_iso8601_offset_to_utc_naive,0,0.0,0.0,0.0,OV2|b16cc4|M5|B,183688401
187976730,183688401,BTCUSD,1,-1.6600000000000001,4,SL,2026-05-06 15:27:49,0.1,82394.14,0.0,0.0,converted_from_iso8601_offset_to_utc_naive,0,0.0,0.0,0.0,[sl 82394.69],183688711
187977609,183689303,BTCUSD,0,0.0,3,EXPERT,2026-05-06 15:28:32,0.1,82386.82,0.0,0.0,converted_from_iso8601_offset_to_utc_naive,0,0.0,0.0,0.0,OV2|0ba7ee|M5|B,183689303
187979350,183689303,BTCUSD,1,-1.78,4,SL,2026-05-06 15:30:33,0.1,82368.99,0.0,0.0,converted_from_iso8601_offset_to_utc_naive,0,0.0,0.0,0.0,[sl 82370.32],183690526
187981745,183692190,BTCUSD,0,0.0,3,EXPERT,2026-05-06 15:33:06,0.1,82412.22,0.0,0.0,converted_from_iso8601_offset_to_utc_naive,0,0.0,0.0,0.0,OV2|a2c881|M5|B,183692190
187981896,183692190,BTCUSD,1,-1.67,4,SL,2026-05-06 15:33:21,0.1,82395.49,0.0,0.0,converted_from_iso8601_offset_to_utc_naive,0,0.0,0.0,0.0,[sl 82395.72],183692307
187982432,183692728,BTCUSD,0,0.0,3,EXPERT,2026-05-06 15:34:34,0.1,82389.88,0.0,0.0,converted_from_iso8601_offset_to_utc_naive,0,0.0,0.0,0.0,OV2|4da286|M5|B,183692728
187983231,183692728,BTCUSD,1,-2.2800000000000002,4,SL,2026-05-06 15:37:18,0.1,82367.11,0.0,0.0,converted_from_iso8601_offset_to_utc_naive,0,0.0,0.0,0.0,[sl 82373.38],183693301
187983375,183693382,BTCUSD,0,0.0,3,EXPERT,2026-05-06 15:37:33,0.1,82354.86,0.0,0.0,converted_from_iso8601_offset_to_utc_naive,0,0.0,0.0,0.0,OV2|5e5c8a|M5|B,183693382
187983873,183693382,BTCUSD,1,-1.81,4,SL,2026-05-06 15:38:56,0.1,82336.79,0.0,0.0,converted_from_iso8601_offset_to_utc_naive,0,0.0,0.0,0.0,[sl 82338.36],183693702
187983944,183693742,BTCUSD,0,0.0,3,EXPERT,2026-05-06 15:39:17,0.1,82333.52,0.0,0.0,converted_from_iso8601_offset_to_utc_naive,0,0.0,0.0,0.0,OV2|e72d7a|M5|B,183693742
187984166,183693742,BTCUSD,1,-1.8599999999999999,4,SL,2026-05-06 15:40:13,0.1,82314.97,0.0,0.0,converted_from_iso8601_offset_to_utc_naive,0,0.0,0.0,0.0,[sl 82317.02],183693912
187984804,183694374,BTCUSD,0,0.0,3,EXPERT,2026-05-06 15:42:11,0.1,82317.13,0.0,0.0,converted_from_iso8601_offset_to_utc_naive,0,0.0,0.0,0.0,OV2|29bad9|M5|B,183694374
187985307,183694374,BTCUSD,1,-2.07,4,SL,2026-05-06 15:44:03,0.1,82296.42,0.0,0.0,converted_from_iso8601_offset_to_utc_naive,0,0.0,0.0,0.0,[sl 82300.63],183694755
188000072,183705762,XAUUSD,0,0.0,3,EXPERT,2026-05-06 16:07:06,0.05,4679.85,0.0,0.0,converted_from_iso8601_offset_to_utc_naive,0,0.0,0.0,0.0,OV2|ca7f80|M5|S,183705762
188000431,183705762,XAUUSD,1,-12.55,4,SL,2026-05-06 16:07:40,0.05,4682.36,0.0,0.0,converted_from_iso8601_offset_to_utc_naive,0,0.0,0.0,0.0,[sl 4682.35],183706092
188002985,183707688,XAUUSD,0,0.0,3,EXPERT,2026-05-06 16:08:44,0.05,4670.57,0.0,0.0,converted_from_iso8601_offset_to_utc_naive,0,0.0,0.0,0.0,OV2|ee3176|M5|S,183707688
188003135,183707688,XAUUSD,1,-12.7,4,SL,2026-05-06 16:08:50,0.05,4673.11,0.0,0.0,converted_from_iso8601_offset_to_utc_naive,0,0.0,0.0,0.0,[sl 4673.07],183707793
188006156,183710012,XAUUSD,0,0.0,3,EXPERT,2026-05-06 16:11:35,0.05,4679.58,0.0,0.0,converted_from_iso8601_offset_to_utc_naive,0,0.0,0.0,0.0,OV2|b08ae3|M5|S,183710012
188007707,183710012,XAUUSD,1,-12.5,4,SL,2026-05-06 16:14:23,0.05,4682.08,0.0,0.0,converted_from_iso8601_offset_to_utc_naive,0,0.0,0.0,0.0,[sl 4682.07],183711151
188010441,183713017,XAUUSD,0,0.0,3,EXPERT,2026-05-06 16:16:29,0.05,4685.02,0.0,0.0,converted_from_iso8601_offset_to_utc_naive,0,0.0,0.0,0.0,OV2|a31a90|M5|S,183713017
188011565,183713857,USDJPY,0,0.0,3,EXPERT,2026-05-06 16:19:20,0.1,156.24,0.0,0.0,converted_from_iso8601_offset_to_utc_naive,0,0.0,0.0,0.0,OV2|c071d5|M5|B,183713857
188013421,183715196,EURUSD,0,0.0,3,EXPERT,2026-05-06 16:22:25,0.1,1.17509,0.0,0.0,converted_from_iso8601_offset_to_utc_naive,0,0.0,0.0,0.0,OV2|2f5433|M5|S,183715196
188017909,183713017,XAUUSD,1,-14.1,4,SL,2026-05-06 16:31:12,0.05,4687.84,0.0,0.0,converted_from_iso8601_offset_to_utc_naive,0,0.0,0.0,0.0,[sl 4687.52],183719014
188018866,183719678,XAUUSD,0,0.0,3,EXPERT,2026-05-06 16:31:48,0.05,4687.34,0.0,0.0,converted_from_iso8601_offset_to_utc_naive,0,0.0,0.0,0.0,OV2|002890|M5|S,183719678
188019600,183719678,XAUUSD,1,-12.65,4,SL,2026-05-06 16:32:19,0.05,4689.87,0.0,0.0,converted_from_iso8601_offset_to_utc_naive,0,0.0,0.0,0.0,[sl 4689.84],183720226
188021603,183721805,XAUUSD,0,0.0,3,EXPERT,2026-05-06 16:33:21,0.05,4689.26,0.0,0.0,converted_from_iso8601_offset_to_utc_naive,0,0.0,0.0,0.0,OV2|196a8b|M5|S,183721805
188021701,183721805,XAUUSD,1,-13.5,4,SL,2026-05-06 16:33:27,0.05,4691.96,0.0,0.0,converted_from_iso8601_offset_to_utc_naive,0,0.0,0.0,0.0,[sl 4691.76],183721902
188024556,183713857,USDJPY,1,-5.22,4,SL,2026-05-06 16:34:37,0.1,156.159,0.0,0.0,converted_from_iso8601_offset_to_utc_naive,0,0.0,0.0,0.0,[sl 156.160],183723950
188035179,183731624,BTCUSD,0,0.0,3,EXPERT,2026-05-06 16:47:08,0.1,81624.01,0.0,0.0,converted_from_iso8601_offset_to_utc_naive,0,0.0,0.0,0.0,OV2|189a65|M5|S,183731624
188035181,183731624,BTCUSD,1,-1.8,4,SL,2026-05-06 16:47:08,0.1,81642.01,0.0,0.0,converted_from_iso8601_offset_to_utc_naive,0,0.0,0.0,0.0,[sl 81640.51],183731626
188035250,183731669,XAUUSD,0,0.0,3,EXPERT,2026-05-06 16:47:13,0.05,4693.89,0.0,0.0,converted_from_iso8601_offset_to_utc_naive,0,0.0,0.0,0.0,OV2|50089b|M5|B,183731669
188036439,183732541,BTCUSD,0,0.0,3,EXPERT,2026-05-06 16:48:42,0.1,81695.29,0.0,0.0,converted_from_iso8601_offset_to_utc_naive,0,0.0,0.0,0.0,OV2|0770c5|M5|S,183732541
188036471,183732541,BTCUSD,1,-2.84,4,SL,2026-05-06 16:48:45,0.1,81723.68,0.0,0.0,converted_from_iso8601_offset_to_utc_naive,0,0.0,0.0,0.0,[sl 81713.79],183732561
188038422,183733873,BTCUSD,0,0.0,3,EXPERT,2026-05-06 16:50:35,0.1,81673.04,0.0,0.0,converted_from_iso8601_offset_to_utc_naive,0,0.0,0.0,0.0,OV2|25cf70|M5|S,183733873
188038428,183733873,BTCUSD,1,-1.9300000000000002,4,SL,2026-05-06 16:50:35,0.1,81692.31,0.0,0.0,converted_from_iso8601_offset_to_utc_naive,0,0.0,0.0,0.0,[sl 81689.54],183733878
188040158,183735110,BTCUSD,0,0.0,3,EXPERT,2026-05-06 16:51:58,0.1,81645.34,0.0,0.0,converted_from_iso8601_offset_to_utc_naive,0,0.0,0.0,0.0,OV2|1e8ec6|M5|S,183735110
188040170,183735110,BTCUSD,1,-1.6800000000000002,4,SL,2026-05-06 16:51:59,0.1,81662.12,0.0,0.0,converted_from_iso8601_offset_to_utc_naive,0,0.0,0.0,0.0,[sl 81661.84],183735125
188041497,183736050,BTCUSD,0,0.0,3,EXPERT,2026-05-06 16:53:31,0.1,81624.08,0.0,0.0,converted_from_iso8601_offset_to_utc_naive,0,0.0,0.0,0.0,OV2|dec454|M5|S,183736050
188041852,183736050,BTCUSD,1,-2.29,4,SL,2026-05-06 16:53:46,0.1,81647.0,0.0,0.0,converted_from_iso8601_offset_to_utc_naive,0,0.0,0.0,0.0,[sl 81642.40],183736295
188045996,183739219,BTCUSD,0,0.0,3,EXPERT,2026-05-06 16:56:26,0.1,81640.94,0.0,0.0,converted_from_iso8601_offset_to_utc_naive,0,0.0,0.0,0.0,OV2|3b52f8|M5|S,183739219
188046013,183739219,BTCUSD,1,-2.03,4,SL,2026-05-06 16:56:28,0.1,81661.19,0.0,0.0,converted_from_iso8601_offset_to_utc_naive,0,0.0,0.0,0.0,[sl 81657.44],183739231
188047083,183740102,BTCUSD,0,0.0,3,EXPERT,2026-05-06 16:58:04,0.1,81712.15,0.0,0.0,converted_from_iso8601_offset_to_utc_naive,0,0.0,0.0,0.0,OV2|01e245|M5|S,183740102
188051195,183743205,USDJPY,0,0.0,3,EXPERT,2026-05-06 17:02:48,0.1,156.143,0.0,0.0,converted_from_iso8601_offset_to_utc_naive,0,0.0,0.0,0.0,OV2|2abad5|M5|S,183743205
188054652,183743205,USDJPY,1,-4.89,4,SL,2026-05-06 17:06:54,0.1,156.219,0.0,0.0,converted_from_iso8601_offset_to_utc_naive,0,0.0,0.0,0.0,[sl 156.217],183745788
188069241,183756189,USDJPY,0,0.0,3,EXPERT,2026-05-06 17:19:50,0.1,156.173,0.0,0.0,converted_from_iso8601_offset_to_utc_naive,0,0.0,0.0,0.0,OV2|62f9d6|M5|S,183756189
188074243,183740102,BTCUSD,1,-2.66,4,SL,2026-05-06 17:27:40,0.1,81738.73,0.0,0.0,converted_from_iso8601_offset_to_utc_naive,0,0.0,0.0,0.0,[sl 81728.65],183759761
188074286,183759786,BTCUSD,0,0.0,3,EXPERT,2026-05-06 17:27:42,0.1,81743.3,0.0,0.0,converted_from_iso8601_offset_to_utc_naive,0,0.0,0.0,0.0,OV2|f38fa9|H1|S,183759786
188074515,183759786,BTCUSD,1,-1.6800000000000002,4,SL,2026-05-06 17:28:00,0.1,81760.05,0.0,0.0,converted_from_iso8601_offset_to_utc_naive,0,0.0,0.0,0.0,[sl 81759.80],183759938
188075599,183760859,BTCUSD,0,0.0,3,EXPERT,2026-05-06 17:29:07,0.1,81701.49,0.0,0.0,converted_from_iso8601_offset_to_utc_naive,0,0.0,0.0,0.0,OV2|4fa4f7|M5|S,183760859
188077718,183760859,BTCUSD,1,-3.42,4,SL,2026-05-06 17:30:56,0.1,81735.7,0.0,0.0,converted_from_iso8601_offset_to_utc_naive,0,0.0,0.0,0.0,[sl 81717.99],183762428
188078684,183763116,BTCUSD,0,0.0,3,EXPERT,2026-05-06 17:32:12,0.1,81700.05,0.0,0.0,converted_from_iso8601_offset_to_utc_naive,0,0.0,0.0,0.0,OV2|ef59cc|M5|S,183763116
188078787,183763116,BTCUSD,1,-2.48,4,SL,2026-05-06 17:32:20,0.1,81724.85,0.0,0.0,converted_from_iso8601_offset_to_utc_naive,0,0.0,0.0,0.0,[sl 81720.41],183763183
188079523,183763695,BTCUSD,0,0.0,3,EXPERT,2026-05-06 17:33:55,0.1,81716.56,0.0,0.0,converted_from_iso8601_offset_to_utc_naive,0,0.0,0.0,0.0,OV2|3bfd9d|M5|S,183763695
188079588,183763695,BTCUSD,1,-1.8599999999999999,4,SL,2026-05-06 17:34:02,0.1,81735.11,0.0,0.0,converted_from_iso8601_offset_to_utc_naive,0,0.0,0.0,0.0,[sl 81735.06],183763744
188081399,183764985,BTCUSD,0,0.0,3,EXPERT,2026-05-06 17:36:51,0.1,81739.95,0.0,0.0,converted_from_iso8601_offset_to_utc_naive,0,0.0,0.0,0.0,OV2|591f60|M5|S,183764985
188082936,183764985,BTCUSD,1,-1.75,4,SL,2026-05-06 17:40:07,0.1,81757.42,0.0,0.0,converted_from_iso8601_offset_to_utc_naive,0,0.0,0.0,0.0,[sl 81757.22],183766167
188083267,183715196,EURUSD,1,-6.8,4,SL,2026-05-06 17:40:43,0.1,1.17577,0.0,0.0,converted_from_iso8601_offset_to_utc_naive,0,0.0,0.0,0.0,[sl 1.17577],183766417
188083688,183766721,BTCUSD,0,0.0,3,EXPERT,2026-05-06 17:41:24,0.1,81739.58,0.0,0.0,converted_from_iso8601_offset_to_utc_naive,0,0.0,0.0,0.0,OV2|0aa62e|M5|S,183766721
188083769,183766788,GBPUSD,0,0.0,3,EXPERT,2026-05-06 17:41:40,0.1,1.36137,0.0,0.0,converted_from_iso8601_offset_to_utc_naive,0,0.0,0.0,0.0,OV2|5f9b7a|M5|S,183766788
188084682,183766721,BTCUSD,1,-2.04,4,SL,2026-05-06 17:42:53,0.1,81759.98,0.0,0.0,converted_from_iso8601_offset_to_utc_naive,0,0.0,0.0,0.0,[sl 81758.08],183767522
188084908,183767657,BTCUSD,0,0.0,3,EXPERT,2026-05-06 17:42:58,0.1,81752.46,0.0,0.0,converted_from_iso8601_offset_to_utc_naive,0,0.0,0.0,0.0,OV2|b887b6|M5|S,183767657
188085249,183767657,BTCUSD,1,-2.12,4,SL,2026-05-06 17:43:03,0.1,81773.61,0.0,0.0,converted_from_iso8601_offset_to_utc_naive,0,0.0,0.0,0.0,[sl 81770.96],183767941
188087135,183769151,BTCUSD,0,0.0,3,EXPERT,2026-05-06 17:44:46,0.1,81846.2,0.0,0.0,converted_from_iso8601_offset_to_utc_naive,0,0.0,0.0,0.0,OV2|a327b9|M5|S,183769151
188087305,183769151,BTCUSD,1,-1.76,4,SL,2026-05-06 17:44:54,0.1,81863.75,0.0,0.0,converted_from_iso8601_offset_to_utc_naive,0,0.0,0.0,0.0,[sl 81862.70],183769288
188088769,183770301,BTCUSD,0,0.0,3,EXPERT,2026-05-06 17:45:59,0.1,81931.22,0.0,0.0,converted_from_iso8601_offset_to_utc_naive,0,0.0,0.0,0.0,OV2|a83863|M5|S,183770301
188088820,183770301,BTCUSD,1,-1.9,4,SL,2026-05-06 17:46:00,0.1,81950.26,0.0,0.0,converted_from_iso8601_offset_to_utc_naive,0,0.0,0.0,0.0,[sl 81947.72],183770333
188089719,183770985,BTCUSD,0,0.0,3,EXPERT,2026-05-06 17:47:37,0.1,81784.84,0.0,0.0,converted_from_iso8601_offset_to_utc_naive,0,0.0,0.0,0.0,OV2|a16cf0|M5|S,183770985
188089723,183770985,BTCUSD,1,-2.33,4,SL,2026-05-06 17:47:39,0.1,81808.12,0.0,0.0,converted_from_iso8601_offset_to_utc_naive,0,0.0,0.0,0.0,[sl 81803.34],183770988
188090446,183771503,BTCUSD,0,0.0,3,EXPERT,2026-05-06 17:49:10,0.1,81709.69,0.0,0.0,converted_from_iso8601_offset_to_utc_naive,0,0.0,0.0,0.0,OV2|3b7be0|M5|S,183771503
188090727,183771503,BTCUSD,1,-1.87,4,SL,2026-05-06 17:49:20,0.1,81728.43,0.0,0.0,converted_from_iso8601_offset_to_utc_naive,0,0.0,0.0,0.0,[sl 81727.44],183771687
188093093,183773345,BTCUSD,0,0.0,3,EXPERT,2026-05-06 17:52:25,0.1,81611.32,0.0,0.0,converted_from_iso8601_offset_to_utc_naive,0,0.0,0.0,0.0,OV2|9deeff|M5|S,183773345
188093150,183773345,BTCUSD,1,-2.03,4,SL,2026-05-06 17:52:29,0.1,81631.58,0.0,0.0,converted_from_iso8601_offset_to_utc_naive,0,0.0,0.0,0.0,[sl 81628.01],183773378
188093681,183773767,BTCUSD,0,0.0,3,EXPERT,2026-05-06 17:53:54,0.1,81685.65,0.0,0.0,converted_from_iso8601_offset_to_utc_naive,0,0.0,0.0,0.0,OV2|c2a2ff|M5|S,183773767
188094340,183773767,BTCUSD,1,-1.94,4,SL,2026-05-06 17:55:03,0.1,81705.09,0.0,0.0,converted_from_iso8601_offset_to_utc_naive,0,0.0,0.0,0.0,[sl 81704.15],183774209
188095602,183775112,BTCUSD,0,0.0,3,EXPERT,2026-05-06 17:56:59,0.1,81610.51,0.0,0.0,converted_from_iso8601_offset_to_utc_naive,0,0.0,0.0,0.0,OV2|f06dcc|M5|S,183775112
188095721,183775112,BTCUSD,1,-3.02,4,SL,2026-05-06 17:57:10,0.1,81640.7,0.0,0.0,converted_from_iso8601_offset_to_utc_naive,0,0.0,0.0,0.0,[sl 81627.01],183775222
188096020,183756189,USDJPY,1,-4.83,4,SL,2026-05-06 17:58:04,0.1,156.248,0.0,0.0,converted_from_iso8601_offset_to_utc_naive,0,0.0,0.0,0.0,[sl 156.247],183775449
188096277,183775657,USDJPY,0,0.0,3,EXPERT,2026-05-06 17:58:22,0.1,156.251,0.0,0.0,converted_from_iso8601_offset_to_utc_naive,0,0.0,0.0,0.0,OV2|9d510d|M5|B,183775657
188096298,183775678,BTCUSD,0,0.0,3,EXPERT,2026-05-06 17:58:28,0.1,81519.89,0.0,0.0,converted_from_iso8601_offset_to_utc_naive,0,0.0,0.0,0.0,OV2|9ca157|M5|S,183775678
188096540,183775678,BTCUSD,1,-1.98,4,SL,2026-05-06 17:59:17,0.1,81539.64,0.0,0.0,converted_from_iso8601_offset_to_utc_naive,0,0.0,0.0,0.0,[sl 81536.39],183775858
188096700,183775980,BTCUSD,0,0.0,3,EXPERT,2026-05-06 17:59:55,0.1,81523.09,0.0,0.0,converted_from_iso8601_offset_to_utc_naive,0,0.0,0.0,0.0,OV2|902d46|M5|S,183775980
188096922,183775980,BTCUSD,1,-1.9300000000000002,4,SL,2026-05-06 18:00:12,0.1,81542.42,0.0,0.0,converted_from_iso8601_offset_to_utc_naive,0,0.0,0.0,0.0,[sl 81539.59],183776386
188097382,183776724,BTCUSD,0,0.0,3,EXPERT,2026-05-06 18:01:28,0.1,81537.47,0.0,0.0,converted_from_iso8601_offset_to_utc_naive,0,0.0,0.0,0.0,OV2|fc834e|M5|S,183776724
188097569,183776724,BTCUSD,1,-2.04,4,SL,2026-05-06 18:02:05,0.1,81557.87,0.0,0.0,converted_from_iso8601_offset_to_utc_naive,0,0.0,0.0,0.0,[sl 81555.97],183776860
188098162,183777286,BTCUSD,0,0.0,3,EXPERT,2026-05-06 18:03:01,0.1,81573.98,0.0,0.0,converted_from_iso8601_offset_to_utc_naive,0,0.0,0.0,0.0,OV2|ba0c82|M5|S,183777286
188098968,183777286,BTCUSD,1,-2.21,4,SL,2026-05-06 18:04:48,0.1,81596.12,0.0,0.0,converted_from_iso8601_offset_to_utc_naive,0,0.0,0.0,0.0,[sl 81590.48],183777924
188100047,183778742,BTCUSD,0,0.0,3,EXPERT,2026-05-06 18:07:49,0.1,81561.12,0.0,0.0,converted_from_iso8601_offset_to_utc_naive,0,0.0,0.0,0.0,OV2|3cfbbb|M5|S,183778742
188106540,183778742,BTCUSD,1,-1.95,4,SL,2026-05-06 18:16:58,0.1,81580.62,0.0,0.0,converted_from_iso8601_offset_to_utc_naive,0,0.0,0.0,0.0,[sl 81577.62],183783102
188106940,183783356,BTCUSD,0,0.0,3,EXPERT,2026-05-06 18:17:11,0.1,81597.96,0.0,0.0,converted_from_iso8601_offset_to_utc_naive,0,0.0,0.0,0.0,OV2|9d9718|M5|S,183783356
188106989,183783356,BTCUSD,1,-1.74,4,SL,2026-05-06 18:17:18,0.1,81615.36,0.0,0.0,converted_from_iso8601_offset_to_utc_naive,0,0.0,0.0,0.0,[sl 81614.46],183783393
188107759,183783954,BTCUSD,0,0.0,3,EXPERT,2026-05-06 18:18:39,0.1,81677.5,0.0,0.0,converted_from_iso8601_offset_to_utc_naive,0,0.0,0.0,0.0,OV2|5440a5|M5|S,183783954
188108060,183783954,BTCUSD,1,-2.21,4,SL,2026-05-06 18:19:16,0.1,81699.62,0.0,0.0,converted_from_iso8601_offset_to_utc_naive,0,0.0,0.0,0.0,[sl 81694.00],183784193
188109533,183785198,BTCUSD,0,0.0,3,EXPERT,2026-05-06 18:21:48,0.1,81784.65,0.0,0.0,converted_from_iso8601_offset_to_utc_naive,0,0.0,0.0,0.0,OV2|f4de99|M5|S,183785198
188109564,183785198,BTCUSD,1,-1.9100000000000001,4,SL,2026-05-06 18:21:57,0.1,81803.72,0.0,0.0,converted_from_iso8601_offset_to_utc_naive,0,0.0,0.0,0.0,[sl 81803.15],183785222
188109938,183785502,BTCUSD,0,0.0,3,EXPERT,2026-05-06 18:23:06,0.1,81735.5,0.0,0.0,converted_from_iso8601_offset_to_utc_naive,0,0.0,0.0,0.0,OV2|f91175|M5|S,183785502
188109951,183785502,BTCUSD,1,-2.41,4,SL,2026-05-06 18:23:08,0.1,81759.64,0.0,0.0,converted_from_iso8601_offset_to_utc_naive,0,0.0,0.0,0.0,[sl 81752.00],183785513
188110321,183785792,BTCUSD,0,0.0,3,EXPERT,2026-05-06 18:24:38,0.1,81731.88,0.0,0.0,converted_from_iso8601_offset_to_utc_naive,0,0.0,0.0,0.0,OV2|8b7f6e|M5|S,183785792
188110327,183785792,BTCUSD,1,-1.73,4,SL,2026-05-06 18:24:40,0.1,81749.21,0.0,0.0,converted_from_iso8601_offset_to_utc_naive,0,0.0,0.0,0.0,[sl 81748.38],183785796
188110896,183786224,BTCUSD,0,0.0,3,EXPERT,2026-05-06 18:26:31,0.1,81727.36,0.0,0.0,converted_from_iso8601_offset_to_utc_naive,0,0.0,0.0,0.0,OV2|18cd26|M5|S,183786224
188112766,183786224,BTCUSD,1,-1.35,4,SL,2026-05-06 18:33:26,0.1,81740.82,0.0,0.0,converted_from_iso8601_offset_to_utc_naive,0,0.0,0.0,0.0,[sl 81740.36],183787604
188113022,183787771,BTCUSD,0,0.0,3,EXPERT,2026-05-06 18:34:13,0.1,81717.9,0.0,0.0,converted_from_iso8601_offset_to_utc_naive,0,0.0,0.0,0.0,OV2|c3dbbc|M5|S,183787771
188116012,183731669,XAUUSD,1,-12.05,4,SL,2026-05-06 18:40:14,0.05,4691.48,0.0,0.0,converted_from_iso8601_offset_to_utc_naive,0,0.0,0.0,0.0,[sl 4691.49],183789817
188118957,183787771,BTCUSD,1,-2.92,4,SL,2026-05-06 18:45:33,0.1,81747.11,0.0,0.0,converted_from_iso8601_offset_to_utc_naive,0,0.0,0.0,0.0,[sl 81734.40],183792033
188119309,183792303,BTCUSD,0,0.0,3,EXPERT,2026-05-06 18:46:12,0.1,81706.12,0.0,0.0,converted_from_iso8601_offset_to_utc_naive,0,0.0,0.0,0.0,OV2|2cb782|M5|S,183792303
188119325,183792303,BTCUSD,1,-3.05,4,SL,2026-05-06 18:46:17,0.1,81736.66,0.0,0.0,converted_from_iso8601_offset_to_utc_naive,0,0.0,0.0,0.0,[sl 81731.31],183792316
188119954,183792765,BTCUSD,0,0.0,3,EXPERT,2026-05-06 18:48:05,0.1,81710.92,0.0,0.0,converted_from_iso8601_offset_to_utc_naive,0,0.0,0.0,0.0,OV2|06cf45|M5|S,183792765
188120013,183792765,BTCUSD,1,-1.69,4,SL,2026-05-06 18:48:22,0.1,81727.81,0.0,0.0,converted_from_iso8601_offset_to_utc_naive,0,0.0,0.0,0.0,[sl 81727.42],183792803
188120219,183792958,BTCUSD,0,0.0,3,EXPERT,2026-05-06 18:49:22,0.1,81705.16,0.0,0.0,converted_from_iso8601_offset_to_utc_naive,0,0.0,0.0,0.0,OV2|4122f4|M5|S,183792958
188121007,183792958,BTCUSD,1,-2.16,4,SL,2026-05-06 18:52:33,0.1,81726.74,0.0,0.0,converted_from_iso8601_offset_to_utc_naive,0,0.0,0.0,0.0,[sl 81721.66],183793625
188121041,183793656,BTCUSD,0,0.0,3,EXPERT,2026-05-06 18:52:37,0.1,81719.74,0.0,0.0,converted_from_iso8601_offset_to_utc_naive,0,0.0,0.0,0.0,OV2|c8c87d|M5|S,183793656
188121616,183793656,BTCUSD,1,-2.13,4,SL,2026-05-06 18:54:09,0.1,81740.99,0.0,0.0,converted_from_iso8601_offset_to_utc_naive,0,0.0,0.0,0.0,[sl 81740.28],183794104
188121623,183794110,BTCUSD,0,0.0,3,EXPERT,2026-05-06 18:54:11,0.1,81739.6,0.0,0.0,converted_from_iso8601_offset_to_utc_naive,0,0.0,0.0,0.0,OV2|99375b|M5|S,183794110
188121624,183794110,BTCUSD,1,-1.95,4,SL,2026-05-06 18:54:11,0.1,81759.08,0.0,0.0,converted_from_iso8601_offset_to_utc_naive,0,0.0,0.0,0.0,[sl 81755.26],183794111
188122270,183794590,BTCUSD,0,0.0,3,EXPERT,2026-05-06 18:57:06,0.1,81704.15,0.0,0.0,converted_from_iso8601_offset_to_utc_naive,0,0.0,0.0,0.0,OV2|51321f|M5|S,183794590
188125429,183797171,XAUUSD,0,0.0,3,EXPERT,2026-05-06 19:01:57,0.05,4684.53,0.0,0.0,converted_from_iso8601_offset_to_utc_naive,0,0.0,0.0,0.0,OV2|7c2d70|M5|S,183797171
188125991,183775657,USDJPY,1,14.16,5,TP,2026-05-06 19:02:43,0.1,156.474,0.0,0.0,converted_from_iso8601_offset_to_utc_naive,0,0.0,0.0,0.0,[tp 156.474],183797578
188126125,183797171,XAUUSD,1,-13.7,4,SL,2026-05-06 19:03:00,0.05,4687.27,0.0,0.0,converted_from_iso8601_offset_to_utc_naive,0,0.0,0.0,0.0,[sl 4687.23],183797676
188126300,183797805,USDJPY,0,0.0,3,EXPERT,2026-05-06 19:03:25,0.1,156.485,0.0,0.0,converted_from_iso8601_offset_to_utc_naive,0,0.0,0.0,0.0,OV2|5ce9b0|M5|B,183797805
188126333,183797835,XAUUSD,0,0.0,3,EXPERT,2026-05-06 19:03:30,0.05,4685.73,0.0,0.0,converted_from_iso8601_offset_to_utc_naive,0,0.0,0.0,0.0,OV2|a7989d|M5|S,183797835
188126873,183794590,BTCUSD,1,-1.9,4,SL,2026-05-06 19:05:08,0.1,81723.14,0.0,0.0,converted_from_iso8601_offset_to_utc_naive,0,0.0,0.0,0.0,[sl 81722.65],183798286
188127065,183797835,XAUUSD,1,-13.7,4,SL,2026-05-06 19:05:32,0.05,4688.47,0.0,0.0,converted_from_iso8601_offset_to_utc_naive,0,0.0,0.0,0.0,[sl 4688.30],183798426
188128044,183799308,BTCUSD,0,0.0,3,EXPERT,2026-05-06 19:06:30,0.1,81700.1,0.0,0.0,converted_from_iso8601_offset_to_utc_naive,0,0.0,0.0,0.0,OV2|8773cb|M5|S,183799308
188128071,183799308,BTCUSD,1,-1.73,4,SL,2026-05-06 19:06:35,0.1,81717.4,0.0,0.0,converted_from_iso8601_offset_to_utc_naive,0,0.0,0.0,0.0,[sl 81716.60],183799333
188128496,183766788,GBPUSD,1,22.1,5,TP,2026-05-06 19:06:52,0.1,1.35916,0.0,0.0,converted_from_iso8601_offset_to_utc_naive,0,0.0,0.0,0.0,[tp 1.35916],183799635
188129862,183800569,GBPUSD,0,0.0,3,EXPERT,2026-05-06 19:07:46,0.1,1.3591,0.0,0.0,converted_from_iso8601_offset_to_utc_naive,0,0.0,0.0,0.0,OV2|f662f7|M5|S,183800569
188129974,183800654,XAUUSD,0,0.0,3,EXPERT,2026-05-06 19:08:01,0.05,4684.05,0.0,0.0,converted_from_iso8601_offset_to_utc_naive,0,0.0,0.0,0.0,OV2|cc8ae0|M5|S,183800654
188131883,183797805,USDJPY,1,-4.63,4,SL,2026-05-06 19:11:45,0.1,156.413,0.0,0.0,converted_from_iso8601_offset_to_utc_naive,0,0.0,0.0,0.0,[sl 156.413],183802127
188132145,183802315,USDJPY,0,0.0,3,EXPERT,2026-05-06 19:12:33,0.1,156.424,0.0,0.0,converted_from_iso8601_offset_to_utc_naive,0,0.0,0.0,0.0,OV2|99ae68|M5|B,183802315
188136990,183806471,BTCUSD,0,0.0,3,EXPERT,2026-05-06 19:21:58,0.1,81536.18,0.0,0.0,converted_from_iso8601_offset_to_utc_naive,0,0.0,0.0,0.0,OV2|dab7a1|M5|S,183806471
188137112,183806471,BTCUSD,1,-1.9,4,SL,2026-05-06 19:22:35,0.1,81555.17,0.0,0.0,converted_from_iso8601_offset_to_utc_naive,0,0.0,0.0,0.0,[sl 81554.68],183806568
188137233,183806666,BTCUSD,0,0.0,3,EXPERT,2026-05-06 19:23:10,0.1,81523.63,0.0,0.0,converted_from_iso8601_offset_to_utc_naive,0,0.0,0.0,0.0,OV2|add629|M5|S,183806666
188137271,183806666,BTCUSD,1,-2.06,4,SL,2026-05-06 19:23:20,0.1,81544.19,0.0,0.0,converted_from_iso8601_offset_to_utc_naive,0,0.0,0.0,0.0,[sl 81542.13],183806702
188137965,183800654,XAUUSD,1,-12.6,4,SL,2026-05-06 19:26:01,0.05,4686.57,0.0,0.0,converted_from_iso8601_offset_to_utc_naive,0,0.0,0.0,0.0,[sl 4686.55],183807218
188138121,183807323,BTCUSD,0,0.0,3,EXPERT,2026-05-06 19:26:31,0.1,81584.39,0.0,0.0,converted_from_iso8601_offset_to_utc_naive,0,0.0,0.0,0.0,OV2|077629|M5|S,183807323
188138960,183807947,XAUUSD,0,0.0,3,EXPERT,2026-05-06 19:28:02,0.05,4687.11,0.0,0.0,converted_from_iso8601_offset_to_utc_naive,0,0.0,0.0,0.0,OV2|80e00c|M5|S,183807947
188139793,183807947,XAUUSD,1,-12.5,4,SL,2026-05-06 19:30:30,0.05,4689.61,0.0,0.0,converted_from_iso8601_offset_to_utc_naive,0,0.0,0.0,0.0,[sl 4689.61],183808548
188140769,183809243,XAUUSD,0,0.0,3,EXPERT,2026-05-06 19:32:34,0.05,4689.46,0.0,0.0,converted_from_iso8601_offset_to_utc_naive,0,0.0,0.0,0.0,OV2|64b250|M5|S,183809243
188142729,183807323,BTCUSD,1,-1.69,4,SL,2026-05-06 19:39:31,0.1,81601.32,0.0,0.0,converted_from_iso8601_offset_to_utc_naive,0,0.0,0.0,0.0,[sl 81600.89],183810778
188143668,183809243,XAUUSD,1,-12.95,4,SL,2026-05-06 19:41:28,0.05,4692.05,0.0,0.0,converted_from_iso8601_offset_to_utc_naive,0,0.0,0.0,0.0,[sl 4691.96],183811498
188144065,183811745,XAUUSD,0,0.0,3,EXPERT,2026-05-06 19:41:53,0.05,4691.39,0.0,0.0,converted_from_iso8601_offset_to_utc_naive,0,0.0,0.0,0.0,OV2|fffb96|M5|S,183811745
188144155,183811799,BTCUSD,0,0.0,3,EXPERT,2026-05-06 19:41:59,0.1,81679.65,0.0,0.0,converted_from_iso8601_offset_to_utc_naive,0,0.0,0.0,0.0,OV2|f5d96a|M5|S,183811799
188144832,183811799,BTCUSD,1,-1.67,4,SL,2026-05-06 19:43:31,0.1,81696.3,0.0,0.0,converted_from_iso8601_offset_to_utc_naive,0,0.0,0.0,0.0,[sl 81696.15],183812369
188145210,183812622,BTCUSD,0,0.0,3,EXPERT,2026-05-06 19:44:54,0.1,81675.13,0.0,0.0,converted_from_iso8601_offset_to_utc_naive,0,0.0,0.0,0.0,OV2|209ccb|M5|S,183812622
188146421,183812622,BTCUSD,1,-2.0,4,SL,2026-05-06 19:50:08,0.1,81695.09,0.0,0.0,converted_from_iso8601_offset_to_utc_naive,0,0.0,0.0,0.0,[sl 81693.63],183813517
188148545,183814970,BTCUSD,0,0.0,3,EXPERT,2026-05-06 19:55:55,0.1,81673.04,0.0,0.0,converted_from_iso8601_offset_to_utc_naive,0,0.0,0.0,0.0,OV2|b0cab8|H1|S,183814970
188148578,183814970,BTCUSD,1,-1.65,4,SL,2026-05-06 19:56:06,0.1,81689.55,0.0,0.0,converted_from_iso8601_offset_to_utc_naive,0,0.0,0.0,0.0,[sl 81689.54],183814991
188148822,183815161,BTCUSD,0,0.0,3,EXPERT,2026-05-06 19:57:16,0.1,81678.53,0.0,0.0,converted_from_iso8601_offset_to_utc_naive,0,0.0,0.0,0.0,OV2|efe31b|M5|S,183815161
188148847,183815161,BTCUSD,1,-2.36,4,SL,2026-05-06 19:57:23,0.1,81702.12,0.0,0.0,converted_from_iso8601_offset_to_utc_naive,0,0.0,0.0,0.0,[sl 81695.03],183815176
188150967,183816547,BTCUSD,0,0.0,3,EXPERT,2026-05-06 19:58:53,0.1,81609.9,0.0,0.0,converted_from_iso8601_offset_to_utc_naive,0,0.0,0.0,0.0,OV2|b58ffb|M5|S,183816547
188150992,183816547,BTCUSD,1,-1.9,4,SL,2026-05-06 19:58:54,0.1,81628.94,0.0,0.0,converted_from_iso8601_offset_to_utc_naive,0,0.0,0.0,0.0,[sl 81626.40],183816561
188152510,183817886,BTCUSD,0,0.0,3,EXPERT,2026-05-06 20:02:04,0.1,81535.05,0.0,0.0,converted_from_iso8601_offset_to_utc_naive,0,0.0,0.0,0.0,OV2|e2597a|M5|S,183817886
188152554,183817886,BTCUSD,1,-1.8599999999999999,4,SL,2026-05-06 20:02:11,0.1,81553.68,0.0,0.0,converted_from_iso8601_offset_to_utc_naive,0,0.0,0.0,0.0,[sl 81553.55],183817911
188153494,183818558,BTCUSD,0,0.0,3,EXPERT,2026-05-06 20:03:22,0.1,81570.88,0.0,0.0,converted_from_iso8601_offset_to_utc_naive,0,0.0,0.0,0.0,OV2|d4644b|M5|S,183818558
188153540,183818558,BTCUSD,1,-2.17,4,SL,2026-05-06 20:03:33,0.1,81592.61,0.0,0.0,converted_from_iso8601_offset_to_utc_naive,0,0.0,0.0,0.0,[sl 81589.38],183818594
188153986,183818876,BTCUSD,0,0.0,3,EXPERT,2026-05-06 20:04:59,0.1,81617.95,0.0,0.0,converted_from_iso8601_offset_to_utc_naive,0,0.0,0.0,0.0,OV2|486426|M5|S,183818876
188154013,183818876,BTCUSD,1,-2.13,4,SL,2026-05-06 20:05:02,0.1,81639.26,0.0,0.0,converted_from_iso8601_offset_to_utc_naive,0,0.0,0.0,0.0,[sl 81634.45],183818892
188154665,183819343,BTCUSD,0,0.0,3,EXPERT,2026-05-06 20:06:31,0.1,81586.02,0.0,0.0,converted_from_iso8601_offset_to_utc_naive,0,0.0,0.0,0.0,OV2|a15cec|M5|S,183819343
188154750,183819343,BTCUSD,1,-2.12,4,SL,2026-05-06 20:07:03,0.1,81607.2,0.0,0.0,converted_from_iso8601_offset_to_utc_naive,0,0.0,0.0,0.0,[sl 81605.95],183819409
188155145,183819670,BTCUSD,0,0.0,3,EXPERT,2026-05-06 20:08:04,0.1,81623.73,0.0,0.0,converted_from_iso8601_offset_to_utc_naive,0,0.0,0.0,0.0,OV2|4c090a|M5|S,183819670
188155176,183819670,BTCUSD,1,-2.6,4,SL,2026-05-06 20:08:15,0.1,81649.69,0.0,0.0,converted_from_iso8601_offset_to_utc_naive,0,0.0,0.0,0.0,[sl 81640.23],183819693
188155639,183820027,BTCUSD,0,0.0,3,EXPERT,2026-05-06 20:09:51,0.1,81657.66,0.0,0.0,converted_from_iso8601_offset_to_utc_naive,0,0.0,0.0,0.0,OV2|22f918|M5|S,183820027
188155868,183820027,BTCUSD,1,-2.1,4,SL,2026-05-06 20:11:01,0.1,81678.62,0.0,0.0,converted_from_iso8601_offset_to_utc_naive,0,0.0,0.0,0.0,[sl 81674.16],183820203
188158517,183822055,BTCUSD,0,0.0,3,EXPERT,2026-05-06 20:22:05,0.1,81520.59,0.0,0.0,converted_from_iso8601_offset_to_utc_naive,0,0.0,0.0,0.0,OV2|1747e3|M5|S,183822055
188158733,183822055,BTCUSD,1,-1.38,4,SL,2026-05-06 20:23:19,0.1,81534.37,0.0,0.0,converted_from_iso8601_offset_to_utc_naive,0,0.0,0.0,0.0,[sl 81534.26],183822192
188158787,183800569,GBPUSD,1,-7.4,4,SL,2026-05-06 20:23:25,0.1,1.35984,0.0,0.0,converted_from_iso8601_offset_to_utc_naive,0,0.0,0.0,0.0,[sl 1.35982],183822224
188158814,183822244,GBPUSD,0,0.0,3,EXPERT,2026-05-06 20:23:27,0.1,1.35975,0.0,0.0,converted_from_iso8601_offset_to_utc_naive,0,0.0,0.0,0.0,OV2|1df294|M5|S,183822244
188158860,183822273,BTCUSD,0,0.0,3,EXPERT,2026-05-06 20:23:32,0.1,81533.39,0.0,0.0,converted_from_iso8601_offset_to_utc_naive,0,0.0,0.0,0.0,OV2|6a0ea0|M5|S,183822273
188186008,183811745,XAUUSD,1,-12.55,4,SL,2026-05-06 22:08:30,0.05,4693.9,0.0,0.0,converted_from_iso8601_offset_to_utc_naive,0,0.0,0.0,0.0,[sl 4693.89],183844442
188192353,183802315,USDJPY,1,-4.76,4,SL,2026-05-06 22:24:54,0.1,156.35,0.0,0.0,converted_from_iso8601_offset_to_utc_naive,0,0.0,0.0,0.0,[sl 156.350],183848848
188198724,183853652,XAUUSD,0,0.0,3,EXPERT,2026-05-06 23:01:47,0.05,4694.33,0.0,0.0,converted_from_iso8601_offset_to_utc_naive,0,0.0,0.0,0.0,OV2|1c6eb0|M5|B,183853652
188198762,183822273,BTCUSD,1,-1.6600000000000001,4,SL,2026-05-06 23:02:12,0.1,81550.01,0.0,0.0,converted_from_iso8601_offset_to_utc_naive,0,0.0,0.0,0.0,[sl 81549.89],183853688
188203181,183853652,XAUUSD,1,-12.6,4,SL,2026-05-06 23:31:27,0.05,4691.81,0.0,0.0,converted_from_iso8601_offset_to_utc_naive,0,0.0,0.0,0.0,[sl 4691.83],183856933
188318341,183822244,GBPUSD,1,-7.4,4,SL,2026-05-07 04:29:58,0.1,1.36049,0.0,0.0,converted_from_iso8601_offset_to_utc_naive,0,0.0,-0.64,0.0,[sl 1.36049],183934309
189554537,184836931,XRPUSD,0,0.0,3,EXPERT,2026-05-10 20:57:29,0.1,1.50455,0.0,0.0,converted_from_iso8601_offset_to_utc_naive,0,0.0,0.0,0.0,OV2|1d87e1|H1|B,184836931
189554538,184836933,BTCUSD,0,0.0,3,EXPERT,2026-05-10 20:57:35,0.1,81457.93,0.0,0.0,converted_from_iso8601_offset_to_utc_naive,0,0.0,0.0,0.0,OV2|246182|H1|B,184836933
189554542,184836933,BTCUSD,1,-3.11,4,SL,2026-05-10 20:57:36,0.1,81426.85,0.0,0.0,converted_from_iso8601_offset_to_utc_naive,0,0.0,0.0,0.0,[sl 81427.43],184836937
189554543,184836940,ETHUSD,0,0.0,3,EXPERT,2026-05-10 20:57:38,0.1,2363.053,0.0,0.0,converted_from_iso8601_offset_to_utc_naive,0,0.0,0.0,0.0,OV2|1fcb05|H1|B,184836940
189554622,184836940,ETHUSD,1,-0.19,4,SL,2026-05-10 20:58:35,0.1,2361.195,0.0,0.0,converted_from_iso8601_offset_to_utc_naive,0,0.0,0.0,0.0,[sl 2361.553],184837003
189554625,184837005,ETHUSD,0,0.0,3,EXPERT,2026-05-10 20:58:39,0.1,2362.99,0.0,0.0,converted_from_iso8601_offset_to_utc_naive,0,0.0,0.0,0.0,OV2|c5e129|H1|B,184837005
189555612,184837005,ETHUSD,1,-0.17,4,SL,2026-05-10 21:19:07,0.1,2361.319,0.0,0.0,converted_from_iso8601_offset_to_utc_naive,0,0.0,0.0,0.0,[sl 2361.490],184837811
189555633,184837832,ETHUSD,0,0.0,3,EXPERT,2026-05-10 21:19:10,0.1,2361.766,0.0,0.0,converted_from_iso8601_offset_to_utc_naive,0,0.0,0.0,0.0,OV2|8eb81a|M15|B,184837832
189556081,184837832,ETHUSD,1,-0.16,4,SL,2026-05-10 21:32:30,0.1,2360.195,0.0,0.0,converted_from_iso8601_offset_to_utc_naive,0,0.0,0.0,0.0,[sl 2360.266],184838201
189556085,184838206,ETHUSD,0,0.0,3,EXPERT,2026-05-10 21:32:32,0.1,2360.927,0.0,0.0,converted_from_iso8601_offset_to_utc_naive,0,0.0,0.0,0.0,OV2|423322|H1|B,184838206
189556165,184838206,ETHUSD,1,-0.23,4,SL,2026-05-10 21:33:07,0.1,2358.662,0.0,0.0,converted_from_iso8601_offset_to_utc_naive,0,0.0,0.0,0.0,[sl 2359.547],184838277
189556176,184838285,ETHUSD,0,0.0,3,EXPERT,2026-05-10 21:33:08,0.1,2359.958,0.0,0.0,converted_from_iso8601_offset_to_utc_naive,0,0.0,0.0,0.0,OV2|cfd3e7|H1|B,184838285
189556246,184838285,ETHUSD,1,-0.16,4,SL,2026-05-10 21:36:41,0.1,2358.364,0.0,0.0,converted_from_iso8601_offset_to_utc_naive,0,0.0,0.0,0.0,[sl 2358.418],184838346
189556255,184836931,XRPUSD,1,-1.04,4,SL,2026-05-10 21:36:50,0.1,1.4941499999999999,0.0,0.0,converted_from_iso8601_offset_to_utc_naive,0,0.0,0.0,0.0,[sl 1.49424],184838355
189556268,184838365,ETHUSD,0,0.0,3,EXPERT,2026-05-10 21:36:54,0.1,2358.647,0.0,0.0,converted_from_iso8601_offset_to_utc_naive,0,0.0,0.0,0.0,OV2|8e68c7|H1|B,184838365
189556275,184838371,XRPUSD,0,0.0,3,EXPERT,2026-05-10 21:37:03,0.1,1.4961,0.0,0.0,converted_from_iso8601_offset_to_utc_naive,0,0.0,0.0,0.0,OV2|078dad|H1|B,184838371
189556381,184838365,ETHUSD,1,-0.17,4,SL,2026-05-10 21:41:01,0.1,2356.978,0.0,0.0,converted_from_iso8601_offset_to_utc_naive,0,0.0,0.0,0.0,[sl 2357.147],184838466
189556390,184838475,BTCUSD,0,0.0,3,EXPERT,2026-05-10 21:41:11,0.1,81297.96,0.0,0.0,converted_from_iso8601_offset_to_utc_naive,0,0.0,0.0,0.0,OV2|a11745|H1|B,184838475
189556742,184838371,XRPUSD,1,-0.77,4,SL,2026-05-10 21:42:11,0.1,1.4884,0.0,0.0,converted_from_iso8601_offset_to_utc_naive,0,0.0,0.0,0.0,[sl 1.48924],184838819
189556743,184838475,BTCUSD,1,-2.7199999999999998,4,SL,2026-05-10 21:42:12,0.1,81270.73,0.0,0.0,converted_from_iso8601_offset_to_utc_naive,0,0.0,0.0,0.0,[sl 81273.46],184838820
189556756,184838825,XRPUSD,0,0.0,3,EXPERT,2026-05-10 21:42:16,0.1,1.4904,0.0,0.0,converted_from_iso8601_offset_to_utc_naive,0,0.0,0.0,0.0,OV2|427530|H1|B,184838825
189556791,184838845,BTCUSD,0,0.0,3,EXPERT,2026-05-10 21:42:32,0.1,81266.65,0.0,0.0,converted_from_iso8601_offset_to_utc_naive,0,0.0,0.0,0.0,OV2|0c5da8|H1|B,184838845
189556806,184838845,BTCUSD,1,-3.02,4,SL,2026-05-10 21:42:45,0.1,81236.46,0.0,0.0,converted_from_iso8601_offset_to_utc_naive,0,0.0,0.0,0.0,[sl 81238.15],184838858
189556829,184838881,BTCUSD,0,0.0,3,EXPERT,2026-05-10 21:42:54,0.1,81240.41,0.0,0.0,converted_from_iso8601_offset_to_utc_naive,0,0.0,0.0,0.0,OV2|aff656|H1|B,184838881
189557333,184838881,BTCUSD,1,-2.46,4,SL,2026-05-10 21:51:48,0.1,81215.86,0.0,0.0,converted_from_iso8601_offset_to_utc_naive,0,0.0,0.0,0.0,[sl 81215.91],184839322
189557385,184839365,ETHUSD,0,0.0,3,EXPERT,2026-05-10 21:52:06,0.1,2358.159,0.0,0.0,converted_from_iso8601_offset_to_utc_naive,0,0.0,0.0,0.0,OV2|d25396|H1|B,184839365
189557483,184838825,XRPUSD,1,-0.68,4,SL,2026-05-10 22:00:15,0.1,1.48365,0.0,0.0,converted_from_iso8601_offset_to_utc_naive,0,0.0,0.0,0.0,[sl 1.48378],184839438
189557494,184839447,XRPUSD,0,0.0,3,EXPERT,2026-05-10 22:00:29,0.1,1.4837500000000001,0.0,0.0,converted_from_iso8601_offset_to_utc_naive,0,0.0,0.0,0.0,OV2|7ad853|H1|B,184839447
189557495,184839365,ETHUSD,1,-0.17,4,SL,2026-05-10 22:00:29,0.1,2356.447,0.0,0.0,converted_from_iso8601_offset_to_utc_naive,0,0.0,0.0,0.0,[sl 2356.561],184839448
189557498,184839451,ETHUSD,0,0.0,3,EXPERT,2026-05-10 22:00:35,0.1,2356.939,0.0,0.0,converted_from_iso8601_offset_to_utc_naive,0,0.0,0.0,0.0,OV2|2e83da|H1|B,184839451
189557506,184839451,ETHUSD,1,-0.16,4,SL,2026-05-10 22:00:55,0.1,2355.334,0.0,0.0,converted_from_iso8601_offset_to_utc_naive,0,0.0,0.0,0.0,[sl 2355.439],184839458
189557520,184839471,ETHUSD,0,0.0,3,EXPERT,2026-05-10 22:00:57,0.1,2355.477,0.0,0.0,converted_from_iso8601_offset_to_utc_naive,0,0.0,0.0,0.0,OV2|b200bc|H1|B,184839471
189557554,184839471,ETHUSD,1,-0.15,4,SL,2026-05-10 22:01:06,0.1,2353.945,0.0,0.0,converted_from_iso8601_offset_to_utc_naive,0,0.0,0.0,0.0,[sl 2353.977],184839502
189557583,184839529,ETHUSD,0,0.0,3,EXPERT,2026-05-10 22:01:17,0.1,2354.592,0.0,0.0,converted_from_iso8601_offset_to_utc_naive,0,0.0,0.0,0.0,OV2|38e4f2|H1|B,184839529
189557584,184839529,ETHUSD,1,-0.15,4,SL,2026-05-10 22:01:17,0.1,2353.063,0.0,0.0,converted_from_iso8601_offset_to_utc_naive,0,0.0,0.0,0.0,[sl 2353.149],184839532
189557607,184839447,XRPUSD,1,-0.65,4,SL,2026-05-10 22:01:36,0.1,1.47725,0.0,0.0,converted_from_iso8601_offset_to_utc_naive,0,0.0,0.0,0.0,[sl 1.47728],184839550
189557608,184839551,ETHUSD,0,0.0,3,EXPERT,2026-05-10 22:01:37,0.1,2353.995,0.0,0.0,converted_from_iso8601_offset_to_utc_naive,0,0.0,0.0,0.0,OV2|a378e6|H1|B,184839551
189557644,184839551,ETHUSD,1,-0.19,4,SL,2026-05-10 22:02:05,0.1,2352.12,0.0,0.0,converted_from_iso8601_offset_to_utc_naive,0,0.0,0.0,0.0,[sl 2352.277],184839582
189557698,184839617,ETHUSD,0,0.0,3,EXPERT,2026-05-10 22:02:06,0.1,2352.48,0.0,0.0,converted_from_iso8601_offset_to_utc_naive,0,0.0,0.0,0.0,OV2|c5d0da|M15|B,184839617
189557836,184839617,ETHUSD,1,-0.16,4,SL,2026-05-10 22:02:39,0.1,2350.897,0.0,0.0,converted_from_iso8601_offset_to_utc_naive,0,0.0,0.0,0.0,[sl 2350.980],184839736
189557850,184839749,ETHUSD,0,0.0,3,EXPERT,2026-05-10 22:02:52,0.1,2352.115,0.0,0.0,converted_from_iso8601_offset_to_utc_naive,0,0.0,0.0,0.0,OV2|1592d6|H1|B,184839749
189558269,184840137,XRPUSD,0,0.0,3,EXPERT,2026-05-10 22:10:52,0.1,1.4832,0.0,0.0,converted_from_iso8601_offset_to_utc_naive,0,0.0,0.0,0.0,OV2|1f70ff|H1|B,184840137
189559536,184839749,ETHUSD,1,1.67,5,TP,2026-05-10 23:01:36,0.1,2368.828,0.0,0.0,converted_from_iso8601_offset_to_utc_naive,0,0.0,0.0,0.0,[tp 2368.514],184841172
189559542,184841177,ETHUSD,0,0.0,3,EXPERT,2026-05-10 23:01:38,0.1,2368.693,0.0,0.0,converted_from_iso8601_offset_to_utc_naive,0,0.0,0.0,0.0,OV2|14ed8d|M15|B,184841177
189559621,184841177,ETHUSD,1,-0.15,4,SL,2026-05-10 23:06:08,0.1,2367.164,0.0,0.0,converted_from_iso8601_offset_to_utc_naive,0,0.0,0.0,0.0,[sl 2367.193],184841224
189559626,184841229,BTCUSD,0,0.0,3,EXPERT,2026-05-10 23:06:18,0.1,81417.47,0.0,0.0,converted_from_iso8601_offset_to_utc_naive,0,0.0,0.0,0.0,OV2|67c7db|H1|B,184841229
189559751,184841229,BTCUSD,1,-3.4699999999999998,4,SL,2026-05-10 23:12:41,0.1,81382.75,0.0,0.0,converted_from_iso8601_offset_to_utc_naive,0,0.0,0.0,0.0,[sl 81384.97],184841327
189559763,184841338,BTCUSD,0,0.0,3,EXPERT,2026-05-10 23:12:43,0.1,81383.76,0.0,0.0,converted_from_iso8601_offset_to_utc_naive,0,0.0,0.0,0.0,OV2|109298|H1|B,184841338
189559774,184841338,BTCUSD,1,-3.59,4,SL,2026-05-10 23:12:51,0.1,81347.89,0.0,0.0,converted_from_iso8601_offset_to_utc_naive,0,0.0,0.0,0.0,[sl 81354.92],184841348
189559795,184841371,BTCUSD,0,0.0,3,EXPERT,2026-05-10 23:12:53,0.1,81308.49,0.0,0.0,converted_from_iso8601_offset_to_utc_naive,0,0.0,0.0,0.0,OV2|1dbb5e|H1|B,184841371
189559832,184841371,BTCUSD,1,-4.34,4,SL,2026-05-10 23:13:00,0.1,81265.06,0.0,0.0,converted_from_iso8601_offset_to_utc_naive,0,0.0,0.0,0.0,[sl 81268.46],184841401
189559847,184841411,BTCUSD,0,0.0,3,EXPERT,2026-05-10 23:13:14,0.1,81306.02,0.0,0.0,converted_from_iso8601_offset_to_utc_naive,0,0.0,0.0,0.0,OV2|16e555|H1|B,184841411
189559848,184841411,BTCUSD,1,-3.99,4,SL,2026-05-10 23:13:17,0.1,81266.12,0.0,0.0,converted_from_iso8601_offset_to_utc_naive,0,0.0,0.0,0.0,[sl 81275.52],184841413
189559850,184841416,BTCUSD,0,0.0,3,EXPERT,2026-05-10 23:13:17,0.1,81284.76,0.0,0.0,converted_from_iso8601_offset_to_utc_naive,0,0.0,0.0,0.0,OV2|b578c6|H1|B,184841416
189559857,184841416,BTCUSD,1,-3.33,4,SL,2026-05-10 23:13:22,0.1,81251.51,0.0,0.0,converted_from_iso8601_offset_to_utc_naive,0,0.0,0.0,0.0,[sl 81252.26],184841421
189559886,184841442,ETHUSD,0,0.0,3,EXPERT,2026-05-10 23:13:38,0.1,2358.768,0.0,0.0,converted_from_iso8601_offset_to_utc_naive,0,0.0,0.0,0.0,OV2|3d456c|H1|B,184841442
189559919,184841442,ETHUSD,1,-0.18,4,SL,2026-05-10 23:14:06,0.1,2357.016,0.0,0.0,converted_from_iso8601_offset_to_utc_naive,0,0.0,0.0,0.0,[sl 2357.172],184841468
189559929,184841478,ETHUSD,0,0.0,3,EXPERT,2026-05-10 23:14:09,0.1,2357.43,0.0,0.0,converted_from_iso8601_offset_to_utc_naive,0,0.0,0.0,0.0,OV2|86e66d|H1|B,184841478
189559941,184841478,ETHUSD,1,-0.16,4,SL,2026-05-10 23:14:29,0.1,2355.793,0.0,0.0,converted_from_iso8601_offset_to_utc_naive,0,0.0,0.0,0.0,[sl 2355.930],184841490
189559943,184841493,BTCUSD,0,0.0,3,EXPERT,2026-05-10 23:14:31,0.1,81193.53,0.0,0.0,converted_from_iso8601_offset_to_utc_naive,0,0.0,0.0,0.0,OV2|cd1117|H1|B,184841493
189559947,184841493,BTCUSD,1,-3.41,4,SL,2026-05-10 23:14:32,0.1,81159.44,0.0,0.0,converted_from_iso8601_offset_to_utc_naive,0,0.0,0.0,0.0,[sl 81169.03],184841500
189559948,184841501,ETHUSD,0,0.0,3,EXPERT,2026-05-10 23:14:32,0.1,2355.657,0.0,0.0,converted_from_iso8601_offset_to_utc_naive,0,0.0,0.0,0.0,OV2|4b7315|H1|B,184841501
189559976,184841501,ETHUSD,1,-0.22,4,SL,2026-05-10 23:14:45,0.1,2353.505,0.0,0.0,converted_from_iso8601_offset_to_utc_naive,0,0.0,0.0,0.0,[sl 2353.923],184841521
189559978,184841523,ETHUSD,0,0.0,3,EXPERT,2026-05-10 23:14:47,0.1,2354.482,0.0,0.0,converted_from_iso8601_offset_to_utc_naive,0,0.0,0.0,0.0,OV2|29dc06|M15|B,184841523
189560074,184841523,ETHUSD,1,-0.19,4,SL,2026-05-10 23:16:02,0.1,2352.609,0.0,0.0,converted_from_iso8601_offset_to_utc_naive,0,0.0,0.0,0.0,[sl 2352.791],184841598
189560076,184840137,XRPUSD,1,-0.75,4,SL,2026-05-10 23:16:02,0.1,1.4757,0.0,0.0,converted_from_iso8601_offset_to_utc_naive,0,0.0,0.0,0.0,[sl 1.47591],184841600
189561091,184842404,BTCUSD,0,0.0,3,EXPERT,2026-05-10 23:30:49,1.0,81068.81,0.0,0.0,converted_from_iso8601_offset_to_utc_naive,0,0.0,0.0,0.0,OV2|482ea4|H1|S,184842404
189561982,184842404,BTCUSD,1,-30.96,4,SL,2026-05-10 23:37:40,1.0,81099.77,0.0,0.0,converted_from_iso8601_offset_to_utc_naive,0,0.0,0.0,0.0,[sl 81099.31],184843103
189561989,184843109,BTCUSD,0,0.0,3,EXPERT,2026-05-10 23:38:04,0.88,81052.92,0.0,0.0,converted_from_iso8601_offset_to_utc_naive,0,0.0,0.0,0.0,OV2|91ac63|H1|S,184843109
189562016,184843109,BTCUSD,1,-25.96,4,SL,2026-05-10 23:38:42,0.88,81082.42,0.0,0.0,converted_from_iso8601_offset_to_utc_naive,0,0.0,0.0,0.0,[sl 81081.42],184843124
189562024,184843131,BTCUSD,0,0.0,3,EXPERT,2026-05-10 23:38:57,1.0,81070.93,0.0,0.0,converted_from_iso8601_offset_to_utc_naive,0,0.0,0.0,0.0,OV2|416bd1|H1|S,184843131
189563372,184844277,XRPUSD,0,0.0,3,EXPERT,2026-05-10 23:48:16,1.0,1.44885,0.0,0.0,converted_from_iso8601_offset_to_utc_naive,0,0.0,0.0,0.0,OV2|188bcd|H1|S,184844277
189563607,184843131,BTCUSD,1,684.45,5,TP,2026-05-10 23:49:23,1.0,80386.48,0.0,0.0,converted_from_iso8601_offset_to_utc_naive,0,0.0,0.0,0.0,[tp 80386.81],184844511
189563803,184844706,ETHUSD,0,0.0,3,EXPERT,2026-05-10 23:49:51,1.0,2313.083,0.0,0.0,converted_from_iso8601_offset_to_utc_naive,0,0.0,0.0,0.0,OV2|d49d1a|H1|S,184844706
189563806,184844706,ETHUSD,1,-1.94,4,SL,2026-05-10 23:49:52,1.0,2315.02,0.0,0.0,converted_from_iso8601_offset_to_utc_naive,0,0.0,0.0,0.0,[sl 2314.583],184844713
189563912,184844835,BTCUSD,0,0.0,3,EXPERT,2026-05-10 23:50:20,1.0,80370.38,0.0,0.0,converted_from_iso8601_offset_to_utc_naive,0,0.0,0.0,0.0,OV2|041afa|H1|S,184844835
189563915,184844835,BTCUSD,1,-26.24,4,SL,2026-05-10 23:50:20,1.0,80396.62,0.0,0.0,converted_from_iso8601_offset_to_utc_naive,0,0.0,0.0,0.0,[sl 80394.88],184844837
189563937,184844857,ETHUSD,0,0.0,3,EXPERT,2026-05-10 23:50:24,1.0,2317.223,0.0,0.0,converted_from_iso8601_offset_to_utc_naive,0,0.0,0.0,0.0,OV2|e4cba1|H1|S,184844857
189563947,184844857,ETHUSD,1,-2.07,4,SL,2026-05-10 23:50:27,1.0,2319.29,0.0,0.0,converted_from_iso8601_offset_to_utc_naive,0,0.0,0.0,0.0,[sl 2319.152],184844865
189563997,184844914,ETHUSD,0,0.0,3,EXPERT,2026-05-10 23:50:42,1.0,2318.632,0.0,0.0,converted_from_iso8601_offset_to_utc_naive,0,0.0,0.0,0.0,OV2|81ed5f|H1|S,184844914
189564000,184844914,ETHUSD,1,-1.42,4,SL,2026-05-10 23:50:44,1.0,2320.05,0.0,0.0,converted_from_iso8601_offset_to_utc_naive,0,0.0,0.0,0.0,[sl 2319.932],184844920
189564033,184844951,BTCUSD,0,0.0,3,EXPERT,2026-05-10 23:50:49,0.92,80463.3,0.0,0.0,converted_from_iso8601_offset_to_utc_naive,0,0.0,0.0,0.0,OV2|694658|H1|S,184844951
189564047,184844951,BTCUSD,1,-27.62,4,SL,2026-05-10 23:51:00,0.92,80493.32,0.0,0.0,converted_from_iso8601_offset_to_utc_naive,0,0.0,0.0,0.0,[sl 80491.30],184844970
189564078,184845005,ETHUSD,0,0.0,3,EXPERT,2026-05-10 23:51:07,1.0,2323.571,0.0,0.0,converted_from_iso8601_offset_to_utc_naive,0,0.0,0.0,0.0,OV2|e65755|H1|S,184845005
189564129,184845005,ETHUSD,1,-1.8199999999999998,4,SL,2026-05-10 23:51:11,1.0,2325.388,0.0,0.0,converted_from_iso8601_offset_to_utc_naive,0,0.0,0.0,0.0,[sl 2325.071],184845046
189564280,184845199,ETHUSD,0,0.0,3,EXPERT,2026-05-10 23:51:28,1.0,2326.002,0.0,0.0,converted_from_iso8601_offset_to_utc_naive,0,0.0,0.0,0.0,OV2|291ab0|H1|S,184845199
189564304,184845199,ETHUSD,1,-1.69,4,SL,2026-05-10 23:51:36,1.0,2327.69,0.0,0.0,converted_from_iso8601_offset_to_utc_naive,0,0.0,0.0,0.0,[sl 2327.502],184845225
189564411,184845308,ETHUSD,0,0.0,3,EXPERT,2026-05-10 23:52:00,1.0,2326.951,0.0,0.0,converted_from_iso8601_offset_to_utc_naive,0,0.0,0.0,0.0,OV2|910939|H1|S,184845308
189564424,184845308,ETHUSD,1,-1.29,4,SL,2026-05-10 23:52:03,1.0,2328.243,0.0,0.0,converted_from_iso8601_offset_to_utc_naive,0,0.0,0.0,0.0,[sl 2328.181],184845325
189564441,184845344,BTCUSD,0,0.0,3,EXPERT,2026-05-10 23:52:08,0.87,80645.17,0.0,0.0,converted_from_iso8601_offset_to_utc_naive,0,0.0,0.0,0.0,OV2|87d25d|H1|S,184845344
189564444,184845344,BTCUSD,1,-25.13,4,SL,2026-05-10 23:52:08,0.87,80674.06,0.0,0.0,converted_from_iso8601_offset_to_utc_naive,0,0.0,0.0,0.0,[sl 80669.67],184845347
189564471,184845381,BTCUSD,0,0.0,3,EXPERT,2026-05-10 23:52:28,1.0,80639.23,0.0,0.0,converted_from_iso8601_offset_to_utc_naive,0,0.0,0.0,0.0,OV2|90892b|H1|S,184845381
189564782,184845381,BTCUSD,1,-145.08,4,SL,2026-05-11 00:05:00,1.0,80784.31,0.0,0.0,converted_from_iso8601_offset_to_utc_naive,0,0.0,0.0,0.0,[sl 80665.73],184845581
189566222,184846853,ETHUSD,0,0.0,3,EXPERT,2026-05-11 00:05:32,1.0,2329.58,0.0,0.0,converted_from_iso8601_offset_to_utc_naive,0,0.0,0.0,0.0,OV2|878de6|H1|S,184846853
189566309,184846853,ETHUSD,1,-1.51,4,SL,2026-05-11 00:05:43,1.0,2331.093,0.0,0.0,converted_from_iso8601_offset_to_utc_naive,0,0.0,0.0,0.0,[sl 2331.080],184846936
189566465,184847082,BTCUSD,0,0.0,3,EXPERT,2026-05-11 00:06:03,1.0,80803.86,0.0,0.0,converted_from_iso8601_offset_to_utc_naive,0,0.0,0.0,0.0,OV2|3a34db|H1|S,184847082
189566472,184847082,BTCUSD,1,-19.31,4,SL,2026-05-11 00:06:03,1.0,80823.17,0.0,0.0,converted_from_iso8601_offset_to_utc_naive,0,0.0,0.0,0.0,[sl 80822.36],184847088
189566509,184847123,ETHUSD,0,0.0,3,EXPERT,2026-05-11 00:06:07,1.0,2332.292,0.0,0.0,converted_from_iso8601_offset_to_utc_naive,0,0.0,0.0,0.0,OV2|6b5b8a|H1|S,184847123
189566846,184847123,ETHUSD,1,-1.5,4,SL,2026-05-11 00:07:24,1.0,2333.796,0.0,0.0,converted_from_iso8601_offset_to_utc_naive,0,0.0,0.0,0.0,[sl 2333.792],184847424
189566884,184847459,BTCUSD,0,0.0,3,EXPERT,2026-05-11 00:07:42,0.96,80829.58,0.0,0.0,converted_from_iso8601_offset_to_utc_naive,0,0.0,0.0,0.0,OV2|53aba9|H1|S,184847459
189567069,184847459,BTCUSD,1,-19.54,4,SL,2026-05-11 00:08:50,0.96,80849.93,0.0,0.0,converted_from_iso8601_offset_to_utc_naive,0,0.0,0.0,0.0,[sl 80848.08],184847581
189567078,184847592,ETHUSD,0,0.0,3,EXPERT,2026-05-11 00:08:52,1.0,2334.125,0.0,0.0,converted_from_iso8601_offset_to_utc_naive,0,0.0,0.0,0.0,OV2|6b0044|M15|S,184847592
189569241,184844277,XRPUSD,1,-12.05,4,SL,2026-05-11 00:30:07,1.0,1.4609,0.0,0.0,converted_from_iso8601_offset_to_utc_naive,0,0.0,0.0,0.0,[sl 1.46033],184849556
189569262,184847592,ETHUSD,1,-1.5899999999999999,4,SL,2026-05-11 00:30:21,1.0,2335.713,0.0,0.0,converted_from_iso8601_offset_to_utc_naive,0,0.0,0.0,0.0,[sl 2335.625],184849566
189569402,184849647,XRPUSD,0,0.0,3,EXPERT,2026-05-11 00:31:08,1.0,1.4576,0.0,0.0,converted_from_iso8601_offset_to_utc_naive,0,0.0,0.0,0.0,OV2|c2324e|H1|S,184849647
189569428,184849664,ETHUSD,0,0.0,3,EXPERT,2026-05-11 00:31:18,1.0,2334.79,0.0,0.0,converted_from_iso8601_offset_to_utc_naive,0,0.0,0.0,0.0,OV2|00dcaf|H1|S,184849664
189569598,184849664,ETHUSD,1,-1.73,4,SL,2026-05-11 00:32:47,1.0,2336.517,0.0,0.0,converted_from_iso8601_offset_to_utc_naive,0,0.0,0.0,0.0,[sl 2336.290],184849738
189569621,184849752,ETHUSD,0,0.0,3,EXPERT,2026-05-11 00:32:57,1.0,2336.01,0.0,0.0,converted_from_iso8601_offset_to_utc_naive,0,0.0,0.0,0.0,OV2|9e3271|H1|S,184849752
189572533,184852003,EURUSD,0,0.0,3,EXPERT,2026-05-11 01:00:26,0.25,1.17636,0.0,0.0,converted_from_iso8601_offset_to_utc_naive,0,0.0,0.0,0.0,OV2|822601|H1|S,184852003
189572989,184849752,ETHUSD,1,-1.51,4,SL,2026-05-11 01:01:41,1.0,2337.524,0.0,0.0,converted_from_iso8601_offset_to_utc_naive,0,0.0,0.0,0.0,[sl 2337.510],184852382
189573212,184852561,ETHUSD,0,0.0,3,EXPERT,2026-05-11 01:02:00,1.0,2337.656,0.0,0.0,converted_from_iso8601_offset_to_utc_naive,0,0.0,0.0,0.0,OV2|ed2999|H1|S,184852561
189573226,184852561,ETHUSD,1,-2.82,4,SL,2026-05-11 01:02:04,1.0,2340.479,0.0,0.0,converted_from_iso8601_offset_to_utc_naive,0,0.0,0.0,0.0,[sl 2339.444],184852566
189573560,184852825,BTCUSD,0,0.0,3,EXPERT,2026-05-11 01:03:03,1.0,80898.38,0.0,0.0,converted_from_iso8601_offset_to_utc_naive,0,0.0,0.0,0.0,OV2|d50ccf|H1|S,184852825
189573621,184852825,BTCUSD,1,-24.64,4,SL,2026-05-11 01:03:20,1.0,80923.02,0.0,0.0,converted_from_iso8601_offset_to_utc_naive,0,0.0,0.0,0.0,[sl 80916.88],184852874
189573682,184852959,BTCUSD,0,0.0,3,EXPERT,2026-05-11 01:03:35,1.0,80955.31,0.0,0.0,converted_from_iso8601_offset_to_utc_naive,0,0.0,0.0,0.0,OV2|b39694|H1|S,184852959
189573683,184852959,BTCUSD,1,-18.86,4,SL,2026-05-11 01:03:35,1.0,80974.17,0.0,0.0,converted_from_iso8601_offset_to_utc_naive,0,0.0,0.0,0.0,[sl 80973.81],184852960
189573739,184853057,ETHUSD,0,0.0,3,EXPERT,2026-05-11 01:03:51,1.0,2339.93,0.0,0.0,converted_from_iso8601_offset_to_utc_naive,0,0.0,0.0,0.0,OV2|442496|H1|S,184853057
189579272,184853057,ETHUSD,1,-1.8399999999999999,4,SL,2026-05-11 01:06:55,1.0,2341.773,0.0,0.0,converted_from_iso8601_offset_to_utc_naive,0,0.0,0.0,0.0,[sl 2341.430],184857006
189579313,184857028,BTCUSD,0,0.0,3,EXPERT,2026-05-11 01:06:57,1.0,81081.74,0.0,0.0,converted_from_iso8601_offset_to_utc_naive,0,0.0,0.0,0.0,OV2|4b2dd7|H1|S,184857028
189579325,184857028,BTCUSD,1,-39.29,4,SL,2026-05-11 01:06:58,1.0,81121.03,0.0,0.0,converted_from_iso8601_offset_to_utc_naive,0,0.0,0.0,0.0,[sl 81102.25],184857035
189579383,184857083,ETHUSD,0,0.0,3,EXPERT,2026-05-11 01:07:00,1.0,2341.19,0.0,0.0,converted_from_iso8601_offset_to_utc_naive,0,0.0,0.0,0.0,OV2|a40462|H1|S,184857083
189579497,184857083,ETHUSD,1,-1.73,4,SL,2026-05-11 01:07:06,1.0,2342.915,0.0,0.0,converted_from_iso8601_offset_to_utc_naive,0,0.0,0.0,0.0,[sl 2342.839],184857172
189580054,184857629,ETHUSD,0,0.0,3,EXPERT,2026-05-11 01:07:48,1.0,2342.932,0.0,0.0,converted_from_iso8601_offset_to_utc_naive,0,0.0,0.0,0.0,OV2|9bbed7|H1|S,184857629
189581026,184858334,XAUUSD,0,0.0,3,EXPERT,2026-05-11 01:08:46,0.06,4688.03,0.0,0.0,converted_from_iso8601_offset_to_utc_naive,0,0.0,0.0,0.0,OV2|723254|H1|S,184858334
189581113,184857629,ETHUSD,1,-1.87,4,SL,2026-05-11 01:08:53,1.0,2344.8,0.0,0.0,converted_from_iso8601_offset_to_utc_naive,0,0.0,0.0,0.0,[sl 2344.764],184858394
189581477,184858641,ETHUSD,0,0.0,3,EXPERT,2026-05-11 01:09:21,1.0,2343.629,0.0,0.0,converted_from_iso8601_offset_to_utc_naive,0,0.0,0.0,0.0,OV2|18b42a|H1|S,184858641
189582328,184858641,ETHUSD,1,-1.8,4,SL,2026-05-11 01:10:28,1.0,2345.43,0.0,0.0,converted_from_iso8601_offset_to_utc_naive,0,0.0,0.0,0.0,[sl 2345.153],184859335
189582777,184859664,ETHUSD,0,0.0,3,EXPERT,2026-05-11 01:11:14,1.0,2344.722,0.0,0.0,converted_from_iso8601_offset_to_utc_naive,0,0.0,0.0,0.0,OV2|12dd46|H1|S,184859664
189582921,184858334,XAUUSD,1,-15.36,4,SL,2026-05-11 01:11:26,0.06,4690.59,0.0,0.0,converted_from_iso8601_offset_to_utc_naive,0,0.0,0.0,0.0,[sl 4690.54],184859790
189582987,184859664,ETHUSD,1,-1.77,4,SL,2026-05-11 01:11:29,1.0,2346.49,0.0,0.0,converted_from_iso8601_offset_to_utc_naive,0,0.0,0.0,0.0,[sl 2346.260],184859856
189583474,184860173,ETHUSD,0,0.0,3,EXPERT,2026-05-11 01:11:54,1.0,2345.902,0.0,0.0,converted_from_iso8601_offset_to_utc_naive,0,0.0,0.0,0.0,OV2|e9d660|H1|S,184860173
189583764,184860173,ETHUSD,1,-1.65,4,SL,2026-05-11 01:12:15,1.0,2347.556,0.0,0.0,converted_from_iso8601_offset_to_utc_naive,0,0.0,0.0,0.0,[sl 2347.402],184860395
189584661,184860981,BTCUSD,0,0.0,3,EXPERT,2026-05-11 01:13:09,1.0,81302.68,0.0,0.0,converted_from_iso8601_offset_to_utc_naive,0,0.0,0.0,0.0,OV2|177c79|H1|S,184860981
189584958,184860981,BTCUSD,1,-26.69,4,SL,2026-05-11 01:13:34,1.0,81329.37,0.0,0.0,converted_from_iso8601_offset_to_utc_naive,0,0.0,0.0,0.0,[sl 81320.94],184861185
189585055,184861259,XAUUSD,0,0.0,3,EXPERT,2026-05-11 01:13:50,0.05,4688.77,0.0,0.0,converted_from_iso8601_offset_to_utc_naive,0,0.0,0.0,0.0,OV2|86bfb2|H1|S,184861259
189585425,184861499,BTCUSD,0,0.0,3,EXPERT,2026-05-11 01:14:20,1.0,81298.7,0.0,0.0,converted_from_iso8601_offset_to_utc_naive,0,0.0,0.0,0.0,OV2|0b2d1c|H1|S,184861499
189585438,184861499,BTCUSD,1,-18.46,4,SL,2026-05-11 01:14:22,1.0,81317.16,0.0,0.0,converted_from_iso8601_offset_to_utc_naive,0,0.0,0.0,0.0,[sl 81317.20],184861506
189585674,184861682,BTCUSD,0,0.0,3,EXPERT,2026-05-11 01:14:56,1.0,81303.07,0.0,0.0,converted_from_iso8601_offset_to_utc_naive,0,0.0,0.0,0.0,OV2|9c38a7|H1|S,184861682
189585709,184861682,BTCUSD,1,-22.75,4,SL,2026-05-11 01:15:00,1.0,81325.82,0.0,0.0,converted_from_iso8601_offset_to_utc_naive,0,0.0,0.0,0.0,[sl 81319.57],184861764
189592345,184861259,XAUUSD,1,-12.8,4,SL,2026-05-11 01:26:13,0.05,4691.33,0.0,0.0,converted_from_iso8601_offset_to_utc_naive,0,0.0,0.0,0.0,[sl 4691.27],184866801
189592799,184867156,XAUUSD,0,0.0,3,EXPERT,2026-05-11 01:27:10,0.06,4692.09,0.0,0.0,converted_from_iso8601_offset_to_utc_naive,0,0.0,0.0,0.0,OV2|ddc306|H1|S,184867156
189593326,184849647,XRPUSD,1,-12.4,4,SL,2026-05-11 01:27:37,1.0,1.47,0.0,0.0,converted_from_iso8601_offset_to_utc_naive,0,0.0,0.0,0.0,[sl 1.46963],184867538
189593402,184867595,BTCUSD,0,0.0,3,EXPERT,2026-05-11 01:27:40,1.0,81689.3,0.0,0.0,converted_from_iso8601_offset_to_utc_naive,0,0.0,0.0,0.0,OV2|704d2d|H1|B,184867595
189593403,184867595,BTCUSD,1,-17.83,4,SL,2026-05-11 01:27:40,1.0,81671.47,0.0,0.0,converted_from_iso8601_offset_to_utc_naive,0,0.0,0.0,0.0,[sl 81672.80],184867596
189593599,184867741,XRPUSD,0,0.0,3,EXPERT,2026-05-11 01:27:55,1.0,1.4683,0.0,0.0,converted_from_iso8601_offset_to_utc_naive,0,0.0,0.0,0.0,OV2|e67b6d|M15|S,184867741
189593724,184867156,XAUUSD,1,-15.36,4,SL,2026-05-11 01:28:05,0.06,4694.65,0.0,0.0,converted_from_iso8601_offset_to_utc_naive,0,0.0,0.0,0.0,[sl 4694.56],184867835
189593980,184868027,BTCUSD,0,0.0,3,EXPERT,2026-05-11 01:28:13,1.0,81669.91,0.0,0.0,converted_from_iso8601_offset_to_utc_naive,0,0.0,0.0,0.0,OV2|8aa3f2|H1|B,184868027
189594063,184868082,XAUUSD,0,0.0,3,EXPERT,2026-05-11 01:28:15,0.05,4694.81,0.0,0.0,converted_from_iso8601_offset_to_utc_naive,0,0.0,0.0,0.0,OV2|0a8ad9|H1|S,184868082
189594139,184868027,BTCUSD,1,-21.2,4,SL,2026-05-11 01:28:20,1.0,81648.71,0.0,0.0,converted_from_iso8601_offset_to_utc_naive,0,0.0,0.0,0.0,[sl 81649.93],184868142
189594360,184868300,BTCUSD,0,0.0,3,EXPERT,2026-05-11 01:28:33,1.0,81611.28,0.0,0.0,converted_from_iso8601_offset_to_utc_naive,0,0.0,0.0,0.0,OV2|d405e2|H1|B,184868300
189594396,184868300,BTCUSD,1,-16.89,4,SL,2026-05-11 01:28:35,1.0,81594.39,0.0,0.0,converted_from_iso8601_offset_to_utc_naive,0,0.0,0.0,0.0,[sl 81595.48],184868329
189596086,184869650,BTCUSD,0,0.0,3,EXPERT,2026-05-11 01:30:47,1.0,81462.75,0.0,0.0,converted_from_iso8601_offset_to_utc_naive,0,0.0,0.0,0.0,OV2|bd593c|H1|B,184869650
189596558,184869650,BTCUSD,1,-18.53,4,SL,2026-05-11 01:31:16,1.0,81444.22,0.0,0.0,converted_from_iso8601_offset_to_utc_naive,0,0.0,0.0,0.0,[sl 81444.25],184869959
189596696,184870076,BTCUSD,0,0.0,3,EXPERT,2026-05-11 01:31:34,1.0,81546.32,0.0,0.0,converted_from_iso8601_offset_to_utc_naive,0,0.0,0.0,0.0,OV2|292eaa|H1|B,184870076
189596732,184870076,BTCUSD,1,-20.8,4,SL,2026-05-11 01:31:40,1.0,81525.52,0.0,0.0,converted_from_iso8601_offset_to_utc_naive,0,0.0,0.0,0.0,[sl 81527.82],184870103
189596957,184870287,BTCUSD,0,0.0,3,EXPERT,2026-05-11 01:32:07,1.0,81587.97,0.0,0.0,converted_from_iso8601_offset_to_utc_naive,0,0.0,0.0,0.0,OV2|b69aae|H1|B,184870287
189609960,184867741,XRPUSD,1,-14.9,4,SL,2026-05-11 02:00:00,1.0,1.4832,0.0,0.0,converted_from_iso8601_offset_to_utc_naive,0,0.0,0.0,0.0,[sl 1.47641],184880966
189611338,184882440,XRPUSD,0,0.0,3,EXPERT,2026-05-11 02:01:02,1.0,1.4743,0.0,0.0,converted_from_iso8601_offset_to_utc_naive,0,0.0,0.0,0.0,OV2|f1762e|H1|B,184882440
189625384,184868082,XAUUSD,1,-12.55,4,SL,2026-05-11 02:27:29,0.05,4697.32,0.0,0.0,converted_from_iso8601_offset_to_utc_naive,0,0.0,0.0,0.0,[sl 4697.31],184893572
189625599,184893740,XAUUSD,0,0.0,3,EXPERT,2026-05-11 02:27:58,0.07,4696.34,0.0,0.0,converted_from_iso8601_offset_to_utc_naive,0,0.0,0.0,0.0,OV2|0881af|H1|S,184893740
189649279,184852003,EURUSD,1,-17.5,4,SL,2026-05-11 03:05:05,0.25,1.17706,0.0,0.0,converted_from_iso8601_offset_to_utc_naive,0,0.0,0.0,0.0,[sl 1.17706],184910869
189656455,184893740,XAUUSD,1,105.84,5,TP,2026-05-11 03:14:22,0.07,4681.22,0.0,0.0,converted_from_iso8601_offset_to_utc_naive,0,0.0,0.0,0.0,[tp 4681.23],184916162
189657300,184916634,XAUUSD,0,0.0,3,EXPERT,2026-05-11 03:14:43,0.08,4681.94,0.0,0.0,converted_from_iso8601_offset_to_utc_naive,0,0.0,0.0,0.0,OV2|73c4f4|H1|S,184916634
189658075,184882440,XRPUSD,1,-8.25,4,SL,2026-05-11 03:15:24,1.0,1.46605,0.0,0.0,converted_from_iso8601_offset_to_utc_naive,0,0.0,0.0,0.0,[sl 1.46616],184917197
189663478,184870287,BTCUSD,1,-20.32,4,SL,2026-05-11 03:19:38,1.0,81567.65,0.0,0.0,converted_from_iso8601_offset_to_utc_naive,0,0.0,0.0,0.0,[sl 81569.47],184920824
189663583,184920905,BTCUSD,0,0.0,3,EXPERT,2026-05-11 03:19:47,1.0,81592.27,0.0,0.0,converted_from_iso8601_offset_to_utc_naive,0,0.0,0.0,0.0,OV2|cdcb28|H1|B,184920905
189663617,184920905,BTCUSD,1,-25.89,4,SL,2026-05-11 03:19:52,1.0,81566.38,0.0,0.0,converted_from_iso8601_offset_to_utc_naive,0,0.0,0.0,0.0,[sl 81575.77],184920941
189667466,184923468,BTCUSD,0,0.0,3,EXPERT,2026-05-11 03:21:24,1.0,81559.69,0.0,0.0,converted_from_iso8601_offset_to_utc_naive,0,0.0,0.0,0.0,OV2|aeb5ac|H1|B,184923468
189668650,184916634,XAUUSD,1,-18.88,4,SL,2026-05-11 03:22:27,0.08,4684.3,0.0,0.0,converted_from_iso8601_offset_to_utc_naive,0,0.0,0.0,0.0,[sl 4684.29],184924287
189668892,184924449,XAUUSD,0,0.0,3,EXPERT,2026-05-11 03:22:44,0.06,4683.93,0.0,0.0,converted_from_iso8601_offset_to_utc_naive,0,0.0,0.0,0.0,OV2|aae04e|H1|S,184924449
189670661,184924449,XAUUSD,1,-16.68,4,SL,2026-05-11 03:25:35,0.06,4686.71,0.0,0.0,converted_from_iso8601_offset_to_utc_naive,0,0.0,0.0,0.0,[sl 4686.39],184925691
189671096,184925959,XAUUSD,0,0.0,3,EXPERT,2026-05-11 03:26:00,0.07,4686.1,0.0,0.0,converted_from_iso8601_offset_to_utc_naive,0,0.0,0.0,0.0,OV2|66a4ba|H1|S,184925959
189673896,184928017,XRPUSD,0,0.0,3,EXPERT,2026-05-11 03:30:36,1.0,1.4621,0.0,0.0,converted_from_iso8601_offset_to_utc_naive,0,0.0,0.0,0.0,OV2|e37200|H1|S,184928017
189674749,184925959,XAUUSD,1,-18.13,4,SL,2026-05-11 03:31:06,0.07,4688.69,0.0,0.0,converted_from_iso8601_offset_to_utc_naive,0,0.0,0.0,0.0,[sl 4688.60],184928587
189675101,184928819,XAUUSD,0,0.0,3,EXPERT,2026-05-11 03:31:14,0.06,4688.87,0.0,0.0,converted_from_iso8601_offset_to_utc_naive,0,0.0,0.0,0.0,OV2|8c0de0|H1|S,184928819
189675904,184928819,XAUUSD,1,-16.5,4,SL,2026-05-11 03:31:49,0.06,4691.62,0.0,0.0,converted_from_iso8601_offset_to_utc_naive,0,0.0,0.0,0.0,[sl 4691.34],184929356
189676064,184929464,XAUUSD,0,0.0,3,EXPERT,2026-05-11 03:31:49,0.06,4691.75,0.0,0.0,converted_from_iso8601_offset_to_utc_naive,0,0.0,0.0,0.0,OV2|1a67a9|M15|S,184929464
189676857,184928017,XRPUSD,1,-7.15,4,SL,2026-05-11 03:32:14,1.0,1.46925,0.0,0.0,converted_from_iso8601_offset_to_utc_naive,0,0.0,0.0,0.0,[sl 1.46921],184929947
189676881,184929968,XRPUSD,0,0.0,3,EXPERT,2026-05-11 03:32:17,1.0,1.46695,0.0,0.0,converted_from_iso8601_offset_to_utc_naive,0,0.0,0.0,0.0,OV2|cce809|M15|S,184929968
189684505,184923468,BTCUSD,1,-20.92,4,SL,2026-05-11 03:41:53,1.0,81538.77,0.0,0.0,converted_from_iso8601_offset_to_utc_naive,0,0.0,0.0,0.0,[sl 81543.19],184935189
189724033,184929464,XAUUSD,1,-15.66,4,SL,2026-05-11 04:05:29,0.06,4694.36,0.0,0.0,converted_from_iso8601_offset_to_utc_naive,0,0.0,0.0,0.0,[sl 4694.30],184961485
189727372,184963478,XAUUSD,0,0.0,3,EXPERT,2026-05-11 04:05:46,0.06,4696.91,0.0,0.0,converted_from_iso8601_offset_to_utc_naive,0,0.0,0.0,0.0,OV2|11d647|H1|S,184963478
189728587,184963478,XAUUSD,1,-14.4,4,SL,2026-05-11 04:06:34,0.06,4699.31,0.0,0.0,converted_from_iso8601_offset_to_utc_naive,0,0.0,0.0,0.0,[sl 4699.28],184964339
189729498,184964948,XAUUSD,0,0.0,3,EXPERT,2026-05-11 04:06:53,0.06,4695.57,0.0,0.0,converted_from_iso8601_offset_to_utc_naive,0,0.0,0.0,0.0,OV2|09eb08|H1|S,184964948
189730163,184964948,XAUUSD,1,-16.26,4,SL,2026-05-11 04:07:04,0.06,4698.28,0.0,0.0,converted_from_iso8601_offset_to_utc_naive,0,0.0,0.0,0.0,[sl 4698.04],184965360
189730724,184965752,XAUUSD,0,0.0,3,EXPERT,2026-05-11 04:07:26,0.07,4698.06,0.0,0.0,converted_from_iso8601_offset_to_utc_naive,0,0.0,0.0,0.0,OV2|3a2c11|H1|S,184965752
189747072,184965752,XAUUSD,1,-20.72,4,SL,2026-05-11 04:22:49,0.07,4701.02,0.0,0.0,converted_from_iso8601_offset_to_utc_naive,0,0.0,0.0,0.0,[sl 4700.56],184976692
189765333,184988653,EURUSD,0,0.0,3,EXPERT,2026-05-11 04:38:27,0.25,1.17638,0.0,0.0,converted_from_iso8601_offset_to_utc_naive,0,0.0,0.0,0.0,OV2|4ff3a7|H1|S,184988653
189789480,185004844,BTCUSD,0,0.0,3,EXPERT,2026-05-11 05:07:30,1.0,81379.6,0.0,0.0,converted_from_iso8601_offset_to_utc_naive,0,0.0,0.0,0.0,OV2|a40764|H1|S,185004844
189789673,185004844,BTCUSD,1,-18.51,4,SL,2026-05-11 05:07:51,1.0,81398.11,0.0,0.0,converted_from_iso8601_offset_to_utc_naive,0,0.0,0.0,0.0,[sl 81396.10],185004970
189789841,185005102,BTCUSD,0,0.0,3,EXPERT,2026-05-11 05:08:03,0.99,81387.15,0.0,0.0,converted_from_iso8601_offset_to_utc_naive,0,0.0,0.0,0.0,OV2|7f374f|H1|S,185005102
189789905,185005102,BTCUSD,1,-20.15,4,SL,2026-05-11 05:08:08,0.99,81407.5,0.0,0.0,converted_from_iso8601_offset_to_utc_naive,0,0.0,0.0,0.0,[sl 81403.65],185005142
189790041,185005244,BTCUSD,0,0.0,3,EXPERT,2026-05-11 05:08:36,1.0,81392.44,0.0,0.0,converted_from_iso8601_offset_to_utc_naive,0,0.0,0.0,0.0,OV2|66f5ca|H1|S,185005244
189790072,185005244,BTCUSD,1,-17.14,4,SL,2026-05-11 05:08:43,1.0,81409.58,0.0,0.0,converted_from_iso8601_offset_to_utc_naive,0,0.0,0.0,0.0,[sl 81408.94],185005265
189790283,185005398,BTCUSD,0,0.0,3,EXPERT,2026-05-11 05:09:08,0.99,81406.18,0.0,0.0,converted_from_iso8601_offset_to_utc_naive,0,0.0,0.0,0.0,OV2|47367a|H1|S,185005398
189790317,185005398,BTCUSD,1,-16.53,4,SL,2026-05-11 05:09:16,0.99,81422.88,0.0,0.0,converted_from_iso8601_offset_to_utc_naive,0,0.0,0.0,0.0,[sl 81422.68],185005419
189790777,185005714,BTCUSD,0,0.0,3,EXPERT,2026-05-11 05:09:31,0.99,81416.26,0.0,0.0,converted_from_iso8601_offset_to_utc_naive,0,0.0,0.0,0.0,OV2|cdaf8a|H1|S,185005714
189791295,185005714,BTCUSD,1,-17.02,4,SL,2026-05-11 05:11:02,0.99,81433.45,0.0,0.0,converted_from_iso8601_offset_to_utc_naive,0,0.0,0.0,0.0,[sl 81432.76],185006072
189791955,185006500,BTCUSD,0,0.0,3,EXPERT,2026-05-11 05:12:16,1.0,81406.69,0.0,0.0,converted_from_iso8601_offset_to_utc_naive,0,0.0,0.0,0.0,OV2|c7ba98|H1|S,185006500
189792397,185006500,BTCUSD,1,-21.13,4,SL,2026-05-11 05:12:58,1.0,81427.82,0.0,0.0,converted_from_iso8601_offset_to_utc_naive,0,0.0,0.0,0.0,[sl 81423.70],185006786
189792871,185007098,BTCUSD,0,0.0,3,EXPERT,2026-05-11 05:13:50,1.0,81404.19,0.0,0.0,converted_from_iso8601_offset_to_utc_naive,0,0.0,0.0,0.0,OV2|025279|H1|S,185007098
189795219,185008730,XAUUSD,0,0.0,3,EXPERT,2026-05-11 05:23:10,0.07,4684.35,0.0,0.0,converted_from_iso8601_offset_to_utc_naive,0,0.0,0.0,0.0,OV2|36ce08|H1|S,185008730
189795540,185008730,XAUUSD,1,-17.5,4,SL,2026-05-11 05:24:58,0.07,4686.85,0.0,0.0,converted_from_iso8601_offset_to_utc_naive,0,0.0,0.0,0.0,[sl 4686.85],185008960
189796487,185009651,XAUUSD,0,0.0,3,EXPERT,2026-05-11 05:28:03,0.07,4687.07,0.0,0.0,converted_from_iso8601_offset_to_utc_naive,0,0.0,0.0,0.0,OV2|bfb5c9|H1|S,185009651
189796925,185009651,XAUUSD,1,-19.81,4,SL,2026-05-11 05:30:00,0.07,4689.9,0.0,0.0,converted_from_iso8601_offset_to_utc_naive,0,0.0,0.0,0.0,[sl 4689.57],185010040
189798860,185011318,XAUUSD,0,0.0,3,EXPERT,2026-05-11 05:31:39,0.07,4692.61,0.0,0.0,converted_from_iso8601_offset_to_utc_naive,0,0.0,0.0,0.0,OV2|7c00ba|H1|S,185011318
189799028,185011318,XAUUSD,1,-17.99,4,SL,2026-05-11 05:31:59,0.07,4695.18,0.0,0.0,converted_from_iso8601_offset_to_utc_naive,0,0.0,0.0,0.0,[sl 4695.11],185011444
189799532,185011798,XAUUSD,0,0.0,3,EXPERT,2026-05-11 05:32:16,0.07,4694.39,0.0,0.0,converted_from_iso8601_offset_to_utc_naive,0,0.0,0.0,0.0,OV2|5f8d46|H1|S,185011798
189801723,185011798,XAUUSD,1,-19.04,4,SL,2026-05-11 05:37:01,0.07,4697.11,0.0,0.0,converted_from_iso8601_offset_to_utc_naive,0,0.0,0.0,0.0,[sl 4696.89],185013429
189802190,185013679,XAUUSD,0,0.0,3,EXPERT,2026-05-11 05:37:27,0.07,4695.93,0.0,0.0,converted_from_iso8601_offset_to_utc_naive,0,0.0,0.0,0.0,OV2|abb66a|H1|S,185013679
189802397,185013679,XAUUSD,1,-18.76,4,SL,2026-05-11 05:37:45,0.07,4698.61,0.0,0.0,converted_from_iso8601_offset_to_utc_naive,0,0.0,0.0,0.0,[sl 4698.45],185013841
189802967,185014226,XAUUSD,0,0.0,3,EXPERT,2026-05-11 05:38:00,0.06,4699.48,0.0,0.0,converted_from_iso8601_offset_to_utc_naive,0,0.0,0.0,0.0,OV2|7ec8f5|H1|S,185014226
189826392,185007098,BTCUSD,1,712.31,5,TP,2026-05-11 06:13:24,1.0,80691.88,0.0,0.0,converted_from_iso8601_offset_to_utc_naive,0,0.0,0.0,0.0,[tp 80697.27],185029739
189826922,185030139,BTCUSD,0,0.0,3,EXPERT,2026-05-11 06:14:50,1.0,80693.96,0.0,0.0,converted_from_iso8601_offset_to_utc_naive,0,0.0,0.0,0.0,OV2|0843a2|H1|S,185030139
189835902,185030139,BTCUSD,1,-16.53,4,SL,2026-05-11 06:44:34,1.0,80710.49,0.0,0.0,converted_from_iso8601_offset_to_utc_naive,0,0.0,0.0,0.0,[sl 80710.46],185036718
189836540,185037179,BTCUSD,0,0.0,3,EXPERT,2026-05-11 06:46:13,1.0,80726.83,0.0,0.0,converted_from_iso8601_offset_to_utc_naive,0,0.0,0.0,0.0,OV2|2b2460|H1|S,185037179
189836591,185037179,BTCUSD,1,-19.38,4,SL,2026-05-11 06:46:27,1.0,80746.21,0.0,0.0,converted_from_iso8601_offset_to_utc_naive,0,0.0,0.0,0.0,[sl 80745.33],185037222
189836630,185037251,BTCUSD,0,0.0,3,EXPERT,2026-05-11 06:46:46,1.0,80741.73,0.0,0.0,converted_from_iso8601_offset_to_utc_naive,0,0.0,0.0,0.0,OV2|e1a6f0|H1|S,185037251
189843386,185014226,XAUUSD,1,154.62,5,TP,2026-05-11 07:03:28,0.06,4673.71,0.0,0.0,converted_from_iso8601_offset_to_utc_naive,0,0.0,0.0,0.0,[tp 4673.72],185042034
189843530,185042089,XAUUSD,0,0.0,3,EXPERT,2026-05-11 07:03:30,0.08,4673.56,0.0,0.0,converted_from_iso8601_offset_to_utc_naive,0,0.0,0.0,0.0,OV2|9ba77f|H1|S,185042089
189843752,185042089,XAUUSD,1,-20.4,4,SL,2026-05-11 07:03:40,0.08,4676.11,0.0,0.0,converted_from_iso8601_offset_to_utc_naive,0,0.0,0.0,0.0,[sl 4676.06],185042208
189843872,185042295,XAUUSD,0,0.0,3,EXPERT,2026-05-11 07:04:01,0.06,4675.69,0.0,0.0,converted_from_iso8601_offset_to_utc_naive,0,0.0,0.0,0.0,OV2|cf8308|H1|S,185042295
189845426,185042295,XAUUSD,1,-15.18,4,SL,2026-05-11 07:06:58,0.06,4678.22,0.0,0.0,converted_from_iso8601_offset_to_utc_naive,0,0.0,0.0,0.0,[sl 4678.21],185043343
189845623,185043463,XAUUSD,0,0.0,3,EXPERT,2026-05-11 07:07:17,0.06,4678.51,0.0,0.0,converted_from_iso8601_offset_to_utc_naive,0,0.0,0.0,0.0,OV2|eb22e7|H1|S,185043463
189852202,185037251,BTCUSD,1,-20.83,4,SL,2026-05-11 07:24:34,1.0,80762.56,0.0,0.0,converted_from_iso8601_offset_to_utc_naive,0,0.0,0.0,0.0,[sl 80760.23],185047808
189852263,185047844,BTCUSD,0,0.0,3,EXPERT,2026-05-11 07:24:54,0.94,80744.21,0.0,0.0,converted_from_iso8601_offset_to_utc_naive,0,0.0,0.0,0.0,OV2|de59d5|H1|S,185047844
189852379,185047844,BTCUSD,1,-17.25,4,SL,2026-05-11 07:25:08,0.94,80762.56,0.0,0.0,converted_from_iso8601_offset_to_utc_naive,0,0.0,0.0,0.0,[sl 80760.71],185047917
189852852,185048225,BTCUSD,0,0.0,3,EXPERT,2026-05-11 07:26:49,1.0,80731.09,0.0,0.0,converted_from_iso8601_offset_to_utc_naive,0,0.0,0.0,0.0,OV2|d60e3d|H1|S,185048225
189856271,185048225,BTCUSD,1,-20.39,4,SL,2026-05-11 07:31:50,1.0,80751.48,0.0,0.0,converted_from_iso8601_offset_to_utc_naive,0,0.0,0.0,0.0,[sl 80750.86],185050427
189856315,185050456,BTCUSD,0,0.0,3,EXPERT,2026-05-11 07:32:00,1.0,80744.66,0.0,0.0,converted_from_iso8601_offset_to_utc_naive,0,0.0,0.0,0.0,OV2|1451e0|H1|S,185050456
189856393,185050456,BTCUSD,1,-20.49,4,SL,2026-05-11 07:32:11,1.0,80765.15,0.0,0.0,converted_from_iso8601_offset_to_utc_naive,0,0.0,0.0,0.0,[sl 80761.16],185050509
189856452,185050550,BTCUSD,0,0.0,3,EXPERT,2026-05-11 07:32:18,1.0,80771.99,0.0,0.0,converted_from_iso8601_offset_to_utc_naive,0,0.0,0.0,0.0,OV2|1f7282|H1|S,185050550
189856797,185050550,BTCUSD,1,-19.01,4,SL,2026-05-11 07:33:42,1.0,80791.0,0.0,0.0,converted_from_iso8601_offset_to_utc_naive,0,0.0,0.0,0.0,[sl 80790.49],185050800
189856798,185050801,BTCUSD,0,0.0,3,EXPERT,2026-05-11 07:33:42,1.0,80782.0,0.0,0.0,converted_from_iso8601_offset_to_utc_naive,0,0.0,0.0,0.0,OV2|fe0d24|H1|S,185050801
189856820,185050801,BTCUSD,1,-22.4,4,SL,2026-05-11 07:33:48,1.0,80804.4,0.0,0.0,converted_from_iso8601_offset_to_utc_naive,0,0.0,0.0,0.0,[sl 80800.50],185050814
189857129,185051025,BTCUSD,0,0.0,3,EXPERT,2026-05-11 07:34:00,1.0,80782.91,0.0,0.0,converted_from_iso8601_offset_to_utc_naive,0,0.0,0.0,0.0,OV2|6fbe04|H1|S,185051025
189858449,185051025,BTCUSD,1,-16.63,4,SL,2026-05-11 07:35:45,1.0,80799.54,0.0,0.0,converted_from_iso8601_offset_to_utc_naive,0,0.0,0.0,0.0,[sl 80799.41],185051862
189858562,185051939,BTCUSD,0,0.0,3,EXPERT,2026-05-11 07:36:13,1.0,80786.71,0.0,0.0,converted_from_iso8601_offset_to_utc_naive,0,0.0,0.0,0.0,OV2|d8c166|H1|S,185051939
189859713,185051939,BTCUSD,1,-19.03,4,SL,2026-05-11 07:42:54,1.0,80805.74,0.0,0.0,converted_from_iso8601_offset_to_utc_naive,0,0.0,0.0,0.0,[sl 80805.21],185052776
189859761,185052814,BTCUSD,0,0.0,3,EXPERT,2026-05-11 07:43:36,1.0,80796.84,0.0,0.0,converted_from_iso8601_offset_to_utc_naive,0,0.0,0.0,0.0,OV2|9e34fd|H1|S,185052814
189859908,185052814,BTCUSD,1,-16.5,4,SL,2026-05-11 07:45:08,1.0,80813.34,0.0,0.0,converted_from_iso8601_offset_to_utc_naive,0,0.0,0.0,0.0,[sl 80813.34],185052952
189860170,185053137,BTCUSD,0,0.0,3,EXPERT,2026-05-11 07:46:48,1.0,80807.99,0.0,0.0,converted_from_iso8601_offset_to_utc_naive,0,0.0,0.0,0.0,OV2|4753f1|H1|S,185053137
189861625,185053137,BTCUSD,1,-17.2,4,SL,2026-05-11 07:53:31,1.0,80825.19,0.0,0.0,converted_from_iso8601_offset_to_utc_naive,0,0.0,0.0,0.0,[sl 80824.49],185054084
189861629,185054088,BTCUSD,0,0.0,3,EXPERT,2026-05-11 07:53:32,1.0,80818.69,0.0,0.0,converted_from_iso8601_offset_to_utc_naive,0,0.0,0.0,0.0,OV2|5cd325|H1|S,185054088
189861685,185054088,BTCUSD,1,-18.77,4,SL,2026-05-11 07:53:56,1.0,80837.46,0.0,0.0,converted_from_iso8601_offset_to_utc_naive,0,0.0,0.0,0.0,[sl 80837.31],185054125
189861712,185054152,BTCUSD,0,0.0,3,EXPERT,2026-05-11 07:54:05,1.0,80837.6,0.0,0.0,converted_from_iso8601_offset_to_utc_naive,0,0.0,0.0,0.0,OV2|dcc6fa|H1|S,185054152
189861775,185054152,BTCUSD,1,-18.53,4,SL,2026-05-11 07:54:55,1.0,80856.13,0.0,0.0,converted_from_iso8601_offset_to_utc_naive,0,0.0,0.0,0.0,[sl 80856.10],185054207
189861776,185054209,BTCUSD,0,0.0,3,EXPERT,2026-05-11 07:54:57,1.0,80847.13,0.0,0.0,converted_from_iso8601_offset_to_utc_naive,0,0.0,0.0,0.0,OV2|e7bf71|H1|S,185054209
189861787,185054209,BTCUSD,1,-19.38,4,SL,2026-05-11 07:54:59,1.0,80866.51,0.0,0.0,converted_from_iso8601_offset_to_utc_naive,0,0.0,0.0,0.0,[sl 80865.63],185054218
189862235,185054509,BTCUSD,0,0.0,3,EXPERT,2026-05-11 07:56:55,1.0,80832.48,0.0,0.0,converted_from_iso8601_offset_to_utc_naive,0,0.0,0.0,0.0,OV2|d22b8c|H1|S,185054509
189862338,185054509,BTCUSD,1,-18.53,4,SL,2026-05-11 07:57:49,1.0,80851.01,0.0,0.0,converted_from_iso8601_offset_to_utc_naive,0,0.0,0.0,0.0,[sl 80850.83],185054586
189862396,185054627,BTCUSD,0,0.0,3,EXPERT,2026-05-11 07:58:02,1.0,80851.38,0.0,0.0,converted_from_iso8601_offset_to_utc_naive,0,0.0,0.0,0.0,OV2|eaa202|H1|S,185054627
189863741,185054627,BTCUSD,1,-16.93,4,SL,2026-05-11 08:03:04,1.0,80868.31,0.0,0.0,converted_from_iso8601_offset_to_utc_naive,0,0.0,0.0,0.0,[sl 80867.88],185056066
189863744,185056070,BTCUSD,0,0.0,3,EXPERT,2026-05-11 08:03:05,1.0,80860.06,0.0,0.0,converted_from_iso8601_offset_to_utc_naive,0,0.0,0.0,0.0,OV2|10e209|H1|S,185056070
189863787,185056070,BTCUSD,1,-19.47,4,SL,2026-05-11 08:03:19,1.0,80879.53,0.0,0.0,converted_from_iso8601_offset_to_utc_naive,0,0.0,0.0,0.0,[sl 80876.56],185056098
189863905,185056197,BTCUSD,0,0.0,3,EXPERT,2026-05-11 08:03:52,1.0,80861.96,0.0,0.0,converted_from_iso8601_offset_to_utc_naive,0,0.0,0.0,0.0,OV2|16abef|H1|S,185056197
189863975,185056197,BTCUSD,1,-15.6,4,SL,2026-05-11 08:04:01,1.0,80877.56,0.0,0.0,converted_from_iso8601_offset_to_utc_naive,0,0.0,0.0,0.0,[sl 80877.56],185056239
189864235,185056390,BTCUSD,0,0.0,3,EXPERT,2026-05-11 08:04:43,1.0,80861.36,0.0,0.0,converted_from_iso8601_offset_to_utc_naive,0,0.0,0.0,0.0,OV2|8fd111|H1|S,185056390
189864441,185056390,BTCUSD,1,-20.0,4,SL,2026-05-11 08:05:35,1.0,80881.36,0.0,0.0,converted_from_iso8601_offset_to_utc_naive,0,0.0,0.0,0.0,[sl 80880.03],185056534
189864545,185056611,BTCUSD,0,0.0,3,EXPERT,2026-05-11 08:06:41,1.0,80854.59,0.0,0.0,converted_from_iso8601_offset_to_utc_naive,0,0.0,0.0,0.0,OV2|cc3fd8|H1|S,185056611
189865902,185056611,BTCUSD,1,-16.85,4,SL,2026-05-11 08:11:29,1.0,80871.44,0.0,0.0,converted_from_iso8601_offset_to_utc_naive,0,0.0,0.0,0.0,[sl 80871.09],185057582
189865957,185057633,BTCUSD,0,0.0,3,EXPERT,2026-05-11 08:11:51,1.0,80850.46,0.0,0.0,converted_from_iso8601_offset_to_utc_naive,0,0.0,0.0,0.0,OV2|60dfd3|H1|S,185057633
189866888,185057633,BTCUSD,1,-16.6,4,SL,2026-05-11 08:16:20,1.0,80867.06,0.0,0.0,converted_from_iso8601_offset_to_utc_naive,0,0.0,0.0,0.0,[sl 80866.96],185058325
189881767,185043463,XAUUSD,1,105.84,5,TP,2026-05-11 08:46:14,0.06,4660.87,0.0,0.0,converted_from_iso8601_offset_to_utc_naive,0,0.0,0.0,0.0,[tp 4660.90],185068411
189881934,185068493,XAUUSD,0,0.0,3,EXPERT,2026-05-11 08:46:22,0.08,4662.55,0.0,0.0,converted_from_iso8601_offset_to_utc_naive,0,0.0,0.0,0.0,OV2|440021|H1|S,185068493
189901815,185068493,XAUUSD,1,-20.08,4,SL,2026-05-11 09:08:38,0.08,4665.06,0.0,0.0,converted_from_iso8601_offset_to_utc_naive,0,0.0,0.0,0.0,[sl 4665.05],185082246
189902226,185082437,XAUUSD,0,0.0,3,EXPERT,2026-05-11 09:08:57,0.07,4663.62,0.0,0.0,converted_from_iso8601_offset_to_utc_naive,0,0.0,0.0,0.0,OV2|3af85f|H1|S,185082437
189904089,185082437,XAUUSD,1,-17.99,4,SL,2026-05-11 09:12:39,0.07,4666.19,0.0,0.0,converted_from_iso8601_offset_to_utc_naive,0,0.0,0.0,0.0,[sl 4666.12],185083840
189904519,185084089,XAUUSD,0,0.0,3,EXPERT,2026-05-11 09:13:02,0.07,4666.32,0.0,0.0,converted_from_iso8601_offset_to_utc_naive,0,0.0,0.0,0.0,OV2|41c575|H1|S,185084089
189905901,185084089,XAUUSD,1,-19.25,4,SL,2026-05-11 09:17:37,0.07,4669.07,0.0,0.0,converted_from_iso8601_offset_to_utc_naive,0,0.0,0.0,0.0,[sl 4668.82],185085103
189906022,185085181,XAUUSD,0,0.0,3,EXPERT,2026-05-11 09:17:41,0.06,4668.24,0.0,0.0,converted_from_iso8601_offset_to_utc_naive,0,0.0,0.0,0.0,OV2|9cfe57|H1|S,185085181
189906559,185085579,BTCUSD,0,0.0,3,EXPERT,2026-05-11 09:18:50,1.0,80816.34,0.0,0.0,converted_from_iso8601_offset_to_utc_naive,0,0.0,0.0,0.0,OV2|cdd9f2|H1|S,185085579
189906711,185085579,BTCUSD,1,-16.76,4,SL,2026-05-11 09:18:51,1.0,80833.1,0.0,0.0,converted_from_iso8601_offset_to_utc_naive,0,0.0,0.0,0.0,[sl 80832.84],185085713
189906845,185085793,BTCUSD,0,0.0,3,EXPERT,2026-05-11 09:19:15,1.0,80833.01,0.0,0.0,converted_from_iso8601_offset_to_utc_naive,0,0.0,0.0,0.0,OV2|3c8df3|H1|S,185085793
189907078,185085181,XAUUSD,1,-15.6,4,SL,2026-05-11 09:19:55,0.06,4670.84,0.0,0.0,converted_from_iso8601_offset_to_utc_naive,0,0.0,0.0,0.0,[sl 4670.74],185085962
189907155,185085793,BTCUSD,1,-16.55,4,SL,2026-05-11 09:19:59,1.0,80849.56,0.0,0.0,converted_from_iso8601_offset_to_utc_naive,0,0.0,0.0,0.0,[sl 80849.51],185086014
189907881,185086564,XAUUSD,0,0.0,3,EXPERT,2026-05-11 09:21:52,0.07,4667.61,0.0,0.0,converted_from_iso8601_offset_to_utc_naive,0,0.0,0.0,0.0,OV2|d39ff6|H1|S,185086564
189911395,185086564,XAUUSD,1,-18.97,4,SL,2026-05-11 09:30:41,0.07,4670.32,0.0,0.0,converted_from_iso8601_offset_to_utc_naive,0,0.0,0.0,0.0,[sl 4670.08],185089251
189911934,185089541,XAUUSD,0,0.0,3,EXPERT,2026-05-11 09:31:27,0.07,4669.79,0.0,0.0,converted_from_iso8601_offset_to_utc_naive,0,0.0,0.0,0.0,OV2|957e11|H1|S,185089541
189912536,185089541,XAUUSD,1,-18.76,4,SL,2026-05-11 09:33:44,0.07,4672.47,0.0,0.0,converted_from_iso8601_offset_to_utc_naive,0,0.0,0.0,0.0,[sl 4672.30],185089990
189912637,185090048,XAUUSD,0,0.0,3,EXPERT,2026-05-11 09:33:45,0.06,4671.81,0.0,0.0,converted_from_iso8601_offset_to_utc_naive,0,0.0,0.0,0.0,OV2|800740|H1|S,185090048
189914055,185090048,XAUUSD,1,-17.1,4,SL,2026-05-11 09:38:41,0.06,4674.66,0.0,0.0,converted_from_iso8601_offset_to_utc_naive,0,0.0,0.0,0.0,[sl 4674.30],185091083
189914331,185091252,XAUUSD,0,0.0,3,EXPERT,2026-05-11 09:39:11,0.08,4672.05,0.0,0.0,converted_from_iso8601_offset_to_utc_naive,0,0.0,0.0,0.0,OV2|282971|H1|S,185091252
189915561,185091252,XAUUSD,1,-20.4,4,SL,2026-05-11 09:44:14,0.08,4674.6,0.0,0.0,converted_from_iso8601_offset_to_utc_naive,0,0.0,0.0,0.0,[sl 4674.55],185092152
189915569,185092156,XAUUSD,0,0.0,3,EXPERT,2026-05-11 09:44:15,0.06,4674.2,0.0,0.0,converted_from_iso8601_offset_to_utc_naive,0,0.0,0.0,0.0,OV2|c86a3c|H1|S,185092156
189916776,185092156,XAUUSD,1,-15.06,4,SL,2026-05-11 09:48:54,0.06,4676.71,0.0,0.0,converted_from_iso8601_offset_to_utc_naive,0,0.0,0.0,0.0,[sl 4676.70],185093102
189922534,185097598,GBPUSD,0,0.0,3,EXPERT,2026-05-11 10:01:09,0.25,1.3601,0.0,0.0,converted_from_iso8601_offset_to_utc_naive,0,0.0,0.0,0.0,OV2|889c7c|H1|B,185097598
189929061,185102556,BTCUSD,0,0.0,3,EXPERT,2026-05-11 10:21:20,1.0,80794.16,0.0,0.0,converted_from_iso8601_offset_to_utc_naive,0,0.0,0.0,0.0,OV2|398023|H1|S,185102556
189929068,185102556,BTCUSD,1,-21.16,4,SL,2026-05-11 10:21:25,1.0,80815.32,0.0,0.0,converted_from_iso8601_offset_to_utc_naive,0,0.0,0.0,0.0,[sl 80810.66],185102561
189929145,185102627,BTCUSD,0,0.0,3,EXPERT,2026-05-11 10:21:55,1.0,80765.75,0.0,0.0,converted_from_iso8601_offset_to_utc_naive,0,0.0,0.0,0.0,OV2|ec436d|H1|S,185102627
189929415,184988653,EURUSD,1,-17.0,4,SL,2026-05-11 10:23:22,0.25,1.17706,0.0,0.0,converted_from_iso8601_offset_to_utc_naive,0,0.0,0.0,0.0,[sl 1.17706],185102863
189930700,185102627,BTCUSD,1,-19.13,4,SL,2026-05-11 10:26:32,1.0,80784.88,0.0,0.0,converted_from_iso8601_offset_to_utc_naive,0,0.0,0.0,0.0,[sl 80784.25],185103815
189930703,185103817,BTCUSD,0,0.0,3,EXPERT,2026-05-11 10:26:33,1.0,80775.5,0.0,0.0,converted_from_iso8601_offset_to_utc_naive,0,0.0,0.0,0.0,OV2|a50b64|H1|S,185103817
189942384,185112613,XAUUSD,0,0.0,3,EXPERT,2026-05-11 11:01:35,0.07,4666.58,0.0,0.0,converted_from_iso8601_offset_to_utc_naive,0,0.0,0.0,0.0,OV2|58d5a3|H1|S,185112613
189943392,185112613,XAUUSD,1,-17.78,4,SL,2026-05-11 11:04:48,0.07,4669.12,0.0,0.0,converted_from_iso8601_offset_to_utc_naive,0,0.0,0.0,0.0,[sl 4669.08],185113348
189944717,185114234,XAUUSD,0,0.0,3,EXPERT,2026-05-11 11:06:48,0.07,4669.83,0.0,0.0,converted_from_iso8601_offset_to_utc_naive,0,0.0,0.0,0.0,OV2|5686da|H1|S,185114234
189947138,185114234,XAUUSD,1,-18.06,4,SL,2026-05-11 11:11:49,0.07,4672.41,0.0,0.0,converted_from_iso8601_offset_to_utc_naive,0,0.0,0.0,0.0,[sl 4672.32],185115985
189947449,185116199,XAUUSD,0,0.0,3,EXPERT,2026-05-11 11:11:55,0.06,4672.83,0.0,0.0,converted_from_iso8601_offset_to_utc_naive,0,0.0,0.0,0.0,OV2|acb0b9|H1|S,185116199
189950885,185116199,XAUUSD,1,-15.96,4,SL,2026-05-11 11:18:40,0.06,4675.49,0.0,0.0,converted_from_iso8601_offset_to_utc_naive,0,0.0,0.0,0.0,[sl 4675.33],185118756
189951013,185118824,XAUUSD,0,0.0,3,EXPERT,2026-05-11 11:18:48,0.06,4674.79,0.0,0.0,converted_from_iso8601_offset_to_utc_naive,0,0.0,0.0,0.0,OV2|2debec|H1|S,185118824
189953306,185118824,XAUUSD,1,-15.0,4,SL,2026-05-11 11:22:00,0.06,4677.29,0.0,0.0,converted_from_iso8601_offset_to_utc_naive,0,0.0,0.0,0.0,[sl 4677.29],185120482
189953728,185120759,XAUUSD,0,0.0,3,EXPERT,2026-05-11 11:22:12,0.07,4676.07,0.0,0.0,converted_from_iso8601_offset_to_utc_naive,0,0.0,0.0,0.0,OV2|2f1bfd|M15|S,185120759
189954240,185120759,XAUUSD,1,-17.92,4,SL,2026-05-11 11:23:32,0.07,4678.63,0.0,0.0,converted_from_iso8601_offset_to_utc_naive,0,0.0,0.0,0.0,[sl 4678.57],185121165
189955138,185121778,XAUUSD,0,0.0,3,EXPERT,2026-05-11 11:26:39,0.08,4675.73,0.0,0.0,converted_from_iso8601_offset_to_utc_naive,0,0.0,0.0,0.0,OV2|ac276a|H1|S,185121778
189959399,185103817,BTCUSD,1,-18.97,4,SL,2026-05-11 11:38:44,1.0,80794.47,0.0,0.0,converted_from_iso8601_offset_to_utc_naive,0,0.0,0.0,0.0,[sl 80792.00],185124896
189959541,185125007,BTCUSD,0,0.0,3,EXPERT,2026-05-11 11:39:21,1.0,80785.47,0.0,0.0,converted_from_iso8601_offset_to_utc_naive,0,0.0,0.0,0.0,OV2|2454ea|H1|S,185125007
189960104,185125007,BTCUSD,1,-19.13,4,SL,2026-05-11 11:41:21,1.0,80804.6,0.0,0.0,converted_from_iso8601_offset_to_utc_naive,0,0.0,0.0,0.0,[sl 80801.97],185125401
189960267,185125522,BTCUSD,0,0.0,3,EXPERT,2026-05-11 11:41:49,1.0,80818.94,0.0,0.0,converted_from_iso8601_offset_to_utc_naive,0,0.0,0.0,0.0,OV2|6dd0c7|H1|S,185125522
189960817,185125522,BTCUSD,1,-18.31,4,SL,2026-05-11 11:44:29,1.0,80837.25,0.0,0.0,converted_from_iso8601_offset_to_utc_naive,0,0.0,0.0,0.0,[sl 80835.44],185125962
189960841,185125983,BTCUSD,0,0.0,3,EXPERT,2026-05-11 11:44:40,1.0,80824.7,0.0,0.0,converted_from_iso8601_offset_to_utc_naive,0,0.0,0.0,0.0,OV2|2db943|H1|S,185125983
189961034,185125983,BTCUSD,1,-17.65,4,SL,2026-05-11 11:46:20,1.0,80842.35,0.0,0.0,converted_from_iso8601_offset_to_utc_naive,0,0.0,0.0,0.0,[sl 80841.20],185126194
189962056,185126921,BTCUSD,0,0.0,3,EXPERT,2026-05-11 11:51:29,1.0,80804.63,0.0,0.0,converted_from_iso8601_offset_to_utc_naive,0,0.0,0.0,0.0,OV2|c3f396|H1|S,185126921
189962633,185126921,BTCUSD,1,-19.09,4,SL,2026-05-11 11:53:48,1.0,80823.72,0.0,0.0,converted_from_iso8601_offset_to_utc_naive,0,0.0,0.0,0.0,[sl 80823.13],185127308
189962741,185127406,BTCUSD,0,0.0,3,EXPERT,2026-05-11 11:54:13,1.0,80805.94,0.0,0.0,converted_from_iso8601_offset_to_utc_naive,0,0.0,0.0,0.0,OV2|1b0139|H1|S,185127406
189965800,185127406,BTCUSD,1,-17.0,4,SL,2026-05-11 12:04:58,1.0,80822.94,0.0,0.0,converted_from_iso8601_offset_to_utc_naive,0,0.0,0.0,0.0,[sl 80822.44],185130067
189974923,185121778,XAUUSD,1,171.36,5,TP,2026-05-11 12:32:20,0.08,4654.31,0.0,0.0,converted_from_iso8601_offset_to_utc_naive,0,0.0,0.0,0.0,[tp 4654.34],185136529
189975760,185137096,XAUUSD,0,0.0,3,EXPERT,2026-05-11 12:32:37,0.06,4654.15,0.0,0.0,converted_from_iso8601_offset_to_utc_naive,0,0.0,0.0,0.0,OV2|371a7d|H1|S,185137096
189977732,185137096,XAUUSD,1,-15.48,4,SL,2026-05-11 12:35:37,0.06,4656.73,0.0,0.0,converted_from_iso8601_offset_to_utc_naive,0,0.0,0.0,0.0,[sl 4656.65],185138389
189978293,185138751,XAUUSD,0,0.0,3,EXPERT,2026-05-11 12:36:18,0.06,4657.13,0.0,0.0,converted_from_iso8601_offset_to_utc_naive,0,0.0,0.0,0.0,OV2|bd47fd|H1|S,185138751
189978998,185138751,XAUUSD,1,-15.0,4,SL,2026-05-11 12:36:58,0.06,4659.63,0.0,0.0,converted_from_iso8601_offset_to_utc_naive,0,0.0,0.0,0.0,[sl 4659.62],185139232
189979639,185139572,XAUUSD,0,0.0,3,EXPERT,2026-05-11 12:37:23,0.07,4659.47,0.0,0.0,converted_from_iso8601_offset_to_utc_naive,0,0.0,0.0,0.0,OV2|5dd3c3|H1|S,185139572
189981489,185139572,XAUUSD,1,-17.85,4,SL,2026-05-11 12:43:45,0.07,4662.02,0.0,0.0,converted_from_iso8601_offset_to_utc_naive,0,0.0,0.0,0.0,[sl 4661.97],185140930
189981602,185140999,XAUUSD,0,0.0,3,EXPERT,2026-05-11 12:43:50,0.06,4661.6,0.0,0.0,converted_from_iso8601_offset_to_utc_naive,0,0.0,0.0,0.0,OV2|a7b5b7|H1|S,185140999
189982654,185140999,XAUUSD,1,-15.0,4,SL,2026-05-11 12:46:01,0.06,4664.1,0.0,0.0,converted_from_iso8601_offset_to_utc_naive,0,0.0,0.0,0.0,[sl 4664.10],185141815
189983374,185142271,XAUUSD,0,0.0,3,EXPERT,2026-05-11 12:46:53,0.07,4662.54,0.0,0.0,converted_from_iso8601_offset_to_utc_naive,0,0.0,0.0,0.0,OV2|277ecc|H1|S,185142271
189987455,185145640,BTCUSD,0,0.0,3,EXPERT,2026-05-11 13:01:04,1.0,80949.25,0.0,0.0,converted_from_iso8601_offset_to_utc_naive,0,0.0,0.0,0.0,OV2|5e4d9e|H1|B,185145640
189988253,185145640,BTCUSD,1,-20.7,4,SL,2026-05-11 13:03:38,1.0,80928.55,0.0,0.0,converted_from_iso8601_offset_to_utc_naive,0,0.0,0.0,0.0,[sl 80932.75],185146226
189988314,185146268,BTCUSD,0,0.0,3,EXPERT,2026-05-11 13:03:43,1.0,80949.12,0.0,0.0,converted_from_iso8601_offset_to_utc_naive,0,0.0,0.0,0.0,OV2|f369b4|H1|B,185146268
189988370,185146268,BTCUSD,1,-18.01,4,SL,2026-05-11 13:04:01,1.0,80931.11,0.0,0.0,converted_from_iso8601_offset_to_utc_naive,0,0.0,0.0,0.0,[sl 80932.62],185146311
189988431,185146359,BTCUSD,0,0.0,3,EXPERT,2026-05-11 13:04:18,1.0,80956.3,0.0,0.0,converted_from_iso8601_offset_to_utc_naive,0,0.0,0.0,0.0,OV2|185415|H1|B,185146359
189988500,185146359,BTCUSD,1,-19.02,4,SL,2026-05-11 13:04:43,1.0,80937.28,0.0,0.0,converted_from_iso8601_offset_to_utc_naive,0,0.0,0.0,0.0,[sl 80939.80],185146402
189988822,185146649,BTCUSD,0,0.0,3,EXPERT,2026-05-11 13:05:52,1.0,80964.14,0.0,0.0,converted_from_iso8601_offset_to_utc_naive,0,0.0,0.0,0.0,OV2|51fb5b|H1|B,185146649
189988868,185146649,BTCUSD,1,-18.89,4,SL,2026-05-11 13:06:01,1.0,80945.25,0.0,0.0,converted_from_iso8601_offset_to_utc_naive,0,0.0,0.0,0.0,[sl 80947.64],185146685
189988965,185146766,BTCUSD,0,0.0,3,EXPERT,2026-05-11 13:06:22,1.0,80952.54,0.0,0.0,converted_from_iso8601_offset_to_utc_naive,0,0.0,0.0,0.0,OV2|f2fa1b|H1|B,185146766
189988997,185097598,GBPUSD,1,-18.5,4,SL,2026-05-11 13:06:30,0.25,1.3593600000000001,0.0,0.0,converted_from_iso8601_offset_to_utc_naive,0,0.0,0.0,0.0,[sl 1.35936],185146788
189994128,185142271,XAUUSD,1,-17.85,4,SL,2026-05-11 13:24:42,0.07,4665.09,0.0,0.0,converted_from_iso8601_offset_to_utc_naive,0,0.0,0.0,0.0,[sl 4665.04],185150516
189994312,185150647,XAUUSD,0,0.0,3,EXPERT,2026-05-11 13:24:57,0.07,4664.69,0.0,0.0,converted_from_iso8601_offset_to_utc_naive,0,0.0,0.0,0.0,OV2|095a59|H1|S,185150647
190000589,185155258,GBPUSD,0,0.0,3,EXPERT,2026-05-11 13:46:07,0.25,1.35918,0.0,0.0,converted_from_iso8601_offset_to_utc_naive,0,0.0,0.0,0.0,OV2|55a73f|H1|S,185155258
190001463,185155258,GBPUSD,1,-17.0,4,SL,2026-05-11 13:49:18,0.25,1.35986,0.0,0.0,converted_from_iso8601_offset_to_utc_naive,0,0.0,0.0,0.0,[sl 1.35986],185155807
190002639,185150647,XAUUSD,1,-16.31,4,SL,2026-05-11 13:52:37,0.07,4667.02,0.0,0.0,converted_from_iso8601_offset_to_utc_naive,0,0.0,0.0,0.0,[sl 4667.01],185156714
190004048,185157649,GBPUSD,0,0.0,3,EXPERT,2026-05-11 13:56:29,0.25,1.35925,0.0,0.0,converted_from_iso8601_offset_to_utc_naive,0,0.0,0.0,0.0,OV2|80a84b|H1|S,185157649
190004682,185146766,BTCUSD,1,-17.5,4,SL,2026-05-11 13:59:28,1.0,80935.04,0.0,0.0,converted_from_iso8601_offset_to_utc_naive,0,0.0,0.0,0.0,[sl 80936.04],185158066
190004735,185158097,BTCUSD,0,0.0,3,EXPERT,2026-05-11 13:59:44,1.0,80944.3,0.0,0.0,converted_from_iso8601_offset_to_utc_naive,0,0.0,0.0,0.0,OV2|e6ac76|H1|B,185158097
190004744,185158097,BTCUSD,1,-21.05,4,SL,2026-05-11 13:59:49,1.0,80923.25,0.0,0.0,converted_from_iso8601_offset_to_utc_naive,0,0.0,0.0,0.0,[sl 80927.80],185158103
190005181,185158773,BTCUSD,0,0.0,3,EXPERT,2026-05-11 14:00:49,1.0,80975.87,0.0,0.0,converted_from_iso8601_offset_to_utc_naive,0,0.0,0.0,0.0,OV2|54479f|H1|B,185158773
190005248,185158773,BTCUSD,1,-21.28,4,SL,2026-05-11 14:01:12,1.0,80954.59,0.0,0.0,converted_from_iso8601_offset_to_utc_naive,0,0.0,0.0,0.0,[sl 80957.37],185158827
190005352,185158904,BTCUSD,0,0.0,3,EXPERT,2026-05-11 14:01:35,1.0,80974.32,0.0,0.0,converted_from_iso8601_offset_to_utc_naive,0,0.0,0.0,0.0,OV2|32e3e0|H1|B,185158904
190005515,185158904,BTCUSD,1,-20.96,4,SL,2026-05-11 14:01:54,1.0,80953.36,0.0,0.0,converted_from_iso8601_offset_to_utc_naive,0,0.0,0.0,0.0,[sl 80957.82],185159020
190005616,185159093,BTCUSD,0,0.0,3,EXPERT,2026-05-11 14:02:11,1.0,80960.68,0.0,0.0,converted_from_iso8601_offset_to_utc_naive,0,0.0,0.0,0.0,OV2|94b1e2|H1|B,185159093
190009294,185157649,GBPUSD,1,-17.25,4,SL,2026-05-11 14:05:26,0.25,1.35994,0.0,0.0,converted_from_iso8601_offset_to_utc_naive,0,0.0,0.0,0.0,[sl 1.35994],185161731
190009580,185161960,GBPUSD,0,0.0,3,EXPERT,2026-05-11 14:06:12,0.21,1.35968,0.0,0.0,converted_from_iso8601_offset_to_utc_naive,0,0.0,0.0,0.0,OV2|1eb52e|H1|S,185161960
190009742,185159093,BTCUSD,1,-19.58,4,SL,2026-05-11 14:06:58,1.0,80941.1,0.0,0.0,converted_from_iso8601_offset_to_utc_naive,0,0.0,0.0,0.0,[sl 80944.18],185162101
190009895,185162208,BTCUSD,0,0.0,3,EXPERT,2026-05-11 14:07:18,1.0,80973.05,0.0,0.0,converted_from_iso8601_offset_to_utc_naive,0,0.0,0.0,0.0,OV2|750dfb|H1|B,185162208
190009940,185161960,GBPUSD,1,-18.27,4,SL,2026-05-11 14:07:26,0.21,1.36055,0.0,0.0,converted_from_iso8601_offset_to_utc_naive,0,0.0,0.0,0.0,[sl 1.36052],185162241
190011868,185162208,BTCUSD,1,-17.44,4,SL,2026-05-11 14:11:13,1.0,80955.61,0.0,0.0,converted_from_iso8601_offset_to_utc_naive,0,0.0,0.0,0.0,[sl 80956.55],185163619
190012114,185163818,BTCUSD,0,0.0,3,EXPERT,2026-05-11 14:12:07,1.0,80927.76,0.0,0.0,converted_from_iso8601_offset_to_utc_naive,0,0.0,0.0,0.0,OV2|3b6847|H1|B,185163818
190012200,185163818,BTCUSD,1,-16.85,4,SL,2026-05-11 14:12:24,1.0,80910.91,0.0,0.0,converted_from_iso8601_offset_to_utc_naive,0,0.0,0.0,0.0,[sl 80911.31],185163878
190012301,185163947,BTCUSD,0,0.0,3,EXPERT,2026-05-11 14:12:36,1.0,80898.9,0.0,0.0,converted_from_iso8601_offset_to_utc_naive,0,0.0,0.0,0.0,OV2|dd9804|H1|B,185163947
190012882,185164409,EURUSD,0,0.0,3,EXPERT,2026-05-11 14:14:54,0.25,1.17741,0.0,0.0,converted_from_iso8601_offset_to_utc_naive,0,0.0,0.0,0.0,OV2|cec431|H1|B,185164409
190029580,185164409,EURUSD,1,-17.0,4,SL,2026-05-11 14:55:42,0.25,1.17673,0.0,0.0,converted_from_iso8601_offset_to_utc_naive,0,0.0,0.0,0.0,[sl 1.17673],185176847
190029899,185177046,GBPUSD,0,0.0,3,EXPERT,2026-05-11 14:56:19,0.25,1.3603399999999999,0.0,0.0,converted_from_iso8601_offset_to_utc_naive,0,0.0,0.0,0.0,OV2|649258|H1|B,185177046
190082031,185214021,XAUUSD,0,0.0,3,EXPERT,2026-05-11 15:57:38,0.09,4701.03,0.0,0.0,converted_from_iso8601_offset_to_utc_naive,0,0.0,0.0,0.0,OV2|f624ee|H1|B,185214021
190082157,185214021,XAUUSD,1,-22.86,4,SL,2026-05-11 15:57:45,0.09,4698.49,0.0,0.0,converted_from_iso8601_offset_to_utc_naive,0,0.0,0.0,0.0,[sl 4698.53],185214109
190125624,185163947,BTCUSD,1,-17.58,4,SL,2026-05-11 16:34:57,1.0,80881.32,0.0,0.0,converted_from_iso8601_offset_to_utc_naive,0,0.0,0.0,0.0,[sl 80882.40],185244213
190129878,185177046,GBPUSD,1,52.5,5,TP,2026-05-11 16:38:12,0.25,1.3624399999999999,0.0,0.0,converted_from_iso8601_offset_to_utc_naive,0,0.0,0.0,0.0,[tp 1.36244],185247299
190129951,185247353,GBPUSD,0,0.0,3,EXPERT,2026-05-11 16:38:15,0.25,1.36263,0.0,0.0,converted_from_iso8601_offset_to_utc_naive,0,0.0,0.0,0.0,OV2|2ecd16|H1|B,185247353
190136637,185252012,BTCUSD,0,0.0,3,EXPERT,2026-05-11 16:43:01,1.0,81123.48,0.0,0.0,converted_from_iso8601_offset_to_utc_naive,0,0.0,0.0,0.0,OV2|7f4818|H1|B,185252012
190136716,185252012,BTCUSD,1,-26.81,4,SL,2026-05-11 16:43:03,1.0,81096.67,0.0,0.0,converted_from_iso8601_offset_to_utc_naive,0,0.0,0.0,0.0,[sl 81106.98],185252040
190137297,185252427,BTCUSD,0,0.0,3,EXPERT,2026-05-11 16:43:42,1.0,81146.59,0.0,0.0,converted_from_iso8601_offset_to_utc_naive,0,0.0,0.0,0.0,OV2|3073dd|H1|B,185252427
190137314,185252427,BTCUSD,1,-16.8,4,SL,2026-05-11 16:43:43,1.0,81129.79,0.0,0.0,converted_from_iso8601_offset_to_utc_naive,0,0.0,0.0,0.0,[sl 81130.09],185252440
190137806,185252779,BTCUSD,0,0.0,3,EXPERT,2026-05-11 16:44:17,1.0,81109.67,0.0,0.0,converted_from_iso8601_offset_to_utc_naive,0,0.0,0.0,0.0,OV2|13f0e3|H1|B,185252779
190137855,185252779,BTCUSD,1,-25.07,4,SL,2026-05-11 16:44:22,1.0,81084.6,0.0,0.0,converted_from_iso8601_offset_to_utc_naive,0,0.0,0.0,0.0,[sl 81093.17],185252813
190157828,185247353,GBPUSD,1,-18.5,4,SL,2026-05-11 17:05:31,0.25,1.36189,0.0,0.0,converted_from_iso8601_offset_to_utc_naive,0,0.0,0.0,0.0,[sl 1.36189],185267220
190160053,185268664,GBPUSD,0,0.0,3,EXPERT,2026-05-11 17:06:38,0.25,1.36194,0.0,0.0,converted_from_iso8601_offset_to_utc_naive,0,0.0,0.0,0.0,OV2|79b0c6|H1|B,185268664
190180570,185283174,BTCUSD,0,0.0,3,EXPERT,2026-05-11 17:29:52,1.0,80769.04,0.0,0.0,converted_from_iso8601_offset_to_utc_naive,0,0.0,0.0,0.0,OV2|ca259e|H1|S,185283174
190181395,185283174,BTCUSD,1,-16.86,4,SL,2026-05-11 17:30:34,1.0,80785.9,0.0,0.0,converted_from_iso8601_offset_to_utc_naive,0,0.0,0.0,0.0,[sl 80785.54],185283840
190181487,185283912,BTCUSD,0,0.0,3,EXPERT,2026-05-11 17:30:42,1.0,80769.0,0.0,0.0,converted_from_iso8601_offset_to_utc_naive,0,0.0,0.0,0.0,OV2|ac6db5|H1|S,185283912
190181671,185283912,BTCUSD,1,-18.17,4,SL,2026-05-11 17:31:08,1.0,80787.17,0.0,0.0,converted_from_iso8601_offset_to_utc_naive,0,0.0,0.0,0.0,[sl 80785.22],185284045
190181841,185284174,BTCUSD,0,0.0,3,EXPERT,2026-05-11 17:31:29,1.0,80752.72,0.0,0.0,converted_from_iso8601_offset_to_utc_naive,0,0.0,0.0,0.0,OV2|8aa80a|H1|S,185284174
190181889,185284174,BTCUSD,1,-16.53,4,SL,2026-05-11 17:31:34,1.0,80769.25,0.0,0.0,converted_from_iso8601_offset_to_utc_naive,0,0.0,0.0,0.0,[sl 80769.22],185284210
190183969,185285661,BTCUSD,0,0.0,3,EXPERT,2026-05-11 17:32:05,1.0,80429.34,0.0,0.0,converted_from_iso8601_offset_to_utc_naive,0,0.0,0.0,0.0,OV2|bdd04e|H1|S,185285661
190184285,185285661,BTCUSD,1,-22.02,4,SL,2026-05-11 17:32:07,1.0,80451.36,0.0,0.0,converted_from_iso8601_offset_to_utc_naive,0,0.0,0.0,0.0,[sl 80447.84],185285853
190185494,185286653,BTCUSD,0,0.0,3,EXPERT,2026-05-11 17:32:36,1.0,80598.96,0.0,0.0,converted_from_iso8601_offset_to_utc_naive,0,0.0,0.0,0.0,OV2|3f95f2|H1|S,185286653
190187638,185286653,BTCUSD,1,-22.53,4,SL,2026-05-11 17:35:15,1.0,80621.49,0.0,0.0,converted_from_iso8601_offset_to_utc_naive,0,0.0,0.0,0.0,[sl 80617.46],185288180
190187998,185288439,BTCUSD,0,0.0,3,EXPERT,2026-05-11 17:35:40,1.0,80641.93,0.0,0.0,converted_from_iso8601_offset_to_utc_naive,0,0.0,0.0,0.0,OV2|846a11|H1|S,185288439
190188959,185288439,BTCUSD,1,-30.29,4,SL,2026-05-11 17:36:22,1.0,80672.22,0.0,0.0,converted_from_iso8601_offset_to_utc_naive,0,0.0,0.0,0.0,[sl 80660.43],185289076
190189728,185289587,BTCUSD,0,0.0,3,EXPERT,2026-05-11 17:36:51,1.0,80633.12,0.0,0.0,converted_from_iso8601_offset_to_utc_naive,0,0.0,0.0,0.0,OV2|4e0296|H1|S,185289587
190189739,185289587,BTCUSD,1,-17.44,4,SL,2026-05-11 17:36:53,1.0,80650.56,0.0,0.0,converted_from_iso8601_offset_to_utc_naive,0,0.0,0.0,0.0,[sl 80649.62],185289596
190190306,185290026,BTCUSD,0,0.0,3,EXPERT,2026-05-11 17:37:32,1.0,80714.19,0.0,0.0,converted_from_iso8601_offset_to_utc_naive,0,0.0,0.0,0.0,OV2|6e0f85|H1|S,185290026
190191165,185290026,BTCUSD,1,-27.9,4,SL,2026-05-11 17:38:04,1.0,80742.09,0.0,0.0,converted_from_iso8601_offset_to_utc_naive,0,0.0,0.0,0.0,[sl 80732.69],185290591
190191233,185290639,BTCUSD,0,0.0,3,EXPERT,2026-05-11 17:38:09,0.87,80736.22,0.0,0.0,converted_from_iso8601_offset_to_utc_naive,0,0.0,0.0,0.0,OV2|321021|H1|S,185290639
190191271,185290639,BTCUSD,1,-23.04,4,SL,2026-05-11 17:38:10,0.87,80762.7,0.0,0.0,converted_from_iso8601_offset_to_utc_naive,0,0.0,0.0,0.0,[sl 80752.72],185290667
190191757,185291005,BTCUSD,0,0.0,3,EXPERT,2026-05-11 17:38:45,1.0,80744.12,0.0,0.0,converted_from_iso8601_offset_to_utc_naive,0,0.0,0.0,0.0,OV2|b1c266|H1|S,185291005
190192103,185291005,BTCUSD,1,-17.13,4,SL,2026-05-11 17:39:18,1.0,80761.25,0.0,0.0,converted_from_iso8601_offset_to_utc_naive,0,0.0,0.0,0.0,[sl 80760.62],185291263
190192319,185291437,BTCUSD,0,0.0,3,EXPERT,2026-05-11 17:39:33,0.89,80802.2,0.0,0.0,converted_from_iso8601_offset_to_utc_naive,0,0.0,0.0,0.0,OV2|6be63c|H1|S,185291437
190192347,185291437,BTCUSD,1,-17.22,4,SL,2026-05-11 17:39:36,0.89,80821.55,0.0,0.0,converted_from_iso8601_offset_to_utc_naive,0,0.0,0.0,0.0,[sl 80818.70],185291457
190193188,185292092,BTCUSD,0,0.0,3,EXPERT,2026-05-11 17:41:15,1.0,80803.71,0.0,0.0,converted_from_iso8601_offset_to_utc_naive,0,0.0,0.0,0.0,OV2|c9fb5e|H1|S,185292092
190193843,185292092,BTCUSD,1,-19.34,4,SL,2026-05-11 17:41:57,1.0,80823.05,0.0,0.0,converted_from_iso8601_offset_to_utc_naive,0,0.0,0.0,0.0,[sl 80822.21],185292568
190194252,185292848,BTCUSD,0,0.0,3,EXPERT,2026-05-11 17:42:23,1.0,80806.57,0.0,0.0,converted_from_iso8601_offset_to_utc_naive,0,0.0,0.0,0.0,OV2|2a650b|H1|S,185292848
190194289,185292848,BTCUSD,1,-20.2,4,SL,2026-05-11 17:42:30,1.0,80826.77,0.0,0.0,converted_from_iso8601_offset_to_utc_naive,0,0.0,0.0,0.0,[sl 80823.07],185292874
190194487,185293017,BTCUSD,0,0.0,3,EXPERT,2026-05-11 17:42:59,1.0,80781.33,0.0,0.0,converted_from_iso8601_offset_to_utc_naive,0,0.0,0.0,0.0,OV2|25f118|H1|S,185293017
190194501,185293017,BTCUSD,1,-17.07,4,SL,2026-05-11 17:43:02,1.0,80798.4,0.0,0.0,converted_from_iso8601_offset_to_utc_naive,0,0.0,0.0,0.0,[sl 80797.83],185293027
190194995,185293376,BTCUSD,0,0.0,3,EXPERT,2026-05-11 17:43:35,1.0,80821.25,0.0,0.0,converted_from_iso8601_offset_to_utc_naive,0,0.0,0.0,0.0,OV2|4e0e93|H1|S,185293376
190198797,185293376,BTCUSD,1,-16.64,4,SL,2026-05-11 17:52:05,1.0,80837.89,0.0,0.0,converted_from_iso8601_offset_to_utc_naive,0,0.0,0.0,0.0,[sl 80837.75],185296250
190199018,185296405,BTCUSD,0,0.0,3,EXPERT,2026-05-11 17:52:26,1.0,80817.87,0.0,0.0,converted_from_iso8601_offset_to_utc_naive,0,0.0,0.0,0.0,OV2|f26abb|H1|S,185296405
190199045,185296405,BTCUSD,1,-21.95,4,SL,2026-05-11 17:52:37,1.0,80839.82,0.0,0.0,converted_from_iso8601_offset_to_utc_naive,0,0.0,0.0,0.0,[sl 80834.37],185296427
190199145,185296498,BTCUSD,0,0.0,3,EXPERT,2026-05-11 17:53:01,1.0,80847.34,0.0,0.0,converted_from_iso8601_offset_to_utc_naive,0,0.0,0.0,0.0,OV2|99a7bd|H1|S,185296498
190199202,185296498,BTCUSD,1,-21.8,4,SL,2026-05-11 17:53:12,1.0,80869.14,0.0,0.0,converted_from_iso8601_offset_to_utc_naive,0,0.0,0.0,0.0,[sl 80863.84],185296532
190199452,185296724,BTCUSD,0,0.0,3,EXPERT,2026-05-11 17:53:37,1.0,80877.87,0.0,0.0,converted_from_iso8601_offset_to_utc_naive,0,0.0,0.0,0.0,OV2|91356a|H1|S,185296724
190199462,185296724,BTCUSD,1,-17.86,4,SL,2026-05-11 17:53:37,1.0,80895.73,0.0,0.0,converted_from_iso8601_offset_to_utc_naive,0,0.0,0.0,0.0,[sl 80894.37],185296728
190199859,185297047,BTCUSD,0,0.0,3,EXPERT,2026-05-11 17:54:34,1.0,80818.08,0.0,0.0,converted_from_iso8601_offset_to_utc_naive,0,0.0,0.0,0.0,OV2|265ab4|H1|S,185297047
190199905,185297047,BTCUSD,1,-18.94,4,SL,2026-05-11 17:54:49,1.0,80837.02,0.0,0.0,converted_from_iso8601_offset_to_utc_naive,0,0.0,0.0,0.0,[sl 80835.08],185297087
190201132,185297994,BTCUSD,0,0.0,3,EXPERT,2026-05-11 17:56:50,1.0,80845.26,0.0,0.0,converted_from_iso8601_offset_to_utc_naive,0,0.0,0.0,0.0,OV2|873d6c|H1|S,185297994
190201149,185297994,BTCUSD,1,-18.29,4,SL,2026-05-11 17:56:53,1.0,80863.55,0.0,0.0,converted_from_iso8601_offset_to_utc_naive,0,0.0,0.0,0.0,[sl 80861.76],185298008
190201585,185298295,BTCUSD,0,0.0,3,EXPERT,2026-05-11 17:57:15,1.0,80864.1,0.0,0.0,converted_from_iso8601_offset_to_utc_naive,0,0.0,0.0,0.0,OV2|fee6ca|H1|S,185298295
190202063,185298295,BTCUSD,1,-17.57,4,SL,2026-05-11 17:57:58,1.0,80881.67,0.0,0.0,converted_from_iso8601_offset_to_utc_naive,0,0.0,0.0,0.0,[sl 80880.60],185298616
190202252,185298754,BTCUSD,0,0.0,3,EXPERT,2026-05-11 17:58:21,1.0,80889.52,0.0,0.0,converted_from_iso8601_offset_to_utc_naive,0,0.0,0.0,0.0,OV2|d43bde|H1|S,185298754
190202264,185298754,BTCUSD,1,-17.06,4,SL,2026-05-11 17:58:26,1.0,80906.58,0.0,0.0,converted_from_iso8601_offset_to_utc_naive,0,0.0,0.0,0.0,[sl 80906.02],185298766
190202396,185298869,BTCUSD,0,0.0,3,EXPERT,2026-05-11 17:58:56,1.0,80918.92,0.0,0.0,converted_from_iso8601_offset_to_utc_naive,0,0.0,0.0,0.0,OV2|83f0ad|H1|S,185298869
190202408,185298869,BTCUSD,1,-20.32,4,SL,2026-05-11 17:59:01,1.0,80939.24,0.0,0.0,converted_from_iso8601_offset_to_utc_naive,0,0.0,0.0,0.0,[sl 80935.42],185298881
190202679,185299082,BTCUSD,0,0.0,3,EXPERT,2026-05-11 17:59:53,1.0,80917.61,0.0,0.0,converted_from_iso8601_offset_to_utc_naive,0,0.0,0.0,0.0,OV2|2bf081|H1|S,185299082
190203464,185268664,GBPUSD,1,53.25,5,TP,2026-05-11 18:00:31,0.25,1.36407,0.0,0.0,converted_from_iso8601_offset_to_utc_naive,0,0.0,0.0,0.0,[tp 1.36404],185300179
190203638,185300319,GBPUSD,0,0.0,3,EXPERT,2026-05-11 18:00:49,0.25,1.36414,0.0,0.0,converted_from_iso8601_offset_to_utc_naive,0,0.0,0.0,0.0,OV2|84e5f3|H1|B,185300319
190208826,185299082,BTCUSD,1,-22.9,4,SL,2026-05-11 18:11:43,1.0,80940.51,0.0,0.0,converted_from_iso8601_offset_to_utc_naive,0,0.0,0.0,0.0,[sl 80936.11],185304139
190208899,185304191,BTCUSD,0,0.0,3,EXPERT,2026-05-11 18:12:00,1.0,80949.01,0.0,0.0,converted_from_iso8601_offset_to_utc_naive,0,0.0,0.0,0.0,OV2|07beed|H1|S,185304191
190208911,185304191,BTCUSD,1,-17.23,4,SL,2026-05-11 18:12:01,1.0,80966.24,0.0,0.0,converted_from_iso8601_offset_to_utc_naive,0,0.0,0.0,0.0,[sl 80965.51],185304199
190209431,185304587,BTCUSD,0,0.0,3,EXPERT,2026-05-11 18:12:45,1.0,80940.28,0.0,0.0,converted_from_iso8601_offset_to_utc_naive,0,0.0,0.0,0.0,OV2|b52232|H1|S,185304587
190209435,185304587,BTCUSD,1,-18.07,4,SL,2026-05-11 18:12:47,1.0,80958.35,0.0,0.0,converted_from_iso8601_offset_to_utc_naive,0,0.0,0.0,0.0,[sl 80956.78],185304591
190209605,185304709,BTCUSD,0,0.0,3,EXPERT,2026-05-11 18:13:21,1.0,80981.19,0.0,0.0,converted_from_iso8601_offset_to_utc_naive,0,0.0,0.0,0.0,OV2|f85e6d|H1|S,185304709
190209615,185304709,BTCUSD,1,-18.75,4,SL,2026-05-11 18:13:24,1.0,80999.94,0.0,0.0,converted_from_iso8601_offset_to_utc_naive,0,0.0,0.0,0.0,[sl 80999.69],185304717
190209746,185304820,BTCUSD,0,0.0,3,EXPERT,2026-05-11 18:13:45,1.0,81017.44,0.0,0.0,converted_from_iso8601_offset_to_utc_naive,0,0.0,0.0,0.0,OV2|5dfc32|H1|S,185304820
190209812,185304820,BTCUSD,1,-17.97,4,SL,2026-05-11 18:13:56,1.0,81035.41,0.0,0.0,converted_from_iso8601_offset_to_utc_naive,0,0.0,0.0,0.0,[sl 81033.94],185304866
190209987,185305013,BTCUSD,0,0.0,3,EXPERT,2026-05-11 18:14:32,1.0,81001.15,0.0,0.0,converted_from_iso8601_offset_to_utc_naive,0,0.0,0.0,0.0,OV2|882421|H1|S,185305013
190210435,184929968,XRPUSD,1,-8.15,4,SL,2026-05-11 18:15:18,1.0,1.4751,0.0,0.0,converted_from_iso8601_offset_to_utc_naive,0,0.0,0.0,0.0,[sl 1.47488],185305414
190210601,185305013,BTCUSD,1,-19.69,4,SL,2026-05-11 18:15:43,1.0,81020.84,0.0,0.0,converted_from_iso8601_offset_to_utc_naive,0,0.0,0.0,0.0,[sl 81019.65],185305545
190210871,185305745,BTCUSD,0,0.0,3,EXPERT,2026-05-11 18:16:08,1.0,81030.28,0.0,0.0,converted_from_iso8601_offset_to_utc_naive,0,0.0,0.0,0.0,OV2|4a0eef|H1|S,185305745
190210898,185305745,BTCUSD,1,-17.13,4,SL,2026-05-11 18:16:10,1.0,81047.41,0.0,0.0,converted_from_iso8601_offset_to_utc_naive,0,0.0,0.0,0.0,[sl 81046.78],185305759
190211210,185305986,BTCUSD,0,0.0,3,EXPERT,2026-05-11 18:16:42,1.0,81039.39,0.0,0.0,converted_from_iso8601_offset_to_utc_naive,0,0.0,0.0,0.0,OV2|ca25ec|H1|S,185305986
190211259,185305986,BTCUSD,1,-17.88,4,SL,2026-05-11 18:16:46,1.0,81057.27,0.0,0.0,converted_from_iso8601_offset_to_utc_naive,0,0.0,0.0,0.0,[sl 81055.89],185306031
190212373,185306764,BTCUSD,0,0.0,3,EXPERT,2026-05-11 18:17:33,1.0,81002.01,0.0,0.0,converted_from_iso8601_offset_to_utc_naive,0,0.0,0.0,0.0,OV2|005a27|H1|S,185306764
190217043,185306764,BTCUSD,1,-18.52,4,SL,2026-05-11 18:24:16,1.0,81020.53,0.0,0.0,converted_from_iso8601_offset_to_utc_naive,0,0.0,0.0,0.0,[sl 81020.51],185310030
190217217,185310163,BTCUSD,0,0.0,3,EXPERT,2026-05-11 18:24:29,1.0,81019.61,0.0,0.0,converted_from_iso8601_offset_to_utc_naive,0,0.0,0.0,0.0,OV2|b54cd0|H1|S,185310163
190217360,185310163,BTCUSD,1,-18.59,4,SL,2026-05-11 18:24:41,1.0,81038.2,0.0,0.0,converted_from_iso8601_offset_to_utc_naive,0,0.0,0.0,0.0,[sl 81038.11],185310260
190219192,185311578,BTCUSD,0,0.0,3,EXPERT,2026-05-11 18:27:24,1.0,81375.05,0.0,0.0,converted_from_iso8601_offset_to_utc_naive,0,0.0,0.0,0.0,OV2|109d2b|H1|B,185311578
190219205,185311578,BTCUSD,1,-21.93,4,SL,2026-05-11 18:27:25,1.0,81353.12,0.0,0.0,converted_from_iso8601_offset_to_utc_naive,0,0.0,0.0,0.0,[sl 81356.55],185311583
190219464,185311789,BTCUSD,0,0.0,3,EXPERT,2026-05-11 18:28:00,1.0,81353.71,0.0,0.0,converted_from_iso8601_offset_to_utc_naive,0,0.0,0.0,0.0,OV2|542cd3|H1|B,185311789
190219602,185311789,BTCUSD,1,-20.11,4,SL,2026-05-11 18:28:17,1.0,81333.6,0.0,0.0,converted_from_iso8601_offset_to_utc_naive,0,0.0,0.0,0.0,[sl 81336.58],185311895
190219727,185311985,BTCUSD,0,0.0,3,EXPERT,2026-05-11 18:28:40,1.0,81364.29,0.0,0.0,converted_from_iso8601_offset_to_utc_naive,0,0.0,0.0,0.0,OV2|9f4879|H1|B,185311985
190219831,185311985,BTCUSD,1,-17.5,4,SL,2026-05-11 18:29:04,1.0,81346.79,0.0,0.0,converted_from_iso8601_offset_to_utc_naive,0,0.0,0.0,0.0,[sl 81347.79],185312068
190219919,185312129,BTCUSD,0,0.0,3,EXPERT,2026-05-11 18:29:16,1.0,81357.41,0.0,0.0,converted_from_iso8601_offset_to_utc_naive,0,0.0,0.0,0.0,OV2|4195c1|H1|B,185312129
190219943,185312129,BTCUSD,1,-16.25,4,SL,2026-05-11 18:29:24,1.0,81341.16,0.0,0.0,converted_from_iso8601_offset_to_utc_naive,0,0.0,0.0,0.0,[sl 81342.91],185312148
190220045,185312221,BTCUSD,0,0.0,3,EXPERT,2026-05-11 18:29:42,1.0,81328.32,0.0,0.0,converted_from_iso8601_offset_to_utc_naive,0,0.0,0.0,0.0,OV2|953c3b|H1|B,185312221
190220112,185312221,BTCUSD,1,-18.8,4,SL,2026-05-11 18:29:49,1.0,81309.52,0.0,0.0,converted_from_iso8601_offset_to_utc_naive,0,0.0,0.0,0.0,[sl 81309.82],185312275
190220593,185312716,BTCUSD,0,0.0,3,EXPERT,2026-05-11 18:30:48,1.0,81335.27,0.0,0.0,converted_from_iso8601_offset_to_utc_naive,0,0.0,0.0,0.0,OV2|e65fe0|H1|B,185312716
190220607,185312716,BTCUSD,1,-18.47,4,SL,2026-05-11 18:30:49,1.0,81316.8,0.0,0.0,converted_from_iso8601_offset_to_utc_naive,0,0.0,0.0,0.0,[sl 81318.77],185312724
190220923,185312957,BTCUSD,0,0.0,3,EXPERT,2026-05-11 18:31:41,1.0,81405.87,0.0,0.0,converted_from_iso8601_offset_to_utc_naive,0,0.0,0.0,0.0,OV2|ccbdd5|H1|B,185312957
190220995,185312957,BTCUSD,1,-19.64,4,SL,2026-05-11 18:31:54,1.0,81386.23,0.0,0.0,converted_from_iso8601_offset_to_utc_naive,0,0.0,0.0,0.0,[sl 81389.00],185313010
190221128,185313117,BTCUSD,0,0.0,3,EXPERT,2026-05-11 18:32:17,1.0,81268.96,0.0,0.0,converted_from_iso8601_offset_to_utc_naive,0,0.0,0.0,0.0,OV2|36ced9|H1|B,185313117
190221150,185313117,BTCUSD,1,-20.91,4,SL,2026-05-11 18:32:20,1.0,81248.05,0.0,0.0,converted_from_iso8601_offset_to_utc_naive,0,0.0,0.0,0.0,[sl 81250.46],185313132
190221321,185313259,BTCUSD,0,0.0,3,EXPERT,2026-05-11 18:32:53,1.0,81234.54,0.0,0.0,converted_from_iso8601_offset_to_utc_naive,0,0.0,0.0,0.0,OV2|4318a5|H1|B,185313259
190221733,185313259,BTCUSD,1,-18.73,4,SL,2026-05-11 18:34:42,1.0,81215.81,0.0,0.0,converted_from_iso8601_offset_to_utc_naive,0,0.0,0.0,0.0,[sl 81216.04],185313594
190222588,185314165,XRPUSD,0,0.0,3,EXPERT,2026-05-11 18:36:00,1.0,1.4819,0.0,0.0,converted_from_iso8601_offset_to_utc_naive,0,0.0,0.0,0.0,OV2|932733|H1|B,185314165
190222653,185314217,BTCUSD,0,0.0,3,EXPERT,2026-05-11 18:36:07,1.0,81221.57,0.0,0.0,converted_from_iso8601_offset_to_utc_naive,0,0.0,0.0,0.0,OV2|744bb7|H1|B,185314217
190223284,185314217,BTCUSD,1,-16.72,4,SL,2026-05-11 18:38:28,1.0,81204.85,0.0,0.0,converted_from_iso8601_offset_to_utc_naive,0,0.0,0.0,0.0,[sl 81205.07],185314661
190223626,185314944,BTCUSD,0,0.0,3,EXPERT,2026-05-11 18:39:22,1.0,81235.94,0.0,0.0,converted_from_iso8601_offset_to_utc_naive,0,0.0,0.0,0.0,OV2|e8f300|H1|B,185314944
190224805,185314944,BTCUSD,1,-21.31,4,SL,2026-05-11 18:41:59,1.0,81214.63,0.0,0.0,converted_from_iso8601_offset_to_utc_naive,0,0.0,0.0,0.0,[sl 81219.44],185315770
190224884,185315825,BTCUSD,0,0.0,3,EXPERT,2026-05-11 18:42:16,1.0,81214.69,0.0,0.0,converted_from_iso8601_offset_to_utc_naive,0,0.0,0.0,0.0,OV2|8025d8|H1|B,185315825
190224892,185315825,BTCUSD,1,-18.29,4,SL,2026-05-11 18:42:18,1.0,81196.4,0.0,0.0,converted_from_iso8601_offset_to_utc_naive,0,0.0,0.0,0.0,[sl 81198.19],185315832
190225146,185316000,BTCUSD,0,0.0,3,EXPERT,2026-05-11 18:42:53,1.0,81206.96,0.0,0.0,converted_from_iso8601_offset_to_utc_naive,0,0.0,0.0,0.0,OV2|2f1658|H1|B,185316000
190225873,185316000,BTCUSD,1,-19.26,4,SL,2026-05-11 18:45:00,1.0,81187.7,0.0,0.0,converted_from_iso8601_offset_to_utc_naive,0,0.0,0.0,0.0,[sl 81190.46],185316557
190226723,185317126,BTCUSD,0,0.0,3,EXPERT,2026-05-11 18:45:39,1.0,81199.27,0.0,0.0,converted_from_iso8601_offset_to_utc_naive,0,0.0,0.0,0.0,OV2|25408d|H1|B,185317126
190250314,185314165,XRPUSD,1,-7.45,4,SL,2026-05-11 19:42:01,1.0,1.47445,0.0,0.0,converted_from_iso8601_offset_to_utc_naive,0,0.0,0.0,0.0,[sl 1.47451],185334903
190254420,185337560,XRPUSD,0,0.0,3,EXPERT,2026-05-11 19:43:27,1.0,1.47355,0.0,0.0,converted_from_iso8601_offset_to_utc_naive,0,0.0,0.0,0.0,OV2|0d25b9|H1|B,185337560
190259614,185341251,EURUSD,0,0.0,3,EXPERT,2026-05-11 19:56:58,0.25,1.17734,0.0,0.0,converted_from_iso8601_offset_to_utc_naive,0,0.0,0.0,0.0,OV2|fd8cb8|H1|S,185341251
190261785,185337560,XRPUSD,1,-6.95,4,SL,2026-05-11 20:02:30,1.0,1.4666000000000001,0.0,0.0,converted_from_iso8601_offset_to_utc_naive,0,0.0,0.0,0.0,[sl 1.46694],185343081
190274290,185317126,BTCUSD,1,762.29,5,TP,2026-05-11 20:42:24,1.0,81961.56,0.0,0.0,converted_from_iso8601_offset_to_utc_naive,0,0.0,0.0,0.0,[tp 81960.94],185352194
190274342,185352240,BTCUSD,0,0.0,3,EXPERT,2026-05-11 20:42:51,1.0,81937.2,0.0,0.0,converted_from_iso8601_offset_to_utc_naive,0,0.0,0.0,0.0,OV2|affe50|H1|B,185352240
190275624,185352240,BTCUSD,1,-9.96,4,SL,2026-05-11 20:47:39,1.0,81927.24,0.0,0.0,converted_from_iso8601_offset_to_utc_naive,0,0.0,0.0,0.0,[sl 81927.69],185353235
190275663,185353267,BTCUSD,0,0.0,3,EXPERT,2026-05-11 20:47:55,1.0,81929.38,0.0,0.0,converted_from_iso8601_offset_to_utc_naive,0,0.0,0.0,0.0,OV2|20d4d4|H1|B,185353267
190275705,185353267,BTCUSD,1,-17.53,4,SL,2026-05-11 20:48:13,1.0,81911.85,0.0,0.0,converted_from_iso8601_offset_to_utc_naive,0,0.0,0.0,0.0,[sl 81912.88],185353301
190275783,185353352,BTCUSD,0,0.0,3,EXPERT,2026-05-11 20:48:47,1.0,81924.0,0.0,0.0,converted_from_iso8601_offset_to_utc_naive,0,0.0,0.0,0.0,OV2|e093f9|H1|B,185353352
190275830,185353352,BTCUSD,1,-17.11,4,SL,2026-05-11 20:49:03,1.0,81906.89,0.0,0.0,converted_from_iso8601_offset_to_utc_naive,0,0.0,0.0,0.0,[sl 81907.50],185353386
190275923,185353444,BTCUSD,0,0.0,3,EXPERT,2026-05-11 20:49:22,1.0,81926.0,0.0,0.0,converted_from_iso8601_offset_to_utc_naive,0,0.0,0.0,0.0,OV2|de4781|H1|B,185353444
190275960,185353444,BTCUSD,1,-17.89,4,SL,2026-05-11 20:49:35,1.0,81908.11,0.0,0.0,converted_from_iso8601_offset_to_utc_naive,0,0.0,0.0,0.0,[sl 81909.50],185353473
190275973,185353482,BTCUSD,0,0.0,3,EXPERT,2026-05-11 20:49:42,1.0,81917.52,0.0,0.0,converted_from_iso8601_offset_to_utc_naive,0,0.0,0.0,0.0,OV2|8c2cee|H1|B,185353482
190276798,185353482,BTCUSD,1,-21.96,4,SL,2026-05-11 20:55:01,1.0,81895.56,0.0,0.0,converted_from_iso8601_offset_to_utc_naive,0,0.0,0.0,0.0,[sl 81901.02],185354128
190276984,185354259,BTCUSD,0,0.0,3,EXPERT,2026-05-11 20:55:51,1.0,81931.7,0.0,0.0,converted_from_iso8601_offset_to_utc_naive,0,0.0,0.0,0.0,OV2|9eceab|H1|B,185354259
190277111,185354259,BTCUSD,1,-16.1,4,SL,2026-05-11 20:57:08,1.0,81915.6,0.0,0.0,converted_from_iso8601_offset_to_utc_naive,0,0.0,0.0,0.0,[sl 81915.66],185354351
190277157,185354384,BTCUSD,0,0.0,3,EXPERT,2026-05-11 20:57:44,1.0,81920.85,0.0,0.0,converted_from_iso8601_offset_to_utc_naive,0,0.0,0.0,0.0,OV2|7452d4|H1|B,185354384
190277161,185354384,BTCUSD,1,-18.41,4,SL,2026-05-11 20:57:46,1.0,81902.44,0.0,0.0,converted_from_iso8601_offset_to_utc_naive,0,0.0,0.0,0.0,[sl 81904.35],185354387
190277193,185354411,BTCUSD,0,0.0,3,EXPERT,2026-05-11 20:58:20,1.0,81917.99,0.0,0.0,converted_from_iso8601_offset_to_utc_naive,0,0.0,0.0,0.0,OV2|6285d3|H1|B,185354411
190277317,185354411,BTCUSD,1,-24.85,4,SL,2026-05-11 20:59:28,1.0,81893.14,0.0,0.0,converted_from_iso8601_offset_to_utc_naive,0,0.0,0.0,0.0,[sl 81893.52],185354499
190277880,185355036,BTCUSD,0,0.0,3,EXPERT,2026-05-11 21:01:03,1.0,81922.15,0.0,0.0,converted_from_iso8601_offset_to_utc_naive,0,0.0,0.0,0.0,OV2|2e5374|H1|B,185355036
190277883,185355036,BTCUSD,1,-28.68,4,SL,2026-05-11 21:01:03,1.0,81893.47,0.0,0.0,converted_from_iso8601_offset_to_utc_naive,0,0.0,0.0,0.0,[sl 81905.65],185355039
190277973,185355107,XRPUSD,0,0.0,3,EXPERT,2026-05-11 21:01:11,1.0,1.47995,0.0,0.0,converted_from_iso8601_offset_to_utc_naive,0,0.0,0.0,0.0,OV2|9115a7|H1|B,185355107
190278051,185355158,BTCUSD,0,0.0,3,EXPERT,2026-05-11 21:01:34,1.0,81917.45,0.0,0.0,converted_from_iso8601_offset_to_utc_naive,0,0.0,0.0,0.0,OV2|4609cc|H1|B,185355158
190278100,185355158,BTCUSD,1,-18.89,4,SL,2026-05-11 21:01:53,1.0,81898.56,0.0,0.0,converted_from_iso8601_offset_to_utc_naive,0,0.0,0.0,0.0,[sl 81900.95],185355193
190278146,185355229,BTCUSD,0,0.0,3,EXPERT,2026-05-11 21:02:16,1.0,81934.45,0.0,0.0,converted_from_iso8601_offset_to_utc_naive,0,0.0,0.0,0.0,OV2|1c2033|H1|B,185355229
190279965,185341251,EURUSD,1,-17.0,4,SL,2026-05-11 21:08:28,0.25,1.17802,0.0,0.0,converted_from_iso8601_offset_to_utc_naive,0,0.0,0.0,0.0,[sl 1.17802],185356522
190281552,185355107,XRPUSD,1,-5.4,4,SL,2026-05-11 21:15:16,1.0,1.47455,0.0,0.0,converted_from_iso8601_offset_to_utc_naive,0,0.0,0.0,0.0,[sl 1.47527],185357649
190281779,185357799,XRPUSD,0,0.0,3,EXPERT,2026-05-11 21:15:58,1.0,1.4756,0.0,0.0,converted_from_iso8601_offset_to_utc_naive,0,0.0,0.0,0.0,OV2|a3843f|H1|B,185357799
190281876,185355229,BTCUSD,1,-18.51,4,SL,2026-05-11 21:16:11,1.0,81915.94,0.0,0.0,converted_from_iso8601_offset_to_utc_naive,0,0.0,0.0,0.0,[sl 81917.95],185357863
190281955,185357923,BTCUSD,0,0.0,3,EXPERT,2026-05-11 21:16:31,1.0,81911.51,0.0,0.0,converted_from_iso8601_offset_to_utc_naive,0,0.0,0.0,0.0,OV2|04d1ee|H1|B,185357923
190282086,185357923,BTCUSD,1,-17.25,4,SL,2026-05-11 21:17:36,1.0,81894.26,0.0,0.0,converted_from_iso8601_offset_to_utc_naive,0,0.0,0.0,0.0,[sl 81895.93],185358015
190282136,185358050,BTCUSD,0,0.0,3,EXPERT,2026-05-11 21:17:59,1.0,81902.25,0.0,0.0,converted_from_iso8601_offset_to_utc_naive,0,0.0,0.0,0.0,OV2|ae0435|H1|B,185358050
190282152,185358050,BTCUSD,1,-16.94,4,SL,2026-05-11 21:18:07,1.0,81885.31,0.0,0.0,converted_from_iso8601_offset_to_utc_naive,0,0.0,0.0,0.0,[sl 81885.75],185358062
190282237,185358124,BTCUSD,0,0.0,3,EXPERT,2026-05-11 21:18:36,1.0,81844.04,0.0,0.0,converted_from_iso8601_offset_to_utc_naive,0,0.0,0.0,0.0,OV2|47d5e6|H1|B,185358124
190284123,185358124,BTCUSD,1,-17.05,4,SL,2026-05-11 21:26:35,1.0,81826.99,0.0,0.0,converted_from_iso8601_offset_to_utc_naive,0,0.0,0.0,0.0,[sl 81827.54],185359510
190284318,185359653,BTCUSD,0,0.0,3,EXPERT,2026-05-11 21:26:54,1.0,81890.93,0.0,0.0,converted_from_iso8601_offset_to_utc_naive,0,0.0,0.0,0.0,OV2|680e93|H1|B,185359653
190287576,185300319,GBPUSD,1,-18.0,4,SL,2026-05-11 21:36:35,0.25,1.36342,0.0,0.0,converted_from_iso8601_offset_to_utc_naive,0,0.0,0.0,0.0,[sl 1.36342],185362007
190290828,185359653,BTCUSD,1,-23.85,4,SL,2026-05-11 21:54:18,1.0,81867.08,0.0,0.0,converted_from_iso8601_offset_to_utc_naive,0,0.0,0.0,0.0,[sl 81874.43],185364423
190290930,185357799,XRPUSD,1,-4.9,4,SL,2026-05-11 21:55:17,1.0,1.4707,0.0,0.0,converted_from_iso8601_offset_to_utc_naive,0,0.0,0.0,0.0,[sl 1.47070],185364496
190558412,185547839,BTCUSD,0,0.0,3,EXPERT,2026-05-12 08:54:31,0.07,81207.87,0.0,0.0,converted_from_iso8601_offset_to_utc_naive,0,0.0,0.0,0.0,OV2|6593f3|H1|S,185547839
190558435,185547854,XRPUSD,0,0.0,3,EXPERT,2026-05-12 08:54:43,0.1,1.46275,0.0,0.0,converted_from_iso8601_offset_to_utc_naive,0,0.0,0.0,0.0,OV2|045226|H4|B,185547854
190577023,185547854,XRPUSD,1,0.29,3,EXPERT,2026-05-12 09:21:45,0.1,1.4656,0.0,0.0,converted_from_iso8601_offset_to_utc_naive,0,0.0,0.0,0.0,OMEGA_PARTIAL_CL,185560957
190577271,185561131,XRPUSD,0,0.0,3,EXPERT,2026-05-12 09:22:25,0.1,1.46635,0.0,0.0,converted_from_iso8601_offset_to_utc_naive,0,0.0,0.0,0.0,OV2|915382|H4|B,185561131
190577677,185561358,EURUSD,0,0.0,3,EXPERT,2026-05-12 09:22:37,0.04,1.17543,0.0,0.0,converted_from_iso8601_offset_to_utc_naive,0,0.0,0.0,0.0,OV2|47a9b0|H1|S,185561358
190582403,185561131,XRPUSD,1,-0.44,4,SL,2026-05-12 09:29:01,0.1,1.46195,0.0,0.0,converted_from_iso8601_offset_to_utc_naive,0,0.0,0.0,0.0,[sl 1.46218],185564665
190584641,185547839,BTCUSD,1,0.83,3,EXPERT,2026-05-12 09:33:27,0.01,81125.35,0.0,0.0,converted_from_iso8601_offset_to_utc_naive,0,0.0,0.0,0.0,OMEGA_PARTIAL_CL,185566250
190586036,185567255,XRPUSD,0,0.0,3,EXPERT,2026-05-12 09:33:58,0.1,1.4602,0.0,0.0,converted_from_iso8601_offset_to_utc_naive,0,0.0,0.0,0.0,OV2|a1d80a|H1|S,185567255
190594000,185567255,XRPUSD,1,0.3,3,EXPERT,2026-05-12 09:51:25,0.1,1.45725,0.0,0.0,converted_from_iso8601_offset_to_utc_naive,0,0.0,0.0,0.0,OMEGA_PARTIAL_CL,185572908
190594364,185573158,XRPUSD,0,0.0,3,EXPERT,2026-05-12 09:52:19,0.1,1.45515,0.0,0.0,converted_from_iso8601_offset_to_utc_naive,0,0.0,0.0,0.0,OV2|f5999b|H1|S,185573158
190595376,185573158,XRPUSD,1,-0.57,4,SL,2026-05-12 09:54:30,0.1,1.4607999999999999,0.0,0.0,converted_from_iso8601_offset_to_utc_naive,0,0.0,0.0,0.0,[sl 1.45991],185573948
190596275,185561358,EURUSD,1,0.38,3,EXPERT,2026-05-12 09:55:50,0.01,1.17505,0.0,0.0,converted_from_iso8601_offset_to_utc_naive,0,0.0,0.0,0.0,OMEGA_PARTIAL_CL,185574550
190596438,185574660,XRPUSD,0,0.0,3,EXPERT,2026-05-12 09:56:12,0.1,1.45735,0.0,0.0,converted_from_iso8601_offset_to_utc_naive,0,0.0,0.0,0.0,OV2|473def|H1|S,185574660
190596537,185574729,GBPUSD,0,0.0,3,EXPERT,2026-05-12 09:56:25,0.03,1.35465,0.0,0.0,converted_from_iso8601_offset_to_utc_naive,0,0.0,0.0,0.0,OV2|af0c5e|H1|S,185574729
190599284,185547839,BTCUSD,1,14.19,5,TP,2026-05-12 10:02:02,0.06,80971.4,0.0,0.0,converted_from_iso8601_offset_to_utc_naive,0,0.0,0.0,0.0,[tp 80971.41],185577245
190602594,185574729,GBPUSD,1,0.7,3,EXPERT,2026-05-12 10:04:46,0.01,1.35395,0.0,0.0,converted_from_iso8601_offset_to_utc_naive,0,0.0,0.0,0.0,OMEGA_PARTIAL_CL,185579443
190603383,185580027,BTCUSD,0,0.0,3,EXPERT,2026-05-12 10:06:07,0.07,80870.94,0.0,0.0,converted_from_iso8601_offset_to_utc_naive,0,0.0,0.0,0.0,OV2|53e240|H1|S,185580027
190609619,185580027,BTCUSD,1,-10.57,4,SL,2026-05-12 10:11:27,0.07,81021.93,0.0,0.0,converted_from_iso8601_offset_to_utc_naive,0,0.0,0.0,0.0,[sl 81020.98],185584199
190609827,185584336,BTCUSD,0,0.0,3,EXPERT,2026-05-12 10:11:41,0.08,81016.36,0.0,0.0,converted_from_iso8601_offset_to_utc_naive,0,0.0,0.0,0.0,OV2|17821d|H1|S,185584336
190609829,185584337,BTCUSD,0,0.0,3,EXPERT,2026-05-12 10:11:41,0.04,81016.36,0.0,0.0,converted_from_iso8601_offset_to_utc_naive,0,0.0,0.0,0.0,OV2|ec797e|H1|S,185584337
190611312,185584336,BTCUSD,1,1.1400000000000001,3,EXPERT,2026-05-12 10:15:24,0.01,80902.77,0.0,0.0,converted_from_iso8601_offset_to_utc_naive,0,0.0,0.0,0.0,OMEGA_PARTIAL_CL,185585509
190611313,185584336,BTCUSD,1,1.1400000000000001,3,EXPERT,2026-05-12 10:15:24,0.01,80902.77,0.0,0.0,converted_from_iso8601_offset_to_utc_naive,0,0.0,0.0,0.0,OMEGA_PARTIAL_CL,185585510
190611314,185584337,BTCUSD,1,1.1400000000000001,3,EXPERT,2026-05-12 10:15:24,0.01,80902.77,0.0,0.0,converted_from_iso8601_offset_to_utc_naive,0,0.0,0.0,0.0,OMEGA_PARTIAL_CL,185585511
190611315,185584337,BTCUSD,1,1.1400000000000001,3,EXPERT,2026-05-12 10:15:24,0.01,80902.77,0.0,0.0,converted_from_iso8601_offset_to_utc_naive,0,0.0,0.0,0.0,OMEGA_PARTIAL_CL,185585514
190611761,185585834,XAUUSD,0,0.0,3,EXPERT,2026-05-12 10:16:56,0.01,4696.23,0.0,0.0,converted_from_iso8601_offset_to_utc_naive,0,0.0,0.0,0.0,OV2|6768d2|H1|S,185585834
190611762,185585835,XAUUSD,0,0.0,3,EXPERT,2026-05-12 10:16:56,0.01,4696.24,0.0,0.0,converted_from_iso8601_offset_to_utc_naive,0,0.0,0.0,0.0,OV2|c9cfca|H1|S,185585835
190612923,185584336,BTCUSD,1,-0.11,4,SL,2026-05-12 10:19:55,0.06,81018.13,0.0,0.0,converted_from_iso8601_offset_to_utc_naive,0,0.0,0.0,0.0,[sl 81016.36],185586638
190612924,185584337,BTCUSD,1,-0.04,4,SL,2026-05-12 10:19:55,0.02,81018.13,0.0,0.0,converted_from_iso8601_offset_to_utc_naive,0,0.0,0.0,0.0,[sl 81016.36],185586639
190613392,185574660,XRPUSD,1,-0.62,4,SL,2026-05-12 10:21:10,0.1,1.4635500000000001,0.0,0.0,converted_from_iso8601_offset_to_utc_naive,0,0.0,0.0,0.0,[sl 1.46347],185586949
190620175,185574729,GBPUSD,1,4.2,5,TP,2026-05-12 10:43:41,0.02,1.35255,0.0,0.0,converted_from_iso8601_offset_to_utc_naive,0,0.0,0.0,0.0,[tp 1.35255],185591855
190623682,185585834,XAUUSD,1,-7.09,3,EXPERT,2026-05-12 10:57:14,0.01,4703.32,0.0,0.0,converted_from_iso8601_offset_to_utc_naive,0,0.0,0.0,0.0,OMEGA_PARTIAL_CL,185594339
190623683,185585835,XAUUSD,1,-7.08,3,EXPERT,2026-05-12 10:57:14,0.01,4703.32,0.0,0.0,converted_from_iso8601_offset_to_utc_naive,0,0.0,0.0,0.0,OMEGA_PARTIAL_CL,185594340
190623912,185594503,BTCUSD,0,0.0,3,EXPERT,2026-05-12 10:57:54,0.07,80902.52,0.0,0.0,converted_from_iso8601_offset_to_utc_naive,0,0.0,0.0,0.0,OV2|fde042|H1|S,185594503
190623913,185594504,BTCUSD,0,0.0,3,EXPERT,2026-05-12 10:57:54,0.07,80902.52,0.0,0.0,converted_from_iso8601_offset_to_utc_naive,0,0.0,0.0,0.0,OV2|c85168|H1|S,185594504
190623964,185594547,XAUUSD,0,0.0,3,EXPERT,2026-05-12 10:58:00,0.01,4702.28,0.0,0.0,converted_from_iso8601_offset_to_utc_naive,0,0.0,0.0,0.0,OV2|030ac7|H1|S,185594547
190623969,185594550,XAUUSD,0,0.0,3,EXPERT,2026-05-12 10:58:00,0.01,4702.28,0.0,0.0,converted_from_iso8601_offset_to_utc_naive,0,0.0,0.0,0.0,OV2|582e04|H1|S,185594550
190625164,185594503,BTCUSD,1,1.18,3,EXPERT,2026-05-12 11:00:19,0.01,80784.89,0.0,0.0,converted_from_iso8601_offset_to_utc_naive,0,0.0,0.0,0.0,OMEGA_PARTIAL_CL,185595755
190625165,185594503,BTCUSD,1,1.18,3,EXPERT,2026-05-12 11:00:19,0.01,80784.89,0.0,0.0,converted_from_iso8601_offset_to_utc_naive,0,0.0,0.0,0.0,OMEGA_PARTIAL_CL,185595756
190625166,185594504,BTCUSD,1,1.18,3,EXPERT,2026-05-12 11:00:19,0.01,80784.86,0.0,0.0,converted_from_iso8601_offset_to_utc_naive,0,0.0,0.0,0.0,OMEGA_PARTIAL_CL,185595757
190625167,185594504,BTCUSD,1,1.19,3,EXPERT,2026-05-12 11:00:19,0.01,80783.85,0.0,0.0,converted_from_iso8601_offset_to_utc_naive,0,0.0,0.0,0.0,OMEGA_PARTIAL_CL,185595758
190625572,185594503,BTCUSD,1,-0.08,4,SL,2026-05-12 11:01:23,0.05,80904.16,0.0,0.0,converted_from_iso8601_offset_to_utc_naive,0,0.0,0.0,0.0,[sl 80902.52],185596066
190625573,185594504,BTCUSD,1,-0.08,4,SL,2026-05-12 11:01:23,0.05,80904.16,0.0,0.0,converted_from_iso8601_offset_to_utc_naive,0,0.0,0.0,0.0,[sl 80902.52],185596067
190648994,185594547,XAUUSD,1,4.09,3,EXPERT,2026-05-12 12:21:14,0.01,4698.19,0.0,0.0,converted_from_iso8601_offset_to_utc_naive,0,0.0,0.0,0.0,OMEGA_PARTIAL_CL,185613634
190648995,185594550,XAUUSD,1,4.09,3,EXPERT,2026-05-12 12:21:14,0.01,4698.19,0.0,0.0,converted_from_iso8601_offset_to_utc_naive,0,0.0,0.0,0.0,OMEGA_PARTIAL_CL,185613635
190649095,185613707,XAUUSD,0,0.0,3,EXPERT,2026-05-12 12:21:49,0.01,4699.11,0.0,0.0,converted_from_iso8601_offset_to_utc_naive,0,0.0,0.0,0.0,OV2|459053|H1|S,185613707
190649187,185613784,BTCUSD,0,0.0,3,EXPERT,2026-05-12 12:22:09,0.07,80709.4,0.0,0.0,converted_from_iso8601_offset_to_utc_naive,0,0.0,0.0,0.0,OV2|122920|H1|S,185613784
190649216,185613807,XRPUSD,0,0.0,3,EXPERT,2026-05-12 12:22:26,0.1,1.4552,0.0,0.0,converted_from_iso8601_offset_to_utc_naive,0,0.0,0.0,0.0,OV2|6501df|H1|S,185613807
190651950,185613784,BTCUSD,1,-9.08,4,SL,2026-05-12 12:30:41,0.07,80839.05,0.0,0.0,converted_from_iso8601_offset_to_utc_naive,0,0.0,0.0,0.0,[sl 80837.53],185615877
190666109,185613807,XRPUSD,1,0.35,3,EXPERT,2026-05-12 13:04:47,0.1,1.4517,0.0,0.0,converted_from_iso8601_offset_to_utc_naive,0,0.0,0.0,0.0,OMEGA_PARTIAL_CL,185626496
190666530,185626804,BTCUSD,0,0.0,3,EXPERT,2026-05-12 13:06:33,0.08,80775.29,0.0,0.0,converted_from_iso8601_offset_to_utc_naive,0,0.0,0.0,0.0,OV2|cc3d61|H1|S,185626804
190666578,185626836,GBPUSD,0,0.0,3,EXPERT,2026-05-12 13:06:45,0.02,1.35398,0.0,0.0,converted_from_iso8601_offset_to_utc_naive,0,0.0,0.0,0.0,OV2|2d9298|H1|S,185626836
190674062,185626804,BTCUSD,1,1.12,3,EXPERT,2026-05-12 13:25:30,0.01,80663.77,0.0,0.0,converted_from_iso8601_offset_to_utc_naive,0,0.0,0.0,0.0,OMEGA_PARTIAL_CL,185632223
190674801,185626836,GBPUSD,1,-1.58,4,SL,2026-05-12 13:28:01,0.02,1.35477,0.0,0.0,converted_from_iso8601_offset_to_utc_naive,0,0.0,0.0,0.0,[sl 1.35476],185632764
190674952,185632902,GBPUSD,0,0.0,3,EXPERT,2026-05-12 13:28:51,0.04,1.35464,0.0,0.0,converted_from_iso8601_offset_to_utc_naive,0,0.0,0.0,0.0,OV2|3a8b0a|H1|S,185632902
190678541,185613707,XAUUSD,1,6.22,3,EXPERT,2026-05-12 13:32:49,0.01,4692.89,0.0,0.0,converted_from_iso8601_offset_to_utc_naive,0,0.0,0.0,0.0,OMEGA_PARTIAL_CL,185635327
190679818,185636214,XRPUSD,0,0.0,3,EXPERT,2026-05-12 13:35:44,0.1,1.45015,0.0,0.0,converted_from_iso8601_offset_to_utc_naive,0,0.0,0.0,0.0,OV2|21276f|H1|S,185636214
190680415,185632902,GBPUSD,1,-2.88,4,SL,2026-05-12 13:36:47,0.04,1.3553600000000001,0.0,0.0,converted_from_iso8601_offset_to_utc_naive,0,0.0,0.0,0.0,[sl 1.35535],185636631
190680780,185636868,GBPUSD,0,0.0,3,EXPERT,2026-05-12 13:37:29,0.04,1.35497,0.0,0.0,converted_from_iso8601_offset_to_utc_naive,0,0.0,0.0,0.0,OV2|a9fbc6|H4|S,185636868
190686491,185636868,GBPUSD,1,0.47,3,EXPERT,2026-05-12 13:43:18,0.01,1.3545,0.0,0.0,converted_from_iso8601_offset_to_utc_naive,0,0.0,0.0,0.0,OMEGA_PARTIAL_CL,185640462
190687462,185641237,XAUUSD,0,0.0,3,EXPERT,2026-05-12 13:46:17,0.01,4691.78,0.0,0.0,converted_from_iso8601_offset_to_utc_naive,0,0.0,0.0,0.0,OV2|7f948d|H1|S,185641237
190693592,185636868,GBPUSD,1,6.72,5,TP,2026-05-12 14:03:13,0.03,1.35273,0.0,0.0,converted_from_iso8601_offset_to_utc_naive,0,0.0,0.0,0.0,[tp 1.35275],185646094
190701758,185636214,XRPUSD,1,0.36,3,EXPERT,2026-05-12 14:15:29,0.1,1.4466,0.0,0.0,converted_from_iso8601_offset_to_utc_naive,0,0.0,0.0,0.0,OMEGA_PARTIAL_CL,185651896
190701976,185652063,XRPUSD,0,0.0,3,EXPERT,2026-05-12 14:15:54,0.1,1.44555,0.0,0.0,converted_from_iso8601_offset_to_utc_naive,0,0.0,0.0,0.0,OV2|c83adc|H1|S,185652063
190702488,185652404,GBPUSD,0,0.0,3,EXPERT,2026-05-12 14:16:40,0.02,1.35307,0.0,0.0,converted_from_iso8601_offset_to_utc_naive,0,0.0,0.0,0.0,OV2|0ed165|H1|S,185652404
190710198,185641237,XAUUSD,1,-10.97,4,SL,2026-05-12 14:35:58,0.01,4702.75,0.0,0.0,converted_from_iso8601_offset_to_utc_naive,0,0.0,0.0,0.0,[sl 4702.61],185658064
190711111,185652404,GBPUSD,1,-2.48,3,EXPERT,2026-05-12 14:39:02,0.02,1.35431,0.0,0.0,converted_from_iso8601_offset_to_utc_naive,0,0.0,0.0,0.0,OMEGA_PARTIAL_CL,185658721
190712829,185660029,GBPUSD,0,0.0,3,EXPERT,2026-05-12 14:41:36,0.02,1.35438,0.0,0.0,converted_from_iso8601_offset_to_utc_naive,0,0.0,0.0,0.0,OV2|d1df47|H1|S,185660029
190712885,185660061,XAUUSD,0,0.0,3,EXPERT,2026-05-12 14:41:54,0.01,4703.74,0.0,0.0,converted_from_iso8601_offset_to_utc_naive,0,0.0,0.0,0.0,OV2|8218fe|H1|S,185660061
190716720,185660029,GBPUSD,1,0.52,3,EXPERT,2026-05-12 14:51:06,0.01,1.35386,0.0,0.0,converted_from_iso8601_offset_to_utc_naive,0,0.0,0.0,0.0,OMEGA_PARTIAL_CL,185662910
190718151,185652063,XRPUSD,1,-0.42,4,SL,2026-05-12 14:54:31,0.1,1.4497499999999999,0.0,0.0,converted_from_iso8601_offset_to_utc_naive,0,0.0,0.0,0.0,[sl 1.44974],185663969
190718684,185664320,XRPUSD,0,0.0,3,EXPERT,2026-05-12 14:55:37,0.1,1.44835,0.0,0.0,converted_from_iso8601_offset_to_utc_naive,0,0.0,0.0,0.0,OV2|84bb26|H1|S,185664320
190722045,185626804,BTCUSD,1,-0.01,4,SL,2026-05-12 15:02:17,0.07,80775.45,0.0,0.0,converted_from_iso8601_offset_to_utc_naive,0,0.0,0.0,0.0,[sl 80775.29],185667072
190725598,185660029,GBPUSD,1,2.04,5,TP,2026-05-12 15:08:25,0.01,1.3523399999999999,0.0,0.0,converted_from_iso8601_offset_to_utc_naive,0,0.0,0.0,0.0,[tp 1.35234],185669422
190731272,185664320,XRPUSD,1,-0.41,4,SL,2026-05-12 15:18:07,0.1,1.4524,0.0,0.0,converted_from_iso8601_offset_to_utc_naive,0,0.0,0.0,0.0,[sl 1.45238],185673323
190731515,185673481,GBPUSD,0,0.0,3,EXPERT,2026-05-12 15:18:42,0.03,1.35256,0.0,0.0,converted_from_iso8601_offset_to_utc_naive,0,0.0,0.0,0.0,OV2|bdd351|H1|S,185673481
190736019,185660061,XAUUSD,1,7.5,3,EXPERT,2026-05-12 15:25:25,0.01,4696.24,0.0,0.0,converted_from_iso8601_offset_to_utc_naive,0,0.0,0.0,0.0,OMEGA_PARTIAL_CL,185676380
190736438,185676659,XRPUSD,0,0.0,3,EXPERT,2026-05-12 15:26:10,0.1,1.4511,0.0,0.0,converted_from_iso8601_offset_to_utc_naive,0,0.0,0.0,0.0,OV2|b4ca79|H1|S,185676659
190736684,185676833,BTCUSD,0,0.0,3,EXPERT,2026-05-12 15:26:37,0.09,80757.93,0.0,0.0,converted_from_iso8601_offset_to_utc_naive,0,0.0,0.0,0.0,OV2|9b7545|H1|S,185676833
190737983,185676659,XRPUSD,1,-0.59,4,SL,2026-05-12 15:30:00,0.1,1.457,0.0,0.0,converted_from_iso8601_offset_to_utc_naive,0,0.0,0.0,0.0,[sl 1.45575],185677840
190740267,185676833,BTCUSD,1,1.08,3,EXPERT,2026-05-12 15:30:38,0.01,80649.75,0.0,0.0,converted_from_iso8601_offset_to_utc_naive,0,0.0,0.0,0.0,OMEGA_PARTIAL_CL,185679335
190741721,185680301,XAUUSD,0,0.0,3,EXPERT,2026-05-12 15:31:30,0.01,4690.68,0.0,0.0,converted_from_iso8601_offset_to_utc_naive,0,0.0,0.0,0.0,OV2|4e7115|H1|S,185680301
190741787,185673481,GBPUSD,1,1.09,3,EXPERT,2026-05-12 15:31:31,0.01,1.35147,0.0,0.0,converted_from_iso8601_offset_to_utc_naive,0,0.0,0.0,0.0,OMEGA_PARTIAL_CL,185680353
190741809,185680365,XRPUSD,0,0.0,3,EXPERT,2026-05-12 15:31:32,0.1,1.44795,0.0,0.0,converted_from_iso8601_offset_to_utc_naive,0,0.0,0.0,0.0,OV2|45d63d|H1|S,185680365
190744249,185673481,GBPUSD,1,0.0,4,SL,2026-05-12 15:34:04,0.02,1.35256,0.0,0.0,converted_from_iso8601_offset_to_utc_naive,0,0.0,0.0,0.0,[sl 1.35256],185682058
190744665,185676833,BTCUSD,1,-0.15,4,SL,2026-05-12 15:34:30,0.08,80759.79,0.0,0.0,converted_from_iso8601_offset_to_utc_naive,0,0.0,0.0,0.0,[sl 80757.93],185682355
190748732,185680365,XRPUSD,1,-0.7,4,SL,2026-05-12 15:39:03,0.1,1.4549,0.0,0.0,converted_from_iso8601_offset_to_utc_naive,0,0.0,0.0,0.0,[sl 1.45485],185685173
190749469,185685677,BTCUSD,0,0.0,3,EXPERT,2026-05-12 15:39:42,0.09,80965.77,0.0,0.0,converted_from_iso8601_offset_to_utc_naive,0,0.0,0.0,0.0,OV2|fbc743|H1|S,185685677
190749765,185680301,XAUUSD,1,-12.99,4,SL,2026-05-12 15:40:14,0.01,4703.67,0.0,0.0,converted_from_iso8601_offset_to_utc_naive,0,0.0,0.0,0.0,[sl 4703.58],185685922
190750727,185686583,XRPUSD,0,0.0,3,EXPERT,2026-05-12 15:41:27,0.1,1.4534,0.0,0.0,converted_from_iso8601_offset_to_utc_naive,0,0.0,0.0,0.0,OV2|d25ea8|H1|S,185686583
190750897,185686705,GBPUSD,0,0.0,3,EXPERT,2026-05-12 15:41:56,0.02,1.35256,0.0,0.0,converted_from_iso8601_offset_to_utc_naive,0,0.0,0.0,0.0,OV2|18b3f7|H1|S,185686705
190759499,185686705,GBPUSD,1,-2.76,4,SL,2026-05-12 15:51:37,0.02,1.35394,0.0,0.0,converted_from_iso8601_offset_to_utc_naive,0,0.0,0.0,0.0,[sl 1.35390],185692759
190779380,185685677,BTCUSD,1,1.31,3,EXPERT,2026-05-12 16:14:23,0.01,80834.44,0.0,0.0,converted_from_iso8601_offset_to_utc_naive,0,0.0,0.0,0.0,OMEGA_PARTIAL_CL,185707080
190783654,185709862,GBPUSD,0,0.0,3,EXPERT,2026-05-12 16:16:38,0.02,1.35215,0.0,0.0,converted_from_iso8601_offset_to_utc_naive,0,0.0,0.0,0.0,OV2|dceb46|H1|S,185709862
190786636,185686583,XRPUSD,1,0.33,3,EXPERT,2026-05-12 16:17:50,0.1,1.4501,0.0,0.0,converted_from_iso8601_offset_to_utc_naive,0,0.0,0.0,0.0,OMEGA_PARTIAL_CL,185711741
190787568,185712359,XRPUSD,0,0.0,3,EXPERT,2026-05-12 16:18:41,0.1,1.4485999999999999,0.0,0.0,converted_from_iso8601_offset_to_utc_naive,0,0.0,0.0,0.0,OV2|cc2e1d|H1|S,185712359
190788143,185712697,XAUUSD,0,0.0,3,EXPERT,2026-05-12 16:19:01,0.01,4686.49,0.0,0.0,converted_from_iso8601_offset_to_utc_naive,0,0.0,0.0,0.0,OV2|877666|H1|S,185712697
190805792,185712359,XRPUSD,1,0.31,3,EXPERT,2026-05-12 16:36:42,0.1,1.4455,0.0,0.0,converted_from_iso8601_offset_to_utc_naive,0,0.0,0.0,0.0,OMEGA_PARTIAL_CL,185725257
190823121,185709862,GBPUSD,1,0.99,3,EXPERT,2026-05-12 16:50:52,0.01,1.3511600000000001,0.0,0.0,converted_from_iso8601_offset_to_utc_naive,0,0.0,0.0,0.0,OMEGA_PARTIAL_CL,185737710
190824035,185738326,XRPUSD,0,0.0,3,EXPERT,2026-05-12 16:51:49,0.1,1.4429,0.0,0.0,converted_from_iso8601_offset_to_utc_naive,0,0.0,0.0,0.0,OV2|a768e9|H1|S,185738326
190828169,185738326,XRPUSD,1,0.65,3,EXPERT,2026-05-12 16:57:04,0.1,1.4364,0.0,0.0,converted_from_iso8601_offset_to_utc_naive,0,0.0,0.0,0.0,OMEGA_PARTIAL_CL,185741372
190836287,185747272,XRPUSD,0,0.0,3,EXPERT,2026-05-12 17:00:42,0.1,1.43385,0.0,0.0,converted_from_iso8601_offset_to_utc_naive,0,0.0,0.0,0.0,OV2|462ff6|H1|S,185747272
190836288,185747273,XRPUSD,0,0.0,3,EXPERT,2026-05-12 17:00:42,0.1,1.43385,0.0,0.0,converted_from_iso8601_offset_to_utc_naive,0,0.0,0.0,0.0,OV2|edf1b0|H1|S,185747273
190841517,185709862,GBPUSD,1,-0.01,4,SL,2026-05-12 17:03:13,0.01,1.35216,0.0,0.0,converted_from_iso8601_offset_to_utc_naive,0,0.0,0.0,0.0,[sl 1.35215],185750886
190867920,185712697,XAUUSD,1,10.88,3,EXPERT,2026-05-12 17:33:44,0.01,4675.61,0.0,0.0,converted_from_iso8601_offset_to_utc_naive,0,0.0,0.0,0.0,OMEGA_PARTIAL_CL,185769283
190880887,185747272,XRPUSD,1,0.6,3,EXPERT,2026-05-12 17:50:42,0.1,1.42785,0.0,0.0,converted_from_iso8601_offset_to_utc_naive,0,0.0,0.0,0.0,OMEGA_PARTIAL_CL,185778437
190880889,185747273,XRPUSD,1,0.6,3,EXPERT,2026-05-12 17:50:42,0.1,1.42785,0.0,0.0,converted_from_iso8601_offset_to_utc_naive,0,0.0,0.0,0.0,OMEGA_PARTIAL_CL,185778439
190882001,185779180,XRPUSD,0,0.0,3,EXPERT,2026-05-12 17:51:20,0.1,1.4241,0.0,0.0,converted_from_iso8601_offset_to_utc_naive,0,0.0,0.0,0.0,OV2|96e10d|H1|S,185779180
190882003,185779182,XRPUSD,0,0.0,3,EXPERT,2026-05-12 17:51:20,0.1,1.4241,0.0,0.0,converted_from_iso8601_offset_to_utc_naive,0,0.0,0.0,0.0,OV2|ce343e|H1|S,185779182
190882395,185779432,XAUUSD,0,0.0,3,EXPERT,2026-05-12 17:51:32,0.01,4671.63,0.0,0.0,converted_from_iso8601_offset_to_utc_naive,0,0.0,0.0,0.0,OV2|ee11dd|H1|S,185779432
190882399,185779436,XAUUSD,0,0.0,3,EXPERT,2026-05-12 17:51:32,0.01,4671.63,0.0,0.0,converted_from_iso8601_offset_to_utc_naive,0,0.0,0.0,0.0,OV2|6abb93|H1|S,185779436
190904223,185779432,XAUUSD,1,9.86,3,EXPERT,2026-05-12 18:17:29,0.01,4661.77,0.0,0.0,converted_from_iso8601_offset_to_utc_naive,0,0.0,0.0,0.0,OMEGA_PARTIAL_CL,185795102
190904316,185779436,XAUUSD,1,9.86,3,EXPERT,2026-05-12 18:17:30,0.01,4661.77,0.0,0.0,converted_from_iso8601_offset_to_utc_naive,0,0.0,0.0,0.0,OMEGA_PARTIAL_CL,185795160
190914766,185685677,BTCUSD,1,49.74,5,TP,2026-05-12 18:23:21,0.08,80343.97,0.0,0.0,converted_from_iso8601_offset_to_utc_naive,0,0.0,0.0,0.0,[tp 80344.43],185801624
190919023,185561358,EURUSD,1,9.03,5,TP,2026-05-12 18:25:23,0.03,1.17242,0.0,0.0,converted_from_iso8601_offset_to_utc_naive,0,0.0,0.0,0.0,[tp 1.17243],185804271
190970411,185779180,XRPUSD,1,-0.59,4,SL,2026-05-12 20:13:48,0.1,1.42995,0.0,0.0,converted_from_iso8601_offset_to_utc_naive,0,0.0,0.0,0.0,[sl 1.42994],185842086
190970412,185779182,XRPUSD,1,-0.59,4,SL,2026-05-12 20:13:48,0.1,1.42995,0.0,0.0,converted_from_iso8601_offset_to_utc_naive,0,0.0,0.0,0.0,[sl 1.42994],185842087
190978643,185847920,BTCUSD,0,0.0,3,EXPERT,2026-05-12 20:32:19,0.09,80462.79,0.0,0.0,converted_from_iso8601_offset_to_utc_naive,0,0.0,0.0,0.0,OV2|8148a9|H1|S,185847920
190978654,185847928,EURJPY,0,0.0,3,EXPERT,2026-05-12 20:32:26,0.05,184.996,0.0,0.0,converted_from_iso8601_offset_to_utc_naive,0,0.0,0.0,0.0,OV2|24c2ef|H1|S,185847928
190978667,185847938,XRPUSD,0,0.0,3,EXPERT,2026-05-12 20:32:35,0.1,1.4318,0.0,0.0,converted_from_iso8601_offset_to_utc_naive,0,0.0,0.0,0.0,OV2|8c55a2|H1|S,185847938
190983523,185847928,EURJPY,1,-1.63,4,SL,2026-05-12 21:00:37,0.05,185.047,0.0,0.0,converted_from_iso8601_offset_to_utc_naive,0,0.0,0.0,0.0,[sl 185.047],185851698
190984361,185852266,AUDJPY,0,0.0,3,EXPERT,2026-05-12 21:01:56,0.07,113.953,0.0,0.0,converted_from_iso8601_offset_to_utc_naive,0,0.0,0.0,0.0,OV2|56a2ae|H1|B,185852266
190994342,185852266,AUDJPY,1,0.29,3,EXPERT,2026-05-12 21:33:14,0.01,113.999,0.0,0.0,converted_from_iso8601_offset_to_utc_naive,0,0.0,0.0,0.0,OMEGA_PARTIAL_CL,185859455
190994604,185859637,EURJPY,0,0.0,3,EXPERT,2026-05-12 21:34:01,0.07,184.995,0.0,0.0,converted_from_iso8601_offset_to_utc_naive,0,0.0,0.0,0.0,OV2|10400c|H1|S,185859637
190995519,185847938,XRPUSD,1,-0.34,4,SL,2026-05-12 21:36:23,0.1,1.4352,0.0,0.0,converted_from_iso8601_offset_to_utc_naive,0,0.0,0.0,0.0,[sl 1.43505],185860254
190995763,185847920,BTCUSD,1,-12.52,4,SL,2026-05-12 21:36:38,0.09,80601.87,0.0,0.0,converted_from_iso8601_offset_to_utc_naive,0,0.0,0.0,0.0,[sl 80598.01],185860405
190996009,185860546,XAUUSD,0,0.0,3,EXPERT,2026-05-12 21:37:03,0.01,4691.83,0.0,0.0,converted_from_iso8601_offset_to_utc_naive,0,0.0,0.0,0.0,OV2|5eee3e|H1|S,185860546
190996231,185860690,EURUSD,0,0.0,3,EXPERT,2026-05-12 21:38:02,0.05,1.17366,0.0,0.0,converted_from_iso8601_offset_to_utc_naive,0,0.0,0.0,0.0,OV2|965e5b|H1|S,185860690
191001286,185859637,EURJPY,1,-2.5,4,SL,2026-05-12 21:50:02,0.07,185.051,0.0,0.0,converted_from_iso8601_offset_to_utc_naive,0,0.0,0.0,0.0,[sl 185.048],185864208
191001684,185864538,BTCUSD,0,0.0,3,EXPERT,2026-05-12 21:51:38,0.1,80652.74,0.0,0.0,converted_from_iso8601_offset_to_utc_naive,0,0.0,0.0,0.0,OV2|3e1cf7|H1|S,185864538
191003489,185860690,EURUSD,1,-2.15,4,SL,2026-05-12 21:55:34,0.05,1.17409,0.0,0.0,converted_from_iso8601_offset_to_utc_naive,0,0.0,0.0,0.0,[sl 1.17409],185865805
191003689,185865957,GBPUSD,0,0.0,3,EXPERT,2026-05-12 21:56:35,0.04,1.35315,0.0,0.0,converted_from_iso8601_offset_to_utc_naive,0,0.0,0.0,0.0,OV2|caf23f|H1|S,185865957
191006533,185860546,XAUUSD,1,-7.76,4,SL,2026-05-12 22:07:46,0.01,4699.59,0.0,0.0,converted_from_iso8601_offset_to_utc_naive,0,0.0,0.0,0.0,[sl 4699.53],185868076
191007003,185868418,XAUUSD,0,0.0,3,EXPERT,2026-05-12 22:08:30,0.01,4699.0,0.0,0.0,converted_from_iso8601_offset_to_utc_naive,0,0.0,0.0,0.0,OV2|96c7d1|M15|B,185868418
191007316,185865957,GBPUSD,1,-2.96,4,SL,2026-05-12 22:10:38,0.04,1.35389,0.0,0.0,converted_from_iso8601_offset_to_utc_naive,0,0.0,0.0,0.0,[sl 1.35389],185868664
191009086,185864538,BTCUSD,1,-16.8,4,SL,2026-05-12 22:15:42,0.1,80820.78,0.0,0.0,converted_from_iso8601_offset_to_utc_naive,0,0.0,0.0,0.0,[sl 80820.76],185869948
191015539,185868418,XAUUSD,1,7.96,3,EXPERT,2026-05-12 22:33:45,0.01,4706.96,0.0,0.0,converted_from_iso8601_offset_to_utc_naive,0,0.0,0.0,0.0,OMEGA_PARTIAL_CL,185874491
191017685,185875985,XAUUSD,0,0.0,3,EXPERT,2026-05-12 22:37:51,0.01,4708.93,0.0,0.0,converted_from_iso8601_offset_to_utc_naive,0,0.0,0.0,0.0,OV2|b86b20|M15|B,185875985
191017735,185876023,BTCUSD,0,0.0,3,EXPERT,2026-05-12 22:38:05,0.1,80728.86,0.0,0.0,converted_from_iso8601_offset_to_utc_naive,0,0.0,0.0,0.0,OV2|1b9bf5|H1|S,185876023
191019801,185877404,EURUSD,0,0.0,3,EXPERT,2026-05-12 22:47:39,0.1,1.17415,0.0,0.0,converted_from_iso8601_offset_to_utc_naive,0,0.0,0.0,0.0,OV2|db684a|H1|S,185877404
191019823,185877421,GBPUSD,0,0.0,3,EXPERT,2026-05-12 22:47:54,0.08,1.3542399999999999,0.0,0.0,converted_from_iso8601_offset_to_utc_naive,0,0.0,0.0,0.0,OV2|d15d76|M15|B,185877421
191021052,185876023,BTCUSD,1,-11.49,4,SL,2026-05-12 22:53:03,0.1,80843.71,0.0,0.0,converted_from_iso8601_offset_to_utc_naive,0,0.0,0.0,0.0,[sl 80843.49],185878280
191022754,185875985,XAUUSD,1,3.48,3,EXPERT,2026-05-12 22:55:41,0.01,4712.41,0.0,0.0,converted_from_iso8601_offset_to_utc_naive,0,0.0,0.0,0.0,OMEGA_PARTIAL_CL,185879481
191023654,185880032,BTCUSD,0,0.0,3,EXPERT,2026-05-12 22:57:45,0.1,80803.62,0.0,0.0,converted_from_iso8601_offset_to_utc_naive,0,0.0,0.0,0.0,OV2|5f7e9f|H1|S,185880032
191023733,185880082,EURJPY,0,0.0,3,EXPERT,2026-05-12 22:58:08,0.1,185.032,0.0,0.0,converted_from_iso8601_offset_to_utc_naive,0,0.0,0.0,0.0,OV2|e0d23a|M15|B,185880082
191024082,185880336,XAUUSD,0,0.0,3,EXPERT,2026-05-12 22:59:25,0.01,4714.98,0.0,0.0,converted_from_iso8601_offset_to_utc_naive,0,0.0,0.0,0.0,OV2|f3af16|M15|B,185880336
191027738,185877421,GBPUSD,1,-4.4,4,SL,2026-05-12 23:08:23,0.08,1.35369,0.0,0.0,converted_from_iso8601_offset_to_utc_naive,0,0.0,0.0,0.0,[sl 1.35369],185883292
191028685,185883906,GBPUSD,0,0.0,3,EXPERT,2026-05-12 23:14:13,0.08,1.35395,0.0,0.0,converted_from_iso8601_offset_to_utc_naive,0,0.0,0.0,0.0,OV2|74a188|M15|B,185883906
191029122,185877404,EURUSD,1,0.42,3,EXPERT,2026-05-12 23:18:33,0.02,1.17394,0.0,0.0,converted_from_iso8601_offset_to_utc_naive,0,0.0,0.0,0.0,OMEGA_PARTIAL_CL,185884191
191030926,185880032,BTCUSD,1,1.53,3,EXPERT,2026-05-12 23:35:19,0.02,80727.35,0.0,0.0,converted_from_iso8601_offset_to_utc_naive,0,0.0,0.0,0.0,OMEGA_PARTIAL_CL,185885424
191031415,185883906,GBPUSD,1,-2.4,4,SL,2026-05-12 23:39:35,0.08,1.35365,0.0,0.0,converted_from_iso8601_offset_to_utc_naive,0,0.0,0.0,0.0,[sl 1.35366],185885820
191032260,185880082,EURJPY,1,0.29,3,EXPERT,2026-05-12 23:46:42,0.02,185.055,0.0,0.0,converted_from_iso8601_offset_to_utc_naive,0,0.0,0.0,0.0,OMEGA_PARTIAL_CL,185886569
191033410,185880082,EURJPY,1,-0.2,4,SL,2026-05-12 23:55:56,0.08,185.028,0.0,0.0,converted_from_iso8601_offset_to_utc_naive,0,0.0,0.0,0.0,[sl 185.032],185887368
191035252,185877404,EURUSD,1,0.0,4,SL,2026-05-13 00:25:00,0.08,1.17415,0.0,0.0,converted_from_iso8601_offset_to_utc_naive,0,0.0,0.28,0.0,[sl 1.17415],185889069
191035566,185889303,EURUSD,0,0.0,3,EXPERT,2026-05-13 00:28:11,0.08,1.17363,0.0,0.0,converted_from_iso8601_offset_to_utc_naive,0,0.0,0.0,0.0,OV2|d15a76|H4|S,185889303
191035689,185889380,GBPUSD,0,0.0,3,EXPERT,2026-05-13 00:29:30,0.06,1.35406,0.0,0.0,converted_from_iso8601_offset_to_utc_naive,0,0.0,0.0,0.0,OV2|87c52b|M5|B,185889380
191036709,185889700,XRPUSD,0,0.0,3,EXPERT,2026-05-13 00:37:43,0.1,1.4407,0.0,0.0,converted_from_iso8601_offset_to_utc_naive,0,0.0,0.0,0.0,OV2|ab6dbe|M5|B,185889700
191037240,185889303,EURUSD,1,-2.56,4,SL,2026-05-13 00:46:59,0.08,1.17395,0.0,0.0,converted_from_iso8601_offset_to_utc_naive,0,0.0,0.0,0.0,[sl 1.17395],185889892
191037409,185880032,BTCUSD,1,24.06,5,TP,2026-05-13 00:49:44,0.08,80502.9,0.0,0.0,converted_from_iso8601_offset_to_utc_naive,0,0.0,-1.43,0.0,[tp 80503.62],185889996
191037499,185890058,BTCUSD,0,0.0,3,EXPERT,2026-05-13 00:51:17,0.1,80488.76,0.0,0.0,converted_from_iso8601_offset_to_utc_naive,0,0.0,0.0,0.0,OV2|dfa913|H4|S,185890058
191037964,185889700,XRPUSD,1,-1.04,4,SL,2026-05-13 01:00:01,0.1,1.4303,0.0,0.0,converted_from_iso8601_offset_to_utc_naive,0,0.0,0.0,0.0,[sl 1.43701],185890371
191037969,185890058,BTCUSD,1,-12.47,4,SL,2026-05-13 01:00:02,0.1,80613.45,0.0,0.0,converted_from_iso8601_offset_to_utc_naive,0,0.0,0.0,0.0,[sl 80601.69],185890393
191039405,185891660,BTCUSD,0,0.0,3,EXPERT,2026-05-13 01:01:28,0.09,80667.64,0.0,0.0,converted_from_iso8601_offset_to_utc_naive,0,0.0,0.0,0.0,OV2|001ae2|H4|S,185891660
191040166,185892245,XRPUSD,0,0.0,3,EXPERT,2026-05-13 01:04:16,0.1,1.4438,0.0,0.0,converted_from_iso8601_offset_to_utc_naive,0,0.0,0.0,0.0,OV2|62013f|M15|B,185892245
191040777,185880336,XAUUSD,1,5.17,3,EXPERT,2026-05-13 01:04:43,0.01,4720.15,0.0,0.0,converted_from_iso8601_offset_to_utc_naive,0,0.0,-0.67,0.0,OMEGA_PARTIAL_CL,185892643
191042242,185893759,EURJPY,0,0.0,3,EXPERT,2026-05-13 01:08:35,0.05,184.98,0.0,0.0,converted_from_iso8601_offset_to_utc_naive,0,0.0,0.0,0.0,OV2|bf14f9|H1|S,185893759
191044010,185892245,XRPUSD,1,-1.31,4,SL,2026-05-13 01:15:03,0.1,1.4307,0.0,0.0,converted_from_iso8601_offset_to_utc_naive,0,0.0,0.0,0.0,[sl 1.43829],185894982
191044559,185895330,XRPUSD,0,0.0,3,EXPERT,2026-05-13 01:18:03,0.1,1.4432,0.0,0.0,converted_from_iso8601_offset_to_utc_naive,0,0.0,0.0,0.0,OV2|42b914|M15|B,185895330
191047684,185897611,XAUUSD,0,0.0,3,EXPERT,2026-05-13 01:32:48,0.01,4718.42,0.0,0.0,converted_from_iso8601_offset_to_utc_naive,0,0.0,0.0,0.0,OV2|8a0a82|H1|B,185897611
191049466,185893759,EURJPY,1,-1.63,4,SL,2026-05-13 01:39:16,0.05,185.031,0.0,0.0,converted_from_iso8601_offset_to_utc_naive,0,0.0,0.0,0.0,[sl 185.031],185898845
191049531,185898890,EURJPY,0,0.0,3,EXPERT,2026-05-13 01:39:54,0.1,185.031,0.0,0.0,converted_from_iso8601_offset_to_utc_naive,0,0.0,0.0,0.0,OV2|9d5267|M5|B,185898890
191050294,185898890,EURJPY,1,-1.85,4,SL,2026-05-13 01:45:29,0.1,185.002,0.0,0.0,converted_from_iso8601_offset_to_utc_naive,0,0.0,0.0,0.0,[sl 185.002],185899423
191054556,185895330,XRPUSD,1,-0.38,3,EXPERT,2026-05-13 01:57:45,0.1,1.43945,0.0,0.0,converted_from_iso8601_offset_to_utc_naive,0,0.0,0.0,0.0,OMEGA_PARTIAL_CL,185902179
191056471,185903929,XRPUSD,0,0.0,3,EXPERT,2026-05-13 02:04:19,0.1,1.4394,0.0,0.0,converted_from_iso8601_offset_to_utc_naive,0,0.0,0.0,0.0,OV2|2cfaa6|H1|S,185903929
191057284,185889380,GBPUSD,1,0.12,3,EXPERT,2026-05-13 02:08:05,0.01,1.35418,0.0,0.0,converted_from_iso8601_offset_to_utc_naive,0,0.0,0.0,0.0,OMEGA_PARTIAL_CL,185904508
191058257,185897611,XAUUSD,1,4.51,3,EXPERT,2026-05-13 02:09:03,0.01,4722.93,0.0,0.0,converted_from_iso8601_offset_to_utc_naive,0,0.0,0.0,0.0,OMEGA_PARTIAL_CL,185905150
191058652,185905399,XAUUSD,0,0.0,3,EXPERT,2026-05-13 02:09:41,0.01,4721.58,0.0,0.0,converted_from_iso8601_offset_to_utc_naive,0,0.0,0.0,0.0,OV2|7c5d97|H1|B,185905399
191058840,185889380,GBPUSD,1,-0.05,4,SL,2026-05-13 02:10:01,0.05,1.35405,0.0,0.0,converted_from_iso8601_offset_to_utc_naive,0,0.0,0.0,0.0,[sl 1.35406],185905533
191060344,185891660,BTCUSD,1,0.78,3,EXPERT,2026-05-13 02:15:04,0.01,80590.03,0.0,0.0,converted_from_iso8601_offset_to_utc_naive,0,0.0,0.0,0.0,OMEGA_PARTIAL_CL,185906568
191065868,185910187,EURJPY,0,0.0,3,EXPERT,2026-05-13 02:35:43,0.1,184.973,0.0,0.0,converted_from_iso8601_offset_to_utc_naive,0,0.0,0.0,0.0,OV2|3f8c4c|H1|S,185910187
191068403,185903929,XRPUSD,1,0.24,3,EXPERT,2026-05-13 02:42:38,0.1,1.43705,0.0,0.0,converted_from_iso8601_offset_to_utc_naive,0,0.0,0.0,0.0,OMEGA_PARTIAL_CL,185912001
191070731,185910187,EURJPY,1,-2.42,4,SL,2026-05-13 02:48:09,0.1,185.011,0.0,0.0,converted_from_iso8601_offset_to_utc_naive,0,0.0,0.0,0.0,[sl 185.011],185913680
191072567,185914875,EURJPY,0,0.0,3,EXPERT,2026-05-13 02:52:51,0.1,185.04,0.0,0.0,converted_from_iso8601_offset_to_utc_naive,0,0.0,0.0,0.0,OV2|c16c80|M15|B,185914875
191082795,185922100,GBPUSD,0,0.0,3,EXPERT,2026-05-13 03:08:19,0.09,1.35358,0.0,0.0,converted_from_iso8601_offset_to_utc_naive,0,0.0,0.0,0.0,OV2|76bd93|H4|S,185922100
191084409,185922100,GBPUSD,1,0.37,3,EXPERT,2026-05-13 03:13:46,0.01,1.35321,0.0,0.0,converted_from_iso8601_offset_to_utc_naive,0,0.0,0.0,0.0,OMEGA_PARTIAL_CL,185923227
191087155,185922100,GBPUSD,1,-0.08,4,SL,2026-05-13 03:19:03,0.08,1.35359,0.0,0.0,converted_from_iso8601_offset_to_utc_naive,0,0.0,0.0,0.0,[sl 1.35358],185925070
191088321,185925871,EURUSD,0,0.0,3,EXPERT,2026-05-13 03:21:31,0.1,1.17357,0.0,0.0,converted_from_iso8601_offset_to_utc_naive,0,0.0,0.0,0.0,OV2|efb14b|H1|S,185925871
191089458,185891660,BTCUSD,1,-0.37,4,SL,2026-05-13 03:24:03,0.08,80672.28,0.0,0.0,converted_from_iso8601_offset_to_utc_naive,0,0.0,0.0,0.0,[sl 80667.64],185926712
191090261,185927229,BTCUSD,0,0.0,3,EXPERT,2026-05-13 03:26:22,0.1,80720.83,0.0,0.0,converted_from_iso8601_offset_to_utc_naive,0,0.0,0.0,0.0,OV2|dba2b6|M5|B,185927229
191102599,185914875,EURJPY,1,0.57,3,EXPERT,2026-05-13 03:53:01,0.02,185.085,0.0,0.0,converted_from_iso8601_offset_to_utc_naive,0,0.0,0.0,0.0,OMEGA_PARTIAL_CL,185935371
191106708,185905399,XAUUSD,1,-8.86,4,SL,2026-05-13 04:00:12,0.01,4712.72,0.0,0.0,converted_from_iso8601_offset_to_utc_naive,0,0.0,0.0,0.0,[sl 4712.92],185938604
191110351,185940719,XAUUSD,0,0.0,3,EXPERT,2026-05-13 04:01:31,0.01,4711.86,0.0,0.0,converted_from_iso8601_offset_to_utc_naive,0,0.0,0.0,0.0,OV2|850605|M5|S,185940719
191124666,185927229,BTCUSD,1,4.2,3,EXPERT,2026-05-13 04:11:40,0.02,80930.79,0.0,0.0,converted_from_iso8601_offset_to_utc_naive,0,0.0,0.0,0.0,OMEGA_PARTIAL_CL,185949526
191134134,185914875,EURJPY,1,0.0,4,SL,2026-05-13 04:24:46,0.08,185.04,0.0,0.0,converted_from_iso8601_offset_to_utc_naive,0,0.0,0.0,0.0,[sl 185.040],185955560
191146338,185925871,EURUSD,1,-4.3,4,SL,2026-05-13 04:48:08,0.1,1.174,0.0,0.0,converted_from_iso8601_offset_to_utc_naive,0,0.0,0.0,0.0,[sl 1.17400],185963799
191147295,185852266,AUDJPY,1,8.9,5,TP,2026-05-13 04:49:29,0.06,114.188,0.0,0.0,converted_from_iso8601_offset_to_utc_naive,0,0.0,0.24,0.0,[tp 114.187],185964425
191148367,185927229,BTCUSD,1,34.35,5,TP,2026-05-13 04:52:02,0.08,81150.16,0.0,0.0,converted_from_iso8601_offset_to_utc_naive,0,0.0,0.0,0.0,[tp 81147.92],185965161
191155922,185940719,XAUUSD,1,11.02,5,TP,2026-05-13 05:07:59,0.01,4700.84,0.0,0.0,converted_from_iso8601_offset_to_utc_naive,0,0.0,0.0,0.0,[tp 4700.87],185970491
191230068,186020915,EURJPY,0,0.0,3,EXPERT,2026-05-13 08:56:02,0.09,185.057,0.0,0.0,converted_from_iso8601_offset_to_utc_naive,0,0.0,0.0,0.0,OV2|3f93c8|H4|B,186020915
191230362,186021154,BTCUSD,0,0.0,3,EXPERT,2026-05-13 08:57:00,0.1,80986.05,0.0,0.0,converted_from_iso8601_offset_to_utc_naive,0,0.0,0.0,0.0,OV2|806a6f|M5|S,186021154
191230724,186021465,GBPUSD,0,0.0,3,EXPERT,2026-05-13 08:58:03,0.08,1.35492,0.0,0.0,converted_from_iso8601_offset_to_utc_naive,0,0.0,0.0,0.0,OV2|3f662e|M5|B,186021465
191230950,186021616,AUDJPY,0,0.0,3,EXPERT,2026-05-13 08:58:33,0.1,114.174,0.0,0.0,converted_from_iso8601_offset_to_utc_naive,0,0.0,0.0,0.0,OV2|502a0b|H1|B,186021616
191233560,186020915,EURJPY,1,-3.1,4,SL,2026-05-13 09:03:06,0.09,185.003,0.0,0.0,converted_from_iso8601_offset_to_utc_naive,0,0.0,0.0,0.0,[sl 185.004],186023785
191234786,186024607,EURJPY,0,0.0,3,EXPERT,2026-05-13 09:04:32,0.08,185.045,0.0,0.0,converted_from_iso8601_offset_to_utc_naive,0,0.0,0.0,0.0,OV2|48bae1|H4|B,186024607
191236772,186021616,AUDJPY,1,0.53,3,EXPERT,2026-05-13 09:06:17,0.02,114.216,0.0,0.0,converted_from_iso8601_offset_to_utc_naive,0,0.0,0.0,0.0,OMEGA_PARTIAL_CL,186025895
191238137,186026772,EURUSD,0,0.0,3,EXPERT,2026-05-13 09:08:13,0.08,1.17309,0.0,0.0,converted_from_iso8601_offset_to_utc_naive,0,0.0,0.0,0.0,OV2|1afaea|H1|S,186026772
191239612,186027745,XRPUSD,0,0.0,3,EXPERT,2026-05-13 09:09:44,0.1,1.4594,0.0,0.0,converted_from_iso8601_offset_to_utc_naive,0,0.0,0.0,0.0,OV2|34d306|H1|B,186027745
191239644,186021616,AUDJPY,1,0.0,4,SL,2026-05-13 09:09:48,0.08,114.174,0.0,0.0,converted_from_iso8601_offset_to_utc_naive,0,0.0,0.0,0.0,[sl 114.174],186027761
191239713,186021465,GBPUSD,1,-5.52,4,SL,2026-05-13 09:09:50,0.08,1.35423,0.0,0.0,converted_from_iso8601_offset_to_utc_naive,0,0.0,0.0,0.0,[sl 1.35423],186027813
191240454,186024607,EURJPY,1,-3.27,4,SL,2026-05-13 09:11:17,0.08,184.981,0.0,0.0,converted_from_iso8601_offset_to_utc_naive,0,0.0,0.0,0.0,[sl 184.981],186028330
191240646,186026772,EURUSD,1,0.39,3,EXPERT,2026-05-13 09:11:25,0.01,1.1727,0.0,0.0,converted_from_iso8601_offset_to_utc_naive,0,0.0,0.0,0.0,OMEGA_PARTIAL_CL,186028469
191241132,186021154,BTCUSD,1,-8.98,3,EXPERT,2026-05-13 09:12:37,0.1,81075.87,0.0,0.0,converted_from_iso8601_offset_to_utc_naive,0,0.0,0.0,0.0,OMEGA_PARTIAL_CL,186028793
191241297,186028901,BTCUSD,0,0.0,3,EXPERT,2026-05-13 09:13:07,0.1,81075.62,0.0,0.0,converted_from_iso8601_offset_to_utc_naive,0,0.0,0.0,0.0,OV2|b8935d|H1|B,186028901
191241451,186029046,AUDJPY,0,0.0,3,EXPERT,2026-05-13 09:14:25,0.09,114.2,0.0,0.0,converted_from_iso8601_offset_to_utc_naive,0,0.0,0.0,0.0,OV2|fad76a|H1|B,186029046
191242274,186029649,GBPUSD,0,0.0,3,EXPERT,2026-05-13 09:15:54,0.05,1.35393,0.0,0.0,converted_from_iso8601_offset_to_utc_naive,0,0.0,0.0,0.0,OV2|471232|H4|S,186029649
191242528,186029839,EURJPY,0,0.0,3,EXPERT,2026-05-13 09:16:38,0.08,184.958,0.0,0.0,converted_from_iso8601_offset_to_utc_naive,0,0.0,0.0,0.0,OV2|b0693e|H1|S,186029839
191245172,186029046,AUDJPY,1,-4.71,4,SL,2026-05-13 09:21:05,0.09,114.118,0.0,0.0,converted_from_iso8601_offset_to_utc_naive,0,0.0,0.0,0.0,[sl 114.118],186031713
191246569,186032656,AUDJPY,0,0.0,3,EXPERT,2026-05-13 09:23:13,0.05,114.139,0.0,0.0,converted_from_iso8601_offset_to_utc_naive,0,0.0,0.0,0.0,OV2|1f1d2c|H1|B,186032656
191247693,186027745,XRPUSD,1,-0.55,4,SL,2026-05-13 09:27:35,0.1,1.45395,0.0,0.0,converted_from_iso8601_offset_to_utc_naive,0,0.0,0.0,0.0,[sl 1.45408],186033465
191248121,186033805,XRPUSD,0,0.0,3,EXPERT,2026-05-13 09:29:12,0.1,1.4558499999999999,0.0,0.0,converted_from_iso8601_offset_to_utc_naive,0,0.0,0.0,0.0,OV2|01dc29|H1|B,186033805
191249714,186029839,EURJPY,1,0.33,3,EXPERT,2026-05-13 09:38:14,0.01,184.906,0.0,0.0,converted_from_iso8601_offset_to_utc_naive,0,0.0,0.0,0.0,OMEGA_PARTIAL_CL,186035067
191251919,186029649,GBPUSD,1,0.54,3,EXPERT,2026-05-13 09:45:54,0.01,1.35339,0.0,0.0,converted_from_iso8601_offset_to_utc_naive,0,0.0,0.0,0.0,OMEGA_PARTIAL_CL,186036635
191255241,186028901,BTCUSD,1,-10.98,4,SL,2026-05-13 09:52:31,0.1,80965.79,0.0,0.0,converted_from_iso8601_offset_to_utc_naive,0,0.0,0.0,0.0,[sl 80967.63],186038830
191256032,186039347,BTCUSD,0,0.0,3,EXPERT,2026-05-13 09:53:48,0.1,80955.98,0.0,0.0,converted_from_iso8601_offset_to_utc_naive,0,0.0,0.0,0.0,OV2|9e9741|M5|S,186039347
191258474,186040946,XAUUSD,0,0.0,3,EXPERT,2026-05-13 09:56:59,0.01,4699.47,0.0,0.0,converted_from_iso8601_offset_to_utc_naive,0,0.0,0.0,0.0,OV2|3d18dc|H1|S,186040946
191266249,186033805,XRPUSD,1,0.23,3,EXPERT,2026-05-13 10:13:36,0.1,1.45815,0.0,0.0,converted_from_iso8601_offset_to_utc_naive,0,0.0,0.0,0.0,OMEGA_PARTIAL_CL,186046721
191270299,186039347,BTCUSD,1,1.42,3,EXPERT,2026-05-13 10:22:49,0.02,80885.0,0.0,0.0,converted_from_iso8601_offset_to_utc_naive,0,0.0,0.0,0.0,OMEGA_PARTIAL_CL,186049567
191273989,186039347,BTCUSD,1,-0.03,4,SL,2026-05-13 10:39:31,0.08,80956.32,0.0,0.0,converted_from_iso8601_offset_to_utc_naive,0,0.0,0.0,0.0,[sl 80955.98],186052437
191274699,186052928,BTCUSD,0,0.0,3,EXPERT,2026-05-13 10:41:27,0.09,80932.88,0.0,0.0,converted_from_iso8601_offset_to_utc_naive,0,0.0,0.0,0.0,OV2|e9d0a1|H1|B,186052928
191275321,186053459,XRPUSD,0,0.0,3,EXPERT,2026-05-13 10:46:05,0.1,1.46205,0.0,0.0,converted_from_iso8601_offset_to_utc_naive,0,0.0,0.0,0.0,OV2|b04bf2|H1|B,186053459
191277430,186032656,AUDJPY,1,0.32,3,EXPERT,2026-05-13 10:56:55,0.01,114.189,0.0,0.0,converted_from_iso8601_offset_to_utc_naive,0,0.0,0.0,0.0,OMEGA_PARTIAL_CL,186054927
191277853,186052928,BTCUSD,1,0.69,3,EXPERT,2026-05-13 10:59:00,0.01,81001.46,0.0,0.0,converted_from_iso8601_offset_to_utc_naive,0,0.0,0.0,0.0,OMEGA_PARTIAL_CL,186055218
191279176,186029839,EURJPY,1,9.88,5,TP,2026-05-13 11:03:00,0.07,184.734,0.0,0.0,converted_from_iso8601_offset_to_utc_naive,0,0.0,0.0,0.0,[tp 184.734],186056628
191279191,186056640,EURJPY,0,0.0,3,EXPERT,2026-05-13 11:03:02,0.05,184.719,0.0,0.0,converted_from_iso8601_offset_to_utc_naive,0,0.0,0.0,0.0,OV2|6c203b|M15|S,186056640
191279538,186032656,AUDJPY,1,0.0,4,SL,2026-05-13 11:04:05,0.04,114.139,0.0,0.0,converted_from_iso8601_offset_to_utc_naive,0,0.0,0.0,0.0,[sl 114.139],186056875
191280230,186057388,AUDJPY,0,0.0,3,EXPERT,2026-05-13 11:06:05,0.08,114.166,0.0,0.0,converted_from_iso8601_offset_to_utc_naive,0,0.0,0.0,0.0,OV2|8391c2|H1|B,186057388
191284242,186057388,AUDJPY,1,0.34,3,EXPERT,2026-05-13 11:25:18,0.01,114.219,0.0,0.0,converted_from_iso8601_offset_to_utc_naive,0,0.0,0.0,0.0,OMEGA_PARTIAL_CL,186060194
191286021,186040946,XAUUSD,1,4.08,3,EXPERT,2026-05-13 11:28:13,0.01,4695.39,0.0,0.0,converted_from_iso8601_offset_to_utc_naive,0,0.0,0.0,0.0,OMEGA_PARTIAL_CL,186061286
191287386,186052928,BTCUSD,1,-0.26,4,SL,2026-05-13 11:32:16,0.08,80929.63,0.0,0.0,converted_from_iso8601_offset_to_utc_naive,0,0.0,0.0,0.0,[sl 80932.88],186062306
191287740,186062583,BTCUSD,0,0.0,3,EXPERT,2026-05-13 11:34:29,0.1,80962.92,0.0,0.0,converted_from_iso8601_offset_to_utc_naive,0,0.0,0.0,0.0,OV2|81ee68|H1|B,186062583
191289462,186062583,BTCUSD,1,2.55,3,EXPERT,2026-05-13 11:41:21,0.02,81090.49,0.0,0.0,converted_from_iso8601_offset_to_utc_naive,0,0.0,0.0,0.0,OMEGA_PARTIAL_CL,186063741
191291395,186056640,EURJPY,1,0.39,3,EXPERT,2026-05-13 11:49:30,0.01,184.657,0.0,0.0,converted_from_iso8601_offset_to_utc_naive,0,0.0,0.0,0.0,OMEGA_PARTIAL_CL,186065157
191291950,186026772,EURUSD,1,21.0,5,TP,2026-05-13 11:52:43,0.07,1.17009,0.0,0.0,converted_from_iso8601_offset_to_utc_naive,0,0.0,0.0,0.0,[tp 1.17009],186065559
191292068,186065639,EURUSD,0,0.0,3,EXPERT,2026-05-13 11:53:19,0.08,1.17002,0.0,0.0,converted_from_iso8601_offset_to_utc_naive,0,0.0,0.0,0.0,OV2|90017e|H1|S,186065639
191296015,186056640,EURJPY,1,-0.05,4,SL,2026-05-13 12:02:07,0.04,184.721,0.0,0.0,converted_from_iso8601_offset_to_utc_naive,0,0.0,0.0,0.0,[sl 184.719],186068932
191296678,186069419,EURJPY,0,0.0,3,EXPERT,2026-05-13 12:04:31,0.06,184.701,0.0,0.0,converted_from_iso8601_offset_to_utc_naive,0,0.0,0.0,0.0,OV2|7da8c3|H1|S,186069419
191296749,186062583,BTCUSD,1,26.54,5,TP,2026-05-13 12:04:55,0.08,81294.62,0.0,0.0,converted_from_iso8601_offset_to_utc_naive,0,0.0,0.0,0.0,[tp 81291.97],186069460
191296994,186069628,BTCUSD,0,0.0,3,EXPERT,2026-05-13 12:05:53,0.1,81279.4,0.0,0.0,converted_from_iso8601_offset_to_utc_naive,0,0.0,0.0,0.0,OV2|ead3d1|H1|B,186069628
191297292,186069841,XAUUSD,0,0.0,3,EXPERT,2026-05-13 12:07:10,0.01,4698.22,0.0,0.0,converted_from_iso8601_offset_to_utc_naive,0,0.0,0.0,0.0,OV2|82ed64|H1|S,186069841
191300978,186069841,XAUUSD,1,5.39,3,EXPERT,2026-05-13 12:16:15,0.01,4692.83,0.0,0.0,converted_from_iso8601_offset_to_utc_naive,0,0.0,0.0,0.0,OMEGA_PARTIAL_CL,186072364
191301290,186072561,XAUUSD,0,0.0,3,EXPERT,2026-05-13 12:16:59,0.01,4692.34,0.0,0.0,converted_from_iso8601_offset_to_utc_naive,0,0.0,0.0,0.0,OV2|6f0ce2|H1|S,186072561
191303225,186053459,XRPUSD,1,0.22,3,EXPERT,2026-05-13 12:20:09,0.1,1.4642,0.0,0.0,converted_from_iso8601_offset_to_utc_naive,0,0.0,0.0,0.0,OMEGA_PARTIAL_CL,186073799
191303768,186069628,BTCUSD,1,-11.74,4,SL,2026-05-13 12:21:07,0.1,81161.98,0.0,0.0,converted_from_iso8601_offset_to_utc_naive,0,0.0,0.0,0.0,[sl 81162.76],186074149
191306365,186072561,XAUUSD,1,5.14,3,EXPERT,2026-05-13 12:23:59,0.01,4687.2,0.0,0.0,converted_from_iso8601_offset_to_utc_naive,0,0.0,0.0,0.0,OMEGA_PARTIAL_CL,186075723
191306897,186076044,XAUUSD,0,0.0,3,EXPERT,2026-05-13 12:24:28,0.01,4686.31,0.0,0.0,converted_from_iso8601_offset_to_utc_naive,0,0.0,0.0,0.0,OV2|26ca75|H1|S,186076044
191308190,186076951,BTCUSD,0,0.0,3,EXPERT,2026-05-13 12:27:28,0.1,81153.37,0.0,0.0,converted_from_iso8601_offset_to_utc_naive,0,0.0,0.0,0.0,OV2|b60ce8|H1|B,186076951
191309029,186065639,EURUSD,1,0.37,3,EXPERT,2026-05-13 12:29:50,0.01,1.16965,0.0,0.0,converted_from_iso8601_offset_to_utc_naive,0,0.0,0.0,0.0,OMEGA_PARTIAL_CL,186077553
191309911,186069419,EURJPY,1,0.29,3,EXPERT,2026-05-13 12:30:54,0.01,184.655,0.0,0.0,converted_from_iso8601_offset_to_utc_naive,0,0.0,0.0,0.0,OMEGA_PARTIAL_CL,186078219
191310426,186065639,EURUSD,1,0.0,4,SL,2026-05-13 12:32:23,0.07,1.17002,0.0,0.0,converted_from_iso8601_offset_to_utc_naive,0,0.0,0.0,0.0,[sl 1.17002],186078625
191310444,186069419,EURJPY,1,0.0,4,SL,2026-05-13 12:32:25,0.05,184.701,0.0,0.0,converted_from_iso8601_offset_to_utc_naive,0,0.0,0.0,0.0,[sl 184.701],186078637
191310883,186076951,BTCUSD,1,1.81,3,EXPERT,2026-05-13 12:33:20,0.02,81243.66,0.0,0.0,converted_from_iso8601_offset_to_utc_naive,0,0.0,0.0,0.0,OMEGA_PARTIAL_CL,186078955
191311114,186079137,EURJPY,0,0.0,3,EXPERT,2026-05-13 12:34:09,0.07,184.705,0.0,0.0,converted_from_iso8601_offset_to_utc_naive,0,0.0,0.0,0.0,OV2|1a89d5|H1|S,186079137
191314579,186076044,XAUUSD,1,-8.46,3,EXPERT,2026-05-13 12:45:47,0.01,4694.77,0.0,0.0,converted_from_iso8601_offset_to_utc_naive,0,0.0,0.0,0.0,OMEGA_PARTIAL_CL,186081751
191315204,186082148,XAUUSD,0,0.0,3,EXPERT,2026-05-13 12:47:28,0.01,4693.35,0.0,0.0,converted_from_iso8601_offset_to_utc_naive,0,0.0,0.0,0.0,OV2|359cb8|H1|S,186082148
191317936,186079137,EURJPY,1,-3.61,4,SL,2026-05-13 12:55:55,0.07,184.786,0.0,0.0,converted_from_iso8601_offset_to_utc_naive,0,0.0,0.0,0.0,[sl 184.784],186084033
191318642,186084492,EURUSD,0,0.0,3,EXPERT,2026-05-13 12:57:04,0.07,1.17032,0.0,0.0,converted_from_iso8601_offset_to_utc_naive,0,0.0,0.0,0.0,OV2|ea0cdf|H1|S,186084492
191319207,186084841,EURJPY,0,0.0,3,EXPERT,2026-05-13 12:58:28,0.06,184.762,0.0,0.0,converted_from_iso8601_offset_to_utc_naive,0,0.0,0.0,0.0,OV2|d6b40a|M15|S,186084841
191319587,186082148,XAUUSD,1,-7.86,4,SL,2026-05-13 12:59:49,0.01,4701.21,0.0,0.0,converted_from_iso8601_offset_to_utc_naive,0,0.0,0.0,0.0,[sl 4701.20],186085113
191320486,186086142,XAUUSD,0,0.0,3,EXPERT,2026-05-13 13:02:15,0.01,4700.06,0.0,0.0,converted_from_iso8601_offset_to_utc_naive,0,0.0,0.0,0.0,OV2|365d6b|H1|S,186086142
191322081,186076951,BTCUSD,1,-0.04,4,SL,2026-05-13 13:07:44,0.08,81152.9,0.0,0.0,converted_from_iso8601_offset_to_utc_naive,0,0.0,0.0,0.0,[sl 81153.37],186087255
191324138,186086142,XAUUSD,1,-7.41,4,SL,2026-05-13 13:08:43,0.01,4707.47,0.0,0.0,converted_from_iso8601_offset_to_utc_naive,0,0.0,0.0,0.0,[sl 4707.47],186088501
191327648,186090946,XAUUSD,0,0.0,3,EXPERT,2026-05-13 13:11:01,0.01,4704.71,0.0,0.0,converted_from_iso8601_offset_to_utc_naive,0,0.0,0.0,0.0,OV2|2ce4bb|M15|S,186090946
191327830,186084841,EURJPY,1,0.51,3,EXPERT,2026-05-13 13:11:38,0.01,184.682,0.0,0.0,converted_from_iso8601_offset_to_utc_naive,0,0.0,0.0,0.0,OMEGA_PARTIAL_CL,186091075
191331634,186093825,BTCUSD,0,0.0,3,EXPERT,2026-05-13 13:21:01,0.1,81125.7,0.0,0.0,converted_from_iso8601_offset_to_utc_naive,0,0.0,0.0,0.0,OV2|3b0f13|H1|B,186093825
191332295,186094308,XRPUSD,0,0.0,3,EXPERT,2026-05-13 13:22:23,0.1,1.46155,0.0,0.0,converted_from_iso8601_offset_to_utc_naive,0,0.0,0.0,0.0,OV2|0cf4dd|H1|B,186094308
191333950,186093825,BTCUSD,1,-10.79,4,SL,2026-05-13 13:27:03,0.1,81017.82,0.0,0.0,converted_from_iso8601_offset_to_utc_naive,0,0.0,0.0,0.0,[sl 81019.00],186095401
191333951,186094308,XRPUSD,1,-0.46,4,SL,2026-05-13 13:27:03,0.1,1.457,0.0,0.0,converted_from_iso8601_offset_to_utc_naive,0,0.0,0.0,0.0,[sl 1.45710],186095402
191334259,186095635,XRPUSD,0,0.0,3,EXPERT,2026-05-13 13:28:07,0.1,1.4562,0.0,0.0,converted_from_iso8601_offset_to_utc_naive,0,0.0,0.0,0.0,OV2|9e8b52|M5|S,186095635
191334567,186084841,EURJPY,1,0.0,4,SL,2026-05-13 13:29:09,0.05,184.762,0.0,0.0,converted_from_iso8601_offset_to_utc_naive,0,0.0,0.0,0.0,[sl 184.762],186095857
191334582,186095866,BTCUSD,0,0.0,3,EXPERT,2026-05-13 13:29:16,0.1,80948.65,0.0,0.0,converted_from_iso8601_offset_to_utc_naive,0,0.0,0.0,0.0,OV2|a6775e|M5|S,186095866
191334661,186095920,EURJPY,0,0.0,3,EXPERT,2026-05-13 13:29:56,0.07,184.775,0.0,0.0,converted_from_iso8601_offset_to_utc_naive,0,0.0,0.0,0.0,OV2|5e3705|M5|B,186095920
191334976,186090946,XAUUSD,1,5.58,3,EXPERT,2026-05-13 13:30:51,0.01,4699.13,0.0,0.0,converted_from_iso8601_offset_to_utc_naive,0,0.0,0.0,0.0,OMEGA_PARTIAL_CL,186096200
191335440,186096481,XAUUSD,0,0.0,3,EXPERT,2026-05-13 13:31:33,0.01,4698.42,0.0,0.0,converted_from_iso8601_offset_to_utc_naive,0,0.0,0.0,0.0,OV2|eaed10|H1|S,186096481
191338485,186084492,EURUSD,1,-4.2,4,SL,2026-05-13 13:41:40,0.07,1.17092,0.0,0.0,converted_from_iso8601_offset_to_utc_naive,0,0.0,0.0,0.0,[sl 1.17092],186098708
191339618,186095866,BTCUSD,1,2.22,3,EXPERT,2026-05-13 13:44:09,0.02,80837.59,0.0,0.0,converted_from_iso8601_offset_to_utc_naive,0,0.0,0.0,0.0,OMEGA_PARTIAL_CL,186099458
191340179,186095920,EURJPY,1,0.26,3,EXPERT,2026-05-13 13:47:04,0.01,184.816,0.0,0.0,converted_from_iso8601_offset_to_utc_naive,0,0.0,0.0,0.0,OMEGA_PARTIAL_CL,186099925
191340452,186057388,AUDJPY,1,9.52,5,TP,2026-05-13 13:48:21,0.07,114.382,0.0,0.0,converted_from_iso8601_offset_to_utc_naive,0,0.0,0.0,0.0,[tp 114.382],186100127
191340680,186100276,AUDJPY,0,0.0,3,EXPERT,2026-05-13 13:48:52,0.1,114.396,0.0,0.0,converted_from_iso8601_offset_to_utc_naive,0,0.0,0.0,0.0,OV2|bacb5f|H1|B,186100276
191341668,186101027,EURUSD,0,0.0,3,EXPERT,2026-05-13 13:52:10,0.06,1.1712799999999999,0.0,0.0,converted_from_iso8601_offset_to_utc_naive,0,0.0,0.0,0.0,OV2|ca5a8f|H1|S,186101027
191342731,186096481,XAUUSD,1,4.08,3,EXPERT,2026-05-13 13:58:46,0.01,4694.34,0.0,0.0,converted_from_iso8601_offset_to_utc_naive,0,0.0,0.0,0.0,OMEGA_PARTIAL_CL,186101831
191343734,186095635,XRPUSD,1,-0.4,4,SL,2026-05-13 14:01:15,0.1,1.4602,0.0,0.0,converted_from_iso8601_offset_to_utc_naive,0,0.0,0.0,0.0,[sl 1.46016],186102930
191343980,186103097,XAUUSD,0,0.0,3,EXPERT,2026-05-13 14:02:05,0.01,4693.87,0.0,0.0,converted_from_iso8601_offset_to_utc_naive,0,0.0,0.0,0.0,OV2|987e2d|H1|S,186103097
191345988,186095866,BTCUSD,1,24.22,5,TP,2026-05-13 14:06:25,0.08,80645.96,0.0,0.0,converted_from_iso8601_offset_to_utc_naive,0,0.0,0.0,0.0,[tp 80648.65],186104454
191346123,186104543,BTCUSD,0,0.0,3,EXPERT,2026-05-13 14:06:55,0.1,80622.73,0.0,0.0,converted_from_iso8601_offset_to_utc_naive,0,0.0,0.0,0.0,OV2|a6ad03|M5|S,186104543
191346192,186104593,XRPUSD,0,0.0,3,EXPERT,2026-05-13 14:07:15,0.1,1.45305,0.0,0.0,converted_from_iso8601_offset_to_utc_naive,0,0.0,0.0,0.0,OV2|a1364b|H1|B,186104593
191349659,186103097,XAUUSD,1,-5.77,4,SL,2026-05-13 14:15:21,0.01,4699.64,0.0,0.0,converted_from_iso8601_offset_to_utc_naive,0,0.0,0.0,0.0,[sl 4699.58],186107146
191351231,186108240,XAUUSD,0,0.0,3,EXPERT,2026-05-13 14:18:26,0.01,4697.43,0.0,0.0,converted_from_iso8601_offset_to_utc_naive,0,0.0,0.0,0.0,OV2|d6d9b3|H1|S,186108240
191355791,186101027,EURUSD,1,-2.2800000000000002,4,SL,2026-05-13 14:34:00,0.06,1.17166,0.0,0.0,converted_from_iso8601_offset_to_utc_naive,0,0.0,0.0,0.0,[sl 1.17166],186111573
191356841,186108240,XAUUSD,1,-6.91,4,SL,2026-05-13 14:35:17,0.01,4704.34,0.0,0.0,converted_from_iso8601_offset_to_utc_naive,0,0.0,0.0,0.0,[sl 4704.32],186112310
191358416,186113432,EURUSD,0,0.0,3,EXPERT,2026-05-13 14:38:37,0.09,1.17173,0.0,0.0,converted_from_iso8601_offset_to_utc_naive,0,0.0,0.0,0.0,OV2|210c63|M5|B,186113432
191358464,186113470,XAUUSD,0,0.0,3,EXPERT,2026-05-13 14:38:57,0.01,4702.84,0.0,0.0,converted_from_iso8601_offset_to_utc_naive,0,0.0,0.0,0.0,OV2|3d0421|H1|S,186113470
191361422,186113432,EURUSD,1,-3.7800000000000002,4,SL,2026-05-13 14:47:42,0.09,1.17131,0.0,0.0,converted_from_iso8601_offset_to_utc_naive,0,0.0,0.0,0.0,[sl 1.17131],186115659
191361598,186115786,EURUSD,0,0.0,3,EXPERT,2026-05-13 14:48:07,0.1,1.17123,0.0,0.0,converted_from_iso8601_offset_to_utc_naive,0,0.0,0.0,0.0,OV2|b3e258|H1|S,186115786
191362444,186104593,XRPUSD,1,-0.44,4,SL,2026-05-13 14:50:22,0.1,1.4487,0.0,0.0,converted_from_iso8601_offset_to_utc_naive,0,0.0,0.0,0.0,[sl 1.44903],186116410
191362669,186104543,BTCUSD,1,1.92,3,EXPERT,2026-05-13 14:51:08,0.02,80526.51,0.0,0.0,converted_from_iso8601_offset_to_utc_naive,0,0.0,0.0,0.0,OMEGA_PARTIAL_CL,186116566
191364760,186095920,EURJPY,1,0.0,4,SL,2026-05-13 14:57:30,0.06,184.775,0.0,0.0,converted_from_iso8601_offset_to_utc_naive,0,0.0,0.0,0.0,[sl 184.775],186117949
191364840,186118008,EURJPY,0,0.0,3,EXPERT,2026-05-13 14:57:54,0.09,184.775,0.0,0.0,converted_from_iso8601_offset_to_utc_naive,0,0.0,0.0,0.0,OV2|5244e3|H1|S,186118008
191365030,186113470,XAUUSD,1,4.97,3,EXPERT,2026-05-13 14:58:52,0.01,4697.87,0.0,0.0,converted_from_iso8601_offset_to_utc_naive,0,0.0,0.0,0.0,OMEGA_PARTIAL_CL,186118135
191365892,186119170,XAUUSD,0,0.0,3,EXPERT,2026-05-13 15:01:10,0.01,4695.88,0.0,0.0,converted_from_iso8601_offset_to_utc_naive,0,0.0,0.0,0.0,OV2|5b0677|H1|S,186119170
191369337,186118008,EURJPY,1,-3.84,4,SL,2026-05-13 15:10:11,0.09,184.842,0.0,0.0,converted_from_iso8601_offset_to_utc_naive,0,0.0,0.0,0.0,[sl 184.842],186121565
191374513,186124948,EURJPY,0,0.0,3,EXPERT,2026-05-13 15:16:27,0.08,184.746,0.0,0.0,converted_from_iso8601_offset_to_utc_naive,0,0.0,0.0,0.0,OV2|78f620|H1|S,186124948
191374690,186115786,EURUSD,1,0.64,3,EXPERT,2026-05-13 15:16:36,0.02,1.1709100000000001,0.0,0.0,converted_from_iso8601_offset_to_utc_naive,0,0.0,0.0,0.0,OMEGA_PARTIAL_CL,186125065
191377578,186119170,XAUUSD,1,7.24,3,EXPERT,2026-05-13 15:21:26,0.01,4688.64,0.0,0.0,converted_from_iso8601_offset_to_utc_naive,0,0.0,0.0,0.0,OMEGA_PARTIAL_CL,186127082
191377588,186100276,AUDJPY,1,-3.51,4,SL,2026-05-13 15:21:27,0.1,114.341,0.0,0.0,converted_from_iso8601_offset_to_utc_naive,0,0.0,0.0,0.0,[sl 114.341],186127089
191378450,186127664,XAUUSD,0,0.0,3,EXPERT,2026-05-13 15:22:08,0.01,4688.45,0.0,0.0,converted_from_iso8601_offset_to_utc_naive,0,0.0,0.0,0.0,OV2|6ad21d|H1|S,186127664
191379764,186104543,BTCUSD,1,30.23,5,TP,2026-05-13 15:22:44,0.08,80244.89,0.0,0.0,converted_from_iso8601_offset_to_utc_naive,0,0.0,0.0,0.0,[tp 80246.33],186128479
191380234,186128780,BTCUSD,0,0.0,3,EXPERT,2026-05-13 15:23:08,0.1,80195.48,0.0,0.0,converted_from_iso8601_offset_to_utc_naive,0,0.0,0.0,0.0,OV2|3eaa13|H1|S,186128780
191381876,186129899,XRPUSD,0,0.0,3,EXPERT,2026-05-13 15:25:48,0.1,1.4426,0.0,0.0,converted_from_iso8601_offset_to_utc_naive,0,0.0,0.0,0.0,OV2|137225|H4|B,186129899
191383145,186130768,AUDJPY,0,0.0,3,EXPERT,2026-05-13 15:27:25,0.06,114.326,0.0,0.0,converted_from_iso8601_offset_to_utc_naive,0,0.0,0.0,0.0,OV2|b841db|H1|B,186130768
191383576,186029649,GBPUSD,1,18.0,5,TP,2026-05-13 15:28:20,0.04,1.34943,0.0,0.0,converted_from_iso8601_offset_to_utc_naive,0,0.0,0.0,0.0,[tp 1.34943],186131059
191386593,186127664,XAUUSD,1,12.31,5,TP,2026-05-13 15:30:02,0.01,4676.14,0.0,0.0,converted_from_iso8601_offset_to_utc_naive,0,0.0,0.0,0.0,[tp 4678.66],186133413
191389111,186130768,AUDJPY,1,-2.76,4,SL,2026-05-13 15:30:29,0.06,114.254,0.0,0.0,converted_from_iso8601_offset_to_utc_naive,0,0.0,0.0,0.0,[sl 114.254],186134763
191389476,186124948,EURJPY,1,0.41,3,EXPERT,2026-05-13 15:30:44,0.01,184.682,0.0,0.0,converted_from_iso8601_offset_to_utc_naive,0,0.0,0.0,0.0,OMEGA_PARTIAL_CL,186134996
191389748,186129899,XRPUSD,1,-0.59,4,SL,2026-05-13 15:31:00,0.1,1.4367,0.0,0.0,converted_from_iso8601_offset_to_utc_naive,0,0.0,0.0,0.0,[sl 1.43679],186135195
191390138,186135441,AUDJPY,0,0.0,3,EXPERT,2026-05-13 15:31:16,0.04,114.283,0.0,0.0,converted_from_iso8601_offset_to_utc_naive,0,0.0,0.0,0.0,OV2|836519|H1|B,186135441
191391012,186136025,XAUUSD,0,0.0,3,EXPERT,2026-05-13 15:32:08,0.01,4679.56,0.0,0.0,converted_from_iso8601_offset_to_utc_naive,0,0.0,0.0,0.0,OV2|68c477|H1|S,186136025
191391823,186124948,EURJPY,1,0.0,4,SL,2026-05-13 15:32:53,0.07,184.746,0.0,0.0,converted_from_iso8601_offset_to_utc_naive,0,0.0,0.0,0.0,[sl 184.746],186136580
191393711,186135441,AUDJPY,1,0.52,3,EXPERT,2026-05-13 15:34:46,0.01,114.365,0.0,0.0,converted_from_iso8601_offset_to_utc_naive,0,0.0,0.0,0.0,OMEGA_PARTIAL_CL,186137903
191395112,186138818,XRPUSD,0,0.0,3,EXPERT,2026-05-13 15:35:57,0.1,1.4373,0.0,0.0,converted_from_iso8601_offset_to_utc_naive,0,0.0,0.0,0.0,OV2|5482c1|H4|B,186138818
191395916,186139360,GBPUSD,0,0.0,3,EXPERT,2026-05-13 15:37:04,0.04,1.34932,0.0,0.0,converted_from_iso8601_offset_to_utc_naive,0,0.0,0.0,0.0,OV2|859793|H4|S,186139360
191396874,186138818,XRPUSD,1,-0.94,4,SL,2026-05-13 15:37:52,0.1,1.4279,0.0,0.0,converted_from_iso8601_offset_to_utc_naive,0,0.0,0.0,0.0,[sl 1.42946],186140011
191396981,186128780,BTCUSD,1,5.74,3,EXPERT,2026-05-13 15:37:58,0.02,79908.6,0.0,0.0,converted_from_iso8601_offset_to_utc_naive,0,0.0,0.0,0.0,OMEGA_PARTIAL_CL,186140071
191397576,186140519,EURJPY,0,0.0,3,EXPERT,2026-05-13 15:38:52,0.05,184.768,0.0,0.0,converted_from_iso8601_offset_to_utc_naive,0,0.0,0.0,0.0,OV2|8d69f3|H1|S,186140519
191399294,186141742,XRPUSD,0,0.0,3,EXPERT,2026-05-13 15:41:46,0.1,1.432,0.0,0.0,converted_from_iso8601_offset_to_utc_naive,0,0.0,0.0,0.0,OV2|6c5145|H4|B,186141742
191401743,186128780,BTCUSD,1,-0.39,4,SL,2026-05-13 15:45:29,0.08,80200.41,0.0,0.0,converted_from_iso8601_offset_to_utc_naive,0,0.0,0.0,0.0,[sl 80195.48],186143456
191405212,186145859,BTCUSD,0,0.0,3,EXPERT,2026-05-13 15:51:46,0.1,80209.14,0.0,0.0,converted_from_iso8601_offset_to_utc_naive,0,0.0,0.0,0.0,OV2|176785|H1|S,186145859
191405814,186140519,EURJPY,1,0.46,3,EXPERT,2026-05-13 15:53:02,0.01,184.696,0.0,0.0,converted_from_iso8601_offset_to_utc_naive,0,0.0,0.0,0.0,OMEGA_PARTIAL_CL,186146274
191416253,186140519,EURJPY,1,-0.03,4,SL,2026-05-13 16:09:24,0.04,184.769,0.0,0.0,converted_from_iso8601_offset_to_utc_naive,0,0.0,0.0,0.0,[sl 184.768],186153936
191417041,186154487,EURJPY,0,0.0,3,EXPERT,2026-05-13 16:11:59,0.05,184.727,0.0,0.0,converted_from_iso8601_offset_to_utc_naive,0,0.0,0.0,0.0,OV2|a3b865|M15|S,186154487
191417042,186141742,XRPUSD,1,0.56,3,EXPERT,2026-05-13 16:11:59,0.1,1.4376,0.0,0.0,converted_from_iso8601_offset_to_utc_naive,0,0.0,0.0,0.0,OMEGA_PARTIAL_CL,186154489
191417194,186154603,XRPUSD,0,0.0,3,EXPERT,2026-05-13 16:12:32,0.1,1.4374,0.0,0.0,converted_from_iso8601_offset_to_utc_naive,0,0.0,0.0,0.0,OV2|6ae4c4|H1|S,186154603
191420020,186136025,XAUUSD,1,-11.26,4,SL,2026-05-13 16:18:33,0.01,4690.82,0.0,0.0,converted_from_iso8601_offset_to_utc_naive,0,0.0,0.0,0.0,[sl 4690.60],186156565
191422774,186158379,XAUUSD,0,0.0,3,EXPERT,2026-05-13 16:22:28,0.01,4691.2,0.0,0.0,converted_from_iso8601_offset_to_utc_naive,0,0.0,0.0,0.0,OV2|34ab8c|H1|S,186158379
191427024,186145859,BTCUSD,1,2.07,3,EXPERT,2026-05-13 16:30:18,0.02,80105.87,0.0,0.0,converted_from_iso8601_offset_to_utc_naive,0,0.0,0.0,0.0,OMEGA_PARTIAL_CL,186161395
191428936,186154603,XRPUSD,1,0.38,3,EXPERT,2026-05-13 16:31:58,0.1,1.43365,0.0,0.0,converted_from_iso8601_offset_to_utc_naive,0,0.0,0.0,0.0,OMEGA_PARTIAL_CL,186162691
191429437,186139360,GBPUSD,1,-3.7199999999999998,4,SL,2026-05-13 16:32:22,0.04,1.35025,0.0,0.0,converted_from_iso8601_offset_to_utc_naive,0,0.0,0.0,0.0,[sl 1.35025],186163051
191429603,186163164,XRPUSD,0,0.0,3,EXPERT,2026-05-13 16:32:31,0.1,1.43445,0.0,0.0,converted_from_iso8601_offset_to_utc_naive,0,0.0,0.0,0.0,OV2|42df03|H1|S,186163164
191433030,186158379,XAUUSD,1,6.96,3,EXPERT,2026-05-13 16:35:00,0.01,4684.24,0.0,0.0,converted_from_iso8601_offset_to_utc_naive,0,0.0,0.0,0.0,OMEGA_PARTIAL_CL,186165444
191435626,186167051,XAUUSD,0,0.0,3,EXPERT,2026-05-13 16:36:03,0.01,4677.64,0.0,0.0,converted_from_iso8601_offset_to_utc_naive,0,0.0,0.0,0.0,OV2|0f5b6a|H1|S,186167051
191437175,186135441,AUDJPY,1,0.0,4,SL,2026-05-13 16:36:29,0.03,114.283,0.0,0.0,converted_from_iso8601_offset_to_utc_naive,0,0.0,0.0,0.0,[sl 114.283],186167976
191439391,186163164,XRPUSD,1,0.41,3,EXPERT,2026-05-13 16:38:13,0.1,1.4304000000000001,0.0,0.0,converted_from_iso8601_offset_to_utc_naive,0,0.0,0.0,0.0,OMEGA_PARTIAL_CL,186169538
191443249,186172153,AUDJPY,0,0.0,3,EXPERT,2026-05-13 16:41:06,0.05,114.306,0.0,0.0,converted_from_iso8601_offset_to_utc_naive,0,0.0,0.0,0.0,OV2|aed1a4|H1|B,186172153
191443690,186172442,XRPUSD,0,0.0,3,EXPERT,2026-05-13 16:41:18,0.1,1.4289,0.0,0.0,converted_from_iso8601_offset_to_utc_naive,0,0.0,0.0,0.0,OV2|27307c|H1|S,186172442
191448970,186115786,EURUSD,1,0.0,4,SL,2026-05-13 16:45:41,0.08,1.17123,0.0,0.0,converted_from_iso8601_offset_to_utc_naive,0,0.0,0.0,0.0,[sl 1.17123],186176275
191451796,186178122,EURUSD,0,0.0,3,EXPERT,2026-05-13 16:47:23,0.06,1.1708,0.0,0.0,converted_from_iso8601_offset_to_utc_naive,0,0.0,0.0,0.0,OV2|3f29b8|H1|S,186178122
191452215,186172442,XRPUSD,1,0.43,3,EXPERT,2026-05-13 16:48:02,0.1,1.42465,0.0,0.0,converted_from_iso8601_offset_to_utc_naive,0,0.0,0.0,0.0,OMEGA_PARTIAL_CL,186178443
191456097,186181138,XRPUSD,0,0.0,3,EXPERT,2026-05-13 16:50:52,0.1,1.4245999999999999,0.0,0.0,converted_from_iso8601_offset_to_utc_naive,0,0.0,0.0,0.0,OV2|6a6ca1|H1|S,186181138
191474637,186172153,AUDJPY,1,0.48,3,EXPERT,2026-05-13 17:11:54,0.01,114.381,0.0,0.0,converted_from_iso8601_offset_to_utc_naive,0,0.0,0.0,0.0,OMEGA_PARTIAL_CL,186194574
191481452,186154487,EURJPY,1,-2.55,4,SL,2026-05-13 17:21:49,0.05,184.807,0.0,0.0,converted_from_iso8601_offset_to_utc_naive,0,0.0,0.0,0.0,[sl 184.807],186199442
191481948,186199811,EURJPY,0,0.0,3,EXPERT,2026-05-13 17:22:49,0.07,184.82,0.0,0.0,converted_from_iso8601_offset_to_utc_naive,0,0.0,0.0,0.0,OV2|88672c|M5|B,186199811
191486696,186181138,XRPUSD,1,-0.67,4,SL,2026-05-13 17:27:20,0.1,1.43125,0.0,0.0,converted_from_iso8601_offset_to_utc_naive,0,0.0,0.0,0.0,[sl 1.43125],186202967
191490443,186205689,XRPUSD,0,0.0,3,EXPERT,2026-05-13 17:32:41,0.1,1.4275,0.0,0.0,converted_from_iso8601_offset_to_utc_naive,0,0.0,0.0,0.0,OV2|00eb6d|H1|S,186205689
191491303,186206304,GBPUSD,0,0.0,3,EXPERT,2026-05-13 17:34:05,0.05,1.3517299999999999,0.0,0.0,converted_from_iso8601_offset_to_utc_naive,0,0.0,0.0,0.0,OV2|ad6058|M15|B,186206304
191491736,186167051,XAUUSD,1,-12.27,4,SL,2026-05-13 17:34:49,0.01,4689.91,0.0,0.0,converted_from_iso8601_offset_to_utc_naive,0,0.0,0.0,0.0,[sl 4689.87],186206642
191493797,186208038,XAUUSD,0,0.0,3,EXPERT,2026-05-13 17:36:49,0.01,4687.28,0.0,0.0,converted_from_iso8601_offset_to_utc_naive,0,0.0,0.0,0.0,OV2|7ff14a|H1|S,186208038
191496643,186206304,GBPUSD,1,-5.05,4,SL,2026-05-13 17:42:02,0.05,1.35072,0.0,0.0,converted_from_iso8601_offset_to_utc_naive,0,0.0,0.0,0.0,[sl 1.35074],186210044
191500609,186208038,XAUUSD,1,8.11,3,EXPERT,2026-05-13 17:46:19,0.01,4679.17,0.0,0.0,converted_from_iso8601_offset_to_utc_naive,0,0.0,0.0,0.0,OMEGA_PARTIAL_CL,186212835
191500903,186213092,XAUUSD,0,0.0,3,EXPERT,2026-05-13 17:46:41,0.01,4678.68,0.0,0.0,converted_from_iso8601_offset_to_utc_naive,0,0.0,0.0,0.0,OV2|a37ef6|H1|S,186213092
191502463,186199811,EURJPY,1,-3.39,4,SL,2026-05-13 17:48:46,0.07,184.744,0.0,0.0,converted_from_iso8601_offset_to_utc_naive,0,0.0,0.0,0.0,[sl 184.744],186214174
191502934,186214505,EURJPY,0,0.0,3,EXPERT,2026-05-13 17:49:37,0.07,184.728,0.0,0.0,converted_from_iso8601_offset_to_utc_naive,0,0.0,0.0,0.0,OV2|0c1edf|H1|S,186214505
191503692,186214505,EURJPY,1,-3.66,4,SL,2026-05-13 17:51:25,0.07,184.81,0.0,0.0,converted_from_iso8601_offset_to_utc_naive,0,0.0,0.0,0.0,[sl 184.810],186215029
191504831,186215886,EURJPY,0,0.0,3,EXPERT,2026-05-13 17:53:43,0.07,184.785,0.0,0.0,converted_from_iso8601_offset_to_utc_naive,0,0.0,0.0,0.0,OV2|701a37|H1|S,186215886
191505467,186172153,AUDJPY,1,5.89,5,TP,2026-05-13 17:55:20,0.04,114.54,0.0,0.0,converted_from_iso8601_offset_to_utc_naive,0,0.0,0.0,0.0,[tp 114.540],186216355
191505954,186216719,AUDJPY,0,0.0,3,EXPERT,2026-05-13 17:56:47,0.07,114.557,0.0,0.0,converted_from_iso8601_offset_to_utc_naive,0,0.0,0.0,0.0,OV2|7290bd|H1|B,186216719
191509693,186205689,XRPUSD,1,-0.49,4,SL,2026-05-13 18:03:51,0.1,1.4324,0.0,0.0,converted_from_iso8601_offset_to_utc_naive,0,0.0,0.0,0.0,[sl 1.43226],186219830
191510635,186220501,XRPUSD,0,0.0,3,EXPERT,2026-05-13 18:05:44,0.1,1.429,0.0,0.0,converted_from_iso8601_offset_to_utc_naive,0,0.0,0.0,0.0,OV2|aff414|H1|S,186220501
191511893,186220501,XRPUSD,1,0.35,3,EXPERT,2026-05-13 18:08:19,0.1,1.4255,0.0,0.0,converted_from_iso8601_offset_to_utc_naive,0,0.0,0.0,0.0,OMEGA_PARTIAL_CL,186221455
191512538,186221908,GBPUSD,0,0.0,3,EXPERT,2026-05-13 18:09:03,0.04,1.35172,0.0,0.0,converted_from_iso8601_offset_to_utc_naive,0,0.0,0.0,0.0,OV2|89c862|M15|B,186221908
191513909,186213092,XAUUSD,1,-11.95,4,SL,2026-05-13 18:10:08,0.01,4690.63,0.0,0.0,converted_from_iso8601_offset_to_utc_naive,0,0.0,0.0,0.0,[sl 4690.33],186222826
191514827,186223411,XRPUSD,0,0.0,3,EXPERT,2026-05-13 18:11:16,0.1,1.42385,0.0,0.0,converted_from_iso8601_offset_to_utc_naive,0,0.0,0.0,0.0,OV2|606746|H1|S,186223411
191516508,186145859,BTCUSD,1,65.49,5,TP,2026-05-13 18:15:04,0.08,79390.48,0.0,0.0,converted_from_iso8601_offset_to_utc_naive,0,0.0,0.0,0.0,[tp 79390.49],186224796
191518899,186216719,AUDJPY,1,0.37,3,EXPERT,2026-05-13 18:22:43,0.01,114.615,0.0,0.0,converted_from_iso8601_offset_to_utc_naive,0,0.0,0.0,0.0,OMEGA_PARTIAL_CL,186227208
191519056,186215886,EURJPY,1,-3.92,4,SL,2026-05-13 18:23:05,0.07,184.873,0.0,0.0,converted_from_iso8601_offset_to_utc_naive,0,0.0,0.0,0.0,[sl 184.872],186227318
191519059,186227321,BTCUSD,0,0.0,3,EXPERT,2026-05-13 18:23:05,0.1,79338.67,0.0,0.0,converted_from_iso8601_offset_to_utc_naive,0,0.0,0.0,0.0,OV2|d459c8|H1|S,186227321
191519539,186227684,EURJPY,0,0.0,3,EXPERT,2026-05-13 18:23:52,0.05,184.848,0.0,0.0,converted_from_iso8601_offset_to_utc_naive,0,0.0,0.0,0.0,OV2|3d4d11|H1|S,186227684
191520543,186223411,XRPUSD,1,0.48,3,EXPERT,2026-05-13 18:26:31,0.1,1.4191,0.0,0.0,converted_from_iso8601_offset_to_utc_naive,0,0.0,0.0,0.0,OMEGA_PARTIAL_CL,186228400
191520654,186228484,XRPUSD,0,0.0,3,EXPERT,2026-05-13 18:26:52,0.1,1.41875,0.0,0.0,converted_from_iso8601_offset_to_utc_naive,0,0.0,0.0,0.0,OV2|02f7a3|H1|S,186228484
191525953,186178122,EURUSD,1,-3.6,4,SL,2026-05-13 18:33:45,0.06,1.1714,0.0,0.0,converted_from_iso8601_offset_to_utc_naive,0,0.0,0.0,0.0,[sl 1.17140],186232334
191530155,186221908,GBPUSD,1,0.94,3,EXPERT,2026-05-13 18:36:19,0.01,1.35266,0.0,0.0,converted_from_iso8601_offset_to_utc_naive,0,0.0,0.0,0.0,OMEGA_PARTIAL_CL,186235199
191531590,186236143,EURUSD,0,0.0,3,EXPERT,2026-05-13 18:37:19,0.07,1.1715,0.0,0.0,converted_from_iso8601_offset_to_utc_naive,0,0.0,0.0,0.0,OV2|1e8ccb|M15|B,186236143
191536776,186227321,BTCUSD,1,3.34,3,EXPERT,2026-05-13 18:45:33,0.02,79171.5,0.0,0.0,converted_from_iso8601_offset_to_utc_naive,0,0.0,0.0,0.0,OMEGA_PARTIAL_CL,186239909
191538593,186241349,XAUUSD,0,0.0,3,EXPERT,2026-05-13 18:49:21,0.01,4696.87,0.0,0.0,converted_from_iso8601_offset_to_utc_naive,0,0.0,0.0,0.0,OV2|83b1f1|H1|S,186241349
191542569,186228484,XRPUSD,1,0.54,3,EXPERT,2026-05-13 18:58:14,0.1,1.4134,0.0,0.0,converted_from_iso8601_offset_to_utc_naive,0,0.0,0.0,0.0,OMEGA_PARTIAL_CL,186244724
191546977,186248430,XRPUSD,0,0.0,3,EXPERT,2026-05-13 19:06:14,0.1,1.41525,0.0,0.0,converted_from_iso8601_offset_to_utc_naive,0,0.0,0.0,0.0,OV2|12db94|H1|S,186248430
191547080,186221908,GBPUSD,1,-0.06,4,SL,2026-05-13 19:06:33,0.03,1.3517000000000001,0.0,0.0,converted_from_iso8601_offset_to_utc_naive,0,0.0,0.0,0.0,[sl 1.35172],186248503
191551017,186251816,GBPUSD,0,0.0,3,EXPERT,2026-05-13 19:12:21,0.04,1.35222,0.0,0.0,converted_from_iso8601_offset_to_utc_naive,0,0.0,0.0,0.0,OV2|fd8cad|H4|S,186251816
191552316,186241349,XAUUSD,1,-6.95,4,SL,2026-05-13 19:15:48,0.01,4703.82,0.0,0.0,converted_from_iso8601_offset_to_utc_naive,0,0.0,0.0,0.0,[sl 4703.82],186253023
191552403,186236143,EURUSD,1,-3.36,4,SL,2026-05-13 19:15:56,0.07,1.17102,0.0,0.0,converted_from_iso8601_offset_to_utc_naive,0,0.0,0.0,0.0,[sl 1.17102],186253108
191553063,186253601,XAUUSD,0,0.0,3,EXPERT,2026-05-13 19:17:44,0.01,4701.88,0.0,0.0,converted_from_iso8601_offset_to_utc_naive,0,0.0,0.0,0.0,OV2|ab1fbd|H1|S,186253601
191553754,186254422,EURUSD,0,0.0,3,EXPERT,2026-05-13 19:19:33,0.08,1.17116,0.0,0.0,converted_from_iso8601_offset_to_utc_naive,0,0.0,0.0,0.0,OV2|56d211|M15|B,186254422
191557674,186254422,EURUSD,1,0.49,3,EXPERT,2026-05-13 19:24:33,0.01,1.17165,0.0,0.0,converted_from_iso8601_offset_to_utc_naive,0,0.0,0.0,0.0,OMEGA_PARTIAL_CL,186257555
191558017,186253601,XAUUSD,1,-7.64,4,SL,2026-05-13 19:24:41,0.01,4709.52,0.0,0.0,converted_from_iso8601_offset_to_utc_naive,0,0.0,0.0,0.0,[sl 4709.44],186257793
191563510,186261641,XAUUSD,0,0.0,3,EXPERT,2026-05-13 19:31:57,0.01,4704.27,0.0,0.0,converted_from_iso8601_offset_to_utc_naive,0,0.0,0.0,0.0,OV2|cf1589|H1|S,186261641
191565749,186248430,XRPUSD,1,-0.68,4,SL,2026-05-13 19:38:35,0.1,1.42205,0.0,0.0,converted_from_iso8601_offset_to_utc_naive,0,0.0,0.0,0.0,[sl 1.42190],186263121
191566299,186254422,EURUSD,1,0.0,4,SL,2026-05-13 19:40:16,0.07,1.17116,0.0,0.0,converted_from_iso8601_offset_to_utc_naive,0,0.0,0.0,0.0,[sl 1.17116],186263556
191568170,186264886,XRPUSD,0,0.0,3,EXPERT,2026-05-13 19:43:16,0.1,1.4216,0.0,0.0,converted_from_iso8601_offset_to_utc_naive,0,0.0,0.0,0.0,OV2|408562|H1|S,186264886
191569498,186251816,GBPUSD,1,0.51,3,EXPERT,2026-05-13 19:46:54,0.01,1.35171,0.0,0.0,converted_from_iso8601_offset_to_utc_naive,0,0.0,0.0,0.0,OMEGA_PARTIAL_CL,186265853
191569717,186266023,EURUSD,0,0.0,3,EXPERT,2026-05-13 19:47:30,0.06,1.17119,0.0,0.0,converted_from_iso8601_offset_to_utc_naive,0,0.0,0.0,0.0,OV2|ba8f49|M15|B,186266023
191571504,186261641,XAUUSD,1,6.53,3,EXPERT,2026-05-13 19:51:29,0.01,4697.74,0.0,0.0,converted_from_iso8601_offset_to_utc_naive,0,0.0,0.0,0.0,OMEGA_PARTIAL_CL,186267342
191572047,186267715,XAUUSD,0,0.0,3,EXPERT,2026-05-13 19:52:15,0.01,4697.32,0.0,0.0,converted_from_iso8601_offset_to_utc_naive,0,0.0,0.0,0.0,OV2|a7a398|H1|S,186267715
191575412,186264886,XRPUSD,1,-0.37,4,SL,2026-05-13 20:00:24,0.1,1.4253,0.0,0.0,converted_from_iso8601_offset_to_utc_naive,0,0.0,0.0,0.0,[sl 1.42529],186270492
191582841,186227321,BTCUSD,1,-0.18,4,SL,2026-05-13 20:27:51,0.08,79340.96,0.0,0.0,converted_from_iso8601_offset_to_utc_naive,0,0.0,0.0,0.0,[sl 79338.67],186275839
191583266,186276172,BTCUSD,0,0.0,3,EXPERT,2026-05-13 20:29:48,0.08,79301.82,0.0,0.0,converted_from_iso8601_offset_to_utc_naive,0,0.0,0.0,0.0,OV2|601593|H1|S,186276172
191583568,186266023,EURUSD,1,-1.74,4,SL,2026-05-13 20:30:57,0.06,1.1709,0.0,0.0,converted_from_iso8601_offset_to_utc_naive,0,0.0,0.0,0.0,[sl 1.17090],186276438
191586802,186267715,XAUUSD,1,6.04,3,EXPERT,2026-05-13 20:35:12,0.01,4691.28,0.0,0.0,converted_from_iso8601_offset_to_utc_naive,0,0.0,0.0,0.0,OMEGA_PARTIAL_CL,186278410
191587848,186279160,XAUUSD,0,0.0,3,EXPERT,2026-05-13 20:39:47,0.01,4690.59,0.0,0.0,converted_from_iso8601_offset_to_utc_naive,0,0.0,0.0,0.0,OV2|f665a7|H1|S,186279160
191590357,186276172,BTCUSD,1,-13.19,4,SL,2026-05-13 20:50:09,0.08,79466.7,0.0,0.0,converted_from_iso8601_offset_to_utc_naive,0,0.0,0.0,0.0,[sl 79463.32],186280993
191593048,186282744,BTCUSD,0,0.0,3,EXPERT,2026-05-13 20:57:08,0.08,79412.76,0.0,0.0,converted_from_iso8601_offset_to_utc_naive,0,0.0,0.0,0.0,OV2|b6e326|H4|S,186282744
191595439,186282744,BTCUSD,1,-11.03,4,SL,2026-05-13 21:01:30,0.08,79550.67,0.0,0.0,converted_from_iso8601_offset_to_utc_naive,0,0.0,0.0,0.0,[sl 79549.14],186284440
191598717,186286691,BTCUSD,0,0.0,3,EXPERT,2026-05-13 21:13:19,0.08,79556.85,0.0,0.0,converted_from_iso8601_offset_to_utc_naive,0,0.0,0.0,0.0,OV2|715cb8|H4|S,186286691
191600909,186286691,BTCUSD,1,-12.54,4,SL,2026-05-13 21:20:09,0.08,79713.62,0.0,0.0,converted_from_iso8601_offset_to_utc_naive,0,0.0,0.0,0.0,[sl 79713.56],186288267
191600960,186288302,XRPUSD,0,0.0,3,EXPERT,2026-05-13 21:20:30,0.1,1.4327,0.0,0.0,converted_from_iso8601_offset_to_utc_naive,0,0.0,0.0,0.0,OV2|83db28|M5|B,186288302
191602563,186289392,BTCUSD,0,0.0,3,EXPERT,2026-05-13 21:27:58,0.08,79710.37,0.0,0.0,converted_from_iso8601_offset_to_utc_naive,0,0.0,0.0,0.0,OV2|31db41|H1|S,186289392
191606767,186216719,AUDJPY,1,0.0,4,SL,2026-05-13 21:42:29,0.06,114.557,0.0,0.0,converted_from_iso8601_offset_to_utc_naive,0,0.0,0.0,0.0,[sl 114.557],186292478
191607339,186288302,XRPUSD,1,-0.42,4,SL,2026-05-13 21:44:13,0.1,1.4285,0.0,0.0,converted_from_iso8601_offset_to_utc_naive,0,0.0,0.0,0.0,[sl 1.42861],186292920
191607510,186279160,XAUUSD,1,4.17,3,EXPERT,2026-05-13 21:44:30,0.01,4686.42,0.0,0.0,converted_from_iso8601_offset_to_utc_naive,0,0.0,0.0,0.0,OMEGA_PARTIAL_CL,186293046
191608369,186293661,XAUUSD,0,0.0,3,EXPERT,2026-05-13 21:46:18,0.01,4684.53,0.0,0.0,converted_from_iso8601_offset_to_utc_naive,0,0.0,0.0,0.0,OV2|9e353c|M15|S,186293661
191609787,186289392,BTCUSD,1,1.38,3,EXPERT,2026-05-13 21:47:33,0.01,79572.34,0.0,0.0,converted_from_iso8601_offset_to_utc_naive,0,0.0,0.0,0.0,OMEGA_PARTIAL_CL,186294583
191610322,186293661,XAUUSD,1,5.44,3,EXPERT,2026-05-13 21:47:51,0.01,4679.09,0.0,0.0,converted_from_iso8601_offset_to_utc_naive,0,0.0,0.0,0.0,OMEGA_PARTIAL_CL,186294925
191611273,186295615,XAUUSD,0,0.0,3,EXPERT,2026-05-13 21:48:59,0.01,4680.73,0.0,0.0,converted_from_iso8601_offset_to_utc_naive,0,0.0,0.0,0.0,OV2|5f3598|H1|S,186295615
191612052,186296187,AUDJPY,0,0.0,3,EXPERT,2026-05-13 21:51:56,0.07,114.559,0.0,0.0,converted_from_iso8601_offset_to_utc_naive,0,0.0,0.0,0.0,OV2|5bbe6a|H1|B,186296187
191613745,186297376,EURUSD,0,0.0,3,EXPERT,2026-05-13 21:57:11,0.1,1.17079,0.0,0.0,converted_from_iso8601_offset_to_utc_naive,0,0.0,0.0,0.0,OV2|5ffbde|H1|S,186297376
191614428,186227684,EURJPY,1,-1.47,4,SL,2026-05-13 22:00:39,0.05,184.894,0.0,0.0,converted_from_iso8601_offset_to_utc_naive,0,0.0,0.0,0.0,[sl 184.894],186297969
191614555,186298077,EURJPY,0,0.0,3,EXPERT,2026-05-13 22:01:31,0.1,184.879,0.0,0.0,converted_from_iso8601_offset_to_utc_naive,0,0.0,0.0,0.0,OV2|4e7aec|M15|B,186298077
191616918,186295615,XAUUSD,1,-8.09,4,SL,2026-05-13 22:14:38,0.01,4688.82,0.0,0.0,converted_from_iso8601_offset_to_utc_naive,0,0.0,0.0,0.0,[sl 4688.73],186299747
191617425,186300107,XAUUSD,0,0.0,3,EXPERT,2026-05-13 22:16:24,0.01,4687.39,0.0,0.0,converted_from_iso8601_offset_to_utc_naive,0,0.0,0.0,0.0,OV2|6cff8a|M15|S,186300107
191617919,186251816,GBPUSD,1,-0.09,4,SL,2026-05-13 22:18:51,0.03,1.35225,0.0,0.0,converted_from_iso8601_offset_to_utc_naive,0,0.0,0.0,0.0,[sl 1.35222],186300422
191620232,186297376,EURUSD,1,-3.9,4,SL,2026-05-13 22:30:01,0.1,1.17118,0.0,0.0,converted_from_iso8601_offset_to_utc_naive,0,0.0,0.0,0.0,[sl 1.17118],186301903
191620436,186302051,GBPUSD,0,0.0,3,EXPERT,2026-05-13 22:32:12,0.09,1.35239,0.0,0.0,converted_from_iso8601_offset_to_utc_naive,0,0.0,0.0,0.0,OV2|8475e0|M5|B,186302051
191620973,186302426,EURUSD,0,0.0,3,EXPERT,2026-05-13 22:34:36,0.09,1.171,0.0,0.0,converted_from_iso8601_offset_to_utc_naive,0,0.0,0.0,0.0,OV2|816513|H1|S,186302426
191624064,186296187,AUDJPY,1,-2.27,4,SL,2026-05-13 22:57:22,0.07,114.508,0.0,0.0,converted_from_iso8601_offset_to_utc_naive,0,0.0,0.0,0.0,[sl 114.508],186304752
191624227,186304846,AUDJPY,0,0.0,3,EXPERT,2026-05-13 22:57:54,0.09,114.509,0.0,0.0,converted_from_iso8601_offset_to_utc_naive,0,0.0,0.0,0.0,OV2|2ae6ad|M5|S,186304846
191625782,186298077,EURJPY,1,0.43,3,EXPERT,2026-05-13 23:08:16,0.02,184.913,0.0,0.0,converted_from_iso8601_offset_to_utc_naive,0,0.0,0.0,0.0,OMEGA_PARTIAL_CL,186306362
191626265,186289392,BTCUSD,1,-0.15,4,SL,2026-05-13 23:11:01,0.07,79712.52,0.0,0.0,converted_from_iso8601_offset_to_utc_naive,0,0.0,0.0,0.0,[sl 79710.37],186306710
191626610,186306928,BTCUSD,0,0.0,3,EXPERT,2026-05-13 23:14:25,0.1,79614.07,0.0,0.0,converted_from_iso8601_offset_to_utc_naive,0,0.0,0.0,0.0,OV2|ef5b4b|H1|S,186306928
191626849,186302426,EURUSD,1,-2.43,4,SL,2026-05-13 23:16:15,0.09,1.17127,0.0,0.0,converted_from_iso8601_offset_to_utc_naive,0,0.0,0.0,0.0,[sl 1.17127],186307091
191627235,186298077,EURJPY,1,0.0,4,SL,2026-05-13 23:19:03,0.08,184.879,0.0,0.0,converted_from_iso8601_offset_to_utc_naive,0,0.0,0.0,0.0,[sl 184.879],186307407
191627545,186304846,AUDJPY,1,-4.01,4,SL,2026-05-13 23:22:00,0.09,114.579,0.0,0.0,converted_from_iso8601_offset_to_utc_naive,0,0.0,0.0,0.0,[sl 114.579],186307619
191627633,186307670,AUDJPY,0,0.0,3,EXPERT,2026-05-13 23:23:16,0.07,114.584,0.0,0.0,converted_from_iso8601_offset_to_utc_naive,0,0.0,0.0,0.0,OV2|b138c6|H1|B,186307670
191627800,186300107,XAUUSD,1,-4.86,4,SL,2026-05-13 23:24:16,0.01,4692.25,0.0,0.0,converted_from_iso8601_offset_to_utc_naive,0,0.0,0.0,0.0,[sl 4692.25],186307819
191628156,186308001,EURJPY,0,0.0,3,EXPERT,2026-05-13 23:24:28,0.1,184.931,0.0,0.0,converted_from_iso8601_offset_to_utc_naive,0,0.0,0.0,0.0,OV2|1e79c2|M15|B,186308001
191631246,186308001,EURJPY,1,-12.94,4,SL,2026-05-14 00:03:17,0.1,184.728,0.0,0.0,converted_from_iso8601_offset_to_utc_naive,0,0.0,0.7,0.0,[sl 184.888],186310446
191631327,186307670,AUDJPY,1,-5.31,4,SL,2026-05-14 00:03:27,0.07,114.465,0.0,0.0,converted_from_iso8601_offset_to_utc_naive,0,0.0,0.85,0.0,[sl 114.532],186310512
191632355,186306928,BTCUSD,1,2.69,3,EXPERT,2026-05-14 00:08:34,0.02,79479.53,0.0,0.0,converted_from_iso8601_offset_to_utc_naive,0,0.0,-0.35,0.0,OMEGA_PARTIAL_CL,186311212
191632943,186311616,XRPUSD,0,0.0,3,EXPERT,2026-05-14 00:16:06,0.1,1.4197,0.0,0.0,converted_from_iso8601_offset_to_utc_naive,0,0.0,0.0,0.0,OV2|ce5bcd|M5|S,186311616
191633459,186302051,GBPUSD,1,-3.42,4,SL,2026-05-14 00:24:46,0.09,1.35201,0.0,0.0,converted_from_iso8601_offset_to_utc_naive,0,0.0,-0.4,0.0,[sl 1.35202],186312050
191635964,186313305,GBPUSD,0,0.0,3,EXPERT,2026-05-14 00:44:57,0.06,1.35229,0.0,0.0,converted_from_iso8601_offset_to_utc_naive,0,0.0,0.0,0.0,OV2|6ea47c|H4|S,186313305
191637408,186313305,GBPUSD,1,-2.1,4,SL,2026-05-14 01:01:00,0.06,1.35264,0.0,0.0,converted_from_iso8601_offset_to_utc_naive,0,0.0,0.0,0.0,[sl 1.35264],186314742
191637687,186314941,EURJPY,0,0.0,3,EXPERT,2026-05-14 01:01:19,0.04,184.943,0.0,0.0,converted_from_iso8601_offset_to_utc_naive,0,0.0,0.0,0.0,OV2|0a9228|M5|B,186314941
191638106,186315242,GBPJPY,0,0.0,3,EXPERT,2026-05-14 01:02:08,0.05,213.473,0.0,0.0,converted_from_iso8601_offset_to_utc_naive,0,0.0,0.0,0.0,OV2|05e674|H1|B,186315242
191638453,186315502,USDJPY,0,0.0,3,EXPERT,2026-05-14 01:03:05,0.08,157.809,0.0,0.0,converted_from_iso8601_offset_to_utc_naive,0,0.0,0.0,0.0,OV2|81a768|M15|S,186315502
191638952,186306928,BTCUSD,1,27.97,5,TP,2026-05-14 01:05:20,0.08,79264.46,0.0,0.0,converted_from_iso8601_offset_to_utc_naive,0,0.0,-1.42,0.0,[tp 79266.02],186315877
191639142,186311616,XRPUSD,1,0.32,3,EXPERT,2026-05-14 01:06:09,0.1,1.4165,0.0,0.0,converted_from_iso8601_offset_to_utc_naive,0,0.0,0.0,0.0,OMEGA_PARTIAL_CL,186316032
191639147,186316036,GBPUSD,0,0.0,3,EXPERT,2026-05-14 01:06:11,0.18,1.3528,0.0,0.0,converted_from_iso8601_offset_to_utc_naive,0,0.0,0.0,0.0,OV2|515c6a|M5|B,186316036
191639432,186316349,BTCUSD,0,0.0,3,EXPERT,2026-05-14 01:08:25,0.1,79222.34,0.0,0.0,converted_from_iso8601_offset_to_utc_naive,0,0.0,0.0,0.0,OV2|aec463|H1|S,186316349
191640578,186317435,AUDJPY,0,0.0,3,EXPERT,2026-05-14 01:14:29,0.08,114.568,0.0,0.0,converted_from_iso8601_offset_to_utc_naive,0,0.0,0.0,0.0,OV2|344cdc|H1|B,186317435
191640636,186316349,BTCUSD,1,-16.41,4,SL,2026-05-14 01:14:51,0.1,79386.41,0.0,0.0,converted_from_iso8601_offset_to_utc_naive,0,0.0,0.0,0.0,[sl 79385.54],186317474
191640963,186316036,GBPUSD,1,0.84,3,EXPERT,2026-05-14 01:16:03,0.03,1.35308,0.0,0.0,converted_from_iso8601_offset_to_utc_naive,0,0.0,0.0,0.0,OMEGA_PARTIAL_CL,186317741
191641456,186318047,XRPUSD,0,0.0,3,EXPERT,2026-05-14 01:16:33,0.1,1.4179,0.0,0.0,converted_from_iso8601_offset_to_utc_naive,0,0.0,0.0,0.0,OV2|23c2de|H4|S,186318047
191642201,186318536,BTCUSD,0,0.0,3,EXPERT,2026-05-14 01:17:33,0.1,79319.35,0.0,0.0,converted_from_iso8601_offset_to_utc_naive,0,0.0,0.0,0.0,OV2|3729ca|H1|S,186318536
191645041,186318047,XRPUSD,1,-0.45,4,SL,2026-05-14 01:30:35,0.1,1.4224,0.0,0.0,converted_from_iso8601_offset_to_utc_naive,0,0.0,0.0,0.0,[sl 1.42239],186320553
191645566,186318536,BTCUSD,1,2.17,3,EXPERT,2026-05-14 01:32:46,0.02,79210.8,0.0,0.0,converted_from_iso8601_offset_to_utc_naive,0,0.0,0.0,0.0,OMEGA_PARTIAL_CL,186320906
191645590,186320920,XRPUSD,0,0.0,3,EXPERT,2026-05-14 01:32:53,0.1,1.4205,0.0,0.0,converted_from_iso8601_offset_to_utc_naive,0,0.0,0.0,0.0,OV2|bb3d8f|H1|S,186320920
191646103,186315242,GBPJPY,1,0.34,3,EXPERT,2026-05-14 01:36:29,0.01,213.526,0.0,0.0,converted_from_iso8601_offset_to_utc_naive,0,0.0,0.0,0.0,OMEGA_PARTIAL_CL,186321266
191647454,186318536,BTCUSD,1,-0.09,4,SL,2026-05-14 01:41:05,0.08,79320.47,0.0,0.0,converted_from_iso8601_offset_to_utc_naive,0,0.0,0.0,0.0,[sl 79319.35],186322159
191648872,186314941,EURJPY,1,-0.97,3,EXPERT,2026-05-14 01:45:27,0.04,184.905,0.0,0.0,converted_from_iso8601_offset_to_utc_naive,0,0.0,0.0,0.0,OMEGA_PARTIAL_CL,186323086
191649669,186323621,EURJPY,0,0.0,3,EXPERT,2026-05-14 01:48:19,0.1,184.926,0.0,0.0,converted_from_iso8601_offset_to_utc_naive,0,0.0,0.0,0.0,OV2|4b7ba2|M15|B,186323621
191649823,186323725,BTCUSD,0,0.0,3,EXPERT,2026-05-14 01:49:02,0.1,79374.4,0.0,0.0,converted_from_iso8601_offset_to_utc_naive,0,0.0,0.0,0.0,OV2|722918|H4|S,186323725
191651437,186320920,XRPUSD,1,-0.4,4,SL,2026-05-14 01:55:34,0.1,1.42445,0.0,0.0,converted_from_iso8601_offset_to_utc_naive,0,0.0,0.0,0.0,[sl 1.42445],186324820
191651486,186316036,GBPUSD,1,-0.45,4,SL,2026-05-14 01:55:56,0.15,1.35277,0.0,0.0,converted_from_iso8601_offset_to_utc_naive,0,0.0,0.0,0.0,[sl 1.35280],186324858
191651938,186315242,GBPJPY,1,-0.13,4,SL,2026-05-14 01:58:13,0.04,213.468,0.0,0.0,converted_from_iso8601_offset_to_utc_naive,0,0.0,0.0,0.0,[sl 213.473],186325174
191652368,186325884,GBPJPY,0,0.0,3,EXPERT,2026-05-14 02:00:43,0.17,213.491,0.0,0.0,converted_from_iso8601_offset_to_utc_naive,0,0.0,0.0,0.0,OV2|7e9a99|H1|B,186325884
191652958,186323621,EURJPY,1,-1.85,4,SL,2026-05-14 02:02:40,0.1,184.897,0.0,0.0,converted_from_iso8601_offset_to_utc_naive,0,0.0,0.0,0.0,[sl 184.897],186326285
191654375,186325884,GBPJPY,1,-6.07,4,SL,2026-05-14 02:08:37,0.17,213.435,0.0,0.0,converted_from_iso8601_offset_to_utc_naive,0,0.0,0.0,0.0,[sl 213.439],186327301
191654511,186317435,AUDJPY,1,-1.48,4,SL,2026-05-14 02:09:01,0.08,114.539,0.0,0.0,converted_from_iso8601_offset_to_utc_naive,0,0.0,0.0,0.0,[sl 114.540],186327368
191656022,186328362,GBPJPY,0,0.0,3,EXPERT,2026-05-14 02:14:40,0.15,213.496,0.0,0.0,converted_from_iso8601_offset_to_utc_naive,0,0.0,0.0,0.0,OV2|fce870|M15|B,186328362
191656841,186328362,GBPJPY,1,-5.26,4,SL,2026-05-14 02:18:49,0.15,213.441,0.0,0.0,converted_from_iso8601_offset_to_utc_naive,0,0.0,0.0,0.0,[sl 213.441],186328975
191659371,186323725,BTCUSD,1,1.9100000000000001,3,EXPERT,2026-05-14 02:29:13,0.02,79278.95,0.0,0.0,converted_from_iso8601_offset_to_utc_naive,0,0.0,0.0,0.0,OMEGA_PARTIAL_CL,186330767
191659880,186315502,USDJPY,1,-1.28,4,SL,2026-05-14 02:30:50,0.08,157.834,0.0,0.0,converted_from_iso8601_offset_to_utc_naive,0,0.0,0.0,0.0,[sl 157.826],186331178
191661742,186332182,AUDJPY,0,0.0,3,EXPERT,2026-05-14 02:34:07,0.14,114.509,0.0,0.0,converted_from_iso8601_offset_to_utc_naive,0,0.0,0.0,0.0,OV2|2a4479|H1|B,186332182
191665298,186334784,GBPJPY,0,0.0,3,EXPERT,2026-05-14 02:46:50,0.18,213.522,0.0,0.0,converted_from_iso8601_offset_to_utc_naive,0,0.0,0.0,0.0,OV2|e741d4|M5|B,186334784
191668031,186323725,BTCUSD,1,-0.05,4,SL,2026-05-14 03:00:45,0.08,79374.97,0.0,0.0,converted_from_iso8601_offset_to_utc_naive,0,0.0,0.0,0.0,[sl 79374.40],186337095
191669934,186338369,EURJPY,0,0.0,3,EXPERT,2026-05-14 03:02:13,0.2,184.976,0.0,0.0,converted_from_iso8601_offset_to_utc_naive,0,0.0,0.0,0.0,OV2|cadd98|M15|B,186338369
191670244,186338590,BTCUSD,0,0.0,3,EXPERT,2026-05-14 03:03:02,0.1,79345.05,0.0,0.0,converted_from_iso8601_offset_to_utc_naive,0,0.0,0.0,0.0,OV2|acfeeb|H1|S,186338590
191670817,186338369,EURJPY,1,-5.35,4,SL,2026-05-14 03:03:20,0.2,184.934,0.0,0.0,converted_from_iso8601_offset_to_utc_naive,0,0.0,0.0,0.0,[sl 184.934],186338959
191673082,186332182,AUDJPY,1,-6.34,4,SL,2026-05-14 03:04:20,0.14,114.438,0.0,0.0,converted_from_iso8601_offset_to_utc_naive,0,0.0,0.0,0.0,[sl 114.438],186340317
191674023,186340965,XRPUSD,0,0.0,3,EXPERT,2026-05-14 03:06:10,0.1,1.42575,0.0,0.0,converted_from_iso8601_offset_to_utc_naive,0,0.0,0.0,0.0,OV2|0dac6a|H1|S,186340965
191675507,186341940,EURJPY,0,0.0,3,EXPERT,2026-05-14 03:07:44,0.1,184.951,0.0,0.0,converted_from_iso8601_offset_to_utc_naive,0,0.0,0.0,0.0,OV2|40354e|M15|B,186341940
191675796,186342141,AUDUSD,0,0.0,3,EXPERT,2026-05-14 03:08:55,0.12,0.72526,0.0,0.0,converted_from_iso8601_offset_to_utc_naive,0,0.0,0.0,0.0,OV2|3351b9|H4|B,186342141
191676947,186342981,GBPUSD,0,0.0,3,EXPERT,2026-05-14 03:11:37,0.16,1.3526799999999999,0.0,0.0,converted_from_iso8601_offset_to_utc_naive,0,0.0,0.0,0.0,OV2|24234f|H4|S,186342981
191678002,186338590,BTCUSD,1,-14.83,4,SL,2026-05-14 03:13:52,0.1,79493.35,0.0,0.0,converted_from_iso8601_offset_to_utc_naive,0,0.0,0.0,0.0,[sl 79491.81],186343762
191678736,186342981,GBPUSD,1,-6.4,4,SL,2026-05-14 03:15:04,0.16,1.35308,0.0,0.0,converted_from_iso8601_offset_to_utc_naive,0,0.0,0.0,0.0,[sl 1.35307],186344356
191683115,186342141,AUDUSD,1,0.78,3,EXPERT,2026-05-14 03:17:17,0.02,0.72565,0.0,0.0,converted_from_iso8601_offset_to_utc_naive,0,0.0,0.0,0.0,OMEGA_PARTIAL_CL,186347332
191684407,186348300,GBPUSD,0,0.0,3,EXPERT,2026-05-14 03:18:00,0.19,1.3532600000000001,0.0,0.0,converted_from_iso8601_offset_to_utc_naive,0,0.0,0.0,0.0,OV2|635e5e|M5|B,186348300
191684941,186348752,XAUUSD,0,0.0,3,EXPERT,2026-05-14 03:18:46,0.01,4705.05,0.0,0.0,converted_from_iso8601_offset_to_utc_naive,0,0.0,0.0,0.0,OV2|a993dd|H1|B,186348752
191685173,186348912,BTCUSD,0,0.0,3,EXPERT,2026-05-14 03:19:02,0.09,79493.86,0.0,0.0,converted_from_iso8601_offset_to_utc_naive,0,0.0,0.0,0.0,OV2|f95e51|H1|S,186348912
191685175,186348913,BTCUSD,0,0.0,3,EXPERT,2026-05-14 03:19:02,0.09,79496.81,0.0,0.0,converted_from_iso8601_offset_to_utc_naive,0,0.0,0.0,0.0,OV2|c36642|H1|S,186348913
191685244,186340965,XRPUSD,1,-0.57,4,SL,2026-05-14 03:19:06,0.1,1.43145,0.0,0.0,converted_from_iso8601_offset_to_utc_naive,0,0.0,0.0,0.0,[sl 1.43080],186348957
191685393,186348752,XAUUSD,1,-3.45,4,SL,2026-05-14 03:19:08,0.01,4701.6,0.0,0.0,converted_from_iso8601_offset_to_utc_naive,0,0.0,0.0,0.0,[sl 4701.68],186349043
191685993,186349397,AUDJPY,0,0.0,3,EXPERT,2026-05-14 03:19:30,0.11,114.488,0.0,0.0,converted_from_iso8601_offset_to_utc_naive,0,0.0,0.0,0.0,OV2|ade3f3|M5|S,186349397
191686907,186350009,XRPUSD,0,0.0,3,EXPERT,2026-05-14 03:20:59,0.1,1.42845,0.0,0.0,converted_from_iso8601_offset_to_utc_naive,0,0.0,0.0,0.0,OV2|30f5c8|H1|S,186350009
191686968,186342141,AUDUSD,1,0.0,4,SL,2026-05-14 03:21:07,0.1,0.72526,0.0,0.0,converted_from_iso8601_offset_to_utc_naive,0,0.0,0.0,0.0,[sl 0.72526],186350059
191687028,186348300,GBPUSD,1,-8.93,4,SL,2026-05-14 03:21:18,0.19,1.35279,0.0,0.0,converted_from_iso8601_offset_to_utc_naive,0,0.0,0.0,0.0,[sl 1.35280],186350103
191687040,186341940,EURJPY,1,-3.12,4,SL,2026-05-14 03:21:21,0.1,184.902,0.0,0.0,converted_from_iso8601_offset_to_utc_naive,0,0.0,0.0,0.0,[sl 184.902],186350113
191687488,186350433,GBPUSD,0,0.0,3,EXPERT,2026-05-14 03:23:18,0.11,1.35294,0.0,0.0,converted_from_iso8601_offset_to_utc_naive,0,0.0,0.0,0.0,OV2|99810a|H4|S,186350433
191687574,186350481,XAUUSD,0,0.0,3,EXPERT,2026-05-14 03:23:53,0.01,4700.95,0.0,0.0,converted_from_iso8601_offset_to_utc_naive,0,0.0,0.0,0.0,OV2|104167|M15|B,186350481
191688005,186350808,AUDUSD,0,0.0,3,EXPERT,2026-05-14 03:24:47,0.13,0.7254,0.0,0.0,converted_from_iso8601_offset_to_utc_naive,0,0.0,0.0,0.0,OV2|cff69f|H1|B,186350808
191688925,186351465,EURJPY,0,0.0,3,EXPERT,2026-05-14 03:27:59,0.18,184.909,0.0,0.0,converted_from_iso8601_offset_to_utc_naive,0,0.0,0.0,0.0,OV2|36744d|M15|B,186351465
191699367,186348912,BTCUSD,1,-14.37,4,SL,2026-05-14 03:46:22,0.09,79653.5,0.0,0.0,converted_from_iso8601_offset_to_utc_naive,0,0.0,0.0,0.0,[sl 79652.81],186358448
191699407,186348913,BTCUSD,1,-14.46,4,SL,2026-05-14 03:46:23,0.09,79657.5,0.0,0.0,converted_from_iso8601_offset_to_utc_naive,0,0.0,0.0,0.0,[sl 79655.76],186358475
191701403,186359776,BTCUSD,0,0.0,3,EXPERT,2026-05-14 03:49:39,0.08,79600.8,0.0,0.0,converted_from_iso8601_offset_to_utc_naive,0,0.0,0.0,0.0,OV2|311bda|H1|S,186359776
191704049,186350808,AUDUSD,1,-6.37,4,SL,2026-05-14 03:50:43,0.13,0.72491,0.0,0.0,converted_from_iso8601_offset_to_utc_naive,0,0.0,0.0,0.0,[sl 0.72491],186361263
191704372,186349397,AUDJPY,1,0.73,3,EXPERT,2026-05-14 03:51:18,0.02,114.43,0.0,0.0,converted_from_iso8601_offset_to_utc_naive,0,0.0,0.0,0.0,OMEGA_PARTIAL_CL,186361458
191706575,186362846,AUDUSD,0,0.0,3,EXPERT,2026-05-14 03:56:22,0.1,0.72507,0.0,0.0,converted_from_iso8601_offset_to_utc_naive,0,0.0,0.0,0.0,OV2|7a10c5|H4|B,186362846
191706635,186351465,EURJPY,1,0.65,3,EXPERT,2026-05-14 03:56:31,0.03,184.943,0.0,0.0,converted_from_iso8601_offset_to_utc_naive,0,0.0,0.0,0.0,OMEGA_PARTIAL_CL,186362896
191711253,186350009,XRPUSD,1,-0.46,4,SL,2026-05-14 04:01:36,0.1,1.43305,0.0,0.0,converted_from_iso8601_offset_to_utc_naive,0,0.0,0.0,0.0,[sl 1.43300],186366396
191711571,186334784,GBPJPY,1,0.88,3,EXPERT,2026-05-14 04:02:06,0.03,213.569,0.0,0.0,converted_from_iso8601_offset_to_utc_naive,0,0.0,0.0,0.0,OMEGA_PARTIAL_CL,186366611
191718718,186350481,XAUUSD,1,-11.41,4,SL,2026-05-14 04:06:42,0.01,4689.54,0.0,0.0,converted_from_iso8601_offset_to_utc_naive,0,0.0,0.0,0.0,[sl 4689.59],186371101
191737440,186382166,XRPUSD,0,0.0,3,EXPERT,2026-05-14 04:16:01,0.1,1.4323000000000001,0.0,0.0,converted_from_iso8601_offset_to_utc_naive,0,0.0,0.0,0.0,OV2|b5a8fb|M5|B,186382166
191747797,186359776,BTCUSD,1,1.11,3,EXPERT,2026-05-14 04:33:40,0.01,79489.49,0.0,0.0,converted_from_iso8601_offset_to_utc_naive,0,0.0,0.0,0.0,OMEGA_PARTIAL_CL,186389372
191747820,186382166,XRPUSD,1,-0.22,4,SL,2026-05-14 04:33:52,0.1,1.4301,0.0,0.0,converted_from_iso8601_offset_to_utc_naive,0,0.0,0.0,0.0,[sl 1.43034],186389396
191749370,186390555,XRPUSD,0,0.0,3,EXPERT,2026-05-14 04:37:22,0.1,1.42685,0.0,0.0,converted_from_iso8601_offset_to_utc_naive,0,0.0,0.0,0.0,OV2|ea9781|H4|S,186390555
191750160,186391101,XAUUSD,0,0.0,3,EXPERT,2026-05-14 04:38:23,0.01,4687.93,0.0,0.0,converted_from_iso8601_offset_to_utc_naive,0,0.0,0.0,0.0,OV2|f61041|M15|S,186391101
191751536,186349397,AUDJPY,1,-0.17,4,SL,2026-05-14 04:40:55,0.09,114.491,0.0,0.0,converted_from_iso8601_offset_to_utc_naive,0,0.0,0.0,0.0,[sl 114.488],186392126
191753197,186393196,AUDJPY,0,0.0,3,EXPERT,2026-05-14 04:42:24,0.16,114.456,0.0,0.0,converted_from_iso8601_offset_to_utc_naive,0,0.0,0.0,0.0,OV2|279666|M15|S,186393196
191759047,186350433,GBPUSD,1,0.62,3,EXPERT,2026-05-14 04:51:42,0.02,1.35263,0.0,0.0,converted_from_iso8601_offset_to_utc_naive,0,0.0,0.0,0.0,OMEGA_PARTIAL_CL,186397303
191759097,186359776,BTCUSD,1,-0.16,4,SL,2026-05-14 04:51:49,0.07,79603.04,0.0,0.0,converted_from_iso8601_offset_to_utc_naive,0,0.0,0.0,0.0,[sl 79600.80],186397330
191759498,186362846,AUDUSD,1,-4.5,4,SL,2026-05-14 04:52:04,0.1,0.72462,0.0,0.0,converted_from_iso8601_offset_to_utc_naive,0,0.0,0.0,0.0,[sl 0.72462],186397606
191761513,186390555,XRPUSD,1,-0.53,4,SL,2026-05-14 04:53:07,0.1,1.43215,0.0,0.0,converted_from_iso8601_offset_to_utc_naive,0,0.0,0.0,0.0,[sl 1.43196],186398840
191763225,186400034,BTCUSD,0,0.0,3,EXPERT,2026-05-14 04:57:26,0.09,79605.68,0.0,0.0,converted_from_iso8601_offset_to_utc_naive,0,0.0,0.0,0.0,OV2|0f706e|M5|B,186400034
191763597,186334784,GBPJPY,1,-0.09,4,SL,2026-05-14 04:58:17,0.15,213.521,0.0,0.0,converted_from_iso8601_offset_to_utc_naive,0,0.0,0.0,0.0,[sl 213.522],186400299
191765040,186401722,XRPUSD,0,0.0,3,EXPERT,2026-05-14 05:00:46,0.1,1.4327,0.0,0.0,converted_from_iso8601_offset_to_utc_naive,0,0.0,0.0,0.0,OV2|cc9556|M5|B,186401722
191765430,186393196,AUDJPY,1,0.8,3,EXPERT,2026-05-14 05:01:55,0.03,114.414,0.0,0.0,converted_from_iso8601_offset_to_utc_naive,0,0.0,0.0,0.0,OMEGA_PARTIAL_CL,186402021
191766354,186393196,AUDJPY,1,0.0,4,SL,2026-05-14 05:03:16,0.13,114.456,0.0,0.0,converted_from_iso8601_offset_to_utc_naive,0,0.0,0.0,0.0,[sl 114.456],186402668
191768186,186403929,AUDJPY,0,0.0,3,EXPERT,2026-05-14 05:07:57,0.14,114.449,0.0,0.0,converted_from_iso8601_offset_to_utc_naive,0,0.0,0.0,0.0,OV2|cf8b67|M15|S,186403929
191769251,186404647,USDJPY,0,0.0,3,EXPERT,2026-05-14 05:11:33,0.2,157.927,0.0,0.0,converted_from_iso8601_offset_to_utc_naive,0,0.0,0.0,0.0,OV2|44f526|H1|B,186404647
191772043,186406619,AUDUSD,0,0.0,3,EXPERT,2026-05-14 05:22:51,0.11,0.72481,0.0,0.0,converted_from_iso8601_offset_to_utc_naive,0,0.0,0.0,0.0,OV2|a63e4e|H4|B,186406619
191774806,186403929,AUDJPY,1,-6.78,4,SL,2026-05-14 05:32:19,0.14,114.525,0.0,0.0,converted_from_iso8601_offset_to_utc_naive,0,0.0,0.0,0.0,[sl 114.525],186408625
191775828,186391101,XAUUSD,1,-9.39,4,SL,2026-05-14 05:33:01,0.01,4697.32,0.0,0.0,converted_from_iso8601_offset_to_utc_naive,0,0.0,0.0,0.0,[sl 4697.31],186409270
191781310,186401722,XRPUSD,1,-0.45,4,SL,2026-05-14 05:41:41,0.1,1.42825,0.0,0.0,converted_from_iso8601_offset_to_utc_naive,0,0.0,0.0,0.0,[sl 1.42825],186412673
191784582,186400034,BTCUSD,1,-11.48,4,SL,2026-05-14 05:47:32,0.09,79478.16,0.0,0.0,converted_from_iso8601_offset_to_utc_naive,0,0.0,0.0,0.0,[sl 79478.82],186414748
191803151,186350433,GBPUSD,1,0.0,4,SL,2026-05-14 06:28:38,0.09,1.35294,0.0,0.0,converted_from_iso8601_offset_to_utc_naive,0,0.0,0.0,0.0,[sl 1.35294],186427256
191820670,186404647,USDJPY,1,-5.99,4,SL,2026-05-14 07:05:37,0.2,157.88,0.0,0.0,converted_from_iso8601_offset_to_utc_naive,0,0.0,0.0,0.0,[sl 157.881],186438943
191820676,186351465,EURJPY,1,-0.1,4,SL,2026-05-14 07:05:38,0.15,184.908,0.0,0.0,converted_from_iso8601_offset_to_utc_naive,0,0.0,0.0,0.0,[sl 184.909],186438948
191935157,186406619,AUDUSD,1,-4.29,4,SL,2026-05-14 10:58:39,0.11,0.72442,0.0,0.0,converted_from_iso8601_offset_to_utc_naive,0,0.0,0.0,0.0,[sl 0.72443],186517533
192114363,186647448,XAUUSD,0,0.0,3,EXPERT,2026-05-14 16:52:34,0.01,4681.56,0.0,0.0,converted_from_iso8601_offset_to_utc_naive,0,0.0,0.0,0.0,OV2|dba5ba|H1|S,186647448
192140136,186647448,XAUUSD,1,-18.32,4,SL,2026-05-14 17:20:46,0.01,4699.88,0.0,0.0,converted_from_iso8601_offset_to_utc_naive,0,0.0,0.0,0.0,[sl 4699.86],186666019
192179926,186695342,EURUSD,0,0.0,3,EXPERT,2026-05-14 18:13:08,0.06,1.16729,0.0,0.0,converted_from_iso8601_offset_to_utc_naive,0,0.0,0.0,0.0,OV2|13d923|H1|S,186695342
192182468,186697616,USDJPY,0,0.0,3,EXPERT,2026-05-14 18:17:02,0.1,158.162,0.0,0.0,converted_from_iso8601_offset_to_utc_naive,0,0.0,0.0,0.0,OV2|93adf3|M15|B,186697616
192182768,186697900,EURJPY,0,0.0,3,EXPERT,2026-05-14 18:17:28,0.07,184.614,0.0,0.0,converted_from_iso8601_offset_to_utc_naive,0,0.0,0.0,0.0,OV2|4207e3|H1|S,186697900
192185935,186700354,GBPJPY,0,0.0,3,EXPERT,2026-05-14 18:23:37,0.05,213.178,0.0,0.0,converted_from_iso8601_offset_to_utc_naive,0,0.0,0.0,0.0,OV2|9d18fd|H1|S,186700354
192192012,186700354,GBPJPY,1,0.64,3,EXPERT,2026-05-14 18:42:19,0.01,213.077,0.0,0.0,converted_from_iso8601_offset_to_utc_naive,0,0.0,0.0,0.0,OMEGA_PARTIAL_CL,186704800
192194643,186697616,USDJPY,1,-4.33,4,SL,2026-05-14 18:50:13,0.1,158.094,0.0,0.0,converted_from_iso8601_offset_to_utc_naive,0,0.0,0.0,0.0,[sl 158.094],186706770
192196684,186695342,EURUSD,1,-3.24,4,SL,2026-05-14 18:56:34,0.06,1.16783,0.0,0.0,converted_from_iso8601_offset_to_utc_naive,0,0.0,0.0,0.0,[sl 1.16782],186708183
192197099,186708449,GBPUSD,0,0.0,3,EXPERT,2026-05-14 18:56:59,0.07,1.34786,0.0,0.0,converted_from_iso8601_offset_to_utc_naive,0,0.0,0.0,0.0,OV2|7fdea3|H1|S,186708449
192197708,186708877,USDJPY,0,0.0,3,EXPERT,2026-05-14 18:59:07,0.18,158.102,0.0,0.0,converted_from_iso8601_offset_to_utc_naive,0,0.0,0.0,0.0,OV2|47b732|H1|B,186708877
192203926,186708449,GBPUSD,1,0.74,3,EXPERT,2026-05-14 19:08:42,0.01,1.3471199999999999,0.0,0.0,converted_from_iso8601_offset_to_utc_naive,0,0.0,0.0,0.0,OMEGA_PARTIAL_CL,186713442
192205544,186708877,USDJPY,1,0.7,3,EXPERT,2026-05-14 19:11:39,0.03,158.139,0.0,0.0,converted_from_iso8601_offset_to_utc_naive,0,0.0,0.0,0.0,OMEGA_PARTIAL_CL,186714570
192206904,186697900,EURJPY,1,-3.21,4,SL,2026-05-14 19:14:36,0.07,184.686,0.0,0.0,converted_from_iso8601_offset_to_utc_naive,0,0.0,0.0,0.0,[sl 184.686],186715572
192207341,186700354,GBPJPY,1,7.99,5,TP,2026-05-14 19:15:46,0.04,212.86,0.0,0.0,converted_from_iso8601_offset_to_utc_naive,0,0.0,0.0,0.0,[tp 212.861],186715937
192208238,186716553,GBPJPY,0,0.0,3,EXPERT,2026-05-14 19:17:07,0.05,212.767,0.0,0.0,converted_from_iso8601_offset_to_utc_naive,0,0.0,0.0,0.0,OV2|453dd6|H1|S,186716553
192208393,186716680,US30,0,0.0,3,EXPERT,2026-05-14 19:17:25,0.01,50164.3,0.0,0.0,converted_from_iso8601_offset_to_utc_naive,0,0.0,0.0,0.0,OV2|3e1d82|M15|B,186716680
192209275,186717358,EURUSD,0,0.0,3,EXPERT,2026-05-14 19:19:00,0.11,1.16783,0.0,0.0,converted_from_iso8601_offset_to_utc_naive,0,0.0,0.0,0.0,OV2|b0d5e6|H1|S,186717358
192213064,186716680,US30,1,-0.89,4,SL,2026-05-14 19:26:58,0.01,50075.5,0.0,0.0,converted_from_iso8601_offset_to_utc_naive,0,0.0,0.0,0.0,[sl 50075.75],186720240
192213549,186720599,XAUUSD,0,0.0,3,EXPERT,2026-05-14 19:28:27,0.01,4676.01,0.0,0.0,converted_from_iso8601_offset_to_utc_naive,0,0.0,0.0,0.0,OV2|d02d0b|H1|S,186720599
192213993,186717358,EURUSD,1,0.86,3,EXPERT,2026-05-14 19:29:43,0.02,1.1674,0.0,0.0,converted_from_iso8601_offset_to_utc_naive,0,0.0,0.0,0.0,OMEGA_PARTIAL_CL,186720946
192214841,186721676,AUDJPY,0,0.0,3,EXPERT,2026-05-14 19:32:14,0.1,114.202,0.0,0.0,converted_from_iso8601_offset_to_utc_naive,0,0.0,0.0,0.0,OV2|e15fdf|H4|B,186721676
192214917,186721734,EURJPY,0,0.0,3,EXPERT,2026-05-14 19:32:35,0.12,184.653,0.0,0.0,converted_from_iso8601_offset_to_utc_naive,0,0.0,0.0,0.0,OV2|efce9f|H1|S,186721734
192216652,186716553,GBPJPY,1,0.91,3,EXPERT,2026-05-14 19:35:19,0.01,212.621,0.0,0.0,converted_from_iso8601_offset_to_utc_naive,0,0.0,0.0,0.0,OMEGA_PARTIAL_CL,186722958
192218424,186724112,US30,0,0.0,3,EXPERT,2026-05-14 19:37:01,0.01,50069.8,0.0,0.0,converted_from_iso8601_offset_to_utc_naive,0,0.0,0.0,0.0,OV2|8f511a|H1|B,186724112
192221747,186708449,GBPUSD,1,27.12,5,TP,2026-05-14 19:44:51,0.06,1.34334,0.0,0.0,converted_from_iso8601_offset_to_utc_naive,0,0.0,0.0,0.0,[tp 1.34336],186726561
192226249,186724112,US30,1,-0.86,4,SL,2026-05-14 19:55:06,0.01,49983.5,0.0,0.0,converted_from_iso8601_offset_to_utc_naive,0,0.0,0.0,0.0,[sl 49984.18],186729852
192227067,186730501,US30,0,0.0,3,EXPERT,2026-05-14 19:57:36,0.01,49995.5,0.0,0.0,converted_from_iso8601_offset_to_utc_naive,0,0.0,0.0,0.0,OV2|540f75|M5|S,186730501
192229632,186717358,EURUSD,1,0.0,4,SL,2026-05-14 20:01:48,0.09,1.16783,0.0,0.0,converted_from_iso8601_offset_to_utc_naive,0,0.0,0.0,0.0,[sl 1.16783],186732552
192231881,186734120,GBPUSD,0,0.0,3,EXPERT,2026-05-14 20:06:27,0.05,1.34409,0.0,0.0,converted_from_iso8601_offset_to_utc_naive,0,0.0,0.0,0.0,OV2|75fd45|H1|S,186734120
192233271,186721734,EURJPY,1,-5.42,4,SL,2026-05-14 20:10:39,0.12,184.724,0.0,0.0,converted_from_iso8601_offset_to_utc_naive,0,0.0,0.0,0.0,[sl 184.724],186735149
192233524,186721676,AUDJPY,1,0.7,3,EXPERT,2026-05-14 20:11:46,0.02,114.257,0.0,0.0,converted_from_iso8601_offset_to_utc_naive,0,0.0,0.0,0.0,OMEGA_PARTIAL_CL,186735335
192233699,186735459,EURJPY,0,0.0,3,EXPERT,2026-05-14 20:12:54,0.13,184.695,0.0,0.0,converted_from_iso8601_offset_to_utc_naive,0,0.0,0.0,0.0,OV2|da5ccc|H1|S,186735459
192235845,186734120,GBPUSD,1,0.92,3,EXPERT,2026-05-14 20:19:49,0.01,1.34317,0.0,0.0,converted_from_iso8601_offset_to_utc_naive,0,0.0,0.0,0.0,OMEGA_PARTIAL_CL,186737065
192236375,186720599,XAUUSD,1,-6.13,4,SL,2026-05-14 20:21:14,0.01,4682.14,0.0,0.0,converted_from_iso8601_offset_to_utc_naive,0,0.0,0.0,0.0,[sl 4682.14],186737463
192237626,186716553,GBPJPY,1,8.88,5,TP,2026-05-14 20:24:03,0.04,212.414,0.0,0.0,converted_from_iso8601_offset_to_utc_naive,0,0.0,0.0,0.0,[tp 212.415],186738358
192237726,186738452,GBPJPY,0,0.0,3,EXPERT,2026-05-14 20:24:18,0.05,212.404,0.0,0.0,converted_from_iso8601_offset_to_utc_naive,0,0.0,0.0,0.0,OV2|fdc3f1|H4|S,186738452
192238586,186721676,AUDJPY,1,-0.05,4,SL,2026-05-14 20:27:23,0.08,114.201,0.0,0.0,converted_from_iso8601_offset_to_utc_naive,0,0.0,0.0,0.0,[sl 114.202],186739109
192241907,186741604,AUDUSD,0,0.0,3,EXPERT,2026-05-14 20:36:06,0.12,0.72247,0.0,0.0,converted_from_iso8601_offset_to_utc_naive,0,0.0,0.0,0.0,OV2|b66659|M5|B,186741604
192242522,186742115,XAUUSD,0,0.0,3,EXPERT,2026-05-14 20:39:40,0.01,4678.76,0.0,0.0,converted_from_iso8601_offset_to_utc_naive,0,0.0,0.0,0.0,OV2|c1ff78|H1|S,186742115
192242627,186738452,GBPJPY,1,0.64,3,EXPERT,2026-05-14 20:40:02,0.01,212.303,0.0,0.0,converted_from_iso8601_offset_to_utc_naive,0,0.0,0.0,0.0,OMEGA_PARTIAL_CL,186742207
192242649,186735459,EURJPY,1,-4.55,4,SL,2026-05-14 20:40:07,0.13,184.75,0.0,0.0,converted_from_iso8601_offset_to_utc_naive,0,0.0,0.0,0.0,[sl 184.750],186742224
192244173,186730501,US30,1,-0.77,4,SL,2026-05-14 20:45:23,0.01,50072.35,0.0,0.0,converted_from_iso8601_offset_to_utc_naive,0,0.0,0.0,0.0,[sl 50071.48],186743406
192245141,186744044,US30,0,0.0,3,EXPERT,2026-05-14 20:47:36,0.01,50078.35,0.0,0.0,converted_from_iso8601_offset_to_utc_naive,0,0.0,0.0,0.0,OV2|47a620|H1|B,186744044
192245918,186741604,AUDUSD,1,0.0,4,SL,2026-05-14 20:52:50,0.12,0.72247,0.0,0.0,converted_from_iso8601_offset_to_utc_naive,0,0.0,0.0,0.0,[sl 0.72247],186744648
192246071,186744752,EURUSD,0,0.0,3,EXPERT,2026-05-14 20:53:04,0.16,1.16794,0.0,0.0,converted_from_iso8601_offset_to_utc_naive,0,0.0,0.0,0.0,OV2|06c68e|H1|S,186744752
192246238,186744044,US30,1,-0.43,4,SL,2026-05-14 20:54:25,0.01,50035.55,0.0,0.0,converted_from_iso8601_offset_to_utc_naive,0,0.0,0.0,0.0,[sl 50035.65],186744940
192246646,186742115,XAUUSD,1,0.45,3,EXPERT,2026-05-14 20:56:42,0.01,4678.31,0.0,0.0,converted_from_iso8601_offset_to_utc_naive,0,0.0,0.0,0.0,PSA_CLOSE_AGRESS,186745345
192246647,186744752,EURUSD,1,1.44,3,EXPERT,2026-05-14 20:56:42,0.16,1.16785,0.0,0.0,converted_from_iso8601_offset_to_utc_naive,0,0.0,0.0,0.0,PSA_CLOSE_AGRESS,186745346
192247369,186738452,GBPJPY,1,6.48,5,TP,2026-05-14 21:00:21,0.04,212.146,0.0,0.0,converted_from_iso8601_offset_to_utc_naive,0,0.0,0.0,0.0,[tp 212.146],186746056
192254608,186734120,GBPUSD,1,18.04,5,TP,2026-05-14 21:16:56,0.04,1.33958,0.0,0.0,converted_from_iso8601_offset_to_utc_naive,0,0.0,0.0,0.0,[tp 1.33959],186751853
192257688,186754184,US500,0,0.0,3,EXPERT,2026-05-14 21:35:54,0.02,7501.35,0.0,0.0,converted_from_iso8601_offset_to_utc_naive,0,0.0,0.0,0.0,OV2|eab523|H1|B,186754184
192257782,186754241,UKOIL+,0,0.0,3,EXPERT,2026-05-14 21:36:46,0.1,102.79,0.0,0.0,converted_from_iso8601_offset_to_utc_naive,0,0.0,0.0,0.0,OV2|efd8a8|M15|B,186754241
192258340,186754636,EURUSD,0,0.0,3,EXPERT,2026-05-14 21:38:30,0.25,1.16748,0.0,0.0,converted_from_iso8601_offset_to_utc_naive,0,0.0,0.0,0.0,OV2|7ca159|H1|S,186754636
192258394,186754673,NZDUSD,0,0.0,3,EXPERT,2026-05-14 21:38:45,0.2,0.59162,0.0,0.0,converted_from_iso8601_offset_to_utc_naive,0,0.0,0.0,0.0,OV2|d49c61|M15|S,186754673
192259523,186755414,USDCAD,0,0.0,3,EXPERT,2026-05-14 21:42:13,0.2,1.37283,0.0,0.0,converted_from_iso8601_offset_to_utc_naive,0,0.0,0.0,0.0,OV2|284756|H1|B,186755414
192259941,186755691,DOGUSD,0,0.0,3,EXPERT,2026-05-14 21:44:16,0.1,0.11783,0.0,0.0,converted_from_iso8601_offset_to_utc_naive,0,0.0,0.0,0.0,OV2|18d3a9|H1|B,186755691
192260327,186754673,NZDUSD,1,-4.4,4,SL,2026-05-14 21:45:23,0.2,0.59184,0.0,0.0,converted_from_iso8601_offset_to_utc_naive,0,0.0,0.0,0.0,[sl 0.59183],186755964
192261257,186754241,UKOIL+,1,0.51,3,EXPERT,2026-05-14 21:47:04,0.03,102.96,0.0,0.0,converted_from_iso8601_offset_to_utc_naive,0,0.0,0.0,0.0,OMEGA_PARTIAL_CL,186756599
192261465,186755414,USDCAD,1,-4.4,4,SL,2026-05-14 21:47:48,0.2,1.37253,0.0,0.0,converted_from_iso8601_offset_to_utc_naive,0,0.0,0.0,0.0,[sl 1.37254],186756738
192261624,186754636,EURUSD,1,-5.5,4,SL,2026-05-14 21:49:10,0.25,1.1677,0.0,0.0,converted_from_iso8601_offset_to_utc_naive,0,0.0,0.0,0.0,[sl 1.16770],186756877
192261975,186757108,AUDJPY,0,0.0,3,EXPERT,2026-05-14 21:51:27,0.14,114.264,0.0,0.0,converted_from_iso8601_offset_to_utc_naive,0,0.0,0.0,0.0,OV2|3b1fcf|H1|S,186757108
192262246,186755691,DOGUSD,1,-0.09,4,SL,2026-05-14 21:53:48,0.1,0.11691,0.0,0.0,converted_from_iso8601_offset_to_utc_naive,0,0.0,0.0,0.0,[sl 0.11693],186757286
192262482,186757108,AUDJPY,1,-2.4,4,SL,2026-05-14 21:55:44,0.14,114.291,0.0,0.0,converted_from_iso8601_offset_to_utc_naive,0,0.0,0.0,0.0,[sl 114.291],186757466
192262604,186754241,UKOIL+,1,-0.0,4,SL,2026-05-14 21:56:29,0.07,102.79,0.0,0.0,converted_from_iso8601_offset_to_utc_naive,0,0.0,0.0,0.0,[sl 102.79],186757556
192262776,186757687,DOGUSD,0,0.0,3,EXPERT,2026-05-14 21:57:24,0.1,0.11787,0.0,0.0,converted_from_iso8601_offset_to_utc_naive,0,0.0,0.0,0.0,OV2|17ec6f|H1|B,186757687
192263141,186757982,UKOIL+,0,0.0,3,EXPERT,2026-05-14 21:58:46,0.1,102.87,0.0,0.0,converted_from_iso8601_offset_to_utc_naive,0,0.0,0.0,0.0,OV2|ab893c|M15|B,186757982
192263853,186754184,US500,1,0.07,3,EXPERT,2026-05-14 22:01:34,0.01,7507.95,0.0,0.0,converted_from_iso8601_offset_to_utc_naive,0,0.0,0.0,0.0,OMEGA_PARTIAL_CL,186758604
192264463,186759092,AUDJPY,0,0.0,3,EXPERT,2026-05-14 22:04:50,0.14,114.271,0.0,0.0,converted_from_iso8601_offset_to_utc_naive,0,0.0,0.0,0.0,OV2|5592b4|H1|S,186759092
192264762,186759290,USDCAD,0,0.0,3,EXPERT,2026-05-14 22:06:15,0.2,1.37259,0.0,0.0,converted_from_iso8601_offset_to_utc_naive,0,0.0,0.0,0.0,OV2|a3d3cb|H1|B,186759290
192264821,186759334,XAUUSD,0,0.0,3,EXPERT,2026-05-14 22:06:36,0.05,4667.5,0.0,0.0,converted_from_iso8601_offset_to_utc_naive,0,0.0,0.0,0.0,OV2|2fbc2d|H1|S,186759334
192265567,186759092,AUDJPY,1,-2.49,4,SL,2026-05-14 22:10:18,0.14,114.299,0.0,0.0,converted_from_iso8601_offset_to_utc_naive,0,0.0,0.0,0.0,[sl 114.298],186759826
192265724,186759933,USOIL+,0,0.0,3,EXPERT,2026-05-14 22:11:54,0.1,97.45,0.0,0.0,converted_from_iso8601_offset_to_utc_naive,0,0.0,0.0,0.0,OV2|9161e0|M15|B,186759933
192265836,186757687,DOGUSD,1,-0.07,4,SL,2026-05-14 22:13:00,0.1,0.11714,0.0,0.0,converted_from_iso8601_offset_to_utc_naive,0,0.0,0.0,0.0,[sl 0.11714],186760017
192265944,186760093,UKOIL+,0,0.0,3,EXPERT,2026-05-14 22:13:48,0.1,103.04,0.0,0.0,converted_from_iso8601_offset_to_utc_naive,0,0.0,0.0,0.0,OV2|ae8008|M15|B,186760093
192266198,186757982,UKOIL+,1,0.39,3,EXPERT,2026-05-14 22:15:35,0.03,103.0,0.0,0.0,converted_from_iso8601_offset_to_utc_naive,0,0.0,0.0,0.0,OMEGA_PARTIAL_CL,186760293
192267024,186760854,USOIL+,0,0.0,3,EXPERT,2026-05-14 22:19:47,0.1,97.56,0.0,0.0,converted_from_iso8601_offset_to_utc_naive,0,0.0,0.0,0.0,OV2|bd4633|M15|B,186760854
192267035,186760859,USDCAD,0,0.0,3,EXPERT,2026-05-14 22:19:54,0.2,1.37267,0.0,0.0,converted_from_iso8601_offset_to_utc_naive,0,0.0,0.0,0.0,OV2|c1a7ad|H1|B,186760859
192267560,186760854,USOIL+,1,-1.5,4,SL,2026-05-14 22:22:54,0.1,97.41,0.0,0.0,converted_from_iso8601_offset_to_utc_naive,0,0.0,0.0,0.0,[sl 97.42],186761220
192267624,186760093,UKOIL+,1,-1.3,4,SL,2026-05-14 22:23:23,0.1,102.91,0.0,0.0,converted_from_iso8601_offset_to_utc_naive,0,0.0,0.0,0.0,[sl 102.91],186761277
192268451,186761847,GBPJPY,0,0.0,3,EXPERT,2026-05-14 22:28:51,0.22,212.184,0.0,0.0,converted_from_iso8601_offset_to_utc_naive,0,0.0,0.0,0.0,OV2|7d4792|H4|S,186761847
192270169,186754184,US500,1,-0.0,4,SL,2026-05-14 22:30:16,0.01,7501.15,0.0,0.0,converted_from_iso8601_offset_to_utc_naive,0,0.0,0.0,0.0,[sl 7501.35],186762924
192270736,186763305,US500,0,0.0,3,EXPERT,2026-05-14 22:31:57,0.03,7506.55,0.0,0.0,converted_from_iso8601_offset_to_utc_naive,0,0.0,0.0,0.0,OV2|1d6ae4|H1|B,186763305
192271243,186763631,USDJPY,0,0.0,3,EXPERT,2026-05-14 22:32:50,0.25,158.299,0.0,0.0,converted_from_iso8601_offset_to_utc_naive,0,0.0,0.0,0.0,OV2|61541e|H1|B,186763631
192271954,186759334,XAUUSD,1,3.7800000000000002,3,EXPERT,2026-05-14 22:35:56,0.01,4663.72,0.0,0.0,converted_from_iso8601_offset_to_utc_naive,0,0.0,0.0,0.0,OMEGA_PARTIAL_CL,186764137
192271955,186759933,USOIL+,1,0.51,3,EXPERT,2026-05-14 22:35:56,0.03,97.62,0.0,0.0,converted_from_iso8601_offset_to_utc_naive,0,0.0,0.0,0.0,OMEGA_PARTIAL_CL,186764138
192272020,186760859,USDCAD,1,-3.52,4,SL,2026-05-14 22:36:19,0.2,1.37243,0.0,0.0,converted_from_iso8601_offset_to_utc_naive,0,0.0,0.0,0.0,[sl 1.37246],186764180
192272709,186759334,XAUUSD,1,31.16,5,TP,2026-05-14 22:38:47,0.04,4659.71,0.0,0.0,converted_from_iso8601_offset_to_utc_naive,0,0.0,0.0,0.0,[tp 4660.02],186764676
192273369,186765024,AUDJPY,0,0.0,3,EXPERT,2026-05-14 22:39:01,0.19,114.299,0.0,0.0,converted_from_iso8601_offset_to_utc_naive,0,0.0,0.0,0.0,OV2|7ffd7e|H1|S,186765024
192273610,186765174,USOIL+,0,0.0,3,EXPERT,2026-05-14 22:39:41,0.1,97.69,0.0,0.0,converted_from_iso8601_offset_to_utc_naive,0,0.0,0.0,0.0,OV2|27b626|H1|B,186765174
192273869,186708877,USDJPY,1,19.78,5,TP,2026-05-14 22:40:35,0.15,158.312,0.0,0.0,converted_from_iso8601_offset_to_utc_naive,0,0.0,0.0,0.0,[tp 158.312],186765363
192274360,186765743,USDJPY,0,0.0,3,EXPERT,2026-05-14 22:41:23,0.25,158.346,0.0,0.0,converted_from_iso8601_offset_to_utc_naive,0,0.0,0.0,0.0,OV2|0c18af|H1|B,186765743
192275202,186766233,GBPJPY,0,0.0,3,EXPERT,2026-05-14 22:41:40,0.25,212.113,0.0,0.0,converted_from_iso8601_offset_to_utc_naive,0,0.0,0.0,0.0,OV2|9e8144|H4|S,186766233
192275603,186761847,GBPJPY,1,1.54,3,EXPERT,2026-05-14 22:42:45,0.06,212.143,0.0,0.0,converted_from_iso8601_offset_to_utc_naive,0,0.0,0.0,0.0,OMEGA_PARTIAL_CL,186766512
192276260,186767010,US500,0,0.0,3,EXPERT,2026-05-14 22:44:31,0.03,7506.35,0.0,0.0,converted_from_iso8601_offset_to_utc_naive,0,0.0,0.0,0.0,OV2|1b05cc|H1|B,186767010
192277040,186766233,GBPJPY,1,-9.53,4,SL,2026-05-14 22:46:30,0.25,212.173,0.0,0.0,converted_from_iso8601_offset_to_utc_naive,0,0.0,0.0,0.0,[sl 212.173],186767553
192277154,186767629,AUDJPY,0,0.0,3,EXPERT,2026-05-14 22:46:57,0.19,114.297,0.0,0.0,converted_from_iso8601_offset_to_utc_naive,0,0.0,0.0,0.0,OV2|464074|H1|S,186767629
192277235,186761847,GBPJPY,1,0.0,4,SL,2026-05-14 22:47:13,0.16,212.184,0.0,0.0,converted_from_iso8601_offset_to_utc_naive,0,0.0,0.0,0.0,[sl 212.184],186767685
192277459,186767839,US30,0,0.0,3,EXPERT,2026-05-14 22:47:34,0.02,50073.85,0.0,0.0,converted_from_iso8601_offset_to_utc_naive,0,0.0,0.0,0.0,OV2|29cef4|H1|B,186767839
192277812,186768090,XAUUSD,0,0.0,3,EXPERT,2026-05-14 22:48:24,0.05,4653.88,0.0,0.0,converted_from_iso8601_offset_to_utc_naive,0,0.0,0.0,0.0,OV2|98ecb2|H1|S,186768090
192278132,186768090,XAUUSD,1,-13.85,4,SL,2026-05-14 22:48:58,0.05,4656.65,0.0,0.0,converted_from_iso8601_offset_to_utc_naive,0,0.0,0.0,0.0,[sl 4656.65],186768309
192278316,186763631,USDJPY,1,1.58,3,EXPERT,2026-05-14 22:49:23,0.06,158.341,0.0,0.0,converted_from_iso8601_offset_to_utc_naive,0,0.0,0.0,0.0,OMEGA_PARTIAL_CL,186768435
192278448,186763305,US500,1,-0.15,4,SL,2026-05-14 22:50:01,0.03,7501.65,0.0,0.0,converted_from_iso8601_offset_to_utc_naive,0,0.0,0.0,0.0,[sl 7501.89],186768535
192278449,186767010,US500,1,-0.14,4,SL,2026-05-14 22:50:01,0.03,7501.65,0.0,0.0,converted_from_iso8601_offset_to_utc_naive,0,0.0,0.0,0.0,[sl 7501.83],186768536
192278466,186759290,USDCAD,1,0.73,4,SL,2026-05-14 22:50:06,0.2,1.37264,0.0,0.0,converted_from_iso8601_offset_to_utc_naive,0,0.0,0.0,0.0,[sl 1.37264],186768547
192278550,186767839,US30,1,-0.61,4,SL,2026-05-14 22:50:44,0.02,50043.55,0.0,0.0,converted_from_iso8601_offset_to_utc_naive,0,0.0,0.0,0.0,[sl 50043.80],186768601
192279848,186767629,AUDJPY,1,-4.35,4,SL,2026-05-14 22:55:29,0.19,114.333,0.0,0.0,converted_from_iso8601_offset_to_utc_naive,0,0.0,0.0,0.0,[sl 114.333],186769546
192279874,186765024,AUDJPY,1,-4.35,4,SL,2026-05-14 22:55:35,0.19,114.335,0.0,0.0,converted_from_iso8601_offset_to_utc_naive,0,0.0,0.0,0.0,[sl 114.335],186769562
192280946,186770346,GBPJPY,0,0.0,3,EXPERT,2026-05-14 22:58:56,0.25,212.195,0.0,0.0,converted_from_iso8601_offset_to_utc_naive,0,0.0,0.0,0.0,OV2|7242cd|H4|S,186770346
192281008,186770386,CADJPY,0,0.0,3,EXPERT,2026-05-14 22:59:11,0.21,115.42,0.0,0.0,converted_from_iso8601_offset_to_utc_naive,0,0.0,0.0,0.0,OV2|0a1f0e|H1|B,186770386
192281042,186770412,UKOIL+,0,0.0,3,EXPERT,2026-05-14 22:59:34,0.1,103.41,0.0,0.0,converted_from_iso8601_offset_to_utc_naive,0,0.0,0.0,0.0,OV2|aeb6e3|M15|B,186770412
192281855,186765174,USOIL+,1,0.45,3,EXPERT,2026-05-14 23:03:07,0.03,97.84,0.0,0.0,converted_from_iso8601_offset_to_utc_naive,0,0.0,0.0,0.0,OMEGA_PARTIAL_CL,186771373
192281856,186770386,CADJPY,1,-4.41,3,EXPERT,2026-05-14 23:03:07,0.21,115.387,0.0,0.0,converted_from_iso8601_offset_to_utc_naive,0,0.0,0.0,0.0,OMEGA_PARTIAL_CL,186771374
192283669,186770412,UKOIL+,1,-0.7,4,SL,2026-05-14 23:05:15,0.1,103.34,0.0,0.0,converted_from_iso8601_offset_to_utc_naive,0,0.0,0.0,0.0,[sl 103.35],186772524
192283792,186772607,CADJPY,0,0.0,3,EXPERT,2026-05-14 23:05:39,0.25,115.408,0.0,0.0,converted_from_iso8601_offset_to_utc_naive,0,0.0,0.0,0.0,OV2|54bdd4|H1|B,186772607
192285217,186773600,GBPJPY,0,0.0,3,EXPERT,2026-05-14 23:13:14,0.25,212.167,0.0,0.0,converted_from_iso8601_offset_to_utc_naive,0,0.0,0.0,0.0,OV2|62e30e|H4|S,186773600
192285830,186774067,XAUUSD,0,0.0,3,EXPERT,2026-05-14 23:16:43,0.05,4648.85,0.0,0.0,converted_from_iso8601_offset_to_utc_naive,0,0.0,0.0,0.0,OV2|6f15e0|H1|S,186774067
192286095,186765743,USDJPY,1,1.32,3,EXPERT,2026-05-14 23:17:14,0.06,158.381,0.0,0.0,converted_from_iso8601_offset_to_utc_naive,0,0.0,0.0,0.0,OMEGA_PARTIAL_CL,186774168
192286603,186774503,XAUUSD,0,0.0,3,EXPERT,2026-05-14 23:22:32,0.05,4648.47,0.0,0.0,converted_from_iso8601_offset_to_utc_naive,0,0.0,0.0,0.0,OV2|54b7cc|H4|S,186774503
192287522,186773600,GBPJPY,1,-7.94,4,SL,2026-05-14 23:26:25,0.25,212.217,0.0,0.0,converted_from_iso8601_offset_to_utc_naive,0,0.0,0.0,0.0,[sl 212.215],186775078
192287527,186770346,GBPJPY,1,-5.4,4,SL,2026-05-14 23:26:31,0.25,212.229,0.0,0.0,converted_from_iso8601_offset_to_utc_naive,0,0.0,0.0,0.0,[sl 212.229],186775082
192288051,186772607,CADJPY,1,0.9,3,EXPERT,2026-05-14 23:30:45,0.06,115.432,0.0,0.0,converted_from_iso8601_offset_to_utc_naive,0,0.0,0.0,0.0,OMEGA_PARTIAL_CL,186775445
192288141,186775510,AUDJPY,0,0.0,3,EXPERT,2026-05-14 23:31:41,0.2,114.359,0.0,0.0,converted_from_iso8601_offset_to_utc_naive,0,0.0,0.0,0.0,OV2|996bf0|M15|B,186775510
192288152,186775521,AUDJPY,0,0.0,3,EXPERT,2026-05-14 23:32:01,0.2,114.353,0.0,0.0,converted_from_iso8601_offset_to_utc_naive,0,0.0,0.0,0.0,OV2|787746|M15|B,186775521
192288277,186775609,USDCAD,0,0.0,3,EXPERT,2026-05-14 23:33:05,0.16,1.3723,0.0,0.0,converted_from_iso8601_offset_to_utc_naive,0,0.0,0.0,0.0,OV2|aa607c|H4|B,186775609
192288293,186775622,DOGUSD,0,0.0,3,EXPERT,2026-05-14 23:33:16,0.1,0.1156,0.0,0.0,converted_from_iso8601_offset_to_utc_naive,0,0.0,0.0,0.0,OV2|7de30c|H1|B,186775622
192288607,186775609,USDCAD,1,-3.87,3,EXPERT,2026-05-14 23:36:08,0.16,1.3719700000000001,0.0,0.0,converted_from_iso8601_offset_to_utc_naive,0,0.0,0.0,0.0,OMEGA_PARTIAL_CL,186775865
192288679,186775622,DOGUSD,1,-0.05,4,SL,2026-05-14 23:37:01,0.1,0.11506,0.0,0.0,converted_from_iso8601_offset_to_utc_naive,0,0.0,0.0,0.0,[sl 0.11507],186775924
192289582,186776540,US30,0,0.0,3,EXPERT,2026-05-14 23:39:09,0.03,50053.8,0.0,0.0,converted_from_iso8601_offset_to_utc_naive,0,0.0,0.0,0.0,OV2|5783c3|H1|B,186776540
192289629,186776575,GBPJPY,0,0.0,3,EXPERT,2026-05-14 23:39:24,0.18,212.211,0.0,0.0,converted_from_iso8601_offset_to_utc_naive,0,0.0,0.0,0.0,OV2|dd5adf|H4|S,186776575
192289645,186776588,US30,0,0.0,3,EXPERT,2026-05-14 23:39:29,0.03,50055.3,0.0,0.0,converted_from_iso8601_offset_to_utc_naive,0,0.0,0.0,0.0,OV2|4228ec|H1|B,186776588
192289699,186776622,GBPJPY,0,0.0,3,EXPERT,2026-05-14 23:39:45,0.22,212.214,0.0,0.0,converted_from_iso8601_offset_to_utc_naive,0,0.0,0.0,0.0,OV2|2f2c32|H4|S,186776622
192290672,186774067,XAUUSD,1,-13.65,4,SL,2026-05-14 23:42:01,0.05,4651.58,0.0,0.0,converted_from_iso8601_offset_to_utc_naive,0,0.0,0.0,0.0,[sl 4651.50],186777379
192290673,186774503,XAUUSD,1,-15.55,4,SL,2026-05-14 23:42:01,0.05,4651.58,0.0,0.0,converted_from_iso8601_offset_to_utc_naive,0,0.0,0.0,0.0,[sl 4651.50],186777380
192291669,186776575,GBPJPY,1,-5.48,4,SL,2026-05-14 23:44:48,0.18,212.259,0.0,0.0,converted_from_iso8601_offset_to_utc_naive,0,0.0,0.0,0.0,[sl 212.254],186778158
192291670,186776622,GBPJPY,1,-6.29,4,SL,2026-05-14 23:44:48,0.22,212.259,0.0,0.0,converted_from_iso8601_offset_to_utc_naive,0,0.0,0.0,0.0,[sl 212.257],186778159
192291784,186778243,XAUUSD,0,0.0,3,EXPERT,2026-05-14 23:45:34,0.04,4650.73,0.0,0.0,converted_from_iso8601_offset_to_utc_naive,0,0.0,0.0,0.0,OV2|540100|H1|S,186778243
192291785,186778244,XAUUSD,0,0.0,3,EXPERT,2026-05-14 23:45:34,0.04,4650.71,0.0,0.0,converted_from_iso8601_offset_to_utc_naive,0,0.0,0.0,0.0,OV2|234adb|H1|S,186778244
192291808,186778256,CHFJPY,0,0.0,3,EXPERT,2026-05-14 23:45:45,0.25,202.096,0.0,0.0,converted_from_iso8601_offset_to_utc_naive,0,0.0,0.0,0.0,OV2|559804|H1|B,186778256
192291809,186778257,CHFJPY,0,0.0,3,EXPERT,2026-05-14 23:45:45,0.25,202.096,0.0,0.0,converted_from_iso8601_offset_to_utc_naive,0,0.0,0.0,0.0,OV2|d84c49|H1|B,186778257
192292291,186778608,BTCUSD,0,0.0,3,EXPERT,2026-05-14 23:49:39,0.1,81351.37,0.0,0.0,converted_from_iso8601_offset_to_utc_naive,0,0.0,0.0,0.0,OV2|76be43|H1|B,186778608
192292295,186778611,BTCUSD,0,0.0,3,EXPERT,2026-05-14 23:49:39,0.1,81351.37,0.0,0.0,converted_from_iso8601_offset_to_utc_naive,0,0.0,0.0,0.0,OV2|661327|H1|B,186778611
192292831,186779071,USDCAD,0,0.0,3,EXPERT,2026-05-14 23:53:21,0.18,1.37204,0.0,0.0,converted_from_iso8601_offset_to_utc_naive,0,0.0,0.0,0.0,OV2|1cb2df|H4|B,186779071
192292832,186779072,USDCAD,0,0.0,3,EXPERT,2026-05-14 23:53:21,0.18,1.37204,0.0,0.0,converted_from_iso8601_offset_to_utc_naive,0,0.0,0.0,0.0,OV2|252829|H4|B,186779072
192292930,186778608,BTCUSD,1,2.73,3,EXPERT,2026-05-14 23:54:06,0.03,81442.4,0.0,0.0,converted_from_iso8601_offset_to_utc_naive,0,0.0,0.0,0.0,OMEGA_PARTIAL_CL,186779145
192292931,186778608,BTCUSD,1,2.73,3,EXPERT,2026-05-14 23:54:07,0.03,81442.4,0.0,0.0,converted_from_iso8601_offset_to_utc_naive,0,0.0,0.0,0.0,OMEGA_PARTIAL_CL,186779146
192293362,186778256,CHFJPY,1,-5.71,4,SL,2026-05-14 23:57:12,0.25,202.06,0.0,0.0,converted_from_iso8601_offset_to_utc_naive,0,0.0,0.0,0.0,[sl 202.061],186779527
192293363,186778257,CHFJPY,1,-5.71,4,SL,2026-05-14 23:57:12,0.25,202.06,0.0,0.0,converted_from_iso8601_offset_to_utc_naive,0,0.0,0.0,0.0,[sl 202.061],186779528
192293842,186765743,USDJPY,1,-0.24,4,SL,2026-05-15 00:03:29,0.19,158.344,0.0,0.0,converted_from_iso8601_offset_to_utc_naive,0,0.0,1.1,0.0,[sl 158.346],186779859
192293846,186775510,AUDJPY,1,-7.24,4,SL,2026-05-15 00:03:30,0.2,114.302,0.0,0.0,converted_from_iso8601_offset_to_utc_naive,0,0.0,0.8,0.0,[sl 114.340],186779865
192293847,186775521,AUDJPY,1,-6.48,4,SL,2026-05-15 00:03:30,0.2,114.302,0.0,0.0,converted_from_iso8601_offset_to_utc_naive,0,0.0,0.8,0.0,[sl 114.342],186779866
192293851,186772607,CADJPY,1,-4.35,4,SL,2026-05-15 00:03:30,0.19,115.372,0.0,0.0,converted_from_iso8601_offset_to_utc_naive,0,0.0,0.29,0.0,[sl 115.408],186779868
192294093,186780055,XRPUSD,0,0.0,3,EXPERT,2026-05-15 00:07:31,0.1,1.50505,0.0,0.0,converted_from_iso8601_offset_to_utc_naive,0,0.0,0.0,0.0,OV2|7e72bb|H4|B,186780055
192294094,186780056,XRPUSD,0,0.0,3,EXPERT,2026-05-15 00:07:31,0.1,1.50505,0.0,0.0,converted_from_iso8601_offset_to_utc_naive,0,0.0,0.0,0.0,OV2|0f8432|H4|B,186780056
192294321,186780055,XRPUSD,1,-0.72,3,EXPERT,2026-05-15 00:11:58,0.1,1.4978500000000001,0.0,0.0,converted_from_iso8601_offset_to_utc_naive,0,0.0,0.0,0.0,OMEGA_PARTIAL_CL,186780256
192294368,186778611,BTCUSD,1,1.76,4,SL,2026-05-15 00:12:32,0.1,81368.97,0.0,0.0,converted_from_iso8601_offset_to_utc_naive,0,0.0,-4.97,0.0,[sl 81371.55],186780300
192294372,186780056,XRPUSD,1,-1.12,4,SL,2026-05-15 00:12:39,0.1,1.4938500000000001,0.0,0.0,converted_from_iso8601_offset_to_utc_naive,0,0.0,0.0,0.0,[sl 1.49608],186780302
192294401,186778608,BTCUSD,1,-0.02,4,SL,2026-05-15 00:14:03,0.04,81350.92,0.0,0.0,converted_from_iso8601_offset_to_utc_naive,0,0.0,-1.99,0.0,[sl 81351.37],186780327
192294899,186780704,BTCUSD,0,0.0,3,EXPERT,2026-05-15 00:22:23,0.1,81358.58,0.0,0.0,converted_from_iso8601_offset_to_utc_naive,0,0.0,0.0,0.0,OV2|dac029|H1|B,186780704
192294904,186780706,BTCUSD,0,0.0,3,EXPERT,2026-05-15 00:22:23,0.1,81356.99,0.0,0.0,converted_from_iso8601_offset_to_utc_naive,0,0.0,0.0,0.0,OV2|1e9f55|H1|B,186780706
192295082,186780830,XRPUSD,0,0.0,3,EXPERT,2026-05-15 00:26:40,0.1,1.5005,0.0,0.0,converted_from_iso8601_offset_to_utc_naive,0,0.0,0.0,0.0,OV2|81067a|H4|B,186780830
192295237,186780943,XRPUSD,0,0.0,3,EXPERT,2026-05-15 00:28:35,0.1,1.5028000000000001,0.0,0.0,converted_from_iso8601_offset_to_utc_naive,0,0.0,0.0,0.0,OV2|70ac97|H4|B,186780943
192295238,186780944,XRPUSD,0,0.0,3,EXPERT,2026-05-15 00:28:35,0.1,1.5028000000000001,0.0,0.0,converted_from_iso8601_offset_to_utc_naive,0,0.0,0.0,0.0,OV2|dbdf8c|H4|B,186780944
192295379,186780704,BTCUSD,1,1.98,3,EXPERT,2026-05-15 00:30:03,0.03,81424.44,0.0,0.0,converted_from_iso8601_offset_to_utc_naive,0,0.0,0.0,0.0,OMEGA_PARTIAL_CL,186781068
192295382,186780706,BTCUSD,1,2.02,3,EXPERT,2026-05-15 00:30:03,0.03,81424.48,0.0,0.0,converted_from_iso8601_offset_to_utc_naive,0,0.0,0.0,0.0,OMEGA_PARTIAL_CL,186781069
192295383,186780704,BTCUSD,1,1.98,3,EXPERT,2026-05-15 00:30:03,0.03,81424.48,0.0,0.0,converted_from_iso8601_offset_to_utc_naive,0,0.0,0.0,0.0,OMEGA_PARTIAL_CL,186781070
192295384,186780706,BTCUSD,1,2.02,3,EXPERT,2026-05-15 00:30:03,0.03,81424.48,0.0,0.0,converted_from_iso8601_offset_to_utc_naive,0,0.0,0.0,0.0,OMEGA_PARTIAL_CL,186781071
192295635,186763631,USDJPY,1,-1.57,4,SL,2026-05-15 00:31:57,0.19,158.286,0.0,0.0,converted_from_iso8601_offset_to_utc_naive,0,0.0,1.1,0.0,[sl 158.299],186781115
192295983,186780830,XRPUSD,1,-0.19,4,SL,2026-05-15 00:34:53,0.1,1.4986,0.0,0.0,converted_from_iso8601_offset_to_utc_naive,0,0.0,0.0,0.0,[sl 1.50050],186781201
192295984,186780943,XRPUSD,1,-0.42,4,SL,2026-05-15 00:34:53,0.1,1.4986,0.0,0.0,converted_from_iso8601_offset_to_utc_naive,0,0.0,0.0,0.0,[sl 1.49923],186781202
192295985,186780944,XRPUSD,1,-0.42,4,SL,2026-05-15 00:34:53,0.1,1.4986,0.0,0.0,converted_from_iso8601_offset_to_utc_naive,0,0.0,0.0,0.0,[sl 1.49923],186781203
192297024,186781629,USDJPY,0,0.0,3,EXPERT,2026-05-15 00:44:06,0.23,158.38,0.0,0.0,converted_from_iso8601_offset_to_utc_naive,0,0.0,0.0,0.0,OV2|9043e0|H1|B,186781629
192297029,186779071,USDCAD,1,-0.13,4,SL,2026-05-15 00:44:44,0.18,1.37203,0.0,0.0,converted_from_iso8601_offset_to_utc_naive,0,0.0,0.28,0.0,[sl 1.37204],186781632
192297030,186779072,USDCAD,1,-0.13,4,SL,2026-05-15 00:44:44,0.18,1.37203,0.0,0.0,converted_from_iso8601_offset_to_utc_naive,0,0.0,0.28,0.0,[sl 1.37204],186781633
192297090,186781629,USDJPY,1,-3.65,4,SL,2026-05-15 00:45:27,0.23,158.355,0.0,0.0,converted_from_iso8601_offset_to_utc_naive,0,0.0,0.0,0.0,[sl 158.361],186781683
192297589,186765174,USOIL+,1,0.0,4,SL,2026-05-15 01:00:06,0.07,97.69,0.0,0.0,converted_from_iso8601_offset_to_utc_naive,0,0.0,0.02,0.0,[sl 97.69],186782139
192297607,186782201,USDJPY,0,0.0,3,EXPERT,2026-05-15 01:00:09,0.25,158.36,0.0,0.0,converted_from_iso8601_offset_to_utc_naive,0,0.0,0.0,0.0,OV2|c34cce|H1|B,186782201
192297618,186778243,XAUUSD,1,-13.04,4,SL,2026-05-15 01:00:09,0.04,4653.99,0.0,0.0,converted_from_iso8601_offset_to_utc_naive,0,0.0,1.6099999999999999,0.0,[sl 4652.97],186782262
192297624,186778244,XAUUSD,1,-13.12,4,SL,2026-05-15 01:00:09,0.04,4653.99,0.0,0.0,converted_from_iso8601_offset_to_utc_naive,0,0.0,1.6099999999999999,0.0,[sl 4652.95],186782263
192298335,186776540,US30,1,-0.49,4,SL,2026-05-15 01:00:15,0.03,50037.55,0.0,0.0,converted_from_iso8601_offset_to_utc_naive,0,0.0,-0.34,0.0,[sl 50048.21],186782959
192298336,186776588,US30,1,-0.53,4,SL,2026-05-15 01:00:15,0.03,50037.55,0.0,0.0,converted_from_iso8601_offset_to_utc_naive,0,0.0,-0.34,0.0,[sl 50047.60],186782960
192300086,186780704,BTCUSD,1,-0.05,4,SL,2026-05-15 01:01:12,0.04,81357.36,0.0,0.0,converted_from_iso8601_offset_to_utc_naive,0,0.0,0.0,0.0,[sl 81358.58],186784163
192300104,186780706,BTCUSD,1,-0.17,4,SL,2026-05-15 01:01:14,0.04,81352.82,0.0,0.0,converted_from_iso8601_offset_to_utc_naive,0,0.0,0.0,0.0,[sl 81356.99],186784175
192300229,186784257,NZDUSD,0,0.0,3,EXPERT,2026-05-15 01:01:28,0.2,0.5911,0.0,0.0,converted_from_iso8601_offset_to_utc_naive,0,0.0,0.0,0.0,OV2|1c1d2d|H1|S,186784257
192300257,186784277,NZDUSD,0,0.0,3,EXPERT,2026-05-15 01:01:32,0.1,0.5911,0.0,0.0,converted_from_iso8601_offset_to_utc_naive,0,0.0,0.0,0.0,OV2|54f4d5|M15|S,186784277
192300674,186784610,USDCHF,0,0.0,3,EXPERT,2026-05-15 01:02:50,0.19,0.78383,0.0,0.0,converted_from_iso8601_offset_to_utc_naive,0,0.0,0.0,0.0,OV2|6394ec|H1|B,186784610
192300675,186784611,USDCHF,0,0.0,3,EXPERT,2026-05-15 01:02:51,0.19,0.78383,0.0,0.0,converted_from_iso8601_offset_to_utc_naive,0,0.0,0.0,0.0,OV2|4027ec|H1|B,186784611
192300839,186784754,CHFJPY,0,0.0,3,EXPERT,2026-05-15 01:03:52,0.18,202.077,0.0,0.0,converted_from_iso8601_offset_to_utc_naive,0,0.0,0.0,0.0,OV2|013a8e|H4|B,186784754
192300840,186784755,CHFJPY,0,0.0,3,EXPERT,2026-05-15 01:03:53,0.18,202.077,0.0,0.0,converted_from_iso8601_offset_to_utc_naive,0,0.0,0.0,0.0,OV2|b6b7b1|H4|B,186784755
192300999,186784257,NZDUSD,1,-5.2,4,SL,2026-05-15 01:04:13,0.2,0.59136,0.0,0.0,converted_from_iso8601_offset_to_utc_naive,0,0.0,0.0,0.0,[sl 0.59127],186784865
192301000,186784277,NZDUSD,1,-2.6,4,SL,2026-05-15 01:04:13,0.1,0.59136,0.0,0.0,converted_from_iso8601_offset_to_utc_naive,0,0.0,0.0,0.0,[sl 0.59127],186784866
192301052,186784901,BTCUSD,0,0.0,3,EXPERT,2026-05-15 01:04:24,0.1,81398.45,0.0,0.0,converted_from_iso8601_offset_to_utc_naive,0,0.0,0.0,0.0,OV2|68b81a|H1|B,186784901
192301152,186782201,USDJPY,1,0.0,4,SL,2026-05-15 01:04:36,0.25,158.36,0.0,0.0,converted_from_iso8601_offset_to_utc_naive,0,0.0,0.0,0.0,[sl 158.360],186784962
192303740,186759933,USOIL+,1,0.0,4,SL,2026-05-15 01:08:12,0.07,97.45,0.0,0.0,converted_from_iso8601_offset_to_utc_naive,0,0.0,0.02,0.0,[sl 97.45],186787044
192303936,186787202,XAUUSD,0,0.0,3,EXPERT,2026-05-15 01:08:43,0.06,4655.67,0.0,0.0,converted_from_iso8601_offset_to_utc_naive,0,0.0,0.0,0.0,OV2|065769|H1|S,186787202
192304204,186787437,BTCUSD,0,0.0,3,EXPERT,2026-05-15 01:09:36,0.1,81444.5,0.0,0.0,converted_from_iso8601_offset_to_utc_naive,0,0.0,0.0,0.0,OV2|54bdd9|H1|B,186787437
192304268,186787489,XAUUSD,0,0.0,3,EXPERT,2026-05-15 01:09:59,0.06,4655.79,0.0,0.0,converted_from_iso8601_offset_to_utc_naive,0,0.0,0.0,0.0,OV2|8d6f4e|H1|S,186787489
192304269,186787490,XAUUSD,0,0.0,3,EXPERT,2026-05-15 01:09:59,0.06,4655.79,0.0,0.0,converted_from_iso8601_offset_to_utc_naive,0,0.0,0.0,0.0,OV2|75e37f|H1|S,186787490
192304418,186787202,XAUUSD,1,-14.88,4,SL,2026-05-15 01:10:23,0.06,4658.15,0.0,0.0,converted_from_iso8601_offset_to_utc_naive,0,0.0,0.0,0.0,[sl 4658.12],186787652
192305049,186788107,CADJPY,0,0.0,3,EXPERT,2026-05-15 01:11:54,0.22,115.466,0.0,0.0,converted_from_iso8601_offset_to_utc_naive,0,0.0,0.0,0.0,OV2|2381d3|H1|B,186788107
192305472,186788431,USDJPY,0,0.0,3,EXPERT,2026-05-15 01:13:35,0.25,158.394,0.0,0.0,converted_from_iso8601_offset_to_utc_naive,0,0.0,0.0,0.0,OV2|29e3b8|H1|B,186788431
192306433,186788431,USDJPY,1,-4.45,4,SL,2026-05-15 01:17:01,0.25,158.366,0.0,0.0,converted_from_iso8601_offset_to_utc_naive,0,0.0,0.0,0.0,[sl 158.368],186789225
192306786,186787489,XAUUSD,1,-21.24,4,SL,2026-05-15 01:18:57,0.06,4659.33,0.0,0.0,converted_from_iso8601_offset_to_utc_naive,0,0.0,0.0,0.0,[sl 4659.13],186789548
192306791,186787490,XAUUSD,1,-21.24,4,SL,2026-05-15 01:18:57,0.06,4659.33,0.0,0.0,converted_from_iso8601_offset_to_utc_naive,0,0.0,0.0,0.0,[sl 4659.13],186789550
192306955,186789631,GBPJPY,0,0.0,3,EXPERT,2026-05-15 01:18:59,0.14,212.192,0.0,0.0,converted_from_iso8601_offset_to_utc_naive,0,0.0,0.0,0.0,OV2|e83d3a|H1|S,186789631
192308823,186790905,XAGUSD,0,0.0,3,EXPERT,2026-05-15 01:25:53,0.01,83.554,0.0,0.0,converted_from_iso8601_offset_to_utc_naive,0,0.0,0.0,0.0,OV2|18d323|M15|S,186790905
192308826,186790906,XAGUSD,0,0.0,3,EXPERT,2026-05-15 01:25:53,0.01,83.554,0.0,0.0,converted_from_iso8601_offset_to_utc_naive,0,0.0,0.0,0.0,OV2|038963|M15|S,186790906
192308833,186790912,AUDJPY,0,0.0,3,EXPERT,2026-05-15 01:25:59,0.2,114.378,0.0,0.0,converted_from_iso8601_offset_to_utc_naive,0,0.0,0.0,0.0,OV2|d8725b|M15|B,186790912
192309028,186790912,AUDJPY,1,-3.81,3,EXPERT,2026-05-15 01:28:06,0.2,114.348,0.0,0.0,converted_from_iso8601_offset_to_utc_naive,0,0.0,0.0,0.0,OMEGA_PARTIAL_CL,186791060
192309186,186791171,XRPUSD,0,0.0,3,EXPERT,2026-05-15 01:29:29,0.1,1.5039500000000001,0.0,0.0,converted_from_iso8601_offset_to_utc_naive,0,0.0,0.0,0.0,OV2|e98770|H4|B,186791171
192309210,186791189,AUDJPY,0,0.0,3,EXPERT,2026-05-15 01:29:51,0.2,114.377,0.0,0.0,converted_from_iso8601_offset_to_utc_naive,0,0.0,0.0,0.0,OV2|1b4d0f|M15|B,186791189
192310661,186792242,USDJPY,0,0.0,3,EXPERT,2026-05-15 01:31:40,0.25,158.38,0.0,0.0,converted_from_iso8601_offset_to_utc_naive,0,0.0,0.0,0.0,OV2|1f5541|H1|B,186792242
192311123,186784901,BTCUSD,1,3.39,3,EXPERT,2026-05-15 01:32:36,0.03,81511.35,0.0,0.0,converted_from_iso8601_offset_to_utc_naive,0,0.0,0.0,0.0,OMEGA_PARTIAL_CL,186792561
192311124,186787437,BTCUSD,1,2.06,3,EXPERT,2026-05-15 01:32:36,0.03,81513.0,0.0,0.0,converted_from_iso8601_offset_to_utc_naive,0,0.0,0.0,0.0,OMEGA_PARTIAL_CL,186792562
192311128,186790905,XAGUSD,1,-9.65,3,EXPERT,2026-05-15 01:32:36,0.01,83.747,0.0,0.0,converted_from_iso8601_offset_to_utc_naive,0,0.0,0.0,0.0,OMEGA_PARTIAL_CL,186792565
192311433,186790906,XAGUSD,1,-9.05,3,EXPERT,2026-05-15 01:33:16,0.01,83.735,0.0,0.0,converted_from_iso8601_offset_to_utc_naive,0,0.0,0.0,0.0,OMEGA_PARTIAL_CL,186792801
192311441,186784610,USDCHF,1,-3.41,4,SL,2026-05-15 01:33:20,0.19,0.78369,0.0,0.0,converted_from_iso8601_offset_to_utc_naive,0,0.0,0.0,0.0,[sl 0.78369],186792805
192311442,186784611,USDCHF,1,-3.41,4,SL,2026-05-15 01:33:20,0.19,0.78369,0.0,0.0,converted_from_iso8601_offset_to_utc_naive,0,0.0,0.0,0.0,[sl 0.78369],186792806
192312366,186793459,USDJPY,0,0.0,3,EXPERT,2026-05-15 01:35:49,0.25,158.384,0.0,0.0,converted_from_iso8601_offset_to_utc_naive,0,0.0,0.0,0.0,OV2|ba813f|H1|B,186793459
192312414,186793489,GBPUSD,0,0.0,3,EXPERT,2026-05-15 01:36:05,0.25,1.33981,0.0,0.0,converted_from_iso8601_offset_to_utc_naive,0,0.0,0.0,0.0,OV2|e224c7|M15|S,186793489
192312504,186791189,AUDJPY,1,-3.3,4,SL,2026-05-15 01:36:51,0.2,114.351,0.0,0.0,converted_from_iso8601_offset_to_utc_naive,0,0.0,0.0,0.0,[sl 114.352],186793557
192312629,186791171,XRPUSD,1,-0.31,4,SL,2026-05-15 01:37:31,0.1,1.5009000000000001,0.0,0.0,converted_from_iso8601_offset_to_utc_naive,0,0.0,0.0,0.0,[sl 1.50182],186793636
192313020,186793489,GBPUSD,1,-3.5,4,SL,2026-05-15 01:40:26,0.25,1.33995,0.0,0.0,converted_from_iso8601_offset_to_utc_naive,0,0.0,0.0,0.0,[sl 1.33995],186793896
192313071,186789631,GBPJPY,1,-2.85,4,SL,2026-05-15 01:40:36,0.14,212.224,0.0,0.0,converted_from_iso8601_offset_to_utc_naive,0,0.0,0.0,0.0,[sl 212.224],186793932
192313341,186792242,USDJPY,1,-1.43,4,SL,2026-05-15 01:41:26,0.25,158.371,0.0,0.0,converted_from_iso8601_offset_to_utc_naive,0,0.0,0.0,0.0,[sl 158.372],186794105
192313344,186793459,USDJPY,1,-3.02,4,SL,2026-05-15 01:41:26,0.25,158.365,0.0,0.0,converted_from_iso8601_offset_to_utc_naive,0,0.0,0.0,0.0,[sl 158.365],186794107
192313674,186794392,DOGUSD,0,0.0,3,EXPERT,2026-05-15 01:42:36,0.1,0.11661,0.0,0.0,converted_from_iso8601_offset_to_utc_naive,0,0.0,0.0,0.0,OV2|8f80f3|H1|B,186794392
192313888,186794632,XRPUSD,0,0.0,3,EXPERT,2026-05-15 01:43:23,0.1,1.5038,0.0,0.0,converted_from_iso8601_offset_to_utc_naive,0,0.0,0.0,0.0,OV2|577d66|H4|B,186794632
192314469,186794392,DOGUSD,1,-0.03,3,EXPERT,2026-05-15 01:46:27,0.1,0.11633,0.0,0.0,converted_from_iso8601_offset_to_utc_naive,0,0.0,0.0,0.0,OMEGA_PARTIAL_CL,186795213
192314746,186795417,XAUUSD,0,0.0,3,EXPERT,2026-05-15 01:48:29,0.08,4660.99,0.0,0.0,converted_from_iso8601_offset_to_utc_naive,0,0.0,0.0,0.0,OV2|f75519|H1|S,186795417
192314794,186784754,CHFJPY,1,-2.28,4,SL,2026-05-15 01:48:59,0.18,202.057,0.0,0.0,converted_from_iso8601_offset_to_utc_naive,0,0.0,0.0,0.0,[sl 202.057],186795449
192314795,186784755,CHFJPY,1,-2.28,4,SL,2026-05-15 01:48:59,0.18,202.057,0.0,0.0,converted_from_iso8601_offset_to_utc_naive,0,0.0,0.0,0.0,[sl 202.057],186795450
192314825,186795474,XAUUSD,0,0.0,3,EXPERT,2026-05-15 01:49:05,0.07,4660.87,0.0,0.0,converted_from_iso8601_offset_to_utc_naive,0,0.0,0.0,0.0,OV2|e160b2|H1|S,186795474
192314826,186795475,XAUUSD,0,0.0,3,EXPERT,2026-05-15 01:49:06,0.07,4660.88,0.0,0.0,converted_from_iso8601_offset_to_utc_naive,0,0.0,0.0,0.0,OV2|d809e6|H1|S,186795475
192315023,186794632,XRPUSD,1,-0.25,4,SL,2026-05-15 01:51:01,0.1,1.50135,0.0,0.0,converted_from_iso8601_offset_to_utc_naive,0,0.0,0.0,0.0,[sl 1.50137],186795622
192315066,186795655,DOGUSD,0,0.0,3,EXPERT,2026-05-15 01:51:14,0.1,0.1167,0.0,0.0,converted_from_iso8601_offset_to_utc_naive,0,0.0,0.0,0.0,OV2|19008e|H1|B,186795655
192315179,186788107,CADJPY,1,-1.4,4,SL,2026-05-15 01:52:10,0.22,115.456,0.0,0.0,converted_from_iso8601_offset_to_utc_naive,0,0.0,0.0,0.0,[sl 115.456],186795746
192315193,186795655,DOGUSD,1,-0.04,3,EXPERT,2026-05-15 01:52:13,0.1,0.11634,0.0,0.0,converted_from_iso8601_offset_to_utc_naive,0,0.0,0.0,0.0,OMEGA_PARTIAL_CL,186795757
192315465,186795417,XAUUSD,1,-14.48,4,SL,2026-05-15 01:54:46,0.08,4662.8,0.0,0.0,converted_from_iso8601_offset_to_utc_naive,0,0.0,0.0,0.0,[sl 4662.78],186795955
192315542,186795474,XAUUSD,1,-14.84,4,SL,2026-05-15 01:54:57,0.07,4662.99,0.0,0.0,converted_from_iso8601_offset_to_utc_naive,0,0.0,0.0,0.0,[sl 4662.98],186796010
192315545,186795475,XAUUSD,1,-14.77,4,SL,2026-05-15 01:54:57,0.07,4662.99,0.0,0.0,converted_from_iso8601_offset_to_utc_naive,0,0.0,0.0,0.0,[sl 4662.99],186796011
192315858,186787437,BTCUSD,1,-0.34,4,SL,2026-05-15 01:57:01,0.07,81439.7,0.0,0.0,converted_from_iso8601_offset_to_utc_naive,0,0.0,0.0,0.0,[sl 81444.50],186796218
192316269,186784901,BTCUSD,1,-0.23,4,SL,2026-05-15 02:00:01,0.07,81395.1,0.0,0.0,converted_from_iso8601_offset_to_utc_naive,0,0.0,0.0,0.0,[sl 81398.45],186796734
192316378,186796956,XRPUSD,0,0.0,3,EXPERT,2026-05-15 02:00:22,0.1,1.49935,0.0,0.0,converted_from_iso8601_offset_to_utc_naive,0,0.0,0.0,0.0,OV2|8c15c8|H1|B,186796956
192316499,186797031,CHFJPY,0,0.0,3,EXPERT,2026-05-15 02:00:58,0.25,202.051,0.0,0.0,converted_from_iso8601_offset_to_utc_naive,0,0.0,0.0,0.0,OV2|f8fc73|H1|B,186797031
192316651,186797143,DOGUSD,0,0.0,3,EXPERT,2026-05-15 02:01:36,0.1,0.11646,0.0,0.0,converted_from_iso8601_offset_to_utc_naive,0,0.0,0.0,0.0,OV2|b09021|M15|B,186797143
192317000,186797143,DOGUSD,1,-0.05,3,EXPERT,2026-05-15 02:04:03,0.1,0.11598,0.0,0.0,converted_from_iso8601_offset_to_utc_naive,0,0.0,0.0,0.0,OMEGA_PARTIAL_CL,186797398
192317107,186796956,XRPUSD,1,-0.28,4,SL,2026-05-15 02:04:39,0.1,1.49655,0.0,0.0,converted_from_iso8601_offset_to_utc_naive,0,0.0,0.0,0.0,[sl 1.49709],186797483
192317127,186797031,CHFJPY,1,-3.18,4,SL,2026-05-15 02:04:44,0.25,202.031,0.0,0.0,converted_from_iso8601_offset_to_utc_naive,0,0.0,0.0,0.0,[sl 202.033],186797503
192317492,186797767,DOGUSD,0,0.0,3,EXPERT,2026-05-15 02:06:21,0.1,0.11623,0.0,0.0,converted_from_iso8601_offset_to_utc_naive,0,0.0,0.0,0.0,OV2|d657e6|H1|B,186797767
192317701,186797891,GBPJPY,0,0.0,3,EXPERT,2026-05-15 02:07:52,0.25,212.179,0.0,0.0,converted_from_iso8601_offset_to_utc_naive,0,0.0,0.0,0.0,OV2|0087d5|H1|S,186797891
192318476,186797767,DOGUSD,1,-0.07,3,EXPERT,2026-05-15 02:10:33,0.1,0.11558,0.0,0.0,converted_from_iso8601_offset_to_utc_naive,0,0.0,0.0,0.0,OMEGA_PARTIAL_CL,186798430
192318479,186797891,GBPJPY,1,2.41,3,EXPERT,2026-05-15 02:10:33,0.06,212.115,0.0,0.0,converted_from_iso8601_offset_to_utc_naive,0,0.0,0.0,0.0,OMEGA_PARTIAL_CL,186798431
192319455,186799102,BTCUSD,0,0.0,3,EXPERT,2026-05-15 02:13:36,0.09,81262.75,0.0,0.0,converted_from_iso8601_offset_to_utc_naive,0,0.0,0.0,0.0,OV2|cf83b7|H1|B,186799102
192319459,186799109,BTCUSD,0,0.0,3,EXPERT,2026-05-15 02:13:37,0.04,81262.35,0.0,0.0,converted_from_iso8601_offset_to_utc_naive,0,0.0,0.0,0.0,OV2|1f46bc|H1|B,186799109
192320881,186800084,XRPUSD,0,0.0,3,EXPERT,2026-05-15 02:15:36,0.1,1.49525,0.0,0.0,converted_from_iso8601_offset_to_utc_naive,0,0.0,0.0,0.0,OV2|9cf7e8|H1|B,186800084
192321909,186800084,XRPUSD,1,-0.25,4,SL,2026-05-15 02:17:19,0.1,1.4928,0.0,0.0,converted_from_iso8601_offset_to_utc_naive,0,0.0,0.0,0.0,[sl 1.49292],186800769
192322157,186800940,USOIL+,0,0.0,3,EXPERT,2026-05-15 02:18:43,0.1,97.87,0.0,0.0,converted_from_iso8601_offset_to_utc_naive,0,0.0,0.0,0.0,OV2|0b07a9|H1|B,186800940
192322158,186800941,USOIL+,0,0.0,3,EXPERT,2026-05-15 02:18:43,0.1,97.87,0.0,0.0,converted_from_iso8601_offset_to_utc_naive,0,0.0,0.0,0.0,OV2|ab235f|H1|B,186800941
192322738,186800940,USOIL+,1,-1.0,3,EXPERT,2026-05-15 02:22:10,0.1,97.77,0.0,0.0,converted_from_iso8601_offset_to_utc_naive,0,0.0,0.0,0.0,OMEGA_PARTIAL_CL,186801335
192322856,186799102,BTCUSD,1,-4.54,4,SL,2026-05-15 02:22:38,0.09,81212.34,0.0,0.0,converted_from_iso8601_offset_to_utc_naive,0,0.0,0.0,0.0,[sl 81214.95],186801413
192322857,186799109,BTCUSD,1,-2.0,4,SL,2026-05-15 02:22:38,0.04,81212.34,0.0,0.0,converted_from_iso8601_offset_to_utc_naive,0,0.0,0.0,0.0,[sl 81214.55],186801414
192323826,186800941,USOIL+,1,-1.3,3,EXPERT,2026-05-15 02:25:56,0.1,97.74,0.0,0.0,converted_from_iso8601_offset_to_utc_naive,0,0.0,0.0,0.0,OMEGA_PARTIAL_CL,186802143
192324974,186802938,DOGUSD,0,0.0,3,EXPERT,2026-05-15 02:27:25,0.1,0.11602,0.0,0.0,converted_from_iso8601_offset_to_utc_naive,0,0.0,0.0,0.0,OV2|10eabe|H1|B,186802938
192325073,186803004,XRPUSD,0,0.0,3,EXPERT,2026-05-15 02:28:00,0.1,1.49555,0.0,0.0,converted_from_iso8601_offset_to_utc_naive,0,0.0,0.0,0.0,OV2|7ddfd6|H1|B,186803004
192325342,186802938,DOGUSD,1,-0.04,3,EXPERT,2026-05-15 02:28:48,0.1,0.11558,0.0,0.0,converted_from_iso8601_offset_to_utc_naive,0,0.0,0.0,0.0,OMEGA_PARTIAL_CL,186803199
192330807,186806491,XAUUSD,0,0.0,3,EXPERT,2026-05-15 02:32:25,0.05,4657.52,0.0,0.0,converted_from_iso8601_offset_to_utc_naive,0,0.0,0.0,0.0,OV2|dd43e1|H1|S,186806491
192330808,186806492,XAUUSD,0,0.0,3,EXPERT,2026-05-15 02:32:25,0.05,4657.52,0.0,0.0,converted_from_iso8601_offset_to_utc_naive,0,0.0,0.0,0.0,OV2|cb88e7|H1|S,186806492
192330829,186803004,XRPUSD,1,-0.3,4,SL,2026-05-15 02:32:27,0.1,1.49255,0.0,0.0,converted_from_iso8601_offset_to_utc_naive,0,0.0,0.0,0.0,[sl 1.49314],186806505
192331419,186806491,XAUUSD,1,3.93,3,EXPERT,2026-05-15 02:33:45,0.01,4653.59,0.0,0.0,converted_from_iso8601_offset_to_utc_naive,0,0.0,0.0,0.0,OMEGA_PARTIAL_CL,186806911
192331895,186807200,XRPUSD,0,0.0,3,EXPERT,2026-05-15 02:34:37,0.1,1.4956,0.0,0.0,converted_from_iso8601_offset_to_utc_naive,0,0.0,0.0,0.0,OV2|ffc645|H1|B,186807200
192332812,186807733,DOGUSD,0,0.0,3,EXPERT,2026-05-15 02:34:52,0.1,0.11594,0.0,0.0,converted_from_iso8601_offset_to_utc_naive,0,0.0,0.0,0.0,OV2|5798d1|H1|B,186807733
192335657,186806491,XAUUSD,1,40.84,5,TP,2026-05-15 02:37:02,0.04,4647.31,0.0,0.0,converted_from_iso8601_offset_to_utc_naive,0,0.0,0.0,0.0,[tp 4647.70],186809444
192335664,186806492,XAUUSD,1,51.05,5,TP,2026-05-15 02:37:02,0.05,4647.31,0.0,0.0,converted_from_iso8601_offset_to_utc_naive,0,0.0,0.0,0.0,[tp 4647.70],186809446
192336940,186807733,DOGUSD,1,-0.03,3,EXPERT,2026-05-15 02:38:54,0.1,0.11565,0.0,0.0,converted_from_iso8601_offset_to_utc_naive,0,0.0,0.0,0.0,OMEGA_PARTIAL_CL,186810388
192337101,186807200,XRPUSD,1,-0.25,4,SL,2026-05-15 02:39:06,0.1,1.4931,0.0,0.0,converted_from_iso8601_offset_to_utc_naive,0,0.0,0.0,0.0,[sl 1.49310],186810486
192337326,186797891,GBPJPY,1,0.0,4,SL,2026-05-15 02:39:48,0.19,212.179,0.0,0.0,converted_from_iso8601_offset_to_utc_naive,0,0.0,0.0,0.0,[sl 212.179],186810633
192337759,186810901,XAGUSD,0,0.0,3,EXPERT,2026-05-15 02:40:56,0.01,83.34,0.0,0.0,converted_from_iso8601_offset_to_utc_naive,0,0.0,0.0,0.0,OV2|b72a7b|M15|S,186810901
192337775,186810918,XAGUSD,0,0.0,3,EXPERT,2026-05-15 02:41:02,0.01,83.362,0.0,0.0,converted_from_iso8601_offset_to_utc_naive,0,0.0,0.0,0.0,OV2|92c457|M15|S,186810918
192339035,186810901,XAGUSD,1,-13.05,4,SL,2026-05-15 02:43:21,0.01,83.601,0.0,0.0,converted_from_iso8601_offset_to_utc_naive,0,0.0,0.0,0.0,[sl 83.590],186811714
192339066,186810918,XAGUSD,1,-12.65,4,SL,2026-05-15 02:43:23,0.01,83.615,0.0,0.0,converted_from_iso8601_offset_to_utc_naive,0,0.0,0.0,0.0,[sl 83.612],186811739
192339321,186811929,DOGUSD,0,0.0,3,EXPERT,2026-05-15 02:43:32,0.1,0.1153,0.0,0.0,converted_from_iso8601_offset_to_utc_naive,0,0.0,0.0,0.0,OV2|7162a1|M15|S,186811929
192340286,186811929,DOGUSD,1,-0.02,3,EXPERT,2026-05-15 02:45:03,0.1,0.11553,0.0,0.0,converted_from_iso8601_offset_to_utc_naive,0,0.0,0.0,0.0,OMEGA_PARTIAL_CL,186812612
192340623,186812872,USOIL+,0,0.0,3,EXPERT,2026-05-15 02:45:47,0.1,97.87,0.0,0.0,converted_from_iso8601_offset_to_utc_naive,0,0.0,0.0,0.0,OV2|aef469|H1|B,186812872
192340636,186812889,USOIL+,0,0.0,3,EXPERT,2026-05-15 02:45:54,0.05,97.87,0.0,0.0,converted_from_iso8601_offset_to_utc_naive,0,0.0,0.0,0.0,OV2|33d875|H1|B,186812889
192341159,186813229,ETHUSD,0,0.0,3,EXPERT,2026-05-15 02:47:08,0.1,2284.667,0.0,0.0,converted_from_iso8601_offset_to_utc_naive,0,0.0,0.0,0.0,OV2|a2686c|M15|S,186813229
192341179,186813246,ETHUSD,0,0.0,3,EXPERT,2026-05-15 02:47:16,0.1,2285.051,0.0,0.0,converted_from_iso8601_offset_to_utc_naive,0,0.0,0.0,0.0,OV2|902df0|M15|S,186813246
192341604,186813514,XAGUSD,0,0.0,3,EXPERT,2026-05-15 02:47:50,0.01,83.48,0.0,0.0,converted_from_iso8601_offset_to_utc_naive,0,0.0,0.0,0.0,OV2|cf6079|M15|S,186813514
192342448,186812872,USOIL+,1,-0.9,3,EXPERT,2026-05-15 02:50:22,0.1,97.78,0.0,0.0,converted_from_iso8601_offset_to_utc_naive,0,0.0,0.0,0.0,OMEGA_PARTIAL_CL,186814101
192342486,186812889,USOIL+,1,-0.45,3,EXPERT,2026-05-15 02:50:28,0.05,97.78,0.0,0.0,converted_from_iso8601_offset_to_utc_naive,0,0.0,0.0,0.0,OMEGA_PARTIAL_CL,186814134
192343137,186814581,GBPJPY,0,0.0,3,EXPERT,2026-05-15 02:52:26,0.25,212.077,0.0,0.0,converted_from_iso8601_offset_to_utc_naive,0,0.0,0.0,0.0,OV2|9cd54d|H1|S,186814581
192343180,186814612,BTCUSD,0,0.0,3,EXPERT,2026-05-15 02:52:47,0.08,81102.55,0.0,0.0,converted_from_iso8601_offset_to_utc_naive,0,0.0,0.0,0.0,OV2|c65f2e|H4|B,186814612
192343420,186814764,GBPUSD,0,0.0,3,EXPERT,2026-05-15 02:54:20,0.25,1.33939,0.0,0.0,converted_from_iso8601_offset_to_utc_naive,0,0.0,0.0,0.0,OV2|c99c01|M15|S,186814764
192343451,186814783,GBPUSD,0,0.0,3,EXPERT,2026-05-15 02:54:25,0.25,1.33939,0.0,0.0,converted_from_iso8601_offset_to_utc_naive,0,0.0,0.0,0.0,OV2|6aa58b|M15|S,186814783
192343467,186814796,USDJPY,0,0.0,3,EXPERT,2026-05-15 02:54:28,0.2,158.352,0.0,0.0,converted_from_iso8601_offset_to_utc_naive,0,0.0,0.0,0.0,OV2|d022f9|H1|B,186814796
192343474,186814804,USDJPY,0,0.0,3,EXPERT,2026-05-15 02:54:32,0.2,158.352,0.0,0.0,converted_from_iso8601_offset_to_utc_naive,0,0.0,0.0,0.0,OV2|b5b095|H1|B,186814804
192344194,186815279,GBPJPY,0,0.0,3,EXPERT,2026-05-15 02:55:39,0.25,212.051,0.0,0.0,converted_from_iso8601_offset_to_utc_naive,0,0.0,0.0,0.0,OV2|87fa04|M15|S,186815279
192344920,186814783,GBPUSD,1,1.6800000000000002,3,EXPERT,2026-05-15 02:56:35,0.06,1.33911,0.0,0.0,converted_from_iso8601_offset_to_utc_naive,0,0.0,0.0,0.0,OMEGA_PARTIAL_CL,186815747
192345590,186816217,BTCUSD,0,0.0,3,EXPERT,2026-05-15 02:59:12,0.08,81077.65,0.0,0.0,converted_from_iso8601_offset_to_utc_naive,0,0.0,0.0,0.0,OV2|f1dacd|H1|B,186816217
192345613,186813514,XAGUSD,1,-0.5,4,SL,2026-05-15 02:59:21,0.01,83.49,0.0,0.0,converted_from_iso8601_offset_to_utc_naive,0,0.0,0.0,0.0,[sl 83.480],186816232
192345715,186815279,GBPJPY,1,-6.67,4,SL,2026-05-15 02:59:46,0.25,212.093,0.0,0.0,converted_from_iso8601_offset_to_utc_naive,0,0.0,0.0,0.0,[sl 212.091],186816304
192346199,186814581,GBPJPY,1,-6.04,4,SL,2026-05-15 03:00:31,0.25,212.115,0.0,0.0,converted_from_iso8601_offset_to_utc_naive,0,0.0,0.0,0.0,[sl 212.115],186817003
192346202,186817004,USOIL+,0,0.0,3,EXPERT,2026-05-15 03:00:31,0.1,97.77,0.0,0.0,converted_from_iso8601_offset_to_utc_naive,0,0.0,0.0,0.0,OV2|95d715|H1|B,186817004
192348002,186818089,XAGUSD,0,0.0,3,EXPERT,2026-05-15 03:01:38,0.01,83.317,0.0,0.0,converted_from_iso8601_offset_to_utc_naive,0,0.0,0.0,0.0,OV2|a6194a|M15|S,186818089
192350478,186813229,ETHUSD,1,0.05,3,EXPERT,2026-05-15 03:02:21,0.1,2284.2,0.0,0.0,converted_from_iso8601_offset_to_utc_naive,0,0.0,0.0,0.0,OMEGA_PARTIAL_CL,186819573
192350481,186813246,ETHUSD,1,0.09,3,EXPERT,2026-05-15 03:02:21,0.1,2284.2,0.0,0.0,converted_from_iso8601_offset_to_utc_naive,0,0.0,0.0,0.0,OMEGA_PARTIAL_CL,186819574
192350483,186814764,GBPUSD,1,4.2,3,EXPERT,2026-05-15 03:02:21,0.06,1.33869,0.0,0.0,converted_from_iso8601_offset_to_utc_naive,0,0.0,0.0,0.0,OMEGA_PARTIAL_CL,186819577
192350484,186814764,GBPUSD,1,3.45,3,EXPERT,2026-05-15 03:02:21,0.05,1.3387,0.0,0.0,converted_from_iso8601_offset_to_utc_naive,0,0.0,0.0,0.0,OMEGA_PARTIAL_CL,186819580
192350491,186814796,USDJPY,1,1.47,3,EXPERT,2026-05-15 03:02:21,0.05,158.399,0.0,0.0,converted_from_iso8601_offset_to_utc_naive,0,0.0,0.0,0.0,OMEGA_PARTIAL_CL,186819582
192350494,186814804,USDJPY,1,1.47,3,EXPERT,2026-05-15 03:02:21,0.05,158.399,0.0,0.0,converted_from_iso8601_offset_to_utc_naive,0,0.0,0.0,0.0,OMEGA_PARTIAL_CL,186819587
192351165,186817004,USOIL+,1,-1.3,3,EXPERT,2026-05-15 03:02:59,0.1,97.64,0.0,0.0,converted_from_iso8601_offset_to_utc_naive,0,0.0,0.0,0.0,OMEGA_PARTIAL_CL,186820000
192351620,186818089,XAGUSD,1,-14.15,4,SL,2026-05-15 03:03:16,0.01,83.6,0.0,0.0,converted_from_iso8601_offset_to_utc_naive,0,0.0,0.0,0.0,[sl 83.592],186820353
192352907,186821202,XRPUSD,0,0.0,3,EXPERT,2026-05-15 03:04:06,0.1,1.4882,0.0,0.0,converted_from_iso8601_offset_to_utc_naive,0,0.0,0.0,0.0,OV2|ce34dd|H4|B,186821202
192353576,186821659,EURJPY,0,0.0,3,EXPERT,2026-05-15 03:04:57,0.2,184.645,0.0,0.0,converted_from_iso8601_offset_to_utc_naive,0,0.0,0.0,0.0,OV2|ecd31f|H1|S,186821659
192353578,186821661,EURJPY,0,0.0,3,EXPERT,2026-05-15 03:04:57,0.2,184.645,0.0,0.0,converted_from_iso8601_offset_to_utc_naive,0,0.0,0.0,0.0,OV2|e60b44|H1|S,186821661
192353895,186821911,GBPJPY,0,0.0,3,EXPERT,2026-05-15 03:05:45,0.25,212.038,0.0,0.0,converted_from_iso8601_offset_to_utc_naive,0,0.0,0.0,0.0,OV2|1edf86|M15|S,186821911
192353896,186821912,GBPJPY,0,0.0,3,EXPERT,2026-05-15 03:05:45,0.25,212.038,0.0,0.0,converted_from_iso8601_offset_to_utc_naive,0,0.0,0.0,0.0,OV2|90dcbf|M15|S,186821912
192355348,186816217,BTCUSD,1,15.9,5,TP,2026-05-15 03:07:53,0.08,81276.38,0.0,0.0,converted_from_iso8601_offset_to_utc_naive,0,0.0,0.0,0.0,[tp 81276.30],186823014
192355480,186823215,XAUUSD,0,0.0,3,EXPERT,2026-05-15 03:08:20,0.05,4648.24,0.0,0.0,converted_from_iso8601_offset_to_utc_naive,0,0.0,0.0,0.0,OV2|b44a2e|H1|S,186823215
192355491,186823237,XAUUSD,0,0.0,3,EXPERT,2026-05-15 03:08:22,0.05,4648.76,0.0,0.0,converted_from_iso8601_offset_to_utc_naive,0,0.0,0.0,0.0,OV2|52a4ce|H1|S,186823237
192355734,186814612,BTCUSD,1,3.67,3,EXPERT,2026-05-15 03:08:45,0.02,81285.99,0.0,0.0,converted_from_iso8601_offset_to_utc_naive,0,0.0,0.0,0.0,OMEGA_PARTIAL_CL,186823513
192355735,186814612,BTCUSD,1,1.83,3,EXPERT,2026-05-15 03:08:45,0.01,81285.99,0.0,0.0,converted_from_iso8601_offset_to_utc_naive,0,0.0,0.0,0.0,OMEGA_PARTIAL_CL,186823515
192355736,186821659,EURJPY,1,-6.1,3,EXPERT,2026-05-15 03:08:45,0.2,184.693,0.0,0.0,converted_from_iso8601_offset_to_utc_naive,0,0.0,0.0,0.0,OMEGA_PARTIAL_CL,186823516
192355746,186821661,EURJPY,1,-6.1,3,EXPERT,2026-05-15 03:08:47,0.2,184.693,0.0,0.0,converted_from_iso8601_offset_to_utc_naive,0,0.0,0.0,0.0,OMEGA_PARTIAL_CL,186823535
192355756,186814612,BTCUSD,1,9.81,5,TP,2026-05-15 03:08:48,0.05,81298.7,0.0,0.0,converted_from_iso8601_offset_to_utc_naive,0,0.0,0.0,0.0,[tp 81295.87],186823547
192355958,186821911,GBPJPY,1,-8.42,3,EXPERT,2026-05-15 03:09:18,0.25,212.091,0.0,0.0,converted_from_iso8601_offset_to_utc_naive,0,0.0,0.0,0.0,OMEGA_PARTIAL_CL,186823839
192356553,186824252,UKOIL+,0,0.0,3,EXPERT,2026-05-15 03:10:34,0.1,103.22,0.0,0.0,converted_from_iso8601_offset_to_utc_naive,0,0.0,0.0,0.0,OV2|f3ca9c|M15|B,186824252
192356619,186824294,USOIL+,0,0.0,3,EXPERT,2026-05-15 03:10:55,0.1,97.67,0.0,0.0,converted_from_iso8601_offset_to_utc_naive,0,0.0,0.0,0.0,OV2|70e9ef|H1|B,186824294
192356653,186824315,EURJPY,0,0.0,3,EXPERT,2026-05-15 03:11:02,0.2,184.663,0.0,0.0,converted_from_iso8601_offset_to_utc_naive,0,0.0,0.0,0.0,OV2|fa349b|H1|S,186824315
192357241,186824806,GBPJPY,0,0.0,3,EXPERT,2026-05-15 03:12:27,0.25,212.038,0.0,0.0,converted_from_iso8601_offset_to_utc_naive,0,0.0,0.0,0.0,OV2|962089|M15|S,186824806
192357307,186814796,USDJPY,1,0.0,4,SL,2026-05-15 03:12:38,0.15,158.352,0.0,0.0,converted_from_iso8601_offset_to_utc_naive,0,0.0,0.0,0.0,[sl 158.352],186824900
192357308,186814804,USDJPY,1,0.0,4,SL,2026-05-15 03:12:38,0.15,158.352,0.0,0.0,converted_from_iso8601_offset_to_utc_naive,0,0.0,0.0,0.0,[sl 158.352],186824901
192357320,186824914,DOGUSD,0,0.0,3,EXPERT,2026-05-15 03:12:40,0.1,0.11595,0.0,0.0,converted_from_iso8601_offset_to_utc_naive,0,0.0,0.0,0.0,OV2|5724a7|H1|B,186824914
192357503,186825189,NZDUSD,0,0.0,3,EXPERT,2026-05-15 03:13:09,0.2,0.59012,0.0,0.0,converted_from_iso8601_offset_to_utc_naive,0,0.0,0.0,0.0,OV2|928bec|M15|S,186825189
192357559,186825250,NZDUSD,0,0.0,3,EXPERT,2026-05-15 03:13:11,0.2,0.59013,0.0,0.0,converted_from_iso8601_offset_to_utc_naive,0,0.0,0.0,0.0,OV2|ecd1c7|H1|S,186825250
192357757,186825409,EURUSD,0,0.0,3,EXPERT,2026-05-15 03:13:21,0.25,1.16591,0.0,0.0,converted_from_iso8601_offset_to_utc_naive,0,0.0,0.0,0.0,OV2|f683b1|H1|S,186825409
192358301,186821202,XRPUSD,1,0.41,3,EXPERT,2026-05-15 03:14:25,0.1,1.4923,0.0,0.0,converted_from_iso8601_offset_to_utc_naive,0,0.0,0.0,0.0,OMEGA_PARTIAL_CL,186825807
192358432,186825409,EURUSD,1,-4.25,4,SL,2026-05-15 03:14:28,0.25,1.16608,0.0,0.0,converted_from_iso8601_offset_to_utc_naive,0,0.0,0.0,0.0,[sl 1.16608],186825876
192358887,186824252,UKOIL+,1,-1.0,4,SL,2026-05-15 03:15:01,0.1,103.12,0.0,0.0,converted_from_iso8601_offset_to_utc_naive,0,0.0,0.0,0.0,[sl 103.12],186826237
192358888,186824294,USOIL+,1,-0.9,4,SL,2026-05-15 03:15:01,0.1,97.58,0.0,0.0,converted_from_iso8601_offset_to_utc_naive,0,0.0,0.0,0.0,[sl 97.58],186826239
192358891,186823215,XAUUSD,1,-24.45,4,SL,2026-05-15 03:15:01,0.05,4653.13,0.0,0.0,converted_from_iso8601_offset_to_utc_naive,0,0.0,0.0,0.0,[sl 4653.08],186826242
192358924,186825189,NZDUSD,1,-3.6,4,SL,2026-05-15 03:15:02,0.2,0.5903,0.0,0.0,converted_from_iso8601_offset_to_utc_naive,0,0.0,0.0,0.0,[sl 0.59030],186826279
192358979,186823237,XAUUSD,1,-24.35,4,SL,2026-05-15 03:15:02,0.05,4653.63,0.0,0.0,converted_from_iso8601_offset_to_utc_naive,0,0.0,0.0,0.0,[sl 4653.60],186826305
192358991,186825250,NZDUSD,1,-4.2,4,SL,2026-05-15 03:15:02,0.2,0.59034,0.0,0.0,converted_from_iso8601_offset_to_utc_naive,0,0.0,0.0,0.0,[sl 0.59031],186826326
192363155,186828930,XAGUSD,0,0.0,3,EXPERT,2026-05-15 03:17:23,0.01,83.434,0.0,0.0,converted_from_iso8601_offset_to_utc_naive,0,0.0,0.0,0.0,OV2|d05d6d|M15|S,186828930
192363161,186828933,XAGUSD,0,0.0,3,EXPERT,2026-05-15 03:17:24,0.01,83.45,0.0,0.0,converted_from_iso8601_offset_to_utc_naive,0,0.0,0.0,0.0,OV2|9cfe16|M15|S,186828933
192363162,186828934,XAGUSD,0,0.0,3,EXPERT,2026-05-15 03:17:24,0.01,83.45,0.0,0.0,converted_from_iso8601_offset_to_utc_naive,0,0.0,0.0,0.0,OV2|9e950c|M15|S,186828934
192363635,186824315,EURJPY,1,-4.2,4,SL,2026-05-15 03:18:14,0.2,184.696,0.0,0.0,converted_from_iso8601_offset_to_utc_naive,0,0.0,0.0,0.0,[sl 184.696],186829497
192363727,186828930,XAGUSD,1,-12.9,4,SL,2026-05-15 03:18:15,0.01,83.692,0.0,0.0,converted_from_iso8601_offset_to_utc_naive,0,0.0,0.0,0.0,[sl 83.691],186829576
192363971,186821912,GBPJPY,1,-7.3,4,SL,2026-05-15 03:18:38,0.25,212.084,0.0,0.0,converted_from_iso8601_offset_to_utc_naive,0,0.0,0.0,0.0,[sl 212.084],186829814
192363972,186824806,GBPJPY,1,-7.3,4,SL,2026-05-15 03:18:38,0.25,212.084,0.0,0.0,converted_from_iso8601_offset_to_utc_naive,0,0.0,0.0,0.0,[sl 212.084],186829815
192364137,186824914,DOGUSD,1,-0.01,4,SL,2026-05-15 03:18:54,0.1,0.11585,0.0,0.0,converted_from_iso8601_offset_to_utc_naive,0,0.0,0.0,0.0,[sl 0.11586],186829985
192377730,186838868,GBPJPY,0,0.0,3,EXPERT,2026-05-15 03:30:37,0.25,212.049,0.0,0.0,converted_from_iso8601_offset_to_utc_naive,0,0.0,0.0,0.0,OV2|e92d76|M15|S,186838868
192377732,186838870,GBPJPY,0,0.0,3,EXPERT,2026-05-15 03:30:37,0.25,212.049,0.0,0.0,converted_from_iso8601_offset_to_utc_naive,0,0.0,0.0,0.0,OV2|10a10c|M15|S,186838870
192379077,186828933,XAGUSD,1,41.2,5,TP,2026-05-15 03:30:59,0.01,82.626,0.0,0.0,converted_from_iso8601_offset_to_utc_naive,0,0.0,0.0,0.0,[tp 82.637],186839645
192379079,186828934,XAGUSD,1,41.2,5,TP,2026-05-15 03:30:59,0.01,82.626,0.0,0.0,converted_from_iso8601_offset_to_utc_naive,0,0.0,0.0,0.0,[tp 82.638],186839646
192380064,186840295,NZDUSD,0,0.0,3,EXPERT,2026-05-15 03:32:01,0.2,0.58994,0.0,0.0,converted_from_iso8601_offset_to_utc_naive,0,0.0,0.0,0.0,OV2|b1a530|H1|S,186840295
192380065,186840297,NZDUSD,0,0.0,3,EXPERT,2026-05-15 03:32:01,0.2,0.58994,0.0,0.0,converted_from_iso8601_offset_to_utc_naive,0,0.0,0.0,0.0,OV2|8a96cc|H1|S,186840297
192380515,186840580,BTCUSD,0,0.0,3,EXPERT,2026-05-15 03:32:51,0.1,81544.65,0.0,0.0,converted_from_iso8601_offset_to_utc_naive,0,0.0,0.0,0.0,OV2|e13d5a|H4|B,186840580
192380519,186840585,BTCUSD,0,0.0,3,EXPERT,2026-05-15 03:32:51,0.1,81544.65,0.0,0.0,converted_from_iso8601_offset_to_utc_naive,0,0.0,0.0,0.0,OV2|537270|H4|B,186840585
192381102,186840945,EURUSD,0,0.0,3,EXPERT,2026-05-15 03:33:31,0.25,1.16574,0.0,0.0,converted_from_iso8601_offset_to_utc_naive,0,0.0,0.0,0.0,OV2|75acac|H1|S,186840945
192381111,186840948,EURUSD,0,0.0,3,EXPERT,2026-05-15 03:33:32,0.25,1.16574,0.0,0.0,converted_from_iso8601_offset_to_utc_naive,0,0.0,0.0,0.0,OV2|3509eb|H1|S,186840948
192381242,186841025,CHFJPY,0,0.0,3,EXPERT,2026-05-15 03:33:45,0.25,201.893,0.0,0.0,converted_from_iso8601_offset_to_utc_naive,0,0.0,0.0,0.0,OV2|ce05d9|M15|S,186841025
192381247,186841028,CHFJPY,0,0.0,3,EXPERT,2026-05-15 03:33:45,0.25,201.893,0.0,0.0,converted_from_iso8601_offset_to_utc_naive,0,0.0,0.0,0.0,OV2|9b64d0|M15|S,186841028
192381740,186840580,BTCUSD,1,3.19,3,EXPERT,2026-05-15 03:34:34,0.03,81651.06,0.0,0.0,converted_from_iso8601_offset_to_utc_naive,0,0.0,0.0,0.0,OMEGA_PARTIAL_CL,186841332
192381748,186840585,BTCUSD,1,3.29,3,EXPERT,2026-05-15 03:34:34,0.03,81654.46,0.0,0.0,converted_from_iso8601_offset_to_utc_naive,0,0.0,0.0,0.0,OMEGA_PARTIAL_CL,186841337
192382130,186838868,GBPJPY,1,-6.19,4,SL,2026-05-15 03:35:23,0.25,212.088,0.0,0.0,converted_from_iso8601_offset_to_utc_naive,0,0.0,0.0,0.0,[sl 212.088],186841595
192382186,186841025,CHFJPY,1,-5.39,4,SL,2026-05-15 03:35:31,0.25,201.927,0.0,0.0,converted_from_iso8601_offset_to_utc_naive,0,0.0,0.0,0.0,[sl 201.926],186841630
192382618,186841923,GBPJPY,0,0.0,3,EXPERT,2026-05-15 03:36:47,0.25,212.051,0.0,0.0,converted_from_iso8601_offset_to_utc_naive,0,0.0,0.0,0.0,OV2|82825d|M15|S,186841923
192382619,186841924,GBPJPY,0,0.0,3,EXPERT,2026-05-15 03:36:48,0.25,212.051,0.0,0.0,converted_from_iso8601_offset_to_utc_naive,0,0.0,0.0,0.0,OV2|91387b|M15|S,186841924
192382861,186842079,DOGUSD,0,0.0,3,EXPERT,2026-05-15 03:37:04,0.1,0.11698,0.0,0.0,converted_from_iso8601_offset_to_utc_naive,0,0.0,0.0,0.0,OV2|d09ce6|H1|B,186842079
192383556,186842550,USDJPY,0,0.0,3,EXPERT,2026-05-15 03:38:10,0.25,158.454,0.0,0.0,converted_from_iso8601_offset_to_utc_naive,0,0.0,0.0,0.0,OV2|d28559|H1|B,186842550
192383609,186842586,EURJPY,0,0.0,3,EXPERT,2026-05-15 03:38:21,0.2,184.655,0.0,0.0,converted_from_iso8601_offset_to_utc_naive,0,0.0,0.0,0.0,OV2|fa29de|H1|S,186842586
192383616,186842592,EURJPY,0,0.0,3,EXPERT,2026-05-15 03:38:22,0.2,184.652,0.0,0.0,converted_from_iso8601_offset_to_utc_naive,0,0.0,0.0,0.0,OV2|3c83ef|H1|S,186842592
192383804,186842709,XRPUSD,0,0.0,3,EXPERT,2026-05-15 03:38:55,0.1,1.4975,0.0,0.0,converted_from_iso8601_offset_to_utc_naive,0,0.0,0.0,0.0,OV2|73736d|H1|B,186842709
192383855,186842742,USOIL+,0,0.0,3,EXPERT,2026-05-15 03:39:05,0.09,97.65,0.0,0.0,converted_from_iso8601_offset_to_utc_naive,0,0.0,0.0,0.0,OV2|b504cc|H1|B,186842742
192383966,186840580,BTCUSD,1,-0.05,4,SL,2026-05-15 03:39:12,0.07,81543.93,0.0,0.0,converted_from_iso8601_offset_to_utc_naive,0,0.0,0.0,0.0,[sl 81544.65],186842829
192383967,186840585,BTCUSD,1,-0.05,4,SL,2026-05-15 03:39:12,0.07,81543.93,0.0,0.0,converted_from_iso8601_offset_to_utc_naive,0,0.0,0.0,0.0,[sl 81544.65],186842830
192384403,186843067,USOIL+,0,0.0,3,EXPERT,2026-05-15 03:39:18,0.1,97.71,0.0,0.0,converted_from_iso8601_offset_to_utc_naive,0,0.0,0.0,0.0,OV2|d849e9|H1|B,186843067
192385184,186843518,XAUUSD,0,0.0,3,EXPERT,2026-05-15 03:39:45,0.05,4619.78,0.0,0.0,converted_from_iso8601_offset_to_utc_naive,0,0.0,0.0,0.0,OV2|c5a472|H4|S,186843518
192387030,186840295,NZDUSD,1,1.8,3,EXPERT,2026-05-15 03:41:06,0.05,0.58958,0.0,0.0,converted_from_iso8601_offset_to_utc_naive,0,0.0,0.0,0.0,OMEGA_PARTIAL_CL,186844668
192387044,186840297,NZDUSD,1,1.8,3,EXPERT,2026-05-15 03:41:07,0.05,0.58958,0.0,0.0,converted_from_iso8601_offset_to_utc_naive,0,0.0,0.0,0.0,OMEGA_PARTIAL_CL,186844677
192387045,186840295,NZDUSD,1,1.8,3,EXPERT,2026-05-15 03:41:07,0.05,0.58958,0.0,0.0,converted_from_iso8601_offset_to_utc_naive,0,0.0,0.0,0.0,OMEGA_PARTIAL_CL,186844678
192387046,186840295,NZDUSD,1,1.8,3,EXPERT,2026-05-15 03:41:07,0.05,0.58958,0.0,0.0,converted_from_iso8601_offset_to_utc_naive,0,0.0,0.0,0.0,OMEGA_PARTIAL_CL,186844679
192387047,186840945,EURUSD,1,1.74,3,EXPERT,2026-05-15 03:41:07,0.06,1.16545,0.0,0.0,converted_from_iso8601_offset_to_utc_naive,0,0.0,0.0,0.0,OMEGA_PARTIAL_CL,186844680
192387048,186840297,NZDUSD,1,1.8,3,EXPERT,2026-05-15 03:41:07,0.05,0.58958,0.0,0.0,converted_from_iso8601_offset_to_utc_naive,0,0.0,0.0,0.0,OMEGA_PARTIAL_CL,186844681
192387050,186840297,NZDUSD,1,1.8,3,EXPERT,2026-05-15 03:41:07,0.05,0.58958,0.0,0.0,converted_from_iso8601_offset_to_utc_naive,0,0.0,0.0,0.0,OMEGA_PARTIAL_CL,186844683
192387055,186840945,EURUSD,1,1.74,3,EXPERT,2026-05-15 03:41:07,0.06,1.16545,0.0,0.0,converted_from_iso8601_offset_to_utc_naive,0,0.0,0.0,0.0,OMEGA_PARTIAL_CL,186844685
192387056,186840945,EURUSD,1,1.74,3,EXPERT,2026-05-15 03:41:07,0.06,1.16545,0.0,0.0,converted_from_iso8601_offset_to_utc_naive,0,0.0,0.0,0.0,OMEGA_PARTIAL_CL,186844686
192387058,186840948,EURUSD,1,1.74,3,EXPERT,2026-05-15 03:41:07,0.06,1.16545,0.0,0.0,converted_from_iso8601_offset_to_utc_naive,0,0.0,0.0,0.0,OMEGA_PARTIAL_CL,186844688
192387059,186840948,EURUSD,1,1.74,3,EXPERT,2026-05-15 03:41:07,0.06,1.16545,0.0,0.0,converted_from_iso8601_offset_to_utc_naive,0,0.0,0.0,0.0,OMEGA_PARTIAL_CL,186844690
192387060,186840948,EURUSD,1,1.74,3,EXPERT,2026-05-15 03:41:07,0.06,1.16545,0.0,0.0,converted_from_iso8601_offset_to_utc_naive,0,0.0,0.0,0.0,OMEGA_PARTIAL_CL,186844691
192387065,186842079,DOGUSD,1,-0.06,3,EXPERT,2026-05-15 03:41:07,0.1,0.1164,0.0,0.0,converted_from_iso8601_offset_to_utc_naive,0,0.0,0.0,0.0,OMEGA_PARTIAL_CL,186844695
192387066,186842709,XRPUSD,1,-0.41,3,EXPERT,2026-05-15 03:41:07,0.1,1.4934,0.0,0.0,converted_from_iso8601_offset_to_utc_naive,0,0.0,0.0,0.0,OMEGA_PARTIAL_CL,186844697
192387663,186838870,GBPJPY,1,2.26,3,EXPERT,2026-05-15 03:41:34,0.06,211.989,0.0,0.0,converted_from_iso8601_offset_to_utc_naive,0,0.0,0.0,0.0,OMEGA_PARTIAL_CL,186845067
192387666,186841923,GBPJPY,1,2.34,3,EXPERT,2026-05-15 03:41:34,0.06,211.989,0.0,0.0,converted_from_iso8601_offset_to_utc_naive,0,0.0,0.0,0.0,OMEGA_PARTIAL_CL,186845068
192389450,186846195,CHFJPY,0,0.0,3,EXPERT,2026-05-15 03:43:59,0.25,201.861,0.0,0.0,converted_from_iso8601_offset_to_utc_naive,0,0.0,0.0,0.0,OV2|85bf46|M15|S,186846195
192389576,186841924,GBPJPY,1,13.33,3,EXPERT,2026-05-15 03:44:11,0.25,211.966,0.0,0.0,converted_from_iso8601_offset_to_utc_naive,0,0.0,0.0,0.0,OMEGA_PARTIAL_CL,186846275
192389588,186846281,ETHUSD,0,0.0,3,EXPERT,2026-05-15 03:44:12,0.1,2286.467,0.0,0.0,converted_from_iso8601_offset_to_utc_naive,0,0.0,0.0,0.0,OV2|4730b0|M15|S,186846281
192389589,186846282,ETHUSD,0,0.0,3,EXPERT,2026-05-15 03:44:13,0.1,2286.473,0.0,0.0,converted_from_iso8601_offset_to_utc_naive,0,0.0,0.0,0.0,OV2|4d209b|M15|S,186846282
192389590,186846284,ETHUSD,0,0.0,3,EXPERT,2026-05-15 03:44:13,0.1,2286.473,0.0,0.0,converted_from_iso8601_offset_to_utc_naive,0,0.0,0.0,0.0,OV2|4b7049|M15|S,186846284
192389596,186846195,CHFJPY,1,-4.92,4,SL,2026-05-15 03:44:14,0.25,201.892,0.0,0.0,converted_from_iso8601_offset_to_utc_naive,0,0.0,0.0,0.0,[sl 201.892],186846287
192390950,186843518,XAUUSD,1,-14.65,4,SL,2026-05-15 03:46:03,0.05,4622.71,0.0,0.0,converted_from_iso8601_offset_to_utc_naive,0,0.0,0.0,0.0,[sl 4622.53],186847214
192391011,186846281,ETHUSD,1,-0.36,4,SL,2026-05-15 03:46:04,0.1,2290.032,0.0,0.0,converted_from_iso8601_offset_to_utc_naive,0,0.0,0.0,0.0,[sl 2290.012],186847261
192391012,186846282,ETHUSD,1,-0.36,4,SL,2026-05-15 03:46:04,0.1,2290.032,0.0,0.0,converted_from_iso8601_offset_to_utc_naive,0,0.0,0.0,0.0,[sl 2290.011],186847262
192391013,186846284,ETHUSD,1,-0.36,4,SL,2026-05-15 03:46:04,0.1,2290.032,0.0,0.0,converted_from_iso8601_offset_to_utc_naive,0,0.0,0.0,0.0,[sl 2290.011],186847263
192391864,186842586,EURJPY,1,-1.65,4,SL,2026-05-15 03:47:01,0.2,184.668,0.0,0.0,converted_from_iso8601_offset_to_utc_naive,0,0.0,0.0,0.0,[sl 184.668],186847834
192391865,186842592,EURJPY,1,-2.03,4,SL,2026-05-15 03:47:01,0.2,184.668,0.0,0.0,converted_from_iso8601_offset_to_utc_naive,0,0.0,0.0,0.0,[sl 184.668],186847835
192393186,186848602,XRPUSD,0,0.0,3,EXPERT,2026-05-15 03:47:53,0.1,1.4963,0.0,0.0,converted_from_iso8601_offset_to_utc_naive,0,0.0,0.0,0.0,OV2|b13184|H1|B,186848602
192393524,186841028,CHFJPY,1,-2.38,4,SL,2026-05-15 03:48:19,0.25,201.908,0.0,0.0,converted_from_iso8601_offset_to_utc_naive,0,0.0,0.0,0.0,[sl 201.906],186848828
192394121,186849213,DOGUSD,0,0.0,3,EXPERT,2026-05-15 03:49:46,0.1,0.11699,0.0,0.0,converted_from_iso8601_offset_to_utc_naive,0,0.0,0.0,0.0,OV2|73ec62|H1|B,186849213
192394200,186849264,USDJPY,0,0.0,3,EXPERT,2026-05-15 03:49:53,0.25,158.463,0.0,0.0,converted_from_iso8601_offset_to_utc_naive,0,0.0,0.0,0.0,OV2|db529b|H1|B,186849264
192395927,186842742,USOIL+,1,0.2,3,EXPERT,2026-05-15 03:51:46,0.02,97.75,0.0,0.0,converted_from_iso8601_offset_to_utc_naive,0,0.0,0.0,0.0,OMEGA_PARTIAL_CL,186850317
192395932,186849213,DOGUSD,1,-0.05,3,EXPERT,2026-05-15 03:51:46,0.1,0.11654,0.0,0.0,converted_from_iso8601_offset_to_utc_naive,0,0.0,0.0,0.0,OMEGA_PARTIAL_CL,186850320
192396040,186848602,XRPUSD,1,-0.33,4,SL,2026-05-15 03:52:02,0.1,1.49305,0.0,0.0,converted_from_iso8601_offset_to_utc_naive,0,0.0,0.0,0.0,[sl 1.49315],186850397
192397263,186843067,USOIL+,1,0.0,4,SL,2026-05-15 03:54:20,0.1,97.71,0.0,0.0,converted_from_iso8601_offset_to_utc_naive,0,0.0,0.0,0.0,[sl 97.71],186851297
192397849,186838870,GBPJPY,1,0.0,4,SL,2026-05-15 03:55:18,0.19,212.049,0.0,0.0,converted_from_iso8601_offset_to_utc_naive,0,0.0,0.0,0.0,[sl 212.049],186851722
192397851,186841923,GBPJPY,1,-0.24,4,SL,2026-05-15 03:55:19,0.19,212.053,0.0,0.0,converted_from_iso8601_offset_to_utc_naive,0,0.0,0.0,0.0,[sl 212.051],186851725
192398117,186851924,CADJPY,0,0.0,3,EXPERT,2026-05-15 03:55:27,0.22,115.403,0.0,0.0,converted_from_iso8601_offset_to_utc_naive,0,0.0,0.0,0.0,OV2|b222be|H1|B,186851924
192398180,186851961,CADJPY,0,0.0,3,EXPERT,2026-05-15 03:55:32,0.22,115.405,0.0,0.0,converted_from_iso8601_offset_to_utc_naive,0,0.0,0.0,0.0,OV2|6aa9dc|H1|B,186851961
192398407,186852107,BTCUSD,0,0.0,3,EXPERT,2026-05-15 03:56:12,0.1,81522.56,0.0,0.0,converted_from_iso8601_offset_to_utc_naive,0,0.0,0.0,0.0,OV2|70b6b5|H1|B,186852107
192398420,186852116,BTCUSD,0,0.0,3,EXPERT,2026-05-15 03:56:16,0.1,81525.46,0.0,0.0,converted_from_iso8601_offset_to_utc_naive,0,0.0,0.0,0.0,OV2|c856c4|H1|B,186852116
192398515,186852177,EURJPY,0,0.0,3,EXPERT,2026-05-15 03:56:30,0.17,184.683,0.0,0.0,converted_from_iso8601_offset_to_utc_naive,0,0.0,0.0,0.0,OV2|149d15|H1|S,186852177
192398523,186852185,EURJPY,0,0.0,3,EXPERT,2026-05-15 03:56:35,0.17,184.693,0.0,0.0,converted_from_iso8601_offset_to_utc_naive,0,0.0,0.0,0.0,OV2|0602f5|H1|S,186852185
192398980,186851924,CADJPY,1,-4.61,3,EXPERT,2026-05-15 03:57:21,0.22,115.37,0.0,0.0,converted_from_iso8601_offset_to_utc_naive,0,0.0,0.0,0.0,OMEGA_PARTIAL_CL,186852490
192398997,186851961,CADJPY,1,-5.31,3,EXPERT,2026-05-15 03:57:23,0.22,115.367,0.0,0.0,converted_from_iso8601_offset_to_utc_naive,0,0.0,0.0,0.0,OMEGA_PARTIAL_CL,186852509
192399020,186849264,USDJPY,1,-0.63,4,SL,2026-05-15 03:57:25,0.25,158.459,0.0,0.0,converted_from_iso8601_offset_to_utc_naive,0,0.0,0.0,0.0,[sl 158.460],186852516
192399031,186842550,USDJPY,1,0.0,4,SL,2026-05-15 03:57:26,0.25,158.454,0.0,0.0,converted_from_iso8601_offset_to_utc_naive,0,0.0,0.0,0.0,[sl 158.454],186852522
192400062,186842742,USOIL+,1,-0.0,4,SL,2026-05-15 03:59:00,0.07,97.65,0.0,0.0,converted_from_iso8601_offset_to_utc_naive,0,0.0,0.0,0.0,[sl 97.65],186853253
192401096,186852177,EURJPY,1,-3.77,4,SL,2026-05-15 03:59:25,0.17,184.718,0.0,0.0,converted_from_iso8601_offset_to_utc_naive,0,0.0,0.0,0.0,[sl 184.713],186853857
192401166,186852185,EURJPY,1,-3.24,4,SL,2026-05-15 03:59:30,0.17,184.723,0.0,0.0,converted_from_iso8601_offset_to_utc_naive,0,0.0,0.0,0.0,[sl 184.723],186853893
192401964,186854711,CADJPY,0,0.0,3,EXPERT,2026-05-15 04:00:00,0.22,115.394,0.0,0.0,converted_from_iso8601_offset_to_utc_naive,0,0.0,0.0,0.0,OV2|660b0b|H1|B,186854711
192403951,186856242,USDCAD,0,0.0,3,EXPERT,2026-05-15 04:01:06,0.2,1.37371,0.0,0.0,converted_from_iso8601_offset_to_utc_naive,0,0.0,0.0,0.0,OV2|a05b2c|H1|B,186856242
192403959,186856247,USDCAD,0,0.0,3,EXPERT,2026-05-15 04:01:06,0.2,1.37371,0.0,0.0,converted_from_iso8601_offset_to_utc_naive,0,0.0,0.0,0.0,OV2|a5f05a|H1|B,186856247
192405819,186857522,EURJPY,0,0.0,3,EXPERT,2026-05-15 04:02:56,0.2,184.679,0.0,0.0,converted_from_iso8601_offset_to_utc_naive,0,0.0,0.0,0.0,OV2|f3d577|M15|S,186857522
192405825,186857530,EURJPY,0,0.0,3,EXPERT,2026-05-15 04:02:58,0.2,184.679,0.0,0.0,converted_from_iso8601_offset_to_utc_naive,0,0.0,0.0,0.0,OV2|36af5b|M15|S,186857530
192408400,186854711,CADJPY,1,-4.05,3,EXPERT,2026-05-15 04:04:49,0.22,115.365,0.0,0.0,converted_from_iso8601_offset_to_utc_naive,0,0.0,0.0,0.0,OMEGA_PARTIAL_CL,186859219
192408401,186856247,USDCAD,1,-2.93,3,EXPERT,2026-05-15 04:04:49,0.2,1.37351,0.0,0.0,converted_from_iso8601_offset_to_utc_naive,0,0.0,0.0,0.0,OMEGA_PARTIAL_CL,186859220
192408406,186856242,USDCAD,1,-2.64,3,EXPERT,2026-05-15 04:04:50,0.2,1.37353,0.0,0.0,converted_from_iso8601_offset_to_utc_naive,0,0.0,0.0,0.0,OMEGA_PARTIAL_CL,186859222
192408609,186857522,EURJPY,1,-4.18,4,SL,2026-05-15 04:05:05,0.2,184.712,0.0,0.0,converted_from_iso8601_offset_to_utc_naive,0,0.0,0.0,0.0,[sl 184.712],186859359
192408610,186857530,EURJPY,1,-4.18,4,SL,2026-05-15 04:05:05,0.2,184.712,0.0,0.0,converted_from_iso8601_offset_to_utc_naive,0,0.0,0.0,0.0,[sl 184.712],186859360
192410054,186852116,BTCUSD,1,-0.15,4,SL,2026-05-15 04:06:49,0.1,81523.98,0.0,0.0,converted_from_iso8601_offset_to_utc_naive,0,0.0,0.0,0.0,[sl 81525.46],186860312
192410079,186852107,BTCUSD,1,-0.0,4,SL,2026-05-15 04:06:53,0.1,81522.54,0.0,0.0,converted_from_iso8601_offset_to_utc_naive,0,0.0,0.0,0.0,[sl 81522.56],186860329
192410366,186860590,GBPJPY,0,0.0,3,EXPERT,2026-05-15 04:06:55,0.25,212.013,0.0,0.0,converted_from_iso8601_offset_to_utc_naive,0,0.0,0.0,0.0,OV2|4ab54f|H1|S,186860590
192410703,186860698,GBPJPY,0,0.0,3,EXPERT,2026-05-15 04:06:58,0.12,212.013,0.0,0.0,converted_from_iso8601_offset_to_utc_naive,0,0.0,0.0,0.0,OV2|3b1225|M15|S,186860698
192412606,186861862,CADJPY,0,0.0,3,EXPERT,2026-05-15 04:08:11,0.19,115.376,0.0,0.0,converted_from_iso8601_offset_to_utc_naive,0,0.0,0.0,0.0,OV2|96f0ff|H1|B,186861862
192412665,186861909,USDJPY,0,0.0,3,EXPERT,2026-05-15 04:08:20,0.25,158.467,0.0,0.0,converted_from_iso8601_offset_to_utc_naive,0,0.0,0.0,0.0,OV2|4af48d|H1|B,186861909
192412691,186861932,USDJPY,0,0.0,3,EXPERT,2026-05-15 04:08:23,0.25,158.468,0.0,0.0,converted_from_iso8601_offset_to_utc_naive,0,0.0,0.0,0.0,OV2|2de6ce|M15|B,186861932
192412692,186861933,USDJPY,0,0.0,3,EXPERT,2026-05-15 04:08:23,0.25,158.468,0.0,0.0,converted_from_iso8601_offset_to_utc_naive,0,0.0,0.0,0.0,OV2|a9ef16|M15|B,186861933
192413469,186862421,ETHUSD,0,0.0,3,EXPERT,2026-05-15 04:09:31,0.1,2291.761,0.0,0.0,converted_from_iso8601_offset_to_utc_naive,0,0.0,0.0,0.0,OV2|fddb02|M15|S,186862421
192413472,186862422,ETHUSD,0,0.0,3,EXPERT,2026-05-15 04:09:31,0.1,2291.761,0.0,0.0,converted_from_iso8601_offset_to_utc_naive,0,0.0,0.0,0.0,OV2|5464a6|M15|S,186862422
192413473,186862423,ETHUSD,0,0.0,3,EXPERT,2026-05-15 04:09:31,0.1,2291.496,0.0,0.0,converted_from_iso8601_offset_to_utc_naive,0,0.0,0.0,0.0,OV2|987f0b|M15|S,186862423
192413612,186862516,XAUUSD,0,0.0,3,EXPERT,2026-05-15 04:09:45,0.05,4611.41,0.0,0.0,converted_from_iso8601_offset_to_utc_naive,0,0.0,0.0,0.0,OV2|59b7e1|H4|S,186862516
192413624,186862519,XAUUSD,0,0.0,3,EXPERT,2026-05-15 04:09:45,0.05,4611.41,0.0,0.0,converted_from_iso8601_offset_to_utc_naive,0,0.0,0.0,0.0,OV2|7843a4|H4|S,186862519
192413628,186862523,XAUUSD,0,0.0,3,EXPERT,2026-05-15 04:09:45,0.05,4611.36,0.0,0.0,converted_from_iso8601_offset_to_utc_naive,0,0.0,0.0,0.0,OV2|1f370e|H4|S,186862523
192415345,186863555,DOGUSD,0,0.0,3,EXPERT,2026-05-15 04:11:01,0.1,0.11697,0.0,0.0,converted_from_iso8601_offset_to_utc_naive,0,0.0,0.0,0.0,OV2|e39145|M15|B,186863555
192415348,186863558,DOGUSD,0,0.0,3,EXPERT,2026-05-15 04:11:01,0.1,0.11698,0.0,0.0,converted_from_iso8601_offset_to_utc_naive,0,0.0,0.0,0.0,OV2|660080|M15|B,186863558
192415496,186863649,USOIL+,0,0.0,3,EXPERT,2026-05-15 04:11:07,0.1,97.86,0.0,0.0,converted_from_iso8601_offset_to_utc_naive,0,0.0,0.0,0.0,OV2|16bc21|H1|B,186863649
192415500,186863656,USOIL+,0,0.0,3,EXPERT,2026-05-15 04:11:09,0.1,97.86,0.0,0.0,converted_from_iso8601_offset_to_utc_naive,0,0.0,0.0,0.0,OV2|768265|M15|B,186863656
192415600,186863555,DOGUSD,1,-0.04,3,EXPERT,2026-05-15 04:11:23,0.1,0.11653,0.0,0.0,converted_from_iso8601_offset_to_utc_naive,0,0.0,0.0,0.0,OMEGA_PARTIAL_CL,186863715
192415601,186861862,CADJPY,1,-2.78,3,EXPERT,2026-05-15 04:11:23,0.19,115.353,0.0,0.0,converted_from_iso8601_offset_to_utc_naive,0,0.0,0.0,0.0,OMEGA_PARTIAL_CL,186863717
192416557,186863558,DOGUSD,1,-0.03,3,EXPERT,2026-05-15 04:13:20,0.1,0.11666,0.0,0.0,converted_from_iso8601_offset_to_utc_naive,0,0.0,0.0,0.0,OMEGA_PARTIAL_CL,186864349
192417194,186863649,USOIL+,1,-0.0,4,SL,2026-05-15 04:14:14,0.1,97.86,0.0,0.0,converted_from_iso8601_offset_to_utc_naive,0,0.0,0.0,0.0,[sl 97.86],186864747
192417195,186863656,USOIL+,1,-0.0,4,SL,2026-05-15 04:14:14,0.1,97.86,0.0,0.0,converted_from_iso8601_offset_to_utc_naive,0,0.0,0.0,0.0,[sl 97.86],186864748
192418353,186865595,XRPUSD,0,0.0,3,EXPERT,2026-05-15 04:15:41,0.1,1.49735,0.0,0.0,converted_from_iso8601_offset_to_utc_naive,0,0.0,0.0,0.0,OV2|82b1ba|H1|B,186865595
192419528,186862516,XAUUSD,1,-37.65,4,SL,2026-05-15 04:16:18,0.05,4618.94,0.0,0.0,converted_from_iso8601_offset_to_utc_naive,0,0.0,0.0,0.0,[sl 4618.89],186866422
192419530,186862519,XAUUSD,1,-37.65,4,SL,2026-05-15 04:16:18,0.05,4618.94,0.0,0.0,converted_from_iso8601_offset_to_utc_naive,0,0.0,0.0,0.0,[sl 4618.89],186866423
192419531,186862523,XAUUSD,1,-37.9,4,SL,2026-05-15 04:16:18,0.05,4618.94,0.0,0.0,converted_from_iso8601_offset_to_utc_naive,0,0.0,0.0,0.0,[sl 4618.89],186866424
192419965,186862421,ETHUSD,1,-0.27,4,SL,2026-05-15 04:16:43,0.1,2294.44,0.0,0.0,converted_from_iso8601_offset_to_utc_naive,0,0.0,0.0,0.0,[sl 2294.392],186866687
192419966,186862422,ETHUSD,1,-0.27,4,SL,2026-05-15 04:16:43,0.1,2294.44,0.0,0.0,converted_from_iso8601_offset_to_utc_naive,0,0.0,0.0,0.0,[sl 2294.392],186866688
192419967,186862423,ETHUSD,1,-0.29,4,SL,2026-05-15 04:16:43,0.1,2294.44,0.0,0.0,converted_from_iso8601_offset_to_utc_naive,0,0.0,0.0,0.0,[sl 2294.392],186866689
192421199,186865595,XRPUSD,1,-0.25,4,SL,2026-05-15 04:17:34,0.1,1.49485,0.0,0.0,converted_from_iso8601_offset_to_utc_naive,0,0.0,0.0,0.0,[sl 1.49486],186867469
192425913,186861909,USDJPY,1,-4.45,4,SL,2026-05-15 04:24:11,0.25,158.439,0.0,0.0,converted_from_iso8601_offset_to_utc_naive,0,0.0,0.0,0.0,[sl 158.442],186870628
192425916,186861932,USDJPY,1,-4.61,4,SL,2026-05-15 04:24:11,0.25,158.439,0.0,0.0,converted_from_iso8601_offset_to_utc_naive,0,0.0,0.0,0.0,[sl 158.441],186870629
192425917,186861933,USDJPY,1,-4.61,4,SL,2026-05-15 04:24:11,0.25,158.439,0.0,0.0,converted_from_iso8601_offset_to_utc_naive,0,0.0,0.0,0.0,[sl 158.441],186870630
192429111,186872798,DOGUSD,0,0.0,3,EXPERT,2026-05-15 04:27:50,0.1,0.11707,0.0,0.0,converted_from_iso8601_offset_to_utc_naive,0,0.0,0.0,0.0,OV2|1ac6c4|H1|B,186872798
192429113,186872800,DOGUSD,0,0.0,3,EXPERT,2026-05-15 04:27:50,0.1,0.11706,0.0,0.0,converted_from_iso8601_offset_to_utc_naive,0,0.0,0.0,0.0,OV2|c1c9e2|H1|B,186872800
192429114,186872801,DOGUSD,0,0.0,3,EXPERT,2026-05-15 04:27:50,0.1,0.11705,0.0,0.0,converted_from_iso8601_offset_to_utc_naive,0,0.0,0.0,0.0,OV2|fcde29|H1|B,186872801
192429144,186872824,UKOIL+,0,0.0,3,EXPERT,2026-05-15 04:27:54,0.1,103.9,0.0,0.0,converted_from_iso8601_offset_to_utc_naive,0,0.0,0.0,0.0,OV2|c6ce90|H4|B,186872824
192429896,186873323,XAUUSD,0,0.0,3,EXPERT,2026-05-15 04:28:47,0.05,4613.31,0.0,0.0,converted_from_iso8601_offset_to_utc_naive,0,0.0,0.0,0.0,OV2|b780e2|H4|S,186873323
192429899,186873325,XAUUSD,0,0.0,3,EXPERT,2026-05-15 04:28:47,0.05,4612.97,0.0,0.0,converted_from_iso8601_offset_to_utc_naive,0,0.0,0.0,0.0,OV2|b495b2|H4|S,186873325
192431802,186874699,EURJPY,0,0.0,3,EXPERT,2026-05-15 04:30:20,0.2,184.664,0.0,0.0,converted_from_iso8601_offset_to_utc_naive,0,0.0,0.0,0.0,OV2|fc4a5d|H1|S,186874699
192431813,186874709,EURJPY,0,0.0,3,EXPERT,2026-05-15 04:30:21,0.2,184.664,0.0,0.0,converted_from_iso8601_offset_to_utc_naive,0,0.0,0.0,0.0,OV2|e0dd93|H1|S,186874709
192432105,186874909,USDCHF,0,0.0,3,EXPERT,2026-05-15 04:30:40,0.2,0.78536,0.0,0.0,converted_from_iso8601_offset_to_utc_naive,0,0.0,0.0,0.0,OV2|c74fac|H1|B,186874909
192432118,186874919,USDCHF,0,0.0,3,EXPERT,2026-05-15 04:30:41,0.2,0.78534,0.0,0.0,converted_from_iso8601_offset_to_utc_naive,0,0.0,0.0,0.0,OV2|35a7cf|H1|B,186874919
192432194,186860590,GBPJPY,1,3.92,3,EXPERT,2026-05-15 04:30:48,0.06,211.909,0.0,0.0,converted_from_iso8601_offset_to_utc_naive,0,0.0,0.0,0.0,OMEGA_PARTIAL_CL,186874970
192432199,186860698,GBPJPY,1,2.0,3,EXPERT,2026-05-15 04:30:48,0.03,211.907,0.0,0.0,converted_from_iso8601_offset_to_utc_naive,0,0.0,0.0,0.0,OMEGA_PARTIAL_CL,186874973
192432254,186872798,DOGUSD,1,-0.08,3,EXPERT,2026-05-15 04:30:49,0.1,0.11623,0.0,0.0,converted_from_iso8601_offset_to_utc_naive,0,0.0,0.0,0.0,OMEGA_PARTIAL_CL,186875014
192435645,186874909,USDCHF,1,-3.84,4,SL,2026-05-15 04:35:13,0.2,0.78521,0.0,0.0,converted_from_iso8601_offset_to_utc_naive,0,0.0,0.0,0.0,[sl 0.78521],186877283
192435856,186874919,USDCHF,1,-3.84,4,SL,2026-05-15 04:35:36,0.2,0.78519,0.0,0.0,converted_from_iso8601_offset_to_utc_naive,0,0.0,0.0,0.0,[sl 0.78519],186877445
192438853,186872824,UKOIL+,1,-1.5,4,SL,2026-05-15 04:40:04,0.1,103.75,0.0,0.0,converted_from_iso8601_offset_to_utc_naive,0,0.0,0.0,0.0,[sl 103.75],186879567
192440154,186873325,XAUUSD,1,-45.15,4,SL,2026-05-15 04:42:50,0.05,4622.0,0.0,0.0,converted_from_iso8601_offset_to_utc_naive,0,0.0,0.0,0.0,[sl 4621.86],186880522
192440311,186873323,XAUUSD,1,-46.15,4,SL,2026-05-15 04:43:00,0.05,4622.54,0.0,0.0,converted_from_iso8601_offset_to_utc_naive,0,0.0,0.0,0.0,[sl 4622.46],186880626
192452358,186874709,EURJPY,1,-4.32,4,SL,2026-05-15 05:01:40,0.2,184.698,0.0,0.0,converted_from_iso8601_offset_to_utc_naive,0,0.0,0.0,0.0,[sl 184.692],186889201
192461833,186874699,EURJPY,1,-4.95,4,SL,2026-05-15 05:26:45,0.2,184.703,0.0,0.0,converted_from_iso8601_offset_to_utc_naive,0,0.0,0.0,0.0,[sl 184.703],186896256
192470623,186860590,GBPJPY,1,0.0,4,SL,2026-05-15 05:51:41,0.19,212.013,0.0,0.0,converted_from_iso8601_offset_to_utc_naive,0,0.0,0.0,0.0,[sl 212.013],186902955
192470624,186860698,GBPJPY,1,0.0,4,SL,2026-05-15 05:51:41,0.09,212.013,0.0,0.0,converted_from_iso8601_offset_to_utc_naive,0,0.0,0.0,0.0,[sl 212.013],186902956
192470931,186840945,EURUSD,1,-0.07,4,SL,2026-05-15 05:51:44,0.07,1.16575,0.0,0.0,converted_from_iso8601_offset_to_utc_naive,0,0.0,0.0,0.0,[sl 1.16574],186903178
192470932,186840948,EURUSD,1,-0.07,4,SL,2026-05-15 05:51:44,0.07,1.16575,0.0,0.0,converted_from_iso8601_offset_to_utc_naive,0,0.0,0.0,0.0,[sl 1.16574],186903179
192507081,186840295,NZDUSD,1,11.1,5,TP,2026-05-15 07:45:54,0.05,0.58772,0.0,0.0,converted_from_iso8601_offset_to_utc_naive,0,0.0,0.0,0.0,[tp 0.58772],186928934
192507082,186840297,NZDUSD,1,11.1,5,TP,2026-05-15 07:45:54,0.05,0.58772,0.0,0.0,converted_from_iso8601_offset_to_utc_naive,0,0.0,0.0,0.0,[tp 0.58772],186928935
192537396,186872800,DOGUSD,1,-0.4,4,SL,2026-05-15 08:32:11,0.1,0.11307,0.0,0.0,converted_from_iso8601_offset_to_utc_naive,0,0.0,0.0,0.0,[sl 0.11307],186949288
192537547,186872801,DOGUSD,1,-0.4,4,SL,2026-05-15 08:32:13,0.1,0.11305,0.0,0.0,converted_from_iso8601_offset_to_utc_naive,0,0.0,0.0,0.0,[sl 0.11306],186949385
192548707,186814764,GBPUSD,1,63.0,5,TP,2026-05-15 08:45:22,0.14,1.3348900000000001,0.0,0.0,converted_from_iso8601_offset_to_utc_naive,0,0.0,0.0,0.0,[tp 1.33489],186956602
192548708,186814783,GBPUSD,1,85.5,5,TP,2026-05-15 08:45:22,0.19,1.3348900000000001,0.0,0.0,converted_from_iso8601_offset_to_utc_naive,0,0.0,0.0,0.0,[tp 1.33489],186956603
192619062,186757982,UKOIL+,1,12.6,5,TP,2026-05-15 11:08:56,0.07,104.67,0.0,0.0,converted_from_iso8601_offset_to_utc_naive,0,0.0,0.04,0.0,[tp 104.67],187007880
192981176,187272307,DOGUSD,0,0.0,3,EXPERT,2026-05-16 01:08:08,0.1,0.11346,0.0,0.0,converted_from_iso8601_offset_to_utc_naive,0,0.0,0.0,0.0,OV2|1a3216|M15|B,187272307
192981216,187272307,DOGUSD,1,-0.02,3,EXPERT,2026-05-16 01:10:07,0.1,0.11324,0.0,0.0,converted_from_iso8601_offset_to_utc_naive,0,0.0,0.0,0.0,OMEGA_PARTIAL_CL,187272343
192981415,187272487,ETHUSD,0,0.0,3,EXPERT,2026-05-16 01:27:14,0.1,2219.392,0.0,0.0,converted_from_iso8601_offset_to_utc_naive,0,0.0,0.0,0.0,OV2|1184ad|H1|S,187272487
192981445,187272487,ETHUSD,1,-0.19,4,SL,2026-05-16 01:30:43,0.1,2221.303,0.0,0.0,converted_from_iso8601_offset_to_utc_naive,0,0.0,0.0,0.0,[sl 2221.128],187272514
193064513,187344012,XAUUSD,0,0.0,3,EXPERT,2026-05-18 01:34:33,0.05,4546.97,0.0,0.0,converted_from_iso8601_offset_to_utc_naive,0,0.0,0.0,0.0,OV2|f41715|H1|S,187344012
193064943,187344322,GER40,0,0.0,3,EXPERT,2026-05-18 01:35:58,0.15,23867.2,0.0,0.0,converted_from_iso8601_offset_to_utc_naive,0,0.0,0.0,0.0,OV2|60a5c4|M15|S,187344322
193066049,187345109,EURJPY,0,0.0,3,EXPERT,2026-05-18 01:39:07,0.18,184.58,0.0,0.0,converted_from_iso8601_offset_to_utc_naive,0,0.0,0.0,0.0,OV2|b1748f|M15|B,187345109
193066327,187344322,GER40,1,-2.79,4,SL,2026-05-18 01:40:00,0.15,23883.05,0.0,0.0,converted_from_iso8601_offset_to_utc_naive,0,0.0,0.0,0.0,[sl 23880.72],187345348
193066646,187344012,XAUUSD,1,-35.2,4,SL,2026-05-18 01:40:48,0.05,4554.01,0.0,0.0,converted_from_iso8601_offset_to_utc_naive,0,0.0,0.0,0.0,[sl 4553.91],187345588
193067726,187346382,GBPJPY,0,0.0,3,EXPERT,2026-05-18 01:44:05,0.23,211.409,0.0,0.0,converted_from_iso8601_offset_to_utc_naive,0,0.0,0.0,0.0,OV2|c9d2cc|H1|S,187346382
193068942,187347272,XAUUSD,0,0.0,3,EXPERT,2026-05-18 01:47:58,0.04,4552.5,0.0,0.0,converted_from_iso8601_offset_to_utc_naive,0,0.0,0.0,0.0,OV2|0f5964|H1|S,187347272
193069070,187347379,CADJPY,0,0.0,3,EXPERT,2026-05-18 01:48:54,0.21,115.491,0.0,0.0,converted_from_iso8601_offset_to_utc_naive,0,0.0,0.0,0.0,OV2|bfa348|H1|B,187347379
193069118,187347415,USOIL+,0,0.0,3,EXPERT,2026-05-18 01:49:25,0.1,101.94,0.0,0.0,converted_from_iso8601_offset_to_utc_naive,0,0.0,0.0,0.0,OV2|fea41b|H1|B,187347415
193069170,187345109,EURJPY,1,-2.74,3,EXPERT,2026-05-18 01:50:03,0.18,184.556,0.0,0.0,converted_from_iso8601_offset_to_utc_naive,0,0.0,0.0,0.0,OMEGA_PARTIAL_CL,187347458
193069171,187347379,CADJPY,1,-2.66,3,EXPERT,2026-05-18 01:50:03,0.21,115.471,0.0,0.0,converted_from_iso8601_offset_to_utc_naive,0,0.0,0.0,0.0,OMEGA_PARTIAL_CL,187347460
193069176,187346382,GBPJPY,1,-6.85,4,SL,2026-05-18 01:50:05,0.23,211.456,0.0,0.0,converted_from_iso8601_offset_to_utc_naive,0,0.0,0.0,0.0,[sl 211.452],187347467
193071195,187347415,USOIL+,1,-1.3,4,SL,2026-05-18 01:56:04,0.1,101.81,0.0,0.0,converted_from_iso8601_offset_to_utc_naive,0,0.0,0.0,0.0,[sl 101.81],187348824
193071831,187349216,GBPUSD,0,0.0,3,EXPERT,2026-05-18 01:57:02,0.25,1.3314599999999999,0.0,0.0,converted_from_iso8601_offset_to_utc_naive,0,0.0,0.0,0.0,OV2|a2a1c8|H1|S,187349216
193072850,187349879,GER40,0,0.0,3,EXPERT,2026-05-18 01:58:52,0.12,23876.15,0.0,0.0,converted_from_iso8601_offset_to_utc_naive,0,0.0,0.0,0.0,OV2|ab18b0|M15|S,187349879
193073531,187349216,GBPUSD,1,-7.25,3,EXPERT,2026-05-18 02:01:35,0.25,1.33175,0.0,0.0,converted_from_iso8601_offset_to_utc_naive,0,0.0,0.0,0.0,OMEGA_PARTIAL_CL,187350734
193074037,187351083,ETHUSD,0,0.0,3,EXPERT,2026-05-18 02:04:09,0.1,2176.355,0.0,0.0,converted_from_iso8601_offset_to_utc_naive,0,0.0,0.0,0.0,OV2|9df1e2|H1|S,187351083
193074071,187351107,CHFJPY,0,0.0,3,EXPERT,2026-05-18 02:04:35,0.25,201.838,0.0,0.0,converted_from_iso8601_offset_to_utc_naive,0,0.0,0.0,0.0,OV2|d3e923|M15|B,187351107
193074585,187351428,AUDJPY,0,0.0,3,EXPERT,2026-05-18 02:05:39,0.2,113.525,0.0,0.0,converted_from_iso8601_offset_to_utc_naive,0,0.0,0.0,0.0,OV2|7b62f2|H1|S,187351428
193076672,187347272,XAUUSD,1,10.55,3,EXPERT,2026-05-18 02:09:31,0.01,4541.95,0.0,0.0,converted_from_iso8601_offset_to_utc_naive,0,0.0,0.0,0.0,OMEGA_PARTIAL_CL,187352727
193076675,187351083,ETHUSD,1,0.41,3,EXPERT,2026-05-18 02:09:31,0.1,2172.298,0.0,0.0,converted_from_iso8601_offset_to_utc_naive,0,0.0,0.0,0.0,OMEGA_PARTIAL_CL,187352728
193076676,187351107,CHFJPY,1,-5.38,3,EXPERT,2026-05-18 02:09:31,0.25,201.804,0.0,0.0,converted_from_iso8601_offset_to_utc_naive,0,0.0,0.0,0.0,OMEGA_PARTIAL_CL,187352730
193077641,187351428,AUDJPY,1,-3.17,4,SL,2026-05-18 02:11:30,0.2,113.55,0.0,0.0,converted_from_iso8601_offset_to_utc_naive,0,0.0,0.0,0.0,[sl 113.548],187353331
193079127,187349879,GER40,1,4.51,5,TP,2026-05-18 02:17:18,0.12,23843.55,0.0,0.0,converted_from_iso8601_offset_to_utc_naive,0,0.0,0.0,0.0,[tp 23843.77],187354401
193080908,187355507,AUDJPY,0,0.0,3,EXPERT,2026-05-18 02:20:52,0.15,113.488,0.0,0.0,converted_from_iso8601_offset_to_utc_naive,0,0.0,0.0,0.0,OV2|1b3737|H4|S,187355507
193081530,187355923,GBPJPY,0,0.0,3,EXPERT,2026-05-18 02:22:51,0.22,211.512,0.0,0.0,converted_from_iso8601_offset_to_utc_naive,0,0.0,0.0,0.0,OV2|ac40c6|H4|S,187355923
193081993,187356237,CHFJPY,0,0.0,3,EXPERT,2026-05-18 02:24:38,0.25,201.831,0.0,0.0,converted_from_iso8601_offset_to_utc_naive,0,0.0,0.0,0.0,OV2|248c62|M15|B,187356237
193082690,187356237,CHFJPY,1,-5.22,3,EXPERT,2026-05-18 02:26:38,0.25,201.798,0.0,0.0,converted_from_iso8601_offset_to_utc_naive,0,0.0,0.0,0.0,OMEGA_PARTIAL_CL,187356708
193083464,187357213,ETHUSD,0,0.0,3,EXPERT,2026-05-18 02:29:04,0.1,2169.458,0.0,0.0,converted_from_iso8601_offset_to_utc_naive,0,0.0,0.0,0.0,OV2|1cbd80|H1|S,187357213
193083615,187357310,CHFJPY,0,0.0,3,EXPERT,2026-05-18 02:29:46,0.25,201.829,0.0,0.0,converted_from_iso8601_offset_to_utc_naive,0,0.0,0.0,0.0,OV2|037913|M15|B,187357310
193085268,187358373,GBPUSD,0,0.0,3,EXPERT,2026-05-18 02:30:24,0.25,1.33128,0.0,0.0,converted_from_iso8601_offset_to_utc_naive,0,0.0,0.0,0.0,OV2|cb264b|H1|S,187358373
193085871,187355923,GBPJPY,1,-4.04,4,SL,2026-05-18 02:31:35,0.22,211.541,0.0,0.0,converted_from_iso8601_offset_to_utc_naive,0,0.0,0.0,0.0,[sl 211.541],187358788
193085961,187358850,USDJPY,0,0.0,3,EXPERT,2026-05-18 02:32:03,0.25,158.866,0.0,0.0,converted_from_iso8601_offset_to_utc_naive,0,0.0,0.0,0.0,OV2|03a139|H1|B,187358850
193086225,187357213,ETHUSD,1,-0.15,4,SL,2026-05-18 02:33:00,0.1,2170.984,0.0,0.0,converted_from_iso8601_offset_to_utc_naive,0,0.0,0.0,0.0,[sl 2170.958],187359035
193086423,187355507,AUDJPY,1,0.95,3,EXPERT,2026-05-18 02:34:03,0.04,113.45,0.0,0.0,converted_from_iso8601_offset_to_utc_naive,0,0.0,0.0,0.0,OMEGA_PARTIAL_CL,187359179
193086426,187358373,GBPUSD,1,-8.25,3,EXPERT,2026-05-18 02:34:03,0.25,1.33161,0.0,0.0,converted_from_iso8601_offset_to_utc_naive,0,0.0,0.0,0.0,OMEGA_PARTIAL_CL,187359181
193086609,187358850,USDJPY,1,-3.01,4,SL,2026-05-18 02:34:12,0.25,158.847,0.0,0.0,converted_from_iso8601_offset_to_utc_naive,0,0.0,0.0,0.0,[sl 158.848],187359306
193086610,187357310,CHFJPY,1,-4.75,4,SL,2026-05-18 02:34:12,0.25,201.799,0.0,0.0,converted_from_iso8601_offset_to_utc_naive,0,0.0,0.0,0.0,[sl 201.803],187359307
193087992,187360211,GBPUSD,0,0.0,3,EXPERT,2026-05-18 02:37:20,0.25,1.33141,0.0,0.0,converted_from_iso8601_offset_to_utc_naive,0,0.0,0.0,0.0,OV2|40337f|H1|S,187360211
193088514,187360606,USDJPY,0,0.0,3,EXPERT,2026-05-18 02:39:30,0.25,158.866,0.0,0.0,converted_from_iso8601_offset_to_utc_naive,0,0.0,0.0,0.0,OV2|3fcfb5|H1|B,187360606
193089756,187347272,XAUUSD,1,54.66,5,TP,2026-05-18 02:40:31,0.03,4534.28,0.0,0.0,converted_from_iso8601_offset_to_utc_naive,0,0.0,0.0,0.0,[tp 4534.62],187361587
193091936,187362972,NZDUSD,0,0.0,3,EXPERT,2026-05-18 02:41:22,0.2,0.58305,0.0,0.0,converted_from_iso8601_offset_to_utc_naive,0,0.0,0.0,0.0,OV2|752185|H1|S,187362972
193093076,187360211,GBPUSD,1,1.8599999999999999,3,EXPERT,2026-05-18 02:42:08,0.06,1.3311,0.0,0.0,converted_from_iso8601_offset_to_utc_naive,0,0.0,0.0,0.0,OMEGA_PARTIAL_CL,187363891
193093077,187362972,NZDUSD,1,-4.2,3,EXPERT,2026-05-18 02:42:08,0.2,0.58326,0.0,0.0,converted_from_iso8601_offset_to_utc_naive,0,0.0,0.0,0.0,OMEGA_PARTIAL_CL,187363892
193095645,187360606,USDJPY,1,-3.64,4,SL,2026-05-18 02:46:22,0.25,158.843,0.0,0.0,converted_from_iso8601_offset_to_utc_naive,0,0.0,0.0,0.0,[sl 158.848],187365712
193096290,187366148,NZDUSD,0,0.0,3,EXPERT,2026-05-18 02:47:39,0.2,0.58307,0.0,0.0,converted_from_iso8601_offset_to_utc_naive,0,0.0,0.0,0.0,OV2|d06e29|H1|S,187366148
193096337,187366178,USDCAD,0,0.0,3,EXPERT,2026-05-18 02:47:54,0.2,1.3761999999999999,0.0,0.0,converted_from_iso8601_offset_to_utc_naive,0,0.0,0.0,0.0,OV2|c951bf|H1|B,187366178
193097598,187366148,NZDUSD,1,-6.6,3,EXPERT,2026-05-18 02:50:09,0.2,0.5834,0.0,0.0,converted_from_iso8601_offset_to_utc_naive,0,0.0,0.0,0.0,OMEGA_PARTIAL_CL,187367110
193097927,187367353,GBPJPY,0,0.0,3,EXPERT,2026-05-18 02:51:57,0.23,211.432,0.0,0.0,converted_from_iso8601_offset_to_utc_naive,0,0.0,0.0,0.0,OV2|096232|H1|S,187367353
193098395,187367682,CHFJPY,0,0.0,3,EXPERT,2026-05-18 02:52:45,0.25,201.78,0.0,0.0,converted_from_iso8601_offset_to_utc_naive,0,0.0,0.0,0.0,OV2|4bc499|M15|B,187367682
193100897,187369542,XAUUSD,0,0.0,3,EXPERT,2026-05-18 02:55:44,0.05,4538.14,0.0,0.0,converted_from_iso8601_offset_to_utc_naive,0,0.0,0.0,0.0,OV2|c83a08|H1|S,187369542
193100937,187369581,USOIL+,0,0.0,3,EXPERT,2026-05-18 02:55:59,0.1,102.19,0.0,0.0,converted_from_iso8601_offset_to_utc_naive,0,0.0,0.0,0.0,OV2|5c20a5|H1|B,187369581
193101053,187369542,XAUUSD,1,-12.7,4,SL,2026-05-18 02:56:23,0.05,4540.68,0.0,0.0,converted_from_iso8601_offset_to_utc_naive,0,0.0,0.0,0.0,[sl 4540.62],187369656
193102255,187369581,USOIL+,1,-2.3,3,EXPERT,2026-05-18 02:58:36,0.1,101.96,0.0,0.0,converted_from_iso8601_offset_to_utc_naive,0,0.0,0.0,0.0,OMEGA_PARTIAL_CL,187370532
193102280,187367682,CHFJPY,1,-4.75,4,SL,2026-05-18 02:58:41,0.25,201.75,0.0,0.0,converted_from_iso8601_offset_to_utc_naive,0,0.0,0.0,0.0,[sl 201.752],187370553
193103198,187367353,GBPJPY,1,-5.53,4,SL,2026-05-18 03:00:10,0.23,211.47,0.0,0.0,converted_from_iso8601_offset_to_utc_naive,0,0.0,0.0,0.0,[sl 211.468],187371618
193103658,187371940,XAGUSD,0,0.0,3,EXPERT,2026-05-18 03:00:34,0.01,76.61,0.0,0.0,converted_from_iso8601_offset_to_utc_naive,0,0.0,0.0,0.0,OV2|cd35ed|H1|S,187371940
193104072,187372181,XRPUSD,0,0.0,3,EXPERT,2026-05-18 03:00:48,0.1,1.39805,0.0,0.0,converted_from_iso8601_offset_to_utc_naive,0,0.0,0.0,0.0,OV2|9e867d|H1|S,187372181
193104073,187366178,USDCAD,1,-2.04,4,SL,2026-05-18 03:00:48,0.2,1.37606,0.0,0.0,converted_from_iso8601_offset_to_utc_naive,0,0.0,0.0,0.0,[sl 1.37606],187372182
193105917,187360211,GBPUSD,1,0.0,4,SL,2026-05-18 03:02:45,0.19,1.33141,0.0,0.0,converted_from_iso8601_offset_to_utc_naive,0,0.0,0.0,0.0,[sl 1.33141],187373428
193109975,187355507,AUDJPY,1,18.1,5,TP,2026-05-18 03:05:34,0.11,113.225,0.0,0.0,converted_from_iso8601_offset_to_utc_naive,0,0.0,0.0,0.0,[tp 113.227],187376106
193111602,187377207,USDJPY,0,0.0,3,EXPERT,2026-05-18 03:06:29,0.25,158.843,0.0,0.0,converted_from_iso8601_offset_to_utc_naive,0,0.0,0.0,0.0,OV2|569f99|H1|B,187377207
193113212,187378302,BTCUSD,0,0.0,3,EXPERT,2026-05-18 03:08:40,0.1,77042.78,0.0,0.0,converted_from_iso8601_offset_to_utc_naive,0,0.0,0.0,0.0,OV2|1c50db|H1|S,187378302
193115003,187379393,GER40,0,0.0,3,EXPERT,2026-05-18 03:09:35,0.12,23739.55,0.0,0.0,converted_from_iso8601_offset_to_utc_naive,0,0.0,0.0,0.0,OV2|85f3a6|M15|S,187379393
193117600,187377207,USDJPY,1,-3.8,4,SL,2026-05-18 03:11:25,0.25,158.819,0.0,0.0,converted_from_iso8601_offset_to_utc_naive,0,0.0,0.0,0.0,[sl 158.820],187381054
193117718,187381126,USDCAD,0,0.0,3,EXPERT,2026-05-18 03:11:33,0.2,1.37586,0.0,0.0,converted_from_iso8601_offset_to_utc_naive,0,0.0,0.0,0.0,OV2|100f99|H1|B,187381126
193118141,187371940,XAGUSD,1,-0.0,4,SL,2026-05-18 03:11:47,0.01,76.61,0.0,0.0,converted_from_iso8601_offset_to_utc_naive,0,0.0,0.0,0.0,[sl 76.610],187381391
193118214,187379393,GER40,1,-0.85,4,SL,2026-05-18 03:11:48,0.12,23745.55,0.0,0.0,converted_from_iso8601_offset_to_utc_naive,0,0.0,0.0,0.0,[sl 23745.05],187381416
193118348,187378302,BTCUSD,1,-1.6,4,SL,2026-05-18 03:11:57,0.1,77058.79,0.0,0.0,converted_from_iso8601_offset_to_utc_naive,0,0.0,0.0,0.0,[sl 77057.78],187381502
193119037,187381955,USDCHF,0,0.0,3,EXPERT,2026-05-18 03:12:56,0.2,0.78701,0.0,0.0,converted_from_iso8601_offset_to_utc_naive,0,0.0,0.0,0.0,OV2|096ed5|H1|B,187381955
193125431,187386038,EURUSD,0,0.0,3,EXPERT,2026-05-18 03:17:15,0.25,1.16148,0.0,0.0,converted_from_iso8601_offset_to_utc_naive,0,0.0,0.0,0.0,OV2|d67188|M15|S,187386038
193125877,187386359,CHFJPY,0,0.0,3,EXPERT,2026-05-18 03:17:57,0.25,201.859,0.0,0.0,converted_from_iso8601_offset_to_utc_naive,0,0.0,0.0,0.0,OV2|702895|M15|B,187386359
193126306,187386668,BNBUSD,0,0.0,3,EXPERT,2026-05-18 03:18:35,0.1,646.3,0.0,0.0,converted_from_iso8601_offset_to_utc_naive,0,0.0,0.0,0.0,OV2|cf71d7|H1|S,187386668
193127555,187381126,USDCAD,1,0.0,4,SL,2026-05-18 03:20:04,0.2,1.37586,0.0,0.0,converted_from_iso8601_offset_to_utc_naive,0,0.0,0.0,0.0,[sl 1.37586],187387584
193130996,187386359,CHFJPY,1,-6.81,4,SL,2026-05-18 03:22:31,0.25,201.816,0.0,0.0,converted_from_iso8601_offset_to_utc_naive,0,0.0,0.0,0.0,[sl 201.816],187389909
193131238,187386038,EURUSD,1,-6.0,4,SL,2026-05-18 03:23:01,0.25,1.16172,0.0,0.0,converted_from_iso8601_offset_to_utc_naive,0,0.0,0.0,0.0,[sl 1.16172],187390067
193134018,187391844,GBPJPY,0,0.0,3,EXPERT,2026-05-18 03:24:36,0.25,211.437,0.0,0.0,converted_from_iso8601_offset_to_utc_naive,0,0.0,0.0,0.0,OV2|24ab92|H1|S,187391844
193134926,187392458,NZDUSD,0,0.0,3,EXPERT,2026-05-18 03:25:33,0.2,0.58301,0.0,0.0,converted_from_iso8601_offset_to_utc_naive,0,0.0,0.0,0.0,OV2|02ede0|H1|S,187392458
193135018,187372181,XRPUSD,1,-0.06,4,SL,2026-05-18 03:25:47,0.1,1.3986,0.0,0.0,converted_from_iso8601_offset_to_utc_naive,0,0.0,0.0,0.0,[sl 1.39805],187392527
193135970,187393144,USDCAD,0,0.0,3,EXPERT,2026-05-18 03:27:38,0.2,1.37622,0.0,0.0,converted_from_iso8601_offset_to_utc_naive,0,0.0,0.0,0.0,OV2|322d11|H1|B,187393144
193136319,187393368,UKOIL+,0,0.0,3,EXPERT,2026-05-18 03:28:34,0.1,106.37,0.0,0.0,converted_from_iso8601_offset_to_utc_naive,0,0.0,0.0,0.0,OV2|cf1f5d|H1|B,187393368
193138566,187391844,GBPJPY,1,-0.63,4,SL,2026-05-18 03:30:59,0.25,211.441,0.0,0.0,converted_from_iso8601_offset_to_utc_naive,0,0.0,0.0,0.0,[sl 211.437],187394839
193138825,187393144,USDCAD,1,-3.8,4,SL,2026-05-18 03:31:27,0.2,1.37596,0.0,0.0,converted_from_iso8601_offset_to_utc_naive,0,0.0,0.0,0.0,[sl 1.37597],187395018
193139347,187395357,SOLUSD,0,0.0,3,EXPERT,2026-05-18 03:32:58,0.1,84.988,0.0,0.0,converted_from_iso8601_offset_to_utc_naive,0,0.0,0.0,0.0,OV2|2df2b8|H1|S,187395357
193141988,187396898,EURUSD,0,0.0,3,EXPERT,2026-05-18 03:33:38,0.25,1.16141,0.0,0.0,converted_from_iso8601_offset_to_utc_naive,0,0.0,0.0,0.0,OV2|5c17d2|H1|S,187396898
193152568,187403392,USDJPY,0,0.0,3,EXPERT,2026-05-18 03:35:42,0.25,158.853,0.0,0.0,converted_from_iso8601_offset_to_utc_naive,0,0.0,0.0,0.0,OV2|4d64b4|H1|B,187403392
193152825,187403551,CADJPY,0,0.0,3,EXPERT,2026-05-18 03:35:56,0.24,115.466,0.0,0.0,converted_from_iso8601_offset_to_utc_naive,0,0.0,0.0,0.0,OV2|1c7aa8|H1|B,187403551
193155096,187386668,BNBUSD,1,-0.0,4,SL,2026-05-18 03:37:52,0.1,646.31,0.0,0.0,converted_from_iso8601_offset_to_utc_naive,0,0.0,0.0,0.0,[sl 646.30],187405007
193155271,187403551,CADJPY,1,-3.34,4,SL,2026-05-18 03:38:01,0.24,115.444,0.0,0.0,converted_from_iso8601_offset_to_utc_naive,0,0.0,0.0,0.0,[sl 115.444],187405119
193156316,187405764,GER40,0,0.0,3,EXPERT,2026-05-18 03:39:31,0.17,23777.4,0.0,0.0,converted_from_iso8601_offset_to_utc_naive,0,0.0,0.0,0.0,OV2|805d44|M15|S,187405764
193159445,187407773,XAGUSD,0,0.0,3,EXPERT,2026-05-18 03:41:50,0.01,74.418,0.0,0.0,converted_from_iso8601_offset_to_utc_naive,0,0.0,0.0,0.0,OV2|8f7254|M15|S,187407773
193161297,187409057,USOIL+,0,0.0,3,EXPERT,2026-05-18 03:44:43,0.1,102.38,0.0,0.0,converted_from_iso8601_offset_to_utc_naive,0,0.0,0.0,0.0,OV2|afd9f8|H1|B,187409057
193161452,187381955,USDCHF,1,2.58,3,EXPERT,2026-05-18 03:44:49,0.05,0.78742,0.0,0.0,converted_from_iso8601_offset_to_utc_naive,0,0.0,0.0,0.0,OMEGA_PARTIAL_CL,187409156
193161513,187393368,UKOIL+,1,1.26,3,EXPERT,2026-05-18 03:44:49,0.03,106.79,0.0,0.0,converted_from_iso8601_offset_to_utc_naive,0,0.0,0.0,0.0,OMEGA_PARTIAL_CL,187409226
193161514,187393368,UKOIL+,1,0.84,3,EXPERT,2026-05-18 03:44:49,0.02,106.79,0.0,0.0,converted_from_iso8601_offset_to_utc_naive,0,0.0,0.0,0.0,OMEGA_PARTIAL_CL,187409227
193161557,187396898,EURUSD,1,1.6800000000000002,3,EXPERT,2026-05-18 03:44:49,0.06,1.16113,0.0,0.0,converted_from_iso8601_offset_to_utc_naive,0,0.0,0.0,0.0,OMEGA_PARTIAL_CL,187409258
193163517,187407773,XAGUSD,1,-0.1,4,SL,2026-05-18 03:46:09,0.01,74.42,0.0,0.0,converted_from_iso8601_offset_to_utc_naive,0,0.0,0.0,0.0,[sl 74.418],187410530
193164561,187411220,CADJPY,0,0.0,3,EXPERT,2026-05-18 03:47:37,0.25,115.464,0.0,0.0,converted_from_iso8601_offset_to_utc_naive,0,0.0,0.0,0.0,OV2|0e6b31|H1|B,187411220
193165125,187405764,GER40,1,0.0,4,SL,2026-05-18 03:48:34,0.17,23777.4,0.0,0.0,converted_from_iso8601_offset_to_utc_naive,0,0.0,0.0,0.0,[sl 23777.40],187411588
193167976,187392458,NZDUSD,1,1.45,3,EXPERT,2026-05-18 03:52:46,0.05,0.58272,0.0,0.0,converted_from_iso8601_offset_to_utc_naive,0,0.0,0.0,0.0,OMEGA_PARTIAL_CL,187413385
193167977,187403392,USDJPY,1,2.18,3,EXPERT,2026-05-18 03:52:46,0.06,158.911,0.0,0.0,converted_from_iso8601_offset_to_utc_naive,0,0.0,0.0,0.0,OMEGA_PARTIAL_CL,187413386
193167978,187403392,USDJPY,1,1.81,3,EXPERT,2026-05-18 03:52:46,0.05,158.911,0.0,0.0,converted_from_iso8601_offset_to_utc_naive,0,0.0,0.0,0.0,OMEGA_PARTIAL_CL,187413387
193173433,187395357,SOLUSD,1,-0.02,4,SL,2026-05-18 03:57:14,0.1,85.196,0.0,0.0,converted_from_iso8601_offset_to_utc_naive,0,0.0,0.0,0.0,[sl 85.196],187416856
193177495,187409057,USOIL+,1,0.0,4,SL,2026-05-18 04:00:01,0.1,102.38,0.0,0.0,converted_from_iso8601_offset_to_utc_naive,0,0.0,0.0,0.0,[sl 102.38],187419683
193179597,187411220,CADJPY,1,1.42,3,EXPERT,2026-05-18 04:00:48,0.06,115.502,0.0,0.0,converted_from_iso8601_offset_to_utc_naive,0,0.0,0.0,0.0,OMEGA_PARTIAL_CL,187421132
193181994,187422673,GBPJPY,0,0.0,3,EXPERT,2026-05-18 04:02:45,0.18,211.489,0.0,0.0,converted_from_iso8601_offset_to_utc_naive,0,0.0,0.0,0.0,OV2|da80c1|H4|S,187422673
193182436,187422951,GER40,0,0.0,3,EXPERT,2026-05-18 04:02:56,0.17,23770.9,0.0,0.0,converted_from_iso8601_offset_to_utc_naive,0,0.0,0.0,0.0,OV2|2d2140|M15|S,187422951
193186504,187422951,GER40,1,-1.39,4,SL,2026-05-18 04:06:11,0.17,23777.9,0.0,0.0,converted_from_iso8601_offset_to_utc_naive,0,0.0,0.0,0.0,[sl 23776.85],187425578
193190210,187396898,EURUSD,1,0.0,4,SL,2026-05-18 04:09:55,0.19,1.16141,0.0,0.0,converted_from_iso8601_offset_to_utc_naive,0,0.0,0.0,0.0,[sl 1.16141],187427940
193190326,187392458,NZDUSD,1,0.0,4,SL,2026-05-18 04:09:57,0.15,0.58301,0.0,0.0,converted_from_iso8601_offset_to_utc_naive,0,0.0,0.0,0.0,[sl 0.58301],187427990
193192412,187429404,XAUUSD,0,0.0,3,EXPERT,2026-05-18 04:12:01,0.05,4503.96,0.0,0.0,converted_from_iso8601_offset_to_utc_naive,0,0.0,0.0,0.0,OV2|6a6ded|M15|S,187429404
193192741,187429623,DOGUSD,0,0.0,3,EXPERT,2026-05-18 04:12:26,0.1,0.10649,0.0,0.0,converted_from_iso8601_offset_to_utc_naive,0,0.0,0.0,0.0,OV2|bb9ba9|H1|S,187429623
193194428,187430714,USOIL+,0,0.0,3,EXPERT,2026-05-18 04:14:58,0.1,103.12,0.0,0.0,converted_from_iso8601_offset_to_utc_naive,0,0.0,0.0,0.0,OV2|b46585|M15|B,187430714
193198266,187433300,USDCAD,0,0.0,3,EXPERT,2026-05-18 04:20:45,0.2,1.376,0.0,0.0,converted_from_iso8601_offset_to_utc_naive,0,0.0,0.0,0.0,OV2|52c7a4|H1|B,187433300
193199432,187430714,USOIL+,1,0.99,3,EXPERT,2026-05-18 04:22:34,0.03,103.45,0.0,0.0,converted_from_iso8601_offset_to_utc_naive,0,0.0,0.0,0.0,OMEGA_PARTIAL_CL,187434111
193199433,187433300,USDCAD,1,-5.12,3,EXPERT,2026-05-18 04:22:34,0.2,1.37565,0.0,0.0,converted_from_iso8601_offset_to_utc_naive,0,0.0,0.0,0.0,OMEGA_PARTIAL_CL,187434112
193200726,187429404,XAUUSD,1,-12.2,4,SL,2026-05-18 04:24:13,0.05,4506.4,0.0,0.0,converted_from_iso8601_offset_to_utc_naive,0,0.0,0.0,0.0,[sl 4506.13],187435003
193203323,187436683,SOLUSD,0,0.0,3,EXPERT,2026-05-18 04:26:30,0.1,84.788,0.0,0.0,converted_from_iso8601_offset_to_utc_naive,0,0.0,0.0,0.0,OV2|bf0424|H1|S,187436683
193204502,187437438,GER40,0,0.0,3,EXPERT,2026-05-18 04:27:40,0.15,23711.9,0.0,0.0,converted_from_iso8601_offset_to_utc_naive,0,0.0,0.0,0.0,OV2|205a3d|M15|S,187437438
193204723,187437438,GER40,1,-1.06,4,SL,2026-05-18 04:28:03,0.15,23717.9,0.0,0.0,converted_from_iso8601_offset_to_utc_naive,0,0.0,0.0,0.0,[sl 23717.90],187437600
193204839,187422673,GBPJPY,1,-0.11,4,SL,2026-05-18 04:28:19,0.18,211.49,0.0,0.0,converted_from_iso8601_offset_to_utc_naive,0,0.0,0.0,0.0,[sl 211.489],187437687
193206023,187438547,USDCAD,0,0.0,3,EXPERT,2026-05-18 04:30:31,0.2,1.37594,0.0,0.0,converted_from_iso8601_offset_to_utc_naive,0,0.0,0.0,0.0,OV2|219282|H1|B,187438547
193206856,187438547,USDCAD,1,-3.22,4,SL,2026-05-18 04:31:52,0.2,1.37572,0.0,0.0,converted_from_iso8601_offset_to_utc_naive,0,0.0,0.0,0.0,[sl 1.37572],187439148
193208902,187440512,EURUSD,0,0.0,3,EXPERT,2026-05-18 04:34:32,0.23,1.16141,0.0,0.0,converted_from_iso8601_offset_to_utc_naive,0,0.0,0.0,0.0,OV2|de494c|H1|S,187440512
193210137,187381955,USDCHF,1,-0.19,4,SL,2026-05-18 04:35:44,0.15,0.787,0.0,0.0,converted_from_iso8601_offset_to_utc_naive,0,0.0,0.0,0.0,[sl 0.78701],187441330
193210418,187441527,XRPUSD,0,0.0,3,EXPERT,2026-05-18 04:36:04,0.1,1.3866,0.0,0.0,converted_from_iso8601_offset_to_utc_naive,0,0.0,0.0,0.0,OV2|a0dc8b|H1|S,187441527
193210456,187436683,SOLUSD,1,-0.01,4,SL,2026-05-18 04:36:11,0.1,84.921,0.0,0.0,converted_from_iso8601_offset_to_utc_naive,0,0.0,0.0,0.0,[sl 84.913],187441548
193214146,187443899,USDCAD,0,0.0,3,EXPERT,2026-05-18 04:39:59,0.18,1.37588,0.0,0.0,converted_from_iso8601_offset_to_utc_naive,0,0.0,0.0,0.0,OV2|b60dca|H1|B,187443899
193215068,187444501,XAUUSD,0,0.0,3,EXPERT,2026-05-18 04:42:20,0.05,4508.1,0.0,0.0,converted_from_iso8601_offset_to_utc_naive,0,0.0,0.0,0.0,OV2|324ed1|H1|S,187444501
193215273,187444501,XAUUSD,1,-12.5,4,SL,2026-05-18 04:42:46,0.05,4510.6,0.0,0.0,converted_from_iso8601_offset_to_utc_naive,0,0.0,0.0,0.0,[sl 4510.60],187444675
193215449,187444795,NZDUSD,0,0.0,3,EXPERT,2026-05-18 04:43:01,0.2,0.58275,0.0,0.0,converted_from_iso8601_offset_to_utc_naive,0,0.0,0.0,0.0,OV2|6a76b0|H1|S,187444795
193216728,187430714,USOIL+,1,-0.07,4,SL,2026-05-18 04:45:03,0.07,103.11,0.0,0.0,converted_from_iso8601_offset_to_utc_naive,0,0.0,0.0,0.0,[sl 103.12],187445818
193220943,187441527,XRPUSD,1,-0.38,4,SL,2026-05-18 04:48:11,0.1,1.3904,0.0,0.0,converted_from_iso8601_offset_to_utc_naive,0,0.0,0.0,0.0,[sl 1.39012],187448533
193221617,187440512,EURUSD,1,-5.06,4,SL,2026-05-18 04:48:26,0.23,1.16163,0.0,0.0,converted_from_iso8601_offset_to_utc_naive,0,0.0,0.0,0.0,[sl 1.16163],187448952
193221618,187444795,NZDUSD,1,-5.4,4,SL,2026-05-18 04:48:26,0.2,0.58302,0.0,0.0,converted_from_iso8601_offset_to_utc_naive,0,0.0,0.0,0.0,[sl 0.58301],187448953
193224229,187443899,USDCAD,1,-2.64,4,SL,2026-05-18 04:51:20,0.18,1.37568,0.0,0.0,converted_from_iso8601_offset_to_utc_naive,0,0.0,0.0,0.0,[sl 1.37568],187450685
193226039,187451848,GBPJPY,0,0.0,3,EXPERT,2026-05-18 04:52:15,0.21,211.54,0.0,0.0,converted_from_iso8601_offset_to_utc_naive,0,0.0,0.0,0.0,OV2|8da890|M15|B,187451848
193226570,187429623,DOGUSD,1,-0.02,4,SL,2026-05-18 04:52:58,0.1,0.10671,0.0,0.0,converted_from_iso8601_offset_to_utc_naive,0,0.0,0.0,0.0,[sl 0.10670],187452201
193227481,187452891,GER40,0,0.0,3,EXPERT,2026-05-18 04:54:09,0.11,23756.4,0.0,0.0,converted_from_iso8601_offset_to_utc_naive,0,0.0,0.0,0.0,OV2|1388c0|M15|S,187452891
193231139,187455643,DOGUSD,0,0.0,3,EXPERT,2026-05-18 05:00:41,0.1,0.10653,0.0,0.0,converted_from_iso8601_offset_to_utc_naive,0,0.0,0.0,0.0,OV2|46b409|H1|S,187455643
193231228,187455705,EURUSD,0,0.0,3,EXPERT,2026-05-18 05:00:53,0.24,1.16156,0.0,0.0,converted_from_iso8601_offset_to_utc_naive,0,0.0,0.0,0.0,OV2|6754d2|H1|S,187455705
193231389,187455809,USOIL+,0,0.0,3,EXPERT,2026-05-18 05:01:06,0.1,102.93,0.0,0.0,converted_from_iso8601_offset_to_utc_naive,0,0.0,0.0,0.0,OV2|205eef|H1|B,187455809
193232445,187456468,USDCHF,0,0.0,3,EXPERT,2026-05-18 05:02:11,0.18,0.78726,0.0,0.0,converted_from_iso8601_offset_to_utc_naive,0,0.0,0.0,0.0,OV2|8dbd18|H1|B,187456468
193234718,187452891,GER40,1,0.82,3,EXPERT,2026-05-18 05:05:18,0.03,23732.9,0.0,0.0,converted_from_iso8601_offset_to_utc_naive,0,0.0,0.0,0.0,OMEGA_PARTIAL_CL,187457978
193234719,187455643,DOGUSD,1,-0.05,3,EXPERT,2026-05-18 05:05:18,0.1,0.10701,0.0,0.0,converted_from_iso8601_offset_to_utc_naive,0,0.0,0.0,0.0,OMEGA_PARTIAL_CL,187457979
193234776,187451848,GBPJPY,1,-3.32,4,SL,2026-05-18 05:05:24,0.21,211.515,0.0,0.0,converted_from_iso8601_offset_to_utc_naive,0,0.0,0.0,0.0,[sl 211.516],187458010
193235794,187456468,USDCHF,1,-0.23,4,SL,2026-05-18 05:07:55,0.18,0.78725,0.0,0.0,converted_from_iso8601_offset_to_utc_naive,0,0.0,0.0,0.0,[sl 0.78726],187458667
193236282,187458988,BTCUSD,0,0.0,3,EXPERT,2026-05-18 05:09:11,0.09,77147.65,0.0,0.0,converted_from_iso8601_offset_to_utc_naive,0,0.0,0.0,0.0,OV2|b39f2f|H1|S,187458988
193236660,187459276,GBPJPY,0,0.0,3,EXPERT,2026-05-18 05:11:33,0.25,211.538,0.0,0.0,converted_from_iso8601_offset_to_utc_naive,0,0.0,0.0,0.0,OV2|e2dd98|M15|B,187459276
193236931,187455705,EURUSD,1,-3.12,4,SL,2026-05-18 05:11:57,0.24,1.1616900000000001,0.0,0.0,converted_from_iso8601_offset_to_utc_naive,0,0.0,0.0,0.0,[sl 1.16169],187459450
193237468,187458988,BTCUSD,1,-1.9100000000000001,4,SL,2026-05-18 05:12:33,0.09,77168.85,0.0,0.0,converted_from_iso8601_offset_to_utc_naive,0,0.0,0.0,0.0,[sl 77162.65],187459812
193239102,187452891,GER40,1,0.0,4,SL,2026-05-18 05:15:08,0.08,23756.4,0.0,0.0,converted_from_iso8601_offset_to_utc_naive,0,0.0,0.0,0.0,[sl 23756.40],187460916
193239382,187455809,USOIL+,1,-1.2,4,SL,2026-05-18 05:15:56,0.1,102.81,0.0,0.0,converted_from_iso8601_offset_to_utc_naive,0,0.0,0.0,0.0,[sl 102.81],187461095
193240208,187461649,ETHUSD,0,0.0,3,EXPERT,2026-05-18 05:18:04,0.1,2118.934,0.0,0.0,converted_from_iso8601_offset_to_utc_naive,0,0.0,0.0,0.0,OV2|033608|H1|S,187461649
193240333,187461649,ETHUSD,1,-0.15,4,SL,2026-05-18 05:18:27,0.1,2120.445,0.0,0.0,converted_from_iso8601_offset_to_utc_naive,0,0.0,0.0,0.0,[sl 2120.434],187461724
193241179,187462331,NZDUSD,0,0.0,3,EXPERT,2026-05-18 05:21:08,0.15,0.58311,0.0,0.0,converted_from_iso8601_offset_to_utc_naive,0,0.0,0.0,0.0,OV2|8d7eac|H1|S,187462331
193241938,187462331,NZDUSD,1,-3.45,4,SL,2026-05-18 05:23:29,0.15,0.58334,0.0,0.0,converted_from_iso8601_offset_to_utc_naive,0,0.0,0.0,0.0,[sl 0.58333],187462860
193243910,187464173,GER40,0,0.0,3,EXPERT,2026-05-18 05:27:44,0.18,23760.9,0.0,0.0,converted_from_iso8601_offset_to_utc_naive,0,0.0,0.0,0.0,OV2|0cf632|M15|S,187464173
193244073,187464277,XRPUSD,0,0.0,3,EXPERT,2026-05-18 05:28:09,0.1,1.39775,0.0,0.0,converted_from_iso8601_offset_to_utc_naive,0,0.0,0.0,0.0,OV2|27a6ff|H1|S,187464277
193244404,187464509,USOIL+,0,0.0,3,EXPERT,2026-05-18 05:29:32,0.1,102.9,0.0,0.0,converted_from_iso8601_offset_to_utc_naive,0,0.0,0.0,0.0,OV2|6b6799|H1|B,187464509
193245997,187464509,USOIL+,1,-1.5,4,SL,2026-05-18 05:31:17,0.1,102.75,0.0,0.0,converted_from_iso8601_offset_to_utc_naive,0,0.0,0.0,0.0,[sl 102.75],187465616
193247441,187466596,USOIL+,0,0.0,3,EXPERT,2026-05-18 05:33:45,0.1,102.87,0.0,0.0,converted_from_iso8601_offset_to_utc_naive,0,0.0,0.0,0.0,OV2|fe9a38|H1|B,187466596
193247952,187459276,GBPJPY,1,0.0,4,SL,2026-05-18 05:35:48,0.25,211.538,0.0,0.0,converted_from_iso8601_offset_to_utc_naive,0,0.0,0.0,0.0,[sl 211.538],187466958
193247985,187466979,DOGUSD,0,0.0,3,EXPERT,2026-05-18 05:35:52,0.1,0.10647,0.0,0.0,converted_from_iso8601_offset_to_utc_naive,0,0.0,0.0,0.0,OV2|f631fa|H1|S,187466979
193248317,187467217,GBPUSD,0,0.0,3,EXPERT,2026-05-18 05:36:45,0.22,1.3313,0.0,0.0,converted_from_iso8601_offset_to_utc_naive,0,0.0,0.0,0.0,OV2|0ccc0c|H1|S,187467217
193249598,187464173,GER40,1,1.17,3,EXPERT,2026-05-18 05:39:31,0.04,23735.4,0.0,0.0,converted_from_iso8601_offset_to_utc_naive,0,0.0,0.0,0.0,OMEGA_PARTIAL_CL,187468102
193249600,187464277,XRPUSD,1,0.39,3,EXPERT,2026-05-18 05:39:32,0.1,1.3939,0.0,0.0,converted_from_iso8601_offset_to_utc_naive,0,0.0,0.0,0.0,OMEGA_PARTIAL_CL,187468103
193249601,187466979,DOGUSD,1,-0.03,3,EXPERT,2026-05-18 05:39:32,0.1,0.10673,0.0,0.0,converted_from_iso8601_offset_to_utc_naive,0,0.0,0.0,0.0,OMEGA_PARTIAL_CL,187468104
193250074,187466596,USOIL+,1,-1.4,4,SL,2026-05-18 05:40:39,0.1,102.73,0.0,0.0,converted_from_iso8601_offset_to_utc_naive,0,0.0,0.0,0.0,[sl 102.73],187468433
193251740,187469512,USOIL+,0,0.0,3,EXPERT,2026-05-18 05:44:34,0.1,102.82,0.0,0.0,converted_from_iso8601_offset_to_utc_naive,0,0.0,0.0,0.0,OV2|493bd7|H1|B,187469512
193251810,187469554,USDCAD,0,0.0,3,EXPERT,2026-05-18 05:44:48,0.2,1.3757,0.0,0.0,converted_from_iso8601_offset_to_utc_naive,0,0.0,0.0,0.0,OV2|014d58|H1|B,187469554
193252265,187469894,GBPJPY,0,0.0,3,EXPERT,2026-05-18 05:46:18,0.25,211.521,0.0,0.0,converted_from_iso8601_offset_to_utc_naive,0,0.0,0.0,0.0,OV2|ce0972|H4|S,187469894
193252837,187470286,XAUUSD,0,0.0,3,EXPERT,2026-05-18 05:46:55,0.04,4541.08,0.0,0.0,converted_from_iso8601_offset_to_utc_naive,0,0.0,0.0,0.0,OV2|33f315|H1|S,187470286
193253785,187469894,GBPJPY,1,-5.22,4,SL,2026-05-18 05:48:24,0.25,211.554,0.0,0.0,converted_from_iso8601_offset_to_utc_naive,0,0.0,0.0,0.0,[sl 211.554],187470912
193255577,187472072,NZDUSD,0,0.0,3,EXPERT,2026-05-18 05:51:44,0.2,0.5831,0.0,0.0,converted_from_iso8601_offset_to_utc_naive,0,0.0,0.0,0.0,OV2|5b78d1|H1|S,187472072
193255832,187464173,GER40,1,9.61,5,TP,2026-05-18 05:52:20,0.14,23701.4,0.0,0.0,converted_from_iso8601_offset_to_utc_naive,0,0.0,0.0,0.0,[tp 23701.86],187472231
193256520,187472742,XRPUSD,0,0.0,3,EXPERT,2026-05-18 05:54:02,0.1,1.38895,0.0,0.0,converted_from_iso8601_offset_to_utc_naive,0,0.0,0.0,0.0,OV2|5a10cf|H1|S,187472742
193256772,187469512,USOIL+,1,-1.2,4,SL,2026-05-18 05:55:02,0.1,102.7,0.0,0.0,converted_from_iso8601_offset_to_utc_naive,0,0.0,0.0,0.0,[sl 102.70],187472875
193257185,187467217,GBPUSD,1,3.54,3,EXPERT,2026-05-18 05:56:20,0.06,1.33071,0.0,0.0,converted_from_iso8601_offset_to_utc_naive,0,0.0,0.0,0.0,OMEGA_PARTIAL_CL,187473158
193257186,187467217,GBPUSD,1,2.36,3,EXPERT,2026-05-18 05:56:20,0.04,1.33071,0.0,0.0,converted_from_iso8601_offset_to_utc_naive,0,0.0,0.0,0.0,OMEGA_PARTIAL_CL,187473160
193257189,187469554,USDCAD,1,0.8,3,EXPERT,2026-05-18 05:56:20,0.05,1.37592,0.0,0.0,converted_from_iso8601_offset_to_utc_naive,0,0.0,0.0,0.0,OMEGA_PARTIAL_CL,187473161
193257190,187470286,XAUUSD,1,9.47,3,EXPERT,2026-05-18 05:56:20,0.01,4531.61,0.0,0.0,converted_from_iso8601_offset_to_utc_naive,0,0.0,0.0,0.0,OMEGA_PARTIAL_CL,187473163
193257191,187472742,XRPUSD,1,-0.23,3,EXPERT,2026-05-18 05:56:20,0.1,1.3912499999999999,0.0,0.0,converted_from_iso8601_offset_to_utc_naive,0,0.0,0.0,0.0,OMEGA_PARTIAL_CL,187473164
193257521,187472072,NZDUSD,1,-3.6,4,SL,2026-05-18 05:58:04,0.2,0.58328,0.0,0.0,converted_from_iso8601_offset_to_utc_naive,0,0.0,0.0,0.0,[sl 0.58328],187473389
193257547,187473406,GBPJPY,0,0.0,3,EXPERT,2026-05-18 05:58:13,0.25,211.514,0.0,0.0,converted_from_iso8601_offset_to_utc_naive,0,0.0,0.0,0.0,OV2|c525f4|M15|B,187473406
193257864,187469554,USDCAD,1,0.0,4,SL,2026-05-18 06:00:04,0.15,1.3757,0.0,0.0,converted_from_iso8601_offset_to_utc_naive,0,0.0,0.0,0.0,[sl 1.37570],187473967
193259473,187473406,GBPJPY,1,-5.38,4,SL,2026-05-18 06:05:37,0.25,211.48,0.0,0.0,converted_from_iso8601_offset_to_utc_naive,0,0.0,0.0,0.0,[sl 211.483],187475108
193261588,187476432,USOIL+,0,0.0,3,EXPERT,2026-05-18 06:09:29,0.1,102.88,0.0,0.0,converted_from_iso8601_offset_to_utc_naive,0,0.0,0.0,0.0,OV2|bb2f55|H1|B,187476432
193262025,187476750,GER40,0,0.0,3,EXPERT,2026-05-18 06:11:27,0.18,23719.4,0.0,0.0,converted_from_iso8601_offset_to_utc_naive,0,0.0,0.0,0.0,OV2|fe2a00|M15|S,187476750
193262207,187476885,GBPJPY,0,0.0,3,EXPERT,2026-05-18 06:12:12,0.25,211.54,0.0,0.0,converted_from_iso8601_offset_to_utc_naive,0,0.0,0.0,0.0,OV2|a9119c|M15|B,187476885
193263878,187478035,NZDUSD,0,0.0,3,EXPERT,2026-05-18 06:17:51,0.19,0.58328,0.0,0.0,converted_from_iso8601_offset_to_utc_naive,0,0.0,0.0,0.0,OV2|bbd5d6|H1|S,187478035
193263980,187478107,XRPUSD,0,0.0,3,EXPERT,2026-05-18 06:18:33,0.1,1.39215,0.0,0.0,converted_from_iso8601_offset_to_utc_naive,0,0.0,0.0,0.0,OV2|c7ee15|H1|S,187478107
193264422,187476432,USOIL+,1,-1.1,4,SL,2026-05-18 06:20:12,0.1,102.77,0.0,0.0,converted_from_iso8601_offset_to_utc_naive,0,0.0,0.0,0.0,[sl 102.77],187478401
193264708,187476750,GER40,1,0.87,3,EXPERT,2026-05-18 06:22:31,0.04,23700.4,0.0,0.0,converted_from_iso8601_offset_to_utc_naive,0,0.0,0.0,0.0,OMEGA_PARTIAL_CL,187478586
193264889,187478035,NZDUSD,1,-3.04,4,SL,2026-05-18 06:22:58,0.19,0.58344,0.0,0.0,converted_from_iso8601_offset_to_utc_naive,0,0.0,0.0,0.0,[sl 0.58344],187478697
193266872,187479978,BTCUSD,0,0.0,3,EXPERT,2026-05-18 06:27:06,0.1,76883.46,0.0,0.0,converted_from_iso8601_offset_to_utc_naive,0,0.0,0.0,0.0,OV2|84f70b|H1|S,187479978
193266893,187479978,BTCUSD,1,-1.87,4,SL,2026-05-18 06:27:09,0.1,76902.11,0.0,0.0,converted_from_iso8601_offset_to_utc_naive,0,0.0,0.0,0.0,[sl 76898.46],187479993
193266979,187467217,GBPUSD,1,0.0,4,SL,2026-05-18 06:27:34,0.12,1.3313,0.0,0.0,converted_from_iso8601_offset_to_utc_naive,0,0.0,0.0,0.0,[sl 1.33130],187480045
193268161,187476750,GER40,1,0.0,4,SL,2026-05-18 06:29:34,0.14,23719.4,0.0,0.0,converted_from_iso8601_offset_to_utc_naive,0,0.0,0.0,0.0,[sl 23719.40],187480824
193268978,187481418,DOGUSD,0,0.0,3,EXPERT,2026-05-18 06:30:58,0.1,0.10634,0.0,0.0,converted_from_iso8601_offset_to_utc_naive,0,0.0,0.0,0.0,OV2|00c14d|H1|S,187481418
193269028,187481418,DOGUSD,1,-0.04,3,EXPERT,2026-05-18 06:31:03,0.1,0.10671,0.0,0.0,converted_from_iso8601_offset_to_utc_naive,0,0.0,0.0,0.0,OMEGA_PARTIAL_CL,187481448
193269390,187476885,GBPJPY,1,-0.16,4,SL,2026-05-18 06:32:05,0.25,211.539,0.0,0.0,converted_from_iso8601_offset_to_utc_naive,0,0.0,0.0,0.0,[sl 211.540],187481703
193272966,187483962,GBPUSD,0,0.0,3,EXPERT,2026-05-18 06:37:30,0.22,1.33114,0.0,0.0,converted_from_iso8601_offset_to_utc_naive,0,0.0,0.0,0.0,OV2|9f68b8|H1|S,187483962
193274154,187483962,GBPUSD,1,-3.52,4,SL,2026-05-18 06:41:38,0.22,1.3313,0.0,0.0,converted_from_iso8601_offset_to_utc_naive,0,0.0,0.0,0.0,[sl 1.33129],187484783
193274156,187478107,XRPUSD,1,-0.01,4,SL,2026-05-18 06:41:38,0.1,1.39225,0.0,0.0,converted_from_iso8601_offset_to_utc_naive,0,0.0,0.0,0.0,[sl 1.39223],187484785
193275480,187470286,XAUUSD,1,-0.09,4,SL,2026-05-18 06:43:59,0.03,4541.11,0.0,0.0,converted_from_iso8601_offset_to_utc_naive,0,0.0,0.0,0.0,[sl 4541.08],187485693
193279026,187487922,BTCUSD,0,0.0,3,EXPERT,2026-05-18 06:46:54,0.1,76930.38,0.0,0.0,converted_from_iso8601_offset_to_utc_naive,0,0.0,0.0,0.0,OV2|10a4ea|H1|S,187487922
193279269,187487922,BTCUSD,1,-1.58,4,SL,2026-05-18 06:47:17,0.1,76946.13,0.0,0.0,converted_from_iso8601_offset_to_utc_naive,0,0.0,0.0,0.0,[sl 76945.38],187488080
193279682,187488395,GBPJPY,0,0.0,3,EXPERT,2026-05-18 06:48:39,0.25,211.66,0.0,0.0,converted_from_iso8601_offset_to_utc_naive,0,0.0,0.0,0.0,OV2|c799e7|M15|B,187488395
193280608,187489020,USOIL+,0,0.0,3,EXPERT,2026-05-18 06:50:26,0.1,102.82,0.0,0.0,converted_from_iso8601_offset_to_utc_naive,0,0.0,0.0,0.0,OV2|5d58ff|H1|B,187489020
193281647,187488395,GBPJPY,1,-4.59,4,SL,2026-05-18 06:51:50,0.25,211.631,0.0,0.0,converted_from_iso8601_offset_to_utc_naive,0,0.0,0.0,0.0,[sl 211.632],187489790
193282208,187490141,USDCAD,0,0.0,3,EXPERT,2026-05-18 06:52:38,0.14,1.37539,0.0,0.0,converted_from_iso8601_offset_to_utc_naive,0,0.0,0.0,0.0,OV2|128855|H4|B,187490141
193282443,187490305,AUDJPY,0,0.0,3,EXPERT,2026-05-18 06:54:07,0.16,113.368,0.0,0.0,converted_from_iso8601_offset_to_utc_naive,0,0.0,0.0,0.0,OV2|2698a9|H4|S,187490305
193282480,187490334,NZDUSD,0,0.0,3,EXPERT,2026-05-18 06:54:29,0.18,0.58373,0.0,0.0,converted_from_iso8601_offset_to_utc_naive,0,0.0,0.0,0.0,OV2|41183d|H1|S,187490334
193282845,187490305,AUDJPY,1,-8.4,4,SL,2026-05-18 06:56:49,0.16,113.451,0.0,0.0,converted_from_iso8601_offset_to_utc_naive,0,0.0,0.0,0.0,[sl 113.446],187490606
193282958,187403392,USDJPY,1,17.67,5,TP,2026-05-18 06:56:54,0.14,159.055,0.0,0.0,converted_from_iso8601_offset_to_utc_naive,0,0.0,0.0,0.0,[tp 159.055],187490664
193283062,187489020,USOIL+,1,-0.9,3,EXPERT,2026-05-18 06:57:40,0.1,102.73,0.0,0.0,converted_from_iso8601_offset_to_utc_naive,0,0.0,0.0,0.0,OMEGA_PARTIAL_CL,187490741
193283063,187490141,USDCAD,1,-2.57,3,EXPERT,2026-05-18 06:57:40,0.14,1.37514,0.0,0.0,converted_from_iso8601_offset_to_utc_naive,0,0.0,0.0,0.0,OMEGA_PARTIAL_CL,187490742
193283065,187490334,NZDUSD,1,-7.38,3,EXPERT,2026-05-18 06:57:40,0.18,0.58414,0.0,0.0,converted_from_iso8601_offset_to_utc_naive,0,0.0,0.0,0.0,OMEGA_PARTIAL_CL,187490743
193284048,187491821,USDCAD,0,0.0,3,EXPERT,2026-05-18 07:00:44,0.14,1.37533,0.0,0.0,converted_from_iso8601_offset_to_utc_naive,0,0.0,0.0,0.0,OV2|12b574|H4|B,187491821
193285274,187492640,XRPUSD,0,0.0,3,EXPERT,2026-05-18 07:02:29,0.1,1.3921000000000001,0.0,0.0,converted_from_iso8601_offset_to_utc_naive,0,0.0,0.0,0.0,OV2|b24b2a|H1|S,187492640
193285614,187492876,DOGUSD,0,0.0,3,EXPERT,2026-05-18 07:02:59,0.1,0.10632,0.0,0.0,converted_from_iso8601_offset_to_utc_naive,0,0.0,0.0,0.0,OV2|c92b9f|H1|S,187492876
193285822,187493013,XAUUSD,0,0.0,3,EXPERT,2026-05-18 07:03:55,0.05,4546.58,0.0,0.0,converted_from_iso8601_offset_to_utc_naive,0,0.0,0.0,0.0,OV2|6d876c|M15|B,187493013
193286025,187493013,XAUUSD,1,-12.15,4,SL,2026-05-18 07:04:13,0.05,4544.15,0.0,0.0,converted_from_iso8601_offset_to_utc_naive,0,0.0,0.0,0.0,[sl 4544.17],187493133
193287867,187491821,USDCAD,1,-2.15,3,EXPERT,2026-05-18 07:06:48,0.14,1.37512,0.0,0.0,converted_from_iso8601_offset_to_utc_naive,0,0.0,0.0,0.0,OMEGA_PARTIAL_CL,187494308
193287868,187492876,DOGUSD,1,-0.03,3,EXPERT,2026-05-18 07:06:49,0.1,0.10666,0.0,0.0,converted_from_iso8601_offset_to_utc_naive,0,0.0,0.0,0.0,OMEGA_PARTIAL_CL,187494309
193288721,187492640,XRPUSD,1,-0.24,4,SL,2026-05-18 07:10:12,0.1,1.3945,0.0,0.0,converted_from_iso8601_offset_to_utc_naive,0,0.0,0.0,0.0,[sl 1.39440],187494860
193289628,187495467,USOIL+,0,0.0,3,EXPERT,2026-05-18 07:14:28,0.08,102.71,0.0,0.0,converted_from_iso8601_offset_to_utc_naive,0,0.0,0.0,0.0,OV2|429a77|H1|B,187495467
193290050,187495467,USOIL+,1,-0.64,4,SL,2026-05-18 07:16:15,0.08,102.63,0.0,0.0,converted_from_iso8601_offset_to_utc_naive,0,0.0,0.0,0.0,[sl 102.63],187495775
193290330,187495974,USOIL+,0,0.0,3,EXPERT,2026-05-18 07:17:49,0.09,102.77,0.0,0.0,converted_from_iso8601_offset_to_utc_naive,0,0.0,0.0,0.0,OV2|60a43e|H1|B,187495974
193290400,187496029,XRPUSD,0,0.0,3,EXPERT,2026-05-18 07:18:04,0.1,1.3916,0.0,0.0,converted_from_iso8601_offset_to_utc_naive,0,0.0,0.0,0.0,OV2|be6bab|H1|S,187496029
193290969,187496454,BTCUSD,0,0.0,3,EXPERT,2026-05-18 07:21:36,0.09,76882.48,0.0,0.0,converted_from_iso8601_offset_to_utc_naive,0,0.0,0.0,0.0,OV2|a0ae28|H1|S,187496454
193291219,187496454,BTCUSD,1,-1.49,4,SL,2026-05-18 07:22:06,0.09,76899.0,0.0,0.0,converted_from_iso8601_offset_to_utc_naive,0,0.0,0.0,0.0,[sl 76897.48],187496613
193291817,187497005,USDJPY,0,0.0,3,EXPERT,2026-05-18 07:23:42,0.25,159.029,0.0,0.0,converted_from_iso8601_offset_to_utc_naive,0,0.0,0.0,0.0,OV2|ce17f6|H1|B,187497005
193293297,187496029,XRPUSD,1,0.41,3,EXPERT,2026-05-18 07:25:02,0.1,1.38755,0.0,0.0,converted_from_iso8601_offset_to_utc_naive,0,0.0,0.0,0.0,OMEGA_PARTIAL_CL,187497935
193295276,187499185,AUDJPY,0,0.0,3,EXPERT,2026-05-18 07:28:23,0.2,113.397,0.0,0.0,converted_from_iso8601_offset_to_utc_naive,0,0.0,0.0,0.0,OV2|e4301f|H4|S,187499185
193295406,187499262,XAGUSD,0,0.0,3,EXPERT,2026-05-18 07:28:31,0.01,75.114,0.0,0.0,converted_from_iso8601_offset_to_utc_naive,0,0.0,0.0,0.0,OV2|6b30f7|H1|S,187499262
193297159,187499262,XAGUSD,1,-12.5,4,SL,2026-05-18 07:30:18,0.01,75.364,0.0,0.0,converted_from_iso8601_offset_to_utc_naive,0,0.0,0.0,0.0,[sl 75.364],187500452
193298573,187497005,USDJPY,1,-7.76,4,SL,2026-05-18 07:32:14,0.25,158.98,0.0,0.0,converted_from_iso8601_offset_to_utc_naive,0,0.0,0.0,0.0,[sl 158.980],187501352
193298642,187495974,USOIL+,1,-0.09,4,SL,2026-05-18 07:32:25,0.09,102.76,0.0,0.0,converted_from_iso8601_offset_to_utc_naive,0,0.0,0.0,0.0,[sl 102.77],187501391
193302159,187503742,GBPJPY,0,0.0,3,EXPERT,2026-05-18 07:44:35,0.18,211.689,0.0,0.0,converted_from_iso8601_offset_to_utc_naive,0,0.0,0.0,0.0,OV2|757991|M15|B,187503742
193303013,187504342,USDJPY,0,0.0,3,EXPERT,2026-05-18 07:47:22,0.25,158.966,0.0,0.0,converted_from_iso8601_offset_to_utc_naive,0,0.0,0.0,0.0,OV2|73a55b|H1|B,187504342
193303059,187504366,XAGUSD,0,0.0,3,EXPERT,2026-05-18 07:47:38,0.01,75.307,0.0,0.0,converted_from_iso8601_offset_to_utc_naive,0,0.0,0.0,0.0,OV2|30277e|H1|S,187504366
193303143,187504430,GBPUSD,0,0.0,3,EXPERT,2026-05-18 07:48:20,0.22,1.33156,0.0,0.0,converted_from_iso8601_offset_to_utc_naive,0,0.0,0.0,0.0,OV2|28e33f|H1|S,187504430
193303683,187504342,USDJPY,1,0.0,4,SL,2026-05-18 07:51:29,0.25,158.966,0.0,0.0,converted_from_iso8601_offset_to_utc_naive,0,0.0,0.0,0.0,[sl 158.966],187504832
193303703,187504430,GBPUSD,1,-2.64,4,SL,2026-05-18 07:51:37,0.22,1.33168,0.0,0.0,converted_from_iso8601_offset_to_utc_naive,0,0.0,0.0,0.0,[sl 1.33167],187504847
193304149,187503742,GBPJPY,1,-4.1,4,SL,2026-05-18 07:52:22,0.18,211.653,0.0,0.0,converted_from_iso8601_offset_to_utc_naive,0,0.0,0.0,0.0,[sl 211.654],187505182
193307149,187504366,XAGUSD,1,-8.0,4,SL,2026-05-18 08:00:04,0.01,75.467,0.0,0.0,converted_from_iso8601_offset_to_utc_naive,0,0.0,0.0,0.0,[sl 75.462],187507788
193308543,187508707,GBPJPY,0,0.0,3,EXPERT,2026-05-18 08:02:09,0.25,211.715,0.0,0.0,converted_from_iso8601_offset_to_utc_naive,0,0.0,0.0,0.0,OV2|47c610|M15|B,187508707
193308582,187508732,USDJPY,0,0.0,3,EXPERT,2026-05-18 08:02:20,0.25,159.002,0.0,0.0,converted_from_iso8601_offset_to_utc_naive,0,0.0,0.0,0.0,OV2|28836e|H1|B,187508732
193308918,187508989,DOGUSD,0,0.0,3,EXPERT,2026-05-18 08:03:15,0.1,0.10649,0.0,0.0,converted_from_iso8601_offset_to_utc_naive,0,0.0,0.0,0.0,OV2|5aa70f|H1|S,187508989
193309051,187499185,AUDJPY,1,2.25,3,EXPERT,2026-05-18 08:03:35,0.2,113.379,0.0,0.0,converted_from_iso8601_offset_to_utc_naive,0,0.0,0.0,0.0,OMEGA_PARTIAL_CL,187509100
193309052,187508989,DOGUSD,1,-0.04,3,EXPERT,2026-05-18 08:03:35,0.1,0.10688,0.0,0.0,converted_from_iso8601_offset_to_utc_naive,0,0.0,0.0,0.0,OMEGA_PARTIAL_CL,187509103
193309066,187508707,GBPJPY,1,-6.02,4,SL,2026-05-18 08:03:37,0.25,211.677,0.0,0.0,converted_from_iso8601_offset_to_utc_naive,0,0.0,0.0,0.0,[sl 211.678],187509125
193309484,187508732,USDJPY,1,-3.79,4,SL,2026-05-18 08:04:44,0.25,158.978,0.0,0.0,converted_from_iso8601_offset_to_utc_naive,0,0.0,0.0,0.0,[sl 158.978],187509458
193366573,187393368,UKOIL+,1,0.0,4,SL,2026-05-18 10:23:32,0.05,106.37,0.0,0.0,converted_from_iso8601_offset_to_utc_naive,0,0.0,0.0,0.0,[sl 106.37],187550928
193572349,187411220,CADJPY,1,0.0,4,SL,2026-05-18 16:51:01,0.19,115.464,0.0,0.0,converted_from_iso8601_offset_to_utc_naive,0,0.0,0.0,0.0,[sl 115.464],187701310
